game_id,take_bet,take_bet_prob,take_bet_edge_decimal,take_bet_edge_pct,take_team,take_odds,value
2026_02_25_Tampa Bay Lightning_Toronto Maple Leafs,away_puck_line,0.368,0.2428526938648396,0.1559600000000001,Toronto Maple Leafs,-179.0,1.5
2026_02_25_Tampa Bay Lightning_Toronto Maple Leafs,under_total,0.6010255485256888,0.105407987565343,0.0633528935454492,under,-151.0,6.5
2026_02_25_Washington Capitals_Philadelphia Flyers,under_total,0.636336735917739,0.1977357673623359,0.1258265327775383,under,-175.0,6.5
2026_02_25_Utah Mammoth_Colorado Avalanche,over_total,0.6196236599980597,0.1268578880376476,0.0786041488855113,over,-163.0,5.5
2026_02_25_Vancouver Canucks_Winnipeg Jets,under_total,0.6475746504829084,0.2250072588535772,0.1457089970082226,under,-184.0,6.5
