game_id,take_bet,take_bet_prob,take_bet_edge_decimal,take_bet_edge_pct,take_team,take_odds,value
2026_03_01_Utah Mammoth_Chicago Blackhawks,under_total,0.6618712004160506,0.191368160748891,0.106315644860495,under,-196.0,6.5
2026_03_01_San Jose Sharks_Winnipeg Jets,under_total,0.6162436501838485,0.1297800253370555,0.070789104729303,under,-161.0,6.5
2026_03_01_San Jose Sharks_Winnipeg Jets,away_moneyline,0.571,0.0954723036137852,0.0520758019711555,Winnipeg Jets,-148.0,0.571
2026_03_01_Pittsburgh Penguins_Vegas Golden Knights,under_total,0.5842583677057348,0.0711403407938471,0.0388038222511892,under,-141.0,6.5
