game_id,take_bet,take_bet_prob,take_bet_edge_decimal,take_bet_edge_pct,take_team,take_odds,value
2026_02_27_Utah Mammoth_Minnesota Wild,away_puck_line,0.4947892831512824,0.5766179230164303,0.3991970236267594,Minnesota Wild,102.0,1.5
2026_02_27_Florida Panthers_Buffalo Sabres,away_puck_line,0.5307830214364238,0.4964121206827347,0.3577495171400714,Buffalo Sabres,-113.0,1.5
2026_02_27_Anaheim Ducks_Winnipeg Jets,away_puck_line,0.5384814947804657,0.4222914220613223,0.2943243244669822,Winnipeg Jets,-117.0,1.5
2026_02_27_Florida Panthers_Buffalo Sabres,away_moneyline,0.465,0.5536405529953916,0.2835719905586152,Buffalo Sabres,151.0,0.465
2026_02_27_Washington Capitals_Vegas Golden Knights,away_puck_line,0.5710269513722998,0.3808604561200193,0.2779251977092032,Vegas Golden Knights,-133.0,1.5
2026_02_27_Washington Capitals_Vegas Golden Knights,away_moneyline,0.5,0.3782190476190477,0.1937219512195122,Vegas Golden Knights,133.0,0.5
2026_02_27_Utah Mammoth_Minnesota Wild,away_moneyline,0.434,0.2307373271889399,0.1078211809294111,Minnesota Wild,137.0,0.434
2026_02_27_Anaheim Ducks_Winnipeg Jets,home_moneyline,0.529,0.1897484368183797,0.1072491164625624,Anaheim Ducks,-104.0,0.529
