game_id,take_bet,take_bet_prob,take_bet_edge_decimal,take_bet_edge_pct,take_team,take_odds,value
2026_02_27_Florida Panthers_Buffalo Sabres,away_puck_line,0.5501847241166269,0.4299744657482827,0.309869866377254,Buffalo Sabres,-122.0,1.5
2026_02_27_Utah Mammoth_Minnesota Wild,away_puck_line,0.5336446317163317,0.4294617855943647,0.2973196977191756,Minnesota Wild,-114.0,1.5
2026_02_27_Florida Panthers_Buffalo Sabres,away_moneyline,0.465,0.5536405529953916,0.2835719905586152,Buffalo Sabres,151.0,0.465
2026_02_27_Washington Capitals_Vegas Golden Knights,away_puck_line,0.5720677855414534,0.3776742237742121,0.2756001092406413,Vegas Golden Knights,-134.0,1.5
2026_02_27_Anaheim Ducks_Winnipeg Jets,away_puck_line,0.5538434625286992,0.3707817206805055,0.2584236235045947,Winnipeg Jets,-124.0,1.5
2026_02_27_Washington Capitals_Vegas Golden Knights,away_moneyline,0.5,0.3782190476190477,0.1937219512195122,Vegas Golden Knights,133.0,0.5
2026_02_27_Utah Mammoth_Minnesota Wild,away_moneyline,0.434,0.2307373271889399,0.1078211809294111,Minnesota Wild,137.0,0.434
