game_id,take_bet,take_bet_prob,take_bet_edge_decimal,take_bet_edge_pct,take_team,take_odds,value
2026_02_27_Utah Mammoth_Minnesota Wild,away_puck_line,0.519955110499456,0.4787985044313243,0.3314758876832245,Minnesota Wild,-108.0,1.5
2026_02_27_Florida Panthers_Buffalo Sabres,away_puck_line,0.5577795517406724,0.4052260841192094,0.2920344405104917,Buffalo Sabres,-126.0,1.5
2026_02_27_Florida Panthers_Buffalo Sabres,away_moneyline,0.465,0.5536405529953916,0.2835719905586152,Buffalo Sabres,151.0,0.465
2026_02_27_Anaheim Ducks_Winnipeg Jets,away_puck_line,0.5658695825772023,0.3324090389726843,0.23167902716278,Winnipeg Jets,-130.0,1.5
2026_02_27_Washington Capitals_Vegas Golden Knights,away_puck_line,0.6000703566333541,0.2961008841178845,0.2160736181400779,Vegas Golden Knights,-150.0,1.5
2026_02_27_Washington Capitals_Vegas Golden Knights,away_moneyline,0.5,0.3782190476190477,0.1937219512195122,Vegas Golden Knights,133.0,0.5
2026_02_27_Utah Mammoth_Minnesota Wild,away_moneyline,0.434,0.2307373271889399,0.1078211809294111,Minnesota Wild,137.0,0.434
2026_02_27_Anaheim Ducks_Winnipeg Jets,home_moneyline,0.529,0.1897484368183797,0.1072491164625624,Anaheim Ducks,-104.0,0.529
