game_id,market,home_team,away_team,lambda_home,lambda_away,home_win_prob,draw_prob,away_win_prob,over25_prob,btts_prob
2026_03_07_atalanta_udinese,seriea,Atalanta,Udinese,2.43,0.95,0.11723518498748906,0.1872241520918199,0.6955406629206909,0.6468330284600504,0.5551527536242159
2026_03_07_juventus_pisa,seriea,Juventus,Pisa,2.83,0.57,0.06088342359692703,0.1378236147838676,0.8012929616192054,0.6775574387428192,0.4777559846667223
