game_id,market,home_team,away_team,lambda_home,lambda_away,home_win_prob,draw_prob,away_win_prob,over25_prob,btts_prob
2026_03_07_atalanta_udinese,seriea,Atalanta,Udinese,2.43,0.95,0.6605930549188458,0.19756644696637432,0.14184049811478003,0.6592819249496962,0.5917134969769315
2026_03_07_juventus_pisa,seriea,Juventus,Pisa,2.83,0.57,0.8021337226674446,0.13714558328277443,0.06072069404978103,0.6800235763011693,0.47929242412767303
