game_id,market,home_team,away_team,lambda_home,lambda_away,home_win_prob,draw_prob,away_win_prob,over25_prob,btts_prob
2026_03_07_atalanta_udinese,seriea,Atalanta,Udinese,2.43,0.95,0.11794289572670338,0.18725492476537348,0.6948021795079231,0.6485273395908112,0.5573579255658646
2026_03_07_juventus_pisa,seriea,Juventus,Pisa,2.83,0.57,0.060842760830262264,0.13765378227392533,0.8015034568958124,0.6781749579795523,0.4781401844264223
