game_id,market,home_team,away_team,lambda_home,lambda_away,home_win_prob,draw_prob,away_win_prob,over25_prob,btts_prob
2026_03_09_espanyol_real_oviedo,laliga,Espanyol,Real Oviedo,1.62,0.92,0.23439660283512248,0.24834950597109387,0.5172458789497086,0.4855916092285809,0.5063631611906613
2026_03_09_lazio_sassuolo,seriea,Lazio,Sassuolo,1.84,1.23,0.4999928487457997,0.25125272055861936,0.2487544306955809,0.5874778110689012,0.6036534159216231
