game_id,market,home_team,away_team,lambda_home,lambda_away,home_win_prob,draw_prob,away_win_prob,over25_prob,btts_prob
2026_03_09_espanyol_real_oviedo,laliga,Espanyol,Real Oviedo,1.62,0.92,0.2255088251986099,0.24541833595329018,0.5290635953528129,0.4892290141769837,0.5054532157506488
2026_03_09_lazio_sassuolo,seriea,Lazio,Sassuolo,1.84,1.23,0.4954906733463567,0.2524292061418908,0.25208012051175227,0.5857102475603158,0.6036002259932823
