game_id,market,home_team,away_team,lambda_home,lambda_away,home_win_prob,draw_prob,away_win_prob,over25_prob,btts_prob
2026_03_09_espanyol_real_oviedo,laliga,Espanyol,Real Oviedo,1.62,0.92,0.5386548308213513,0.24787767493717325,0.21345939058021143,0.46706896303529044,0.48269727899328574
2026_03_09_lazio_sassuolo,seriea,Lazio,Sassuolo,1.84,1.23,0.24355661560303563,0.24913586591640166,0.5073075184805628,0.5916636692797405,0.6049496435214795
