game_id,market,home_team,away_team,lambda_home,lambda_away,home_win_prob,draw_prob,away_win_prob,over25_prob,btts_prob
2026_03_07_atalanta_udinese,seriea,Atalanta,Udinese,2.43,0.95,0.6617475148443146,0.19896099174321455,0.1392914934124708,0.6472913733153335,0.5796081015253792
2026_03_07_juventus_pisa,seriea,Juventus,Pisa,2.83,0.57,0.8024575188393458,0.13689806274276684,0.06064441841788715,0.6809460876475765,0.47996496264623706
