game_id,market,home_team,away_team,lambda_home,lambda_away,home_win_prob,draw_prob,away_win_prob,over25_prob,btts_prob
2026_03_09_espanyol_real_oviedo,laliga,Espanyol,Real Oviedo,1.62,0.92,0.5386548308213513,0.24787767493717325,0.21345939058021143,0.46706896303529044,0.48269727899328574
2026_03_09_lazio_sassuolo,seriea,Lazio,Sassuolo,1.84,1.23,0.4999928487457997,0.25125272055861936,0.2487544306955809,0.5874778110689012,0.6036534159216231
