game_id,market,home_team,away_team,lambda_home,lambda_away,home_win_prob,draw_prob,away_win_prob,over25_prob,btts_prob
2026_03_09_espanyol_real_oviedo,laliga,Espanyol,Real Oviedo,1.62,0.92,0.5445417286961244,0.2475399479391767,0.20791010871108195,0.46260740379364307,0.47652980299204434
2026_03_09_lazio_sassuolo,seriea,Lazio,Sassuolo,1.84,1.23,0.2481042809400649,0.25051267686720463,0.5013830421927304,0.5901156594558953,0.605483089030882
