game_id,sport,league,match_date,match_time,home_team,away_team,market,side,odds,american_odds,ev,kelly,model_prob,edge,model_prob_source,model_prob_underlying_source,ml_predictability,ml_predictability_source,ml_skip_prob,ml_skip_prob_source,ev_prob,ev_prob_source,kelly_prob,kelly_prob_source,fair_odds_prob,fair_odds_prob_source,fair_odds,edge_prob,edge_prob_source,edge_fair_odds,game_date,league_lower,market_type,take_bet,odds_decimal,odds_american,edge_pct,score_league,score_game_date,score_match_time,score_home_team,score_away_team,home_score,away_score,bet_result
33673481,soccer,bundesliga,2026_04_10,06:30 PM,Augsburg,Hoffenheim,btts,yes,1.499,-200,0.0910864679922343,0.1825380120084855,0.7278762294811436,0.0910864679922343,ml_btts_yes_prob,ml_btts_yes_prob,0.7192487161253732,ml_btts_predictability,0.2584752459512393,ml_btts_skip_prob,,,,,,,,,,,2026_04_10,bundesliga,btts,btts_yes,1.499,-200,0.0910864679922343,bundesliga,2026_04_10,02:30 PM,Augsburg,Hoffenheim,2.0,2.0,Win
33550037,soccer,epl,2026_04_10,08:00 PM,West Ham,Wolverhampton,match_odds,home,1.84,-119,0.0851300519338956,0.1013452999213042,0.5897445934423345,0.0851300519338955,engine_home_prob,ml_home_prob,0.6609536777959923,ml_1x2_predictability,0.2498758253594736,ml_1x2_skip_prob,0.5897445934423345,engine_home_prob,0.5897445934423345,engine_home_prob,0.5897445934423345,engine_home_prob,1.6956492880468947,0.5897445934423345,engine_home_prob,1.6956492880468947,2026_04_10,epl,match_odds,home,1.84,-119,0.0851300519338955,epl,2026_04_10,03:00 PM,West Ham,Wolverhampton,4.0,0.0,Win
33674548,soccer,laliga,2026_04_10,07:00 PM,Real Madrid,Girona,total25,under,2.845,185,0.0094750832094502,0.0051355464549866,0.3548242823231811,0.0094750832094502,ml_under25_prob,ml_under25_prob,0.5450701153403087,ml_over25_predictability,0.1511651332806457,ml_over25_skip_prob,,,,,,,,,,,2026_04_10,laliga,total25,under25,2.845,185,0.0094750832094502,laliga,2026_04_10,03:00 PM,Real Madrid,Girona,1.0,1.0,Win
33675934,soccer,ligue1,2026_04_10,05:00 PM,Paris FC,Monaco,btts,no,2.43,143,0.1871644059874567,0.1308841999912284,0.4885450230401056,0.1871644059874567,ml_btts_no_prob,ml_btts_no_prob,0.5268527358014606,ml_btts_predictability,0.4986843238327763,ml_btts_skip_prob,,,,,,,,,,,2026_04_10,ligue1,btts,btts_no,2.43,143,0.1871644059874567,ligue1,2026_04_10,01:00 PM,Paris FC,Monaco,4.0,1.0,Loss
33675935,soccer,ligue1,2026_04_10,07:05 PM,Marseille,Metz,match_odds,home,1.23,-435,0.0071236429182429,0.0309723605141003,0.8187997096896285,0.0071236429182428,engine_home_prob,ml_home_prob,0.8486723776735265,ml_1x2_predictability,0.3532114350713639,ml_1x2_skip_prob,0.8187997096896285,engine_home_prob,0.8187997096896285,engine_home_prob,0.8187997096896285,engine_home_prob,1.221299895647321,0.8187997096896285,engine_home_prob,1.221299895647321,2026_04_10,ligue1,match_odds,home,1.23,-435,0.0071236429182428,ligue1,2026_04_10,03:05 PM,Marseille,Metz,3.0,1.0,Win
33676041,soccer,seriea,2026_04_10,06:45 PM,Roma,Pisa,total35,under,1.379,-264,0.011319427222085,0.0298665625912536,0.7333715933445142,0.011319427222085,ml_under35_prob,ml_under35_prob,0.6679772541435954,ml_over35_predictability,0.2820399429363874,ml_over35_skip_prob,,,,,,,,,,,2026_04_10,seriea,total35,under35,1.379,-264,0.011319427222085,seriea,2026_04_10,02:45 PM,Roma,Pisa,3.0,0.0,Win
33674588,soccer,laliga,2026_04_11,07:00 PM,Sevilla,Atletico Madrid,total35,under,4.409,341,2.5860893575820905,0.7586064410625083,0.8133566245366501,2.5860893575820905,ml_under35_prob,ml_under35_prob,0.558305131111738,ml_over35_predictability,0.2127651007176146,ml_over35_skip_prob,,,,,,,,,,,2026_04_11,laliga,total35,under35,4.409,341,2.5860893575820905,laliga,2026_04_11,03:00 PM,Sevilla,Atletico Madrid,2.0,1.0,Win
33675944,soccer,ligue1,2026_04_11,07:05 PM,Rennes,Angers,btts,yes,2.4,140,0.1790130776147488,0.1278664840105349,0.4912554490061454,0.1790130776147488,ml_btts_yes_prob,ml_btts_yes_prob,0.5679141624762096,ml_btts_predictability,0.0840954454140415,ml_btts_skip_prob,,,,,,,,,,,2026_04_11,ligue1,btts,btts_yes,2.4,140,0.1790130776147488,ligue1,2026_04_11,03:05 PM,Rennes,Angers,2.0,1.0,Win
33675944,soccer,ligue1,2026_04_11,07:05 PM,Rennes,Angers,match_odds,home,1.01,-10000,0.0099928507431311,0.9992850743131044,0.9999929215278526,0.009992850743131,engine_home_prob,ml_home_prob,0.999999943122457,ml_1x2_predictability,0.0096646423395977,ml_1x2_skip_prob,0.9999929215278526,engine_home_prob,0.9999929215278526,engine_home_prob,0.9999929215278526,engine_home_prob,1.0000070785222526,0.9999929215278526,engine_home_prob,1.0000070785222526,2026_04_11,ligue1,match_odds,home,1.01,-10000,0.009992850743131,ligue1,2026_04_11,03:05 PM,Rennes,Angers,2.0,1.0,Win
33780278,soccer,mls,2026_04_11,11:30 PM,Charlotte FC,Nashville SC,btts,yes,1.662,-151,0.1949939190149306,0.2945527477566927,0.7190095782279968,0.1949939190149306,ml_btts_yes_prob,ml_btts_yes_prob,0.5502759218215942,ml_btts_predictability,0.1204079240560531,ml_btts_skip_prob,,,,,,,,,,,2026_04_11,mls,btts,btts_yes,1.662,-151,0.1949939190149306,mls,2026_04_11,07:30 PM,Charlotte FC,Nashville SC,1.0,2.0,Win
33780277,soccer,mls,2026_04_11,11:30 PM,Inter Miami,New York Red Bulls,btts,yes,1.493,-203,0.1019481375217438,0.2067913539994805,0.7380764484405518,0.1019481375217438,ml_btts_yes_prob,ml_btts_yes_prob,0.5505180358886719,ml_btts_predictability,0.2670261263847351,ml_btts_skip_prob,,,,,,,,,,,2026_04_11,mls,btts,btts_yes,1.493,-203,0.1019481375217438,mls,2026_04_11,07:30 PM,Inter Miami,New York Red Bulls,2.0,2.0,Win
33780392,soccer,mls,2026_04_11,11:30 PM,Vancouver Whitecaps,New York City FC,btts,yes,1.675,-148,0.0660878822207451,0.0979079736603631,0.636470377445221,0.0660878822207451,ml_btts_yes_prob,ml_btts_yes_prob,0.6116628050804138,ml_btts_predictability,0.3224794268608093,ml_btts_skip_prob,,,,,,,,,,,2026_04_11,mls,btts,btts_yes,1.675,-148,0.0660878822207451,mls,2026_04_11,07:30 PM,Vancouver Whitecaps,New York City FC,2.0,0.0,Loss
33780276,soccer,mls,2026_04_11,08:45 PM,Portland Timbers,Los Angeles FC,total25,under,2.444,144,0.1047783659963944,0.0725611952883618,0.452036974630276,0.1047783659963944,ml_under25_prob,ml_under25_prob,0.5667971143215316,ml_over25_predictability,0.1948607267285158,ml_over25_skip_prob,,,,,,,,,,,2026_04_11,mls,total25,under25,2.444,144,0.1047783659963944,mls,2026_04_11,04:45 PM,Portland Timbers,Los Angeles FC,2.0,1.0,Loss
33780277,soccer,mls,2026_04_11,11:30 PM,Inter Miami,New York Red Bulls,total25,under,3.531,253,0.1996700405771044,0.0788897829226014,0.3397536223667812,0.1996700405771044,ml_under25_prob,ml_under25_prob,0.701551316452754,ml_over25_predictability,0.3470591700665005,ml_over25_skip_prob,,,,,,,,,,,2026_04_11,mls,total25,under25,3.531,253,0.1996700405771044,mls,2026_04_11,07:30 PM,Inter Miami,New York Red Bulls,2.0,2.0,Loss
33780278,soccer,mls,2026_04_11,11:30 PM,Charlotte FC,Nashville SC,total35,over,3.172,217,0.1499281512282707,0.0690276939356678,0.362524637839934,0.1499281512282707,ml_over35_prob,ml_over35_prob,0.7220705921577917,ml_over35_predictability,0.2923942115272011,ml_over35_skip_prob,,,,,,,,,,,2026_04_11,mls,total35,over35,3.172,217,0.1499281512282707,mls,2026_04_11,07:30 PM,Charlotte FC,Nashville SC,1.0,2.0,Loss
33676064,soccer,seriea,2026_04_11,06:45 PM,Atalanta,Juventus,total25,over,3.451,245,0.454816365298921,0.1855635925332195,0.4215637106053089,0.454816365298921,ml_over25_prob,ml_over25_prob,0.7064463952793746,ml_over25_predictability,0.2339515170672014,ml_over25_skip_prob,,,,,,,,,,,2026_04_11,seriea,total25,over25,3.451,245,0.454816365298921,seriea,2026_04_11,02:45 PM,Atalanta,Juventus,0.0,1.0,Loss
33673484,soccer,bundesliga,2026_04_12,01:30 PM,Koln,Werder Bremen,btts,yes,1.578,-173,0.1560575702394927,0.2699957962620983,0.7326093601010727,0.1560575702394927,ml_btts_yes_prob,ml_btts_yes_prob,0.7230359062405238,ml_btts_predictability,0.2979746902640184,ml_btts_skip_prob,,,,,,,,,,,2026_04_12,bundesliga,btts,btts_yes,1.578,-173,0.1560575702394927,bundesliga,2026_04_12,09:30 AM,Koln,Werder Bremen,3.0,1.0,Win
33673482,soccer,bundesliga,2026_04_12,03:30 PM,VfB Stuttgart,Hamburg,btts,no,2.262,126,0.210260343994326,0.1666088304233962,0.5350399398737073,0.210260343994326,ml_btts_no_prob,ml_btts_no_prob,0.5285472619703203,ml_btts_predictability,0.3316199888151334,ml_btts_skip_prob,,,,,,,,,,,2026_04_12,bundesliga,btts,btts_no,2.262,126,0.210260343994326,bundesliga,2026_04_12,11:30 AM,VfB Stuttgart,Hamburg,4.0,0.0,Win
33550031,soccer,epl,2026_04_12,04:30 PM,Chelsea,Manchester City,btts,no,2.74,174,0.1510213368373123,0.0867938717455817,0.4200807798676322,0.1510213368373123,ml_btts_no_prob,ml_btts_no_prob,0.5642659507109301,ml_btts_predictability,0.2500337703729552,ml_btts_skip_prob,,,,,,,,,,,2026_04_12,epl,btts,btts_no,2.74,174,0.1510213368373123,epl,2026_04_12,11:30 AM,Chelsea,Manchester City,0.0,3.0,Win
33642702,soccer,epl,2026_04_12,02:00 PM,Nottingham Forest,Aston Villa,total35,over,3.43,243,0.5454674183788775,0.2244721886332829,0.4505735913641042,0.5454674183788775,ml_over35_prob,ml_over35_prob,0.7063128352165222,ml_over35_predictability,0.3606798648834228,ml_over35_skip_prob,,,,,,,,,,,2026_04_12,epl,total35,over35,3.43,243,0.5454674183788775,epl,2026_04_12,09:00 AM,Nottingham Forest,Aston Villa,1.0,1.0,Loss
33674617,soccer,laliga,2026_04_12,07:00 PM,Athletic Club,Villarreal,btts,yes,1.759,-132,0.0971434123030836,0.1279886855113091,0.6237313316106218,0.0971434123030836,ml_btts_yes_prob,ml_btts_yes_prob,0.6473720888233334,ml_btts_predictability,0.1801943742616158,ml_btts_skip_prob,,,,,,,,,,,2026_04_12,laliga,btts,btts_yes,1.759,-132,0.0971434123030836,laliga,2026_04_12,03:00 PM,Athletic Club,Villarreal,1.0,2.0,Win
33675988,soccer,ligue1,2026_04_12,03:15 PM,Nice,Le Havre,total35,under,1.385,-260,0.0561872500180002,0.145940909137663,0.7625900722151626,0.0561872500180002,ml_under35_prob,ml_under35_prob,0.664,ml_over35_predictability,0.2521457444812222,ml_over35_skip_prob,,,,,,,,,,,2026_04_12,ligue1,total35,under35,1.385,-260,0.0561872500180002,ligue1,2026_04_12,11:15 AM,Nice,Le Havre,1.0,1.0,Win
33780426,soccer,mls,2026_04_12,11:00 PM,Columbus Crew,Orlando City,match_odds,draw,5.207,421,0.0442010799087383,0.0105065557187397,0.2005379450564122,0.0442010799087382,engine_draw_prob,ml_draw_prob,0.8761121626353968,ml_draw_predictability,0.201406006769545,ml_draw_skip_prob,0.2005379450564122,engine_draw_prob,0.2005379450564122,engine_draw_prob,0.2005379450564122,engine_draw_prob,4.986587449665427,0.2005379450564122,engine_draw_prob,4.986587449665427,2026_04_12,mls,match_odds,draw,5.207,421,0.0442010799087382,mls,2026_04_12,07:00 PM,Columbus Crew,Orlando City,1.0,1.0,Win
33780426,soccer,mls,2026_04_12,11:00 PM,Columbus Crew,Orlando City,total25,under,2.944,194,0.0382907491713095,0.0196968874338012,0.3526802816478633,0.0382907491713095,ml_under25_prob,ml_under25_prob,0.6843090715871982,ml_over25_predictability,0.3287631571424971,ml_over25_skip_prob,,,,,,,,,,,2026_04_12,mls,total25,under25,2.944,194,0.0382907491713095,mls,2026_04_12,07:00 PM,Columbus Crew,Orlando City,1.0,1.0,Win
33676097,soccer,seriea,2026_04_12,01:00 PM,Parma,Napoli,match_odds,away,1.57,-175,0.0465004821636489,0.0815797932695596,0.6665608166647445,0.0465004821636489,engine_away_prob,ml_away_prob,0.6462221400883847,ml_1x2_predictability,0.1939725925035496,ml_1x2_skip_prob,0.6665608166647445,engine_away_prob,0.6665608166647445,engine_away_prob,0.6665608166647445,engine_away_prob,1.500238200324582,0.6665608166647445,engine_away_prob,1.500238200324582,2026_04_12,seriea,match_odds,away,1.57,-175,0.0465004821636489,seriea,2026_04_12,09:00 AM,Parma,Napoli,1.0,1.0,Loss
33676098,soccer,seriea,2026_04_12,10:30 AM,Genoa,Sassuolo,total25,over,2.035,104,0.1044781819812891,0.1009451033635644,0.5427411213667268,0.1044781819812891,ml_over25_prob,ml_over25_prob,0.5266356475857993,ml_over25_predictability,0.1992697748129425,ml_over25_skip_prob,,,,,,,,,,,2026_04_12,seriea,total25,over25,2.035,104,0.1044781819812891,seriea,2026_04_12,06:30 AM,Genoa,Sassuolo,2.0,1.0,Win
33676103,soccer,seriea,2026_04_12,04:00 PM,Bologna,Lecce,total25,under,1.689,-145,0.045369290712636,0.0658480271591236,0.618927940031164,0.045369290712636,ml_under25_prob,ml_under25_prob,0.5689670422318561,ml_over25_predictability,0.1933779037448916,ml_over25_skip_prob,,,,,,,,,,,2026_04_12,seriea,total25,under25,1.689,-145,0.045369290712636,seriea,2026_04_12,12:00 PM,Bologna,Lecce,2.0,0.0,Win
33676110,soccer,seriea,2026_04_12,06:45 PM,Como,Inter Milan,total35,under,1.345,-290,0.0226820037935028,0.0657449385318925,0.7603583671327159,0.0226820037935028,ml_under35_prob,ml_under35_prob,0.7700276462882628,ml_over35_predictability,0.2338560401136786,ml_over35_skip_prob,,,,,,,,,,,2026_04_12,seriea,total35,under35,1.345,-290,0.0226820037935028,seriea,2026_04_12,02:45 PM,Como,Inter Milan,3.0,4.0,Loss
33676283,soccer,seriea,2026_04_13,06:45 PM,Fiorentina,Lazio,total35,under,1.3,-333,0.0146054889848095,0.0486849632826983,0.7804657607575458,0.0146054889848095,ml_under35_prob,ml_under35_prob,0.8208304305747817,ml_over35_predictability,0.181475064812455,ml_over35_skip_prob,,,,,,,,,,,2026_04_13,seriea,total35,under35,1.3,-333,0.0146054889848095,seriea,2026_04_13,02:45 PM,Fiorentina,Lazio,1.0,0.0,Win
33891336,soccer,mls,2026_04_17,10:30 PM,Vancouver Whitecaps,Sporting Kansas City,btts,yes,1.643,-156,0.032210837483406,0.0500946150597294,0.6282476186752319,0.032210837483406,ml_btts_yes_prob,ml_btts_yes_prob,0.669136643409729,ml_btts_predictability,0.2539350986480713,ml_btts_skip_prob,,,,,,,,,,,2026_04_17,mls,btts,btts_yes,1.643,-156,0.032210837483406,mls,2026_04_17,10:30 PM,Vancouver Whitecaps,Sporting Kansas City,3.0,0.0,Loss
33890624,soccer,bundesliga,2026_04_18,01:30 PM,Hoffenheim,Borussia Dortmund,btts,yes,1.428,-234,0.1495677807840134,0.3494574317383492,0.8050194543305417,0.1495677807840134,ml_btts_yes_prob,ml_btts_yes_prob,0.8539210764029196,ml_btts_predictability,0.2391161669504189,ml_btts_skip_prob,,,,,,,,,,,2026_04_18,bundesliga,btts,btts_yes,1.428,-234,0.1495677807840134,bundesliga,2026_04_18,09:30 AM,Hoffenheim,Borussia Dortmund,2.0,1.0,Win
33890625,soccer,bundesliga,2026_04_18,01:30 PM,Werder Bremen,Hamburg,btts,yes,1.613,-163,0.0606037107194034,0.0988641284166448,0.6575348485551168,0.0606037107194034,ml_btts_yes_prob,ml_btts_yes_prob,0.5855936534131723,ml_btts_predictability,0.2441023074815727,ml_btts_skip_prob,,,,,,,,,,,2026_04_18,bundesliga,btts,btts_yes,1.613,-163,0.0606037107194034,bundesliga,2026_04_18,09:30 AM,Werder Bremen,Hamburg,3.0,1.0,Win
33890626,soccer,bundesliga,2026_04_18,01:30 PM,Leverkusen,Augsburg,btts,no,2.276,128,0.1777009779372544,0.1392640892925192,0.5174433119232226,0.1777009779372544,ml_btts_no_prob,ml_btts_no_prob,0.5237808581417599,ml_btts_predictability,0.2518151356565969,ml_btts_skip_prob,,,,,,,,,,,2026_04_18,bundesliga,btts,btts_no,2.276,128,0.1777009779372544,bundesliga,2026_04_18,09:30 AM,Leverkusen,Augsburg,1.0,2.0,Loss
33890627,soccer,bundesliga,2026_04_18,04:30 PM,Eintracht Frankfurt,RB Leipzig,btts,yes,1.404,-248,0.0658724742223083,0.1630506787680897,0.7591684289332681,0.0658724742223083,ml_btts_yes_prob,ml_btts_yes_prob,0.8162088904428614,ml_btts_predictability,0.248197188854338,ml_btts_skip_prob,,,,,,,,,,,2026_04_18,bundesliga,btts,btts_yes,1.404,-248,0.0658724742223083,bundesliga,2026_04_18,12:30 PM,Eintracht Frankfurt,RB Leipzig,1.0,3.0,Win
33657525,soccer,epl,2026_04_18,11:30 AM,Brentford,Fulham,btts,yes,1.655,-153,0.0468693343000269,0.07155623557256,0.6325494467069649,0.0468693343000269,ml_btts_yes_prob,ml_btts_yes_prob,0.5810802289551682,ml_btts_predictability,0.2256179572365554,ml_btts_skip_prob,,,,,,,,,,,2026_04_18,epl,btts,btts_yes,1.655,-153,0.0468693343000269,epl,2026_04_18,07:30 AM,Brentford,Fulham,0.0,0.0,Loss
33657529,soccer,epl,2026_04_18,02:00 PM,Newcastle,Bournemouth,btts,no,2.753,175,0.1579566375308364,0.0901064675019032,0.4206162867892613,0.1579566375308364,ml_btts_no_prob,ml_btts_no_prob,0.6171426433326405,ml_btts_predictability,0.2356619562807101,ml_btts_skip_prob,,,,,,,,,,,2026_04_18,epl,btts,btts_no,2.753,175,0.1579566375308364,epl,2026_04_18,10:00 AM,Newcastle,Bournemouth,1.0,2.0,Loss
33657527,soccer,epl,2026_04_18,07:00 PM,Chelsea,Manchester United,btts,no,2.793,179,0.1699622396867282,0.0947921024465857,0.4188908842415783,0.1699622396867282,ml_btts_no_prob,ml_btts_no_prob,0.5659808702783079,ml_btts_predictability,0.2718434705953146,ml_btts_skip_prob,,,,,,,,,,,2026_04_18,epl,btts,btts_no,2.793,179,0.1699622396867282,epl,2026_04_18,03:00 PM,Chelsea,Manchester United,0.0,1.0,Win
33657529,soccer,epl,2026_04_18,02:00 PM,Newcastle,Bournemouth,match_odds,home,1.99,-101,0.0774684619111771,0.0782509716274516,0.5414414381463202,0.0774684619111769,engine_home_prob,ml_home_prob,0.6814573952503057,ml_1x2_predictability,0.2446864546208554,ml_1x2_skip_prob,0.5414414381463202,engine_home_prob,0.5414414381463202,engine_home_prob,0.5414414381463202,engine_home_prob,1.8469218082450465,0.5414414381463202,engine_home_prob,1.8469218082450465,2026_04_18,epl,match_odds,home,1.99,-101,0.0774684619111769,epl,2026_04_18,10:00 AM,Newcastle,Bournemouth,1.0,2.0,Loss
33657525,soccer,epl,2026_04_18,11:30 AM,Brentford,Fulham,total25,over,1.757,-132,0.2566017994421637,0.3389719939790802,0.715197381583474,0.2566017994421637,ml_over25_prob,ml_over25_prob,0.7135503688188188,ml_over25_predictability,0.151850798345367,ml_over25_skip_prob,,,,,,,,,,,2026_04_18,epl,total25,over25,1.757,-132,0.2566017994421637,epl,2026_04_18,07:30 AM,Brentford,Fulham,0.0,0.0,Loss
33657520,soccer,epl,2026_04_18,02:00 PM,Leeds,Wolverhampton,total25,over,1.942,-106,0.3649234776907153,0.3873922268478931,0.7028442212619543,0.3649234776907153,ml_over25_prob,ml_over25_prob,0.6880856817926609,ml_over25_predictability,0.1374866724407642,ml_over25_skip_prob,,,,,,,,,,,2026_04_18,epl,total25,over25,1.942,-106,0.3649234776907153,epl,2026_04_18,10:00 AM,Leeds,Wolverhampton,3.0,0.0,Win
33657520,soccer,epl,2026_04_18,02:00 PM,Leeds,Wolverhampton,total35,over,3.258,226,0.6410382362123247,0.2838964730789747,0.5036949773518492,0.6410382362123247,ml_over35_prob,ml_over35_prob,0.6362742185592651,ml_over35_predictability,0.396697074174881,ml_over35_skip_prob,,,,,,,,,,,2026_04_18,epl,total35,over35,3.258,226,0.6410382362123247,epl,2026_04_18,10:00 AM,Leeds,Wolverhampton,3.0,0.0,Loss
33890598,soccer,ligue1,2026_04_18,03:00 PM,Lorient,Marseille,btts,no,2.238,124,0.0697697430999904,0.0563568199515269,0.4780025661751521,0.0697697430999904,ml_btts_no_prob,ml_btts_no_prob,0.6862845091375083,ml_btts_predictability,0.3643215697693889,ml_btts_skip_prob,,,,,,,,,,,2026_04_18,ligue1,btts,btts_no,2.238,124,0.0697697430999904,ligue1,2026_04_18,11:00 AM,Lorient,Marseille,2.0,0.0,Win
33891323,soccer,mls,2026_04_18,11:30 PM,FC Cincinnati,Chicago Fire,btts,no,2.561,156,0.0903761708140372,0.0578963297975896,0.425761878490448,0.0903761708140372,ml_btts_no_prob,ml_btts_no_prob,0.6823027729988098,ml_btts_predictability,0.3440330326557159,ml_btts_skip_prob,,,,,,,,,,,2026_04_18,mls,btts,btts_no,2.561,156,0.0903761708140372,mls,2026_04_18,07:30 PM,FC Cincinnati,Chicago Fire,3.0,3.0,Loss
33891346,soccer,mls,2026_04_18,08:30 PM,Colorado Rapids,Inter Miami,match_odds,home,3.464,246,0.4095057697513743,0.1661955234380578,0.4069012037388494,0.409505769751374,engine_home_prob,ml_home_prob,0.5193361723216854,ml_1x2_predictability,0.1378965705127824,ml_1x2_skip_prob,0.4069012037388494,engine_home_prob,0.4069012037388494,engine_home_prob,0.4069012037388494,engine_home_prob,2.457599021117184,0.4069012037388494,engine_home_prob,2.457599021117184,2026_04_18,mls,match_odds,home,3.464,246,0.409505769751374,mls,2026_04_18,04:30 PM,Colorado Rapids,Inter Miami,2.0,3.0,Loss
33891299,soccer,mls,2026_04_18,06:30 PM,CF Montreal,New York Red Bulls,total25,under,2.374,137,0.0731808439137993,0.0532611673317316,0.4520559578406905,0.0731808439137993,ml_under25_prob,ml_under25_prob,0.5451047423935236,ml_over25_predictability,0.1991746935177198,ml_over25_skip_prob,,,,,,,,,,,2026_04_18,mls,total25,under25,2.374,137,0.0731808439137993,mls,2026_04_18,02:30 PM,CF Montreal,New York Red Bulls,4.0,1.0,Loss
33891346,soccer,mls,2026_04_18,08:30 PM,Colorado Rapids,Inter Miami,total25,under,2.895,190,0.3017750498140997,0.1592480473953033,0.4496632296421761,0.3017750498140997,ml_under25_prob,ml_under25_prob,0.6614327612145943,ml_over25_predictability,0.1877425150983458,ml_over25_skip_prob,,,,,,,,,,,2026_04_18,mls,total25,under25,2.895,190,0.3017750498140997,mls,2026_04_18,04:30 PM,Colorado Rapids,Inter Miami,2.0,3.0,Loss
33891323,soccer,mls,2026_04_18,11:30 PM,FC Cincinnati,Chicago Fire,total25,under,2.355,136,0.0603702693901273,0.0445537043469574,0.4502633840297781,0.0603702693901273,ml_under25_prob,ml_under25_prob,0.5467836147855285,ml_over25_predictability,0.1990111708662789,ml_over25_skip_prob,,,,,,,,,,,2026_04_18,mls,total25,under25,2.355,136,0.0603702693901273,mls,2026_04_18,07:30 PM,FC Cincinnati,Chicago Fire,3.0,3.0,Loss
33891337,soccer,mls,2026_04_18,11:30 PM,Orlando City,Houston Dynamo,total25,under,2.482,148,0.0994082901664566,0.0670771188707535,0.4429525746037295,0.0994082901664566,ml_under25_prob,ml_under25_prob,0.6222026259555825,ml_over25_predictability,0.2029341081124643,ml_over25_skip_prob,,,,,,,,,,,2026_04_18,mls,total25,under25,2.482,148,0.0994082901664566,mls,2026_04_18,07:30 PM,Orlando City,Houston Dynamo,0.0,1.0,Win
33891322,soccer,mls,2026_04_18,11:30 PM,New England Revolution,Columbus Crew,total35,over,2.846,185,0.0793479685707728,0.0429837316201369,0.3792508673825625,0.0793479685707728,ml_over35_prob,ml_over35_prob,0.7089896605653873,ml_over35_predictability,0.3148776172502115,ml_over35_skip_prob,,,,,,,,,,,2026_04_18,mls,total35,over35,2.846,185,0.0793479685707728,mls,2026_04_18,07:30 PM,New England Revolution,Columbus Crew,2.0,1.0,Loss
33891304,soccer,mls,2026_04_18,11:30 PM,Atlanta United,Nashville SC,total35,over,3.012,201,0.0985714584030913,0.0489917785303634,0.3647315598947846,0.0985714584030913,ml_over35_prob,ml_over35_prob,0.5763256179769072,ml_over35_predictability,0.3273294934538044,ml_over35_skip_prob,,,,,,,,,,,2026_04_18,mls,total35,over35,3.012,201,0.0985714584030913,mls,2026_04_18,07:30 PM,Atlanta United,Nashville SC,0.0,2.0,Loss
33890573,soccer,seriea,2026_04_18,01:00 PM,Udinese,Parma,total25,over,2.334,133,0.2837908278324064,0.2127367524980557,0.5500389150952898,0.2837908278324064,ml_over25_prob,ml_over25_prob,0.6314389839954866,ml_over25_predictability,0.1832738924423972,ml_over25_skip_prob,,,,,,,,,,,2026_04_18,seriea,total25,over25,2.334,133,0.2837908278324064,seriea,2026_04_18,09:00 AM,Udinese,Parma,0.0,1.0,Loss
33890628,soccer,bundesliga,2026_04_19,01:30 PM,Freiburg,Heidenheim,btts,yes,1.652,-153,0.0401113980017076,0.0615205490823736,0.6296073837782734,0.0401113980017076,ml_btts_yes_prob,ml_btts_yes_prob,0.6445791809328096,ml_btts_predictability,0.2371587405913463,ml_btts_skip_prob,,,,,,,,,,,2026_04_19,bundesliga,btts,btts_yes,1.652,-153,0.0401113980017076,bundesliga,2026_04_19,09:30 AM,Freiburg,Heidenheim,2.0,1.0,Win
33890629,soccer,bundesliga,2026_04_19,03:30 PM,Bayern Munich,VfB Stuttgart,total35,under,2.295,130,0.5257498939568354,0.4059844740979423,0.6648147686086429,0.5257498939568354,ml_under35_prob,ml_under35_prob,0.5999964475631714,ml_over35_predictability,0.1898047775030136,ml_over35_skip_prob,,,,,,,,,,,2026_04_19,bundesliga,total35,under35,2.295,130,0.5257498939568354,bundesliga,2026_04_19,11:30 AM,Bayern Munich,VfB Stuttgart,4.0,2.0,Loss
33657523,soccer,epl,2026_04_19,02:00 PM,Aston Villa,Sunderland,total25,over,1.942,-106,0.4328181259938641,0.4594672250465649,0.7378054201822164,0.4328181259938641,ml_over25_prob,ml_over25_prob,0.8613077414764228,ml_over25_predictability,0.1669436410524034,ml_over25_skip_prob,,,,,,,,,,,2026_04_19,epl,total25,over25,1.942,-106,0.4328181259938641,epl,2026_04_19,09:00 AM,Aston Villa,Sunderland,4.0,3.0,Win
33657526,soccer,epl,2026_04_19,03:30 PM,Manchester City,Arsenal,total25,over,1.924,-108,0.2724976491377029,0.2949108756901547,0.6613813145206356,0.2724976491377029,ml_over25_prob,ml_over25_prob,0.8227762938377509,ml_over25_predictability,0.1902458297959832,ml_over25_skip_prob,,,,,,,,,,,2026_04_19,epl,total25,over25,1.924,-108,0.2724976491377029,epl,2026_04_19,11:30 AM,Manchester City,Arsenal,2.0,1.0,Win
33657523,soccer,epl,2026_04_19,02:00 PM,Aston Villa,Sunderland,total35,over,3.248,225,0.6274546457490762,0.2791168352976317,0.5010636224596909,0.6274546457490762,ml_over35_prob,ml_over35_prob,0.5730535984039307,ml_over35_predictability,0.4455790221691131,ml_over35_skip_prob,,,,,,,,,,,2026_04_19,epl,total35,over35,3.248,225,0.6274546457490762,epl,2026_04_19,09:00 AM,Aston Villa,Sunderland,4.0,3.0,Win
33890616,soccer,ligue1,2026_04_19,03:15 PM,Strasbourg,Rennes,btts,no,2.396,140,0.1215066803448923,0.0870391693014988,0.4680745744344292,0.1215066803448923,ml_btts_no_prob,ml_btts_no_prob,0.7529803590189131,ml_btts_predictability,0.1401788966930779,ml_btts_skip_prob,,,,,,,,,,,2026_04_19,ligue1,btts,btts_no,2.396,140,0.1215066803448923,ligue1,2026_04_19,11:15 AM,Strasbourg,Rennes,0.0,3.0,Win
33891402,soccer,mls,2026_04_19,11:00 PM,Los Angeles FC,San Jose Earthquakes,total25,under,2.581,158,0.0077075728284755,0.0048751251287004,0.3904329999335434,0.0077075728284755,ml_under25_prob,ml_under25_prob,0.5967611363439326,ml_over25_predictability,0.2774159801379576,ml_over25_skip_prob,,,,,,,,,,,2026_04_19,mls,total25,under25,2.581,158,0.0077075728284755,mls,2026_04_19,07:00 PM,Los Angeles FC,San Jose Earthquakes,1.0,4.0,Loss
33890516,soccer,seriea,2026_04_19,01:00 PM,Verona,Milan,match_odds,away,1.531,-188,0.0252711535168039,0.0475916262086704,0.6696741695080366,0.0252711535168039,engine_away_prob,ml_away_prob,0.6192909117504243,ml_1x2_predictability,0.1999734812025055,ml_1x2_skip_prob,0.6696741695080366,engine_away_prob,0.6696741695080366,engine_away_prob,0.6696741695080366,engine_away_prob,1.4932635086323114,0.6696741695080366,engine_away_prob,1.4932635086323114,2026_04_19,seriea,match_odds,away,1.531,-188,0.0252711535168039,seriea,2026_04_19,09:00 AM,Verona,Milan,0.0,1.0,Win
33890499,soccer,seriea,2026_04_19,10:30 AM,Cremonese,Torino,total25,under,1.634,-158,0.0053062588655166,0.0083694934787328,0.6152425084856283,0.0053062588655166,ml_under25_prob,ml_under25_prob,0.5250491701270965,ml_over25_predictability,0.2074378011736901,ml_over25_skip_prob,,,,,,,,,,,2026_04_19,seriea,total25,under25,1.634,-158,0.0053062588655166,seriea,2026_04_19,06:30 AM,Cremonese,Torino,0.0,0.0,Win
33981321,soccer,epl,2026_04_22,07:00 PM,Burnley,Manchester City,total35,under,1.795,-126,0.1847030477581197,0.2323308776831695,0.6600016979153871,0.1847030477581197,ml_under35_prob,ml_under35_prob,0.5825977921485901,ml_over35_predictability,0.3711320161819458,ml_over35_skip_prob,,,,,,,,,,,2026_04_22,epl,total35,under35,1.795,-126,0.1847030477581197,epl,2026_04_22,03:00 PM,Burnley,Manchester City,0.0,1.0,Win
33890645,soccer,laliga,2026_04_22,05:00 PM,Elche,Atletico Madrid,btts,yes,1.537,-186,0.2390142239845578,0.445091664775713,0.8061250644011437,0.2390142239845578,ml_btts_yes_prob,ml_btts_yes_prob,0.8149032847898392,ml_btts_predictability,0.1717279647940962,ml_btts_skip_prob,,,,,,,,,,,2026_04_22,laliga,btts,btts_yes,1.537,-186,0.2390142239845578,laliga,2026_04_22,01:00 PM,Elche,Atletico Madrid,3.0,2.0,Win
33899675,soccer,ligue1,2026_04_22,05:00 PM,Paris Saint Germain,Nantes,total25,under,3.368,237,0.1784883761401753,0.0753751588429794,0.3499074751010022,0.1784883761401753,ml_under25_prob,ml_under25_prob,0.8032712340354919,ml_over25_predictability,0.2514314353466034,ml_over25_skip_prob,,,,,,,,,,,2026_04_22,ligue1,total25,under25,3.368,237,0.1784883761401753,ligue1,2026_04_22,01:00 PM,Paris Saint Germain,Nantes,3.0,0.0,Loss
118531,soccer,mls,2026_04_22,09:30 PM,Columbus Crew,LA Galaxy,btts,yes,1.62,-161,0.0714649426937104,0.1152660366027586,0.6613981127738953,0.0714649426937104,ml_btts_yes_prob,ml_btts_yes_prob,0.6259315609931946,ml_btts_predictability,0.28813436627388,ml_btts_skip_prob,,,,,,,,,,,2026_04_22,mls,btts,btts_yes,1.62,-161,0.0714649426937104,mls,2026_04_22,07:30 PM,Columbus Crew,LA Galaxy,2.0,1.0,Win
118532,soccer,mls,2026_04_22,09:30 PM,New York City FC,FC Cincinnati,btts,no,2.54,154,0.053544886112213,0.034769406566372,0.4147814512252807,0.053544886112213,ml_btts_no_prob,ml_btts_no_prob,0.6377501487731934,ml_btts_predictability,0.3132414519786834,ml_btts_skip_prob,,,,,,,,,,,2026_04_22,mls,btts,btts_no,2.54,154,0.053544886112213,mls,2026_04_22,07:30 PM,New York City FC,FC Cincinnati,4.0,4.0,Loss
118535,soccer,mls,2026_04_22,09:30 PM,Toronto FC,Philadelphia Union,btts,yes,1.7,-143,0.0405345439910888,0.0579064914158413,0.6120791435241699,0.0405345439910888,ml_btts_yes_prob,ml_btts_yes_prob,0.5792367458343506,ml_btts_predictability,0.3174462914466858,ml_btts_skip_prob,,,,,,,,,,,2026_04_22,mls,btts,btts_yes,1.7,-143,0.0405345439910888,mls,2026_04_22,07:30 PM,Toronto FC,Philadelphia Union,3.0,3.0,Win
118538,soccer,mls,2026_04_22,10:30 PM,Houston Dynamo,San Diego FC,btts,no,2.54,154,0.0700866937637328,0.0455108401063201,0.4212939739227295,0.0700866937637328,ml_btts_no_prob,ml_btts_no_prob,0.5994299054145813,ml_btts_predictability,0.3392051756381988,ml_btts_skip_prob,,,,,,,,,,,2026_04_22,mls,btts,btts_no,2.54,154,0.0700866937637328,mls,2026_04_22,08:30 PM,Houston Dynamo,San Diego FC,1.0,0.0,Win
118540,soccer,mls,2026_04_22,12:30 PM,Los Angeles FC,Colorado Rapids,btts,yes,1.62,-161,0.0267698562145233,0.0431771874427795,0.6338085532188416,0.0267698562145233,ml_btts_yes_prob,ml_btts_yes_prob,0.5062431693077087,ml_btts_predictability,0.301616221666336,ml_btts_skip_prob,,,,,,,,,,,2026_04_22,mls,btts,btts_yes,1.62,-161,0.0267698562145233,mls,2026_04_22,10:30 PM,Los Angeles FC,Colorado Rapids,0.0,0.0,Loss
118538,soccer,mls,2026_04_22,10:30 PM,Houston Dynamo,San Diego FC,match_odds,draw,4.0,300,0.0213747280595599,0.0071249093531866,0.25534368201489,0.0213747280595599,engine_draw_prob,ml_draw_prob,0.5219161721617135,ml_draw_predictability,0.2553064656447241,ml_draw_skip_prob,0.25534368201489,engine_draw_prob,0.25534368201489,engine_draw_prob,0.25534368201489,engine_draw_prob,3.9162903585830113,0.25534368201489,engine_draw_prob,3.9162903585830113,2026_04_22,mls,match_odds,draw,4.0,300,0.0213747280595599,mls,2026_04_22,08:30 PM,Houston Dynamo,San Diego FC,1.0,0.0,Loss
118540,soccer,mls,2026_04_22,12:30 PM,Los Angeles FC,Colorado Rapids,match_odds,draw,5.1,410,0.0351601276939991,0.0085756409009754,0.2029725740576469,0.035160127693999,engine_draw_prob,ml_draw_prob,0.7891870953231476,ml_draw_predictability,0.2033617663146818,ml_draw_skip_prob,0.2029725740576469,engine_draw_prob,0.2029725740576469,engine_draw_prob,0.2029725740576469,engine_draw_prob,4.926773997141046,0.2029725740576469,engine_draw_prob,4.926773997141046,2026_04_22,mls,match_odds,draw,5.1,410,0.035160127693999,mls,2026_04_22,10:30 PM,Los Angeles FC,Colorado Rapids,0.0,0.0,Win
118541,soccer,mls,2026_04_22,12:30 PM,San Jose Earthquakes,Austin FC,match_odds,draw,4.85,385,0.0211898854122124,0.0055038663408344,0.2105546155489098,0.0211898854122125,engine_draw_prob,ml_draw_prob,0.8334636008870271,ml_draw_predictability,0.2104971939307697,ml_draw_skip_prob,0.2105546155489098,engine_draw_prob,0.2105546155489098,engine_draw_prob,0.2105546155489098,engine_draw_prob,4.74936157249761,0.2105546155489098,engine_draw_prob,4.74936157249761,2026_04_22,mls,match_odds,draw,4.85,385,0.0211898854122125,mls,2026_04_22,10:30 PM,San Jose Earthquakes,Austin FC,5.0,1.0,Loss
118534,soccer,mls,2026_04_22,09:30 PM,Orlando City,Charlotte FC,total25,under,2.25,125,0.0236755427552122,0.0189404342041697,0.4549669078912054,0.0236755427552122,ml_under25_prob,ml_under25_prob,0.569854420818132,ml_over25_predictability,0.1909264858722857,ml_over25_skip_prob,,,,,,,,,,,2026_04_22,mls,total25,under25,2.25,125,0.0236755427552122,mls,2026_04_22,07:30 PM,Orlando City,Charlotte FC,4.0,1.0,Loss
118532,soccer,mls,2026_04_22,09:30 PM,New York City FC,FC Cincinnati,total25,under,2.38,138,0.0019629475457799,0.0014224257578114,0.4209928351032689,0.0019629475457799,ml_under25_prob,ml_under25_prob,0.5441132076434922,ml_over25_predictability,0.237926218072197,ml_over25_skip_prob,,,,,,,,,,,2026_04_22,mls,total25,under25,2.38,138,0.0019629475457799,mls,2026_04_22,07:30 PM,New York City FC,FC Cincinnati,4.0,4.0,Loss
118538,soccer,mls,2026_04_22,10:30 PM,Houston Dynamo,San Diego FC,total25,under,2.38,138,0.016262525251441,0.0117844385880007,0.4270010610300172,0.016262525251441,ml_under25_prob,ml_under25_prob,0.5474464238124287,ml_over25_predictability,0.2303356898671667,ml_over25_skip_prob,,,,,,,,,,,2026_04_22,mls,total25,under25,2.38,138,0.016262525251441,mls,2026_04_22,08:30 PM,Houston Dynamo,San Diego FC,1.0,0.0,Win
118537,soccer,mls,2026_04_22,10:30 PM,FC Dallas,Minnesota United,total25,under,2.38,138,0.0240889531220876,0.0174557631319475,0.4302894761017175,0.0240889531220876,ml_under25_prob,ml_under25_prob,0.5306282649132855,ml_over25_predictability,0.2258771720412451,ml_over25_skip_prob,,,,,,,,,,,2026_04_22,mls,total25,under25,2.38,138,0.0240889531220876,mls,2026_04_22,08:30 PM,FC Dallas,Minnesota United,0.0,1.0,Win
118539,soccer,mls,2026_04_22,11:30 PM,Real Salt Lake,Inter Miami,total25,under,2.75,175,0.1921346367588404,0.1097912210050516,0.433503504275942,0.1921346367588404,ml_under25_prob,ml_under25_prob,0.6286939139038682,ml_over25_predictability,0.2134530725822513,ml_over25_skip_prob,,,,,,,,,,,2026_04_22,mls,total25,under25,2.75,175,0.1921346367588404,mls,2026_04_22,09:30 PM,Real Salt Lake,Inter Miami,0.0,2.0,Win
118533,soccer,mls,2026_04_22,09:30 PM,New York Red Bulls,DC United,total35,over,2.82,182,0.1626326990960166,0.0893586258769322,0.4122810989702187,0.1626326990960166,ml_over35_prob,ml_over35_prob,0.6787667497283798,ml_over35_predictability,0.2535991370246114,ml_over35_skip_prob,,,,,,,,,,,2026_04_22,mls,total35,over35,2.82,182,0.1626326990960166,mls,2026_04_22,07:30 PM,New York Red Bulls,DC United,4.0,4.0,Win
33994100,soccer,bundesliga,2026_04_25,01:30 PM,Mainz,Bayern Munich,btts,yes,1.49,-204,0.0746458303428739,0.1523384292711711,0.7212388123106537,0.0746458303428739,ml_btts_yes_prob,ml_btts_yes_prob,0.5944962167448027,ml_btts_predictability,0.3057909509528223,ml_btts_skip_prob,,,,,,,,,,,2026_04_25,bundesliga,btts,btts_yes,1.49,-204,0.0746458303428739,bundesliga,2026_04_25,09:30 AM,Mainz,Bayern Munich,3.0,4.0,Win
33994099,soccer,bundesliga,2026_04_25,01:30 PM,Wolfsburg,Borussia Monchengladbach,btts,yes,1.51,-196,0.0330957872051478,0.0648937004022506,0.6841693955000979,0.0330957872051478,ml_btts_yes_prob,ml_btts_yes_prob,0.7436677098592033,ml_btts_predictability,0.2842712296447606,ml_btts_skip_prob,,,,,,,,,,,2026_04_25,bundesliga,btts,btts_yes,1.51,-196,0.0330957872051478,bundesliga,2026_04_25,09:30 AM,Wolfsburg,Borussia Monchengladbach,0.0,0.0,Loss
33994101,soccer,bundesliga,2026_04_25,01:30 PM,Augsburg,Eintracht Frankfurt,btts,yes,1.47,-213,0.1163728681371299,0.2476018471002763,0.7594373252633537,0.1163728681371299,ml_btts_yes_prob,ml_btts_yes_prob,0.8034420993491828,ml_btts_predictability,0.2760910931716895,ml_btts_skip_prob,,,,,,,,,,,2026_04_25,bundesliga,btts,btts_yes,1.47,-213,0.1163728681371299,bundesliga,2026_04_25,09:30 AM,Augsburg,Eintracht Frankfurt,1.0,1.0,Win
33994104,soccer,bundesliga,2026_04_25,01:30 PM,Koln,Leverkusen,match_odds,away,1.759,-132,0.0023181609343087,0.0030542304799852,0.5698227179842574,0.0023181609343088,engine_away_prob,ml_away_prob,0.6561510570116764,ml_1x2_predictability,0.3219349333957,ml_1x2_skip_prob,0.5698227179842574,engine_away_prob,0.5698227179842574,engine_away_prob,0.5698227179842574,engine_away_prob,1.754931785692032,0.5698227179842574,engine_away_prob,1.754931785692032,2026_04_25,bundesliga,match_odds,away,1.759,-132,0.0023181609343088,bundesliga,2026_04_25,09:30 AM,Koln,Leverkusen,1.0,2.0,Win
33981317,soccer,epl,2026_04_25,11:30 AM,Fulham,Aston Villa,btts,no,2.21,121,0.0476363657898014,0.0393688973469432,0.4740436044297744,0.0476363657898014,ml_btts_no_prob,ml_btts_no_prob,0.5175362780149932,ml_btts_predictability,0.2951742984106465,ml_btts_skip_prob,,,,,,,,,,,2026_04_25,epl,btts,btts_no,2.21,121,0.0476363657898014,epl,2026_04_25,07:30 AM,Fulham,Aston Villa,1.0,0.0,Win
33981318,soccer,epl,2026_04_25,02:00 PM,West Ham,Everton,btts,yes,1.65,-154,0.0077444539327712,0.0119145445119559,0.6107542145047099,0.0077444539327712,ml_btts_yes_prob,ml_btts_yes_prob,0.6012070883730372,ml_btts_predictability,0.2851603860494027,ml_btts_skip_prob,,,,,,,,,,,2026_04_25,epl,btts,btts_yes,1.65,-154,0.0077444539327712,epl,2026_04_25,10:00 AM,West Ham,Everton,2.0,1.0,Win
33981322,soccer,epl,2026_04_25,04:30 PM,Arsenal,Newcastle,match_odds,home,1.492,-203,0.106961634738686,0.2174016966233453,0.7419313905755268,0.1069616347386859,engine_home_prob,ml_home_prob,0.7474902599486739,ml_1x2_predictability,0.2338348743440014,ml_1x2_skip_prob,0.7419313905755268,engine_home_prob,0.7419313905755268,engine_home_prob,0.7419313905755268,engine_home_prob,1.347833523021968,0.7419313905755268,engine_home_prob,1.347833523021968,2026_04_25,epl,match_odds,home,1.492,-203,0.1069616347386859,epl,2026_04_25,12:30 PM,Arsenal,Newcastle,1.0,0.0,Win
33999012,soccer,laliga,2026_04_25,02:15 PM,Getafe,Barcelona,total25,under,1.961,-104,0.0275861991209139,0.0287057222902329,0.5240113203064324,0.0275861991209139,ml_under25_prob,ml_under25_prob,0.5059592669899721,ml_over25_predictability,0.2611018093000377,ml_over25_skip_prob,,,,,,,,,,,2026_04_25,laliga,total25,under25,1.961,-104,0.0275861991209139,laliga,2026_04_25,10:15 AM,Getafe,Barcelona,0.0,2.0,Win
33999628,soccer,ligue1,2026_04_25,05:00 PM,Angers,Paris Saint Germain,total25,under,2.635,163,0.1036125563773265,0.0633715941145729,0.4188282946403517,0.1036125563773265,ml_under25_prob,ml_under25_prob,0.5401937961578369,ml_over25_predictability,0.2949452698230743,ml_over25_skip_prob,,,,,,,,,,,2026_04_25,ligue1,total25,under25,2.635,163,0.1036125563773265,ligue1,2026_04_25,01:00 PM,Angers,Paris Saint Germain,0.0,3.0,Loss
118805,soccer,mls,2026_04_25,09:30 PM,FC Cincinnati,New York Red Bulls,btts,no,3.04,204,0.1148163604736328,0.0562825296439376,0.3667159080505371,0.1148163604736328,ml_btts_no_prob,ml_btts_no_prob,0.6426370143890381,ml_btts_predictability,0.2432168573141098,ml_btts_skip_prob,,,,,,,,,,,2026_04_25,mls,btts,btts_no,3.04,204,0.1148163604736328,mls,2026_04_25,07:30 PM,FC Cincinnati,New York Red Bulls,2.0,0.0,Win
118806,soccer,mls,2026_04_25,09:30 PM,Inter Miami,New England Revolution,btts,yes,1.57,-175,0.1015848284959793,0.1782189973613671,0.7016463875770569,0.1015848284959793,ml_btts_yes_prob,ml_btts_yes_prob,0.5624720454216003,ml_btts_predictability,0.2913726568222046,ml_btts_skip_prob,,,,,,,,,,,2026_04_25,mls,btts,btts_yes,1.57,-175,0.1015848284959793,mls,2026_04_25,07:30 PM,Inter Miami,New England Revolution,1.0,1.0,Win
118803,soccer,mls,2026_04_25,09:30 PM,Columbus Crew,Philadelphia Union,btts,no,2.15,115,0.006962352991104,0.0060542199922643,0.46835458278656,0.006962352991104,ml_btts_no_prob,ml_btts_no_prob,0.5288140177726746,ml_btts_predictability,0.2097109705209732,ml_btts_skip_prob,,,,,,,,,,,2026_04_25,mls,btts,btts_no,2.15,115,0.006962352991104,mls,2026_04_25,07:30 PM,Columbus Crew,Philadelphia Union,2.0,0.0,Win
118812,soccer,mls,2026_04_25,10:30 PM,Seattle Sounders,FC Dallas,btts,no,2.15,115,0.162026335299015,0.1408924654774043,0.5404773652553558,0.162026335299015,ml_btts_no_prob,ml_btts_no_prob,0.523761510848999,ml_btts_predictability,0.2555786371231079,ml_btts_skip_prob,,,,,,,,,,,2026_04_25,mls,btts,btts_no,2.15,115,0.162026335299015,mls,2026_04_25,10:30 PM,Seattle Sounders,FC Dallas,2.0,1.0,Loss
118811,soccer,mls,2026_04_25,10:30 PM,San Diego FC,Portland Timbers,btts,yes,1.48,-208,0.11116708278656,0.2315980891386668,0.7507885694503784,0.11116708278656,ml_btts_yes_prob,ml_btts_yes_prob,0.8166036009788513,ml_btts_predictability,0.2574784159660339,ml_btts_skip_prob,,,,,,,,,,,2026_04_25,mls,btts,btts_yes,1.48,-208,0.11116708278656,mls,2026_04_25,09:30 PM,San Diego FC,Portland Timbers,1.0,2.0,Win
118810,soccer,mls,2026_04_25,10:30 PM,St Louis City,San Jose Earthquakes,btts,yes,1.52,-192,0.1060043334960937,0.2038544874924881,0.7276344299316406,0.1060043334960937,ml_btts_yes_prob,ml_btts_yes_prob,0.6806426644325256,ml_btts_predictability,0.3092771768569946,ml_btts_skip_prob,,,,,,,,,,,2026_04_25,mls,btts,btts_yes,1.52,-192,0.1060043334960937,mls,2026_04_25,08:30 PM,St Louis City,San Jose Earthquakes,2.0,3.0,Win
118808,soccer,mls,2026_04_25,10:30 PM,Chicago Fire,Sporting Kansas City,btts,no,2.42,142,0.018963963985443,0.0133549042151007,0.4210594892501831,0.018963963985443,ml_btts_no_prob,ml_btts_no_prob,0.5947296619415283,ml_btts_predictability,0.2047709226608276,ml_btts_skip_prob,,,,,,,,,,,2026_04_25,mls,btts,btts_no,2.42,142,0.018963963985443,mls,2026_04_25,08:30 PM,Chicago Fire,Sporting Kansas City,5.0,0.0,Win
118805,soccer,mls,2026_04_25,09:30 PM,FC Cincinnati,New York Red Bulls,match_odds,draw,4.54,354,0.0698226689638962,0.0197239177864113,0.2356437596836776,0.0698226689638963,engine_draw_prob,ml_draw_prob,0.7809629686119611,ml_draw_predictability,0.2366470676145574,ml_draw_skip_prob,0.2356437596836776,engine_draw_prob,0.2356437596836776,engine_draw_prob,0.2356437596836776,engine_draw_prob,4.243693961352405,0.2356437596836776,engine_draw_prob,4.243693961352405,2026_04_25,mls,match_odds,draw,4.54,354,0.0698226689638963,mls,2026_04_25,07:30 PM,FC Cincinnati,New York Red Bulls,2.0,0.0,Loss
118806,soccer,mls,2026_04_25,09:30 PM,Inter Miami,New England Revolution,match_odds,draw,5.09,409,0.0710764679189013,0.0173781095156237,0.2104275968406486,0.0710764679189013,engine_draw_prob,ml_draw_prob,0.8629573091540722,ml_draw_predictability,0.2113723151308152,ml_draw_skip_prob,0.2104275968406486,engine_draw_prob,0.2104275968406486,engine_draw_prob,0.2104275968406486,engine_draw_prob,4.752228391208945,0.2104275968406486,engine_draw_prob,4.752228391208945,2026_04_25,mls,match_odds,draw,5.09,409,0.0710764679189013,mls,2026_04_25,07:30 PM,Inter Miami,New England Revolution,1.0,1.0,Win
118813,soccer,mls,2026_04_25,10:30 PM,Vancouver Whitecaps,Colorado Rapids,match_odds,draw,5.64,464,0.0572274164182865,0.0123334949177341,0.1874516695777104,0.0572274164182864,engine_draw_prob,ml_draw_prob,0.8126095989266825,ml_draw_predictability,0.1884517696121517,ml_draw_skip_prob,0.1874516695777104,engine_draw_prob,0.1874516695777104,engine_draw_prob,0.1874516695777104,engine_draw_prob,5.334708419790509,0.1874516695777104,engine_draw_prob,5.334708419790509,2026_04_25,mls,match_odds,draw,5.64,464,0.0572274164182864,mls,2026_04_25,10:30 PM,Vancouver Whitecaps,Colorado Rapids,3.0,1.0,Loss
118811,soccer,mls,2026_04_25,10:30 PM,San Diego FC,Portland Timbers,match_odds,draw,4.93,393,0.1244239807308714,0.031660045987499,0.2280778865579861,0.1244239807308715,engine_draw_prob,ml_draw_prob,0.7898122964830117,ml_draw_predictability,0.2291132065973349,ml_draw_skip_prob,0.2280778865579861,engine_draw_prob,0.2280778865579861,engine_draw_prob,0.2280778865579861,engine_draw_prob,4.384467144497859,0.2280778865579861,engine_draw_prob,4.384467144497859,2026_04_25,mls,match_odds,draw,4.93,393,0.1244239807308715,mls,2026_04_25,09:30 PM,San Diego FC,Portland Timbers,1.0,2.0,Loss
118805,soccer,mls,2026_04_25,09:30 PM,FC Cincinnati,New York Red Bulls,total25,under,3.4,240,0.3366783843668325,0.1402826601528469,0.3931407012843625,0.3366783843668325,ml_under25_prob,ml_under25_prob,0.7165980765595853,ml_over25_predictability,0.2584479885812922,ml_over25_skip_prob,,,,,,,,,,,2026_04_25,mls,total25,under25,3.4,240,0.3366783843668325,mls,2026_04_25,07:30 PM,FC Cincinnati,New York Red Bulls,2.0,0.0,Win
118806,soccer,mls,2026_04_25,09:30 PM,Inter Miami,New England Revolution,total25,under,2.75,175,0.001720089137846,0.0009829080787692,0.3642618505955804,0.001720089137846,ml_under25_prob,ml_under25_prob,0.6840342700417054,ml_over25_predictability,0.3048292599089899,ml_over25_skip_prob,,,,,,,,,,,2026_04_25,mls,total25,under25,2.75,175,0.001720089137846,mls,2026_04_25,07:30 PM,Inter Miami,New England Revolution,1.0,1.0,Win
118813,soccer,mls,2026_04_25,10:30 PM,Vancouver Whitecaps,Colorado Rapids,total25,under,3.0,200,0.0080492837322557,0.0040246418661278,0.3360164279107519,0.0080492837322557,ml_under25_prob,ml_under25_prob,0.7044308596872608,ml_over25_predictability,0.3545173524882181,ml_over25_skip_prob,,,,,,,,,,,2026_04_25,mls,total25,under25,3.0,200,0.0080492837322557,mls,2026_04_25,10:30 PM,Vancouver Whitecaps,Colorado Rapids,3.0,1.0,Loss
118811,soccer,mls,2026_04_25,10:30 PM,San Diego FC,Portland Timbers,total25,under,3.0,200,0.1489335500011485,0.0744667750005741,0.3829778500003828,0.1489335500011485,ml_under25_prob,ml_under25_prob,0.7135416305135058,ml_over25_predictability,0.2741014221168819,ml_over25_skip_prob,,,,,,,,,,,2026_04_25,mls,total25,under25,3.0,200,0.1489335500011485,mls,2026_04_25,09:30 PM,San Diego FC,Portland Timbers,1.0,2.0,Loss
118810,soccer,mls,2026_04_25,10:30 PM,St Louis City,San Jose Earthquakes,total25,under,2.5,150,0.0701602963126917,0.0467735308751278,0.4280641185250767,0.0701602963126917,ml_under25_prob,ml_under25_prob,0.6123092238565258,ml_over25_predictability,0.2212828933859931,ml_over25_skip_prob,,,,,,,,,,,2026_04_25,mls,total25,under25,2.5,150,0.0701602963126917,mls,2026_04_25,08:30 PM,St Louis City,San Jose Earthquakes,2.0,3.0,Loss
118701,soccer,mls,2026_04_25,04:30 PM,CF Montreal,New York City FC,total35,over,3.18,218,0.1737129151790389,0.0796848234766234,0.3690921116915217,0.1737129151790389,ml_over35_prob,ml_over35_prob,0.6337836765792697,ml_over35_predictability,0.3259147463995005,ml_over35_skip_prob,,,,,,,,,,,2026_04_25,mls,total35,over35,3.18,218,0.1737129151790389,mls,2026_04_25,02:30 PM,CF Montreal,New York City FC,1.0,0.0,Loss
118702,soccer,mls,2026_04_25,06:45 PM,Minnesota United,Los Angeles FC,total35,over,3.01,201,0.0849454311638219,0.0422614085392149,0.3604469870976153,0.0849454311638219,ml_over35_prob,ml_over35_prob,0.6111918854817021,ml_over35_predictability,0.3309057089198032,ml_over35_skip_prob,,,,,,,,,,,2026_04_25,mls,total35,over35,3.01,201,0.0849454311638219,mls,2026_04_25,04:45 PM,Minnesota United,Los Angeles FC,0.0,1.0,Loss
118803,soccer,mls,2026_04_25,09:30 PM,Columbus Crew,Philadelphia Union,total35,over,3.01,201,0.052161641808022,0.0259510655761304,0.3495553627269177,0.052161641808022,ml_over35_prob,ml_over35_prob,0.6434789461932209,ml_over35_predictability,0.216718306168704,ml_over35_skip_prob,,,,,,,,,,,2026_04_25,mls,total35,over35,3.01,201,0.052161641808022,mls,2026_04_25,07:30 PM,Columbus Crew,Philadelphia Union,2.0,0.0,Loss
118809,soccer,mls,2026_04_25,10:30 PM,Nashville SC,Charlotte FC,total35,over,2.82,182,0.0286728051757527,0.0157542885581059,0.3647775904878556,0.0286728051757527,ml_over35_prob,ml_over35_prob,0.5380533467437166,ml_over35_predictability,0.1588036591454183,ml_over35_skip_prob,,,,,,,,,,,2026_04_25,mls,total35,over35,2.82,182,0.0286728051757527,mls,2026_04_25,08:30 PM,Nashville SC,Charlotte FC,4.0,2.0,Win
118807,soccer,mls,2026_04_25,10:30 PM,Austin FC,Houston Dynamo,total35,over,3.01,201,0.1449518887839878,0.0721153675542227,0.3803826873036505,0.1449518887839878,ml_over35_prob,ml_over35_prob,0.609975451388219,ml_over35_predictability,0.3428238755888556,ml_over35_skip_prob,,,,,,,,,,,2026_04_25,mls,total35,over35,3.01,201,0.1449518887839878,mls,2026_04_25,08:30 PM,Austin FC,Houston Dynamo,2.0,0.0,Loss
33996754,soccer,seriea,2026_04_25,06:45 PM,Verona,Lecce,total25,over,2.669,167,0.1258188061984834,0.0753857436779409,0.4218129659791995,0.1258188061984834,ml_over25_prob,ml_over25_prob,0.6999769861358878,ml_over25_predictability,0.2140795290934053,ml_over25_skip_prob,,,,,,,,,,,2026_04_25,seriea,total25,over25,2.669,167,0.1258188061984834,seriea,2026_04_25,02:45 PM,Verona,Lecce,0.0,0.0,Loss
33999633,soccer,ligue1,2026_04_26,03:15 PM,Le Havre,Metz,total25,over,1.981,-102,0.1213358231879235,0.1236858544219404,0.5660453423462511,0.1213358231879235,ml_over25_prob,ml_over25_prob,0.5133708119392395,ml_over25_predictability,0.1264010667800903,ml_over25_skip_prob,,,,,,,,,,,2026_04_26,ligue1,total25,over25,1.981,-102,0.1213358231879235,ligue1,2026_04_26,11:15 AM,Le Havre,Metz,4.0,4.0,Win
33999636,soccer,ligue1,2026_04_26,06:45 PM,Marseille,Nice,total25,under,2.615,162,0.1146995846235743,0.0710214146276001,0.4262713516724949,0.1146995846235743,ml_under25_prob,ml_under25_prob,0.6103382110595703,ml_over25_predictability,0.4278925657272339,ml_over25_skip_prob,,,,,,,,,,,2026_04_26,ligue1,total25,under25,2.615,162,0.1146995846235743,ligue1,2026_04_26,02:45 PM,Marseille,Nice,1.0,1.0,Win
33999634,soccer,ligue1,2026_04_26,03:15 PM,Paris FC,Lille,total35,under,1.339,-295,0.0388444822354353,0.1145854933198679,0.7758360584282564,0.0388444822354353,ml_under35_prob,ml_under35_prob,0.773,ml_over35_predictability,0.2508435457060198,ml_over35_skip_prob,,,,,,,,,,,2026_04_26,ligue1,total35,under35,1.339,-295,0.0388444822354353,ligue1,2026_04_26,11:15 AM,Paris FC,Lille,0.0,1.0,Win
33996725,soccer,seriea,2026_04_26,10:30 AM,Fiorentina,Sassuolo,total25,over,1.833,-120,0.1397764829213741,0.167798899065275,0.6218093196515952,0.1397764829213741,ml_over25_prob,ml_over25_prob,0.51586842708217,ml_over25_predictability,0.2147548963031593,ml_over25_skip_prob,,,,,,,,,,,2026_04_26,seriea,total25,over25,1.833,-120,0.1397764829213741,seriea,2026_04_26,06:30 AM,Fiorentina,Sassuolo,0.0,0.0,Loss
33996884,soccer,seriea,2026_04_26,04:00 PM,Torino,Inter Milan,total25,over,1.614,-163,0.0403773182585594,0.0657611046556341,0.6445956123039401,0.0403773182585594,ml_over25_prob,ml_over25_prob,0.5672190321958905,ml_over25_predictability,0.2701664424677586,ml_over25_skip_prob,,,,,,,,,,,2026_04_26,seriea,total25,over25,1.614,-163,0.0403773182585594,seriea,2026_04_26,12:00 PM,Torino,Inter Milan,2.0,2.0,Win
33996881,soccer,seriea,2026_04_26,06:45 PM,Milan,Juventus,total25,under,1.856,-117,0.1820906392647104,0.2127227094213908,0.6369022840865897,0.1820906392647104,ml_under25_prob,ml_under25_prob,0.5238923828639445,ml_over25_predictability,0.2063990980268621,ml_over25_skip_prob,,,,,,,,,,,2026_04_26,seriea,total25,under25,1.856,-117,0.1820906392647104,seriea,2026_04_26,02:45 PM,Milan,Juventus,0.0,0.0,Win
119037,soccer,mls,2026_05_02,07:00 PM,Toronto FC,San Jose Earthquakes,btts,yes,1.54,-185,0.0754900443553924,0.139796378435912,0.6983701586723328,0.0754900443553924,ml_btts_yes_prob,ml_btts_yes_prob,0.6033244729042053,ml_btts_predictability,0.3528819680213928,ml_btts_skip_prob,,,,,,,,,,,2026_05_02,mls,btts,btts_yes,1.54,-185,0.0754900443553924,mls,2026_05_02,01:00 PM,Toronto FC,San Jose Earthquakes,1.0,1.0,Win
119038,soccer,mls,2026_05_02,08:30 PM,Sporting Kansas City,Seattle Sounders,btts,yes,1.65,-154,0.2122224867343902,0.3264961334375235,0.7346802949905396,0.2122224867343902,ml_btts_yes_prob,ml_btts_yes_prob,0.6455658674240112,ml_btts_predictability,0.2988502085208893,ml_btts_skip_prob,,,,,,,,,,,2026_05_02,mls,btts,btts_yes,1.65,-154,0.2122224867343902,mls,2026_05_02,02:30 PM,Sporting Kansas City,Seattle Sounders,1.0,1.0,Win
119039,soccer,mls,2026_05_02,10:45 PM,Real Salt Lake,Portland Timbers,btts,yes,1.46,-217,0.0881634032726287,0.1916595723318018,0.7453173995018005,0.0881634032726287,ml_btts_yes_prob,ml_btts_yes_prob,0.7476093769073486,ml_btts_predictability,0.2835736572742462,ml_btts_skip_prob,,,,,,,,,,,2026_05_02,mls,btts,btts_yes,1.46,-217,0.0881634032726287,mls,2026_05_02,04:45 PM,Real Salt Lake,Portland Timbers,2.0,0.0,Loss
119141,soccer,mls,2026_05_02,09:15 PM,Inter Miami,Orlando City,btts,yes,1.49,-204,0.0047149264812469,0.0096222989413202,0.6743053197860718,0.0047149264812469,ml_btts_yes_prob,ml_btts_yes_prob,0.6553094983100891,ml_btts_predictability,0.2668569386005401,ml_btts_skip_prob,,,,,,,,,,,2026_05_02,mls,btts,btts_yes,1.49,-204,0.0047149264812469,mls,2026_05_02,07:15 PM,Inter Miami,Orlando City,3.0,4.0,Win
119142,soccer,mls,2026_05_02,09:30 PM,Atlanta United,CF Montreal,btts,yes,1.57,-175,0.0058453518152237,0.010255003184603,0.6406658291816711,0.0058453518152237,ml_btts_yes_prob,ml_btts_yes_prob,0.6562548279762268,ml_btts_predictability,0.3160663843154907,ml_btts_skip_prob,,,,,,,,,,,2026_05_02,mls,btts,btts_yes,1.57,-175,0.0058453518152237,mls,2026_05_02,07:30 PM,Atlanta United,CF Montreal,3.0,1.0,Win
119145,soccer,mls,2026_05_02,09:30 PM,New York Red Bulls,FC Dallas,btts,no,3.04,204,0.0200272750854491,0.0098172917085534,0.3355352878570556,0.0200272750854491,ml_btts_no_prob,ml_btts_no_prob,0.641169011592865,ml_btts_predictability,0.1523653119802475,ml_btts_skip_prob,,,,,,,,,,,2026_05_02,mls,btts,btts_no,3.04,204,0.0200272750854491,mls,2026_05_02,07:30 PM,New York Red Bulls,FC Dallas,0.0,2.0,Win
119146,soccer,mls,2026_05_02,09:30 PM,Philadelphia Union,Nashville SC,btts,no,2.04,104,0.1828639423847199,0.1758307138314613,0.5798352658748627,0.1828639423847199,ml_btts_no_prob,ml_btts_no_prob,0.6040245294570923,ml_btts_predictability,0.0899416729807853,ml_btts_skip_prob,,,,,,,,,,,2026_05_02,mls,btts,btts_no,2.04,104,0.1828639423847199,mls,2026_05_02,07:30 PM,Philadelphia Union,Nashville SC,0.0,0.0,Win
119150,soccer,mls,2026_05_02,10:30 AM,LA Galaxy,Vancouver Whitecaps,btts,yes,1.53,-189,0.0458536607027054,0.0865163409485006,0.6835644841194153,0.0458536607027054,ml_btts_yes_prob,ml_btts_yes_prob,0.6033244729042053,ml_btts_predictability,0.3710792958736419,ml_btts_skip_prob,,,,,,,,,,,2026_05_02,mls,btts,btts_yes,1.53,-189,0.0458536607027054,mls,2026_05_02,10:30 PM,LA Galaxy,Vancouver Whitecaps,1.0,1.0,Win
119149,soccer,mls,2026_05_02,10:30 PM,San Diego FC,Los Angeles FC,btts,no,2.68,168,0.0468868207931518,0.0279088219006856,0.3906294107437134,0.0468868207931518,ml_btts_no_prob,ml_btts_no_prob,0.6204613447189331,ml_btts_predictability,0.3315034210681915,ml_btts_skip_prob,,,,,,,,,,,2026_05_02,mls,btts,btts_no,2.68,168,0.0468868207931518,mls,2026_05_02,09:30 PM,San Diego FC,Los Angeles FC,2.0,2.0,Loss
119148,soccer,mls,2026_05_02,10:30 PM,Houston Dynamo,Colorado Rapids,btts,no,2.55,155,0.0048740148544309,0.003144525712536,0.3940682411193847,0.0048740148544309,ml_btts_no_prob,ml_btts_no_prob,0.6028656363487244,ml_btts_predictability,0.3151389360427856,ml_btts_skip_prob,,,,,,,,,,,2026_05_02,mls,btts,btts_no,2.55,155,0.0048740148544309,mls,2026_05_02,08:30 PM,Houston Dynamo,Colorado Rapids,1.0,0.0,Win
119038,soccer,mls,2026_05_02,08:30 PM,Sporting Kansas City,Seattle Sounders,match_odds,home,5.9,490,1.0292706839805803,0.2100552416286898,0.3439441837255221,1.0292706839805803,engine_home_prob,ml_home_prob,0.5196554877282499,ml_1x2_predictability,0.1392112558019147,ml_1x2_skip_prob,0.3439441837255221,engine_home_prob,0.3439441837255221,engine_home_prob,0.3439441837255221,engine_home_prob,2.907448496928299,0.3439441837255221,engine_home_prob,2.907448496928299,2026_05_02,mls,match_odds,home,5.9,490,1.0292706839805803,mls,2026_05_02,02:30 PM,Sporting Kansas City,Seattle Sounders,1.0,1.0,Loss
119141,soccer,mls,2026_05_02,09:15 PM,Inter Miami,Orlando City,match_odds,draw,6.69,569,0.1447602401193879,0.0254411669805602,0.1711151330522254,0.1447602401193879,engine_draw_prob,ml_draw_prob,0.8365469933633253,ml_draw_predictability,0.173136574465704,ml_draw_skip_prob,0.1711151330522254,engine_draw_prob,0.1711151330522254,engine_draw_prob,0.1711151330522254,engine_draw_prob,5.844018481374139,0.1711151330522254,engine_draw_prob,5.844018481374139,2026_05_02,mls,match_odds,draw,6.69,569,0.1447602401193879,mls,2026_05_02,07:15 PM,Inter Miami,Orlando City,3.0,4.0,Loss
119147,soccer,mls,2026_05_02,10:30 PM,Chicago Fire,FC Cincinnati,match_odds,draw,4.47,347,0.0723891714754997,0.020861432701873,0.2399080920526845,0.0723891714754996,engine_draw_prob,ml_draw_prob,0.8100725202792317,ml_draw_predictability,0.240741056006152,ml_draw_skip_prob,0.2399080920526845,engine_draw_prob,0.2399080920526845,engine_draw_prob,0.2399080920526845,engine_draw_prob,4.168262902029987,0.2399080920526845,engine_draw_prob,4.168262902029987,2026_05_02,mls,match_odds,draw,4.47,347,0.0723891714754996,mls,2026_05_02,08:30 PM,Chicago Fire,FC Cincinnati,2.0,3.0,Loss
119037,soccer,mls,2026_05_02,07:00 PM,Toronto FC,San Jose Earthquakes,total25,under,2.37,137,0.0888962595802392,0.0648877807155032,0.459449898557063,0.0888962595802392,ml_under25_prob,ml_under25_prob,0.5703760987485834,ml_over25_predictability,0.1803937996028503,ml_over25_skip_prob,,,,,,,,,,,2026_05_02,mls,total25,under25,2.37,137,0.0888962595802392,mls,2026_05_02,01:00 PM,Toronto FC,San Jose Earthquakes,1.0,1.0,Win
119038,soccer,mls,2026_05_02,08:30 PM,Sporting Kansas City,Seattle Sounders,total25,under,2.5,150,0.1666243667780697,0.1110829111853798,0.4666497467112279,0.1666243667780697,ml_under25_prob,ml_under25_prob,0.5639213224420386,ml_over25_predictability,0.1659978822968351,ml_over25_skip_prob,,,,,,,,,,,2026_05_02,mls,total25,under25,2.5,150,0.1666243667780697,mls,2026_05_02,02:30 PM,Sporting Kansas City,Seattle Sounders,1.0,1.0,Win
119039,soccer,mls,2026_05_02,10:45 PM,Real Salt Lake,Portland Timbers,total25,under,3.42,242,0.1975067580637963,0.0816143628362794,0.3501481748724551,0.1975067580637963,ml_under25_prob,ml_under25_prob,0.716203198416545,ml_over25_predictability,0.32753543222351,ml_over25_skip_prob,,,,,,,,,,,2026_05_02,mls,total25,under25,3.42,242,0.1975067580637963,mls,2026_05_02,04:45 PM,Real Salt Lake,Portland Timbers,2.0,0.0,Win
119141,soccer,mls,2026_05_02,09:15 PM,Inter Miami,Orlando City,total25,under,3.75,275,0.1320817543587555,0.0480297288577293,0.3018884678290015,0.1320817543587555,ml_under25_prob,ml_under25_prob,0.8417836899858593,ml_over25_predictability,0.3932830381867343,ml_over25_skip_prob,,,,,,,,,,,2026_05_02,mls,total25,under25,3.75,275,0.1320817543587555,mls,2026_05_02,07:15 PM,Inter Miami,Orlando City,3.0,4.0,Loss
119145,soccer,mls,2026_05_02,09:30 PM,New York Red Bulls,FC Dallas,total25,under,2.75,175,0.2210199951293308,0.1262971400739033,0.4440072709561203,0.2210199951293308,ml_under25_prob,ml_under25_prob,0.5900584630931995,ml_over25_predictability,0.2048299527072119,ml_over25_skip_prob,,,,,,,,,,,2026_05_02,mls,total25,under25,2.75,175,0.2210199951293308,mls,2026_05_02,07:30 PM,New York Red Bulls,FC Dallas,0.0,2.0,Win
119150,soccer,mls,2026_05_02,10:30 AM,LA Galaxy,Vancouver Whitecaps,total25,under,2.38,138,0.0953073465741461,0.0690632946189466,0.4602131708294732,0.0953073465741461,ml_under25_prob,ml_under25_prob,0.5640485249408704,ml_over25_predictability,0.1815611612883431,ml_over25_skip_prob,,,,,,,,,,,2026_05_02,mls,total25,under25,2.38,138,0.0953073465741461,mls,2026_05_02,10:30 PM,LA Galaxy,Vancouver Whitecaps,1.0,1.0,Win
119149,soccer,mls,2026_05_02,10:30 PM,San Diego FC,Los Angeles FC,total25,under,2.38,138,0.0644491347454706,0.0467022715546888,0.4472475356073406,0.0644491347454706,ml_under25_prob,ml_under25_prob,0.5614955164096935,ml_over25_predictability,0.2013406588999259,ml_over25_skip_prob,,,,,,,,,,,2026_05_02,mls,total25,under25,2.38,138,0.0644491347454706,mls,2026_05_02,09:30 PM,San Diego FC,Los Angeles FC,2.0,2.0,Loss
119147,soccer,mls,2026_05_02,10:30 PM,Chicago Fire,FC Cincinnati,total25,under,2.75,175,0.1068480567947284,0.0610560324541304,0.4024902024708103,0.1068480567947284,ml_under25_prob,ml_under25_prob,0.6363891163259349,ml_over25_predictability,0.2533360109404149,ml_over25_skip_prob,,,,,,,,,,,2026_05_02,mls,total25,under25,2.75,175,0.1068480567947284,mls,2026_05_02,08:30 PM,Chicago Fire,FC Cincinnati,2.0,3.0,Loss
119144,soccer,mls,2026_05_02,09:30 PM,New England Revolution,Charlotte FC,total35,over,2.82,182,0.0916321574993175,0.0503473392853393,0.3871036019501126,0.0916321574993175,ml_over35_prob,ml_over35_prob,0.6669547445900614,ml_over35_predictability,0.246510984207062,ml_over35_skip_prob,,,,,,,,,,,2026_05_02,mls,total35,over35,2.82,182,0.0916321574993175,mls,2026_05_02,07:30 PM,New England Revolution,Charlotte FC,1.0,0.0,Loss
119152,soccer,mls,2026_05_03,07:30 PM,Austin FC,St Louis City,btts,no,2.53,153,0.0249040251970289,0.0162771406516529,0.405100405216217,0.0249040251970289,ml_btts_no_prob,ml_btts_no_prob,0.6335355639457703,ml_btts_predictability,0.304829329252243,ml_btts_skip_prob,,,,,,,,,,,2026_05_03,mls,btts,btts_no,2.53,153,0.0249040251970289,mls,2026_05_03,05:30 PM,Austin FC,St Louis City,2.0,0.0,Win
119152,soccer,mls,2026_05_03,07:30 PM,Austin FC,St Louis City,total25,under,2.32,132,0.0496191118131844,0.0375902362221095,0.4524220309539589,0.0496191118131844,ml_under25_prob,ml_under25_prob,0.5025015303893619,ml_over25_predictability,0.1991922533029051,ml_over25_skip_prob,,,,,,,,,,,2026_05_03,mls,total25,under25,2.32,132,0.0496191118131844,mls,2026_05_03,05:30 PM,Austin FC,St Louis City,2.0,0.0,Win
119151,soccer,mls,2026_05_03,05:00 PM,New York City FC,DC United,total35,under,1.37,-270,0.0057549829392005,0.0155540079437851,0.734127724773139,0.0057549829392005,ml_under35_prob,ml_under35_prob,0.8169621931533945,ml_over35_predictability,0.1628554809262503,ml_over35_skip_prob,,,,,,,,,,,2026_05_03,mls,total35,under35,1.37,-270,0.0057549829392005,mls,2026_05_03,03:00 PM,New York City FC,DC United,0.0,2.0,Win
61301209,soccer,epl,2026_05_04,10:00 AM,Chelsea,Nottingham Forest,total25,over,1.71,-141,0.2582634339438968,0.3637513154139394,0.7358265695578344,0.2582634339438968,ml_over25_prob,ml_over25_prob,0.5430510341415626,ml_over25_predictability,0.1939189994882256,ml_over25_skip_prob,,,,,,,,,,,2026_05_04,epl,total25,over25,1.71,-141,0.2582634339438968,epl,2026_05_04,10:00 AM,Chelsea,Nottingham Forest,1.0,3.0,Win
61061631,soccer,seriea,2026_05_04,12:30 PM,Cremonese,Lazio,total35,over,3.8,280,0.0520690150215571,0.0185960767934132,0.2768602671109361,0.0520690150215571,ml_over35_prob,ml_over35_prob,0.7443230687331053,ml_over35_predictability,0.2411895417070649,ml_over35_skip_prob,,,,,,,,,,,2026_05_04,seriea,total35,over35,3.8,280,0.0520690150215571,seriea,2026_05_04,12:30 PM,Cremonese,Lazio,1.0,2.0,Loss
61514184,soccer,bundesliga,2026_05_08,02:30 PM,Borussia Dortmund,Eintracht Frankfurt,btts,yes,1.43,-233,0.0518157571735152,0.1205017608686399,0.7355354945269338,0.0518157571735152,ml_btts_yes_prob,ml_btts_yes_prob,0.7612649547680448,ml_btts_predictability,0.2584594046153972,ml_btts_skip_prob,,,,,,,,,,,2026_05_08,bundesliga,btts,btts_yes,1.43,-233,0.0518157571735152,bundesliga,2026_05_08,02:30 PM,Borussia Dortmund,Eintracht Frankfurt,3.0,2.0,Win
61526576,soccer,ligue1,2026_05_08,02:45 PM,Lens,Nantes,btts,no,2.3,130,0.0973367683628227,0.0748744372021713,0.4771029427664447,0.0973367683628227,ml_btts_no_prob,ml_btts_no_prob,0.7189420289831919,ml_btts_predictability,0.281105435150187,ml_btts_skip_prob,,,,,,,,,,,2026_05_08,ligue1,btts,btts_no,2.3,130,0.0973367683628227,ligue1,2026_05_08,02:45 PM,Lens,Nantes,1.0,0.0,Win
61526576,soccer,ligue1,2026_05_08,02:45 PM,Lens,Nantes,total25,under,2.7,170,0.1519389792525872,0.0893758701485806,0.4266440663898471,0.1519389792525872,ml_under25_prob,ml_under25_prob,0.6438968181610107,ml_over25_predictability,0.3453094065189361,ml_over25_skip_prob,,,,,,,,,,,2026_05_08,ligue1,total25,under25,2.7,170,0.1519389792525872,ligue1,2026_05_08,02:45 PM,Lens,Nantes,1.0,0.0,Win
61061661,soccer,seriea,2026_05_08,02:45 PM,Torino,Sassuolo,btts,no,2.2,120,4.894532711685606e-06,4.078777259645486e-06,0.4545476793330507,4.894532711685606e-06,ml_btts_no_prob,ml_btts_no_prob,0.5105073620198334,ml_btts_predictability,0.2214240185221379,ml_btts_skip_prob,,,,,,,,,,,2026_05_08,seriea,btts,btts_no,2.2,120,4.894532711685606e-06,seriea,2026_05_08,02:45 PM,Torino,Sassuolo,2.0,1.0,Loss
61061661,soccer,seriea,2026_05_08,02:45 PM,Torino,Sassuolo,total25,over,1.9,-111,0.1061946454705529,0.1179940505228365,0.5822077081423963,0.1061946454705529,ml_over25_prob,ml_over25_prob,0.5081898897923616,ml_over25_predictability,0.2051947052574929,ml_over25_skip_prob,,,,,,,,,,,2026_05_08,seriea,total25,over25,1.9,-111,0.1061946454705529,seriea,2026_05_08,02:45 PM,Torino,Sassuolo,2.0,1.0,Win
61061661,soccer,seriea,2026_05_08,02:45 PM,Torino,Sassuolo,total35,under,1.34,-294,0.0177332067173747,0.0521564903452199,0.7595023930726676,0.0177332067173747,ml_under35_prob,ml_under35_prob,0.7621827121353935,ml_over35_predictability,0.1720332467911562,ml_over35_skip_prob,,,,,,,,,,,2026_05_08,seriea,total35,under35,1.34,-294,0.0177332067173747,seriea,2026_05_08,02:45 PM,Torino,Sassuolo,2.0,1.0,Win
61514190,soccer,bundesliga,2026_05_09,09:30 AM,VfB Stuttgart,Leverkusen,btts,yes,1.28,-357,0.0464541059026491,0.1659075210808896,0.8175422702364447,0.0464541059026491,ml_btts_yes_prob,ml_btts_yes_prob,0.8348413965037921,ml_btts_predictability,0.3172011097335565,ml_btts_skip_prob,,,,,,,,,,,2026_05_09,bundesliga,btts,btts_yes,1.28,-357,0.0464541059026491,bundesliga,2026_05_09,09:30 AM,VfB Stuttgart,Leverkusen,3.0,1.0,Win
61514194,soccer,bundesliga,2026_05_09,09:30 AM,Augsburg,Borussia Monchengladbach,btts,yes,1.39,-256,0.1232427412049169,0.3160070287305561,0.8080883030251201,0.1232427412049169,ml_btts_yes_prob,ml_btts_yes_prob,0.8459208165305881,ml_btts_predictability,0.2562681477752327,ml_btts_skip_prob,,,,,,,,,,,2026_05_09,bundesliga,btts,btts_yes,1.39,-256,0.1232427412049169,bundesliga,2026_05_09,09:30 AM,Augsburg,Borussia Monchengladbach,3.0,1.0,Win
61514192,soccer,bundesliga,2026_05_09,12:30 PM,Wolfsburg,Bayern Munich,btts,yes,1.31,-323,0.1429240221527328,0.4610452327507509,0.8724610856127731,0.1429240221527328,ml_btts_yes_prob,ml_btts_yes_prob,0.8310574471297497,ml_btts_predictability,0.276560533628381,ml_btts_skip_prob,,,,,,,,,,,2026_05_09,bundesliga,btts,btts_yes,1.31,-323,0.1429240221527328,bundesliga,2026_05_09,12:30 PM,Wolfsburg,Bayern Munich,0.0,1.0,Loss
61514190,soccer,bundesliga,2026_05_09,09:30 AM,VfB Stuttgart,Leverkusen,total25,under,3.35,235,0.4305697002130124,0.1832211490268138,0.4270357314068694,0.4305697002130124,ml_under25_prob,ml_under25_prob,0.7467345047960124,ml_over25_predictability,0.2916933268986564,ml_over25_skip_prob,,,,,,,,,,,2026_05_09,bundesliga,total25,under25,3.35,235,0.4305697002130124,bundesliga,2026_05_09,09:30 AM,VfB Stuttgart,Leverkusen,3.0,1.0,Loss
61514192,soccer,bundesliga,2026_05_09,12:30 PM,Wolfsburg,Bayern Munich,total25,under,3.9,290,0.4663971166835066,0.1608265919598298,0.3759992606880786,0.4663971166835066,ml_under25_prob,ml_under25_prob,0.7945121895978375,ml_over25_predictability,0.2769254447249867,ml_over25_skip_prob,,,,,,,,,,,2026_05_09,bundesliga,total25,under25,3.9,290,0.4663971166835066,bundesliga,2026_05_09,12:30 PM,Wolfsburg,Bayern Munich,0.0,1.0,Win
61514196,soccer,bundesliga,2026_05_09,09:30 AM,Hoffenheim,Werder Bremen,total35,under,1.86,-116,0.1652357116751922,0.1921345484595259,0.626470812728598,0.1652357116751922,ml_under35_prob,ml_under35_prob,0.5511229634284973,ml_over35_predictability,0.1934173554182052,ml_over35_skip_prob,,,,,,,,,,,2026_05_09,bundesliga,total35,under35,1.86,-116,0.1652357116751922,bundesliga,2026_05_09,09:30 AM,Hoffenheim,Werder Bremen,1.0,0.0,Win
66299120,soccer,mls,2026_05_09,04:30 PM,CF Montreal,Orlando City,match_odds,draw,4.0,300,0.0373767770937876,0.0124589256979292,0.2593441942734469,0.0373767770937876,engine_draw_prob,ml_draw_prob,0.7823834711269586,ml_draw_predictability,0.2594929183435606,ml_draw_skip_prob,0.2593441942734469,engine_draw_prob,0.2593441942734469,engine_draw_prob,0.2593441942734469,engine_draw_prob,3.855879645972031,0.2593441942734469,engine_draw_prob,3.855879645972031,2026_05_09,mls,match_odds,draw,4.0,300,0.0373767770937876,mls,2026_05_09,04:30 PM,CF Montreal,Orlando City,2.0,0.0,Loss
66299126,soccer,mls,2026_05_09,07:30 PM,Charlotte FC,FC Cincinnati,match_odds,draw,3.9,290,0.0455426255069876,0.0157043536230992,0.2680878526940994,0.0455426255069875,engine_draw_prob,ml_draw_prob,0.5225493163794701,ml_draw_predictability,0.2677607146815087,ml_draw_skip_prob,0.2680878526940994,engine_draw_prob,0.2680878526940994,engine_draw_prob,0.2680878526940994,engine_draw_prob,3.73012051814614,0.2680878526940994,engine_draw_prob,3.73012051814614,2026_05_09,mls,match_odds,draw,3.9,290,0.0455426255069875,mls,2026_05_09,07:30 PM,Charlotte FC,FC Cincinnati,2.0,2.0,Win
66299140,soccer,mls,2026_05_09,10:30 PM,Seattle Sounders,San Diego FC,match_odds,draw,4.2,320,0.0175780730244949,0.0054931478201546,0.2422804935772607,0.0175780730244949,engine_draw_prob,ml_draw_prob,0.8855975909410368,ml_draw_predictability,0.2423596349030258,ml_draw_skip_prob,0.2422804935772607,engine_draw_prob,0.2422804935772607,engine_draw_prob,0.2422804935772607,engine_draw_prob,4.127447427710933,0.2422804935772607,engine_draw_prob,4.127447427710933,2026_05_09,mls,match_odds,draw,4.2,320,0.0175780730244949,mls,2026_05_09,10:30 PM,Seattle Sounders,San Diego FC,1.0,1.0,Win
66299136,soccer,mls,2026_05_09,10:30 PM,Portland Timbers,Sporting Kansas City,match_odds,draw,4.6,360,0.0138491973188705,0.0038469992552418,0.2204019994171458,0.0138491973188707,engine_draw_prob,ml_draw_prob,0.8445034443274917,ml_draw_predictability,0.2198728616138748,ml_draw_skip_prob,0.2204019994171458,engine_draw_prob,0.2204019994171458,engine_draw_prob,0.2204019994171458,engine_draw_prob,4.53716392158195,0.2204019994171458,engine_draw_prob,4.53716392158195,2026_05_09,mls,match_odds,draw,4.6,360,0.0138491973188707,mls,2026_05_09,10:30 PM,Portland Timbers,Sporting Kansas City,6.0,0.0,Loss
61514200,soccer,bundesliga,2026_05_10,09:30 AM,Hamburg,Freiburg,btts,yes,1.55,-182,0.0282197977237985,0.0513087231341792,0.6633676114347087,0.0282197977237985,ml_btts_yes_prob,ml_btts_yes_prob,0.6995932761683792,ml_btts_predictability,0.2900444446252986,ml_btts_skip_prob,,,,,,,,,,,2026_05_10,bundesliga,btts,btts_yes,1.55,-182,0.0282197977237985,bundesliga,2026_05_10,09:30 AM,Hamburg,Freiburg,3.0,2.0,Win
61514198,soccer,bundesliga,2026_05_10,11:30 AM,Koln,Heidenheim,btts,yes,1.4,-250,0.1359190409374331,0.3397976023435828,0.811370743526738,0.1359190409374331,ml_btts_yes_prob,ml_btts_yes_prob,0.8500151379750488,ml_btts_predictability,0.2547916640975978,ml_btts_skip_prob,,,,,,,,,,,2026_05_10,bundesliga,btts,btts_yes,1.4,-250,0.1359190409374331,bundesliga,2026_05_10,11:30 AM,Koln,Heidenheim,1.0,3.0,Win
61301227,soccer,epl,2026_05_10,09:00 AM,Burnley,Aston Villa,total35,over,3.0,200,0.3481317968344841,0.174065898417242,0.4493772656114947,0.3481317968344841,ml_over35_prob,ml_over35_prob,0.6993825435638428,ml_over35_predictability,0.3344467878341675,ml_over35_skip_prob,,,,,,,,,,,2026_05_10,epl,total35,over35,3.0,200,0.3481317968344841,epl,2026_05_10,09:00 AM,Burnley,Aston Villa,2.0,2.0,Win
61301229,soccer,epl,2026_05_10,09:00 AM,Crystal Palace,Everton,total35,over,3.4,240,0.5434490320225697,0.2264370966760707,0.453955597653697,0.5434490320225697,ml_over35_prob,ml_over35_prob,0.7825068235397339,ml_over35_predictability,0.4019144177436828,ml_over35_skip_prob,,,,,,,,,,,2026_05_10,epl,total35,over35,3.4,240,0.5434490320225697,epl,2026_05_10,09:00 AM,Crystal Palace,Everton,2.0,2.0,Win
61624626,soccer,laliga,2026_05_10,08:00 AM,Mallorca,Villarreal,btts,yes,1.51,-196,0.1069557686684041,0.2097171934674591,0.7330832905088769,0.1069557686684041,ml_btts_yes_prob,ml_btts_yes_prob,0.7812442314027422,ml_btts_predictability,0.1672446985154723,ml_btts_skip_prob,,,,,,,,,,,2026_05_10,laliga,btts,btts_yes,1.51,-196,0.1069557686684041,laliga,2026_05_10,08:00 AM,Mallorca,Villarreal,1.0,1.0,Win
61526584,soccer,ligue1,2026_05_10,03:00 PM,Rennes,Paris FC,btts,no,2.4,140,0.171580712712396,0.1225576519374257,0.4881586302968317,0.171580712712396,ml_btts_no_prob,ml_btts_no_prob,0.6476272685070474,ml_btts_predictability,0.2291581621499178,ml_btts_skip_prob,,,,,,,,,,,2026_05_10,ligue1,btts,btts_no,2.4,140,0.171580712712396,ligue1,2026_05_10,03:00 PM,Rennes,Paris FC,2.0,1.0,Loss
61526572,soccer,ligue1,2026_05_10,03:00 PM,Le Havre,Marseille,btts,no,2.55,155,0.2724998551734177,0.1758063581763985,0.4990195510483991,0.2724998551734177,ml_btts_no_prob,ml_btts_no_prob,0.53987060711163,ml_btts_predictability,0.2679651703806878,ml_btts_skip_prob,,,,,,,,,,,2026_05_10,ligue1,btts,btts_no,2.55,155,0.2724998551734177,ligue1,2026_05_10,03:00 PM,Le Havre,Marseille,0.0,1.0,Win
61526570,soccer,ligue1,2026_05_10,03:00 PM,Paris Saint Germain,Stade Brest,match_odds,home,1.17,-588,0.0309563902705816,0.1820964133563625,0.8811593079235741,0.0309563902705816,engine_home_prob,ml_home_prob,0.907702287403328,ml_1x2_predictability,0.3217371376581027,ml_1x2_skip_prob,0.8811593079235741,engine_home_prob,0.8811593079235741,engine_home_prob,0.8811593079235741,engine_home_prob,1.1348685657721422,0.8811593079235741,engine_home_prob,1.1348685657721422,2026_05_10,ligue1,match_odds,home,1.17,-588,0.0309563902705816,ligue1,2026_05_10,03:00 PM,Paris Saint Germain,Stade Brest,1.0,0.0,Win
61526570,soccer,ligue1,2026_05_10,03:00 PM,Paris Saint Germain,Stade Brest,total25,under,3.3,230,0.1480671087831931,0.0643770038187797,0.3478991238736949,0.1480671087831931,ml_under25_prob,ml_under25_prob,0.7990375757217407,ml_over25_predictability,0.2514314353466034,ml_over25_skip_prob,,,,,,,,,,,2026_05_10,ligue1,total25,under25,3.3,230,0.1480671087831931,ligue1,2026_05_10,03:00 PM,Paris Saint Germain,Stade Brest,1.0,0.0,Win
61526584,soccer,ligue1,2026_05_10,03:00 PM,Rennes,Paris FC,total25,under,2.6,160,0.1211778291863344,0.0757361432414591,0.431222241994744,0.1211778291863344,ml_under25_prob,ml_under25_prob,0.6125373840332031,ml_over25_predictability,0.4390973150730133,ml_over25_skip_prob,,,,,,,,,,,2026_05_10,ligue1,total25,under25,2.6,160,0.1211778291863344,ligue1,2026_05_10,03:00 PM,Rennes,Paris FC,2.0,1.0,Loss
61526578,soccer,ligue1,2026_05_10,03:00 PM,Auxerre,Nice,total35,under,3.5,250,1.774526157337,0.7098104629348001,0.7927217592391429,1.774526157337,ml_under35_prob,ml_under35_prob,0.805,ml_over35_predictability,0.2491741138811095,ml_over35_skip_prob,,,,,,,,,,,2026_05_10,ligue1,total35,under35,3.5,250,1.774526157337,ligue1,2026_05_10,03:00 PM,Auxerre,Nice,2.0,1.0,Win
61061655,soccer,seriea,2026_05_10,02:45 PM,Milan,Atalanta,btts,no,2.25,125,0.0313516293735013,0.0250813034988011,0.4583785019437784,0.0313516293735013,ml_btts_no_prob,ml_btts_no_prob,0.5064496656299208,ml_btts_predictability,0.2314064670301624,ml_btts_skip_prob,,,,,,,,,,,2026_05_10,seriea,btts,btts_no,2.25,125,0.0313516293735013,seriea,2026_05_10,02:45 PM,Milan,Atalanta,2.0,3.0,Loss
61061663,soccer,seriea,2026_05_10,06:30 AM,Verona,Como,match_odds,away,1.37,-270,0.0027094573534033,0.0073228577119011,0.7319047133966448,0.0027094573534034,engine_away_prob,ml_away_prob,0.7068202144424579,ml_1x2_predictability,0.2072823140518396,ml_1x2_skip_prob,0.7319047133966448,engine_away_prob,0.7319047133966448,engine_away_prob,0.7319047133966448,engine_away_prob,1.3662980736374422,0.7319047133966448,engine_away_prob,1.3662980736374422,2026_05_10,seriea,match_odds,away,1.37,-270,0.0027094573534034,seriea,2026_05_10,06:30 AM,Verona,Como,0.0,1.0,Win
61061663,soccer,seriea,2026_05_10,06:30 AM,Verona,Como,total35,under,3.5,250,1.677028147318135,0.670811258927254,0.7648651849480386,1.677028147318135,ml_under35_prob,ml_under35_prob,0.7197563727294121,ml_over35_predictability,0.2258993922035993,ml_over35_skip_prob,,,,,,,,,,,2026_05_10,seriea,total35,under35,3.5,250,1.677028147318135,seriea,2026_05_10,06:30 AM,Verona,Como,0.0,1.0,Win
61061649,soccer,seriea,2026_05_10,09:00 AM,Fiorentina,Genoa,total35,under,1.27,-370,0.0122680311840638,0.0454371525335701,0.7970614418772156,0.0122680311840638,ml_under35_prob,ml_under35_prob,0.8480828038291643,ml_over35_predictability,0.1570677355197243,ml_over35_skip_prob,,,,,,,,,,,2026_05_10,seriea,total35,under35,1.27,-370,0.0122680311840638,seriea,2026_05_10,09:00 AM,Fiorentina,Genoa,0.0,0.0,Win
61061655,soccer,seriea,2026_05_10,02:45 PM,Milan,Atalanta,total35,under,1.37,-270,0.0877591742796339,0.2371869575125242,0.7939847987442583,0.0877591742796339,ml_under35_prob,ml_under35_prob,0.7503700064346296,ml_over35_predictability,0.2097955048297118,ml_over35_skip_prob,,,,,,,,,,,2026_05_10,seriea,total35,under35,1.37,-270,0.0877591742796339,seriea,2026_05_10,02:45 PM,Milan,Atalanta,2.0,3.0,Loss
61301243,soccer,epl,2026_05_11,03:00 PM,Tottenham Hotspur,Leeds,btts,yes,1.66,-152,0.0097736503323296,0.0148085611095902,0.6082973797182709,0.0097736503323296,ml_btts_yes_prob,ml_btts_yes_prob,0.6280454797245862,ml_btts_predictability,0.218307513229945,ml_btts_skip_prob,,,,,,,,,,,2026_05_11,epl,btts,btts_yes,1.66,-152,0.0097736503323296,epl,2026_05_11,03:00 PM,Tottenham Hotspur,Leeds,1.0,1.0,Win
61624642,soccer,laliga,2026_05_12,01:00 PM,Celta Vigo,Levante,btts,yes,1.68,-147,0.0251366445893723,0.0369656538079005,0.6102003836841502,0.0251366445893723,ml_btts_yes_prob,ml_btts_yes_prob,0.6294744120335202,ml_btts_predictability,0.2462772092417993,ml_btts_skip_prob,,,,,,,,,,,2026_05_12,laliga,btts,btts_yes,1.68,-147,0.0251366445893723,laliga,2026_05_12,01:00 PM,Celta Vigo,Levante,2.0,3.0,Win
61624650,soccer,laliga,2026_05_12,03:30 PM,Osasuna,Atletico Madrid,btts,yes,1.64,-156,0.0630295001165639,0.0984835939321311,0.6481887195832707,0.0630295001165639,ml_btts_yes_prob,ml_btts_yes_prob,0.631974060275902,ml_btts_predictability,0.1815944890548924,ml_btts_skip_prob,,,,,,,,,,,2026_05_12,laliga,btts,btts_yes,1.64,-156,0.0630295001165639,laliga,2026_05_12,03:30 PM,Osasuna,Atletico Madrid,1.0,2.0,Win
61624654,soccer,laliga,2026_05_13,01:00 PM,Villarreal,Sevilla,btts,yes,1.6,-167,0.0940742617991172,0.156790436331862,0.6837964136244482,0.0940742617991172,ml_btts_yes_prob,ml_btts_yes_prob,0.7590331036706209,ml_btts_predictability,0.1910964880274071,ml_btts_skip_prob,,,,,,,,,,,2026_05_13,laliga,btts,btts_yes,1.6,-167,0.0940742617991172,laliga,2026_05_13,01:00 PM,Villarreal,Sevilla,2.0,3.0,Win
70315368,soccer,ligue1,2026_05_13,01:00 PM,Stade Brest,Strasbourg,btts,no,2.3,130,0.1228903252597,0.0945310194305384,0.4882131848955218,0.1228903252597,ml_btts_no_prob,ml_btts_no_prob,0.6175094134019423,ml_btts_predictability,0.3048605362677171,ml_btts_skip_prob,,,,,,,,,,,2026_05_13,ligue1,btts,btts_no,2.3,130,0.1228903252597,ligue1,2026_05_13,01:00 PM,Stade Brest,Strasbourg,1.0,2.0,Loss
70315360,soccer,ligue1,2026_05_13,03:00 PM,Lens,Paris Saint Germain,total35,under,1.66,-152,0.2160080587359109,0.327284937478653,0.7325349751421151,0.2160080587359109,ml_under35_prob,ml_under35_prob,0.511,ml_over35_predictability,0.2563934734199851,ml_over35_skip_prob,,,,,,,,,,,2026_05_13,ligue1,total35,under35,1.66,-152,0.2160080587359109,ligue1,2026_05_13,03:00 PM,Lens,Paris Saint Germain,0.0,2.0,Win
66299154,soccer,mls,2026_05_13,07:30 PM,CF Montreal,Portland Timbers,match_odds,draw,3.9,290,0.0091651903079452,0.0031604104510156,0.2587603052071655,0.0091651903079452,engine_draw_prob,ml_draw_prob,0.7867151557175278,ml_draw_predictability,0.258792116170167,ml_draw_skip_prob,0.2587603052071655,engine_draw_prob,0.2587603052071655,engine_draw_prob,0.2587603052071655,engine_draw_prob,3.864580385308297,0.2587603052071655,engine_draw_prob,3.864580385308297,2026_05_13,mls,match_odds,draw,3.9,290,0.0091651903079452,mls,2026_05_13,07:30 PM,CF Montreal,Portland Timbers,2.0,2.0,Win
66299172,soccer,mls,2026_05_13,09:30 PM,San Diego FC,Austin FC,match_odds,draw,4.4,340,0.0524018372808654,0.0154123050826074,0.2391822357456512,0.0524018372808654,engine_draw_prob,ml_draw_prob,0.8893769168112398,ml_draw_predictability,0.2391182736450738,ml_draw_skip_prob,0.2391822357456512,engine_draw_prob,0.2391822357456512,engine_draw_prob,0.2391822357456512,engine_draw_prob,4.180912503315715,0.2391822357456512,engine_draw_prob,4.180912503315715,2026_05_13,mls,match_odds,draw,4.4,340,0.0524018372808654,mls,2026_05_13,09:30 PM,San Diego FC,Austin FC,5.0,0.0,Loss
66299170,soccer,mls,2026_05_13,09:30 PM,Real Salt Lake,Houston Dynamo,match_odds,draw,4.0,300,0.0109401163465943,0.0036467054488647,0.2527350290866486,0.0109401163465943,engine_draw_prob,ml_draw_prob,0.7397994083932341,ml_draw_predictability,0.2516517834283608,ml_draw_skip_prob,0.2527350290866486,engine_draw_prob,0.2527350290866486,engine_draw_prob,0.2527350290866486,engine_draw_prob,3.9567130983539145,0.2527350290866486,engine_draw_prob,3.9567130983539145,2026_05_13,mls,match_odds,draw,4.0,300,0.0109401163465943,mls,2026_05_13,09:30 PM,Real Salt Lake,Houston Dynamo,3.0,0.0,Loss
61624646,soccer,laliga,2026_05_14,02:00 PM,Girona,Real Sociedad,btts,yes,1.62,-161,0.1511901438277191,0.2438550706898696,0.7106111998936537,0.1511901438277191,ml_btts_yes_prob,ml_btts_yes_prob,0.6573764075878158,ml_btts_predictability,0.2109988518591704,ml_btts_skip_prob,,,,,,,,,,,2026_05_14,laliga,btts,btts_yes,1.62,-161,0.1511901438277191,laliga,2026_05_14,02:00 PM,Girona,Real Sociedad,1.0,1.0,Win
61515278,soccer,bundesliga,2026_05_16,09:30 AM,Eintracht Frankfurt,VfB Stuttgart,btts,no,3.5,250,0.5073054146143035,0.2029221658457213,0.430658689889801,0.5073054146143035,ml_btts_no_prob,ml_btts_no_prob,0.5641993124255156,ml_btts_predictability,0.260888571970829,ml_btts_skip_prob,,,,,,,,,,,2026_05_16,bundesliga,btts,btts_no,3.5,250,0.5073054146143035,bundesliga,2026_05_16,09:30 AM,Eintracht Frankfurt,VfB Stuttgart,2.0,2.0,Loss
61515292,soccer,bundesliga,2026_05_16,09:30 AM,St Pauli,Wolfsburg,btts,yes,1.55,-182,0.0072801069606863,0.013236558110339,0.6498581335230235,0.0072801069606863,ml_btts_yes_prob,ml_btts_yes_prob,0.6512966733141199,ml_btts_predictability,0.2698012461578074,ml_btts_skip_prob,,,,,,,,,,,2026_05_16,bundesliga,btts,btts_yes,1.55,-182,0.0072801069606863,bundesliga,2026_05_16,09:30 AM,St Pauli,Wolfsburg,1.0,3.0,Win
61515296,soccer,bundesliga,2026_05_16,09:30 AM,Heidenheim,Mainz,match_odds,draw,4.1,310,0.2520806888943203,0.0813163512562323,0.3053855338766635,0.2520806888943203,engine_draw_prob,ml_draw_prob,0.5552913085737501,ml_1x2_predictability,0.2811255141835151,ml_1x2_skip_prob,0.3053855338766635,engine_draw_prob,0.3053855338766635,engine_draw_prob,0.3053855338766635,engine_draw_prob,3.2745493452347727,0.3053855338766635,engine_draw_prob,3.2745493452347727,2026_05_16,bundesliga,match_odds,draw,4.1,310,0.2520806888943203,bundesliga,2026_05_16,09:30 AM,Heidenheim,Mainz,0.0,2.0,Loss
61515278,soccer,bundesliga,2026_05_16,09:30 AM,Eintracht Frankfurt,VfB Stuttgart,total35,under,2.0,100,0.2207868049938341,0.2207868049938341,0.6103934024969171,0.2207868049938341,ml_under35_prob,ml_under35_prob,0.5747421979904175,ml_over35_predictability,0.3320475220680237,ml_over35_skip_prob,,,,,,,,,,,2026_05_16,bundesliga,total35,under35,2.0,100,0.2207868049938341,bundesliga,2026_05_16,09:30 AM,Eintracht Frankfurt,VfB Stuttgart,2.0,2.0,Loss
61515276,soccer,bundesliga,2026_05_16,09:30 AM,Leverkusen,Hamburg,total35,under,2.05,105,0.3276272649512032,0.3120259666201935,0.6476230560737577,0.3276272649512032,ml_under35_prob,ml_under35_prob,0.5949065089225769,ml_over35_predictability,0.2006302922964096,ml_over35_skip_prob,,,,,,,,,,,2026_05_16,bundesliga,total35,under35,2.05,105,0.3276272649512032,bundesliga,2026_05_16,09:30 AM,Leverkusen,Hamburg,1.0,1.0,Win
66299186,soccer,mls,2026_05_16,07:30 PM,Orlando City,Atlanta United,match_odds,draw,3.9,290,0.0342400513821592,0.01180691426971,0.2651897567646562,0.0342400513821592,engine_draw_prob,ml_draw_prob,0.5881358722042026,ml_draw_predictability,0.2646804952934986,ml_draw_skip_prob,0.2651897567646562,engine_draw_prob,0.2651897567646562,engine_draw_prob,0.2651897567646562,engine_draw_prob,3.770884713648477,0.2651897567646562,engine_draw_prob,3.770884713648477,2026_05_16,mls,match_odds,draw,3.9,290,0.0342400513821592,mls,2026_05_16,07:30 PM,Orlando City,Atlanta United,1.0,1.0,Win
66299190,soccer,mls,2026_05_16,08:30 PM,Austin FC,Sporting Kansas City,match_odds,draw,4.6,360,0.0274613311419468,0.0076281475394296,0.2233611589439015,0.0274613311419467,engine_draw_prob,ml_draw_prob,0.8797643472961192,ml_draw_predictability,0.2233356989709189,ml_draw_skip_prob,0.2233611589439015,engine_draw_prob,0.2233611589439015,engine_draw_prob,0.2233611589439015,engine_draw_prob,4.477054133888856,0.2233611589439015,engine_draw_prob,4.477054133888856,2026_05_16,mls,match_odds,draw,4.6,360,0.0274613311419467,mls,2026_05_16,08:30 PM,Austin FC,Sporting Kansas City,1.0,2.0,Loss
66299194,soccer,mls,2026_05_16,09:15 PM,Seattle Sounders,LA Galaxy,match_odds,draw,4.3,330,0.0122888175280223,0.0037238840994007,0.2354160040762843,0.0122888175280224,engine_draw_prob,ml_draw_prob,0.8837396472388096,ml_draw_predictability,0.235526697962269,ml_draw_skip_prob,0.2354160040762843,engine_draw_prob,0.2354160040762843,engine_draw_prob,0.2354160040762843,engine_draw_prob,4.247799566234926,0.2354160040762843,engine_draw_prob,4.247799566234926,2026_05_16,mls,match_odds,draw,4.3,330,0.0122888175280224,mls,2026_05_16,09:15 PM,Seattle Sounders,LA Galaxy,0.0,2.0,Loss
66299196,soccer,mls,2026_05_16,09:30 PM,Real Salt Lake,Colorado Rapids,match_odds,draw,4.4,340,0.0602780446796766,0.0177288366704931,0.2409722828817447,0.0602780446796766,engine_draw_prob,ml_draw_prob,0.7795297328918842,ml_draw_predictability,0.2401749735920778,ml_draw_skip_prob,0.2409722828817447,engine_draw_prob,0.2409722828817447,engine_draw_prob,0.2409722828817447,engine_draw_prob,4.149854863145163,0.2409722828817447,engine_draw_prob,4.149854863145163,2026_05_16,mls,match_odds,draw,4.4,340,0.0602780446796766,mls,2026_05_16,09:30 PM,Real Salt Lake,Colorado Rapids,2.0,1.0,Loss
66299198,soccer,mls,2026_05_16,09:30 PM,San Diego FC,FC Cincinnati,match_odds,draw,4.2,320,0.0935199296875504,0.0292249780273595,0.2603618880208453,0.0935199296875504,engine_draw_prob,ml_draw_prob,0.6401918355018287,ml_draw_predictability,0.2602649738131015,ml_draw_skip_prob,0.2603618880208453,engine_draw_prob,0.2603618880208453,engine_draw_prob,0.2603618880208453,engine_draw_prob,3.8408079139445217,0.2603618880208453,engine_draw_prob,3.8408079139445217,2026_05_16,mls,match_odds,draw,4.2,320,0.0935199296875504,mls,2026_05_16,09:30 PM,San Diego FC,FC Cincinnati,3.0,3.0,Win
66299200,soccer,mls,2026_05_16,10:30 PM,San Jose Earthquakes,FC Dallas,match_odds,draw,4.1,310,0.0450085710171085,0.0145188938764865,0.2548801392724655,0.0450085710171084,engine_draw_prob,ml_draw_prob,0.6050006106449688,ml_draw_predictability,0.2541009964695832,ml_draw_skip_prob,0.2548801392724655,engine_draw_prob,0.2548801392724655,engine_draw_prob,0.2548801392724655,engine_draw_prob,3.923412796518466,0.2548801392724655,engine_draw_prob,3.923412796518466,2026_05_16,mls,match_odds,draw,4.1,310,0.0450085710171084,mls,2026_05_16,10:30 PM,San Jose Earthquakes,FC Dallas,2.0,3.0,Loss
61301265,soccer,epl,2026_05_17,10:00 AM,Wolverhampton,Fulham,btts,yes,1.66,-152,0.011516253271133,0.0174488685926258,0.609347140524779,0.011516253271133,ml_btts_yes_prob,ml_btts_yes_prob,0.5609947252058131,ml_btts_predictability,0.257263337691319,ml_btts_skip_prob,,,,,,,,,,,2026_05_17,epl,btts,btts_yes,1.66,-152,0.011516253271133,epl,2026_05_17,10:00 AM,Wolverhampton,Fulham,1.0,1.0,Win
61301253,soccer,epl,2026_05_17,10:00 AM,Brentford,Crystal Palace,btts,yes,1.66,-152,1.7549339945854836e-05,2.6589909008955075e-05,0.6024202104457506,1.7549339945854836e-05,ml_btts_yes_prob,ml_btts_yes_prob,0.6077145001352747,ml_btts_predictability,0.2111231884596187,ml_btts_skip_prob,,,,,,,,,,,2026_05_17,epl,btts,btts_yes,1.66,-152,1.7549339945854836e-05,epl,2026_05_17,10:00 AM,Brentford,Crystal Palace,2.0,2.0,Win
61624660,soccer,laliga,2026_05_17,01:00 PM,Atletico Madrid,Girona,btts,yes,1.64,-156,0.1280796083650811,0.2001243880704395,0.6878534197348056,0.1280796083650811,ml_btts_yes_prob,ml_btts_yes_prob,0.6711220919296669,ml_btts_predictability,0.2294413077055196,ml_btts_skip_prob,,,,,,,,,,,2026_05_17,laliga,btts,btts_yes,1.64,-156,0.1280796083650811,laliga,2026_05_17,01:00 PM,Atletico Madrid,Girona,1.0,0.0,Loss
61624666,soccer,laliga,2026_05_17,01:00 PM,Levante,Mallorca,btts,yes,1.64,-156,0.016622840861671,0.025973188846361,0.6198919761351653,0.016622840861671,ml_btts_yes_prob,ml_btts_yes_prob,0.6053439141636174,ml_btts_predictability,0.1952436718718319,ml_btts_skip_prob,,,,,,,,,,,2026_05_17,laliga,btts,btts_yes,1.64,-156,0.016622840861671,laliga,2026_05_17,01:00 PM,Levante,Mallorca,2.0,0.0,Loss
61624668,soccer,laliga,2026_05_17,01:00 PM,Vallecano,Villarreal,btts,yes,1.55,-182,0.0254158817313714,0.0462106940570389,0.6615586333750784,0.0254158817313714,ml_btts_yes_prob,ml_btts_yes_prob,0.6714436800605039,ml_btts_predictability,0.1863515889014244,ml_btts_skip_prob,,,,,,,,,,,2026_05_17,laliga,btts,btts_yes,1.55,-182,0.0254158817313714,laliga,2026_05_17,01:00 PM,Vallecano,Villarreal,2.0,0.0,Loss
61624670,soccer,laliga,2026_05_17,01:00 PM,Real Sociedad,Valencia,btts,yes,1.64,-156,0.0146988051534251,0.0229668830522267,0.6187187836301373,0.0146988051534251,ml_btts_yes_prob,ml_btts_yes_prob,0.5662716757577039,ml_btts_predictability,0.1960907950627114,ml_btts_skip_prob,,,,,,,,,,,2026_05_17,laliga,btts,btts_yes,1.64,-156,0.0146988051534251,laliga,2026_05_17,01:00 PM,Real Sociedad,Valencia,3.0,4.0,Win
61512162,soccer,ligue1,2026_05_17,03:00 PM,Nantes,Toulouse,btts,no,2.25,125,0.0861423595438732,0.0689138876350986,0.4827299375750548,0.0861423595438732,ml_btts_no_prob,ml_btts_no_prob,0.6573713629916439,ml_btts_predictability,0.1278020277562485,ml_btts_skip_prob,,,,,,,,,,,2026_05_17,ligue1,btts,btts_no,2.25,125,0.0861423595438732,,,,,,,,Missing Score
61512174,soccer,ligue1,2026_05_17,03:00 PM,Marseille,Rennes,btts,no,2.8,180,0.3127979428086014,0.1737766348936674,0.4688564081459291,0.3127979428086014,ml_btts_no_prob,ml_btts_no_prob,0.5264956673510149,ml_btts_predictability,0.2450771454744572,ml_btts_skip_prob,,,,,,,,,,,2026_05_17,ligue1,btts,btts_no,2.8,180,0.3127979428086014,ligue1,2026_05_17,03:00 PM,Marseille,Rennes,3.0,1.0,Loss
61512256,soccer,ligue1,2026_05_17,03:00 PM,Lyon,Lens,btts,no,2.4,140,0.1497570988870512,0.1069693563478936,0.4790654578696047,0.1497570988870512,ml_btts_no_prob,ml_btts_no_prob,0.5175706480840998,ml_btts_predictability,0.2992396590597106,ml_btts_skip_prob,,,,,,,,,,,2026_05_17,ligue1,btts,btts_no,2.4,140,0.1497570988870512,ligue1,2026_05_17,03:00 PM,Lyon,Lens,0.0,4.0,Win
61512174,soccer,ligue1,2026_05_17,03:00 PM,Marseille,Rennes,total35,under,1.64,-156,0.2104702482505843,0.3288597628915383,0.7380916147869417,0.2104702482505843,ml_under35_prob,ml_under35_prob,0.588,ml_over35_predictability,0.2529815727868337,ml_over35_skip_prob,,,,,,,,,,,2026_05_17,ligue1,total35,under35,1.64,-156,0.2104702482505843,ligue1,2026_05_17,03:00 PM,Marseille,Rennes,3.0,1.0,Loss
61512166,soccer,ligue1,2026_05_17,03:00 PM,Nice,Metz,total35,under,1.58,-172,0.2018783592710082,0.3480661366741521,0.7606825058677267,0.2018783592710082,ml_under35_prob,ml_under35_prob,0.659,ml_over35_predictability,0.2443010495437964,ml_over35_skip_prob,,,,,,,,,,,2026_05_17,ligue1,total35,under35,1.58,-172,0.2018783592710082,ligue1,2026_05_17,03:00 PM,Nice,Metz,0.0,0.0,Win
66299202,soccer,mls,2026_05_17,06:00 PM,Inter Miami,Portland Timbers,match_odds,draw,6.0,500,0.0775155835863168,0.0155031167172634,0.1795859305977195,0.0775155835863168,engine_draw_prob,ml_draw_prob,0.8416719288335125,ml_draw_predictability,0.1803528792945696,ml_draw_skip_prob,0.1795859305977195,engine_draw_prob,0.1795859305977195,engine_draw_prob,0.1795859305977195,engine_draw_prob,5.568364941906528,0.1795859305977195,engine_draw_prob,5.568364941906528,2026_05_17,mls,match_odds,draw,6.0,500,0.0775155835863168,mls,2026_05_17,06:00 PM,Inter Miami,Portland Timbers,2.0,0.0,Loss
61061677,soccer,seriea,2026_05_17,06:00 AM,Pisa,Napoli,match_odds,away,1.34,-294,0.0170932707206958,0.0502743256491055,0.7590248288960416,0.0170932707206961,engine_away_prob,ml_away_prob,0.747627218351472,ml_1x2_predictability,0.2205102551903986,ml_1x2_skip_prob,0.7590248288960416,engine_away_prob,0.7590248288960416,engine_away_prob,0.7590248288960416,engine_away_prob,1.3174799584019443,0.7590248288960416,engine_away_prob,1.3174799584019443,2026_05_17,seriea,match_odds,away,1.34,-294,0.0170932707206961,seriea,2026_05_17,06:00 AM,Pisa,Napoli,0.0,3.0,Win
61061667,soccer,seriea,2026_05_17,02:45 PM,Cagliari,Torino,total25,over,2.15,115,0.0095689323469834,0.0083208107365073,0.4695669452776667,0.0095689323469834,ml_over25_prob,ml_over25_prob,0.5016021947012277,ml_over25_predictability,0.2036675751166167,ml_over25_skip_prob,,,,,,,,,,,2026_05_17,seriea,total25,over25,2.15,115,0.0095689323469834,seriea,2026_05_17,02:45 PM,Cagliari,Torino,2.0,1.0,Win
61061675,soccer,seriea,2026_05_17,06:30 AM,Juventus,Fiorentina,total25,under,2.3,130,0.0173336284059103,0.0133335603122388,0.442318968872135,0.0173336284059103,ml_under25_prob,ml_under25_prob,0.5496310727424426,ml_over25_predictability,0.2885794677131174,ml_over25_skip_prob,,,,,,,,,,,2026_05_17,seriea,total25,under25,2.3,130,0.0173336284059103,seriea,2026_05_17,06:00 AM,Juventus,Fiorentina,0.0,2.0,Win
61061673,soccer,seriea,2026_05_17,09:00 AM,Inter Milan,Verona,total35,under,1.55,-182,0.141789373355098,0.2577988606456325,0.7366383053903858,0.141789373355098,ml_under35_prob,ml_under35_prob,0.6352626679455665,ml_over35_predictability,0.2355102231834666,ml_over35_skip_prob,,,,,,,,,,,2026_05_17,seriea,total35,under35,1.55,-182,0.141789373355098,seriea,2026_05_17,09:00 AM,Inter Milan,Verona,1.0,1.0,Win
61301249,soccer,epl,2026_05_18,03:00 PM,Arsenal,Burnley,btts,yes,2.55,155,0.1430230942754558,0.0922729640486811,0.4482443506962572,0.1430230942754558,ml_btts_yes_prob,ml_btts_yes_prob,0.6079408989262993,ml_btts_predictability,0.3043534156941207,ml_btts_skip_prob,,,,,,,,,,,2026_05_18,epl,btts,btts_yes,2.55,155,0.1430230942754558,,,,,,,,Missing Score
61301247,soccer,epl,2026_05_19,02:30 PM,Bournemouth,Manchester City,btts,no,2.75,175,0.1134225860571608,0.0648129063183776,0.4048809403844221,0.1134225860571608,ml_btts_no_prob,ml_btts_no_prob,0.5621323004218223,ml_btts_predictability,0.2945496378798432,ml_btts_skip_prob,,,,,,,,,,,2026_05_19,epl,btts,btts_no,2.75,175,0.1134225860571608,epl,2026_05_19,02:30 PM,Bournemouth,Manchester City,1.0,1.0,Loss
61061689,soccer,seriea,2026_05_22,02:45 PM,Fiorentina,Atalanta,btts,no,2.5,150,0.1316119562475897,0.0877413041650598,0.4526447824990359,0.1316119562475897,ml_btts_no_prob,ml_btts_no_prob,0.5125830483910886,ml_btts_predictability,0.240322312606288,ml_btts_skip_prob,,,,,,,,,,,2026_05_22,seriea,btts,btts_no,2.5,150,0.1316119562475897,seriea,2026_05_22,02:45 PM,Fiorentina,Atalanta,1.0,1.0,Loss
61624678,soccer,laliga,2026_05_23,03:00 PM,Alaves,Vallecano,btts,yes,1.74,-135,0.2479333475070205,0.3350450641986763,0.7172030732798969,0.2479333475070205,ml_btts_yes_prob,ml_btts_yes_prob,0.7156544697288553,ml_btts_predictability,0.2068400155160429,ml_btts_skip_prob,,,,,,,,,,,2026_05_23,laliga,btts,btts_yes,1.74,-135,0.2479333475070205,laliga,2026_05_23,03:00 PM,Alaves,Vallecano,1.0,2.0,Win
61624696,soccer,laliga,2026_05_23,03:00 PM,Girona,Elche,btts,yes,1.64,-156,0.0856150815704797,0.1337735649538745,0.661960415591756,0.0856150815704797,ml_btts_yes_prob,ml_btts_yes_prob,0.6260880817149572,ml_btts_predictability,0.2504535607810466,ml_btts_skip_prob,,,,,,,,,,,2026_05_23,laliga,btts,btts_yes,1.64,-156,0.0856150815704797,laliga,2026_05_23,03:00 PM,Girona,Elche,1.0,1.0,Win
61624684,soccer,laliga,2026_05_23,03:00 PM,Espanyol,Real Sociedad,btts,yes,1.58,-172,0.0995009561580569,0.1715533726863049,0.6958866811126942,0.0995009561580569,ml_btts_yes_prob,ml_btts_yes_prob,0.658861024052967,ml_btts_predictability,0.1965203605521189,ml_btts_skip_prob,,,,,,,,,,,2026_05_23,laliga,btts,btts_yes,1.58,-172,0.0995009561580569,laliga,2026_05_23,03:00 PM,Espanyol,Real Sociedad,1.0,1.0,Win
61624682,soccer,laliga,2026_05_23,03:00 PM,Celta Vigo,Sevilla,btts,yes,1.83,-120,0.3702937083854571,0.4461369980547676,0.7487943761669165,0.3702937083854571,ml_btts_yes_prob,ml_btts_yes_prob,0.7270614172651446,ml_btts_predictability,0.2592478140252044,ml_btts_skip_prob,,,,,,,,,,,2026_05_23,laliga,btts,btts_yes,1.83,-120,0.3702937083854571,laliga,2026_05_23,03:00 PM,Celta Vigo,Sevilla,1.0,0.0,Loss
61624696,soccer,laliga,2026_05_23,03:00 PM,Girona,Elche,match_odds,home,1.76,-132,0.0635581761909271,0.0836291791985884,0.6042944182902995,0.0635581761909271,engine_home_prob,ml_home_prob,0.6360784441282362,ml_1x2_predictability,0.3128796720168552,ml_1x2_skip_prob,0.6042944182902995,engine_home_prob,0.6042944182902995,engine_home_prob,0.6042944182902995,engine_home_prob,1.6548224999814674,0.6042944182902995,engine_home_prob,1.6548224999814674,2026_05_23,laliga,match_odds,home,1.76,-132,0.0635581761909271,laliga,2026_05_23,03:00 PM,Girona,Elche,1.0,1.0,Loss
61624688,soccer,laliga,2026_05_23,03:00 PM,Mallorca,Real Oviedo,total25,under,1.86,-116,0.082565232169526,0.0960060839180535,0.5820243183707129,0.082565232169526,ml_under25_prob,ml_under25_prob,0.5127484094604761,ml_over25_predictability,0.2278667247412212,ml_over25_skip_prob,,,,,,,,,,,2026_05_23,laliga,total25,under25,1.86,-116,0.082565232169526,laliga,2026_05_23,03:00 PM,Mallorca,Real Oviedo,3.0,0.0,Loss
66299210,soccer,mls,2026_05_23,07:30 PM,FC Cincinnati,Orlando City,match_odds,draw,4.6,360,0.1025923868239185,0.0284978852288663,0.2396939971356345,0.1025923868239184,engine_draw_prob,ml_draw_prob,0.80627128668702,ml_draw_predictability,0.2399693190738061,ml_draw_skip_prob,0.2396939971356345,engine_draw_prob,0.2396939971356345,engine_draw_prob,0.2396939971356345,engine_draw_prob,4.171985998606944,0.2396939971356345,engine_draw_prob,4.171985998606944,2026_05_23,mls,match_odds,draw,4.6,360,0.1025923868239184,mls,2026_05_23,07:30 PM,FC Cincinnati,Orlando City,6.0,2.0,Loss
66299214,soccer,mls,2026_05_23,08:30 PM,Chicago Fire,Toronto FC,match_odds,draw,4.8,380,0.0593549172912813,0.015619715076653,0.2206989411023503,0.0593549172912812,engine_draw_prob,ml_draw_prob,0.8573216500340294,ml_draw_predictability,0.2212438351494033,ml_draw_skip_prob,0.2206989411023503,engine_draw_prob,0.2206989411023503,engine_draw_prob,0.2206989411023503,engine_draw_prob,4.531059347204773,0.2206989411023503,engine_draw_prob,4.531059347204773,2026_05_23,mls,match_odds,draw,4.8,380,0.0593549172912812,mls,2026_05_23,08:30 PM,Chicago Fire,Toronto FC,2.0,1.0,Loss
61301267,soccer,epl,2026_05_24,11:00 AM,Brighton,Manchester United,btts,no,2.7,170,0.0485979538843401,0.0285870316966706,0.3883696125497556,0.0485979538843401,ml_btts_no_prob,ml_btts_no_prob,0.5845120005408381,ml_btts_predictability,0.2678588884582487,ml_btts_skip_prob,,,,,,,,,,,2026_05_24,epl,btts,btts_no,2.7,170,0.0485979538843401,epl,2026_05_24,11:00 AM,Brighton,Manchester United,0.0,3.0,Win
61301275,soccer,epl,2026_05_24,11:00 AM,Liverpool,Brentford,btts,no,2.8,180,0.1535139573143846,0.0852855318413248,0.4119692704694231,0.1535139573143846,ml_btts_no_prob,ml_btts_no_prob,0.5923773988022119,ml_btts_predictability,0.2712872480018771,ml_btts_skip_prob,,,,,,,,,,,2026_05_24,epl,btts,btts_no,2.8,180,0.1535139573143846,epl,2026_05_24,11:00 AM,Liverpool,Brentford,1.0,1.0,Loss
61301273,soccer,epl,2026_05_24,11:00 AM,Fulham,Newcastle,btts,no,2.7,170,0.1917789009080467,0.112811118181204,0.4413995929289062,0.1917789009080467,ml_btts_no_prob,ml_btts_no_prob,0.5318605553341855,ml_btts_predictability,0.2901770469895383,ml_btts_skip_prob,,,,,,,,,,,2026_05_24,epl,btts,btts_no,2.7,170,0.1917789009080467,epl,2026_05_24,11:00 AM,Fulham,Newcastle,2.0,0.0,Win
61301277,soccer,epl,2026_05_24,11:00 AM,Manchester City,Aston Villa,btts,no,2.45,145,0.103138775491375,0.0711301899940517,0.4502607246903571,0.103138775491375,ml_btts_no_prob,ml_btts_no_prob,0.585116395779214,ml_btts_predictability,0.2725408135330162,ml_btts_skip_prob,,,,,,,,,,,2026_05_24,epl,btts,btts_no,2.45,145,0.103138775491375,epl,2026_05_24,11:00 AM,Manchester City,Aston Villa,1.0,2.0,Loss
61301281,soccer,epl,2026_05_24,11:00 AM,Sunderland,Chelsea,btts,yes,1.62,-161,0.062800839834849,0.1012916771529825,0.6560499011326228,0.062800839834849,ml_btts_yes_prob,ml_btts_yes_prob,0.6054735617050381,ml_btts_predictability,0.2632650297244996,ml_btts_skip_prob,,,,,,,,,,,2026_05_24,epl,btts,btts_yes,1.62,-161,0.062800839834849,epl,2026_05_24,11:00 AM,Sunderland,Chelsea,2.0,1.0,Win
61301275,soccer,epl,2026_05_24,11:00 AM,Liverpool,Brentford,match_odds,home,1.83,-120,0.2026492185196959,0.2441556849634891,0.6571853653113092,0.2026492185196957,engine_home_prob,ml_home_prob,0.6404200621960107,ml_1x2_predictability,0.2484933229172702,ml_1x2_skip_prob,0.6571853653113092,engine_home_prob,0.6571853653113092,engine_home_prob,0.6571853653113092,engine_home_prob,1.5216407010620197,0.6571853653113092,engine_home_prob,1.5216407010620197,2026_05_24,epl,match_odds,home,1.83,-120,0.2026492185196957,epl,2026_05_24,11:00 AM,Liverpool,Brentford,1.0,1.0,Loss
61301285,soccer,epl,2026_05_24,11:00 AM,West Ham,Leeds,match_odds,home,1.74,-135,0.0637356501531329,0.0861292569636932,0.6113423276742144,0.0637356501531329,engine_home_prob,ml_home_prob,0.7017392732002837,ml_1x2_predictability,0.2487695429273076,ml_1x2_skip_prob,0.6113423276742144,engine_home_prob,0.6113423276742144,engine_home_prob,0.6113423276742144,engine_home_prob,1.635744745181299,0.6113423276742144,engine_home_prob,1.635744745181299,2026_05_24,epl,match_odds,home,1.74,-135,0.0637356501531329,epl,2026_05_24,11:00 AM,West Ham,Leeds,3.0,0.0,Win
61301271,soccer,epl,2026_05_24,11:00 AM,Crystal Palace,Arsenal,match_odds,away,1.95,-105,0.0444238645657693,0.0467619627008097,0.5356019818285996,0.0444238645657693,engine_away_prob,ml_away_prob,0.5668237089945869,ml_1x2_predictability,0.2424587194091267,ml_1x2_skip_prob,0.5356019818285996,engine_away_prob,0.5356019818285996,engine_away_prob,0.5356019818285996,engine_away_prob,1.867058065367679,0.5356019818285996,engine_away_prob,1.867058065367679,2026_05_24,epl,match_odds,away,1.95,-105,0.0444238645657693,epl,2026_05_24,11:00 AM,Crystal Palace,Arsenal,1.0,2.0,Win
61301277,soccer,epl,2026_05_24,11:00 AM,Manchester City,Aston Villa,total35,under,2.0,100,0.0020314879140119,0.0020314879140119,0.501015743957006,0.0020314879140119,ml_under35_prob,ml_under35_prob,0.5364198684692383,ml_over35_predictability,0.3936766386032104,ml_over35_skip_prob,,,,,,,,,,,2026_05_24,epl,total35,under35,2.0,100,0.0020314879140119,epl,2026_05_24,11:00 AM,Manchester City,Aston Villa,1.0,2.0,Win
66299232,soccer,mls,2026_05_24,07:00 PM,Inter Miami,Philadelphia Union,match_odds,draw,5.5,450,0.1138745597912739,0.0253054577313942,0.2025226472347771,0.113874559791274,engine_draw_prob,ml_draw_prob,0.8457344317304263,ml_draw_predictability,0.2029211415179226,ml_draw_skip_prob,0.2025226472347771,engine_draw_prob,0.2025226472347771,engine_draw_prob,0.2025226472347771,engine_draw_prob,4.937719379308412,0.2025226472347771,engine_draw_prob,4.937719379308412,2026_05_24,mls,match_odds,draw,5.5,450,0.113874559791274,mls,2026_05_24,07:00 PM,Inter Miami,Philadelphia Union,6.0,4.0,Loss
61061699,soccer,seriea,2026_05_24,09:00 AM,Parma,Sassuolo,btts,no,2.25,125,0.0186199367792208,0.0148959494233766,0.4527199719018759,0.0186199367792208,ml_btts_no_prob,ml_btts_no_prob,0.5125419124384029,ml_btts_predictability,0.2251491945189311,ml_btts_skip_prob,,,,,,,,,,,2026_05_24,seriea,btts,btts_no,2.25,125,0.0186199367792208,seriea,2026_05_24,09:00 AM,Parma,Sassuolo,1.0,0.0,Win
61061703,soccer,seriea,2026_05_24,02:45 PM,Verona,Roma,match_odds,away,1.32,-312,0.0321798520422759,0.1005620376321125,0.7819544333653605,0.0321798520422758,engine_away_prob,ml_away_prob,0.7774944143378887,ml_1x2_predictability,0.2115992523592328,ml_1x2_skip_prob,0.7819544333653605,engine_away_prob,0.7819544333653605,engine_away_prob,0.7819544333653605,engine_away_prob,1.2788468960988164,0.7819544333653605,engine_away_prob,1.2788468960988164,2026_05_24,seriea,match_odds,away,1.32,-312,0.0321798520422758,seriea,2026_05_24,02:45 PM,Verona,Roma,0.0,2.0,Win
61061699,soccer,seriea,2026_05_24,09:00 AM,Parma,Sassuolo,total25,over,1.83,-120,0.0991726026677757,0.1194850634551514,0.6006407664851233,0.0991726026677757,ml_over25_prob,ml_over25_prob,0.51911299698371,ml_over25_predictability,0.2043555831722981,ml_over25_skip_prob,,,,,,,,,,,2026_05_24,seriea,total25,over25,1.83,-120,0.0991726026677757,seriea,2026_05_24,09:00 AM,Parma,Sassuolo,1.0,0.0,Loss
61061697,soccer,seriea,2026_05_24,12:00 PM,Napoli,Udinese,total25,over,1.8,-125,0.1945499799369372,0.2431874749211715,0.6636388777427429,0.1945499799369372,ml_over25_prob,ml_over25_prob,0.5262909684657877,ml_over25_predictability,0.2229302439621037,ml_over25_skip_prob,,,,,,,,,,,2026_05_24,seriea,total25,over25,1.8,-125,0.1945499799369372,seriea,2026_05_24,12:00 PM,Napoli,Udinese,1.0,0.0,Loss
61061703,soccer,seriea,2026_05_24,02:45 PM,Verona,Roma,total25,over,1.74,-135,0.022702473654136,0.0306790184515353,0.5877600423299633,0.022702473654136,ml_over25_prob,ml_over25_prob,0.5352635300248426,ml_over25_predictability,0.2564861185466761,ml_over25_skip_prob,,,,,,,,,,,2026_05_24,seriea,total25,over25,1.74,-135,0.022702473654136,seriea,2026_05_24,02:45 PM,Verona,Roma,0.0,2.0,Loss
61061693,soccer,seriea,2026_05_24,02:45 PM,Lecce,Genoa,total25,under,1.57,-175,0.0484871285486364,0.0850651378046251,0.6678261965277938,0.0484871285486364,ml_under25_prob,ml_under25_prob,0.5027389794910893,ml_over25_predictability,0.1913492882747517,ml_over25_skip_prob,,,,,,,,,,,2026_05_24,seriea,total25,under25,1.57,-175,0.0484871285486364,seriea,2026_05_24,02:45 PM,Lecce,Genoa,1.0,0.0,Win
66299240,soccer,mls,2026_07_16,08:30 PM,St Louis City,Sporting Kansas City,match_odds,draw,5.1,410,0.0827442379108566,0.0201815214416723,0.2123027917472268,0.0827442379108567,engine_draw_prob,ml_draw_prob,0.8714304848085439,ml_draw_predictability,0.2125886132455936,ml_draw_skip_prob,0.2123027917472268,engine_draw_prob,0.2123027917472268,engine_draw_prob,0.2123027917472268,engine_draw_prob,4.710253651259687,0.2123027917472268,engine_draw_prob,4.710253651259687,2026_07_16,mls,match_odds,draw,5.1,410,0.0827442379108567,mls,2026_07_16,08:30 PM,St Louis City,Sporting Kansas City,3.0,2.0,Loss
66299242,soccer,mls,2026_07_16,10:30 PM,Seattle Sounders,Portland Timbers,match_odds,draw,5.0,400,0.0708866997455104,0.0177216749363776,0.2141773399491021,0.0708866997455104,engine_draw_prob,ml_draw_prob,0.8986742386835184,ml_draw_predictability,0.2148038178584575,ml_draw_skip_prob,0.2141773399491021,engine_draw_prob,0.2141773399491021,engine_draw_prob,0.2141773399491021,engine_draw_prob,4.669028013129885,0.2141773399491021,engine_draw_prob,4.669028013129885,2026_07_16,mls,match_odds,draw,5.0,400,0.0708866997455104,mls,2026_07_16,10:30 PM,Seattle Sounders,Portland Timbers,1.0,5.0,Loss
66299256,soccer,mls,2026_07_22,07:30 PM,Philadelphia Union,New York Red Bulls,match_odds,draw,4.3,330,0.0380151204439317,0.011519733467858,0.241398865219519,0.0380151204439316,engine_draw_prob,ml_draw_prob,0.8571172454855015,ml_draw_predictability,0.2414888362532096,ml_draw_skip_prob,0.241398865219519,engine_draw_prob,0.241398865219519,engine_draw_prob,0.241398865219519,engine_draw_prob,4.14252154454263,0.241398865219519,engine_draw_prob,4.14252154454263,2026_07_22,mls,match_odds,draw,4.3,330,0.0380151204439316,mls,2026_07_22,07:30 PM,Philadelphia Union,New York Red Bulls,3.0,1.0,Loss
66299266,soccer,mls,2026_07_22,08:30 PM,Nashville SC,CF Montreal,match_odds,draw,4.6,360,0.0013440832812335,0.0003733564670093,0.2176834963654856,0.0013440832812336,engine_draw_prob,ml_draw_prob,0.8717363956215576,ml_draw_predictability,0.2175194761123856,ml_draw_skip_prob,0.2176834963654856,engine_draw_prob,0.2176834963654856,engine_draw_prob,0.2176834963654856,engine_draw_prob,4.593825515927137,0.2176834963654856,engine_draw_prob,4.593825515927137,2026_07_22,mls,match_odds,draw,4.6,360,0.0013440832812336,mls,2026_07_22,08:30 PM,Nashville SC,CF Montreal,1.0,0.0,Loss
66299272,soccer,mls,2026_07_22,10:30 PM,Los Angeles FC,Real Salt Lake,match_odds,draw,4.2,320,0.0177006434178412,0.0055314510680753,0.2423096770042479,0.0177006434178412,engine_draw_prob,ml_draw_prob,0.8241456814382314,ml_draw_predictability,0.2422334439426273,ml_draw_skip_prob,0.2423096770042479,engine_draw_prob,0.2423096770042479,engine_draw_prob,0.2423096770042479,engine_draw_prob,4.126950323913267,0.2423096770042479,engine_draw_prob,4.126950323913267,2026_07_22,mls,match_odds,draw,4.2,320,0.0177006434178412,mls,2026_07_22,10:30 PM,Los Angeles FC,Real Salt Lake,3.0,1.0,Loss
66299276,soccer,mls,2026_07_22,10:30 PM,San Jose Earthquakes,Orlando City,match_odds,draw,4.8,380,0.0963404282235137,0.0253527442693457,0.2284042558798987,0.0963404282235136,engine_draw_prob,ml_draw_prob,0.7213081112903292,ml_draw_predictability,0.2283126979641808,ml_draw_skip_prob,0.2284042558798987,engine_draw_prob,0.2284042558798987,engine_draw_prob,0.2284042558798987,engine_draw_prob,4.378202131775635,0.2284042558798987,engine_draw_prob,4.378202131775635,2026_07_22,mls,match_odds,draw,4.8,380,0.0963404282235136,mls,2026_07_22,10:30 PM,San Jose Earthquakes,Orlando City,0.0,4.0,Loss
66299278,soccer,mls,2026_07_25,07:15 PM,Columbus Crew,FC Cincinnati,match_odds,draw,4.1,310,0.0562086769257691,0.0181318312663771,0.2576118724209193,0.0562086769257692,engine_draw_prob,ml_draw_prob,0.7342726765757936,ml_draw_predictability,0.2573075437116743,ml_draw_skip_prob,0.2576118724209193,engine_draw_prob,0.2576118724209193,engine_draw_prob,0.2576118724209193,engine_draw_prob,3.881808670549437,0.2576118724209193,engine_draw_prob,3.881808670549437,2026_07_25,mls,match_odds,draw,4.1,310,0.0562086769257692,mls,2026_07_25,07:00 PM,Columbus Crew,FC Cincinnati,2.0,1.0,Loss
66299306,soccer,mls,2026_07_25,10:30 PM,San Jose Earthquakes,LA Galaxy,match_odds,draw,4.3,330,0.0919660542020296,0.0278685012733422,0.253945594000472,0.0919660542020295,engine_draw_prob,ml_draw_prob,0.5970933070236666,ml_draw_predictability,0.2534353196710356,ml_draw_skip_prob,0.253945594000472,engine_draw_prob,0.253945594000472,engine_draw_prob,0.253945594000472,engine_draw_prob,3.937851349364783,0.253945594000472,engine_draw_prob,3.937851349364783,2026_07_25,mls,match_odds,draw,4.3,330,0.0919660542020295,mls,2026_07_25,10:30 PM,San Jose Earthquakes,LA Galaxy,1.0,1.0,Win
66299310,soccer,mls,2026_08_01,07:30 PM,FC Cincinnati,San Jose Earthquakes,match_odds,draw,4.4,340,0.1369168109767382,0.0402696502872759,0.258390184312895,0.136916810976738,engine_draw_prob,ml_draw_prob,0.6959784493246891,ml_draw_predictability,0.2587232985446507,ml_draw_skip_prob,0.258390184312895,engine_draw_prob,0.258390184312895,engine_draw_prob,0.258390184312895,engine_draw_prob,3.8701160520442217,0.258390184312895,engine_draw_prob,3.8701160520442217,2026_08_01,mls,match_odds,draw,4.4,340,0.136916810976738,mls,2026_08_01,09:46 PM,FC Cincinnati,San Jose Earthquakes,4.0,2.0,Loss
66299314,soccer,mls,2026_08_01,07:30 PM,Inter Miami,Columbus Crew,match_odds,draw,4.4,340,0.0375466659063846,0.0110431370312895,0.2358060604332692,0.0375466659063845,engine_draw_prob,ml_draw_prob,0.7255758909842056,ml_draw_predictability,0.2358421959354997,ml_draw_skip_prob,0.2358060604332692,engine_draw_prob,0.2358060604332692,engine_draw_prob,0.2358060604332692,engine_draw_prob,4.24077310889552,0.2358060604332692,engine_draw_prob,4.24077310889552,2026_08_01,mls,match_odds,draw,4.4,340,0.0375466659063845,mls,2026_08_01,08:10 PM,Inter Miami,Columbus Crew,2.0,2.0,Win
66299324,soccer,mls,2026_08_01,08:30 PM,Chicago Fire,Charlotte FC,match_odds,draw,4.5,350,0.0098255930746291,0.0028073123070369,0.2244056873499176,0.0098255930746291,engine_draw_prob,ml_draw_prob,0.872636496962465,ml_draw_predictability,0.2246790589620343,ml_draw_skip_prob,0.2244056873499176,engine_draw_prob,0.2244056873499176,engine_draw_prob,0.2244056873499176,engine_draw_prob,4.456215044321457,0.2244056873499176,engine_draw_prob,4.456215044321457,2026_08_01,mls,match_odds,draw,4.5,350,0.0098255930746291,mls,2026_08_01,08:30 PM,Chicago Fire,Charlotte FC,2.0,1.0,Loss
66299328,soccer,mls,2026_08_01,08:30 PM,Minnesota United,San Diego FC,match_odds,draw,4.0,300,0.050854077594578,0.0169513591981926,0.2627135193986445,0.050854077594578,engine_draw_prob,ml_draw_prob,0.5662070969312122,ml_draw_predictability,0.2624667788459142,ml_draw_skip_prob,0.2627135193986445,engine_draw_prob,0.2627135193986445,engine_draw_prob,0.2627135193986445,engine_draw_prob,3.806427633754883,0.2627135193986445,engine_draw_prob,3.806427633754883,2026_08_01,mls,match_odds,draw,4.0,300,0.050854077594578,mls,2026_08_01,08:30 PM,Minnesota United,San Diego FC,1.0,1.0,Win
69829676,soccer,mls,2026_08_08,04:30 PM,New England Revolution,Houston Dynamo,btts,yes,1.667,-150,0.0015601916909218,0.002339117977394,0.6008159518241882,0.0015601916909218,ml_btts_yes_prob,ml_btts_yes_prob,0.5055724382400513,ml_btts_predictability,0.2966928780078888,ml_btts_skip_prob,,,,,,,,,,,2026_08_08,mls,btts,btts_yes,1.667,-150,0.0015601916909218,mls,2026_08_08,04:30 PM,New England Revolution,Houston Dynamo,0.0,2.0,Loss
69829676,soccer,mls,2026_08_08,04:30 PM,New England Revolution,Houston Dynamo,total35,over,3.1,210,0.0370201706444135,0.0176286526878159,0.3345226356917463,0.0370201706444135,ml_over35_prob,ml_over35_prob,0.822373628018793,ml_over35_predictability,0.2660068212162491,ml_over35_skip_prob,,,,,,,,,,,2026_08_08,mls,total35,over35,3.1,210,0.0370201706444135,mls,2026_08_08,04:30 PM,New England Revolution,Houston Dynamo,0.0,2.0,Loss
761712,soccer,mls,2026_08_15,07:30 PM,Atlanta United,New York Red Bulls,btts,no,3.25,225,0.2332863807678222,0.1036828358968098,0.3794727325439453,0.2332863807678222,ml_btts_no_prob,ml_btts_no_prob,0.597560465335846,ml_btts_predictability,0.3455631136894226,ml_btts_skip_prob,,,,,,,,,,,2026_08_15,mls,btts,btts_no,3.25,225,0.2332863807678222,mls,2026_08_15,07:30 PM,Atlanta United,New York Red Bulls,2.0,1.0,Loss
761719,soccer,mls,2026_08_15,09:30 PM,Real Salt Lake,Minnesota United,btts,yes,1.57,-175,0.0030744689702987,0.0053938052110505,0.6389009356498718,0.0030744689702987,ml_btts_yes_prob,ml_btts_yes_prob,0.6056194305419922,ml_btts_predictability,0.3332510888576507,ml_btts_skip_prob,,,,,,,,,,,2026_08_15,mls,btts,btts_yes,1.57,-175,0.0030744689702987,mls,2026_08_15,09:30 PM,Real Salt Lake,Minnesota United,1.0,1.0,Win
761721,soccer,mls,2026_08_15,10:30 PM,San Jose Earthquakes,St Louis City,btts,no,2.9,190,0.0650112450122831,0.0342164447433068,0.3672452569007873,0.0650112450122831,ml_btts_no_prob,ml_btts_no_prob,0.6081130504608154,ml_btts_predictability,0.3421902656555176,ml_btts_skip_prob,,,,,,,,,,,2026_08_15,mls,btts,btts_no,2.9,190,0.0650112450122831,mls,2026_08_15,10:30 PM,San Jose Earthquakes,St Louis City,1.0,3.0,Loss
761712,soccer,mls,2026_08_15,07:30 PM,Atlanta United,New York Red Bulls,match_odds,draw,3.85,285,0.0339336670726448,0.0119065498500508,0.268554199239648,0.0339336670726448,engine_draw_prob,ml_draw_prob,0.5005183300111762,ml_draw_predictability,0.2682819551818003,ml_draw_skip_prob,0.268554199239648,engine_draw_prob,0.268554199239648,engine_draw_prob,0.268554199239648,engine_draw_prob,3.723643133606845,0.268554199239648,engine_draw_prob,3.723643133606845,2026_08_15,mls,match_odds,draw,3.85,285,0.0339336670726448,mls,2026_08_15,07:30 PM,Atlanta United,New York Red Bulls,2.0,1.0,Loss
761718,soccer,mls,2026_08_15,09:30 PM,Colorado Rapids,Sporting Kansas City,match_odds,draw,4.7,370,0.0306596490339481,0.0082863916307967,0.2192892870284996,0.0306596490339481,engine_draw_prob,ml_draw_prob,0.7608453570697113,ml_draw_predictability,0.219066598589615,ml_draw_skip_prob,0.2192892870284996,engine_draw_prob,0.2192892870284996,engine_draw_prob,0.2192892870284996,engine_draw_prob,4.560186288854305,0.2192892870284996,engine_draw_prob,4.560186288854305,2026_08_15,mls,match_odds,draw,4.7,370,0.0306596490339481,mls,2026_08_15,09:30 PM,Colorado Rapids,Sporting Kansas City,2.0,0.0,Loss
761720,soccer,mls,2026_08_15,10:30 PM,Los Angeles FC,San Diego FC,match_odds,draw,4.2,320,0.0317563554445604,0.0099238610764251,0.2456562751058477,0.0317563554445603,engine_draw_prob,ml_draw_prob,0.7612283107335592,ml_draw_predictability,0.2454747197893084,ml_draw_skip_prob,0.2456562751058477,engine_draw_prob,0.2456562751058477,engine_draw_prob,0.2456562751058477,engine_draw_prob,4.070728498871534,0.2456562751058477,engine_draw_prob,4.070728498871534,2026_08_15,mls,match_odds,draw,4.2,320,0.0317563554445603,mls,2026_08_15,10:30 PM,Los Angeles FC,San Diego FC,0.0,1.0,Loss
761724,soccer,mls,2026_08_16,10:30 PM,Seattle Sounders,Vancouver Whitecaps,btts,yes,1.52,-192,0.0312447977066039,0.0600861494357767,0.6784505248069763,0.0312447977066039,ml_btts_yes_prob,ml_btts_yes_prob,0.6285083293914795,ml_btts_predictability,0.3529060184955597,ml_btts_skip_prob,,,,,,,,,,,2026_08_16,mls,btts,btts_yes,1.52,-192,0.0312447977066039,mls,2026_08_16,10:30 PM,Seattle Sounders,Vancouver Whitecaps,0.0,2.0,Loss
761723,soccer,mls,2026_08_16,06:00 PM,Chicago Fire,Portland Timbers,match_odds,draw,4.7,370,0.0903903920003923,0.0244298356757817,0.2319979557447643,0.0903903920003923,engine_draw_prob,ml_draw_prob,0.8439077471566335,ml_draw_predictability,0.2326269590737259,ml_draw_skip_prob,0.2319979557447643,engine_draw_prob,0.2319979557447643,engine_draw_prob,0.2319979557447643,engine_draw_prob,4.310382808287171,0.2319979557447643,engine_draw_prob,4.310382808287171,2026_08_16,mls,match_odds,draw,4.7,370,0.0903903920003923,mls,2026_08_16,06:00 PM,Chicago Fire,Portland Timbers,2.0,1.0,Loss
761722,soccer,mls,2026_08_16,06:00 PM,New York City FC,Philadelphia Union,total25,under,2.3,130,0.0465442322758418,0.0358032555968014,0.4550192314242791,0.0465442322758418,ml_under25_prob,ml_under25_prob,0.5224293010728686,ml_over25_predictability,0.1963055291613739,ml_over25_skip_prob,,,,,,,,,,,2026_08_16,mls,total25,under25,2.3,130,0.0465442322758418,mls,2026_08_16,06:00 PM,New York City FC,Philadelphia Union,2.0,3.0,Loss
761724,soccer,mls,2026_08_16,10:30 PM,Seattle Sounders,Vancouver Whitecaps,total25,under,2.35,135,0.1005053818702509,0.0744484310150007,0.4683001624979791,0.1005053818702509,ml_under25_prob,ml_under25_prob,0.5154635737459604,ml_over25_predictability,0.1782425399071934,ml_over25_skip_prob,,,,,,,,,,,2026_08_16,mls,total25,under25,2.35,135,0.1005053818702509,mls,2026_08_16,10:30 PM,Seattle Sounders,Vancouver Whitecaps,0.0,2.0,Win
401882925,soccer,laliga,2026_08_19,03:00 PM,Atletico Madrid,Malaga,total25,under,2.25,125,0.1205274619052283,0.0964219695241826,0.4980122052912126,0.1205274619052283,ml_under25_prob,ml_under25_prob,0.510313281764145,ml_over25_predictability,0.200434742058822,ml_over25_skip_prob,,,,,,,,,,,2026_08_19,laliga,total25,under25,2.25,125,0.1205274619052283,laliga,2026_08_19,03:00 PM,Atletico Madrid,Malaga,2.0,0.0,Win
761730,soccer,mls,2026_08_19,07:30 PM,FC Cincinnati,New York City FC,btts,no,2.8,180,0.0178357124328613,0.0099087291293673,0.3635127544403076,0.0178357124328613,ml_btts_no_prob,ml_btts_no_prob,0.6290421485900879,ml_btts_predictability,0.3434260189533233,ml_btts_skip_prob,,,,,,,,,,,2026_08_19,mls,btts,btts_no,2.8,180,0.0178357124328613,mls,2026_08_19,07:30 PM,FC Cincinnati,New York City FC,2.0,1.0,Loss
761727,soccer,mls,2026_08_19,07:30 PM,Philadelphia Union,Inter Miami,btts,no,3.45,245,0.2519532442092896,0.1028380588609345,0.3628849983215332,0.2519532442092896,ml_btts_no_prob,ml_btts_no_prob,0.5851495265960693,ml_btts_predictability,0.2240613549947738,ml_btts_skip_prob,,,,,,,,,,,2026_08_19,mls,btts,btts_no,3.45,245,0.2519532442092896,mls,2026_08_19,07:30 PM,Philadelphia Union,Inter Miami,2.0,2.0,Loss
761733,soccer,mls,2026_08_19,08:30 PM,Minnesota United,Atlanta United,btts,yes,1.62,-161,0.018445942401886,0.0297515200030421,0.628670334815979,0.018445942401886,ml_btts_yes_prob,ml_btts_yes_prob,0.5759943127632141,ml_btts_predictability,0.117358773946762,ml_btts_skip_prob,,,,,,,,,,,2026_08_19,mls,btts,btts_yes,1.62,-161,0.018445942401886,mls,2026_08_19,08:30 PM,Minnesota United,Atlanta United,1.0,2.0,Win
761739,soccer,mls,2026_08_19,10:30 PM,Vancouver Whitecaps,Houston Dynamo,btts,yes,1.74,-135,0.090459839105606,0.1222430258183867,0.6267010569572449,0.090459839105606,ml_btts_yes_prob,ml_btts_yes_prob,0.5213817954063416,ml_btts_predictability,0.3378365635871887,ml_btts_skip_prob,,,,,,,,,,,2026_08_19,mls,btts,btts_yes,1.74,-135,0.090459839105606,mls,2026_08_19,10:30 PM,Vancouver Whitecaps,Houston Dynamo,0.0,1.0,Loss
761730,soccer,mls,2026_08_19,07:30 PM,FC Cincinnati,New York City FC,match_odds,draw,4.0,300,0.0354122642489516,0.0118040880829838,0.2588530660622379,0.0354122642489516,engine_draw_prob,ml_draw_prob,0.7125070351437188,ml_draw_predictability,0.2585805776698868,ml_draw_skip_prob,0.2588530660622379,engine_draw_prob,0.2588530660622379,engine_draw_prob,0.2588530660622379,engine_draw_prob,3.863195500104924,0.2588530660622379,engine_draw_prob,3.863195500104924,2026_08_19,mls,match_odds,draw,4.0,300,0.0354122642489516,mls,2026_08_19,07:30 PM,FC Cincinnati,New York City FC,2.0,1.0,Loss
761727,soccer,mls,2026_08_19,07:30 PM,Philadelphia Union,Inter Miami,match_odds,draw,4.0,300,0.0951698363772943,0.0317232787924314,0.2737924590943236,0.0951698363772943,engine_draw_prob,ml_draw_prob,0.5078239958454719,ml_draw_predictability,0.2737047336518474,ml_draw_skip_prob,0.2737924590943236,engine_draw_prob,0.2737924590943236,engine_draw_prob,0.2737924590943236,engine_draw_prob,3.652401542788629,0.2737924590943236,engine_draw_prob,3.652401542788629,2026_08_19,mls,match_odds,draw,4.0,300,0.0951698363772943,mls,2026_08_19,07:30 PM,Philadelphia Union,Inter Miami,2.0,2.0,Win
761737,soccer,mls,2026_08_19,10:30 PM,Portland Timbers,San Diego FC,match_odds,draw,4.0,300,0.0581279521591908,0.0193759840530636,0.2645319880397977,0.0581279521591908,engine_draw_prob,ml_draw_prob,0.6372583836048855,ml_draw_predictability,0.2637483636532854,ml_draw_skip_prob,0.2645319880397977,engine_draw_prob,0.2645319880397977,engine_draw_prob,0.2645319880397977,engine_draw_prob,3.780261160134457,0.2645319880397977,engine_draw_prob,3.780261160134457,2026_08_19,mls,match_odds,draw,4.0,300,0.0581279521591908,mls,2026_08_19,10:30 PM,Portland Timbers,San Diego FC,3.0,1.0,Loss
761731,soccer,mls,2026_08_19,07:30 PM,Toronto FC,Charlotte FC,total25,under,2.25,125,0.0110319697250128,0.0088255757800101,0.4493475421000057,0.0110319697250128,ml_under25_prob,ml_under25_prob,0.5064318733809715,ml_over25_predictability,0.2041043539135732,ml_over25_skip_prob,,,,,,,,,,,2026_08_19,mls,total25,under25,2.25,125,0.0110319697250128,mls,2026_08_19,07:30 PM,Toronto FC,Charlotte FC,3.0,3.0,Loss
401876489,soccer,ligue1,2026_08_21,02:45 PM,Marseille,Strasbourg,total35,under,1.62,-161,0.1835918276305995,0.2961158510170958,0.7306122392781478,0.1835918276305995,ml_under35_prob,ml_under35_prob,0.734,ml_over35_predictability,0.2545260992335717,ml_over35_skip_prob,,,,,,,,,,,2026_08_21,ligue1,total35,under35,1.62,-161,0.1835918276305995,ligue1,2026_08_21,02:45 PM,Marseille,Strasbourg,4.0,0.0,Loss
401879298,soccer,epl,2026_08_22,10:00 AM,Nottingham Forest,Leeds,btts,yes,3.7,270,1.2270755381691385,0.4544724215441252,0.6019123076132806,1.2270755381691385,ml_btts_yes_prob,ml_btts_yes_prob,0.5924740342808695,ml_btts_predictability,0.2632751117529266,ml_btts_skip_prob,,,,,,,,,,,2026_08_22,epl,btts,btts_yes,3.7,270,1.2270755381691385,epl,2026_08_22,10:00 AM,Nottingham Forest,Leeds,0.0,1.0,Loss
401879299,soccer,epl,2026_08_22,10:00 AM,Ipswich,Sunderland,btts,yes,3.15,215,0.8481761489241948,0.3945005343833464,0.5867225869600619,0.8481761489241948,ml_btts_yes_prob,ml_btts_yes_prob,0.5484450855148868,ml_btts_predictability,0.3015315022168557,ml_btts_skip_prob,,,,,,,,,,,2026_08_22,epl,btts,btts_yes,3.15,215,0.8481761489241948,epl,2026_08_22,10:00 AM,Ipswich,Sunderland,2.0,1.0,Win
401879299,soccer,epl,2026_08_22,10:00 AM,Ipswich,Sunderland,total35,under,1.67,-149,0.2128034536918209,0.3176170950624192,0.7262296129891144,0.2128034536918209,ml_under35_prob,ml_under35_prob,0.7870156764984131,ml_over35_predictability,0.3259860873222351,ml_over35_skip_prob,,,,,,,,,,,2026_08_22,epl,total35,under35,1.67,-149,0.2128034536918209,epl,2026_08_22,10:00 AM,Ipswich,Sunderland,2.0,1.0,Win
761747,soccer,mls,2026_08_22,08:30 PM,St Louis City,Houston Dynamo,btts,yes,1.66,-152,0.0097408473491668,0.0147588596199498,0.6082776188850403,0.0097408473491668,ml_btts_yes_prob,ml_btts_yes_prob,0.5886104702949524,ml_btts_predictability,0.2807165682315826,ml_btts_skip_prob,,,,,,,,,,,2026_08_22,mls,btts,btts_yes,1.66,-152,0.0097408473491668,mls,2026_08_22,08:30 PM,St Louis City,Houston Dynamo,2.0,1.0,Win
761749,soccer,mls,2026_08_22,09:30 PM,Vancouver Whitecaps,FC Dallas,btts,yes,1.6,-167,0.020792293548584,0.0346538225809733,0.637995183467865,0.020792293548584,ml_btts_yes_prob,ml_btts_yes_prob,0.5685989856719971,ml_btts_predictability,0.2790014147758484,ml_btts_skip_prob,,,,,,,,,,,2026_08_22,mls,btts,btts_yes,1.6,-167,0.020792293548584,mls,2026_08_22,09:30 PM,Vancouver Whitecaps,FC Dallas,5.0,0.0,Loss
761752,soccer,mls,2026_08_22,10:30 PM,San Jose Earthquakes,Minnesota United,btts,no,2.9,190,0.0650112450122831,0.0342164447433068,0.3672452569007873,0.0650112450122831,ml_btts_no_prob,ml_btts_no_prob,0.6382308602333069,ml_btts_predictability,0.3585363328456878,ml_btts_skip_prob,,,,,,,,,,,2026_08_22,mls,btts,btts_no,2.9,190,0.0650112450122831,mls,2026_08_22,10:30 PM,San Jose Earthquakes,Minnesota United,1.0,5.0,Loss
761740,soccer,mls,2026_08_22,07:30 PM,Orlando City,Real Salt Lake,match_odds,draw,4.0,300,0.0655135771962331,0.021837859065411,0.2663783942990583,0.0655135771962331,engine_draw_prob,ml_draw_prob,0.7010740894774716,ml_draw_predictability,0.2661080421661365,ml_draw_skip_prob,0.2663783942990583,engine_draw_prob,0.2663783942990583,engine_draw_prob,0.2663783942990583,engine_draw_prob,3.7540582171890327,0.2663783942990583,engine_draw_prob,3.7540582171890327,2026_08_22,mls,match_odds,draw,4.0,300,0.0655135771962331,mls,2026_08_22,07:30 PM,Orlando City,Real Salt Lake,2.0,1.0,Loss
761743,soccer,mls,2026_08_22,07:30 PM,FC Cincinnati,Seattle Sounders,match_odds,draw,4.2,320,0.0479257134167608,0.0149767854427377,0.2495061222420859,0.0479257134167609,engine_draw_prob,ml_draw_prob,0.7343151043612777,ml_draw_predictability,0.2493049298645862,ml_draw_skip_prob,0.2495061222420859,engine_draw_prob,0.2495061222420859,engine_draw_prob,0.2495061222420859,engine_draw_prob,4.007917685601877,0.2495061222420859,engine_draw_prob,4.007917685601877,2026_08_22,mls,match_odds,draw,4.2,320,0.0479257134167609,mls,2026_08_22,07:30 PM,FC Cincinnati,Seattle Sounders,1.0,1.0,Win
761742,soccer,mls,2026_08_22,07:30 PM,Inter Miami,Toronto FC,match_odds,draw,5.75,475,0.1508629356809396,0.0317606180380925,0.2001500757705982,0.1508629356809396,engine_draw_prob,ml_draw_prob,0.8739068935707194,ml_draw_predictability,0.2009037410198085,ml_draw_skip_prob,0.2001500757705982,engine_draw_prob,0.2001500757705982,engine_draw_prob,0.2001500757705982,engine_draw_prob,4.996250918966171,0.2001500757705982,engine_draw_prob,4.996250918966171,2026_08_22,mls,match_odds,draw,5.75,475,0.1508629356809396,mls,2026_08_22,07:30 PM,Inter Miami,Toronto FC,1.0,2.0,Loss
761749,soccer,mls,2026_08_22,09:30 PM,Vancouver Whitecaps,FC Dallas,match_odds,draw,4.4,340,0.0067409861263665,0.001982642978343,0.2288047695741742,0.0067409861263667,engine_draw_prob,ml_draw_prob,0.8265159340101873,ml_draw_predictability,0.2288417150480306,ml_draw_skip_prob,0.2288047695741742,engine_draw_prob,0.2288047695741742,engine_draw_prob,0.2288047695741742,engine_draw_prob,4.37053826220969,0.2288047695741742,engine_draw_prob,4.37053826220969,2026_08_22,mls,match_odds,draw,4.4,340,0.0067409861263667,mls,2026_08_22,09:30 PM,Vancouver Whitecaps,FC Dallas,5.0,0.0,Loss
761751,soccer,mls,2026_08_22,10:30 PM,Los Angeles FC,Portland Timbers,match_odds,draw,4.3,330,0.0475405996350808,0.0144062423136608,0.2436140929383909,0.0475405996350808,engine_draw_prob,ml_draw_prob,0.750039486608475,ml_draw_predictability,0.2436339517751192,ml_draw_skip_prob,0.2436140929383909,engine_draw_prob,0.2436140929383909,engine_draw_prob,0.2436140929383909,engine_draw_prob,4.104852834818946,0.2436140929383909,engine_draw_prob,4.104852834818946,2026_08_22,mls,match_odds,draw,4.3,330,0.0475405996350808,mls,2026_08_22,10:30 PM,Los Angeles FC,Portland Timbers,1.0,1.0,Win
761748,soccer,mls,2026_08_22,08:30 PM,Austin FC,Philadelphia Union,total25,under,2.35,135,0.0876333815473109,0.064913615960971,0.4628227155520472,0.0876333815473109,ml_under25_prob,ml_under25_prob,0.5452818171805386,ml_over25_predictability,0.1810004165980656,ml_over25_skip_prob,,,,,,,,,,,2026_08_22,mls,total25,under25,2.35,135,0.0876333815473109,mls,2026_08_22,09:00 PM,Austin FC,Philadelphia Union,1.0,1.0,Win
401874745,soccer,seriea,2026_08_22,12:30 PM,Udinese,Como,match_odds,draw,3.5,250,0.1026075365919995,0.0410430146367998,0.3150307247405713,0.1026075365919996,engine_draw_prob,ml_draw_prob,0.5130829242122262,ml_draw_predictability,0.2913648747069328,ml_draw_skip_prob,0.3150307247405713,engine_draw_prob,0.3150307247405713,engine_draw_prob,0.3150307247405713,engine_draw_prob,3.1742935576315703,0.3150307247405713,engine_draw_prob,3.1742935576315703,2026_08_22,seriea,match_odds,draw,3.5,250,0.1026075365919996,seriea,2026_08_22,12:30 PM,Udinese,Como,1.0,1.0,Win
401874929,soccer,seriea,2026_08_22,02:45 PM,Genoa,Napoli,total25,over,2.4,140,0.0135964591147689,0.0097117565105493,0.4223318579644871,0.0135964591147689,ml_over25_prob,ml_over25_prob,0.5320258948406553,ml_over25_predictability,0.2078613988351769,ml_over25_skip_prob,,,,,,,,,,,2026_08_22,seriea,total25,over25,2.4,140,0.0135964591147689,seriea,2026_08_22,02:45 PM,Genoa,Napoli,0.0,2.0,Loss
401874931,soccer,seriea,2026_08_22,12:30 PM,Inter Milan,Monza,total35,under,1.65,-154,0.221309848316778,0.3404766897181199,0.7401877868586534,0.221309848316778,ml_under35_prob,ml_under35_prob,0.5984259421656944,ml_over35_predictability,0.2238683782985907,ml_over35_skip_prob,,,,,,,,,,,2026_08_22,seriea,total35,under35,1.65,-154,0.221309848316778,seriea,2026_08_22,12:30 PM,Inter Milan,Monza,4.0,1.0,Loss
401879297,soccer,epl,2026_08_23,09:00 AM,Brighton,Aston Villa,btts,yes,11.0,1000,5.511816578845142,0.5511816578845142,0.5919833253495583,5.511816578845142,ml_btts_yes_prob,ml_btts_yes_prob,0.5408434803860901,ml_btts_predictability,0.2910948768432535,ml_btts_skip_prob,,,,,,,,,,,2026_08_23,epl,btts,btts_yes,11.0,1000,5.511816578845142,epl,2026_08_23,09:00 AM,Brighton,Aston Villa,4.0,0.0,Loss
401879320,soccer,epl,2026_08_23,09:00 AM,Manchester City,Bournemouth,btts,yes,5.5,450,1.6635069873015005,0.3696682194003334,0.4842739976911819,1.6635069873015005,ml_btts_yes_prob,ml_btts_yes_prob,0.5786916174028147,ml_btts_predictability,0.2435061833599196,ml_btts_skip_prob,,,,,,,,,,,2026_08_23,epl,btts,btts_yes,5.5,450,1.6635069873015005,epl,2026_08_23,09:00 AM,Manchester City,Bournemouth,2.0,1.0,Win
761754,soccer,mls,2026_08_23,07:00 PM,Atlanta United,Sporting Kansas City,btts,no,2.5,150,0.0325026512145995,0.0216684341430662,0.4130010604858398,0.0325026512145995,ml_btts_no_prob,ml_btts_no_prob,0.6134477257728577,ml_btts_predictability,0.3054206669330597,ml_btts_skip_prob,,,,,,,,,,,2026_08_23,mls,btts,btts_no,2.5,150,0.0325026512145995,mls,2026_08_23,07:00 PM,Atlanta United,Sporting Kansas City,2.0,1.0,Loss
761754,soccer,mls,2026_08_23,07:00 PM,Atlanta United,Sporting Kansas City,match_odds,draw,4.2,320,0.0274735902840823,0.0085854969637757,0.2446365691152577,0.0274735902840823,engine_draw_prob,ml_draw_prob,0.7828412023653951,ml_draw_predictability,0.2444120266409989,ml_draw_skip_prob,0.2446365691152577,engine_draw_prob,0.2446365691152577,engine_draw_prob,0.2446365691152577,engine_draw_prob,4.087696306470279,0.2446365691152577,engine_draw_prob,4.087696306470279,2026_08_23,mls,match_odds,draw,4.2,320,0.0274735902840823,mls,2026_08_23,07:00 PM,Atlanta United,Sporting Kansas City,2.0,1.0,Loss
401874930,soccer,seriea,2026_08_23,12:30 PM,Frosinone,Juventus,match_odds,away,1.42,-238,0.0189216704056631,0.0450515962039599,0.7175504721166642,0.0189216704056631,engine_away_prob,ml_away_prob,0.6559584062555737,ml_1x2_predictability,0.2332127666955701,ml_1x2_skip_prob,0.7175504721166642,engine_away_prob,0.7175504721166642,engine_away_prob,0.7175504721166642,engine_away_prob,1.3936301888982845,0.7175504721166642,engine_away_prob,1.3936301888982845,2026_08_23,seriea,match_odds,away,1.42,-238,0.0189216704056631,seriea,2026_08_23,12:30 PM,Frosinone,Juventus,0.0,1.0,Win
401874930,soccer,seriea,2026_08_23,12:30 PM,Frosinone,Juventus,total25,under,2.35,135,0.0888899948996759,0.0658444406664266,0.46335744463816,0.0888899948996759,ml_under25_prob,ml_under25_prob,0.5081195431418376,ml_over25_predictability,0.289848983694673,ml_over25_skip_prob,,,,,,,,,,,2026_08_23,seriea,total25,under25,2.35,135,0.0888899948996759,seriea,2026_08_23,12:30 PM,Frosinone,Juventus,0.0,1.0,Win
401874748,soccer,seriea,2026_08_23,02:45 PM,Atalanta,Sassuolo,total25,over,1.6,-167,0.121963446124327,0.2032724102072117,0.7012271538277044,0.121963446124327,ml_over25_prob,ml_over25_prob,0.6535000734426869,ml_over25_predictability,0.2381394034131901,ml_over25_skip_prob,,,,,,,,,,,2026_08_23,seriea,total25,over25,1.6,-167,0.121963446124327,seriea,2026_08_23,02:45 PM,Atalanta,Sassuolo,2.0,1.0,Win
401879318,soccer,epl,2026_08_24,03:00 PM,Fulham,Chelsea,total25,over,1.87,-115,0.3144952684031483,0.3614888142564923,0.7029386462048921,0.3144952684031483,ml_over25_prob,ml_over25_prob,0.7946134772068897,ml_over25_predictability,0.2088963996277925,ml_over25_skip_prob,,,,,,,,,,,2026_08_24,epl,total25,over25,1.87,-115,0.3144952684031483,epl,2026_08_24,03:00 PM,Fulham,Chelsea,2.0,3.0,Win
401874927,soccer,seriea,2026_08_24,12:30 PM,Bologna,Lazio,total25,under,1.59,-169,0.0127102277435123,0.0215427588873093,0.6369246715368002,0.0127102277435123,ml_under25_prob,ml_under25_prob,0.5908786982765375,ml_over25_predictability,0.2078482422055773,ml_over25_skip_prob,,,,,,,,,,,2026_08_24,seriea,total25,under25,1.59,-169,0.0127102277435123,seriea,2026_08_24,12:30 PM,Bologna,Lazio,0.0,1.0,Win
401884817,soccer,bundesliga,2026_08_28,02:30 PM,Bayern Munich,VfB Stuttgart,total35,under,1.88,-114,0.2093226675284722,0.2378666676459912,0.6432567380470597,0.2093226675284722,ml_under35_prob,ml_under35_prob,0.5999964475631714,ml_over35_predictability,0.1918890327215194,ml_over35_skip_prob,,,,,,,,,,,2026_08_28,bundesliga,total35,under35,1.88,-114,0.2093226675284722,bundesliga,2026_08_28,02:30 PM,Bayern Munich,VfB Stuttgart,5.0,1.0,Loss
401884812,soccer,bundesliga,2026_08_29,09:30 AM,Mainz,Paderborn,total35,under,1.69,-145,0.0790155319959283,0.1145152637622148,0.6384707289916736,0.0790155319959283,ml_under35_prob,ml_under35_prob,0.5255682468414307,ml_over35_predictability,0.1975577026605606,ml_over35_skip_prob,,,,,,,,,,,2026_08_29,bundesliga,total35,under35,1.69,-145,0.0790155319959283,bundesliga,2026_08_29,09:30 AM,Mainz,Paderborn,0.0,0.0,Win
401884815,soccer,bundesliga,2026_08_29,09:30 AM,RB Leipzig,Borussia Monchengladbach,total35,under,1.71,-141,0.0987286295903065,0.1390544078736711,0.6425313623335126,0.0987286295903065,ml_under35_prob,ml_under35_prob,0.5081865191459656,ml_over35_predictability,0.2233283519744873,ml_over35_skip_prob,,,,,,,,,,,2026_08_29,bundesliga,total35,under35,1.71,-141,0.0987286295903065,bundesliga,2026_08_29,09:30 AM,RB Leipzig,Borussia Monchengladbach,3.0,0.0,Win
401884816,soccer,bundesliga,2026_08_29,12:30 PM,Borussia Dortmund,Hamburg,total35,under,2.29,129,0.4877773023424694,0.3781219398003638,0.6496844115032617,0.4877773023424694,ml_under35_prob,ml_under35_prob,0.5949065089225769,ml_over35_predictability,0.2026873975992202,ml_over35_skip_prob,,,,,,,,,,,2026_08_29,bundesliga,total35,under35,2.29,129,0.4877773023424694,bundesliga,2026_08_29,12:30 PM,Borussia Dortmund,Hamburg,2.0,0.0,Win
761760,soccer,mls,2026_08_29,07:30 PM,Toronto FC,New York City FC,btts,yes,1.5,-200,0.0066213309764862,0.0132426619529724,0.6710808873176575,0.0066213309764862,ml_btts_yes_prob,ml_btts_yes_prob,0.6637990474700928,ml_btts_predictability,0.3147272765636444,ml_btts_skip_prob,,,,,,,,,,,2026_08_29,mls,btts,btts_yes,1.5,-200,0.0066213309764862,mls,2026_08_29,07:30 PM,Toronto FC,New York City FC,1.0,1.0,Win
761759,soccer,mls,2026_08_29,07:30 PM,Atlanta United,Charlotte FC,btts,no,2.7,170,0.004511147737503,0.0026536163161782,0.3720411658287048,0.004511147737503,ml_btts_no_prob,ml_btts_no_prob,0.6157982349395752,ml_btts_predictability,0.3296026587486267,ml_btts_skip_prob,,,,,,,,,,,2026_08_29,mls,btts,btts_no,2.7,170,0.004511147737503,mls,2026_08_29,07:30 PM,Atlanta United,Charlotte FC,0.0,2.0,Win
761764,soccer,mls,2026_08_29,08:30 PM,Nashville SC,FC Cincinnati,btts,no,2.75,175,0.0244468003511428,0.013969600200653,0.3725261092185974,0.0244468003511428,ml_btts_no_prob,ml_btts_no_prob,0.5951579809188843,ml_btts_predictability,0.3496553003787994,ml_btts_skip_prob,,,,,,,,,,,2026_08_29,mls,btts,btts_no,2.75,175,0.0244468003511428,mls,2026_08_29,08:30 PM,Nashville SC,FC Cincinnati,4.0,0.0,Win
761765,soccer,mls,2026_08_29,08:30 PM,Houston Dynamo,San Jose Earthquakes,btts,no,2.55,155,0.1066178113222121,0.0687856847240077,0.4339677691459656,0.1066178113222121,ml_btts_no_prob,ml_btts_no_prob,0.5085858106613159,ml_btts_predictability,0.31770059466362,ml_btts_skip_prob,,,,,,,,,,,2026_08_29,mls,btts,btts_no,2.55,155,0.1066178113222121,mls,2026_08_29,08:30 PM,Houston Dynamo,San Jose Earthquakes,0.0,0.0,Win
761762,soccer,mls,2026_08_29,08:30 PM,Sporting Kansas City,Vancouver Whitecaps,btts,yes,1.6,-167,0.0383285522460938,0.0638809204101564,0.6489553451538086,0.0383285522460938,ml_btts_yes_prob,ml_btts_yes_prob,0.5121755003929138,ml_btts_predictability,0.483830064535141,ml_btts_skip_prob,,,,,,,,,,,2026_08_29,mls,btts,btts_yes,1.6,-167,0.0383285522460938,mls,2026_08_29,08:30 PM,Sporting Kansas City,Vancouver Whitecaps,0.0,3.0,Loss
761766,soccer,mls,2026_08_29,09:30 PM,Colorado Rapids,Real Salt Lake,btts,yes,1.55,-182,0.0017812877893448,0.003238705071536,0.6463105082511902,0.0017812877893448,ml_btts_yes_prob,ml_btts_yes_prob,0.725109338760376,ml_btts_predictability,0.2812987267971039,ml_btts_skip_prob,,,,,,,,,,,2026_08_29,mls,btts,btts_yes,1.55,-182,0.0017812877893448,mls,2026_08_29,09:30 PM,Colorado Rapids,Real Salt Lake,1.0,0.0,Loss
761757,soccer,mls,2026_08_29,07:30 PM,Inter Miami,CF Montreal,match_odds,draw,5.25,425,0.1395733471305333,0.0328407875601255,0.2170615899296254,0.1395733471305333,engine_draw_prob,ml_draw_prob,0.8846160234978413,ml_draw_predictability,0.217380408884829,ml_draw_skip_prob,0.2170615899296254,engine_draw_prob,0.2170615899296254,engine_draw_prob,0.2170615899296254,engine_draw_prob,4.606987354714461,0.2170615899296254,engine_draw_prob,4.606987354714461,2026_08_29,mls,match_odds,draw,5.25,425,0.1395733471305333,mls,2026_08_29,07:30 PM,Inter Miami,CF Montreal,7.0,1.0,Loss
761764,soccer,mls,2026_08_29,08:30 PM,Nashville SC,FC Cincinnati,match_odds,draw,4.0,300,0.0252506330337687,0.0084168776779229,0.2563126582584422,0.0252506330337689,engine_draw_prob,ml_draw_prob,0.8004931456504202,ml_draw_predictability,0.2560553747109697,ml_draw_skip_prob,0.2563126582584422,engine_draw_prob,0.2563126582584422,engine_draw_prob,0.2563126582584422,engine_draw_prob,3.901485033141405,0.2563126582584422,engine_draw_prob,3.901485033141405,2026_08_29,mls,match_odds,draw,4.0,300,0.0252506330337689,mls,2026_08_29,08:30 PM,Nashville SC,FC Cincinnati,4.0,0.0,Loss
761763,soccer,mls,2026_08_29,08:30 PM,Minnesota United,Orlando City,match_odds,draw,4.0,300,0.0212304206424023,0.0070768068808007,0.2553076051606006,0.0212304206424023,engine_draw_prob,ml_draw_prob,0.7387538431202672,ml_draw_predictability,0.2551791226363156,ml_draw_skip_prob,0.2553076051606006,engine_draw_prob,0.2553076051606006,engine_draw_prob,0.2553076051606006,engine_draw_prob,3.916843759397424,0.2553076051606006,engine_draw_prob,3.916843759397424,2026_08_29,mls,match_odds,draw,4.0,300,0.0212304206424023,mls,2026_08_29,08:30 PM,Minnesota United,Orlando City,3.0,3.0,Win
761768,soccer,mls,2026_08_29,10:30 PM,Portland Timbers,Austin FC,match_odds,draw,4.5,350,0.0449430927348508,0.0128408836385288,0.2322095761633002,0.044943092734851,engine_draw_prob,ml_draw_prob,0.9054942419875328,ml_draw_predictability,0.2316884551133866,ml_draw_skip_prob,0.2322095761633002,engine_draw_prob,0.2322095761633002,engine_draw_prob,0.2322095761633002,engine_draw_prob,4.306454611056846,0.2322095761633002,engine_draw_prob,4.306454611056846,2026_08_29,mls,match_odds,draw,4.5,350,0.044943092734851,mls,2026_08_29,10:30 PM,Portland Timbers,Austin FC,1.0,2.0,Loss
761767,soccer,mls,2026_08_29,10:30 PM,San Diego FC,LA Galaxy,match_odds,draw,4.2,320,0.052418899048263,0.0163809059525821,0.2505759283448245,0.052418899048263,engine_draw_prob,ml_draw_prob,0.7916428009730737,ml_draw_predictability,0.2504257866332658,ml_draw_skip_prob,0.2505759283448245,engine_draw_prob,0.2505759283448245,engine_draw_prob,0.2505759283448245,engine_draw_prob,3.99080632607244,0.2505759283448245,engine_draw_prob,3.99080632607244,2026_08_29,mls,match_odds,draw,4.2,320,0.052418899048263,mls,2026_08_29,10:30 PM,San Diego FC,LA Galaxy,3.0,1.0,Loss
761760,soccer,mls,2026_08_29,07:30 PM,Toronto FC,New York City FC,total25,under,2.35,135,0.0622919467008337,0.0461421827413582,0.4520391262556739,0.0622919467008337,ml_under25_prob,ml_under25_prob,0.5276687941794809,ml_over25_predictability,0.1986247930438317,ml_over25_skip_prob,,,,,,,,,,,2026_08_29,mls,total25,under25,2.35,135,0.0622919467008337,mls,2026_08_29,07:30 PM,Toronto FC,New York City FC,1.0,1.0,Win
761756,soccer,mls,2026_08_29,07:30 PM,DC United,Los Angeles FC,total25,under,2.15,115,0.011285000413631,0.0098130438379399,0.4703651164714563,0.011285000413631,ml_under25_prob,ml_under25_prob,0.5134290041144192,ml_over25_predictability,0.174907470219163,ml_over25_skip_prob,,,,,,,,,,,2026_08_29,mls,total25,under25,2.15,115,0.011285000413631,mls,2026_08_29,07:30 PM,DC United,Los Angeles FC,0.0,0.0,Win
761768,soccer,mls,2026_08_29,10:30 PM,Portland Timbers,Austin FC,total35,under,1.74,-135,0.2396740321762358,0.3238838272651835,0.71245634033117,0.2396740321762358,ml_under35_prob,ml_under35_prob,0.7088392677729053,ml_over35_predictability,0.127862020818369,ml_over35_skip_prob,,,,,,,,,,,2026_08_29,mls,total35,under35,1.74,-135,0.2396740321762358,mls,2026_08_29,10:30 PM,Portland Timbers,Austin FC,1.0,2.0,Win
401874743,soccer,seriea,2026_08_29,12:30 PM,Sassuolo,Torino,total25,under,1.53,-189,0.0138142643340638,0.0260646496869131,0.6626237021791267,0.0138142643340638,ml_under25_prob,ml_under25_prob,0.5768049736254739,ml_over25_predictability,0.2117226647494327,ml_over25_skip_prob,,,,,,,,,,,2026_08_29,seriea,total25,under25,1.53,-189,0.0138142643340638,seriea,2026_08_29,12:30 PM,Sassuolo,Torino,2.0,1.0,Loss
401874749,soccer,seriea,2026_08_29,12:30 PM,Monza,Udinese,total25,under,1.67,-149,0.0496653895297225,0.0741274470592874,0.6285421494189956,0.0496653895297225,ml_under25_prob,ml_under25_prob,0.5058252228562369,ml_over25_predictability,0.2003514498689138,ml_over25_skip_prob,,,,,,,,,,,2026_08_29,seriea,total25,under25,1.67,-149,0.0496653895297225,seriea,2026_08_29,12:30 PM,Monza,Udinese,2.0,3.0,Loss
401874746,soccer,seriea,2026_08_29,02:45 PM,Juventus,Parma,total25,over,1.71,-141,0.0224026317272367,0.0315530024327278,0.5978962758638812,0.0224026317272367,ml_over25_prob,ml_over25_prob,0.5975859796282025,ml_over25_predictability,0.2419148432151068,ml_over25_skip_prob,,,,,,,,,,,2026_08_29,seriea,total25,over25,1.71,-141,0.0224026317272367,seriea,2026_08_29,02:45 PM,Juventus,Parma,2.0,0.0,Loss
401879317,soccer,epl,2026_08_30,09:00 AM,Chelsea,Brighton,match_odds,home,1.87,-115,0.0389980308750363,0.0448253228448694,0.5556139202540301,0.0389980308750363,engine_home_prob,ml_home_prob,0.5395191752418106,ml_1x2_predictability,0.2866391951608557,ml_1x2_skip_prob,0.5556139202540301,engine_home_prob,0.5556139202540301,engine_home_prob,0.5556139202540301,engine_home_prob,1.799810918241202,0.5556139202540301,engine_home_prob,1.799810918241202,2026_08_30,epl,match_odds,home,1.87,-115,0.0389980308750363,epl,2026_08_30,09:00 AM,Chelsea,Brighton,4.0,3.0,Win
401879313,soccer,epl,2026_08_30,09:00 AM,Sunderland,Fulham,total25,over,2.0,100,0.309934814476974,0.309934814476974,0.654967407238487,0.309934814476974,ml_over25_prob,ml_over25_prob,0.5492339018704165,ml_over25_predictability,0.197193761534539,ml_over25_skip_prob,,,,,,,,,,,2026_08_30,epl,total25,over25,2.0,100,0.309934814476974,epl,2026_08_30,09:00 AM,Sunderland,Fulham,1.0,0.0,Loss
401882905,soccer,laliga,2026_08_30,03:30 PM,Celta Vigo,Athletic Club,total35,under,1.45,-222,0.4276696840024802,0.9503770755610668,0.984599782070676,0.4276696840024802,ml_under35_prob,ml_under35_prob,0.9997030787890452,ml_over35_predictability,0.1179932536830622,ml_over35_skip_prob,,,,,,,,,,,2026_08_30,laliga,total35,under35,1.45,-222,0.4276696840024802,laliga,2026_08_30,03:30 PM,Celta Vigo,Athletic Club,0.0,2.0,Win
761758,soccer,mls,2026_08_30,04:30 PM,Columbus Crew,New England Revolution,btts,yes,1.5,-200,0.0027819275856018,0.0055638551712036,0.6685212850570679,0.0027819275856018,ml_btts_yes_prob,ml_btts_yes_prob,0.5028701424598694,ml_btts_predictability,0.3057751953601837,ml_btts_skip_prob,,,,,,,,,,,2026_08_30,mls,btts,btts_yes,1.5,-200,0.0027819275856018,mls,2026_08_30,04:30 PM,Columbus Crew,New England Revolution,1.0,3.0,Win
761758,soccer,mls,2026_08_30,04:30 PM,Columbus Crew,New England Revolution,total25,over,1.65,-154,0.015161631701594,0.0233255872332217,0.6152494737585419,0.015161631701594,ml_over25_prob,ml_over25_prob,0.5440771640854537,ml_over25_predictability,0.2908814345729776,ml_over25_skip_prob,,,,,,,,,,,2026_08_30,mls,total25,over25,1.65,-154,0.015161631701594,mls,2026_08_30,04:30 PM,Columbus Crew,New England Revolution,1.0,3.0,Win
401884808,soccer,bundesliga,2026_09_04,02:30 PM,VfB Stuttgart,Koln,total35,under,2.0,100,0.2496737445708257,0.2496737445708257,0.6248368722854128,0.2496737445708257,ml_under35_prob,ml_under35_prob,0.5927728414535522,ml_over35_predictability,0.2014615684747696,ml_over35_skip_prob,,,,,,,,,,,2026_09_04,bundesliga,total35,under35,2.0,100,0.2496737445708257,,,,,,,,Missing Score
401876472,soccer,ligue1,2026_09_04,01:00 PM,Lyon,Auxerre,total25,under,2.4,140,0.0360099211063413,0.0257213722188152,0.4316708004609756,0.0360099211063413,ml_under25_prob,ml_under25_prob,0.549210250377655,ml_over25_predictability,0.3676813244819641,ml_over25_skip_prob,,,,,,,,,,,2026_09_04,ligue1,total25,under25,2.4,140,0.0360099211063413,,,,,,,,Missing Score
