game_date,game_time,home_team,away_team,game_id,home_prob,away_prob,away_projected_points,home_projected_points,total_projected_points,away_dk_spread_american,home_dk_spread_american,dk_total_over_american,dk_total_under_american,away_dk_moneyline_american,home_dk_moneyline_american,away_decimal,home_decimal,away_implied_prob,home_implied_prob,away_market_prob,home_market_prob,away_fair,home_fair,away_acceptable_decimal_moneyline,home_acceptable_decimal_moneyline,away_acceptable_american_moneyline,home_acceptable_american_moneyline,home_extra_juice,away_extra_juice,home_juice_decimal_moneyline,away_juice_decimal_moneyline,home_juice_odds,away_juice_odds,dk_total_over_decimal,dk_total_under_decimal,home_dk_decimal_moneyline,away_dk_decimal_moneyline,home_dk_spread_decimal,away_dk_spread_decimal,home_ml_edge,away_ml_edge,home_ml_edge_pct,away_ml_edge_pct,home_ml_ev,away_ml_ev,home_ml_kelly,away_ml_kelly,bet_side,line,selected_ev,market_type,fair_home_spread_decimal,fair_away_spread_decimal,home_acceptable_spread_decimal,away_acceptable_spread_decimal,home_acceptable_spread_american,away_acceptable_spread_american,home_spread_juice_decimal,home_spread_juice_odds,away_spread_juice_decimal,away_spread_juice_odds,home_spread_edge,away_spread_edge,home_spread_edge_pct,away_spread_edge_pct,home_spread_cover_prob,away_spread_cover_prob,home_spread_ev,away_spread_ev,home_spread_kelly,away_spread_kelly,fair_over,fair_under,acceptable_over,acceptable_under,total_over_juice_decimal,total_over_juice_odds,total_under_juice_decimal,total_under_juice_odds,over_prob,under_prob,over_edge,under_edge,over_edge_pct,under_edge_pct,over_ev,under_ev,over_kelly,under_kelly,away_score,home_score,away_puck_line,home_puck_line,league,market,away_spread,home_spread,total,selected_edge,bet_result
2026_02_24,7:40 PM,Cleveland Cavaliers,New York Knicks,2026_02_24_New York Knicks_Cleveland Cavaliers,0.599,0.401,114.1,117.5,231.6,-118,-102,-115,-105,142,-170,,,,,,,,,,,,,,,,,,,1.869565217391304,1.9523809523809523,1.5882352941176472,2.42,1.9803921568627447,1.847457627118644,,,,,,,,,home,-4.5,0.4161779274665491,spread,1.4833281645217806,3.068987643187377,1.5790654358558192,3.278976588907947,-173.0,228.0,1.5790654358558192,-173.0,3.278976588907947,228.0,0.1862549019607842,-0.2591694915254237,18.62549019607842,-25.91694915254237,0.7150997455524161,0.531538049951681,0.4161779274665491,-0.0180059755129962,0.4245014860158804,0.0,,,,,,,,,,,,,,,,,,,94,109,,,basketball,NBA,4.5,-4.5,231.5,0.1862549019607842,Win
2026_02_24,7:40 PM,Atlanta Hawks,Washington Wizards,2026_02_24_Washington Wizards_Atlanta Hawks,0.838,0.162,113.2,123.5,236.7,-118,-102,-112,-108,470,-650,,,,,,,,,,,,,,,,,,,1.8928571428571428,1.925925925925926,1.1538461538461535,5.7,1.9803921568627447,1.847457627118644,,,,,,,,,home,-12.5,0.880436469788884,spread,1.1065763230751893,10.382947085672134,1.2084002906976743,10.813207108695652,-480.0,981.0,1.2084002906976743,-480.0,10.813207108695652,981.0,0.6595686274509804,-0.7007118644067797,65.95686274509805,-70.07118644067796,0.9495273263290406,0.5628793088039349,0.880436469788884,0.0398956721970999,0.898045199184662,0.047076893192578,,,,,,,,,,,,,,,,,,,98,119,,,basketball,NBA,12.5,-12.5,235.5,0.6595686274509804,Win
2026_02_24,10:40 PM,Los Angeles Lakers,Orlando Magic,2026_02_24_Orlando Magic_Los Angeles Lakers,0.656,0.344,111.6,116.5,228.1,-112,-108,-105,-115,170,-205,,,,,,,,,,,,,,,,,,,1.9523809523809523,1.869565217391304,1.4878048780487805,2.7,1.925925925925926,1.8928571428571428,,,,,,,,,home,-5.5,0.488414620559136,spread,1.3815217627646077,3.621082458714112,1.478931320858342,3.8736877679180894,-209.0,287.0,1.478931320858342,-209.0,3.8736877679180894,287.0,0.2634074074074075,-0.348857142857143,26.34074074074075,-34.8857142857143,0.7728306683672437,0.5172151838696499,0.488414620559136,-0.0209855448181626,0.5274877902038669,0.0,,,,,,,,,,,,,,,,,,,110,109,,,basketball,NBA,5.5,-5.5,230.5,0.2634074074074075,Loss
2026_02_24,9:10 PM,Phoenix Suns,Boston Celtics,2026_02_24_Boston Celtics_Phoenix Suns,0.345,0.655,107.9,102.9,210.8,-108,-112,-115,-105,-218,180,,,,,,,,,,,,,,,,,,,1.869565217391304,1.9523809523809523,2.8,1.4587155963302751,1.8928571428571428,1.925925925925926,,,,,,,,,over,206.5,0.1127320844824464,total,,,,,,,,,,,,,,,,,,,,,1.6801575540628682,2.470247583117438,1.7909429766790592,2.5883362201318683,1.7909429766790592,-126.0,2.5883362201318683,159.0,0.595182277746425,0.404817722253575,0.1127320844824466,-0.2096415898858773,11.27320844824466,-20.96415898858773,0.1127320844824464,-0.2096415898858773,0.1296418971548134,0.0,97,81,,,basketball,NBA,-5.5,5.5,206.5,0.1127320844824466,Loss
2026_02_24,7:10 PM,Indiana Pacers,Philadelphia 76ers,2026_02_24_Philadelphia 76ers_Indiana Pacers,0.232,0.768,119.9,111.6,231.5,-120,100,-108,-112,-425,330,,,,,,,,,,,,,,,,,,,1.925925925925926,1.8928571428571428,4.3,1.2352941176470589,2.0,1.8333333333333333,,,,,,,,,under,233.5,0.0308614795061985,total,,,,,,,,,,,,,,,,,,,,,2.195901004302969,1.8361896146937764,2.3079722726062384,1.9431651217835328,2.3079722726062384,131.0,1.9431651217835328,-106.0,0.4553939353552159,0.5446060646447841,-0.1229450133899545,0.0308614795061985,-12.29450133899545,3.08614795061985,-0.1229450133899545,0.0308614795061985,0.0,0.0345648570469423,135,114,,,basketball,NBA,-9.5,9.5,233.5,0.0308614795061985,Loss
2026_02_24,8:10 PM,Chicago Bulls,Charlotte Hornets,2026_02_24_Charlotte Hornets_Chicago Bulls,0.311,0.689,118.0,112.2,230.2,100,-120,-108,-112,-325,260,,,,,,,,,,,,,,,,,,,1.925925925925926,1.8928571428571428,3.6,1.3076923076923077,1.8333333333333333,2.0,,,,,,,,,under,232.5,0.0434610453439938,total,,,,,,,,,,,,,,,,,,,,,2.2284740280759774,1.814018023292026,2.34220771197975,1.9197018243323585,2.34220771197975,134.0,1.9197018243323585,-109.0,0.4487375609503429,0.5512624390496571,-0.1357646974289692,0.0434610453439938,-13.57646974289692,4.34610453439938,-0.1357646974289692,0.0434610453439938,0.0,0.048676370785273,131,99,,,basketball,NBA,-8.5,8.5,232.5,0.0434610453439938,Win
2026_02_24,10:40 PM,Los Angeles Lakers,Orlando Magic,2026_02_24_Orlando Magic_Los Angeles Lakers,0.656,0.344,111.6,116.5,228.1,-112,-108,-105,-115,170,-205,,,,,,,,,,,,,,,,,,,1.9523809523809523,1.869565217391304,1.4878048780487805,2.7,1.925925925925926,1.8928571428571428,,,,,,,,,under,230.5,0.0347634453218024,total,,,,,,,,,,,,,,,,,,,,,2.239531922358753,1.8067561488025752,2.353829963323525,1.912016876593983,2.353829963323525,135.0,1.912016876593983,-110.0,0.4465218780836869,0.5534781219163131,-0.1282191904080399,0.0347634453218026,-12.821919040803987,3.4763445321802604,-0.1282191904080399,0.0347634453218024,0.0,0.0399779621200728,110,109,,,basketball,NBA,5.5,-5.5,230.5,0.0347634453218026,Win
2026_02_26,,Los Angeles Clippers,Minnesota Timberwolves,2026_02_26_Minnesota Timberwolves_Los Angeles Clippers,0.317,0.683,115.4,109.7,225.1,-110,-110,-110,-110,-210,180,1.4761904761904765,2.8,0.6774193548387096,0.3571428571428571,0.6547884187082406,0.3452115812917595,1.4641288433382136,3.154574132492113,1.4860907759882866,3.317160883280757,-206.0,232.0,0.036,0.0,3.317160883280757,1.4860907759882866,232.0,-206.0,1.9090909090909087,1.9090909090909087,2.8,1.4761904761904765,1.9090909090909087,1.9090909090909087,-0.1124,0.0082380952380953,-11.24,0.82380952380953,-0.1124,0.0082380952380956,0.0,0.0173000000000006,away,-210.0,0.0082380952380956,moneyline,,,,,,,,,,,,,,,,,,,,,,,,,,,,,,,,,,,,,,,94,88,,,basketball,NBA,-4.5,4.5,226.0,0.0082380952380953,Win
2026_02_26,,Dallas Mavericks,Sacramento Kings,2026_02_26_Sacramento Kings_Dallas Mavericks,0.75,0.25,111.7,119.5,231.2,-110,-110,-110,-110,215,-260,3.15,1.3846153846153846,0.3174603174603174,0.7222222222222222,0.3053435114503817,0.6946564885496184,4.0,1.3333333333333333,3.89963,1.3227479999999998,290.0,-310.0,-0.0226,-0.0395,1.3227479999999998,3.89963,-310.0,290.0,1.9090909090909087,1.9090909090909087,1.3846153846153846,3.15,1.9090909090909087,1.9090909090909087,0.0384615384615383,-0.2125,3.84615384615383,-21.25,0.0384615384615383,-0.2125,0.0999999999999999,0.0,home,-260.0,0.0384615384615383,moneyline,,,,,,,,,,,,,,,,,,,,,,,,,,,,,,,,,,,,,,,130,121,,,basketball,NBA,8.5,-8.5,233.5,0.0384615384615383,Loss
2026_02_26,,Philadelphia 76ers,Miami Heat,2026_02_26_Miami Heat_Philadelphia 76ers,0.554,0.446,118.6,120.9,239.5,-110,-110,-110,-110,110,-130,,,,,,,,,,,,,,,,,,,1.9090909090909087,1.9090909090909087,1.7692307692307692,2.1,1.9090909090909087,1.9090909090909087,,,,,,,,,home,-2.5,0.2124149541262594,spread,1.644554348019213,2.5514595519727865,1.746033518239746,2.749215601756954,-134.0,175.0,1.746033518239746,-134.0,2.749215601756954,175.0,0.0576363636363637,-0.1485454545454545,5.76363636363637,-14.85454545454545,0.6350744997804217,0.5057399786390955,0.2124149541262594,-0.0344964044162724,0.2336564495388854,0.0,,,,,,,,,,,,,,,,,,,117,124,,,basketball,NBA,2.5,-2.5,239.0,0.0576363636363637,Win
2026_02_26,,Atlanta Hawks,Washington Wizards,2026_02_26_Washington Wizards_Atlanta Hawks,0.792,0.208,112.4,121.2,233.6,-110,-110,-110,-110,476,-650,,,,,,,,,,,,,,,,,,,1.9090909090909087,1.9090909090909087,1.1538461538461535,5.76,1.9090909090909087,1.9090909090909087,,,,,,,,,home,-12.0,0.7806580589862697,spread,1.132893093380679,8.524845532306555,1.2372693436960278,8.880119804347826,-421.0,788.0,1.2372693436960278,-421.0,8.880119804347826,788.0,0.5120000000000002,-0.6029090909090908,51.20000000000002,-60.29090909090908,0.932725649945189,0.59103796815045,0.7806580589862697,0.1283452119235861,0.8587238648848969,0.1411797331159447,,,,,,,,,,,,,,,,,,,96,126,,,basketball,NBA,12.0,-12.0,233.0,0.5120000000000002,Win
2026_02_26,,Los Angeles Clippers,Minnesota Timberwolves,2026_02_26_Minnesota Timberwolves_Los Angeles Clippers,0.317,0.683,115.4,109.7,225.1,-110,-110,-110,-110,-210,180,,,,,,,,,,,,,,,,,,,1.9090909090909087,1.9090909090909087,2.8,1.4761904761904765,1.9090909090909087,1.9090909090909087,,,,,,,,,away,-4.5,0.0202149864826779,spread,3.571495706354466,1.3888787360324513,3.87136220979021,1.4602599435652068,287.0,-217.0,3.87136220979021,287.0,1.4602599435652068,-217.0,-0.3948181818181817,0.3039090909090911,-39.48181818181817,30.39090909090911,0.2315313735292546,0.5343983262528315,-0.5579855596259684,0.0202149864826779,0.0,0.0222364851309458,,,,,,,,,,,,,,,,,,,94,88,,,basketball,NBA,-4.5,4.5,226.0,0.3039090909090911,Win
2026_02_26,,Dallas Mavericks,Sacramento Kings,2026_02_26_Sacramento Kings_Dallas Mavericks,0.75,0.25,111.7,119.5,231.2,-110,-110,-110,-110,215,-260,,,,,,,,,,,,,,,,,,,1.9090909090909087,1.9090909090909087,1.3846153846153846,3.15,1.9090909090909087,1.9090909090909087,,,,,,,,,home,-8.5,0.6791109099558836,spread,1.2133212362126862,5.687765820947037,1.3093228427702084,6.000766880080281,-323.0,500.0,1.3093228427702084,-323.0,6.000766880080281,500.0,0.4318181818181819,-0.5227272727272727,43.18181818181819,-52.27272727272727,0.8795342861673678,0.5200821296953492,0.6791109099558836,-0.0071159342179699,0.7470220009514724,0.0,,,,,,,,,,,,,,,,,,,130,121,,,basketball,NBA,8.5,-8.5,233.5,0.4318181818181819,Loss
2026_02_26,,Utah Jazz,New Orleans Pelicans,2026_02_26_New Orleans Pelicans_Utah Jazz,0.366,0.634,123.1,118.9,242.0,-110,-110,-110,-110,-185,161,,,,,,,,,,,,,,,,,,,1.9090909090909087,1.9090909090909087,2.6100000000000003,1.5405405405405406,1.9090909090909087,1.9090909090909087,,,,,,,,,away,-1.5,0.1015603848433961,spread,2.6858596957046768,1.5931691721131085,2.858818561983471,1.71245943973382,186.0,-140.0,2.858818561983471,186.0,1.71245943973382,-140.0,-0.3012727272727272,0.2103636363636365,-30.12727272727272,21.03636363636365,0.3408765869915456,0.5770078206322552,-0.3492356066525038,0.1015603848433961,0.0,0.1117164233277356,,,,,,,,,,,,,,,,,,,129,118,,,basketball,NBA,-1.5,1.5,237.0,0.2103636363636365,Win
2026_02_27,,Boston Celtics,Brooklyn Nets,2026_02_27_Brooklyn Nets_Boston Celtics,0.902,0.098,99.3,112.4,211.7,-110,-110,-110,-110,836,-1400,,,,,,,,,,,,,,,,,,,1.9090909090909087,1.9090909090909087,1.0714285714285714,9.36,1.9090909090909087,1.9090909090909087,,,,,,,,,home,-18.5,0.8871332973022001,spread,1.0526315789473684,19.999999999999982,1.08952551477171,20.69,-1117.0,1969.0,1.08952551477171,-1117.0,20.69,1969.0,0.7220000000000002,-0.8129090909090909,72.20000000000002,-81.2909090909091,0.9884983938249622,0.6511729807624924,0.8871332973022001,0.2431484178193035,0.9758466270324204,0.2674632596012339,,,,,,,,,,,,,,,,,,,111,148,,,basketball,NBA,18.5,-18.5,210.0,0.7220000000000002,Win
2026_02_27,,Dallas Mavericks,Memphis Grizzlies,2026_02_27_Memphis Grizzlies_Dallas Mavericks,0.605,0.395,118.5,122.1,240.6,-110,-110,-110,-110,180,-210,,,,,,,,,,,,,,,,,,,1.9090909090909087,1.9090909090909087,1.4761904761904765,2.8,1.9090909090909087,1.9090909090909087,,,,,,,,,home,-5.5,0.4197181595426513,spread,1.4317043813461188,3.316399932939876,1.5327309876726407,3.5526066962457343,-188.0,255.0,1.5327309876726407,-188.0,3.5526066962457343,255.0,0.155,-0.2459090909090908,15.5,-24.59090909090908,0.7436618930937698,0.5543623388157006,0.4197181595426513,0.0583281013754282,0.4616899754969165,0.0641609115129711,,,,,,,,,,,,,,,,,,,124,105,,,basketball,NBA,5.5,-5.5,236.5,0.155,Loss
2026_02_27,,Oklahoma City Thunder,Denver Nuggets,2026_02_27_Denver Nuggets_Oklahoma City Thunder,0.73,0.27,112.6,119.6,232.2,-110,-110,-110,-110,260,-320,,,,,,,,,,,,,,,,,,,1.9090909090909087,1.9090909090909087,1.3125,3.6,1.9090909090909087,1.9090909090909087,,,,,,,,,home,-8.0,0.6413153300399295,spread,1.2432908438453647,5.110306759573733,1.341572173872923,5.388443729051682,-293.0,439.0,1.341572173872923,-293.0,5.388443729051682,439.0,0.3936363636363635,-0.4845454545454545,39.36363636363635,-48.45454545454545,0.859736601449487,0.5286761447564966,0.6413153300399295,0.0092908218078568,0.7054468630439227,0.0102199039886426,,,,,,,,,,,,,,,,,,,121,127,,,basketball,NBA,8.0,-8.0,231.5,0.3936363636363635,Loss
2026_03_01,6:10 PM,Atlanta Hawks,Portland Trail Blazers,2026_03_01_Portland Trail Blazers_Atlanta Hawks,0.691,0.309,115.4,121.3,236.7,-112,-108,-115,-105,164,-198,2.64,1.5050505050505052,0.3787878787878788,0.6644295302013422,0.3630958183058778,0.6369041816941222,3.236245954692557,1.4471780028943562,3.0647087378640774,1.5581939218523877,206.0,-179.0,0.0608,-0.067,1.5581939218523877,3.0647087378640774,-179.0,206.0,1.869565217391304,1.9523809523809523,1.5050505050505052,2.64,1.925925925925926,1.8928571428571428,0.039989898989899,-0.18424,3.9989898989899,-18.424,0.039989898989899,-0.1842399999999999,0.07918,0.0,home,-198.0,0.039989898989899,moneyline,,,,,,,,,,,,,,,,,,,,,,,,,,,,,,,,,,,,,,,101,135,,,basketball,NBA,5.5,-5.5,236.5,0.039989898989899,Win
2026_03_01,8:10 PM,Boston Celtics,Philadelphia 76ers,2026_03_01_Philadelphia 76ers_Boston Celtics,0.673,0.327,109.1,114.6,223.7,-112,-108,-110,-110,285,-360,,,,,,,,,,,,,,,,,,,1.9090909090909087,1.9090909090909087,1.2777777777777777,3.85,1.925925925925926,1.8928571428571428,,,,,,,,,home,-9.5,0.6557890101990123,spread,1.2432908438453647,5.110306759573733,1.341572173872923,5.388443729051682,-293.0,439.0,1.341572173872923,-293.0,5.388443729051682,439.0,0.2961481481481482,-0.3810357142857142,29.61481481481482,-38.10357142857142,0.859736601449487,0.6132385159238827,0.6557890101990123,0.1607729051416351,0.708252131014933,0.1800656537586312,,,,,,,,,,,,,,,,,,,98,114,,,basketball,NBA,9.5,-9.5,221.5,0.2961481481481482,Win
2026_03_01,5:10 PM,Indiana Pacers,Memphis Grizzlies,2026_03_01_Memphis Grizzlies_Indiana Pacers,0.465,0.535,119.6,118.1,237.7,-120,100,-115,-105,-102,-118,,,,,,,,,,,,,,,,,,,1.869565217391304,1.9523809523809523,1.847457627118644,1.9803921568627447,2.0,1.8333333333333333,,,,,,,,,away,1.5,0.0733045237328056,spread,2.0,2.0,2.1105360527086385,2.1452212650073204,111.0,115.0,2.1105360527086385,111.0,2.1452212650073204,115.0,-0.0699999999999999,-0.0191666666666665,-6.999999999999989,-1.9166666666666496,0.5,0.5854388311269849,0.0,0.0733045237328056,0.0,0.0879654284793668,,,,,,,,,,,,,,,,,,,125,106,,,basketball,NBA,1.5,-1.5,237.5,-0.0191666666666665,Win
2026_03_01,6:10 PM,Atlanta Hawks,Portland Trail Blazers,2026_03_01_Portland Trail Blazers_Atlanta Hawks,0.691,0.309,115.4,121.3,236.7,-112,-108,-115,-105,164,-198,,,,,,,,,,,,,,,,,,,1.869565217391304,1.9523809523809523,1.5050505050505052,2.64,1.925925925925926,1.8928571428571428,,,,,,,,,home,-5.5,0.5290560642170363,spread,1.3465926676072129,3.8852312626915753,1.441956277120515,4.1636964778157,-226.0,316.0,1.441956277120515,-226.0,4.1636964778157,316.0,0.3308148148148149,-0.4151071428571429,33.08148148148149,-41.510714285714286,0.7939329564203842,0.488521230918176,0.5290560642170363,-0.0752990986191668,0.5713805493543992,0.0,,,,,,,,,,,,,,,,,,,101,135,,,basketball,NBA,5.5,-5.5,236.5,0.3308148148148149,Win
2026_03_01,9:10 PM,Los Angeles Clippers,New Orleans Pelicans,2026_03_01_New Orleans Pelicans_Los Angeles Clippers,0.679,0.321,109.6,115.1,224.7,-105,-115,-108,-112,285,-360,,,,,,,,,,,,,,,,,,,1.925925925925926,1.8928571428571428,1.2777777777777777,3.85,1.869565217391304,1.9523809523809523,,,,,,,,,home,-8.5,0.576191698968388,spread,1.2688027021978072,4.720200696733018,1.3687956351933963,4.980228295032615,-271.0,398.0,1.3687956351933963,-271.0,4.980228295032615,398.0,0.2694347826086956,-0.3732857142857143,26.94347826086956,-37.32857142857143,0.8430792808435565,0.5854388311269849,0.576191698968388,0.1429996226764942,0.6626204538136465,0.150149603810319,,,,,,,,,,,,,,,,,,,117,137,,,basketball,NBA,8.5,-8.5,222.5,0.2694347826086956,Win
2026_03_01,9:40 PM,Los Angeles Lakers,Sacramento Kings,2026_03_01_Sacramento Kings_Los Angeles Lakers,0.864,0.136,108.0,119.2,227.2,-108,-112,-108,-112,500,-700,,,,,,,,,,,,,,,,,,,1.925925925925926,1.8928571428571428,1.1428571428571428,6.0,1.8928571428571428,1.925925925925926,,,,,,,,,home,-12.5,0.8093937689191084,spread,1.0962780080222476,11.38658797104446,1.197240026954178,11.860296065217389,-507.0,1086.0,1.197240026954178,-507.0,11.860296065217389,1086.0,0.6354285714285715,-0.7380740740740741,63.54285714285714,-73.80740740740741,0.9559061420704724,0.537256826636016,0.8093937689191084,0.0347168512989939,0.9065210211894016,0.0374941994029134,,,,,,,,,,,,,,,,,,,104,128,,,basketball,NBA,12.5,-12.5,232.5,0.6354285714285715,Win
2026_03_01,3:40 PM,Denver Nuggets,Minnesota Timberwolves,2026_03_01_Minnesota Timberwolves_Denver Nuggets,0.575,0.425,116.0,118.8,234.8,-120,100,-108,-112,130,-155,,,,,,,,,,,,,,,,,,,1.925925925925926,1.8928571428571428,1.6451612903225803,2.3,2.0,1.8333333333333333,,,,,,,,,home,-3.5,0.349622203036521,spread,1.5610939587277874,2.782232698187268,1.6608611072288222,2.96866334705546,-151.0,197.0,1.6608611072288222,-151.0,2.96866334705546,197.0,0.1499999999999999,-0.2208333333333333,14.999999999999991,-22.08333333333333,0.6748111015182605,0.5200821296953492,0.349622203036521,-0.0465160955585265,0.349622203036521,0.0,,,,,,,,,,,,,,,,,,,117,108,,,basketball,NBA,3.5,-3.5,239.5,0.1499999999999999,Loss
2026_03_01,3:40 PM,Chicago Bulls,Milwaukee Bucks,2026_03_01_Milwaukee Bucks_Chicago Bulls,0.403,0.597,115.5,112.1,227.6,-110,-110,-112,-108,-166,140,,,,,,,,,,,,,,,,,,,1.8928571428571428,1.925925925925926,2.4,1.6024096385542168,1.9090909090909087,1.9090909090909087,,,,,,,,,under,228.5,0.0016860484880858,total,,,,,,,,,,,,,,,,,,,,,2.083794448758195,1.9226841871591,2.190144182329073,2.03469882565225,2.190144182329073,119.0,2.03469882565225,103.0,0.4798937825158016,0.5201062174841984,-0.0916296259522326,0.0016860484880858,-9.16296259522326,0.16860484880858,-0.0916296259522326,0.0016860484880858,0.0,0.0018209323671327,97,120,,,basketball,NBA,-3.5,3.5,228.5,0.0016860484880858,Win
2026_03_01,6:10 PM,Orlando Magic,Detroit Pistons,2026_03_01_Detroit Pistons_Orlando Magic,0.359,0.641,114.5,110.0,224.5,-108,-112,-105,-115,-218,180,,,,,,,,,,,,,,,,,,,1.9523809523809523,1.869565217391304,2.8,1.4587155963302751,1.8928571428571428,1.925925925925926,,,,,,,,,over,223.5,0.0198028054219268,total,,,,,,,,,,,,,,,,,,,,,1.9144690934373203,2.0935306695179654,2.0383279577719566,2.2018398610855083,2.0383279577719566,104.0,2.2018398610855083,120.0,0.5223380222892796,0.4776619777107204,0.0198028054219268,-0.1069797808016966,1.98028054219268,-10.69797808016966,0.0198028054219268,-0.1069797808016967,0.0207929456930232,0.0,106,92,,,basketball,NBA,-5.5,5.5,223.5,0.0198028054219268,Loss
2026_03_01,9:40 PM,Los Angeles Lakers,Sacramento Kings,2026_03_01_Sacramento Kings_Los Angeles Lakers,0.864,0.136,108.0,119.2,227.2,-108,-112,-108,-112,500,-700,,,,,,,,,,,,,,,,,,,1.925925925925926,1.8928571428571428,1.1428571428571428,6.0,1.8928571428571428,1.925925925925926,,,,,,,,,under,232.5,0.1673926435571311,total,,,,,,,,,,,,,,,,,,,,,2.6091657754218547,1.621440012753094,2.7423286625884504,1.7159043132762242,2.7423286625884504,174.0,1.7159043132762242,-140.0,0.3832642637811383,0.6167357362188618,-0.2618614179029928,0.1673926435571311,-26.18614179029928,16.73926435571311,-0.2618614179029928,0.1673926435571311,0.0,0.187479760783987,104,128,,,basketball,NBA,12.5,-12.5,232.5,0.1673926435571311,Win
2026_03_01,8:10 PM,Dallas Mavericks,Oklahoma City Thunder,2026_03_01_Oklahoma City Thunder_Dallas Mavericks,0.132,0.868,121.7,110.4,232.1,-112,-108,-112,-108,-1050,675,,,,,,,,,,,,,,,,,,,1.8928571428571428,1.925925925925926,7.75,1.0952380952380951,1.925925925925926,1.8928571428571428,,,,,,,,,under,233.5,0.0231626708796259,total,,,,,,,,,,,,,,,,,,,,,2.133367652217027,1.882326223131443,2.242247432349475,1.9919896264185883,2.242247432349475,124.0,1.9919896264185883,-101.0,0.4687424593509634,0.5312575406490365,-0.112737487657105,0.0231626708796259,-11.2737487657105,2.31626708796259,-0.112737487657105,0.0231626708796259,0.0,0.0250156845499959,100,87,,,basketball,NBA,-15.5,15.5,233.5,0.0231626708796259,Win
2026_03_01,3:40 PM,Denver Nuggets,Minnesota Timberwolves,2026_03_01_Minnesota Timberwolves_Denver Nuggets,0.575,0.425,116.0,118.8,234.8,-120,100,-108,-112,130,-155,,,,,,,,,,,,,,,,,,,1.925925925925926,1.8928571428571428,1.6451612903225803,2.3,2.0,1.8333333333333333,,,,,,,,,under,239.5,0.1429873451814778,total,,,,,,,,,,,,,,,,,,,,,2.524247741040298,1.6560613298449114,2.662744456080333,1.7650460482144856,2.662744456080333,166.0,1.7650460482144856,-131.0,0.3961576289607287,0.6038423710392713,-0.2370297516311891,0.1429873451814778,-23.70297516311891,14.29873451814778,-0.2370297516311891,0.1429873451814778,0.0,0.1601458266032551,117,108,,,basketball,NBA,3.5,-3.5,239.5,0.1429873451814778,Win
2026_03_03,,Miami Heat,Brooklyn Nets,2026_03_03_Brooklyn Nets_Miami Heat,0.818,0.182,108.8,118.4,227.2,-110,-110,-110,-110,534,-750,,,,,,,,,,,,,,,,,,,1.9090909090909087,1.9090909090909087,1.1333333333333333,6.34,1.9090909090909087,1.9090909090909087,,,,,,,,,home,-13.0,0.809845784213604,spread,1.1089886968763472,10.17526338657436,1.2111224852071008,10.601775684782607,-474.0,960.0,1.2111224852071008,-474.0,10.601775684782607,960.0,0.5616363636363637,-0.6525454545454545,56.16363636363637,-65.25454545454545,0.9480144583976022,0.5966185892709348,0.809845784213604,0.1389991249717843,0.8908303626349646,0.1528990374689629,,,,,,,,,,,,,,,,,,,98,124,,,basketball,NBA,13.0,-13.0,227.0,0.5616363636363637,Win
2026_03_03,,Charlotte Hornets,Dallas Mavericks,2026_03_03_Dallas Mavericks_Charlotte Hornets,0.8,0.2,111.0,120.1,231.1,-110,-110,-110,-110,446,-600,,,,,,,,,,,,,,,,,,,1.9090909090909087,1.9090909090909087,1.1666666666666667,5.46,1.9090909090909087,1.9090909090909087,,,,,,,,,home,-11.0,0.7676605910403651,spread,1.143335869997782,7.976620716192496,1.2486371559633027,8.306234510869565,-402.0,731.0,1.2486371559633027,-402.0,8.306234510869565,731.0,0.5272727272727273,-0.6181818181818182,52.727272727272734,-61.81818181818181,0.9259174524497152,0.5543623388157006,0.7676605910403651,0.0583281013754282,0.844426650144402,0.0641609115129711,,,,,,,,,,,,,,,,,,,90,117,,,basketball,NBA,11.0,-11.0,229.5,0.5272727272727273,Win
2026_03_03,,Los Angeles Lakers,New Orleans Pelicans,2026_03_03_New Orleans Pelicans_Los Angeles Lakers,0.777,0.223,114.5,122.9,237.4,-110,-110,-110,-110,350,-450,,,,,,,,,,,,,,,,,,,1.9090909090909087,1.9090909090909087,1.2222222222222223,4.5,1.9090909090909087,1.9090909090909087,,,,,,,,,home,-10.0,0.7319377017131858,spread,1.1716885819783411,6.824499151179153,1.2638405034642526,7.205002410436528,-379.0,621.0,1.2638405034642526,-379.0,7.205002410436528,621.0,0.4833636363636364,-0.5742727272727273,48.33636363636364,-57.42727272727273,0.9072054628021452,0.5458202062998307,0.7319377017131858,0.0420203938451311,0.8051314718845046,0.0462224332296443,,,,,,,,,,,,,,,,,,,101,110,,,basketball,NBA,10.0,-10.0,236.0,0.4833636363636364,Loss
2026_03_03,,Minnesota Timberwolves,Memphis Grizzlies,2026_03_03_Memphis Grizzlies_Minnesota Timberwolves,0.832,0.168,113.9,124.0,237.9,-110,-110,-110,-110,546,-775,,,,,,,,,,,,,,,,,,,1.9090909090909087,1.9090909090909087,1.129032258064516,6.46,1.9090909090909087,1.9090909090909087,,,,,,,,,away,14.5,0.1916664419294533,spread,1.086843692689406,12.514941028319353,1.18693125,13.038271141304346,-535.0,1204.0,1.18693125,-535.0,13.038271141304346,1204.0,0.5883636363636364,-0.6792727272727273,58.83636363636364,-67.92727272727272,0.9616184492564742,0.6242062314868566,0.8358170394896323,0.1916664419294533,0.9193987434385958,0.2108330861223986,,,,,,,,,,,,,,,,,,,110,117,,,basketball,NBA,14.5,-14.5,238.0,-0.6792727272727273,Win
2026_03_04,,Philadelphia 76ers,Utah Jazz,2026_03_04_Utah Jazz_Philadelphia 76ers,0.774,0.226,115.8,124.2,240.0,-115,-105,-110,-110,330,-420,,,,,,,,,,,,,,,,,,,1.9090909090909087,1.9090909090909087,1.238095238095238,4.3,1.9523809523809523,1.869565217391304,,,,,,,,,home,-9.5,0.759264984573051,spread,1.1808992350501395,6.527939351002962,1.274210780716919,6.888635449071752,-365.0,589.0,1.274210780716919,-365.0,6.888635449071752,589.0,0.5111428571428571,-0.5774782608695652,51.114285714285714,-57.74782608695652,0.9010869433179042,0.531538049951681,0.759264984573051,-0.0062549500903357,0.7972282338017035,0.0,,,,,,,,,,,,,,,,,,,102,106,,,basketball,NBA,9.5,-9.5,241.5,0.5111428571428571,Loss
2026_03_04,,Los Angeles Clippers,Indiana Pacers,2026_03_04_Indiana Pacers_Los Angeles Clippers,0.832,0.168,107.4,117.5,224.9,-110,-110,-110,-110,491,-675,,,,,,,,,,,,,,,,,,,1.9090909090909087,1.9090909090909087,1.148148148148148,5.91,1.9090909090909087,1.9090909090909087,,,,,,,,,home,-12.0,0.8023240240736358,spread,1.1152253784597914,9.67864365790698,1.2178663580246911,10.078231206521735,-459.0,908.0,1.2178663580246911,-459.0,10.078231206521735,908.0,0.5883636363636364,-0.6792727272727273,58.83636363636364,-67.92727272727272,0.944074488800476,0.5543623388157006,0.8023240240736358,0.0583281013754282,0.8825564264809997,0.0641609115129711,,,,,,,,,,,,,,,,,,,107,130,,,basketball,NBA,12.0,-12.0,224.5,0.5883636363636364,Win
2026_03_05,8:10 PM,San Antonio Spurs,Detroit Pistons,2026_03_05_Detroit Pistons_San Antonio Spurs,0.624,0.376,111.1,115.1,226.2,-112,-108,-112,-108,130,-155,2.3,1.6451612903225803,0.4347826086956522,0.607843137254902,0.4170073589533932,0.5829926410466066,2.6595744680851063,1.6025641025641026,2.8028577127659573,1.4850881410256411,180.0,-206.0,-0.087,0.0383,1.4850881410256411,2.8028577127659573,-206.0,180.0,1.8928571428571428,1.925925925925926,1.6451612903225803,2.3,1.925925925925926,1.8928571428571428,0.0265806451612902,-0.1352000000000001,2.65806451612902,-13.52000000000001,0.0265806451612899,-0.1352000000000001,0.0411999999999996,0.0,home,-155.0,0.0265806451612899,moneyline,,,,,,,,,,,,,,,,,,,,,,,,,,,,,,,,,,,,,,,106,121,,,basketball,NBA,3.5,-3.5,227.5,0.0265806451612902,Win
2026_03_05,7:40 PM,Houston Rockets,Golden State Warriors,2026_03_05_Golden State Warriors_Houston Rockets,0.793,0.207,103.1,111.9,215.0,-115,-105,-110,-110,300,-380,4.0,1.263157894736842,0.25,0.7916666666666667,0.24,0.76,4.830917874396135,1.261034047919294,5.023514492753622,1.215952080706179,402.0,-463.0,-0.05,0.0245,1.215952080706179,5.023514492753622,-463.0,402.0,1.9090909090909087,1.9090909090909087,1.263157894736842,4.0,1.9523809523809523,1.869565217391304,0.0016842105263157,-0.172,0.16842105263157,-17.2,0.0016842105263157,-0.172,0.0063999999999999,0.0,home,-380.0,0.0016842105263157,moneyline,,,,,,,,,,,,,,,,,,,,,,,,,,,,,,,,,,,,,,,115,113,,,basketball,NBA,9.5,-9.5,215.5,0.0016842105263157,Loss
2026_03_05,10:10 PM,Sacramento Kings,New Orleans Pelicans,2026_03_05_New Orleans Pelicans_Sacramento Kings,0.328,0.672,119.3,113.8,233.1,-108,-112,-112,-108,-185,154,1.5405405405405406,2.54,0.6491228070175439,0.3937007874015747,0.6224665518611737,0.3775334481388263,1.488095238095238,3.048780487804878,1.4549843749999998,3.062638719512195,-220.0,206.0,-0.0103,-0.0367,3.062638719512195,1.4549843749999998,206.0,-220.0,1.8928571428571428,1.925925925925926,2.54,1.5405405405405406,1.8928571428571428,1.925925925925926,-0.1668799999999999,0.0352432432432432,-16.687999999999988,3.52432432432432,-0.1668799999999999,0.0352432432432432,0.0,0.0652000000000001,away,-185.0,0.0352432432432432,moneyline,,,,,,,,,,,,,,,,,,,,,,,,,,,,,,,,,,,,,,,133,123,,,basketball,NBA,-4.5,4.5,233.5,0.0352432432432432,Win
2026_03_05,7:40 PM,Miami Heat,Brooklyn Nets,2026_03_05_Brooklyn Nets_Miami Heat,0.845,0.155,108.3,118.9,227.2,-105,-115,-110,-110,550,-800,,,,,,,,,,,,,,,,,,,1.9090909090909087,1.9090909090909087,1.125,6.5,1.869565217391304,1.9523809523809523,,,,,,,,,home,-12.5,0.7793224802819538,spread,1.1030435839211448,10.70463139912972,1.2047024822695036,11.145456489130432,-489.0,1015.0,1.2047024822695036,-489.0,11.145456489130432,1015.0,0.5797826086956519,-0.6973809523809524,57.97826086956519,-69.73809523809524,0.951730628988022,0.5543623388157002,0.7793224802819538,0.0823264710211288,0.8962208523242472,0.0864427945721853,,,,,,,,,,,,,,,,,,,110,126,,,basketball,NBA,12.5,-12.5,225.5,0.5797826086956519,Win
2026_03_05,8:10 PM,Minnesota Timberwolves,Toronto Raptors,2026_03_05_Toronto Raptors_Minnesota Timberwolves,0.653,0.347,111.4,116.3,227.7,-105,-115,-110,-110,195,-238,,,,,,,,,,,,,,,,,,,1.9090909090909087,1.9090909090909087,1.4201680672268908,2.95,1.869565217391304,1.9523809523809523,,,,,,,,,home,-5.5,0.4448573365126722,spread,1.381521762764608,3.621082458714109,1.478931320858342,3.8736877679180894,-209.0,287.0,1.478931320858342,-209.0,3.8736877679180894,287.0,0.2208260869565217,-0.3225238095238095,22.08260869565217,-32.252380952380946,0.7728306683672435,0.5172151838696504,0.4448573365126722,0.0098010732693174,0.5115859369895732,0.0102911269327832,,,,,,,,,,,,,,,,,,,107,115,,,basketball,NBA,5.5,-5.5,227.5,0.2208260869565217,Win
2026_03_05,9:10 PM,Phoenix Suns,Chicago Bulls,2026_03_05_Chicago Bulls_Phoenix Suns,0.787,0.213,109.0,117.6,226.6,-110,-110,-112,-108,400,-535,,,,,,,,,,,,,,,,,,,1.8928571428571428,1.925925925925926,1.1869158878504673,5.0,1.9090909090909087,1.9090909090909087,,,,,,,,,home,-11.5,0.7676605910403651,spread,1.143335869997782,7.976620716192496,1.2486371559633027,8.306234510869565,-402.0,731.0,1.2486371559633027,-402.0,8.306234510869565,731.0,0.5024545454545455,-0.5933636363636363,50.24545454545455,-59.33636363636363,0.9259174524497152,0.5826326629322699,0.7676605910403651,0.1122987201434242,0.844426650144402,0.1235285921577665,,,,,,,,,,,,,,,,,,,105,103,,,basketball,NBA,11.5,-11.5,224.5,0.5024545454545455,Loss
2026_03_05,8:10 PM,San Antonio Spurs,Detroit Pistons,2026_03_05_Detroit Pistons_San Antonio Spurs,0.624,0.376,111.1,115.1,226.2,-112,-108,-112,-108,130,-155,,,,,,,,,,,,,,,,,,,1.8928571428571428,1.925925925925926,1.6451612903225803,2.3,1.925925925925926,1.8928571428571428,,,,,,,,,home,-3.5,0.3582643131541061,spread,1.5017666126857,2.992958428715517,1.597469461914745,3.196226391080617,-167.0,220.0,1.597469461914745,-167.0,3.196226391080617,220.0,0.2017777777777778,-0.2882857142857142,20.17777777777778,-28.82857142857142,0.705252624137709,0.4856526524002258,0.3582643131541061,-0.0807289079567153,0.3869254582064347,0.0,,,,,,,,,,,,,,,,,,,106,121,,,basketball,NBA,3.5,-3.5,227.5,0.2017777777777778,Win
2026_03_05,7:10 PM,Orlando Magic,Dallas Mavericks,2026_03_05_Dallas Mavericks_Orlando Magic,0.752,0.248,110.5,118.3,228.8,-105,-115,-110,-110,285,-360,,,,,,,,,,,,,,,,,,,1.9090909090909087,1.9090909090909087,1.2777777777777777,3.85,1.869565217391304,1.9523809523809523,,,,,,,,,home,-8.5,0.6443467089216004,spread,1.2133212362126862,5.687765820947037,1.3093228427702084,6.000766880080281,-323.0,500.0,1.3093228427702084,-323.0,6.000766880080281,500.0,0.4059130434782607,-0.5158095238095238,40.59130434782607,-51.58095238095238,0.8795342861673678,0.5200821296953492,0.6443467089216004,0.0153984436909198,0.7409987152598407,0.0161683658754657,,,,,,,,,,,,,,,,,,,114,115,,,basketball,NBA,8.5,-8.5,228.5,0.4059130434782607,Loss
2026_03_05,7:40 PM,Houston Rockets,Golden State Warriors,2026_03_05_Golden State Warriors_Houston Rockets,0.793,0.207,103.1,111.9,215.0,-115,-105,-110,-110,300,-380,,,,,,,,,,,,,,,,,,,1.9090909090909087,1.9090909090909087,1.263157894736842,4.0,1.9523809523809523,1.869565217391304,,,,,,,,,home,-9.5,0.7688663250191905,spread,1.1734974738121131,6.763772682263586,1.265743734400875,7.143770095333668,-376.0,614.0,1.265743734400875,-376.0,7.143770095333668,614.0,0.5482380952380952,-0.613,54.82380952380952,-61.3,0.9060047030586098,0.5200821296953487,0.7688663250191905,-0.027672540134783,0.80730964127015,0.0,,,,,,,,,,,,,,,,,,,115,113,,,basketball,NBA,9.5,-9.5,215.5,0.5482380952380952,Loss
2026_03_05,10:10 PM,Denver Nuggets,Los Angeles Lakers,2026_03_05_Los Angeles Lakers_Denver Nuggets,0.614,0.386,117.3,120.9,238.2,-110,-110,-110,-110,164,-198,,,,,,,,,,,,,,,,,,,1.9090909090909087,1.9090909090909087,1.5050505050505052,2.64,1.9090909090909087,1.9090909090909087,,,,,,,,,home,-5.5,0.4197181595426518,spread,1.4317043813461183,3.3163999329398783,1.5327309876726407,3.5526066962457343,-188.0,255.0,1.5327309876726407,-188.0,3.5526066962457343,255.0,0.1721818181818182,-0.263090909090909,17.218181818181822,-26.30909090909089,0.7436618930937702,0.5543623388157002,0.4197181595426518,0.0583281013754273,0.4616899754969172,0.0641609115129702,,,,,,,,,,,,,,,,,,,113,120,,,basketball,NBA,5.5,-5.5,240.5,0.1721818181818182,Win
2026_03_05,8:10 PM,San Antonio Spurs,Detroit Pistons,2026_03_05_Detroit Pistons_San Antonio Spurs,0.624,0.376,111.1,115.1,226.2,-112,-108,-112,-108,130,-155,,,,,,,,,,,,,,,,,,,1.8928571428571428,1.925925925925926,1.6451612903225803,2.3,1.925925925925926,1.8928571428571428,,,,,,,,,under,227.5,0.0188705811560676,total,,,,,,,,,,,,,,,,,,,,,2.123272782670808,1.8902557022901405,2.2316373552273303,2.000381073147068,2.2316373552273303,123.0,2.000381073147068,100.0,0.470971044399734,0.5290289556002659,-0.1085190945290749,0.0188705811560676,-10.85190945290749,1.88705811560676,-0.1085190945290749,0.0188705811560676,0.0,0.020380227648553,106,121,,,basketball,NBA,3.5,-3.5,227.5,0.0188705811560676,Win
2026_03_06,,Boston Celtics,Dallas Mavericks,2026_03_06_Dallas Mavericks_Boston Celtics,0.885,0.115,106.4,118.2,224.6,-110,-110,-110,-110,661,-1000,,,,,,,,,,,,,,,,,,,1.9090909090909087,1.9090909090909087,1.1,7.61,1.9090909090909087,1.9090909090909087,,,,,,,,,away,15.0,0.1283452119235861,spread,1.0670442621828808,15.915519500717854,1.1652955590386624,16.582264532608693,-605.0,1558.0,1.1652955590386624,-605.0,16.582264532608693,1558.0,0.6895454545454547,-0.7804545454545454,68.95454545454547,-78.04545454545455,0.9730760161034552,0.59103796815045,0.8576905761975049,0.1283452119235861,0.9434596338172558,0.1411797331159447,,,,,,,,,,,,,,,,,,,100,120,,,basketball,NBA,15.0,-15.0,224.5,-0.7804545454545454,Loss
2026_03_06,,Los Angeles Lakers,Indiana Pacers,2026_03_06_Indiana Pacers_Los Angeles Lakers,0.768,0.232,112.5,120.6,233.1,-110,-110,-115,-105,367,-475,,,,,,,,,,,,,,,,,,,1.869565217391304,1.9523809523809523,1.2105263157894737,4.67,1.9090909090909087,1.9090909090909087,,,,,,,,,home,-10.5,0.7364573288108149,spread,1.1681197284306986,6.948141894674873,1.2757717573221758,7.239009228260869,-363.0,624.0,1.2757717573221758,-363.0,7.239009228260869,624.0,0.4661818181818182,-0.5570909090909091,46.61818181818182,-55.70909090909091,0.9095728865199508,0.5685413917467463,0.7364573288108149,0.0853972024256064,0.8101030616918967,0.0939369226681671,,,,,,,,,,,,,,,,,,,117,128,,,basketball,NBA,10.5,-10.5,232.5,0.4661818181818182,Win
2026_03_06,,Charlotte Hornets,Miami Heat,2026_03_06_Miami Heat_Charlotte Hornets,0.698,0.302,114.4,120.3,234.7,-110,-110,-110,-110,211,-255,,,,,,,,,,,,,,,,,,,1.9090909090909087,1.9090909090909087,1.392156862745098,3.11,1.9090909090909087,1.9090909090909087,,,,,,,,,home,-5.0,0.495831141584832,spread,1.3636782688930995,3.749683128012088,1.4495556228485649,4.0133845946255,-222.0,301.0,1.4495556228485649,-222.0,4.0133845946255,301.0,0.3325454545454545,-0.4234545454545454,33.25454545454545,-42.345454545454544,0.7835305979730074,0.4741872420564063,0.495831141584832,-0.0947334469832245,0.5454142557433154,0.0,,,,,,,,,,,,,,,,,,,128,120,,,basketball,NBA,5.0,-5.0,232.0,0.3325454545454545,Loss
2026_03_06,,San Antonio Spurs,Los Angeles Clippers,2026_03_06_Los Angeles Clippers_San Antonio Spurs,0.681,0.319,108.4,114.1,222.5,-110,-110,-110,-110,249,-305,,,,,,,,,,,,,,,,,,,1.9090909090909087,1.9090909090909087,1.3278688524590163,3.49,1.9090909090909087,1.9090909090909087,,,,,,,,,home,-9.0,0.6320256496901053,spread,1.250710080111454,4.988670896501036,1.3495223882408487,5.265979098845961,-286.0,427.0,1.3495223882408487,-286.0,5.265979098845961,427.0,0.3000909090909092,-0.391,30.00909090909092,-39.1,0.854870578409103,0.5938306616057022,0.6320256496901053,0.1336767176108857,0.6952282146591161,0.1470443893719744,,,,,,,,,,,,,,,,,,,112,116,,,basketball,NBA,9.0,-9.0,224.0,0.3000909090909092,Loss
2026_03_06,,Houston Rockets,Portland Trail Blazers,2026_03_06_Portland Trail Blazers_Houston Rockets,0.722,0.278,109.8,116.5,226.3,-110,-110,-105,-115,215,-260,,,,,,,,,,,,,,,,,,,1.9523809523809523,1.869565217391304,1.3846153846153846,3.15,1.9090909090909087,1.9090909090909087,,,,,,,,,over,224.0,0.076274285763616,total,,,,,,,,,,,,,,,,,,,,,1.8140180232920264,2.228474028075977,1.9313780856809728,2.343764538945708,1.9313780856809728,-107.0,2.343764538945708,134.0,0.551262439049657,0.4487375609503429,0.076274285763616,-0.1610558643102284,7.6274285763616,-16.10558643102284,0.076274285763616,-0.1610558643102285,0.0800880000517968,0.0,99,106,,,basketball,NBA,7.0,-7.0,224.0,0.076274285763616,Loss
2026_03_07,,Detroit Pistons,Brooklyn Nets,2026_03_07_Brooklyn Nets_Detroit Pistons,0.837,0.163,102.8,113.0,215.8,-115,-105,-110,-110,613,-900,,,,,,,,,,,,,,,,,,,1.9090909090909087,1.9090909090909087,1.1111111111111112,7.13,1.9523809523809523,1.869565217391304,,,,,,,,,away,14.0,0.1361720525854566,spread,1.090934087298402,11.996976268299504,1.191361369509044,12.49459033695652,-523.0,1149.0,1.191361369509044,-523.0,12.49459033695652,1149.0,0.6341428571428571,-0.6952608695652174,63.41428571428571,-69.52608695652174,0.95915884126296,0.607719935103849,0.8726434519895887,0.1361720525854566,0.9162756245890684,0.1565978604732751,,,,,,,,,,,,,,,,,,,107,105,,,basketball,NBA,14.0,-14.0,215.0,-0.6952608695652174,Win
2026_03_07,,Atlanta Hawks,Philadelphia 76ers,2026_03_07_Philadelphia 76ers_Atlanta Hawks,0.654,0.346,115.1,120.0,235.1,-115,-105,-110,-110,183,-215,,,,,,,,,,,,,,,,,,,1.9090909090909087,1.9090909090909087,1.4651162790697674,2.83,1.9523809523809523,1.869565217391304,,,,,,,,,home,-5.5,0.5088598763360472,spread,1.3815217627646077,3.621082458714112,1.478931320858342,3.8736877679180894,-209.0,287.0,1.478931320858342,-209.0,3.8736877679180894,287.0,0.2768571428571429,-0.3531304347826087,27.68571428571429,-35.313043478260866,0.7728306683672437,0.5172151838696499,0.5088598763360472,-0.0330324823306547,0.5343028701528495,0.0,,,,,,,,,,,,,,,,,,,116,125,,,basketball,NBA,5.5,-5.5,233.0,0.2768571428571429,Win
2026_03_07,,Milwaukee Bucks,Utah Jazz,2026_03_07_Utah Jazz_Milwaukee Bucks,0.783,0.217,111.9,120.5,232.4,-110,-110,-110,-110,415,-550,,,,,,,,,,,,,,,,,,,1.9090909090909087,1.9090909090909087,1.181818181818182,5.15,1.9090909090909087,1.9090909090909087,,,,,,,,,home,-11.0,0.7577778517402987,spread,1.1512207696993138,7.612848234990422,1.257166858237548,7.92364431521739,-389.0,692.0,1.257166858237548,-389.0,7.92364431521739,692.0,0.494818181818182,-0.5857272727272727,49.4818181818182,-58.57272727272726,0.9207407794830138,0.5685413917467463,0.7577778517402987,0.0853972024256064,0.833555636914329,0.0939369226681671,,,,,,,,,,,,,,,,,,,99,113,,,basketball,NBA,11.0,-11.0,233.0,0.494818181818182,Win
2026_03_07,,Minnesota Timberwolves,Orlando Magic,2026_03_07_Orlando Magic_Minnesota Timberwolves,0.672,0.328,111.0,116.4,227.4,-110,-110,-110,-110,219,-265,,,,,,,,,,,,,,,,,,,1.9090909090909087,1.9090909090909087,1.3773584905660377,3.19,1.9090909090909087,1.9090909090909087,,,,,,,,,home,-7.5,0.571775816737901,spread,1.2995751186891265,4.33806093234904,1.4027072133088647,4.572012861013548,-248.0,357.0,1.4027072133088647,-248.0,4.572012861013548,357.0,0.282909090909091,-0.3738181818181817,28.2909090909091,-37.38181818181817,0.8233111421008055,0.5600433549552692,0.571775816737901,0.0691736776418774,0.6289533984116914,0.0760910454060652,,,,,,,,,,,,,,,,,,,119,92,,,basketball,NBA,7.5,-7.5,226.0,0.282909090909091,Loss
2026_03_07,,Oklahoma City Thunder,Golden State Warriors,2026_03_07_Golden State Warriors_Oklahoma City Thunder,0.79,0.21,106.9,115.5,222.4,-110,-110,-110,-110,561,-800,,,,,,,,,,,,,,,,,,,1.9090909090909087,1.9090909090909087,1.125,6.61,1.9090909090909087,1.9090909090909087,,,,,,,,,away,15.0,0.2932120556180615,spread,1.097378433838988,11.269214245666204,1.1983991847826088,11.739478108695652,-504.0,1074.0,1.1983991847826088,-504.0,11.739478108695652,1074.0,0.5081818181818183,-0.5990909090909091,50.81818181818183,-59.909090909090914,0.9552311809433714,0.6773967910380324,0.8236231636191633,0.2932120556180615,0.90598547998108,0.3225332611798679,,,,,,,,,,,,,,,,,,,97,104,,,basketball,NBA,15.0,-15.0,220.0,-0.5990909090909091,Win
2026_03_08,3:40 PM,Los Angeles Lakers,New York Knicks,2026_03_08_New York Knicks_Los Angeles Lakers,0.366,0.634,115.1,110.8,225.9,-118,-102,-110,-110,-155,130,1.6451612903225803,2.3,0.607843137254902,0.4347826086956522,0.5829926410466066,0.4170073589533932,1.5772870662460567,2.73224043715847,1.581414826498423,2.5716106557377048,-172.0,157.0,-0.0727,-0.0122,2.5716106557377048,1.581414826498423,157.0,-172.0,1.9090909090909087,1.9090909090909087,2.3,1.6451612903225803,1.9803921568627447,1.847457627118644,-0.1582000000000001,0.0430322580645161,-15.82000000000001,4.30322580645161,-0.1582000000000001,0.0430322580645159,0.0,0.0666999999999997,away,-155.0,0.0430322580645159,moneyline,,,,,,,,,,,,,,,,,,,,,,,,,,,,,,,,,,,,,,,97,110,,,basketball,NBA,-2.5,2.5,228.5,0.0430322580645161,Loss
2026_03_08,6:10 PM,Toronto Raptors,Dallas Mavericks,2026_03_08_Dallas Mavericks_Toronto Raptors,0.773,0.227,109.8,118.1,227.9,-112,-108,-108,-112,340,-440,,,,,,,,,,,,,,,,,,,1.925925925925926,1.8928571428571428,1.2272727272727273,4.4,1.925925925925926,1.8928571428571428,,,,,,,,,home,-10.5,0.7562425408414639,spread,1.16461524743371,7.074771417530418,1.2721384773662552,7.369895347826087,-367.0,637.0,1.2721384773662552,-367.0,7.369895347826087,637.0,0.4887407407407409,-0.5703214285714286,48.874074074074095,-57.03214285714287,0.911895165436914,0.5628793088039349,0.7562425408414639,0.0654501202360196,0.8167419441087811,0.0733041346643419,,,,,,,,,,,,,,,,,,,92,122,,,basketball,NBA,10.5,-10.5,229.5,0.4887407407407409,Win
2026_03_08,9:10 PM,Sacramento Kings,Chicago Bulls,2026_03_08_Chicago Bulls_Sacramento Kings,0.318,0.682,118.3,112.8,231.1,-108,-112,-115,-105,-135,114,,,,,,,,,,,,,,,,,,,1.869565217391304,1.9523809523809523,2.14,1.7407407407407407,1.8928571428571428,1.925925925925926,,,,,,,,,away,-2.5,0.1275118229112302,spread,3.088476985552013,1.4788178212726086,3.2922856363636366,1.590530262001055,229.0,-169.0,3.2922856363636366,229.0,1.590530262001055,-169.0,-0.3980714285714286,0.3134814814814817,-39.80714285714286,31.34814814814817,0.2824632190959393,0.5854388311269849,-0.465337478139829,0.1275118229112302,0.0,0.1377127687441287,,,,,,,,,,,,,,,,,,,110,126,,,basketball,NBA,-2.5,2.5,233.5,0.3134814814814817,Loss
2026_03_08,9:10 PM,Portland Trail Blazers,Indiana Pacers,2026_03_08_Indiana Pacers_Portland Trail Blazers,0.789,0.211,113.4,122.2,235.6,-105,-115,-108,-112,310,-395,,,,,,,,,,,,,,,,,,,1.925925925925926,1.8928571428571428,1.2531645569620251,4.1,1.869565217391304,1.9523809523809523,,,,,,,,,home,-8.5,0.6701973692404382,spread,1.1925154422310285,6.1943885041697015,1.2867418221992937,6.541652330155545,-349.0,554.0,1.2867418221992937,-349.0,6.541652330155545,554.0,0.475086956521739,-0.5880476190476192,47.5086956521739,-58.80476190476192,0.8933613835472113,0.4913904033728997,0.6701973692404382,-0.0406187362719577,0.7707269746265042,0.0,,,,,,,,,,,,,,,,,,,111,131,,,basketball,NBA,8.5,-8.5,236.5,0.475086956521739,Win
2026_03_08,8:10 PM,Milwaukee Bucks,Orlando Magic,2026_03_08_Orlando Magic_Milwaukee Bucks,0.305,0.695,112.3,106.5,218.8,-115,-105,-115,-105,-162,136,,,,,,,,,,,,,,,,,,,1.869565217391304,1.9523809523809523,2.3600000000000003,1.617283950617284,1.9523809523809523,1.869565217391304,,,,,,,,,away,-3.5,0.0576355443021172,spread,3.3606564403298544,1.423610985027652,3.640549286713288,1.4961292347462964,264.0,-202.0,3.640549286713288,264.0,1.4961292347462964,-202.0,-0.4045238095238095,0.2993478260869564,-40.45238095238095,29.93478260869564,0.2517270879507263,0.5657120353243884,-0.5085328282866771,0.0576355443021172,0.0,0.0662808759474348,,,,,,,,,,,,,,,,,,,130,91,,,basketball,NBA,-3.5,3.5,218.5,0.2993478260869564,Win
2026_03_08,7:10 PM,New Orleans Pelicans,Washington Wizards,2026_03_08_Washington Wizards_New Orleans Pelicans,0.764,0.236,117.2,125.3,242.5,-112,-108,-105,-115,340,-440,,,,,,,,,,,,,,,,,,,1.9523809523809523,1.869565217391304,1.2272727272727273,4.4,1.925925925925926,1.8928571428571428,,,,,,,,,home,-10.5,0.7517700036680535,spread,1.1681197284306986,6.948141894674873,1.2757717573221758,7.239009228260869,-363.0,624.0,1.2757717573221758,-363.0,7.239009228260869,624.0,0.4714074074074075,-0.5532857142857144,47.14074074074075,-55.32857142857144,0.9095728865199508,0.5685413917467463,0.7517700036680535,0.0761676343777697,0.8119116039614978,0.0853077505031022,,,,,,,,,,,,,,,,,,,118,138,,,basketball,NBA,10.5,-10.5,243.5,0.4714074074074075,Win
2026_03_08,8:10 PM,San Antonio Spurs,Houston Rockets,2026_03_08_Houston Rockets_San Antonio Spurs,0.64,0.36,109.6,114.2,223.8,-112,-108,-115,-105,180,-218,,,,,,,,,,,,,,,,,,,1.869565217391304,1.9523809523809523,1.4587155963302751,2.8,1.925925925925926,1.8928571428571428,,,,,,,,,home,-5.5,0.4757796767715225,spread,1.392605360960503,3.547086971898488,1.490757725492565,3.801185590443686,-204.0,280.0,1.490757725492565,-204.0,3.801185590443686,280.0,0.2325925925925926,-0.3185714285714286,23.25925925925926,-31.85714285714286,0.7662702167852136,0.5258127579435937,0.4757796767715225,-0.0047115653210547,0.5138420509132443,0.0,,,,,,,,,,,,,,,,,,,120,145,,,basketball,NBA,5.5,-5.5,221.5,0.2325925925925926,Win
2026_03_08,6:10 PM,Toronto Raptors,Dallas Mavericks,2026_03_08_Dallas Mavericks_Toronto Raptors,0.773,0.227,109.8,118.1,227.9,-112,-108,-108,-112,340,-440,,,,,,,,,,,,,,,,,,,1.925925925925926,1.8928571428571428,1.2272727272727273,4.4,1.925925925925926,1.8928571428571428,,,,,,,,,under,229.5,0.0140257259668468,total,,,,,,,,,,,,,,,,,,,,,2.1538341785218944,1.866675661559132,2.2637585000777745,1.975427270798952,2.2637585000777745,126.0,1.975427270798952,-103.0,0.464288295715628,0.5357117042843719,-0.1058151341773089,0.0140257259668468,-10.58151341773089,1.40257259668468,-0.1058151341773089,0.0140257259668468,0.0,0.0157088130828683,92,122,,,basketball,NBA,10.5,-10.5,229.5,0.0140257259668468,Win
2026_03_08,6:10 PM,Miami Heat,Detroit Pistons,2026_03_08_Detroit Pistons_Miami Heat,0.444,0.556,117.1,114.9,232.0,-105,-115,-115,-105,-115,-105,,,,,,,,,,,,,,,,,,,1.869565217391304,1.9523809523809523,1.9523809523809523,1.869565217391304,1.869565217391304,1.9523809523809523,,,,,,,,,over,229.5,0.0389026899208477,total,,,,,,,,,,,,,,,,,,,,,1.7995575866049045,2.250691653425762,1.891400843983258,2.381815846156836,1.891400843983258,-112.0,2.381815846156836,138.0,0.5556921364692907,0.4443078635307093,0.0389026899208477,-0.1325417902495675,3.89026899208477,-13.25417902495675,0.0389026899208477,-0.1325417902495675,0.0447380934089748,0.0,110,121,,,basketball,NBA,-1.5,1.5,229.5,0.0389026899208477,Win
2026_03_08,8:10 PM,San Antonio Spurs,Houston Rockets,2026_03_08_Houston Rockets_San Antonio Spurs,0.64,0.36,109.6,114.2,223.8,-112,-108,-115,-105,180,-218,,,,,,,,,,,,,,,,,,,1.869565217391304,1.9523809523809523,1.4587155963302751,2.8,1.925925925925926,1.8928571428571428,,,,,,,,,over,221.5,0.0306210817015324,total,,,,,,,,,,,,,,,,,,,,,1.8140180232920264,2.228474028075977,1.9313780856809728,2.343764538945708,1.9313780856809728,-107.0,2.343764538945708,134.0,0.551262439049657,0.4487375609503429,0.0306210817015326,-0.1238933333826638,3.06210817015326,-12.38933333826638,0.0306210817015324,-0.1238933333826638,0.0352142439567623,0.0,120,145,,,basketball,NBA,5.5,-5.5,221.5,0.0306210817015326,Win
2026_03_09,7:00 PM,Cleveland Cavaliers,Philadelphia 76ers,2026_03_09_Philadelphia 76ers_Cleveland Cavaliers,0.775,0.225,109.2,117.6,226.8,-108,-112,-115,-105,410,-550,,,,,,,,,,,,,,,,,,,1.869565217391304,1.9523809523809523,1.181818181818182,5.1,1.8928571428571428,1.925925925925926,,,,,,,,,home,-11.5,0.7487703268085188,spread,1.146446220743841,7.828445247140703,1.2522556074766356,8.15521206521739,-396.0,716.0,1.2522556074766356,-396.0,8.15521206521739,716.0,0.4669642857142857,-0.5666666666666667,46.69642857142857,-56.66666666666666,0.9238786632195948,0.5882406455429391,0.7487703268085188,0.1329079099345493,0.8386227660255412,0.1435405427293133,,,,,,,,,,,,,,,,,,,101,115,,,basketball,NBA,11.5,-11.5,226.5,0.4669642857142857,Win
2026_03_09,7:30 PM,Brooklyn Nets,Memphis Grizzlies,2026_03_09_Memphis Grizzlies_Brooklyn Nets,0.481,0.519,111.9,110.9,222.8,-105,-115,-115,-105,-115,-105,,,,,,,,,,,,,,,,,,,1.869565217391304,1.9523809523809523,1.9523809523809523,1.869565217391304,1.869565217391304,1.9523809523809523,,,,,,,,,over,220.5,0.0306210817015324,total,,,,,,,,,,,,,,,,,,,,,1.8140180232920264,2.228474028075977,1.9313780856809728,2.343764538945708,1.9313780856809728,-107.0,2.343764538945708,134.0,0.551262439049657,0.4487375609503429,0.0306210817015326,-0.1238933333826638,3.06210817015326,-12.38933333826638,0.0306210817015324,-0.1238933333826638,0.0352142439567623,0.0,115,126,,,basketball,NBA,-1.5,1.5,220.5,0.0306210817015326,Win
2026_03_10,8:10 PM,San Antonio Spurs,Boston Celtics,2026_03_10_Boston Celtics_San Antonio Spurs,0.619,0.381,108.6,112.5,221.1,-112,-108,-105,-115,130,-155,2.3,1.6451612903225803,0.4347826086956522,0.607843137254902,0.4170073589533932,0.5829926410466066,2.6246719160104988,1.6155088852988693,2.7660748031496065,1.4970840064620357,177.0,-201.0,-0.087,0.0383,1.4970840064620357,2.7660748031496065,-201.0,177.0,1.9523809523809523,1.869565217391304,1.6451612903225803,2.3,1.925925925925926,1.8928571428571428,0.0183548387096772,-0.1237,1.83548387096772,-12.37,0.0183548387096772,-0.1237,0.0284499999999996,0.0,home,-155.0,0.0183548387096772,moneyline,,,,,,,,,,,,,,,,,,,,,,,,,,,,,,,,,,,,,,,116,125,,,basketball,NBA,3.5,-3.5,221.5,0.0183548387096772,Win
2026_03_10,7:10 PM,Philadelphia 76ers,Memphis Grizzlies,2026_03_10_Memphis Grizzlies_Philadelphia 76ers,0.679,0.321,114.2,119.7,233.9,-108,-112,-115,-105,136,-162,2.3600000000000003,1.617283950617284,0.4237288135593219,0.6183206106870228,0.4066302458405761,0.593369754159424,3.115264797507788,1.4727540500736376,3.2802523364485983,1.3304123711340206,228.0,-303.0,-0.11,0.0374,1.3304123711340206,3.2802523364485983,-303.0,228.0,1.869565217391304,1.9523809523809523,1.617283950617284,2.3600000000000003,1.8928571428571428,1.925925925925926,0.0981358024691358,-0.2424399999999998,9.81358024691358,-24.24399999999998,0.0981358024691358,-0.2424399999999998,0.1589800000000002,0.0,home,-162.0,0.0981358024691358,moneyline,,,,,,,,,,,,,,,,,,,,,,,,,,,,,,,,,,,,,,,129,139,,,basketball,NBA,3.5,-3.5,228.5,0.0981358024691358,Win
2026_03_10,8:10 PM,Houston Rockets,Toronto Raptors,2026_03_10_Toronto Raptors_Houston Rockets,0.678,0.322,106.2,111.8,218.0,-112,-108,-105,-115,160,-192,2.6,1.5208333333333337,0.3846153846153846,0.6575342465753424,0.3690596562184024,0.6309403437815976,3.1055900621118013,1.4749262536873156,3.0185217391304344,1.5880707964601768,202.0,-170.0,0.0608,-0.0424,1.5880707964601768,3.0185217391304344,-170.0,202.0,1.9523809523809523,1.869565217391304,1.5208333333333337,2.6,1.925925925925926,1.8928571428571428,0.031125,-0.1627999999999999,3.1125,-16.27999999999999,0.0311250000000002,-0.1627999999999999,0.0597600000000006,0.0,home,-192.0,0.0311250000000002,moneyline,,,,,,,,,,,,,,,,,,,,,,,,,,,,,,,,,,,,,,,99,113,,,basketball,NBA,4.5,-4.5,220.5,0.031125,Win
2026_03_10,8:10 PM,San Antonio Spurs,Boston Celtics,2026_03_10_Boston Celtics_San Antonio Spurs,0.619,0.381,108.6,112.5,221.1,-112,-108,-105,-115,130,-155,,,,,,,,,,,,,,,,,,,1.9523809523809523,1.869565217391304,1.6451612903225803,2.3,1.925925925925926,1.8928571428571428,,,,,,,,,home,-3.5,0.3534762999175271,spread,1.506477279565772,2.974422230464809,1.603879853013921,3.175538841623785,-166.0,218.0,1.603879853013921,-166.0,3.175538841623785,218.0,0.1921481481481481,-0.2788214285714285,19.214814814814808,-27.88214285714285,0.7027665403417929,0.4885212309181755,0.3534762999175271,-0.0752990986191677,0.3817544039109292,0.0,,,,,,,,,,,,,,,,,,,116,125,,,basketball,NBA,3.5,-3.5,221.5,0.1921481481481481,Win
2026_03_10,7:10 PM,Philadelphia 76ers,Memphis Grizzlies,2026_03_10_Memphis Grizzlies_Philadelphia 76ers,0.679,0.321,114.2,119.7,233.9,-108,-112,-115,-105,136,-162,,,,,,,,,,,,,,,,,,,1.869565217391304,1.9523809523809523,1.617283950617284,2.3600000000000003,1.8928571428571428,1.925925925925926,,,,,,,,,home,-3.5,0.4032506848059987,spread,1.4358040330158408,3.294609329518645,1.5278932658383186,3.5168834076615205,-189.0,252.0,1.5278932658383186,-189.0,3.5168834076615205,252.0,0.28525,-0.3817777777777777,28.525,-38.17777777777777,0.7413399844258106,0.4427956829548107,0.4032506848059987,-0.1472083143092534,0.4516407669827184,0.0,,,,,,,,,,,,,,,,,,,129,139,,,basketball,NBA,3.5,-3.5,228.5,0.28525,Win
2026_03_10,8:10 PM,Houston Rockets,Toronto Raptors,2026_03_10_Toronto Raptors_Houston Rockets,0.678,0.322,106.2,111.8,218.0,-112,-108,-105,-115,160,-192,,,,,,,,,,,,,,,,,,,1.9523809523809523,1.869565217391304,1.5208333333333337,2.6,1.925925925925926,1.8928571428571428,,,,,,,,,home,-4.5,0.4757796767715221,spread,1.3926053609605031,3.547086971898485,1.4813449435075414,3.796165325328759,-208.0,280.0,1.4813449435075414,-208.0,3.796165325328759,280.0,0.3057777777777779,-0.3904999999999999,30.5777777777778,-39.04999999999999,0.7662702167852133,0.468461950048319,0.4757796767715221,-0.1132684516942533,0.5138420509132439,0.0,,,,,,,,,,,,,,,,,,,99,113,,,basketball,NBA,4.5,-4.5,220.5,0.3057777777777779,Win
2026_03_10,7:40 PM,Atlanta Hawks,Dallas Mavericks,2026_03_10_Dallas Mavericks_Atlanta Hawks,0.712,0.288,116.2,122.7,238.9,-108,-112,-112,-108,320,-410,,,,,,,,,,,,,,,,,,,1.8928571428571428,1.925925925925926,1.2439024390243902,4.2,1.8928571428571428,1.925925925925926,,,,,,,,,home,-9.5,0.6565342311705362,spread,1.219933767855387,5.546823390292345,1.3163546518076423,5.857891478173609,-316.0,486.0,1.3163546518076423,-316.0,5.857891478173609,486.0,0.3477142857142856,-0.4453333333333333,34.77142857142856,-44.53333333333333,0.8751501598636795,0.5854388311269849,0.6565342311705362,0.1275118229112302,0.7353183389110005,0.1377127687441287,,,,,,,,,,,,,,,,,,,112,124,,,basketball,NBA,9.5,-9.5,240.5,0.3477142857142856,Win
2026_03_10,7:40 PM,Miami Heat,Washington Wizards,2026_03_10_Washington Wizards_Miami Heat,0.856,0.144,114.7,125.7,240.4,-115,-105,-105,-115,700,-1100,,,,,,,,,,,,,,,,,,,1.9523809523809523,1.869565217391304,1.0909090909090908,8.0,1.9523809523809523,1.869565217391304,,,,,,,,,home,-16.5,0.905639338264982,spread,1.0616179704198003,17.22903177737019,1.098814229249012,17.83,-1012.0,1683.0,1.098814229249012,-1012.0,17.83,1683.0,0.6712380952380952,-0.7307826086956521,67.12380952380951,-73.07826086956521,0.9760591732576736,0.6538307181169216,0.905639338264982,0.2223791686533749,0.950921305178231,0.2557360439513813,,,,,,,,,,,,,,,,,,,129,150,,,basketball,NBA,16.5,-16.5,238.5,0.6712380952380952,Win
2026_03_10,7:40 PM,Brooklyn Nets,Detroit Pistons,2026_03_10_Detroit Pistons_Brooklyn Nets,0.171,0.829,114.0,104.0,218.0,-115,-105,-105,-115,-1100,700,,,,,,,,,,,,,,,,,,,1.9523809523809523,1.869565217391304,8.0,1.0909090909090908,1.9523809523809523,1.869565217391304,,,,,,,,,over,216.5,0.0415662387840436,total,,,,,,,,,,,,,,,,,,,,,1.8744664330328349,2.143554471875825,1.9957372774798448,2.25445165399512,1.9957372774798448,-100.0,2.25445165399512,125.0,0.5334851466942663,0.4665148533057337,0.0415662387840436,-0.1278200568631935,4.15662387840436,-12.78200568631935,0.0415662387840436,-0.1278200568631936,0.0436445507232458,0.0,138,100,,,basketball,NBA,-14.5,14.5,216.5,0.0415662387840436,Win
2026_03_10,7:10 PM,Philadelphia 76ers,Memphis Grizzlies,2026_03_10_Memphis Grizzlies_Philadelphia 76ers,0.679,0.321,114.2,119.7,233.9,-108,-112,-115,-105,136,-162,,,,,,,,,,,,,,,,,,,1.869565217391304,1.9523809523809523,1.617283950617284,2.3600000000000003,1.8928571428571428,1.925925925925926,,,,,,,,,over,228.5,0.1570225739690762,total,,,,,,,,,,,,,,,,,,,,,1.6158416088442469,2.623794147129333,1.6983086317772105,2.7766551082970627,1.6983086317772105,-143.0,2.7766551082970627,178.0,0.6188725395648549,0.381127460435145,0.1570225739690764,-0.2558940058170977,15.70225739690764,-25.58940058170977,0.1570225739690762,-0.2558940058170977,0.1805759600644377,0.0,129,139,,,basketball,NBA,3.5,-3.5,228.5,0.1570225739690764,Win
2026_03_10,8:10 PM,Houston Rockets,Toronto Raptors,2026_03_10_Toronto Raptors_Houston Rockets,0.678,0.322,106.2,111.8,218.0,-112,-108,-105,-115,160,-192,,,,,,,,,,,,,,,,,,,1.9523809523809523,1.869565217391304,1.5208333333333337,2.6,1.925925925925926,1.8928571428571428,,,,,,,,,under,220.5,0.0389026899208477,total,,,,,,,,,,,,,,,,,,,,,2.250691653425762,1.7995575866049045,2.3963028378091296,1.8926580270342264,2.3963028378091296,140.0,1.8926580270342264,-112.0,0.4443078635307093,0.5556921364692907,-0.1325417902495675,0.0389026899208477,-13.25417902495675,3.89026899208477,-0.1325417902495675,0.0389026899208477,0.0,0.0447380934089748,99,113,,,basketball,NBA,4.5,-4.5,220.5,0.0389026899208477,Win
2026_03_10,10:10 PM,Sacramento Kings,Indiana Pacers,2026_03_10_Indiana Pacers_Sacramento Kings,0.571,0.429,114.1,116.8,230.9,-102,-118,-112,-108,130,-155,,,,,,,,,,,,,,,,,,,1.8928571428571428,1.925925925925926,1.6451612903225803,2.3,1.847457627118644,1.9803921568627447,,,,,,,,,under,236.5,0.2001122956688996,total,,,,,,,,,,,,,,,,,,,,,2.6534716980224164,1.604788095977705,2.799058483207121,1.710398543810186,2.799058483207121,180.0,1.710398543810186,-141.0,0.3768647695565328,0.6231352304434671,-0.2866488290537057,0.2001122956688996,-28.66488290537057,20.01122956688996,-0.2866488290537057,0.2001122956688996,0.0,0.2161212793224116,109,114,,,basketball,NBA,2.5,-2.5,236.5,0.2001122956688996,Win
2026_03_10,7:40 PM,Atlanta Hawks,Dallas Mavericks,2026_03_10_Dallas Mavericks_Atlanta Hawks,0.712,0.288,116.2,122.7,238.9,-108,-112,-112,-108,320,-410,,,,,,,,,,,,,,,,,,,1.8928571428571428,1.925925925925926,1.2439024390243902,4.2,1.8928571428571428,1.925925925925926,,,,,,,,,under,240.5,0.0317410601032348,total,,,,,,,,,,,,,,,,,,,,,2.1538341785218944,1.866675661559132,2.272007586629333,1.989520822904341,2.272007586629333,127.0,1.989520822904341,-101.0,0.464288295715628,0.5357117042843719,-0.1211685831097041,0.0317410601032348,-12.11685831097041,3.17410601032348,-0.1211685831097041,0.0317410601032348,0.0,0.0342803449114935,112,124,,,basketball,NBA,9.5,-9.5,240.5,0.0317410601032348,Win
2026_03_10,7:40 PM,Miami Heat,Washington Wizards,2026_03_10_Washington Wizards_Miami Heat,0.856,0.144,114.7,125.7,240.4,-115,-105,-105,-115,700,-1100,,,,,,,,,,,,,,,,,,,1.9523809523809523,1.869565217391304,1.0909090909090908,8.0,1.9523809523809523,1.869565217391304,,,,,,,,,over,238.5,0.0589409583949276,total,,,,,,,,,,,,,,,,,,,,,1.8437108668836848,2.185240156611449,1.944868884932172,2.329049917002682,1.944868884932172,-106.0,2.329049917002682,133.0,0.5423843933242313,0.4576156066757686,0.0589409583949276,-0.144457778823563,5.89409583949276,-14.4457778823563,0.0589409583949276,-0.144457778823563,0.0618880063146741,0.0,129,150,,,basketball,NBA,16.5,-16.5,238.5,0.0589409583949276,Win
2026_03_11,10:10 PM,Denver Nuggets,Houston Rockets,2026_03_11_Houston Rockets_Denver Nuggets,0.65,0.35,113.0,117.7,230.7,-110,-110,-105,-115,180,-218,,,,,,,,,,,,,,,,,,,1.9523809523809523,1.869565217391304,1.4587155963302751,2.8,1.9090909090909087,1.9090909090909087,,,,,,,,,home,-5.5,0.4670764687168771,spread,1.3888787360324513,3.571495706354466,1.486746430353472,3.821900498293516,-205.0,282.0,1.486746430353472,-205.0,3.821900498293516,282.0,0.2409090909090909,-0.3318181818181818,24.09090909090909,-33.18181818181818,0.7684686264707453,0.5229480370189383,0.4670764687168771,-0.0016446566002088,0.5137841155885651,0.0,,,,,,,,,,,,,,,,,,,93,129,,,basketball,NBA,5.5,-5.5,229.5,0.2409090909090909,Win
2026_03_11,10:10 PM,Denver Nuggets,Houston Rockets,2026_03_11_Houston Rockets_Denver Nuggets,0.65,0.35,113.0,117.7,230.7,-110,-110,-105,-115,180,-218,,,,,,,,,,,,,,,,,,,1.9523809523809523,1.869565217391304,1.4587155963302751,2.8,1.9090909090909087,1.9090909090909087,,,,,,,,,over,229.5,0.0285132335596427,total,,,,,,,,,,,,,,,,,,,,,1.8982555485687247,2.113268937323454,1.9951360119752903,2.236386949961222,1.9951360119752903,-100.0,2.236386949961222,124.0,0.5267994610915243,0.4732005389084756,0.0285132335596427,-0.1153207316058935,2.85132335596427,-11.53207316058935,0.0285132335596427,-0.1153207316058936,0.0299388952376247,0.0,93,129,,,basketball,NBA,5.5,-5.5,229.5,0.0285132335596427,Loss
2026_03_12,7:10 PM,Indiana Pacers,Phoenix Suns,2026_03_12_Phoenix Suns_Indiana Pacers,0.2,0.8,116.9,107.8,224.7,-112,-108,-110,-110,-380,300,1.263157894736842,4.0,0.7916666666666667,0.25,0.76,0.24,1.25,5.0,1.2824524999999998,4.871999999999999,-354.0,387.0,-0.04,0.0108,4.871999999999999,1.2824524999999998,387.0,-354.0,1.9090909090909087,1.9090909090909087,4.0,1.263157894736842,1.925925925925926,1.8928571428571428,-0.1999999999999999,0.0105263157894737,-19.99999999999999,1.05263157894737,-0.1999999999999999,0.0105263157894737,0.0,0.04,away,-380.0,0.0105263157894737,moneyline,,,,,,,,,,,,,,,,,,,,,,,,,,,,,,,,,,,,,,,123,108,,,basketball,NBA,-8.5,8.5,225.5,0.0105263157894737,Win
2026_03_12,7:40 PM,Atlanta Hawks,Brooklyn Nets,2026_03_12_Brooklyn Nets_Atlanta Hawks,0.872,0.128,107.7,119.1,226.8,-105,-115,-110,-110,650,-1000,,,,,,,,,,,,,,,,,,,1.9090909090909087,1.9090909090909087,1.1,7.5,1.869565217391304,1.9523809523809523,,,,,,,,,away,14.5,0.1484698317743096,spread,1.0746178337493335,14.401621968272876,1.1734618967452302,15.001562934782608,-576.0,1400.0,1.1734618967452302,-576.0,15.001562934782608,1400.0,0.6302608695652172,-0.7500952380952381,63.02608695652172,-75.00952380952381,0.968790622465028,0.5882406455429391,0.8112172506954867,0.1484698317743096,0.93289983829981,0.1558933233630251,,,,,,,,,,,,,,,,,,,97,108,,,basketball,NBA,14.5,-14.5,226.5,-0.7500952380952381,Win
2026_03_12,7:10 PM,Detroit Pistons,Philadelphia 76ers,2026_03_12_Philadelphia 76ers_Detroit Pistons,0.888,0.112,107.2,119.2,226.4,-110,-110,-112,-108,600,-900,,,,,,,,,,,,,,,,,,,1.8928571428571428,1.925925925925926,1.1111111111111112,7.0,1.9090909090909087,1.9090909090909087,,,,,,,,,away,14.5,0.0907919956556242,spread,1.0694920594679014,15.390133313891846,1.167889572192513,16.02851556521739,-596.0,1503.0,1.167889572192513,-596.0,16.02851556521739,1503.0,0.6952727272727273,-0.7861818181818182,69.52727272727273,-78.61818181818182,0.971705685235842,0.5713672358196128,0.8550744899956979,0.0907919956556242,0.9405819389952682,0.0998711952211867,,,,,,,,,,,,,,,,,,,109,131,,,basketball,NBA,14.5,-14.5,220.5,-0.7861818181818182,Loss
2026_03_12,10:40 PM,Los Angeles Lakers,Chicago Bulls,2026_03_12_Chicago Bulls_Los Angeles Lakers,0.841,0.159,109.9,120.3,230.2,-118,-102,-108,-112,400,-535,,,,,,,,,,,,,,,,,,,1.925925925925926,1.8928571428571428,1.1869158878504673,5.0,1.9803921568627447,1.847457627118644,,,,,,,,,home,-11.5,0.8663889488473295,spread,1.117804373819884,9.488649169588058,1.2206779434850863,9.886936108695652,-453.0,889.0,1.2206779434850863,-453.0,9.886936108695652,889.0,0.6655098039215686,-0.7062542372881355,66.55098039215686,-70.62542372881356,0.9424340236753844,0.5315380499516814,0.8663889488473295,-0.0180059755129954,0.8837167278242765,0.0,,,,,,,,,,,,,,,,,,,130,142,,,basketball,NBA,11.5,-11.5,235.5,0.6655098039215686,Win
2026_03_12,9:10 PM,San Antonio Spurs,Denver Nuggets,2026_03_12_Denver Nuggets_San Antonio Spurs,0.656,0.344,113.4,118.4,231.8,-102,-118,-115,-105,185,-225,,,,,,,,,,,,,,,,,,,1.869565217391304,1.9523809523809523,1.4444444444444444,2.85,1.847457627118644,1.9803921568627447,,,,,,,,,home,-5.5,0.4317689435045013,spread,1.3778908658895603,3.646266661264717,1.4751239598222534,3.904760129692834,-210.0,290.0,1.4751239598222534,-210.0,3.904760129692834,290.0,0.2119322033898305,-0.3187450980392157,21.19322033898305,-31.87450980392157,0.7749941987776658,0.5143473475997741,0.4317689435045013,0.0186094530897484,0.5094873533353115,0.0189816421515434,,,,,,,,,,,,,,,,,,,136,131,,,basketball,NBA,5.5,-5.5,236.5,0.2119322033898305,Loss
2026_03_12,9:40 PM,Oklahoma City Thunder,Boston Celtics,2026_03_12_Boston Celtics_Oklahoma City Thunder,0.715,0.285,105.6,112.0,217.6,-110,-110,-105,-115,220,-270,,,,,,,,,,,,,,,,,,,1.9523809523809523,1.869565217391304,1.3703703703703702,3.2,1.9090909090909087,1.9090909090909087,,,,,,,,,over,216.5,0.024158771277444,total,,,,,,,,,,,,,,,,,,,,,1.9063264477496265,2.103355201078995,2.029658513897228,2.2121726665812824,2.029658513897228,103.0,2.2121726665812824,121.0,0.5245691267518616,0.4754308732481382,0.024158771277444,-0.1111509761013067,2.4158771277444,-11.11509761013067,0.024158771277444,-0.1111509761013068,0.0253667098413162,0.0,102,104,,,basketball,NBA,6.5,-6.5,216.5,0.024158771277444,Loss
2026_03_12,10:40 PM,Los Angeles Lakers,Chicago Bulls,2026_03_12_Chicago Bulls_Los Angeles Lakers,0.841,0.159,109.9,120.3,230.2,-118,-102,-108,-112,400,-535,,,,,,,,,,,,,,,,,,,1.925925925925926,1.8928571428571428,1.1869158878504673,5.0,1.9803921568627447,1.847457627118644,,,,,,,,,under,235.5,0.1673926435571311,total,,,,,,,,,,,,,,,,,,,,,2.6091657754218547,1.621440012753094,2.752321648363981,1.7281463164137223,2.752321648363981,175.0,1.7281463164137223,-137.0,0.3832642637811383,0.6167357362188618,-0.2618614179029928,0.1673926435571311,-26.18614179029928,16.73926435571311,-0.2618614179029928,0.1673926435571311,0.0,0.187479760783987,130,142,,,basketball,NBA,11.5,-11.5,235.5,0.1673926435571311,Loss
2026_03_12,7:40 PM,Miami Heat,Milwaukee Bucks,2026_03_12_Milwaukee Bucks_Miami Heat,0.678,0.322,111.7,117.3,229.0,-108,-112,-108,-112,195,-238,,,,,,,,,,,,,,,,,,,1.925925925925926,1.8928571428571428,1.4201680672268908,2.95,1.8928571428571428,1.925925925925926,,,,,,,,,under,231.5,0.0518458297454431,total,,,,,,,,,,,,,,,,,,,,,2.250691653425762,1.7995575866049045,2.3655592488523025,1.9043989296904784,2.3655592488523025,137.0,1.9043989296904784,-111.0,0.4443078635307093,0.5556921364692907,-0.1442959665334487,0.0518458297454431,-14.42959665334487,5.18458297454431,-0.1442959665334487,0.0518458297454431,0.0,0.0580673293148962,105,112,,,basketball,NBA,6.5,-6.5,231.5,0.0518458297454431,Win
2026_03_12,7:10 PM,Orlando Magic,Washington Wizards,2026_03_12_Washington Wizards_Orlando Magic,0.869,0.131,109.3,120.6,229.9,-115,-105,-108,-112,800,-1350,,,,,,,,,,,,,,,,,,,1.925925925925926,1.8928571428571428,1.074074074074074,9.0,1.9523809523809523,1.869565217391304,,,,,,,,,under,232.5,0.0560333560770569,total,,,,,,,,,,,,,,,,,,,,,2.2619542761092406,1.7924217374048783,2.3773966772333446,1.8968473494131275,2.3773966772333446,138.0,1.8968473494131275,-112.0,0.4420955854687247,0.5579044145312754,-0.148556650208382,0.0560333560770569,-14.8556650208382,5.603335607705691,-0.148556650208382,0.0560333560770569,0.0,0.0627573588063037,131,136,,,basketball,NBA,15.5,-15.5,232.5,0.0560333560770569,Loss
2026_03_13,7:40 PM,Toronto Raptors,Phoenix Suns,2026_03_13_Phoenix Suns_Toronto Raptors,0.642,0.358,107.8,112.5,220.3,-112,-108,-110,-110,154,-185,,,,,,,,,,,,,,,,,,,1.9090909090909087,1.9090909090909087,1.5405405405405406,2.54,1.925925925925926,1.8928571428571428,,,,,,,,,home,-4.5,0.4366885318965028,spread,1.427640134604008,3.3384147536245483,1.5183057325990792,3.568602281303602,-193.0,257.0,1.5183057325990792,-193.0,3.568602281303602,257.0,0.2364444444444444,-0.3223571428571429,23.64444444444444,-32.23571428571429,0.7459728915616457,0.4942600213609041,0.4366885318965028,-0.0644363881382886,0.4716236144482231,0.0,,,,,,,,,,,,,,,,,,,115,122,,,basketball,NBA,4.5,-4.5,218.5,0.2364444444444444,Win
2026_03_13,10:40 PM,Los Angeles Clippers,Chicago Bulls,2026_03_13_Chicago Bulls_Los Angeles Clippers,0.846,0.154,111.0,121.6,232.6,-118,-102,-110,-110,470,-650,,,,,,,,,,,,,,,,,,,1.9090909090909087,1.9090909090909087,1.1538461538461535,5.7,1.9803921568627447,1.847457627118644,,,,,,,,,home,-13.5,0.8982541274583582,spread,1.0919820633604749,11.871684798818128,1.1924263020833332,12.363704217391302,-520.0,1136.0,1.1924263020833332,-520.0,12.363704217391302,1136.0,0.6754117647058824,-0.7154915254237288,67.54117647058824,-71.54915254237288,0.9585243613898642,0.5826326629322699,0.8982541274583582,0.076389156942668,0.9162192100075256,0.0901392051923483,,,,,,,,,,,,,,,,,,,108,119,,,basketball,NBA,13.5,-13.5,234.5,0.6754117647058824,Loss
2026_03_13,10:10 PM,Portland Trail Blazers,Utah Jazz,2026_03_13_Utah Jazz_Portland Trail Blazers,0.864,0.136,113.3,124.5,237.8,-108,-112,-110,-110,650,-1000,,,,,,,,,,,,,,,,,,,1.9090909090909087,1.9090909090909087,1.1,7.5,1.8928571428571428,1.925925925925926,,,,,,,,,away,14.5,0.1436738667961663,spread,1.0763967589799843,14.089560517377372,1.175489497716895,14.679381717391305,-570.0,1368.0,1.175489497716895,-570.0,14.679381717391305,1368.0,0.6354285714285715,-0.7380740740740741,63.54285714285714,-73.80740740740741,0.9677653796898352,0.5938306616057017,0.8318416115557594,0.1436738667961663,0.9316626049424506,0.1551677761398597,,,,,,,,,,,,,,,,,,,114,124,,,basketball,NBA,14.5,-14.5,236.5,-0.7380740740740741,Win
2026_03_13,7:40 PM,Dallas Mavericks,Cleveland Cavaliers,2026_03_13_Cleveland Cavaliers_Dallas Mavericks,0.134,0.866,124.2,113.0,237.2,-105,-115,-115,-105,-700,500,,,,,,,,,,,,,,,,,,,1.869565217391304,1.9523809523809523,6.0,1.1428571428571428,1.869565217391304,1.9523809523809523,,,,,,,,,over,235.5,0.0057085736890831,total,,,,,,,,,,,,,,,,,,,,,1.8589532458030769,2.164207720136213,1.9609475602956128,2.306633344490592,1.9609475602956128,-104.0,2.306633344490592,131.0,0.5379371440662539,0.462062855933746,0.0057085736890833,-0.0978772812722101,0.5708573689083299,-9.78772812722101,0.0057085736890831,-0.0978772812722101,0.0065648597424457,0.0,138,105,,,basketball,NBA,-13.5,13.5,235.5,0.0057085736890833,Win
2026_03_14,3:10 PM,Atlanta Hawks,Milwaukee Bucks,2026_03_14_Milwaukee Bucks_Atlanta Hawks,0.796,0.204,109.6,118.5,228.1,-112,-108,-115,-105,280,-355,3.8,1.2816901408450705,0.2631578947368421,0.7802197802197802,0.2522172949002217,0.7477827050997783,4.901960784313726,1.2562814070351758,5.163563725490198,1.211369346733668,416.0,-473.0,-0.05,0.0378,1.211369346733668,5.163563725490198,-473.0,416.0,1.869565217391304,1.9523809523809523,1.2816901408450705,3.8,1.925925925925926,1.8928571428571428,0.020225352112676,-0.2248000000000001,2.0225352112676,-22.48000000000001,0.020225352112676,-0.2248000000000001,0.0718000000000004,0.0,home,-355.0,0.020225352112676,moneyline,,,,,,,,,,,,,,,,,,,,,,,,,,,,,,,,,,,,,,,99,122,,,basketball,NBA,9.5,-9.5,229.5,0.020225352112676,Win
2026_03_14,1:10 PM,Philadelphia 76ers,Brooklyn Nets,2026_03_14_Brooklyn Nets_Philadelphia 76ers,0.76,0.24,104.8,112.9,217.7,-108,-112,-115,-105,300,-380,,,,,,,,,,,,,,,,,,,1.869565217391304,1.9523809523809523,1.263157894736842,4.0,1.8928571428571428,1.925925925925926,,,,,,,,,home,-8.5,0.6729238948295286,spread,1.2068830676381543,5.8336483570953,1.3019929271152273,6.153847667837431,-331.0,515.0,1.3019929271152273,-331.0,6.153847667837431,515.0,0.4385714285714286,-0.5377777777777777,43.85714285714286,-53.77777777777777,0.883808850098619,0.511478769081824,0.6729238948295286,-0.0149297780646352,0.7536747622090723,0.0,,,,,,,,,,,,,,,,,,,97,104,,,basketball,NBA,8.5,-8.5,216.5,0.4385714285714286,Loss
2026_03_14,3:10 PM,Atlanta Hawks,Milwaukee Bucks,2026_03_14_Milwaukee Bucks_Atlanta Hawks,0.796,0.204,109.6,118.5,228.1,-112,-108,-115,-105,280,-355,,,,,,,,,,,,,,,,,,,1.869565217391304,1.9523809523809523,1.2816901408450705,3.8,1.925925925925926,1.8928571428571428,,,,,,,,,home,-9.5,0.7472105209522795,spread,1.1716885819783411,6.824499151179153,1.2638405034642526,7.205002410436528,-379.0,621.0,1.2638405034642526,-379.0,7.205002410436528,621.0,0.5330370370370372,-0.6138571428571429,53.30370370370372,-61.385714285714286,0.9072054628021452,0.5172151838696499,0.7472105209522795,-0.0209855448181626,0.8069873626284618,0.0,,,,,,,,,,,,,,,,,,,99,122,,,basketball,NBA,9.5,-9.5,229.5,0.5330370370370372,Win
2026_03_14,3:40 PM,San Antonio Spurs,Charlotte Hornets,2026_03_14_Charlotte Hornets_San Antonio Spurs,0.676,0.324,111.0,116.4,227.4,-118,-102,-112,-108,180,-218,,,,,,,,,,,,,,,,,,,1.8928571428571428,1.925925925925926,1.4587155963302751,2.8,1.9803921568627447,1.847457627118644,,,,,,,,,home,-5.5,0.5516978508877206,spread,1.3636782688930995,3.7496831280120912,1.458766408704242,4.018692122866894,-218.0,302.0,1.458766408704242,-218.0,4.018692122866894,302.0,0.3387450980392159,-0.4014237288135593,33.87450980392159,-40.14237288135593,0.7835305979730076,0.502870063590469,0.5516978508877206,-0.0709688655701504,0.5627318079054754,0.0,,,,,,,,,,,,,,,,,,,102,115,,,basketball,NBA,5.5,-5.5,228.5,0.3387450980392159,Win
2026_03_14,8:10 PM,Miami Heat,Orlando Magic,2026_03_14_Orlando Magic_Miami Heat,0.577,0.423,116.6,119.6,236.2,-105,-115,-110,-110,136,-162,,,,,,,,,,,,,,,,,,,1.9090909090909087,1.9090909090909087,1.617283950617284,2.3600000000000003,1.869565217391304,1.9523809523809523,,,,,,,,,home,-3.5,0.2712556078434989,spread,1.550770298462311,2.815638938395712,1.6493353535353534,3.0100384459691254,-154.0,201.0,1.6493353535353534,-154.0,3.0100384459691254,201.0,0.0787391304347824,-0.1741428571428571,7.87391304347824,-17.41428571428571,0.6799739297767553,0.5143473475997741,0.2712556078434989,0.0042019643614636,0.3119439490200237,0.0044120625795368,,,,,,,,,,,,,,,,,,,121,117,,,basketball,NBA,3.5,-3.5,236.5,0.0787391304347824,Loss
2026_03_14,10:40 PM,Los Angeles Clippers,Sacramento Kings,2026_03_14_Sacramento Kings_Los Angeles Clippers,0.879,0.121,106.5,118.3,224.8,-108,-112,-108,-112,625,-950,,,,,,,,,,,,,,,,,,,1.925925925925926,1.8928571428571428,1.1052631578947367,7.25,1.8928571428571428,1.925925925925926,,,,,,,,,home,-13.5,0.8278023912599848,spread,1.0800636936555423,13.490055783615173,1.1794662735849055,14.055155608695651,-557.0,1306.0,1.1794662735849055,-557.0,14.055155608695651,1306.0,0.6638214285714286,-0.766962962962963,66.38214285714285,-76.6962962962963,0.9656314519864072,0.5486701386114963,0.8278023912599848,0.0566980447332521,0.927138678211183,0.0612338883119122,,,,,,,,,,,,,,,,,,,118,109,,,basketball,NBA,13.5,-13.5,231.5,0.6638214285714286,Loss
2026_03_14,6:10 PM,Boston Celtics,Washington Wizards,2026_03_14_Washington Wizards_Boston Celtics,0.901,0.099,107.6,120.6,228.2,-108,-112,-108,-112,1100,-2100,,,,,,,,,,,,,,,,,,,1.925925925925926,1.8928571428571428,1.0476190476190477,12.0,1.8928571428571428,1.925925925925926,,,,,,,,,under,230.5,0.0434610453439938,total,,,,,,,,,,,,,,,,,,,,,2.2284740280759774,1.814018023292026,2.34220771197975,1.9197018243323585,2.34220771197975,134.0,1.9197018243323585,-109.0,0.4487375609503429,0.5512624390496571,-0.1357646974289692,0.0434610453439938,-13.57646974289692,4.34610453439938,-0.1357646974289692,0.0434610453439938,0.0,0.048676370785273,100,111,,,basketball,NBA,19.5,-19.5,230.5,0.0434610453439938,Win
2026_03_14,3:40 PM,San Antonio Spurs,Charlotte Hornets,2026_03_14_Charlotte Hornets_San Antonio Spurs,0.676,0.324,111.0,116.4,227.4,-118,-102,-112,-108,180,-218,,,,,,,,,,,,,,,,,,,1.8928571428571428,1.925925925925926,1.4587155963302751,2.8,1.9803921568627447,1.847457627118644,,,,,,,,,under,228.5,0.0102812811517336,total,,,,,,,,,,,,,,,,,,,,,2.103355201078995,1.9063264477496265,2.210703248470605,2.0173880923612257,2.210703248470605,121.0,2.0173880923612257,102.0,0.4754308732481382,0.5245691267518616,-0.1000772756374526,0.0102812811517336,-10.00772756374526,1.02812811517336,-0.1000772756374526,0.0102812811517336,0.0,0.0111037836438722,102,115,,,basketball,NBA,5.5,-5.5,228.5,0.0102812811517336,Win
2026_03_14,10:40 PM,Los Angeles Clippers,Sacramento Kings,2026_03_14_Sacramento Kings_Los Angeles Clippers,0.879,0.121,106.5,118.3,224.8,-108,-112,-108,-112,625,-950,,,,,,,,,,,,,,,,,,,1.925925925925926,1.8928571428571428,1.1052631578947367,7.25,1.8928571428571428,1.925925925925926,,,,,,,,,under,231.5,0.2233534947412694,total,,,,,,,,,,,,,,,,,,,,,2.827254411807983,1.5472691670836063,2.971547796221236,1.6374123104869729,2.971547796221236,197.0,1.6374123104869729,-157.0,0.3537000405140463,0.6462999594859536,-0.3187999219729477,0.2233534947412694,-31.87999219729477,22.33534947412694,-0.3187999219729477,0.2233534947412694,0.0,0.2501559141102216,118,109,,,basketball,NBA,13.5,-13.5,231.5,0.2233534947412694,Win
2026_03_14,8:40 PM,Los Angeles Lakers,Denver Nuggets,2026_03_14_Denver Nuggets_Los Angeles Lakers,0.434,0.566,121.4,118.9,240.3,-102,-118,-105,-115,-155,130,,,,,,,,,,,,,,,,,,,1.9523809523809523,1.869565217391304,2.3,1.6451612903225803,1.847457627118644,1.9803921568627447,,,,,,,,,under,246.5,0.188728734089449,total,,,,,,,,,,,,,,,,,,,,,2.7459827186763954,1.5727433549617753,2.814632286643305,1.6120619388358195,2.814632286643305,181.0,1.6120619388358195,-163.0,0.3641683515335503,0.6358316484664496,-0.2890046470059254,0.188728734089449,-28.900464700592536,18.8728734089449,-0.2890046470059254,0.188728734089449,0.0,0.2170380442028664,125,127,,,basketball,NBA,-3.5,3.5,246.5,0.188728734089449,Loss
2026_03_15,3:40 PM,Milwaukee Bucks,Indiana Pacers,2026_03_15_Indiana Pacers_Milwaukee Bucks,0.75,0.25,109.6,117.2,226.8,-105,-115,-110,-110,230,-285,3.3,1.350877192982456,0.303030303030303,0.7402597402597403,0.2904564315352697,0.7095435684647302,4.0,1.3333333333333333,3.904502,1.3228833333333332,290.0,-310.0,-0.0225,-0.0383,1.3228833333333332,3.904502,-310.0,290.0,1.9090909090909087,1.9090909090909087,1.350877192982456,3.3,1.869565217391304,1.9523809523809523,0.013157894736842,-0.175,1.3157894736842,-17.5,0.013157894736842,-0.175,0.0374999999999995,0.0,home,-285.0,0.013157894736842,moneyline,,,,,,,,,,,,,,,,,,,,,,,,,,,,,,,,,,,,,,,123,134,,,basketball,NBA,7.5,-7.5,227.5,0.013157894736842,Win
2026_03_15,8:10 PM,New York Knicks,Golden State Warriors,2026_03_15_Golden State Warriors_New York Knicks,0.853,0.147,103.7,114.5,218.2,-112,-108,-112,-108,575,-850,,,,,,,,,,,,,,,,,,,1.8928571428571428,1.925925925925926,1.1176470588235294,6.75,1.925925925925926,1.8928571428571428,,,,,,,,,home,-13.5,0.8484756308767267,spread,1.0898963456407138,12.123922700892344,1.1903128205128206,12.625476456521737,-525.0,1163.0,1.1903128205128206,-525.0,12.625476456521737,1163.0,0.642814814814815,-0.72175,64.28148148148149,-72.175,0.9597854237244542,0.5770078206322555,0.8484756308767267,0.092193374768198,0.9163536813468648,0.1032565797403816,,,,,,,,,,,,,,,,,,,107,110,,,basketball,NBA,13.5,-13.5,218.5,0.642814814814815,Loss
2026_03_15,3:40 PM,Cleveland Cavaliers,Dallas Mavericks,2026_03_15_Dallas Mavericks_Cleveland Cavaliers,0.84,0.16,111.2,121.6,232.8,-108,-112,-110,-110,900,-1600,,,,,,,,,,,,,,,,,,,1.9090909090909087,1.9090909090909087,1.0625,10.0,1.8928571428571428,1.925925925925926,,,,,,,,,home,-16.5,0.8427348496381337,spread,1.0662449056558403,16.095500402631142,1.1036269430051813,16.65,-965.0,1565.0,1.1036269430051813,-965.0,16.65,1565.0,0.5899999999999999,-0.6918518518518518,58.99999999999999,-69.18518518518518,0.973520297922033,0.6696144949448785,0.8427348496381337,0.2896279161901363,0.94386303159471,0.3127981494853473,,,,,,,,,,,,,,,,,,,130,120,,,basketball,NBA,16.5,-16.5,235.5,0.5899999999999999,Loss
2026_03_15,3:40 PM,Milwaukee Bucks,Indiana Pacers,2026_03_15_Indiana Pacers_Milwaukee Bucks,0.75,0.25,109.6,117.2,226.8,-105,-115,-110,-110,230,-285,,,,,,,,,,,,,,,,,,,1.9090909090909087,1.9090909090909087,1.350877192982456,3.3,1.869565217391304,1.9523809523809523,,,,,,,,,home,-7.5,0.6103195211670833,spread,1.2408610710845545,5.15177095865753,1.3390127031504853,5.439470658304065,-295.0,444.0,1.3390127031504853,-295.0,5.439470658304065,444.0,0.402173913043478,-0.5119047619047619,40.2173913043478,-51.19047619047619,0.8613336973684401,0.4971299364095305,0.6103195211670833,-0.0294129812956784,0.7018674493421463,0.0,,,,,,,,,,,,,,,,,,,123,134,,,basketball,NBA,7.5,-7.5,227.5,0.402173913043478,Win
2026_03_15,1:10 PM,Oklahoma City Thunder,Minnesota Timberwolves,2026_03_15_Minnesota Timberwolves_Oklahoma City Thunder,0.741,0.259,110.1,117.6,227.7,-118,-102,-105,-115,310,-395,,,,,,,,,,,,,,,,,,,1.9523809523809523,1.869565217391304,1.2531645569620251,4.1,1.9803921568627447,1.847457627118644,,,,,,,,,home,-9.5,0.7612404313165027,spread,1.198562855898654,6.036188644015058,1.2932259305158411,6.3681607706974415,-341.0,537.0,1.2932259305158411,-341.0,6.3681607706974415,537.0,0.4674705882352941,-0.5215084745762713,46.74705882352941,-52.15084745762712,0.8893392276944718,0.5572043170451892,0.7612404313165027,0.0294113653885699,0.776465239942833,0.0347054111585125,,,,,,,,,,,,,,,,,,,103,116,,,basketball,NBA,9.5,-9.5,225.5,0.4674705882352941,Win
2026_03_15,6:10 PM,Philadelphia 76ers,Portland Trail Blazers,2026_03_15_Portland Trail Blazers_Philadelphia 76ers,0.31,0.69,118.6,112.8,231.4,-105,-115,-105,-115,-340,270,,,,,,,,,,,,,,,,,,,1.9523809523809523,1.869565217391304,3.7,1.2941176470588236,1.869565217391304,1.9523809523809523,,,,,,,,,over,229.5,0.0589409583949276,total,,,,,,,,,,,,,,,,,,,,,1.8437108668836848,2.185240156611449,1.9378075565027888,2.312551177213966,1.9378075565027888,-107.0,2.312551177213966,131.0,0.5423843933242313,0.4576156066757686,0.0589409583949276,-0.144457778823563,5.89409583949276,-14.4457778823563,0.0589409583949276,-0.144457778823563,0.0618880063146741,0.0,103,109,,,basketball,NBA,-8.5,8.5,229.5,0.0589409583949276,Loss
2026_03_15,1:10 PM,Oklahoma City Thunder,Minnesota Timberwolves,2026_03_15_Minnesota Timberwolves_Oklahoma City Thunder,0.741,0.259,110.1,117.6,227.7,-118,-102,-105,-115,310,-395,,,,,,,,,,,,,,,,,,,1.9523809523809523,1.869565217391304,1.2531645569620251,4.1,1.9803921568627447,1.847457627118644,,,,,,,,,over,225.5,0.0719453049673095,total,,,,,,,,,,,,,,,,,,,,,1.8213438160825688,2.217516928257326,1.9142989680155151,2.3467083777580395,1.9142989680155151,-109.0,2.3467083777580395,135.0,0.5490451562027683,0.4509548437972319,0.0719453049673095,-0.1569105094225664,7.19453049673095,-15.69105094225664,0.0719453049673095,-0.1569105094225665,0.0755425702156749,0.0,103,116,,,basketball,NBA,9.5,-9.5,225.5,0.0719453049673095,Loss
2026_03_16,7:10 PM,Washington Wizards,Golden State Warriors,2026_03_16_Golden State Warriors_Washington Wizards,0.238,0.762,118.6,110.7,229.3,-110,-110,-105,-115,-310,250,1.3225806451612905,3.5,0.7560975609756098,0.2857142857142857,0.725752508361204,0.2742474916387959,1.3123359580052494,4.201680672268908,1.332020997375328,4.094117647058823,-301.0,309.0,-0.04,0.0,4.094117647058823,1.332020997375328,309.0,-301.0,1.9523809523809523,1.869565217391304,3.5,1.3225806451612905,1.9090909090909087,1.9090909090909087,-0.167,0.0078064516129032,-16.7,0.78064516129032,-0.167,0.0078064516129032,0.0,0.0242000000000004,away,-310.0,0.0078064516129032,moneyline,,,,,,,,,,,,,,,,,,,,,,,,,,,,,,,,,,,,,,,125,117,,,basketball,NBA,-7.5,7.5,232.5,0.0078064516129032,Win
2026_03_16,7:40 PM,Boston Celtics,Phoenix Suns,2026_03_16_Phoenix Suns_Boston Celtics,0.758,0.242,103.1,111.1,214.2,-102,-118,-110,-110,330,-425,,,,,,,,,,,,,,,,,,,1.9090909090909087,1.9090909090909087,1.2352941176470589,4.3,1.847457627118644,1.9803921568627447,,,,,,,,,home,-8.5,0.6301894448327039,spread,1.2090100107363813,5.78445982791357,1.3046113535914745,6.102820738585049,-328.0,510.0,1.3046113535914745,-328.0,6.102820738585049,510.0,0.4003728813559322,-0.5207450980392156,40.037288135593215,-52.074509803921565,0.8823961215149498,0.5143473475997741,0.6301894448327039,0.0186094530897484,0.7436235449025906,0.0189816421515434,,,,,,,,,,,,,,,,,,,112,120,,,basketball,NBA,8.5,-8.5,213.5,0.4003728813559322,Loss
2026_03_16,7:10 PM,Atlanta Hawks,Orlando Magic,2026_03_16_Orlando Magic_Atlanta Hawks,0.578,0.422,114.1,117.1,231.2,-110,-110,-108,-112,120,-142,,,,,,,,,,,,,,,,,,,1.925925925925926,1.8928571428571428,1.704225352112676,2.2,1.9090909090909087,1.9090909090909087,,,,,,,,,home,-2.5,0.2482222800413955,spread,1.6042403888822698,2.6549704693686738,1.7030301203300593,2.8533525563689603,-142.0,185.0,1.7030301203300593,-142.0,2.8533525563689603,185.0,0.1034545454545454,-0.1943636363636364,10.34545454545454,-19.43636363636364,0.6538307181169216,0.4856526524002258,0.2482222800413955,-0.0728449363268417,0.2730445080455352,0.0,,,,,,,,,,,,,,,,,,,112,124,,,basketball,NBA,2.5,-2.5,229.5,0.1034545454545454,Win
2026_03_16,8:10 PM,New Orleans Pelicans,Dallas Mavericks,2026_03_16_Dallas Mavericks_New Orleans Pelicans,0.754,0.246,115.1,123.0,238.1,-108,-112,-105,-115,280,-355,,,,,,,,,,,,,,,,,,,1.9523809523809523,1.869565217391304,1.2816901408450705,3.8,1.8928571428571428,1.925925925925926,,,,,,,,,home,-8.5,0.6675527737861977,spread,1.2111560152624898,5.735834774855416,1.306610063649168,6.051793809332665,-326.0,505.0,1.306610063649168,-326.0,6.051793809332665,505.0,0.4272142857142857,-0.5262222222222221,42.72142857142857,-52.62222222222221,0.8809712767172365,0.5172151838696499,0.6675527737861977,-0.0038818681028963,0.7476591066405414,0.0,,,,,,,,,,,,,,,,,,,111,129,,,basketball,NBA,8.5,-8.5,239.5,0.4272142857142857,Win
2026_03_16,8:10 PM,Chicago Bulls,Memphis Grizzlies,2026_03_16_Memphis Grizzlies_Chicago Bulls,0.679,0.321,117.6,123.2,240.8,-118,-102,-108,-112,200,-245,,,,,,,,,,,,,,,,,,,1.925925925925926,1.8928571428571428,1.4081632653061225,3.0,1.9803921568627447,1.847457627118644,,,,,,,,,under,243.5,0.0602174667368269,total,,,,,,,,,,,,,,,,,,,,,2.273320857921292,1.785348008539269,2.398050085538364,1.9028410303228005,2.398050085538364,140.0,1.9028410303228005,-111.0,0.4398851119126197,0.5601148880873803,-0.1528138585386583,0.0602174667368269,-15.281385853865832,6.02174667368269,-0.1528138585386583,0.0602174667368269,0.0,0.0674435627452461,107,132,,,basketball,NBA,6.5,-6.5,243.5,0.0602174667368269,Win
2026_03_16,7:10 PM,Washington Wizards,Golden State Warriors,2026_03_16_Golden State Warriors_Washington Wizards,0.238,0.762,118.6,110.7,229.3,-110,-110,-105,-115,-310,250,,,,,,,,,,,,,,,,,,,1.9523809523809523,1.869565217391304,3.5,1.3225806451612905,1.9090909090909087,1.9090909090909087,,,,,,,,,under,232.5,0.0677794024527029,total,,,,,,,,,,,,,,,,,,,,,2.331751426076889,1.750890879798663,2.4507560347438195,1.852896924395821,2.4507560347438195,145.0,1.852896924395821,-117.0,0.4288621800834379,0.5711378199165622,-0.1626976484085259,0.0677794024527032,-16.26976484085259,6.77794024527032,-0.1626976484085259,0.0677794024527029,0.0,0.0779463128206085,125,117,,,basketball,NBA,-7.5,7.5,232.5,0.0677794024527032,Loss
2026_03_17,,Milwaukee Bucks,Cleveland Cavaliers,2026_03_17_Cleveland Cavaliers_Milwaukee Bucks,0.152,0.848,119.2,108.4,227.6,-115,-105,-110,-110,-455,354,1.21978021978022,4.54,0.8198198198198198,0.2202643171806167,0.7882245201663677,0.2117754798336322,1.179245283018868,6.578947368421053,1.2098608490566036,6.410526315789473,-477.0,541.0,-0.04,0.0108,6.410526315789473,1.2098608490566036,541.0,-477.0,1.9090909090909087,1.9090909090909087,4.54,1.21978021978022,1.9523809523809523,1.869565217391304,-0.30992,0.0343736263736265,-30.992,3.43736263736265,-0.30992,0.0343736263736267,0.0,0.1564000000000009,away,-455.0,0.0343736263736267,moneyline,,,,,,,,,,,,,,,,,,,,,,,,,,,,,,,,,,,,,,,123,116,,,basketball,NBA,-9.0,9.0,229.0,0.0343736263736265,Win
2026_03_17,,Minnesota Timberwolves,Phoenix Suns,2026_03_17_Phoenix Suns_Minnesota Timberwolves,0.669,0.331,107.9,113.4,221.3,-110,-110,-110,-110,159,-182,2.59,1.5494505494505495,0.3861003861003861,0.6453900709219857,0.3743130956489421,0.6256869043510579,3.021148036253776,1.4947683109118086,2.936447129909365,1.4818393124065767,194.0,-208.0,-0.0233,-0.0424,1.4818393124065767,2.936447129909365,-208.0,194.0,1.9090909090909087,1.9090909090909087,1.5494505494505495,2.59,1.9090909090909087,1.9090909090909087,0.0365824175824176,-0.14271,3.65824175824176,-14.271,0.0365824175824176,-0.14271,0.0665800000000001,0.0,home,-182.0,0.0365824175824176,moneyline,,,,,,,,,,,,,,,,,,,,,,,,,,,,,,,,,,,,,,,104,116,,,basketball,NBA,8.0,-8.0,227.0,0.0365824175824176,Win
2026_03_17,,New York Knicks,Indiana Pacers,2026_03_17_Indiana Pacers_New York Knicks,0.858,0.142,107.5,118.5,226.0,-110,-110,-110,-110,795,-1300,,,,,,,,,,,,,,,,,,,1.9090909090909087,1.9090909090909087,1.0769230769230769,8.95,1.9090909090909087,1.9090909090909087,,,,,,,,,home,-17.5,0.8705947194012025,spread,1.0545207121592068,19.341653298289355,1.091491308325709,20.01,-1093.0,1901.0,1.091491308325709,-1093.0,20.01,1901.0,0.6380000000000001,-0.728909090909091,63.80000000000001,-72.89090909090909,0.9798353292101538,0.6799739297767553,0.8705947194012025,0.2981320477556235,0.957654191341323,0.327945252531186,,,,,,,,,,,,,,,,,,,110,136,,,basketball,NBA,17.5,-17.5,225.0,0.6380000000000001,Win
2026_03_17,,Charlotte Hornets,Miami Heat,2026_03_17_Miami Heat_Charlotte Hornets,0.609,0.391,115.5,119.0,234.5,-110,-110,-110,-110,153,-175,,,,,,,,,,,,,,,,,,,1.9090909090909087,1.9090909090909087,1.5714285714285714,2.53,1.9090909090909087,1.9090909090909087,,,,,,,,,home,-3.5,0.3224802354890925,spread,1.5257351664030427,2.902098364166443,1.6240054994880797,3.103132418524871,-160.0,210.0,1.6240054994880797,-160.0,3.103132418524871,210.0,0.1626363636363637,-0.2535454545454545,16.26363636363637,-25.35454545454545,0.6927277423990486,0.5,0.3224802354890925,-0.0454545454545456,0.3547282590380018,0.0,,,,,,,,,,,,,,,,,,,106,136,,,basketball,NBA,3.5,-3.5,232.5,0.1626363636363637,Win
2026_03_17,,Minnesota Timberwolves,Phoenix Suns,2026_03_17_Phoenix Suns_Minnesota Timberwolves,0.669,0.331,107.9,113.4,221.3,-110,-110,-110,-110,159,-182,,,,,,,,,,,,,,,,,,,1.9090909090909087,1.9090909090909087,1.5494505494505495,2.59,1.9090909090909087,1.9090909090909087,,,,,,,,,home,-8.0,0.5927190056784115,spread,1.2824236331729797,4.540780170431123,1.3837908532322143,4.786325963873558,-261.0,379.0,1.3837908532322143,-261.0,4.786325963873558,379.0,0.2771818181818184,-0.368090909090909,27.71818181818184,-36.809090909090905,0.8342813839267872,0.5713672358196128,0.5927190056784115,0.0907919956556242,0.651990906246253,0.0998711952211867,,,,,,,,,,,,,,,,,,,104,116,,,basketball,NBA,8.0,-8.0,227.0,0.2771818181818184,Win
2026_03_18,,Indiana Pacers,Portland Trail Blazers,2026_03_18_Portland Trail Blazers_Indiana Pacers,0.137,0.863,120.9,109.8,230.7,-110,-110,-110,-110,-500,383,1.2,4.83,0.8333333333333334,0.20703933747412,0.8009950248756219,0.1990049751243781,1.1587485515643106,7.2992700729927,1.1715428736964075,7.112408759124086,-583.0,611.0,-0.04,-0.0039,7.112408759124086,1.1715428736964075,611.0,-583.0,1.9090909090909087,1.9090909090909087,4.83,1.2,1.9090909090909087,1.9090909090909087,-0.33829,0.0355999999999998,-33.829,3.55999999999998,-0.33829,0.0355999999999998,0.0,0.1779999999999997,away,-500.0,0.0355999999999998,moneyline,,,,,,,,,,,,,,,,,,,,,,,,,,,,,,,,,,,,,,,127,119,,,basketball,NBA,-10.0,10.0,231.0,0.0355999999999998,Win
2026_03_18,,Boston Celtics,Golden State Warriors,2026_03_18_Golden State Warriors_Boston Celtics,0.836,0.164,103.2,113.6,216.8,-110,-110,-110,-110,458,-620,,,,,,,,,,,,,,,,,,,1.9090909090909087,1.9090909090909087,1.1612903225806452,5.58,1.9090909090909087,1.9090909090909087,,,,,,,,,home,-13.0,0.8209984055344115,spread,1.0996116232926934,11.038989095295188,1.200775138121547,11.497842195652172,-498.0,1050.0,1.200775138121547,-498.0,11.497842195652172,1050.0,0.5960000000000001,-0.6869090909090909,59.60000000000001,-68.69090909090909,0.9538563076608824,0.5741894258315249,0.8209984055344115,0.0961798129510926,0.9030982460878528,0.1057977942462021,,,,,,,,,,,,,,,,,,,99,120,,,basketball,NBA,13.0,-13.0,215.5,0.5960000000000001,Win
2026_03_18,,New Orleans Pelicans,Los Angeles Clippers,2026_03_18_Los Angeles Clippers_New Orleans Pelicans,0.498,0.502,116.0,115.9,231.9,-110,-110,-110,-110,105,-125,,,,,,,,,,,,,,,,,,,1.9090909090909087,1.9090909090909087,1.8,2.05,1.9090909090909087,1.9090909090909087,,,,,,,,,away,2.0,0.0691736776418774,spread,1.8408450023071827,2.189279828334728,1.95592485025955,2.353495174231332,-105.0,135.0,1.95592485025955,-105.0,2.353495174231332,135.0,-0.0492727272727272,-0.0416363636363635,-4.92727272727272,-4.16363636363635,0.5543623388157006,0.5600433549552692,0.0583281013754282,0.0691736776418774,0.0641609115129711,0.0760910454060652,,,,,,,,,,,,,,,,,,,109,124,,,basketball,NBA,2.0,-2.0,230.5,-0.0416363636363635,Loss
2026_03_18,,Minnesota Timberwolves,Utah Jazz,2026_03_18_Utah Jazz_Minnesota Timberwolves,0.841,0.159,111.8,122.2,234.0,-110,-110,-110,-110,458,-620,,,,,,,,,,,,,,,,,,,1.9090909090909087,1.9090909090909087,1.1612903225806452,5.58,1.9090909090909087,1.9090909090909087,,,,,,,,,home,-12.0,0.8068892191666532,spread,1.1114477167006782,9.97281729589633,1.213704135338346,10.390344260869565,-468.0,939.0,1.213704135338346,-468.0,10.390344260869565,939.0,0.6055454545454546,-0.6964545454545454,60.55454545454546,-69.64545454545454,0.9464657814682472,0.5458202062998307,0.8068892191666532,0.0420203938451311,0.8875781410833189,0.0462224332296443,,,,,,,,,,,,,,,,,,,111,147,,,basketball,NBA,12.0,-12.0,233.0,0.6055454545454546,Win
2026_03_19,10:10 PM,Sacramento Kings,Philadelphia 76ers,2026_03_19_Philadelphia 76ers_Sacramento Kings,0.333,0.667,117.3,112.1,229.4,-108,-112,-115,-105,-155,130,,,,,,,,,,,,,,,,,,,1.869565217391304,1.9523809523809523,2.3,1.6451612903225803,1.8928571428571428,1.925925925925926,,,,,,,,,away,-3.5,0.0566980447332521,spread,3.2305568590395755,1.4483185424964131,3.5041598321678324,1.522588111888112,250.0,-191.0,3.5041598321678324,250.0,1.522588111888112,-191.0,-0.3696785714285714,0.2845925925925927,-36.96785714285714,28.459259259259262,0.2656905032212561,0.5486701386114963,-0.4970858331883366,0.0566980447332521,0.0,0.0612338883119122,,,,,,,,,,,,,,,,,,,139,118,,,basketball,NBA,-3.5,3.5,230.5,0.2845925925925927,Win
2026_03_19,7:10 PM,Charlotte Hornets,Orlando Magic,2026_03_19_Orlando Magic_Charlotte Hornets,0.656,0.344,110.9,115.8,226.7,-102,-118,-112,-108,170,-205,,,,,,,,,,,,,,,,,,,1.8928571428571428,1.925925925925926,1.4878048780487805,2.7,1.847457627118644,1.9803921568627447,,,,,,,,,home,-4.5,0.3866312850389886,spread,1.419616627954885,3.3831276774558963,1.5090782945049754,3.620321154945683,-196.0,262.0,1.5090782945049754,-196.0,3.620321154945683,262.0,0.2119322033898305,-0.3187450980392157,21.19322033898305,-31.87450980392157,0.7505618882321131,0.488521230918176,0.3866312850389886,-0.0325363858287104,0.4562249163460065,0.0,,,,,,,,,,,,,,,,,,,111,130,,,basketball,NBA,4.5,-4.5,225.5,0.2119322033898305,Win
2026_03_19,8:10 PM,Miami Heat,Los Angeles Lakers,2026_03_19_Los Angeles Lakers_Miami Heat,0.584,0.416,116.8,119.9,236.7,-105,-115,-110,-110,130,-155,,,,,,,,,,,,,,,,,,,1.9090909090909087,1.9090909090909087,1.6451612903225803,2.3,1.869565217391304,1.9523809523809523,,,,,,,,,home,-2.5,0.2273338577016446,spread,1.5986805520955718,2.670339877418237,1.698566317330662,2.874179947291361,-143.0,187.0,1.698566317330662,-143.0,2.874179947291361,187.0,0.0918260869565215,-0.1878095238095238,9.18260869565215,-18.78095238095237,0.6564809006311123,0.4827848161303496,0.2273338577016446,-0.057420120888365,0.2614339363568912,0.0,,,,,,,,,,,,,,,,,,,134,126,,,basketball,NBA,2.5,-2.5,239.5,0.0918260869565215,Loss
2026_03_19,8:10 PM,San Antonio Spurs,Phoenix Suns,2026_03_19_Phoenix Suns_San Antonio Spurs,0.815,0.185,108.6,118.1,226.7,-108,-112,-105,-115,360,-470,,,,,,,,,,,,,,,,,,,1.9523809523809523,1.869565217391304,1.2127659574468086,4.6,1.8928571428571428,1.925925925925926,,,,,,,,,home,-9.5,0.7303983039393465,spread,1.1611741126704036,7.20447032982878,1.2526422002260436,7.603012458605119,-396.0,660.0,1.2526422002260436,-396.0,7.603012458605119,660.0,0.5426785714285713,-0.6437037037037037,54.26785714285713,-64.37037037037037,0.914172688873617,0.5,0.7303983039393465,-0.0370370370370369,0.818046100412068,0.0,,,,,,,,,,,,,,,,,,,100,101,,,basketball,NBA,9.5,-9.5,227.5,0.5426785714285713,Loss
2026_03_19,8:10 PM,Chicago Bulls,Cleveland Cavaliers,2026_03_19_Cleveland Cavaliers_Chicago Bulls,0.188,0.812,123.2,113.7,236.9,-118,-102,-112,-108,-750,525,,,,,,,,,,,,,,,,,,,1.8928571428571428,1.925925925925926,6.25,1.1333333333333333,1.9803921568627447,1.847457627118644,,,,,,,,,under,240.5,0.1168768256102716,total,,,,,,,,,,,,,,,,,,,,,2.38048089439135,1.7243852515908211,2.511089621390902,1.8378663392887464,2.511089621390902,151.0,1.8378663392887464,-119.0,0.420083186702359,0.579916813297641,-0.204842539456249,0.1168768256102716,-20.4842539456249,11.68768256102716,-0.204842539456249,0.1168768256102716,0.0,0.1262269716590932,115,110,,,basketball,NBA,-12.5,12.5,240.5,0.1168768256102716,Win
2026_03_20,9:10 PM,Denver Nuggets,Toronto Raptors,2026_03_20_Toronto Raptors_Denver Nuggets,0.725,0.275,114.3,121.2,235.5,-108,-112,-115,-105,210,-258,3.1,1.3875968992248062,0.3225806451612903,0.7206703910614525,0.3092071169459319,0.690792883054068,3.636363636363636,1.3793103448275863,3.5451181818181814,1.3412,255.0,-293.0,-0.042,-0.0395,1.3412,3.5451181818181814,-293.0,255.0,1.869565217391304,1.9523809523809523,1.3875968992248062,3.1,1.8928571428571428,1.925925925925926,0.0060077519379844,-0.1474999999999998,0.60077519379844,-14.74999999999998,0.0060077519379844,-0.1474999999999998,0.0154999999999999,0.0,home,-258.0,0.0060077519379844,moneyline,,,,,,,,,,,,,,,,,,,,,,,,,,,,,,,,,,,,,,,115,121,,,basketball,NBA,6.5,-6.5,235.5,0.0060077519379844,Win
2026_03_20,7:40 PM,Detroit Pistons,Golden State Warriors,2026_03_20_Golden State Warriors_Detroit Pistons,0.711,0.289,105.6,112.0,217.6,-108,-112,-112,-108,200,-245,3.0,1.4081632653061225,0.3333333333333333,0.7101449275362319,0.3194444444444444,0.6805555555555556,3.460207612456748,1.4064697609001406,3.4836626297577853,1.3981589310829818,248.0,-251.0,-0.0206,-0.0081,1.3981589310829818,3.4836626297577853,-251.0,248.0,1.8928571428571428,1.925925925925926,1.4081632653061225,3.0,1.8928571428571428,1.925925925925926,0.001204081632653,-0.133,0.1204081632652999,-13.3,0.001204081632653,-0.133,0.0029499999999998,0.0,home,-245.0,0.001204081632653,moneyline,,,,,,,,,,,,,,,,,,,,,,,,,,,,,,,,,,,,,,,101,115,,,basketball,NBA,6.5,-6.5,217.5,0.001204081632653,Win
2026_03_20,8:10 PM,Houston Rockets,Atlanta Hawks,2026_03_20_Atlanta Hawks_Houston Rockets,0.617,0.383,111.7,115.6,227.3,-105,-115,-110,-110,140,-166,,,,,,,,,,,,,,,,,,,1.9090909090909087,1.9090909090909087,1.6024096385542168,2.4,1.869565217391304,1.9523809523809523,,,,,,,,,home,-3.5,0.3138678797694378,spread,1.5064772795657726,2.974422230464806,1.603879853013921,3.175538841623785,-166.0,218.0,1.603879853013921,-166.0,3.175538841623785,218.0,0.1535217391304346,-0.2522380952380952,15.35217391304346,-25.22380952380952,0.7027665403417924,0.488521230918176,0.3138678797694378,-0.0462204539216564,0.3609480617348535,0.0,,,,,,,,,,,,,,,,,,,95,117,,,basketball,NBA,3.5,-3.5,227.5,0.1535217391304346,Win
2026_03_20,7:40 PM,Brooklyn Nets,New York Knicks,2026_03_20_New York Knicks_Brooklyn Nets,0.092,0.908,116.1,102.7,218.8,-115,-105,-115,-105,-1800,1000,,,,,,,,,,,,,,,,,,,1.869565217391304,1.9523809523809523,11.0,1.0555555555555556,1.9523809523809523,1.869565217391304,,,,,,,,,over,215.5,0.0718891332314481,total,,,,,,,,,,,,,,,,,,,,,1.744177788009739,2.343764912245557,1.8570194529711264,2.4650200180654966,1.8570194529711264,-117.0,2.4650200180654966,147.0,0.5733360480075189,0.4266639519924811,0.0718891332314484,-0.1669894270622989,7.188913323144839,-16.698942706229893,0.0718891332314481,-0.1669894270622989,0.0826725032161654,0.0,93,92,,,basketball,NBA,-17.5,17.5,215.5,0.0718891332314484,Loss
2026_03_21,8:10 PM,San Antonio Spurs,Indiana Pacers,2026_03_21_Indiana Pacers_San Antonio Spurs,0.926,0.074,108.8,123.7,232.5,-105,-115,-110,-110,1100,-2100,,,,,,,,,,,,,,,,,,,1.9090909090909087,1.9090909090909087,1.0476190476190477,12.0,1.869565217391304,1.9523809523809523,,,,,,,,,home,-18.5,0.8543594576444644,spread,1.0526315789473684,19.999999999999982,1.08952551477171,20.69,-1117.0,1969.0,1.08952551477171,-1117.0,20.69,1969.0,0.7312173913043478,-0.8555238095238096,73.12173913043478,-85.55238095238096,0.9918666866470393,0.6021796043304662,0.8543594576444644,0.1756839894071007,0.9825133762911344,0.1844681888774557,,,,,,,,,,,,,,,,,,,119,134,,,basketball,NBA,18.5,-18.5,233.5,0.7312173913043478,Loss
2026_03_21,10:10 PM,Phoenix Suns,Milwaukee Bucks,2026_03_21_Milwaukee Bucks_Phoenix Suns,0.799,0.201,105.2,114.2,219.4,-110,-110,-110,-110,440,-600,,,,,,,,,,,,,,,,,,,1.9090909090909087,1.9090909090909087,1.1666666666666667,5.4,1.9090909090909087,1.9090909090909087,,,,,,,,,home,-11.5,0.7752055006815242,spread,1.1372854536421837,8.284092913487893,1.2421156028368794,8.628415728260869,-413.0,763.0,1.2421156028368794,-413.0,8.628415728260869,763.0,0.5253636363636365,-0.6162727272727273,52.536363636363646,-61.62727272727273,0.9298695479760366,0.5713672358196128,0.7752055006815242,0.0907919956556242,0.8527260507496768,0.0998711952211867,,,,,,,,,,,,,,,,,,,108,105,,,basketball,NBA,11.5,-11.5,219.5,0.5253636363636365,Loss
2026_03_21,8:10 PM,Atlanta Hawks,Golden State Warriors,2026_03_21_Golden State Warriors_Atlanta Hawks,0.764,0.236,111.3,119.3,230.6,-115,-105,-105,-115,320,-410,,,,,,,,,,,,,,,,,,,1.9523809523809523,1.869565217391304,1.2439024390243902,4.2,1.9523809523809523,1.869565217391304,,,,,,,,,home,-10.5,0.7735327860931853,spread,1.1698960438323511,6.885952241399886,1.2776343881856542,7.168532086956521,-360.0,617.0,1.2776343881856542,-360.0,7.168532086956521,617.0,0.4916190476190476,-0.5587826086956522,49.161904761904765,-55.87826086956522,0.9083948416574852,0.5713672358196128,0.7735327860931853,0.0682083104453628,0.8122094253978447,0.0784395570121673,,,,,,,,,,,,,,,,,,,110,126,,,basketball,NBA,10.5,-10.5,229.5,0.4916190476190476,Win
2026_03_21,7:10 PM,Charlotte Hornets,Memphis Grizzlies,2026_03_21_Memphis Grizzlies_Charlotte Hornets,0.896,0.104,109.9,122.6,232.5,-108,-112,-112,-108,750,-1200,,,,,,,,,,,,,,,,,,,1.8928571428571428,1.925925925925926,1.0833333333333333,8.5,1.8928571428571428,1.925925925925926,,,,,,,,,home,-16.5,0.8591021970062662,spread,1.0526315789473684,19.999999999999982,1.08952551477171,20.69,-1117.0,1969.0,1.08952551477171,-1117.0,20.69,1969.0,0.696,-0.7997037037037037,69.6,-79.97037037037038,0.9821671984184048,0.6077199351038494,0.8591021970062662,0.1704235787185248,0.9621944606470182,0.1840574650160067,,,,,,,,,,,,,,,,,,,101,124,,,basketball,NBA,16.5,-16.5,234.5,0.696,Win
2026_03_21,8:10 PM,Atlanta Hawks,Golden State Warriors,2026_03_21_Golden State Warriors_Atlanta Hawks,0.764,0.236,111.3,119.3,230.6,-115,-105,-105,-115,320,-410,,,,,,,,,,,,,,,,,,,1.9523809523809523,1.869565217391304,1.2439024390243902,4.2,1.9523809523809523,1.869565217391304,,,,,,,,,over,229.5,0.024158771277444,total,,,,,,,,,,,,,,,,,,,,,1.9063264477496265,2.103355201078995,2.003618822214924,2.2258956443015894,2.003618822214924,100.0,2.2258956443015894,123.0,0.5245691267518616,0.4754308732481382,0.024158771277444,-0.1111509761013067,2.4158771277444,-11.11509761013067,0.024158771277444,-0.1111509761013068,0.0253667098413162,0.0,110,126,,,basketball,NBA,10.5,-10.5,229.5,0.024158771277444,Win
2026_03_21,7:10 PM,Charlotte Hornets,Memphis Grizzlies,2026_03_21_Memphis Grizzlies_Charlotte Hornets,0.896,0.104,109.9,122.6,232.5,-108,-112,-112,-108,750,-1200,,,,,,,,,,,,,,,,,,,1.8928571428571428,1.925925925925926,1.0833333333333333,8.5,1.8928571428571428,1.925925925925926,,,,,,,,,under,234.5,0.0488709393158806,total,,,,,,,,,,,,,,,,,,,,,2.195901004302969,1.8361896146937764,2.3079722726062384,1.9431651217835328,2.3079722726062384,131.0,1.9431651217835328,-106.0,0.4553939353552159,0.5446060646447841,-0.1380043366490556,0.0488709393158806,-13.80043366490556,4.88709393158806,-0.1380043366490556,0.0488709393158806,0.0,0.052780614461151,101,124,,,basketball,NBA,16.5,-16.5,234.5,0.0488709393158806,Win
2026_03_22,8:10 PM,Boston Celtics,Minnesota Timberwolves,2026_03_22_Minnesota Timberwolves_Boston Celtics,0.747,0.253,107.2,114.9,222.1,-102,-118,-108,-112,300,-380,,,,,,,,,,,,,,,,,,,1.925925925925926,1.8928571428571428,1.263157894736842,4.0,1.847457627118644,1.9803921568627447,,,,,,,,,home,-9.5,0.6479923552612068,spread,1.1945131851961428,6.141039662640975,1.2884767705883118,6.480420015052685,-347.0,548.0,1.2884767705883118,-347.0,6.480420015052685,548.0,0.3800508474576272,-0.4989607843137255,38.00508474576272,-49.89607843137255,0.8920325592698275,0.5515175644621924,0.6479923552612068,0.092221059032969,0.7646309792082239,0.0940654802136283,,,,,,,,,,,,,,,,,,,102,92,,,basketball,NBA,9.5,-9.5,221.5,0.3800508474576272,Loss
2026_03_22,5:10 PM,Denver Nuggets,Portland Trail Blazers,2026_03_22_Portland Trail Blazers_Denver Nuggets,0.757,0.243,116.0,123.9,239.9,-110,-110,-112,-108,295,-375,,,,,,,,,,,,,,,,,,,1.8928571428571428,1.925925925925926,1.2666666666666666,3.95,1.9090909090909087,1.9090909090909087,,,,,,,,,home,-8.5,0.6818542555510876,spread,1.2111560152624898,5.735834774855416,1.306610063649168,6.051793809332665,-326.0,505.0,1.306610063649168,-326.0,6.051793809332665,505.0,0.4451818181818183,-0.5360909090909091,44.51818181818183,-53.60909090909091,0.8809712767172365,0.5172151838696499,0.6818542555510876,-0.0125891944306685,0.7500396811061967,0.0,,,,,,,,,,,,,,,,,,,112,128,,,basketball,NBA,8.5,-8.5,240.5,0.4451818181818183,Win
2026_03_22,7:40 PM,New York Knicks,Washington Wizards,2026_03_22_Washington Wizards_New York Knicks,0.951,0.049,106.0,123.1,229.1,-105,-115,-115,-105,1200,-2400,,,,,,,,,,,,,,,,,,,1.869565217391304,1.9523809523809523,1.0416666666666667,13.0,1.869565217391304,1.9523809523809523,,,,,,,,,over,226.5,0.0430386880367319,total,,,,,,,,,,,,,,,,,,,,,1.792421737404878,2.261954276109241,1.8839008054738315,2.3937346237183754,1.8839008054738315,-113.0,2.3937346237183754,139.0,0.5579044145312754,0.4420955854687246,0.0430386880367321,-0.1368609997991567,4.30386880367321,-13.686099979915667,0.0430386880367319,-0.1368609997991567,0.0494944912422418,0.0,113,145,,,basketball,NBA,19.5,-19.5,226.5,0.0430386880367321,Win
2026_03_23,7:00 PM,Orlando Magic,Indiana Pacers,2026_03_23_Indiana Pacers_Orlando Magic,0.875,0.125,110.2,121.8,232.0,-105,-115,-115,-105,550,-800,,,,,,,,,,,,,,,,,,,1.869565217391304,1.9523809523809523,1.125,6.5,1.869565217391304,1.9523809523809523,,,,,,,,,home,-12.5,0.7920238060767022,spread,1.0919820633604749,11.871684798818128,1.1924263020833332,12.363704217391302,-520.0,1136.0,1.1924263020833332,-520.0,12.363704217391302,1136.0,0.6358695652173911,-0.7559523809523809,63.58695652173911,-75.59523809523809,0.9585243613898642,0.5258127579435941,0.7920238060767022,0.0265868131279694,0.910827376988208,0.0279161537843677,,,,,,,,,,,,,,,,,,,128,126,,,basketball,NBA,12.5,-12.5,232.5,0.6358695652173911,Loss
2026_03_23,7:30 PM,Atlanta Hawks,Memphis Grizzlies,2026_03_23_Memphis Grizzlies_Atlanta Hawks,0.84,0.16,114.4,124.9,239.3,-112,-108,-110,-110,625,-950,,,,,,,,,,,,,,,,,,,1.9090909090909087,1.9090909090909087,1.1052631578947367,7.25,1.925925925925926,1.8928571428571428,,,,,,,,,away,14.5,0.1607729051416351,spread,1.082911758639876,13.061015426574915,1.1826255743651757,13.60208827173913,-548.0,1260.0,1.1826255743651757,-548.0,13.60208827173913,1260.0,0.6177777777777778,-0.6971428571428571,61.77777777777778,-69.71428571428571,0.9639559363447128,0.6132385159238827,0.8565077292564838,0.1607729051416351,0.9250283475970024,0.1800656537586312,,,,,,,,,,,,,,,,,,,107,146,,,basketball,NBA,14.5,-14.5,239.5,-0.6971428571428571,Loss
2026_03_25,22:10,Golden State Warriors,Brooklyn Nets,2026_03_25_Brooklyn Nets_Golden State Warriors,0.853,0.147,102.5,113.3,215.8,-115,-105,-115,-105,455,-625,,,,,,,,,,,,,,,,,,,1.869565217391304,1.9523809523809523,1.16,5.55,1.9523809523809523,1.869565217391304,,,,,,,,,home,-12.5,0.8609241330668724,spread,1.1007445638599942,10.92609389216981,1.2019928969359333,11.377024239130437,-495.0,1038.0,1.2019928969359333,-495.0,11.377024239130437,1038.0,0.6653809523809524,-0.7251739130434782,66.53809523809524,-72.51739130434783,0.9531562632781542,0.5486701386114963,0.8609241330668724,0.0257746069693189,0.903970339720216,0.0296407980147167,,,,,,,,,,,,,,,,,,,106,109,,,basketball,NBA,12.5,-12.5,216.5,0.6653809523809524,Loss
2026_03_25,22:40,Los Angeles Clippers,Toronto Raptors,2026_03_25_Toronto Raptors_Los Angeles Clippers,0.611,0.389,111.1,114.7,225.8,-102,-118,-115,-105,154,-185,,,,,,,,,,,,,,,,,,,1.869565217391304,1.9523809523809523,1.5405405405405406,2.54,1.847457627118644,1.9803921568627447,,,,,,,,,home,-3.5,0.284447543338356,spread,1.5208576629997324,2.919910315307224,1.617142731150148,3.123819967981704,-162.0,212.0,1.617142731150148,-162.0,3.123819967981704,212.0,0.1287966101694915,-0.229627450980392,12.87966101694915,-22.9627450980392,0.695251422540945,0.4971299364095305,0.284447543338356,-0.0154877729928906,0.3356481011392599,0.0,,,,,,,,,,,,,,,,,,,94,119,,,basketball,NBA,3.5,-3.5,226.5,0.1287966101694915,Win
2026_03_25,22:10,Denver Nuggets,Dallas Mavericks,2026_03_25_Dallas Mavericks_Denver Nuggets,0.859,0.141,116.7,127.6,244.3,-110,-110,-105,-115,470,-667,,,,,,,,,,,,,,,,,,,1.9523809523809523,1.869565217391304,1.1499250374812593,5.7,1.9090909090909087,1.9090909090909087,,,,,,,,,home,-11.5,0.8068892191666532,spread,1.1114477167006784,9.97281729589632,1.213704135338346,10.390344260869565,-468.0,939.0,1.213704135338346,-468.0,10.390344260869565,939.0,0.639909090909091,-0.7308181818181818,63.9909090909091,-73.08181818181818,0.9464657814682472,0.5172151838696504,0.8068892191666532,-0.0125891944306676,0.8875781410833189,0.0,,,,,,,,,,,,,,,,,,,135,142,,,basketball,NBA,11.5,-11.5,245.5,0.639909090909091,Loss
2026_03_26,19:10,Detroit Pistons,New Orleans Pelicans,2026_03_26_New Orleans Pelicans_Detroit Pistons,0.629,0.371,111.6,115.7,227.3,-105,-115,-112,-108,150,-179,,,,,,,,,,,,,,,,,,,1.8928571428571428,1.925925925925926,1.558659217877095,2.5,1.869565217391304,1.9523809523809523,,,,,,,,,home,-3.5,0.323145664264417,spread,1.497096728677645,3.0116809109972533,1.594317391153271,3.2169139405374496,-168.0,222.0,1.594317391153271,-168.0,3.2169139405374496,222.0,0.1759565217391303,-0.2756666666666667,17.595652173913027,-27.56666666666668,0.7077290762344558,0.4827848161303496,0.323145664264417,-0.057420120888365,0.3716175139040799,0.0,,,,,,,,,,,,,,,,,,,108,129,,,basketball,NBA,3.5,-3.5,226.5,0.1759565217391303,Win
2026_03_27,22:40,Los Angeles Lakers,Brooklyn Nets,2026_03_27_Brooklyn Nets_Los Angeles Lakers,0.893,0.107,103.7,116.2,219.9,-110,-110,-105,-115,950,-1667,,,,,,,,,,,,,,,,,,,1.9523809523809523,1.869565217391304,1.05998800239952,10.5,1.9090909090909087,1.9090909090909087,,,,,,,,,home,-16.5,0.8738217371508394,spread,1.0526315789473684,19.999999999999982,1.08952551477171,20.69,-1117.0,1969.0,1.08952551477171,-1117.0,20.69,1969.0,0.704818181818182,-0.7957272727272727,70.4818181818182,-79.57272727272728,0.981525671840916,0.6132385159238827,0.8738217371508394,0.1707280758546849,0.9612039108659236,0.1878008834401534,,,,,,,,,,,,,,,,,,,99,116,,,basketball,NBA,16.5,-16.5,222.5,0.704818181818182,Win
2026_03_27,22:40,Los Angeles Lakers,Brooklyn Nets,2026_03_27_Brooklyn Nets_Los Angeles Lakers,0.893,0.107,103.7,116.2,219.9,-110,-110,-105,-115,950,-1667,,,,,,,,,,,,,,,,,,,1.9523809523809523,1.869565217391304,1.05998800239952,10.5,1.9090909090909087,1.9090909090909087,,,,,,,,,under,222.5,0.0430386880367319,total,,,,,,,,,,,,,,,,,,,,,2.2619542761092406,1.7924217374048783,2.408294109317385,1.8851530033724853,2.408294109317385,141.0,1.8851530033724853,-113.0,0.4420955854687247,0.5579044145312754,-0.1368609997991565,0.0430386880367321,-13.68609997991565,4.30386880367321,-0.1368609997991565,0.0430386880367319,0.0,0.0494944912422418,99,116,,,basketball,NBA,16.5,-16.5,222.5,0.0430386880367321,Win
2026_03_28,18:10,Charlotte Hornets,Philadelphia 76ers,2026_03_28_Philadelphia 76ers_Charlotte Hornets,0.676,0.324,112.8,118.3,231.1,-105,-115,-108,-112,180,-217,,,,,,,,,,,,,,,,,,,1.925925925925926,1.8928571428571428,1.4608294930875576,2.8,1.869565217391304,1.9523809523809523,,,,,,,,,home,-5.5,0.4687959483463453,spread,1.360201548946644,3.776223486335224,1.4552946019363378,4.039407030716724,-220.0,304.0,1.4552946019363378,-220.0,4.039407030716724,304.0,0.2638260869565216,-0.3674285714285714,26.38260869565216,-36.74285714285714,0.785635042138743,0.5,0.4687959483463453,-0.0238095238095238,0.5391153405982975,0.0,,,,,,,,,,,,,,,,,,,118,114,,,basketball,NBA,5.5,-5.5,233.5,0.2638260869565216,Loss
2026_03_28,19:40,Atlanta Hawks,Sacramento Kings,2026_03_28_Sacramento Kings_Atlanta Hawks,0.806,0.194,113.2,122.4,235.6,-105,-115,-110,-110,650,-1000,,,,,,,,,,,,,,,,,,,1.9090909090909087,1.9090909090909087,1.1,7.5,1.869565217391304,1.9523809523809523,,,,,,,,,away,14.5,0.2661342859059812,spread,1.0962780080222476,11.38658797104446,1.197240026954178,11.860296065217389,-507.0,1086.0,1.197240026954178,-507.0,11.860296065217389,1086.0,0.5068695652173913,-0.6212380952380953,50.686956521739134,-62.12380952380953,0.9559061420704724,0.6485078049762343,0.7871288743056655,0.2661342859059812,0.9051982054515156,0.2794410002012802,,,,,,,,,,,,,,,,,,,113,123,,,basketball,NBA,14.5,-14.5,237.5,-0.6212380952380953,Win
2026_03_28,22:10,Phoenix Suns,Utah Jazz,2026_03_28_Utah Jazz_Phoenix Suns,0.874,0.126,109.5,120.9,230.4,-115,-105,-115,-105,800,-1429,,,,,,,,,,,,,,,,,,,1.869565217391304,1.9523809523809523,1.0699790062981105,9.0,1.9523809523809523,1.869565217391304,,,,,,,,,home,-17.5,0.9156715159002832,spread,1.0526315789473684,19.999999999999982,1.08952551477171,20.69,-1117.0,1969.0,1.08952551477171,-1117.0,20.69,1969.0,0.7063809523809523,-0.7644347826086957,70.63809523809523,-76.44347826086957,0.9811976057050232,0.6696144949448781,0.9156715159002832,0.2518879688099893,0.9614550916952974,0.2896711641314878,,,,,,,,,,,,,,,,,,,109,134,,,basketball,NBA,17.5,-17.5,229.5,0.7063809523809523,Win
2026_03_28,18:10,Charlotte Hornets,Philadelphia 76ers,2026_03_28_Philadelphia 76ers_Charlotte Hornets,0.676,0.324,112.8,118.3,231.1,-105,-115,-108,-112,180,-217,,,,,,,,,,,,,,,,,,,1.925925925925926,1.8928571428571428,1.4608294930875576,2.8,1.869565217391304,1.9523809523809523,,,,,,,,,under,233.5,0.0476550164844498,total,,,,,,,,,,,,,,,,,,,,,2.239531922358753,1.8067561488025752,2.353829963323525,1.912016876593983,2.353829963323525,135.0,1.912016876593983,-110.0,0.4465218780836869,0.5534781219163131,-0.1400319385054919,0.0476550164844498,-14.00319385054919,4.76550164844498,-0.1400319385054919,0.0476550164844498,0.0,0.0533736184625836,118,114,,,basketball,NBA,5.5,-5.5,233.5,0.0476550164844498,Win
2026_03_29,22:10,Denver Nuggets,Golden State Warriors,2026_03_29_Golden State Warriors_Denver Nuggets,0.81,0.19,113.6,123.0,236.6,-105,-115,-105,-115,440,-588,,,,,,,,,,,,,,,,,,,1.9523809523809523,1.869565217391304,1.1700680272108843,5.4,1.869565217391304,1.9523809523809523,,,,,,,,,home,-11.5,0.7455334630431492,spread,1.131456089481293,8.607102903683323,1.2357092465753423,8.960665108695652,-424.0,796.0,1.2357092465753423,-424.0,8.960665108695652,796.0,0.5143478260869565,-0.6290476190476191,51.43478260869565,-62.90476190476191,0.9336574337207544,0.5600433549552692,0.7455334630431492,0.0934179787221922,0.8573634824996219,0.0980888776583018,,,,,,,,,,,,,,,,,,,93,116,,,basketball,NBA,11.5,-11.5,239.5,0.5143478260869565,Win
2026_03_29,22:10,Denver Nuggets,Golden State Warriors,2026_03_29_Golden State Warriors_Denver Nuggets,0.81,0.19,113.6,123.0,236.6,-105,-115,-105,-115,440,-588,,,,,,,,,,,,,,,,,,,1.9523809523809523,1.869565217391304,1.1700680272108843,5.4,1.869565217391304,1.9523809523809523,,,,,,,,,under,239.5,0.0554259334914009,total,,,,,,,,,,,,,,,,,,,,,2.296370233402426,1.7713845738153222,2.4223641002765564,1.887958667674244,2.4223641002765564,142.0,1.887958667674244,-113.0,0.4354698495278551,0.5645301504721448,-0.149796960445616,0.0554259334914011,-14.9796960445616,5.54259334914011,-0.149796960445616,0.0554259334914009,0.0,0.0637398235151111,93,116,,,basketball,NBA,11.5,-11.5,239.5,0.0554259334914011,Win
2026_03_30,20:40,Dallas Mavericks,Minnesota Timberwolves,2026_03_30_Minnesota Timberwolves_Dallas Mavericks,0.236,0.764,122.0,113.9,235.9,-115,-105,-112,-108,-286,230,1.3496503496503496,3.3,0.7409326424870467,0.303030303030303,0.7097307865844488,0.2902692134155512,1.3089005235602094,4.237288135593221,1.3285340314136125,4.300847457627119,-304.0,330.0,0.0,0.0,4.300847457627119,1.3285340314136125,330.0,-304.0,1.8928571428571428,1.925925925925926,3.3,1.3496503496503496,1.9523809523809523,1.869565217391304,-0.2212,0.031132867132867,-22.12,3.1132867132867,-0.2212,0.031132867132867,0.0,0.0890399999999999,away,-286.0,0.031132867132867,moneyline,,,,,,,,,,,,,,,,,,,,,,,,,,,,,,,,,,,,,,,124,94,,,basketball,NBA,-6.5,6.5,235.5,0.031132867132867,Win
2026_03_30,20:10,San Antonio Spurs,Chicago Bulls,2026_03_30_Chicago Bulls_San Antonio Spurs,0.918,0.082,113.8,127.9,241.7,-105,-115,-105,-115,1000,-1667,,,,,,,,,,,,,,,,,,,1.9523809523809523,1.869565217391304,1.05998800239952,11.0,1.869565217391304,1.9523809523809523,,,,,,,,,home,-17.5,0.8480622145423202,spread,1.0526315789473684,19.999999999999982,1.08952551477171,20.69,-1117.0,1969.0,1.08952551477171,-1117.0,20.69,1969.0,0.7162608695652173,-0.8399047619047619,71.62608695652173,-83.99047619047619,0.9884983938249622,0.5966185892709348,0.8480622145423202,0.164826769528968,0.9752715467236688,0.1730681080054163,,,,,,,,,,,,,,,,,,,114,129,,,basketball,NBA,17.5,-17.5,243.5,0.7162608695652173,Loss
2026_03_30,21:40,Oklahoma City Thunder,Detroit Pistons,2026_03_30_Detroit Pistons_Oklahoma City Thunder,0.791,0.209,106.0,114.8,220.8,-112,-108,-115,-105,550,-833,,,,,,,,,,,,,,,,,,,1.869565217391304,1.9523809523809523,1.1200480192076832,6.5,1.925925925925926,1.8928571428571428,,,,,,,,,home,-13.5,0.8213054931224768,spread,1.1126949566483753,9.873511554914977,1.2151486342943856,10.279594467391304,-465.0,928.0,1.2151486342943856,-465.0,10.279594467391304,928.0,0.5234074074074075,-0.6043928571428572,52.34074074074076,-60.43928571428572,0.9456778521982092,0.6323671983220316,0.8213054931224768,0.1969807682524169,0.887009932572275,0.2206184604427069,,,,,,,,,,,,,,,,,,,110,114,,,basketball,NBA,13.5,-13.5,218.5,0.5234074074074075,Loss
2026_03_30,19:10,Miami Heat,Philadelphia 76ers,2026_03_30_Philadelphia 76ers_Miami Heat,0.424,0.576,123.1,120.2,243.3,-105,-115,-108,-112,-135,114,,,,,,,,,,,,,,,,,,,1.925925925925926,1.8928571428571428,2.14,1.7407407407407407,1.869565217391304,1.9523809523809523,,,,,,,,,under,246.5,0.0810823019849213,total,,,,,,,,,,,,,,,,,,,,,2.331751426076889,1.750890879798663,2.390045211728811,1.7946631517936298,2.390045211728811,139.0,1.7946631517936298,-126.0,0.4288621800834379,0.5711378199165622,-0.1740432087281934,0.0810823019849213,-17.40432087281934,8.10823019849213,-0.1740432087281934,0.0810823019849213,0.0,0.0908121782231118,109,119,,,basketball,NBA,-2.5,2.5,246.5,0.0810823019849213,Win
2026_03_30,20:10,San Antonio Spurs,Chicago Bulls,2026_03_30_Chicago Bulls_San Antonio Spurs,0.918,0.082,113.8,127.9,241.7,-105,-115,-105,-115,1000,-1667,,,,,,,,,,,,,,,,,,,1.9523809523809523,1.869565217391304,1.05998800239952,11.0,1.869565217391304,1.9523809523809523,,,,,,,,,under,243.5,0.0098669592194091,total,,,,,,,,,,,,,,,,,,,,,2.1746760559534453,1.8512985302899807,2.2939929855594308,1.9731317289195005,2.2939929855594308,129.0,1.9731317289195005,-103.0,0.4598386032082232,0.5401613967917771,-0.1022198699268024,0.0098669592194093,-10.22198699268024,0.98669592194093,-0.1022198699268024,0.0098669592194091,0.0,0.0113470031023205,114,129,,,basketball,NBA,17.5,-17.5,243.5,0.0098669592194093,Win
2026_03_30,21:40,Oklahoma City Thunder,Detroit Pistons,2026_03_30_Detroit Pistons_Oklahoma City Thunder,0.791,0.209,106.0,114.8,220.8,-112,-108,-115,-105,550,-833,,,,,,,,,,,,,,,,,,,1.869565217391304,1.9523809523809523,1.1200480192076832,6.5,1.925925925925926,1.8928571428571428,,,,,,,,,over,218.5,0.0306210817015324,total,,,,,,,,,,,,,,,,,,,,,1.8140180232920264,2.228474028075977,1.9313780856809728,2.343764538945708,1.9313780856809728,-107.0,2.343764538945708,134.0,0.551262439049657,0.4487375609503429,0.0306210817015326,-0.1238933333826638,3.06210817015326,-12.38933333826638,0.0306210817015324,-0.1238933333826638,0.0352142439567623,0.0,110,114,,,basketball,NBA,13.5,-13.5,218.5,0.0306210817015326,Win
2026_03_30,20:10,Memphis Grizzlies,Phoenix Suns,2026_03_30_Phoenix Suns_Memphis Grizzlies,0.11,0.89,120.2,108.0,228.2,-105,-115,-108,-112,-833,550,,,,,,,,,,,,,,,,,,,1.925925925925926,1.8928571428571428,6.5,1.1200480192076832,1.869565217391304,1.9523809523809523,,,,,,,,,under,229.5,0.0013762373862173,total,,,,,,,,,,,,,,,,,,,,,2.123272782670808,1.8902557022901405,2.2316373552273303,2.000381073147068,2.2316373552273303,123.0,2.000381073147068,100.0,0.470971044399734,0.5290289556002659,-0.0929446552301418,0.0013762373862173,-9.29446552301418,0.13762373862173,-0.0929446552301418,0.0013762373862173,0.0,0.0015413858725636,131,105,,,basketball,NBA,-13.5,13.5,229.5,0.0013762373862173,Loss
2026_03_31,23:10,Los Angeles Clippers,Portland Trail Blazers,2026_03_31_Portland Trail Blazers_Los Angeles Clippers,0.678,0.322,110.3,115.9,226.2,-105,-115,-115,-105,180,-217,,,,,,,,,,,,,,,,,,,1.869565217391304,1.9523809523809523,1.4608294930875576,2.8,1.869565217391304,1.9523809523809523,,,,,,,,,home,-5.5,0.4727080080557899,spread,1.3567548823764803,3.8030450300739234,1.4518790187598165,4.070479392491468,-221.0,307.0,1.4518790187598165,-221.0,4.070479392491468,307.0,0.2675652173913043,-0.3713333333333333,26.756521739130427,-37.133333333333326,0.7877275391926319,0.4971299364095305,0.4727080080557899,-0.0294129812956784,0.5436142092641585,0.0,,,,,,,,,,,,,,,,,,,114,104,,,basketball,NBA,5.5,-5.5,226.5,0.2675652173913043,Loss
2026_04_02,21:40,Oklahoma City Thunder,Los Angeles Lakers,2026_04_02_Los Angeles Lakers_Oklahoma City Thunder,0.756,0.244,109.8,117.8,227.6,-115,-105,-108,-112,275,-345,,,,,,,,,,,,,,,,,,,1.925925925925926,1.8928571428571428,1.289855072463768,3.75,1.9523809523809523,1.869565217391304,,,,,,,,,home,-9.5,0.7493011869679003,spread,1.1885734173450602,6.302974375068753,1.2822325554186196,6.653911574510788,-354.0,565.0,1.2822325554186196,-354.0,6.653911574510788,565.0,0.476,-0.5438260869565218,47.6,-54.38260869565218,0.8959835347884367,0.5429679129506454,0.7493011869679003,0.0151139242120759,0.7867662463162953,0.0173810128438873,,,,,,,,,,,,,,,,,,,96,139,,,basketball,NBA,9.5,-9.5,228.5,0.476,Win
2026_04_04,19:10,Philadelphia 76ers,Detroit Pistons,2026_04_04_Detroit Pistons_Philadelphia 76ers,0.362,0.638,115.6,111.1,226.7,-112,-108,-105,-115,-143,120,,,,,,,,,,,,,,,,,,,1.9523809523809523,1.869565217391304,2.2,1.6993006993006992,1.925925925925926,1.8928571428571428,,,,,,,,,away,-2.5,0.0547081715498225,spread,2.902098364166443,1.5257351664030427,3.096193388429752,1.6419039784739575,210.0,-156.0,3.096193388429752,210.0,1.6419039784739575,-156.0,-0.3028148148148147,0.207642857142857,-30.28148148148147,20.7642857142857,0.3072722576009515,0.5572043170451892,-0.4082163927685378,0.0547081715498225,0.0,0.0612731521358011,,,,,,,,,,,,,,,,,,,116,93,,,basketball,NBA,-2.5,2.5,228.5,0.207642857142857,Win
2026_04_04,15:10,Miami Heat,Washington Wizards,2026_04_04_Washington Wizards_Miami Heat,0.925,0.075,115.4,130.4,245.8,-108,-112,-115,-105,1100,-2000,,,,,,,,,,,,,,,,,,,1.869565217391304,1.9523809523809523,1.05,12.0,1.8928571428571428,1.925925925925926,,,,,,,,,home,-17.5,0.8745148541143912,spread,1.0526315789473684,19.999999999999982,1.08952551477171,20.69,-1117.0,1969.0,1.08952551477171,-1117.0,20.69,1969.0,0.7508928571428573,-0.8555555555555555,75.08928571428572,-85.55555555555556,0.9903097342491124,0.5713672358196128,0.8745148541143912,0.1004109726896247,0.9794566366081182,0.1084438505047947,,,,,,,,,,,,,,,,,,,136,152,,,basketball,NBA,17.5,-17.5,248.5,0.7508928571428573,Loss
2026_04_04,19:10,Philadelphia 76ers,Detroit Pistons,2026_04_04_Detroit Pistons_Philadelphia 76ers,0.362,0.638,115.6,111.1,226.7,-112,-108,-105,-115,-143,120,,,,,,,,,,,,,,,,,,,1.9523809523809523,1.869565217391304,2.2,1.6993006993006992,1.925925925925926,1.8928571428571428,,,,,,,,,under,228.5,0.0098669592194091,total,,,,,,,,,,,,,,,,,,,,,2.1746760559534453,1.8512985302899807,2.285664075569028,1.9591542753979392,2.285664075569028,129.0,1.9591542753979392,-104.0,0.4598386032082232,0.5401613967917771,-0.1022198699268024,0.0098669592194093,-10.22198699268024,0.98669592194093,-0.1022198699268024,0.0098669592194091,0.0,0.0113470031023205,116,93,,,basketball,NBA,-2.5,2.5,228.5,0.0098669592194093,Win
2026_04_05,22:10,Golden State Warriors,Houston Rockets,2026_04_05_Houston Rockets_Golden State Warriors,0.409,0.591,113.8,110.6,224.4,-112,-108,-112,-108,-161,136,,,,,,,,,,,,,,,,,,,1.8928571428571428,1.925925925925926,2.3600000000000003,1.62111801242236,1.925925925925926,1.8928571428571428,,,,,,,,,under,225.5,0.0102812811517336,total,,,,,,,,,,,,,,,,,,,,,2.103355201078995,1.9063264477496265,2.210703248470605,2.0173880923612257,2.210703248470605,121.0,2.0173880923612257,102.0,0.4754308732481382,0.5245691267518616,-0.1000772756374526,0.0102812811517336,-10.00772756374526,1.02812811517336,-0.1000772756374526,0.0102812811517336,0.0,0.0111037836438722,117,116,,,basketball,NBA,-3.5,3.5,225.5,0.0102812811517336,Loss
2026_04_06,20:10,San Antonio Spurs,Philadelphia 76ers,2026_04_06_Philadelphia 76ers_San Antonio Spurs,0.801,0.199,113.0,122.1,235.1,-110,-110,-110,-110,280,-357,3.8,1.280112044817927,0.2631578947368421,0.7811816192560176,0.251985002205558,0.748014997794442,5.025125628140703,1.2484394506866416,5.293301507537688,1.203807740324594,429.0,-491.0,-0.05,0.0378,1.203807740324594,5.293301507537688,-491.0,429.0,1.9090909090909087,1.9090909090909087,1.280112044817927,3.8,1.9090909090909087,1.9090909090909087,0.0253697478991596,-0.2438,2.53697478991596,-24.38,0.0253697478991596,-0.2438,0.0905699999999999,0.0,home,-357.0,0.0253697478991596,moneyline,,,,,,,,,,,,,,,,,,,,,,,,,,,,,,,,,,,,,,,102,115,,,basketball,NBA,8.5,-8.5,236.5,0.0253697478991596,Win
2026_04_06,19:10,Orlando Magic,Detroit Pistons,2026_04_06_Detroit Pistons_Orlando Magic,0.385,0.615,114.9,111.1,226.0,-108,-112,-110,-110,-154,130,1.6493506493506491,2.3,0.6062992125984252,0.4347826086956522,0.5823742190069057,0.4176257809930944,1.6260162601626016,2.5974025974025974,1.630271544715447,2.4447,-159.0,144.0,-0.0727,-0.0122,2.4447,1.630271544715447,144.0,-159.0,1.9090909090909087,1.9090909090909087,2.3,1.6493506493506491,1.8928571428571428,1.925925925925926,-0.1145,0.0143506493506493,-11.45,1.43506493506493,-0.1145,0.0143506493506491,0.0,0.0220999999999997,away,-154.0,0.0143506493506491,moneyline,,,,,,,,,,,,,,,,,,,,,,,,,,,,,,,,,,,,,,,107,123,,,basketball,NBA,-3.5,3.5,225.5,0.0143506493506493,Loss
2026_04_06,19:10,Atlanta Hawks,New York Knicks,2026_04_06_New York Knicks_Atlanta Hawks,0.482,0.518,114.9,114.1,229.0,-105,-115,-105,-115,102,-122,,,,,,,,,,,,,,,,,,,1.9523809523809523,1.869565217391304,1.819672131147541,2.02,1.869565217391304,1.9523809523809523,,,,,,,,,away,1.5,0.104485402299997,spread,1.9381593930253007,2.065916951249915,2.049064128843338,2.218117133235725,105.0,122.0,2.049064128843338,105.0,2.218117133235725,122.0,-0.0988695652173914,0.0113333333333334,-9.88695652173914,1.13333333333334,0.5200821296953487,0.5657120353243887,-0.027672540134783,0.104485402299997,0.0,0.1097096724149968,,,,,,,,,,,,,,,,,,,108,105,,,basketball,NBA,1.5,-1.5,229.5,0.0113333333333334,Win
2026_04_06,20:10,San Antonio Spurs,Philadelphia 76ers,2026_04_06_Philadelphia 76ers_San Antonio Spurs,0.801,0.199,113.0,122.1,235.1,-110,-110,-110,-110,280,-357,,,,,,,,,,,,,,,,,,,1.9090909090909087,1.9090909090909087,1.280112044817927,3.8,1.9090909090909087,1.9090909090909087,,,,,,,,,home,-8.5,0.7129832466002672,spread,1.186628849584047,6.358228388744677,1.2800396928060995,6.715143889613649,-357.0,572.0,1.2800396928060995,-357.0,6.715143889613649,572.0,0.5291818181818184,-0.620090909090909,52.91818181818184,-62.0090909090909,0.8972769386953783,0.48278481613035,0.7129832466002672,-0.0783198964784227,0.7842815712602944,0.0,,,,,,,,,,,,,,,,,,,102,115,,,basketball,NBA,8.5,-8.5,236.5,0.5291818181818184,Win
2026_04_06,21:10,Denver Nuggets,Portland Trail Blazers,2026_04_06_Portland Trail Blazers_Denver Nuggets,0.749,0.251,115.0,122.6,237.6,-115,-105,-115,-105,270,-345,,,,,,,,,,,,,,,,,,,1.869565217391304,1.9523809523809523,1.289855072463768,3.7,1.9523809523809523,1.869565217391304,,,,,,,,,home,-8.5,0.7115035211311345,spread,1.217709954116953,5.593267239690862,1.313497979386185,5.898713021575516,-319.0,490.0,1.313497979386185,-319.0,5.898713021575516,490.0,0.4623333333333332,-0.5307391304347826,46.23333333333332,-53.07391304347826,0.8766237547257031,0.5258127579435941,0.7115035211311345,-0.0169587568880634,0.7470786971876914,0.0,,,,,,,,,,,,,,,,,,,132,137,,,basketball,NBA,8.5,-8.5,239.5,0.4623333333333332,Loss
2026_04_07,22:40,Los Angeles Clippers,Dallas Mavericks,2026_04_07_Dallas Mavericks_Los Angeles Clippers,0.84,0.16,113.0,123.3,236.3,-110,-110,-110,-110,425,-588,,,,,,,,,,,,,,,,,,,1.9090909090909087,1.9090909090909087,1.1700680272108843,5.25,1.9090909090909087,1.9090909090909087,,,,,,,,,home,-11.5,0.7975994618201472,spread,1.1191123334890494,9.395436229884089,1.222252852614897,9.786254478260869,-450.0,879.0,1.222252852614897,-450.0,9.786254478260869,879.0,0.6036363636363637,-0.6945454545454546,60.36363636363637,-69.45454545454545,0.9415997180962676,0.5343983262528315,0.7975994618201472,0.0202149864826779,0.8773594080021623,0.0222364851309458,,,,,,,,,,,,,,,,,,,103,116,,,basketball,NBA,11.5,-11.5,237.5,0.6036363636363637,Win
2026_04_07,23:10,Phoenix Suns,Houston Rockets,2026_04_07_Houston Rockets_Phoenix Suns,0.486,0.514,110.6,110.0,220.6,-118,-102,-110,-110,-105,-115,,,,,,,,,,,,,,,,,,,1.9090909090909087,1.9090909090909087,1.869565217391304,1.9523809523809523,1.9803921568627447,1.847457627118644,,,,,,,,,away,1.5,0.0346563676292261,spread,1.921200091962948,2.085540490849432,2.0389202470173813,2.238944524158126,104.0,124.0,2.0389202470173813,104.0,2.238944524158126,124.0,-0.0375294117647059,-0.0504067796610169,-3.75294117647059,-5.04067796610169,0.5258127579435941,0.5600433549552692,0.0413154618098625,0.0346563676292261,0.0421417710460598,0.0408945138024869,,,,,,,,,,,,,,,,,,,119,105,,,basketball,NBA,1.5,-1.5,220.5,-0.0504067796610169,Win
2026_04_08,22:10,Los Angeles Clippers,Oklahoma City Thunder,2026_04_08_Oklahoma City Thunder_Los Angeles Clippers,0.234,0.766,116.4,108.2,224.6,-112,-108,-105,-115,-270,220,1.3703703703703702,3.2,0.7297297297297298,0.3125,0.700162074554295,0.299837925445705,1.3054830287206267,4.273504273504273,1.325065274151436,4.337606837606837,-308.0,334.0,0.0,0.0,4.337606837606837,1.325065274151436,334.0,-308.0,1.9523809523809523,1.869565217391304,3.2,1.3703703703703702,1.925925925925926,1.8928571428571428,-0.2511999999999998,0.0497037037037035,-25.11999999999998,4.97037037037035,-0.2511999999999998,0.0497037037037035,0.0,0.1341999999999998,away,-270.0,0.0497037037037035,moneyline,,,,,,,,,,,,,,,,,,,,,,,,,,,,,,,,,,,,,,,128,110,,,basketball,NBA,-6.5,6.5,226.5,0.0497037037037035,Win
2026_04_08,20:10,San Antonio Spurs,Portland Trail Blazers,2026_04_08_Portland Trail Blazers_San Antonio Spurs,0.643,0.357,113.3,118.0,231.3,-110,-110,-108,-112,140,-167,2.4,1.598802395209581,0.4166666666666667,0.6254681647940076,0.3998203054806828,0.6001796945193172,2.801120448179272,1.5552099533437014,2.9494705882352945,1.4048989113530326,195.0,-247.0,-0.11,0.0374,1.4048989113530326,2.9494705882352945,-247.0,195.0,1.925925925925926,1.8928571428571428,1.598802395209581,2.4,1.9090909090909087,1.9090909090909087,0.0280299401197603,-0.1432000000000001,2.80299401197603,-14.320000000000013,0.0280299401197605,-0.1432000000000001,0.0468100000000001,0.0,home,-167.0,0.0280299401197605,moneyline,,,,,,,,,,,,,,,,,,,,,,,,,,,,,,,,,,,,,,,101,112,,,basketball,NBA,3.5,-3.5,233.5,0.0280299401197603,Win
2026_04_08,19:10,Cleveland Cavaliers,Atlanta Hawks,2026_04_08_Atlanta Hawks_Cleveland Cavaliers,0.612,0.388,115.8,119.5,235.3,-115,-105,-115,-105,100,-120,,,,,,,,,,,,,,,,,,,1.869565217391304,1.9523809523809523,1.8333333333333333,2.0,1.9523809523809523,1.869565217391304,,,,,,,,,home,-1.5,0.2609165542285352,spread,1.6212151512754622,2.609748245751616,1.7214926524636207,2.8116977745241583,-139.0,181.0,1.7214926524636207,-139.0,2.8116977745241583,181.0,0.1948571428571428,-0.2746086956521739,19.48571428571428,-27.46086956521739,0.6458353082633961,0.4371206911960651,0.2609165542285352,-0.1827743599377914,0.273962381939962,0.0,,,,,,,,,,,,,,,,,,,116,122,,,basketball,NBA,1.5,-1.5,235.5,0.1948571428571428,Win
2026_04_08,19:10,Detroit Pistons,Milwaukee Bucks,2026_04_08_Milwaukee Bucks_Detroit Pistons,0.941,0.059,101.7,118.0,219.7,-105,-115,-110,-110,1000,-1667,,,,,,,,,,,,,,,,,,,1.9090909090909087,1.9090909090909087,1.05998800239952,11.0,1.869565217391304,1.9523809523809523,,,,,,,,,home,-18.5,0.8580731931691554,spread,1.0526315789473684,19.999999999999982,1.08952551477171,20.69,-1117.0,1969.0,1.08952551477171,-1117.0,20.69,1969.0,0.7592608695652172,-0.8848095238095238,75.92608695652171,-88.48095238095239,0.9938531033230368,0.5628793088039349,0.8580731931691554,0.0989548409981586,0.9867841721445292,0.1039025830480664,,,,,,,,,,,,,,,,,,,111,137,,,basketball,NBA,18.5,-18.5,221.5,0.7592608695652172,Win
2026_04_08,22:10,Phoenix Suns,Dallas Mavericks,2026_04_08_Dallas Mavericks_Phoenix Suns,0.844,0.156,109.4,119.9,229.3,-115,-105,-112,-108,425,-588,,,,,,,,,,,,,,,,,,,1.8928571428571428,1.925925925925926,1.1700680272108843,5.25,1.9523809523809523,1.869565217391304,,,,,,,,,home,-11.5,0.8416007602599429,spread,1.116508755251725,9.583045950833766,1.2193880062305296,9.977549576086956,-456.0,898.0,1.2193880062305296,-456.0,9.977549576086956,898.0,0.6478095238095236,-0.7083478260869566,64.78095238095236,-70.83478260869566,0.9432589259868,0.5286761447564966,0.8416007602599429,-0.0116054684987239,0.8836807982729401,0.0,,,,,,,,,,,,,,,,,,,107,112,,,basketball,NBA,11.5,-11.5,230.5,0.6478095238095236,Loss
2026_04_08,20:10,San Antonio Spurs,Portland Trail Blazers,2026_04_08_Portland Trail Blazers_San Antonio Spurs,0.643,0.357,113.3,118.0,231.3,-110,-110,-108,-112,140,-167,,,,,,,,,,,,,,,,,,,1.925925925925926,1.8928571428571428,1.598802395209581,2.4,1.9090909090909087,1.9090909090909087,,,,,,,,,home,-3.5,0.379090157474685,spread,1.469913808279304,3.128049830375759,1.564612012249333,3.3410392372784448,-177.0,234.0,1.564612012249333,-177.0,3.3410392372784448,234.0,0.2275454545454547,-0.3184545454545454,22.754545454545468,-31.845454545454537,0.7223805586772161,0.4656016737471686,0.379090157474685,-0.1111240773917692,0.4169991732221537,0.0,,,,,,,,,,,,,,,,,,,101,112,,,basketball,NBA,3.5,-3.5,233.5,0.2275454545454547,Win
2026_04_08,22:10,Los Angeles Clippers,Oklahoma City Thunder,2026_04_08_Oklahoma City Thunder_Los Angeles Clippers,0.234,0.766,116.4,108.2,224.6,-112,-108,-105,-115,-270,220,,,,,,,,,,,,,,,,,,,1.9523809523809523,1.869565217391304,3.2,1.3703703703703702,1.925925925925926,1.8928571428571428,,,,,,,,,under,226.5,0.014022996214867,total,,,,,,,,,,,,,,,,,,,,,2.185240156611449,1.8437108668836848,2.296767331752215,1.9511245584400816,2.296767331752215,130.0,1.9511245584400816,-105.0,0.4576156066757686,0.5423843933242313,-0.1065600060139755,0.014022996214867,-10.65600060139755,1.4022996214867,-0.1065600060139755,0.014022996214867,0.0,0.016126445647097,128,110,,,basketball,NBA,-6.5,6.5,226.5,0.014022996214867,Loss
2026_04_08,22:10,Phoenix Suns,Dallas Mavericks,2026_04_08_Dallas Mavericks_Phoenix Suns,0.844,0.156,109.4,119.9,229.3,-115,-105,-112,-108,425,-588,,,,,,,,,,,,,,,,,,,1.8928571428571428,1.925925925925926,1.1700680272108843,5.25,1.9523809523809523,1.869565217391304,,,,,,,,,under,230.5,0.0145767398799732,total,,,,,,,,,,,,,,,,,,,,,2.113268937323454,1.898255548568724,2.2211229478674857,2.008846986549353,2.2211229478674857,122.0,2.008846986549353,101.0,0.4732005389084756,0.5267994610915245,-0.1042989799232426,0.0145767398799732,-10.42989799232426,1.45767398799732,-0.1042989799232426,0.0145767398799732,0.0,0.0157428790703711,107,112,,,basketball,NBA,11.5,-11.5,230.5,0.0145767398799732,Win
2026_04_08,20:10,San Antonio Spurs,Portland Trail Blazers,2026_04_08_Portland Trail Blazers_San Antonio Spurs,0.643,0.357,113.3,118.0,231.3,-110,-110,-108,-112,140,-167,,,,,,,,,,,,,,,,,,,1.925925925925926,1.8928571428571428,1.598802395209581,2.4,1.9090909090909087,1.9090909090909087,,,,,,,,,under,233.5,0.0392640456695256,total,,,,,,,,,,,,,,,,,,,,,2.217516928257326,1.8213438160825688,2.330691399304419,1.927454414220724,2.330691399304419,133.0,1.927454414220724,-108.0,0.4509548437972319,0.5490451562027683,-0.1314943749090347,0.0392640456695256,-13.14943749090347,3.92640456695256,-0.1314943749090347,0.0392640456695256,0.0,0.0439757311498687,101,112,,,basketball,NBA,3.5,-3.5,233.5,0.0392640456695256,Win
2026_04_09,22:10,Golden State Warriors,Los Angeles Lakers,2026_04_09_Los Angeles Lakers_Golden State Warriors,0.575,0.425,111.0,113.7,224.7,-105,-115,-110,-110,160,-192,,,,,,,,,,,,,,,,,,,1.9090909090909087,1.9090909090909087,1.5208333333333337,2.6,1.869565217391304,1.9523809523809523,,,,,,,,,home,-4.5,0.3045187552430077,spread,1.5160224322910585,2.9379002489487864,1.6137701707097931,3.1445075174385364,-163.0,214.0,1.6137701707097931,-163.0,3.1445075174385364,214.0,0.0749999999999997,-0.1702380952380953,7.499999999999971,-17.02380952380953,0.6977658458276554,0.5515175644621924,0.3045187552430077,0.0767723877595183,0.3501965685294591,0.0806110071474942,,,,,,,,,,,,,,,,,,,119,103,,,basketball,NBA,4.5,-4.5,225.5,0.0749999999999997,Loss
2026_04_12,20:40,Oklahoma City Thunder,Phoenix Suns,2026_04_12_Phoenix Suns_Oklahoma City Thunder,0.652,0.348,104.7,109.7,214.4,-115,-105,-108,-112,195,-238,,,,,,,,,,,,,,,,,,,1.925925925925926,1.8928571428571428,1.4201680672268908,2.95,1.9523809523809523,1.869565217391304,,,,,,,,,home,-5.5,0.5130839118992523,spread,1.3778908658895603,3.646266661264717,1.4751239598222534,3.904760129692834,-210.0,290.0,1.4751239598222534,-210.0,3.904760129692834,290.0,0.272952380952381,-0.3493913043478261,27.2952380952381,-34.93913043478261,0.7749941987776658,0.5143473475997741,0.5130839118992523,-0.0383940892699877,0.5387381074942149,0.0,,,,,,,,,,,,,,,,,,,135,103,,,basketball,NBA,5.5,-5.5,213.5,0.272952380952381,Loss
2026_04_12,20:40,Los Angeles Clippers,Golden State Warriors,2026_04_12_Golden State Warriors_Los Angeles Clippers,0.681,0.319,109.1,114.7,223.8,-102,-118,-108,-112,200,-244,,,,,,,,,,,,,,,,,,,1.925925925925926,1.8928571428571428,1.4098360655737705,3.0,1.847457627118644,1.9803921568627447,,,,,,,,,home,-5.5,0.4552932503728284,spread,1.3567548823764803,3.8030450300739234,1.4518790187598165,4.070479392491468,-221.0,307.0,1.4518790187598165,-221.0,4.070479392491468,307.0,0.2581186440677967,-0.3682549019607842,25.81186440677968,-36.82549019607842,0.7877275391926319,0.4971299364095305,0.4552932503728284,-0.0154877729928906,0.5372460354399377,0.0,,,,,,,,,,,,,,,,,,,110,115,,,basketball,NBA,5.5,-5.5,225.5,0.2581186440677967,Loss
2026_04_12,20:40,Houston Rockets,Memphis Grizzlies,2026_04_12_Memphis Grizzlies_Houston Rockets,0.893,0.107,107.5,120.0,227.5,-112,-108,-112,-108,550,-833,,,,,,,,,,,,,,,,,,,1.8928571428571428,1.925925925925926,1.1200480192076832,6.5,1.925925925925926,1.8928571428571428,,,,,,,,,home,-13.5,0.8667865975309919,spread,1.073741743045976,14.560840287929295,1.172538864142539,15.172721706521738,-580.0,1417.0,1.172538864142539,-580.0,15.172721706521738,1417.0,0.719851851851852,-0.7974642857142857,71.9851851851852,-79.74642857142857,0.9692930410257072,0.5286761447564966,0.8667865975309919,0.0007084168605113,0.936129525333471,0.0007934268837727,,,,,,,,,,,,,,,,,,,101,132,,,basketball,NBA,13.5,-13.5,225.5,0.719851851851852,Win
2026_04_12,20:40,Portland Trail Blazers,Sacramento Kings,2026_04_12_Sacramento Kings_Portland Trail Blazers,0.897,0.103,109.4,122.1,231.5,-108,-112,-110,-110,850,-1429,,,,,,,,,,,,,,,,,,,1.9090909090909087,1.9090909090909087,1.0699790062981105,9.5,1.8928571428571428,1.925925925925926,,,,,,,,,home,-16.5,0.8591021970062662,spread,1.0526315789473684,19.999999999999982,1.08952551477171,20.69,-1117.0,1969.0,1.08952551477171,-1117.0,20.69,1969.0,0.6978928571428571,-0.8016296296296297,69.78928571428571,-80.16296296296296,0.9821671984184048,0.6077199351038494,0.8591021970062662,0.1704235787185248,0.9621944606470182,0.1840574650160067,,,,,,,,,,,,,,,,,,,110,122,,,basketball,NBA,16.5,-16.5,228.5,0.6978928571428571,Loss
2026_04_12,20:40,San Antonio Spurs,Denver Nuggets,2026_04_12_Denver Nuggets_San Antonio Spurs,0.732,0.268,114.3,121.6,235.9,-115,-105,-108,-112,390,-526,,,,,,,,,,,,,,,,,,,1.925925925925926,1.8928571428571428,1.1901140684410647,4.9,1.9523809523809523,1.869565217391304,,,,,,,,,home,-11.5,0.7803667515673081,spread,1.16461524743371,7.074771417530418,1.2721384773662552,7.369895347826087,-367.0,637.0,1.2721384773662552,-367.0,7.369895347826087,637.0,0.429142857142857,-0.4989565217391304,42.9142857142857,-49.89565217391304,0.911895165436914,0.6187342942938732,0.7803667515673081,0.15676411541898,0.8193850891456737,0.1802787327318271,,,,,,,,,,,,,,,,,,,128,118,,,basketball,NBA,11.5,-11.5,233.5,0.429142857142857,Loss
2026_04_12,20:40,Los Angeles Lakers,Utah Jazz,2026_04_12_Utah Jazz_Los Angeles Lakers,0.867,0.133,111.8,123.1,234.9,-112,-108,-110,-110,750,-1250,,,,,,,,,,,,,,,,,,,1.9090909090909087,1.9090909090909087,1.08,8.5,1.925925925925926,1.8928571428571428,,,,,,,,,away,14.5,0.1187504397133516,spread,1.0755028141777268,14.24453943724656,1.174534711211778,14.840472326086957,-573.0,1384.0,1.174534711211778,-573.0,14.840472326086957,1384.0,0.6697777777777778,-0.74825,66.97777777777777,-74.825,0.968281423617217,0.59103796815045,0.8648382973368625,0.1187504397133516,0.9340253611238116,0.1330004924789538,,,,,,,,,,,,,,,,,,,107,131,,,basketball,NBA,14.5,-14.5,236.5,-0.74825,Loss
2026_04_12,18:10,New York Knicks,Charlotte Hornets,2026_04_12_Charlotte Hornets_New York Knicks,0.149,0.851,114.4,103.6,218.0,-105,-115,-112,-108,-769,525,,,,,,,,,,,,,,,,,,,1.8928571428571428,1.925925925925926,6.25,1.130039011703511,1.869565217391304,1.9523809523809523,,,,,,,,,under,219.5,0.0274528751148832,total,,,,,,,,,,,,,,,,,,,,,2.143554471875825,1.8744664330328349,2.28223428835136,1.971442296314088,2.28223428835136,128.0,1.971442296314088,-103.0,0.4665148533057337,0.5334851466942663,-0.1169540276712898,0.0274528751148832,-11.69540276712898,2.74528751148832,-0.1169540276712898,0.0274528751148832,0.0,0.0296491051240739,110,96,,,basketball,NBA,-13.5,13.5,219.5,0.0274528751148832,Win
2026_04_12,20:40,Los Angeles Clippers,Golden State Warriors,2026_04_12_Golden State Warriors_Los Angeles Clippers,0.681,0.319,109.1,114.7,223.8,-102,-118,-108,-112,200,-244,,,,,,,,,,,,,,,,,,,1.925925925925926,1.8928571428571428,1.4098360655737705,3.0,1.847457627118644,1.9803921568627447,,,,,,,,,under,225.5,0.0182381655539805,total,,,,,,,,,,,,,,,,,,,,,2.164207720136213,1.8589532458030769,2.2746614717361777,1.967254950885477,2.2746614717361777,127.0,1.967254950885477,-103.0,0.462062855933746,0.5379371440662539,-0.1101011663498224,0.0182381655539805,-11.01011663498224,1.82381655539805,-0.1101011663498224,0.0182381655539805,0.0,0.0204267454204582,110,115,,,basketball,NBA,5.5,-5.5,225.5,0.0182381655539805,Win
2026_04_12,20:40,Minnesota Timberwolves,New Orleans Pelicans,2026_04_12_New Orleans Pelicans_Minnesota Timberwolves,0.635,0.365,114.5,119.0,233.5,-115,-105,-108,-112,220,-270,,,,,,,,,,,,,,,,,,,1.925925925925926,1.8928571428571428,1.3703703703703702,3.2,1.9523809523809523,1.869565217391304,,,,,,,,,under,236.5,0.072748022121156,total,,,,,,,,,,,,,,,,,,,,,2.30805522703911,1.764493715042584,2.4346902089700686,1.880614324305774,2.4346902089700686,143.0,1.880614324305774,-114.0,0.4332651958605213,0.5667348041394787,-0.1655633264908478,0.072748022121156,-16.55633264908478,7.2748022121156,-0.1655633264908478,0.072748022121156,0.0,0.0814777847756949,126,132,,,basketball,NBA,6.5,-6.5,236.5,0.072748022121156,Loss
2026_04_12,20:40,Dallas Mavericks,Chicago Bulls,2026_04_12_Chicago Bulls_Dallas Mavericks,0.694,0.306,118.5,124.2,242.7,-112,-108,-108,-112,225,-278,,,,,,,,,,,,,,,,,,,1.925925925925926,1.8928571428571428,1.359712230215827,3.25,1.925925925925926,1.8928571428571428,,,,,,,,,under,246.5,0.105980772455112,total,,,,,,,,,,,,,,,,,,,,,2.4055330850639787,1.7114738248616046,2.465671412190578,1.7542606704831445,2.465671412190578,147.0,1.7542606704831445,-133.0,0.4157082711557898,0.5842917288442102,-0.1993766629592196,0.105980772455112,-19.93766629592196,10.5980772455112,-0.1993766629592196,0.105980772455112,0.0,0.1186984651497256,128,149,,,basketball,NBA,6.5,-6.5,246.5,0.105980772455112,Loss
2026_04_14,19:40,Charlotte Hornets,Miami Heat,2026_04_14_Miami Heat_Charlotte Hornets,0.648,0.352,110.7,115.5,226.2,-110,-110,-110,-110,180,-217,,,,,,,,,,,,,,,,,,,1.9090909090909087,1.9090909090909087,1.4608294930875576,2.8,1.9090909090909087,1.9090909090909087,,,,,,,,,home,-5.5,0.471251334402162,spread,1.3851842951759246,3.5961598448432897,1.4828048968689715,3.85297286006826,-207.0,285.0,1.4828048968689715,-207.0,3.85297286006826,285.0,0.2370909090909092,-0.3279999999999999,23.70909090909092,-32.79999999999999,0.7706554608773232,0.5200821296953492,0.471251334402162,-0.0071159342179699,0.5183764678423786,0.0,,,,,,,,,,,,,,,,,,,126,127,,,basketball,NBA,5.5,-5.5,228.5,0.2370909090909092,Loss
2026_04_14,22:10,Phoenix Suns,Portland Trail Blazers,2026_04_14_Portland Trail Blazers_Phoenix Suns,0.58,0.42,106.4,109.3,215.7,-110,-110,-110,-110,136,-161,,,,,,,,,,,,,,,,,,,1.9090909090909087,1.9090909090909087,1.62111801242236,2.3600000000000003,1.9090909090909087,1.9090909090909087,,,,,,,,,home,-3.5,0.2932120556180611,spread,1.5559096106485897,2.798853592103368,1.6569720492340934,2.9893508965122924,-152.0,199.0,1.6569720492340934,-152.0,2.9893508965122924,199.0,0.1072727272727271,-0.1981818181818181,10.72727272727271,-19.81818181818181,0.6773967910380321,0.5172151838696504,0.2932120556180611,-0.0125891944306676,0.3225332611798672,0.0,,,,,,,,,,,,,,,,,,,114,110,,,basketball,NBA,3.5,-3.5,217.5,0.1072727272727271,Loss
