game_date,away_team,home_team,game_id,market_type,bet_side,line,take_bet,dk_odds_american,dk_odds_decimal,model_prob,ev,kelly,market,away_score,home_score,total,away_spread,home_spread,away_puck_line,home_puck_line,dk_away_puck_line,dk_home_puck_line,dk_total,league,bet_result,selected_edge,take_odds
2025_10_08,Los Angeles Kings,Vegas Golden Knights,2025_10_08_Los_Angeles_Kings_Vegas_Golden_Knights,total,under,5.5,under_total,100.0,2.0,0.5859898474226767,0.0578373730517252,0.0578373730517252,nhl,6.0,5.0,11.0,,,1.0,-1.0,,,5.5,NHL,Loss,0.0578373730517252,100.0
2025_10_08,Montreal Canadiens,Toronto Maple Leafs,2025_10_08_Montreal_Canadiens_Toronto_Maple_Leafs,moneyline,home,,home_moneyline,-160.0,1.625,0.8333457972754682,0.0253749999999999,0.0406,nhl,2.0,5.0,7.0,,,-3.0,3.0,,,5.5,NHL,Win,0.0253749999999999,-160.0
2025_10_09,Anaheim Ducks,Seattle Kraken,2025_10_09_Anaheim_Ducks_Seattle_Kraken,moneyline,home,,home_moneyline,-115.0,1.869565217391304,0.6321531777799474,0.0189130434782607,0.0217499999999998,nhl,1.0,3.0,4.0,,,-2.0,2.0,,,5.5,NHL,Win,0.0189130434782607,-115.0
2025_10_09,Anaheim Ducks,Seattle Kraken,2025_10_09_Anaheim_Ducks_Seattle_Kraken,total,over,5.5,over_total,-120.0,1.8333333333333333,0.6491669640148298,0.0103547036454805,0.0124256443745764,nhl,1.0,3.0,4.0,,,-2.0,2.0,,,5.5,NHL,Loss,0.0103547036454805,-120.0
2025_10_09,Calgary Flames,Vancouver Canucks,2025_10_09_Calgary_Flames_Vancouver_Canucks,total,under,5.5,under_total,100.0,2.0,0.6009549262319884,0.0681351943556474,0.0681351943556474,nhl,1.0,5.0,6.0,,,-4.0,4.0,,,5.5,NHL,Loss,0.0681351943556474,100.0
2025_10_09,Minnesota Wild,St Louis Blues,2025_10_09_Minnesota_Wild_St_Louis_Blues,total,under,5.5,under_total,-105.0,1.9523809523809523,0.6449823764583416,0.0730111034226972,0.0766616585938321,nhl,5.0,0.0,5.0,,,5.0,-5.0,,,5.5,NHL,Win,0.0730111034226972,-105.0
2025_10_09,Utah Mammoth,Colorado Avalanche,2025_10_09_Utah_Mammoth_Colorado_Avalanche,moneyline,home,,home_moneyline,-160.0,1.625,0.8260811731074074,0.0188749999999999,0.0301999999999999,nhl,1.0,2.0,3.0,,,-1.0,1.0,,,6.5,NHL,Win,0.0188749999999999,-160.0
2025_10_09,Utah Mammoth,Colorado Avalanche,2025_10_09_Utah_Mammoth_Colorado_Avalanche,total,under,6.5,under_total,-120.0,1.8333333333333333,0.7850584621579026,0.1115551010897508,0.133866121307701,nhl,1.0,2.0,3.0,,,-1.0,1.0,,,6.5,NHL,Win,0.1115551010897508,-120.0
2025_10_11,Los Angeles Kings,Winnipeg Jets,2025_10_11_Los_Angeles_Kings_Winnipeg_Jets,total,under,5.5,under_total,-110.0,1.9090909090909087,0.718403722546048,0.1023447749052699,0.1125792523957969,nhl,2.0,3.0,5.0,,,-1.0,1.0,,,5.5,NHL,Win,0.1023447749052699,-110.0
2025_10_11,New York Rangers,Pittsburgh Penguins,2025_10_11_New_York_Rangers_Pittsburgh_Penguins,total,over,5.5,over_total,-115.0,1.869565217391304,0.7162071082487168,0.0778742124661284,0.0895553443360477,nhl,6.0,1.0,7.0,,,5.0,-5.0,,,5.5,NHL,Win,0.0778742124661284,-115.0
2025_10_11,Utah Mammoth,Nashville Predators,2025_10_11_Utah_Mammoth_Nashville_Predators,moneyline,home,,home_moneyline,-105.0,1.9523809523809523,0.5508433273407821,0.0093809523809524,0.0098499999999999,nhl,3.0,2.0,5.0,,,1.0,-1.0,,,5.5,NHL,Loss,0.0093809523809524,-105.0
2025_10_13,Los Angeles Kings,Minnesota Wild,2025_10_13_Los_Angeles_Kings_Minnesota_Wild,total,under,5.5,under_total,-110.0,1.9090909090909087,0.7140429712381411,0.0990113717555927,0.108912508931152,nhl,3.0,4.0,7.0,,,-1.0,1.0,,,5.5,NHL,Loss,0.0990113717555927,-110.0
2025_10_13,St Louis Blues,Vancouver Canucks,2025_10_13_St_Louis_Blues_Vancouver_Canucks,total,under,5.5,under_total,-105.0,1.9523809523809523,0.6780033979737977,0.0967194217036568,0.1015553927888398,nhl,5.0,2.0,7.0,,,3.0,-3.0,,,5.5,NHL,Loss,0.0967194217036568,-105.0
2025_10_14,Nashville Predators,Toronto Maple Leafs,2025_10_14_Nashville_Predators_Toronto_Maple_Leafs,total,under,6.5,under_total,-115.0,1.869565217391304,0.8048743050542044,0.1515385087908962,0.1742692851095307,nhl,4.0,7.0,11.0,,,-3.0,3.0,,,6.5,NHL,Loss,0.1515385087908962,-115.0
2025_10_17,Minnesota Wild,Washington Capitals,2025_10_17_Minnesota_Wild_Washington_Capitals,moneyline,home,,home_moneyline,-125.0,1.8,0.6813622659951813,0.0133999999999998,0.0167499999999998,nhl,1.0,5.0,6.0,,,-4.0,4.0,,,6.0,NHL,Win,0.0133999999999998,-125.0
2025_10_17,San Jose Sharks,Utah Mammoth,2025_10_17_San_Jose_Sharks_Utah_Mammoth,moneyline,home,,home_moneyline,-235.0,1.425531914893617,0.9335518257970608,0.007851063829787,0.0184499999999997,nhl,3.0,6.0,9.0,,,-3.0,3.0,,,6.0,NHL,Win,0.007851063829787,-235.0
2025_10_21,Anaheim Ducks,Nashville Predators,2025_10_21_Anaheim_Ducks_Nashville_Predators,total,over,5.5,over_total,-120.0,1.8333333333333333,0.7353226967139505,0.0712828641899265,0.085539437027912,nhl,5.0,2.0,7.0,,,3.0,-3.0,,,5.5,NHL,Win,0.0712828641899265,-120.0
2025_10_21,New Jersey Devils,Toronto Maple Leafs,2025_10_21_New_Jersey_Devils_Toronto_Maple_Leafs,moneyline,home,,home_moneyline,-125.0,1.8,0.684004392118587,0.0151999999999998,0.0189999999999999,nhl,5.0,2.0,7.0,,,3.0,-3.0,,,6.0,NHL,Loss,0.0151999999999998,-125.0
2025_10_23,Seattle Kraken,Winnipeg Jets,2025_10_23_Seattle_Kraken_Winnipeg_Jets,total,under,5.5,under_total,100.0,2.0,0.545662910134562,0.0305175197134355,0.0305175197134355,nhl,3.0,0.0,3.0,,,3.0,-3.0,,,5.5,NHL,Win,0.0305175197134355,100.0
2025_10_25,Anaheim Ducks,Tampa Bay Lightning,2025_10_25_Anaheim_Ducks_Tampa_Bay_Lightning,total,over,5.5,over_total,-125.0,1.8,0.8084420044069249,0.1119346037629671,0.1399182547037089,nhl,3.0,4.0,7.0,,,-1.0,1.0,,,5.5,NHL,Win,0.1119346037629671,-125.0
2025_10_25,Columbus Blue Jackets,Pittsburgh Penguins,2025_10_25_Columbus_Blue_Jackets_Pittsburgh_Penguins,moneyline,home,,home_moneyline,-120.0,1.8333333333333333,0.6571315101952481,0.0156666666666667,0.0188,nhl,5.0,4.0,9.0,,,1.0,-1.0,,,6.5,NHL,Loss,0.0156666666666667,-120.0
2025_10_25,Columbus Blue Jackets,Pittsburgh Penguins,2025_10_25_Columbus_Blue_Jackets_Pittsburgh_Penguins,total,under,6.5,under_total,100.0,2.0,0.6335658673224772,0.0910050425138153,0.0910050425138153,nhl,5.0,4.0,9.0,,,1.0,-1.0,,,6.5,NHL,Loss,0.0910050425138153,100.0
2025_10_25,Ottawa Senators,Washington Capitals,2025_10_25_Ottawa_Senators_Washington_Capitals,moneyline,home,,home_moneyline,-120.0,1.8333333333333333,0.6543912865141802,0.0138333333333333,0.0166,nhl,7.0,1.0,8.0,,,6.0,-6.0,,,6.0,NHL,Loss,0.0138333333333333,-120.0
2025_10_26,Utah Mammoth,Winnipeg Jets,2025_10_26_Utah_Mammoth_Winnipeg_Jets,total,under,5.5,under_total,100.0,2.0,0.5355295093128606,0.0237218767510065,0.0237218767510065,nhl,3.0,2.0,5.0,,,1.0,-1.0,,,5.5,NHL,Win,0.0237218767510065,100.0
2025_10_28,Los Angeles Kings,San Jose Sharks,2025_10_28_Los_Angeles_Kings_San_Jose_Sharks,moneyline,away,,away_moneyline,-200.0,1.5,0.9067948794514806,0.0215,0.0430000000000001,nhl,4.0,3.0,7.0,,,1.0,-1.0,,,6.0,NHL,Win,0.0215,-200.0
2025_10_30,Dallas Stars,Tampa Bay Lightning,2025_10_30_Dallas_Stars_Tampa_Bay_Lightning,moneyline,home,,home_moneyline,-140.0,1.7142857142857144,0.7463991445155116,0.0097142857142857,0.0136,nhl,1.0,2.0,3.0,,,-1.0,1.0,,,6.0,NHL,Win,0.0097142857142857,-140.0
2025_10_30,New Jersey Devils,San Jose Sharks,2025_10_30_New_Jersey_Devils_San_Jose_Sharks,total,under,6.5,under_total,-118.0,1.847457627118644,0.6981208971243842,0.0519657620870102,0.0613195992626721,nhl,2.0,5.0,7.0,,,-3.0,3.0,,,6.5,NHL,Loss,0.0519657620870102,-118.0
2025_11_01,Colorado Avalanche,San Jose Sharks,2025_11_01_Colorado_Avalanche_San_Jose_Sharks,total,under,6.5,under_total,-110.0,1.9090909090909087,0.615590695417678,0.0293038765288937,0.0322342641817831,nhl,2.0,3.0,5.0,,,-1.0,1.0,,,6.5,NHL,Win,0.0293038765288937,-110.0
2025_11_02,Calgary Flames,Philadelphia Flyers,2025_11_02_Calgary_Flames_Philadelphia_Flyers,total,under,5.5,under_total,100.0,2.0,0.5405972653230001,0.0271179051170571,0.0271179051170571,nhl,2.0,1.0,3.0,,,1.0,-1.0,1.5,-1.5,5.5,NHL,Win,0.0271179051170571,100.0
2025_11_02,Columbus Blue Jackets,New York Islanders,2025_11_02_Columbus_Blue_Jackets_New_York_Islanders,puck_line,away,1.5,away_puck_line,-200.0,1.5,0.8993227592837213,0.0121774306892377,0.0243548613784753,nhl,2.0,3.0,5.0,,,-1.0,1.0,1.5,-1.5,6.5,NHL,Win,0.0121774306892377,-200.0
2025_11_02,Columbus Blue Jackets,New York Islanders,2025_11_02_Columbus_Blue_Jackets_New_York_Islanders,total,under,6.5,under_total,-115.0,1.869565217391304,0.6599863910929699,0.037693666120838,0.0433477160389636,nhl,2.0,3.0,5.0,,,-1.0,1.0,1.5,-1.5,6.5,NHL,Win,0.037693666120838,-115.0
2025_11_02,Detroit Red Wings,San Jose Sharks,2025_11_02_Detroit_Red_Wings_San_Jose_Sharks,puck_line,away,-1.5,away_puck_line,140.0,2.4,0.3312195123803774,0.0601040781843971,0.0429314844174265,nhl,3.0,2.0,5.0,,,1.0,-1.0,-1.5,1.5,6.5,NHL,Loss,0.0601040781843971,140.0
2025_11_02,Detroit Red Wings,San Jose Sharks,2025_11_02_Detroit_Red_Wings_San_Jose_Sharks,total,under,6.5,under_total,100.0,2.0,0.7263080049130882,0.1612422079921085,0.1612422079921085,nhl,3.0,2.0,5.0,,,1.0,-1.0,-1.5,1.5,6.5,NHL,Win,0.1612422079921085,100.0
2025_11_02,New Jersey Devils,Anaheim Ducks,2025_11_02_New_Jersey_Devils_Anaheim_Ducks,puck_line,home,1.5,home_puck_line,-215.0,1.4651162790697674,0.9392223211014588,0.0454101711073477,0.097631867880798,nhl,1.0,4.0,5.0,,,-3.0,3.0,-1.5,1.5,6.0,NHL,Win,0.0454101711073477,-215.0
2025_11_03,Chicago Blackhawks,Seattle Kraken,2025_11_03_Chicago_Blackhawks_Seattle_Kraken,puck_line,home,-1.5,home_puck_line,170.0,2.7,0.2344311465868635,0.0871223767605102,0.0512484569179472,nhl,1.0,3.0,4.0,,,-2.0,2.0,1.5,-1.5,6.0,NHL,Win,0.0871223767605102,170.0
2025_11_03,Edmonton Oilers,St Louis Blues,2025_11_03_Edmonton_Oilers_St_Louis_Blues,puck_line,home,1.5,home_puck_line,-195.0,1.5128205128205128,0.940239606924781,0.0812978274934417,0.1585307636122112,nhl,2.0,3.0,5.0,,,-1.0,1.0,-1.5,1.5,6.0,NHL,Win,0.0812978274934417,-195.0
2025_11_03,Pittsburgh Penguins,Toronto Maple Leafs,2025_11_03_Pittsburgh_Penguins_Toronto_Maple_Leafs,puck_line,home,-1.5,home_puck_line,141.0,2.41,0.275496613827763,0.0124757557942929,0.0088480537548177,nhl,3.0,4.0,7.0,,,-1.0,1.0,1.5,-1.5,6.5,NHL,Loss,0.0124757557942929,141.0
2025_11_03,Pittsburgh Penguins,Toronto Maple Leafs,2025_11_03_Pittsburgh_Penguins_Toronto_Maple_Leafs,total,under,6.5,under_total,-115.0,1.869565217391304,0.7022316333558559,0.0675447210978972,0.0776764292625819,nhl,3.0,4.0,7.0,,,-1.0,1.0,1.5,-1.5,6.5,NHL,Loss,0.0675447210978972,-115.0
2025_11_04,Boston Bruins,New York Islanders,2025_11_04_Boston_Bruins_New_York_Islanders,puck_line,home,-1.5,home_puck_line,159.0,2.59,0.2439361520259982,0.0536975284702978,0.0337720304844641,nhl,4.0,3.0,7.0,,,1.0,-1.0,1.5,-1.5,6.0,NHL,Loss,0.0536975284702978,159.0
2025_11_04,Carolina Hurricanes,New York Rangers,2025_11_04_Carolina_Hurricanes_New_York_Rangers,puck_line,home,1.5,home_puck_line,-230.0,1.434782608695652,0.933781375753494,0.0147584127442512,0.033944349311778,nhl,3.0,0.0,3.0,,,3.0,-3.0,-1.5,1.5,6.0,NHL,Loss,0.0147584127442512,-230.0
2025_11_04,Florida Panthers,Anaheim Ducks,2025_11_04_Florida_Panthers_Anaheim_Ducks,puck_line,away,-1.5,away_puck_line,177.0,2.77,0.1960651890953919,0.065152951029447,0.0368095768527949,nhl,3.0,7.0,10.0,,,-4.0,4.0,-1.5,1.5,6.0,NHL,Loss,0.065152951029447,177.0
2025_11_04,Nashville Predators,Minnesota Wild,2025_11_04_Nashville_Predators_Minnesota_Wild,puck_line,away,1.5,away_puck_line,-137.0,1.72992700729927,0.7422917640603913,0.01591202990186,0.0217994809655481,nhl,2.0,3.0,5.0,,,-1.0,1.0,1.5,-1.5,6.0,NHL,Win,0.01591202990186,-137.0
2025_11_04,Utah Mammoth,Buffalo Sabres,2025_11_04_Utah_Mammoth_Buffalo_Sabres,puck_line,home,1.5,home_puck_line,-220.0,1.4545454545454546,0.944416958302164,0.0472047697924979,0.1038504935434954,nhl,2.0,1.0,3.0,,,1.0,-1.0,-1.5,1.5,6.0,NHL,Win,0.0472047697924979,-220.0
2025_11_05,Columbus Blue Jackets,Calgary Flames,2025_11_05_Columbus_Blue_Jackets_Calgary_Flames,puck_line,home,1.5,home_puck_line,-265.0,1.3773584905660377,0.9505074686252932,0.0028694497957511,0.0076040419587407,nhl,1.0,5.0,6.0,,,-4.0,4.0,-1.5,1.5,6.0,NHL,Win,0.0028694497957511,-265.0
2025_11_06,Florida Panthers,Los Angeles Kings,2025_11_06_Florida_Panthers_Los_Angeles_Kings,puck_line,away,1.5,away_puck_line,-275.0,1.3636363636363638,0.9658848974533338,0.0267567861195292,0.0735811618287055,nhl,5.0,2.0,7.0,,,3.0,-3.0,1.5,-1.5,5.5,NHL,Win,0.0267567861195292,-275.0
2025_11_06,Minnesota Wild,Carolina Hurricanes,2025_11_06_Minnesota_Wild_Carolina_Hurricanes,puck_line,home,-1.5,home_puck_line,140.0,2.4,0.3119851082462572,0.042738676483544,0.0305276260596742,nhl,3.0,4.0,7.0,,,-1.0,1.0,1.5,-1.5,6.0,NHL,Loss,0.042738676483544,140.0
2025_11_06,Montreal Canadiens,New Jersey Devils,2025_11_06_Montreal_Canadiens_New_Jersey_Devils,puck_line,away,1.5,away_puck_line,-190.0,1.526315789473684,0.8964376121976847,0.0264151321509502,0.0501887510868052,nhl,3.0,4.0,7.0,,,-1.0,1.0,1.5,-1.5,6.0,NHL,Win,0.0264151321509502,-190.0
2025_11_06,Ottawa Senators,Boston Bruins,2025_11_06_Ottawa_Senators_Boston_Bruins,puck_line,away,-1.5,away_puck_line,192.0,2.92,0.1315507090045756,0.0153230343882593,0.0079807470772183,nhl,2.0,3.0,5.0,,,-1.0,1.0,-1.5,1.5,6.0,NHL,Loss,0.0153230343882593,192.0
2025_11_06,St Louis Blues,Buffalo Sabres,2025_11_06_St_Louis_Blues_Buffalo_Sabres,puck_line,home,-1.5,home_puck_line,192.0,2.92,0.147533402358483,0.0449319825045755,0.023402074221133,nhl,3.0,0.0,3.0,,,3.0,-3.0,1.5,-1.5,6.0,NHL,Loss,0.0449319825045755,192.0
2025_11_06,Tampa Bay Lightning,Vegas Golden Knights,2025_11_06_Tampa_Bay_Lightning_Vegas_Golden_Knights,puck_line,away,1.5,away_puck_line,-230.0,1.434782608695652,0.9265054990136328,0.0035756712887202,0.0082240439640567,nhl,6.0,3.0,9.0,,,3.0,-3.0,1.5,-1.5,6.0,NHL,Win,0.0035756712887202,-230.0
2025_11_07,Chicago Blackhawks,Calgary Flames,2025_11_07_Chicago_Blackhawks_Calgary_Flames,puck_line,home,-1.5,home_puck_line,177.0,2.77,0.1975406086409961,0.0671933525608303,0.0379623460795651,nhl,4.0,0.0,4.0,,,4.0,-4.0,1.5,-1.5,6.0,NHL,Loss,0.0671933525608303,177.0
2025_11_07,Minnesota Wild,New York Islanders,2025_11_07_Minnesota_Wild_New_York_Islanders,puck_line,home,-1.5,home_puck_line,203.0,3.03,0.1160626168526811,0.0210693352466406,0.0103789828801186,nhl,5.0,2.0,7.0,,,3.0,-3.0,1.5,-1.5,6.0,NHL,Loss,0.0210693352466406,203.0
2025_11_07,Winnipeg Jets,San Jose Sharks,2025_11_07_Winnipeg_Jets_San_Jose_Sharks,puck_line,away,-1.5,away_puck_line,135.0,2.35,0.3475875400366217,0.0521421857343289,0.0386238412846881,nhl,1.0,2.0,3.0,,,-1.0,1.0,-1.5,1.5,6.0,NHL,Loss,0.0521421857343289,135.0
2025_11_08,Boston Bruins,Toronto Maple Leafs,2025_11_08_Boston_Bruins_Toronto_Maple_Leafs,puck_line,home,-1.5,home_puck_line,140.0,2.4,0.3475875400366217,0.0745281896861231,0.0532344212043737,nhl,5.0,3.0,8.0,,,2.0,-2.0,1.5,-1.5,6.0,NHL,Loss,0.0745281896861231,140.0
2025_11_08,Buffalo Sabres,Carolina Hurricanes,2025_11_08_Buffalo_Sabres_Carolina_Hurricanes,puck_line,away,1.5,away_puck_line,-125.0,1.8,0.6985498449382268,0.02524231486859,0.0315528935857377,nhl,3.0,6.0,9.0,,,-3.0,3.0,1.5,-1.5,6.0,NHL,Loss,0.02524231486859,-125.0
2025_11_08,Columbus Blue Jackets,Vancouver Canucks,2025_11_08_Columbus_Blue_Jackets_Vancouver_Canucks,puck_line,away,1.5,away_puck_line,-255.0,1.392156862745098,0.9589382123539548,0.0313415724749248,0.0799210098110584,nhl,3.0,4.0,7.0,,,-1.0,1.0,1.5,-1.5,6.0,NHL,Win,0.0313415724749248,-255.0
2025_11_08,Ottawa Senators,Philadelphia Flyers,2025_11_08_Ottawa_Senators_Philadelphia_Flyers,puck_line,home,1.5,home_puck_line,-270.0,1.3703703703703702,0.9597594807843342,0.0170455628657222,0.0460230197374498,nhl,3.0,2.0,5.0,,,1.0,-1.0,-1.5,1.5,6.0,NHL,Win,0.0170455628657222,-270.0
2025_11_08,Pittsburgh Penguins,New Jersey Devils,2025_11_08_Pittsburgh_Penguins_New_Jersey_Devils,total,under,6.5,under_total,-115.0,1.869565217391304,0.7379484026322515,0.0945023091308792,0.1086776555005112,nhl,1.0,2.0,3.0,,,-1.0,1.0,1.5,-1.5,6.5,NHL,Win,0.0945023091308792,-115.0
2025_11_08,Washington Capitals,Tampa Bay Lightning,2025_11_08_Washington_Capitals_Tampa_Bay_Lightning,puck_line,home,-1.5,home_puck_line,177.0,2.77,0.1931286882227386,0.0610615743310225,0.034498064593798,nhl,2.0,3.0,5.0,,,-1.0,1.0,1.5,-1.5,6.0,NHL,Loss,0.0610615743310225,177.0
2025_11_09,Calgary Flames,Minnesota Wild,2025_11_09_Calgary_Flames_Minnesota_Wild,puck_line,away,1.5,away_puck_line,-165.0,1.606060606060606,0.8823235804316701,0.0629678727483309,0.103896990034746,nhl,0.0,2.0,2.0,,,-2.0,2.0,1.5,-1.5,6.0,NHL,Loss,0.0629678727483309,-165.0
2025_11_09,Carolina Hurricanes,Toronto Maple Leafs,2025_11_09_Carolina_Hurricanes_Toronto_Maple_Leafs,puck_line,home,1.5,home_puck_line,-240.0,1.4166666666666667,0.9618254034837652,0.0563399637297861,0.1352159129514867,nhl,5.0,4.0,9.0,,,1.0,-1.0,-1.5,1.5,6.0,NHL,Win,0.0563399637297861,-240.0
2025_11_09,Colorado Avalanche,Vancouver Canucks,2025_11_09_Colorado_Avalanche_Vancouver_Canucks,puck_line,away,-1.5,away_puck_line,145.0,2.45,0.2825279568625349,0.0362411279739176,0.0249938813613225,nhl,5.0,4.0,9.0,,,1.0,-1.0,-1.5,1.5,6.0,NHL,Loss,0.0362411279739176,145.0
2025_11_09,Los Angeles Kings,Pittsburgh Penguins,2025_11_09_Los_Angeles_Kings_Pittsburgh_Penguins,puck_line,away,-1.5,away_puck_line,161.0,2.6100000000000003,0.2278794783159237,0.0431798483301062,0.0268197815714945,nhl,3.0,2.0,5.0,,,1.0,-1.0,-1.5,1.5,6.0,NHL,Loss,0.0431798483301062,161.0
2025_11_09,Winnipeg Jets,Anaheim Ducks,2025_11_09_Winnipeg_Jets_Anaheim_Ducks,puck_line,away,-1.5,away_puck_line,174.0,2.74,0.177371624874445,0.0271188747569923,0.015585560205168,nhl,1.0,4.0,5.0,,,-3.0,3.0,-1.5,1.5,6.0,NHL,Loss,0.0271188747569923,174.0
2025_11_10,Columbus Blue Jackets,Edmonton Oilers,2025_11_10_Columbus_Blue_Jackets_Edmonton_Oilers,puck_line,away,1.5,away_puck_line,-155.0,1.6451612903225803,0.8344960235693738,0.0391568334332141,0.0606930918214822,nhl,4.0,5.0,9.0,,,-1.0,1.0,1.5,-1.5,6.5,NHL,Win,0.0391568334332141,-155.0
2025_11_10,Columbus Blue Jackets,Edmonton Oilers,2025_11_10_Columbus_Blue_Jackets_Edmonton_Oilers,total,under,6.5,under_total,100.0,2.0,0.6290967687183817,0.0878304178781212,0.0878304178781212,nhl,4.0,5.0,9.0,,,-1.0,1.0,1.5,-1.5,6.5,NHL,Loss,0.0878304178781212,100.0
2025_11_10,Nashville Predators,New York Rangers,2025_11_10_Nashville_Predators_New_York_Rangers,puck_line,home,-1.5,home_puck_line,153.0,2.53,0.2727984905474758,0.0601047544058506,0.0392841532064383,nhl,3.0,6.0,9.0,,,-3.0,3.0,1.5,-1.5,5.5,NHL,Win,0.0601047544058506,153.0
2025_11_10,New York Islanders,New Jersey Devils,2025_11_10_New_York_Islanders_New_Jersey_Devils,puck_line,away,1.5,away_puck_line,-165.0,1.606060606060606,0.8716364547228852,0.0510297605534459,0.0841991049131858,nhl,3.0,2.0,5.0,,,1.0,-1.0,1.5,-1.5,6.0,NHL,Win,0.0510297605534459,-165.0
2025_11_11,Anaheim Ducks,Colorado Avalanche,2025_11_11_Anaheim_Ducks_Colorado_Avalanche,total,under,6.5,under_total,110.0,2.1,0.5557879671408553,0.089196629246721,0.0810878447697464,nhl,1.0,4.0,5.0,,,-3.0,3.0,1.5,-1.5,6.5,NHL,Win,0.089196629246721,110.0
2025_11_11,Columbus Blue Jackets,Seattle Kraken,2025_11_11_Columbus_Blue_Jackets_Seattle_Kraken,puck_line,away,1.5,away_puck_line,-240.0,1.4166666666666667,0.9670707881140698,0.0698918385366793,0.1677404124880301,nhl,2.0,1.0,3.0,,,1.0,-1.0,1.5,-1.5,6.0,NHL,Win,0.0698918385366793,-240.0
2025_11_11,Dallas Stars,Ottawa Senators,2025_11_11_Dallas_Stars_Ottawa_Senators,puck_line,home,1.5,home_puck_line,-260.0,1.3846153846153846,0.9799730173816076,0.0873363002614069,0.227074380679658,nhl,3.0,2.0,5.0,,,1.0,-1.0,-1.5,1.5,6.0,NHL,Win,0.0873363002614069,-260.0
2025_11_11,Los Angeles Kings,Montreal Canadiens,2025_11_11_Los_Angeles_Kings_Montreal_Canadiens,puck_line,away,1.5,away_puck_line,-270.0,1.3703703703703702,0.9580868219412514,0.0133205865857373,0.0359655837814906,nhl,5.0,1.0,6.0,,,4.0,-4.0,1.5,-1.5,6.0,NHL,Win,0.0133205865857373,-270.0
2025_11_11,San Jose Sharks,Minnesota Wild,2025_11_11_San_Jose_Sharks_Minnesota_Wild,puck_line,away,1.5,away_puck_line,-135.0,1.7407407407407407,0.7629126993992384,0.0377941127951599,0.0510220522734659,nhl,2.0,1.0,3.0,,,1.0,-1.0,1.5,-1.5,6.5,NHL,Win,0.0377941127951599,-135.0
2025_11_11,San Jose Sharks,Minnesota Wild,2025_11_11_San_Jose_Sharks_Minnesota_Wild,total,under,6.5,under_total,-110.0,1.9090909090909087,0.6643179579143454,0.0626742572355947,0.0689416829591543,nhl,2.0,1.0,3.0,,,1.0,-1.0,1.5,-1.5,6.5,NHL,Win,0.0626742572355947,-110.0
2025_11_11,Toronto Maple Leafs,Boston Bruins,2025_11_11_Toronto_Maple_Leafs_Boston_Bruins,puck_line,away,-1.5,away_puck_line,186.0,2.8600000000000003,0.1415529484632508,0.0128884107397131,0.0069292530858672,nhl,3.0,5.0,8.0,,,-2.0,2.0,-1.5,1.5,6.0,NHL,Loss,0.0128884107397131,186.0
2025_11_11,Washington Capitals,Carolina Hurricanes,2025_11_11_Washington_Capitals_Carolina_Hurricanes,puck_line,home,-1.5,home_puck_line,161.0,2.6100000000000003,0.23319358198401,0.0494397238069441,0.0307079029856796,nhl,4.0,1.0,5.0,,,3.0,-3.0,1.5,-1.5,6.0,NHL,Loss,0.0494397238069441,161.0
2025_11_11,Winnipeg Jets,Vancouver Canucks,2025_11_11_Winnipeg_Jets_Vancouver_Canucks,puck_line,away,-1.5,away_puck_line,200.0,3.0,0.1188923378178862,0.0170671651318612,0.0085335825659306,nhl,5.0,3.0,8.0,,,2.0,-2.0,-1.5,1.5,6.0,NHL,Win,0.0170671651318612,200.0
2025_11_12,Buffalo Sabres,Utah Mammoth,2025_11_12_Buffalo_Sabres_Utah_Mammoth,total,under,6.5,under_total,-115.0,1.869565217391304,0.6643179579143454,0.0406727198187089,0.0467736277915151,nhl,2.0,5.0,7.0,,,-3.0,3.0,1.5,-1.5,6.5,NHL,Loss,0.0406727198187089,-115.0
2025_11_12,Edmonton Oilers,Philadelphia Flyers,2025_11_12_Edmonton_Oilers_Philadelphia_Flyers,puck_line,home,1.5,home_puck_line,-205.0,1.4878048780487805,0.952516653420174,0.087548531328701,0.1794744892238369,nhl,2.0,1.0,3.0,,,1.0,-1.0,-1.5,1.5,6.0,NHL,Win,0.087548531328701,-205.0
2025_11_12,New Jersey Devils,Chicago Blackhawks,2025_11_12_New_Jersey_Devils_Chicago_Blackhawks,puck_line,home,1.5,home_puck_line,-185.0,1.5405405405405406,0.9293017875701406,0.0820493798375849,0.1517913526995323,nhl,4.0,3.0,7.0,,,1.0,-1.0,-1.5,1.5,6.0,NHL,Win,0.0820493798375849,-185.0
2025_11_13,Boston Bruins,Ottawa Senators,2025_11_13_Boston_Bruins_Ottawa_Senators,puck_line,home,-1.5,home_puck_line,157.0,2.5700000000000003,0.2680863386088056,0.0718877368977195,0.0457883674507767,nhl,3.0,5.0,8.0,,,-2.0,2.0,1.5,-1.5,6.0,NHL,Win,0.0718877368977195,157.0
2025_11_13,Buffalo Sabres,Colorado Avalanche,2025_11_13_Buffalo_Sabres_Colorado_Avalanche,puck_line,away,1.5,away_puck_line,100.0,2.0,0.5837621663098327,0.0563131665418108,0.0563131665418108,nhl,3.0,6.0,9.0,,,-3.0,3.0,1.5,-1.5,6.5,NHL,Loss,0.0563131665418108,100.0
2025_11_13,Buffalo Sabres,Colorado Avalanche,2025_11_13_Buffalo_Sabres_Colorado_Avalanche,total,under,6.5,under_total,100.0,2.0,0.5324775663546709,0.0216788418578277,0.0216788418578277,nhl,3.0,6.0,9.0,,,-3.0,3.0,1.5,-1.5,6.5,NHL,Loss,0.0216788418578277,100.0
2025_11_13,Dallas Stars,Montreal Canadiens,2025_11_13_Dallas_Stars_Montreal_Canadiens,puck_line,home,1.5,home_puck_line,-275.0,1.3636363636363638,0.9655561054092804,0.0259163117043248,0.0712698571868931,nhl,7.0,0.0,7.0,,,7.0,-7.0,-1.5,1.5,6.0,NHL,Loss,0.0259163117043248,-275.0
2025_11_13,Edmonton Oilers,Columbus Blue Jackets,2025_11_13_Edmonton_Oilers_Columbus_Blue_Jackets,puck_line,home,1.5,home_puck_line,-250.0,1.4,0.9758489189529856,0.0840787561521689,0.2101968903804225,nhl,4.0,5.0,9.0,,,-1.0,1.0,-1.5,1.5,6.5,NHL,Win,0.0840787561521689,-250.0
2025_11_13,Edmonton Oilers,Columbus Blue Jackets,2025_11_13_Edmonton_Oilers_Columbus_Blue_Jackets,total,under,6.5,under_total,100.0,2.0,0.5789787641533296,0.0530472450359993,0.0530472450359993,nhl,4.0,5.0,9.0,,,-1.0,1.0,-1.5,1.5,6.5,NHL,Loss,0.0530472450359993,100.0
2025_11_13,Los Angeles Kings,Toronto Maple Leafs,2025_11_13_Los_Angeles_Kings_Toronto_Maple_Leafs,puck_line,home,1.5,home_puck_line,-250.0,1.4,0.9504218156344733,0.0191868827264567,0.0479672068161417,nhl,4.0,3.0,7.0,,,1.0,-1.0,-1.5,1.5,6.0,NHL,Win,0.0191868827264567,-250.0
2025_11_13,San Jose Sharks,Calgary Flames,2025_11_13_San_Jose_Sharks_Calgary_Flames,puck_line,home,-1.5,home_puck_line,165.0,2.65,0.2254771856761334,0.0562640508178684,0.034099424738102,nhl,0.0,2.0,2.0,,,-2.0,2.0,1.5,-1.5,6.0,NHL,Win,0.0562640508178684,165.0
2025_11_13,Washington Capitals,Florida Panthers,2025_11_13_Washington_Capitals_Florida_Panthers,total,under,5.5,under_total,-105.0,1.9523809523809523,0.5507254236066157,0.0093035109712806,0.0097686865198448,nhl,3.0,6.0,9.0,,,-3.0,3.0,1.5,-1.5,5.5,NHL,Loss,0.0093035109712806,-105.0
2025_11_13,Winnipeg Jets,Seattle Kraken,2025_11_13_Winnipeg_Jets_Seattle_Kraken,total,under,5.5,under_total,100.0,2.0,0.5658839790900005,0.0441508196770985,0.0441508196770985,nhl,3.0,5.0,8.0,,,-2.0,2.0,-1.5,1.5,5.5,NHL,Loss,0.0441508196770985,100.0
2025_11_14,New York Islanders,Utah Mammoth,2025_11_14_New_York_Islanders_Utah_Mammoth,total,under,6.5,under_total,-115.0,1.869565217391304,0.7223675532532956,0.0825127512217616,0.094889663905026,nhl,3.0,2.0,5.0,,,1.0,-1.0,1.5,-1.5,6.5,NHL,Win,0.0825127512217616,-115.0
2025_11_14,Pittsburgh Penguins,Nashville Predators,2025_11_14_Pittsburgh_Penguins_Nashville_Predators,total,under,6.5,under_total,-118.0,1.847457627118644,0.7603826491256218,0.0993493990151013,0.1172322908378195,nhl,1.0,2.0,3.0,,,-1.0,1.0,-1.5,1.5,6.5,NHL,Win,0.0993493990151013,-118.0
2025_11_15,Anaheim Ducks,Minnesota Wild,2025_11_15_Anaheim_Ducks_Minnesota_Wild,puck_line,away,1.5,away_puck_line,-225.0,1.4444444444444444,0.931732564320399,0.0183278875774164,0.0412377470491868,nhl,0.0,2.0,2.0,,,-2.0,2.0,1.5,-1.5,6.5,NHL,Loss,0.0183278875774164,-225.0
2025_11_15,Anaheim Ducks,Minnesota Wild,2025_11_15_Anaheim_Ducks_Minnesota_Wild,total,under,6.5,under_total,-110.0,1.9090909090909087,0.6814159481295166,0.074856895716078,0.0823425852876859,nhl,0.0,2.0,2.0,,,-2.0,2.0,1.5,-1.5,6.5,NHL,Win,0.074856895716078,-110.0
2025_11_15,Boston Bruins,Montreal Canadiens,2025_11_15_Boston_Bruins_Montreal_Canadiens,puck_line,home,-1.5,home_puck_line,157.0,2.5700000000000003,0.2099218877271906,0.0056729740253016,0.0036133592517844,nhl,3.0,2.0,5.0,,,1.0,-1.0,1.5,-1.5,6.0,NHL,Loss,0.0056729740253016,157.0
2025_11_15,Buffalo Sabres,Detroit Red Wings,2025_11_15_Buffalo_Sabres_Detroit_Red_Wings,total,under,6.5,under_total,-110.0,1.9090909090909087,0.6556332198604171,0.0565917254917438,0.0622508980409181,nhl,5.0,4.0,9.0,,,1.0,-1.0,1.5,-1.5,6.5,NHL,Loss,0.0565917254917438,-110.0
2025_11_15,Edmonton Oilers,Carolina Hurricanes,2025_11_15_Edmonton_Oilers_Carolina_Hurricanes,moneyline,home,,home_moneyline,-120.0,1.8333333333333333,0.646116504854369,0.0083333333333333,0.01,nhl,4.0,3.0,7.0,,,1.0,-1.0,1.5,-1.5,6.0,NHL,Loss,0.0083333333333333,-120.0
2025_11_15,Edmonton Oilers,Carolina Hurricanes,2025_11_15_Edmonton_Oilers_Carolina_Hurricanes,puck_line,home,-1.5,home_puck_line,211.0,3.11,0.128520415851526,0.0750986687838508,0.0355917861534838,nhl,4.0,3.0,7.0,,,1.0,-1.0,1.5,-1.5,6.0,NHL,Loss,0.0750986687838508,211.0
2025_11_15,Los Angeles Kings,Ottawa Senators,2025_11_15_Los_Angeles_Kings_Ottawa_Senators,puck_line,away,1.5,away_puck_line,-270.0,1.3703703703703702,0.9693176489856647,0.0410535535562683,0.1108445946019248,nhl,1.0,0.0,1.0,,,1.0,-1.0,1.5,-1.5,5.5,NHL,Win,0.0410535535562683,-270.0
2025_11_15,New York Rangers,Columbus Blue Jackets,2025_11_15_New_York_Rangers_Columbus_Blue_Jackets,puck_line,home,1.5,home_puck_line,-265.0,1.3773584905660377,0.9633144752828422,0.0306167771373504,0.0811344594139788,nhl,2.0,1.0,3.0,,,1.0,-1.0,-1.5,1.5,6.0,NHL,Win,0.0306167771373504,-265.0
2025_11_15,Philadelphia Flyers,Dallas Stars,2025_11_15_Philadelphia_Flyers_Dallas_Stars,total,under,5.5,under_total,100.0,2.0,0.5000814209333019,5.428062262780031e-05,5.428062262780031e-05,nhl,1.0,5.0,6.0,,,-4.0,4.0,1.5,-1.5,5.5,NHL,Loss,5.428062262780031e-05,100.0
2025_11_15,San Jose Sharks,Seattle Kraken,2025_11_15_San_Jose_Sharks_Seattle_Kraken,puck_line,home,-1.5,home_puck_line,177.0,2.77,0.1892305571043433,0.0555660146565919,0.0313932286195434,nhl,1.0,4.0,5.0,,,-3.0,3.0,1.5,-1.5,6.0,NHL,Win,0.0555660146565919,177.0
2025_11_15,Winnipeg Jets,Calgary Flames,2025_11_15_Winnipeg_Jets_Calgary_Flames,puck_line,away,-1.5,away_puck_line,195.0,2.95,0.1301570279437547,0.0230230841132859,0.011806709801685,nhl,4.0,3.0,7.0,,,1.0,-1.0,-1.5,1.5,5.5,NHL,Loss,0.0230230841132859,195.0
2025_11_15,Winnipeg Jets,Calgary Flames,2025_11_15_Winnipeg_Jets_Calgary_Flames,total,under,5.5,under_total,100.0,2.0,0.575955359623985,0.0509876499722043,0.0509876499722043,nhl,4.0,3.0,7.0,,,1.0,-1.0,-1.5,1.5,5.5,NHL,Loss,0.0509876499722043,100.0
2025_11_16,Detroit Red Wings,New York Rangers,2025_11_16_Detroit_Red_Wings_New_York_Rangers,puck_line,home,-1.5,home_puck_line,177.0,2.77,0.1934283836603507,0.0614810158989416,0.0347350372310404,nhl,2.0,1.0,3.0,,,1.0,-1.0,1.5,-1.5,6.0,NHL,Loss,0.0614810158989416,177.0
2025_11_17,Edmonton Oilers,Buffalo Sabres,2025_11_17_Edmonton_Oilers_Buffalo_Sabres,puck_line,home,1.5,home_puck_line,-180.0,1.5555555555555556,0.9113598684916504,0.065534805447976,0.1179626498063569,nhl,1.0,5.0,6.0,,,-4.0,4.0,-1.5,1.5,6.5,NHL,Win,0.065534805447976,-180.0
2025_11_17,Edmonton Oilers,Buffalo Sabres,2025_11_17_Edmonton_Oilers_Buffalo_Sabres,total,under,6.5,under_total,100.0,2.0,0.6246107336730617,0.0846577302010724,0.0846577302010724,nhl,1.0,5.0,6.0,,,-4.0,4.0,-1.5,1.5,6.5,NHL,Win,0.0846577302010724,100.0
2025_11_17,Los Angeles Kings,Washington Capitals,2025_11_17_Los_Angeles_Kings_Washington_Capitals,puck_line,away,1.5,away_puck_line,-225.0,1.4444444444444444,0.966954184742666,0.0905446506611675,0.2037254639876267,nhl,1.0,2.0,3.0,,,-1.0,1.0,1.5,-1.5,5.5,NHL,Win,0.0905446506611675,-225.0
2025_11_17,Montreal Canadiens,Columbus Blue Jackets,2025_11_17_Montreal_Canadiens_Columbus_Blue_Jackets,puck_line,home,-1.5,home_puck_line,189.0,2.89,0.1357191226231598,0.0127730863494448,0.006758246745738,nhl,3.0,4.0,7.0,,,-1.0,1.0,1.5,-1.5,6.0,NHL,Loss,0.0127730863494448,189.0
2025_11_17,Utah Mammoth,Anaheim Ducks,2025_11_17_Utah_Mammoth_Anaheim_Ducks,moneyline,home,,home_moneyline,100.0,2.0,0.5179930909846946,0.012,0.012,nhl,2.0,3.0,5.0,,,-1.0,1.0,-1.5,1.5,6.5,NHL,Win,0.012,100.0
2025_11_17,Utah Mammoth,Anaheim Ducks,2025_11_17_Utah_Mammoth_Anaheim_Ducks,puck_line,home,1.5,home_puck_line,-245.0,1.4081632653061225,0.956522721292716,0.0377948989957885,0.0925975025396817,nhl,2.0,3.0,5.0,,,-1.0,1.0,-1.5,1.5,6.5,NHL,Win,0.0377948989957885,-245.0
2025_11_17,Utah Mammoth,Anaheim Ducks,2025_11_17_Utah_Mammoth_Anaheim_Ducks,total,under,6.5,under_total,-110.0,1.9090909090909087,0.6424504709388739,0.0474799237895975,0.0522279161685571,nhl,2.0,3.0,5.0,,,-1.0,1.0,-1.5,1.5,6.5,NHL,Win,0.0474799237895975,-110.0
2025_11_17,Vancouver Canucks,Florida Panthers,2025_11_17_Vancouver_Canucks_Florida_Panthers,total,under,5.5,under_total,105.0,2.05,0.4799342003489776,0.0112818212071448,0.0107445916258521,nhl,5.0,8.0,13.0,,,-3.0,3.0,1.5,-1.5,5.5,NHL,Loss,0.0112818212071448,105.0
2025_11_18,Calgary Flames,Chicago Blackhawks,2025_11_18_Calgary_Flames_Chicago_Blackhawks,puck_line,home,-1.5,home_puck_line,215.0,3.15,0.110608316556002,0.0488101264407272,0.0227023843910359,nhl,2.0,5.0,7.0,,,-3.0,3.0,1.5,-1.5,6.0,NHL,Win,0.0488101264407272,215.0
2025_11_18,Columbus Blue Jackets,Winnipeg Jets,2025_11_18_Columbus_Blue_Jackets_Winnipeg_Jets,puck_line,home,-1.5,home_puck_line,140.0,2.4,0.3054463855345416,0.0367199884037567,0.0262285631455406,nhl,2.0,5.0,7.0,,,-3.0,3.0,1.5,-1.5,6.0,NHL,Win,0.0367199884037567,140.0
2025_11_18,New Jersey Devils,Tampa Bay Lightning,2025_11_18_New_Jersey_Devils_Tampa_Bay_Lightning,puck_line,away,1.5,away_puck_line,-185.0,1.5405405405405406,0.9064068181786584,0.0485967189602616,0.089903930076484,nhl,1.0,5.0,6.0,,,-4.0,4.0,1.5,-1.5,6.0,NHL,Loss,0.0485967189602616,-185.0
2025_11_18,New York Islanders,Dallas Stars,2025_11_18_New_York_Islanders_Dallas_Stars,puck_line,away,1.5,away_puck_line,-175.0,1.5714285714285714,0.8629532056866597,0.0193915194875173,0.0339351591031554,nhl,3.0,2.0,5.0,,,1.0,-1.0,1.5,-1.5,6.0,NHL,Win,0.0193915194875173,-175.0
2025_11_18,Seattle Kraken,Detroit Red Wings,2025_11_18_Seattle_Kraken_Detroit_Red_Wings,puck_line,home,-1.5,home_puck_line,160.0,2.6,0.2110178540394355,0.0187741466563269,0.0117338416602043,nhl,2.0,4.0,6.0,,,-2.0,2.0,1.5,-1.5,6.0,NHL,Win,0.0187741466563269,160.0
2025_11_18,Utah Mammoth,San Jose Sharks,2025_11_18_Utah_Mammoth_San_Jose_Sharks,total,under,6.5,under_total,-115.0,1.869565217391304,0.6468646089869873,0.0287657282165421,0.0330805874490233,nhl,2.0,3.0,5.0,,,-1.0,1.0,-1.5,1.5,6.5,NHL,Win,0.0287657282165421,-115.0
2025_11_19,Boston Bruins,Anaheim Ducks,2025_11_19_Boston_Bruins_Anaheim_Ducks,puck_line,home,-1.5,home_puck_line,157.0,2.5700000000000003,0.2758205386537544,0.0800326499831687,0.0509762101803622,nhl,3.0,4.0,7.0,,,-1.0,1.0,1.5,-1.5,6.5,NHL,Loss,0.0800326499831687,157.0
2025_11_19,Calgary Flames,Buffalo Sabres,2025_11_19_Calgary_Flames_Buffalo_Sabres,puck_line,home,-1.5,home_puck_line,165.0,2.65,0.2597124726159557,0.0960067856495605,0.0581859306967034,nhl,6.0,2.0,8.0,,,4.0,-4.0,1.5,-1.5,6.0,NHL,Loss,0.0960067856495605,165.0
2025_11_19,Edmonton Oilers,Washington Capitals,2025_11_19_Edmonton_Oilers_Washington_Capitals,moneyline,home,,home_moneyline,-115.0,1.869565217391304,0.6122740040576885,0.0058260869565216,0.0066999999999998,nhl,4.0,7.0,11.0,,,-3.0,3.0,1.5,-1.5,6.0,NHL,Win,0.0058260869565216,-115.0
2025_11_19,Edmonton Oilers,Washington Capitals,2025_11_19_Edmonton_Oilers_Washington_Capitals,puck_line,home,-1.5,home_puck_line,219.0,3.19,0.0963393786605587,0.0260684705730167,0.0119034112205555,nhl,4.0,7.0,11.0,,,-3.0,3.0,1.5,-1.5,6.0,NHL,Win,0.0260684705730167,219.0
2025_11_20,Columbus Blue Jackets,Toronto Maple Leafs,2025_11_20_Columbus_Blue_Jackets_Toronto_Maple_Leafs,total,under,6.5,under_total,-110.0,1.9090909090909087,0.5973791160675018,0.0172254936702325,0.0189480430372558,nhl,3.0,2.0,5.0,,,1.0,-1.0,1.5,-1.5,6.5,NHL,Win,0.0172254936702325,-110.0
2025_11_20,Dallas Stars,Vancouver Canucks,2025_11_20_Dallas_Stars_Vancouver_Canucks,puck_line,home,1.5,home_puck_line,-190.0,1.526315789473684,0.9355878783380308,0.082606658100262,0.1569526503904978,nhl,4.0,2.0,6.0,,,2.0,-2.0,-1.5,1.5,6.0,NHL,Loss,0.082606658100262,-190.0
2025_11_20,Edmonton Oilers,Tampa Bay Lightning,2025_11_20_Edmonton_Oilers_Tampa_Bay_Lightning,puck_line,home,-1.5,home_puck_line,165.0,2.65,0.2099218877271906,0.0369779693256999,0.0224108905004241,nhl,1.0,2.0,3.0,,,-1.0,1.0,1.5,-1.5,6.0,NHL,Loss,0.0369779693256999,165.0
2025_11_20,Los Angeles Kings,San Jose Sharks,2025_11_20_Los_Angeles_Kings_San_Jose_Sharks,puck_line,away,-1.5,away_puck_line,145.0,2.45,0.2648589958538004,0.0185616794937868,0.0128011582715772,nhl,3.0,4.0,7.0,,,-1.0,1.0,-1.5,1.5,6.0,NHL,Loss,0.0185616794937868,145.0
2025_11_20,New Jersey Devils,Florida Panthers,2025_11_20_New_Jersey_Devils_Florida_Panthers,moneyline,home,,home_moneyline,-145.0,1.6896551724137931,0.775810449056228,0.0171724137931035,0.0248999999999999,nhl,0.0,1.0,1.0,,,-1.0,1.0,1.5,-1.5,6.0,NHL,Win,0.0171724137931035,-145.0
2025_11_20,New York Islanders,Detroit Red Wings,2025_11_20_New_York_Islanders_Detroit_Red_Wings,puck_line,away,1.5,away_puck_line,-220.0,1.4545454545454546,0.9178879715009064,0.0050490004263503,0.0111078009379706,nhl,5.0,0.0,5.0,,,5.0,-5.0,1.5,-1.5,6.0,NHL,Win,0.0050490004263503,-220.0
2025_11_20,Ottawa Senators,Anaheim Ducks,2025_11_20_Ottawa_Senators_Anaheim_Ducks,puck_line,home,1.5,home_puck_line,-240.0,1.4166666666666667,0.9550460654382968,0.0408542978495829,0.0980503148389989,nhl,3.0,2.0,5.0,,,1.0,-1.0,-1.5,1.5,6.5,NHL,Win,0.0408542978495829,-240.0
2025_11_20,Ottawa Senators,Anaheim Ducks,2025_11_20_Ottawa_Senators_Anaheim_Ducks,total,under,6.5,under_total,-110.0,1.9090909090909087,0.6512590774695327,0.0535528142191468,0.0589080956410615,nhl,3.0,2.0,5.0,,,1.0,-1.0,-1.5,1.5,6.5,NHL,Win,0.0535528142191468,-110.0
2025_11_20,St Louis Blues,Philadelphia Flyers,2025_11_20_St_Louis_Blues_Philadelphia_Flyers,puck_line,home,-1.5,home_puck_line,207.0,3.07,0.1239953741090656,0.0517958550877213,0.0250221522162904,nhl,2.0,3.0,5.0,,,-1.0,1.0,1.5,-1.5,5.5,NHL,Loss,0.0517958550877213,207.0
2025_11_20,Vegas Golden Knights,Utah Mammoth,2025_11_20_Vegas_Golden_Knights_Utah_Mammoth,puck_line,home,1.5,home_puck_line,-255.0,1.392156862745098,0.9431833433948924,0.0001080734862892,0.0002755873900376,nhl,4.0,1.0,5.0,,,3.0,-3.0,-1.5,1.5,6.0,NHL,Loss,0.0001080734862892,-255.0
2025_11_20,Washington Capitals,Montreal Canadiens,2025_11_20_Washington_Capitals_Montreal_Canadiens,puck_line,away,1.5,away_puck_line,-240.0,1.4166666666666667,0.932859498343643,0.0004959965210393,0.0011903916504946,nhl,8.0,4.0,12.0,,,4.0,-4.0,1.5,-1.5,6.0,NHL,Win,0.0004959965210393,-240.0
2025_11_21,Boston Bruins,Los Angeles Kings,2025_11_21_Boston_Bruins_Los_Angeles_Kings,puck_line,home,-1.5,home_puck_line,149.0,2.49,0.2794203566714935,0.0500445713942507,0.0335869606672823,nhl,2.0,1.0,3.0,,,1.0,-1.0,1.5,-1.5,5.5,NHL,Loss,0.0500445713942507,149.0
2025_11_21,Carolina Hurricanes,Winnipeg Jets,2025_11_21_Carolina_Hurricanes_Winnipeg_Jets,puck_line,home,1.5,home_puck_line,-250.0,1.4,0.9682917808472002,0.0606621682043078,0.1516554205107695,nhl,4.0,3.0,7.0,,,1.0,-1.0,-1.5,1.5,6.0,NHL,Win,0.0606621682043078,-250.0
2025_11_21,Chicago Blackhawks,Buffalo Sabres,2025_11_21_Chicago_Blackhawks_Buffalo_Sabres,puck_line,away,1.5,away_puck_line,-155.0,1.6451612903225803,0.8580583330335616,0.0621154028706403,0.0962788744494926,nhl,3.0,9.0,12.0,,,-6.0,6.0,1.5,-1.5,6.0,NHL,Loss,0.0621154028706403,-155.0
2025_11_22,Colorado Avalanche,Nashville Predators,2025_11_22_Colorado_Avalanche_Nashville_Predators,moneyline,away,,away_moneyline,-220.0,1.4545454545454546,0.92798846183894,0.0196363636363636,0.0431999999999999,nhl,3.0,0.0,3.0,,,3.0,-3.0,-1.5,1.5,6.0,NHL,Win,0.0196363636363636,-220.0
2025_11_22,Colorado Avalanche,Nashville Predators,2025_11_22_Colorado_Avalanche_Nashville_Predators,puck_line,away,-1.5,away_puck_line,120.0,2.2,0.4205810216210202,0.0413178357160974,0.0344315297634144,nhl,3.0,0.0,3.0,,,3.0,-3.0,-1.5,1.5,6.0,NHL,Win,0.0413178357160974,120.0
2025_11_22,Columbus Blue Jackets,Detroit Red Wings,2025_11_22_Columbus_Blue_Jackets_Detroit_Red_Wings,puck_line,away,1.5,away_puck_line,-215.0,1.4651162790697674,0.947886226975935,0.0614887155163095,0.1322007383600653,nhl,3.0,4.0,7.0,,,-1.0,1.0,1.5,-1.5,6.5,NHL,Win,0.0614887155163095,-215.0
2025_11_22,Columbus Blue Jackets,Detroit Red Wings,2025_11_22_Columbus_Blue_Jackets_Detroit_Red_Wings,total,under,6.5,under_total,-110.0,1.9090909090909087,0.6599863910929699,0.0596322214299465,0.0655954435729411,nhl,3.0,4.0,7.0,,,-1.0,1.0,1.5,-1.5,6.5,NHL,Loss,0.0596322214299465,-110.0
2025_11_22,Dallas Stars,Calgary Flames,2025_11_22_Dallas_Stars_Calgary_Flames,puck_line,home,1.5,home_puck_line,-190.0,1.526315789473684,0.890180706855551,0.0190291458654812,0.0361553771444143,nhl,2.0,3.0,5.0,,,-1.0,1.0,-1.5,1.5,6.0,NHL,Win,0.0190291458654812,-190.0
2025_11_22,New Jersey Devils,Philadelphia Flyers,2025_11_22_New_Jersey_Devils_Philadelphia_Flyers,puck_line,home,1.5,home_puck_line,-260.0,1.3846153846153846,0.9571116527658377,0.021714233495018,0.0564570070870466,nhl,3.0,6.0,9.0,,,-3.0,3.0,-1.5,1.5,5.5,NHL,Win,0.021714233495018,-260.0
2025_11_22,New Jersey Devils,Philadelphia Flyers,2025_11_22_New_Jersey_Devils_Philadelphia_Flyers,total,over,5.5,over_total,-105.0,1.9523809523809523,0.5598287797605505,0.0152931738762647,0.0160578325700779,nhl,3.0,6.0,9.0,,,-3.0,3.0,-1.5,1.5,5.5,NHL,Win,0.0152931738762647,-105.0
2025_11_22,New York Rangers,Utah Mammoth,2025_11_22_New_York_Rangers_Utah_Mammoth,puck_line,away,1.5,away_puck_line,-235.0,1.425531914893617,0.928806898137809,0.0005230930191386,0.0012292685949759,nhl,2.0,3.0,5.0,,,-1.0,1.0,1.5,-1.5,6.0,NHL,Win,0.0005230930191386,-235.0
2025_11_22,Seattle Kraken,Pittsburgh Penguins,2025_11_22_Seattle_Kraken_Pittsburgh_Penguins,total,over,5.5,over_total,-125.0,1.8,0.6710324680380556,0.0064284675585271,0.0080355844481588,nhl,3.0,2.0,5.0,,,1.0,-1.0,1.5,-1.5,5.5,NHL,Loss,0.0064284675585271,-125.0
2025_11_22,Toronto Maple Leafs,Montreal Canadiens,2025_11_22_Toronto_Maple_Leafs_Montreal_Canadiens,puck_line,away,1.5,away_puck_line,-230.0,1.434782608695652,0.9334620875597376,0.0142480594945955,0.0327705368375696,nhl,2.0,5.0,7.0,,,-3.0,3.0,1.5,-1.5,6.0,NHL,Loss,0.0142480594945955,-230.0
2025_11_23,Boston Bruins,San Jose Sharks,2025_11_23_Boston_Bruins_San_Jose_Sharks,puck_line,home,1.5,home_puck_line,-205.0,1.4878048780487805,0.9253493182856836,0.0389032880316186,0.0797517404648185,nhl,1.0,3.0,4.0,,,-2.0,2.0,-1.5,1.5,6.0,NHL,Win,0.0389032880316186,-205.0
2025_11_23,Calgary Flames,Vancouver Canucks,2025_11_23_Calgary_Flames_Vancouver_Canucks,puck_line,home,-1.5,home_puck_line,174.0,2.74,0.2009800208995205,0.0603020607654121,0.034656356761731,nhl,5.0,2.0,7.0,,,3.0,-3.0,1.5,-1.5,5.5,NHL,Loss,0.0603020607654121,174.0
2025_11_23,Carolina Hurricanes,Buffalo Sabres,2025_11_23_Carolina_Hurricanes_Buffalo_Sabres,puck_line,home,1.5,home_puck_line,-155.0,1.6451612903225803,0.8269997104565084,0.032337578751505,0.0501232470648327,nhl,1.0,4.0,5.0,,,-3.0,3.0,-1.5,1.5,6.5,NHL,Win,0.032337578751505,-155.0
2025_11_23,Carolina Hurricanes,Buffalo Sabres,2025_11_23_Carolina_Hurricanes_Buffalo_Sabres,total,under,6.5,under_total,-110.0,1.9090909090909087,0.6424504709388739,0.0474799237895975,0.0522279161685571,nhl,1.0,4.0,5.0,,,-3.0,3.0,-1.5,1.5,6.5,NHL,Win,0.0474799237895975,-110.0
2025_11_23,Colorado Avalanche,Chicago Blackhawks,2025_11_23_Colorado_Avalanche_Chicago_Blackhawks,puck_line,home,1.5,home_puck_line,-125.0,1.8,0.672548737544842,0.0074454377618493,0.0093067972023118,nhl,1.0,0.0,1.0,,,1.0,-1.0,-1.5,1.5,6.5,NHL,Win,0.0074454377618493,-125.0
2025_11_23,Colorado Avalanche,Chicago Blackhawks,2025_11_23_Colorado_Avalanche_Chicago_Blackhawks,total,under,6.5,under_total,-110.0,1.9090909090909087,0.7143985999693754,0.0992822016778329,0.1092104218456163,nhl,1.0,0.0,1.0,,,1.0,-1.0,-1.5,1.5,6.5,NHL,Win,0.0992822016778329,-110.0
2025_11_24,Detroit Red Wings,New Jersey Devils,2025_11_24_Detroit_Red_Wings_New_Jersey_Devils,puck_line,home,-1.5,home_puck_line,177.0,2.77,0.154773016812269,0.0032596701885849,0.0018416215754717,nhl,3.0,4.0,7.0,,,-1.0,1.0,1.5,-1.5,6.0,NHL,Loss,0.0032596701885849,177.0
2025_11_24,Florida Panthers,Nashville Predators,2025_11_24_Florida_Panthers_Nashville_Predators,moneyline,away,,away_moneyline,-155.0,1.6451612903225803,0.8260811731074074,0.0315161290322578,0.0488499999999997,nhl,8.0,3.0,11.0,,,5.0,-5.0,-1.5,1.5,6.0,NHL,Win,0.0315161290322578,-155.0
2025_11_24,St Louis Blues,New York Rangers,2025_11_24_St_Louis_Blues_New_York_Rangers,moneyline,home,,home_moneyline,-145.0,1.6896551724137931,0.7865338582787931,0.0256206896551725,0.0371499999999999,nhl,2.0,3.0,5.0,,,-1.0,1.0,1.5,-1.5,5.5,NHL,Win,0.0256206896551725,-145.0
2025_11_25,Dallas Stars,Edmonton Oilers,2025_11_25_Dallas_Stars_Edmonton_Oilers,puck_line,away,1.5,away_puck_line,-205.0,1.4878048780487805,0.9178879715009064,0.0280303037897577,0.0574621227690032,nhl,8.0,3.0,11.0,,,5.0,-5.0,1.5,-1.5,6.0,NHL,Win,0.0280303037897577,-205.0
2025_11_26,Buffalo Sabres,Pittsburgh Penguins,2025_11_26_Buffalo_Sabres_Pittsburgh_Penguins,puck_line,away,1.5,away_puck_line,-245.0,1.4081632653061225,0.9461705474967173,0.0170131814699689,0.0416822946014241,nhl,2.0,4.0,6.0,,,-2.0,2.0,1.5,-1.5,6.5,NHL,Loss,0.0170131814699689,-245.0
2025_11_26,Calgary Flames,Tampa Bay Lightning,2025_11_26_Calgary_Flames_Tampa_Bay_Lightning,puck_line,home,-1.5,home_puck_line,145.0,2.45,0.3021050660803548,0.0551536299656982,0.0380369861832401,nhl,1.0,5.0,6.0,,,-4.0,4.0,1.5,-1.5,6.0,NHL,Win,0.0551536299656982,145.0
2025_11_26,Dallas Stars,Seattle Kraken,2025_11_26_Dallas_Stars_Seattle_Kraken,puck_line,home,1.5,home_puck_line,-200.0,1.5,0.915706645301158,0.0333979915019606,0.0667959830039214,nhl,3.0,2.0,5.0,,,1.0,-1.0,-1.5,1.5,5.5,NHL,Win,0.0333979915019606,-200.0
2025_11_26,Nashville Predators,Detroit Red Wings,2025_11_26_Nashville_Predators_Detroit_Red_Wings,moneyline,home,,home_moneyline,-160.0,1.625,0.8333457972754682,0.0253749999999999,0.0406,nhl,6.0,3.0,9.0,,,3.0,-3.0,1.5,-1.5,6.0,NHL,Loss,0.0253749999999999,-160.0
2025_11_26,New York Rangers,Carolina Hurricanes,2025_11_26_New_York_Rangers_Carolina_Hurricanes,puck_line,home,-1.5,home_puck_line,145.0,2.45,0.2573015357113264,0.010798907907116,0.0074475226945627,nhl,4.0,2.0,6.0,,,2.0,-2.0,1.5,-1.5,6.0,NHL,Loss,0.010798907907116,145.0
2025_11_26,Ottawa Senators,Vegas Golden Knights,2025_11_26_Ottawa_Senators_Vegas_Golden_Knights,puck_line,home,-1.5,home_puck_line,157.0,2.5700000000000003,0.2170870684053869,0.0143936704887197,0.0091679429864456,nhl,4.0,3.0,7.0,,,1.0,-1.0,1.5,-1.5,6.0,NHL,Loss,0.0143936704887197,157.0
2025_11_26,Philadelphia Flyers,Florida Panthers,2025_11_26_Philadelphia_Flyers_Florida_Panthers,moneyline,home,,home_moneyline,-170.0,1.5882352941176472,0.8386539681703897,0.0069411764705882,0.0118000000000001,nhl,4.0,2.0,6.0,,,2.0,-2.0,1.5,-1.5,5.5,NHL,Loss,0.0069411764705882,-170.0
2025_11_26,Philadelphia Flyers,Florida Panthers,2025_11_26_Philadelphia_Flyers_Florida_Panthers,puck_line,home,-1.5,home_puck_line,151.0,2.51,0.3055277130701745,0.084315015774308,0.0558377587909325,nhl,4.0,2.0,6.0,,,2.0,-2.0,1.5,-1.5,5.5,NHL,Loss,0.084315015774308,151.0
2025_11_26,Philadelphia Flyers,Florida Panthers,2025_11_26_Philadelphia_Flyers_Florida_Panthers,total,under,5.5,under_total,-105.0,1.9523809523809523,0.6108623998416213,0.0494196638762662,0.0518906470700796,nhl,4.0,2.0,6.0,,,2.0,-2.0,1.5,-1.5,5.5,NHL,Loss,0.0494196638762662,-105.0
2025_11_26,San Jose Sharks,Colorado Avalanche,2025_11_26_San_Jose_Sharks_Colorado_Avalanche,puck_line,away,1.5,away_puck_line,110.0,2.1,0.4498385316950319,0.0147816710463577,0.013437882769416,nhl,0.0,6.0,6.0,,,-6.0,6.0,1.5,-1.5,6.0,NHL,Loss,0.0147816710463577,110.0
2025_11_26,St Louis Blues,New Jersey Devils,2025_11_26_St_Louis_Blues_New_Jersey_Devils,total,over,5.5,over_total,-115.0,1.869565217391304,0.6667228145263842,0.0423339164349829,0.0486840039002304,nhl,2.0,3.0,5.0,,,-1.0,1.0,1.5,-1.5,5.5,NHL,Loss,0.0423339164349829,-115.0
2025_11_26,Toronto Maple Leafs,Columbus Blue Jackets,2025_11_26_Toronto_Maple_Leafs_Columbus_Blue_Jackets,puck_line,home,-1.5,home_puck_line,207.0,3.07,0.1414263482840853,0.087017396619571,0.0420373896712903,nhl,2.0,1.0,3.0,,,1.0,-1.0,1.5,-1.5,6.0,NHL,Loss,0.087017396619571,207.0
2025_11_26,Vancouver Canucks,Anaheim Ducks,2025_11_26_Vancouver_Canucks_Anaheim_Ducks,total,under,6.5,under_total,-110.0,1.9090909090909087,0.6686272992253978,0.065717787896959,0.0722895666866551,nhl,5.0,4.0,9.0,,,1.0,-1.0,1.5,-1.5,6.5,NHL,Loss,0.065717787896959,-110.0
2025_11_26,Winnipeg Jets,Washington Capitals,2025_11_26_Winnipeg_Jets_Washington_Capitals,puck_line,away,1.5,away_puck_line,-190.0,1.526315789473684,0.9105653888771984,0.044429964570096,0.0844169326831825,nhl,3.0,4.0,7.0,,,-1.0,1.0,1.5,-1.5,6.0,NHL,Win,0.044429964570096,-190.0
2025_11_28,Calgary Flames,Florida Panthers,2025_11_28_Calgary_Flames_Florida_Panthers,moneyline,home,,home_moneyline,-200.0,1.5,0.902036219392012,0.0155,0.0310000000000001,nhl,5.0,3.0,8.0,,,2.0,-2.0,1.5,-1.5,5.5,NHL,Loss,0.0155,-200.0
2025_11_28,Calgary Flames,Florida Panthers,2025_11_28_Calgary_Flames_Florida_Panthers,puck_line,home,-1.5,home_puck_line,135.0,2.35,0.3699998642174951,0.0710465925447016,0.052627105588668,nhl,5.0,3.0,8.0,,,2.0,-2.0,1.5,-1.5,5.5,NHL,Loss,0.0710465925447016,135.0
2025_11_28,Calgary Flames,Florida Panthers,2025_11_28_Calgary_Flames_Florida_Panthers,total,under,5.5,under_total,-110.0,1.9090909090909087,0.5909907519559718,0.0130275297565405,0.0143302827321946,nhl,5.0,3.0,8.0,,,2.0,-2.0,1.5,-1.5,5.5,NHL,Loss,0.0130275297565405,-110.0
2025_11_28,Los Angeles Kings,Anaheim Ducks,2025_11_28_Los_Angeles_Kings_Anaheim_Ducks,moneyline,home,,home_moneyline,-105.0,1.9523809523809523,0.5508433273407821,0.0093809523809524,0.0098499999999999,nhl,4.0,5.0,9.0,,,-1.0,1.0,-1.5,1.5,6.0,NHL,Win,0.0093809523809524,-105.0
2025_11_28,Los Angeles Kings,Anaheim Ducks,2025_11_28_Los_Angeles_Kings_Anaheim_Ducks,puck_line,home,1.5,home_puck_line,-250.0,1.4,0.9689398469308492,0.0624857939466922,0.1562144848667304,nhl,4.0,5.0,9.0,,,-1.0,1.0,-1.5,1.5,6.0,NHL,Win,0.0624857939466922,-250.0
2025_11_28,Montreal Canadiens,Vegas Golden Knights,2025_11_28_Montreal_Canadiens_Vegas_Golden_Knights,puck_line,home,-1.5,home_puck_line,140.0,2.4,0.2758071217261512,0.0085777090157075,0.0061269350112196,nhl,4.0,1.0,5.0,,,3.0,-3.0,1.5,-1.5,6.0,NHL,Loss,0.0085777090157075,140.0
2025_11_28,Ottawa Senators,St Louis Blues,2025_11_28_Ottawa_Senators_St_Louis_Blues,puck_line,away,-1.5,away_puck_line,230.0,3.3,0.1101071546064179,0.0975067404477225,0.0423942349772706,nhl,3.0,4.0,7.0,,,-1.0,1.0,-1.5,1.5,5.5,NHL,Loss,0.0975067404477225,230.0
2025_11_28,Pittsburgh Penguins,Columbus Blue Jackets,2025_11_28_Pittsburgh_Penguins_Columbus_Blue_Jackets,puck_line,home,-1.5,home_puck_line,177.0,2.77,0.1869450507559297,0.052308669578726,0.0295529206659469,nhl,4.0,3.0,7.0,,,1.0,-1.0,1.5,-1.5,6.5,NHL,Loss,0.052308669578726,177.0
2025_11_28,Pittsburgh Penguins,Columbus Blue Jackets,2025_11_28_Pittsburgh_Penguins_Columbus_Blue_Jackets,total,under,6.5,under_total,-110.0,1.9090909090909087,0.5789787641533296,0.0051814611707263,0.005699607287799,nhl,4.0,3.0,7.0,,,1.0,-1.0,1.5,-1.5,6.5,NHL,Loss,0.0051814611707263,-110.0
2025_11_28,Toronto Maple Leafs,Washington Capitals,2025_11_28_Toronto_Maple_Leafs_Washington_Capitals,puck_line,home,-1.5,home_puck_line,161.0,2.6100000000000003,0.2661275432468876,0.0864549349456276,0.0536987173575327,nhl,2.0,4.0,6.0,,,-2.0,2.0,1.5,-1.5,6.0,NHL,Win,0.0864549349456276,161.0
2025_11_28,Utah Mammoth,Dallas Stars,2025_11_28_Utah_Mammoth_Dallas_Stars,puck_line,away,1.5,away_puck_line,-195.0,1.5128205128205128,0.8895136883196557,0.00925741573887,0.0180519606907964,nhl,3.0,4.0,7.0,,,-1.0,1.0,1.5,-1.5,6.0,NHL,Win,0.00925741573887,-195.0
2025_11_28,Vancouver Canucks,San Jose Sharks,2025_11_28_Vancouver_Canucks_San_Jose_Sharks,total,under,6.5,under_total,100.0,2.0,0.6729138064056974,0.1196562333416553,0.1196562333416553,nhl,2.0,3.0,5.0,,,-1.0,1.0,-1.5,1.5,6.5,NHL,Win,0.1196562333416553,100.0
2025_11_28,Winnipeg Jets,Carolina Hurricanes,2025_11_28_Winnipeg_Jets_Carolina_Hurricanes,puck_line,away,1.5,away_puck_line,-135.0,1.7407407407407407,0.7786841460579932,0.0502321942709864,0.0678134622658316,nhl,1.0,5.0,6.0,,,-4.0,4.0,1.5,-1.5,6.0,NHL,Loss,0.0502321942709864,-135.0
2025_11_29,Edmonton Oilers,Seattle Kraken,2025_11_29_Edmonton_Oilers_Seattle_Kraken,puck_line,home,1.5,home_puck_line,-190.0,1.526315789473684,0.8847415188566988,0.012861156045907,0.0244361964872235,nhl,4.0,0.0,4.0,,,4.0,-4.0,-1.5,1.5,6.0,NHL,Loss,0.012861156045907,-190.0
2025_11_29,Toronto Maple Leafs,Pittsburgh Penguins,2025_11_29_Toronto_Maple_Leafs_Pittsburgh_Penguins,puck_line,home,1.5,home_puck_line,-250.0,1.4,0.9631575001203238,0.0471686142649281,0.1179215356623206,nhl,7.0,2.0,9.0,,,5.0,-5.0,-1.5,1.5,6.0,NHL,Loss,0.0471686142649281,-250.0
2025_11_29,Vancouver Canucks,Los Angeles Kings,2025_11_29_Vancouver_Canucks_Los_Angeles_Kings,puck_line,home,-1.5,home_puck_line,140.0,2.4,0.2765930831453793,0.0093440821286898,0.0066743443776355,nhl,1.0,2.0,3.0,,,-1.0,1.0,1.5,-1.5,6.0,NHL,Loss,0.0093440821286898,140.0
2025_11_30,Anaheim Ducks,Chicago Blackhawks,2025_11_30_Anaheim_Ducks_Chicago_Blackhawks,total,under,6.5,under_total,-110.0,1.9090909090909087,0.6643179579143454,0.0626742572355947,0.0689416829591543,nhl,3.0,5.0,8.0,,,-2.0,2.0,-1.5,1.5,6.5,NHL,Loss,0.0626742572355947,-110.0
2025_11_30,Ottawa Senators,Dallas Stars,2025_11_30_Ottawa_Senators_Dallas_Stars,puck_line,home,-1.5,home_puck_line,180.0,2.8,0.196018982157164,0.0766241454376497,0.0425689696875831,nhl,1.0,6.0,7.0,,,-5.0,5.0,1.5,-1.5,6.0,NHL,Win,0.0766241454376497,180.0
2025_11_30,Washington Capitals,New York Islanders,2025_11_30_Washington_Capitals_New_York_Islanders,puck_line,home,1.5,home_puck_line,-245.0,1.4081632653061225,0.9576379561550024,0.0402599321768371,0.098636833833251,nhl,4.0,1.0,5.0,,,3.0,-3.0,-1.5,1.5,6.0,NHL,Loss,0.0402599321768371,-245.0
2025_12_01,Anaheim Ducks,St Louis Blues,2025_12_01_Anaheim_Ducks_St_Louis_Blues,puck_line,away,1.5,away_puck_line,-198.0,1.5050505050505052,0.9050089587454068,0.0226531255031618,0.0448531884962607,nhl,4.0,1.0,5.0,,,3.0,-3.0,1.5,-1.5,6.0,NHL,Win,0.0226531255031618,-198.0
2025_12_01,Columbus Blue Jackets,New Jersey Devils,2025_12_01_Columbus_Blue_Jackets_New_Jersey_Devils,puck_line,home,-1.5,home_puck_line,165.0,2.65,0.2526792126236927,0.0881077261119436,0.0533986218860264,nhl,5.0,3.0,8.0,,,2.0,-2.0,1.5,-1.5,6.0,NHL,Loss,0.0881077261119436,165.0
2025_12_01,Pittsburgh Penguins,Philadelphia Flyers,2025_12_01_Pittsburgh_Penguins_Philadelphia_Flyers,puck_line,home,-1.5,home_puck_line,174.0,2.74,0.2217402078696895,0.0874277446647493,0.0502458302670973,nhl,5.0,1.0,6.0,,,4.0,-4.0,1.5,-1.5,6.0,NHL,Loss,0.0874277446647493,174.0
2025_12_01,Winnipeg Jets,Buffalo Sabres,2025_12_01_Winnipeg_Jets_Buffalo_Sabres,puck_line,away,1.5,away_puck_line,-250.0,1.4,0.9755867941683982,0.0831756674099841,0.2079391685249603,nhl,1.0,5.0,6.0,,,-4.0,4.0,1.5,-1.5,6.0,NHL,Loss,0.0831756674099841,-250.0
2025_12_02,Boston Bruins,Detroit Red Wings,2025_12_02_Boston_Bruins_Detroit_Red_Wings,puck_line,home,-1.5,home_puck_line,140.0,2.4,0.2721218013145348,0.0049681950917135,0.0035487107797954,nhl,4.0,5.0,9.0,,,-1.0,1.0,1.5,-1.5,5.5,NHL,Loss,0.0049681950917135,140.0
2025_12_02,Boston Bruins,Detroit Red Wings,2025_12_02_Boston_Bruins_Detroit_Red_Wings,total,over,5.5,over_total,-115.0,1.869565217391304,0.6753095170806847,0.0483094875578813,0.0555559106915634,nhl,4.0,5.0,9.0,,,-1.0,1.0,1.5,-1.5,5.5,NHL,Win,0.0483094875578813,-115.0
2025_12_02,Calgary Flames,Nashville Predators,2025_12_02_Calgary_Flames_Nashville_Predators,puck_line,away,1.5,away_puck_line,-260.0,1.3846153846153846,0.962044962816632,0.0329654871580866,0.0857102666110255,nhl,1.0,5.0,6.0,,,-4.0,4.0,1.5,-1.5,5.5,NHL,Loss,0.0329654871580866,-260.0
2025_12_02,Calgary Flames,Nashville Predators,2025_12_02_Calgary_Flames_Nashville_Predators,total,under,5.5,under_total,100.0,2.0,0.5101946635537717,0.0067972797325694,0.0067972797325694,nhl,1.0,5.0,6.0,,,-4.0,4.0,1.5,-1.5,5.5,NHL,Loss,0.0067972797325694,100.0
2025_12_02,Tampa Bay Lightning,New York Islanders,2025_12_02_Tampa_Bay_Lightning_New_York_Islanders,puck_line,home,1.5,home_puck_line,-205.0,1.4878048780487805,0.9545998324091212,0.0921202621133945,0.1888465373324589,nhl,1.0,2.0,3.0,,,-1.0,1.0,-1.5,1.5,6.0,NHL,Win,0.0921202621133945,-205.0
2025_12_02,Vancouver Canucks,Colorado Avalanche,2025_12_02_Vancouver_Canucks_Colorado_Avalanche,total,under,6.5,under_total,-110.0,1.9090909090909087,0.6512590774695327,0.0535528142191468,0.0589080956410615,nhl,1.0,3.0,4.0,,,-2.0,2.0,1.5,-1.5,6.5,NHL,Win,0.0535528142191468,-110.0
2025_12_02,Washington Capitals,Los Angeles Kings,2025_12_02_Washington_Capitals_Los_Angeles_Kings,puck_line,away,1.5,away_puck_line,-264.0,1.378787878787879,0.9636096394689384,0.0324117149282809,0.085566927410662,nhl,3.0,1.0,4.0,,,2.0,-2.0,1.5,-1.5,5.5,NHL,Win,0.0324117149282809,-264.0
2025_12_02,Washington Capitals,Los Angeles Kings,2025_12_02_Washington_Capitals_Los_Angeles_Kings,total,under,5.5,under_total,-105.0,1.9523809523809523,0.545662910134562,0.005981388291687,0.0062804577062713,nhl,3.0,1.0,4.0,,,2.0,-2.0,1.5,-1.5,5.5,NHL,Win,0.005981388291687,-105.0
2025_12_03,Buffalo Sabres,Philadelphia Flyers,2025_12_03_Buffalo_Sabres_Philadelphia_Flyers,puck_line,home,-1.5,home_puck_line,211.0,3.11,0.1138029344564322,0.0428891527412935,0.0203266126735987,nhl,2.0,5.0,7.0,,,-3.0,3.0,1.5,-1.5,6.0,NHL,Win,0.0428891527412935,211.0
2025_12_03,Dallas Stars,New Jersey Devils,2025_12_03_Dallas_Stars_New_Jersey_Devils,puck_line,home,-1.5,home_puck_line,215.0,3.15,0.1163988546805942,0.0622757728137164,0.0289654757273099,nhl,3.0,0.0,3.0,,,3.0,-3.0,1.5,-1.5,5.5,NHL,Loss,0.0622757728137164,215.0
2025_12_03,Dallas Stars,New Jersey Devils,2025_12_03_Dallas_Stars_New_Jersey_Devils,total,over,5.5,over_total,-120.0,1.8333333333333333,0.6710324680380556,0.0250660317725739,0.0300792381270885,nhl,3.0,0.0,3.0,,,3.0,-3.0,1.5,-1.5,5.5,NHL,Loss,0.0250660317725739,-120.0
2025_12_03,Utah Mammoth,Anaheim Ducks,2025_12_03_Utah_Mammoth_Anaheim_Ducks,moneyline,home,,home_moneyline,-110.0,1.9090909090909087,0.583304083185392,0.0079999999999997,0.0087999999999998,nhl,7.0,0.0,7.0,,,7.0,-7.0,1.5,-1.5,6.5,NHL,Loss,0.0079999999999997,-110.0
2025_12_03,Utah Mammoth,Anaheim Ducks,2025_12_03_Utah_Mammoth_Anaheim_Ducks,puck_line,home,-1.5,home_puck_line,222.0,3.22,0.0839651981359885,0.0006596009227997,0.0002971175327927,nhl,7.0,0.0,7.0,,,7.0,-7.0,1.5,-1.5,6.5,NHL,Loss,0.0006596009227997,222.0
2025_12_03,Utah Mammoth,Anaheim Ducks,2025_12_03_Utah_Mammoth_Anaheim_Ducks,total,under,6.5,under_total,-110.0,1.9090909090909087,0.6686272992253978,0.065717787896959,0.0722895666866551,nhl,7.0,0.0,7.0,,,7.0,-7.0,1.5,-1.5,6.5,NHL,Loss,0.065717787896959,-110.0
2025_12_03,Winnipeg Jets,Montreal Canadiens,2025_12_03_Winnipeg_Jets_Montreal_Canadiens,puck_line,away,1.5,away_puck_line,-265.0,1.3773584905660377,0.9791884383135222,0.078589428384135,0.208261985217958,nhl,2.0,3.0,5.0,,,-1.0,1.0,1.5,-1.5,6.0,NHL,Win,0.078589428384135,-265.0
2025_12_04,Chicago Blackhawks,Los Angeles Kings,2025_12_04_Chicago_Blackhawks_Los_Angeles_Kings,total,under,5.5,under_total,100.0,2.0,0.5051355611721644,0.0034238144728369,0.0034238144728369,nhl,2.0,1.0,3.0,,,1.0,-1.0,1.5,-1.5,5.5,NHL,Win,0.0034238144728369,100.0
2025_12_04,Colorado Avalanche,New York Islanders,2025_12_04_Colorado_Avalanche_New_York_Islanders,puck_line,away,-1.5,away_puck_line,135.0,2.35,0.3190465157250439,0.0273127618653261,0.0202316754557971,nhl,3.0,6.0,9.0,,,-3.0,3.0,-1.5,1.5,6.0,NHL,Loss,0.0273127618653261,135.0
2025_12_04,Detroit Red Wings,Columbus Blue Jackets,2025_12_04_Detroit_Red_Wings_Columbus_Blue_Jackets,moneyline,home,,home_moneyline,-125.0,1.8,0.6706913950461331,0.0062000000000002,0.0077500000000001,nhl,5.0,6.0,11.0,,,-1.0,1.0,1.5,-1.5,6.0,NHL,Win,0.0062000000000002,-125.0
2025_12_04,Detroit Red Wings,Columbus Blue Jackets,2025_12_04_Detroit_Red_Wings_Columbus_Blue_Jackets,puck_line,home,-1.5,home_puck_line,200.0,3.0,0.153262249702438,0.083885726654552,0.0419428633272759,nhl,5.0,6.0,11.0,,,-1.0,1.0,1.5,-1.5,6.0,NHL,Loss,0.083885726654552,200.0
2025_12_04,Minnesota Wild,Calgary Flames,2025_12_04_Minnesota_Wild_Calgary_Flames,puck_line,away,-1.5,away_puck_line,207.0,3.07,0.1029757793350767,0.0040626102690675,0.0019626136565544,nhl,1.0,4.0,5.0,,,-3.0,3.0,-1.5,1.5,5.5,NHL,Loss,0.0040626102690675,207.0
2025_12_04,Minnesota Wild,Calgary Flames,2025_12_04_Minnesota_Wild_Calgary_Flames,total,under,5.5,under_total,105.0,2.05,0.5152577303475276,0.0354289938872016,0.033741898940192,nhl,1.0,4.0,5.0,,,-3.0,3.0,-1.5,1.5,5.5,NHL,Win,0.0354289938872016,105.0
2025_12_04,Nashville Predators,Florida Panthers,2025_12_04_Nashville_Predators_Florida_Panthers,moneyline,home,,home_moneyline,-225.0,1.4444444444444444,0.9317360233995878,0.0183333333333333,0.0412499999999998,nhl,2.0,1.0,3.0,,,1.0,-1.0,1.5,-1.5,5.5,NHL,Loss,0.0183333333333333,-225.0
2025_12_04,Nashville Predators,Florida Panthers,2025_12_04_Nashville_Predators_Florida_Panthers,puck_line,home,-1.5,home_puck_line,128.0,2.28,0.4270094834056809,0.084172733083965,0.0657599477218475,nhl,2.0,1.0,3.0,,,1.0,-1.0,1.5,-1.5,5.5,NHL,Loss,0.084172733083965,128.0
2025_12_04,New York Rangers,Ottawa Senators,2025_12_04_New_York_Rangers_Ottawa_Senators,puck_line,away,1.5,away_puck_line,-205.0,1.4878048780487805,0.9254998627790086,0.0391311777501859,0.080218914387881,nhl,4.0,2.0,6.0,,,2.0,-2.0,1.5,-1.5,5.5,NHL,Win,0.0391311777501859,-205.0
2025_12_04,Seattle Kraken,Edmonton Oilers,2025_12_04_Seattle_Kraken_Edmonton_Oilers,total,over,5.5,over_total,-120.0,1.8333333333333333,0.6491669640148298,0.0103547036454805,0.0124256443745764,nhl,4.0,9.0,13.0,,,-5.0,5.0,1.5,-1.5,5.5,NHL,Win,0.0103547036454805,-120.0
2025_12_04,Toronto Maple Leafs,Carolina Hurricanes,2025_12_04_Toronto_Maple_Leafs_Carolina_Hurricanes,total,under,6.5,under_total,-115.0,1.869565217391304,0.7183976102692997,0.0795173073539214,0.0914449034570097,nhl,5.0,1.0,6.0,,,4.0,-4.0,1.5,-1.5,6.5,NHL,Win,0.0795173073539214,-115.0
2025_12_05,Buffalo Sabres,Winnipeg Jets,2025_12_05_Buffalo_Sabres_Winnipeg_Jets,puck_line,home,-1.5,home_puck_line,174.0,2.74,0.1860666968038611,0.039666505977052,0.0227968425155471,nhl,1.0,4.0,5.0,,,-3.0,3.0,1.5,-1.5,6.0,NHL,Win,0.039666505977052,174.0
2025_12_05,Utah Mammoth,Vancouver Canucks,2025_12_05_Utah_Mammoth_Vancouver_Canucks,puck_line,away,-1.5,away_puck_line,192.0,2.92,0.1559333025765156,0.0595768153464049,0.0310295913262525,nhl,4.0,1.0,5.0,,,3.0,-3.0,-1.5,1.5,6.0,NHL,Win,0.0595768153464049,192.0
2025_12_05,Vegas Golden Knights,New Jersey Devils,2025_12_05_Vegas_Golden_Knights_New_Jersey_Devils,puck_line,home,1.5,home_puck_line,-240.0,1.4166666666666667,0.9593227888665458,0.0503878354805027,0.1209308051532066,nhl,3.0,0.0,3.0,,,3.0,-3.0,-1.5,1.5,6.0,NHL,Loss,0.0503878354805027,-240.0
2025_12_06,Colorado Avalanche,New York Rangers,2025_12_06_Colorado_Avalanche_New_York_Rangers,puck_line,away,-1.5,away_puck_line,149.0,2.49,0.2870777535063683,0.0576868476527119,0.0387160051360483,nhl,3.0,2.0,5.0,,,1.0,-1.0,-1.5,1.5,6.0,NHL,Loss,0.0576868476527119,149.0
2025_12_06,Columbus Blue Jackets,Florida Panthers,2025_12_06_Columbus_Blue_Jackets_Florida_Panthers,puck_line,home,-1.5,home_puck_line,140.0,2.4,0.2725040878397742,0.005343861809304,0.0038170441495028,nhl,6.0,7.0,13.0,,,-1.0,1.0,1.5,-1.5,6.5,NHL,Loss,0.005343861809304,140.0
2025_12_06,Columbus Blue Jackets,Florida Panthers,2025_12_06_Columbus_Blue_Jackets_Florida_Panthers,total,under,6.5,under_total,-115.0,1.869565217391304,0.764008272987506,0.1155066596065572,0.1328326585475407,nhl,6.0,7.0,13.0,,,-1.0,1.0,1.5,-1.5,6.5,NHL,Loss,0.1155066596065572,-115.0
2025_12_06,Minnesota Wild,Vancouver Canucks,2025_12_06_Minnesota_Wild_Vancouver_Canucks,puck_line,away,-1.5,away_puck_line,180.0,2.8,0.1559333025765156,0.0160325626609361,0.0089069792560756,nhl,2.0,4.0,6.0,,,-2.0,2.0,-1.5,1.5,5.5,NHL,Loss,0.0160325626609361,180.0
2025_12_06,Minnesota Wild,Vancouver Canucks,2025_12_06_Minnesota_Wild_Vancouver_Canucks,total,over,5.5,over_total,-120.0,1.8333333333333333,0.6753095170806847,0.0279934122176124,0.0335920946611349,nhl,2.0,4.0,6.0,,,-2.0,2.0,-1.5,1.5,5.5,NHL,Win,0.0279934122176124,-120.0
2025_12_06,Montreal Canadiens,Toronto Maple Leafs,2025_12_06_Montreal_Canadiens_Toronto_Maple_Leafs,total,under,6.5,under_total,-110.0,1.9090909090909087,0.685630430536876,0.077905951447754,0.0856965465925296,nhl,2.0,1.0,3.0,,,1.0,-1.0,1.5,-1.5,6.5,NHL,Win,0.077905951447754,-110.0
2025_12_06,New Jersey Devils,Boston Bruins,2025_12_06_New_Jersey_Devils_Boston_Bruins,puck_line,home,1.5,home_puck_line,-255.0,1.392156862745098,0.951511018642994,0.0156199002350303,0.0398307455993273,nhl,1.0,4.0,5.0,,,-3.0,3.0,-1.5,1.5,5.5,NHL,Win,0.0156199002350303,-255.0
2025_12_06,New Jersey Devils,Boston Bruins,2025_12_06_New_Jersey_Devils_Boston_Bruins,total,over,5.5,over_total,-115.0,1.869565217391304,0.6356805569414655,0.0212614321980504,0.024450647027758,nhl,1.0,4.0,5.0,,,-3.0,3.0,-1.5,1.5,5.5,NHL,Loss,0.0212614321980504,-115.0
2025_12_06,New York Islanders,Tampa Bay Lightning,2025_12_06_New_York_Islanders_Tampa_Bay_Lightning,puck_line,away,1.5,away_puck_line,-160.0,1.625,0.8717325446161556,0.0635292144898898,0.1016467431838235,nhl,2.0,0.0,2.0,,,2.0,-2.0,1.5,-1.5,6.0,NHL,Win,0.0635292144898898,-160.0
2025_12_06,Utah Mammoth,Calgary Flames,2025_12_06_Utah_Mammoth_Calgary_Flames,total,under,6.5,under_total,-110.0,1.9090909090909087,0.8873264101172467,0.2705017820333815,0.2975519602367197,nhl,0.0,2.0,2.0,,,-2.0,2.0,1.5,-1.5,6.5,NHL,Win,0.2705017820333815,-110.0
2025_12_06,Winnipeg Jets,Edmonton Oilers,2025_12_06_Winnipeg_Jets_Edmonton_Oilers,total,under,6.5,under_total,-110.0,1.9090909090909087,0.764008272987506,0.1390903099153639,0.1529993409069003,nhl,2.0,6.0,8.0,,,-4.0,4.0,1.5,-1.5,6.5,NHL,Loss,0.1390903099153639,-110.0
2025_12_07,Chicago Blackhawks,Anaheim Ducks,2025_12_07_Chicago_Blackhawks_Anaheim_Ducks,puck_line,home,-1.5,home_puck_line,130.0,2.3,0.332072985158759,0.0166610968797431,0.0128162283690331,nhl,1.0,7.0,8.0,,,-6.0,6.0,1.5,-1.5,6.5,NHL,Win,0.0166610968797431,130.0
2025_12_07,Chicago Blackhawks,Anaheim Ducks,2025_12_07_Chicago_Blackhawks_Anaheim_Ducks,total,under,6.5,under_total,-110.0,1.9090909090909087,0.583593879870363,0.0081891031562029,0.0090080134718232,nhl,1.0,7.0,8.0,,,-6.0,6.0,1.5,-1.5,6.5,NHL,Loss,0.0081891031562029,-110.0
2025_12_07,Colorado Avalanche,Philadelphia Flyers,2025_12_07_Colorado_Avalanche_Philadelphia_Flyers,moneyline,away,,away_moneyline,-160.0,1.625,0.8128512960436561,0.0075,0.012,nhl,3.0,2.0,5.0,,,1.0,-1.0,-1.5,1.5,6.0,NHL,Win,0.0075,-160.0
2025_12_07,Columbus Blue Jackets,Washington Capitals,2025_12_07_Columbus_Blue_Jackets_Washington_Capitals,puck_line,home,-1.5,home_puck_line,130.0,2.3,0.3217544229070785,0.0078016093460868,0.0060012379585282,nhl,0.0,2.0,2.0,,,-2.0,2.0,1.5,-1.5,6.0,NHL,Win,0.0078016093460868,130.0
2025_12_07,New York Islanders,Florida Panthers,2025_12_07_New_York_Islanders_Florida_Panthers,puck_line,home,-1.5,home_puck_line,157.0,2.5700000000000003,0.2518529157995914,0.0543511262888531,0.0346185517763395,nhl,1.0,4.0,5.0,,,-3.0,3.0,1.5,-1.5,6.0,NHL,Win,0.0543511262888531,157.0
2025_12_07,Pittsburgh Penguins,Dallas Stars,2025_12_07_Pittsburgh_Penguins_Dallas_Stars,puck_line,home,-1.5,home_puck_line,135.0,2.35,0.3305791912700991,0.0374599394074477,0.027748103264776,nhl,2.0,3.0,5.0,,,-1.0,1.0,1.5,-1.5,6.0,NHL,Loss,0.0374599394074477,135.0
2025_12_07,San Jose Sharks,Carolina Hurricanes,2025_12_07_San_Jose_Sharks_Carolina_Hurricanes,puck_line,away,1.5,away_puck_line,100.0,2.0,0.5495203721542647,0.0331100581689123,0.0331100581689123,nhl,4.0,1.0,5.0,,,3.0,-3.0,1.5,-1.5,6.0,NHL,Win,0.0331100581689123,100.0
2025_12_07,Vegas Golden Knights,New York Rangers,2025_12_07_Vegas_Golden_Knights_New_York_Rangers,puck_line,home,1.5,home_puck_line,-185.0,1.5405405405405406,0.9293686536018052,0.0821586707377066,0.1519935408647573,nhl,3.0,2.0,5.0,,,1.0,-1.0,-1.5,1.5,6.0,NHL,Win,0.0821586707377066,-185.0
2025_12_08,Detroit Red Wings,Vancouver Canucks,2025_12_08_Detroit_Red_Wings_Vancouver_Canucks,puck_line,home,1.5,home_puck_line,-240.0,1.4166666666666667,0.9555686656518128,0.0419798120679935,0.1007515489631846,nhl,4.0,0.0,4.0,,,4.0,-4.0,-1.5,1.5,6.0,NHL,Loss,0.0419798120679935,-240.0
2025_12_08,Minnesota Wild,Seattle Kraken,2025_12_08_Minnesota_Wild_Seattle_Kraken,puck_line,away,-1.5,away_puck_line,192.0,2.92,0.1387929742076434,0.0290452042394604,0.0151277105413856,nhl,4.0,1.0,5.0,,,3.0,-3.0,-1.5,1.5,5.5,NHL,Win,0.0290452042394604,192.0
2025_12_09,Anaheim Ducks,Pittsburgh Penguins,2025_12_09_Anaheim_Ducks_Pittsburgh_Penguins,puck_line,away,1.5,away_puck_line,-250.0,1.4,0.9549573467723804,0.0284211436847039,0.07105285921176,nhl,4.0,3.0,7.0,,,1.0,-1.0,1.5,-1.5,6.5,NHL,Win,0.0284211436847039,-250.0
2025_12_09,Boston Bruins,St Louis Blues,2025_12_09_Boston_Bruins_St_Louis_Blues,puck_line,away,1.5,away_puck_line,-200.0,1.5,0.9404925178421576,0.0725938882979542,0.1451877765959083,nhl,5.0,2.0,7.0,,,3.0,-3.0,1.5,-1.5,5.5,NHL,Win,0.0725938882979542,-200.0
2025_12_09,Boston Bruins,St Louis Blues,2025_12_09_Boston_Bruins_St_Louis_Blues,total,over,5.5,over_total,-110.0,1.9090909090909087,0.5793284083900189,0.0054090364208403,0.0059499400629243,nhl,5.0,2.0,7.0,,,3.0,-3.0,1.5,-1.5,5.5,NHL,Win,0.0054090364208403,-110.0
2025_12_09,Colorado Avalanche,Nashville Predators,2025_12_09_Colorado_Avalanche_Nashville_Predators,moneyline,away,,away_moneyline,-235.0,1.425531914893617,0.942072326569836,0.0221063829787233,0.0519499999999997,nhl,3.0,4.0,7.0,,,-1.0,1.0,-1.5,1.5,6.0,NHL,Loss,0.0221063829787233,-235.0
2025_12_09,Colorado Avalanche,Nashville Predators,2025_12_09_Colorado_Avalanche_Nashville_Predators,puck_line,away,-1.5,away_puck_line,110.0,2.1,0.4548377080801464,0.0183096264558009,0.0166451149598189,nhl,3.0,4.0,7.0,,,-1.0,1.0,-1.5,1.5,6.0,NHL,Loss,0.0183096264558009,110.0
2025_12_09,Columbus Blue Jackets,Carolina Hurricanes,2025_12_09_Columbus_Blue_Jackets_Carolina_Hurricanes,total,under,6.5,under_total,-115.0,1.869565217391304,0.6110581349709757,0.0050331493212072,0.0057881217193883,nhl,1.0,4.0,5.0,,,-3.0,3.0,1.5,-1.5,6.5,NHL,Win,0.0050331493212072,-115.0
2025_12_09,New Jersey Devils,Ottawa Senators,2025_12_09_New_Jersey_Devils_Ottawa_Senators,puck_line,away,1.5,away_puck_line,-220.0,1.4545454545454546,0.921492471126482,0.0100864442496264,0.022190177349178,nhl,4.0,3.0,7.0,,,1.0,-1.0,1.5,-1.5,5.5,NHL,Win,0.0100864442496264,-220.0
2025_12_09,San Jose Sharks,Philadelphia Flyers,2025_12_09_San_Jose_Sharks_Philadelphia_Flyers,puck_line,home,-1.5,home_puck_line,145.0,2.45,0.3091305079765258,0.0617879061230404,0.0426123490503726,nhl,1.0,4.0,5.0,,,-3.0,3.0,1.5,-1.5,6.0,NHL,Win,0.0617879061230404,145.0
2025_12_09,Vegas Golden Knights,New York Islanders,2025_12_09_Vegas_Golden_Knights_New_York_Islanders,puck_line,home,1.5,home_puck_line,-230.0,1.434782608695652,0.93905378389744,0.0234777549648845,0.0539988364192344,nhl,4.0,5.0,9.0,,,-1.0,1.0,-1.5,1.5,6.0,NHL,Win,0.0234777549648845,-230.0
2025_12_10,Detroit Red Wings,Calgary Flames,2025_12_10_Detroit_Red_Wings_Calgary_Flames,puck_line,away,1.5,away_puck_line,-275.0,1.3636363636363638,0.9699085377783966,0.0375991856930963,0.1033977606560147,nhl,4.0,3.0,7.0,,,1.0,-1.0,1.5,-1.5,6.0,NHL,Win,0.0375991856930963,-275.0
2025_12_10,Florida Panthers,Utah Mammoth,2025_12_10_Florida_Panthers_Utah_Mammoth,puck_line,home,1.5,home_puck_line,-270.0,1.3703703703703702,0.952968564678346,0.0026077346328281,0.007040883508636,nhl,4.0,3.0,7.0,,,1.0,-1.0,-1.5,1.5,6.0,NHL,Win,0.0026077346328281,-270.0
2025_12_10,Los Angeles Kings,Seattle Kraken,2025_12_10_Los_Angeles_Kings_Seattle_Kraken,total,under,5.5,under_total,-105.0,1.9523809523809523,0.595979439626864,0.0393495716068328,0.0413170501871744,nhl,2.0,3.0,5.0,,,-1.0,1.0,-1.5,1.5,5.5,NHL,Win,0.0393495716068328,-105.0
2025_12_11,Anaheim Ducks,New York Islanders,2025_12_11_Anaheim_Ducks_New_York_Islanders,puck_line,home,-1.5,home_puck_line,195.0,2.95,0.1525001219350588,0.0644859836519933,0.0330697352061504,nhl,2.0,5.0,7.0,,,-3.0,3.0,1.5,-1.5,6.0,NHL,Win,0.0644859836519933,195.0
2025_12_11,Boston Bruins,Winnipeg Jets,2025_12_11_Boston_Bruins_Winnipeg_Jets,puck_line,home,-1.5,home_puck_line,174.0,2.74,0.2040479640223194,0.0644208957994751,0.0370235033330316,nhl,6.0,3.0,9.0,,,3.0,-3.0,1.5,-1.5,6.0,NHL,Loss,0.0644208957994751,174.0
2025_12_11,Carolina Hurricanes,Washington Capitals,2025_12_11_Carolina_Hurricanes_Washington_Capitals,puck_line,home,1.5,home_puck_line,-275.0,1.3636363636363638,0.9604776215793044,0.013676651581814,0.0376107918499885,nhl,3.0,2.0,5.0,,,1.0,-1.0,-1.5,1.5,6.0,NHL,Win,0.013676651581814,-275.0
2025_12_11,Dallas Stars,Minnesota Wild,2025_12_11_Dallas_Stars_Minnesota_Wild,puck_line,away,-1.5,away_puck_line,183.0,2.83,0.1444045611456737,0.007290802565758,0.0039840451179005,nhl,2.0,5.0,7.0,,,-3.0,3.0,-1.5,1.5,6.0,NHL,Loss,0.007290802565758,183.0
2025_12_11,Montreal Canadiens,Pittsburgh Penguins,2025_12_11_Montreal_Canadiens_Pittsburgh_Penguins,puck_line,away,1.5,away_puck_line,-240.0,1.4166666666666667,0.947640636882186,0.0259188439672946,0.062205225521507,nhl,4.0,2.0,6.0,,,2.0,-2.0,1.5,-1.5,6.0,NHL,Win,0.0259188439672946,-240.0
2025_12_11,San Jose Sharks,Toronto Maple Leafs,2025_12_11_San_Jose_Sharks_Toronto_Maple_Leafs,puck_line,home,-1.5,home_puck_line,125.0,2.25,0.3672561763032941,0.0232774622652836,0.0186219698122269,nhl,3.0,2.0,5.0,,,1.0,-1.0,1.5,-1.5,6.5,NHL,Loss,0.0232774622652836,125.0
2025_12_11,San Jose Sharks,Toronto Maple Leafs,2025_12_11_San_Jose_Sharks_Toronto_Maple_Leafs,total,under,6.5,under_total,-115.0,1.869565217391304,0.6939834398751799,0.0615645905148303,0.0707992790920549,nhl,3.0,2.0,5.0,,,1.0,-1.0,1.5,-1.5,6.5,NHL,Win,0.0615645905148303,-115.0
2025_12_11,St Louis Blues,Nashville Predators,2025_12_11_St_Louis_Blues_Nashville_Predators,puck_line,home,-1.5,home_puck_line,215.0,3.15,0.1006009803884168,0.02423326142083,0.0112712843817813,nhl,2.0,7.0,9.0,,,-5.0,5.0,1.5,-1.5,5.5,NHL,Win,0.02423326142083,215.0
2025_12_11,Tampa Bay Lightning,New Jersey Devils,2025_12_11_Tampa_Bay_Lightning_New_Jersey_Devils,puck_line,home,1.5,home_puck_line,-250.0,1.4,0.9551302164258184,0.028787363755897,0.0719684093897427,nhl,8.0,4.0,12.0,,,4.0,-4.0,-1.5,1.5,6.0,NHL,Loss,0.028787363755897,-250.0
2025_12_11,Vegas Golden Knights,Philadelphia Flyers,2025_12_11_Vegas_Golden_Knights_Philadelphia_Flyers,puck_line,home,1.5,home_puck_line,-210.0,1.4761904761904765,0.909873189713238,0.009229211404141,0.0193813439486961,nhl,3.0,2.0,5.0,,,1.0,-1.0,-1.5,1.5,5.5,NHL,Win,0.009229211404141,-210.0
2025_12_12,Chicago Blackhawks,St Louis Blues,2025_12_12_Chicago_Blackhawks_St_Louis_Blues,puck_line,away,1.5,away_puck_line,-205.0,1.4878048780487805,0.9440181590535224,0.0703924932955653,0.1443046112559086,nhl,2.0,3.0,5.0,,,-1.0,1.0,1.5,-1.5,6.0,NHL,Win,0.0703924932955653,-205.0
2025_12_12,Seattle Kraken,Utah Mammoth,2025_12_12_Seattle_Kraken_Utah_Mammoth,moneyline,home,,home_moneyline,-185.0,1.5405405405405406,0.8852904973872654,0.0229189189189189,0.0424000000000001,nhl,3.0,5.0,8.0,,,-2.0,2.0,1.5,-1.5,5.5,NHL,Win,0.0229189189189189,-185.0
2025_12_13,Anaheim Ducks,New Jersey Devils,2025_12_13_Anaheim_Ducks_New_Jersey_Devils,puck_line,home,-1.5,home_puck_line,195.0,2.95,0.1393004281978568,0.0405690627558832,0.0208046475671196,nhl,1.0,4.0,5.0,,,-3.0,3.0,1.5,-1.5,6.0,NHL,Win,0.0405690627558832,195.0
2025_12_13,Calgary Flames,Los Angeles Kings,2025_12_13_Calgary_Flames_Los_Angeles_Kings,puck_line,home,-1.5,home_puck_line,145.0,2.45,0.3088747891813905,0.0615477361070535,0.0424467145565885,nhl,2.0,1.0,3.0,,,1.0,-1.0,1.5,-1.5,5.5,NHL,Loss,0.0615477361070535,145.0
2025_12_13,Calgary Flames,Los Angeles Kings,2025_12_13_Calgary_Flames_Los_Angeles_Kings,total,under,5.5,under_total,-105.0,1.9523809523809523,0.6353328828267206,0.0662579180326747,0.0695708139343084,nhl,2.0,1.0,3.0,,,1.0,-1.0,1.5,-1.5,5.5,NHL,Win,0.0662579180326747,-105.0
2025_12_13,Carolina Hurricanes,Philadelphia Flyers,2025_12_13_Carolina_Hurricanes_Philadelphia_Flyers,puck_line,away,-1.5,away_puck_line,170.0,2.7,0.2356936985311654,0.0886426949330589,0.0521427617253288,nhl,4.0,3.0,7.0,,,1.0,-1.0,-1.5,1.5,6.0,NHL,Loss,0.0886426949330589,170.0
2025_12_13,Detroit Red Wings,Chicago Blackhawks,2025_12_13_Detroit_Red_Wings_Chicago_Blackhawks,puck_line,home,1.5,home_puck_line,-160.0,1.625,0.8213859605106443,0.0147727750605246,0.0236364400968395,nhl,4.0,0.0,4.0,,,4.0,-4.0,-1.5,1.5,6.0,NHL,Loss,0.0147727750605246,-160.0
2025_12_13,Montreal Canadiens,New York Rangers,2025_12_13_Montreal_Canadiens_New_York_Rangers,puck_line,home,-1.5,home_puck_line,180.0,2.8,0.1793651360154164,0.0525873775037195,0.0292152097242887,nhl,4.0,5.0,9.0,,,-1.0,1.0,1.5,-1.5,6.0,NHL,Loss,0.0525873775037195,180.0
2025_12_13,Nashville Predators,Colorado Avalanche,2025_12_13_Nashville_Predators_Colorado_Avalanche,puck_line,away,1.5,away_puck_line,120.0,2.2,0.3932959928035727,0.0206669122243492,0.0172224268536242,nhl,2.0,4.0,6.0,,,-2.0,2.0,1.5,-1.5,6.0,NHL,Loss,0.0206669122243492,120.0
2025_12_13,San Jose Sharks,Pittsburgh Penguins,2025_12_13_San_Jose_Sharks_Pittsburgh_Penguins,puck_line,home,-1.5,home_puck_line,165.0,2.65,0.237470543970113,0.0705744385208293,0.0427723869823208,nhl,6.0,5.0,11.0,,,1.0,-1.0,1.5,-1.5,6.0,NHL,Loss,0.0705744385208293,165.0
2025_12_13,Tampa Bay Lightning,New York Islanders,2025_12_13_Tampa_Bay_Lightning_New_York_Islanders,puck_line,home,1.5,home_puck_line,-225.0,1.4444444444444444,0.95805922023478,0.0680309272343875,0.1530695862773719,nhl,2.0,3.0,5.0,,,-1.0,1.0,-1.5,1.5,5.5,NHL,Win,0.0680309272343875,-225.0
2025_12_13,Tampa Bay Lightning,New York Islanders,2025_12_13_Tampa_Bay_Lightning_New_York_Islanders,total,over,5.5,over_total,-125.0,1.8,0.7463514248539442,0.0601633849064366,0.0752042311330457,nhl,2.0,3.0,5.0,,,-1.0,1.0,-1.5,1.5,5.5,NHL,Loss,0.0601633849064366,-125.0
2025_12_14,Boston Bruins,Minnesota Wild,2025_12_14_Boston_Bruins_Minnesota_Wild,puck_line,away,1.5,away_puck_line,-205.0,1.4878048780487805,0.913193167263042,0.0215745769795434,0.0442278828080639,nhl,2.0,6.0,8.0,,,-4.0,4.0,1.5,-1.5,6.0,NHL,Loss,0.0215745769795434,-205.0
2025_12_14,Vancouver Canucks,New Jersey Devils,2025_12_14_Vancouver_Canucks_New_Jersey_Devils,moneyline,home,,home_moneyline,-150.0,1.6666666666666663,0.796924292151082,0.0199999999999997,0.0299999999999996,nhl,2.0,1.0,3.0,,,1.0,-1.0,1.5,-1.5,5.5,NHL,Loss,0.0199999999999997,-150.0
2025_12_14,Vancouver Canucks,New Jersey Devils,2025_12_14_Vancouver_Canucks_New_Jersey_Devils,total,over,5.5,over_total,-110.0,1.9090909090909087,0.7535185122947236,0.1302968350420228,0.1433265185462251,nhl,2.0,1.0,3.0,,,1.0,-1.0,1.5,-1.5,5.5,NHL,Loss,0.1302968350420228,-110.0
2025_12_15,Anaheim Ducks,New York Rangers,2025_12_15_Anaheim_Ducks_New_York_Rangers,puck_line,home,-1.5,home_puck_line,195.0,2.95,0.1490120019454278,0.0583146978479784,0.0299049732553735,nhl,4.0,1.0,5.0,,,3.0,-3.0,1.5,-1.5,6.0,NHL,Loss,0.0583146978479784,195.0
2025_12_15,Florida Panthers,Tampa Bay Lightning,2025_12_15_Florida_Panthers_Tampa_Bay_Lightning,puck_line,away,1.5,away_puck_line,-210.0,1.4761904761904765,0.946769853331964,0.0673109402227414,0.1413529744677569,nhl,5.0,2.0,7.0,,,3.0,-3.0,1.5,-1.5,6.0,NHL,Win,0.0673109402227414,-210.0
2025_12_15,Los Angeles Kings,Dallas Stars,2025_12_15_Los_Angeles_Kings_Dallas_Stars,total,under,5.5,under_total,-110.0,1.9090909090909087,0.575955359623985,0.0032154840643767,0.0035370324708143,nhl,1.0,4.0,5.0,,,-3.0,3.0,1.5,-1.5,5.5,NHL,Win,0.0032154840643767,-110.0
2025_12_15,Nashville Predators,St Louis Blues,2025_12_15_Nashville_Predators_St_Louis_Blues,puck_line,away,1.5,away_puck_line,-245.0,1.4081632653061225,0.9561176735162464,0.0369119638565531,0.0904343114485549,nhl,5.0,2.0,7.0,,,3.0,-3.0,1.5,-1.5,5.5,NHL,Win,0.0369119638565531,-245.0
2025_12_16,Calgary Flames,San Jose Sharks,2025_12_16_Calgary_Flames_San_Jose_Sharks,puck_line,home,1.5,home_puck_line,-220.0,1.4545454545454546,0.9275270727494996,0.0189364598446319,0.0416602116581902,nhl,3.0,6.0,9.0,,,-3.0,3.0,-1.5,1.5,6.0,NHL,Win,0.0189364598446319,-220.0
2025_12_16,Chicago Blackhawks,Toronto Maple Leafs,2025_12_16_Chicago_Blackhawks_Toronto_Maple_Leafs,total,over,5.5,over_total,-120.0,1.8333333333333333,0.6961921759972967,0.0425541517108059,0.0510649820529672,nhl,2.0,3.0,5.0,,,-1.0,1.0,1.5,-1.5,5.5,NHL,Loss,0.0425541517108059,-120.0
2025_12_16,Colorado Avalanche,Seattle Kraken,2025_12_16_Colorado_Avalanche_Seattle_Kraken,moneyline,away,,away_moneyline,-250.0,1.4,0.9596574236772126,0.0387999999999999,0.0969999999999998,nhl,5.0,3.0,8.0,,,2.0,-2.0,-1.5,1.5,6.0,NHL,Win,0.0387999999999999,-250.0
2025_12_16,Colorado Avalanche,Seattle Kraken,2025_12_16_Colorado_Avalanche_Seattle_Kraken,puck_line,away,-1.5,away_puck_line,105.0,2.05,0.5167451952853834,0.0364463551602618,0.0347108144383445,nhl,5.0,3.0,8.0,,,2.0,-2.0,-1.5,1.5,6.0,NHL,Win,0.0364463551602618,105.0
2025_12_16,Edmonton Oilers,Pittsburgh Penguins,2025_12_16_Edmonton_Oilers_Pittsburgh_Penguins,puck_line,away,-1.5,away_puck_line,165.0,2.65,0.2098811091763907,0.036926235589662,0.0223795367210072,nhl,6.0,4.0,10.0,,,2.0,-2.0,-1.5,1.5,6.5,NHL,Win,0.036926235589662,165.0
2025_12_16,Edmonton Oilers,Pittsburgh Penguins,2025_12_16_Edmonton_Oilers_Pittsburgh_Penguins,total,under,6.5,under_total,-115.0,1.869565217391304,0.6065115227111504,0.0020750402338989,0.0023862962689838,nhl,6.0,4.0,10.0,,,2.0,-2.0,-1.5,1.5,6.5,NHL,Loss,0.0020750402338989,-115.0
2025_12_16,New York Islanders,Detroit Red Wings,2025_12_16_New_York_Islanders_Detroit_Red_Wings,puck_line,away,1.5,away_puck_line,-235.0,1.425531914893617,0.9616603345714082,0.0625458924409676,0.1469828472362741,nhl,2.0,3.0,5.0,,,-1.0,1.0,1.5,-1.5,6.0,NHL,Win,0.0625458924409676,-235.0
2025_12_16,Philadelphia Flyers,Montreal Canadiens,2025_12_16_Philadelphia_Flyers_Montreal_Canadiens,puck_line,away,1.5,away_puck_line,-225.0,1.4444444444444444,0.9533846289340496,0.0576834235358882,0.1297877029557484,nhl,4.0,1.0,5.0,,,3.0,-3.0,1.5,-1.5,5.5,NHL,Win,0.0576834235358882,-225.0
2025_12_16,Philadelphia Flyers,Montreal Canadiens,2025_12_16_Philadelphia_Flyers_Montreal_Canadiens,total,over,5.5,over_total,-120.0,1.8333333333333333,0.6356805569414655,0.0014695439771581,0.0017634527725897,nhl,4.0,1.0,5.0,,,3.0,-3.0,1.5,-1.5,5.5,NHL,Loss,0.0014695439771581,-120.0
2025_12_16,Utah Mammoth,Boston Bruins,2025_12_16_Utah_Mammoth_Boston_Bruins,puck_line,away,-1.5,away_puck_line,222.0,3.22,0.0839274013831051,0.0005466078809535,0.0002462197661952,nhl,1.0,4.0,5.0,,,-3.0,3.0,-1.5,1.5,6.0,NHL,Loss,0.0005466078809535,222.0
2025_12_16,Washington Capitals,Minnesota Wild,2025_12_16_Washington_Capitals_Minnesota_Wild,puck_line,away,1.5,away_puck_line,-240.0,1.4166666666666667,0.9671979936389818,0.0702410822491685,0.1685785973980044,nhl,0.0,5.0,5.0,,,-5.0,5.0,1.5,-1.5,6.0,NHL,Loss,0.0702410822491685,-240.0
2025_12_17,Carolina Hurricanes,Nashville Predators,2025_12_17_Carolina_Hurricanes_Nashville_Predators,puck_line,away,-1.5,away_puck_line,145.0,2.45,0.3334221315007695,0.0841891677430866,0.0580614949952321,nhl,4.0,1.0,5.0,,,3.0,-3.0,-1.5,1.5,6.0,NHL,Win,0.0841891677430866,145.0
2025_12_17,Los Angeles Kings,Florida Panthers,2025_12_17_Los_Angeles_Kings_Florida_Panthers,moneyline,home,,home_moneyline,-140.0,1.7142857142857144,0.755680826390575,0.0165714285714286,0.0231999999999999,nhl,2.0,3.0,5.0,,,-1.0,1.0,1.5,-1.5,5.5,NHL,Win,0.0165714285714286,-140.0
2025_12_17,Los Angeles Kings,Florida Panthers,2025_12_17_Los_Angeles_Kings_Florida_Panthers,total,under,5.5,under_total,100.0,2.0,0.5909907519559718,0.0612669359354236,0.0612669359354236,nhl,2.0,3.0,5.0,,,-1.0,1.0,1.5,-1.5,5.5,NHL,Win,0.0612669359354236,100.0
2025_12_17,New Jersey Devils,Vegas Golden Knights,2025_12_17_New_Jersey_Devils_Vegas_Golden_Knights,puck_line,home,-1.5,home_puck_line,145.0,2.45,0.2487792595537278,0.0018859698848245,0.001300668886086,nhl,2.0,1.0,3.0,,,1.0,-1.0,1.5,-1.5,5.5,NHL,Loss,0.0018859698848245,145.0
2025_12_17,New Jersey Devils,Vegas Golden Knights,2025_12_17_New_Jersey_Devils_Vegas_Golden_Knights,total,over,5.5,over_total,100.0,2.0,0.658007416153923,0.1086407172707781,0.1086407172707781,nhl,2.0,1.0,3.0,,,1.0,-1.0,1.5,-1.5,5.5,NHL,Loss,0.1086407172707781,100.0
2025_12_17,Utah Mammoth,Detroit Red Wings,2025_12_17_Utah_Mammoth_Detroit_Red_Wings,puck_line,away,1.5,away_puck_line,-235.0,1.425531914893617,0.9734867600483847,0.0958304081768495,0.2252014592155964,nhl,4.0,1.0,5.0,,,3.0,-3.0,1.5,-1.5,6.0,NHL,Win,0.0958304081768495,-235.0
2025_12_17,Winnipeg Jets,St Louis Blues,2025_12_17_Winnipeg_Jets_St_Louis_Blues,total,over,5.5,over_total,-110.0,1.9090909090909087,0.5889590488390608,0.0116962600654404,0.0128658860719845,nhl,0.0,1.0,1.0,,,-1.0,1.0,-1.5,1.5,5.5,NHL,Loss,0.0116962600654404,-110.0
2025_12_18,Chicago Blackhawks,Montreal Canadiens,2025_12_18_Chicago_Blackhawks_Montreal_Canadiens,puck_line,home,-1.5,home_puck_line,140.0,2.4,0.3130241639434057,0.0436894238572105,0.0312067313265788,nhl,1.0,4.0,5.0,,,-3.0,3.0,1.5,-1.5,5.5,NHL,Win,0.0436894238572105,140.0
2025_12_18,Chicago Blackhawks,Montreal Canadiens,2025_12_18_Chicago_Blackhawks_Montreal_Canadiens,total,over,5.5,over_total,-118.0,1.847457627118644,0.6920838456588034,0.0476619090229386,0.0562410526470676,nhl,1.0,4.0,5.0,,,-3.0,3.0,1.5,-1.5,5.5,NHL,Loss,0.0476619090229386,-118.0
2025_12_18,Los Angeles Kings,Tampa Bay Lightning,2025_12_18_Los_Angeles_Kings_Tampa_Bay_Lightning,puck_line,away,1.5,away_puck_line,-155.0,1.6451612903225803,0.8351390316758543,0.0397516726938584,0.0616150926754807,nhl,2.0,1.0,3.0,,,1.0,-1.0,1.5,-1.5,5.5,NHL,Win,0.0397516726938584,-155.0
2025_12_18,Minnesota Wild,Columbus Blue Jackets,2025_12_18_Minnesota_Wild_Columbus_Blue_Jackets,puck_line,home,1.5,home_puck_line,-250.0,1.4,0.9522390603453624,0.0228033891254628,0.0570084728136571,nhl,5.0,2.0,7.0,,,3.0,-3.0,-1.5,1.5,6.0,NHL,Loss,0.0228033891254628,-250.0
2025_12_18,New York Rangers,St Louis Blues,2025_12_18_New_York_Rangers_St_Louis_Blues,total,over,5.5,over_total,100.0,2.0,0.5400557481157283,0.0267547935434886,0.0267547935434886,nhl,2.0,1.0,3.0,,,1.0,-1.0,-1.5,1.5,5.5,NHL,Loss,0.0267547935434886,100.0
2025_12_18,Philadelphia Flyers,Buffalo Sabres,2025_12_18_Philadelphia_Flyers_Buffalo_Sabres,puck_line,away,1.5,away_puck_line,-220.0,1.4545454545454546,0.9289418906920712,0.0210937947885681,0.0464063485348496,nhl,3.0,5.0,8.0,,,-2.0,2.0,1.5,-1.5,6.0,NHL,Loss,0.0210937947885681,-220.0
2025_12_18,Pittsburgh Penguins,Ottawa Senators,2025_12_18_Pittsburgh_Penguins_Ottawa_Senators,puck_line,home,-1.5,home_puck_line,145.0,2.45,0.2829075375001279,0.0366142326021556,0.0252511948980384,nhl,0.0,4.0,4.0,,,-4.0,4.0,1.5,-1.5,6.0,NHL,Win,0.0366142326021556,145.0
2025_12_18,Seattle Kraken,Calgary Flames,2025_12_18_Seattle_Kraken_Calgary_Flames,puck_line,home,-1.5,home_puck_line,165.0,2.65,0.2595215088512819,0.0957939500710853,0.0580569394370213,nhl,2.0,4.0,6.0,,,-2.0,2.0,1.5,-1.5,5.5,NHL,Win,0.0957939500710853,165.0
2025_12_19,Carolina Hurricanes,Florida Panthers,2025_12_19_Carolina_Hurricanes_Florida_Panthers,total,over,5.5,over_total,-125.0,1.8,0.7315726619517441,0.0490080855644463,0.0612601069555578,nhl,3.0,4.0,7.0,,,-1.0,1.0,-1.5,1.5,5.5,NHL,Win,0.0490080855644463,-125.0
2025_12_19,Vancouver Canucks,New York Islanders,2025_12_19_Vancouver_Canucks_New_York_Islanders,total,over,5.5,over_total,-125.0,1.8,0.7933949407364888,0.098510290297326,0.1231378628716576,nhl,4.0,1.0,5.0,,,3.0,-3.0,1.5,-1.5,5.5,NHL,Loss,0.098510290297326,-125.0
2025_12_19,Winnipeg Jets,Colorado Avalanche,2025_12_19_Winnipeg_Jets_Colorado_Avalanche,moneyline,home,,home_moneyline,-235.0,1.425531914893617,0.9387737000365184,0.0164042553191487,0.0385499999999998,nhl,2.0,3.0,5.0,,,-1.0,1.0,1.5,-1.5,6.0,NHL,Win,0.0164042553191487,-235.0
2025_12_20,Carolina Hurricanes,Tampa Bay Lightning,2025_12_20_Carolina_Hurricanes_Tampa_Bay_Lightning,total,over,5.5,over_total,-102.0,1.9803921568627447,0.8170366757538458,0.2321547469452365,0.2367978418841414,nhl,4.0,6.0,10.0,,,-2.0,2.0,1.5,-1.5,5.5,NHL,Win,0.2321547469452365,-102.0
2025_12_20,Chicago Blackhawks,Ottawa Senators,2025_12_20_Chicago_Blackhawks_Ottawa_Senators,total,over,5.5,over_total,-110.0,1.9090909090909087,0.5744820866757644,0.0022586819341039,0.0024845501275143,nhl,4.0,6.0,10.0,,,-2.0,2.0,1.5,-1.5,5.5,NHL,Win,0.0022586819341039,-110.0
2025_12_20,Detroit Red Wings,Washington Capitals,2025_12_20_Detroit_Red_Wings_Washington_Capitals,puck_line,home,-1.5,home_puck_line,157.0,2.5700000000000003,0.2951372953760598,0.0998519936211739,0.0635999959370533,nhl,5.0,2.0,7.0,,,3.0,-3.0,1.5,-1.5,6.0,NHL,Loss,0.0998519936211739,157.0
2025_12_20,Edmonton Oilers,Minnesota Wild,2025_12_20_Edmonton_Oilers_Minnesota_Wild,puck_line,away,1.5,away_puck_line,-250.0,1.4,0.949914114500361,0.0181952000765583,0.0454880001913957,nhl,2.0,5.0,7.0,,,-3.0,3.0,1.5,-1.5,6.0,NHL,Loss,0.0181952000765583,-250.0
2025_12_20,Pittsburgh Penguins,Montreal Canadiens,2025_12_20_Pittsburgh_Penguins_Montreal_Canadiens,puck_line,home,-1.5,home_puck_line,177.0,2.77,0.2215627083023217,0.0991065061593843,0.0559923763612341,nhl,0.0,4.0,4.0,,,-4.0,4.0,1.5,-1.5,6.0,NHL,Win,0.0991065061593843,177.0
2025_12_20,Seattle Kraken,San Jose Sharks,2025_12_20_Seattle_Kraken_San_Jose_Sharks,puck_line,home,-1.5,home_puck_line,219.0,3.19,0.0988067235194202,0.0325808199184225,0.0148770867207408,nhl,4.0,2.0,6.0,,,2.0,-2.0,1.5,-1.5,5.5,NHL,Loss,0.0325808199184225,219.0
2025_12_20,Toronto Maple Leafs,Nashville Predators,2025_12_20_Toronto_Maple_Leafs_Nashville_Predators,puck_line,away,-1.5,away_puck_line,207.0,3.07,0.1160526927746534,0.0345266806041271,0.0166795558474044,nhl,3.0,5.0,8.0,,,-2.0,2.0,-1.5,1.5,6.0,NHL,Loss,0.0345266806041271,207.0
2025_12_20,Vancouver Canucks,Boston Bruins,2025_12_20_Vancouver_Canucks_Boston_Bruins,puck_line,home,-1.5,home_puck_line,165.0,2.65,0.2465415283600072,0.0811093096461335,0.0491571573612931,nhl,5.0,4.0,9.0,,,1.0,-1.0,1.5,-1.5,5.5,NHL,Loss,0.0811093096461335,165.0
2025_12_20,Vancouver Canucks,Boston Bruins,2025_12_20_Vancouver_Canucks_Boston_Bruins,total,over,5.5,over_total,-118.0,1.847457627118644,0.6879410770259825,0.044732463099155,0.0527843064570029,nhl,5.0,4.0,9.0,,,1.0,-1.0,1.5,-1.5,5.5,NHL,Win,0.044732463099155,-118.0
2025_12_21,Colorado Avalanche,Minnesota Wild,2025_12_21_Colorado_Avalanche_Minnesota_Wild,moneyline,away,,away_moneyline,-175.0,1.5714285714285714,0.8866499585437553,0.0449999999999999,0.07875,nhl,5.0,1.0,6.0,,,4.0,-4.0,-1.5,1.5,6.0,NHL,Win,0.0449999999999999,-175.0
2025_12_21,Montreal Canadiens,Pittsburgh Penguins,2025_12_21_Montreal_Canadiens_Pittsburgh_Penguins,puck_line,away,1.5,away_puck_line,-250.0,1.4,0.9668865598033768,0.0568068887262478,0.1420172218156196,nhl,3.0,4.0,7.0,,,-1.0,1.0,1.5,-1.5,6.5,NHL,Win,0.0568068887262478,-250.0
2025_12_21,Montreal Canadiens,Pittsburgh Penguins,2025_12_21_Montreal_Canadiens_Pittsburgh_Penguins,total,under,6.5,under_total,-115.0,1.869565217391304,0.7022316333558559,0.0675447210978972,0.0776764292625819,nhl,3.0,4.0,7.0,,,-1.0,1.0,1.5,-1.5,6.5,NHL,Loss,0.0675447210978972,-115.0
2025_12_21,Washington Capitals,Detroit Red Wings,2025_12_21_Washington_Capitals_Detroit_Red_Wings,puck_line,away,1.5,away_puck_line,-275.0,1.3636363636363638,0.9659375564029532,0.0268919895023838,0.0739529711315555,nhl,2.0,3.0,5.0,,,-1.0,1.0,1.5,-1.5,6.0,NHL,Win,0.0268919895023838,-275.0
2025_12_22,Columbus Blue Jackets,Los Angeles Kings,2025_12_22_Columbus_Blue_Jackets_Los_Angeles_Kings,puck_line,home,-1.5,home_puck_line,149.0,2.49,0.2581129652289513,0.0281551125782002,0.0188960487102015,nhl,3.0,1.0,4.0,,,2.0,-2.0,1.5,-1.5,5.5,NHL,Loss,0.0281551125782002,149.0
2025_12_22,Seattle Kraken,Anaheim Ducks,2025_12_22_Seattle_Kraken_Anaheim_Ducks,total,under,6.5,under_total,-115.0,1.869565217391304,0.6898197750826519,0.0585762267325793,0.0673626607424662,nhl,3.0,1.0,4.0,,,2.0,-2.0,1.5,-1.5,6.5,NHL,Win,0.0585762267325793,-115.0
2025_12_22,St Louis Blues,Tampa Bay Lightning,2025_12_22_St_Louis_Blues_Tampa_Bay_Lightning,total,over,5.5,over_total,-120.0,1.8333333333333333,0.644701067607694,0.0073977807352627,0.0088773368823154,nhl,1.0,4.0,5.0,,,-3.0,3.0,1.5,-1.5,5.5,NHL,Loss,0.0073977807352627,-120.0
2025_12_22,Vancouver Canucks,Philadelphia Flyers,2025_12_22_Vancouver_Canucks_Philadelphia_Flyers,moneyline,home,,home_moneyline,-135.0,1.7407407407407407,0.727235090828862,0.0113703703703702,0.0153499999999998,nhl,2.0,5.0,7.0,,,-3.0,3.0,1.5,-1.5,5.5,NHL,Win,0.0113703703703702,-135.0
2025_12_22,Vancouver Canucks,Philadelphia Flyers,2025_12_22_Vancouver_Canucks_Philadelphia_Flyers,total,over,5.5,over_total,-110.0,1.9090909090909087,0.6265454826804093,0.0366596337905527,0.040325597169608,nhl,2.0,5.0,7.0,,,-3.0,3.0,1.5,-1.5,5.5,NHL,Win,0.0366596337905527,-110.0
2025_12_23,Buffalo Sabres,Ottawa Senators,2025_12_23_Buffalo_Sabres_Ottawa_Senators,puck_line,home,-1.5,home_puck_line,170.0,2.7,0.2035422042133066,0.0482155655336438,0.0283620973727316,nhl,3.0,2.0,5.0,,,1.0,-1.0,1.5,-1.5,6.0,NHL,Loss,0.0482155655336438,170.0
2025_12_23,Dallas Stars,Detroit Red Wings,2025_12_23_Dallas_Stars_Detroit_Red_Wings,puck_line,away,-1.5,away_puck_line,195.0,2.95,0.1717004086372558,0.0967833051343107,0.0496324641714414,nhl,3.0,4.0,7.0,,,-1.0,1.0,-1.5,1.5,6.0,NHL,Loss,0.0967833051343107,195.0
2025_12_23,Florida Panthers,Carolina Hurricanes,2025_12_23_Florida_Panthers_Carolina_Hurricanes,puck_line,away,1.5,away_puck_line,-195.0,1.5128205128205128,0.8916606250006822,0.0117217487006007,0.0228574099661714,nhl,5.0,2.0,7.0,,,3.0,-3.0,1.5,-1.5,6.0,NHL,Win,0.0117217487006007,-195.0
2025_12_23,New Jersey Devils,New York Islanders,2025_12_23_New_Jersey_Devils_New_York_Islanders,moneyline,home,,home_moneyline,100.0,2.0,0.5239836285732558,0.016,0.016,nhl,1.0,2.0,3.0,,,-1.0,1.0,-1.5,1.5,6.0,NHL,Win,0.016,100.0
2025_12_23,New Jersey Devils,New York Islanders,2025_12_23_New_Jersey_Devils_New_York_Islanders,puck_line,home,1.5,home_puck_line,-240.0,1.4166666666666667,0.9622492780170152,0.0573784272696658,0.1377082254471977,nhl,1.0,2.0,3.0,,,-1.0,1.0,-1.5,1.5,6.0,NHL,Win,0.0573784272696658,-240.0
2025_12_23,New York Rangers,Washington Capitals,2025_12_23_New_York_Rangers_Washington_Capitals,puck_line,home,-1.5,home_puck_line,157.0,2.5700000000000003,0.2588386483604784,0.0619745710896488,0.0394742491016871,nhl,7.0,3.0,10.0,,,4.0,-4.0,1.5,-1.5,5.5,NHL,Loss,0.0619745710896488,157.0
2025_12_23,Pittsburgh Penguins,Toronto Maple Leafs,2025_12_23_Pittsburgh_Penguins_Toronto_Maple_Leafs,moneyline,home,,home_moneyline,-145.0,1.6896551724137931,0.7822842886160911,0.0222413793103448,0.0322499999999999,nhl,3.0,6.0,9.0,,,-3.0,3.0,1.5,-1.5,6.0,NHL,Win,0.0222413793103448,-145.0
2025_12_27,Anaheim Ducks,Los Angeles Kings,2025_12_27_Anaheim_Ducks_Los_Angeles_Kings,puck_line,home,-1.5,home_puck_line,183.0,2.83,0.1796331847301557,0.0642679163842023,0.0351190799913674,nhl,1.0,6.0,7.0,,,-5.0,5.0,1.5,-1.5,6.0,NHL,Win,0.0642679163842023,183.0
2025_12_27,Boston Bruins,Buffalo Sabres,2025_12_27_Boston_Bruins_Buffalo_Sabres,puck_line,home,-1.5,home_puck_line,177.0,2.77,0.1900391222333804,0.056712087668024,0.0320407274960587,nhl,1.0,4.0,5.0,,,-3.0,3.0,1.5,-1.5,6.0,NHL,Win,0.056712087668024,177.0
2025_12_27,Chicago Blackhawks,Dallas Stars,2025_12_27_Chicago_Blackhawks_Dallas_Stars,puck_line,away,1.5,away_puck_line,100.0,2.0,0.5285466598315373,0.0190495205630218,0.0190495205630218,nhl,4.0,3.0,7.0,,,1.0,-1.0,1.5,-1.5,5.5,NHL,Win,0.0190495205630218,100.0
2025_12_27,Edmonton Oilers,Calgary Flames,2025_12_27_Edmonton_Oilers_Calgary_Flames,puck_line,away,-1.5,away_puck_line,200.0,3.0,0.1220923930531217,0.0238450876989557,0.0119225438494778,nhl,2.0,3.0,5.0,,,-1.0,1.0,-1.5,1.5,6.5,NHL,Loss,0.0238450876989557,200.0
2025_12_27,Edmonton Oilers,Calgary Flames,2025_12_27_Edmonton_Oilers_Calgary_Flames,total,under,6.5,under_total,-118.0,1.847457627118644,0.7850584621579026,0.1201186997113976,0.1417400656594492,nhl,2.0,3.0,5.0,,,-1.0,1.0,-1.5,1.5,6.5,NHL,Win,0.1201186997113976,-118.0
2025_12_27,Nashville Predators,St Louis Blues,2025_12_27_Nashville_Predators_St_Louis_Blues,puck_line,away,1.5,away_puck_line,-255.0,1.392156862745098,0.959518914739382,0.032662996907278,0.0832906421135588,nhl,2.0,3.0,5.0,,,-1.0,1.0,1.5,-1.5,5.5,NHL,Win,0.032662996907278,-255.0
2025_12_27,New York Rangers,New York Islanders,2025_12_27_New_York_Rangers_New_York_Islanders,moneyline,home,,home_moneyline,-125.0,1.8,0.6866360521557054,0.0169999999999999,0.0212499999999998,nhl,0.0,2.0,2.0,,,-2.0,2.0,1.5,-1.5,5.5,NHL,Win,0.0169999999999999,-125.0
2025_12_27,New York Rangers,New York Islanders,2025_12_27_New_York_Rangers_New_York_Islanders,total,over,5.5,over_total,-115.0,1.869565217391304,0.6265454826804093,0.0151967014139366,0.0174762066260272,nhl,0.0,2.0,2.0,,,-2.0,2.0,1.5,-1.5,5.5,NHL,Loss,0.0151967014139366,-115.0
2025_12_27,Washington Capitals,New Jersey Devils,2025_12_27_Washington_Capitals_New_Jersey_Devils,puck_line,away,1.5,away_puck_line,-255.0,1.392156862745098,0.9521466856363024,0.0168880133382169,0.0430644340124531,nhl,4.0,3.0,7.0,,,1.0,-1.0,1.5,-1.5,6.0,NHL,Win,0.0168880133382169,-255.0
2025_12_28,New York Islanders,Columbus Blue Jackets,2025_12_28_New_York_Islanders_Columbus_Blue_Jackets,puck_line,away,1.5,away_puck_line,-205.0,1.4878048780487805,0.9142720168733226,0.0230338386616935,0.0472193692564719,nhl,2.0,4.0,6.0,,,-2.0,2.0,1.5,-1.5,6.0,NHL,Loss,0.0230338386616935,-205.0
2025_12_28,Pittsburgh Penguins,Chicago Blackhawks,2025_12_28_Pittsburgh_Penguins_Chicago_Blackhawks,puck_line,home,1.5,home_puck_line,-185.0,1.5405405405405406,0.9012466314940304,0.0419456524380097,0.0775994570103182,nhl,7.0,3.0,10.0,,,4.0,-4.0,-1.5,1.5,6.0,NHL,Loss,0.0419456524380097,-185.0
2025_12_28,Toronto Maple Leafs,Detroit Red Wings,2025_12_28_Toronto_Maple_Leafs_Detroit_Red_Wings,puck_line,home,-1.5,home_puck_line,177.0,2.77,0.1731609513909468,0.0320691859350177,0.0181181841440777,nhl,2.0,3.0,5.0,,,-1.0,1.0,1.5,-1.5,6.0,NHL,Loss,0.0320691859350177,177.0
2025_12_29,Edmonton Oilers,Winnipeg Jets,2025_12_29_Edmonton_Oilers_Winnipeg_Jets,puck_line,home,1.5,home_puck_line,-230.0,1.434782608695652,0.9461110521771944,0.036126353586688,0.0830906132493826,nhl,3.0,1.0,4.0,,,2.0,-2.0,-1.5,1.5,6.0,NHL,Loss,0.036126353586688,-230.0
2025_12_29,New York Rangers,Carolina Hurricanes,2025_12_29_New_York_Rangers_Carolina_Hurricanes,puck_line,home,-1.5,home_puck_line,145.0,2.45,0.3083970884363828,0.0610988210326539,0.0421371179535544,nhl,2.0,3.0,5.0,,,-1.0,1.0,1.5,-1.5,6.0,NHL,Loss,0.0610988210326539,145.0
2025_12_29,Vancouver Canucks,Seattle Kraken,2025_12_29_Vancouver_Canucks_Seattle_Kraken,puck_line,away,-1.5,away_puck_line,226.0,3.26,0.0902428813820666,0.0315637054941009,0.0139662413690712,nhl,3.0,2.0,5.0,,,1.0,-1.0,-1.5,1.5,5.5,NHL,Loss,0.0315637054941009,226.0
2025_12_29,Vancouver Canucks,Seattle Kraken,2025_12_29_Vancouver_Canucks_Seattle_Kraken,total,over,5.5,over_total,-115.0,1.869565217391304,0.6623809821163927,0.0393385081636021,0.0452392843881424,nhl,3.0,2.0,5.0,,,1.0,-1.0,-1.5,1.5,5.5,NHL,Loss,0.0393385081636021,-115.0
2025_12_29,Washington Capitals,Florida Panthers,2025_12_29_Washington_Capitals_Florida_Panthers,puck_line,home,-1.5,home_puck_line,186.0,2.8600000000000003,0.1361680602455873,0.0030894279053454,0.0016609827448094,nhl,3.0,5.0,8.0,,,-2.0,2.0,1.5,-1.5,5.5,NHL,Win,0.0030894279053454,186.0
2025_12_30,New Jersey Devils,Toronto Maple Leafs,2025_12_30_New_Jersey_Devils_Toronto_Maple_Leafs,puck_line,home,1.5,home_puck_line,-260.0,1.3846153846153846,0.947518631274488,0.0024815323900582,0.0064519842141515,nhl,0.0,4.0,4.0,,,-4.0,4.0,-1.5,1.5,6.0,NHL,Win,0.0024815323900582,-260.0
2025_12_30,New York Islanders,Chicago Blackhawks,2025_12_30_New_York_Islanders_Chicago_Blackhawks,moneyline,away,,away_moneyline,-150.0,1.6666666666666663,0.7948729662012175,0.018333333333333,0.0274999999999996,nhl,3.0,2.0,5.0,,,1.0,-1.0,-1.5,1.5,5.5,NHL,Win,0.018333333333333,-150.0
2025_12_30,New York Islanders,Chicago Blackhawks,2025_12_30_New_York_Islanders_Chicago_Blackhawks,total,over,5.5,over_total,-125.0,1.8,0.6710324680380556,0.0064284675585271,0.0080355844481588,nhl,3.0,2.0,5.0,,,1.0,-1.0,-1.5,1.5,5.5,NHL,Loss,0.0064284675585271,-125.0
2025_12_30,Philadelphia Flyers,Vancouver Canucks,2025_12_30_Philadelphia_Flyers_Vancouver_Canucks,total,over,5.5,over_total,-102.0,1.9803921568627447,0.5499729899978392,0.0232829685133753,0.0237486278836427,nhl,6.0,3.0,9.0,,,3.0,-3.0,-1.5,1.5,5.5,NHL,Win,0.0232829685133753,-102.0
2025_12_31,Boston Bruins,Edmonton Oilers,2025_12_31_Boston_Bruins_Edmonton_Oilers,puck_line,home,-1.5,home_puck_line,135.0,2.35,0.3029272477078058,0.0128346159023853,0.0095071228906557,nhl,6.0,2.0,8.0,,,4.0,-4.0,1.5,-1.5,6.0,NHL,Loss,0.0128346159023853,135.0
2025_12_31,Buffalo Sabres,Dallas Stars,2025_12_31_Buffalo_Sabres_Dallas_Stars,puck_line,home,-1.5,home_puck_line,153.0,2.53,0.2965905020843108,0.0841740654991984,0.0550157290844434,nhl,4.0,1.0,5.0,,,3.0,-3.0,1.5,-1.5,6.0,NHL,Loss,0.0841740654991984,153.0
2025_12_31,Minnesota Wild,San Jose Sharks,2025_12_31_Minnesota_Wild_San_Jose_Sharks,puck_line,away,-1.5,away_puck_line,149.0,2.49,0.3001172414750761,0.0704586998394327,0.0472877180130421,nhl,3.0,4.0,7.0,,,-1.0,1.0,-1.5,1.5,6.0,NHL,Loss,0.0704586998394327,149.0
2025_12_31,Nashville Predators,Vegas Golden Knights,2025_12_31_Nashville_Predators_Vegas_Golden_Knights,puck_line,away,1.5,away_puck_line,-135.0,1.7407407407407407,0.715593167832429,0.0031744344149691,0.0042854864602084,nhl,4.0,2.0,6.0,,,2.0,-2.0,1.5,-1.5,6.0,NHL,Win,0.0031744344149691,-135.0
2025_12_31,New York Rangers,Washington Capitals,2025_12_31_New_York_Rangers_Washington_Capitals,puck_line,home,-1.5,home_puck_line,170.0,2.7,0.2031174670386641,0.0476551408672305,0.0280324358042532,nhl,3.0,6.0,9.0,,,-3.0,3.0,1.5,-1.5,5.5,NHL,Win,0.0476551408672305,170.0
2025_12_31,New York Rangers,Washington Capitals,2025_12_31_New_York_Rangers_Washington_Capitals,total,under,5.5,under_total,100.0,2.0,0.5101946635537717,0.0067972797325694,0.0067972797325694,nhl,3.0,6.0,9.0,,,-3.0,3.0,1.5,-1.5,5.5,NHL,Loss,0.0067972797325694,100.0
2025_12_31,Philadelphia Flyers,Calgary Flames,2025_12_31_Philadelphia_Flyers_Calgary_Flames,puck_line,away,1.5,away_puck_line,-200.0,1.5,0.912054102381298,0.0284099762893903,0.0568199525787808,nhl,1.0,5.0,6.0,,,-4.0,4.0,1.5,-1.5,5.5,NHL,Loss,0.0284099762893903,-200.0
2025_12_31,Philadelphia Flyers,Calgary Flames,2025_12_31_Philadelphia_Flyers_Calgary_Flames,total,under,5.5,under_total,-110.0,1.9090909090909087,0.5809777173940458,0.0064831571272543,0.0071314728399798,nhl,1.0,5.0,6.0,,,-4.0,4.0,1.5,-1.5,5.5,NHL,Loss,0.0064831571272543,-110.0
2025_12_31,St Louis Blues,Colorado Avalanche,2025_12_31_St_Louis_Blues_Colorado_Avalanche,puck_line,home,-1.5,home_puck_line,-125.0,1.8,0.7209338874839804,0.041189160927104,0.0514864511588799,nhl,1.0,6.0,7.0,,,-5.0,5.0,1.5,-1.5,6.0,NHL,Win,0.041189160927104,-125.0
2025_12_31,Tampa Bay Lightning,Anaheim Ducks,2025_12_31_Tampa_Bay_Lightning_Anaheim_Ducks,total,under,6.5,under_total,-110.0,1.9090909090909087,0.6643179579143454,0.0626742572355947,0.0689416829591543,nhl,4.0,3.0,7.0,,,1.0,-1.0,-1.5,1.5,6.5,NHL,Loss,0.0626742572355947,-110.0
2026_01_01,Dallas Stars,Chicago Blackhawks,2026_01_01_Dallas_Stars_Chicago_Blackhawks,puck_line,away,-1.5,away_puck_line,140.0,2.4,0.3007612495776175,0.0323682488285244,0.0231201777346602,nhl,3.0,4.0,7.0,,,-1.0,1.0,-1.5,1.5,5.5,NHL,Loss,0.0323682488285244,140.0
2026_01_01,Detroit Red Wings,Pittsburgh Penguins,2026_01_01_Detroit_Red_Wings_Pittsburgh_Penguins,puck_line,away,1.5,away_puck_line,-225.0,1.4444444444444444,0.9235467963004472,0.00600304438646,0.0135068498695352,nhl,3.0,4.0,7.0,,,-1.0,1.0,1.5,-1.5,6.0,NHL,Win,0.00600304438646,-225.0
2026_01_01,Montreal Canadiens,Carolina Hurricanes,2026_01_01_Montreal_Canadiens_Carolina_Hurricanes,puck_line,home,-1.5,home_puck_line,135.0,2.35,0.3004748665121928,0.0105990406411158,0.0078511412156414,nhl,7.0,5.0,12.0,,,2.0,-2.0,1.5,-1.5,6.0,NHL,Loss,0.0105990406411158,135.0
2026_01_01,Nashville Predators,Seattle Kraken,2026_01_01_Nashville_Predators_Seattle_Kraken,puck_line,away,1.5,away_puck_line,-255.0,1.392156862745098,0.975342456389952,0.076277180461411,0.1945068101765984,nhl,1.0,4.0,5.0,,,-3.0,3.0,1.5,-1.5,5.5,NHL,Loss,0.076277180461411,-255.0
2026_01_01,Tampa Bay Lightning,Los Angeles Kings,2026_01_01_Tampa_Bay_Lightning_Los_Angeles_Kings,total,under,5.5,under_total,105.0,2.05,0.555783785576092,0.0632604867805763,0.060248082648168,nhl,5.0,3.0,8.0,,,2.0,-2.0,1.5,-1.5,5.5,NHL,Loss,0.0632604867805763,105.0
2026_01_02,Florida Panthers,New York Rangers,2026_01_02_Florida_Panthers_New_York_Rangers,puck_line,home,-1.5,home_puck_line,180.0,2.8,0.147926016984736,0.0026584731267551,0.0014769295148639,nhl,5.0,1.0,6.0,,,4.0,-4.0,1.5,-1.5,5.5,NHL,Loss,0.0026584731267551,180.0
2026_01_02,Minnesota Wild,Anaheim Ducks,2026_01_02_Minnesota_Wild_Anaheim_Ducks,total,under,6.5,under_total,-115.0,1.869565217391304,0.6512590774695327,0.0317401265541541,0.0365011455372772,nhl,5.0,2.0,7.0,,,3.0,-3.0,-1.5,1.5,6.5,NHL,Loss,0.0317401265541541,-115.0
2026_01_03,Buffalo Sabres,Columbus Blue Jackets,2026_01_03_Buffalo_Sabres_Columbus_Blue_Jackets,puck_line,home,1.5,home_puck_line,-260.0,1.3846153846153846,0.9644761652889958,0.0389411190792632,0.1012469096060845,nhl,1.0,5.0,6.0,,,-4.0,4.0,-1.5,1.5,6.5,NHL,Win,0.0389411190792632,-260.0
2026_01_03,Minnesota Wild,Los Angeles Kings,2026_01_03_Minnesota_Wild_Los_Angeles_Kings,puck_line,away,1.5,away_puck_line,-205.0,1.4878048780487805,0.919586399874914,0.0304359496224764,0.0623936967260766,nhl,4.0,5.0,9.0,,,-1.0,1.0,1.5,-1.5,6.0,NHL,Win,0.0304359496224764,-205.0
2026_01_03,Montreal Canadiens,St Louis Blues,2026_01_03_Montreal_Canadiens_St_Louis_Blues,puck_line,away,-1.5,away_puck_line,203.0,3.03,0.149654450826185,0.0881901085350054,0.0434434032192145,nhl,0.0,2.0,2.0,,,-2.0,2.0,-1.5,1.5,6.0,NHL,Loss,0.0881901085350054,203.0
2026_01_03,Pittsburgh Penguins,Detroit Red Wings,2026_01_03_Pittsburgh_Penguins_Detroit_Red_Wings,puck_line,home,-1.5,home_puck_line,177.0,2.77,0.1797188759749819,0.0418298923237452,0.0236327075275396,nhl,4.0,1.0,5.0,,,3.0,-3.0,1.5,-1.5,6.0,NHL,Loss,0.0418298923237452,177.0
2026_01_03,Toronto Maple Leafs,New York Islanders,2026_01_03_Toronto_Maple_Leafs_New_York_Islanders,puck_line,home,1.5,home_puck_line,-285.0,1.350877192982456,0.978555676394342,0.0555051993975139,0.1581898182829149,nhl,3.0,4.0,7.0,,,-1.0,1.0,-1.5,1.5,6.0,NHL,Win,0.0555051993975139,-285.0
2026_01_03,Utah Mammoth,New Jersey Devils,2026_01_03_Utah_Mammoth_New_Jersey_Devils,puck_line,away,1.5,away_puck_line,-245.0,1.4081632653061225,0.9563608246016504,0.0374412160234116,0.0917309792573584,nhl,1.0,4.0,5.0,,,-3.0,3.0,1.5,-1.5,6.0,NHL,Loss,0.0374412160234116,-245.0
2026_01_03,Winnipeg Jets,Ottawa Senators,2026_01_03_Winnipeg_Jets_Ottawa_Senators,puck_line,home,-1.5,home_puck_line,189.0,2.89,0.1762291901387981,0.0815765752464712,0.043162209125117,nhl,2.0,4.0,6.0,,,-2.0,2.0,1.5,-1.5,5.5,NHL,Win,0.0815765752464712,189.0
2026_01_04,Pittsburgh Penguins,Columbus Blue Jackets,2026_01_04_Pittsburgh_Penguins_Columbus_Blue_Jackets,puck_line,home,-1.5,home_puck_line,189.0,2.89,0.1429593077877215,0.0260541623626211,0.0137852710913339,nhl,5.0,4.0,9.0,,,1.0,-1.0,1.5,-1.5,6.0,NHL,Loss,0.0260541623626211,189.0
2026_01_04,Vegas Golden Knights,Chicago Blackhawks,2026_01_04_Vegas_Golden_Knights_Chicago_Blackhawks,puck_line,home,1.5,home_puck_line,-125.0,1.8,0.6692388621058085,0.0052282107869123,0.0065352634836403,nhl,2.0,3.0,5.0,,,-1.0,1.0,-1.5,1.5,6.0,NHL,Win,0.0052282107869123,-125.0
2026_01_05,Anaheim Ducks,Washington Capitals,2026_01_05_Anaheim_Ducks_Washington_Capitals,total,under,6.5,under_total,-120.0,1.8333333333333333,0.6424504709388739,0.0059132601471532,0.0070959121765839,nhl,4.0,7.0,11.0,,,-3.0,3.0,1.5,-1.5,6.5,NHL,Loss,0.0059132601471532,-120.0
2026_01_05,Detroit Red Wings,Ottawa Senators,2026_01_05_Detroit_Red_Wings_Ottawa_Senators,puck_line,home,-1.5,home_puck_line,170.0,2.7,0.189139077109281,0.0287644719590673,0.0169202776229808,nhl,5.0,3.0,8.0,,,2.0,-2.0,1.5,-1.5,6.0,NHL,Loss,0.0287644719590673,170.0
2026_01_05,Minnesota Wild,Los Angeles Kings,2026_01_05_Minnesota_Wild_Los_Angeles_Kings,total,under,5.5,under_total,-105.0,1.9523809523809523,0.5859898474226767,0.0326507689314459,0.0342833073780183,nhl,2.0,4.0,6.0,,,-2.0,2.0,1.5,-1.5,5.5,NHL,Loss,0.0326507689314459,-105.0
2026_01_05,Seattle Kraken,Calgary Flames,2026_01_05_Seattle_Kraken_Calgary_Flames,puck_line,home,-1.5,home_puck_line,170.0,2.7,0.2188472759701634,0.0679266203975295,0.0399568355279585,nhl,5.0,1.0,6.0,,,4.0,-4.0,1.5,-1.5,5.5,NHL,Loss,0.0679266203975295,170.0
2026_01_05,Seattle Kraken,Calgary Flames,2026_01_05_Seattle_Kraken_Calgary_Flames,total,under,5.5,under_total,-102.0,1.9803921568627447,0.5355295093128606,0.0136853877632514,0.0139590955185164,nhl,5.0,1.0,6.0,,,4.0,-4.0,1.5,-1.5,5.5,NHL,Loss,0.0136853877632514,-102.0
2026_01_05,Utah Mammoth,New York Rangers,2026_01_05_Utah_Mammoth_New_York_Rangers,puck_line,away,1.5,away_puck_line,-245.0,1.4081632653061225,0.9573340971803777,0.0395832747383497,0.0969790231089568,nhl,3.0,2.0,5.0,,,1.0,-1.0,1.5,-1.5,5.5,NHL,Win,0.0395832747383497,-245.0
2026_01_06,Anaheim Ducks,Philadelphia Flyers,2026_01_06_Anaheim_Ducks_Philadelphia_Flyers,puck_line,home,-1.5,home_puck_line,161.0,2.6100000000000003,0.2315014073514507,0.0474559804180076,0.0294757642347874,nhl,2.0,5.0,7.0,,,-3.0,3.0,1.5,-1.5,6.0,NHL,Win,0.0474559804180076,161.0
2026_01_06,Boston Bruins,Seattle Kraken,2026_01_06_Boston_Bruins_Seattle_Kraken,puck_line,home,1.5,home_puck_line,-240.0,1.4166666666666667,0.9381115628369524,0.0089748350153513,0.0215396040368433,nhl,4.0,7.0,11.0,,,-3.0,3.0,-1.5,1.5,6.0,NHL,Win,0.0089748350153513,-240.0
2026_01_06,Columbus Blue Jackets,San Jose Sharks,2026_01_06_Columbus_Blue_Jackets_San_Jose_Sharks,total,under,6.5,under_total,-105.0,1.9523809523809523,0.5604388668176176,0.0156953888388617,0.0164801582808049,nhl,2.0,5.0,7.0,,,-3.0,3.0,-1.5,1.5,6.5,NHL,Loss,0.0156953888388617,-105.0
2026_01_06,Nashville Predators,Edmonton Oilers,2026_01_06_Nashville_Predators_Edmonton_Oilers,puck_line,home,-1.5,home_puck_line,149.0,2.49,0.2650775715772619,0.0354175251083794,0.0237701510794493,nhl,2.0,6.0,8.0,,,-4.0,4.0,1.5,-1.5,6.0,NHL,Win,0.0354175251083794,149.0
2026_01_06,New Jersey Devils,New York Islanders,2026_01_06_New_Jersey_Devils_New_York_Islanders,puck_line,home,1.5,home_puck_line,-255.0,1.392156862745098,0.9752765986938708,0.0760545013794706,0.1939389785176501,nhl,0.0,9.0,9.0,,,-9.0,9.0,-1.5,1.5,5.5,NHL,Win,0.0760545013794706,-255.0
2026_01_07,Dallas Stars,Washington Capitals,2026_01_07_Dallas_Stars_Washington_Capitals,puck_line,away,1.5,away_puck_line,-210.0,1.4761904761904765,0.9290522534429752,0.0364608519535682,0.0765677891024933,nhl,4.0,1.0,5.0,,,3.0,-3.0,1.5,-1.5,6.0,NHL,Win,0.0364608519535682,-210.0
2026_01_07,St Louis Blues,Chicago Blackhawks,2026_01_07_St_Louis_Blues_Chicago_Blackhawks,puck_line,home,1.5,home_puck_line,-255.0,1.392156862745098,0.958064666138416,0.029381293515069,0.0749222984634261,nhl,3.0,7.0,10.0,,,-4.0,4.0,-1.5,1.5,5.5,NHL,Win,0.029381293515069,-255.0
2026_01_08,Anaheim Ducks,Carolina Hurricanes,2026_01_08_Anaheim_Ducks_Carolina_Hurricanes,total,under,6.5,under_total,-105.0,1.9523809523809523,0.5973791160675018,0.0402918313951812,0.0423064229649404,nhl,2.0,5.0,7.0,,,-3.0,3.0,1.5,-1.5,6.5,NHL,Loss,0.0402918313951812,-105.0
2026_01_08,Buffalo Sabres,New York Rangers,2026_01_08_Buffalo_Sabres_New_York_Rangers,puck_line,home,1.5,home_puck_line,-280.0,1.3571428571428572,0.9861449824288956,0.0933247418407232,0.2613092771540252,nhl,5.0,2.0,7.0,,,3.0,-3.0,-1.5,1.5,6.0,NHL,Loss,0.0933247418407232,-280.0
2026_01_08,Columbus Blue Jackets,Vegas Golden Knights,2026_01_08_Columbus_Blue_Jackets_Vegas_Golden_Knights,puck_line,home,-1.5,home_puck_line,140.0,2.4,0.2718648163939633,0.0047154965533267,0.0033682118238047,nhl,3.0,5.0,8.0,,,-2.0,2.0,1.5,-1.5,6.0,NHL,Win,0.0047154965533267,140.0
2026_01_08,Edmonton Oilers,Winnipeg Jets,2026_01_08_Edmonton_Oilers_Winnipeg_Jets,puck_line,home,1.5,home_puck_line,-260.0,1.3846153846153846,0.9493630446879744,0.0059505007333719,0.0154713019067673,nhl,4.0,3.0,7.0,,,1.0,-1.0,-1.5,1.5,6.0,NHL,Win,0.0059505007333719,-260.0
2026_01_08,Minnesota Wild,Seattle Kraken,2026_01_08_Minnesota_Wild_Seattle_Kraken,puck_line,away,-1.5,away_puck_line,164.0,2.64,0.2151069247522298,0.0395664837085281,0.024125904700322,nhl,3.0,2.0,5.0,,,1.0,-1.0,-1.5,1.5,6.0,NHL,Loss,0.0395664837085281,164.0
2026_01_08,New Jersey Devils,Pittsburgh Penguins,2026_01_08_New_Jersey_Devils_Pittsburgh_Penguins,puck_line,away,1.5,away_puck_line,-260.0,1.3846153846153846,0.9499610249018254,0.0070965348135327,0.018450990515185,nhl,1.0,4.0,5.0,,,-3.0,3.0,1.5,-1.5,6.0,NHL,Loss,0.0070965348135327,-260.0
2026_01_08,New York Islanders,Nashville Predators,2026_01_08_New_York_Islanders_Nashville_Predators,puck_line,away,1.5,away_puck_line,-265.0,1.3773584905660377,0.973193877515587,0.0578764258722586,0.1533725285614853,nhl,1.0,2.0,3.0,,,-1.0,1.0,1.5,-1.5,5.5,NHL,Win,0.0578764258722586,-265.0
2026_01_08,New York Islanders,Nashville Predators,2026_01_08_New_York_Islanders_Nashville_Predators,total,over,5.5,over_total,-118.0,1.847457627118644,0.6536025817941655,0.0211134625965017,0.0249138858638719,nhl,1.0,2.0,3.0,,,-1.0,1.0,1.5,-1.5,5.5,NHL,Loss,0.0211134625965017,-118.0
2026_01_08,Vancouver Canucks,Detroit Red Wings,2026_01_08_Vancouver_Canucks_Detroit_Red_Wings,puck_line,home,-1.5,home_puck_line,157.0,2.5700000000000003,0.2663919827382616,0.0700860532962175,0.0446407982778455,nhl,1.0,5.0,6.0,,,-4.0,4.0,1.5,-1.5,6.0,NHL,Win,0.0700860532962175,157.0
2026_01_09,St Louis Blues,Utah Mammoth,2026_01_09_St_Louis_Blues_Utah_Mammoth,puck_line,home,-1.5,home_puck_line,140.0,2.4,0.3300637407176996,0.0590739315589885,0.0421956653992774,nhl,2.0,4.0,6.0,,,-2.0,2.0,1.5,-1.5,5.5,NHL,Win,0.0590739315589885,140.0
2026_01_09,Washington Capitals,Chicago Blackhawks,2026_01_09_Washington_Capitals_Chicago_Blackhawks,puck_line,away,-1.5,away_puck_line,165.0,2.65,0.2348539339167124,0.0674907009371943,0.0409034551134511,nhl,5.0,1.0,6.0,,,4.0,-4.0,-1.5,1.5,6.0,NHL,Win,0.0674907009371943,165.0
2026_01_10,Anaheim Ducks,Buffalo Sabres,2026_01_10_Anaheim_Ducks_Buffalo_Sabres,puck_line,home,-1.5,home_puck_line,167.0,2.67,0.1772670115877445,0.0007290488229365,0.0004365561813991,nhl,3.0,5.0,8.0,,,-2.0,2.0,1.5,-1.5,6.5,NHL,Win,0.0007290488229365,167.0
2026_01_10,Anaheim Ducks,Buffalo Sabres,2026_01_10_Anaheim_Ducks_Buffalo_Sabres,total,under,6.5,under_total,105.0,2.05,0.4720210433562653,0.0058632770144551,0.0055840733471001,nhl,3.0,5.0,8.0,,,-2.0,2.0,1.5,-1.5,6.5,NHL,Loss,0.0058632770144551,105.0
2026_01_10,Columbus Blue Jackets,Colorado Avalanche,2026_01_10_Columbus_Blue_Jackets_Colorado_Avalanche,total,under,6.5,under_total,110.0,2.1,0.5743549215947868,0.1023937450379943,0.0930852227618129,nhl,0.0,4.0,4.0,,,-4.0,4.0,1.5,-1.5,6.5,NHL,Win,0.1023937450379943,110.0
2026_01_10,Dallas Stars,San Jose Sharks,2026_01_10_Dallas_Stars_San_Jose_Sharks,puck_line,away,-1.5,away_puck_line,145.0,2.45,0.2892895456066877,0.0428480159017663,0.0295503557943215,nhl,4.0,5.0,9.0,,,-1.0,1.0,-1.5,1.5,6.5,NHL,Loss,0.0428480159017663,145.0
2026_01_10,Dallas Stars,San Jose Sharks,2026_01_10_Dallas_Stars_San_Jose_Sharks,total,under,6.5,under_total,-110.0,1.9090909090909087,0.7417669571061339,0.1207043969493431,0.1327748366442774,nhl,4.0,5.0,9.0,,,-1.0,1.0,-1.5,1.5,6.5,NHL,Loss,0.1207043969493431,-110.0
2026_01_10,New York Rangers,Boston Bruins,2026_01_10_New_York_Rangers_Boston_Bruins,total,under,5.5,under_total,105.0,2.05,0.5152577303475276,0.0354289938872016,0.033741898940192,nhl,2.0,10.0,12.0,,,-8.0,8.0,1.5,-1.5,5.5,NHL,Loss,0.0354289938872016,105.0
2026_01_10,Vancouver Canucks,Toronto Maple Leafs,2026_01_10_Vancouver_Canucks_Toronto_Maple_Leafs,puck_line,home,-1.5,home_puck_line,146.0,2.46,0.2896517200079064,0.047457554018482,0.0325051739852616,nhl,0.0,5.0,5.0,,,-5.0,5.0,1.5,-1.5,6.0,NHL,Win,0.047457554018482,146.0
2026_01_11,Columbus Blue Jackets,Utah Mammoth,2026_01_11_Columbus_Blue_Jackets_Utah_Mammoth,puck_line,home,-1.5,home_puck_line,145.0,2.45,0.327770903642519,0.0790468637455763,0.054515078445225,nhl,3.0,2.0,5.0,,,1.0,-1.0,1.5,-1.5,6.0,NHL,Loss,0.0790468637455763,145.0
2026_01_11,New Jersey Devils,Winnipeg Jets,2026_01_11_New_Jersey_Devils_Winnipeg_Jets,total,under,5.5,under_total,105.0,2.05,0.4649236836451514,0.0009961368534967,0.0009487017652348,nhl,3.0,4.0,7.0,,,-1.0,1.0,1.5,-1.5,5.5,NHL,Loss,0.0009961368534967,105.0
2026_01_11,Pittsburgh Penguins,Boston Bruins,2026_01_11_Pittsburgh_Penguins_Boston_Bruins,puck_line,home,1.5,home_puck_line,-260.0,1.3846153846153846,0.9731654669514584,0.063360555829399,0.1647374451564376,nhl,0.0,1.0,1.0,,,-1.0,1.0,-1.5,1.5,6.0,NHL,Win,0.063360555829399,-260.0
2026_01_11,Vegas Golden Knights,San Jose Sharks,2026_01_11_Vegas_Golden_Knights_San_Jose_Sharks,puck_line,away,-1.5,away_puck_line,153.0,2.53,0.2813999783954685,0.068930998134713,0.0450529399573288,nhl,7.0,2.0,9.0,,,5.0,-5.0,-1.5,1.5,6.5,NHL,Win,0.068930998134713,153.0
2026_01_11,Vegas Golden Knights,San Jose Sharks,2026_01_11_Vegas_Golden_Knights_San_Jose_Sharks,total,under,6.5,under_total,100.0,2.0,0.7417669571061339,0.1740712729945501,0.1740712729945501,nhl,7.0,2.0,9.0,,,5.0,-5.0,-1.5,1.5,6.5,NHL,Loss,0.1740712729945501,100.0
2026_01_12,Carolina Hurricanes,Detroit Red Wings,2026_01_12_Carolina_Hurricanes_Detroit_Red_Wings,puck_line,away,-1.5,away_puck_line,165.0,2.65,0.1892305571043433,0.00983752304692,0.0059621351799515,nhl,3.0,4.0,7.0,,,-1.0,1.0,-1.5,1.5,6.0,NHL,Loss,0.00983752304692,165.0
2026_01_12,Dallas Stars,Los Angeles Kings,2026_01_12_Dallas_Stars_Los_Angeles_Kings,total,under,5.5,under_total,100.0,2.0,0.5203237582845405,0.0135558112393772,0.0135558112393772,nhl,3.0,1.0,4.0,,,2.0,-2.0,-1.5,1.5,5.5,NHL,Win,0.0135558112393772,100.0
2026_01_12,Edmonton Oilers,Chicago Blackhawks,2026_01_12_Edmonton_Oilers_Chicago_Blackhawks,puck_line,away,-1.5,away_puck_line,149.0,2.49,0.2643324602767971,0.0346457617520257,0.0232521890953192,nhl,4.0,1.0,5.0,,,3.0,-3.0,-1.5,1.5,6.0,NHL,Win,0.0346457617520257,149.0
2026_01_12,Florida Panthers,Buffalo Sabres,2026_01_12_Florida_Panthers_Buffalo_Sabres,puck_line,away,1.5,away_puck_line,-255.0,1.392156862745098,0.9663220327151484,0.0493824117843588,0.125925150050115,nhl,4.0,3.0,7.0,,,1.0,-1.0,1.5,-1.5,6.0,NHL,Win,0.0493824117843588,-255.0
2026_01_12,New Jersey Devils,Minnesota Wild,2026_01_12_New_Jersey_Devils_Minnesota_Wild,puck_line,home,-1.5,home_puck_line,153.0,2.53,0.2653304622101708,0.0523166002838699,0.0341938563946861,nhl,5.0,2.0,7.0,,,3.0,-3.0,1.5,-1.5,6.0,NHL,Loss,0.0523166002838699,153.0
2026_01_12,Seattle Kraken,New York Rangers,2026_01_12_Seattle_Kraken_New_York_Rangers,moneyline,home,,home_moneyline,-150.0,1.6666666666666663,0.7865338582787931,0.0116666666666664,0.0174999999999996,nhl,4.0,2.0,6.0,,,2.0,-2.0,1.5,-1.5,5.5,NHL,Loss,0.0116666666666664,-150.0
2026_01_12,Toronto Maple Leafs,Colorado Avalanche,2026_01_12_Toronto_Maple_Leafs_Colorado_Avalanche,total,under,6.5,under_total,-115.0,1.869565217391304,0.6814159481295166,0.0526031297592235,0.060493599223107,nhl,4.0,3.0,7.0,,,1.0,-1.0,1.5,-1.5,6.5,NHL,Loss,0.0526031297592235,-115.0
2026_01_12,Vancouver Canucks,Montreal Canadiens,2026_01_12_Vancouver_Canucks_Montreal_Canadiens,puck_line,home,-1.5,home_puck_line,140.0,2.4,0.2947692613926689,0.0267525469041025,0.0191089620743588,nhl,3.0,6.0,9.0,,,-3.0,3.0,1.5,-1.5,6.0,NHL,Win,0.0267525469041025,140.0
2026_01_13,Carolina Hurricanes,St Louis Blues,2026_01_13_Carolina_Hurricanes_St_Louis_Blues,moneyline,away,,away_moneyline,-150.0,1.6666666666666663,0.827917419906937,0.0466666666666664,0.0699999999999996,nhl,0.0,3.0,3.0,,,-3.0,3.0,-1.5,1.5,6.0,NHL,Loss,0.0466666666666664,-150.0
2026_01_13,Dallas Stars,Anaheim Ducks,2026_01_13_Dallas_Stars_Anaheim_Ducks,puck_line,away,-1.5,away_puck_line,211.0,3.11,0.1039952143372922,0.0196535141678022,0.0093144616909015,nhl,1.0,3.0,4.0,,,-2.0,2.0,-1.5,1.5,6.0,NHL,Loss,0.0196535141678022,211.0
2026_01_13,Detroit Red Wings,Boston Bruins,2026_01_13_Detroit_Red_Wings_Boston_Bruins,puck_line,away,1.5,away_puck_line,-225.0,1.4444444444444444,0.92498017401957,0.0080845452313464,0.0181902267705297,nhl,0.0,3.0,3.0,,,-3.0,3.0,1.5,-1.5,6.0,NHL,Loss,0.0080845452313464,-225.0
2026_01_13,Montreal Canadiens,Washington Capitals,2026_01_13_Montreal_Canadiens_Washington_Capitals,puck_line,home,-1.5,home_puck_line,157.0,2.5700000000000003,0.2258051244688156,0.0247622848599016,0.0157721559617208,nhl,2.0,3.0,5.0,,,-1.0,1.0,1.5,-1.5,6.0,NHL,Loss,0.0247622848599016,157.0
2026_01_13,New York Islanders,Winnipeg Jets,2026_01_13_New_York_Islanders_Winnipeg_Jets,puck_line,away,1.5,away_puck_line,-225.0,1.4444444444444444,0.939634109026942,0.0313719596766475,0.0705869092724568,nhl,4.0,5.0,9.0,,,-1.0,1.0,1.5,-1.5,5.5,NHL,Win,0.0313719596766475,-225.0
2026_01_13,New York Islanders,Winnipeg Jets,2026_01_13_New_York_Islanders_Winnipeg_Jets,total,under,5.5,under_total,-105.0,1.9523809523809523,0.5507254236066157,0.0093035109712806,0.0097686865198448,nhl,4.0,5.0,9.0,,,-1.0,1.0,1.5,-1.5,5.5,NHL,Loss,0.0093035109712806,-105.0
2026_01_13,Tampa Bay Lightning,Pittsburgh Penguins,2026_01_13_Tampa_Bay_Lightning_Pittsburgh_Penguins,puck_line,away,-1.5,away_puck_line,189.0,2.89,0.1450102897415343,0.0297278544529924,0.0157290235201018,nhl,2.0,1.0,3.0,,,1.0,-1.0,-1.5,1.5,6.0,NHL,Loss,0.0297278544529924,189.0
2026_01_13,Toronto Maple Leafs,Utah Mammoth,2026_01_13_Toronto_Maple_Leafs_Utah_Mammoth,puck_line,home,-1.5,home_puck_line,168.0,2.68,0.229814165225767,0.0735085497929552,0.0437550891624733,nhl,1.0,6.0,7.0,,,-5.0,5.0,1.5,-1.5,6.0,NHL,Win,0.0735085497929552,168.0
2026_01_14,Seattle Kraken,New Jersey Devils,2026_01_14_Seattle_Kraken_New_Jersey_Devils,puck_line,home,-1.5,home_puck_line,165.0,2.65,0.26206152655797,0.0986176182806113,0.0597682535034008,nhl,2.0,3.0,5.0,,,-1.0,1.0,1.5,-1.5,6.0,NHL,Loss,0.0986176182806113,165.0
2026_01_15,Calgary Flames,Chicago Blackhawks,2026_01_15_Calgary_Flames_Chicago_Blackhawks,puck_line,away,1.5,away_puck_line,-270.0,1.3703703703703702,0.9698549562967292,0.042570673717988,0.1149408190385675,nhl,3.0,1.0,4.0,,,2.0,-2.0,1.5,-1.5,6.0,NHL,Win,0.042570673717988,-270.0
2026_01_15,Dallas Stars,Utah Mammoth,2026_01_15_Dallas_Stars_Utah_Mammoth,moneyline,home,,home_moneyline,-110.0,1.9090909090909087,0.5862273495879585,0.0099090909090908,0.0108999999999998,nhl,1.0,2.0,3.0,,,-1.0,1.0,1.5,-1.5,6.0,NHL,Win,0.0099090909090908,-110.0
2026_01_15,Montreal Canadiens,Buffalo Sabres,2026_01_15_Montreal_Canadiens_Buffalo_Sabres,puck_line,away,1.5,away_puck_line,-270.0,1.3703703703703702,0.959494551030184,0.0164475178878549,0.0444082982972081,nhl,3.0,5.0,8.0,,,-2.0,2.0,1.5,-1.5,6.0,NHL,Loss,0.0164475178878549,-270.0
2026_01_15,New York Islanders,Edmonton Oilers,2026_01_15_New_York_Islanders_Edmonton_Oilers,puck_line,away,1.5,away_puck_line,-165.0,1.606060606060606,0.8375858293819798,0.0172640772514964,0.0284857274649691,nhl,1.0,0.0,1.0,,,1.0,-1.0,1.5,-1.5,6.0,NHL,Win,0.0172640772514964,-165.0
2026_01_15,San Jose Sharks,Washington Capitals,2026_01_15_San_Jose_Sharks_Washington_Capitals,puck_line,home,-1.5,home_puck_line,130.0,2.3,0.3193751114907921,0.0057402873179799,0.0044156056292153,nhl,3.0,2.0,5.0,,,1.0,-1.0,1.5,-1.5,6.5,NHL,Loss,0.0057402873179799,130.0
2026_01_15,San Jose Sharks,Washington Capitals,2026_01_15_San_Jose_Sharks_Washington_Capitals,total,under,6.5,under_total,-110.0,1.9090909090909087,0.7063151496084789,0.0931693010523071,0.1024862311575379,nhl,3.0,2.0,5.0,,,1.0,-1.0,1.5,-1.5,6.5,NHL,Win,0.0931693010523071,-110.0
2026_01_15,Seattle Kraken,Boston Bruins,2026_01_15_Seattle_Kraken_Boston_Bruins,puck_line,home,-1.5,home_puck_line,153.0,2.53,0.2637123724306913,0.0506130406402149,0.0330804187190947,nhl,2.0,4.0,6.0,,,-2.0,2.0,1.5,-1.5,6.0,NHL,Win,0.0506130406402149,153.0
2026_01_15,Vancouver Canucks,Columbus Blue Jackets,2026_01_15_Vancouver_Canucks_Columbus_Blue_Jackets,puck_line,home,-1.5,home_puck_line,149.0,2.49,0.286959639405597,0.0575697949034759,0.0386374462439435,nhl,1.0,4.0,5.0,,,-3.0,3.0,1.5,-1.5,6.0,NHL,Win,0.0575697949034759,149.0
2026_01_15,Winnipeg Jets,Minnesota Wild,2026_01_15_Winnipeg_Jets_Minnesota_Wild,puck_line,home,-1.5,home_puck_line,170.0,2.7,0.2106354987893286,0.0574649334949093,0.033802902055829,nhl,6.0,2.0,8.0,,,4.0,-4.0,1.5,-1.5,6.0,NHL,Loss,0.0574649334949093,170.0
2026_01_16,Florida Panthers,Carolina Hurricanes,2026_01_16_Florida_Panthers_Carolina_Hurricanes,puck_line,home,-1.5,home_puck_line,161.0,2.6100000000000003,0.2352747799060406,0.0518675054911028,0.0322158419199395,nhl,1.0,9.0,10.0,,,-8.0,8.0,1.5,-1.5,6.0,NHL,Win,0.0518675054911028,161.0
2026_01_16,Nashville Predators,Colorado Avalanche,2026_01_16_Nashville_Predators_Colorado_Avalanche,puck_line,away,1.5,away_puck_line,100.0,2.0,0.5304649644624948,0.020332363211722,0.020332363211722,nhl,7.0,3.0,10.0,,,4.0,-4.0,1.5,-1.5,6.5,NHL,Win,0.020332363211722,100.0
2026_01_16,Nashville Predators,Colorado Avalanche,2026_01_16_Nashville_Predators_Colorado_Avalanche,total,under,6.5,under_total,-110.0,1.9090909090909087,0.6686272992253978,0.065717787896959,0.0722895666866551,nhl,7.0,3.0,10.0,,,4.0,-4.0,1.5,-1.5,6.5,NHL,Loss,0.065717787896959,-110.0
2026_01_16,San Jose Sharks,Detroit Red Wings,2026_01_16_San_Jose_Sharks_Detroit_Red_Wings,puck_line,away,1.5,away_puck_line,-125.0,1.8,0.661897430341569,0.0003452652221551,0.0004315815276939,nhl,2.0,4.0,6.0,,,-2.0,2.0,1.5,-1.5,6.0,NHL,Loss,0.0003452652221551,-125.0
2026_01_16,Tampa Bay Lightning,St Louis Blues,2026_01_16_Tampa_Bay_Lightning_St_Louis_Blues,puck_line,away,-1.5,away_puck_line,145.0,2.45,0.2925508975081367,0.046005753057555,0.0317281055569344,nhl,2.0,3.0,5.0,,,-1.0,1.0,-1.5,1.5,5.5,NHL,Loss,0.046005753057555,145.0
2026_01_17,Boston Bruins,Chicago Blackhawks,2026_01_17_Boston_Bruins_Chicago_Blackhawks,puck_line,away,-1.5,away_puck_line,211.0,3.11,0.1236579586433491,0.0647740148399609,0.0306985852322089,nhl,5.0,2.0,7.0,,,3.0,-3.0,-1.5,1.5,6.0,NHL,Win,0.0647740148399609,211.0
2026_01_17,Carolina Hurricanes,New Jersey Devils,2026_01_17_Carolina_Hurricanes_New_Jersey_Devils,puck_line,away,-1.5,away_puck_line,215.0,3.15,0.1011260941256982,0.0255677767973121,0.0118919892080521,nhl,4.0,1.0,5.0,,,3.0,-3.0,-1.5,1.5,6.0,NHL,Win,0.0255677767973121,215.0
2026_01_17,Columbus Blue Jackets,Pittsburgh Penguins,2026_01_17_Columbus_Blue_Jackets_Pittsburgh_Penguins,puck_line,away,1.5,away_puck_line,-220.0,1.4545454545454546,0.9151482102080676,0.0013330833925615,0.0029327834636351,nhl,4.0,3.0,7.0,,,1.0,-1.0,1.5,-1.5,6.5,NHL,Win,0.0013330833925615,-220.0
2026_01_17,Edmonton Oilers,Vancouver Canucks,2026_01_17_Edmonton_Oilers_Vancouver_Canucks,puck_line,home,1.5,home_puck_line,-160.0,1.625,0.8115069747818398,0.0063749569744788,0.0101999311591661,nhl,6.0,0.0,6.0,,,6.0,-6.0,-1.5,1.5,6.5,NHL,Loss,0.0063749569744788,-160.0
2026_01_17,Edmonton Oilers,Vancouver Canucks,2026_01_17_Edmonton_Oilers_Vancouver_Canucks,total,under,6.5,under_total,-110.0,1.9090909090909087,0.6110581349709757,0.0262812074463913,0.0289093281910305,nhl,6.0,0.0,6.0,,,6.0,-6.0,-1.5,1.5,6.5,NHL,Win,0.0262812074463913,-110.0
2026_01_17,Los Angeles Kings,Anaheim Ducks,2026_01_17_Los_Angeles_Kings_Anaheim_Ducks,puck_line,home,1.5,home_puck_line,-250.0,1.4,0.9633384276189472,0.047618018252673,0.1190450456316827,nhl,1.0,2.0,3.0,,,-1.0,1.0,-1.5,1.5,6.0,NHL,Win,0.047618018252673,-250.0
2026_01_17,Minnesota Wild,Buffalo Sabres,2026_01_17_Minnesota_Wild_Buffalo_Sabres,puck_line,home,-1.5,home_puck_line,203.0,3.03,0.119000071985309,0.0274705177851792,0.0135322747710243,nhl,5.0,4.0,9.0,,,1.0,-1.0,1.5,-1.5,6.0,NHL,Loss,0.0274705177851792,203.0
2026_01_17,Montreal Canadiens,Ottawa Senators,2026_01_17_Montreal_Canadiens_Ottawa_Senators,moneyline,home,,home_moneyline,-125.0,1.8,0.6813622659951813,0.0133999999999998,0.0167499999999998,nhl,6.0,5.0,11.0,,,1.0,-1.0,1.5,-1.5,6.0,NHL,Loss,0.0133999999999998,-125.0
2026_01_17,Montreal Canadiens,Ottawa Senators,2026_01_17_Montreal_Canadiens_Ottawa_Senators,puck_line,home,-1.5,home_puck_line,192.0,2.92,0.1519238474091994,0.0526584180262852,0.0274262593886902,nhl,6.0,5.0,11.0,,,1.0,-1.0,1.5,-1.5,6.0,NHL,Loss,0.0526584180262852,192.0
2026_01_17,New York Islanders,Calgary Flames,2026_01_17_New_York_Islanders_Calgary_Flames,total,under,5.5,under_total,-105.0,1.9523809523809523,0.545662910134562,0.005981388291687,0.0062804577062713,nhl,2.0,4.0,6.0,,,-2.0,2.0,-1.5,1.5,5.5,NHL,Loss,0.005981388291687,-105.0
2026_01_17,New York Rangers,Philadelphia Flyers,2026_01_17_New_York_Rangers_Philadelphia_Flyers,puck_line,away,1.5,away_puck_line,-205.0,1.4878048780487805,0.93734518283062,0.058305392873075,0.1195260553898038,nhl,6.0,3.0,9.0,,,3.0,-3.0,1.5,-1.5,6.0,NHL,Win,0.058305392873075,-205.0
2026_01_17,Seattle Kraken,Utah Mammoth,2026_01_17_Seattle_Kraken_Utah_Mammoth,moneyline,home,,home_moneyline,-175.0,1.5714285714285714,0.8586967778103382,0.0151428571428571,0.0264999999999999,nhl,3.0,6.0,9.0,,,-3.0,3.0,1.5,-1.5,5.5,NHL,Win,0.0151428571428571,-175.0
2026_01_17,Seattle Kraken,Utah Mammoth,2026_01_17_Seattle_Kraken_Utah_Mammoth,puck_line,home,-1.5,home_puck_line,149.0,2.49,0.3257961114438062,0.0948280993413219,0.0636430196921623,nhl,3.0,6.0,9.0,,,-3.0,3.0,1.5,-1.5,5.5,NHL,Win,0.0948280993413219,149.0
2026_01_17,Seattle Kraken,Utah Mammoth,2026_01_17_Seattle_Kraken_Utah_Mammoth,total,under,5.5,under_total,-102.0,1.9803921568627447,0.5405972653230001,0.0170481217335563,0.0173890841682275,nhl,3.0,6.0,9.0,,,-3.0,3.0,1.5,-1.5,5.5,NHL,Loss,0.0170481217335563,-102.0
2026_01_18,Ottawa Senators,Detroit Red Wings,2026_01_18_Ottawa_Senators_Detroit_Red_Wings,puck_line,home,-1.5,home_puck_line,177.0,2.77,0.1657056393799547,0.0206587018806465,0.0116715829834161,nhl,3.0,4.0,7.0,,,-1.0,1.0,1.5,-1.5,6.5,NHL,Loss,0.0206587018806465,177.0
2026_01_18,Ottawa Senators,Detroit Red Wings,2026_01_18_Ottawa_Senators_Detroit_Red_Wings,total,under,6.5,under_total,-105.0,1.9523809523809523,0.7379484026322515,0.1429852464124246,0.1501345087330457,nhl,3.0,4.0,7.0,,,-1.0,1.0,1.5,-1.5,6.5,NHL,Loss,0.1429852464124246,-105.0
2026_01_18,St Louis Blues,Edmonton Oilers,2026_01_18_St_Louis_Blues_Edmonton_Oilers,puck_line,away,1.5,away_puck_line,-160.0,1.625,0.8728568490123835,0.0647648492226948,0.1036237587563118,nhl,0.0,5.0,5.0,,,-5.0,5.0,1.5,-1.5,6.0,NHL,Loss,0.0647648492226948,-160.0
2026_01_19,Buffalo Sabres,Carolina Hurricanes,2026_01_19_Buffalo_Sabres_Carolina_Hurricanes,puck_line,home,-1.5,home_puck_line,125.0,2.25,0.3466545521740275,0.0066067667836704,0.0052854134269364,nhl,1.0,2.0,3.0,,,-1.0,1.0,1.5,-1.5,6.0,NHL,Loss,0.0066067667836704,125.0
2026_01_19,New Jersey Devils,Calgary Flames,2026_01_19_New_Jersey_Devils_Calgary_Flames,puck_line,home,1.5,home_puck_line,-245.0,1.4081632653061225,0.9583133072995724,0.0417776944201362,0.1023553513293337,nhl,2.0,1.0,3.0,,,1.0,-1.0,-1.5,1.5,6.0,NHL,Win,0.0417776944201362,-245.0
2026_01_19,New York Islanders,Vancouver Canucks,2026_01_19_New_York_Islanders_Vancouver_Canucks,puck_line,away,-1.5,away_puck_line,180.0,2.8,0.1756936868024584,0.0470871573760236,0.0261595318755686,nhl,4.0,3.0,7.0,,,1.0,-1.0,-1.5,1.5,6.0,NHL,Loss,0.0470871573760236,180.0
2026_01_19,New York Rangers,Anaheim Ducks,2026_01_19_New_York_Rangers_Anaheim_Ducks,puck_line,away,1.5,away_puck_line,-210.0,1.4761904761904765,0.9306031840109664,0.0389032613317843,0.0816968487967469,nhl,3.0,5.0,8.0,,,-2.0,2.0,1.5,-1.5,6.5,NHL,Loss,0.0389032613317843,-210.0
2026_01_19,New York Rangers,Anaheim Ducks,2026_01_19_New_York_Rangers_Anaheim_Ducks,total,under,6.5,under_total,-110.0,1.9090909090909087,0.685630430536876,0.077905951447754,0.0856965465925296,nhl,3.0,5.0,8.0,,,-2.0,2.0,1.5,-1.5,6.5,NHL,Loss,0.077905951447754,-110.0
2026_01_19,Pittsburgh Penguins,Seattle Kraken,2026_01_19_Pittsburgh_Penguins_Seattle_Kraken,puck_line,home,1.5,home_puck_line,-240.0,1.4166666666666667,0.9524807166921416,0.0354744973858005,0.0851387937259215,nhl,6.0,3.0,9.0,,,3.0,-3.0,-1.5,1.5,6.0,NHL,Loss,0.0354744973858005,-240.0
2026_01_19,San Jose Sharks,Florida Panthers,2026_01_19_San_Jose_Sharks_Florida_Panthers,puck_line,home,-1.5,home_puck_line,130.0,2.3,0.3445872468716173,0.0272435339642673,0.0209565645878979,nhl,4.0,1.0,5.0,,,3.0,-3.0,1.5,-1.5,6.0,NHL,Loss,0.0272435339642673,130.0
2026_01_20,Boston Bruins,Dallas Stars,2026_01_20_Boston_Bruins_Dallas_Stars,puck_line,home,-1.5,home_puck_line,151.0,2.51,0.2897820156584731,0.0688768661153012,0.0456138186194047,nhl,2.0,6.0,8.0,,,-4.0,4.0,1.5,-1.5,6.0,NHL,Win,0.0688768661153012,151.0
2026_01_20,Buffalo Sabres,Nashville Predators,2026_01_20_Buffalo_Sabres_Nashville_Predators,puck_line,away,1.5,away_puck_line,-210.0,1.4761904761904765,0.935850771916496,0.0474963995177322,0.0997424389872375,nhl,5.0,3.0,8.0,,,2.0,-2.0,1.5,-1.5,6.0,NHL,Win,0.0474963995177322,-210.0
2026_01_20,Minnesota Wild,Montreal Canadiens,2026_01_20_Minnesota_Wild_Montreal_Canadiens,puck_line,home,-1.5,home_puck_line,180.0,2.8,0.1499996416191809,0.0061704297008762,0.0034280165004867,nhl,3.0,4.0,7.0,,,-1.0,1.0,1.5,-1.5,6.0,NHL,Loss,0.0061704297008762,180.0
2026_01_20,New Jersey Devils,Edmonton Oilers,2026_01_20_New_Jersey_Devils_Edmonton_Oilers,puck_line,home,-1.5,home_puck_line,157.0,2.5700000000000003,0.2542298609316632,0.0569586352194309,0.0362793854900833,nhl,2.0,1.0,3.0,,,1.0,-1.0,1.5,-1.5,6.0,NHL,Loss,0.0569586352194309,157.0
2026_01_20,New York Rangers,Los Angeles Kings,2026_01_20_New_York_Rangers_Los_Angeles_Kings,total,under,5.5,under_total,100.0,2.0,0.5608369766652426,0.0407373714267786,0.0407373714267786,nhl,3.0,4.0,7.0,,,-1.0,1.0,1.5,-1.5,5.5,NHL,Loss,0.0407373714267786,100.0
2026_01_20,Ottawa Senators,Columbus Blue Jackets,2026_01_20_Ottawa_Senators_Columbus_Blue_Jackets,puck_line,home,1.5,home_puck_line,-250.0,1.4,0.9412414510332394,0.0023663358580385,0.0059158396450961,nhl,4.0,1.0,5.0,,,3.0,-3.0,-1.5,1.5,6.5,NHL,Loss,0.0023663358580385,-250.0
2026_01_21,New York Islanders,Seattle Kraken,2026_01_21_New_York_Islanders_Seattle_Kraken,puck_line,away,-1.5,away_puck_line,215.0,3.15,0.0959703497351145,0.0122298542801775,0.0056883043163616,nhl,1.0,4.0,5.0,,,-3.0,3.0,-1.5,1.5,5.5,NHL,Loss,0.0122298542801775,215.0
2026_01_21,New York Islanders,Seattle Kraken,2026_01_21_New_York_Islanders_Seattle_Kraken,total,under,5.5,under_total,100.0,2.0,0.5051355611721644,0.0034238144728369,0.0034238144728369,nhl,1.0,4.0,5.0,,,-3.0,3.0,-1.5,1.5,5.5,NHL,Win,0.0034238144728369,100.0
2026_01_21,Philadelphia Flyers,Utah Mammoth,2026_01_21_Philadelphia_Flyers_Utah_Mammoth,moneyline,home,,home_moneyline,-160.0,1.625,0.8147816298826563,0.009125,0.0145999999999999,nhl,4.0,5.0,9.0,,,-1.0,1.0,1.5,-1.5,6.0,NHL,Win,0.009125,-160.0
2026_01_21,Philadelphia Flyers,Utah Mammoth,2026_01_21_Philadelphia_Flyers_Utah_Mammoth,puck_line,home,-1.5,home_puck_line,153.0,2.53,0.2890084762193349,0.0766182748428585,0.0500773038188618,nhl,4.0,5.0,9.0,,,-1.0,1.0,1.5,-1.5,6.0,NHL,Loss,0.0766182748428585,153.0
2026_01_21,Pittsburgh Penguins,Calgary Flames,2026_01_21_Pittsburgh_Penguins_Calgary_Flames,moneyline,home,,home_moneyline,-110.0,1.9090909090909087,0.5803756061969889,0.0060909090909089,0.0066999999999998,nhl,4.0,1.0,5.0,,,3.0,-3.0,-1.5,1.5,6.0,NHL,Loss,0.0060909090909089,-110.0
2026_01_21,Pittsburgh Penguins,Calgary Flames,2026_01_21_Pittsburgh_Penguins_Calgary_Flames,puck_line,home,1.5,home_puck_line,-250.0,1.4,0.9741801613329466,0.078455941846985,0.1961398546174625,nhl,4.0,1.0,5.0,,,3.0,-3.0,-1.5,1.5,6.0,NHL,Loss,0.078455941846985,-250.0
2026_01_21,Washington Capitals,Vancouver Canucks,2026_01_21_Washington_Capitals_Vancouver_Canucks,moneyline,away,,away_moneyline,-150.0,1.6666666666666663,0.7844157232083692,0.0099999999999997,0.0149999999999996,nhl,3.0,4.0,7.0,,,-1.0,1.0,-1.5,1.5,6.0,NHL,Loss,0.0099999999999997,-150.0
2026_01_22,Buffalo Sabres,Montreal Canadiens,2026_01_22_Buffalo_Sabres_Montreal_Canadiens,total,under,6.5,under_total,-110.0,1.9090909090909087,0.6424504709388739,0.0474799237895975,0.0522279161685571,nhl,4.0,2.0,6.0,,,2.0,-2.0,1.5,-1.5,6.5,NHL,Win,0.0474799237895975,-110.0
2026_01_22,Dallas Stars,Columbus Blue Jackets,2026_01_22_Dallas_Stars_Columbus_Blue_Jackets,total,under,6.5,under_total,-115.0,1.869565217391304,0.6686272992253978,0.0436532374229019,0.0502012230363373,nhl,0.0,1.0,1.0,,,-1.0,1.0,-1.5,1.5,6.5,NHL,Win,0.0436532374229019,-115.0
2026_01_22,Detroit Red Wings,Minnesota Wild,2026_01_22_Detroit_Red_Wings_Minnesota_Wild,puck_line,home,-1.5,home_puck_line,165.0,2.65,0.1948185133056473,0.0173521907354103,0.010516479233582,nhl,3.0,4.0,7.0,,,-1.0,1.0,1.5,-1.5,6.0,NHL,Loss,0.0173521907354103,165.0
2026_01_22,Florida Panthers,Winnipeg Jets,2026_01_22_Florida_Panthers_Winnipeg_Jets,puck_line,away,1.5,away_puck_line,-280.0,1.3571428571428572,0.96313529592187,0.0150590842881597,0.042165436006847,nhl,2.0,1.0,3.0,,,1.0,-1.0,1.5,-1.5,6.0,NHL,Win,0.0150590842881597,-280.0
2026_01_22,Ottawa Senators,Nashville Predators,2026_01_22_Ottawa_Senators_Nashville_Predators,puck_line,home,1.5,home_puck_line,-275.0,1.3636363636363638,0.9570694459328262,0.006143360466833,0.016894241283791,nhl,3.0,5.0,8.0,,,-2.0,2.0,-1.5,1.5,6.0,NHL,Win,0.006143360466833,-275.0
2026_01_22,Pittsburgh Penguins,Edmonton Oilers,2026_01_22_Pittsburgh_Penguins_Edmonton_Oilers,puck_line,home,-1.5,home_puck_line,135.0,2.35,0.3195798385679537,0.0277857160869998,0.0205820119162962,nhl,6.0,2.0,8.0,,,4.0,-4.0,1.5,-1.5,6.5,NHL,Loss,0.0277857160869998,135.0
2026_01_22,Pittsburgh Penguins,Edmonton Oilers,2026_01_22_Pittsburgh_Penguins_Edmonton_Oilers,total,over,6.5,over_total,-105.0,1.9523809523809523,0.53718300351696,0.0004287128801909,0.0004501485242005,nhl,6.0,2.0,8.0,,,4.0,-4.0,1.5,-1.5,6.5,NHL,Win,0.0004287128801909,-105.0
2026_01_23,Anaheim Ducks,Seattle Kraken,2026_01_23_Anaheim_Ducks_Seattle_Kraken,puck_line,away,1.5,away_puck_line,-255.0,1.392156862745098,0.9610067079486746,0.0361182189072541,0.0921014582134979,nhl,4.0,2.0,6.0,,,2.0,-2.0,1.5,-1.5,6.0,NHL,Win,0.0361182189072541,-255.0
2026_01_23,New Jersey Devils,Vancouver Canucks,2026_01_23_New_Jersey_Devils_Vancouver_Canucks,puck_line,away,-1.5,away_puck_line,174.0,2.74,0.1615843331445104,0.0032130442069671,0.0018465771304408,nhl,5.0,4.0,9.0,,,1.0,-1.0,-1.5,1.5,6.0,NHL,Loss,0.0032130442069671,174.0
2026_01_23,New York Rangers,San Jose Sharks,2026_01_23_New_York_Rangers_San_Jose_Sharks,total,under,6.5,under_total,-110.0,1.9090909090909087,0.7567241466644283,0.1329599274215509,0.1462559201637061,nhl,1.0,3.0,4.0,,,-2.0,2.0,1.5,-1.5,6.5,NHL,Win,0.1329599274215509,-110.0
2026_01_23,Philadelphia Flyers,Colorado Avalanche,2026_01_23_Philadelphia_Flyers_Colorado_Avalanche,puck_line,away,1.5,away_puck_line,100.0,2.0,0.5651362611054737,0.043644611785403,0.043644611785403,nhl,7.0,3.0,10.0,,,4.0,-4.0,1.5,-1.5,6.5,NHL,Win,0.043644611785403,100.0
2026_01_23,Philadelphia Flyers,Colorado Avalanche,2026_01_23_Philadelphia_Flyers_Colorado_Avalanche,total,under,6.5,under_total,-118.0,1.847457627118644,0.7455541319145726,0.0874876791118308,0.1032354613519603,nhl,7.0,3.0,10.0,,,4.0,-4.0,1.5,-1.5,6.5,NHL,Loss,0.0874876791118308,-118.0
2026_01_23,St Louis Blues,Dallas Stars,2026_01_23_St_Louis_Blues_Dallas_Stars,moneyline,home,,home_moneyline,-175.0,1.5714285714285714,0.8522257835950685,0.0088571428571428,0.0154999999999999,nhl,2.0,3.0,5.0,,,-1.0,1.0,1.5,-1.5,6.0,NHL,Win,0.0088571428571428,-175.0
2026_01_23,St Louis Blues,Dallas Stars,2026_01_23_St_Louis_Blues_Dallas_Stars,puck_line,home,-1.5,home_puck_line,149.0,2.49,0.3234043168319204,0.0925977495874077,0.0621461406626897,nhl,2.0,3.0,5.0,,,-1.0,1.0,1.5,-1.5,6.0,NHL,Loss,0.0925977495874077,149.0
2026_01_23,Vegas Golden Knights,Toronto Maple Leafs,2026_01_23_Vegas_Golden_Knights_Toronto_Maple_Leafs,puck_line,home,1.5,home_puck_line,-255.0,1.392156862745098,0.9533846289340496,0.0193962407834578,0.0494604139978174,nhl,6.0,3.0,9.0,,,3.0,-3.0,-1.5,1.5,6.0,NHL,Loss,0.0193962407834578,-255.0
2026_01_24,Detroit Red Wings,Winnipeg Jets,2026_01_24_Detroit_Red_Wings_Winnipeg_Jets,puck_line,away,1.5,away_puck_line,-240.0,1.4166666666666667,0.9416425026775764,0.0149974916610007,0.0359939799864016,nhl,5.0,1.0,6.0,,,4.0,-4.0,1.5,-1.5,6.0,NHL,Win,0.0149974916610007,-240.0
2026_01_24,Florida Panthers,Minnesota Wild,2026_01_24_Florida_Panthers_Minnesota_Wild,puck_line,away,1.5,away_puck_line,-230.0,1.434782608695652,0.9259757397788124,0.0027956770268531,0.006430057161762,nhl,4.0,3.0,7.0,,,1.0,-1.0,1.5,-1.5,6.0,NHL,Win,0.0027956770268531,-230.0
2026_01_24,Los Angeles Kings,St Louis Blues,2026_01_24_Los_Angeles_Kings_St_Louis_Blues,puck_line,away,-1.5,away_puck_line,177.0,2.77,0.2073577462535688,0.0805219117007203,0.045492605480633,nhl,5.0,4.0,9.0,,,1.0,-1.0,-1.5,1.5,5.5,NHL,Loss,0.0805219117007203,177.0
2026_01_24,Los Angeles Kings,St Louis Blues,2026_01_24_Los_Angeles_Kings_St_Louis_Blues,total,under,5.5,under_total,-115.0,1.869565217391304,0.6353328828267206,0.021029586408807,0.0241840243701281,nhl,5.0,4.0,9.0,,,1.0,-1.0,-1.5,1.5,5.5,NHL,Loss,0.021029586408807,-115.0
2026_01_24,Montreal Canadiens,Boston Bruins,2026_01_24_Montreal_Canadiens_Boston_Bruins,total,under,6.5,under_total,-115.0,1.869565217391304,0.7379484026322515,0.0945023091308792,0.1086776555005112,nhl,3.0,4.0,7.0,,,-1.0,1.0,1.5,-1.5,6.5,NHL,Loss,0.0945023091308792,-115.0
2026_01_24,Tampa Bay Lightning,Columbus Blue Jackets,2026_01_24_Tampa_Bay_Lightning_Columbus_Blue_Jackets,total,under,6.5,under_total,-115.0,1.869565217391304,0.685630430536876,0.0555890580430387,0.0639274167494944,nhl,5.0,8.0,13.0,,,-3.0,3.0,-1.5,1.5,6.5,NHL,Loss,0.0555890580430387,-115.0
2026_01_24,Utah Mammoth,Nashville Predators,2026_01_24_Utah_Mammoth_Nashville_Predators,puck_line,away,-1.5,away_puck_line,207.0,3.07,0.128511332266683,0.0612522604511713,0.0295904639860731,nhl,5.0,2.0,7.0,,,3.0,-3.0,-1.5,1.5,6.0,NHL,Win,0.0612522604511713,207.0
2026_01_24,Washington Capitals,Edmonton Oilers,2026_01_24_Washington_Capitals_Edmonton_Oilers,puck_line,away,1.5,away_puck_line,-160.0,1.625,0.8396563695303975,0.0311831503903072,0.0498930406244916,nhl,5.0,6.0,11.0,,,-1.0,1.0,1.5,-1.5,6.5,NHL,Win,0.0311831503903072,-160.0
2026_01_24,Washington Capitals,Edmonton Oilers,2026_01_24_Washington_Capitals_Edmonton_Oilers,total,under,6.5,under_total,-115.0,1.869565217391304,0.685630430536876,0.0555890580430387,0.0639274167494944,nhl,5.0,6.0,11.0,,,-1.0,1.0,1.5,-1.5,6.5,NHL,Loss,0.0555890580430387,-115.0
2026_01_25,Anaheim Ducks,Calgary Flames,2026_01_25_Anaheim_Ducks_Calgary_Flames,total,under,6.5,under_total,-110.0,1.9090909090909087,0.6729138064056974,0.0687627681897617,0.0756390450087378,nhl,4.0,3.0,7.0,,,1.0,-1.0,1.5,-1.5,6.5,NHL,Loss,0.0687627681897617,-110.0
2026_01_25,Colorado Avalanche,Toronto Maple Leafs,2026_01_25_Colorado_Avalanche_Toronto_Maple_Leafs,puck_line,away,-1.5,away_puck_line,140.0,2.4,0.2816745448238432,0.0142706569941783,0.0101933264244132,nhl,4.0,1.0,5.0,,,3.0,-3.0,-1.5,1.5,6.5,NHL,Win,0.0142706569941783,140.0
2026_01_25,Colorado Avalanche,Toronto Maple Leafs,2026_01_25_Colorado_Avalanche_Toronto_Maple_Leafs,total,under,6.5,under_total,100.0,2.0,0.6468646089869873,0.1005400813479289,0.1005400813479289,nhl,4.0,1.0,5.0,,,3.0,-3.0,-1.5,1.5,6.5,NHL,Win,0.1005400813479289,100.0
2026_01_25,Florida Panthers,Chicago Blackhawks,2026_01_25_Florida_Panthers_Chicago_Blackhawks,puck_line,away,-1.5,away_puck_line,174.0,2.74,0.1726969527269617,0.0201989809973339,0.0116086097685827,nhl,5.0,1.0,6.0,,,4.0,-4.0,-1.5,1.5,6.0,NHL,Win,0.0201989809973339,174.0
2026_01_25,New Jersey Devils,Seattle Kraken,2026_01_25_New_Jersey_Devils_Seattle_Kraken,total,under,5.5,under_total,105.0,2.05,0.5101946635537717,0.0319672117258835,0.0304449635484606,nhl,2.0,4.0,6.0,,,-2.0,2.0,-1.5,1.5,5.5,NHL,Loss,0.0319672117258835,105.0
2026_01_25,Vegas Golden Knights,Ottawa Senators,2026_01_25_Vegas_Golden_Knights_Ottawa_Senators,puck_line,away,-1.5,away_puck_line,170.0,2.7,0.1794348032865442,0.0150948937082771,0.0088793492401629,nhl,1.0,7.0,8.0,,,-6.0,6.0,-1.5,1.5,6.0,NHL,Loss,0.0150948937082771,170.0
2026_01_26,Anaheim Ducks,Edmonton Oilers,2026_01_26_Anaheim_Ducks_Edmonton_Oilers,total,under,6.5,under_total,118.0,2.18,0.4220096658270313,0.0329128607265738,0.0278922548530286,nhl,4.0,7.0,11.0,,,-3.0,3.0,1.5,-1.5,6.5,NHL,Loss,0.0329128607265738,118.0
2026_01_26,Boston Bruins,New York Rangers,2026_01_26_Boston_Bruins_New_York_Rangers,puck_line,home,1.5,home_puck_line,-250.0,1.4,0.9774175379764984,0.0896505596085965,0.2241263990214913,nhl,3.0,4.0,7.0,,,-1.0,1.0,-1.5,1.5,6.0,NHL,Win,0.0896505596085965,-250.0
2026_01_26,New York Islanders,Philadelphia Flyers,2026_01_26_New_York_Islanders_Philadelphia_Flyers,total,under,5.5,under_total,100.0,2.0,0.5253917393220261,0.0169407799548904,0.0169407799548904,nhl,4.0,0.0,4.0,,,4.0,-4.0,1.5,-1.5,5.5,NHL,Win,0.0169407799548904,100.0
2026_01_27,Buffalo Sabres,Toronto Maple Leafs,2026_01_27_Buffalo_Sabres_Toronto_Maple_Leafs,total,under,6.5,under_total,-110.0,1.9090909090909087,0.6556332198604171,0.0565917254917438,0.0622508980409181,nhl,7.0,4.0,11.0,,,3.0,-3.0,1.5,-1.5,6.5,NHL,Loss,0.0565917254917438,-110.0
2026_01_27,Dallas Stars,St Louis Blues,2026_01_27_Dallas_Stars_St_Louis_Blues,total,under,5.5,under_total,100.0,2.0,0.5405972653230001,0.0271179051170571,0.0271179051170571,nhl,4.0,3.0,7.0,,,1.0,-1.0,-1.5,1.5,5.5,NHL,Loss,0.0271179051170571,100.0
2026_01_27,San Jose Sharks,Vancouver Canucks,2026_01_27_San_Jose_Sharks_Vancouver_Canucks,puck_line,home,1.5,home_puck_line,-240.0,1.4166666666666667,0.9579510519045956,0.0472471769655216,0.1133932247172517,nhl,5.0,2.0,7.0,,,3.0,-3.0,-1.5,1.5,6.0,NHL,Loss,0.0472471769655216,-240.0
2026_01_27,Utah Mammoth,Florida Panthers,2026_01_27_Utah_Mammoth_Florida_Panthers,puck_line,away,1.5,away_puck_line,-180.0,1.5555555555555556,0.8739452436782921,0.0204144824750438,0.0367460684550787,nhl,4.0,3.0,7.0,,,1.0,-1.0,1.5,-1.5,6.0,NHL,Win,0.0204144824750438,-180.0
2026_01_27,Vegas Golden Knights,Montreal Canadiens,2026_01_27_Vegas_Golden_Knights_Montreal_Canadiens,puck_line,home,1.5,home_puck_line,-235.0,1.425531914893617,0.935416082438861,0.0108422331548625,0.0254792479139271,nhl,2.0,3.0,5.0,,,-1.0,1.0,-1.5,1.5,6.5,NHL,Win,0.0108422331548625,-235.0
2026_01_27,Vegas Golden Knights,Montreal Canadiens,2026_01_27_Vegas_Golden_Knights_Montreal_Canadiens,total,under,6.5,under_total,-110.0,1.9090909090909087,0.7493095960848787,0.1268311577471641,0.1395142735218806,nhl,2.0,3.0,5.0,,,-1.0,1.0,-1.5,1.5,6.5,NHL,Win,0.1268311577471641,-110.0
2026_01_27,Washington Capitals,Seattle Kraken,2026_01_27_Washington_Capitals_Seattle_Kraken,puck_line,away,-1.5,away_puck_line,183.0,2.83,0.1597974345159675,0.0332663729536837,0.0181783458763298,nhl,1.0,5.0,6.0,,,-4.0,4.0,-1.5,1.5,6.0,NHL,Loss,0.0332663729536837,183.0
2026_01_27,Winnipeg Jets,New Jersey Devils,2026_01_27_Winnipeg_Jets_New_Jersey_Devils,puck_line,home,-1.5,home_puck_line,200.0,3.0,0.1149577724253362,0.0085449985756329,0.0042724992878164,nhl,4.0,3.0,7.0,,,1.0,-1.0,1.5,-1.5,6.0,NHL,Loss,0.0085449985756329,200.0
2026_01_28,Colorado Avalanche,Ottawa Senators,2026_01_28_Colorado_Avalanche_Ottawa_Senators,moneyline,away,,away_moneyline,-150.0,1.6666666666666663,0.7801395796748427,0.0066666666666663,0.0099999999999996,nhl,2.0,5.0,7.0,,,-3.0,3.0,-1.5,1.5,6.5,NHL,Loss,0.0066666666666663,-150.0
2026_01_28,Colorado Avalanche,Ottawa Senators,2026_01_28_Colorado_Avalanche_Ottawa_Senators,puck_line,away,-1.5,away_puck_line,157.0,2.5700000000000003,0.2775534927845218,0.081840373692005,0.0521276265554171,nhl,2.0,5.0,7.0,,,-3.0,3.0,-1.5,1.5,6.5,NHL,Loss,0.081840373692005,157.0
2026_01_29,Anaheim Ducks,Vancouver Canucks,2026_01_29_Anaheim_Ducks_Vancouver_Canucks,puck_line,away,-1.5,away_puck_line,177.0,2.77,0.1644404673494442,0.0186871614745607,0.0105577183472094,nhl,0.0,2.0,2.0,,,-2.0,2.0,-1.5,1.5,6.5,NHL,Loss,0.0186871614745607,177.0
2026_01_29,Anaheim Ducks,Vancouver Canucks,2026_01_29_Anaheim_Ducks_Vancouver_Canucks,total,under,6.5,under_total,105.0,2.05,0.5278098764020215,0.0440208642508048,0.041924632619814,nhl,0.0,2.0,2.0,,,-2.0,2.0,-1.5,1.5,6.5,NHL,Win,0.0440208642508048,105.0
2026_01_29,Chicago Blackhawks,Pittsburgh Penguins,2026_01_29_Chicago_Blackhawks_Pittsburgh_Penguins,puck_line,home,-1.5,home_puck_line,140.0,2.4,0.2900120886017682,0.0222522737551018,0.0158944812536441,nhl,2.0,6.0,8.0,,,-4.0,4.0,1.5,-1.5,6.0,NHL,Win,0.0222522737551018,140.0
2026_01_29,Colorado Avalanche,Montreal Canadiens,2026_01_29_Colorado_Avalanche_Montreal_Canadiens,total,under,6.5,under_total,100.0,2.0,0.5973791160675018,0.0656648028926247,0.0656648028926247,nhl,3.0,7.0,10.0,,,-4.0,4.0,-1.5,1.5,6.5,NHL,Loss,0.0656648028926247,100.0
2026_01_29,Dallas Stars,Vegas Golden Knights,2026_01_29_Dallas_Stars_Vegas_Golden_Knights,puck_line,away,1.5,away_puck_line,-220.0,1.4545454545454546,0.926297832677472,0.0170885311678232,0.0375947685692112,nhl,5.0,4.0,9.0,,,1.0,-1.0,1.5,-1.5,6.0,NHL,Win,0.0170885311678232,-220.0
2026_01_29,Florida Panthers,St Louis Blues,2026_01_29_Florida_Panthers_St_Louis_Blues,puck_line,away,-1.5,away_puck_line,165.0,2.65,0.2133366013115666,0.0412873894231642,0.0250226602564631,nhl,4.0,5.0,9.0,,,-1.0,1.0,-1.5,1.5,5.5,NHL,Loss,0.0412873894231642,165.0
2026_01_29,Nashville Predators,New Jersey Devils,2026_01_29_Nashville_Predators_New_Jersey_Devils,puck_line,home,-1.5,home_puck_line,180.0,2.8,0.149008588822117,0.0044963068985255,0.0024979482769585,nhl,2.0,3.0,5.0,,,-1.0,1.0,1.5,-1.5,6.0,NHL,Loss,0.0044963068985255,180.0
2026_01_29,Philadelphia Flyers,Boston Bruins,2026_01_29_Philadelphia_Flyers_Boston_Bruins,puck_line,home,-1.5,home_puck_line,165.0,2.65,0.1993718677316264,0.0233706363779584,0.0141640220472475,nhl,3.0,6.0,9.0,,,-3.0,3.0,1.5,-1.5,6.0,NHL,Win,0.0233706363779584,165.0
2026_01_29,San Jose Sharks,Edmonton Oilers,2026_01_29_San_Jose_Sharks_Edmonton_Oilers,total,under,6.5,under_total,-105.0,1.9523809523809523,0.5371444475639982,0.0004034970573179,0.0004236719101837,nhl,3.0,4.0,7.0,,,-1.0,1.0,1.5,-1.5,6.5,NHL,Loss,0.0004034970573179,-105.0
2026_01_29,Winnipeg Jets,Tampa Bay Lightning,2026_01_29_Winnipeg_Jets_Tampa_Bay_Lightning,puck_line,home,-1.5,home_puck_line,130.0,2.3,0.3329179778249385,0.017381065431745,0.0133700503321114,nhl,1.0,4.0,5.0,,,-3.0,3.0,1.5,-1.5,6.0,NHL,Win,0.017381065431745,130.0
2026_01_30,Columbus Blue Jackets,Chicago Blackhawks,2026_01_30_Columbus_Blue_Jackets_Chicago_Blackhawks,puck_line,away,-1.5,away_puck_line,165.0,2.65,0.2557868030331784,0.091613305403527,0.055523215396077,nhl,4.0,2.0,6.0,,,2.0,-2.0,-1.5,1.5,6.0,NHL,Win,0.091613305403527,165.0
2026_01_31,Colorado Avalanche,Detroit Red Wings,2026_01_31_Colorado_Avalanche_Detroit_Red_Wings,total,under,6.5,under_total,-110.0,1.9090909090909087,0.6019516001637053,0.0202419737418186,0.0222661711160006,nhl,5.0,0.0,5.0,,,5.0,-5.0,-1.5,1.5,6.5,NHL,Win,0.0202419737418186,-110.0
2026_01_31,Columbus Blue Jackets,St Louis Blues,2026_01_31_Columbus_Blue_Jackets_St_Louis_Blues,puck_line,away,1.5,away_puck_line,-250.0,1.4,0.9635185273892236,0.0480671099720215,0.1201677749300539,nhl,5.0,3.0,8.0,,,2.0,-2.0,1.5,-1.5,6.0,NHL,Win,0.0480671099720215,-250.0
2026_01_31,Minnesota Wild,Edmonton Oilers,2026_01_31_Minnesota_Wild_Edmonton_Oilers,total,under,6.5,under_total,-102.0,1.9803921568627447,0.6981208971243842,0.1276603663026609,0.1302135736287143,nhl,7.0,3.0,10.0,,,4.0,-4.0,1.5,-1.5,6.5,NHL,Loss,0.1276603663026609,-102.0
2026_01_31,Montreal Canadiens,Buffalo Sabres,2026_01_31_Montreal_Canadiens_Buffalo_Sabres,total,under,6.5,under_total,100.0,2.0,0.6246107336730617,0.0846577302010724,0.0846577302010724,nhl,4.0,2.0,6.0,,,2.0,-2.0,1.5,-1.5,6.5,NHL,Win,0.0846577302010724,100.0
2026_01_31,Nashville Predators,New York Islanders,2026_01_31_Nashville_Predators_New_York_Islanders,puck_line,home,-1.5,home_puck_line,189.0,2.89,0.167041104083837,0.0670343684680832,0.0354679198243825,nhl,4.0,3.0,7.0,,,1.0,-1.0,1.5,-1.5,5.5,NHL,Loss,0.0670343684680832,189.0
2026_01_31,New York Rangers,Pittsburgh Penguins,2026_01_31_New_York_Rangers_Pittsburgh_Penguins,puck_line,away,1.5,away_puck_line,-155.0,1.6451612903225803,0.8665386439015333,0.0710475409507784,0.1101236884737066,nhl,5.0,6.0,11.0,,,-1.0,1.0,1.5,-1.5,6.0,NHL,Win,0.0710475409507784,-155.0
2026_01_31,Toronto Maple Leafs,Vancouver Canucks,2026_01_31_Toronto_Maple_Leafs_Vancouver_Canucks,total,under,6.5,under_total,-110.0,1.9090909090909087,0.7302185565929556,0.1115188814260013,0.1226707695686014,nhl,3.0,2.0,5.0,,,1.0,-1.0,-1.5,1.5,6.5,NHL,Win,0.1115188814260013,-110.0
2026_02_01,Los Angeles Kings,Carolina Hurricanes,2026_02_01_Los_Angeles_Kings_Carolina_Hurricanes,puck_line,home,-1.5,home_puck_line,140.0,2.4,0.2929490288370184,0.0250350834427526,0.017882202459109,nhl,2.0,3.0,5.0,,,-1.0,1.0,1.5,-1.5,6.0,NHL,Loss,0.0250350834427526,140.0
2026_02_01,Vegas Golden Knights,Anaheim Ducks,2026_02_01_Vegas_Golden_Knights_Anaheim_Ducks,puck_line,home,1.5,home_puck_line,-225.0,1.4444444444444444,0.9420052524023176,0.0355466413476981,0.0799799430323206,nhl,3.0,4.0,7.0,,,-1.0,1.0,-1.5,1.5,6.5,NHL,Win,0.0355466413476981,-225.0
2026_02_01,Vegas Golden Knights,Anaheim Ducks,2026_02_01_Vegas_Golden_Knights_Anaheim_Ducks,total,under,6.5,under_total,100.0,2.0,0.5973791160675018,0.0656648028926247,0.0656648028926247,nhl,3.0,4.0,7.0,,,-1.0,1.0,-1.5,1.5,6.5,NHL,Loss,0.0656648028926247,100.0
2026_02_02,Montreal Canadiens,Minnesota Wild,2026_02_02_Montreal_Canadiens_Minnesota_Wild,total,under,6.5,under_total,-115.0,1.869565217391304,0.7850584621579026,0.133522593206149,0.1535509821870713,nhl,3.0,4.0,7.0,,,-1.0,1.0,1.5,-1.5,6.5,NHL,Loss,0.133522593206149,-115.0
2026_02_02,New York Islanders,Washington Capitals,2026_02_02_New_York_Islanders_Washington_Capitals,puck_line,away,1.5,away_puck_line,-215.0,1.4651162790697674,0.9341933091384244,0.0368873453225526,0.0793077924434882,nhl,1.0,4.0,5.0,,,-3.0,3.0,1.5,-1.5,6.0,NHL,Loss,0.0368873453225526,-215.0
2026_02_02,Ottawa Senators,Pittsburgh Penguins,2026_02_02_Ottawa_Senators_Pittsburgh_Penguins,puck_line,away,1.5,away_puck_line,-250.0,1.4,0.9441228471740764,0.0074085180411829,0.0185212951029571,nhl,3.0,2.0,5.0,,,1.0,-1.0,1.5,-1.5,6.0,NHL,Win,0.0074085180411829,-250.0
2026_02_02,San Jose Sharks,Chicago Blackhawks,2026_02_02_San_Jose_Sharks_Chicago_Blackhawks,puck_line,home,1.5,home_puck_line,-265.0,1.3773584905660377,0.9624874722006328,0.0286107073343415,0.0758183744360051,nhl,3.0,6.0,9.0,,,-3.0,3.0,-1.5,1.5,6.0,NHL,Win,0.0286107073343415,-265.0
2026_02_02,St Louis Blues,Nashville Predators,2026_02_02_St_Louis_Blues_Nashville_Predators,puck_line,home,-1.5,home_puck_line,177.0,2.77,0.2075270253375462,0.0807481033026411,0.0456203973461249,nhl,5.0,6.0,11.0,,,-1.0,1.0,1.5,-1.5,6.0,NHL,Loss,0.0807481033026411,177.0
2026_02_02,Vancouver Canucks,Utah Mammoth,2026_02_02_Vancouver_Canucks_Utah_Mammoth,total,under,6.5,under_total,-115.0,1.869565217391304,0.8048743050542044,0.1515385087908962,0.1742692851095307,nhl,2.0,6.0,8.0,,,-4.0,4.0,1.5,-1.5,6.5,NHL,Loss,0.1515385087908962,-115.0
2026_02_02,Winnipeg Jets,Dallas Stars,2026_02_02_Winnipeg_Jets_Dallas_Stars,puck_line,home,-1.5,home_puck_line,157.0,2.5700000000000003,0.284296223786644,0.0888166436218123,0.0565711105871415,nhl,3.0,4.0,7.0,,,-1.0,1.0,1.5,-1.5,5.5,NHL,Loss,0.0888166436218123,157.0
2026_02_02,Winnipeg Jets,Dallas Stars,2026_02_02_Winnipeg_Jets_Dallas_Stars,total,under,5.5,under_total,100.0,2.0,0.5101946635537717,0.0067972797325694,0.0067972797325694,nhl,3.0,4.0,7.0,,,-1.0,1.0,1.5,-1.5,5.5,NHL,Loss,0.0067972797325694,100.0
2026_02_03,Buffalo Sabres,Tampa Bay Lightning,2026_02_03_Buffalo_Sabres_Tampa_Bay_Lightning,puck_line,away,1.5,away_puck_line,-125.0,1.8,0.6756379655855934,0.0095240515296692,0.0119050644120865,nhl,3.0,4.0,7.0,,,-1.0,1.0,1.5,-1.5,6.0,NHL,Win,0.0095240515296692,-125.0
2026_02_03,Ottawa Senators,Carolina Hurricanes,2026_02_03_Ottawa_Senators_Carolina_Hurricanes,total,under,6.5,under_total,-115.0,1.869565217391304,0.6898197750826519,0.0585762267325793,0.0673626607424662,nhl,3.0,4.0,7.0,,,-1.0,1.0,1.5,-1.5,6.5,NHL,Loss,0.0585762267325793,-115.0
2026_02_03,Seattle Kraken,Anaheim Ducks,2026_02_03_Seattle_Kraken_Anaheim_Ducks,total,under,6.5,under_total,-110.0,1.9090909090909087,0.6939834398751799,0.0840078165299429,0.0924085981829373,nhl,2.0,4.0,6.0,,,-2.0,2.0,1.5,-1.5,6.5,NHL,Win,0.0840078165299429,-110.0
2026_02_03,Toronto Maple Leafs,Edmonton Oilers,2026_02_03_Toronto_Maple_Leafs_Edmonton_Oilers,puck_line,away,1.5,away_puck_line,-135.0,1.7407407407407407,0.7231349725966322,0.0084626279620869,0.0114245477488174,nhl,5.0,2.0,7.0,,,3.0,-3.0,1.5,-1.5,6.5,NHL,Win,0.0084626279620869,-135.0
2026_02_03,Toronto Maple Leafs,Edmonton Oilers,2026_02_03_Toronto_Maple_Leafs_Edmonton_Oilers,total,under,6.5,under_total,110.0,2.1,0.5743549215947868,0.1023937450379943,0.0930852227618129,nhl,5.0,2.0,7.0,,,3.0,-3.0,1.5,-1.5,6.5,NHL,Loss,0.1023937450379943,110.0
2026_02_03,Washington Capitals,Philadelphia Flyers,2026_02_03_Washington_Capitals_Philadelphia_Flyers,puck_line,away,1.5,away_puck_line,-215.0,1.4651162790697674,0.9445773019848642,0.0551163789511777,0.1185002147450319,nhl,2.0,4.0,6.0,,,-2.0,2.0,1.5,-1.5,6.0,NHL,Loss,0.0551163789511777,-215.0
2026_02_04,Boston Bruins,Florida Panthers,2026_02_04_Boston_Bruins_Florida_Panthers,puck_line,home,-1.5,home_puck_line,180.0,2.8,0.189139077109281,0.0668668598094031,0.0371482554496683,nhl,4.0,5.0,9.0,,,-1.0,1.0,1.5,-1.5,6.0,NHL,Loss,0.0668668598094031,180.0
2026_02_04,Chicago Blackhawks,Columbus Blue Jackets,2026_02_04_Chicago_Blackhawks_Columbus_Blue_Jackets,moneyline,home,,home_moneyline,-155.0,1.6451612903225803,0.796924292151082,0.0068387096774191,0.0105999999999996,nhl,0.0,4.0,4.0,,,-4.0,4.0,1.5,-1.5,6.0,NHL,Win,0.0068387096774191,-155.0
2026_02_04,Edmonton Oilers,Calgary Flames,2026_02_04_Edmonton_Oilers_Calgary_Flames,puck_line,home,1.5,home_puck_line,-220.0,1.4545454545454546,0.9152242780880844,0.0014349966294451,0.0031569925847795,nhl,3.0,4.0,7.0,,,-1.0,1.0,-1.5,1.5,6.5,NHL,Win,0.0014349966294451,-220.0
2026_02_04,Edmonton Oilers,Calgary Flames,2026_02_04_Edmonton_Oilers_Calgary_Flames,total,under,6.5,under_total,-110.0,1.9090909090909087,0.7263080049130882,0.1084584712651943,0.1193043183917137,nhl,3.0,4.0,7.0,,,-1.0,1.0,-1.5,1.5,6.5,NHL,Loss,0.1084584712651943,-110.0
2026_02_04,Montreal Canadiens,Winnipeg Jets,2026_02_04_Montreal_Canadiens_Winnipeg_Jets,puck_line,away,1.5,away_puck_line,-280.0,1.3571428571428572,0.9566640922768124,0.0004921071160559,0.0013778999249563,nhl,5.0,1.0,6.0,,,4.0,-4.0,1.5,-1.5,6.0,NHL,Win,0.0004921071160559,-280.0
2026_02_04,San Jose Sharks,Colorado Avalanche,2026_02_04_San_Jose_Sharks_Colorado_Avalanche,total,under,6.5,under_total,110.0,2.1,0.4858945873452604,0.0401238817971942,0.0364762561792675,nhl,2.0,4.0,6.0,,,-2.0,2.0,1.5,-1.5,6.5,NHL,Win,0.0401238817971942,110.0
2026_02_04,Seattle Kraken,Los Angeles Kings,2026_02_04_Seattle_Kraken_Los_Angeles_Kings,puck_line,home,-1.5,home_puck_line,133.0,2.33,0.3086958217750817,0.0093936536261463,0.0070628974632678,nhl,4.0,2.0,6.0,,,2.0,-2.0,1.5,-1.5,5.5,NHL,Loss,0.0093936536261463,133.0
2026_02_04,St Louis Blues,Dallas Stars,2026_02_04_St_Louis_Blues_Dallas_Stars,puck_line,home,-1.5,home_puck_line,123.0,2.23,0.3906075632640152,0.0324999887865327,0.0264227551110022,nhl,4.0,5.0,9.0,,,-1.0,1.0,1.5,-1.5,6.0,NHL,Loss,0.0324999887865327,123.0
2026_02_05,Carolina Hurricanes,New York Rangers,2026_02_05_Carolina_Hurricanes_New_York_Rangers,puck_line,home,1.5,home_puck_line,-135.0,1.7407407407407407,0.7182370211717342,0.0050195898841838,0.0067764463436483,nhl,2.0,0.0,2.0,,,2.0,-2.0,-1.5,1.5,6.0,NHL,Loss,0.0050195898841838,-135.0
2026_02_05,Florida Panthers,Tampa Bay Lightning,2026_02_05_Florida_Panthers_Tampa_Bay_Lightning,puck_line,home,-1.5,home_puck_line,135.0,2.35,0.3179791631203372,0.0263651085289844,0.0195297100214699,nhl,1.0,6.0,7.0,,,-5.0,5.0,1.5,-1.5,6.0,NHL,Win,0.0263651085289844,135.0
2026_02_05,Nashville Predators,Washington Capitals,2026_02_05_Nashville_Predators_Washington_Capitals,puck_line,home,-1.5,home_puck_line,145.0,2.45,0.3451860744776502,0.0947726572927714,0.0653604533053595,nhl,2.0,4.0,6.0,,,-2.0,2.0,1.5,-1.5,6.0,NHL,Win,0.0947726572927714,145.0
2026_02_05,New York Islanders,New Jersey Devils,2026_02_05_New_York_Islanders_New_Jersey_Devils,puck_line,away,1.5,away_puck_line,-250.0,1.4,0.941225349602277,0.0023387106210299,0.005846776552575,nhl,3.0,1.0,4.0,,,2.0,-2.0,1.5,-1.5,5.5,NHL,Win,0.0023387106210299,-250.0
2026_02_05,New York Islanders,New Jersey Devils,2026_02_05_New_York_Islanders_New_Jersey_Devils,total,over,5.5,over_total,-102.0,1.9803921568627447,0.5150413484261506,0.0001279983407618,0.000130558307577,nhl,3.0,1.0,4.0,,,2.0,-2.0,1.5,-1.5,5.5,NHL,Loss,0.0001279983407618,-102.0
2026_02_05,Ottawa Senators,Philadelphia Flyers,2026_02_05_Ottawa_Senators_Philadelphia_Flyers,puck_line,home,1.5,home_puck_line,-225.0,1.4444444444444444,0.9508451583947316,0.0524015109922584,0.1179033997325815,nhl,2.0,1.0,3.0,,,1.0,-1.0,-1.5,1.5,6.0,NHL,Win,0.0524015109922584,-225.0
2026_02_05,Pittsburgh Penguins,Buffalo Sabres,2026_02_05_Pittsburgh_Penguins_Buffalo_Sabres,puck_line,home,-1.5,home_puck_line,188.0,2.88,0.1767318547311468,0.0786117807903683,0.0418147770161533,nhl,5.0,2.0,7.0,,,3.0,-3.0,1.5,-1.5,6.5,NHL,Loss,0.0786117807903683,188.0
2026_02_05,Pittsburgh Penguins,Buffalo Sabres,2026_02_05_Pittsburgh_Penguins_Buffalo_Sabres,total,under,6.5,under_total,-110.0,1.9090909090909087,0.6201084702134652,0.0323285236915986,0.0355613760607586,nhl,5.0,2.0,7.0,,,3.0,-3.0,1.5,-1.5,6.5,NHL,Loss,0.0323285236915986,-110.0
2026_02_25,Colorado Avalanche,Utah Mammoth,2026_02_25_Colorado_Avalanche_Utah_Mammoth,puck_line,away,-1.5,away_puck_line,185.0,2.85,0.1884786264138052,0.0849520683257525,0.0459200369328392,nhl,4.0,2.0,6.0,,,2.0,-2.0,-1.5,1.5,5.5,NHL,Win,0.0849520683257525,185.0
2026_02_25,Colorado Avalanche,Utah Mammoth,2026_02_25_Colorado_Avalanche_Utah_Mammoth,total,over,5.5,over_total,-135.0,1.7407407407407407,0.7674058318523653,0.0412844071303799,0.0557339496260127,nhl,4.0,2.0,6.0,,,2.0,-2.0,-1.5,1.5,5.5,NHL,Win,0.0412844071303799,-135.0
2026_02_25,Edmonton Oilers,Anaheim Ducks,2026_02_25_Edmonton_Oilers_Anaheim_Ducks,total,over,6.5,over_total,-115.0,1.869565217391304,0.604469391602872,0.0007498850322245,0.0008623677870583,nhl,5.0,6.0,11.0,,,-1.0,1.0,-1.5,1.5,6.5,NHL,Win,0.0007498850322245,-115.0
2026_02_25,Philadelphia Flyers,Washington Capitals,2026_02_25_Philadelphia_Flyers_Washington_Capitals,total,under,6.5,under_total,-130.0,1.7692307692307692,0.8016586369157729,0.086897517480353,0.112966772724459,nhl,1.0,3.0,4.0,,,-2.0,2.0,1.5,-1.5,6.5,NHL,Win,0.086897517480353,-130.0
2026_02_25,Seattle Kraken,Dallas Stars,2026_02_25_Seattle_Kraken_Dallas_Stars,moneyline,home,,home_moneyline,-180.0,1.5555555555555556,0.8618544496249747,0.008,0.0144000000000001,nhl,1.0,4.0,5.0,,,-3.0,3.0,1.5,-1.5,5.5,NHL,Win,0.008,-180.0
2026_02_25,Seattle Kraken,Dallas Stars,2026_02_25_Seattle_Kraken_Dallas_Stars,puck_line,home,-1.5,home_puck_line,142.0,2.42,0.3329179778249385,0.0704618166716621,0.0496209976561,nhl,1.0,4.0,5.0,,,-3.0,3.0,1.5,-1.5,5.5,NHL,Win,0.0704618166716621,142.0
2026_02_25,Toronto Maple Leafs,Tampa Bay Lightning,2026_02_25_Toronto_Maple_Leafs_Tampa_Bay_Lightning,puck_line,away,1.5,away_puck_line,-125.0,1.8,0.6913038985485225,0.0202107182853974,0.0252633978567466,nhl,2.0,4.0,6.0,,,-2.0,2.0,1.5,-1.5,6.5,NHL,Loss,0.0202107182853974,-125.0
2026_02_25,Toronto Maple Leafs,Tampa Bay Lightning,2026_02_25_Toronto_Maple_Leafs_Tampa_Bay_Lightning,total,under,6.5,under_total,-130.0,1.7692307692307692,0.7603826491256218,0.0527996714632974,0.0686395729022866,nhl,2.0,4.0,6.0,,,-2.0,2.0,1.5,-1.5,6.5,NHL,Win,0.0527996714632974,-130.0
2026_02_25,Winnipeg Jets,Vancouver Canucks,2026_02_25_Winnipeg_Jets_Vancouver_Canucks,puck_line,away,-1.5,away_puck_line,180.0,2.8,0.1545922949571164,0.0138273198009288,0.0076818443338493,nhl,3.0,2.0,5.0,,,1.0,-1.0,-1.5,1.5,6.5,NHL,Loss,0.0138273198009288,180.0
2026_02_25,Winnipeg Jets,Vancouver Canucks,2026_02_25_Winnipeg_Jets_Vancouver_Canucks,total,under,6.5,under_total,-130.0,1.7692307692307692,0.8322356228962792,0.1152894841067484,0.1498763293387729,nhl,3.0,2.0,5.0,,,1.0,-1.0,-1.5,1.5,6.5,NHL,Win,0.1152894841067484,-130.0
2026_02_26,Calgary Flames,San Jose Sharks,2026_02_26_Calgary_Flames_San_Jose_Sharks,puck_line,away,1.5,away_puck_line,-230.0,1.434782608695652,0.9507670822226868,0.0452041480322285,0.1039695404741254,nhl,4.0,1.0,5.0,,,3.0,-3.0,1.5,-1.5,6.5,NHL,Win,0.0452041480322285,-230.0
2026_02_26,Calgary Flames,San Jose Sharks,2026_02_26_Calgary_Flames_San_Jose_Sharks,total,under,6.5,under_total,-118.0,1.847457627118644,0.6246107336730617,0.0019295982365838,0.0022769259191689,nhl,4.0,1.0,5.0,,,3.0,-3.0,1.5,-1.5,6.5,NHL,Win,0.0019295982365838,-118.0
2026_02_26,Chicago Blackhawks,Nashville Predators,2026_02_26_Chicago_Blackhawks_Nashville_Predators,puck_line,home,-1.5,home_puck_line,150.0,2.5,0.2791483253264702,0.0539869739713123,0.0359913159808749,nhl,2.0,4.0,6.0,,,-2.0,2.0,1.5,-1.5,6.5,NHL,Win,0.0539869739713123,150.0
2026_02_26,Chicago Blackhawks,Nashville Predators,2026_02_26_Chicago_Blackhawks_Nashville_Predators,total,under,6.5,under_total,-135.0,1.7407407407407407,0.7850584621579026,0.0554159545700665,0.0748115386695897,nhl,2.0,4.0,6.0,,,-2.0,2.0,1.5,-1.5,6.5,NHL,Win,0.0554159545700665,-135.0
2026_02_26,Columbus Blue Jackets,Boston Bruins,2026_02_26_Columbus_Blue_Jackets_Boston_Bruins,total,under,6.5,under_total,-120.0,1.8333333333333333,0.6380173309421748,0.0029997619953929,0.0035997143944717,nhl,2.0,4.0,6.0,,,-2.0,2.0,1.5,-1.5,6.5,NHL,Win,0.0029997619953929,-120.0
2026_02_26,Detroit Red Wings,Ottawa Senators,2026_02_26_Detroit_Red_Wings_Ottawa_Senators,total,over,5.5,over_total,-135.0,1.7407407407407407,0.7277859316608933,0.0117628413906203,0.0158798358773374,nhl,2.0,1.0,3.0,,,1.0,-1.0,1.5,-1.5,5.5,NHL,Loss,0.0117628413906203,-135.0
2026_02_26,Edmonton Oilers,Los Angeles Kings,2026_02_26_Edmonton_Oilers_Los_Angeles_Kings,puck_line,home,1.5,home_puck_line,-278.0,1.359712230215827,0.9575676903321272,0.0043160237233401,0.0119985459508858,nhl,8.0,1.0,9.0,,,7.0,-7.0,-1.5,1.5,6.5,NHL,Loss,0.0043160237233401,-278.0
2026_02_26,Edmonton Oilers,Los Angeles Kings,2026_02_26_Edmonton_Oilers_Los_Angeles_Kings,total,under,6.5,under_total,-108.0,1.925925925925926,0.7143985999693754,0.1089760482534754,0.1176941321137535,nhl,8.0,1.0,9.0,,,7.0,-7.0,-1.5,1.5,6.5,NHL,Loss,0.1089760482534754,-108.0
2026_02_26,New Jersey Devils,Pittsburgh Penguins,2026_02_26_New_Jersey_Devils_Pittsburgh_Penguins,total,over,5.5,over_total,-125.0,1.8,0.6837641980032588,0.0150360691056183,0.0187950863820228,nhl,1.0,4.0,5.0,,,-3.0,3.0,1.5,-1.5,5.5,NHL,Loss,0.0150360691056183,-125.0
2026_02_26,New York Islanders,Montreal Canadiens,2026_02_26_New_York_Islanders_Montreal_Canadiens,total,under,6.5,under_total,-130.0,1.7692307692307692,0.764008272987506,0.0556404703611248,0.0723326114694624,nhl,4.0,3.0,7.0,,,1.0,-1.0,1.5,-1.5,6.5,NHL,Loss,0.0556404703611248,-130.0
2026_02_26,Philadelphia Flyers,New York Rangers,2026_02_26_Philadelphia_Flyers_New_York_Rangers,puck_line,home,-1.5,home_puck_line,185.0,2.85,0.1848818943313006,0.0796511741671441,0.0430546887389968,nhl,3.0,2.0,5.0,,,1.0,-1.0,1.5,-1.5,5.5,NHL,Loss,0.0796511741671441,185.0
2026_02_26,Philadelphia Flyers,New York Rangers,2026_02_26_Philadelphia_Flyers_New_York_Rangers,total,under,5.5,under_total,114.0,2.14,0.4255179133242354,0.0165157441557708,0.014487494873483,nhl,3.0,2.0,5.0,,,1.0,-1.0,1.5,-1.5,5.5,NHL,Win,0.0165157441557708,114.0
2026_02_26,Seattle Kraken,St Louis Blues,2026_02_26_Seattle_Kraken_St_Louis_Blues,puck_line,away,1.5,away_puck_line,-218.0,1.4587155963302751,0.9131672735914688,0.0015667717872884,0.003415562496289,nhl,1.0,5.0,6.0,,,-4.0,4.0,1.5,-1.5,5.5,NHL,Loss,0.0015667717872884,-218.0
2026_02_26,Seattle Kraken,St Louis Blues,2026_02_26_Seattle_Kraken_St_Louis_Blues,total,under,5.5,under_total,105.0,2.05,0.5658839790900005,0.0702545901690259,0.0669091334943104,nhl,1.0,5.0,6.0,,,-4.0,4.0,1.5,-1.5,5.5,NHL,Loss,0.0702545901690259,105.0
2026_02_26,Tampa Bay Lightning,Carolina Hurricanes,2026_02_26_Tampa_Bay_Lightning_Carolina_Hurricanes,puck_line,home,-1.5,home_puck_line,170.0,2.7,0.1875951565657574,0.02662179594294,0.0156598799664352,nhl,4.0,5.0,9.0,,,-1.0,1.0,1.5,-1.5,6.5,NHL,Loss,0.02662179594294,170.0
2026_02_26,Tampa Bay Lightning,Carolina Hurricanes,2026_02_26_Tampa_Bay_Lightning_Carolina_Hurricanes,total,under,6.5,under_total,-130.0,1.7692307692307692,0.7530330342553215,0.0471191025210429,0.0612548332773557,nhl,4.0,5.0,9.0,,,-1.0,1.0,1.5,-1.5,6.5,NHL,Loss,0.0471191025210429,-130.0
2026_02_26,Toronto Maple Leafs,Florida Panthers,2026_02_26_Toronto_Maple_Leafs_Florida_Panthers,puck_line,home,-1.5,home_puck_line,160.0,2.6,0.2581295216436801,0.0735937840841027,0.0459961150525642,nhl,1.0,5.0,6.0,,,-4.0,4.0,1.5,-1.5,6.5,NHL,Win,0.0735937840841027,160.0
2026_02_26,Toronto Maple Leafs,Florida Panthers,2026_02_26_Toronto_Maple_Leafs_Florida_Panthers,total,under,6.5,under_total,-125.0,1.8,0.7493095960848787,0.0624408058758978,0.0780510073448723,nhl,1.0,5.0,6.0,,,-4.0,4.0,1.5,-1.5,6.5,NHL,Win,0.0624408058758978,-125.0
2026_02_27,Buffalo Sabres,Florida Panthers,2026_02_27_Buffalo_Sabres_Florida_Panthers,total,under,6.5,under_total,-125.0,1.8,0.7417669571061339,0.0566641456950951,0.0708301821188689,nhl,3.0,2.0,5.0,,,1.0,-1.0,1.5,-1.5,6.5,NHL,Win,0.0566641456950951,-125.0
2026_02_27,Minnesota Wild,Utah Mammoth,2026_02_27_Minnesota_Wild_Utah_Mammoth,puck_line,home,-1.5,home_puck_line,185.0,2.85,0.1636610814275717,0.0468526973852931,0.0253257823704288,nhl,2.0,5.0,7.0,,,-3.0,3.0,1.5,-1.5,6.5,NHL,Win,0.0468526973852931,185.0
2026_02_27,Minnesota Wild,Utah Mammoth,2026_02_27_Minnesota_Wild_Utah_Mammoth,total,under,6.5,under_total,-115.0,1.869565217391304,0.8173864264955559,0.1635437273357645,0.1880752864361292,nhl,2.0,5.0,7.0,,,-3.0,3.0,1.5,-1.5,6.5,NHL,Loss,0.1635437273357645,-115.0
2026_02_27,Vegas Golden Knights,Washington Capitals,2026_02_27_Vegas_Golden_Knights_Washington_Capitals,puck_line,away,1.5,away_puck_line,-270.0,1.3703703703703702,0.9550664362311676,0.0068817024110878,0.0185805965099372,nhl,2.0,3.0,5.0,,,-1.0,1.0,1.5,-1.5,5.5,NHL,Win,0.0068817024110878,-270.0
2026_02_27,Vegas Golden Knights,Washington Capitals,2026_02_27_Vegas_Golden_Knights_Washington_Capitals,total,over,5.5,over_total,-130.0,1.7692307692307692,0.7043043058145618,0.0116870086979854,0.015193111307381,nhl,2.0,3.0,5.0,,,-1.0,1.0,1.5,-1.5,5.5,NHL,Loss,0.0116870086979854,-130.0
2026_02_27,Winnipeg Jets,Anaheim Ducks,2026_02_27_Winnipeg_Jets_Anaheim_Ducks,total,under,6.5,under_total,-130.0,1.7692307692307692,0.7379484026322515,0.0357633658859306,0.0464923756517098,nhl,4.0,5.0,9.0,,,-1.0,1.0,1.5,-1.5,6.5,NHL,Loss,0.0357633658859306,-130.0
2026_02_28,Calgary Flames,Los Angeles Kings,2026_02_28_Calgary_Flames_Los_Angeles_Kings,puck_line,home,-1.5,home_puck_line,170.0,2.7,0.1713774584921039,0.0033579236624059,0.0019752492131799,nhl,0.0,2.0,2.0,,,-2.0,2.0,1.5,-1.5,5.5,NHL,Win,0.0033579236624059,170.0
2026_02_28,Chicago Blackhawks,Colorado Avalanche,2026_02_28_Chicago_Blackhawks_Colorado_Avalanche,puck_line,home,-1.5,home_puck_line,-120.0,1.8333333333333333,0.7287199417965491,0.0662819446230327,0.0795383335476392,nhl,1.0,3.0,4.0,,,-2.0,2.0,1.5,-1.5,6.5,NHL,Win,0.0662819446230327,-120.0
2026_02_28,Chicago Blackhawks,Colorado Avalanche,2026_02_28_Chicago_Blackhawks_Colorado_Avalanche,total,under,6.5,under_total,-115.0,1.869565217391304,0.6686272992253978,0.0436532374229019,0.0502012230363373,nhl,1.0,3.0,4.0,,,-2.0,2.0,1.5,-1.5,6.5,NHL,Win,0.0436532374229019,-115.0
2026_02_28,Edmonton Oilers,San Jose Sharks,2026_02_28_Edmonton_Oilers_San_Jose_Sharks,moneyline,away,,away_moneyline,-160.0,1.625,0.8128512960436561,0.0075,0.012,nhl,4.0,5.0,9.0,,,-1.0,1.0,-1.5,1.5,6.5,NHL,Loss,0.0075,-160.0
2026_02_28,Nashville Predators,Dallas Stars,2026_02_28_Nashville_Predators_Dallas_Stars,moneyline,home,,home_moneyline,-160.0,1.625,0.8297402633342558,0.0221249999999999,0.0354,nhl,2.0,3.0,5.0,,,-1.0,1.0,1.5,-1.5,6.0,NHL,Win,0.0221249999999999,-160.0
2026_02_28,New Jersey Devils,St Louis Blues,2026_02_28_New_Jersey_Devils_St_Louis_Blues,total,under,5.5,under_total,-110.0,1.9090909090909087,0.5859898474226767,0.0097538560948284,0.0107292417043112,nhl,3.0,1.0,4.0,,,2.0,-2.0,-1.5,1.5,5.5,NHL,Win,0.0097538560948284,-110.0
2026_02_28,Ottawa Senators,Toronto Maple Leafs,2026_02_28_Ottawa_Senators_Toronto_Maple_Leafs,puck_line,home,1.5,home_puck_line,-275.0,1.3636363636363638,0.9697504058486354,0.0371520666001765,0.1021681831504855,nhl,5.0,2.0,7.0,,,3.0,-3.0,-1.5,1.5,6.0,NHL,Loss,0.0371520666001765,-275.0
2026_02_28,Pittsburgh Penguins,New York Rangers,2026_02_28_Pittsburgh_Penguins_New_York_Rangers,puck_line,home,1.5,home_puck_line,-270.0,1.3703703703703702,0.9680064645246595,0.037437542767567,0.1010813654724309,nhl,2.0,3.0,5.0,,,-1.0,1.0,-1.5,1.5,6.0,NHL,Win,0.037437542767567,-270.0
2026_02_28,Vancouver Canucks,Seattle Kraken,2026_02_28_Vancouver_Canucks_Seattle_Kraken,puck_line,home,-1.5,home_puck_line,165.0,2.65,0.220889626917646,0.0506659072009525,0.0307066104248197,nhl,1.0,5.0,6.0,,,-4.0,4.0,1.5,-1.5,6.0,NHL,Win,0.0506659072009525,165.0
2026_03_01,Calgary Flames,Anaheim Ducks,2026_03_01_Calgary_Flames_Anaheim_Ducks,puck_line,home,-1.5,home_puck_line,142.0,2.42,0.3069346189484654,0.0467461627622418,0.0329198329311562,nhl,2.0,3.0,5.0,,,-1.0,1.0,1.5,-1.5,6.5,NHL,Loss,0.0467461627622418,142.0
2026_03_01,Chicago Blackhawks,Utah Mammoth,2026_03_01_Chicago_Blackhawks_Utah_Mammoth,total,under,6.5,under_total,-125.0,1.8,0.8293360947266698,0.1317997527114465,0.1647496908893082,nhl,4.0,0.0,4.0,,,4.0,-4.0,1.5,-1.5,6.5,NHL,Win,0.1317997527114465,-125.0
2026_03_01,Florida Panthers,New York Islanders,2026_03_01_Florida_Panthers_New_York_Islanders,puck_line,home,1.5,home_puck_line,-218.0,1.4587155963302751,0.9218471569841492,0.0134890760605341,0.0294061858119642,nhl,4.0,5.0,9.0,,,-1.0,1.0,-1.5,1.5,5.5,NHL,Win,0.0134890760605341,-218.0
2026_03_01,Florida Panthers,New York Islanders,2026_03_01_Florida_Panthers_New_York_Islanders,total,under,5.5,under_total,110.0,2.1,0.4549783929015259,0.0184088231864294,0.0167352938058449,nhl,4.0,5.0,9.0,,,-1.0,1.0,-1.5,1.5,5.5,NHL,Loss,0.0184088231864294,110.0
2026_03_01,St Louis Blues,Minnesota Wild,2026_03_01_St_Louis_Blues_Minnesota_Wild,total,under,5.5,under_total,114.0,2.14,0.435268552884449,0.0235934305184966,0.0206959916828917,nhl,3.0,1.0,4.0,,,2.0,-2.0,1.5,-1.5,5.5,NHL,Win,0.0235934305184966,114.0
2026_03_01,Vegas Golden Knights,Pittsburgh Penguins,2026_03_01_Vegas_Golden_Knights_Pittsburgh_Penguins,puck_line,away,-1.5,away_puck_line,164.0,2.64,0.1952271591928645,0.0140549729164511,0.0085701054368605,nhl,0.0,5.0,5.0,,,-5.0,5.0,-1.5,1.5,6.5,NHL,Loss,0.0140549729164511,164.0
2026_03_01,Vegas Golden Knights,Pittsburgh Penguins,2026_03_01_Vegas_Golden_Knights_Pittsburgh_Penguins,total,under,6.5,under_total,-120.0,1.8333333333333333,0.6599863910929699,0.0175833237541551,0.0210999885049862,nhl,0.0,5.0,5.0,,,-5.0,5.0,-1.5,1.5,6.5,NHL,Win,0.0175833237541551,-120.0
2026_03_01,Winnipeg Jets,San Jose Sharks,2026_03_01_Winnipeg_Jets_San_Jose_Sharks,total,under,6.5,under_total,-120.0,1.8333333333333333,0.7417669571061339,0.0762320002450043,0.0914784002940051,nhl,1.0,2.0,3.0,,,-1.0,1.0,-1.5,1.5,6.5,NHL,Win,0.0762320002450043,-120.0
2026_03_02,Carolina Hurricanes,Seattle Kraken,2026_03_02_Carolina_Hurricanes_Seattle_Kraken,moneyline,away,,away_moneyline,-185.0,1.5405405405405406,0.8893326670003328,0.0275405405405406,0.0509500000000001,nhl,1.0,2.0,3.0,,,-1.0,1.0,-1.5,1.5,5.5,NHL,Loss,0.0275405405405406,-185.0
2026_03_02,Carolina Hurricanes,Seattle Kraken,2026_03_02_Carolina_Hurricanes_Seattle_Kraken,puck_line,away,-1.5,away_puck_line,140.0,2.4,0.36090657943555,0.0860579913347767,0.0614699938105548,nhl,1.0,2.0,3.0,,,-1.0,1.0,-1.5,1.5,5.5,NHL,Loss,0.0860579913347767,140.0
2026_03_02,Carolina Hurricanes,Seattle Kraken,2026_03_02_Carolina_Hurricanes_Seattle_Kraken,total,under,5.5,under_total,110.0,2.1,0.435268552884449,0.0044608430321695,0.0040553118474268,nhl,1.0,2.0,3.0,,,-1.0,1.0,-1.5,1.5,5.5,NHL,Win,0.0044608430321695,110.0
2026_03_02,Colorado Avalanche,Los Angeles Kings,2026_03_02_Colorado_Avalanche_Los_Angeles_Kings,moneyline,away,,away_moneyline,-180.0,1.5555555555555556,0.8649606299212599,0.011111111111111,0.0200000000000001,nhl,4.0,2.0,6.0,,,2.0,-2.0,-1.5,1.5,5.5,NHL,Win,0.011111111111111,-180.0
2026_03_02,Colorado Avalanche,Los Angeles Kings,2026_03_02_Colorado_Avalanche_Los_Angeles_Kings,puck_line,away,-1.5,away_puck_line,145.0,2.45,0.3408490419428133,0.0908891322258227,0.0626821601557398,nhl,4.0,2.0,6.0,,,2.0,-2.0,-1.5,1.5,5.5,NHL,Win,0.0908891322258227,145.0
2026_03_02,Columbus Blue Jackets,New York Rangers,2026_03_02_Columbus_Blue_Jackets_New_York_Rangers,total,under,6.5,under_total,-130.0,1.7692307692307692,0.7143985999693754,0.0187487070494205,0.0243733191642465,nhl,5.0,4.0,9.0,,,1.0,-1.0,-1.5,1.5,6.5,NHL,Loss,0.0187487070494205,-130.0
2026_03_02,Dallas Stars,Vancouver Canucks,2026_03_02_Dallas_Stars_Vancouver_Canucks,puck_line,away,-1.5,away_puck_line,136.0,2.3600000000000003,0.3375990684779617,0.0479990887844643,0.0352934476356354,nhl,6.0,1.0,7.0,,,5.0,-5.0,-1.5,1.5,5.5,NHL,Win,0.0479990887844643,136.0
2026_03_02,Detroit Red Wings,Nashville Predators,2026_03_02_Detroit_Red_Wings_Nashville_Predators,total,under,6.5,under_total,-125.0,1.8,0.7493095960848787,0.0624408058758978,0.0780510073448723,nhl,4.0,2.0,6.0,,,2.0,-2.0,-1.5,1.5,6.5,NHL,Win,0.0624408058758978,-125.0
2026_03_02,Philadelphia Flyers,Toronto Maple Leafs,2026_03_02_Philadelphia_Flyers_Toronto_Maple_Leafs,puck_line,home,-1.5,home_puck_line,190.0,2.9,0.1571028678399754,0.0543001307361117,0.0285790161769009,nhl,3.0,2.0,5.0,,,1.0,-1.0,1.5,-1.5,6.5,NHL,Loss,0.0543001307361117,190.0
2026_03_02,Philadelphia Flyers,Toronto Maple Leafs,2026_03_02_Philadelphia_Flyers_Toronto_Maple_Leafs,total,under,6.5,under_total,-125.0,1.8,0.7951226212173048,0.1000184405791861,0.1250230507239827,nhl,3.0,2.0,5.0,,,1.0,-1.0,1.5,-1.5,6.5,NHL,Win,0.1000184405791861,-125.0
2026_03_03,Colorado Avalanche,Anaheim Ducks,2026_03_03_Colorado_Avalanche_Anaheim_Ducks,total,under,6.5,under_total,110.0,2.1,0.4445430579888225,0.0110376668874279,0.0100342426249345,nhl,5.0,1.0,6.0,,,4.0,-4.0,-1.5,1.5,6.5,NHL,Win,0.0110376668874279,110.0
2026_03_03,Dallas Stars,Calgary Flames,2026_03_03_Dallas_Stars_Calgary_Flames,total,over,5.5,over_total,-108.0,1.925925925925926,0.5647314471155511,0.0047272691768465,0.0051054507109943,nhl,6.0,1.0,7.0,,,5.0,-5.0,-1.5,1.5,5.5,NHL,Win,0.0047272691768465,-108.0
2026_03_03,Montreal Canadiens,San Jose Sharks,2026_03_03_Montreal_Canadiens_San_Jose_Sharks,total,under,6.5,under_total,100.0,2.0,0.5650841860609578,0.0436093634468672,0.0436093634468672,nhl,5.0,7.0,12.0,,,-2.0,2.0,-1.5,1.5,6.5,NHL,Loss,0.0436093634468672,100.0
2026_03_03,Ottawa Senators,Edmonton Oilers,2026_03_03_Ottawa_Senators_Edmonton_Oilers,puck_line,away,1.5,away_puck_line,-238.0,1.4201680672268908,0.9440598710107522,0.0218070253124222,0.0519007202435649,nhl,4.0,5.0,9.0,,,-1.0,1.0,1.5,-1.5,6.5,NHL,Win,0.0218070253124222,-238.0
2026_03_03,Ottawa Senators,Edmonton Oilers,2026_03_03_Ottawa_Senators_Edmonton_Oilers,total,under,6.5,under_total,120.0,2.2,0.3998961709430166,0.0256987242136561,0.0214156035113801,nhl,4.0,5.0,9.0,,,-1.0,1.0,1.5,-1.5,6.5,NHL,Loss,0.0256987242136561,120.0
2026_03_03,Pittsburgh Penguins,Boston Bruins,2026_03_03_Pittsburgh_Penguins_Boston_Bruins,total,under,6.5,under_total,-115.0,1.869565217391304,0.6380173309421748,0.0228218916790963,0.0262451754309608,nhl,1.0,2.0,3.0,,,-1.0,1.0,1.5,-1.5,6.5,NHL,Win,0.0228218916790963,-115.0
2026_03_03,Tampa Bay Lightning,Minnesota Wild,2026_03_03_Tampa_Bay_Lightning_Minnesota_Wild,total,under,6.5,under_total,-125.0,1.8,0.7567241466644283,0.0682193601403198,0.0852742001753996,nhl,1.0,5.0,6.0,,,-4.0,4.0,-1.5,1.5,6.5,NHL,Win,0.0682193601403198,-125.0
2026_03_03,Utah Mammoth,Washington Capitals,2026_03_03_Utah_Mammoth_Washington_Capitals,puck_line,away,1.5,away_puck_line,-250.0,1.4,0.970573199206582,0.0672190325880619,0.168047581470155,nhl,3.0,2.0,5.0,,,1.0,-1.0,1.5,-1.5,6.5,NHL,Win,0.0672190325880619,-250.0
2026_03_03,Utah Mammoth,Washington Capitals,2026_03_03_Utah_Mammoth_Washington_Capitals,total,under,6.5,under_total,-125.0,1.8,0.7984080456178076,0.1029093588045824,0.128636698505728,nhl,3.0,2.0,5.0,,,1.0,-1.0,1.5,-1.5,6.5,NHL,Win,0.1029093588045824,-125.0
2026_03_03,Vegas Golden Knights,Buffalo Sabres,2026_03_03_Vegas_Golden_Knights_Buffalo_Sabres,puck_line,away,1.5,away_puck_line,-218.0,1.4587155963302751,0.9231268982380936,0.0153323894153458,0.0334246089254538,nhl,2.0,3.0,5.0,,,-1.0,1.0,1.5,-1.5,6.5,NHL,Win,0.0153323894153458,-218.0
2026_03_03,Vegas Golden Knights,Buffalo Sabres,2026_03_03_Vegas_Golden_Knights_Buffalo_Sabres,total,under,6.5,under_total,-125.0,1.8,0.7022316333558559,0.0278221268244873,0.0347776585306092,nhl,2.0,3.0,5.0,,,-1.0,1.0,1.5,-1.5,6.5,NHL,Win,0.0278221268244873,-125.0
2026_03_04,Carolina Hurricanes,Vancouver Canucks,2026_03_04_Carolina_Hurricanes_Vancouver_Canucks,puck_line,home,1.5,home_puck_line,-112.0,1.8928571428571428,0.5914037390874481,0.0046818759221685,0.0052437010328286,nhl,6.0,4.0,10.0,,,2.0,-2.0,-1.5,1.5,6.5,NHL,Loss,0.0046818759221685,-112.0
2026_03_04,New York Islanders,Anaheim Ducks,2026_03_04_New_York_Islanders_Anaheim_Ducks,puck_line,away,1.5,away_puck_line,-278.0,1.359712230215827,0.9683529262279564,0.0303053964850881,0.0842490022285451,nhl,1.0,5.0,6.0,,,-4.0,4.0,1.5,-1.5,6.5,NHL,Loss,0.0303053964850881,-278.0
2026_03_04,New York Islanders,Anaheim Ducks,2026_03_04_New_York_Islanders_Anaheim_Ducks,total,under,6.5,under_total,-105.0,1.9523809523809523,0.6814159481295166,0.0992300679545381,0.104191571352265,nhl,1.0,5.0,6.0,,,-4.0,4.0,1.5,-1.5,6.5,NHL,Win,0.0992300679545381,-105.0
2026_03_04,St Louis Blues,Seattle Kraken,2026_03_04_St_Louis_Blues_Seattle_Kraken,puck_line,away,1.5,away_puck_line,-218.0,1.4587155963302751,0.9463851212833388,0.0539350341264677,0.1175783743956994,nhl,3.0,2.0,5.0,,,1.0,-1.0,1.5,-1.5,5.5,NHL,Win,0.0539350341264677,-218.0
2026_03_04,St Louis Blues,Seattle Kraken,2026_03_04_St_Louis_Blues_Seattle_Kraken,total,under,5.5,under_total,105.0,2.05,0.5859898474226767,0.0842833073780182,0.0802698165504935,nhl,3.0,2.0,5.0,,,1.0,-1.0,1.5,-1.5,5.5,NHL,Win,0.0842833073780182,105.0
2026_03_04,Toronto Maple Leafs,New Jersey Devils,2026_03_04_Toronto_Maple_Leafs_New_Jersey_Devils,puck_line,away,1.5,away_puck_line,-265.0,1.3773584905660377,0.9578495670164936,0.0179664981855751,0.047611220191774,nhl,3.0,4.0,7.0,,,-1.0,1.0,1.5,-1.5,5.5,NHL,Win,0.0179664981855751,-265.0
2026_03_05,Boston Bruins,Nashville Predators,2026_03_05_Boston_Bruins_Nashville_Predators,total,under,6.5,under_total,-130.0,1.7692307692307692,0.7183976102692997,0.0215825681399366,0.0280573385819175,nhl,3.0,6.0,9.0,,,-3.0,3.0,1.5,-1.5,6.5,NHL,Loss,0.0215825681399366,-130.0
2026_03_05,Florida Panthers,Columbus Blue Jackets,2026_03_05_Florida_Panthers_Columbus_Blue_Jackets,total,under,6.5,under_total,-120.0,1.8333333333333333,0.7183976102692997,0.0585964293044269,0.0703157151653124,nhl,2.0,4.0,6.0,,,-2.0,2.0,1.5,-1.5,6.5,NHL,Win,0.0585964293044269,-120.0
2026_03_05,Ottawa Senators,Calgary Flames,2026_03_05_Ottawa_Senators_Calgary_Flames,puck_line,away,-1.5,away_puck_line,154.0,2.54,0.2522546136833921,0.0424800351880754,0.0275844384338152,nhl,4.0,1.0,5.0,,,3.0,-3.0,-1.5,1.5,5.5,NHL,Win,0.0424800351880754,154.0
2026_03_05,Tampa Bay Lightning,Winnipeg Jets,2026_03_05_Tampa_Bay_Lightning_Winnipeg_Jets,puck_line,away,-1.5,away_puck_line,145.0,2.45,0.2736212139506272,0.0274074827518286,0.0189017122426404,nhl,1.0,4.0,5.0,,,-3.0,3.0,-1.5,1.5,5.5,NHL,Loss,0.0274074827518286,145.0
2026_03_05,Tampa Bay Lightning,Winnipeg Jets,2026_03_05_Tampa_Bay_Lightning_Winnipeg_Jets,total,under,5.5,under_total,105.0,2.05,0.4749195909365045,0.0078489257662281,0.0074751673964078,nhl,1.0,4.0,5.0,,,-3.0,3.0,-1.5,1.5,5.5,NHL,Win,0.0078489257662281,105.0
2026_03_06,Carolina Hurricanes,Edmonton Oilers,2026_03_06_Carolina_Hurricanes_Edmonton_Oilers,puck_line,away,-1.5,away_puck_line,200.0,3.0,0.1410527968669561,0.0615277192538283,0.0307638596269141,nhl,6.0,3.0,9.0,,,3.0,-3.0,-1.5,1.5,6.5,NHL,Win,0.0615277192538283,200.0
2026_03_06,Carolina Hurricanes,Edmonton Oilers,2026_03_06_Carolina_Hurricanes_Edmonton_Oilers,total,under,6.5,under_total,114.0,2.14,0.6201084702134652,0.1571911165571542,0.1378869443483809,nhl,6.0,3.0,9.0,,,3.0,-3.0,-1.5,1.5,6.5,NHL,Loss,0.1571911165571542,114.0
2026_03_06,Colorado Avalanche,Dallas Stars,2026_03_06_Colorado_Avalanche_Dallas_Stars,total,over,5.5,over_total,-135.0,1.7407407407407407,0.7707844760296366,0.0439361919838576,0.0593138591782077,nhl,5.0,4.0,9.0,,,1.0,-1.0,-1.5,1.5,5.5,NHL,Win,0.0439361919838576,-135.0
2026_03_06,Florida Panthers,Detroit Red Wings,2026_03_06_Florida_Panthers_Detroit_Red_Wings,puck_line,away,1.5,away_puck_line,-198.0,1.5050505050505052,0.897172885163548,0.0129921705673767,0.0257244977234062,nhl,3.0,1.0,4.0,,,2.0,-2.0,1.5,-1.5,6.5,NHL,Win,0.0129921705673767,-198.0
2026_03_06,Florida Panthers,Detroit Red Wings,2026_03_06_Florida_Panthers_Detroit_Red_Wings,total,under,6.5,under_total,-135.0,1.7407407407407407,0.8080549738583452,0.0749855024403995,0.1012304282945393,nhl,3.0,1.0,4.0,,,2.0,-2.0,1.5,-1.5,6.5,NHL,Win,0.0749855024403995,-135.0
2026_03_06,Minnesota Wild,Vegas Golden Knights,2026_03_06_Minnesota_Wild_Vegas_Golden_Knights,puck_line,home,1.5,home_puck_line,-270.0,1.3703703703703702,0.9755327639822317,0.060070036512656,0.1621890985841713,nhl,4.0,2.0,6.0,,,2.0,-2.0,-1.5,1.5,6.5,NHL,Loss,0.060070036512656,-270.0
2026_03_06,Minnesota Wild,Vegas Golden Knights,2026_03_06_Minnesota_Wild_Vegas_Golden_Knights,total,under,6.5,under_total,-125.0,1.8,0.7530330342553215,0.0653298695214088,0.081662336901761,nhl,4.0,2.0,6.0,,,2.0,-2.0,-1.5,1.5,6.5,NHL,Win,0.0653298695214088,-125.0
2026_03_06,Montreal Canadiens,Anaheim Ducks,2026_03_06_Montreal_Canadiens_Anaheim_Ducks,total,under,6.5,under_total,114.0,2.14,0.4951798688725391,0.0665615451115009,0.0583873202732463,nhl,5.0,6.0,11.0,,,-1.0,1.0,1.5,-1.5,6.5,NHL,Loss,0.0665615451115009,114.0
2026_03_06,St Louis Blues,San Jose Sharks,2026_03_06_St_Louis_Blues_San_Jose_Sharks,puck_line,away,1.5,away_puck_line,-230.0,1.434782608695652,0.9490557099305986,0.0417919242141193,0.0961214256924744,nhl,3.0,2.0,5.0,,,1.0,-1.0,1.5,-1.5,6.5,NHL,Win,0.0417919242141193,-230.0
2026_03_06,St Louis Blues,San Jose Sharks,2026_03_06_St_Louis_Blues_San_Jose_Sharks,total,under,6.5,under_total,-130.0,1.7692307692307692,0.7884477038867289,0.0755313242480733,0.0981907215224951,nhl,3.0,2.0,5.0,,,1.0,-1.0,1.5,-1.5,6.5,NHL,Win,0.0755313242480733,-130.0
2026_03_06,Vancouver Canucks,Chicago Blackhawks,2026_03_06_Vancouver_Canucks_Chicago_Blackhawks,total,under,6.5,under_total,-135.0,1.7407407407407407,0.764008272987506,0.0386414289704466,0.0521659291101029,nhl,6.0,3.0,9.0,,,3.0,-3.0,1.5,-1.5,6.5,NHL,Loss,0.0386414289704466,-135.0
2026_03_07,Carolina Hurricanes,Calgary Flames,2026_03_07_Carolina_Hurricanes_Calgary_Flames,puck_line,away,-1.5,away_puck_line,145.0,2.45,0.2932777189179781,0.0467069893329585,0.0322117167813506,nhl,4.0,5.0,9.0,,,-1.0,1.0,-1.5,1.5,5.5,NHL,Loss,0.0467069893329585,145.0
2026_03_07,Nashville Predators,Buffalo Sabres,2026_03_07_Nashville_Predators_Buffalo_Sabres,total,under,6.5,under_total,-122.0,1.819672131147541,0.6643179579143454,0.0129002873416561,0.0157383505568205,nhl,2.0,3.0,5.0,,,-1.0,1.0,1.5,-1.5,6.5,NHL,Win,0.0129002873416561,-122.0
2026_03_07,New York Islanders,San Jose Sharks,2026_03_07_New_York_Islanders_San_Jose_Sharks,total,under,6.5,under_total,-122.0,1.819672131147541,0.7340988150723158,0.0623748840955891,0.0760973585966187,nhl,2.0,1.0,3.0,,,1.0,-1.0,-1.5,1.5,6.5,NHL,Win,0.0623748840955891,-122.0
2026_03_07,New York Rangers,New Jersey Devils,2026_03_07_New_York_Rangers_New_Jersey_Devils,total,over,5.5,over_total,-115.0,1.869565217391304,0.621936455084556,0.0121571735568464,0.0139807495903734,nhl,3.0,6.0,9.0,,,-3.0,3.0,1.5,-1.5,5.5,NHL,Win,0.0121571735568464,-115.0
2026_03_07,Philadelphia Flyers,Pittsburgh Penguins,2026_03_07_Philadelphia_Flyers_Pittsburgh_Penguins,puck_line,home,-1.5,home_puck_line,180.0,2.8,0.1551747694638678,0.0147868363543628,0.0082149090857571,nhl,4.0,3.0,7.0,,,1.0,-1.0,1.5,-1.5,5.5,NHL,Loss,0.0147868363543628,180.0
2026_03_07,Philadelphia Flyers,Pittsburgh Penguins,2026_03_07_Philadelphia_Flyers_Pittsburgh_Penguins,total,over,5.5,over_total,-130.0,1.7692307692307692,0.7122752233939534,0.0172525497557667,0.0224283146824967,nhl,4.0,3.0,7.0,,,1.0,-1.0,1.5,-1.5,5.5,NHL,Win,0.0172525497557667,-130.0
2026_03_07,Tampa Bay Lightning,Toronto Maple Leafs,2026_03_07_Tampa_Bay_Lightning_Toronto_Maple_Leafs,puck_line,away,-1.5,away_puck_line,142.0,2.42,0.2696194766956197,0.0108561471068802,0.0076451740189296,nhl,5.0,2.0,7.0,,,3.0,-3.0,-1.5,1.5,6.5,NHL,Win,0.0108561471068802,142.0
2026_03_07,Tampa Bay Lightning,Toronto Maple Leafs,2026_03_07_Tampa_Bay_Lightning_Toronto_Maple_Leafs,total,under,6.5,under_total,-112.0,1.8928571428571428,0.7455541319145726,0.1142116554989169,0.127917054158787,nhl,5.0,2.0,7.0,,,3.0,-3.0,-1.5,1.5,6.5,NHL,Loss,0.1142116554989169,-112.0
2026_03_07,Utah Mammoth,Columbus Blue Jackets,2026_03_07_Utah_Mammoth_Columbus_Blue_Jackets,puck_line,away,-1.5,away_puck_line,210.0,3.1,0.1235827126911333,0.0611887182668202,0.029137484888962,nhl,5.0,4.0,9.0,,,1.0,-1.0,-1.5,1.5,6.5,NHL,Loss,0.0611887182668202,210.0
2026_03_07,Utah Mammoth,Columbus Blue Jackets,2026_03_07_Utah_Mammoth_Columbus_Blue_Jackets,total,under,6.5,under_total,-130.0,1.7692307692307692,0.7143985999693754,0.0187487070494205,0.0243733191642465,nhl,5.0,4.0,9.0,,,1.0,-1.0,-1.5,1.5,6.5,NHL,Loss,0.0187487070494205,-130.0
2026_03_07,Washington Capitals,Boston Bruins,2026_03_07_Washington_Capitals_Boston_Bruins,puck_line,away,1.5,away_puck_line,-250.0,1.4,0.9593779166919068,0.038156781995932,0.0953919549898302,nhl,1.0,3.0,4.0,,,-2.0,2.0,1.5,-1.5,5.5,NHL,Loss,0.038156781995932,-250.0
2026_03_08,Detroit Red Wings,New Jersey Devils,2026_03_08_Detroit_Red_Wings_New_Jersey_Devils,puck_line,away,1.5,away_puck_line,-270.0,1.3703703703703702,0.9597503408883508,0.0170248790033455,0.0459671733090334,nhl,3.0,0.0,3.0,,,3.0,-3.0,1.5,-1.5,5.5,NHL,Win,0.0170248790033455,-270.0
2026_03_08,Edmonton Oilers,Vegas Golden Knights,2026_03_08_Edmonton_Oilers_Vegas_Golden_Knights,total,under,6.5,under_total,120.0,2.2,0.5604388668176176,0.1445152918135468,0.1204294098446224,nhl,4.0,2.0,6.0,,,2.0,-2.0,1.5,-1.5,6.5,NHL,Win,0.1445152918135468,120.0
2026_03_08,Minnesota Wild,Colorado Avalanche,2026_03_08_Minnesota_Wild_Colorado_Avalanche,puck_line,home,-1.5,home_puck_line,142.0,2.42,0.315005679618559,0.0542108242349577,0.0381766367851814,nhl,2.0,3.0,5.0,,,-1.0,1.0,1.5,-1.5,6.5,NHL,Loss,0.0542108242349577,142.0
2026_03_08,St Louis Blues,Anaheim Ducks,2026_03_08_St_Louis_Blues_Anaheim_Ducks,puck_line,home,-1.5,home_puck_line,145.0,2.45,0.2843007364746776,0.0379813785164517,0.026194054149277,nhl,4.0,0.0,4.0,,,4.0,-4.0,1.5,-1.5,6.5,NHL,Loss,0.0379813785164517,145.0
2026_03_08,St Louis Blues,Anaheim Ducks,2026_03_08_St_Louis_Blues_Anaheim_Ducks,total,under,6.5,under_total,-115.0,1.869565217391304,0.6771768836233725,0.049618486991293,0.0570612600399869,nhl,4.0,0.0,4.0,,,4.0,-4.0,1.5,-1.5,6.5,NHL,Win,0.049618486991293,-115.0
2026_03_08,Tampa Bay Lightning,Buffalo Sabres,2026_03_08_Tampa_Bay_Lightning_Buffalo_Sabres,total,under,6.5,under_total,-115.0,1.869565217391304,0.6939834398751799,0.0615645905148303,0.0707992790920549,nhl,7.0,8.0,15.0,,,-1.0,1.0,-1.5,1.5,6.5,NHL,Loss,0.0615645905148303,-115.0
2026_03_09,Calgary Flames,Washington Capitals,2026_03_09_Calgary_Flames_Washington_Capitals,puck_line,home,-1.5,home_puck_line,136.0,2.3600000000000003,0.2909803620694652,0.0061184882687956,0.004498888432938,nhl,3.0,7.0,10.0,,,-4.0,4.0,1.5,-1.5,5.5,NHL,Win,0.0061184882687956,136.0
2026_03_09,Calgary Flames,Washington Capitals,2026_03_09_Calgary_Flames_Washington_Capitals,total,under,5.5,under_total,114.0,2.14,0.4450909935170116,0.0306906681490886,0.0269216387272708,nhl,3.0,7.0,10.0,,,-4.0,4.0,1.5,-1.5,5.5,NHL,Loss,0.0306906681490886,114.0
2026_03_09,Ottawa Senators,Vancouver Canucks,2026_03_09_Ottawa_Senators_Vancouver_Canucks,total,under,6.5,under_total,-122.0,1.819672131147541,0.7263080049130882,0.0565400416977381,0.0689788508712405,nhl,2.0,0.0,2.0,,,2.0,-2.0,-1.5,1.5,6.5,NHL,Win,0.0565400416977381,-122.0
2026_03_09,Utah Mammoth,Chicago Blackhawks,2026_03_09_Utah_Mammoth_Chicago_Blackhawks,moneyline,away,,away_moneyline,-192.0,1.5208333333333337,0.8932670032670034,0.0189583333333336,0.0364000000000005,nhl,2.0,3.0,5.0,,,-1.0,1.0,-1.5,1.5,5.5,NHL,Loss,0.0189583333333336,-192.0
2026_03_09,Utah Mammoth,Chicago Blackhawks,2026_03_09_Utah_Mammoth_Chicago_Blackhawks,puck_line,away,-1.5,away_puck_line,130.0,2.3,0.3709767894906994,0.0490549738017236,0.0377345952320951,nhl,2.0,3.0,5.0,,,-1.0,1.0,-1.5,1.5,5.5,NHL,Loss,0.0490549738017236,130.0
2026_03_09,Utah Mammoth,Chicago Blackhawks,2026_03_09_Utah_Mammoth_Chicago_Blackhawks,total,under,5.5,under_total,114.0,2.14,0.4062581856381499,0.0024204762688142,0.0021232247972054,nhl,2.0,3.0,5.0,,,-1.0,1.0,-1.5,1.5,5.5,NHL,Win,0.0024204762688142,114.0
2026_03_10,Anaheim Ducks,Winnipeg Jets,2026_03_10_Anaheim_Ducks_Winnipeg_Jets,puck_line,home,-1.5,home_puck_line,195.0,2.95,0.1266601216025857,0.0160740768676632,0.0082431163423913,nhl,4.0,1.0,5.0,,,3.0,-3.0,1.5,-1.5,6.5,NHL,Loss,0.0160740768676632,195.0
2026_03_10,Anaheim Ducks,Winnipeg Jets,2026_03_10_Anaheim_Ducks_Winnipeg_Jets,total,under,6.5,under_total,-122.0,1.819672131147541,0.6939834398751799,0.033234616692475,0.0405462323648197,nhl,4.0,1.0,5.0,,,3.0,-3.0,1.5,-1.5,6.5,NHL,Win,0.033234616692475,-122.0
2026_03_10,Columbus Blue Jackets,Tampa Bay Lightning,2026_03_10_Columbus_Blue_Jackets_Tampa_Bay_Lightning,total,under,6.5,under_total,-108.0,1.925925925925926,0.7143985999693754,0.1089760482534754,0.1176941321137535,nhl,5.0,2.0,7.0,,,3.0,-3.0,1.5,-1.5,6.5,NHL,Loss,0.1089760482534754,-108.0
2026_03_10,Detroit Red Wings,Florida Panthers,2026_03_10_Detroit_Red_Wings_Florida_Panthers,total,over,5.5,over_total,-130.0,1.7692307692307692,0.7463514248539442,0.0420409338823948,0.0546532140471134,nhl,3.0,4.0,7.0,,,-1.0,1.0,1.5,-1.5,5.5,NHL,Win,0.0420409338823948,-130.0
2026_03_10,Edmonton Oilers,Colorado Avalanche,2026_03_10_Edmonton_Oilers_Colorado_Avalanche,puck_line,home,-1.5,home_puck_line,130.0,2.3,0.3914010925177182,0.0655455565081055,0.0504196588523889,nhl,4.0,3.0,7.0,,,1.0,-1.0,1.5,-1.5,6.5,NHL,Loss,0.0655455565081055,130.0
2026_03_10,Los Angeles Kings,Boston Bruins,2026_03_10_Los_Angeles_Kings_Boston_Bruins,total,under,5.5,under_total,114.0,2.14,0.4255179133242354,0.0165157441557708,0.014487494873483,nhl,1.0,2.0,3.0,,,-1.0,1.0,1.5,-1.5,5.5,NHL,Win,0.0165157441557708,114.0
2026_03_10,Nashville Predators,Seattle Kraken,2026_03_10_Nashville_Predators_Seattle_Kraken,puck_line,away,1.5,away_puck_line,-265.0,1.3773584905660377,0.9707566495097896,0.0504950991750152,0.1338120128137903,nhl,4.0,2.0,6.0,,,2.0,-2.0,1.5,-1.5,5.5,NHL,Win,0.0504950991750152,-265.0
2026_03_10,San Jose Sharks,Buffalo Sabres,2026_03_10_San_Jose_Sharks_Buffalo_Sabres,puck_line,home,-1.5,home_puck_line,124.0,2.24,0.3500211270431465,0.0048714405756935,0.0039285811094303,nhl,3.0,6.0,9.0,,,-3.0,3.0,1.5,-1.5,6.5,NHL,Win,0.0048714405756935,124.0
2026_03_10,San Jose Sharks,Buffalo Sabres,2026_03_10_San_Jose_Sharks_Buffalo_Sabres,total,under,6.5,under_total,100.0,2.0,0.5464726007013676,0.0310614189491029,0.0310614189491029,nhl,3.0,6.0,9.0,,,-3.0,3.0,1.5,-1.5,6.5,NHL,Loss,0.0310614189491029,100.0
2026_03_10,Toronto Maple Leafs,Montreal Canadiens,2026_03_10_Toronto_Maple_Leafs_Montreal_Canadiens,total,under,6.5,under_total,-102.0,1.9803921568627447,0.6729138064056974,0.1086792114461487,0.1108527956750716,nhl,1.0,3.0,4.0,,,-2.0,2.0,1.5,-1.5,6.5,NHL,Win,0.1086792114461487,-102.0
2026_03_11,Montreal Canadiens,Ottawa Senators,2026_03_11_Montreal_Canadiens_Ottawa_Senators,puck_line,home,-1.5,home_puck_line,160.0,2.6,0.2436877661389087,0.0574841052639427,0.0359275657899641,nhl,3.0,2.0,5.0,,,1.0,-1.0,1.5,-1.5,6.5,NHL,Loss,0.0574841052639427,160.0
2026_03_11,Montreal Canadiens,Ottawa Senators,2026_03_11_Montreal_Canadiens_Ottawa_Senators,total,under,6.5,under_total,-112.0,1.8928571428571428,0.6729138064056974,0.0596746494126381,0.0668356073421546,nhl,3.0,2.0,5.0,,,1.0,-1.0,1.5,-1.5,6.5,NHL,Win,0.0596746494126381,-112.0
2026_03_11,Washington Capitals,Philadelphia Flyers,2026_03_11_Washington_Capitals_Philadelphia_Flyers,total,under,6.5,under_total,-135.0,1.7407407407407407,0.840723846482258,0.1056985890462969,0.1426930952125008,nhl,1.0,4.0,5.0,,,-3.0,3.0,-1.5,1.5,6.5,NHL,Win,0.1056985890462969,-135.0
2026_03_12,Anaheim Ducks,Toronto Maple Leafs,2026_03_12_Anaheim_Ducks_Toronto_Maple_Leafs,puck_line,home,1.5,home_puck_line,-258.0,1.3875968992248062,0.9729536273408226,0.0649838192071248,0.1676582535543818,nhl,4.0,6.0,10.0,,,-2.0,2.0,-1.5,1.5,6.5,NHL,Win,0.0649838192071248,-258.0
2026_03_12,Anaheim Ducks,Toronto Maple Leafs,2026_03_12_Anaheim_Ducks_Toronto_Maple_Leafs,total,under,6.5,under_total,100.0,2.0,0.5881994913433976,0.0593513509105902,0.0593513509105902,nhl,4.0,6.0,10.0,,,-2.0,2.0,-1.5,1.5,6.5,NHL,Loss,0.0593513509105902,100.0
2026_03_12,Chicago Blackhawks,Utah Mammoth,2026_03_12_Chicago_Blackhawks_Utah_Mammoth,puck_line,home,-1.5,home_puck_line,120.0,2.2,0.4084605768794276,0.0321917160390365,0.0268264300325305,nhl,3.0,2.0,5.0,,,1.0,-1.0,1.5,-1.5,5.5,NHL,Loss,0.0321917160390365,120.0
2026_03_12,Chicago Blackhawks,Utah Mammoth,2026_03_12_Chicago_Blackhawks_Utah_Mammoth,total,under,5.5,under_total,114.0,2.14,0.4062581856381499,0.0024204762688142,0.0021232247972054,nhl,3.0,2.0,5.0,,,1.0,-1.0,1.5,-1.5,5.5,NHL,Win,0.0024204762688142,114.0
2026_03_12,Colorado Avalanche,Seattle Kraken,2026_03_12_Colorado_Avalanche_Seattle_Kraken,moneyline,away,,away_moneyline,-205.0,1.4878048780487805,0.9230811284387592,0.0355121951219512,0.0727999999999998,nhl,5.0,1.0,6.0,,,4.0,-4.0,-1.5,1.5,6.5,NHL,Win,0.0355121951219512,-205.0
2026_03_12,Colorado Avalanche,Seattle Kraken,2026_03_12_Colorado_Avalanche_Seattle_Kraken,puck_line,away,-1.5,away_puck_line,124.0,2.24,0.417021876004025,0.0575295218781957,0.0463947757082222,nhl,5.0,1.0,6.0,,,4.0,-4.0,-1.5,1.5,6.5,NHL,Win,0.0575295218781957,124.0
2026_03_12,Colorado Avalanche,Seattle Kraken,2026_03_12_Colorado_Avalanche_Seattle_Kraken,total,under,6.5,under_total,-125.0,1.8,0.7063151496084789,0.0307024838493183,0.0383781048116479,nhl,5.0,1.0,6.0,,,4.0,-4.0,-1.5,1.5,6.5,NHL,Win,0.0307024838493183,-125.0
2026_03_12,Columbus Blue Jackets,Florida Panthers,2026_03_12_Columbus_Blue_Jackets_Florida_Panthers,total,under,6.5,under_total,-118.0,1.847457627118644,0.6939834398751799,0.0490115996928182,0.0578336876375256,nhl,1.0,2.0,3.0,,,-1.0,1.0,1.5,-1.5,6.5,NHL,Win,0.0490115996928182,-118.0
2026_03_12,Detroit Red Wings,Tampa Bay Lightning,2026_03_12_Detroit_Red_Wings_Tampa_Bay_Lightning,puck_line,home,-1.5,home_puck_line,130.0,2.3,0.341807715583195,0.0249075588589644,0.0191596606607418,nhl,1.0,4.0,5.0,,,-3.0,3.0,1.5,-1.5,6.5,NHL,Win,0.0249075588589644,130.0
2026_03_12,Detroit Red Wings,Tampa Bay Lightning,2026_03_12_Detroit_Red_Wings_Tampa_Bay_Lightning,total,under,6.5,under_total,-130.0,1.7692307692307692,0.7816348900644605,0.0698477519679394,0.0908020775583211,nhl,1.0,4.0,5.0,,,-3.0,3.0,1.5,-1.5,6.5,NHL,Win,0.0698477519679394,-130.0
2026_03_12,Edmonton Oilers,Dallas Stars,2026_03_12_Edmonton_Oilers_Dallas_Stars,total,under,6.5,under_total,105.0,2.05,0.6290967687183817,0.1150261783250743,0.1095487412619754,nhl,2.0,7.0,9.0,,,-5.0,5.0,1.5,-1.5,6.5,NHL,Loss,0.1150261783250743,105.0
2026_03_12,Nashville Predators,Vancouver Canucks,2026_03_12_Nashville_Predators_Vancouver_Canucks,total,under,6.5,under_total,-130.0,1.7692307692307692,0.7103709616155524,0.0159157156566172,0.0206904303536024,nhl,3.0,4.0,7.0,,,-1.0,1.0,-1.5,1.5,6.5,NHL,Loss,0.0159157156566172,-130.0
2026_03_12,Philadelphia Flyers,Minnesota Wild,2026_03_12_Philadelphia_Flyers_Minnesota_Wild,puck_line,away,1.5,away_puck_line,-125.0,1.8,0.6682267458892068,0.0045522032900582,0.0056902541125728,nhl,3.0,2.0,5.0,,,1.0,-1.0,1.5,-1.5,5.5,NHL,Win,0.0045522032900582,-125.0
2026_03_12,San Jose Sharks,Boston Bruins,2026_03_12_San_Jose_Sharks_Boston_Bruins,puck_line,home,-1.5,home_puck_line,154.0,2.54,0.3027776075785212,0.0945762134913479,0.0614131256437324,nhl,4.0,2.0,6.0,,,2.0,-2.0,1.5,-1.5,6.5,NHL,Loss,0.0945762134913479,154.0
2026_03_12,San Jose Sharks,Boston Bruins,2026_03_12_San_Jose_Sharks_Boston_Bruins,total,under,6.5,under_total,-105.0,1.9523809523809523,0.6065115227111504,0.0464637463350685,0.0487869336518219,nhl,4.0,2.0,6.0,,,2.0,-2.0,1.5,-1.5,6.5,NHL,Win,0.0464637463350685,-105.0
2026_03_12,St Louis Blues,Carolina Hurricanes,2026_03_12_St_Louis_Blues_Carolina_Hurricanes,total,under,5.5,under_total,120.0,2.2,0.3734545173195901,0.005373183917553,0.0044776532646275,nhl,3.0,1.0,4.0,,,2.0,-2.0,1.5,-1.5,5.5,NHL,Win,0.005373183917553,120.0
2026_03_12,Washington Capitals,Buffalo Sabres,2026_03_12_Washington_Capitals_Buffalo_Sabres,puck_line,away,1.5,away_puck_line,-142.0,1.704225352112676,0.7638804141511354,0.0167569934082882,0.0237949306397693,nhl,2.0,1.0,3.0,,,1.0,-1.0,1.5,-1.5,6.5,NHL,Win,0.0167569934082882,-142.0
2026_03_12,Washington Capitals,Buffalo Sabres,2026_03_12_Washington_Capitals_Buffalo_Sabres,total,under,6.5,under_total,-108.0,1.925925925925926,0.6065115227111504,0.0322840207749728,0.0348667424369707,nhl,2.0,1.0,3.0,,,1.0,-1.0,1.5,-1.5,6.5,NHL,Win,0.0322840207749728,-108.0
2026_03_13,Edmonton Oilers,St Louis Blues,2026_03_13_Edmonton_Oilers_St_Louis_Blues,puck_line,home,1.5,home_puck_line,-192.0,1.5208333333333337,0.9297378937322216,0.0689124970053698,0.1323119942503101,nhl,2.0,3.0,5.0,,,-1.0,1.0,-1.5,1.5,6.5,NHL,Win,0.0689124970053698,-192.0
2026_03_13,Edmonton Oilers,St Louis Blues,2026_03_13_Edmonton_Oilers_St_Louis_Blues,total,under,6.5,under_total,-105.0,1.9523809523809523,0.5789787641533296,0.0279746915827612,0.0293734261618992,nhl,2.0,3.0,5.0,,,-1.0,1.0,-1.5,1.5,6.5,NHL,Win,0.0279746915827612,-105.0
2026_03_14,Anaheim Ducks,Ottawa Senators,2026_03_14_Anaheim_Ducks_Ottawa_Senators,puck_line,home,-1.5,home_puck_line,145.0,2.45,0.2787297051303547,0.0324927697428463,0.0224088067192042,nhl,0.0,2.0,2.0,,,-2.0,2.0,1.5,-1.5,6.5,NHL,Win,0.0324927697428463,145.0
2026_03_14,Anaheim Ducks,Ottawa Senators,2026_03_14_Anaheim_Ducks_Ottawa_Senators,total,under,6.5,under_total,-108.0,1.925925925925926,0.6246107336730617,0.0444852216751068,0.0480440394091154,nhl,0.0,2.0,2.0,,,-2.0,2.0,1.5,-1.5,6.5,NHL,Win,0.0444852216751068,-108.0
2026_03_14,Boston Bruins,Washington Capitals,2026_03_14_Boston_Bruins_Washington_Capitals,moneyline,home,,home_moneyline,-130.0,1.7692307692307692,0.707299668780805,0.0137692307692307,0.0178999999999998,nhl,3.0,2.0,5.0,,,1.0,-1.0,1.5,-1.5,6.5,NHL,Loss,0.0137692307692307,-130.0
2026_03_14,Boston Bruins,Washington Capitals,2026_03_14_Boston_Bruins_Washington_Capitals,puck_line,home,-1.5,home_puck_line,185.0,2.85,0.1880063124026804,0.0842598635420472,0.0455458721848904,nhl,3.0,2.0,5.0,,,1.0,-1.0,1.5,-1.5,6.5,NHL,Loss,0.0842598635420472,185.0
2026_03_14,Boston Bruins,Washington Capitals,2026_03_14_Boston_Bruins_Washington_Capitals,total,under,6.5,under_total,-135.0,1.7407407407407407,0.7455541319145726,0.0246698383204575,0.0333042817326177,nhl,3.0,2.0,5.0,,,1.0,-1.0,1.5,-1.5,6.5,NHL,Win,0.0246698383204575,-135.0
2026_03_14,Calgary Flames,New York Islanders,2026_03_14_Calgary_Flames_New_York_Islanders,total,under,5.5,under_total,110.0,2.1,0.5051355611721644,0.0535950051964788,0.0487227319967988,nhl,2.0,3.0,5.0,,,-1.0,1.0,1.5,-1.5,5.5,NHL,Win,0.0535950051964788,110.0
2026_03_14,Carolina Hurricanes,Tampa Bay Lightning,2026_03_14_Carolina_Hurricanes_Tampa_Bay_Lightning,puck_line,away,1.5,away_puck_line,-218.0,1.4587155963302751,0.9202206518861292,0.0111797217245233,0.0243717933594608,nhl,4.0,2.0,6.0,,,2.0,-2.0,1.5,-1.5,6.5,NHL,Win,0.0111797217245233,-218.0
2026_03_14,Carolina Hurricanes,Tampa Bay Lightning,2026_03_14_Carolina_Hurricanes_Tampa_Bay_Lightning,total,under,6.5,under_total,-120.0,1.8333333333333333,0.7379484026322515,0.0732910240702036,0.0879492288842442,nhl,4.0,2.0,6.0,,,2.0,-2.0,1.5,-1.5,6.5,NHL,Win,0.0732910240702036,-120.0
2026_03_14,Chicago Blackhawks,Vegas Golden Knights,2026_03_14_Chicago_Blackhawks_Vegas_Golden_Knights,total,under,6.5,under_total,-130.0,1.7692307692307692,0.7951226212173048,0.0812147065521915,0.1055791185178489,nhl,0.0,4.0,4.0,,,-4.0,4.0,1.5,-1.5,6.5,NHL,Win,0.0812147065521915,-130.0
2026_03_14,Colorado Avalanche,Winnipeg Jets,2026_03_14_Colorado_Avalanche_Winnipeg_Jets,total,under,6.5,under_total,-130.0,1.7692307692307692,0.7530330342553215,0.0471191025210429,0.0612548332773557,nhl,1.0,3.0,4.0,,,-2.0,2.0,-1.5,1.5,6.5,NHL,Win,0.0471191025210429,-130.0
2026_03_14,Columbus Blue Jackets,Philadelphia Flyers,2026_03_14_Columbus_Blue_Jackets_Philadelphia_Flyers,puck_line,home,1.5,home_puck_line,-230.0,1.434782608695652,0.9576687275611598,0.059994618266999,0.137987622014098,nhl,2.0,1.0,3.0,,,1.0,-1.0,-1.5,1.5,6.5,NHL,Win,0.059994618266999,-230.0
2026_03_14,Columbus Blue Jackets,Philadelphia Flyers,2026_03_14_Columbus_Blue_Jackets_Philadelphia_Flyers,total,under,6.5,under_total,-130.0,1.7692307692307692,0.7984080456178076,0.0840562073720254,0.109273069583633,nhl,2.0,1.0,3.0,,,1.0,-1.0,-1.5,1.5,6.5,NHL,Win,0.0840562073720254,-130.0
2026_03_14,Detroit Red Wings,Dallas Stars,2026_03_14_Detroit_Red_Wings_Dallas_Stars,puck_line,home,-1.5,home_puck_line,145.0,2.45,0.2870777535063683,0.0406958942767647,0.0280661339839757,nhl,2.0,3.0,5.0,,,-1.0,1.0,1.5,-1.5,5.5,NHL,Loss,0.0406958942767647,145.0
2026_03_14,Detroit Red Wings,Dallas Stars,2026_03_14_Detroit_Red_Wings_Dallas_Stars,total,over,5.5,over_total,-115.0,1.869565217391304,0.658007416153923,0.0363380617965967,0.0417887710660863,nhl,2.0,3.0,5.0,,,-1.0,1.0,1.5,-1.5,5.5,NHL,Loss,0.0363380617965967,-115.0
2026_03_14,Los Angeles Kings,New Jersey Devils,2026_03_14_Los_Angeles_Kings_New_Jersey_Devils,total,under,5.5,under_total,-102.0,1.9803921568627447,0.5304606614176988,0.0103262547720275,0.0105327798674679,nhl,4.0,6.0,10.0,,,-2.0,2.0,1.5,-1.5,5.5,NHL,Loss,0.0103262547720275,-102.0
2026_03_14,New York Rangers,Minnesota Wild,2026_03_14_New_York_Rangers_Minnesota_Wild,puck_line,away,1.5,away_puck_line,-135.0,1.7407407407407407,0.718970661074106,0.0055332397456502,0.0074698736566279,nhl,4.0,2.0,6.0,,,2.0,-2.0,1.5,-1.5,6.5,NHL,Win,0.0055332397456502,-135.0
2026_03_14,New York Rangers,Minnesota Wild,2026_03_14_New_York_Rangers_Minnesota_Wild,total,under,6.5,under_total,-130.0,1.7692307692307692,0.7493095960848787,0.044279424578874,0.057563251952536,nhl,4.0,2.0,6.0,,,2.0,-2.0,1.5,-1.5,6.5,NHL,Win,0.044279424578874,-130.0
2026_03_14,Pittsburgh Penguins,Utah Mammoth,2026_03_14_Pittsburgh_Penguins_Utah_Mammoth,total,under,6.5,under_total,-130.0,1.7692307692307692,0.7143985999693754,0.0187487070494205,0.0243733191642465,nhl,4.0,3.0,7.0,,,1.0,-1.0,1.5,-1.5,6.5,NHL,Loss,0.0187487070494205,-130.0
2026_03_14,San Jose Sharks,Montreal Canadiens,2026_03_14_San_Jose_Sharks_Montreal_Canadiens,moneyline,home,,home_moneyline,-175.0,1.5714285714285714,0.8538630756037475,0.0104285714285714,0.01825,nhl,4.0,2.0,6.0,,,2.0,-2.0,1.5,-1.5,6.5,NHL,Loss,0.0104285714285714,-175.0
2026_03_14,San Jose Sharks,Montreal Canadiens,2026_03_14_San_Jose_Sharks_Montreal_Canadiens,puck_line,home,-1.5,home_puck_line,142.0,2.42,0.3341101724488602,0.0715291664143404,0.050372652404465,nhl,4.0,2.0,6.0,,,2.0,-2.0,1.5,-1.5,6.5,NHL,Loss,0.0715291664143404,142.0
2026_03_14,San Jose Sharks,Montreal Canadiens,2026_03_14_San_Jose_Sharks_Montreal_Canadiens,total,under,6.5,under_total,102.0,2.02,0.5184752466720636,0.0224450357846941,0.0220049370438176,nhl,4.0,2.0,6.0,,,2.0,-2.0,1.5,-1.5,6.5,NHL,Win,0.0224450357846941,102.0
2026_03_14,Seattle Kraken,Vancouver Canucks,2026_03_14_Seattle_Kraken_Vancouver_Canucks,puck_line,home,1.5,home_puck_line,-225.0,1.4444444444444444,0.9424922464854808,0.0364205785532389,0.0819463017447877,nhl,5.0,2.0,7.0,,,3.0,-3.0,-1.5,1.5,6.5,NHL,Loss,0.0364205785532389,-225.0
2026_03_14,Seattle Kraken,Vancouver Canucks,2026_03_14_Seattle_Kraken_Vancouver_Canucks,total,under,6.5,under_total,-135.0,1.7407407407407407,0.7816348900644605,0.0526199298750578,0.0710369053313282,nhl,5.0,2.0,7.0,,,3.0,-3.0,-1.5,1.5,6.5,NHL,Loss,0.0526199298750578,-135.0
2026_03_14,Toronto Maple Leafs,Buffalo Sabres,2026_03_14_Toronto_Maple_Leafs_Buffalo_Sabres,total,under,6.5,under_total,-105.0,1.9523809523809523,0.6556332198604171,0.0805507215346406,0.0845782576113726,nhl,2.0,3.0,5.0,,,-1.0,1.0,1.5,-1.5,6.5,NHL,Win,0.0805507215346406,-105.0
2026_03_15,Florida Panthers,Seattle Kraken,2026_03_15_Florida_Panthers_Seattle_Kraken,puck_line,away,-1.5,away_puck_line,200.0,3.0,0.1342596973795038,0.0484782180132552,0.0242391090066275,nhl,2.0,6.0,8.0,,,-4.0,4.0,-1.5,1.5,6.5,NHL,Loss,0.0484782180132552,200.0
2026_03_15,Florida Panthers,Seattle Kraken,2026_03_15_Florida_Panthers_Seattle_Kraken,total,under,6.5,under_total,-130.0,1.7692307692307692,0.8048743050542044,0.0897385888200075,0.1166601654660097,nhl,2.0,6.0,8.0,,,-4.0,4.0,-1.5,1.5,6.5,NHL,Loss,0.0897385888200075,-130.0
2026_03_15,Nashville Predators,Edmonton Oilers,2026_03_15_Nashville_Predators_Edmonton_Oilers,puck_line,home,-1.5,home_puck_line,140.0,2.4,0.2854576550934041,0.0179075499362,0.0127911070972857,nhl,1.0,3.0,4.0,,,-2.0,2.0,1.5,-1.5,6.5,NHL,Win,0.0179075499362,140.0
2026_03_15,Nashville Predators,Edmonton Oilers,2026_03_15_Nashville_Predators_Edmonton_Oilers,total,under,6.5,under_total,100.0,2.0,0.5464726007013676,0.0310614189491029,0.0310614189491029,nhl,1.0,3.0,4.0,,,-2.0,2.0,1.5,-1.5,6.5,NHL,Win,0.0310614189491029,100.0
2026_03_15,San Jose Sharks,Ottawa Senators,2026_03_15_San_Jose_Sharks_Ottawa_Senators,total,under,6.5,under_total,-105.0,1.9523809523809523,0.5371444475639982,0.0004034970573179,0.0004236719101837,nhl,4.0,7.0,11.0,,,-3.0,3.0,1.5,-1.5,6.5,NHL,Loss,0.0004034970573179,-105.0
2026_03_15,St Louis Blues,Winnipeg Jets,2026_03_15_St_Louis_Blues_Winnipeg_Jets,puck_line,away,1.5,away_puck_line,-250.0,1.4,0.9526200287750316,0.0235752709562717,0.0589381773906797,nhl,2.0,3.0,5.0,,,-1.0,1.0,1.5,-1.5,5.5,NHL,Win,0.0235752709562717,-250.0
2026_03_15,St Louis Blues,Winnipeg Jets,2026_03_15_St_Louis_Blues_Winnipeg_Jets,total,under,5.5,under_total,100.0,2.0,0.5152577303475276,0.0101746281826358,0.0101746281826358,nhl,2.0,3.0,5.0,,,-1.0,1.0,1.5,-1.5,5.5,NHL,Win,0.0101746281826358,100.0
2026_03_15,Toronto Maple Leafs,Minnesota Wild,2026_03_15_Toronto_Maple_Leafs_Minnesota_Wild,puck_line,away,1.5,away_puck_line,-125.0,1.8,0.6719111627387869,0.0070175537669658,0.0087719422087074,nhl,4.0,2.0,6.0,,,2.0,-2.0,1.5,-1.5,6.5,NHL,Win,0.0070175537669658,-125.0
2026_03_15,Toronto Maple Leafs,Minnesota Wild,2026_03_15_Toronto_Maple_Leafs_Minnesota_Wild,total,under,6.5,under_total,-130.0,1.7692307692307692,0.6981208971243842,0.0074223988370309,0.0096491184881402,nhl,4.0,2.0,6.0,,,2.0,-2.0,1.5,-1.5,6.5,NHL,Win,0.0074223988370309,-130.0
2026_03_16,Boston Bruins,New Jersey Devils,2026_03_16_Boston_Bruins_New_Jersey_Devils,puck_line,away,1.5,away_puck_line,-250.0,1.4,0.9489624873647602,0.0163575412327772,0.0408938530819431,nhl,3.0,4.0,7.0,,,-1.0,1.0,1.5,-1.5,5.5,NHL,Win,0.0163575412327772,-250.0
2026_03_16,Los Angeles Kings,New York Rangers,2026_03_16_Los_Angeles_Kings_New_York_Rangers,puck_line,home,1.5,home_puck_line,-250.0,1.4,0.9776603827873585,0.0905401950142532,0.2263504875356334,nhl,4.0,1.0,5.0,,,3.0,-3.0,-1.5,1.5,5.5,NHL,Loss,0.0905401950142532,-250.0
2026_03_16,Los Angeles Kings,New York Rangers,2026_03_16_Los_Angeles_Kings_New_York_Rangers,total,under,5.5,under_total,110.0,2.1,0.5152577303475276,0.0606833595917677,0.0551666905379705,nhl,4.0,1.0,5.0,,,3.0,-3.0,-1.5,1.5,5.5,NHL,Win,0.0606833595917677,110.0
2026_03_17,Boston Bruins,Montreal Canadiens,2026_03_17_Boston_Bruins_Montreal_Canadiens,total,under,6.5,under_total,-120.0,1.8333333333333333,0.6380173309421748,0.0029997619953929,0.0035997143944717,nhl,2.0,3.0,5.0,,,-1.0,1.0,1.5,-1.5,6.5,NHL,Win,0.0029997619953929,-120.0
2026_03_17,Buffalo Sabres,Vegas Golden Knights,2026_03_17_Buffalo_Sabres_Vegas_Golden_Knights,total,under,6.5,under_total,-110.0,1.9090909090909087,0.6643179579143454,0.0626742572355947,0.0689416829591543,nhl,2.0,0.0,2.0,,,2.0,-2.0,1.5,-1.5,6.5,NHL,Win,0.0626742572355947,-110.0
2026_03_17,Carolina Hurricanes,Columbus Blue Jackets,2026_03_17_Carolina_Hurricanes_Columbus_Blue_Jackets,puck_line,away,-1.5,away_puck_line,180.0,2.8,0.1896648575362312,0.0676207991741955,0.0375671106523308,nhl,1.0,5.0,6.0,,,-4.0,4.0,-1.5,1.5,6.5,NHL,Loss,0.0676207991741955,180.0
2026_03_17,Carolina Hurricanes,Columbus Blue Jackets,2026_03_17_Carolina_Hurricanes_Columbus_Blue_Jackets,total,under,6.5,under_total,-115.0,1.869565217391304,0.6512590774695327,0.0317401265541541,0.0365011455372772,nhl,1.0,5.0,6.0,,,-4.0,4.0,-1.5,1.5,6.5,NHL,Win,0.0317401265541541,-115.0
2026_03_17,Florida Panthers,Vancouver Canucks,2026_03_17_Florida_Panthers_Vancouver_Canucks,total,over,5.5,over_total,-130.0,1.7692307692307692,0.7605367183238682,0.0529198602110321,0.0687958182743416,nhl,2.0,5.0,7.0,,,-3.0,3.0,-1.5,1.5,5.5,NHL,Win,0.0529198602110321,-130.0
2026_03_17,Minnesota Wild,Chicago Blackhawks,2026_03_17_Minnesota_Wild_Chicago_Blackhawks,puck_line,away,-1.5,away_puck_line,142.0,2.42,0.2920123636936016,0.0326837302737903,0.0230167114604156,nhl,4.0,3.0,7.0,,,1.0,-1.0,-1.5,1.5,5.5,NHL,Loss,0.0326837302737903,142.0
2026_03_17,New York Islanders,Toronto Maple Leafs,2026_03_17_New_York_Islanders_Toronto_Maple_Leafs,puck_line,home,1.5,home_puck_line,-218.0,1.4587155963302751,0.9426245391696292,0.0469012081969004,0.1022446338692429,nhl,3.0,1.0,4.0,,,2.0,-2.0,-1.5,1.5,5.5,NHL,Loss,0.0469012081969004,-218.0
2026_03_17,San Jose Sharks,Edmonton Oilers,2026_03_17_San_Jose_Sharks_Edmonton_Oilers,puck_line,home,-1.5,home_puck_line,136.0,2.3600000000000003,0.2883792531583551,0.0036871272898217,0.0027111230072219,nhl,3.0,5.0,8.0,,,-2.0,2.0,1.5,-1.5,6.5,NHL,Win,0.0036871272898217,136.0
2026_03_17,Tampa Bay Lightning,Seattle Kraken,2026_03_17_Tampa_Bay_Lightning_Seattle_Kraken,total,under,6.5,under_total,-130.0,1.7692307692307692,0.851553243491456,0.1351234830571126,0.1756605279742464,nhl,6.0,2.0,8.0,,,4.0,-4.0,-1.5,1.5,6.5,NHL,Loss,0.1351234830571126,-130.0
2026_03_18,Dallas Stars,Colorado Avalanche,2026_03_18_Dallas_Stars_Colorado_Avalanche,total,under,6.5,under_total,-125.0,1.8,0.6686272992253978,0.0048196285885617,0.006024535735702,nhl,2.0,1.0,3.0,,,1.0,-1.0,1.5,-1.5,6.5,NHL,Win,0.0048196285885617,-125.0
2026_03_18,New Jersey Devils,New York Rangers,2026_03_18_New_Jersey_Devils_New_York_Rangers,puck_line,home,1.5,home_puck_line,-278.0,1.359712230215827,0.9834323740824004,0.0822691628704399,0.2287082727798233,nhl,6.0,3.0,9.0,,,3.0,-3.0,-1.5,1.5,5.5,NHL,Loss,0.0822691628704399,-278.0
2026_03_18,New Jersey Devils,New York Rangers,2026_03_18_New_Jersey_Devils_New_York_Rangers,total,under,5.5,under_total,114.0,2.14,0.4799342003489776,0.0556795596991659,0.0488417190343559,nhl,6.0,3.0,9.0,,,3.0,-3.0,-1.5,1.5,5.5,NHL,Loss,0.0556795596991659,114.0
2026_03_18,Ottawa Senators,Washington Capitals,2026_03_18_Ottawa_Senators_Washington_Capitals,puck_line,home,1.5,home_puck_line,-265.0,1.3773584905660377,0.9712209257706332,0.0518627336603538,0.1374362441999379,nhl,1.0,4.0,5.0,,,-3.0,3.0,-1.5,1.5,6.5,NHL,Win,0.0518627336603538,-265.0
2026_03_18,Ottawa Senators,Washington Capitals,2026_03_18_Ottawa_Senators_Washington_Capitals,total,under,6.5,under_total,-120.0,1.8333333333333333,0.7781771497560412,0.1056656512475491,0.1267987814970589,nhl,1.0,4.0,5.0,,,-3.0,3.0,-1.5,1.5,6.5,NHL,Win,0.1056656512475491,-120.0
2026_03_18,Philadelphia Flyers,Anaheim Ducks,2026_03_18_Philadelphia_Flyers_Anaheim_Ducks,puck_line,away,1.5,away_puck_line,-198.0,1.5050505050505052,0.8918152603400954,0.0067034277074859,0.0132727868608221,nhl,3.0,2.0,5.0,,,1.0,-1.0,1.5,-1.5,6.5,NHL,Win,0.0067034277074859,-198.0
2026_03_18,Philadelphia Flyers,Anaheim Ducks,2026_03_18_Philadelphia_Flyers_Anaheim_Ducks,total,under,6.5,under_total,-115.0,1.869565217391304,0.7417669571061339,0.0975014073644706,0.1121266184691411,nhl,3.0,2.0,5.0,,,1.0,-1.0,1.5,-1.5,6.5,NHL,Win,0.0975014073644706,-115.0
2026_03_18,Pittsburgh Penguins,Carolina Hurricanes,2026_03_18_Pittsburgh_Penguins_Carolina_Hurricanes,puck_line,home,-1.5,home_puck_line,154.0,2.54,0.2739876294800688,0.0655289132693481,0.0425512423826936,nhl,5.0,6.0,11.0,,,-1.0,1.0,1.5,-1.5,6.5,NHL,Loss,0.0655289132693481,154.0
2026_03_18,St Louis Blues,Calgary Flames,2026_03_18_St_Louis_Blues_Calgary_Flames,puck_line,home,1.5,home_puck_line,-265.0,1.3773584905660377,0.9737517488982188,0.0596400597657182,0.1580461583791533,nhl,1.0,2.0,3.0,,,-1.0,1.0,-1.5,1.5,5.5,NHL,Win,0.0596400597657182,-265.0
2026_03_18,St Louis Blues,Calgary Flames,2026_03_18_St_Louis_Blues_Calgary_Flames,total,under,5.5,under_total,-105.0,1.9523809523809523,0.5608369766652426,0.0159579102023315,0.0167558057124481,nhl,1.0,2.0,3.0,,,-1.0,1.0,-1.5,1.5,5.5,NHL,Win,0.0159579102023315,-105.0
2026_03_19,Buffalo Sabres,San Jose Sharks,2026_03_19_Buffalo_Sabres_San_Jose_Sharks,total,under,6.5,under_total,110.0,2.1,0.4951798688725391,0.0466258152963325,0.0423871048148478,nhl,5.0,0.0,5.0,,,5.0,-5.0,-1.5,1.5,6.5,NHL,Win,0.0466258152963325,110.0
2026_03_19,Chicago Blackhawks,Minnesota Wild,2026_03_19_Chicago_Blackhawks_Minnesota_Wild,total,under,6.5,under_total,-135.0,1.7407407407407407,0.7850584621579026,0.0554159545700665,0.0748115386695897,nhl,2.0,1.0,3.0,,,1.0,-1.0,1.5,-1.5,6.5,NHL,Win,0.0554159545700665,-135.0
2026_03_19,Florida Panthers,Edmonton Oilers,2026_03_19_Florida_Panthers_Edmonton_Oilers,puck_line,away,1.5,away_puck_line,-198.0,1.5050505050505052,0.9061402318530676,0.0240974864373695,0.0477130231459916,nhl,4.0,0.0,4.0,,,4.0,-4.0,1.5,-1.5,6.5,NHL,Win,0.0240974864373695,-198.0
2026_03_19,Florida Panthers,Edmonton Oilers,2026_03_19_Florida_Panthers_Edmonton_Oilers,total,over,6.5,over_total,-115.0,1.869565217391304,0.6672217972477614,0.0426792594230156,0.0490811483364679,nhl,4.0,0.0,4.0,,,4.0,-4.0,1.5,-1.5,6.5,NHL,Loss,0.0426792594230156,-115.0
2026_03_19,New York Islanders,Ottawa Senators,2026_03_19_New_York_Islanders_Ottawa_Senators,puck_line,away,1.5,away_puck_line,-218.0,1.4587155963302751,0.9439965784165204,0.0494243085682137,0.107744992678706,nhl,2.0,3.0,5.0,,,-1.0,1.0,1.5,-1.5,5.5,NHL,Win,0.0494243085682137,-218.0
2026_03_19,New York Rangers,Columbus Blue Jackets,2026_03_19_New_York_Rangers_Columbus_Blue_Jackets,total,under,6.5,under_total,-135.0,1.7407407407407407,0.7603826491256218,0.0358463756265292,0.0483926070958146,nhl,3.0,6.0,9.0,,,-3.0,3.0,1.5,-1.5,6.5,NHL,Loss,0.0358463756265292,-135.0
2026_03_19,Philadelphia Flyers,Los Angeles Kings,2026_03_19_Philadelphia_Flyers_Los_Angeles_Kings,puck_line,home,-1.5,home_puck_line,160.0,2.6,0.2632098547252485,0.0791364526533644,0.0494602829083527,nhl,4.0,3.0,7.0,,,1.0,-1.0,1.5,-1.5,5.5,NHL,Loss,0.0791364526533644,160.0
2026_03_19,Philadelphia Flyers,Los Angeles Kings,2026_03_19_Philadelphia_Flyers_Los_Angeles_Kings,total,under,5.5,under_total,114.0,2.14,0.5355295093128606,0.095382408123577,0.0836687790557694,nhl,4.0,3.0,7.0,,,1.0,-1.0,1.5,-1.5,5.5,NHL,Loss,0.095382408123577,114.0
2026_03_19,Seattle Kraken,Nashville Predators,2026_03_19_Seattle_Kraken_Nashville_Predators,puck_line,home,-1.5,home_puck_line,190.0,2.9,0.155114134926585,0.0509258954358551,0.0268031028609763,nhl,1.0,3.0,4.0,,,-2.0,2.0,1.5,-1.5,5.5,NHL,Win,0.0509258954358551,190.0
2026_03_19,Tampa Bay Lightning,Vancouver Canucks,2026_03_19_Tampa_Bay_Lightning_Vancouver_Canucks,puck_line,home,1.5,home_puck_line,-102.0,1.9803921568627447,0.5744069583663128,0.0396407202005943,0.0404335346046064,nhl,6.0,2.0,8.0,,,4.0,-4.0,-1.5,1.5,6.5,NHL,Loss,0.0396407202005943,-102.0
2026_03_19,Tampa Bay Lightning,Vancouver Canucks,2026_03_19_Tampa_Bay_Lightning_Vancouver_Canucks,total,under,6.5,under_total,-130.0,1.7692307692307692,0.7379484026322515,0.0357633658859306,0.0464923756517098,nhl,6.0,2.0,8.0,,,4.0,-4.0,-1.5,1.5,6.5,NHL,Loss,0.0357633658859306,-130.0
2026_03_20,Anaheim Ducks,Utah Mammoth,2026_03_20_Anaheim_Ducks_Utah_Mammoth,total,under,6.5,under_total,-105.0,1.9523809523809523,0.6512590774695327,0.0774429007093771,0.0813150457448459,nhl,4.0,1.0,5.0,,,3.0,-3.0,1.5,-1.5,6.5,NHL,Win,0.0774429007093771,-105.0
2026_03_20,Carolina Hurricanes,Toronto Maple Leafs,2026_03_20_Carolina_Hurricanes_Toronto_Maple_Leafs,total,under,6.5,under_total,-125.0,1.8,0.6981208971243842,0.0249427883820227,0.0311784854775285,nhl,4.0,3.0,7.0,,,1.0,-1.0,-1.5,1.5,6.5,NHL,Loss,0.0249427883820227,-125.0
2026_03_20,Florida Panthers,Calgary Flames,2026_03_20_Florida_Panthers_Calgary_Flames,puck_line,home,1.5,home_puck_line,-270.0,1.3703703703703702,0.978814557994092,0.0717035173778395,0.1935994969201666,nhl,1.0,4.0,5.0,,,-3.0,3.0,-1.5,1.5,5.5,NHL,Win,0.0717035173778395,-270.0
2026_03_20,New Jersey Devils,Washington Capitals,2026_03_20_New_Jersey_Devils_Washington_Capitals,total,under,5.5,under_total,114.0,2.14,0.4303838395704198,0.0200521205124888,0.01758957939692,nhl,1.0,2.0,3.0,,,-1.0,1.0,1.5,-1.5,5.5,NHL,Win,0.0200521205124888,114.0
2026_03_21,Boston Bruins,Detroit Red Wings,2026_03_21_Boston_Bruins_Detroit_Red_Wings,total,over,5.5,over_total,-130.0,1.7692307692307692,0.6961921759972967,0.0061012093432952,0.0079315721462839,nhl,4.0,2.0,6.0,,,2.0,-2.0,1.5,-1.5,5.5,NHL,Win,0.0061012093432952,-130.0
2026_03_21,Buffalo Sabres,Los Angeles Kings,2026_03_21_Buffalo_Sabres_Los_Angeles_Kings,puck_line,home,1.5,home_puck_line,-258.0,1.3875968992248062,0.948799114506852,0.0070432718060917,0.0181716412597169,nhl,4.0,1.0,5.0,,,3.0,-3.0,-1.5,1.5,6.5,NHL,Loss,0.0070432718060917,-258.0
2026_03_21,Buffalo Sabres,Los Angeles Kings,2026_03_21_Buffalo_Sabres_Los_Angeles_Kings,total,under,6.5,under_total,-125.0,1.8,0.7816348900644605,0.0884537998282515,0.1105672497853142,nhl,4.0,1.0,5.0,,,3.0,-3.0,-1.5,1.5,6.5,NHL,Win,0.0884537998282515,-125.0
2026_03_21,Dallas Stars,Minnesota Wild,2026_03_21_Dallas_Stars_Minnesota_Wild,total,over,5.5,over_total,-115.0,1.869565217391304,0.7002657592981074,0.0661119368713363,0.0760287274020367,nhl,1.0,2.0,3.0,,,-1.0,1.0,-1.5,1.5,5.5,NHL,Loss,0.0661119368713363,-115.0
2026_03_21,New York Islanders,Montreal Canadiens,2026_03_21_New_York_Islanders_Montreal_Canadiens,total,over,5.5,over_total,-130.0,1.7692307692307692,0.7083075446163407,0.0144723255442482,0.0188140232075226,nhl,3.0,7.0,10.0,,,-4.0,4.0,1.5,-1.5,5.5,NHL,Win,0.0144723255442482,-130.0
2026_03_21,Philadelphia Flyers,San Jose Sharks,2026_03_21_Philadelphia_Flyers_San_Jose_Sharks,puck_line,away,1.5,away_puck_line,-265.0,1.3773584905660377,0.983602970548603,0.0970986885208611,0.2573115245802823,nhl,4.0,1.0,5.0,,,3.0,-3.0,1.5,-1.5,5.5,NHL,Win,0.0970986885208611,-265.0
2026_03_21,Seattle Kraken,Columbus Blue Jackets,2026_03_21_Seattle_Kraken_Columbus_Blue_Jackets,puck_line,home,-1.5,home_puck_line,142.0,2.42,0.2862392631641435,0.0271445482599359,0.0191158790562928,nhl,2.0,5.0,7.0,,,-3.0,3.0,1.5,-1.5,6.5,NHL,Win,0.0271445482599359,142.0
2026_03_21,Seattle Kraken,Columbus Blue Jackets,2026_03_21_Seattle_Kraken_Columbus_Blue_Jackets,total,under,6.5,under_total,-125.0,1.8,0.7223675532532956,0.0422332069902544,0.0527915087378181,nhl,2.0,5.0,7.0,,,-3.0,3.0,1.5,-1.5,6.5,NHL,Loss,0.0422332069902544,-125.0
2026_03_21,Toronto Maple Leafs,Ottawa Senators,2026_03_21_Toronto_Maple_Leafs_Ottawa_Senators,total,over,5.5,over_total,-142.0,1.704225352112676,0.7499535562950836,0.0063816654487327,0.0090619649372005,nhl,2.0,5.0,7.0,,,-3.0,3.0,1.5,-1.5,5.5,NHL,Win,0.0063816654487327,-142.0
2026_03_21,Vegas Golden Knights,Nashville Predators,2026_03_21_Vegas_Golden_Knights_Nashville_Predators,total,under,6.5,under_total,-130.0,1.7692307692307692,0.7223675532532956,0.0244172547340106,0.031742431154214,nhl,1.0,4.0,5.0,,,-3.0,3.0,-1.5,1.5,6.5,NHL,Win,0.0244172547340106,-130.0
2026_03_21,Winnipeg Jets,Pittsburgh Penguins,2026_03_21_Winnipeg_Jets_Pittsburgh_Penguins,total,under,6.5,under_total,-130.0,1.7692307692307692,0.791802467844823,0.0783730629266288,0.1018849818046174,nhl,4.0,5.0,9.0,,,-1.0,1.0,1.5,-1.5,6.5,NHL,Loss,0.0783730629266288,-130.0
2026_03_22,Carolina Hurricanes,Pittsburgh Penguins,2026_03_22_Carolina_Hurricanes_Pittsburgh_Penguins,total,under,6.5,under_total,-102.0,1.9803921568627447,0.583593879870363,0.0458432246559676,0.0467600891490871,nhl,5.0,1.0,6.0,,,4.0,-4.0,-1.5,1.5,6.5,NHL,Win,0.0458432246559676,-102.0
2026_03_22,Columbus Blue Jackets,New York Islanders,2026_03_22_Columbus_Blue_Jackets_New_York_Islanders,moneyline,home,,home_moneyline,102.0,2.02,0.5209890304500954,0.02414,0.0236666666666667,nhl,0.0,1.0,1.0,,,-1.0,1.0,-1.5,1.5,6.5,NHL,Win,0.02414,102.0
2026_03_22,Columbus Blue Jackets,New York Islanders,2026_03_22_Columbus_Blue_Jackets_New_York_Islanders,puck_line,home,1.5,home_puck_line,-250.0,1.4,0.9613674908385194,0.0428138451242252,0.1070346128105629,nhl,0.0,1.0,1.0,,,-1.0,1.0,-1.5,1.5,6.5,NHL,Win,0.0428138451242252,-250.0
2026_03_22,Columbus Blue Jackets,New York Islanders,2026_03_22_Columbus_Blue_Jackets_New_York_Islanders,total,under,6.5,under_total,-130.0,1.7692307692307692,0.7884477038867289,0.0755313242480733,0.0981907215224951,nhl,0.0,1.0,1.0,,,-1.0,1.0,-1.5,1.5,6.5,NHL,Win,0.0755313242480733,-130.0
2026_03_22,Los Angeles Kings,Utah Mammoth,2026_03_22_Los_Angeles_Kings_Utah_Mammoth,puck_line,home,-1.5,home_puck_line,154.0,2.54,0.2657399335625762,0.0569078266597575,0.0369531341946477,nhl,3.0,4.0,7.0,,,-1.0,1.0,1.5,-1.5,5.5,NHL,Loss,0.0569078266597575,154.0
2026_03_22,Nashville Predators,Chicago Blackhawks,2026_03_22_Nashville_Predators_Chicago_Blackhawks,puck_line,home,1.5,home_puck_line,-290.0,1.3448275862068966,0.9614015239845096,0.0017958241144797,0.0052078899319913,nhl,3.0,2.0,5.0,,,1.0,-1.0,-1.5,1.5,5.5,NHL,Win,0.0017958241144797,-290.0
2026_03_22,Nashville Predators,Chicago Blackhawks,2026_03_22_Nashville_Predators_Chicago_Blackhawks,total,over,5.5,over_total,-135.0,1.7407407407407407,0.7122752233939534,0.0008716713377994,0.0011767563060292,nhl,3.0,2.0,5.0,,,1.0,-1.0,-1.5,1.5,5.5,NHL,Loss,0.0008716713377994,-135.0
2026_03_22,Tampa Bay Lightning,Calgary Flames,2026_03_22_Tampa_Bay_Lightning_Calgary_Flames,total,under,6.5,under_total,-120.0,1.8333333333333333,0.8234316076432542,0.1468779194186578,0.1762535033023893,nhl,3.0,4.0,7.0,,,-1.0,1.0,-1.5,1.5,6.5,NHL,Loss,0.1468779194186578,-120.0
2026_03_22,Vegas Golden Knights,Dallas Stars,2026_03_22_Vegas_Golden_Knights_Dallas_Stars,puck_line,home,-1.5,home_puck_line,180.0,2.8,0.1804684303634207,0.0542252171034021,0.0301251206130011,nhl,3.0,2.0,5.0,,,1.0,-1.0,1.5,-1.5,5.5,NHL,Loss,0.0542252171034021,180.0
2026_03_22,Winnipeg Jets,New York Rangers,2026_03_22_Winnipeg_Jets_New_York_Rangers,total,under,5.5,under_total,114.0,2.14,0.4649236836451514,0.0449423087153575,0.0394230778204891,nhl,3.0,2.0,5.0,,,1.0,-1.0,1.5,-1.5,5.5,NHL,Win,0.0449423087153575,114.0
2026_03_24,Anaheim Ducks,Vancouver Canucks,2026_03_24_Anaheim_Ducks_Vancouver_Canucks,total,under,6.5,under_total,110.0,2.1,0.615590695417678,0.1322342641817833,0.1202129674379849,nhl,5.0,3.0,8.0,,,2.0,-2.0,-1.5,1.5,6.5,NHL,Loss,0.1322342641817833,110.0
2026_03_24,Carolina Hurricanes,Montreal Canadiens,2026_03_24_Carolina_Hurricanes_Montreal_Canadiens,puck_line,away,-1.5,away_puck_line,180.0,2.8,0.1691281144728725,0.0370513237792842,0.0205840687662689,nhl,2.0,5.0,7.0,,,-3.0,3.0,-1.5,1.5,6.5,NHL,Loss,0.0370513237792842,180.0
2026_03_24,Carolina Hurricanes,Montreal Canadiens,2026_03_24_Carolina_Hurricanes_Montreal_Canadiens,total,under,6.5,under_total,100.0,2.0,0.6065115227111504,0.0719872523432409,0.0719872523432409,nhl,2.0,5.0,7.0,,,-3.0,3.0,-1.5,1.5,6.5,NHL,Loss,0.0719872523432409,100.0
2026_03_24,Chicago Blackhawks,New York Islanders,2026_03_24_Chicago_Blackhawks_New_York_Islanders,puck_line,home,-1.5,home_puck_line,136.0,2.3600000000000003,0.3150841652891881,0.0281437103147668,0.0206939046432108,nhl,4.0,3.0,7.0,,,1.0,-1.0,1.5,-1.5,5.5,NHL,Loss,0.0281437103147668,136.0
2026_03_24,Chicago Blackhawks,New York Islanders,2026_03_24_Chicago_Blackhawks_New_York_Islanders,total,under,5.5,under_total,105.0,2.05,0.4749195909365045,0.0078489257662281,0.0074751673964078,nhl,4.0,3.0,7.0,,,1.0,-1.0,1.5,-1.5,5.5,NHL,Loss,0.0078489257662281,105.0
2026_03_24,Colorado Avalanche,Pittsburgh Penguins,2026_03_24_Colorado_Avalanche_Pittsburgh_Penguins,puck_line,away,-1.5,away_puck_line,154.0,2.54,0.2857921388482509,0.077624495346114,0.0504055164585156,nhl,6.0,2.0,8.0,,,4.0,-4.0,-1.5,1.5,6.5,NHL,Win,0.077624495346114,154.0
2026_03_24,Colorado Avalanche,Pittsburgh Penguins,2026_03_24_Colorado_Avalanche_Pittsburgh_Penguins,total,under,6.5,under_total,102.0,2.02,0.5371444475639982,0.0350516181749127,0.0343643315440321,nhl,6.0,2.0,8.0,,,4.0,-4.0,-1.5,1.5,6.5,NHL,Loss,0.0350516181749127,102.0
2026_03_24,Columbus Blue Jackets,Philadelphia Flyers,2026_03_24_Columbus_Blue_Jackets_Philadelphia_Flyers,puck_line,home,1.5,home_puck_line,-227.0,1.4405286343612334,0.9429027697070954,0.0343501205727736,0.077974773700196,nhl,3.0,2.0,5.0,,,1.0,-1.0,-1.5,1.5,5.5,NHL,Win,0.0343501205727736,-227.0
2026_03_24,Los Angeles Kings,Calgary Flames,2026_03_24_Los_Angeles_Kings_Calgary_Flames,puck_line,home,1.5,home_puck_line,-217.0,1.4608294930875576,0.940974464191476,0.0454416161144655,0.0986083069683901,nhl,2.0,3.0,5.0,,,-1.0,1.0,-1.5,1.5,5.5,NHL,Win,0.0454416161144655,-217.0
2026_03_24,Los Angeles Kings,Calgary Flames,2026_03_24_Los_Angeles_Kings_Calgary_Flames,total,under,5.5,under_total,100.0,2.0,0.555783785576092,0.0373273041761721,0.0373273041761721,nhl,2.0,3.0,5.0,,,-1.0,1.0,-1.5,1.5,5.5,NHL,Win,0.0373273041761721,100.0
2026_03_24,Minnesota Wild,Tampa Bay Lightning,2026_03_24_Minnesota_Wild_Tampa_Bay_Lightning,puck_line,home,-1.5,home_puck_line,145.0,2.45,0.270375061781303,0.0241489816731608,0.0166544701194213,nhl,3.0,6.0,9.0,,,-3.0,3.0,1.5,-1.5,6.5,NHL,Win,0.0241489816731608,145.0
2026_03_24,Minnesota Wild,Tampa Bay Lightning,2026_03_24_Minnesota_Wild_Tampa_Bay_Lightning,total,under,6.5,under_total,-125.0,1.8,0.7302185565929556,0.0480035167730872,0.0600043959663589,nhl,3.0,6.0,9.0,,,-3.0,3.0,1.5,-1.5,6.5,NHL,Loss,0.0480035167730872,-125.0
2026_03_24,New Jersey Devils,Dallas Stars,2026_03_24_New_Jersey_Devils_Dallas_Stars,total,under,5.5,under_total,110.0,2.1,0.435268552884449,0.0044608430321695,0.0040553118474268,nhl,6.0,4.0,10.0,,,2.0,-2.0,1.5,-1.5,5.5,NHL,Loss,0.0044608430321695,110.0
2026_03_24,Ottawa Senators,Detroit Red Wings,2026_03_24_Ottawa_Senators_Detroit_Red_Wings,total,over,5.5,over_total,-125.0,1.8,0.6710324680380556,0.0064284675585271,0.0080355844481588,nhl,3.0,2.0,5.0,,,1.0,-1.0,1.5,-1.5,5.5,NHL,Loss,0.0064284675585271,-125.0
2026_03_24,San Jose Sharks,Nashville Predators,2026_03_24_San_Jose_Sharks_Nashville_Predators,moneyline,home,,home_moneyline,-143.0,1.6993006993006992,0.775810449056228,0.0229790209790208,0.0328599999999998,nhl,3.0,6.0,9.0,,,-3.0,3.0,1.5,-1.5,6.5,NHL,Win,0.0229790209790208,-143.0
2026_03_24,Seattle Kraken,Florida Panthers,2026_03_24_Seattle_Kraken_Florida_Panthers,moneyline,home,,home_moneyline,-135.0,1.7407407407407407,0.7463991445155116,0.0252962962962961,0.0341499999999998,nhl,4.0,5.0,9.0,,,-1.0,1.0,1.5,-1.5,5.5,NHL,Win,0.0252962962962961,-135.0
2026_03_24,Toronto Maple Leafs,Boston Bruins,2026_03_24_Toronto_Maple_Leafs_Boston_Bruins,puck_line,away,1.5,away_puck_line,-154.0,1.6493506493506491,0.7944341267837683,0.0074017943877076,0.0113987633570698,nhl,4.0,2.0,6.0,,,2.0,-2.0,1.5,-1.5,6.5,NHL,Win,0.0074017943877076,-154.0
2026_03_24,Toronto Maple Leafs,Boston Bruins,2026_03_24_Toronto_Maple_Leafs_Boston_Bruins,total,under,6.5,under_total,-122.0,1.819672131147541,0.7022316333558559,0.0390551555329516,0.0476472897502011,nhl,4.0,2.0,6.0,,,2.0,-2.0,1.5,-1.5,6.5,NHL,Win,0.0390551555329516,-122.0
2026_03_24,Washington Capitals,St Louis Blues,2026_03_24_Washington_Capitals_St_Louis_Blues,puck_line,away,-1.5,away_puck_line,225.0,3.25,0.0871630902960983,0.0194916329124981,0.0086629479611102,nhl,0.0,3.0,3.0,,,-3.0,3.0,-1.5,1.5,5.5,NHL,Loss,0.0194916329124981,225.0
2026_03_24,Washington Capitals,St Louis Blues,2026_03_24_Washington_Capitals_St_Louis_Blues,total,under,5.5,under_total,110.0,2.1,0.4649236836451514,0.0254106767767527,0.0231006152515934,nhl,0.0,3.0,3.0,,,-3.0,3.0,-1.5,1.5,5.5,NHL,Win,0.0254106767767527,110.0
2026_03_25,Boston Bruins,Buffalo Sabres,2026_03_25_Boston_Bruins_Buffalo_Sabres,total,under,6.5,under_total,-108.0,1.925925925925926,0.6290967687183817,0.0475404024011538,0.0513436345932461,nhl,4.0,3.0,7.0,,,1.0,-1.0,1.5,-1.5,6.5,NHL,Loss,0.0475404024011538,-108.0
2026_03_25,New York Rangers,Toronto Maple Leafs,2026_03_25_New_York_Rangers_Toronto_Maple_Leafs,puck_line,home,1.5,home_puck_line,-244.0,1.4098360655737705,0.945473693172013,0.0169379152423128,0.0413285131912431,nhl,3.0,4.0,7.0,,,-1.0,1.0,-1.5,1.5,6.5,NHL,Win,0.0169379152423128,-244.0
2026_03_25,New York Rangers,Toronto Maple Leafs,2026_03_25_New_York_Rangers_Toronto_Maple_Leafs,total,under,6.5,under_total,-125.0,1.8,0.8016586369157729,0.1058000830017507,0.1322501037521882,nhl,3.0,4.0,7.0,,,-1.0,1.0,-1.5,1.5,6.5,NHL,Loss,0.1058000830017507,-125.0
2026_03_26,Anaheim Ducks,Calgary Flames,2026_03_26_Anaheim_Ducks_Calgary_Flames,total,under,6.5,under_total,-105.0,1.9523809523809523,0.6643179579143454,0.0867711791683749,0.0911097381267937,nhl,3.0,2.0,5.0,,,1.0,-1.0,-1.5,1.5,6.5,NHL,Win,0.0867711791683749,-105.0
2026_03_26,Colorado Avalanche,Winnipeg Jets,2026_03_26_Colorado_Avalanche_Winnipeg_Jets,puck_line,away,-1.5,away_puck_line,142.0,2.42,0.3133668364889473,0.0527026616401682,0.0371145504508227,nhl,3.0,2.0,5.0,,,1.0,-1.0,-1.5,1.5,6.5,NHL,Loss,0.0527026616401682,142.0
2026_03_26,Colorado Avalanche,Winnipeg Jets,2026_03_26_Colorado_Avalanche_Winnipeg_Jets,total,under,6.5,under_total,-135.0,1.7407407407407407,0.7493095960848787,0.0274633307853333,0.0370754965601999,nhl,3.0,2.0,5.0,,,1.0,-1.0,-1.5,1.5,6.5,NHL,Win,0.0274633307853333,-135.0
2026_03_26,Columbus Blue Jackets,Montreal Canadiens,2026_03_26_Columbus_Blue_Jackets_Montreal_Canadiens,total,under,6.5,under_total,-105.0,1.9523809523809523,0.6110581349709757,0.0495528901549264,0.0520305346626728,nhl,1.0,2.0,3.0,,,-1.0,1.0,1.5,-1.5,6.5,NHL,Win,0.0495528901549264,-105.0
2026_03_26,Dallas Stars,New York Islanders,2026_03_26_Dallas_Stars_New_York_Islanders,puck_line,away,-1.5,away_puck_line,205.0,3.05,0.1220541105409311,0.0408275321656379,0.0199158693490916,nhl,1.0,2.0,3.0,,,-1.0,1.0,-1.5,1.5,5.5,NHL,Loss,0.0408275321656379,205.0
2026_03_26,Edmonton Oilers,Vegas Golden Knights,2026_03_26_Edmonton_Oilers_Vegas_Golden_Knights,total,over,6.5,over_total,-115.0,1.869565217391304,0.6551175769324582,0.0343644808852887,0.0395191530180819,nhl,4.0,3.0,7.0,,,1.0,-1.0,1.5,-1.5,6.5,NHL,Win,0.0343644808852887,-115.0
2026_03_26,Los Angeles Kings,Vancouver Canucks,2026_03_26_Los_Angeles_Kings_Vancouver_Canucks,puck_line,away,-1.5,away_puck_line,154.0,2.54,0.2681933667984009,0.0594876964664903,0.0386283743288898,nhl,4.0,0.0,4.0,,,4.0,-4.0,-1.5,1.5,6.5,NHL,Win,0.0594876964664903,154.0
2026_03_26,Los Angeles Kings,Vancouver Canucks,2026_03_26_Los_Angeles_Kings_Vancouver_Canucks,total,under,6.5,under_total,-135.0,1.7407407407407407,0.835100055389453,0.1001202511082459,0.1351623389961319,nhl,4.0,0.0,4.0,,,4.0,-4.0,-1.5,1.5,6.5,NHL,Win,0.1001202511082459,-135.0
2026_03_26,Minnesota Wild,Florida Panthers,2026_03_26_Minnesota_Wild_Florida_Panthers,total,under,6.5,under_total,-122.0,1.819672131147541,0.7263080049130882,0.0565400416977381,0.0689788508712405,nhl,3.0,2.0,5.0,,,1.0,-1.0,-1.5,1.5,6.5,NHL,Win,0.0565400416977381,-122.0
2026_03_26,New Jersey Devils,Nashville Predators,2026_03_26_New_Jersey_Devils_Nashville_Predators,total,under,6.5,under_total,-122.0,1.819672131147541,0.7455541319145726,0.0711320214323025,0.0867810661474091,nhl,4.0,2.0,6.0,,,2.0,-2.0,1.5,-1.5,6.5,NHL,Win,0.0711320214323025,-122.0
2026_03_26,Pittsburgh Penguins,Ottawa Senators,2026_03_26_Pittsburgh_Penguins_Ottawa_Senators,puck_line,home,-1.5,home_puck_line,164.0,2.64,0.2440692246704736,0.0741923798567327,0.0452392560102029,nhl,4.0,3.0,7.0,,,1.0,-1.0,1.5,-1.5,6.5,NHL,Loss,0.0741923798567327,164.0
2026_03_26,Pittsburgh Penguins,Ottawa Senators,2026_03_26_Pittsburgh_Penguins_Ottawa_Senators,total,under,6.5,under_total,-125.0,1.8,0.6643179579143454,0.0019500139649897,0.002437517456237,nhl,4.0,3.0,7.0,,,1.0,-1.0,1.5,-1.5,6.5,NHL,Loss,0.0019500139649897,-125.0
2026_03_26,San Jose Sharks,St Louis Blues,2026_03_26_San_Jose_Sharks_St_Louis_Blues,puck_line,home,-1.5,home_puck_line,180.0,2.8,0.2077298924769546,0.0927268057610679,0.0515148920894821,nhl,1.0,2.0,3.0,,,-1.0,1.0,1.5,-1.5,6.5,NHL,Loss,0.0927268057610679,180.0
2026_03_26,San Jose Sharks,St Louis Blues,2026_03_26_San_Jose_Sharks_St_Louis_Blues,total,under,6.5,under_total,-130.0,1.7692307692307692,0.7223675532532956,0.0244172547340106,0.031742431154214,nhl,1.0,2.0,3.0,,,-1.0,1.0,1.5,-1.5,6.5,NHL,Win,0.0244172547340106,-130.0
2026_03_26,Seattle Kraken,Tampa Bay Lightning,2026_03_26_Seattle_Kraken_Tampa_Bay_Lightning,total,under,6.5,under_total,-125.0,1.8,0.7340988150723158,0.0508897502134746,0.0636121877668433,nhl,4.0,3.0,7.0,,,1.0,-1.0,1.5,-1.5,6.5,NHL,Loss,0.0508897502134746,-125.0
2026_03_26,Washington Capitals,Utah Mammoth,2026_03_26_Washington_Capitals_Utah_Mammoth,puck_line,away,1.5,away_puck_line,-204.0,1.4901960784313726,0.8947460605051716,0.0001441362799718,0.0002940380111425,nhl,7.0,4.0,11.0,,,3.0,-3.0,1.5,-1.5,6.5,NHL,Win,0.0001441362799718,-204.0
2026_03_26,Washington Capitals,Utah Mammoth,2026_03_26_Washington_Capitals_Utah_Mammoth,total,under,6.5,under_total,-130.0,1.7692307692307692,0.7984080456178076,0.0840562073720254,0.109273069583633,nhl,7.0,4.0,11.0,,,3.0,-3.0,1.5,-1.5,6.5,NHL,Loss,0.0840562073720254,-130.0
2026_03_27,Chicago Blackhawks,New York Rangers,2026_03_27_Chicago_Blackhawks_New_York_Rangers,total,under,6.5,under_total,-135.0,1.7407407407407407,0.8048743050542044,0.0721904633961749,0.097457125584836,nhl,1.0,6.0,7.0,,,-5.0,5.0,1.5,-1.5,6.5,NHL,Loss,0.0721904633961749,-135.0
2026_03_27,Detroit Red Wings,Buffalo Sabres,2026_03_27_Detroit_Red_Wings_Buffalo_Sabres,puck_line,home,-1.5,home_puck_line,164.0,2.64,0.2093338451479237,0.0323210156980873,0.0197079364012727,nhl,5.0,2.0,7.0,,,3.0,-3.0,1.5,-1.5,5.5,NHL,Loss,0.0323210156980873,164.0
2026_03_27,Detroit Red Wings,Buffalo Sabres,2026_03_27_Detroit_Red_Wings_Buffalo_Sabres,total,over,5.5,over_total,-135.0,1.7407407407407407,0.7570462441862178,0.0332966814928656,0.0449505200153686,nhl,5.0,2.0,7.0,,,3.0,-3.0,1.5,-1.5,5.5,NHL,Win,0.0332966814928656,-135.0
2026_03_28,Anaheim Ducks,Edmonton Oilers,2026_03_28_Anaheim_Ducks_Edmonton_Oilers,puck_line,away,1.5,away_puck_line,-204.0,1.4901960784313726,0.906922050921896,0.0149859822680571,0.0305714038268366,nhl,2.0,4.0,6.0,,,-2.0,2.0,1.5,-1.5,6.5,NHL,Loss,0.0149859822680571,-204.0
2026_03_28,Anaheim Ducks,Edmonton Oilers,2026_03_28_Anaheim_Ducks_Edmonton_Oilers,total,over,6.5,over_total,-147.0,1.6802721088435373,0.7973504460180761,0.0286769838674603,0.0421551662851666,nhl,2.0,4.0,6.0,,,-2.0,2.0,1.5,-1.5,6.5,NHL,Loss,0.0286769838674603,-147.0
2026_03_28,Dallas Stars,Pittsburgh Penguins,2026_03_28_Dallas_Stars_Pittsburgh_Penguins,puck_line,away,-1.5,away_puck_line,210.0,3.1,0.1208123653504885,0.0551882354023343,0.0262801120963496,nhl,6.0,3.0,9.0,,,3.0,-3.0,-1.5,1.5,6.5,NHL,Win,0.0551882354023343,210.0
2026_03_28,Minnesota Wild,Boston Bruins,2026_03_28_Minnesota_Wild_Boston_Bruins,puck_line,home,1.5,home_puck_line,-250.0,1.4,0.9421023202521251,0.0038520547182243,0.0096301367955611,nhl,3.0,6.0,9.0,,,-3.0,3.0,-1.5,1.5,6.5,NHL,Win,0.0038520547182243,-250.0
2026_03_28,Minnesota Wild,Boston Bruins,2026_03_28_Minnesota_Wild_Boston_Bruins,total,under,6.5,under_total,-125.0,1.8,0.7417669571061339,0.0566641456950951,0.0708301821188689,nhl,3.0,6.0,9.0,,,-3.0,3.0,-1.5,1.5,6.5,NHL,Loss,0.0566641456950951,-125.0
2026_03_28,Montreal Canadiens,Nashville Predators,2026_03_28_Montreal_Canadiens_Nashville_Predators,total,under,6.5,under_total,-115.0,1.869565217391304,0.6290967687183817,0.0168849558425914,0.0194176992189802,nhl,4.0,1.0,5.0,,,3.0,-3.0,-1.5,1.5,6.5,NHL,Win,0.0168849558425914,-115.0
2026_03_28,New Jersey Devils,Carolina Hurricanes,2026_03_28_New_Jersey_Devils_Carolina_Hurricanes,moneyline,home,,home_moneyline,-204.0,1.4901960784313726,0.902036219392012,0.0088627450980394,0.0180800000000001,nhl,2.0,5.0,7.0,,,-3.0,3.0,1.5,-1.5,6.5,NHL,Win,0.0088627450980394,-204.0
2026_03_28,New Jersey Devils,Carolina Hurricanes,2026_03_28_New_Jersey_Devils_Carolina_Hurricanes,puck_line,home,-1.5,home_puck_line,124.0,2.24,0.3876336823369465,0.0348078289848736,0.028070829826511,nhl,2.0,5.0,7.0,,,-3.0,3.0,1.5,-1.5,6.5,NHL,Win,0.0348078289848736,124.0
2026_03_28,New Jersey Devils,Carolina Hurricanes,2026_03_28_New_Jersey_Devils_Carolina_Hurricanes,total,under,6.5,under_total,-115.0,1.869565217391304,0.7603826491256218,0.1125047568014805,0.1293804703217025,nhl,2.0,5.0,7.0,,,-3.0,3.0,1.5,-1.5,6.5,NHL,Loss,0.1125047568014805,-115.0
2026_03_28,Ottawa Senators,Tampa Bay Lightning,2026_03_28_Ottawa_Senators_Tampa_Bay_Lightning,puck_line,home,-1.5,home_puck_line,160.0,2.6,0.2692389592405577,0.0856363103254049,0.0535226939533781,nhl,2.0,4.0,6.0,,,-2.0,2.0,1.5,-1.5,6.5,NHL,Win,0.0856363103254049,160.0
2026_03_28,Ottawa Senators,Tampa Bay Lightning,2026_03_28_Ottawa_Senators_Tampa_Bay_Lightning,total,under,6.5,under_total,-135.0,1.7407407407407407,0.7530330342553215,0.0302572812244077,0.0408473296529503,nhl,2.0,4.0,6.0,,,-2.0,2.0,1.5,-1.5,6.5,NHL,Win,0.0302572812244077,-135.0
2026_03_28,Philadelphia Flyers,Detroit Red Wings,2026_03_28_Philadelphia_Flyers_Detroit_Red_Wings,puck_line,away,1.5,away_puck_line,-227.0,1.4405286343612334,0.9244907302140616,0.004639423361382,0.0105314910303372,nhl,5.0,3.0,8.0,,,2.0,-2.0,1.5,-1.5,5.5,NHL,Win,0.004639423361382,-227.0
2026_03_28,Philadelphia Flyers,Detroit Red Wings,2026_03_28_Philadelphia_Flyers_Detroit_Red_Wings,total,under,5.5,under_total,110.0,2.1,0.4899919856075304,0.0429935581141973,0.0390850528310886,nhl,5.0,3.0,8.0,,,2.0,-2.0,1.5,-1.5,5.5,NHL,Loss,0.0429935581141973,110.0
2026_03_28,Seattle Kraken,Buffalo Sabres,2026_03_28_Seattle_Kraken_Buffalo_Sabres,puck_line,home,-1.5,home_puck_line,136.0,2.3600000000000003,0.2924852939751744,0.0075200401324488,0.0055294412738594,nhl,2.0,3.0,5.0,,,-1.0,1.0,1.5,-1.5,6.5,NHL,Loss,0.0075200401324488,136.0
2026_03_28,Seattle Kraken,Buffalo Sabres,2026_03_28_Seattle_Kraken_Buffalo_Sabres,total,under,6.5,under_total,-120.0,1.8333333333333333,0.6686272992253978,0.0234273994883498,0.0281128793860197,nhl,2.0,3.0,5.0,,,-1.0,1.0,1.5,-1.5,6.5,NHL,Win,0.0234273994883498,-120.0
2026_03_28,Utah Mammoth,Los Angeles Kings,2026_03_28_Utah_Mammoth_Los_Angeles_Kings,puck_line,away,1.5,away_puck_line,-286.0,1.3496503496503496,0.970575121366176,0.0288430152909928,0.0824910237322397,nhl,6.0,2.0,8.0,,,4.0,-4.0,1.5,-1.5,5.5,NHL,Win,0.0288430152909928,-286.0
2026_03_28,Vancouver Canucks,Calgary Flames,2026_03_28_Vancouver_Canucks_Calgary_Flames,puck_line,home,-1.5,home_puck_line,150.0,2.5,0.2882560047917253,0.063105548575769,0.0420703657171793,nhl,3.0,7.0,10.0,,,-4.0,4.0,1.5,-1.5,5.5,NHL,Win,0.063105548575769,150.0
2026_03_28,Winnipeg Jets,Colorado Avalanche,2026_03_28_Winnipeg_Jets_Colorado_Avalanche,total,under,6.5,under_total,-135.0,1.7407407407407407,0.7603826491256218,0.0358463756265292,0.0483926070958146,nhl,4.0,2.0,6.0,,,2.0,-2.0,1.5,-1.5,6.5,NHL,Win,0.0358463756265292,-135.0
2026_03_29,Boston Bruins,Columbus Blue Jackets,2026_03_29_Boston_Bruins_Columbus_Blue_Jackets,total,under,6.5,under_total,-130.0,1.7692307692307692,0.6898197750826519,0.0017653379991673,0.0022949393989175,nhl,4.0,3.0,7.0,,,1.0,-1.0,1.5,-1.5,6.5,NHL,Loss,0.0017653379991673,-130.0
2026_03_29,Chicago Blackhawks,New Jersey Devils,2026_03_29_Chicago_Blackhawks_New_Jersey_Devils,puck_line,home,-1.5,home_puck_line,154.0,2.54,0.2657399335625762,0.0569078266597575,0.0369531341946477,nhl,3.0,5.0,8.0,,,-2.0,2.0,1.5,-1.5,5.5,NHL,Win,0.0569078266597575,154.0
2026_03_29,Chicago Blackhawks,New Jersey Devils,2026_03_29_Chicago_Blackhawks_New_Jersey_Devils,total,under,5.5,under_total,110.0,2.1,0.4749195909365045,0.0324306068824777,0.0294823698931616,nhl,3.0,5.0,8.0,,,-2.0,2.0,1.5,-1.5,5.5,NHL,Loss,0.0324306068824777,110.0
2026_03_29,Dallas Stars,Philadelphia Flyers,2026_03_29_Dallas_Stars_Philadelphia_Flyers,puck_line,away,-1.5,away_puck_line,170.0,2.7,0.1767453853824223,0.0112181501389065,0.0065989118464155,nhl,1.0,2.0,3.0,,,-1.0,1.0,-1.5,1.5,5.5,NHL,Loss,0.0112181501389065,170.0
2026_03_29,Dallas Stars,Philadelphia Flyers,2026_03_29_Dallas_Stars_Philadelphia_Flyers,total,under,5.5,under_total,105.0,2.05,0.4749195909365045,0.0078489257662281,0.0074751673964078,nhl,1.0,2.0,3.0,,,-1.0,1.0,-1.5,1.5,5.5,NHL,Win,0.0078489257662281,105.0
2026_03_29,Montreal Canadiens,Carolina Hurricanes,2026_03_29_Montreal_Canadiens_Carolina_Hurricanes,puck_line,home,-1.5,home_puck_line,142.0,2.42,0.2778954015275648,0.0190331002804768,0.0134035917468147,nhl,3.0,1.0,4.0,,,2.0,-2.0,1.5,-1.5,6.5,NHL,Loss,0.0190331002804768,142.0
2026_03_29,Nashville Predators,Tampa Bay Lightning,2026_03_29_Nashville_Predators_Tampa_Bay_Lightning,moneyline,home,,home_moneyline,-204.0,1.4901960784313726,0.902036219392012,0.0088627450980394,0.0180800000000001,nhl,2.0,3.0,5.0,,,-1.0,1.0,1.5,-1.5,6.5,NHL,Win,0.0088627450980394,-204.0
2026_03_29,Nashville Predators,Tampa Bay Lightning,2026_03_29_Nashville_Predators_Tampa_Bay_Lightning,puck_line,home,-1.5,home_puck_line,130.0,2.3,0.3860119279074353,0.0612231003686492,0.0470946925912686,nhl,2.0,3.0,5.0,,,-1.0,1.0,1.5,-1.5,6.5,NHL,Loss,0.0612231003686492,130.0
2026_03_30,Calgary Flames,Colorado Avalanche,2026_03_30_Calgary_Flames_Colorado_Avalanche,puck_line,away,1.5,away_puck_line,114.0,2.14,0.4496868773491599,0.0340016857209994,0.0298260401061398,nhl,2.0,9.0,11.0,,,-7.0,7.0,1.5,-1.5,6.5,NHL,Loss,0.0340016857209994,114.0
2026_03_30,Calgary Flames,Colorado Avalanche,2026_03_30_Calgary_Flames_Colorado_Avalanche,total,under,6.5,under_total,-135.0,1.7407407407407407,0.7302185565929556,0.0135013433813804,0.0182268135648636,nhl,2.0,9.0,11.0,,,-7.0,7.0,1.5,-1.5,6.5,NHL,Loss,0.0135013433813804,-135.0
2026_03_30,Pittsburgh Penguins,New York Islanders,2026_03_30_Pittsburgh_Penguins_New_York_Islanders,puck_line,home,-1.5,home_puck_line,205.0,3.05,0.1124643154988737,0.0197480912596732,0.009633215248621,nhl,8.0,3.0,11.0,,,5.0,-5.0,1.5,-1.5,6.5,NHL,Loss,0.0197480912596732,205.0
2026_03_30,St Louis Blues,San Jose Sharks,2026_03_30_St_Louis_Blues_San_Jose_Sharks,puck_line,away,1.5,away_puck_line,-278.0,1.359712230215827,0.976008109177976,0.053418581434032,0.1485036563866092,nhl,4.0,5.0,9.0,,,-1.0,1.0,1.5,-1.5,5.5,NHL,Win,0.053418581434032,-278.0
2026_03_30,Toronto Maple Leafs,Anaheim Ducks,2026_03_30_Toronto_Maple_Leafs_Anaheim_Ducks,puck_line,away,1.5,away_puck_line,-143.0,1.6993006993006992,0.8016628665802715,0.0439407113210554,0.0628352171891093,nhl,5.0,4.0,9.0,,,1.0,-1.0,1.5,-1.5,6.5,NHL,Win,0.0439407113210554,-143.0
2026_03_30,Toronto Maple Leafs,Anaheim Ducks,2026_03_30_Toronto_Maple_Leafs_Anaheim_Ducks,total,under,6.5,under_total,-105.0,1.9523809523809523,0.5881994913433976,0.0341286996984333,0.035835134683355,nhl,5.0,4.0,9.0,,,1.0,-1.0,1.5,-1.5,6.5,NHL,Loss,0.0341286996984333,-105.0
2026_03_30,Vancouver Canucks,Vegas Golden Knights,2026_03_30_Vancouver_Canucks_Vegas_Golden_Knights,total,under,6.5,under_total,-108.0,1.925925925925926,0.7340988150723158,0.1244087862366396,0.1343614891355708,nhl,2.0,4.0,6.0,,,-2.0,2.0,1.5,-1.5,6.5,NHL,Win,0.1244087862366396,-108.0
2026_03_31,Carolina Hurricanes,Columbus Blue Jackets,2026_03_31_Carolina_Hurricanes_Columbus_Blue_Jackets,total,under,6.5,under_total,-115.0,1.869565217391304,0.6729138064056974,0.0466351746454603,0.0536304508422792,nhl,5.0,2.0,7.0,,,3.0,-3.0,-1.5,1.5,6.5,NHL,Loss,0.0466351746454603,-115.0
2026_03_31,Detroit Red Wings,Pittsburgh Penguins,2026_03_31_Detroit_Red_Wings_Pittsburgh_Penguins,total,under,6.5,under_total,-122.0,1.819672131147541,0.6599863910929699,0.0100007356486846,0.0122008974913952,nhl,1.0,5.0,6.0,,,-4.0,4.0,1.5,-1.5,6.5,NHL,Win,0.0100007356486846,-122.0
2026_03_31,Montreal Canadiens,Tampa Bay Lightning,2026_03_31_Montreal_Canadiens_Tampa_Bay_Lightning,puck_line,home,-1.5,home_puck_line,142.0,2.42,0.299637459726407,0.0399137146596055,0.0281082497602857,nhl,4.0,1.0,5.0,,,3.0,-3.0,1.5,-1.5,6.5,NHL,Loss,0.0399137146596055,142.0
2026_03_31,New Jersey Devils,New York Rangers,2026_03_31_New_Jersey_Devils_New_York_Rangers,total,under,6.5,under_total,-135.0,1.7407407407407407,0.8541740336913429,0.1196284792971649,0.1614984470511727,nhl,1.0,4.0,5.0,,,-3.0,3.0,-1.5,1.5,6.5,NHL,Win,0.1196284792971649,-135.0
2026_03_31,New York Islanders,Buffalo Sabres,2026_03_31_New_York_Islanders_Buffalo_Sabres,puck_line,home,-1.5,home_puck_line,136.0,2.3600000000000003,0.2866003368448742,0.0020176757747842,0.0014835851285178,nhl,3.0,4.0,7.0,,,-1.0,1.0,1.5,-1.5,6.5,NHL,Loss,0.0020176757747842,136.0
2026_03_31,New York Islanders,Buffalo Sabres,2026_03_31_New_York_Islanders_Buffalo_Sabres,total,under,6.5,under_total,-130.0,1.7692307692307692,0.7143985999693754,0.0187487070494205,0.0243733191642465,nhl,3.0,4.0,7.0,,,-1.0,1.0,1.5,-1.5,6.5,NHL,Loss,0.0187487070494205,-130.0
2026_03_31,Ottawa Senators,Florida Panthers,2026_03_31_Ottawa_Senators_Florida_Panthers,puck_line,home,1.5,home_puck_line,-169.0,1.5917159763313609,0.8541712357139121,0.0237743824610605,0.0401787063591922,nhl,3.0,6.0,9.0,,,-3.0,3.0,-1.5,1.5,5.5,NHL,Win,0.0237743824610605,-169.0
2026_03_31,Philadelphia Flyers,Washington Capitals,2026_03_31_Philadelphia_Flyers_Washington_Capitals,puck_line,home,-1.5,home_puck_line,190.0,2.9,0.1544393995470768,0.0497741375769886,0.0261969145142046,nhl,4.0,6.0,10.0,,,-2.0,2.0,1.5,-1.5,5.5,NHL,Win,0.0497741375769886,190.0
2026_03_31,Seattle Kraken,Edmonton Oilers,2026_03_31_Seattle_Kraken_Edmonton_Oilers,total,over,6.5,over_total,-105.0,1.9523809523809523,0.6088145626015994,0.0480270975308354,0.0504284524073772,nhl,0.0,3.0,3.0,,,-3.0,3.0,1.5,-1.5,6.5,NHL,Loss,0.0480270975308354,-105.0
2026_03_31,Winnipeg Jets,Chicago Blackhawks,2026_03_31_Winnipeg_Jets_Chicago_Blackhawks,total,under,5.5,under_total,110.0,2.1,0.4749195909365045,0.0324306068824777,0.0294823698931616,nhl,4.0,3.0,7.0,,,1.0,-1.0,-1.5,1.5,5.5,NHL,Loss,0.0324306068824777,110.0
2026_04_01,Anaheim Ducks,San Jose Sharks,2026_04_01_Anaheim_Ducks_San_Jose_Sharks,puck_line,away,-1.5,away_puck_line,215.0,3.15,0.1130714782196556,0.0546010588369643,0.0253958413195182,nhl,3.0,4.0,7.0,,,-1.0,1.0,-1.5,1.5,6.5,NHL,Loss,0.0546010588369643,215.0
2026_04_01,Anaheim Ducks,San Jose Sharks,2026_04_01_Anaheim_Ducks_San_Jose_Sharks,total,under,6.5,under_total,110.0,2.1,0.4720210433562653,0.0303965276733442,0.0276332069757675,nhl,3.0,4.0,7.0,,,-1.0,1.0,-1.5,1.5,6.5,NHL,Loss,0.0303965276733442,110.0
2026_04_01,St Louis Blues,Los Angeles Kings,2026_04_01_St_Louis_Blues_Los_Angeles_Kings,total,under,5.5,under_total,-105.0,1.9523809523809523,0.595979439626864,0.0393495716068328,0.0413170501871744,nhl,1.0,2.0,3.0,,,-1.0,1.0,1.5,-1.5,5.5,NHL,Win,0.0393495716068328,-105.0
2026_04_01,Vancouver Canucks,Colorado Avalanche,2026_04_01_Vancouver_Canucks_Colorado_Avalanche,puck_line,away,1.5,away_puck_line,142.0,2.42,0.2691331112411884,0.0103713184506022,0.007303745387748,nhl,8.0,6.0,14.0,,,2.0,-2.0,1.5,-1.5,6.5,NHL,Win,0.0103713184506022,142.0
2026_04_01,Vancouver Canucks,Colorado Avalanche,2026_04_01_Vancouver_Canucks_Colorado_Avalanche,total,under,6.5,under_total,-115.0,1.869565217391304,0.6110581349709757,0.0050331493212072,0.0057881217193883,nhl,8.0,6.0,14.0,,,2.0,-2.0,1.5,-1.5,6.5,NHL,Loss,0.0050331493212072,-115.0
2026_04_02,Boston Bruins,Florida Panthers,2026_04_02_Boston_Bruins_Florida_Panthers,puck_line,home,1.5,home_puck_line,-196.0,1.510204081632653,0.9265152505759562,0.0563452684369865,0.1104367261364933,nhl,1.0,2.0,3.0,,,-1.0,1.0,-1.5,1.5,6.5,NHL,Win,0.0563452684369865,-196.0
2026_04_02,Boston Bruins,Florida Panthers,2026_04_02_Boston_Bruins_Florida_Panthers,total,under,6.5,under_total,-125.0,1.8,0.7530330342553215,0.0653298695214088,0.081662336901761,nhl,1.0,2.0,3.0,,,-1.0,1.0,-1.5,1.5,6.5,NHL,Win,0.0653298695214088,-125.0
2026_04_02,Buffalo Sabres,Ottawa Senators,2026_04_02_Buffalo_Sabres_Ottawa_Senators,total,under,6.5,under_total,-115.0,1.869565217391304,0.6686272992253978,0.0436532374229019,0.0502012230363373,nhl,1.0,4.0,5.0,,,-3.0,3.0,1.5,-1.5,6.5,NHL,Win,0.0436532374229019,-115.0
2026_04_02,Calgary Flames,Vegas Golden Knights,2026_04_02_Calgary_Flames_Vegas_Golden_Knights,total,under,5.5,under_total,120.0,2.2,0.435268552884449,0.0522923117479872,0.0435769264566559,nhl,3.0,6.0,9.0,,,-3.0,3.0,1.5,-1.5,5.5,NHL,Loss,0.0522923117479872,120.0
2026_04_02,Columbus Blue Jackets,Carolina Hurricanes,2026_04_02_Columbus_Blue_Jackets_Carolina_Hurricanes,puck_line,home,-1.5,home_puck_line,136.0,2.3600000000000003,0.3021171290397635,0.0164039201319687,0.0120617059793888,nhl,1.0,5.0,6.0,,,-4.0,4.0,1.5,-1.5,6.5,NHL,Win,0.0164039201319687,136.0
2026_04_02,Columbus Blue Jackets,Carolina Hurricanes,2026_04_02_Columbus_Blue_Jackets_Carolina_Hurricanes,total,under,6.5,under_total,-115.0,1.869565217391304,0.6246107336730617,0.0139191825792632,0.0160070599661527,nhl,1.0,5.0,6.0,,,-4.0,4.0,1.5,-1.5,6.5,NHL,Win,0.0139191825792632,-115.0
2026_04_02,Detroit Red Wings,Philadelphia Flyers,2026_04_02_Detroit_Red_Wings_Philadelphia_Flyers,total,under,5.5,under_total,105.0,2.05,0.4849586515738494,0.0147189878561715,0.0140180836725443,nhl,4.0,2.0,6.0,,,2.0,-2.0,1.5,-1.5,5.5,NHL,Loss,0.0147189878561715,105.0
2026_04_02,Montreal Canadiens,New York Rangers,2026_04_02_Montreal_Canadiens_New_York_Rangers,total,under,6.5,under_total,-120.0,1.8333333333333333,0.6643179579143454,0.0205046438532301,0.0246055726238761,nhl,3.0,2.0,5.0,,,1.0,-1.0,-1.5,1.5,6.5,NHL,Win,0.0205046438532301,-120.0
2026_04_02,Pittsburgh Penguins,Tampa Bay Lightning,2026_04_02_Pittsburgh_Penguins_Tampa_Bay_Lightning,puck_line,home,-1.5,home_puck_line,145.0,2.45,0.3002908751471303,0.0534280077391473,0.0368469018890671,nhl,3.0,6.0,9.0,,,-3.0,3.0,1.5,-1.5,6.5,NHL,Win,0.0534280077391473,145.0
2026_04_02,Toronto Maple Leafs,San Jose Sharks,2026_04_02_Toronto_Maple_Leafs_San_Jose_Sharks,puck_line,away,1.5,away_puck_line,-250.0,1.4,0.9789886611985776,0.0955454763694141,0.2388636909235356,nhl,1.0,4.0,5.0,,,-3.0,3.0,1.5,-1.5,6.5,NHL,Loss,0.0955454763694141,-250.0
2026_04_02,Utah Mammoth,Seattle Kraken,2026_04_02_Utah_Mammoth_Seattle_Kraken,total,under,6.5,under_total,-135.0,1.7407407407407407,0.8293360947266698,0.0945388555028392,0.1276274549288329,nhl,6.0,2.0,8.0,,,4.0,-4.0,-1.5,1.5,6.5,NHL,Loss,0.0945388555028392,-135.0
2026_04_02,Vancouver Canucks,Minnesota Wild,2026_04_02_Vancouver_Canucks_Minnesota_Wild,total,under,6.5,under_total,-110.0,1.9090909090909087,0.7223675532532956,0.1053988558987546,0.11593874148863,nhl,2.0,5.0,7.0,,,-3.0,3.0,1.5,-1.5,6.5,NHL,Loss,0.1053988558987546,-110.0
2026_04_02,Washington Capitals,New Jersey Devils,2026_04_02_Washington_Capitals_New_Jersey_Devils,puck_line,away,1.5,away_puck_line,-270.0,1.3703703703703702,0.9671656345034354,0.0351798465573769,0.0949855857049174,nhl,3.0,7.0,10.0,,,-4.0,4.0,1.5,-1.5,6.5,NHL,Loss,0.0351798465573769,-270.0
2026_04_02,Washington Capitals,New Jersey Devils,2026_04_02_Washington_Capitals_New_Jersey_Devils,total,under,6.5,under_total,-125.0,1.8,0.8322356228962792,0.1346858229607788,0.1683572787009735,nhl,3.0,7.0,10.0,,,-4.0,4.0,1.5,-1.5,6.5,NHL,Loss,0.1346858229607788,-125.0
2026_04_02,Winnipeg Jets,Dallas Stars,2026_04_02_Winnipeg_Jets_Dallas_Stars,puck_line,home,-1.5,home_puck_line,150.0,2.5,0.2740293581379154,0.0487914994487397,0.0325276662991598,nhl,0.0,3.0,3.0,,,-3.0,3.0,1.5,-1.5,5.5,NHL,Win,0.0487914994487397,150.0
2026_04_03,Philadelphia Flyers,New York Islanders,2026_04_03_Philadelphia_Flyers_New_York_Islanders,puck_line,home,-1.5,home_puck_line,180.0,2.8,0.1987321057328609,0.0804096127874811,0.0446720071041561,nhl,4.0,1.0,5.0,,,3.0,-3.0,1.5,-1.5,5.5,NHL,Loss,0.0804096127874811,180.0
2026_04_03,Philadelphia Flyers,New York Islanders,2026_04_03_Philadelphia_Flyers_New_York_Islanders,total,under,5.5,under_total,105.0,2.05,0.5355295093128606,0.0493149236697816,0.0469665939712206,nhl,4.0,1.0,5.0,,,3.0,-3.0,1.5,-1.5,5.5,NHL,Win,0.0493149236697816,105.0
2026_04_03,St Louis Blues,Anaheim Ducks,2026_04_03_St_Louis_Blues_Anaheim_Ducks,total,under,6.5,under_total,-130.0,1.7692307692307692,0.7417669571061339,0.038601510725948,0.0501819639437326,nhl,6.0,2.0,8.0,,,4.0,-4.0,1.5,-1.5,6.5,NHL,Loss,0.038601510725948,-130.0
2026_04_04,Boston Bruins,Tampa Bay Lightning,2026_04_04_Boston_Bruins_Tampa_Bay_Lightning,puck_line,home,-1.5,home_puck_line,140.0,2.4,0.3085086431446431,0.0395464659764568,0.0282474756974691,nhl,1.0,3.0,4.0,,,-2.0,2.0,1.5,-1.5,6.5,NHL,Win,0.0395464659764568,140.0
2026_04_04,Buffalo Sabres,Washington Capitals,2026_04_04_Buffalo_Sabres_Washington_Capitals,moneyline,home,,home_moneyline,-105.0,1.9523809523809523,0.5597452229299363,0.0152380952380952,0.016,nhl,2.0,6.0,8.0,,,-4.0,4.0,-1.5,1.5,6.5,NHL,Win,0.0152380952380952,-105.0
2026_04_04,Buffalo Sabres,Washington Capitals,2026_04_04_Buffalo_Sabres_Washington_Capitals,puck_line,home,1.5,home_puck_line,-270.0,1.3703703703703702,0.9681704412374024,0.0378832831515787,0.1022848645092627,nhl,2.0,6.0,8.0,,,-4.0,4.0,-1.5,1.5,6.5,NHL,Win,0.0378832831515787,-270.0
2026_04_04,Buffalo Sabres,Washington Capitals,2026_04_04_Buffalo_Sabres_Washington_Capitals,total,under,6.5,under_total,-120.0,1.8333333333333333,0.6729138064056974,0.0263515472298505,0.0316218566758208,nhl,2.0,6.0,8.0,,,-4.0,4.0,-1.5,1.5,6.5,NHL,Loss,0.0263515472298505,-120.0
2026_04_04,Calgary Flames,Anaheim Ducks,2026_04_04_Calgary_Flames_Anaheim_Ducks,total,under,6.5,under_total,-115.0,1.869565217391304,0.6290967687183817,0.0168849558425914,0.0194176992189802,nhl,5.0,3.0,8.0,,,2.0,-2.0,1.5,-1.5,6.5,NHL,Loss,0.0168849558425914,-115.0
2026_04_04,Chicago Blackhawks,Seattle Kraken,2026_04_04_Chicago_Blackhawks_Seattle_Kraken,puck_line,away,1.5,away_puck_line,-179.0,1.558659217877095,0.8657403026204961,0.0139191381271914,0.0249152572476728,nhl,4.0,2.0,6.0,,,2.0,-2.0,1.5,-1.5,5.5,NHL,Win,0.0139191381271914,-179.0
2026_04_04,Colorado Avalanche,Dallas Stars,2026_04_04_Colorado_Avalanche_Dallas_Stars,puck_line,away,-1.5,away_puck_line,230.0,3.3,0.0794246873221786,0.0113122614893921,0.0049183745606053,nhl,2.0,0.0,2.0,,,2.0,-2.0,-1.5,1.5,6.5,NHL,Win,0.0113122614893921,230.0
2026_04_04,Detroit Red Wings,New York Rangers,2026_04_04_Detroit_Red_Wings_New_York_Rangers,puck_line,home,1.5,home_puck_line,-217.0,1.4608294930875576,0.9500836758842314,0.0627800815095229,0.1362327768756648,nhl,1.0,4.0,5.0,,,-3.0,3.0,-1.5,1.5,6.5,NHL,Win,0.0627800815095229,-217.0
2026_04_04,Detroit Red Wings,New York Rangers,2026_04_04_Detroit_Red_Wings_New_York_Rangers,total,under,6.5,under_total,-130.0,1.7692307692307692,0.8143110769680946,0.098259887419704,0.1277378536456152,nhl,1.0,4.0,5.0,,,-3.0,3.0,-1.5,1.5,6.5,NHL,Win,0.098259887419704,-130.0
2026_04_04,Florida Panthers,Pittsburgh Penguins,2026_04_04_Florida_Panthers_Pittsburgh_Penguins,puck_line,away,1.5,away_puck_line,-143.0,1.6993006993006992,0.8031326674360589,0.0451843352810585,0.0646135994519138,nhl,4.0,9.0,13.0,,,-5.0,5.0,1.5,-1.5,6.5,NHL,Loss,0.0451843352810585,-143.0
2026_04_04,Florida Panthers,Pittsburgh Penguins,2026_04_04_Florida_Panthers_Pittsburgh_Penguins,total,under,6.5,under_total,-115.0,1.869565217391304,0.6898197750826519,0.0585762267325793,0.0673626607424662,nhl,4.0,9.0,13.0,,,-5.0,5.0,1.5,-1.5,6.5,NHL,Loss,0.0585762267325793,-115.0
2026_04_04,Montreal Canadiens,New Jersey Devils,2026_04_04_Montreal_Canadiens_New_Jersey_Devils,total,under,6.5,under_total,-120.0,1.8333333333333333,0.7183976102692997,0.0585964293044269,0.0703157151653124,nhl,4.0,3.0,7.0,,,1.0,-1.0,-1.5,1.5,6.5,NHL,Loss,0.0585964293044269,-120.0
2026_04_04,Nashville Predators,San Jose Sharks,2026_04_04_Nashville_Predators_San_Jose_Sharks,puck_line,away,1.5,away_puck_line,-250.0,1.4,0.9702454206387257,0.0662528244204851,0.1656320610512131,nhl,6.0,3.0,9.0,,,3.0,-3.0,1.5,-1.5,6.5,NHL,Win,0.0662528244204851,-250.0
2026_04_04,New York Islanders,Carolina Hurricanes,2026_04_04_New_York_Islanders_Carolina_Hurricanes,total,under,6.5,under_total,-125.0,1.8,0.7711598876475753,0.0797806544543628,0.0997258180679535,nhl,3.0,4.0,7.0,,,-1.0,1.0,1.5,-1.5,6.5,NHL,Loss,0.0797806544543628,-125.0
2026_04_04,Toronto Maple Leafs,Los Angeles Kings,2026_04_04_Toronto_Maple_Leafs_Los_Angeles_Kings,total,under,5.5,under_total,114.0,2.14,0.4303838395704198,0.0200521205124888,0.01758957939692,nhl,6.0,7.0,13.0,,,-1.0,1.0,1.5,-1.5,5.5,NHL,Loss,0.0200521205124888,114.0
2026_04_04,Utah Mammoth,Vancouver Canucks,2026_04_04_Utah_Mammoth_Vancouver_Canucks,total,under,6.5,under_total,-122.0,1.819672131147541,0.7530330342553215,0.0769728189150855,0.0939068390764042,nhl,7.0,4.0,11.0,,,3.0,-3.0,-1.5,1.5,6.5,NHL,Loss,0.0769728189150855,-122.0
2026_04_04,Vegas Golden Knights,Edmonton Oilers,2026_04_04_Vegas_Golden_Knights_Edmonton_Oilers,puck_line,away,1.5,away_puck_line,-250.0,1.4,0.9679819311059956,0.059800651916104,0.1495016297902602,nhl,5.0,1.0,6.0,,,4.0,-4.0,1.5,-1.5,6.5,NHL,Win,0.059800651916104,-250.0
2026_04_04,Vegas Golden Knights,Edmonton Oilers,2026_04_04_Vegas_Golden_Knights_Edmonton_Oilers,total,over,6.5,over_total,100.0,2.0,0.686846943206474,0.1301606198522451,0.1301606198522451,nhl,5.0,1.0,6.0,,,4.0,-4.0,1.5,-1.5,6.5,NHL,Loss,0.1301606198522451,100.0
2026_04_04,Winnipeg Jets,Columbus Blue Jackets,2026_04_04_Winnipeg_Jets_Columbus_Blue_Jackets,puck_line,home,-1.5,home_puck_line,180.0,2.8,0.1483557003832943,0.0033890744375915,0.0018828191319952,nhl,2.0,1.0,3.0,,,1.0,-1.0,1.5,-1.5,6.5,NHL,Loss,0.0033890744375915,180.0
2026_04_04,Winnipeg Jets,Columbus Blue Jackets,2026_04_04_Winnipeg_Jets_Columbus_Blue_Jackets,total,under,6.5,under_total,-135.0,1.7407407407407407,0.8112005808357317,0.077780211554008,0.1050032855979109,nhl,2.0,1.0,3.0,,,1.0,-1.0,1.5,-1.5,6.5,NHL,Win,0.077780211554008,-135.0
2026_04_05,Boston Bruins,Philadelphia Flyers,2026_04_05_Boston_Bruins_Philadelphia_Flyers,total,under,5.5,under_total,114.0,2.14,0.4062581856381499,0.0024204762688142,0.0021232247972054,nhl,1.0,2.0,3.0,,,-1.0,1.0,1.5,-1.5,5.5,NHL,Win,0.0024204762688142,114.0
2026_04_05,Florida Panthers,Pittsburgh Penguins,2026_04_05_Florida_Panthers_Pittsburgh_Penguins,total,under,6.5,under_total,102.0,2.02,0.7022316333558559,0.1534448312141469,0.1504361090334774,nhl,2.0,5.0,7.0,,,-3.0,3.0,1.5,-1.5,6.5,NHL,Loss,0.1534448312141469,102.0
2026_04_05,New Jersey Devils,Montreal Canadiens,2026_04_05_New_Jersey_Devils_Montreal_Canadiens,total,under,6.5,under_total,-115.0,1.869565217391304,0.6512590774695327,0.0317401265541541,0.0365011455372772,nhl,3.0,0.0,3.0,,,3.0,-3.0,1.5,-1.5,6.5,NHL,Win,0.0317401265541541,-115.0
2026_04_05,St Louis Blues,Colorado Avalanche,2026_04_05_St_Louis_Blues_Colorado_Avalanche,moneyline,home,,home_moneyline,-233.0,1.4291845493562232,0.9344454648860429,0.011862660944206,0.0276399999999998,nhl,3.0,2.0,5.0,,,1.0,-1.0,1.5,-1.5,6.5,NHL,Loss,0.011862660944206,-233.0
2026_04_05,St Louis Blues,Colorado Avalanche,2026_04_05_St_Louis_Blues_Colorado_Avalanche,puck_line,home,-1.5,home_puck_line,114.0,2.14,0.4311491263274558,0.0206074971107219,0.0180767518515104,nhl,3.0,2.0,5.0,,,1.0,-1.0,1.5,-1.5,6.5,NHL,Loss,0.0206074971107219,114.0
2026_04_05,Washington Capitals,New York Rangers,2026_04_05_Washington_Capitals_New_York_Rangers,puck_line,home,1.5,home_puck_line,-278.0,1.359712230215827,0.981403204764318,0.0735117552132502,0.2043626794928358,nhl,1.0,8.0,9.0,,,-7.0,7.0,-1.5,1.5,5.5,NHL,Win,0.0735117552132502,-278.0
2026_04_06,Chicago Blackhawks,San Jose Sharks,2026_04_06_Chicago_Blackhawks_San_Jose_Sharks,total,under,6.5,under_total,-120.0,1.8333333333333333,0.7063151496084789,0.0497895668835648,0.0597474802602779,nhl,2.0,3.0,5.0,,,-1.0,1.0,1.5,-1.5,6.5,NHL,Win,0.0497895668835648,-120.0
2026_04_06,Nashville Predators,Los Angeles Kings,2026_04_06_Nashville_Predators_Los_Angeles_Kings,puck_line,home,-1.5,home_puck_line,190.0,2.9,0.128511332266683,0.002485848634657,0.0013083413866616,nhl,2.0,3.0,5.0,,,-1.0,1.0,1.5,-1.5,5.5,NHL,Loss,0.002485848634657,190.0
2026_04_06,Nashville Predators,Los Angeles Kings,2026_04_06_Nashville_Predators_Los_Angeles_Kings,total,under,5.5,under_total,110.0,2.1,0.4500270100021601,0.0149147927942323,0.0135589025402111,nhl,2.0,3.0,5.0,,,-1.0,1.0,1.5,-1.5,5.5,NHL,Win,0.0149147927942323,110.0
2026_04_07,Boston Bruins,Carolina Hurricanes,2026_04_07_Boston_Bruins_Carolina_Hurricanes,puck_line,home,-1.5,home_puck_line,130.0,2.3,0.3375003901273128,0.0212715213858394,0.0163627087583381,nhl,5.0,6.0,11.0,,,-1.0,1.0,1.5,-1.5,6.5,NHL,Loss,0.0212715213858394,130.0
2026_04_07,Boston Bruins,Carolina Hurricanes,2026_04_07_Boston_Bruins_Carolina_Hurricanes,total,under,6.5,under_total,-125.0,1.8,0.6729138064056974,0.0076906100074898,0.0096132625093622,nhl,5.0,6.0,11.0,,,-1.0,1.0,1.5,-1.5,6.5,NHL,Loss,0.0076906100074898,-125.0
2026_04_07,Colorado Avalanche,St Louis Blues,2026_04_07_Colorado_Avalanche_St_Louis_Blues,moneyline,away,,away_moneyline,-154.0,1.6493506493506491,0.8069795373573782,0.0176493506493504,0.0271799999999997,nhl,3.0,1.0,4.0,,,2.0,-2.0,-1.5,1.5,6.5,NHL,Win,0.0176493506493504,-154.0
2026_04_07,Colorado Avalanche,St Louis Blues,2026_04_07_Colorado_Avalanche_St_Louis_Blues,total,under,6.5,under_total,-130.0,1.7692307692307692,0.7746854182672126,0.0641643686113475,0.0834136791947518,nhl,3.0,1.0,4.0,,,2.0,-2.0,-1.5,1.5,6.5,NHL,Win,0.0641643686113475,-130.0
2026_04_07,Columbus Blue Jackets,Detroit Red Wings,2026_04_07_Columbus_Blue_Jackets_Detroit_Red_Wings,total,under,6.5,under_total,-135.0,1.7407407407407407,0.764008272987506,0.0386414289704466,0.0521659291101029,nhl,4.0,3.0,7.0,,,1.0,-1.0,1.5,-1.5,6.5,NHL,Loss,0.0386414289704466,-135.0
2026_04_07,Edmonton Oilers,Utah Mammoth,2026_04_07_Edmonton_Oilers_Utah_Mammoth,total,over,6.5,over_total,-105.0,1.9523809523809523,0.604469391602872,0.0450798910137186,0.0473338855644046,nhl,5.0,6.0,11.0,,,-1.0,1.0,1.5,-1.5,6.5,NHL,Win,0.0450798910137186,-105.0
2026_04_07,Florida Panthers,Montreal Canadiens,2026_04_07_Florida_Panthers_Montreal_Canadiens,total,under,6.5,under_total,-110.0,1.9090909090909087,0.6468646089869873,0.0505155321957502,0.0555670854153251,nhl,3.0,4.0,7.0,,,-1.0,1.0,1.5,-1.5,6.5,NHL,Loss,0.0505155321957502,-110.0
2026_04_07,Nashville Predators,Anaheim Ducks,2026_04_07_Nashville_Predators_Anaheim_Ducks,puck_line,home,-1.5,home_puck_line,160.0,2.6,0.2753541539649975,0.0921467799384254,0.0575917374615159,nhl,5.0,0.0,5.0,,,5.0,-5.0,1.5,-1.5,6.5,NHL,Loss,0.0921467799384254,160.0
2026_04_07,Philadelphia Flyers,New Jersey Devils,2026_04_07_Philadelphia_Flyers_New_Jersey_Devils,total,under,5.5,under_total,114.0,2.14,0.4699157724890714,0.0485168518274667,0.0425586419539182,nhl,5.0,1.0,6.0,,,4.0,-4.0,1.5,-1.5,5.5,NHL,Loss,0.0485168518274667,114.0
2026_04_07,Tampa Bay Lightning,Ottawa Senators,2026_04_07_Tampa_Bay_Lightning_Ottawa_Senators,puck_line,home,-1.5,home_puck_line,185.0,2.85,0.1431009217836982,0.0121040648853936,0.0065427377758885,nhl,2.0,6.0,8.0,,,-4.0,4.0,1.5,-1.5,6.5,NHL,Win,0.0121040648853936,185.0
2026_04_07,Tampa Bay Lightning,Ottawa Senators,2026_04_07_Tampa_Bay_Lightning_Ottawa_Senators,total,under,6.5,under_total,-115.0,1.869565217391304,0.6814159481295166,0.0526031297592235,0.060493599223107,nhl,2.0,6.0,8.0,,,-4.0,4.0,1.5,-1.5,6.5,NHL,Loss,0.0526031297592235,-115.0
2026_04_07,Vegas Golden Knights,Vancouver Canucks,2026_04_07_Vegas_Golden_Knights_Vancouver_Canucks,puck_line,home,1.5,home_puck_line,-120.0,1.8333333333333333,0.6533454478259724,0.0131352270651572,0.0157622724781886,nhl,2.0,1.0,3.0,,,1.0,-1.0,-1.5,1.5,6.5,NHL,Win,0.0131352270651572,-120.0
2026_04_07,Vegas Golden Knights,Vancouver Canucks,2026_04_07_Vegas_Golden_Knights_Vancouver_Canucks,total,under,6.5,under_total,-115.0,1.869565217391304,0.6556332198604171,0.0347161204090988,0.0399235384704637,nhl,2.0,1.0,3.0,,,1.0,-1.0,-1.5,1.5,6.5,NHL,Win,0.0347161204090988,-115.0
2026_04_08,Buffalo Sabres,New York Rangers,2026_04_08_Buffalo_Sabres_New_York_Rangers,puck_line,home,1.5,home_puck_line,-204.0,1.4901960784313726,0.9374546833869838,0.0601966123927648,0.1228010892812403,nhl,5.0,3.0,8.0,,,2.0,-2.0,-1.5,1.5,6.5,NHL,Loss,0.0601966123927648,-204.0
2026_04_08,Buffalo Sabres,New York Rangers,2026_04_08_Buffalo_Sabres_New_York_Rangers,total,under,6.5,under_total,-130.0,1.7692307692307692,0.7063151496084789,0.0130836379715522,0.0170087293630178,nhl,5.0,3.0,8.0,,,2.0,-2.0,-1.5,1.5,6.5,NHL,Loss,0.0130836379715522,-130.0
2026_04_08,Edmonton Oilers,San Jose Sharks,2026_04_08_Edmonton_Oilers_San_Jose_Sharks,puck_line,home,1.5,home_puck_line,-238.0,1.4201680672268908,0.9495641735752812,0.0321743654142181,0.0765749896858393,nhl,5.0,2.0,7.0,,,3.0,-3.0,-1.5,1.5,6.5,NHL,Loss,0.0321743654142181,-238.0
2026_04_08,Edmonton Oilers,San Jose Sharks,2026_04_08_Edmonton_Oilers_San_Jose_Sharks,total,over,6.5,over_total,-115.0,1.869565217391304,0.7706053781910066,0.1210416485069323,0.1391978957829722,nhl,5.0,2.0,7.0,,,3.0,-3.0,-1.5,1.5,6.5,NHL,Win,0.1210416485069323,-115.0
2026_04_08,Washington Capitals,Toronto Maple Leafs,2026_04_08_Washington_Capitals_Toronto_Maple_Leafs,puck_line,home,1.5,home_puck_line,-204.0,1.4901960784313726,0.9006452324695478,0.0071620909888092,0.014610665617171,nhl,4.0,0.0,4.0,,,4.0,-4.0,-1.5,1.5,6.5,NHL,Loss,0.0071620909888092,-204.0
2026_04_08,Washington Capitals,Toronto Maple Leafs,2026_04_08_Washington_Capitals_Toronto_Maple_Leafs,total,under,6.5,under_total,-115.0,1.869565217391304,0.7711598876475753,0.1215113077666085,0.1397380039315999,nhl,4.0,0.0,4.0,,,4.0,-4.0,-1.5,1.5,6.5,NHL,Win,0.1215113077666085,-115.0
2026_04_09,Calgary Flames,Colorado Avalanche,2026_04_09_Calgary_Flames_Colorado_Avalanche,puck_line,away,1.5,away_puck_line,100.0,2.0,0.536195609283697,0.0241679838429278,0.0241679838429278,nhl,1.0,3.0,4.0,,,-2.0,2.0,1.5,-1.5,6.5,NHL,Loss,0.0241679838429278,100.0
2026_04_09,Calgary Flames,Colorado Avalanche,2026_04_09_Calgary_Flames_Colorado_Avalanche,total,under,6.5,under_total,-125.0,1.8,0.7302185565929556,0.0480035167730872,0.0600043959663589,nhl,1.0,3.0,4.0,,,-2.0,2.0,1.5,-1.5,6.5,NHL,Win,0.0480035167730872,-125.0
2026_04_09,Carolina Hurricanes,Chicago Blackhawks,2026_04_09_Carolina_Hurricanes_Chicago_Blackhawks,total,under,6.5,under_total,-125.0,1.8,0.7340988150723158,0.0508897502134746,0.0636121877668433,nhl,7.0,2.0,9.0,,,5.0,-5.0,-1.5,1.5,6.5,NHL,Loss,0.0508897502134746,-125.0
2026_04_09,Florida Panthers,Ottawa Senators,2026_04_09_Florida_Panthers_Ottawa_Senators,total,under,6.5,under_total,-118.0,1.847457627118644,0.7676007650801311,0.1052825033873852,0.1242333539971145,nhl,1.0,5.0,6.0,,,-4.0,4.0,1.5,-1.5,6.5,NHL,Win,0.1052825033873852,-118.0
2026_04_09,Minnesota Wild,Dallas Stars,2026_04_09_Minnesota_Wild_Dallas_Stars,puck_line,home,-1.5,home_puck_line,205.0,3.05,0.1220861502511568,0.0408958605440696,0.0199492002653999,nhl,4.0,5.0,9.0,,,-1.0,1.0,1.5,-1.5,6.5,NHL,Loss,0.0408958605440696,205.0
2026_04_09,Minnesota Wild,Dallas Stars,2026_04_09_Minnesota_Wild_Dallas_Stars,total,under,6.5,under_total,-135.0,1.7407407407407407,0.8204266066935989,0.0861618813997671,0.1163185398896855,nhl,4.0,5.0,9.0,,,-1.0,1.0,1.5,-1.5,6.5,NHL,Loss,0.0861618813997671,-135.0
2026_04_09,Nashville Predators,Utah Mammoth,2026_04_09_Nashville_Predators_Utah_Mammoth,puck_line,home,-1.5,home_puck_line,154.0,2.54,0.2713515901971441,0.062789377696609,0.0407723231796162,nhl,1.0,4.0,5.0,,,-3.0,3.0,1.5,-1.5,6.5,NHL,Win,0.062789377696609,154.0
2026_04_09,Nashville Predators,Utah Mammoth,2026_04_09_Nashville_Predators_Utah_Mammoth,total,under,6.5,under_total,-130.0,1.7692307692307692,0.7850584621579026,0.0726895381145846,0.0944963995489601,nhl,1.0,4.0,5.0,,,-3.0,3.0,1.5,-1.5,6.5,NHL,Win,0.0726895381145846,-130.0
2026_04_09,Philadelphia Flyers,Detroit Red Wings,2026_04_09_Philadelphia_Flyers_Detroit_Red_Wings,total,under,6.5,under_total,-130.0,1.7692307692307692,0.8785153541463359,0.1661778108378451,0.2160311540891986,nhl,3.0,6.0,9.0,,,-3.0,3.0,1.5,-1.5,6.5,NHL,Loss,0.1661778108378451,-130.0
2026_04_09,Pittsburgh Penguins,New Jersey Devils,2026_04_09_Pittsburgh_Penguins_New_Jersey_Devils,total,under,6.5,under_total,-110.0,1.9090909090909087,0.6643179579143454,0.0626742572355947,0.0689416829591543,nhl,5.0,2.0,7.0,,,3.0,-3.0,-1.5,1.5,6.5,NHL,Loss,0.0626742572355947,-110.0
2026_04_09,San Jose Sharks,Anaheim Ducks,2026_04_09_San_Jose_Sharks_Anaheim_Ducks,puck_line,home,-1.5,home_puck_line,142.0,2.42,0.2960388159275798,0.0365134243528932,0.0257136791217558,nhl,1.0,6.0,7.0,,,-5.0,5.0,1.5,-1.5,6.5,NHL,Win,0.0365134243528932,142.0
2026_04_09,Tampa Bay Lightning,Montreal Canadiens,2026_04_09_Tampa_Bay_Lightning_Montreal_Canadiens,total,under,6.5,under_total,-115.0,1.869565217391304,0.615590695417678,0.0079932372632851,0.009192222852778,nhl,1.0,2.0,3.0,,,-1.0,1.0,-1.5,1.5,6.5,NHL,Win,0.0079932372632851,-115.0
2026_04_09,Toronto Maple Leafs,New York Islanders,2026_04_09_Toronto_Maple_Leafs_New_York_Islanders,total,under,6.5,under_total,-120.0,1.8333333333333333,0.7984080456178076,0.1233336061898524,0.1480003274278229,nhl,3.0,5.0,8.0,,,-2.0,2.0,1.5,-1.5,6.5,NHL,Loss,0.1233336061898524,-120.0
2026_04_09,Vancouver Canucks,Los Angeles Kings,2026_04_09_Vancouver_Canucks_Los_Angeles_Kings,total,under,6.5,under_total,-135.0,1.7407407407407407,0.8080549738583452,0.0749855024403995,0.1012304282945393,nhl,1.0,4.0,5.0,,,-3.0,3.0,1.5,-1.5,6.5,NHL,Win,0.0749855024403995,-135.0
2026_04_09,Vegas Golden Knights,Seattle Kraken,2026_04_09_Vegas_Golden_Knights_Seattle_Kraken,total,under,6.5,under_total,-135.0,1.7407407407407407,0.7530330342553215,0.0302572812244077,0.0408473296529503,nhl,3.0,4.0,7.0,,,-1.0,1.0,-1.5,1.5,6.5,NHL,Loss,0.0302572812244077,-135.0
2026_04_09,Winnipeg Jets,St Louis Blues,2026_04_09_Winnipeg_Jets_St_Louis_Blues,puck_line,away,1.5,away_puck_line,-278.0,1.359712230215827,0.965059390249532,0.0217098687392482,0.0603534350951104,nhl,3.0,2.0,5.0,,,1.0,-1.0,1.5,-1.5,5.5,NHL,Win,0.0217098687392482,-278.0
2026_04_11,Calgary Flames,Seattle Kraken,2026_04_11_Calgary_Flames_Seattle_Kraken,puck_line,away,1.5,away_puck_line,-217.0,1.4608294930875576,0.9365975049952816,0.0378501882648887,0.0821349085348086,NHL,1.0,4.0,5.0,,,-3.0,3.0,1.5,-1.5,6.5,NHL,Loss,0.0378501882648887,-217.0
2026_04_11,Calgary Flames,Seattle Kraken,2026_04_11_Calgary_Flames_Seattle_Kraken,total,under,6.5,under_total,-135.0,1.7407407407407407,0.8541740336913429,0.1196284792971649,0.1614984470511727,NHL,1.0,4.0,5.0,,,-3.0,3.0,1.5,-1.5,6.5,NHL,Win,0.1196284792971649,-135.0
2026_04_11,Carolina Hurricanes,Utah Mammoth,2026_04_11_Carolina_Hurricanes_Utah_Mammoth,puck_line,away,1.5,away_puck_line,-256.0,1.390625,0.9813901055167144,0.0978625448059158,0.2505281147031442,NHL,4.0,1.0,5.0,,,3.0,-3.0,1.5,-1.5,6.5,NHL,Win,0.0978625448059158,-256.0
2026_04_11,Carolina Hurricanes,Utah Mammoth,2026_04_11_Carolina_Hurricanes_Utah_Mammoth,total,under,6.5,under_total,-115.0,1.869565217391304,0.7567241466644283,0.1095032001457425,0.1259286801676038,NHL,4.0,1.0,5.0,,,3.0,-3.0,1.5,-1.5,6.5,NHL,Win,0.1095032001457425,-115.0
2026_04_11,Columbus Blue Jackets,Montreal Canadiens,2026_04_11_Columbus_Blue_Jackets_Montreal_Canadiens,puck_line,home,-1.5,home_puck_line,170.0,2.7,0.1964041842977791,0.0386935591088566,0.0227609171228569,NHL,5.0,2.0,7.0,,,3.0,-3.0,1.5,-1.5,6.5,NHL,Loss,0.0386935591088566,170.0
2026_04_11,Florida Panthers,Toronto Maple Leafs,2026_04_11_Florida_Panthers_Toronto_Maple_Leafs,puck_line,home,-1.5,home_puck_line,185.0,2.85,0.1702358491118517,0.0573125124743287,0.03097973647261,NHL,6.0,2.0,8.0,,,4.0,-4.0,1.5,-1.5,6.5,NHL,Loss,0.0573125124743287,185.0
2026_04_11,Florida Panthers,Toronto Maple Leafs,2026_04_11_Florida_Panthers_Toronto_Maple_Leafs,total,under,6.5,under_total,100.0,2.0,0.7022316333558559,0.1420245853605415,0.1420245853605415,NHL,6.0,2.0,8.0,,,4.0,-4.0,1.5,-1.5,6.5,NHL,Loss,0.1420245853605415,100.0
2026_04_11,New Jersey Devils,Detroit Red Wings,2026_04_11_New_Jersey_Devils_Detroit_Red_Wings,total,under,6.5,under_total,-122.0,1.819672131147541,0.8322356228962792,0.1470867609166344,0.1794458483182938,NHL,5.0,3.0,8.0,,,2.0,-2.0,1.5,-1.5,6.5,NHL,Loss,0.1470867609166344,-122.0
2026_04_11,New York Rangers,Dallas Stars,2026_04_11_New_York_Rangers_Dallas_Stars,puck_line,home,-1.5,home_puck_line,140.0,2.4,0.2828416076414743,0.0153953764283414,0.0109966974488153,NHL,0.0,2.0,2.0,,,-2.0,2.0,1.5,-1.5,5.5,NHL,Win,0.0153953764283414,140.0
2026_04_11,Philadelphia Flyers,Winnipeg Jets,2026_04_11_Philadelphia_Flyers_Winnipeg_Jets,total,under,5.5,under_total,-105.0,1.9523809523809523,0.5507254236066157,0.0093035109712806,0.0097686865198448,NHL,7.0,1.0,8.0,,,6.0,-6.0,1.5,-1.5,5.5,NHL,Loss,0.0093035109712806,-105.0
2026_04_11,St Louis Blues,Chicago Blackhawks,2026_04_11_St_Louis_Blues_Chicago_Blackhawks,puck_line,away,-1.5,away_puck_line,190.0,2.9,0.1348905085719442,0.0147196127726612,0.00774716461719,NHL,5.0,3.0,8.0,,,2.0,-2.0,-1.5,1.5,5.5,NHL,Win,0.0147196127726612,190.0
2026_04_11,St Louis Blues,Chicago Blackhawks,2026_04_11_St_Louis_Blues_Chicago_Blackhawks,total,under,5.5,under_total,114.0,2.14,0.5203237582845405,0.0845047180261335,0.0741269456369593,NHL,5.0,3.0,8.0,,,2.0,-2.0,-1.5,1.5,5.5,NHL,Loss,0.0845047180261335,114.0
2026_04_11,Vancouver Canucks,San Jose Sharks,2026_04_11_Vancouver_Canucks_San_Jose_Sharks,puck_line,away,1.5,away_puck_line,-130.0,1.7692307692307692,0.7078542527564139,0.0141559533385242,0.0184027393400814,NHL,4.0,3.0,7.0,,,1.0,-1.0,1.5,-1.5,6.5,NHL,Win,0.0141559533385242,-130.0
2026_04_11,Vancouver Canucks,San Jose Sharks,2026_04_11_Vancouver_Canucks_San_Jose_Sharks,total,under,6.5,under_total,-105.0,1.9523809523809523,0.5743549215947868,0.024901214207659,0.0261462749180419,NHL,4.0,3.0,7.0,,,1.0,-1.0,1.5,-1.5,6.5,NHL,Loss,0.024901214207659,-105.0
2026_04_11,Vegas Golden Knights,Colorado Avalanche,2026_04_11_Vegas_Golden_Knights_Colorado_Avalanche,total,over,6.5,over_total,114.0,2.14,0.4164061201296368,0.0098680243668083,0.0086561617252705,NHL,3.0,2.0,5.0,,,1.0,-1.0,1.5,-1.5,6.5,NHL,Loss,0.0098680243668083,114.0
2026_04_12,Boston Bruins,Columbus Blue Jackets,2026_04_12_Boston_Bruins_Columbus_Blue_Jackets,total,under,6.5,under_total,-120.0,1.8333333333333333,0.6814159481295166,0.0322038442987735,0.0386446131585283,nhl,,,,,,,,1.5,-1.5,6.5,NHL,Loss,0.0322038442987735,-120.0
2026_04_12,Montreal Canadiens,New York Islanders,2026_04_12_Montreal_Canadiens_New_York_Islanders,total,under,6.5,under_total,-130.0,1.7692307692307692,0.7103709616155524,0.0159157156566172,0.0206904303536024,nhl,,,,,,,,1.5,-1.5,6.5,NHL,Loss,0.0159157156566172,-130.0
2026_04_12,Ottawa Senators,New Jersey Devils,2026_04_12_Ottawa_Senators_New_Jersey_Devils,total,under,6.5,under_total,-130.0,1.7692307692307692,0.7493095960848787,0.044279424578874,0.057563251952536,nhl,,,,,,,,-1.5,1.5,6.5,NHL,Loss,0.044279424578874,-130.0
2026_04_12,Pittsburgh Penguins,Washington Capitals,2026_04_12_Pittsburgh_Penguins_Washington_Capitals,total,under,6.5,under_total,102.0,2.02,0.6110581349709757,0.085903258545658,0.0842188809271158,nhl,,,,,,,,1.5,-1.5,6.5,NHL,Loss,0.085903258545658,102.0
2026_04_12,Utah Mammoth,Calgary Flames,2026_04_12_Utah_Mammoth_Calgary_Flames,total,under,5.5,under_total,114.0,2.14,0.4500270100021601,0.03424650313317,0.0300407922220789,nhl,,,,,,,,-1.5,1.5,5.5,NHL,Loss,0.03424650313317,114.0
2026_04_12,Vancouver Canucks,Anaheim Ducks,2026_04_12_Vancouver_Canucks_Anaheim_Ducks,puck_line,away,1.5,away_puck_line,105.0,2.05,0.5698997485071,0.0730444673447192,0.0695661593759231,nhl,,,,,,,,1.5,-1.5,6.5,NHL,Loss,0.0730444673447192,105.0
2026_04_12,Vancouver Canucks,Anaheim Ducks,2026_04_12_Vancouver_Canucks_Anaheim_Ducks,total,under,6.5,under_total,110.0,2.1,0.5184752466720636,0.0629379084890384,0.0572162804445803,nhl,,,,,,,,1.5,-1.5,6.5,NHL,Loss,0.0629379084890384,110.0
2026_04_13,Buffalo Sabres,Chicago Blackhawks,2026_04_13_Buffalo_Sabres_Chicago_Blackhawks,total,under,6.5,under_total,-122.0,1.819672131147541,0.7022316333558559,0.0390551555329516,0.0476472897502011,nhl,,,,,,,,-1.5,1.5,6.5,NHL,Loss,0.0390551555329516,-122.0
2026_04_13,Colorado Avalanche,Edmonton Oilers,2026_04_13_Colorado_Avalanche_Edmonton_Oilers,total,over,6.5,over_total,-115.0,1.869565217391304,0.7798045765727973,0.1289264047600655,0.1482653654740753,nhl,,,,,,,,-1.5,1.5,6.5,NHL,Loss,0.1289264047600655,-115.0
2026_04_13,Dallas Stars,Toronto Maple Leafs,2026_04_13_Dallas_Stars_Toronto_Maple_Leafs,puck_line,away,-1.5,away_puck_line,160.0,2.6,0.2340194884971355,0.0463802039977803,0.0289876274986126,nhl,,,,,,,,-1.5,1.5,6.5,NHL,Loss,0.0463802039977803,160.0
2026_04_13,Dallas Stars,Toronto Maple Leafs,2026_04_13_Dallas_Stars_Toronto_Maple_Leafs,total,under,6.5,under_total,-130.0,1.7692307692307692,0.791802467844823,0.0783730629266288,0.1018849818046174,nhl,,,,,,,,-1.5,1.5,6.5,NHL,Loss,0.0783730629266288,-130.0
2026_04_13,Detroit Red Wings,Tampa Bay Lightning,2026_04_13_Detroit_Red_Wings_Tampa_Bay_Lightning,total,under,6.5,under_total,-125.0,1.8,0.7417669571061339,0.0566641456950951,0.0708301821188689,nhl,,,,,,,,1.5,-1.5,6.5,NHL,Loss,0.0566641456950951,-125.0
2026_04_13,Los Angeles Kings,Seattle Kraken,2026_04_13_Los_Angeles_Kings_Seattle_Kraken,total,under,5.5,under_total,105.0,2.05,0.4849586515738494,0.0147189878561715,0.0140180836725443,nhl,,,,,,,,-1.5,1.5,5.5,NHL,Loss,0.0147189878561715,105.0
2026_04_13,Minnesota Wild,St Louis Blues,2026_04_13_Minnesota_Wild_St_Louis_Blues,puck_line,away,-1.5,away_puck_line,200.0,3.0,0.1236328463654496,0.0270610179705945,0.0135305089852973,nhl,,,,,,,,-1.5,1.5,5.5,NHL,Loss,0.0270610179705945,200.0
2026_04_13,Minnesota Wild,St Louis Blues,2026_04_13_Minnesota_Wild_St_Louis_Blues,total,under,5.5,under_total,114.0,2.14,0.4599442518842717,0.0413723709084672,0.03629155342848,nhl,,,,,,,,-1.5,1.5,5.5,NHL,Loss,0.0413723709084672,114.0
2026_04_13,New York Rangers,Florida Panthers,2026_04_13_New_York_Rangers_Florida_Panthers,total,under,6.5,under_total,-135.0,1.7407407407407407,0.7884477038867289,0.05821197925213,0.0785861719903755,nhl,,,,,,,,-1.5,1.5,6.5,NHL,Loss,0.05821197925213,-135.0
2026_04_13,San Jose Sharks,Nashville Predators,2026_04_13_San_Jose_Sharks_Nashville_Predators,total,under,6.5,under_total,-115.0,1.869565217391304,0.6424504709388739,0.0257929688457134,0.0296619141725704,nhl,,,,,,,,1.5,-1.5,6.5,NHL,Loss,0.0257929688457134,-115.0
