game_id,market,home_team,away_team,lambda_home,lambda_away,home_win_prob,draw_prob,away_win_prob,over25_prob,btts_prob,home_fair_decimal,home_adjusted_prob,home_adjusted_decimal,home_matched_fair_prob,home_extra_juice,home_adjusted_american,draw_fair_decimal,draw_adjusted_prob,draw_adjusted_decimal,draw_matched_fair_prob,draw_extra_juice,draw_adjusted_american,away_fair_decimal,away_adjusted_prob,away_adjusted_decimal,away_matched_fair_prob,away_extra_juice,away_adjusted_american
2026_03_07_atalanta_udinese,seriea,Atalanta,Udinese,2.43,0.95,0.6617475148443146,0.1989609917432145,0.1392914934124708,0.6472913733153335,0.5796081015253792,1.5111503671234248,0.6846033560876059,1.4606998214481934,0.666530612244898,0.0228558412432913,-217,5.02611085338091,0.2087071672946538,4.791402293282028,0.1995918367346938,0.0097461755514393,+379,7.179189306548635,0.1429058094117334,6.997616150921113,0.1457142857142857,0.0036143159992626,+600
2026_03_07_juventus_pisa,seriea,Juventus,Pisa,2.83,0.57,0.8024575188393458,0.1368980627427668,0.0606444184178871,0.6809460876475765,0.479964962646237,1.2461718863901663,0.8203161810047511,1.2190421488153094,0.8102040816326531,0.0178586621654053,-457,7.30470526729814,0.1432529256346442,6.9806602243532865,0.1457142857142857,0.0063548628918774,+598,16.48956369091091,0.0592190934560346,16.886445597861428,0.0559183673469387,-0.0014253249618525,+1589
