game_id,market,home_team,away_team,lambda_home,lambda_away,home_win_prob,draw_prob,away_win_prob,over25_prob,btts_prob,home_fair_decimal,home_adjusted_prob,home_adjusted_decimal,home_matched_fair_prob,home_extra_juice,home_adjusted_american,draw_fair_decimal,draw_adjusted_prob,draw_adjusted_decimal,draw_matched_fair_prob,draw_extra_juice,draw_adjusted_american,away_fair_decimal,away_adjusted_prob,away_adjusted_decimal,away_matched_fair_prob,away_extra_juice,away_adjusted_american
2026_03_09_espanyol_real_oviedo,laliga,Espanyol,Real Oviedo,1.62,0.92,0.5386548308213513,0.2478776749371732,0.2134593905802114,0.4670689630352904,0.4826972789932857,1.85647643496519,0.5604658219360265,1.784230118699626,0.5408163265306123,0.0218109911146751,-128,4.034247942068437,0.261380243286991,3.8258438641899084,0.253469387755102,0.0135025683498178,+283,4.684731823143808,0.2217542942719224,4.509495535512684,0.2175510204081632,0.008294903691711,+351
2026_03_09_lazio_sassuolo,seriea,Lazio,Sassuolo,1.84,1.23,0.4999928487457997,0.2512527205586193,0.2487544306955809,0.5874778110689012,0.6036534159216231,2.0000286054259306,0.5226181841695681,1.9134427968460073,0.5048979591836734,0.0226253354237684,-109,3.9800564060626433,0.2643086547321668,3.7834553734660523,0.253469387755102,0.0130559341735475,+278,4.020028898394874,0.2612956748088606,3.8270821005036004,0.253469387755102,0.0125412441132797,+283
