season,week,game_id,player_id,player_name,team,opponent,position,passing_yards,passing_yards_low,passing_yards_high,passing_tds,passing_tds_prob_1plus,rushing_yards,rushing_yards_low,rushing_yards_high,receiving_yards,receiving_yards_low,receiving_yards_high,kicking_points,kicking_points_low,kicking_points_high,tackles,tackles_low,tackles_high,injury_game_status,role_status,generated_at
2026,3,401872948,00-0036285,A.J. Terrell,ATL,GB,DB,0.0,0.0,0.0,0.0,0.0,0.0,0.0,0.0,0.0,0.0,0.0,0.0,0.0,0.0,0.0,0.0,0.0,Injured Reserve,backup,2026-09-23T16:10:42+00:00
2026,3,401872948,00-0039685,A.J. Woods,ATL,GB,DB,0.0,0.0,0.0,0.0,0.0,0.0,0.0,0.0,0.0,0.0,0.0,0.0,0.0,0.0,0.0,0.0,0.0,,roster_only,2026-09-23T16:10:42+00:00
2026,3,401872948,00-0041469,Avieon Terrell,ATL,GB,DB,0.0,0.0,0.0,0.0,0.0,0.0,0.0,0.0,0.0,0.0,0.0,0.0,0.0,0.0,2.0,0.0,5.9,,backup,2026-09-23T16:10:42+00:00
2026,3,401872948,00-0040156,Billy Bowman Jr.,ATL,GB,DB,0.0,0.0,0.0,0.0,0.0,0.0,0.0,0.0,0.0,0.0,0.0,0.0,0.0,0.0,3.9,1.3,7.4,Questionable,starter,2026-09-23T16:10:42+00:00
2026,3,401872948,00-0036281,C.J. Henderson,ATL,GB,DB,0.0,0.0,0.0,0.0,0.0,0.0,0.0,0.0,0.0,0.0,0.0,0.0,0.0,0.0,3.9,1.7,6.6,Active,starter,2026-09-23T16:10:42+00:00
2026,3,401872948,00-0040546,Cobee Bryant,ATL,GB,DB,0.0,0.0,0.0,0.0,0.0,0.0,0.0,0.0,0.0,0.0,0.0,0.0,0.0,0.0,0.0,0.0,0.0,,roster_only,2026-09-23T16:10:42+00:00
2026,3,401872948,00-0036394,Darnay Holmes,ATL,GB,DB,0.0,0.0,0.0,0.0,0.0,0.0,0.0,0.0,0.0,0.0,0.0,0.0,0.0,0.0,0.0,0.0,0.0,,roster_only,2026-09-23T16:10:42+00:00
2026,3,401872948,00-0036956,Darren Hall,ATL,GB,DB,0.0,0.0,0.0,0.0,0.0,0.0,0.0,0.0,0.0,0.0,0.0,0.0,0.0,0.0,0.0,0.0,0.0,,roster_only,2026-09-23T16:10:42+00:00
2026,3,401872948,00-0038628,DeMarcco Hellams,ATL,GB,DB,0.0,0.0,0.0,0.0,0.0,0.0,0.0,0.0,0.0,0.0,0.0,0.0,0.0,0.0,0.9,0.0,3.3,,backup,2026-09-23T16:10:42+00:00
2026,3,401872948,00-0038587,Jammie Robinson,ATL,GB,DB,0.0,0.0,0.0,0.0,0.0,0.0,0.0,0.0,0.0,0.0,0.0,0.0,0.0,0.0,0.0,0.0,0.0,,roster_only,2026-09-23T16:10:42+00:00
2026,3,401872948,00-0034675,Jessie Bates,ATL,GB,DB,0.0,0.0,0.0,0.0,0.0,0.0,0.0,0.0,0.0,0.0,0.0,0.0,0.0,0.0,5.5,2.8,9.0,,starter,2026-09-23T16:10:42+00:00
2026,3,401872948,00-0041188,Malcolm DeWalt IV,ATL,GB,DB,0.0,0.0,0.0,0.0,0.0,0.0,0.0,0.0,0.0,0.0,0.0,0.0,0.0,0.0,2.3,0.0,6.2,Active,backup,2026-09-23T16:10:42+00:00
2026,3,401872948,00-0034639,Mike Ford,ATL,GB,DB,0.0,0.0,0.0,0.0,0.0,0.0,0.0,0.0,0.0,0.0,0.0,0.0,0.0,0.0,0.7,0.0,3.2,,backup,2026-09-23T16:10:42+00:00
2026,3,401872948,00-0034843,Mike Hughes,ATL,GB,DB,0.0,0.0,0.0,0.0,0.0,0.0,0.0,0.0,0.0,0.0,0.0,0.0,0.0,0.0,2.5,0.0,6.1,,starter,2026-09-23T16:10:42+00:00
2026,3,401872948,00-0039002,Sydney Brown,ATL,GB,DB,0.0,0.0,0.0,0.0,0.0,0.0,0.0,0.0,0.0,0.0,0.0,0.0,0.0,0.0,1.3,0.0,3.8,,backup,2026-09-23T16:10:42+00:00
2026,3,401872948,00-0040148,Xavier Watts,ATL,GB,DB,0.0,0.0,0.0,0.0,0.0,0.0,0.0,0.0,0.0,0.0,0.0,0.0,0.0,0.0,5.1,2.4,8.6,,starter,2026-09-23T16:10:42+00:00
2026,3,401872948,00-0041484,Anterio Thompson,ATL,GB,DL,0.0,0.0,0.0,0.0,0.0,0.0,0.0,0.0,0.0,0.0,0.0,0.0,0.0,0.0,0.0,0.0,0.0,,backup,2026-09-23T16:10:42+00:00
2026,3,401872948,00-0039859,Brandon Dorlus,ATL,GB,DL,0.0,0.0,0.0,0.0,0.0,0.0,0.0,0.0,0.0,0.0,0.0,0.0,0.0,0.0,1.4,0.0,3.9,Active,starter,2026-09-23T16:10:42+00:00
2026,3,401872948,00-0036850,Cameron Sample,ATL,GB,DL,0.0,0.0,0.0,0.0,0.0,0.0,0.0,0.0,0.0,0.0,0.0,0.0,0.0,0.0,0.0,0.0,0.0,,roster_only,2026-09-23T16:10:42+00:00
2026,3,401872948,00-0037815,Cameron Thomas,ATL,GB,DL,0.0,0.0,0.0,0.0,0.0,0.0,0.0,0.0,0.0,0.0,0.0,0.0,0.0,0.0,1.4,0.0,3.9,,backup,2026-09-23T16:10:42+00:00
2026,3,401872948,00-0041184,Carlos Allen Jr.,ATL,GB,DL,0.0,0.0,0.0,0.0,0.0,0.0,0.0,0.0,0.0,0.0,0.0,0.0,0.0,0.0,0.0,0.0,0.0,,roster_only,2026-09-23T16:10:42+00:00
2026,3,401872948,00-0034371,Da'Shawn Hand,ATL,GB,DL,0.0,0.0,0.0,0.0,0.0,0.0,0.0,0.0,0.0,0.0,0.0,0.0,0.0,0.0,0.0,0.0,0.0,,backup,2026-09-23T16:10:42+00:00
2026,3,401872948,00-0038893,Devonnsha Maxwell,ATL,GB,DL,0.0,0.0,0.0,0.0,0.0,0.0,0.0,0.0,0.0,0.0,0.0,0.0,0.0,0.0,0.0,0.0,0.0,,roster_only,2026-09-23T16:10:42+00:00
2026,3,401872948,00-0039070,Gervon Dexter Sr.,ATL,GB,DL,0.0,0.0,0.0,0.0,0.0,0.0,0.0,0.0,0.0,0.0,0.0,0.0,0.0,0.0,2.4,0.5,4.9,,starter,2026-09-23T16:10:42+00:00
2026,3,401872948,00-0038462,Keshawn Banks,ATL,GB,DL,0.0,0.0,0.0,0.0,0.0,0.0,0.0,0.0,0.0,0.0,0.0,0.0,0.0,0.0,0.0,0.0,0.0,,roster_only,2026-09-23T16:10:42+00:00
2026,3,401872948,00-0036204,LaCale London,ATL,GB,DL,0.0,0.0,0.0,0.0,0.0,0.0,0.0,0.0,0.0,0.0,0.0,0.0,0.0,0.0,2.0,0.1,4.5,,starter,2026-09-23T16:10:42+00:00
2026,3,401872948,00-0039889,Maason Smith,ATL,GB,DL,0.0,0.0,0.0,0.0,0.0,0.0,0.0,0.0,0.0,0.0,0.0,0.0,0.0,0.0,1.3,0.0,3.8,,backup,2026-09-23T16:10:42+00:00
2026,3,401872948,00-0033945,Samson Ebukam,ATL,GB,DL,0.0,0.0,0.0,0.0,0.0,0.0,0.0,0.0,0.0,0.0,0.0,0.0,0.0,0.0,1.8,0.0,4.3,Questionable,starter,2026-09-23T16:10:42+00:00
2026,3,401872948,00-0038937,Zacch Pickens,ATL,GB,DL,0.0,0.0,0.0,0.0,0.0,0.0,0.0,0.0,0.0,0.0,0.0,0.0,0.0,0.0,0.0,0.0,0.0,,roster_only,2026-09-23T16:10:42+00:00
2026,3,401872948,00-0038980,Zach Harrison,ATL,GB,DL,0.0,0.0,0.0,0.0,0.0,0.0,0.0,0.0,0.0,0.0,0.0,0.0,0.0,0.0,2.3,0.3,4.8,Active,backup,2026-09-23T16:10:42+00:00
2026,3,401872948,00-0025565,Nick Folk,ATL,GB,K,0.0,0.0,0.0,0.0,0.0,0.0,0.0,0.0,0.0,0.0,0.0,7.0,2.3,12.5,0.0,0.0,0.0,Active,starter,2026-09-23T16:10:42+00:00
2026,3,401872948,00-0039837,Bralen Trice,ATL,GB,LB,0.0,0.0,0.0,0.0,0.0,0.0,0.0,0.0,0.0,0.0,0.0,0.0,0.0,0.0,1.1,0.0,4.7,,recent_defensive_participant,2026-09-23T16:10:42+00:00
2026,3,401872948,00-0037823,Christian Harris,ATL,GB,LB,0.0,0.0,0.0,0.0,0.0,0.0,0.0,0.0,0.0,0.0,0.0,0.0,0.0,0.0,1.1,0.0,3.5,,recent_defensive_participant,2026-09-23T16:10:42+00:00
2026,3,401872948,00-0041409,Daveren Rayner,ATL,GB,LB,0.0,0.0,0.0,0.0,0.0,0.0,0.0,0.0,0.0,0.0,0.0,0.0,0.0,0.0,0.0,0.0,0.0,,roster_only,2026-09-23T16:10:42+00:00
2026,3,401872948,00-0037808,DeAngelo Malone,ATL,GB,LB,0.0,0.0,0.0,0.0,0.0,0.0,0.0,0.0,0.0,0.0,0.0,0.0,0.0,0.0,0.0,0.0,0.0,,backup,2026-09-23T16:10:42+00:00
2026,3,401872948,00-0036990,Divine Deablo,ATL,GB,LB,0.0,0.0,0.0,0.0,0.0,0.0,0.0,0.0,0.0,0.0,0.0,0.0,0.0,0.0,6.1,3.1,10.1,Active,recent_defensive_participant,2026-09-23T16:10:42+00:00
2026,3,401872948,00-0037826,Drake Jackson,ATL,GB,LB,0.0,0.0,0.0,0.0,0.0,0.0,0.0,0.0,0.0,0.0,0.0,0.0,0.0,0.0,0.0,0.0,0.0,,roster_only,2026-09-23T16:10:42+00:00
2026,3,401872948,00-0041112,Harold Perkins Jr.,ATL,GB,LB,0.0,0.0,0.0,0.0,0.0,0.0,0.0,0.0,0.0,0.0,0.0,0.0,0.0,0.0,1.4,0.0,4.9,,recent_defensive_participant,2026-09-23T16:10:42+00:00
2026,3,401872948,00-0039370,JD Bertrand,ATL,GB,LB,0.0,0.0,0.0,0.0,0.0,0.0,0.0,0.0,0.0,0.0,0.0,0.0,0.0,0.0,0.0,0.0,0.0,,roster_only,2026-09-23T16:10:42+00:00
2026,3,401872948,00-0040577,Jalon Walker,ATL,GB,LB,0.0,0.0,0.0,0.0,0.0,0.0,0.0,0.0,0.0,0.0,0.0,0.0,0.0,0.0,0.0,0.0,0.0,,backup,2026-09-23T16:10:42+00:00
2026,3,401872948,00-0040578,James Pearce Jr.,ATL,GB,LB,0.0,0.0,0.0,0.0,0.0,0.0,0.0,0.0,0.0,0.0,0.0,0.0,0.0,0.0,0.0,0.0,0.0,,backup,2026-09-23T16:10:42+00:00
2026,3,401872948,00-0040056,Jared Ivey,ATL,GB,LB,0.0,0.0,0.0,0.0,0.0,0.0,0.0,0.0,0.0,0.0,0.0,0.0,0.0,0.0,1.0,0.0,4.5,,backup,2026-09-23T16:10:42+00:00
2026,3,401872948,00-0034801,Josh Woods,ATL,GB,LB,0.0,0.0,0.0,0.0,0.0,0.0,0.0,0.0,0.0,0.0,0.0,0.0,0.0,0.0,1.1,0.0,3.5,,recent_defensive_participant,2026-09-23T16:10:42+00:00
2026,3,401872948,00-0041066,Kendal Daniels,ATL,GB,LB,0.0,0.0,0.0,0.0,0.0,0.0,0.0,0.0,0.0,0.0,0.0,0.0,0.0,0.0,1.4,0.0,4.9,,recent_defensive_participant,2026-09-23T16:10:42+00:00
2026,3,401872948,00-0040554,Malik Verdon,ATL,GB,LB,0.0,0.0,0.0,0.0,0.0,0.0,0.0,0.0,0.0,0.0,0.0,0.0,0.0,0.0,0.0,0.0,0.0,,roster_only,2026-09-23T16:10:42+00:00
2026,3,401872948,00-0038580,Yasir Abdullah,ATL,GB,LB,0.0,0.0,0.0,0.0,0.0,0.0,0.0,0.0,0.0,0.0,0.0,0.0,0.0,0.0,0.8,0.0,3.3,,backup,2026-09-23T16:10:42+00:00
2026,3,401872948,00-0031576,Za'Darius Smith,ATL,GB,LB,0.0,0.0,0.0,0.0,0.0,0.0,0.0,0.0,0.0,0.0,0.0,0.0,0.0,0.0,1.8,0.0,4.3,,starter,2026-09-23T16:10:42+00:00
2026,3,401872948,00-0033662,Cooper Rush,ATL,GB,QB,0.0,0.0,0.0,0.0,0.0,4.6,-6.2,19.6,0.0,0.0,0.0,0.0,0.0,0.0,0.0,0.0,0.0,Active,backup,2026-09-23T16:10:42+00:00
2026,3,401872948,00-0041194,Jack Strand,ATL,GB,QB,0.0,0.0,0.0,0.0,0.0,9.5,-8.0,34.2,0.0,0.0,0.0,0.0,0.0,0.0,0.0,0.0,0.0,Active,backup,2026-09-23T16:10:42+00:00
2026,3,401872948,00-0039917,Michael Penix Jr.,ATL,GB,QB,194.9,101.4,301.1,1.171,0.6547619047619048,5.8,-4.9,20.9,0.0,0.0,0.0,0.0,0.0,0.0,0.0,0.0,0.0,Active,starter,2026-09-23T16:10:42+00:00
2026,3,401872948,00-0036212,Tua Tagovailoa,ATL,GB,QB,0.0,0.0,0.0,0.0,0.0,5.1,-5.6,20.2,0.0,0.0,0.0,0.0,0.0,0.0,0.0,0.0,0.0,Active,backup,2026-09-23T16:10:42+00:00
2026,3,401872948,00-0038542,Bijan Robinson,ATL,GB,RB,0.0,0.0,0.0,0.0,0.0,89.7,67.7,120.7,33.1,15.9,61.9,0.0,0.0,0.0,0.0,0.0,0.0,Active,starter,2026-09-23T16:10:42+00:00
2026,3,401872948,00-0037746,Brian Robinson,ATL,GB,RB,0.0,0.0,0.0,0.0,0.0,26.2,4.2,57.1,3.8,-13.4,32.6,0.0,0.0,0.0,0.0,0.0,0.0,Active,backup,2026-09-23T16:10:42+00:00
2026,3,401872948,00-0041191,Cash Jones,ATL,GB,RB,0.0,0.0,0.0,0.0,0.0,0.0,0.0,0.0,0.0,0.0,0.0,0.0,0.0,0.0,0.0,0.0,0.0,,roster_only,2026-09-23T16:10:42+00:00
2026,3,401872948,00-0036906,Khalil Herbert,ATL,GB,RB,0.0,0.0,0.0,0.0,0.0,0.0,0.0,0.0,0.0,0.0,0.0,0.0,0.0,0.0,0.0,0.0,0.0,,roster_only,2026-09-23T16:10:42+00:00
2026,3,401872948,00-0036984,Trey Sermon,ATL,GB,RB,0.0,0.0,0.0,0.0,0.0,0.0,0.0,0.0,0.0,0.0,0.0,0.0,0.0,0.0,0.0,0.0,0.0,,backup,2026-09-23T16:10:42+00:00
2026,3,401872948,00-0032392,Austin Hooper,ATL,GB,TE,0.0,0.0,0.0,0.0,0.0,0.0,-10.8,15.0,14.9,-2.3,43.7,0.0,0.0,0.0,0.0,0.0,0.0,Active,backup,2026-09-23T16:10:42+00:00
2026,3,401872948,00-0036429,Charlie Woerner,ATL,GB,TE,0.0,0.0,0.0,0.0,0.0,0.0,-10.8,15.0,7.2,-9.9,36.1,0.0,0.0,0.0,0.0,0.0,0.0,,backup,2026-09-23T16:10:42+00:00
2026,3,401872948,00-0041195,Jack Velling,ATL,GB,TE,0.0,0.0,0.0,0.0,0.0,0.0,0.0,0.0,0.0,0.0,0.0,0.0,0.0,0.0,0.0,0.0,0.0,,roster_only,2026-09-23T16:10:42+00:00
2026,3,401872948,00-0036970,Kyle Pitts,ATL,GB,TE,0.0,0.0,0.0,0.0,0.0,0.0,-10.8,15.0,47.6,27.9,81.8,0.0,0.0,0.0,0.0,0.0,0.0,Active,starter,2026-09-23T16:10:42+00:00
2026,3,401872948,00-0037317,Nick Muse,ATL,GB,TE,0.0,0.0,0.0,0.0,0.0,0.1,-11.7,16.6,6.3,-12.4,38.2,0.0,0.0,0.0,0.0,0.0,0.0,Active,backup,2026-09-23T16:10:42+00:00
2026,3,401872948,00-0040438,Antwane Wells Jr.,ATL,GB,WR,0.0,0.0,0.0,0.0,0.0,0.0,0.0,0.0,0.0,0.0,0.0,0.0,0.0,0.0,0.0,0.0,0.0,,roster_only,2026-09-23T16:10:42+00:00
2026,3,401872948,00-0040432,Beaux Collins,ATL,GB,WR,0.0,0.0,0.0,0.0,0.0,0.0,0.0,0.0,0.0,0.0,0.0,0.0,0.0,0.0,0.0,0.0,0.0,,backup,2026-09-23T16:10:42+00:00
2026,3,401872948,00-0036463,Chris Blair,ATL,GB,WR,0.0,0.0,0.0,0.0,0.0,0.0,-11.8,16.5,1.6,-17.1,33.5,0.0,0.0,0.0,0.0,0.0,0.0,,backup,2026-09-23T16:10:42+00:00
2026,3,401872948,00-0037238,Drake London,ATL,GB,WR,0.0,0.0,0.0,0.0,0.0,0.8,-9.9,15.8,57.4,30.7,106.6,0.0,0.0,0.0,0.0,0.0,0.0,Active,starter,2026-09-23T16:10:42+00:00
2026,3,401872948,00-0038953,Dylan Drummond,ATL,GB,WR,0.0,0.0,0.0,0.0,0.0,0.0,0.0,0.0,0.0,0.0,0.0,0.0,0.0,0.0,0.0,0.0,0.0,,roster_only,2026-09-23T16:10:42+00:00
2026,3,401872948,00-0037741,Jahan Dotson,ATL,GB,WR,0.0,0.0,0.0,0.0,0.0,0.0,-10.8,15.0,14.6,-2.6,43.4,0.0,0.0,0.0,0.0,0.0,0.0,Active,backup,2026-09-23T16:10:42+00:00
2026,3,401872948,00-0041266,Keelan Marion,ATL,GB,WR,0.0,0.0,0.0,0.0,0.0,0.0,0.0,0.0,0.0,0.0,0.0,0.0,0.0,0.0,0.0,0.0,0.0,,roster_only,2026-09-23T16:10:42+00:00
2026,3,401872948,00-0035208,Olamide Zaccheaus,ATL,GB,WR,0.0,0.0,0.0,0.0,0.0,0.0,-10.8,15.0,21.6,4.5,50.4,0.0,0.0,0.0,0.0,0.0,0.0,Active,backup,2026-09-23T16:10:42+00:00
2026,3,401872948,00-0041185,Vinny Anthony II,ATL,GB,WR,0.0,0.0,0.0,0.0,0.0,0.0,0.0,0.0,0.0,0.0,0.0,0.0,0.0,0.0,0.0,0.0,0.0,,roster_only,2026-09-23T16:10:42+00:00
2026,3,401872948,00-0041044,Zachariah Branch,ATL,GB,WR,0.0,0.0,0.0,0.0,0.0,0.0,-14.8,20.7,5.7,-17.0,46.2,0.0,0.0,0.0,0.0,0.0,0.0,Active,backup,2026-09-23T16:10:42+00:00
2026,3,401872948,00-0036625,Benjamin St-Juste,GB,ATL,DB,0.0,0.0,0.0,0.0,0.0,0.0,0.0,0.0,0.0,0.0,0.0,0.0,0.0,0.0,2.8,0.7,5.6,Active,backup,2026-09-23T16:10:42+00:00
2026,3,401872948,00-0041470,Brandon Cisse,GB,ATL,DB,0.0,0.0,0.0,0.0,0.0,0.0,0.0,0.0,0.0,0.0,0.0,0.0,0.0,0.0,2.7,0.0,6.7,Questionable,starter,2026-09-23T16:10:42+00:00
2026,3,401872948,00-0038408,Carrington Valentine,GB,ATL,DB,0.0,0.0,0.0,0.0,0.0,0.0,0.0,0.0,0.0,0.0,0.0,0.0,0.0,0.0,2.6,0.0,6.2,,backup,2026-09-23T16:10:42+00:00
2026,3,401872948,00-0040896,Domani Jackson,GB,ATL,DB,0.0,0.0,0.0,0.0,0.0,0.0,0.0,0.0,0.0,0.0,0.0,0.0,0.0,0.0,0.0,0.0,0.0,,roster_only,2026-09-23T16:10:42+00:00
2026,3,401872948,00-0039813,Evan Williams,GB,ATL,DB,0.0,0.0,0.0,0.0,0.0,0.0,0.0,0.0,0.0,0.0,0.0,0.0,0.0,0.0,5.1,2.4,8.5,Active,starter,2026-09-23T16:10:42+00:00
2026,3,401872948,00-0039867,Javon Bullard,GB,ATL,DB,0.0,0.0,0.0,0.0,0.0,0.0,0.0,0.0,0.0,0.0,0.0,0.0,0.0,0.0,4.7,2.0,8.1,,starter,2026-09-23T16:10:42+00:00
2026,3,401872948,00-0040033,Johnathan Baldwin,GB,ATL,DB,0.0,0.0,0.0,0.0,0.0,0.0,0.0,0.0,0.0,0.0,0.0,0.0,0.0,0.0,0.0,0.0,0.0,,backup,2026-09-23T16:10:42+00:00
2026,3,401872948,00-0038523,Kahlef Hailassie,GB,ATL,DB,0.0,0.0,0.0,0.0,0.0,0.0,0.0,0.0,0.0,0.0,0.0,0.0,0.0,0.0,0.0,0.0,0.0,,roster_only,2026-09-23T16:10:42+00:00
2026,3,401872948,00-0039831,Kamal Hadden,GB,ATL,DB,0.0,0.0,0.0,0.0,0.0,0.0,0.0,0.0,0.0,0.0,0.0,0.0,0.0,0.0,1.2,0.0,3.7,,backup,2026-09-23T16:10:42+00:00
2026,3,401872948,00-0035133,Keisean Nixon,GB,ATL,DB,0.0,0.0,0.0,0.0,0.0,0.0,0.0,0.0,0.0,0.0,0.0,0.0,0.0,0.0,5.0,2.2,8.4,,starter,2026-09-23T16:10:42+00:00
2026,3,401872948,00-0039818,Kitan Oladapo,GB,ATL,DB,0.0,0.0,0.0,0.0,0.0,0.0,0.0,0.0,0.0,0.0,0.0,0.0,0.0,0.0,0.6,0.0,3.1,,backup,2026-09-23T16:10:42+00:00
2026,3,401872948,00-0039418,MJ Devonshire,GB,ATL,DB,0.0,0.0,0.0,0.0,0.0,0.0,0.0,0.0,0.0,0.0,0.0,0.0,0.0,0.0,0.0,0.0,0.0,,roster_only,2026-09-23T16:10:42+00:00
2026,3,401872948,00-0039488,Mark Perry,GB,ATL,DB,0.0,0.0,0.0,0.0,0.0,0.0,0.0,0.0,0.0,0.0,0.0,0.0,0.0,0.0,0.0,0.0,0.0,,roster_only,2026-09-23T16:10:42+00:00
2026,3,401872948,00-0041493,Marlon Jones,GB,ATL,DB,0.0,0.0,0.0,0.0,0.0,0.0,0.0,0.0,0.0,0.0,0.0,0.0,0.0,0.0,0.0,0.0,0.0,,roster_only,2026-09-23T16:10:42+00:00
2026,3,401872948,00-0040968,Murvin Kenion,GB,ATL,DB,0.0,0.0,0.0,0.0,0.0,0.0,0.0,0.0,0.0,0.0,0.0,0.0,0.0,0.0,0.0,0.0,0.0,,roster_only,2026-09-23T16:10:42+00:00
2026,3,401872948,00-0039959,Tra Fluellen,GB,ATL,DB,0.0,0.0,0.0,0.0,0.0,0.0,0.0,0.0,0.0,0.0,0.0,0.0,0.0,0.0,0.0,0.0,0.0,,roster_only,2026-09-23T16:10:42+00:00
2026,3,401872948,00-0038494,Trey Dean III,GB,ATL,DB,0.0,0.0,0.0,0.0,0.0,0.0,0.0,0.0,0.0,0.0,0.0,0.0,0.0,0.0,0.0,0.0,0.0,,roster_only,2026-09-23T16:10:42+00:00
2026,3,401872948,00-0036388,Xavier McKinney,GB,ATL,DB,0.0,0.0,0.0,0.0,0.0,0.0,0.0,0.0,0.0,0.0,0.0,0.0,0.0,0.0,6.0,3.3,9.5,,starter,2026-09-23T16:10:42+00:00
2026,3,401872948,00-0040689,Anthony Campbell,GB,ATL,DL,0.0,0.0,0.0,0.0,0.0,0.0,0.0,0.0,0.0,0.0,0.0,0.0,0.0,0.0,1.0,0.0,4.5,Questionable,backup,2026-09-23T16:10:42+00:00
2026,3,401872948,00-0040869,Chris McClellan,GB,ATL,DL,0.0,0.0,0.0,0.0,0.0,0.0,0.0,0.0,0.0,0.0,0.0,0.0,0.0,0.0,1.2,0.0,4.7,,backup,2026-09-23T16:10:42+00:00
2026,3,401872948,00-0037075,Devonte Wyatt,GB,ATL,DL,0.0,0.0,0.0,0.0,0.0,0.0,0.0,0.0,0.0,0.0,0.0,0.0,0.0,0.0,2.7,0.7,5.1,,starter,2026-09-23T16:10:42+00:00
2026,3,401872948,00-0037269,Eric Johnson,GB,ATL,DL,0.0,0.0,0.0,0.0,0.0,0.0,0.0,0.0,0.0,0.0,0.0,0.0,0.0,0.0,0.0,0.0,0.0,,roster_only,2026-09-23T16:10:42+00:00
2026,3,401872948,00-0033109,Javon Hargrave,GB,ATL,DL,0.0,0.0,0.0,0.0,0.0,0.0,0.0,0.0,0.0,0.0,0.0,0.0,0.0,0.0,2.3,0.4,4.8,Questionable,starter,2026-09-23T16:10:42+00:00
2026,3,401872948,00-0037094,Jonathan Ford,GB,ATL,DL,0.0,0.0,0.0,0.0,0.0,0.0,0.0,0.0,0.0,0.0,0.0,0.0,0.0,0.0,0.9,0.0,3.3,,backup,2026-09-23T16:10:42+00:00
2026,3,401872948,00-0038506,Jordon Riley,GB,ATL,DL,0.0,0.0,0.0,0.0,0.0,0.0,0.0,0.0,0.0,0.0,0.0,0.0,0.0,0.0,0.0,0.0,0.0,,backup,2026-09-23T16:10:42+00:00
2026,3,401872948,00-0038398,Karl Brooks,GB,ATL,DL,0.0,0.0,0.0,0.0,0.0,0.0,0.0,0.0,0.0,0.0,0.0,0.0,0.0,0.0,2.3,0.2,5.1,,starter,2026-09-23T16:10:42+00:00
2026,3,401872948,00-0040016,Warren Brinson,GB,ATL,DL,0.0,0.0,0.0,0.0,0.0,0.0,0.0,0.0,0.0,0.0,0.0,0.0,0.0,0.0,1.6,0.0,4.0,Questionable,backup,2026-09-23T16:10:42+00:00
2026,3,401872948,00-0040003,Lenny Krieg,GB,ATL,K,0.0,0.0,0.0,0.0,0.0,0.0,0.0,0.0,0.0,0.0,0.0,0.0,0.0,0.0,0.0,0.0,0.0,,kicker_role,2026-09-23T16:10:42+00:00
2026,3,401872948,00-0040899,Trey Smack,GB,ATL,K,0.0,0.0,0.0,0.0,0.0,0.0,0.0,0.0,0.0,0.0,0.0,7.8,1.3,15.3,0.0,0.0,0.0,Active,starter,2026-09-23T16:10:42+00:00
2026,3,401872948,00-0041355,Arden Walker,GB,ATL,LB,0.0,0.0,0.0,0.0,0.0,0.0,0.0,0.0,0.0,0.0,0.0,0.0,0.0,0.0,0.0,0.0,0.0,,roster_only,2026-09-23T16:10:42+00:00
2026,3,401872948,00-0037364,Arron Mosby,GB,ATL,LB,0.0,0.0,0.0,0.0,0.0,0.0,0.0,0.0,0.0,0.0,0.0,0.0,0.0,0.0,0.0,0.0,0.0,,roster_only,2026-09-23T16:10:42+00:00
2026,3,401872948,00-0040010,Barryn Sorrell,GB,ATL,LB,0.0,0.0,0.0,0.0,0.0,0.0,0.0,0.0,0.0,0.0,0.0,0.0,0.0,0.0,1.1,0.0,3.6,,starter,2026-09-23T16:10:42+00:00
2026,3,401872948,00-0038463,Brenton Cox Jr.,GB,ATL,LB,0.0,0.0,0.0,0.0,0.0,0.0,0.0,0.0,0.0,0.0,0.0,0.0,0.0,0.0,1.3,0.0,3.8,,backup,2026-09-23T16:10:42+00:00
2026,3,401872948,00-0040012,Collin Oliver,GB,ATL,LB,0.0,0.0,0.0,0.0,0.0,0.0,0.0,0.0,0.0,0.0,0.0,0.0,0.0,0.0,0.0,0.0,0.0,,backup,2026-09-23T16:10:42+00:00
2026,3,401872948,00-0040877,Dani Dennis-Sutton,GB,ATL,LB,0.0,0.0,0.0,0.0,0.0,0.0,0.0,0.0,0.0,0.0,0.0,0.0,0.0,0.0,1.4,0.0,4.9,,backup,2026-09-23T16:10:42+00:00
2026,3,401872948,00-0039850,Edgerrin Cooper,GB,ATL,LB,0.0,0.0,0.0,0.0,0.0,0.0,0.0,0.0,0.0,0.0,0.0,0.0,0.0,0.0,6.2,3.3,10.2,Questionable,recent_defensive_participant,2026-09-23T16:10:42+00:00
2026,3,401872948,00-0036658,Isaiah McDuffie,GB,ATL,LB,0.0,0.0,0.0,0.0,0.0,0.0,0.0,0.0,0.0,0.0,0.0,0.0,0.0,0.0,5.0,2.9,7.4,,recent_defensive_participant,2026-09-23T16:10:42+00:00
2026,3,401872948,00-0036157,Kristian Welch,GB,ATL,LB,0.0,0.0,0.0,0.0,0.0,0.0,0.0,0.0,0.0,0.0,0.0,0.0,0.0,0.0,0.0,0.0,0.0,,roster_only,2026-09-23T16:10:42+00:00
2026,3,401872948,00-0039112,Lukas Van Ness,GB,ATL,LB,0.0,0.0,0.0,0.0,0.0,0.0,0.0,0.0,0.0,0.0,0.0,0.0,0.0,0.0,2.7,0.7,5.2,Active,starter,2026-09-23T16:10:42+00:00
2026,3,401872948,00-0036932,Micah Parsons,GB,ATL,LB,0.0,0.0,0.0,0.0,0.0,0.0,0.0,0.0,0.0,0.0,0.0,0.0,0.0,0.0,0.0,0.0,0.0,,backup,2026-09-23T16:10:42+00:00
2026,3,401872948,00-0036648,Nick Niemann,GB,ATL,LB,0.0,0.0,0.0,0.0,0.0,0.0,0.0,0.0,0.0,0.0,0.0,0.0,0.0,0.0,0.0,0.0,0.0,,roster_only,2026-09-23T16:10:42+00:00
2026,3,401872948,00-0040944,Nyjalik Kelly,GB,ATL,LB,0.0,0.0,0.0,0.0,0.0,0.0,0.0,0.0,0.0,0.0,0.0,0.0,0.0,0.0,0.0,0.0,0.0,,roster_only,2026-09-23T16:10:42+00:00
2026,3,401872948,00-0040947,TJ Quinn,GB,ATL,LB,0.0,0.0,0.0,0.0,0.0,0.0,0.0,0.0,0.0,0.0,0.0,0.0,0.0,0.0,0.0,0.0,0.0,,roster_only,2026-09-23T16:10:42+00:00
2026,3,401872948,00-0039812,Ty'Ron Hopper,GB,ATL,LB,0.0,0.0,0.0,0.0,0.0,0.0,0.0,0.0,0.0,0.0,0.0,0.0,0.0,0.0,0.0,0.0,0.0,,roster_only,2026-09-23T16:10:42+00:00
2026,3,401872948,00-0034431,Zaire Franklin,GB,ATL,LB,0.0,0.0,0.0,0.0,0.0,0.0,0.0,0.0,0.0,0.0,0.0,0.0,0.0,0.0,6.7,3.9,10.8,,recent_defensive_participant,2026-09-23T16:10:42+00:00
2026,3,401872948,00-0036264,Jordan Love,GB,ATL,QB,223.1,129.6,329.3,1.464,0.8049529834350585,9.4,-1.3,24.5,0.0,0.0,0.0,0.0,0.0,0.0,0.0,0.0,0.0,Active,starter,2026-09-23T16:10:42+00:00
2026,3,401872948,00-0039577,Kedon Slovis,GB,ATL,QB,0.0,0.0,0.0,0.0,0.0,0.0,0.0,0.0,0.0,0.0,0.0,0.0,0.0,0.0,0.0,0.0,0.0,,roster_only,2026-09-23T16:10:42+00:00
2026,3,401872948,00-0028118,Tyrod Taylor,GB,ATL,QB,0.0,0.0,0.0,0.0,0.0,15.6,2.9,33.6,0.0,0.0,0.0,0.0,0.0,0.0,0.0,0.0,0.0,,backup,2026-09-23T16:10:42+00:00
2026,3,401872948,00-0038685,Chris Brooks,GB,ATL,RB,0.0,0.0,0.0,0.0,0.0,8.7,-2.0,23.8,6.8,-10.4,35.6,0.0,0.0,0.0,0.0,0.0,0.0,Active,backup,2026-09-23T16:10:42+00:00
2026,3,401872948,00-0040651,Damien Martinez,GB,ATL,RB,0.0,0.0,0.0,0.0,0.0,0.0,0.0,0.0,0.0,0.0,0.0,0.0,0.0,0.0,0.0,0.0,0.0,,roster_only,2026-09-23T16:10:42+00:00
2026,3,401872948,00-0041139,Damon Bankston,GB,ATL,RB,0.0,0.0,0.0,0.0,0.0,0.0,0.0,0.0,0.0,0.0,0.0,0.0,0.0,0.0,0.0,0.0,0.0,,roster_only,2026-09-23T16:10:42+00:00
2026,3,401872948,00-0040946,Jaden Nixon,GB,ATL,RB,0.0,0.0,0.0,0.0,0.0,0.0,0.0,0.0,0.0,0.0,0.0,0.0,0.0,0.0,0.0,0.0,0.0,,roster_only,2026-09-23T16:10:42+00:00
2026,3,401872948,00-0035700,Josh Jacobs,GB,ATL,RB,0.0,0.0,0.0,0.0,0.0,0.0,0.0,0.0,0.0,0.0,0.0,0.0,0.0,0.0,0.0,0.0,0.0,,backup,2026-09-23T16:10:42+00:00
2026,3,401872948,00-0040142,Kaleb Johnson,GB,ATL,RB,0.0,0.0,0.0,0.0,0.0,14.6,3.9,29.7,1.5,-15.7,30.3,0.0,0.0,0.0,0.0,0.0,0.0,Active,backup,2026-09-23T16:10:42+00:00
2026,3,401872948,00-0039811,MarShawn Lloyd,GB,ATL,RB,0.0,0.0,0.0,0.0,0.0,17.4,-6.8,51.4,4.9,-13.8,36.8,0.0,0.0,0.0,0.0,0.0,0.0,Active,starter,2026-09-23T16:10:42+00:00
2026,3,401872948,00-0038098,Pierre Strong,GB,ATL,RB,0.0,0.0,0.0,0.0,0.0,0.0,0.0,0.0,0.0,0.0,0.0,0.0,0.0,0.0,0.0,0.0,0.0,,roster_only,2026-09-23T16:10:42+00:00
2026,3,401872948,00-0008818,Marlon Jones,GB,ATL,RCB,0.0,0.0,0.0,0.0,0.0,0.0,0.0,0.0,0.0,0.0,0.0,0.0,0.0,0.0,0.0,0.0,0.0,,backup,2026-09-23T16:10:42+00:00
2026,3,401872948,00-0040628,Drake Dabney,GB,ATL,TE,0.0,0.0,0.0,0.0,0.0,0.0,0.0,0.0,0.0,0.0,0.0,0.0,0.0,0.0,0.0,0.0,0.0,,roster_only,2026-09-23T16:10:42+00:00
2026,3,401872948,00-0033858,Jonnu Smith,GB,ATL,TE,0.0,0.0,0.0,0.0,0.0,4.2,-6.5,19.2,17.6,0.5,46.4,0.0,0.0,0.0,0.0,0.0,0.0,Active,backup,2026-09-23T16:10:42+00:00
2026,3,401872948,00-0038589,Josh Whyle,GB,ATL,TE,0.0,0.0,0.0,0.0,0.0,0.0,-10.7,15.0,8.3,-8.9,37.1,0.0,0.0,0.0,0.0,0.0,0.0,,backup,2026-09-23T16:10:42+00:00
2026,3,401872948,00-0039144,Luke Musgrave,GB,ATL,TE,0.0,0.0,0.0,0.0,0.0,0.0,0.0,0.0,0.0,0.0,0.0,0.0,0.0,0.0,0.0,0.0,0.0,,backup,2026-09-23T16:10:42+00:00
2026,3,401872948,00-0040598,Mark Redman,GB,ATL,TE,0.0,0.0,0.0,0.0,0.0,0.0,-14.7,20.7,4.4,-18.2,45.0,0.0,0.0,0.0,0.0,0.0,0.0,,backup,2026-09-23T16:10:42+00:00
2026,3,401872948,00-0039263,McCallan Castles,GB,ATL,TE,0.0,0.0,0.0,0.0,0.0,0.0,-14.7,20.7,4.1,-18.5,44.7,0.0,0.0,0.0,0.0,0.0,0.0,,roster_only,2026-09-23T16:10:42+00:00
2026,3,401872948,00-0039936,Thomas Yassmin,GB,ATL,TE,0.0,0.0,0.0,0.0,0.0,0.0,0.0,0.0,0.0,0.0,0.0,0.0,0.0,0.0,0.0,0.0,0.0,,backup,2026-09-23T16:10:42+00:00
2026,3,401872948,00-0038996,Tucker Kraft,GB,ATL,TE,0.0,0.0,0.0,0.0,0.0,0.0,-10.7,15.0,36.3,16.6,70.5,0.0,0.0,0.0,0.0,0.0,0.0,Active,starter,2026-09-23T16:10:42+00:00
2026,3,401872948,00-0037091,Bo Melton,GB,ATL,WR,0.0,0.0,0.0,0.0,0.0,0.9,-9.8,16.0,11.9,-5.3,40.7,0.0,0.0,0.0,0.0,0.0,0.0,Active,backup,2026-09-23T16:10:42+00:00
2026,3,401872948,00-0041179,Chris Hilton Jr.,GB,ATL,WR,0.0,0.0,0.0,0.0,0.0,0.0,0.0,0.0,0.0,0.0,0.0,0.0,0.0,0.0,0.0,0.0,0.0,,roster_only,2026-09-23T16:10:42+00:00
2026,3,401872948,00-0038124,Christian Watson,GB,ATL,WR,0.0,0.0,0.0,0.0,0.0,0.3,-10.4,15.4,50.7,24.0,99.9,0.0,0.0,0.0,0.0,0.0,0.0,Active,starter,2026-09-23T16:10:42+00:00
2026,3,401872948,00-0040558,Isaiah Neyor,GB,ATL,WR,0.0,0.0,0.0,0.0,0.0,0.0,0.0,0.0,0.0,0.0,0.0,0.0,0.0,0.0,0.0,0.0,0.0,,roster_only,2026-09-23T16:10:42+00:00
2026,3,401872948,00-0040948,J. Michael Sturdivant,GB,ATL,WR,0.0,0.0,0.0,0.0,0.0,0.0,-14.7,20.7,6.7,-15.9,47.3,0.0,0.0,0.0,0.0,0.0,0.0,,backup,2026-09-23T16:10:42+00:00
2026,3,401872948,00-0039146,Jayden Reed,GB,ATL,WR,0.0,0.0,0.0,0.0,0.0,2.6,-8.1,17.7,35.7,9.0,84.9,0.0,0.0,0.0,0.0,0.0,0.0,Doubtful,backup,2026-09-23T16:10:42+00:00
2026,3,401872948,00-0040239,Kaden Prather,GB,ATL,WR,0.0,0.0,0.0,0.0,0.0,0.0,0.0,0.0,0.0,0.0,0.0,0.0,0.0,0.0,0.0,0.0,0.0,,roster_only,2026-09-23T16:10:42+00:00
2026,3,401872948,00-0040616,Kisean Johnson,GB,ATL,WR,0.0,0.0,0.0,0.0,0.0,0.0,0.0,0.0,0.0,0.0,0.0,0.0,0.0,0.0,0.0,0.0,0.0,,roster_only,2026-09-23T16:10:42+00:00
2026,3,401872948,00-0040667,Matthew Golden,GB,ATL,WR,0.0,0.0,0.0,0.0,0.0,1.4,-9.3,16.4,18.9,1.7,47.7,0.0,0.0,0.0,0.0,0.0,0.0,Active,backup,2026-09-23T16:10:42+00:00
2026,3,401872948,00-0040553,Quincy Skinner Jr.,GB,ATL,WR,0.0,0.0,0.0,0.0,0.0,0.0,0.0,0.0,0.0,0.0,0.0,0.0,0.0,0.0,0.0,0.0,0.0,,roster_only,2026-09-23T16:10:42+00:00
2026,3,401872948,00-0040009,Savion Williams,GB,ATL,WR,0.0,0.0,0.0,0.0,0.0,0.0,0.0,0.0,0.0,0.0,0.0,0.0,0.0,0.0,0.0,0.0,0.0,,backup,2026-09-23T16:10:42+00:00
2026,3,401872948,00-0038090,Skyy Moore,GB,ATL,WR,0.0,0.0,0.0,0.0,0.0,0.6,-10.2,15.6,5.7,-11.5,34.5,0.0,0.0,0.0,0.0,0.0,0.0,Active,backup,2026-09-23T16:10:42+00:00
2026,3,401872949,00-0038101,Akayleb Evans,CAR,CLE,DB,0.0,0.0,0.0,0.0,0.0,0.0,0.0,0.0,0.0,0.0,0.0,0.0,0.0,0.0,0.9,0.0,3.3,,backup,2026-09-23T16:10:42+00:00
2026,3,401872949,00-0041150,Cam Miller,CAR,CLE,DB,0.0,0.0,0.0,0.0,0.0,0.0,0.0,0.0,0.0,0.0,0.0,0.0,0.0,0.0,0.0,0.0,0.0,,roster_only,2026-09-23T16:10:42+00:00
2026,3,401872949,00-0039380,Chau Smith-Wade,CAR,CLE,DB,0.0,0.0,0.0,0.0,0.0,0.0,0.0,0.0,0.0,0.0,0.0,0.0,0.0,0.0,3.4,0.7,6.9,Active,backup,2026-09-23T16:10:42+00:00
2026,3,401872949,00-0040296,Corey Thornton,CAR,CLE,DB,0.0,0.0,0.0,0.0,0.0,0.0,0.0,0.0,0.0,0.0,0.0,0.0,0.0,0.0,0.0,0.0,0.0,,roster_only,2026-09-23T16:10:42+00:00
2026,3,401872949,00-0041283,DeCarlos Nicholson,CAR,CLE,DB,0.0,0.0,0.0,0.0,0.0,0.0,0.0,0.0,0.0,0.0,0.0,0.0,0.0,0.0,0.0,0.0,0.0,,roster_only,2026-09-23T16:10:42+00:00
2026,3,401872949,00-0039601,Demani Richardson,CAR,CLE,DB,0.0,0.0,0.0,0.0,0.0,0.0,0.0,0.0,0.0,0.0,0.0,0.0,0.0,0.0,0.0,0.0,0.0,,roster_only,2026-09-23T16:10:42+00:00
2026,3,401872949,00-0041153,Devonta Smith,CAR,CLE,DB,0.0,0.0,0.0,0.0,0.0,0.0,0.0,0.0,0.0,0.0,0.0,0.0,0.0,0.0,0.0,0.0,0.0,,roster_only,2026-09-23T16:10:42+00:00
2026,3,401872949,00-0036356,Isaiah Simmons,CAR,CLE,DB,0.0,0.0,0.0,0.0,0.0,0.0,0.0,0.0,0.0,0.0,0.0,0.0,0.0,0.0,0.8,0.0,3.2,,backup,2026-09-23T16:10:42+00:00
2026,3,401872949,00-0036944,Jaycee Horn,CAR,CLE,DB,0.0,0.0,0.0,0.0,0.0,0.0,0.0,0.0,0.0,0.0,0.0,0.0,0.0,0.0,3.7,1.0,7.2,,starter,2026-09-23T16:10:42+00:00
2026,3,401872949,00-0040159,Lathan Ransom,CAR,CLE,DB,0.0,0.0,0.0,0.0,0.0,0.0,0.0,0.0,0.0,0.0,0.0,0.0,0.0,0.0,1.8,0.0,4.5,,backup,2026-09-23T16:10:42+00:00
2026,3,401872949,00-0035277,Mike Jackson,CAR,CLE,DB,0.0,0.0,0.0,0.0,0.0,0.0,0.0,0.0,0.0,0.0,0.0,0.0,0.0,0.0,3.9,1.2,7.4,,starter,2026-09-23T16:10:42+00:00
2026,3,401872949,00-0035669,Nick Scott,CAR,CLE,DB,0.0,0.0,0.0,0.0,0.0,0.0,0.0,0.0,0.0,0.0,0.0,0.0,0.0,0.0,4.7,2.0,8.2,Questionable,starter,2026-09-23T16:10:42+00:00
2026,3,401872949,00-0036962,Tre'von Moehrig,CAR,CLE,DB,0.0,0.0,0.0,0.0,0.0,0.0,0.0,0.0,0.0,0.0,0.0,0.0,0.0,0.0,5.3,2.5,8.7,,starter,2026-09-23T16:10:42+00:00
2026,3,401872949,00-0039586,Tyrek Funderburk,CAR,CLE,DB,0.0,0.0,0.0,0.0,0.0,0.0,0.0,0.0,0.0,0.0,0.0,0.0,0.0,0.0,0.0,0.0,0.0,,roster_only,2026-09-23T16:10:42+00:00
2026,3,401872949,00-0041063,Will Lee III,CAR,CLE,DB,0.0,0.0,0.0,0.0,0.0,0.0,0.0,0.0,0.0,0.0,0.0,0.0,0.0,0.0,3.0,0.2,6.9,,starter,2026-09-23T16:10:42+00:00
2026,3,401872949,00-0041076,Zakee Wheatley,CAR,CLE,DB,0.0,0.0,0.0,0.0,0.0,0.0,0.0,0.0,0.0,0.0,0.0,0.0,0.0,0.0,2.1,0.0,6.1,,backup,2026-09-23T16:10:42+00:00
2026,3,401872949,00-0040044,Zion Childress,CAR,CLE,DB,0.0,0.0,0.0,0.0,0.0,0.0,0.0,0.0,0.0,0.0,0.0,0.0,0.0,0.0,0.0,0.0,0.0,,roster_only,2026-09-23T16:10:42+00:00
2026,3,401872949,00-0041148,Aaron Hall,CAR,CLE,DL,0.0,0.0,0.0,0.0,0.0,0.0,0.0,0.0,0.0,0.0,0.0,0.0,0.0,0.0,1.2,0.0,4.7,,backup,2026-09-23T16:10:42+00:00
2026,3,401872949,00-0039783,Anthony Goodlow,CAR,CLE,DL,0.0,0.0,0.0,0.0,0.0,0.0,0.0,0.0,0.0,0.0,0.0,0.0,0.0,0.0,0.0,0.0,0.0,,roster_only,2026-09-23T16:10:42+00:00
2026,3,401872949,00-0036903,Bobby Brown III,CAR,CLE,DL,0.0,0.0,0.0,0.0,0.0,0.0,0.0,0.0,0.0,0.0,0.0,0.0,0.0,0.0,2.1,0.2,4.6,Questionable,starter,2026-09-23T16:10:42+00:00
2026,3,401872949,00-0040174,Cam Jackson,CAR,CLE,DL,0.0,0.0,0.0,0.0,0.0,0.0,0.0,0.0,0.0,0.0,0.0,0.0,0.0,0.0,1.1,0.0,3.9,,backup,2026-09-23T16:10:42+00:00
2026,3,401872949,00-0036220,Derrick Brown,CAR,CLE,DL,0.0,0.0,0.0,0.0,0.0,0.0,0.0,0.0,0.0,0.0,0.0,0.0,0.0,0.0,3.4,1.3,6.1,,starter,2026-09-23T16:10:42+00:00
2026,3,401872949,00-0039946,Kyon Barrs,CAR,CLE,DL,0.0,0.0,0.0,0.0,0.0,0.0,0.0,0.0,0.0,0.0,0.0,0.0,0.0,0.0,0.0,0.0,0.0,,roster_only,2026-09-23T16:10:42+00:00
2026,3,401872949,00-0037203,LaBryan Ray,CAR,CLE,DL,0.0,0.0,0.0,0.0,0.0,0.0,0.0,0.0,0.0,0.0,0.0,0.0,0.0,0.0,0.0,0.0,0.0,,roster_only,2026-09-23T16:10:42+00:00
2026,3,401872949,00-0041478,Lee Hunter,CAR,CLE,DL,0.0,0.0,0.0,0.0,0.0,0.0,0.0,0.0,0.0,0.0,0.0,0.0,0.0,0.0,1.3,0.0,4.9,,starter,2026-09-23T16:10:42+00:00
2026,3,401872949,00-0041151,Parker Petersen,CAR,CLE,DL,0.0,0.0,0.0,0.0,0.0,0.0,0.0,0.0,0.0,0.0,0.0,0.0,0.0,0.0,0.0,0.0,0.0,,roster_only,2026-09-23T16:10:42+00:00
2026,3,401872949,00-0040458,TeRah Edwards,CAR,CLE,DL,0.0,0.0,0.0,0.0,0.0,0.0,0.0,0.0,0.0,0.0,0.0,0.0,0.0,0.0,1.0,0.0,4.5,,backup,2026-09-23T16:10:42+00:00
2026,3,401872949,00-0035890,Tershawn Wharton,CAR,CLE,DL,0.0,0.0,0.0,0.0,0.0,0.0,0.0,0.0,0.0,0.0,0.0,0.0,0.0,0.0,0.0,0.0,0.0,,backup,2026-09-23T16:10:42+00:00
2026,3,401872949,00-0041487,Tywone Malone,CAR,CLE,DL,0.0,0.0,0.0,0.0,0.0,0.0,0.0,0.0,0.0,0.0,0.0,0.0,0.0,0.0,0.0,0.0,0.0,,roster_only,2026-09-23T16:10:42+00:00
2026,3,401872949,00-0040279,Ryan Fitzgerald,CAR,CLE,K,0.0,0.0,0.0,0.0,0.0,0.0,0.0,0.0,0.0,0.0,0.0,6.8,2.1,12.3,0.0,0.0,0.0,Active,starter,2026-09-23T16:10:42+00:00
2026,3,401872949,00-0040289,Bam Martin-Scott,CAR,CLE,LB,0.0,0.0,0.0,0.0,0.0,0.0,0.0,0.0,0.0,0.0,0.0,0.0,0.0,0.0,0.0,0.0,0.0,,roster_only,2026-09-23T16:10:42+00:00
2026,3,401872949,00-0035687,Bobby Okereke,CAR,CLE,LB,0.0,0.0,0.0,0.0,0.0,0.0,0.0,0.0,0.0,0.0,0.0,0.0,0.0,0.0,7.0,4.3,11.3,Active,recent_defensive_participant,2026-09-23T16:10:42+00:00
2026,3,401872949,00-0036045,Cam Gill,CAR,CLE,LB,0.0,0.0,0.0,0.0,0.0,0.0,0.0,0.0,0.0,0.0,0.0,0.0,0.0,0.0,0.0,0.0,0.0,,roster_only,2026-09-23T16:10:42+00:00
2026,3,401872949,00-0038493,Claudin Cherelus,CAR,CLE,LB,0.0,0.0,0.0,0.0,0.0,0.0,0.0,0.0,0.0,0.0,0.0,0.0,0.0,0.0,3.3,1.3,5.8,Questionable,recent_defensive_participant,2026-09-23T16:10:42+00:00
2026,3,401872949,00-0037244,Devin Lloyd,CAR,CLE,LB,0.0,0.0,0.0,0.0,0.0,0.0,0.0,0.0,0.0,0.0,0.0,0.0,0.0,0.0,5.0,2.0,9.0,Active,recent_defensive_participant,2026-09-23T16:10:42+00:00
2026,3,401872949,00-0041154,Isaiah Smith,CAR,CLE,LB,0.0,0.0,0.0,0.0,0.0,0.0,0.0,0.0,0.0,0.0,0.0,0.0,0.0,0.0,0.0,0.0,0.0,,roster_only,2026-09-23T16:10:42+00:00
2026,3,401872949,00-0041119,Jackson Kuwatch,CAR,CLE,LB,0.0,0.0,0.0,0.0,0.0,0.0,0.0,0.0,0.0,0.0,0.0,0.0,0.0,0.0,1.3,0.0,4.8,,recent_defensive_participant,2026-09-23T16:10:42+00:00
2026,3,401872949,00-0036934,Jaelan Phillips,CAR,CLE,LB,0.0,0.0,0.0,0.0,0.0,0.0,0.0,0.0,0.0,0.0,0.0,0.0,0.0,0.0,3.2,0.3,7.3,,starter,2026-09-23T16:10:42+00:00
2026,3,401872949,00-0037179,Jeremiah Moon,CAR,CLE,LB,0.0,0.0,0.0,0.0,0.0,0.0,0.0,0.0,0.0,0.0,0.0,0.0,0.0,0.0,0.8,0.0,3.2,,recent_defensive_participant,2026-09-23T16:10:42+00:00
2026,3,401872949,00-0039637,Maema Njongmeta,CAR,CLE,LB,0.0,0.0,0.0,0.0,0.0,0.0,0.0,0.0,0.0,0.0,0.0,0.0,0.0,0.0,0.0,0.0,0.0,,roster_only,2026-09-23T16:10:42+00:00
2026,3,401872949,00-0040763,Mapalo Mwansa,CAR,CLE,LB,0.0,0.0,0.0,0.0,0.0,0.0,0.0,0.0,0.0,0.0,0.0,0.0,0.0,0.0,0.0,0.0,0.0,,roster_only,2026-09-23T16:10:42+00:00
2026,3,401872949,00-0040746,Nic Scourton,CAR,CLE,LB,0.0,0.0,0.0,0.0,0.0,0.0,0.0,0.0,0.0,0.0,0.0,0.0,0.0,0.0,0.0,0.0,0.0,,backup,2026-09-23T16:10:42+00:00
2026,3,401872949,00-0037007,Patrick Jones II,CAR,CLE,LB,0.0,0.0,0.0,0.0,0.0,0.0,0.0,0.0,0.0,0.0,0.0,0.0,0.0,0.0,2.5,0.5,4.9,Questionable,starter,2026-09-23T16:10:42+00:00
2026,3,401872949,00-0040136,Princely Umanmielen,CAR,CLE,LB,0.0,0.0,0.0,0.0,0.0,0.0,0.0,0.0,0.0,0.0,0.0,0.0,0.0,0.0,1.5,0.0,4.0,,backup,2026-09-23T16:10:42+00:00
2026,3,401872949,00-0038791,Thomas Incoom,CAR,CLE,LB,0.0,0.0,0.0,0.0,0.0,0.0,0.0,0.0,0.0,0.0,0.0,0.0,0.0,0.0,0.8,0.0,3.3,,backup,2026-09-23T16:10:42+00:00
2026,3,401872949,00-0036305,Trevis Gipson,CAR,CLE,LB,0.0,0.0,0.0,0.0,0.0,0.0,0.0,0.0,0.0,0.0,0.0,0.0,0.0,0.0,1.4,0.0,3.9,Questionable,backup,2026-09-23T16:10:42+00:00
2026,3,401872949,00-0035352,Tyrel Dodson,CAR,CLE,LB,0.0,0.0,0.0,0.0,0.0,0.0,0.0,0.0,0.0,0.0,0.0,0.0,0.0,0.0,0.0,0.0,0.0,Active,roster_only,2026-09-23T16:10:42+00:00
2026,3,401872949,00-0039150,Bryce Young,CAR,CLE,QB,192.0,98.5,298.2,1.188,0.6547619047619048,18.1,5.3,36.0,0.0,0.0,0.0,0.0,0.0,0.0,0.0,0.0,0.0,Active,starter,2026-09-23T16:10:42+00:00
2026,3,401872949,00-0041149,Haynes King,CAR,CLE,QB,0.0,0.0,0.0,0.0,0.0,9.0,-8.6,33.7,0.0,0.0,0.0,0.0,0.0,0.0,0.0,0.0,0.0,Active,backup,2026-09-23T16:10:42+00:00
2026,3,401872949,00-0038102,Kenny Pickett,CAR,CLE,QB,0.0,0.0,0.0,0.0,0.0,8.2,-2.5,23.2,0.0,0.0,0.0,0.0,0.0,0.0,0.0,0.0,0.0,Active,backup,2026-09-23T16:10:42+00:00
2026,3,401872949,00-0035251,Will Grier,CAR,CLE,QB,0.0,0.0,0.0,0.0,0.0,10.0,-4.1,29.7,0.0,0.0,0.0,0.0,0.0,0.0,0.0,0.0,0.0,,roster_only,2026-09-23T16:10:42+00:00
2026,3,401872949,00-0036265,AJ Dillon,CAR,CLE,RB,0.0,0.0,0.0,0.0,0.0,17.9,7.2,33.0,2.7,-14.4,31.5,0.0,0.0,0.0,0.0,0.0,0.0,Active,backup,2026-09-23T16:10:42+00:00
2026,3,401872949,00-0040260,Ahmani Marshall,CAR,CLE,RB,0.0,0.0,0.0,0.0,0.0,0.0,0.0,0.0,0.0,0.0,0.0,0.0,0.0,0.0,0.0,0.0,0.0,,roster_only,2026-09-23T16:10:42+00:00
2026,3,401872949,00-0040394,Anthony Tyus III,CAR,CLE,RB,0.0,0.0,0.0,0.0,0.0,0.0,0.0,0.0,0.0,0.0,0.0,0.0,0.0,0.0,0.0,0.0,0.0,,roster_only,2026-09-23T16:10:42+00:00
2026,3,401872949,00-0036555,Chuba Hubbard,CAR,CLE,RB,0.0,0.0,0.0,0.0,0.0,33.4,11.4,64.3,12.7,-4.5,41.5,0.0,0.0,0.0,0.0,0.0,0.0,Active,starter,2026-09-23T16:10:42+00:00
2026,3,401872949,00-0039344,Jonathon Brooks,CAR,CLE,RB,0.0,0.0,0.0,0.0,0.0,0.0,0.0,0.0,0.0,0.0,0.0,0.0,0.0,0.0,0.0,0.0,0.0,Injured Reserve,backup,2026-09-23T16:10:42+00:00
2026,3,401872949,00-0041485,Miles Davis,CAR,CLE,RB,0.0,0.0,0.0,0.0,0.0,0.0,0.0,0.0,0.0,0.0,0.0,0.0,0.0,0.0,0.0,0.0,0.0,,roster_only,2026-09-23T16:10:42+00:00
2026,3,401872949,00-0040644,Trevor Etienne,CAR,CLE,RB,0.0,0.0,0.0,0.0,0.0,0.0,0.0,0.0,0.0,0.0,0.0,0.0,0.0,0.0,0.0,0.0,0.0,,backup,2026-09-23T16:10:42+00:00
2026,3,401872949,00-0040392,Caden Prieskorn,CAR,CLE,TE,0.0,0.0,0.0,0.0,0.0,0.0,0.0,0.0,0.0,0.0,0.0,0.0,0.0,0.0,0.0,0.0,0.0,,roster_only,2026-09-23T16:10:42+00:00
2026,3,401872949,00-0031610,Darren Waller,CAR,CLE,TE,0.0,0.0,0.0,0.0,0.0,0.0,-10.8,15.0,20.9,1.2,55.2,0.0,0.0,0.0,0.0,0.0,0.0,Active,backup,2026-09-23T16:10:42+00:00
2026,3,401872949,00-0036825,Feleipe Franks,CAR,CLE,TE,0.0,0.0,0.0,0.0,0.0,0.0,-10.7,15.0,1.3,-15.9,30.1,0.0,0.0,0.0,0.0,0.0,0.0,,backup,2026-09-23T16:10:42+00:00
2026,3,401872949,00-0039356,Ja'Tavion Sanders,CAR,CLE,TE,0.0,0.0,0.0,0.0,0.0,0.0,-10.8,14.9,6.0,-11.1,34.9,0.0,0.0,0.0,0.0,0.0,0.0,Active,backup,2026-09-23T16:10:42+00:00
2026,3,401872949,00-0040187,Mitchell Evans,CAR,CLE,TE,0.0,0.0,0.0,0.0,0.0,0.0,-10.7,15.1,9.0,-8.1,37.8,0.0,0.0,0.0,0.0,0.0,0.0,Active,backup,2026-09-23T16:10:42+00:00
2026,3,401872949,00-0037005,Tommy Tremble,CAR,CLE,TE,0.0,0.0,0.0,0.0,0.0,0.0,-10.8,15.0,12.2,-4.9,41.0,0.0,0.0,0.0,0.0,0.0,0.0,Active,starter,2026-09-23T16:10:42+00:00
2026,3,401872949,00-0038840,Brycen Tremayne,CAR,CLE,WR,0.0,0.0,0.0,0.0,0.0,0.0,-10.8,15.0,2.6,-14.6,31.4,0.0,0.0,0.0,0.0,0.0,0.0,,backup,2026-09-23T16:10:42+00:00
2026,3,401872949,00-0039394,Casey Washington,CAR,CLE,WR,0.0,0.0,0.0,0.0,0.0,0.0,0.0,0.0,0.0,0.0,0.0,0.0,0.0,0.0,0.0,0.0,0.0,,roster_only,2026-09-23T16:10:42+00:00
2026,3,401872949,00-0041047,Chris Brazzell II,CAR,CLE,WR,0.0,0.0,0.0,0.0,0.0,0.0,0.0,0.0,0.0,0.0,0.0,0.0,0.0,0.0,0.0,0.0,0.0,,backup,2026-09-23T16:10:42+00:00
2026,3,401872949,00-0033589,David Moore,CAR,CLE,WR,0.0,0.0,0.0,0.0,0.0,0.0,0.0,0.0,0.0,0.0,0.0,0.0,0.0,0.0,0.0,0.0,0.0,,roster_only,2026-09-23T16:10:42+00:00
2026,3,401872949,00-0041011,E.J. Williams Jr.,CAR,CLE,WR,0.0,0.0,0.0,0.0,0.0,0.0,0.0,0.0,0.0,0.0,0.0,0.0,0.0,0.0,0.0,0.0,0.0,,roster_only,2026-09-23T16:10:42+00:00
2026,3,401872949,00-0038667,Elijah Cooks,CAR,CLE,WR,0.0,0.0,0.0,0.0,0.0,0.0,0.0,0.0,0.0,0.0,0.0,0.0,0.0,0.0,0.0,0.0,0.0,,roster_only,2026-09-23T16:10:42+00:00
2026,3,401872949,00-0036635,Ihmir Smith-Marsette,CAR,CLE,WR,0.0,0.0,0.0,0.0,0.0,0.0,0.0,0.0,0.0,0.0,0.0,0.0,0.0,0.0,0.0,0.0,0.0,,roster_only,2026-09-23T16:10:42+00:00
2026,3,401872949,00-0040265,Ja'Seem Reed,CAR,CLE,WR,0.0,0.0,0.0,0.0,0.0,0.0,0.0,0.0,0.0,0.0,0.0,0.0,0.0,0.0,0.0,0.0,0.0,,roster_only,2026-09-23T16:10:42+00:00
2026,3,401872949,00-0039491,Jalen Coker,CAR,CLE,WR,0.0,0.0,0.0,0.0,0.0,0.0,-10.8,15.0,32.2,15.0,61.0,0.0,0.0,0.0,0.0,0.0,0.0,Active,backup,2026-09-23T16:10:42+00:00
2026,3,401872949,00-0037614,John Metchie III,CAR,CLE,WR,0.0,0.0,0.0,0.0,0.0,0.0,-10.7,15.1,19.6,-7.1,68.8,0.0,0.0,0.0,0.0,0.0,0.0,Active,backup,2026-09-23T16:10:42+00:00
2026,3,401872949,00-0040531,Roc Taylor,CAR,CLE,WR,0.0,0.0,0.0,0.0,0.0,0.0,0.0,0.0,0.0,0.0,0.0,0.0,0.0,0.0,0.0,0.0,0.0,,roster_only,2026-09-23T16:10:42+00:00
2026,3,401872949,00-0040124,Tetairoa McMillan,CAR,CLE,WR,0.0,0.0,0.0,0.0,0.0,0.0,-10.8,15.0,46.4,19.8,95.6,0.0,0.0,0.0,0.0,0.0,0.0,Active,starter,2026-09-23T16:10:42+00:00
2026,3,401872949,00-0039342,Xavier Legette,CAR,CLE,WR,0.0,0.0,0.0,0.0,0.0,0.0,-10.7,15.0,19.0,1.9,47.8,0.0,0.0,0.0,0.0,0.0,0.0,Active,backup,2026-09-23T16:10:42+00:00
2026,3,401872949,00-0039513,Chris Edmonds,CLE,CAR,DB,0.0,0.0,0.0,0.0,0.0,0.0,0.0,0.0,0.0,0.0,0.0,0.0,0.0,0.0,0.0,0.0,0.0,,roster_only,2026-09-23T16:10:42+00:00
2026,3,401872949,00-0034966,D'Angelo Ross,CLE,CAR,DB,0.0,0.0,0.0,0.0,0.0,0.0,0.0,0.0,0.0,0.0,0.0,0.0,0.0,0.0,0.0,0.0,0.0,,roster_only,2026-09-23T16:10:42+00:00
2026,3,401872949,00-0038105,Damarri Mathis,CLE,CAR,DB,0.0,0.0,0.0,0.0,0.0,0.0,0.0,0.0,0.0,0.0,0.0,0.0,0.0,0.0,0.0,0.0,0.0,,backup,2026-09-23T16:10:42+00:00
2026,3,401872949,00-0036306,Daniel Thomas,CLE,CAR,DB,0.0,0.0,0.0,0.0,0.0,0.0,0.0,0.0,0.0,0.0,0.0,0.0,0.0,0.0,2.9,0.8,5.7,Active,backup,2026-09-23T16:10:42+00:00
2026,3,401872949,00-0034856,Denzel Ward,CLE,CAR,DB,0.0,0.0,0.0,0.0,0.0,0.0,0.0,0.0,0.0,0.0,0.0,0.0,0.0,0.0,3.5,0.9,7.0,,starter,2026-09-23T16:10:42+00:00
2026,3,401872949,00-0040263,Donovan McMillon,CLE,CAR,DB,0.0,0.0,0.0,0.0,0.0,0.0,0.0,0.0,0.0,0.0,0.0,0.0,0.0,0.0,0.8,0.0,3.3,,backup,2026-09-23T16:10:42+00:00
2026,3,401872949,00-0041471,Emmanuel McNeil-Warren,CLE,CAR,DB,0.0,0.0,0.0,0.0,0.0,0.0,0.0,0.0,0.0,0.0,0.0,0.0,0.0,0.0,2.2,0.0,6.1,,backup,2026-09-23T16:10:42+00:00
2026,3,401872949,00-0036282,Grant Delpit,CLE,CAR,DB,0.0,0.0,0.0,0.0,0.0,0.0,0.0,0.0,0.0,0.0,0.0,0.0,0.0,0.0,5.8,3.1,9.3,,starter,2026-09-23T16:10:42+00:00
2026,3,401872949,00-0041332,Jeremiah McClendon,CLE,CAR,DB,0.0,0.0,0.0,0.0,0.0,0.0,0.0,0.0,0.0,0.0,0.0,0.0,0.0,0.0,0.0,0.0,0.0,,roster_only,2026-09-23T16:10:42+00:00
2026,3,401872949,00-0038565,Mekhi Blackmon,CLE,CAR,DB,0.0,0.0,0.0,0.0,0.0,0.0,0.0,0.0,0.0,0.0,0.0,0.0,0.0,0.0,3.5,0.9,7.0,,backup,2026-09-23T16:10:42+00:00
2026,3,401872949,00-0041411,Michael Coats Jr.,CLE,CAR,DB,0.0,0.0,0.0,0.0,0.0,0.0,0.0,0.0,0.0,0.0,0.0,0.0,0.0,0.0,0.0,0.0,0.0,,roster_only,2026-09-23T16:10:42+00:00
2026,3,401872949,00-0036087,Myles Bryant,CLE,CAR,DB,0.0,0.0,0.0,0.0,0.0,0.0,0.0,0.0,0.0,0.0,0.0,0.0,0.0,0.0,0.0,0.0,0.0,,roster_only,2026-09-23T16:10:42+00:00
2026,3,401872949,00-0039417,Myles Harden,CLE,CAR,DB,0.0,0.0,0.0,0.0,0.0,0.0,0.0,0.0,0.0,0.0,0.0,0.0,0.0,0.0,3.3,0.7,6.8,,starter,2026-09-23T16:10:42+00:00
2026,3,401872949,00-0041278,Nate Evans,CLE,CAR,DB,0.0,0.0,0.0,0.0,0.0,0.0,0.0,0.0,0.0,0.0,0.0,0.0,0.0,0.0,0.0,0.0,0.0,,roster_only,2026-09-23T16:10:42+00:00
2026,3,401872949,00-0036287,Noah Igbinoghene,CLE,CAR,DB,0.0,0.0,0.0,0.0,0.0,0.0,0.0,0.0,0.0,0.0,0.0,0.0,0.0,0.0,2.9,0.7,5.6,Active,backup,2026-09-23T16:10:42+00:00
2026,3,401872949,00-0038715,Ronnie Hickman Jr.,CLE,CAR,DB,0.0,0.0,0.0,0.0,0.0,0.0,0.0,0.0,0.0,0.0,0.0,0.0,0.0,0.0,5.4,2.7,8.9,,starter,2026-09-23T16:10:42+00:00
2026,3,401872949,00-0041115,Toriano Pride Jr.,CLE,CAR,DB,0.0,0.0,0.0,0.0,0.0,0.0,0.0,0.0,0.0,0.0,0.0,0.0,0.0,0.0,2.2,0.0,6.1,Active,backup,2026-09-23T16:10:42+00:00
2026,3,401872949,00-0036974,Tyson Campbell,CLE,CAR,DB,0.0,0.0,0.0,0.0,0.0,0.0,0.0,0.0,0.0,0.0,0.0,0.0,0.0,0.0,4.7,2.0,8.1,Questionable,starter,2026-09-23T16:10:42+00:00
2026,3,401872949,00-0041286,Zion Washington,CLE,CAR,DB,0.0,0.0,0.0,0.0,0.0,0.0,0.0,0.0,0.0,0.0,0.0,0.0,0.0,0.0,0.0,0.0,0.0,,roster_only,2026-09-23T16:10:42+00:00
2026,3,401872949,00-0040255,Adin Huntington,CLE,CAR,DL,0.0,0.0,0.0,0.0,0.0,0.0,0.0,0.0,0.0,0.0,0.0,0.0,0.0,0.0,1.1,0.0,3.6,,backup,2026-09-23T16:10:42+00:00
2026,3,401872949,00-0037251,Alex Wright,CLE,CAR,DL,0.0,0.0,0.0,0.0,0.0,0.0,0.0,0.0,0.0,0.0,0.0,0.0,0.0,0.0,0.0,0.0,0.0,,backup,2026-09-23T16:10:42+00:00
2026,3,401872949,00-0035857,Chris Williams,CLE,CAR,DL,0.0,0.0,0.0,0.0,0.0,0.0,0.0,0.0,0.0,0.0,0.0,0.0,0.0,0.0,0.0,0.0,0.0,,roster_only,2026-09-23T16:10:42+00:00
2026,3,401872949,00-0040088,Coziah Izzard,CLE,CAR,DL,0.0,0.0,0.0,0.0,0.0,0.0,0.0,0.0,0.0,0.0,0.0,0.0,0.0,0.0,0.0,0.0,0.0,,roster_only,2026-09-23T16:10:42+00:00
2026,3,401872949,00-0033876,Derek Barnett,CLE,CAR,DL,0.0,0.0,0.0,0.0,0.0,0.0,0.0,0.0,0.0,0.0,0.0,0.0,0.0,0.0,1.1,0.0,3.6,,backup,2026-09-23T16:10:42+00:00
2026,3,401872949,00-0039764,Elijah Chatman,CLE,CAR,DL,0.0,0.0,0.0,0.0,0.0,0.0,0.0,0.0,0.0,0.0,0.0,0.0,0.0,0.0,0.0,0.0,0.0,,backup,2026-09-23T16:10:42+00:00
2026,3,401872949,00-0038574,Isaiah McGuire,CLE,CAR,DL,0.0,0.0,0.0,0.0,0.0,0.0,0.0,0.0,0.0,0.0,0.0,0.0,0.0,0.0,1.5,0.0,3.9,,starter,2026-09-23T16:10:42+00:00
2026,3,401872949,00-0040594,Jamil Muhammad,CLE,CAR,DL,0.0,0.0,0.0,0.0,0.0,0.0,0.0,0.0,0.0,0.0,0.0,0.0,0.0,0.0,0.0,0.0,0.0,,roster_only,2026-09-23T16:10:42+00:00
2026,3,401872949,00-0039852,Jared Verse,CLE,CAR,DL,0.0,0.0,0.0,0.0,0.0,0.0,0.0,0.0,0.0,0.0,0.0,0.0,0.0,0.0,3.1,0.9,5.8,,starter,2026-09-23T16:10:42+00:00
2026,3,401872949,00-0036249,Julian Okwara,CLE,CAR,DL,0.0,0.0,0.0,0.0,0.0,0.0,0.0,0.0,0.0,0.0,0.0,0.0,0.0,0.0,0.0,0.0,0.0,,roster_only,2026-09-23T16:10:42+00:00
2026,3,401872949,00-0037832,Kalia Davis,CLE,CAR,DL,0.0,0.0,0.0,0.0,0.0,0.0,0.0,0.0,0.0,0.0,0.0,0.0,0.0,0.0,0.0,0.0,0.0,,backup,2026-09-23T16:10:42+00:00
2026,3,401872949,00-0041285,Khordae Sydnor,CLE,CAR,DL,0.0,0.0,0.0,0.0,0.0,0.0,0.0,0.0,0.0,0.0,0.0,0.0,0.0,0.0,0.0,0.0,0.0,,roster_only,2026-09-23T16:10:42+00:00
2026,3,401872949,00-0041279,Logan Fano,CLE,CAR,DL,0.0,0.0,0.0,0.0,0.0,0.0,0.0,0.0,0.0,0.0,0.0,0.0,0.0,0.0,0.0,0.0,0.0,,roster_only,2026-09-23T16:10:42+00:00
2026,3,401872949,00-0033131,Maliek Collins,CLE,CAR,DL,0.0,0.0,0.0,0.0,0.0,0.0,0.0,0.0,0.0,0.0,0.0,0.0,0.0,0.0,1.7,0.0,4.1,Active,starter,2026-09-23T16:10:42+00:00
2026,3,401872949,00-0040685,Mason Graham,CLE,CAR,DL,0.0,0.0,0.0,0.0,0.0,0.0,0.0,0.0,0.0,0.0,0.0,0.0,0.0,0.0,2.9,0.7,5.6,,starter,2026-09-23T16:10:42+00:00
2026,3,401872949,00-0039895,Mike Hall Jr.,CLE,CAR,DL,0.0,0.0,0.0,0.0,0.0,0.0,0.0,0.0,0.0,0.0,0.0,0.0,0.0,0.0,1.2,0.0,3.8,,backup,2026-09-23T16:10:42+00:00
2026,3,401872949,00-0041385,Nadame Tucker,CLE,CAR,DL,0.0,0.0,0.0,0.0,0.0,0.0,0.0,0.0,0.0,0.0,0.0,0.0,0.0,0.0,0.0,0.0,0.0,,roster_only,2026-09-23T16:10:42+00:00
2026,3,401872949,00-0040684,Patrick Jenkins,CLE,CAR,DL,0.0,0.0,0.0,0.0,0.0,0.0,0.0,0.0,0.0,0.0,0.0,0.0,0.0,0.0,0.0,0.0,0.0,,roster_only,2026-09-23T16:10:42+00:00
2026,3,401872949,00-0036705,Sam Kamara,CLE,CAR,DL,0.0,0.0,0.0,0.0,0.0,0.0,0.0,0.0,0.0,0.0,0.0,0.0,0.0,0.0,0.0,0.0,0.0,,roster_only,2026-09-23T16:10:42+00:00
2026,3,401872949,00-0037665,Sam Williams,CLE,CAR,DL,0.0,0.0,0.0,0.0,0.0,0.0,0.0,0.0,0.0,0.0,0.0,0.0,0.0,0.0,1.3,0.0,3.8,,backup,2026-09-23T16:10:42+00:00
2026,3,401872949,00-0038405,Travis Bell,CLE,CAR,DL,0.0,0.0,0.0,0.0,0.0,0.0,0.0,0.0,0.0,0.0,0.0,0.0,0.0,0.0,0.0,0.0,0.0,,roster_only,2026-09-23T16:10:42+00:00
2026,3,401872949,00-0041288,Tyreak Sapp,CLE,CAR,DL,0.0,0.0,0.0,0.0,0.0,0.0,0.0,0.0,0.0,0.0,0.0,0.0,0.0,0.0,0.0,0.0,0.0,,roster_only,2026-09-23T16:10:42+00:00
2026,3,401872949,00-0039400,Zion Logue,CLE,CAR,DL,0.0,0.0,0.0,0.0,0.0,0.0,0.0,0.0,0.0,0.0,0.0,0.0,0.0,0.0,0.0,0.0,0.0,,roster_only,2026-09-23T16:10:42+00:00
2026,3,401872949,00-0038428,Andre Szmyt,CLE,CAR,K,0.0,0.0,0.0,0.0,0.0,0.0,0.0,0.0,0.0,0.0,0.0,6.9,2.2,12.4,0.0,0.0,0.0,Active,starter,2026-09-23T16:10:42+00:00
2026,3,401872949,00-0040579,Carson Schwesinger,CLE,CAR,LB,0.0,0.0,0.0,0.0,0.0,0.0,0.0,0.0,0.0,0.0,0.0,0.0,0.0,0.0,8.4,7.3,14.2,Active,starter,2026-09-23T16:10:42+00:00
2026,3,401872949,00-0040261,Easton Mascarenas-Arnold,CLE,CAR,LB,0.0,0.0,0.0,0.0,0.0,0.0,0.0,0.0,0.0,0.0,0.0,0.0,0.0,0.0,1.2,0.0,3.7,,starter,2026-09-23T16:10:42+00:00
2026,3,401872949,00-0039878,Edefuan Ulofoshio,CLE,CAR,LB,0.0,0.0,0.0,0.0,0.0,0.0,0.0,0.0,0.0,0.0,0.0,0.0,0.0,0.0,0.0,0.0,0.0,,backup,2026-09-23T16:10:42+00:00
2026,3,401872949,00-0036915,Jeremiah Owusu-Koramoah,CLE,CAR,LB,0.0,0.0,0.0,0.0,0.0,0.0,0.0,0.0,0.0,0.0,0.0,0.0,0.0,0.0,0.0,0.0,0.0,Out,backup,2026-09-23T16:10:42+00:00
2026,3,401872949,00-0041075,Justin Jefferson,CLE,CAR,LB,0.0,0.0,0.0,0.0,0.0,0.0,0.0,0.0,0.0,0.0,0.0,0.0,0.0,0.0,1.7,0.0,5.2,Active,backup,2026-09-23T16:10:42+00:00
2026,3,401872949,00-0035961,Krys Barnes,CLE,CAR,LB,0.0,0.0,0.0,0.0,0.0,0.0,0.0,0.0,0.0,0.0,0.0,0.0,0.0,0.0,0.0,0.0,0.0,,roster_only,2026-09-23T16:10:42+00:00
2026,3,401872949,00-0038958,Markees Watts,CLE,CAR,LB,0.0,0.0,0.0,0.0,0.0,0.0,0.0,0.0,0.0,0.0,0.0,0.0,0.0,0.0,0.0,0.0,0.0,,roster_only,2026-09-23T16:10:42+00:00
2026,3,401872949,00-0039406,Nathaniel Watson,CLE,CAR,LB,0.0,0.0,0.0,0.0,0.0,0.0,0.0,0.0,0.0,0.0,0.0,0.0,0.0,0.0,0.0,0.0,0.0,,roster_only,2026-09-23T16:10:42+00:00
2026,3,401872949,00-0035680,Quincy Williams,CLE,CAR,LB,0.0,0.0,0.0,0.0,0.0,0.0,0.0,0.0,0.0,0.0,0.0,0.0,0.0,0.0,6.8,3.9,10.9,,starter,2026-09-23T16:10:42+00:00
2026,3,401872949,00-0039515,Winston Reid,CLE,CAR,LB,0.0,0.0,0.0,0.0,0.0,0.0,0.0,0.0,0.0,0.0,0.0,0.0,0.0,0.0,3.8,1.8,6.2,,backup,2026-09-23T16:10:42+00:00
2026,3,401872949,00-0033537,Deshaun Watson,CLE,CAR,QB,195.8,102.3,302.0,1.188,0.6547619047619048,15.5,2.8,33.5,0.0,0.0,0.0,0.0,0.0,0.0,0.0,0.0,0.0,Active,starter,2026-09-23T16:10:42+00:00
2026,3,401872949,00-0040704,Dillon Gabriel,CLE,CAR,QB,0.0,0.0,0.0,0.0,0.0,0.0,0.0,0.0,0.0,0.0,0.0,0.0,0.0,0.0,0.0,0.0,0.0,,backup,2026-09-23T16:10:42+00:00
2026,3,401872949,00-0040668,Shedeur Sanders,CLE,CAR,QB,0.0,0.0,0.0,0.0,0.0,14.5,1.8,32.5,0.0,0.0,0.0,0.0,0.0,0.0,0.0,0.0,0.0,Active,backup,2026-09-23T16:10:42+00:00
2026,3,401872949,00-0041092,Taylen Green,CLE,CAR,QB,0.0,0.0,0.0,0.0,0.0,8.4,-9.1,33.1,0.0,0.0,0.0,0.0,0.0,0.0,0.0,0.0,0.0,Active,backup,2026-09-23T16:10:42+00:00
2026,3,401872949,00-0040162,Dylan Sampson,CLE,CAR,RB,0.0,0.0,0.0,0.0,0.0,0.0,0.0,0.0,0.0,0.0,0.0,0.0,0.0,0.0,0.0,0.0,0.0,Injured Reserve,backup,2026-09-23T16:10:42+00:00
2026,3,401872949,00-0038396,Eric Gray,CLE,CAR,RB,0.0,0.0,0.0,0.0,0.0,0.0,0.0,0.0,0.0,0.0,0.0,0.0,0.0,0.0,0.0,0.0,0.0,,roster_only,2026-09-23T16:10:42+00:00
2026,3,401872949,00-0038794,Jaleel McLaughlin,CLE,CAR,RB,0.0,0.0,0.0,0.0,0.0,19.9,-2.1,50.8,4.3,-12.9,33.1,0.0,0.0,0.0,0.0,0.0,0.0,Active,backup,2026-09-23T16:10:42+00:00
2026,3,401872949,00-0031595,Michael Burton,CLE,CAR,RB,0.0,0.0,0.0,0.0,0.0,7.8,-2.9,22.8,4.4,-12.8,33.2,0.0,0.0,0.0,0.0,0.0,0.0,,starter,2026-09-23T16:10:42+00:00
2026,3,401872949,00-0040784,Quinshon Judkins,CLE,CAR,RB,0.0,0.0,0.0,0.0,0.0,38.8,16.8,69.8,15.1,-2.1,43.9,0.0,0.0,0.0,0.0,0.0,0.0,Active,starter,2026-09-23T16:10:42+00:00
2026,3,401872949,00-0040466,Raheim Sanders,CLE,CAR,RB,0.0,0.0,0.0,0.0,0.0,22.6,-1.6,56.6,7.3,-11.3,39.3,0.0,0.0,0.0,0.0,0.0,0.0,Active,backup,2026-09-23T16:10:42+00:00
2026,3,401872949,00-0038710,Blake Whiteheart,CLE,CAR,TE,0.0,0.0,0.0,0.0,0.0,0.0,-10.8,14.9,9.1,-8.0,37.9,0.0,0.0,0.0,0.0,0.0,0.0,Active,backup,2026-09-23T16:10:42+00:00
2026,3,401872949,00-0041131,Carsen Ryan,CLE,CAR,TE,0.0,0.0,0.0,0.0,0.0,0.0,-14.8,20.6,5.2,-17.5,45.8,0.0,0.0,0.0,0.0,0.0,0.0,,backup,2026-09-23T16:10:42+00:00
2026,3,401872949,00-0041576,Drew Biber,CLE,CAR,TE,0.0,0.0,0.0,0.0,0.0,0.0,0.0,0.0,0.0,0.0,0.0,0.0,0.0,0.0,0.0,0.0,0.0,,roster_only,2026-09-23T16:10:42+00:00
2026,3,401872949,00-0040663,Harold Fannin Jr.,CLE,CAR,TE,0.0,0.0,0.0,0.0,0.0,0.3,-10.4,15.3,40.2,20.5,74.5,0.0,0.0,0.0,0.0,0.0,0.0,Active,starter,2026-09-23T16:10:42+00:00
2026,3,401872949,00-0040457,Jermaine Terry,CLE,CAR,TE,0.0,0.0,0.0,0.0,0.0,0.0,0.0,0.0,0.0,0.0,0.0,0.0,0.0,0.0,0.0,0.0,0.0,,roster_only,2026-09-23T16:10:42+00:00
2026,3,401872949,00-0041087,Joe Royer,CLE,CAR,TE,0.0,0.0,0.0,0.0,0.0,0.0,0.0,0.0,0.0,0.0,0.0,0.0,0.0,0.0,0.0,0.0,0.0,,backup,2026-09-23T16:10:42+00:00
2026,3,401872949,00-0039275,Messiah Swinson,CLE,CAR,TE,0.0,0.0,0.0,0.0,0.0,0.0,0.0,0.0,0.0,0.0,0.0,0.0,0.0,0.0,0.0,0.0,0.0,,roster_only,2026-09-23T16:10:42+00:00
2026,3,401872949,00-0041215,Ben Patterson,CLE,CAR,WR,0.0,0.0,0.0,0.0,0.0,0.0,0.0,0.0,0.0,0.0,0.0,0.0,0.0,0.0,0.0,0.0,0.0,,roster_only,2026-09-23T16:10:42+00:00
2026,3,401872949,00-0039386,Bub Means,CLE,CAR,WR,0.0,0.0,0.0,0.0,0.0,0.0,0.0,0.0,0.0,0.0,0.0,0.0,0.0,0.0,0.0,0.0,0.0,,roster_only,2026-09-23T16:10:42+00:00
2026,3,401872949,00-0041037,Denzel Boston,CLE,CAR,WR,0.0,0.0,0.0,0.0,0.0,0.0,-14.8,20.6,14.2,-8.4,54.8,0.0,0.0,0.0,0.0,0.0,0.0,Active,starter,2026-09-23T16:10:42+00:00
2026,3,401872949,00-0040782,Isaiah Bond,CLE,CAR,WR,0.0,0.0,0.0,0.0,0.0,0.1,-10.6,15.2,11.4,-5.7,40.3,0.0,0.0,0.0,0.0,0.0,0.0,,backup,2026-09-23T16:10:42+00:00
2026,3,401872949,00-0039379,Jamari Thrash,CLE,CAR,WR,0.0,0.0,0.0,0.0,0.0,0.0,0.0,0.0,0.0,0.0,0.0,0.0,0.0,0.0,0.0,0.0,0.0,,roster_only,2026-09-23T16:10:42+00:00
2026,3,401872949,00-0036407,Jerry Jeudy,CLE,CAR,WR,0.0,0.0,0.0,0.0,0.0,0.0,-10.8,15.0,43.0,16.3,92.1,0.0,0.0,0.0,0.0,0.0,0.0,Active,backup,2026-09-23T16:10:42+00:00
2026,3,401872949,00-0040218,Jimmy Horn Jr.,CLE,CAR,WR,0.0,0.0,0.0,0.0,0.0,0.0,0.0,0.0,0.0,0.0,0.0,0.0,0.0,0.0,0.0,0.0,0.0,,roster_only,2026-09-23T16:10:42+00:00
2026,3,401872949,00-0041547,KC Concepcion,CLE,CAR,WR,0.0,0.0,0.0,0.0,0.0,1.1,-13.6,21.8,9.1,-13.6,49.6,0.0,0.0,0.0,0.0,0.0,0.0,Active,backup,2026-09-23T16:10:42+00:00
2026,3,401872949,00-0041287,Kole Wilson,CLE,CAR,WR,0.0,0.0,0.0,0.0,0.0,0.0,0.0,0.0,0.0,0.0,0.0,0.0,0.0,0.0,0.0,0.0,0.0,,roster_only,2026-09-23T16:10:42+00:00
2026,3,401872949,00-0040617,Luke Floriea,CLE,CAR,WR,0.0,0.0,0.0,0.0,0.0,0.0,0.0,0.0,0.0,0.0,0.0,0.0,0.0,0.0,0.0,0.0,0.0,,roster_only,2026-09-23T16:10:42+00:00
2026,3,401872949,00-0039920,Malachi Corley,CLE,CAR,WR,0.0,0.0,0.0,0.0,0.0,2.8,-7.9,17.8,9.5,-7.6,38.3,0.0,0.0,0.0,0.0,0.0,0.0,,backup,2026-09-23T16:10:42+00:00
2026,3,401872949,00-0036630,Tylan Wallace,CLE,CAR,WR,0.0,0.0,0.0,0.0,0.0,0.0,-10.8,15.0,4.4,-12.7,33.2,0.0,0.0,0.0,0.0,0.0,0.0,,backup,2026-09-23T16:10:42+00:00
2026,3,401872950,00-0040372,Bralyn Lux,CIN,PIT,DB,0.0,0.0,0.0,0.0,0.0,0.0,0.0,0.0,0.0,0.0,0.0,0.0,0.0,0.0,0.0,0.0,0.0,,roster_only,2026-09-23T16:10:42+00:00
2026,3,401872950,00-0037193,Bryan Cook,CIN,PIT,DB,0.0,0.0,0.0,0.0,0.0,0.0,0.0,0.0,0.0,0.0,0.0,0.0,0.0,0.0,4.7,2.0,8.2,,starter,2026-09-23T16:10:42+00:00
2026,3,401872950,00-0041249,Ceyair Wright,CIN,PIT,DB,0.0,0.0,0.0,0.0,0.0,0.0,0.0,0.0,0.0,0.0,0.0,0.0,0.0,0.0,0.0,0.0,0.0,,roster_only,2026-09-23T16:10:42+00:00
2026,3,401872950,00-0038642,D.J. Ivey,CIN,PIT,DB,0.0,0.0,0.0,0.0,0.0,0.0,0.0,0.0,0.0,0.0,0.0,0.0,0.0,0.0,3.0,0.8,5.7,,backup,2026-09-23T16:10:42+00:00
2026,3,401872950,00-0038549,DJ Turner II,CIN,PIT,DB,0.0,0.0,0.0,0.0,0.0,0.0,0.0,0.0,0.0,0.0,0.0,0.0,0.0,0.0,3.1,0.9,5.8,Active,starter,2026-09-23T16:10:42+00:00
2026,3,401872950,00-0039414,Daijahn Anthony,CIN,PIT,DB,0.0,0.0,0.0,0.0,0.0,0.0,0.0,0.0,0.0,0.0,0.0,0.0,0.0,0.0,0.0,0.0,0.0,,roster_only,2026-09-23T16:10:42+00:00
2026,3,401872950,00-0037743,Daxton Hill,CIN,PIT,DB,0.0,0.0,0.0,0.0,0.0,0.0,0.0,0.0,0.0,0.0,0.0,0.0,0.0,0.0,4.4,1.7,7.9,Active,starter,2026-09-23T16:10:42+00:00
2026,3,401872950,00-0037307,Ja'Sir Taylor,CIN,PIT,DB,0.0,0.0,0.0,0.0,0.0,0.0,0.0,0.0,0.0,0.0,0.0,0.0,0.0,0.0,0.0,0.0,0.0,,backup,2026-09-23T16:10:42+00:00
2026,3,401872950,00-0034446,Jalen Davis,CIN,PIT,DB,0.0,0.0,0.0,0.0,0.0,0.0,0.0,0.0,0.0,0.0,0.0,0.0,0.0,0.0,3.6,1.4,6.3,,starter,2026-09-23T16:10:42+00:00
2026,3,401872950,00-0040518,Jalen Kimber,CIN,PIT,DB,0.0,0.0,0.0,0.0,0.0,0.0,0.0,0.0,0.0,0.0,0.0,0.0,0.0,0.0,0.0,0.0,0.0,,roster_only,2026-09-23T16:10:42+00:00
2026,3,401872950,00-0038560,Jordan Battle,CIN,PIT,DB,0.0,0.0,0.0,0.0,0.0,0.0,0.0,0.0,0.0,0.0,0.0,0.0,0.0,0.0,5.9,3.3,9.4,,starter,2026-09-23T16:10:42+00:00
2026,3,401872950,00-0039375,Josh Newton,CIN,PIT,DB,0.0,0.0,0.0,0.0,0.0,0.0,0.0,0.0,0.0,0.0,0.0,0.0,0.0,0.0,1.8,0.0,4.3,Active,backup,2026-09-23T16:10:42+00:00
2026,3,401872950,00-0036231,Kyle Dugger,CIN,PIT,DB,0.0,0.0,0.0,0.0,0.0,0.0,0.0,0.0,0.0,0.0,0.0,0.0,0.0,0.0,3.9,1.2,7.4,,backup,2026-09-23T16:10:42+00:00
2026,3,401872950,00-0040983,Matthew McDoom,CIN,PIT,DB,0.0,0.0,0.0,0.0,0.0,0.0,0.0,0.0,0.0,0.0,0.0,0.0,0.0,0.0,0.0,0.0,0.0,,roster_only,2026-09-23T16:10:42+00:00
2026,3,401872950,00-0039632,PJ Jules,CIN,PIT,DB,0.0,0.0,0.0,0.0,0.0,0.0,0.0,0.0,0.0,0.0,0.0,0.0,0.0,0.0,0.9,0.0,3.4,,backup,2026-09-23T16:10:42+00:00
2026,3,401872950,00-0037844,Russ Yeast,CIN,PIT,DB,0.0,0.0,0.0,0.0,0.0,0.0,0.0,0.0,0.0,0.0,0.0,0.0,0.0,0.0,0.0,0.0,0.0,,roster_only,2026-09-23T16:10:42+00:00
2026,3,401872950,00-0041464,Tacario Davis,CIN,PIT,DB,0.0,0.0,0.0,0.0,0.0,0.0,0.0,0.0,0.0,0.0,0.0,0.0,0.0,0.0,2.2,0.0,6.1,,backup,2026-09-23T16:10:42+00:00
2026,3,401872950,00-0040251,Trikweze Bridges,CIN,PIT,DB,0.0,0.0,0.0,0.0,0.0,0.0,0.0,0.0,0.0,0.0,0.0,0.0,0.0,0.0,0.0,0.0,0.0,,roster_only,2026-09-23T16:10:42+00:00
2026,3,401872950,00-0040018,Antwaun Powell-Ryland,CIN,PIT,DL,0.0,0.0,0.0,0.0,0.0,0.0,0.0,0.0,0.0,0.0,0.0,0.0,0.0,0.0,0.0,0.0,0.0,,roster_only,2026-09-23T16:10:42+00:00
2026,3,401872950,00-0034800,B.J. Hill,CIN,PIT,DL,0.0,0.0,0.0,0.0,0.0,0.0,0.0,0.0,0.0,0.0,0.0,0.0,0.0,0.0,1.8,0.0,4.3,Questionable,backup,2026-09-23T16:10:42+00:00
2026,3,401872950,00-0038133,Boye Mafe,CIN,PIT,DL,0.0,0.0,0.0,0.0,0.0,0.0,0.0,0.0,0.0,0.0,0.0,0.0,0.0,0.0,2.0,0.1,4.6,,starter,2026-09-23T16:10:42+00:00
2026,3,401872950,00-0041546,Cashius Howell,CIN,PIT,DL,0.0,0.0,0.0,0.0,0.0,0.0,0.0,0.0,0.0,0.0,0.0,0.0,0.0,0.0,1.2,0.0,4.7,,backup,2026-09-23T16:10:42+00:00
2026,3,401872950,00-0039752,Cedric Johnson,CIN,PIT,DL,0.0,0.0,0.0,0.0,0.0,0.0,0.0,0.0,0.0,0.0,0.0,0.0,0.0,0.0,2.0,0.0,4.5,Active,backup,2026-09-23T16:10:42+00:00
2026,3,401872950,00-0035683,Dexter Lawrence,CIN,PIT,DL,0.0,0.0,0.0,0.0,0.0,0.0,0.0,0.0,0.0,0.0,0.0,0.0,0.0,0.0,2.4,0.3,5.2,,starter,2026-09-23T16:10:42+00:00
2026,3,401872950,00-0040369,Howard Cross III,CIN,PIT,DL,0.0,0.0,0.0,0.0,0.0,0.0,0.0,0.0,0.0,0.0,0.0,0.0,0.0,0.0,0.0,0.0,0.0,,roster_only,2026-09-23T16:10:42+00:00
2026,3,401872950,00-0039143,Isaiah Foskey,CIN,PIT,DL,0.0,0.0,0.0,0.0,0.0,0.0,0.0,0.0,0.0,0.0,0.0,0.0,0.0,0.0,0.0,0.0,0.0,,roster_only,2026-09-23T16:10:42+00:00
2026,3,401872950,00-0033523,Jonathan Allen,CIN,PIT,DL,0.0,0.0,0.0,0.0,0.0,0.0,0.0,0.0,0.0,0.0,0.0,0.0,0.0,0.0,3.2,1.0,5.9,,starter,2026-09-23T16:10:42+00:00
2026,3,401872950,00-0039908,Kris Jenkins,CIN,PIT,DL,0.0,0.0,0.0,0.0,0.0,0.0,0.0,0.0,0.0,0.0,0.0,0.0,0.0,0.0,2.1,0.2,4.7,,backup,2026-09-23T16:10:42+00:00
2026,3,401872950,00-0041118,Landon Robinson,CIN,PIT,DL,0.0,0.0,0.0,0.0,0.0,0.0,0.0,0.0,0.0,0.0,0.0,0.0,0.0,0.0,1.2,0.0,4.7,Active,backup,2026-09-23T16:10:42+00:00
2026,3,401872950,00-0038546,Myles Murphy,CIN,PIT,DL,0.0,0.0,0.0,0.0,0.0,0.0,0.0,0.0,0.0,0.0,0.0,0.0,0.0,0.0,2.5,0.6,5.0,Active,starter,2026-09-23T16:10:42+00:00
2026,3,401872950,00-0040756,Shemar Stewart,CIN,PIT,DL,0.0,0.0,0.0,0.0,0.0,0.0,0.0,0.0,0.0,0.0,0.0,0.0,0.0,0.0,1.7,0.0,4.2,Active,backup,2026-09-23T16:10:42+00:00
2026,3,401872950,00-0036642,Tedarrell Slaton,CIN,PIT,DL,0.0,0.0,0.0,0.0,0.0,0.0,0.0,0.0,0.0,0.0,0.0,0.0,0.0,0.0,2.0,0.1,4.5,,backup,2026-09-23T16:10:42+00:00
2026,3,401872950,00-0036854,Evan McPherson,CIN,PIT,K,0.0,0.0,0.0,0.0,0.0,0.0,0.0,0.0,0.0,0.0,0.0,7.6,2.6,13.5,0.0,0.0,0.0,Active,starter,2026-09-23T16:10:42+00:00
2026,3,401872950,00-0040157,Barrett Carter,CIN,PIT,LB,0.0,0.0,0.0,0.0,0.0,0.0,0.0,0.0,0.0,0.0,0.0,0.0,0.0,0.0,6.3,3.3,10.3,Active,starter,2026-09-23T16:10:42+00:00
2026,3,401872950,00-0040738,Demetrius Knight Jr.,CIN,PIT,LB,0.0,0.0,0.0,0.0,0.0,0.0,0.0,0.0,0.0,0.0,0.0,0.0,0.0,0.0,5.2,3.2,7.6,Active,starter,2026-09-23T16:10:42+00:00
2026,3,401872950,00-0041243,Eric Gentry,CIN,PIT,LB,0.0,0.0,0.0,0.0,0.0,0.0,0.0,0.0,0.0,0.0,0.0,0.0,0.0,0.0,0.0,0.0,0.0,,roster_only,2026-09-23T16:10:42+00:00
2026,3,401872950,00-0040472,Garmon Randolph,CIN,PIT,LB,0.0,0.0,0.0,0.0,0.0,0.0,0.0,0.0,0.0,0.0,0.0,0.0,0.0,0.0,0.0,0.0,0.0,,roster_only,2026-09-23T16:10:42+00:00
2026,3,401872950,00-0041242,Jack Dingle,CIN,PIT,LB,0.0,0.0,0.0,0.0,0.0,0.0,0.0,0.0,0.0,0.0,0.0,0.0,0.0,0.0,0.0,0.0,0.0,,roster_only,2026-09-23T16:10:42+00:00
2026,3,401872950,00-0035363,Joe Giles-Harris,CIN,PIT,LB,0.0,0.0,0.0,0.0,0.0,0.0,0.0,0.0,0.0,0.0,0.0,0.0,0.0,0.0,0.0,0.0,0.0,,roster_only,2026-09-23T16:10:42+00:00
2026,3,401872950,00-0034754,Oren Burks,CIN,PIT,LB,0.0,0.0,0.0,0.0,0.0,0.0,0.0,0.0,0.0,0.0,0.0,0.0,0.0,0.0,2.1,0.2,4.7,,starter,2026-09-23T16:10:42+00:00
2026,3,401872950,00-0038890,Shaka Heyward,CIN,PIT,LB,0.0,0.0,0.0,0.0,0.0,0.0,0.0,0.0,0.0,0.0,0.0,0.0,0.0,0.0,0.0,0.0,0.0,,roster_only,2026-09-23T16:10:42+00:00
2026,3,401872950,00-0039313,Swayze Bozeman,CIN,PIT,LB,0.0,0.0,0.0,0.0,0.0,0.0,0.0,0.0,0.0,0.0,0.0,0.0,0.0,0.0,1.0,0.0,3.4,,backup,2026-09-23T16:10:42+00:00
2026,3,401872950,00-0036442,Joe Burrow,CIN,PIT,QB,250.0,156.5,356.2,1.642,0.8125,7.6,-5.2,25.5,0.0,0.0,0.0,0.0,0.0,0.0,0.0,0.0,0.0,Active,starter,2026-09-23T16:10:42+00:00
2026,3,401872950,00-0026158,Joe Flacco,CIN,PIT,QB,0.0,0.0,0.0,0.0,0.0,3.8,-6.9,18.8,0.0,0.0,0.0,0.0,0.0,0.0,0.0,0.0,0.0,,backup,2026-09-23T16:10:42+00:00
2026,3,401872950,00-0026300,Josh Johnson,CIN,PIT,QB,0.0,0.0,0.0,0.0,0.0,7.4,-3.3,22.4,0.0,0.0,0.0,0.0,0.0,0.0,0.0,0.0,0.0,,roster_only,2026-09-23T16:10:42+00:00
2026,3,401872950,00-0038391,Sean Clifford,CIN,PIT,QB,0.0,0.0,0.0,0.0,0.0,0.0,0.0,0.0,0.0,0.0,0.0,0.0,0.0,0.0,0.0,0.0,0.0,,roster_only,2026-09-23T16:10:42+00:00
2026,3,401872950,00-0038597,Chase Brown,CIN,PIT,RB,0.0,0.0,0.0,0.0,0.0,56.3,34.3,87.2,22.2,5.0,51.0,0.0,0.0,0.0,0.0,0.0,0.0,Active,starter,2026-09-23T16:10:42+00:00
2026,3,401872950,00-0041244,Jamal Haynes,CIN,PIT,RB,0.0,0.0,0.0,0.0,0.0,0.0,0.0,0.0,0.0,0.0,0.0,0.0,0.0,0.0,0.0,0.0,0.0,,roster_only,2026-09-23T16:10:42+00:00
2026,3,401872950,00-0039266,Kendall Milton,CIN,PIT,RB,0.0,0.0,0.0,0.0,0.0,0.0,0.0,0.0,0.0,0.0,0.0,0.0,0.0,0.0,0.0,0.0,0.0,,roster_only,2026-09-23T16:10:42+00:00
2026,3,401872950,00-0041241,Kentrel Bullock,CIN,PIT,RB,0.0,0.0,0.0,0.0,0.0,0.0,0.0,0.0,0.0,0.0,0.0,0.0,0.0,0.0,0.0,0.0,0.0,,roster_only,2026-09-23T16:10:42+00:00
2026,3,401872950,00-0033526,Samaje Perine,CIN,PIT,RB,0.0,0.0,0.0,0.0,0.0,16.5,-5.5,47.4,8.7,-8.5,37.5,0.0,0.0,0.0,0.0,0.0,0.0,Active,backup,2026-09-23T16:10:42+00:00
2026,3,401872950,00-0040208,Tahj Brooks,CIN,PIT,RB,0.0,0.0,0.0,0.0,0.0,5.2,-16.8,36.2,2.3,-14.9,31.1,0.0,0.0,0.0,0.0,0.0,0.0,,backup,2026-09-23T16:10:42+00:00
2026,3,401872950,00-0035631,Drew Sample,CIN,PIT,TE,0.0,0.0,0.0,0.0,0.0,0.0,-10.8,15.0,11.0,-6.1,39.8,0.0,0.0,0.0,0.0,0.0,0.0,Active,backup,2026-09-23T16:10:42+00:00
2026,3,401872950,00-0039814,Erick All,CIN,PIT,TE,0.0,0.0,0.0,0.0,0.0,0.0,-10.8,14.9,9.2,-8.0,38.0,0.0,0.0,0.0,0.0,0.0,0.0,Active,backup,2026-09-23T16:10:42+00:00
2026,3,401872950,00-0041116,Jack Endries,CIN,PIT,TE,0.0,0.0,0.0,0.0,0.0,0.0,-14.8,20.6,4.9,-17.8,45.5,0.0,0.0,0.0,0.0,0.0,0.0,Active,backup,2026-09-23T16:10:42+00:00
2026,3,401872950,00-0041246,Josh Kattus,CIN,PIT,TE,0.0,0.0,0.0,0.0,0.0,0.0,0.0,0.0,0.0,0.0,0.0,0.0,0.0,0.0,0.0,0.0,0.0,,roster_only,2026-09-23T16:10:42+00:00
2026,3,401872950,00-0034829,Mike Gesicki,CIN,PIT,TE,0.0,0.0,0.0,0.0,0.0,0.0,-10.8,14.9,22.0,4.9,50.9,0.0,0.0,0.0,0.0,0.0,0.0,Active,starter,2026-09-23T16:10:42+00:00
2026,3,401872950,00-0034613,Tanner Hudson,CIN,PIT,TE,0.0,0.0,0.0,0.0,0.0,0.0,-10.8,15.0,10.2,-7.0,39.0,0.0,0.0,0.0,0.0,0.0,0.0,,roster_only,2026-09-23T16:10:42+00:00
2026,3,401872950,00-0038619,Andrei Iosivas,CIN,PIT,WR,0.0,0.0,0.0,0.0,0.0,0.0,-10.7,15.0,23.7,6.5,52.5,0.0,0.0,0.0,0.0,0.0,0.0,Active,backup,2026-09-23T16:10:42+00:00
2026,3,401872950,00-0041069,Colbie Young,CIN,PIT,WR,0.0,0.0,0.0,0.0,0.0,0.0,-14.8,20.6,7.7,-15.0,48.2,0.0,0.0,0.0,0.0,0.0,0.0,,backup,2026-09-23T16:10:42+00:00
2026,3,401872950,00-0040785,Dohnte Meyers,CIN,PIT,WR,0.0,0.0,0.0,0.0,0.0,0.8,-13.9,21.5,7.7,-14.9,48.3,0.0,0.0,0.0,0.0,0.0,0.0,,backup,2026-09-23T16:10:42+00:00
2026,3,401872950,00-0036900,Ja'Marr Chase,CIN,PIT,WR,0.0,0.0,0.0,0.0,0.0,0.0,-10.7,15.0,73.7,47.0,122.8,0.0,0.0,0.0,0.0,0.0,0.0,Active,starter,2026-09-23T16:10:42+00:00
2026,3,401872950,00-0040375,Jordan Moore,CIN,PIT,WR,0.0,0.0,0.0,0.0,0.0,0.0,0.0,0.0,0.0,0.0,0.0,0.0,0.0,0.0,0.0,0.0,0.0,,roster_only,2026-09-23T16:10:42+00:00
2026,3,401872950,00-0040534,Ke'Shawn Williams,CIN,PIT,WR,0.0,0.0,0.0,0.0,0.0,0.3,-10.4,15.4,2.7,-14.5,31.5,0.0,0.0,0.0,0.0,0.0,0.0,Active,backup,2026-09-23T16:10:42+00:00
2026,3,401872950,00-0037422,Kendric Pryor,CIN,PIT,WR,0.0,0.0,0.0,0.0,0.0,0.0,0.0,0.0,0.0,0.0,0.0,0.0,0.0,0.0,0.0,0.0,0.0,,roster_only,2026-09-23T16:10:42+00:00
2026,3,401872950,00-0041248,Noah Thomas,CIN,PIT,WR,0.0,0.0,0.0,0.0,0.0,0.0,0.0,0.0,0.0,0.0,0.0,0.0,0.0,0.0,0.0,0.0,0.0,,roster_only,2026-09-23T16:10:42+00:00
2026,3,401872950,00-0036410,Tee Higgins,CIN,PIT,WR,0.0,0.0,0.0,0.0,0.0,0.0,-10.8,15.0,46.0,19.4,95.2,0.0,0.0,0.0,0.0,0.0,0.0,Active,backup,2026-09-23T16:10:42+00:00
2026,3,401872950,00-0039473,Xavier Johnson,CIN,PIT,WR,0.0,0.0,0.0,0.0,0.0,0.0,0.0,0.0,0.0,0.0,0.0,0.0,0.0,0.0,0.0,0.0,0.0,,roster_only,2026-09-23T16:10:42+00:00
2026,3,401872950,00-0036617,Asante Samuel Jr.,PIT,CIN,DB,0.0,0.0,0.0,0.0,0.0,0.0,0.0,0.0,0.0,0.0,0.0,0.0,0.0,0.0,3.0,0.4,6.6,Active,backup,2026-09-23T16:10:42+00:00
2026,3,401872950,00-0036504,Brandin Echols,PIT,CIN,DB,0.0,0.0,0.0,0.0,0.0,0.0,0.0,0.0,0.0,0.0,0.0,0.0,0.0,0.0,1.9,0.0,4.5,Active,backup,2026-09-23T16:10:42+00:00
2026,3,401872950,00-0038644,Brandon Hill,PIT,CIN,DB,0.0,0.0,0.0,0.0,0.0,0.0,0.0,0.0,0.0,0.0,0.0,0.0,0.0,0.0,0.0,0.0,0.0,,roster_only,2026-09-23T16:10:42+00:00
2026,3,401872950,00-0040322,Car'lin Vigers,PIT,CIN,DB,0.0,0.0,0.0,0.0,0.0,0.0,0.0,0.0,0.0,0.0,0.0,0.0,0.0,0.0,0.0,0.0,0.0,,roster_only,2026-09-23T16:10:42+00:00
2026,3,401872950,00-0039883,Daequan Hardy,PIT,CIN,DB,0.0,0.0,0.0,0.0,0.0,0.0,0.0,0.0,0.0,0.0,0.0,0.0,0.0,0.0,0.0,0.0,0.0,,backup,2026-09-23T16:10:42+00:00
2026,3,401872950,00-0038388,Darius Rush,PIT,CIN,DB,0.0,0.0,0.0,0.0,0.0,0.0,0.0,0.0,0.0,0.0,0.0,0.0,0.0,0.0,0.0,0.0,0.0,,roster_only,2026-09-23T16:10:42+00:00
2026,3,401872950,00-0040365,Daryl Porter,PIT,CIN,DB,0.0,0.0,0.0,0.0,0.0,0.0,0.0,0.0,0.0,0.0,0.0,0.0,0.0,0.0,0.0,0.0,0.0,,roster_only,2026-09-23T16:10:42+00:00
2026,3,401872950,00-0041393,Daylen Everette,PIT,CIN,DB,0.0,0.0,0.0,0.0,0.0,0.0,0.0,0.0,0.0,0.0,0.0,0.0,0.0,0.0,2.1,0.0,6.1,,backup,2026-09-23T16:10:42+00:00
2026,3,401872950,00-0034277,DeShon Elliott,PIT,CIN,DB,0.0,0.0,0.0,0.0,0.0,0.0,0.0,0.0,0.0,0.0,0.0,0.0,0.0,0.0,0.0,0.0,0.0,,backup,2026-09-23T16:10:42+00:00
2026,3,401872950,00-0041259,Devan Boykin,PIT,CIN,DB,0.0,0.0,0.0,0.0,0.0,0.0,0.0,0.0,0.0,0.0,0.0,0.0,0.0,0.0,0.0,0.0,0.0,,roster_only,2026-09-23T16:10:42+00:00
2026,3,401872950,00-0040341,Doneiko Slaughter,PIT,CIN,DB,0.0,0.0,0.0,0.0,0.0,0.0,0.0,0.0,0.0,0.0,0.0,0.0,0.0,0.0,0.0,0.0,0.0,,roster_only,2026-09-23T16:10:42+00:00
2026,3,401872950,00-0040232,Donte Kent,PIT,CIN,DB,0.0,0.0,0.0,0.0,0.0,0.0,0.0,0.0,0.0,0.0,0.0,0.0,0.0,0.0,0.0,0.0,0.0,,backup,2026-09-23T16:10:42+00:00
2026,3,401872950,00-0040284,Jack Henderson,PIT,CIN,DB,0.0,0.0,0.0,0.0,0.0,0.0,0.0,0.0,0.0,0.0,0.0,0.0,0.0,0.0,0.0,0.0,0.0,,roster_only,2026-09-23T16:10:42+00:00
2026,3,401872950,00-0033055,Jalen Ramsey,PIT,CIN,DB,0.0,0.0,0.0,0.0,0.0,0.0,0.0,0.0,0.0,0.0,0.0,0.0,0.0,0.0,3.8,1.1,7.3,Active,starter,2026-09-23T16:10:42+00:00
2026,3,401872950,00-0035699,Jamel Dean,PIT,CIN,DB,0.0,0.0,0.0,0.0,0.0,0.0,0.0,0.0,0.0,0.0,0.0,0.0,0.0,0.0,3.4,0.8,6.9,,starter,2026-09-23T16:10:42+00:00
2026,3,401872950,00-0038135,Jaquan Brisker,PIT,CIN,DB,0.0,0.0,0.0,0.0,0.0,0.0,0.0,0.0,0.0,0.0,0.0,0.0,0.0,0.0,5.7,3.0,9.2,Active,starter,2026-09-23T16:10:42+00:00
2026,3,401872950,00-0041147,Jaylon Guilbeau,PIT,CIN,DB,0.0,0.0,0.0,0.0,0.0,0.0,0.0,0.0,0.0,0.0,0.0,0.0,0.0,0.0,0.0,0.0,0.0,,roster_only,2026-09-23T16:10:42+00:00
2026,3,401872950,00-0039167,Joey Porter Jr.,PIT,CIN,DB,0.0,0.0,0.0,0.0,0.0,0.0,0.0,0.0,0.0,0.0,0.0,0.0,0.0,0.0,3.4,0.8,6.9,Questionable,starter,2026-09-23T16:10:42+00:00
2026,3,401872950,00-0033941,Rayshawn Jenkins,PIT,CIN,DB,0.0,0.0,0.0,0.0,0.0,0.0,0.0,0.0,0.0,0.0,0.0,0.0,0.0,0.0,3.0,1.0,5.5,,starter,2026-09-23T16:10:42+00:00
2026,3,401872950,00-0041401,Robert Spears-Jennings,PIT,CIN,DB,0.0,0.0,0.0,0.0,0.0,0.0,0.0,0.0,0.0,0.0,0.0,0.0,0.0,0.0,2.1,0.0,6.1,,backup,2026-09-23T16:10:42+00:00
2026,3,401872950,00-0040527,Sebastian Castro,PIT,CIN,DB,0.0,0.0,0.0,0.0,0.0,0.0,0.0,0.0,0.0,0.0,0.0,0.0,0.0,0.0,0.0,0.0,0.0,,roster_only,2026-09-23T16:10:42+00:00
2026,3,401872950,00-0041488,Tamon Lynum,PIT,CIN,DB,0.0,0.0,0.0,0.0,0.0,0.0,0.0,0.0,0.0,0.0,0.0,0.0,0.0,0.0,0.0,0.0,0.0,,roster_only,2026-09-23T16:10:42+00:00
2026,3,401872950,00-0027969,Cameron Heyward,PIT,CIN,DL,0.0,0.0,0.0,0.0,0.0,0.0,0.0,0.0,0.0,0.0,0.0,0.0,0.0,0.0,3.1,1.1,5.6,,starter,2026-09-23T16:10:42+00:00
2026,3,401872950,00-0040678,Derrick Harmon,PIT,CIN,DL,0.0,0.0,0.0,0.0,0.0,0.0,0.0,0.0,0.0,0.0,0.0,0.0,0.0,0.0,2.2,0.3,4.7,,starter,2026-09-23T16:10:42+00:00
2026,3,401872950,00-0037274,Esezi Otomewo,PIT,CIN,DL,0.0,0.0,0.0,0.0,0.0,0.0,0.0,0.0,0.0,0.0,0.0,0.0,0.0,0.0,0.0,0.0,0.0,,roster_only,2026-09-23T16:10:42+00:00
2026,3,401872950,00-0041400,Gabe Rubio,PIT,CIN,DL,0.0,0.0,0.0,0.0,0.0,0.0,0.0,0.0,0.0,0.0,0.0,0.0,0.0,0.0,0.0,0.0,0.0,,roster_only,2026-09-23T16:10:42+00:00
2026,3,401872950,00-0039110,Keeanu Benton,PIT,CIN,DL,0.0,0.0,0.0,0.0,0.0,0.0,0.0,0.0,0.0,0.0,0.0,0.0,0.0,0.0,2.3,0.4,4.8,,starter,2026-09-23T16:10:42+00:00
2026,3,401872950,00-0041261,Kevin Jobity Jr.,PIT,CIN,DL,0.0,0.0,0.0,0.0,0.0,0.0,0.0,0.0,0.0,0.0,0.0,0.0,0.0,0.0,1.2,0.0,4.7,Active,backup,2026-09-23T16:10:42+00:00
2026,3,401872950,00-0039609,Kyler Baugh,PIT,CIN,DL,0.0,0.0,0.0,0.0,0.0,0.0,0.0,0.0,0.0,0.0,0.0,0.0,0.0,0.0,0.0,0.0,0.0,,roster_only,2026-09-23T16:10:42+00:00
2026,3,401872950,00-0039389,Logan Lee,PIT,CIN,DL,0.0,0.0,0.0,0.0,0.0,0.0,0.0,0.0,0.0,0.0,0.0,0.0,0.0,0.0,0.0,0.0,0.0,,backup,2026-09-23T16:10:42+00:00
2026,3,401872950,00-0034810,Sebastian Joseph-Day,PIT,CIN,DL,0.0,0.0,0.0,0.0,0.0,0.0,0.0,0.0,0.0,0.0,0.0,0.0,0.0,0.0,1.7,0.0,4.1,,backup,2026-09-23T16:10:42+00:00
2026,3,401872950,00-0040188,Yahya Black,PIT,CIN,DL,0.0,0.0,0.0,0.0,0.0,0.0,0.0,0.0,0.0,0.0,0.0,0.0,0.0,0.0,1.8,0.0,4.3,,backup,2026-09-23T16:10:42+00:00
2026,3,401872950,00-0031136,Chris Boswell,PIT,CIN,K,0.0,0.0,0.0,0.0,0.0,0.0,0.0,0.0,0.0,0.0,0.0,7.2,2.2,13.1,0.0,0.0,0.0,Active,starter,2026-09-23T16:10:42+00:00
2026,3,401872950,00-0036333,Alex Highsmith,PIT,CIN,LB,0.0,0.0,0.0,0.0,0.0,0.0,0.0,0.0,0.0,0.0,0.0,0.0,0.0,0.0,3.7,0.8,7.7,,starter,2026-09-23T16:10:42+00:00
2026,3,401872950,00-0040176,Bradyn Swinson,PIT,CIN,LB,0.0,0.0,0.0,0.0,0.0,0.0,0.0,0.0,0.0,0.0,0.0,0.0,0.0,0.0,0.0,0.0,0.0,,roster_only,2026-09-23T16:10:42+00:00
2026,3,401872950,00-0040231,Carson Bruener,PIT,CIN,LB,0.0,0.0,0.0,0.0,0.0,0.0,0.0,0.0,0.0,0.0,0.0,0.0,0.0,0.0,0.0,0.0,0.0,,roster_only,2026-09-23T16:10:42+00:00
2026,3,401872950,00-0035286,Cole Holcomb,PIT,CIN,LB,0.0,0.0,0.0,0.0,0.0,0.0,0.0,0.0,0.0,0.0,0.0,0.0,0.0,0.0,1.1,0.0,3.6,,recent_defensive_participant,2026-09-23T16:10:42+00:00
2026,3,401872950,00-0040160,Jack Sawyer,PIT,CIN,LB,0.0,0.0,0.0,0.0,0.0,0.0,0.0,0.0,0.0,0.0,0.0,0.0,0.0,0.0,1.9,0.0,4.4,,backup,2026-09-23T16:10:42+00:00
2026,3,401872950,00-0039457,Jacoby Windmon,PIT,CIN,LB,0.0,0.0,0.0,0.0,0.0,0.0,0.0,0.0,0.0,0.0,0.0,0.0,0.0,0.0,0.0,0.0,0.0,,roster_only,2026-09-23T16:10:42+00:00
2026,3,401872950,00-0039931,Julius Welschof,PIT,CIN,LB,0.0,0.0,0.0,0.0,0.0,0.0,0.0,0.0,0.0,0.0,0.0,0.0,0.0,0.0,0.0,0.0,0.0,,roster_only,2026-09-23T16:10:42+00:00
2026,3,401872950,00-0038577,Nick Herbig,PIT,CIN,LB,0.0,0.0,0.0,0.0,0.0,0.0,0.0,0.0,0.0,0.0,0.0,0.0,0.0,0.0,2.0,0.1,4.5,,backup,2026-09-23T16:10:42+00:00
2026,3,401872950,00-0036323,Patrick Queen,PIT,CIN,LB,0.0,0.0,0.0,0.0,0.0,0.0,0.0,0.0,0.0,0.0,0.0,0.0,0.0,0.0,6.4,3.4,10.4,Active,recent_defensive_participant,2026-09-23T16:10:42+00:00
2026,3,401872950,00-0039741,Payton Wilson,PIT,CIN,LB,0.0,0.0,0.0,0.0,0.0,0.0,0.0,0.0,0.0,0.0,0.0,0.0,0.0,0.0,4.2,2.2,6.6,Active,recent_defensive_participant,2026-09-23T16:10:42+00:00
2026,3,401872950,00-0033886,T.J. Watt,PIT,CIN,LB,0.0,0.0,0.0,0.0,0.0,0.0,0.0,0.0,0.0,0.0,0.0,0.0,0.0,0.0,3.5,0.6,7.5,Active,starter,2026-09-23T16:10:42+00:00
2026,3,401872950,00-0023459,Aaron Rodgers,PIT,CIN,QB,247.5,154.0,353.7,1.626,0.8125,5.0,-5.7,20.1,0.0,0.0,0.0,0.0,0.0,0.0,0.0,0.0,0.0,Active,starter,2026-09-23T16:10:42+00:00
2026,3,401872950,00-0041565,Drew Allar,PIT,CIN,QB,0.0,0.0,0.0,0.0,0.0,8.3,-9.3,33.0,0.0,0.0,0.0,0.0,0.0,0.0,0.0,0.0,0.0,Active,backup,2026-09-23T16:10:42+00:00
2026,3,401872950,00-0034771,Mason Rudolph,PIT,CIN,QB,0.0,0.0,0.0,0.0,0.0,3.6,-7.1,18.6,0.0,0.0,0.0,0.0,0.0,0.0,0.0,0.0,0.0,,backup,2026-09-23T16:10:42+00:00
2026,3,401872950,00-0040203,Will Howard,PIT,CIN,QB,0.0,0.0,0.0,0.0,0.0,8.3,-9.3,33.0,0.0,0.0,0.0,0.0,0.0,0.0,0.0,0.0,0.0,Active,backup,2026-09-23T16:10:42+00:00
2026,3,401872950,00-0041598,Alex Tecza,PIT,CIN,RB,0.0,0.0,0.0,0.0,0.0,0.0,0.0,0.0,0.0,0.0,0.0,0.0,0.0,0.0,0.0,0.0,0.0,,roster_only,2026-09-23T16:10:42+00:00
2026,3,401872950,00-0041490,Eli Heidenreich,PIT,CIN,RB,0.0,0.0,0.0,0.0,0.0,10.1,-20.2,52.6,3.3,-19.3,43.9,0.0,0.0,0.0,0.0,0.0,0.0,,backup,2026-09-23T16:10:42+00:00
2026,3,401872950,00-0037228,Jaylen Warren,PIT,CIN,RB,0.0,0.0,0.0,0.0,0.0,48.7,26.7,79.7,10.4,-6.8,39.2,0.0,0.0,0.0,0.0,0.0,0.0,Active,starter,2026-09-23T16:10:42+00:00
2026,3,401872950,00-0038409,Lew Nichols III,PIT,CIN,RB,0.0,0.0,0.0,0.0,0.0,0.0,0.0,0.0,0.0,0.0,0.0,0.0,0.0,0.0,0.0,0.0,0.0,,roster_only,2026-09-23T16:10:42+00:00
2026,3,401872950,00-0036139,Rico Dowdle,PIT,CIN,RB,0.0,0.0,0.0,0.0,0.0,32.0,10.0,63.0,13.4,-3.7,42.3,0.0,0.0,0.0,0.0,0.0,0.0,Questionable,backup,2026-09-23T16:10:42+00:00
2026,3,401872950,00-0041398,Riley Nowakowski,PIT,CIN,RB,0.0,0.0,0.0,0.0,0.0,10.5,-19.8,53.0,3.5,-19.1,44.1,0.0,0.0,0.0,0.0,0.0,0.0,,starter,2026-09-23T16:10:42+00:00
2026,3,401872950,00-0035594,Travis Homer,PIT,CIN,RB,0.0,0.0,0.0,0.0,0.0,5.9,-4.8,21.0,0.8,-16.4,29.6,0.0,0.0,0.0,0.0,0.0,0.0,Active,roster_only,2026-09-23T16:10:42+00:00
2026,3,401872950,00-0038558,Darnell Washington,PIT,CIN,TE,0.0,0.0,0.0,0.0,0.0,0.0,-10.8,14.9,11.5,-5.7,40.3,0.0,0.0,0.0,0.0,0.0,0.0,Active,backup,2026-09-23T16:10:42+00:00
2026,3,401872950,00-0039420,Jaheim Bell,PIT,CIN,TE,0.0,0.0,0.0,0.0,0.0,0.0,0.0,0.0,0.0,0.0,0.0,0.0,0.0,0.0,0.0,0.0,0.0,,roster_only,2026-09-23T16:10:42+00:00
2026,3,401872950,00-0041263,Lake McRee,PIT,CIN,TE,0.0,0.0,0.0,0.0,0.0,0.0,0.0,0.0,0.0,0.0,0.0,0.0,0.0,0.0,0.0,0.0,0.0,,roster_only,2026-09-23T16:10:42+00:00
2026,3,401872950,00-0040974,Lance Mason,PIT,CIN,TE,0.0,0.0,0.0,0.0,0.0,0.0,0.0,0.0,0.0,0.0,0.0,0.0,0.0,0.0,0.0,0.0,0.0,,roster_only,2026-09-23T16:10:42+00:00
2026,3,401872950,00-0036894,Pat Freiermuth,PIT,CIN,TE,0.0,0.0,0.0,0.0,0.0,0.0,-10.7,15.0,31.6,11.9,65.8,0.0,0.0,0.0,0.0,0.0,0.0,Active,starter,2026-09-23T16:10:42+00:00
2026,3,401872950,00-0033757,Robert Tonyan,PIT,CIN,TE,0.0,0.0,0.0,0.0,0.0,0.0,-10.8,14.9,4.1,-13.1,32.9,0.0,0.0,0.0,0.0,0.0,0.0,,backup,2026-09-23T16:10:42+00:00
2026,3,401872950,00-0036862,Ben Skowronek,PIT,CIN,WR,0.0,0.0,0.0,0.0,0.0,0.0,-10.8,14.9,1.8,-15.4,30.6,0.0,0.0,0.0,0.0,0.0,0.0,,backup,2026-09-23T16:10:42+00:00
2026,3,401872950,00-0037382,Brandon Johnson,PIT,CIN,WR,0.0,0.0,0.0,0.0,0.0,0.0,0.0,0.0,0.0,0.0,0.0,0.0,0.0,0.0,0.0,0.0,0.0,,roster_only,2026-09-23T16:10:42+00:00
2026,3,401872950,00-0036775,Brandon Smith,PIT,CIN,WR,0.0,0.0,0.0,0.0,0.0,0.0,0.0,0.0,0.0,0.0,0.0,0.0,0.0,0.0,0.0,0.0,0.0,,roster_only,2026-09-23T16:10:42+00:00
2026,3,401872950,00-0039626,Cole Burgess,PIT,CIN,WR,0.0,0.0,0.0,0.0,0.0,0.0,0.0,0.0,0.0,0.0,0.0,0.0,0.0,0.0,0.0,0.0,0.0,,backup,2026-09-23T16:10:42+00:00
2026,3,401872950,00-0036647,Cornell Powell,PIT,CIN,WR,0.0,0.0,0.0,0.0,0.0,0.0,0.0,0.0,0.0,0.0,0.0,0.0,0.0,0.0,0.0,0.0,0.0,,roster_only,2026-09-23T16:10:42+00:00
2026,3,401872950,00-0035640,DK Metcalf,PIT,CIN,WR,0.0,0.0,0.0,0.0,0.0,0.0,-10.8,15.0,62.5,35.9,111.7,0.0,0.0,0.0,0.0,0.0,0.0,Active,starter,2026-09-23T16:10:42+00:00
2026,3,401872950,00-0041489,Germie Bernard,PIT,CIN,WR,0.0,0.0,0.0,0.0,0.0,0.0,-14.8,20.6,7.2,-15.5,47.7,0.0,0.0,0.0,0.0,0.0,0.0,Active,backup,2026-09-23T16:10:42+00:00
2026,3,401872950,00-0036165,Isaiah Hodgins,PIT,CIN,WR,0.0,0.0,0.0,0.0,0.0,0.0,0.0,0.0,0.0,0.0,0.0,0.0,0.0,0.0,0.0,0.0,0.0,,roster_only,2026-09-23T16:10:42+00:00
2026,3,401872950,00-0038883,Isaiah Winstead,PIT,CIN,WR,0.0,0.0,0.0,0.0,0.0,0.0,0.0,0.0,0.0,0.0,0.0,0.0,0.0,0.0,0.0,0.0,0.0,,roster_only,2026-09-23T16:10:42+00:00
2026,3,401872950,00-0040388,Jakobie Keeney-James,PIT,CIN,WR,0.0,0.0,0.0,0.0,0.0,0.0,0.0,0.0,0.0,0.0,0.0,0.0,0.0,0.0,0.0,0.0,0.0,,roster_only,2026-09-23T16:10:42+00:00
2026,3,401872950,00-0041397,Kaden Wetjen,PIT,CIN,WR,0.0,0.0,0.0,0.0,0.0,0.0,-14.8,20.6,6.9,-15.8,47.4,0.0,0.0,0.0,0.0,0.0,0.0,,backup,2026-09-23T16:10:42+00:00
2026,3,401872950,00-0040976,Levi Wentz,PIT,CIN,WR,0.0,0.0,0.0,0.0,0.0,0.0,0.0,0.0,0.0,0.0,0.0,0.0,0.0,0.0,0.0,0.0,0.0,,roster_only,2026-09-23T16:10:42+00:00
2026,3,401872950,00-0040618,Max Hurleman,PIT,CIN,WR,0.0,0.0,0.0,0.0,0.0,0.0,0.0,0.0,0.0,0.0,0.0,0.0,0.0,0.0,0.0,0.0,0.0,,roster_only,2026-09-23T16:10:42+00:00
2026,3,401872950,00-0036252,Michael Pittman,PIT,CIN,WR,0.0,0.0,0.0,0.0,0.0,0.0,-10.8,15.0,32.8,6.2,82.0,0.0,0.0,0.0,0.0,0.0,0.0,Questionable,backup,2026-09-23T16:10:42+00:00
2026,3,401872950,00-0039739,Roman Wilson,PIT,CIN,WR,0.0,0.0,0.0,0.0,0.0,0.0,-10.8,15.0,8.7,-8.4,37.5,0.0,0.0,0.0,0.0,0.0,0.0,Active,backup,2026-09-23T16:10:42+00:00
2026,3,401872951,00-0040411,Alijah Huzzie,HOU,IND,DB,0.0,0.0,0.0,0.0,0.0,0.0,0.0,0.0,0.0,0.0,0.0,0.0,0.0,0.0,0.0,0.0,0.0,,roster_only,2026-09-23T16:10:42+00:00
2026,3,401872951,00-0036241,Bryce Hall,HOU,IND,DB,0.0,0.0,0.0,0.0,0.0,0.0,0.0,0.0,0.0,0.0,0.0,0.0,0.0,0.0,0.0,0.0,0.0,,roster_only,2026-09-23T16:10:42+00:00
2026,3,401872951,00-0039838,Calen Bullock,HOU,IND,DB,0.0,0.0,0.0,0.0,0.0,0.0,0.0,0.0,0.0,0.0,0.0,0.0,0.0,0.0,3.9,1.2,7.4,,starter,2026-09-23T16:10:42+00:00
2026,3,401872951,00-0041313,Collin Wright,HOU,IND,DB,0.0,0.0,0.0,0.0,0.0,0.0,0.0,0.0,0.0,0.0,0.0,0.0,0.0,0.0,1.9,0.0,5.9,Active,backup,2026-09-23T16:10:42+00:00
2026,3,401872951,00-0037237,Derek Stingley Jr.,HOU,IND,DB,0.0,0.0,0.0,0.0,0.0,0.0,0.0,0.0,0.0,0.0,0.0,0.0,0.0,0.0,3.4,0.8,7.0,,starter,2026-09-23T16:10:42+00:00
2026,3,401872951,00-0034091,George Odum,HOU,IND,DB,0.0,0.0,0.0,0.0,0.0,0.0,0.0,0.0,0.0,0.0,0.0,0.0,0.0,0.0,0.0,0.0,0.0,,roster_only,2026-09-23T16:10:42+00:00
2026,3,401872951,00-0037661,Ja'Marcus Ingram,HOU,IND,DB,0.0,0.0,0.0,0.0,0.0,0.0,0.0,0.0,0.0,0.0,0.0,0.0,0.0,0.0,0.0,0.0,0.0,,backup,2026-09-23T16:10:42+00:00
2026,3,401872951,00-0037246,Jalen Pitre,HOU,IND,DB,0.0,0.0,0.0,0.0,0.0,0.0,0.0,0.0,0.0,0.0,0.0,0.0,0.0,0.0,5.7,3.0,9.1,,starter,2026-09-23T16:10:42+00:00
2026,3,401872951,00-0040149,Jaylin Smith,HOU,IND,DB,0.0,0.0,0.0,0.0,0.0,0.0,0.0,0.0,0.0,0.0,0.0,0.0,0.0,0.0,2.0,0.0,4.8,,backup,2026-09-23T16:10:42+00:00
2026,3,401872951,00-0039343,Kamari Lassiter,HOU,IND,DB,0.0,0.0,0.0,0.0,0.0,0.0,0.0,0.0,0.0,0.0,0.0,0.0,0.0,0.0,4.8,2.1,8.3,,starter,2026-09-23T16:10:42+00:00
2026,3,401872951,00-0041466,Kamari Ramsey,HOU,IND,DB,0.0,0.0,0.0,0.0,0.0,0.0,0.0,0.0,0.0,0.0,0.0,0.0,0.0,0.0,2.2,0.0,6.1,,backup,2026-09-23T16:10:42+00:00
2026,3,401872951,00-0034355,M.J. Stewart,HOU,IND,DB,0.0,0.0,0.0,0.0,0.0,0.0,0.0,0.0,0.0,0.0,0.0,0.0,0.0,0.0,0.0,0.0,0.0,,backup,2026-09-23T16:10:42+00:00
2026,3,401872951,00-0037130,Reed Blankenship,HOU,IND,DB,0.0,0.0,0.0,0.0,0.0,0.0,0.0,0.0,0.0,0.0,0.0,0.0,0.0,0.0,5.3,2.6,8.7,,starter,2026-09-23T16:10:42+00:00
2026,3,401872951,00-0041304,Stephen Hall,HOU,IND,DB,0.0,0.0,0.0,0.0,0.0,0.0,0.0,0.0,0.0,0.0,0.0,0.0,0.0,0.0,0.0,0.0,0.0,,roster_only,2026-09-23T16:10:42+00:00
2026,3,401872951,00-0034278,Tremon Smith,HOU,IND,DB,0.0,0.0,0.0,0.0,0.0,0.0,0.0,0.0,0.0,0.0,0.0,0.0,0.0,0.0,1.8,0.0,4.3,,backup,2026-09-23T16:10:42+00:00
2026,3,401872951,00-0038724,Ali Gaye,HOU,IND,DL,0.0,0.0,0.0,0.0,0.0,0.0,0.0,0.0,0.0,0.0,0.0,0.0,0.0,0.0,0.0,0.0,0.0,,backup,2026-09-23T16:10:42+00:00
2026,3,401872951,00-0031565,Danielle Hunter,HOU,IND,DL,0.0,0.0,0.0,0.0,0.0,0.0,0.0,0.0,0.0,0.0,0.0,0.0,0.0,0.0,3.0,1.0,5.5,,starter,2026-09-23T16:10:42+00:00
2026,3,401872951,00-0038638,Derek Parish,HOU,IND,DL,0.0,0.0,0.0,0.0,0.0,0.0,0.0,0.0,0.0,0.0,0.0,0.0,0.0,0.0,0.0,0.0,0.0,,roster_only,2026-09-23T16:10:42+00:00
2026,3,401872951,00-0041302,Dominic Bailey,HOU,IND,DL,0.0,0.0,0.0,0.0,0.0,0.0,0.0,0.0,0.0,0.0,0.0,0.0,0.0,0.0,0.0,0.0,0.0,,roster_only,2026-09-23T16:10:42+00:00
2026,3,401872951,00-0037082,Dominique Robinson,HOU,IND,DL,0.0,0.0,0.0,0.0,0.0,0.0,0.0,0.0,0.0,0.0,0.0,0.0,0.0,0.0,1.2,0.0,3.7,Active,backup,2026-09-23T16:10:42+00:00
2026,3,401872951,00-0039009,Dylan Horton,HOU,IND,DL,0.0,0.0,0.0,0.0,0.0,0.0,0.0,0.0,0.0,0.0,0.0,0.0,0.0,0.0,0.0,0.0,0.0,,backup,2026-09-23T16:10:42+00:00
2026,3,401872951,00-0039402,Jaden Crumedy,HOU,IND,DL,0.0,0.0,0.0,0.0,0.0,0.0,0.0,0.0,0.0,0.0,0.0,0.0,0.0,0.0,1.7,0.0,4.2,Active,backup,2026-09-23T16:10:42+00:00
2026,3,401872951,00-0031364,Jadeveon Clowney,HOU,IND,DL,0.0,0.0,0.0,0.0,0.0,0.0,0.0,0.0,0.0,0.0,0.0,0.0,0.0,0.0,1.9,0.0,4.5,Questionable,backup,2026-09-23T16:10:42+00:00
2026,3,401872951,00-0040414,Junior Tafuna,HOU,IND,DL,0.0,0.0,0.0,0.0,0.0,0.0,0.0,0.0,0.0,0.0,0.0,0.0,0.0,0.0,0.0,0.0,0.0,,roster_only,2026-09-23T16:10:42+00:00
2026,3,401872951,00-0041440,Kayden McDonald,HOU,IND,DL,0.0,0.0,0.0,0.0,0.0,0.0,0.0,0.0,0.0,0.0,0.0,0.0,0.0,0.0,0.0,0.0,0.0,Injured Reserve,backup,2026-09-23T16:10:42+00:00
2026,3,401872951,00-0040229,Kyonte Hamilton,HOU,IND,DL,0.0,0.0,0.0,0.0,0.0,0.0,0.0,0.0,0.0,0.0,0.0,0.0,0.0,0.0,0.0,0.0,0.0,,roster_only,2026-09-23T16:10:42+00:00
2026,3,401872951,00-0038127,Logan Hall,HOU,IND,DL,0.0,0.0,0.0,0.0,0.0,0.0,0.0,0.0,0.0,0.0,0.0,0.0,0.0,0.0,2.0,0.1,4.5,,backup,2026-09-23T16:10:42+00:00
2026,3,401872951,00-0032265,Mario Edwards,HOU,IND,DL,0.0,0.0,0.0,0.0,0.0,0.0,0.0,0.0,0.0,0.0,0.0,0.0,0.0,0.0,1.2,0.0,3.7,,backup,2026-09-23T16:10:42+00:00
2026,3,401872951,00-0041305,Sabastian Harsh,HOU,IND,DL,0.0,0.0,0.0,0.0,0.0,0.0,0.0,0.0,0.0,0.0,0.0,0.0,0.0,0.0,1.2,0.0,4.7,,backup,2026-09-23T16:10:42+00:00
2026,3,401872951,00-0032759,Sheldon Rankins,HOU,IND,DL,0.0,0.0,0.0,0.0,0.0,0.0,0.0,0.0,0.0,0.0,0.0,0.0,0.0,0.0,1.9,0.0,4.4,,starter,2026-09-23T16:10:42+00:00
2026,3,401872951,00-0039427,Solomon Byrd,HOU,IND,DL,0.0,0.0,0.0,0.0,0.0,0.0,0.0,0.0,0.0,0.0,0.0,0.0,0.0,0.0,0.0,0.0,0.0,,backup,2026-09-23T16:10:42+00:00
2026,3,401872951,00-0036883,Tommy Togiai,HOU,IND,DL,0.0,0.0,0.0,0.0,0.0,0.0,0.0,0.0,0.0,0.0,0.0,0.0,0.0,0.0,3.4,1.4,5.8,,starter,2026-09-23T16:10:42+00:00
2026,3,401872951,00-0039108,Will Anderson Jr.,HOU,IND,DL,0.0,0.0,0.0,0.0,0.0,0.0,0.0,0.0,0.0,0.0,0.0,0.0,0.0,0.0,2.4,0.5,4.9,Active,starter,2026-09-23T16:10:42+00:00
2026,3,401872951,00-0032726,Ka'imi Fairbairn,HOU,IND,K,0.0,0.0,0.0,0.0,0.0,0.0,0.0,0.0,0.0,0.0,0.0,6.8,2.3,12.0,0.0,0.0,0.0,Active,starter,2026-09-23T16:10:42+00:00
2026,3,401872951,00-0041449,Aiden Fisher,HOU,IND,LB,0.0,0.0,0.0,0.0,0.0,0.0,0.0,0.0,0.0,0.0,0.0,0.0,0.0,0.0,2.2,0.0,5.8,Active,starter,2026-09-23T16:10:42+00:00
2026,3,401872951,00-0035166,Azeez Al-Shaair,HOU,IND,LB,0.0,0.0,0.0,0.0,0.0,0.0,0.0,0.0,0.0,0.0,0.0,0.0,0.0,0.0,6.9,4.1,11.1,Active,starter,2026-09-23T16:10:42+00:00
2026,3,401872951,00-0039902,Chris Braswell,HOU,IND,LB,0.0,0.0,0.0,0.0,0.0,0.0,0.0,0.0,0.0,0.0,0.0,0.0,0.0,0.0,0.0,0.0,0.0,,roster_only,2026-09-23T16:10:42+00:00
2026,3,401872951,00-0034987,E.J. Speed,HOU,IND,LB,0.0,0.0,0.0,0.0,0.0,0.0,0.0,0.0,0.0,0.0,0.0,0.0,0.0,0.0,0.0,0.0,0.0,,backup,2026-09-23T16:10:42+00:00
2026,3,401872951,00-0038599,Henry To'oTo'o,HOU,IND,LB,0.0,0.0,0.0,0.0,0.0,0.0,0.0,0.0,0.0,0.0,0.0,0.0,0.0,0.0,0.0,0.0,0.0,Injured Reserve,backup,2026-09-23T16:10:42+00:00
2026,3,401872951,00-0037633,Jacob Hummel,HOU,IND,LB,0.0,0.0,0.0,0.0,0.0,0.0,0.0,0.0,0.0,0.0,0.0,0.0,0.0,0.0,0.8,0.0,3.3,Questionable,starter,2026-09-23T16:10:42+00:00
2026,3,401872951,00-0037457,Jake Hansen,HOU,IND,LB,0.0,0.0,0.0,0.0,0.0,0.0,0.0,0.0,0.0,0.0,0.0,0.0,0.0,0.0,0.9,0.0,3.4,,backup,2026-09-23T16:10:42+00:00
2026,3,401872951,00-0039395,Jamal Hill,HOU,IND,LB,0.0,0.0,0.0,0.0,0.0,0.0,0.0,0.0,0.0,0.0,0.0,0.0,0.0,0.0,0.9,0.0,3.4,,backup,2026-09-23T16:10:42+00:00
2026,3,401872951,00-0040413,K.C. Ossai,HOU,IND,LB,0.0,0.0,0.0,0.0,0.0,0.0,0.0,0.0,0.0,0.0,0.0,0.0,0.0,0.0,0.0,0.0,0.0,,backup,2026-09-23T16:10:42+00:00
2026,3,401872951,00-0036441,"Kenneth Murray, Jr.",HOU,IND,LB,0.0,0.0,0.0,0.0,0.0,0.0,0.0,0.0,0.0,0.0,0.0,0.0,0.0,0.0,0.0,0.0,0.0,,roster_only,2026-09-23T16:10:42+00:00
2026,3,401872951,00-0039054,Marte Mapu,HOU,IND,LB,0.0,0.0,0.0,0.0,0.0,0.0,0.0,0.0,0.0,0.0,0.0,0.0,0.0,0.0,0.0,0.0,0.0,,roster_only,2026-09-23T16:10:42+00:00
2026,3,401872951,00-0041465,Wade Woodaz,HOU,IND,LB,0.0,0.0,0.0,0.0,0.0,0.0,0.0,0.0,0.0,0.0,0.0,0.0,0.0,0.0,1.7,0.0,5.2,,backup,2026-09-23T16:10:42+00:00
2026,3,401872951,00-0039163,C.J. Stroud,HOU,IND,QB,220.5,127.0,326.7,1.463,0.8041901784301435,14.3,1.5,32.2,0.0,0.0,0.0,0.0,0.0,0.0,0.0,0.0,0.0,Active,starter,2026-09-23T16:10:42+00:00
2026,3,401872951,00-0036898,Davis Mills,HOU,IND,QB,0.0,0.0,0.0,0.0,0.0,6.7,-6.0,24.7,0.0,0.0,0.0,0.0,0.0,0.0,0.0,0.0,0.0,,backup,2026-09-23T16:10:42+00:00
2026,3,401872951,00-0040211,Graham Mertz,HOU,IND,QB,0.0,0.0,0.0,0.0,0.0,0.0,0.0,0.0,0.0,0.0,0.0,0.0,0.0,0.0,0.0,0.0,0.0,,backup,2026-09-23T16:10:42+00:00
2026,3,401872951,00-0041156,Mark Gronowski,HOU,IND,QB,0.0,0.0,0.0,0.0,0.0,0.0,0.0,0.0,0.0,0.0,0.0,0.0,0.0,0.0,0.0,0.0,0.0,,roster_only,2026-09-23T16:10:42+00:00
2026,3,401872951,00-0039603,British Brooks,HOU,IND,RB,0.0,0.0,0.0,0.0,0.0,1.3,-9.4,16.3,1.3,-15.9,30.1,0.0,0.0,0.0,0.0,0.0,0.0,,backup,2026-09-23T16:10:42+00:00
2026,3,401872951,00-0035685,David Montgomery,HOU,IND,RB,0.0,0.0,0.0,0.0,0.0,27.7,5.7,58.7,9.1,-8.0,38.0,0.0,0.0,0.0,0.0,0.0,0.0,Active,starter,2026-09-23T16:10:42+00:00
2026,3,401872951,00-0038622,Deuce Vaughn,HOU,IND,RB,0.0,0.0,0.0,0.0,0.0,0.0,0.0,0.0,0.0,0.0,0.0,0.0,0.0,0.0,0.0,0.0,0.0,,roster_only,2026-09-23T16:10:42+00:00
2026,3,401872951,00-0039405,Jawhar Jordan,HOU,IND,RB,0.0,0.0,0.0,0.0,0.0,0.0,0.0,0.0,0.0,0.0,0.0,0.0,0.0,0.0,0.0,0.0,0.0,,roster_only,2026-09-23T16:10:42+00:00
2026,3,401872951,00-0041312,Noah Whittington,HOU,IND,RB,0.0,0.0,0.0,0.0,0.0,0.0,0.0,0.0,0.0,0.0,0.0,0.0,0.0,0.0,0.0,0.0,0.0,,roster_only,2026-09-23T16:10:42+00:00
2026,3,401872951,00-0038458,Owen Wright,HOU,IND,RB,0.0,0.0,0.0,0.0,0.0,0.0,0.0,0.0,0.0,0.0,0.0,0.0,0.0,0.0,0.0,0.0,0.0,,roster_only,2026-09-23T16:10:42+00:00
2026,3,401872951,00-0040583,Woody Marks,HOU,IND,RB,0.0,0.0,0.0,0.0,0.0,50.5,28.5,81.4,11.1,-6.1,39.9,0.0,0.0,0.0,0.0,0.0,0.0,Active,backup,2026-09-23T16:10:42+00:00
2026,3,401872951,00-0036556,Brevin Jordan,HOU,IND,TE,0.0,0.0,0.0,0.0,0.0,0.0,-10.8,15.0,11.4,-5.7,40.2,0.0,0.0,0.0,0.0,0.0,0.0,Active,backup,2026-09-23T16:10:42+00:00
2026,3,401872951,00-0039359,Cade Stover,HOU,IND,TE,0.0,0.0,0.0,0.0,0.0,0.4,-10.4,15.4,11.7,-5.4,40.5,0.0,0.0,0.0,0.0,0.0,0.0,,backup,2026-09-23T16:10:42+00:00
2026,3,401872951,00-0034383,Dalton Schultz,HOU,IND,TE,0.0,0.0,0.0,0.0,0.0,0.0,-10.8,15.0,35.2,15.5,69.5,0.0,0.0,0.0,0.0,0.0,0.0,Active,starter,2026-09-23T16:10:42+00:00
2026,3,401872951,00-0034981,Foster Moreau,HOU,IND,TE,0.0,0.0,0.0,0.0,0.0,0.0,-10.8,15.0,11.6,-5.5,40.4,0.0,0.0,0.0,0.0,0.0,0.0,Active,backup,2026-09-23T16:10:42+00:00
2026,3,401872951,00-0040792,Layne Pryor,HOU,IND,TE,0.0,0.0,0.0,0.0,0.0,0.0,0.0,0.0,0.0,0.0,0.0,0.0,0.0,0.0,0.0,0.0,0.0,,roster_only,2026-09-23T16:10:42+00:00
2026,3,401872951,00-0041535,Louis Hansen,HOU,IND,TE,0.0,0.0,0.0,0.0,0.0,0.0,0.0,0.0,0.0,0.0,0.0,0.0,0.0,0.0,0.0,0.0,0.0,,roster_only,2026-09-23T16:10:42+00:00
2026,3,401872951,00-0041472,Marlin Klein,HOU,IND,TE,0.0,0.0,0.0,0.0,0.0,0.0,-14.8,20.6,5.0,-17.6,45.6,0.0,0.0,0.0,0.0,0.0,0.0,,backup,2026-09-23T16:10:42+00:00
2026,3,401872951,00-0037340,Zaire Mitchell-Paden,HOU,IND,TE,0.0,0.0,0.0,0.0,0.0,0.0,0.0,0.0,0.0,0.0,0.0,0.0,0.0,0.0,0.0,0.0,0.0,,roster_only,2026-09-23T16:10:42+00:00
2026,3,401872951,00-0039650,Bryce Oliver,HOU,IND,WR,0.0,0.0,0.0,0.0,0.0,0.0,0.0,0.0,0.0,0.0,0.0,0.0,0.0,0.0,0.0,0.0,0.0,,roster_only,2026-09-23T16:10:42+00:00
2026,3,401872951,00-0041309,Daniel Sobkowicz,HOU,IND,WR,0.0,0.0,0.0,0.0,0.0,0.0,0.0,0.0,0.0,0.0,0.0,0.0,0.0,0.0,0.0,0.0,0.0,,roster_only,2026-09-23T16:10:42+00:00
2026,3,401872951,00-0038728,Jared Wayne,HOU,IND,WR,0.0,0.0,0.0,0.0,0.0,0.0,-11.8,16.5,13.9,-4.7,45.9,0.0,0.0,0.0,0.0,0.0,0.0,Active,backup,2026-09-23T16:10:42+00:00
2026,3,401872951,00-0040130,Jayden Higgins,HOU,IND,WR,0.0,0.0,0.0,0.0,0.0,0.0,0.0,0.0,0.0,0.0,0.0,0.0,0.0,0.0,0.0,0.0,0.0,,backup,2026-09-23T16:10:42+00:00
2026,3,401872951,00-0040138,Jaylin Noel,HOU,IND,WR,0.0,0.0,0.0,0.0,0.0,1.3,-9.4,16.4,12.6,-4.5,41.5,0.0,0.0,0.0,0.0,0.0,0.0,Active,backup,2026-09-23T16:10:42+00:00
2026,3,401872951,00-0040049,Josh Kelly,HOU,IND,WR,0.0,0.0,0.0,0.0,0.0,0.0,0.0,0.0,0.0,0.0,0.0,0.0,0.0,0.0,0.0,0.0,0.0,,roster_only,2026-09-23T16:10:42+00:00
2026,3,401872951,00-0038608,Kayshon Boutte,HOU,IND,WR,0.0,0.0,0.0,0.0,0.0,0.0,-10.8,15.0,24.6,7.5,53.4,0.0,0.0,0.0,0.0,0.0,0.0,Active,backup,2026-09-23T16:10:42+00:00
2026,3,401872951,00-0041467,Lewis Bond,HOU,IND,WR,0.0,0.0,0.0,0.0,0.0,0.1,-14.7,20.7,7.0,-15.6,47.6,0.0,0.0,0.0,0.0,0.0,0.0,,roster_only,2026-09-23T16:10:42+00:00
2026,3,401872951,00-0038839,Mitchell Tinsley,HOU,IND,WR,0.0,0.0,0.0,0.0,0.0,0.0,0.0,0.0,0.0,0.0,0.0,0.0,0.0,0.0,0.0,0.0,0.0,,roster_only,2026-09-23T16:10:42+00:00
2026,3,401872951,00-0036554,Nico Collins,HOU,IND,WR,0.0,0.0,0.0,0.0,0.0,1.3,-9.5,16.3,54.5,27.9,103.7,0.0,0.0,0.0,0.0,0.0,0.0,Questionable,starter,2026-09-23T16:10:42+00:00
2026,3,401872951,00-0038977,Tank Dell,HOU,IND,WR,0.0,0.0,0.0,0.0,0.0,0.0,0.0,0.0,0.0,0.0,0.0,0.0,0.0,0.0,0.0,0.0,0.0,,backup,2026-09-23T16:10:42+00:00
2026,3,401872951,00-0041308,Treyvhon Saunders,HOU,IND,WR,0.0,0.0,0.0,0.0,0.0,0.0,0.0,0.0,0.0,0.0,0.0,0.0,0.0,0.0,0.0,0.0,0.0,,roster_only,2026-09-23T16:10:42+00:00
2026,3,401872951,00-0038618,Xavier Hutchinson,HOU,IND,WR,0.0,0.0,0.0,0.0,0.0,0.5,-10.3,15.5,18.3,1.1,47.1,0.0,0.0,0.0,0.0,0.0,0.0,Active,backup,2026-09-23T16:10:42+00:00
2026,3,401872951,00-0026836,Kenneth Harris,IND,HOU,CB,0.0,0.0,0.0,0.0,0.0,0.0,0.0,0.0,0.0,0.0,0.0,0.0,0.0,0.0,1.9,0.0,5.9,,recent_defensive_participant,2026-09-23T16:10:42+00:00
2026,3,401872951,00-0041043,A.J. Haulcy,IND,HOU,DB,0.0,0.0,0.0,0.0,0.0,0.0,0.0,0.0,0.0,0.0,0.0,0.0,0.0,0.0,3.0,0.2,6.9,Active,starter,2026-09-23T16:10:42+00:00
2026,3,401872951,00-0041226,Austin Brown,IND,HOU,DB,0.0,0.0,0.0,0.0,0.0,0.0,0.0,0.0,0.0,0.0,0.0,0.0,0.0,0.0,0.0,0.0,0.0,,roster_only,2026-09-23T16:10:42+00:00
2026,3,401872951,00-0037753,Cam Taylor-Britt,IND,HOU,DB,0.0,0.0,0.0,0.0,0.0,0.0,0.0,0.0,0.0,0.0,0.0,0.0,0.0,0.0,2.3,0.2,5.1,Active,backup,2026-09-23T16:10:42+00:00
2026,3,401872951,00-0038585,Cameron Mitchell,IND,HOU,DB,0.0,0.0,0.0,0.0,0.0,0.0,0.0,0.0,0.0,0.0,0.0,0.0,0.0,0.0,0.0,0.0,0.0,,backup,2026-09-23T16:10:42+00:00
2026,3,401872951,00-0036629,Camryn Bynum,IND,HOU,DB,0.0,0.0,0.0,0.0,0.0,0.0,0.0,0.0,0.0,0.0,0.0,0.0,0.0,0.0,5.1,2.4,8.6,,starter,2026-09-23T16:10:42+00:00
2026,3,401872951,00-0034573,Charvarius Ward,IND,HOU,DB,0.0,0.0,0.0,0.0,0.0,0.0,0.0,0.0,0.0,0.0,0.0,0.0,0.0,0.0,3.9,1.2,7.4,Questionable,starter,2026-09-23T16:10:42+00:00
2026,3,401872951,00-0038392,Daniel Scott,IND,HOU,DB,0.0,0.0,0.0,0.0,0.0,0.0,0.0,0.0,0.0,0.0,0.0,0.0,0.0,0.0,0.0,0.0,0.0,,roster_only,2026-09-23T16:10:42+00:00
2026,3,401872951,00-0040235,Hunter Wohler,IND,HOU,DB,0.0,0.0,0.0,0.0,0.0,0.0,0.0,0.0,0.0,0.0,0.0,0.0,0.0,0.0,1.5,0.0,5.4,,backup,2026-09-23T16:10:42+00:00
2026,3,401872951,00-0040347,Johnathan Edwards,IND,HOU,DB,0.0,0.0,0.0,0.0,0.0,0.0,0.0,0.0,0.0,0.0,0.0,0.0,0.0,0.0,0.0,0.0,0.0,,roster_only,2026-09-23T16:10:42+00:00
2026,3,401872951,00-0034485,Jonathan Owens,IND,HOU,DB,0.0,0.0,0.0,0.0,0.0,0.0,0.0,0.0,0.0,0.0,0.0,0.0,0.0,0.0,1.0,0.0,3.4,,backup,2026-09-23T16:10:42+00:00
2026,3,401872951,00-0040139,Justin Walley,IND,HOU,DB,0.0,0.0,0.0,0.0,0.0,0.0,0.0,0.0,0.0,0.0,0.0,0.0,0.0,0.0,2.9,0.1,6.8,,starter,2026-09-23T16:10:42+00:00
2026,3,401872951,00-0040928,Kapena Gushiken,IND,HOU,DB,0.0,0.0,0.0,0.0,0.0,0.0,0.0,0.0,0.0,0.0,0.0,0.0,0.0,0.0,2.1,0.0,6.1,,backup,2026-09-23T16:10:42+00:00
2026,3,401872951,00-0041320,Kenneth Harris,IND,HOU,DB,0.0,0.0,0.0,0.0,0.0,0.0,0.0,0.0,0.0,0.0,0.0,0.0,0.0,0.0,0.0,0.0,0.0,,roster_only,2026-09-23T16:10:42+00:00
2026,3,401872951,00-0041574,Mekhi Rodgers,IND,HOU,DB,0.0,0.0,0.0,0.0,0.0,0.0,0.0,0.0,0.0,0.0,0.0,0.0,0.0,0.0,0.0,0.0,0.0,,roster_only,2026-09-23T16:10:42+00:00
2026,3,401872951,00-0040106,Reuben Lowery,IND,HOU,DB,0.0,0.0,0.0,0.0,0.0,0.0,0.0,0.0,0.0,0.0,0.0,0.0,0.0,0.0,0.0,0.0,0.0,,roster_only,2026-09-23T16:10:42+00:00
2026,3,401872951,00-0040790,Rob Carter Jr.,IND,HOU,DB,0.0,0.0,0.0,0.0,0.0,0.0,0.0,0.0,0.0,0.0,0.0,0.0,0.0,0.0,0.0,0.0,0.0,,roster_only,2026-09-23T16:10:42+00:00
2026,3,401872951,00-0037190,Sauce Gardner,IND,HOU,DB,0.0,0.0,0.0,0.0,0.0,0.0,0.0,0.0,0.0,0.0,0.0,0.0,0.0,0.0,3.1,0.5,6.7,Active,starter,2026-09-23T16:10:42+00:00
2026,3,401872951,00-0040357,Trey Washington,IND,HOU,DB,0.0,0.0,0.0,0.0,0.0,0.0,0.0,0.0,0.0,0.0,0.0,0.0,0.0,0.0,0.0,0.0,0.0,,roster_only,2026-09-23T16:10:42+00:00
2026,3,401872951,00-0039031,Adetomiwa Adebawore,IND,HOU,DL,0.0,0.0,0.0,0.0,0.0,0.0,0.0,0.0,0.0,0.0,0.0,0.0,0.0,0.0,1.8,0.0,4.3,,backup,2026-09-23T16:10:42+00:00
2026,3,401872951,00-0034825,Arden Key,IND,HOU,DL,0.0,0.0,0.0,0.0,0.0,0.0,0.0,0.0,0.0,0.0,0.0,0.0,0.0,0.0,1.6,0.0,4.1,,starter,2026-09-23T16:10:42+00:00
2026,3,401872951,00-0041111,Caden Curry,IND,HOU,DL,0.0,0.0,0.0,0.0,0.0,0.0,0.0,0.0,0.0,0.0,0.0,0.0,0.0,0.0,1.2,0.0,4.7,,backup,2026-09-23T16:10:42+00:00
2026,3,401872951,00-0041225,Cameron Ball,IND,HOU,DL,0.0,0.0,0.0,0.0,0.0,0.0,0.0,0.0,0.0,0.0,0.0,0.0,0.0,0.0,0.0,0.0,0.0,,roster_only,2026-09-23T16:10:42+00:00
2026,3,401872951,00-0032378,DeForest Buckner,IND,HOU,DL,0.0,0.0,0.0,0.0,0.0,0.0,0.0,0.0,0.0,0.0,0.0,0.0,0.0,0.0,3.4,1.4,5.8,,starter,2026-09-23T16:10:42+00:00
2026,3,401872951,00-0039207,Durell Nchami,IND,HOU,DL,0.0,0.0,0.0,0.0,0.0,0.0,0.0,0.0,0.0,0.0,0.0,0.0,0.0,0.0,0.0,0.0,0.0,,roster_only,2026-09-23T16:10:42+00:00
2026,3,401872951,00-0041080,George Gumbs Jr.,IND,HOU,DL,0.0,0.0,0.0,0.0,0.0,0.0,0.0,0.0,0.0,0.0,0.0,0.0,0.0,0.0,1.2,0.0,4.7,Active,backup,2026-09-23T16:10:42+00:00
2026,3,401872951,00-0033952,Grover Stewart,IND,HOU,DL,0.0,0.0,0.0,0.0,0.0,0.0,0.0,0.0,0.0,0.0,0.0,0.0,0.0,0.0,2.7,0.8,5.2,,starter,2026-09-23T16:10:42+00:00
2026,3,401872951,00-0040744,Jaylahn Tuimoloau,IND,HOU,DL,0.0,0.0,0.0,0.0,0.0,0.0,0.0,0.0,0.0,0.0,0.0,0.0,0.0,0.0,0.8,0.0,3.3,,backup,2026-09-23T16:10:42+00:00
2026,3,401872951,00-0035674,Jerry Tillery,IND,HOU,DL,0.0,0.0,0.0,0.0,0.0,0.0,0.0,0.0,0.0,0.0,0.0,0.0,0.0,0.0,1.4,0.0,3.9,,backup,2026-09-23T16:10:42+00:00
2026,3,401872951,00-0039340,Laiatu Latu,IND,HOU,DL,0.0,0.0,0.0,0.0,0.0,0.0,0.0,0.0,0.0,0.0,0.0,0.0,0.0,0.0,2.4,0.4,4.9,,starter,2026-09-23T16:10:42+00:00
2026,3,401872951,00-0038107,Micheal Clemons,IND,HOU,DL,0.0,0.0,0.0,0.0,0.0,0.0,0.0,0.0,0.0,0.0,0.0,0.0,0.0,0.0,0.0,0.0,0.0,Injured Reserve,backup,2026-09-23T16:10:42+00:00
2026,3,401872951,00-0041230,Mitchell Melton,IND,HOU,DL,0.0,0.0,0.0,0.0,0.0,0.0,0.0,0.0,0.0,0.0,0.0,0.0,0.0,0.0,0.0,0.0,0.0,,roster_only,2026-09-23T16:10:42+00:00
2026,3,401872951,00-0040207,Tim Smith,IND,HOU,DL,0.0,0.0,0.0,0.0,0.0,0.0,0.0,0.0,0.0,0.0,0.0,0.0,0.0,0.0,1.1,0.0,4.6,,backup,2026-09-23T16:10:42+00:00
2026,3,401872951,00-0039576,Spencer Shrader,IND,HOU,K,0.0,0.0,0.0,0.0,0.0,0.0,0.0,0.0,0.0,0.0,0.0,7.2,2.1,13.0,0.0,0.0,0.0,Active,starter,2026-09-23T16:10:42+00:00
2026,3,401872951,00-0036298,Akeem Davis-Gaither,IND,HOU,LB,0.0,0.0,0.0,0.0,0.0,0.0,0.0,0.0,0.0,0.0,0.0,0.0,0.0,0.0,6.0,3.0,10.0,Active,starter,2026-09-23T16:10:42+00:00
2026,3,401872951,00-0039178,Austin Ajiake,IND,HOU,LB,0.0,0.0,0.0,0.0,0.0,0.0,0.0,0.0,0.0,0.0,0.0,0.0,0.0,0.0,1.1,0.0,3.6,Active,backup,2026-09-23T16:10:42+00:00
2026,3,401872951,00-0041518,Bryce Boettcher,IND,HOU,LB,0.0,0.0,0.0,0.0,0.0,0.0,0.0,0.0,0.0,0.0,0.0,0.0,0.0,0.0,2.0,0.0,5.6,,starter,2026-09-23T16:10:42+00:00
2026,3,401872951,00-0041039,CJ Allen,IND,HOU,LB,0.0,0.0,0.0,0.0,0.0,0.0,0.0,0.0,0.0,0.0,0.0,0.0,0.0,0.0,1.6,0.0,5.1,,backup,2026-09-23T16:10:42+00:00
2026,3,401872951,00-0040787,Devin Veresuk,IND,HOU,LB,0.0,0.0,0.0,0.0,0.0,0.0,0.0,0.0,0.0,0.0,0.0,0.0,0.0,0.0,0.0,0.0,0.0,,roster_only,2026-09-23T16:10:42+00:00
2026,3,401872951,00-0039377,Jaylon Carlies,IND,HOU,LB,0.0,0.0,0.0,0.0,0.0,0.0,0.0,0.0,0.0,0.0,0.0,0.0,0.0,0.0,1.0,0.0,3.5,,starter,2026-09-23T16:10:42+00:00
2026,3,401872951,00-0041227,Tahj Chambers,IND,HOU,LB,0.0,0.0,0.0,0.0,0.0,0.0,0.0,0.0,0.0,0.0,0.0,0.0,0.0,0.0,1.6,0.0,5.1,,backup,2026-09-23T16:10:42+00:00
2026,3,401872951,00-0041236,West Weeks,IND,HOU,LB,0.0,0.0,0.0,0.0,0.0,0.0,0.0,0.0,0.0,0.0,0.0,0.0,0.0,0.0,0.0,0.0,0.0,,roster_only,2026-09-23T16:10:42+00:00
2026,3,401872951,00-0039164,Anthony Richardson,IND,HOU,QB,0.0,0.0,0.0,0.0,0.0,14.3,1.6,32.3,0.0,0.0,0.0,0.0,0.0,0.0,0.0,0.0,0.0,Active,backup,2026-09-23T16:10:42+00:00
2026,3,401872951,00-0035710,Daniel Jones,IND,HOU,QB,198.6,105.1,304.8,1.145,0.6547619047619048,12.4,1.7,27.5,0.0,0.0,0.0,0.0,0.0,0.0,0.0,0.0,0.0,Active,starter,2026-09-23T16:10:42+00:00
2026,3,401872951,00-0040206,Riley Leonard,IND,HOU,QB,0.0,0.0,0.0,0.0,0.0,1.4,-9.3,16.4,0.0,0.0,0.0,0.0,0.0,0.0,0.0,0.0,0.0,Active,backup,2026-09-23T16:10:42+00:00
2026,3,401872951,00-0041486,Anderson Castle,IND,HOU,RB,0.0,0.0,0.0,0.0,0.0,0.0,0.0,0.0,0.0,0.0,0.0,0.0,0.0,0.0,0.0,0.0,0.0,,roster_only,2026-09-23T16:10:42+00:00
2026,3,401872951,00-0040179,DJ Giddens,IND,HOU,RB,0.0,0.0,0.0,0.0,0.0,11.1,0.4,26.1,0.4,-16.7,29.2,0.0,0.0,0.0,0.0,0.0,0.0,Questionable,backup,2026-09-23T16:10:42+00:00
2026,3,401872951,00-0041277,Davon Booth,IND,HOU,RB,0.0,0.0,0.0,0.0,0.0,0.0,0.0,0.0,0.0,0.0,0.0,0.0,0.0,0.0,0.0,0.0,0.0,,roster_only,2026-09-23T16:10:42+00:00
2026,3,401872951,00-0036223,Jonathan Taylor,IND,HOU,RB,0.0,0.0,0.0,0.0,0.0,79.6,57.6,110.5,21.1,3.9,49.9,0.0,0.0,0.0,0.0,0.0,0.0,Active,starter,2026-09-23T16:10:42+00:00
2026,3,401872951,00-0041125,Seth McGowan,IND,HOU,RB,0.0,0.0,0.0,0.0,0.0,11.8,-18.4,54.3,3.0,-19.6,43.6,0.0,0.0,0.0,0.0,0.0,0.0,Active,backup,2026-09-23T16:10:42+00:00
2026,3,401872951,00-0040476,Ulysses Bentley IV,IND,HOU,RB,0.0,0.0,0.0,0.0,0.0,0.0,0.0,0.0,0.0,0.0,0.0,0.0,0.0,0.0,0.0,0.0,0.0,,roster_only,2026-09-23T16:10:42+00:00
2026,3,401872951,00-0037292,Andrew Ogletree,IND,HOU,TE,0.0,0.0,0.0,0.0,0.0,0.0,-10.8,14.9,4.3,-12.8,33.1,0.0,0.0,0.0,0.0,0.0,0.0,Active,backup,2026-09-23T16:10:42+00:00
2026,3,401872951,00-0040853,Carson Towt,IND,HOU,TE,0.0,0.0,0.0,0.0,0.0,0.0,0.0,0.0,0.0,0.0,0.0,0.0,0.0,0.0,0.0,0.0,0.0,,backup,2026-09-23T16:10:42+00:00
2026,3,401872951,00-0040528,JJ Galbreath,IND,HOU,TE,0.0,0.0,0.0,0.0,0.0,0.0,0.0,0.0,0.0,0.0,0.0,0.0,0.0,0.0,0.0,0.0,0.0,,roster_only,2026-09-23T16:10:42+00:00
2026,3,401872951,00-0041252,Kenny Fletcher Jr.,IND,HOU,TE,0.0,0.0,0.0,0.0,0.0,0.0,0.0,0.0,0.0,0.0,0.0,0.0,0.0,0.0,0.0,0.0,0.0,,roster_only,2026-09-23T16:10:42+00:00
2026,3,401872951,00-0033217,Mo Alie-Cox,IND,HOU,TE,0.0,0.0,0.0,0.0,0.0,0.0,-10.8,14.9,10.9,-6.3,39.7,0.0,0.0,0.0,0.0,0.0,0.0,,backup,2026-09-23T16:10:42+00:00
2026,3,401872951,00-0033439,Pharaoh Brown,IND,HOU,TE,0.0,0.0,0.0,0.0,0.0,0.0,0.0,0.0,0.0,0.0,0.0,0.0,0.0,0.0,0.0,0.0,0.0,,roster_only,2026-09-23T16:10:42+00:00
2026,3,401872951,00-0036032,Sean McKeon,IND,HOU,TE,0.0,0.0,0.0,0.0,0.0,0.0,-10.8,15.0,2.3,-14.9,31.1,0.0,0.0,0.0,0.0,0.0,0.0,,roster_only,2026-09-23T16:10:42+00:00
2026,3,401872951,00-0041570,Tyler Moore,IND,HOU,TE,0.0,0.0,0.0,0.0,0.0,0.0,0.0,0.0,0.0,0.0,0.0,0.0,0.0,0.0,0.0,0.0,0.0,,roster_only,2026-09-23T16:10:42+00:00
2026,3,401872951,00-0040128,Tyler Warren,IND,HOU,TE,0.0,0.0,0.0,0.0,0.0,0.4,-10.3,15.5,39.3,19.6,73.5,0.0,0.0,0.0,0.0,0.0,0.0,Active,starter,2026-09-23T16:10:42+00:00
2026,3,401872951,00-0038394,Will Mallory,IND,HOU,TE,0.0,0.0,0.0,0.0,0.0,0.0,0.0,0.0,0.0,0.0,0.0,0.0,0.0,0.0,0.0,0.0,0.0,,backup,2026-09-23T16:10:42+00:00
2026,3,401872951,00-0037664,Alec Pierce,IND,HOU,WR,0.0,0.0,0.0,0.0,0.0,0.0,0.0,0.0,0.0,0.0,0.0,0.0,0.0,0.0,0.0,0.0,0.0,Out,backup,2026-09-23T16:10:42+00:00
2026,3,401872951,00-0039816,Anthony Gould,IND,HOU,WR,0.0,0.0,0.0,0.0,0.0,0.0,-10.8,15.0,1.4,-15.7,30.2,0.0,0.0,0.0,0.0,0.0,0.0,,roster_only,2026-09-23T16:10:42+00:00
2026,3,401872951,00-0035021,Ashton Dulin,IND,HOU,WR,0.0,0.0,0.0,0.0,0.0,0.4,-10.3,15.4,4.0,-13.2,32.8,0.0,0.0,0.0,0.0,0.0,0.0,Questionable,backup,2026-09-23T16:10:42+00:00
2026,3,401872951,00-0039679,Ben Nikkel,IND,HOU,WR,0.0,0.0,0.0,0.0,0.0,0.0,0.0,0.0,0.0,0.0,0.0,0.0,0.0,0.0,0.0,0.0,0.0,,roster_only,2026-09-23T16:10:42+00:00
2026,3,401872951,00-0040352,Coleman Owen,IND,HOU,WR,0.0,0.0,0.0,0.0,0.0,0.1,-11.7,16.6,1.4,-17.2,33.4,0.0,0.0,0.0,0.0,0.0,0.0,,roster_only,2026-09-23T16:10:42+00:00
2026,3,401872951,00-0035045,D.J. Montgomery,IND,HOU,WR,0.0,0.0,0.0,0.0,0.0,0.0,0.0,0.0,0.0,0.0,0.0,0.0,0.0,0.0,0.0,0.0,0.0,,backup,2026-09-23T16:10:42+00:00
2026,3,401872951,00-0035535,Darius Slayton,IND,HOU,WR,0.0,0.0,0.0,0.0,0.0,0.0,-10.8,15.0,32.6,6.0,81.8,0.0,0.0,0.0,0.0,0.0,0.0,Active,backup,2026-09-23T16:10:42+00:00
2026,3,401872951,00-0041132,Deion Burks,IND,HOU,WR,0.0,0.0,0.0,0.0,0.0,1.7,-13.0,22.4,5.9,-16.7,46.5,0.0,0.0,0.0,0.0,0.0,0.0,,backup,2026-09-23T16:10:42+00:00
2026,3,401872951,00-0040337,Eli Pancol,IND,HOU,WR,0.0,0.0,0.0,0.0,0.0,0.0,0.0,0.0,0.0,0.0,0.0,0.0,0.0,0.0,0.0,0.0,0.0,,roster_only,2026-09-23T16:10:42+00:00
2026,3,401872951,00-0038997,Josh Downs,IND,HOU,WR,0.0,0.0,0.0,0.0,0.0,0.0,-10.7,15.0,42.9,16.3,92.1,0.0,0.0,0.0,0.0,0.0,0.0,Active,starter,2026-09-23T16:10:42+00:00
2026,3,401872951,00-0030279,Keenan Allen,IND,HOU,WR,0.0,0.0,0.0,0.0,0.0,0.0,-10.8,15.0,24.7,-2.0,73.9,0.0,0.0,0.0,0.0,0.0,0.0,Active,backup,2026-09-23T16:10:42+00:00
2026,3,401872951,00-0032951,Laquon Treadwell,IND,HOU,WR,0.0,0.0,0.0,0.0,0.0,0.0,-10.8,15.0,3.1,-14.1,31.9,0.0,0.0,0.0,0.0,0.0,0.0,Active,backup,2026-09-23T16:10:42+00:00
2026,3,401872951,00-0036182,Nick Westbrook-Ikhine,IND,HOU,WR,0.0,0.0,0.0,0.0,0.0,0.0,0.0,0.0,0.0,0.0,0.0,0.0,0.0,0.0,0.0,0.0,0.0,,roster_only,2026-09-23T16:10:42+00:00
2026,3,401872951,00-0041233,Raylen Sharpe,IND,HOU,WR,0.0,0.0,0.0,0.0,0.0,0.0,0.0,0.0,0.0,0.0,0.0,0.0,0.0,0.0,0.0,0.0,0.0,,roster_only,2026-09-23T16:10:42+00:00
2026,3,401872951,00-0041228,Sahmir Hagans,IND,HOU,WR,0.0,0.0,0.0,0.0,0.0,0.0,0.0,0.0,0.0,0.0,0.0,0.0,0.0,0.0,0.0,0.0,0.0,,roster_only,2026-09-23T16:10:42+00:00
2026,3,401872952,00-0036380,Alohi Gilman,KC,MIA,DB,0.0,0.0,0.0,0.0,0.0,0.0,0.0,0.0,0.0,0.0,0.0,0.0,0.0,0.0,4.8,2.1,8.2,Active,starter,2026-09-23T16:10:42+00:00
2026,3,401872952,00-0038982,Chamarri Conner,KC,MIA,DB,0.0,0.0,0.0,0.0,0.0,0.0,0.0,0.0,0.0,0.0,0.0,0.0,0.0,0.0,5.8,3.1,9.3,,starter,2026-09-23T16:10:42+00:00
2026,3,401872952,00-0039324,Christian Roland-Wallace,KC,MIA,DB,0.0,0.0,0.0,0.0,0.0,0.0,0.0,0.0,0.0,0.0,0.0,0.0,0.0,0.0,3.0,0.8,5.7,,backup,2026-09-23T16:10:42+00:00
2026,3,401872952,00-0040961,D'Arco Perkins-McAllister,KC,MIA,DB,0.0,0.0,0.0,0.0,0.0,0.0,0.0,0.0,0.0,0.0,0.0,0.0,0.0,0.0,0.0,0.0,0.0,,roster_only,2026-09-23T16:10:42+00:00
2026,3,401872952,00-0040963,DeShon Singleton,KC,MIA,DB,0.0,0.0,0.0,0.0,0.0,0.0,0.0,0.0,0.0,0.0,0.0,0.0,0.0,0.0,0.0,0.0,0.0,,roster_only,2026-09-23T16:10:42+00:00
2026,3,401872952,00-0039825,Jaden Hicks,KC,MIA,DB,0.0,0.0,0.0,0.0,0.0,0.0,0.0,0.0,0.0,0.0,0.0,0.0,0.0,0.0,2.4,0.3,5.2,Active,backup,2026-09-23T16:10:42+00:00
2026,3,401872952,00-0041497,Jadon Canady,KC,MIA,DB,0.0,0.0,0.0,0.0,0.0,0.0,0.0,0.0,0.0,0.0,0.0,0.0,0.0,0.0,2.2,0.0,6.1,,backup,2026-09-23T16:10:42+00:00
2026,3,401872952,00-0037353,Kader Kohou,KC,MIA,DB,0.0,0.0,0.0,0.0,0.0,0.0,0.0,0.0,0.0,0.0,0.0,0.0,0.0,0.0,0.0,0.0,0.0,,roster_only,2026-09-23T16:10:42+00:00
2026,3,401872952,00-0036416,Kristian Fulton,KC,MIA,DB,0.0,0.0,0.0,0.0,0.0,0.0,0.0,0.0,0.0,0.0,0.0,0.0,0.0,0.0,3.2,1.0,5.9,,backup,2026-09-23T16:10:42+00:00
2026,3,401872952,00-0036374,L'Jarius Sneed,KC,MIA,DB,0.0,0.0,0.0,0.0,0.0,0.0,0.0,0.0,0.0,0.0,0.0,0.0,0.0,0.0,4.6,1.9,8.0,Active,starter,2026-09-23T16:10:42+00:00
2026,3,401872952,00-0041543,Mansoor Delane,KC,MIA,DB,0.0,0.0,0.0,0.0,0.0,0.0,0.0,0.0,0.0,0.0,0.0,0.0,0.0,0.0,3.0,0.2,6.9,Active,starter,2026-09-23T16:10:42+00:00
2026,3,401872952,00-0040093,Melvin Smith Jr.,KC,MIA,DB,0.0,0.0,0.0,0.0,0.0,0.0,0.0,0.0,0.0,0.0,0.0,0.0,0.0,0.0,0.0,0.0,0.0,,roster_only,2026-09-23T16:10:42+00:00
2026,3,401872952,00-0040670,Nohl Williams,KC,MIA,DB,0.0,0.0,0.0,0.0,0.0,0.0,0.0,0.0,0.0,0.0,0.0,0.0,0.0,0.0,4.3,1.6,7.8,,starter,2026-09-23T16:10:42+00:00
2026,3,401872952,00-0038717,Tanner McCalister,KC,MIA,DB,0.0,0.0,0.0,0.0,0.0,0.0,0.0,0.0,0.0,0.0,0.0,0.0,0.0,0.0,0.0,0.0,0.0,,roster_only,2026-09-23T16:10:42+00:00
2026,3,401872952,00-0040957,Xavier Nwankpa,KC,MIA,DB,0.0,0.0,0.0,0.0,0.0,0.0,0.0,0.0,0.0,0.0,0.0,0.0,0.0,0.0,2.2,0.0,6.1,,backup,2026-09-23T16:10:42+00:00
2026,3,401872952,00-0040966,Zelmar Vedder,KC,MIA,DB,0.0,0.0,0.0,0.0,0.0,0.0,0.0,0.0,0.0,0.0,0.0,0.0,0.0,0.0,0.0,0.0,0.0,,roster_only,2026-09-23T16:10:42+00:00
2026,3,401872952,00-0040956,Amari McNeill,KC,MIA,DL,0.0,0.0,0.0,0.0,0.0,0.0,0.0,0.0,0.0,0.0,0.0,0.0,0.0,0.0,0.0,0.0,0.0,,roster_only,2026-09-23T16:10:42+00:00
2026,3,401872952,00-0040640,Ashton Gillotte,KC,MIA,DL,0.0,0.0,0.0,0.0,0.0,0.0,0.0,0.0,0.0,0.0,0.0,0.0,0.0,0.0,2.1,0.2,4.6,Active,backup,2026-09-23T16:10:42+00:00
2026,3,401872952,00-0041358,Bryson Eason,KC,MIA,DL,0.0,0.0,0.0,0.0,0.0,0.0,0.0,0.0,0.0,0.0,0.0,0.0,0.0,0.0,1.2,0.0,4.7,,backup,2026-09-23T16:10:42+00:00
2026,3,401872952,00-0032762,Chris Jones,KC,MIA,DL,0.0,0.0,0.0,0.0,0.0,0.0,0.0,0.0,0.0,0.0,0.0,0.0,0.0,0.0,1.7,0.0,4.1,Active,starter,2026-09-23T16:10:42+00:00
2026,3,401872952,00-0040952,Cole Brevard,KC,MIA,DL,0.0,0.0,0.0,0.0,0.0,0.0,0.0,0.0,0.0,0.0,0.0,0.0,0.0,0.0,0.0,0.0,0.0,,roster_only,2026-09-23T16:10:42+00:00
2026,3,401872952,00-0040960,Damon Payne,KC,MIA,DL,0.0,0.0,0.0,0.0,0.0,0.0,0.0,0.0,0.0,0.0,0.0,0.0,0.0,0.0,0.0,0.0,0.0,,roster_only,2026-09-23T16:10:42+00:00
2026,3,401872952,00-0033073,Emmanuel Ogbah,KC,MIA,DL,0.0,0.0,0.0,0.0,0.0,0.0,0.0,0.0,0.0,0.0,0.0,0.0,0.0,0.0,0.0,0.0,0.0,,roster_only,2026-09-23T16:10:42+00:00
2026,3,401872952,00-0040969,Ethan Hurkett,KC,MIA,DL,0.0,0.0,0.0,0.0,0.0,0.0,0.0,0.0,0.0,0.0,0.0,0.0,0.0,0.0,0.0,0.0,0.0,,roster_only,2026-09-23T16:10:42+00:00
2026,3,401872952,00-0039006,Felix Anudike-Uzomah,KC,MIA,DL,0.0,0.0,0.0,0.0,0.0,0.0,0.0,0.0,0.0,0.0,0.0,0.0,0.0,0.0,1.7,0.0,4.1,,starter,2026-09-23T16:10:42+00:00
2026,3,401872952,00-0037192,George Karlaftis,KC,MIA,DL,0.0,0.0,0.0,0.0,0.0,0.0,0.0,0.0,0.0,0.0,0.0,0.0,0.0,0.0,2.2,0.2,5.0,,starter,2026-09-23T16:10:42+00:00
2026,3,401872952,00-0036909,Khyiris Tonga,KC,MIA,DL,0.0,0.0,0.0,0.0,0.0,0.0,0.0,0.0,0.0,0.0,0.0,0.0,0.0,0.0,1.6,0.0,4.1,,starter,2026-09-23T16:10:42+00:00
2026,3,401872952,00-0039433,Marcus Harris,KC,MIA,DL,0.0,0.0,0.0,0.0,0.0,0.0,0.0,0.0,0.0,0.0,0.0,0.0,0.0,0.0,1.0,0.0,4.5,,recent_defensive_participant,2026-09-23T16:10:42+00:00
2026,3,401872952,00-0041379,Niles King,KC,MIA,DL,0.0,0.0,0.0,0.0,0.0,0.0,0.0,0.0,0.0,0.0,0.0,0.0,0.0,0.0,0.0,0.0,0.0,,roster_only,2026-09-23T16:10:42+00:00
2026,3,401872952,00-0040748,Omarr Norman-Lott,KC,MIA,DL,0.0,0.0,0.0,0.0,0.0,0.0,0.0,0.0,0.0,0.0,0.0,0.0,0.0,0.0,0.0,0.0,0.0,,backup,2026-09-23T16:10:42+00:00
2026,3,401872952,00-0041545,Peter Woods,KC,MIA,DL,0.0,0.0,0.0,0.0,0.0,0.0,0.0,0.0,0.0,0.0,0.0,0.0,0.0,0.0,1.2,0.0,4.7,,backup,2026-09-23T16:10:42+00:00
2026,3,401872952,00-0041501,R Mason Thomas,KC,MIA,DL,0.0,0.0,0.0,0.0,0.0,0.0,0.0,0.0,0.0,0.0,0.0,0.0,0.0,0.0,1.2,0.0,4.7,Active,backup,2026-09-23T16:10:42+00:00
2026,3,401872952,00-0037080,Tyreke Smith,KC,MIA,DL,0.0,0.0,0.0,0.0,0.0,0.0,0.0,0.0,0.0,0.0,0.0,0.0,0.0,0.0,0.0,0.0,0.0,,roster_only,2026-09-23T16:10:42+00:00
2026,3,401872952,00-0033303,Harrison Butker,KC,MIA,K,0.0,0.0,0.0,0.0,0.0,0.0,0.0,0.0,0.0,0.0,0.0,6.7,2.0,12.2,0.0,0.0,0.0,Active,starter,2026-09-23T16:10:42+00:00
2026,3,401872952,00-0038513,Cam Jones,KC,MIA,LB,0.0,0.0,0.0,0.0,0.0,0.0,0.0,0.0,0.0,0.0,0.0,0.0,0.0,0.0,0.0,0.0,0.0,,roster_only,2026-09-23T16:10:42+00:00
2026,3,401872952,00-0035900,Cole Christiansen,KC,MIA,LB,0.0,0.0,0.0,0.0,0.0,0.0,0.0,0.0,0.0,0.0,0.0,0.0,0.0,0.0,0.0,0.0,0.0,,roster_only,2026-09-23T16:10:42+00:00
2026,3,401872952,00-0040118,Cooper McDonald,KC,MIA,LB,0.0,0.0,0.0,0.0,0.0,0.0,0.0,0.0,0.0,0.0,0.0,0.0,0.0,0.0,0.0,0.0,0.0,Injured Reserve,backup,2026-09-23T16:10:42+00:00
2026,3,401872952,00-0035262,Drue Tranquill,KC,MIA,LB,0.0,0.0,0.0,0.0,0.0,0.0,0.0,0.0,0.0,0.0,0.0,0.0,0.0,0.0,6.7,3.7,10.7,Active,starter,2026-09-23T16:10:42+00:00
2026,3,401872952,00-0040328,Ethan Downs,KC,MIA,LB,0.0,0.0,0.0,0.0,0.0,0.0,0.0,0.0,0.0,0.0,0.0,0.0,0.0,0.0,0.0,0.0,0.0,,backup,2026-09-23T16:10:42+00:00
2026,3,401872952,00-0037208,Jack Cochrane,KC,MIA,LB,0.0,0.0,0.0,0.0,0.0,0.0,0.0,0.0,0.0,0.0,0.0,0.0,0.0,0.0,1.0,0.0,3.4,,backup,2026-09-23T16:10:42+00:00
2026,3,401872952,00-0041256,Jack Pyburn,KC,MIA,LB,0.0,0.0,0.0,0.0,0.0,0.0,0.0,0.0,0.0,0.0,0.0,0.0,0.0,0.0,1.4,0.0,4.9,,backup,2026-09-23T16:10:42+00:00
2026,3,401872952,00-0040072,Jeffrey Bassa,KC,MIA,LB,0.0,0.0,0.0,0.0,0.0,0.0,0.0,0.0,0.0,0.0,0.0,0.0,0.0,0.0,1.4,0.0,3.8,,starter,2026-09-23T16:10:42+00:00
2026,3,401872952,00-0040313,Kam Arnold,KC,MIA,LB,0.0,0.0,0.0,0.0,0.0,0.0,0.0,0.0,0.0,0.0,0.0,0.0,0.0,0.0,0.0,0.0,0.0,,roster_only,2026-09-23T16:10:42+00:00
2026,3,401872952,00-0041329,Michael Heldman,KC,MIA,LB,0.0,0.0,0.0,0.0,0.0,0.0,0.0,0.0,0.0,0.0,0.0,0.0,0.0,0.0,0.0,0.0,0.0,,roster_only,2026-09-23T16:10:42+00:00
2026,3,401872952,00-0036621,Nick Bolton,KC,MIA,LB,0.0,0.0,0.0,0.0,0.0,0.0,0.0,0.0,0.0,0.0,0.0,0.0,0.0,0.0,7.4,5.1,12.1,Active,starter,2026-09-23T16:10:42+00:00
2026,3,401872952,00-0040951,Wesley Bissainthe,KC,MIA,LB,0.0,0.0,0.0,0.0,0.0,0.0,0.0,0.0,0.0,0.0,0.0,0.0,0.0,0.0,0.0,0.0,0.0,,roster_only,2026-09-23T16:10:42+00:00
2026,3,401872952,00-0037324,Chris Oladokun,KC,MIA,QB,0.0,0.0,0.0,0.0,0.0,6.3,-5.5,22.8,0.0,0.0,0.0,0.0,0.0,0.0,0.0,0.0,0.0,,roster_only,2026-09-23T16:10:42+00:00
2026,3,401872952,00-0040906,Garrett Nussmeier,KC,MIA,QB,0.0,0.0,0.0,0.0,0.0,8.4,-9.2,33.0,0.0,0.0,0.0,0.0,0.0,0.0,0.0,0.0,0.0,,backup,2026-09-23T16:10:42+00:00
2026,3,401872952,00-0036945,Justin Fields,KC,MIA,QB,0.0,0.0,0.0,0.0,0.0,33.1,20.3,51.1,0.0,0.0,0.0,0.0,0.0,0.0,0.0,0.0,0.0,,backup,2026-09-23T16:10:42+00:00
2026,3,401872952,00-0033873,Patrick Mahomes,KC,MIA,QB,216.2,122.7,322.4,1.873,0.8463741284720815,17.1,4.3,35.0,0.0,0.0,0.0,0.0,0.0,0.0,0.0,0.0,0.0,Active,starter,2026-09-23T16:10:42+00:00
2026,3,401872952,00-0038489,Ben VanSumeren,KC,MIA,RB,0.0,0.0,0.0,0.0,0.0,1.8,-8.9,16.9,0.8,-16.4,29.6,0.0,0.0,0.0,0.0,0.0,0.0,,starter,2026-09-23T16:10:42+00:00
2026,3,401872952,00-0040078,Brashard Smith,KC,MIA,RB,0.0,0.0,0.0,0.0,0.0,2.8,-7.9,17.8,4.0,-13.2,32.8,0.0,0.0,0.0,0.0,0.0,0.0,Active,backup,2026-09-23T16:10:42+00:00
2026,3,401872952,00-0040964,EJ Smith,KC,MIA,RB,0.0,0.0,0.0,0.0,0.0,13.7,-16.5,56.2,3.4,-19.3,43.9,0.0,0.0,0.0,0.0,0.0,0.0,,roster_only,2026-09-23T16:10:42+00:00
2026,3,401872952,00-0041013,Emmett Johnson,KC,MIA,RB,0.0,0.0,0.0,0.0,0.0,13.1,-17.2,55.6,4.2,-18.5,44.7,0.0,0.0,0.0,0.0,0.0,0.0,Active,backup,2026-09-23T16:10:42+00:00
2026,3,401872952,00-0040959,Jaydn Ott,KC,MIA,RB,0.0,0.0,0.0,0.0,0.0,0.0,0.0,0.0,0.0,0.0,0.0,0.0,0.0,0.0,0.0,0.0,0.0,,roster_only,2026-09-23T16:10:42+00:00
2026,3,401872952,00-0038134,Kenneth Walker III,KC,MIA,RB,0.0,0.0,0.0,0.0,0.0,47.7,25.7,78.7,14.7,-2.4,43.6,0.0,0.0,0.0,0.0,0.0,0.0,Active,starter,2026-09-23T16:10:42+00:00
2026,3,401872952,00-0040547,Nate Carter,KC,MIA,RB,0.0,0.0,0.0,0.0,0.0,0.0,0.0,0.0,0.0,0.0,0.0,0.0,0.0,0.0,0.0,0.0,0.0,,roster_only,2026-09-23T16:10:42+00:00
2026,3,401872952,00-0040081,Jake Briningstool,KC,MIA,TE,0.0,0.0,0.0,0.0,0.0,0.0,-14.8,20.6,4.7,-17.9,45.3,0.0,0.0,0.0,0.0,0.0,0.0,Active,backup,2026-09-23T16:10:42+00:00
2026,3,401872952,00-0039824,Jared Wiley,KC,MIA,TE,0.0,0.0,0.0,0.0,0.0,0.0,-11.9,16.4,3.7,-14.9,35.6,0.0,0.0,0.0,0.0,0.0,0.0,,backup,2026-09-23T16:10:42+00:00
2026,3,401872952,00-0040955,John Michael Gyllenborg,KC,MIA,TE,0.0,0.0,0.0,0.0,0.0,0.0,0.0,0.0,0.0,0.0,0.0,0.0,0.0,0.0,0.0,0.0,0.0,,backup,2026-09-23T16:10:42+00:00
2026,3,401872952,00-0039702,Mason Pline,KC,MIA,TE,0.0,0.0,0.0,0.0,0.0,0.0,0.0,0.0,0.0,0.0,0.0,0.0,0.0,0.0,0.0,0.0,0.0,,roster_only,2026-09-23T16:10:42+00:00
2026,3,401872952,00-0036637,Noah Gray,KC,MIA,TE,0.0,0.0,0.0,0.0,0.0,0.0,-10.8,14.9,10.0,-7.1,38.9,0.0,0.0,0.0,0.0,0.0,0.0,Active,backup,2026-09-23T16:10:42+00:00
2026,3,401872952,00-0038145,Thomas Odukoya,KC,MIA,TE,0.0,0.0,0.0,0.0,0.0,0.0,-14.8,20.6,2.1,-20.6,42.7,0.0,0.0,0.0,0.0,0.0,0.0,,roster_only,2026-09-23T16:10:42+00:00
2026,3,401872952,00-0030506,Travis Kelce,KC,MIA,TE,0.0,0.0,0.0,0.0,0.0,0.0,-10.8,14.9,44.9,25.3,79.2,0.0,0.0,0.0,0.0,0.0,0.0,Active,starter,2026-09-23T16:10:42+00:00
2026,3,401872952,00-0040298,Andrew Armstrong,KC,MIA,WR,0.0,0.0,0.0,0.0,0.0,0.0,0.0,0.0,0.0,0.0,0.0,0.0,0.0,0.0,0.0,0.0,0.0,,roster_only,2026-09-23T16:10:42+00:00
2026,3,401872952,00-0040890,Cyrus Allen,KC,MIA,WR,0.0,0.0,0.0,0.0,0.0,0.0,-14.8,20.6,6.2,-16.4,46.8,0.0,0.0,0.0,0.0,0.0,0.0,Active,backup,2026-09-23T16:10:42+00:00
2026,3,401872952,00-0040967,Jacob De Jesus,KC,MIA,WR,0.0,0.0,0.0,0.0,0.0,0.0,0.0,0.0,0.0,0.0,0.0,0.0,0.0,0.0,0.0,0.0,0.0,,roster_only,2026-09-23T16:10:42+00:00
2026,3,401872952,00-0040646,Jalen Royals,KC,MIA,WR,0.0,0.0,0.0,0.0,0.0,0.0,-11.9,16.5,3.4,-15.3,35.3,0.0,0.0,0.0,0.0,0.0,0.0,Active,backup,2026-09-23T16:10:42+00:00
2026,3,401872952,00-0038492,Jason Brownlee,KC,MIA,WR,0.0,0.0,0.0,0.0,0.0,0.0,0.0,0.0,0.0,0.0,0.0,0.0,0.0,0.0,0.0,0.0,0.0,,roster_only,2026-09-23T16:10:42+00:00
2026,3,401872952,00-0040953,Jeff Caldwell,KC,MIA,WR,0.0,0.0,0.0,0.0,0.0,0.0,0.0,0.0,0.0,0.0,0.0,0.0,0.0,0.0,0.0,0.0,0.0,,backup,2026-09-23T16:10:42+00:00
2026,3,401872952,00-0041575,Jeff Weimer,KC,MIA,WR,0.0,0.0,0.0,0.0,0.0,0.0,0.0,0.0,0.0,0.0,0.0,0.0,0.0,0.0,0.0,0.0,0.0,,roster_only,2026-09-23T16:10:42+00:00
2026,3,401872952,00-0040120,Jimmy Holiday,KC,MIA,WR,0.0,0.0,0.0,0.0,0.0,0.0,0.0,0.0,0.0,0.0,0.0,0.0,0.0,0.0,0.0,0.0,0.0,,backup,2026-09-23T16:10:42+00:00
2026,3,401872952,00-0038519,Nikko Remigio,KC,MIA,WR,0.0,0.0,0.0,0.0,0.0,0.0,-10.7,15.0,2.5,-14.6,31.4,0.0,0.0,0.0,0.0,0.0,0.0,Active,backup,2026-09-23T16:10:42+00:00
2026,3,401872952,00-0040954,Omari Evans,KC,MIA,WR,0.0,0.0,0.0,0.0,0.0,0.0,0.0,0.0,0.0,0.0,0.0,0.0,0.0,0.0,0.0,0.0,0.0,,roster_only,2026-09-23T16:10:42+00:00
2026,3,401872952,00-0039067,Rashee Rice,KC,MIA,WR,0.0,0.0,0.0,0.0,0.0,0.0,-10.7,15.1,64.9,38.3,114.1,0.0,0.0,0.0,0.0,0.0,0.0,Active,starter,2026-09-23T16:10:42+00:00
2026,3,401872952,00-0038104,Tyquan Thornton,KC,MIA,WR,0.0,0.0,0.0,0.0,0.0,0.0,-10.7,15.0,18.2,1.0,47.0,0.0,0.0,0.0,0.0,0.0,0.0,Active,backup,2026-09-23T16:10:42+00:00
2026,3,401872952,00-0041020,Xavier Loyd,KC,MIA,WR,0.0,0.0,0.0,0.0,0.0,0.0,0.0,0.0,0.0,0.0,0.0,0.0,0.0,0.0,0.0,0.0,0.0,,roster_only,2026-09-23T16:10:42+00:00
2026,3,401872952,00-0039894,Xavier Worthy,KC,MIA,WR,0.0,0.0,0.0,0.0,0.0,2.3,-8.4,17.3,32.2,15.0,61.0,0.0,0.0,0.0,0.0,0.0,0.0,Active,backup,2026-09-23T16:10:42+00:00
2026,3,401872952,00-0036114,A.J. Green,MIA,KC,DB,0.0,0.0,0.0,0.0,0.0,0.0,0.0,0.0,0.0,0.0,0.0,0.0,0.0,0.0,0.0,0.0,0.0,,roster_only,2026-09-23T16:10:42+00:00
2026,3,401872952,00-0038646,Alex Austin,MIA,KC,DB,0.0,0.0,0.0,0.0,0.0,0.0,0.0,0.0,0.0,0.0,0.0,0.0,0.0,0.0,0.0,0.0,0.0,,roster_only,2026-09-23T16:10:42+00:00
2026,3,401872952,00-0041533,Chris Johnson,MIA,KC,DB,0.0,0.0,0.0,0.0,0.0,0.0,0.0,0.0,0.0,0.0,0.0,0.0,0.0,0.0,3.0,0.1,6.9,,starter,2026-09-23T16:10:42+00:00
2026,3,401872952,00-0040182,Dante Trader Jr.,MIA,KC,DB,0.0,0.0,0.0,0.0,0.0,0.0,0.0,0.0,0.0,0.0,0.0,0.0,0.0,0.0,2.7,0.5,5.4,,backup,2026-09-23T16:10:42+00:00
2026,3,401872952,00-0037549,Darrell Baker Jr.,MIA,KC,DB,0.0,0.0,0.0,0.0,0.0,0.0,0.0,0.0,0.0,0.0,0.0,0.0,0.0,0.0,0.0,0.0,0.0,,backup,2026-09-23T16:10:42+00:00
2026,3,401872952,00-0038684,Ethan Bonner,MIA,KC,DB,0.0,0.0,0.0,0.0,0.0,0.0,0.0,0.0,0.0,0.0,0.0,0.0,0.0,0.0,0.0,0.0,0.0,,roster_only,2026-09-23T16:10:42+00:00
2026,3,401872952,00-0041514,Jai'Onte' McMillan,MIA,KC,DB,0.0,0.0,0.0,0.0,0.0,0.0,0.0,0.0,0.0,0.0,0.0,0.0,0.0,0.0,0.0,0.0,0.0,,roster_only,2026-09-23T16:10:42+00:00
2026,3,401872952,00-0040178,Jason Marshall Jr.,MIA,KC,DB,0.0,0.0,0.0,0.0,0.0,0.0,0.0,0.0,0.0,0.0,0.0,0.0,0.0,0.0,4.0,1.3,7.4,,starter,2026-09-23T16:10:42+00:00
2026,3,401872952,00-0039383,Jaylin Simpson,MIA,KC,DB,0.0,0.0,0.0,0.0,0.0,0.0,0.0,0.0,0.0,0.0,0.0,0.0,0.0,0.0,0.8,0.0,4.7,,backup,2026-09-23T16:10:42+00:00
2026,3,401872952,00-0039156,Julius Brents,MIA,KC,DB,0.0,0.0,0.0,0.0,0.0,0.0,0.0,0.0,0.0,0.0,0.0,0.0,0.0,0.0,4.0,1.8,6.7,,starter,2026-09-23T16:10:42+00:00
2026,3,401872952,00-0039532,Julius Wood,MIA,KC,DB,0.0,0.0,0.0,0.0,0.0,0.0,0.0,0.0,0.0,0.0,0.0,0.0,0.0,0.0,1.1,0.0,3.9,,backup,2026-09-23T16:10:42+00:00
2026,3,401872952,00-0041160,Louis Moore,MIA,KC,DB,0.0,0.0,0.0,0.0,0.0,0.0,0.0,0.0,0.0,0.0,0.0,0.0,0.0,0.0,0.0,0.0,0.0,,roster_only,2026-09-23T16:10:42+00:00
2026,3,401872952,00-0040268,Major Burns,MIA,KC,DB,0.0,0.0,0.0,0.0,0.0,0.0,0.0,0.0,0.0,0.0,0.0,0.0,0.0,0.0,0.0,0.0,0.0,,roster_only,2026-09-23T16:10:42+00:00
2026,3,401872952,00-0039390,Marcellas Dial Jr.,MIA,KC,DB,0.0,0.0,0.0,0.0,0.0,0.0,0.0,0.0,0.0,0.0,0.0,0.0,0.0,0.0,3.1,0.9,5.8,Active,backup,2026-09-23T16:10:42+00:00
2026,3,401872952,00-0041528,Michael Taaffe,MIA,KC,DB,0.0,0.0,0.0,0.0,0.0,0.0,0.0,0.0,0.0,0.0,0.0,0.0,0.0,0.0,3.0,0.1,6.9,,starter,2026-09-23T16:10:42+00:00
2026,3,401872952,00-0039312,Miles Battle,MIA,KC,DB,0.0,0.0,0.0,0.0,0.0,0.0,0.0,0.0,0.0,0.0,0.0,0.0,0.0,0.0,0.0,0.0,0.0,,roster_only,2026-09-23T16:10:42+00:00
2026,3,401872952,00-0038521,Reese Taylor,MIA,KC,DB,0.0,0.0,0.0,0.0,0.0,0.0,0.0,0.0,0.0,0.0,0.0,0.0,0.0,0.0,0.6,0.0,3.3,,backup,2026-09-23T16:10:42+00:00
2026,3,401872952,00-0039481,Storm Duck,MIA,KC,DB,0.0,0.0,0.0,0.0,0.0,0.0,0.0,0.0,0.0,0.0,0.0,0.0,0.0,0.0,0.0,0.0,0.0,,backup,2026-09-23T16:10:42+00:00
2026,3,401872952,00-0036677,Zayne Anderson,MIA,KC,DB,0.0,0.0,0.0,0.0,0.0,0.0,0.0,0.0,0.0,0.0,0.0,0.0,0.0,0.0,0.9,0.0,3.4,,starter,2026-09-23T16:10:42+00:00
2026,3,401872952,00-0040304,Alex Huntley,MIA,KC,DL,0.0,0.0,0.0,0.0,0.0,0.0,0.0,0.0,0.0,0.0,0.0,0.0,0.0,0.0,0.0,0.0,0.0,,roster_only,2026-09-23T16:10:42+00:00
2026,3,401872952,00-0041596,Cam Rice,MIA,KC,DL,0.0,0.0,0.0,0.0,0.0,0.0,0.0,0.0,0.0,0.0,0.0,0.0,0.0,0.0,0.0,0.0,0.0,,roster_only,2026-09-23T16:10:42+00:00
2026,3,401872952,00-0035692,Clelin Ferrell,MIA,KC,DL,0.0,0.0,0.0,0.0,0.0,0.0,0.0,0.0,0.0,0.0,0.0,0.0,0.0,0.0,1.9,0.0,4.4,,recent_defensive_participant,2026-09-23T16:10:42+00:00
2026,3,401872952,00-0040403,Fatorma Mulbah,MIA,KC,DL,0.0,0.0,0.0,0.0,0.0,0.0,0.0,0.0,0.0,0.0,0.0,0.0,0.0,0.0,0.0,0.0,0.0,,roster_only,2026-09-23T16:10:42+00:00
2026,3,401872952,00-0039570,Jordan Miller,MIA,KC,DL,0.0,0.0,0.0,0.0,0.0,0.0,0.0,0.0,0.0,0.0,0.0,0.0,0.0,0.0,0.0,0.0,0.0,,roster_only,2026-09-23T16:10:42+00:00
2026,3,401872952,00-0040175,Jordan Phillips,MIA,KC,DL,0.0,0.0,0.0,0.0,0.0,0.0,0.0,0.0,0.0,0.0,0.0,0.0,0.0,0.0,1.5,0.0,4.0,,recent_defensive_participant,2026-09-23T16:10:42+00:00
2026,3,401872952,00-0040655,Keith Cooper Jr.,MIA,KC,DL,0.0,0.0,0.0,0.0,0.0,0.0,0.0,0.0,0.0,0.0,0.0,0.0,0.0,0.0,0.7,0.0,4.2,,backup,2026-09-23T16:10:42+00:00
2026,3,401872952,00-0040127,Kenneth Grant,MIA,KC,DL,0.0,0.0,0.0,0.0,0.0,0.0,0.0,0.0,0.0,0.0,0.0,0.0,0.0,0.0,0.0,0.0,0.0,,backup,2026-09-23T16:10:42+00:00
2026,3,401872952,00-0036682,Malik Herring,MIA,KC,DL,0.0,0.0,0.0,0.0,0.0,0.0,0.0,0.0,0.0,0.0,0.0,0.0,0.0,0.0,0.9,0.0,3.4,,backup,2026-09-23T16:10:42+00:00
2026,3,401872952,00-0041531,Max Llewellyn,MIA,KC,DL,0.0,0.0,0.0,0.0,0.0,0.0,0.0,0.0,0.0,0.0,0.0,0.0,0.0,0.0,1.2,0.0,4.7,,recent_defensive_participant,2026-09-23T16:10:42+00:00
2026,3,401872952,00-0038545,Mazi Smith,MIA,KC,DL,0.0,0.0,0.0,0.0,0.0,0.0,0.0,0.0,0.0,0.0,0.0,0.0,0.0,0.0,0.0,0.0,0.0,,roster_only,2026-09-23T16:10:42+00:00
2026,3,401872952,00-0041136,Rene Konga,MIA,KC,DL,0.0,0.0,0.0,0.0,0.0,0.0,0.0,0.0,0.0,0.0,0.0,0.0,0.0,0.0,0.0,0.0,0.0,,backup,2026-09-23T16:10:42+00:00
2026,3,401872952,00-0038603,Rob Beal Jr.,MIA,KC,DL,0.0,0.0,0.0,0.0,0.0,0.0,0.0,0.0,0.0,0.0,0.0,0.0,0.0,0.0,1.4,0.0,3.9,Questionable,backup,2026-09-23T16:10:42+00:00
2026,3,401872952,00-0041159,Rodney McGraw,MIA,KC,DL,0.0,0.0,0.0,0.0,0.0,0.0,0.0,0.0,0.0,0.0,0.0,0.0,0.0,0.0,0.0,0.0,0.0,,roster_only,2026-09-23T16:10:42+00:00
2026,3,401872952,00-0040054,Seth Coleman-Lyles,MIA,KC,DL,0.0,0.0,0.0,0.0,0.0,0.0,0.0,0.0,0.0,0.0,0.0,0.0,0.0,0.0,0.0,0.0,0.0,,roster_only,2026-09-23T16:10:42+00:00
2026,3,401872952,00-0034285,Zach Sieler,MIA,KC,DL,0.0,0.0,0.0,0.0,0.0,0.0,0.0,0.0,0.0,0.0,0.0,0.0,0.0,0.0,2.6,0.5,5.4,,starter,2026-09-23T16:10:42+00:00
2026,3,401872952,00-0040248,Zeek Biggers,MIA,KC,DL,0.0,0.0,0.0,0.0,0.0,0.0,0.0,0.0,0.0,0.0,0.0,0.0,0.0,0.0,1.9,0.0,4.4,,backup,2026-09-23T16:10:42+00:00
2026,3,401872952,00-0036816,Riley Patterson,MIA,KC,K,0.0,0.0,0.0,0.0,0.0,0.0,0.0,0.0,0.0,0.0,0.0,7.2,2.5,12.7,0.0,0.0,0.0,Active,starter,2026-09-23T16:10:42+00:00
2026,3,401872952,00-0039539,Amari Gainer,MIA,KC,LB,0.0,0.0,0.0,0.0,0.0,0.0,0.0,0.0,0.0,0.0,0.0,0.0,0.0,0.0,0.0,0.0,0.0,,roster_only,2026-09-23T16:10:42+00:00
2026,3,401872952,00-0038635,Andre Jones Jr.,MIA,KC,LB,0.0,0.0,0.0,0.0,0.0,0.0,0.0,0.0,0.0,0.0,0.0,0.0,0.0,0.0,1.7,0.0,4.1,,backup,2026-09-23T16:10:42+00:00
2026,3,401872952,00-0040573,Cam Riley,MIA,KC,LB,0.0,0.0,0.0,0.0,0.0,0.0,0.0,0.0,0.0,0.0,0.0,0.0,0.0,0.0,0.0,0.0,0.0,,roster_only,2026-09-23T16:10:42+00:00
2026,3,401872952,00-0039911,Chop Robinson,MIA,KC,LB,0.0,0.0,0.0,0.0,0.0,0.0,0.0,0.0,0.0,0.0,0.0,0.0,0.0,0.0,1.6,0.0,4.1,Questionable,starter,2026-09-23T16:10:42+00:00
2026,3,401872952,00-0040066,Jackson Woodard,MIA,KC,LB,0.0,0.0,0.0,0.0,0.0,0.0,0.0,0.0,0.0,0.0,0.0,0.0,0.0,0.0,0.8,0.0,4.3,,backup,2026-09-23T16:10:42+00:00
2026,3,401872952,00-0041522,Jacob Rodriguez,MIA,KC,LB,0.0,0.0,0.0,0.0,0.0,0.0,0.0,0.0,0.0,0.0,0.0,0.0,0.0,0.0,2.4,0.0,5.9,Active,starter,2026-09-23T16:10:42+00:00
2026,3,401872952,00-0040808,Jaheim Thomas,MIA,KC,LB,0.0,0.0,0.0,0.0,0.0,0.0,0.0,0.0,0.0,0.0,0.0,0.0,0.0,0.0,0.0,0.0,0.0,,roster_only,2026-09-23T16:10:42+00:00
2026,3,401872952,00-0036409,Jordyn Brooks,MIA,KC,LB,0.0,0.0,0.0,0.0,0.0,0.0,0.0,0.0,0.0,0.0,0.0,0.0,0.0,0.0,7.3,5.0,12.0,Active,starter,2026-09-23T16:10:42+00:00
2026,3,401872952,00-0036159,Joshua Uche,MIA,KC,LB,0.0,0.0,0.0,0.0,0.0,0.0,0.0,0.0,0.0,0.0,0.0,0.0,0.0,0.0,1.3,0.0,3.8,,starter,2026-09-23T16:10:42+00:00
2026,3,401872952,00-0041527,Kyle Louis,MIA,KC,LB,0.0,0.0,0.0,0.0,0.0,0.0,0.0,0.0,0.0,0.0,0.0,0.0,0.0,0.0,0.0,0.0,0.0,Injured Reserve,backup,2026-09-23T16:10:42+00:00
2026,3,401872952,00-0038429,Liam Anderson,MIA,KC,LB,0.0,0.0,0.0,0.0,0.0,0.0,0.0,0.0,0.0,0.0,0.0,0.0,0.0,0.0,0.0,0.0,0.0,,recent_defensive_participant,2026-09-23T16:10:42+00:00
2026,3,401872952,00-0034779,Ronnie Harrison,MIA,KC,LB,0.0,0.0,0.0,0.0,0.0,0.0,0.0,0.0,0.0,0.0,0.0,0.0,0.0,0.0,0.0,0.0,0.0,Injured Reserve,backup,2026-09-23T16:10:42+00:00
2026,3,401872952,00-0041473,Stephen Dix Jr,MIA,KC,LB,0.0,0.0,0.0,0.0,0.0,0.0,0.0,0.0,0.0,0.0,0.0,0.0,0.0,0.0,0.0,0.0,0.0,,roster_only,2026-09-23T16:10:42+00:00
2026,3,401872952,00-0041526,Trey Moore,MIA,KC,LB,0.0,0.0,0.0,0.0,0.0,0.0,0.0,0.0,0.0,0.0,0.0,0.0,0.0,0.0,0.0,0.0,0.0,,backup,2026-09-23T16:10:42+00:00
2026,3,401872952,00-0036362,Willie Gay Jr.,MIA,KC,LB,0.0,0.0,0.0,0.0,0.0,0.0,0.0,0.0,0.0,0.0,0.0,0.0,0.0,0.0,3.0,1.1,5.5,,starter,2026-09-23T16:10:42+00:00
2026,3,401872952,00-0031557,Jordan Phillips,MIA,KC,LDT,0.0,0.0,0.0,0.0,0.0,0.0,0.0,0.0,0.0,0.0,0.0,0.0,0.0,0.0,0.0,0.0,0.0,,starter,2026-09-23T16:10:42+00:00
2026,3,401872952,00-0040398,Brady Cook,MIA,KC,QB,0.0,0.0,0.0,0.0,0.0,7.7,-5.0,25.7,0.0,0.0,0.0,0.0,0.0,0.0,0.0,0.0,0.0,Active,backup,2026-09-23T16:10:42+00:00
2026,3,401872952,00-0040222,Cam Miller,MIA,KC,QB,0.0,0.0,0.0,0.0,0.0,0.0,0.0,0.0,0.0,0.0,0.0,0.0,0.0,0.0,0.0,0.0,0.0,,roster_only,2026-09-23T16:10:42+00:00
2026,3,401872952,00-0040014,Kyle McCord,MIA,KC,QB,0.0,0.0,0.0,0.0,0.0,8.7,-8.9,33.3,0.0,0.0,0.0,0.0,0.0,0.0,0.0,0.0,0.0,,backup,2026-09-23T16:10:42+00:00
2026,3,401872952,00-0038128,Malik Willis,MIA,KC,QB,171.3,77.8,277.5,0.916,0.6242202635192764,19.9,7.1,37.8,0.0,0.0,0.0,0.0,0.0,0.0,0.0,0.0,0.0,Active,starter,2026-09-23T16:10:42+00:00
2026,3,401872952,00-0038930,Carlos Washington,MIA,KC,RB,0.0,0.0,0.0,0.0,0.0,0.0,0.0,0.0,0.0,0.0,0.0,0.0,0.0,0.0,0.0,0.0,0.0,,roster_only,2026-09-23T16:10:42+00:00
2026,3,401872952,00-0041165,Coleman Bennett,MIA,KC,RB,0.0,0.0,0.0,0.0,0.0,0.0,0.0,0.0,0.0,0.0,0.0,0.0,0.0,0.0,0.0,0.0,0.0,,roster_only,2026-09-23T16:10:42+00:00
2026,3,401872952,00-0041436,DJ Herman,MIA,KC,RB,0.0,0.0,0.0,0.0,0.0,10.9,-19.4,53.4,4.5,-18.1,45.1,0.0,0.0,0.0,0.0,0.0,0.0,,starter,2026-09-23T16:10:42+00:00
2026,3,401872952,00-0039040,De'Von Achane,MIA,KC,RB,0.0,0.0,0.0,0.0,0.0,59.5,37.5,90.5,26.5,9.3,55.3,0.0,0.0,0.0,0.0,0.0,0.0,Active,starter,2026-09-23T16:10:42+00:00
2026,3,401872952,00-0040400,Donovan Edwards,MIA,KC,RB,0.0,0.0,0.0,0.0,0.0,0.0,0.0,0.0,0.0,0.0,0.0,0.0,0.0,0.0,0.0,0.0,0.0,,roster_only,2026-09-23T16:10:42+00:00
2026,3,401872952,00-0040692,Jarquez Hunter,MIA,KC,RB,0.0,0.0,0.0,0.0,0.0,0.0,0.0,0.0,0.0,0.0,0.0,0.0,0.0,0.0,0.0,0.0,0.0,,roster_only,2026-09-23T16:10:42+00:00
2026,3,401872952,00-0039874,Jaylen Wright,MIA,KC,RB,0.0,0.0,0.0,0.0,0.0,16.3,-5.7,47.3,2.7,-14.5,31.5,0.0,0.0,0.0,0.0,0.0,0.0,Questionable,backup,2026-09-23T16:10:42+00:00
2026,3,401872952,00-0041161,Le'Veon Moss,MIA,KC,RB,0.0,0.0,0.0,0.0,0.0,12.9,-17.3,55.5,3.7,-19.0,44.3,0.0,0.0,0.0,0.0,0.0,0.0,,roster_only,2026-09-23T16:10:42+00:00
2026,3,401872952,00-0040198,Ollie Gordon II,MIA,KC,RB,0.0,0.0,0.0,0.0,0.0,7.7,-3.0,22.8,2.1,-15.1,30.9,0.0,0.0,0.0,0.0,0.0,0.0,Active,backup,2026-09-23T16:10:42+00:00
2026,3,401872952,00-0038809,Ben Sims,MIA,KC,TE,0.0,0.0,0.0,0.0,0.0,0.0,0.0,0.0,0.0,0.0,0.0,0.0,0.0,0.0,0.0,0.0,0.0,,roster_only,2026-09-23T16:10:42+00:00
2026,3,401872952,00-0037078,Cole Turner,MIA,KC,TE,0.0,0.0,0.0,0.0,0.0,0.0,0.0,0.0,0.0,0.0,0.0,0.0,0.0,0.0,0.0,0.0,0.0,,backup,2026-09-23T16:10:42+00:00
2026,3,401872952,00-0041207,Ethan Conner,MIA,KC,TE,0.0,0.0,0.0,0.0,0.0,0.0,0.0,0.0,0.0,0.0,0.0,0.0,0.0,0.0,0.0,0.0,0.0,,roster_only,2026-09-23T16:10:42+00:00
2026,3,401872952,00-0037252,Greg Dulcich,MIA,KC,TE,0.0,0.0,0.0,0.0,0.0,0.0,-10.7,15.0,25.7,8.5,54.5,0.0,0.0,0.0,0.0,0.0,0.0,Active,starter,2026-09-23T16:10:42+00:00
2026,3,401872952,00-0041566,Jeremiah Franklin,MIA,KC,TE,0.0,0.0,0.0,0.0,0.0,0.0,0.0,0.0,0.0,0.0,0.0,0.0,0.0,0.0,0.0,0.0,0.0,,roster_only,2026-09-23T16:10:42+00:00
2026,3,401872952,00-0041077,Justin Joly,MIA,KC,TE,0.0,0.0,0.0,0.0,0.0,0.0,-14.8,20.7,4.7,-17.9,45.3,0.0,0.0,0.0,0.0,0.0,0.0,Active,backup,2026-09-23T16:10:42+00:00
2026,3,401872952,00-0041579,Seydou Traore,MIA,KC,TE,0.0,0.0,0.0,0.0,0.0,0.0,-14.8,20.7,4.7,-17.9,45.3,0.0,0.0,0.0,0.0,0.0,0.0,Active,backup,2026-09-23T16:10:42+00:00
2026,3,401872952,00-0040094,Tre Watson,MIA,KC,TE,0.0,0.0,0.0,0.0,0.0,0.0,0.0,0.0,0.0,0.0,0.0,0.0,0.0,0.0,0.0,0.0,0.0,,roster_only,2026-09-23T16:10:42+00:00
2026,3,401872952,00-0041524,Will Kacmarek,MIA,KC,TE,0.0,0.0,0.0,0.0,0.0,0.0,-14.8,20.6,7.5,-15.1,48.1,0.0,0.0,0.0,0.0,0.0,0.0,,backup,2026-09-23T16:10:42+00:00
2026,3,401872952,00-0040302,A.J. Henning,MIA,KC,WR,0.0,0.0,0.0,0.0,0.0,0.0,0.0,0.0,0.0,0.0,0.0,0.0,0.0,0.0,0.0,0.0,0.0,,roster_only,2026-09-23T16:10:42+00:00
2026,3,401872952,00-0041523,Caleb Douglas,MIA,KC,WR,0.0,0.0,0.0,0.0,0.0,0.0,-14.8,20.6,10.1,-12.6,50.6,0.0,0.0,0.0,0.0,0.0,0.0,Questionable,backup,2026-09-23T16:10:42+00:00
2026,3,401872952,00-0041525,Chris Bell,MIA,KC,WR,0.0,0.0,0.0,0.0,0.0,0.0,-14.8,20.6,6.6,-16.0,47.2,0.0,0.0,0.0,0.0,0.0,0.0,Active,backup,2026-09-23T16:10:42+00:00
2026,3,401872952,00-0041158,Donaven McCulley,MIA,KC,WR,0.0,0.0,0.0,0.0,0.0,0.0,0.0,0.0,0.0,0.0,0.0,0.0,0.0,0.0,0.0,0.0,0.0,,roster_only,2026-09-23T16:10:42+00:00
2026,3,401872952,00-0036387,Jalen Reagor,MIA,KC,WR,0.0,0.0,0.0,0.0,0.0,0.0,0.0,0.0,0.0,0.0,0.0,0.0,0.0,0.0,0.0,0.0,0.0,,roster_only,2026-09-23T16:10:42+00:00
2026,3,401872952,00-0037666,Jalen Tolbert,MIA,KC,WR,0.0,0.0,0.0,0.0,0.0,0.0,-10.8,15.0,21.0,3.9,49.8,0.0,0.0,0.0,0.0,0.0,0.0,Active,backup,2026-09-23T16:10:42+00:00
2026,3,401872952,00-0041529,Kevin Coleman Jr.,MIA,KC,WR,0.0,0.0,0.0,0.0,0.0,0.0,-14.8,20.6,6.3,-16.3,46.9,0.0,0.0,0.0,0.0,0.0,0.0,Active,backup,2026-09-23T16:10:42+00:00
2026,3,401872952,00-0039880,Malik Washington,MIA,KC,WR,0.0,0.0,0.0,0.0,0.0,1.7,-9.0,16.8,22.8,5.6,51.6,0.0,0.0,0.0,0.0,0.0,0.0,Active,starter,2026-09-23T16:10:42+00:00
2026,3,401872952,00-0038824,Ryan Miller,MIA,KC,WR,0.0,0.0,0.0,0.0,0.0,0.0,-10.8,15.0,4.6,-12.5,33.4,0.0,0.0,0.0,0.0,0.0,0.0,Active,backup,2026-09-23T16:10:42+00:00
2026,3,401872952,00-0040753,Will Sheppard,MIA,KC,WR,0.0,0.0,0.0,0.0,0.0,0.0,0.0,0.0,0.0,0.0,0.0,0.0,0.0,0.0,0.0,0.0,0.0,,roster_only,2026-09-23T16:10:42+00:00
2026,3,401872953,00-0038848,Anthony Kendall,BUF,LAC,DB,0.0,0.0,0.0,0.0,0.0,0.0,0.0,0.0,0.0,0.0,0.0,0.0,0.0,0.0,0.0,0.0,0.0,,roster_only,2026-09-23T16:10:42+00:00
2026,3,401872953,00-0035253,C.J. Gardner-Johnson,BUF,LAC,DB,0.0,0.0,0.0,0.0,0.0,0.0,0.0,0.0,0.0,0.0,0.0,0.0,0.0,0.0,4.3,1.6,7.8,,starter,2026-09-23T16:10:42+00:00
2026,3,401872953,00-0037288,Christian Benford,BUF,LAC,DB,0.0,0.0,0.0,0.0,0.0,0.0,0.0,0.0,0.0,0.0,0.0,0.0,0.0,0.0,3.4,0.8,6.9,Active,starter,2026-09-23T16:10:42+00:00
2026,3,401872953,00-0039872,Cole Bishop,BUF,LAC,DB,0.0,0.0,0.0,0.0,0.0,0.0,0.0,0.0,0.0,0.0,0.0,0.0,0.0,0.0,5.3,2.6,8.8,Active,starter,2026-09-23T16:10:42+00:00
2026,3,401872953,00-0039322,D.J. Miller,BUF,LAC,DB,0.0,0.0,0.0,0.0,0.0,0.0,0.0,0.0,0.0,0.0,0.0,0.0,0.0,0.0,0.0,0.0,0.0,,roster_only,2026-09-23T16:10:42+00:00
2026,3,401872953,00-0036888,Damar Hamlin,BUF,LAC,DB,0.0,0.0,0.0,0.0,0.0,0.0,0.0,0.0,0.0,0.0,0.0,0.0,0.0,0.0,1.4,0.0,5.0,,backup,2026-09-23T16:10:42+00:00
2026,3,401872953,00-0041391,Davison Igbinosun,BUF,LAC,DB,0.0,0.0,0.0,0.0,0.0,0.0,0.0,0.0,0.0,0.0,0.0,0.0,0.0,0.0,2.1,0.0,6.1,,backup,2026-09-23T16:10:42+00:00
2026,3,401872953,00-0037034,Dee Alford,BUF,LAC,DB,0.0,0.0,0.0,0.0,0.0,0.0,0.0,0.0,0.0,0.0,0.0,0.0,0.0,0.0,3.7,1.5,6.4,,starter,2026-09-23T16:10:42+00:00
2026,3,401872953,00-0040197,Dorian Strong,BUF,LAC,DB,0.0,0.0,0.0,0.0,0.0,0.0,0.0,0.0,0.0,0.0,0.0,0.0,0.0,0.0,0.0,0.0,0.0,,backup,2026-09-23T16:10:42+00:00
2026,3,401872953,00-0036199,Geno Stone,BUF,LAC,DB,0.0,0.0,0.0,0.0,0.0,0.0,0.0,0.0,0.0,0.0,0.0,0.0,0.0,0.0,0.0,0.0,0.0,,roster_only,2026-09-23T16:10:42+00:00
2026,3,401872953,00-0041086,Jalon Kilgore,BUF,LAC,DB,0.0,0.0,0.0,0.0,0.0,0.0,0.0,0.0,0.0,0.0,0.0,0.0,0.0,0.0,1.9,0.0,5.8,Active,backup,2026-09-23T16:10:42+00:00
2026,3,401872953,00-0041269,Jordan Dunbar,BUF,LAC,DB,0.0,0.0,0.0,0.0,0.0,0.0,0.0,0.0,0.0,0.0,0.0,0.0,0.0,0.0,0.0,0.0,0.0,,roster_only,2026-09-23T16:10:42+00:00
2026,3,401872953,00-0040192,Jordan Hancock,BUF,LAC,DB,0.0,0.0,0.0,0.0,0.0,0.0,0.0,0.0,0.0,0.0,0.0,0.0,0.0,0.0,1.3,0.0,3.8,,backup,2026-09-23T16:10:42+00:00
2026,3,401872953,00-0041275,Kani Walker,BUF,LAC,DB,0.0,0.0,0.0,0.0,0.0,0.0,0.0,0.0,0.0,0.0,0.0,0.0,0.0,0.0,0.0,0.0,0.0,,roster_only,2026-09-23T16:10:42+00:00
2026,3,401872953,00-0040709,Maxwell Hairston,BUF,LAC,DB,0.0,0.0,0.0,0.0,0.0,0.0,0.0,0.0,0.0,0.0,0.0,0.0,0.0,0.0,2.6,0.5,5.4,,starter,2026-09-23T16:10:42+00:00
2026,3,401872953,00-0036037,Sam Franklin Jr.,BUF,LAC,DB,0.0,0.0,0.0,0.0,0.0,0.0,0.0,0.0,0.0,0.0,0.0,0.0,0.0,0.0,0.6,0.0,3.1,,backup,2026-09-23T16:10:42+00:00
2026,3,401872953,00-0039469,Te'Cory Couch,BUF,LAC,DB,0.0,0.0,0.0,0.0,0.0,0.0,0.0,0.0,0.0,0.0,0.0,0.0,0.0,0.0,0.0,0.0,0.0,,roster_only,2026-09-23T16:10:42+00:00
2026,3,401872953,00-0040364,Wande Owens,BUF,LAC,DB,0.0,0.0,0.0,0.0,0.0,0.0,0.0,0.0,0.0,0.0,0.0,0.0,0.0,0.0,0.0,0.0,0.0,,roster_only,2026-09-23T16:10:42+00:00
2026,3,401872953,00-0039873,DeWayne Carter,BUF,LAC,DL,0.0,0.0,0.0,0.0,0.0,0.0,0.0,0.0,0.0,0.0,0.0,0.0,0.0,0.0,2.3,0.3,4.8,,backup,2026-09-23T16:10:42+00:00
2026,3,401872953,00-0040710,Deone Walker,BUF,LAC,DL,0.0,0.0,0.0,0.0,0.0,0.0,0.0,0.0,0.0,0.0,0.0,0.0,0.0,0.0,2.4,0.4,4.9,,starter,2026-09-23T16:10:42+00:00
2026,3,401872953,00-0035230,Ed Oliver,BUF,LAC,DL,0.0,0.0,0.0,0.0,0.0,0.0,0.0,0.0,0.0,0.0,0.0,0.0,0.0,0.0,2.2,0.3,4.7,Questionable,starter,2026-09-23T16:10:42+00:00
2026,3,401872953,00-0035667,Greg Gaines,BUF,LAC,DL,0.0,0.0,0.0,0.0,0.0,0.0,0.0,0.0,0.0,0.0,0.0,0.0,0.0,0.0,1.3,0.0,3.8,,backup,2026-09-23T16:10:42+00:00
2026,3,401872953,00-0040132,Landon Jackson,BUF,LAC,DL,0.0,0.0,0.0,0.0,0.0,0.0,0.0,0.0,0.0,0.0,0.0,0.0,0.0,0.0,0.7,0.0,4.2,,backup,2026-09-23T16:10:42+00:00
2026,3,401872953,00-0038099,Phidarian Mathis,BUF,LAC,DL,0.0,0.0,0.0,0.0,0.0,0.0,0.0,0.0,0.0,0.0,0.0,0.0,0.0,0.0,0.0,0.0,0.0,,backup,2026-09-23T16:10:42+00:00
2026,3,401872953,00-0040724,T.J. Sanders,BUF,LAC,DL,0.0,0.0,0.0,0.0,0.0,0.0,0.0,0.0,0.0,0.0,0.0,0.0,0.0,0.0,1.9,0.0,4.4,Questionable,starter,2026-09-23T16:10:42+00:00
2026,3,401872953,00-0039930,Travis Clayton,BUF,LAC,DL,0.0,0.0,0.0,0.0,0.0,0.0,0.0,0.0,0.0,0.0,0.0,0.0,0.0,0.0,0.0,0.0,0.0,,roster_only,2026-09-23T16:10:42+00:00
2026,3,401872953,00-0041091,Zane Durant,BUF,LAC,DL,0.0,0.0,0.0,0.0,0.0,0.0,0.0,0.0,0.0,0.0,0.0,0.0,0.0,0.0,0.0,0.0,0.0,,backup,2026-09-23T16:10:42+00:00
2026,3,401872953,00-0036162,Tyler Bass,BUF,LAC,K,0.0,0.0,0.0,0.0,0.0,0.0,0.0,0.0,0.0,0.0,0.0,7.5,2.5,13.4,0.0,0.0,0.0,Active,starter,2026-09-23T16:10:42+00:00
2026,3,401872953,00-0034832,Bradley Chubb,BUF,LAC,LB,0.0,0.0,0.0,0.0,0.0,0.0,0.0,0.0,0.0,0.0,0.0,0.0,0.0,0.0,3.0,0.1,7.0,Active,starter,2026-09-23T16:10:42+00:00
2026,3,401872953,00-0041268,Cade Denhoff,BUF,LAC,LB,0.0,0.0,0.0,0.0,0.0,0.0,0.0,0.0,0.0,0.0,0.0,0.0,0.0,0.0,0.0,0.0,0.0,,roster_only,2026-09-23T16:10:42+00:00
2026,3,401872953,00-0035020,Demetrius Flannigan-Fowles,BUF,LAC,LB,0.0,0.0,0.0,0.0,0.0,0.0,0.0,0.0,0.0,0.0,0.0,0.0,0.0,0.0,0.0,0.0,0.0,,roster_only,2026-09-23T16:10:42+00:00
2026,3,401872953,00-0038557,Dorian Williams,BUF,LAC,LB,0.0,0.0,0.0,0.0,0.0,0.0,0.0,0.0,0.0,0.0,0.0,0.0,0.0,0.0,2.7,0.8,5.2,,recent_defensive_participant,2026-09-23T16:10:42+00:00
2026,3,401872953,00-0036914,Greg Rousseau,BUF,LAC,LB,0.0,0.0,0.0,0.0,0.0,0.0,0.0,0.0,0.0,0.0,0.0,0.0,0.0,0.0,2.6,0.0,6.7,Active,starter,2026-09-23T16:10:42+00:00
2026,3,401872953,00-0039879,Javon Solomon,BUF,LAC,LB,0.0,0.0,0.0,0.0,0.0,0.0,0.0,0.0,0.0,0.0,0.0,0.0,0.0,0.0,1.0,0.0,3.4,,backup,2026-09-23T16:10:42+00:00
2026,3,401872953,00-0039763,Joe Andreessen,BUF,LAC,LB,0.0,0.0,0.0,0.0,0.0,0.0,0.0,0.0,0.0,0.0,0.0,0.0,0.0,0.0,0.0,0.0,0.0,,roster_only,2026-09-23T16:10:42+00:00
2026,3,401872953,00-0041444,Kaleb Elarms-Orr,BUF,LAC,LB,0.0,0.0,0.0,0.0,0.0,0.0,0.0,0.0,0.0,0.0,0.0,0.0,0.0,0.0,1.2,0.0,4.8,,recent_defensive_participant,2026-09-23T16:10:42+00:00
2026,3,401872953,00-0040362,Keonta Jenkins,BUF,LAC,LB,0.0,0.0,0.0,0.0,0.0,0.0,0.0,0.0,0.0,0.0,0.0,0.0,0.0,0.0,0.0,0.0,0.0,,roster_only,2026-09-23T16:10:42+00:00
2026,3,401872953,00-0036378,Michael Danna,BUF,LAC,LB,0.0,0.0,0.0,0.0,0.0,0.0,0.0,0.0,0.0,0.0,0.0,0.0,0.0,0.0,1.8,0.0,4.2,Active,backup,2026-09-23T16:10:42+00:00
2026,3,401872953,00-0035933,Michael Hoecht,BUF,LAC,LB,0.0,0.0,0.0,0.0,0.0,0.0,0.0,0.0,0.0,0.0,0.0,0.0,0.0,0.0,2.6,0.6,5.1,,backup,2026-09-23T16:10:42+00:00
2026,3,401872953,00-0038853,Otis Reese,BUF,LAC,LB,0.0,0.0,0.0,0.0,0.0,0.0,0.0,0.0,0.0,0.0,0.0,0.0,0.0,0.0,0.0,0.0,0.0,,roster_only,2026-09-23T16:10:42+00:00
2026,3,401872953,00-0031550,Shaq Thompson,BUF,LAC,LB,0.0,0.0,0.0,0.0,0.0,0.0,0.0,0.0,0.0,0.0,0.0,0.0,0.0,0.0,0.0,0.0,0.0,,roster_only,2026-09-23T16:10:42+00:00
2026,3,401872953,00-0041036,TJ Parker,BUF,LAC,LB,0.0,0.0,0.0,0.0,0.0,0.0,0.0,0.0,0.0,0.0,0.0,0.0,0.0,0.0,1.6,0.0,5.0,,backup,2026-09-23T16:10:42+00:00
2026,3,401872953,00-0037254,Terrel Bernard,BUF,LAC,LB,0.0,0.0,0.0,0.0,0.0,0.0,0.0,0.0,0.0,0.0,0.0,0.0,0.0,0.0,4.0,2.0,6.4,Active,recent_defensive_participant,2026-09-23T16:10:42+00:00
2026,3,401872953,00-0041223,Theron Gaines,BUF,LAC,LB,0.0,0.0,0.0,0.0,0.0,0.0,0.0,0.0,0.0,0.0,0.0,0.0,0.0,0.0,0.0,0.0,0.0,,roster_only,2026-09-23T16:10:42+00:00
2026,3,401872953,00-0034857,Josh Allen,BUF,LAC,QB,211.1,117.6,317.3,1.589,0.8125,35.0,22.2,52.9,0.0,0.0,0.0,0.0,0.0,0.0,0.0,0.0,0.0,Active,starter,2026-09-23T16:10:42+00:00
2026,3,401872953,00-0034577,Kyle Allen,BUF,LAC,QB,0.0,0.0,0.0,0.0,0.0,4.5,-6.3,19.5,0.0,0.0,0.0,0.0,0.0,0.0,0.0,0.0,0.0,,backup,2026-09-23T16:10:42+00:00
2026,3,401872953,00-0036679,Shane Buechele,BUF,LAC,QB,0.0,0.0,0.0,0.0,0.0,0.0,0.0,0.0,0.0,0.0,0.0,0.0,0.0,0.0,0.0,0.0,0.0,,roster_only,2026-09-23T16:10:42+00:00
2026,3,401872953,00-0040567,Brock Lampe,BUF,LAC,RB,0.0,0.0,0.0,0.0,0.0,0.0,0.0,0.0,0.0,0.0,0.0,0.0,0.0,0.0,0.0,0.0,0.0,,roster_only,2026-09-23T16:10:42+00:00
2026,3,401872953,00-0039471,Frank Gore Jr.,BUF,LAC,RB,0.0,0.0,0.0,0.0,0.0,0.0,0.0,0.0,0.0,0.0,0.0,0.0,0.0,0.0,0.0,0.0,0.0,,roster_only,2026-09-23T16:10:42+00:00
2026,3,401872953,00-0039466,Ian Wheeler,BUF,LAC,RB,0.0,0.0,0.0,0.0,0.0,0.0,0.0,0.0,0.0,0.0,0.0,0.0,0.0,0.0,0.0,0.0,0.0,,roster_only,2026-09-23T16:10:42+00:00
2026,3,401872953,00-0037248,James Cook,BUF,LAC,RB,0.0,0.0,0.0,0.0,0.0,68.4,46.4,99.3,15.0,-2.2,43.8,0.0,0.0,0.0,0.0,0.0,0.0,Active,starter,2026-09-23T16:10:42+00:00
2026,3,401872953,00-0039875,Ray Davis,BUF,LAC,RB,0.0,0.0,0.0,0.0,0.0,5.4,-5.3,20.5,3.0,-14.2,31.8,0.0,0.0,0.0,0.0,0.0,0.0,Active,backup,2026-09-23T16:10:42+00:00
2026,3,401872953,00-0035537,Ty Johnson,BUF,LAC,RB,0.0,0.0,0.0,0.0,0.0,11.4,-10.6,42.3,12.0,-5.2,40.8,0.0,0.0,0.0,0.0,0.0,0.0,Questionable,backup,2026-09-23T16:10:42+00:00
2026,3,401872953,00-0038933,Dalton Kincaid,BUF,LAC,TE,0.0,0.0,0.0,0.0,0.0,0.0,-10.8,15.0,26.7,9.5,55.5,0.0,0.0,0.0,0.0,0.0,0.0,Active,starter,2026-09-23T16:10:42+00:00
2026,3,401872953,00-0035689,Dawson Knox,BUF,LAC,TE,0.0,0.0,0.0,0.0,0.0,0.0,-10.8,15.0,25.5,8.3,54.3,0.0,0.0,0.0,0.0,0.0,0.0,Active,backup,2026-09-23T16:10:42+00:00
2026,3,401872953,00-0040194,Jackson Hawes,BUF,LAC,TE,0.0,0.0,0.0,0.0,0.0,0.0,-10.8,15.0,7.6,-9.6,36.4,0.0,0.0,0.0,0.0,0.0,0.0,Active,backup,2026-09-23T16:10:42+00:00
2026,3,401872953,00-0040363,Keleki Latu,BUF,LAC,TE,0.0,0.0,0.0,0.0,0.0,0.0,-11.8,16.5,2.7,-15.9,34.6,0.0,0.0,0.0,0.0,0.0,0.0,,backup,2026-09-23T16:10:42+00:00
2026,3,401872953,00-0034827,DJ Moore,BUF,LAC,WR,0.0,0.0,0.0,0.0,0.0,0.9,-9.8,15.9,38.9,12.2,88.1,0.0,0.0,0.0,0.0,0.0,0.0,Questionable,starter,2026-09-23T16:10:42+00:00
2026,3,401872953,00-0035500,Greg Dortch,BUF,LAC,WR,0.0,0.0,0.0,0.0,0.0,0.0,0.0,0.0,0.0,0.0,0.0,0.0,0.0,0.0,0.0,0.0,0.0,,roster_only,2026-09-23T16:10:42+00:00
2026,3,401872953,00-0041272,Ja'Mori Maclin,BUF,LAC,WR,0.0,0.0,0.0,0.0,0.0,0.0,0.0,0.0,0.0,0.0,0.0,0.0,0.0,0.0,0.0,0.0,0.0,,roster_only,2026-09-23T16:10:42+00:00
2026,3,401872953,00-0036988,Josh Palmer,BUF,LAC,WR,0.0,0.0,0.0,0.0,0.0,0.0,-10.8,15.0,18.7,1.6,47.5,0.0,0.0,0.0,0.0,0.0,0.0,Active,backup,2026-09-23T16:10:42+00:00
2026,3,401872953,00-0039901,Keon Coleman,BUF,LAC,WR,0.0,0.0,0.0,0.0,0.0,0.0,-10.8,15.0,27.3,0.7,76.5,0.0,0.0,0.0,0.0,0.0,0.0,Active,backup,2026-09-23T16:10:42+00:00
2026,3,401872953,00-0037261,Khalil Shakir,BUF,LAC,WR,0.0,0.0,0.0,0.0,0.0,0.0,-10.8,15.0,36.9,10.3,86.1,0.0,0.0,0.0,0.0,0.0,0.0,Active,backup,2026-09-23T16:10:42+00:00
2026,3,401872953,00-0041274,Max Tomczak,BUF,LAC,WR,0.0,0.0,0.0,0.0,0.0,0.0,0.0,0.0,0.0,0.0,0.0,0.0,0.0,0.0,0.0,0.0,0.0,,roster_only,2026-09-23T16:10:42+00:00
2026,3,401872953,00-0040406,Quentin Skinner,BUF,LAC,WR,0.0,0.0,0.0,0.0,0.0,0.0,0.0,0.0,0.0,0.0,0.0,0.0,0.0,0.0,0.0,0.0,0.0,,roster_only,2026-09-23T16:10:42+00:00
2026,3,401872953,00-0041443,Skyler Bell,BUF,LAC,WR,0.0,0.0,0.0,0.0,0.0,0.1,-14.7,20.7,6.7,-16.0,47.3,0.0,0.0,0.0,0.0,0.0,0.0,Active,backup,2026-09-23T16:10:42+00:00
2026,3,401872953,00-0040361,Stephen Gosnell,BUF,LAC,WR,0.0,0.0,0.0,0.0,0.0,0.0,0.0,0.0,0.0,0.0,0.0,0.0,0.0,0.0,0.0,0.0,0.0,,roster_only,2026-09-23T16:10:42+00:00
2026,3,401872953,00-0034487,Trent Sherfield,BUF,LAC,WR,0.0,0.0,0.0,0.0,0.0,0.0,0.0,0.0,0.0,0.0,0.0,0.0,0.0,0.0,0.0,0.0,0.0,,roster_only,2026-09-23T16:10:42+00:00
2026,3,401872953,00-0038679,Tyrell Shavers,BUF,LAC,WR,0.0,0.0,0.0,0.0,0.0,0.0,0.0,0.0,0.0,0.0,0.0,0.0,0.0,0.0,0.0,0.0,0.0,,backup,2026-09-23T16:10:42+00:00
2026,3,401872953,00-0039369,Cam Hart,LAC,BUF,DB,0.0,0.0,0.0,0.0,0.0,0.0,0.0,0.0,0.0,0.0,0.0,0.0,0.0,0.0,3.6,0.9,7.1,,starter,2026-09-23T16:10:42+00:00
2026,3,401872953,00-0037320,Deane Leonard,LAC,BUF,DB,0.0,0.0,0.0,0.0,0.0,0.0,0.0,0.0,0.0,0.0,0.0,0.0,0.0,0.0,0.7,0.0,3.2,Questionable,backup,2026-09-23T16:10:42+00:00
2026,3,401872953,00-0034790,Derwin James,LAC,BUF,DB,0.0,0.0,0.0,0.0,0.0,0.0,0.0,0.0,0.0,0.0,0.0,0.0,0.0,0.0,5.9,3.2,9.4,Questionable,starter,2026-09-23T16:10:42+00:00
2026,3,401872953,00-0041377,Devin Grant,LAC,BUF,DB,0.0,0.0,0.0,0.0,0.0,0.0,0.0,0.0,0.0,0.0,0.0,0.0,0.0,0.0,0.0,0.0,0.0,,roster_only,2026-09-23T16:10:42+00:00
2026,3,401872953,00-0034356,Donte Jackson,LAC,BUF,DB,0.0,0.0,0.0,0.0,0.0,0.0,0.0,0.0,0.0,0.0,0.0,0.0,0.0,0.0,2.3,0.2,5.1,,starter,2026-09-23T16:10:42+00:00
2026,3,401872953,00-0036992,Elijah Molden,LAC,BUF,DB,0.0,0.0,0.0,0.0,0.0,0.0,0.0,0.0,0.0,0.0,0.0,0.0,0.0,0.0,3.6,1.4,6.3,Questionable,starter,2026-09-23T16:10:42+00:00
2026,3,401872953,00-0040468,Eric Rogers,LAC,BUF,DB,0.0,0.0,0.0,0.0,0.0,0.0,0.0,0.0,0.0,0.0,0.0,0.0,0.0,0.0,0.0,0.0,0.0,,roster_only,2026-09-23T16:10:42+00:00
2026,3,401872953,00-0041064,Genesis Smith,LAC,BUF,DB,0.0,0.0,0.0,0.0,0.0,0.0,0.0,0.0,0.0,0.0,0.0,0.0,0.0,0.0,2.2,0.0,6.1,,backup,2026-09-23T16:10:42+00:00
2026,3,401872953,00-0040065,Isas Waxter,LAC,BUF,DB,0.0,0.0,0.0,0.0,0.0,0.0,0.0,0.0,0.0,0.0,0.0,0.0,0.0,0.0,0.0,0.0,0.0,Active,roster_only,2026-09-23T16:10:42+00:00
2026,3,401872953,00-0037242,Kaiir Elam,LAC,BUF,DB,0.0,0.0,0.0,0.0,0.0,0.0,0.0,0.0,0.0,0.0,0.0,0.0,0.0,0.0,0.0,0.0,0.0,,roster_only,2026-09-23T16:10:42+00:00
2026,3,401872953,00-0038414,Kendall Williamson,LAC,BUF,DB,0.0,0.0,0.0,0.0,0.0,0.0,0.0,0.0,0.0,0.0,0.0,0.0,0.0,0.0,0.8,0.0,3.3,,backup,2026-09-23T16:10:42+00:00
2026,3,401872953,00-0040473,Myles Purchase,LAC,BUF,DB,0.0,0.0,0.0,0.0,0.0,0.0,0.0,0.0,0.0,0.0,0.0,0.0,0.0,0.0,0.0,0.0,0.0,,roster_only,2026-09-23T16:10:42+00:00
2026,3,401872953,00-0041371,Noah Avinger,LAC,BUF,DB,0.0,0.0,0.0,0.0,0.0,0.0,0.0,0.0,0.0,0.0,0.0,0.0,0.0,0.0,0.0,0.0,0.0,,roster_only,2026-09-23T16:10:42+00:00
2026,3,401872953,00-0040221,R.J. Mickens,LAC,BUF,DB,0.0,0.0,0.0,0.0,0.0,0.0,0.0,0.0,0.0,0.0,0.0,0.0,0.0,0.0,2.0,0.0,4.8,,backup,2026-09-23T16:10:42+00:00
2026,3,401872953,00-0041381,Rodney Shelley,LAC,BUF,DB,0.0,0.0,0.0,0.0,0.0,0.0,0.0,0.0,0.0,0.0,0.0,0.0,0.0,0.0,2.2,0.0,6.1,,backup,2026-09-23T16:10:42+00:00
2026,3,401872953,00-0039366,Tarheeb Still,LAC,BUF,DB,0.0,0.0,0.0,0.0,0.0,0.0,0.0,0.0,0.0,0.0,0.0,0.0,0.0,0.0,4.0,1.3,7.4,,starter,2026-09-23T16:10:42+00:00
2026,3,401872953,00-0030294,Tony Jefferson,LAC,BUF,DB,0.0,0.0,0.0,0.0,0.0,0.0,0.0,0.0,0.0,0.0,0.0,0.0,0.0,0.0,4.1,1.4,7.6,,backup,2026-09-23T16:10:42+00:00
2026,3,401872953,00-0033546,Dalvin Tomlinson,LAC,BUF,DL,0.0,0.0,0.0,0.0,0.0,0.0,0.0,0.0,0.0,0.0,0.0,0.0,0.0,0.0,1.8,0.0,4.2,Doubtful,starter,2026-09-23T16:10:42+00:00
2026,3,401872953,00-0041378,Jacobian Guillory,LAC,BUF,DL,0.0,0.0,0.0,0.0,0.0,0.0,0.0,0.0,0.0,0.0,0.0,0.0,0.0,0.0,0.0,0.0,0.0,,roster_only,2026-09-23T16:10:42+00:00
2026,3,401872953,00-0041375,Jahmeer Carter,LAC,BUF,DL,0.0,0.0,0.0,0.0,0.0,0.0,0.0,0.0,0.0,0.0,0.0,0.0,0.0,0.0,0.0,0.0,0.0,,roster_only,2026-09-23T16:10:42+00:00
2026,3,401872953,00-0040144,Jamaree Caldwell,LAC,BUF,DL,0.0,0.0,0.0,0.0,0.0,0.0,0.0,0.0,0.0,0.0,0.0,0.0,0.0,0.0,1.8,0.0,4.3,,starter,2026-09-23T16:10:42+00:00
2026,3,401872953,00-0039743,Jordan Jefferson,LAC,BUF,DL,0.0,0.0,0.0,0.0,0.0,0.0,0.0,0.0,0.0,0.0,0.0,0.0,0.0,0.0,0.0,0.0,0.0,,roster_only,2026-09-23T16:10:42+00:00
2026,3,401872953,00-0039835,Justin Eboigbe,LAC,BUF,DL,0.0,0.0,0.0,0.0,0.0,0.0,0.0,0.0,0.0,0.0,0.0,0.0,0.0,0.0,1.3,0.0,3.8,,backup,2026-09-23T16:10:42+00:00
2026,3,401872953,00-0041072,Nick Barrett,LAC,BUF,DL,0.0,0.0,0.0,0.0,0.0,0.0,0.0,0.0,0.0,0.0,0.0,0.0,0.0,0.0,1.2,0.0,4.7,,backup,2026-09-23T16:10:42+00:00
2026,3,401872953,00-0036181,Teair Tart,LAC,BUF,DL,0.0,0.0,0.0,0.0,0.0,0.0,0.0,0.0,0.0,0.0,0.0,0.0,0.0,0.0,2.0,0.1,4.5,Active,starter,2026-09-23T16:10:42+00:00
2026,3,401872953,00-0041386,Terry Webb,LAC,BUF,DL,0.0,0.0,0.0,0.0,0.0,0.0,0.0,0.0,0.0,0.0,0.0,0.0,0.0,0.0,0.0,0.0,0.0,,roster_only,2026-09-23T16:10:42+00:00
2026,3,401872953,00-0037224,Cameron Dicker,LAC,BUF,K,0.0,0.0,0.0,0.0,0.0,0.0,0.0,0.0,0.0,0.0,0.0,7.0,1.9,12.8,0.0,0.0,0.0,Active,starter,2026-09-23T16:10:42+00:00
2026,3,401872953,00-0041544,Akheem Mesidor,LAC,BUF,LB,0.0,0.0,0.0,0.0,0.0,0.0,0.0,0.0,0.0,0.0,0.0,0.0,0.0,0.0,1.6,0.0,5.1,,backup,2026-09-23T16:10:42+00:00
2026,3,401872953,00-0038801,Andre Carter II,LAC,BUF,LB,0.0,0.0,0.0,0.0,0.0,0.0,0.0,0.0,0.0,0.0,0.0,0.0,0.0,0.0,0.0,0.0,0.0,,roster_only,2026-09-23T16:10:42+00:00
2026,3,401872953,00-0032146,Bud Dupree,LAC,BUF,LB,0.0,0.0,0.0,0.0,0.0,0.0,0.0,0.0,0.0,0.0,0.0,0.0,0.0,0.0,1.2,0.0,3.7,,backup,2026-09-23T16:10:42+00:00
2026,3,401872953,00-0038851,Caleb Murphy,LAC,BUF,LB,0.0,0.0,0.0,0.0,0.0,0.0,0.0,0.0,0.0,0.0,0.0,0.0,0.0,0.0,0.0,0.0,0.0,,roster_only,2026-09-23T16:10:42+00:00
2026,3,401872953,00-0038553,Daiyan Henley,LAC,BUF,LB,0.0,0.0,0.0,0.0,0.0,0.0,0.0,0.0,0.0,0.0,0.0,0.0,0.0,0.0,6.7,3.8,10.7,Active,recent_defensive_participant,2026-09-23T16:10:42+00:00
2026,3,401872953,00-0035202,Del'Shawn Phillips,LAC,BUF,LB,0.0,0.0,0.0,0.0,0.0,0.0,0.0,0.0,0.0,0.0,0.0,0.0,0.0,0.0,1.9,0.0,4.4,,recent_defensive_participant,2026-09-23T16:10:42+00:00
2026,3,401872953,00-0032103,Denzel Perryman,LAC,BUF,LB,0.0,0.0,0.0,0.0,0.0,0.0,0.0,0.0,0.0,0.0,0.0,0.0,0.0,0.0,0.0,0.0,0.0,,roster_only,2026-09-23T16:10:42+00:00
2026,3,401872953,00-0039526,Emany Johnson,LAC,BUF,LB,0.0,0.0,0.0,0.0,0.0,0.0,0.0,0.0,0.0,0.0,0.0,0.0,0.0,0.0,0.0,0.0,0.0,,roster_only,2026-09-23T16:10:42+00:00
2026,3,401872953,00-0039346,Junior Colson,LAC,BUF,LB,0.0,0.0,0.0,0.0,0.0,0.0,0.0,0.0,0.0,0.0,0.0,0.0,0.0,0.0,0.0,0.0,0.0,,roster_only,2026-09-23T16:10:42+00:00
2026,3,401872953,00-0031040,Khalil Mack,LAC,BUF,LB,0.0,0.0,0.0,0.0,0.0,0.0,0.0,0.0,0.0,0.0,0.0,0.0,0.0,0.0,2.8,0.0,6.9,,starter,2026-09-23T16:10:42+00:00
2026,3,401872953,00-0040161,Kyle Kennard,LAC,BUF,LB,0.0,0.0,0.0,0.0,0.0,0.0,0.0,0.0,0.0,0.0,0.0,0.0,0.0,0.0,0.0,0.0,0.0,,roster_only,2026-09-23T16:10:42+00:00
2026,3,401872953,00-0041372,Lander Barton,LAC,BUF,LB,0.0,0.0,0.0,0.0,0.0,0.0,0.0,0.0,0.0,0.0,0.0,0.0,0.0,0.0,0.0,0.0,0.0,,roster_only,2026-09-23T16:10:42+00:00
2026,3,401872953,00-0040460,Marlowe Wax,LAC,BUF,LB,0.0,0.0,0.0,0.0,0.0,0.0,0.0,0.0,0.0,0.0,0.0,0.0,0.0,0.0,0.0,0.0,0.0,,roster_only,2026-09-23T16:10:42+00:00
2026,3,401872953,00-0036338,Troy Dye,LAC,BUF,LB,0.0,0.0,0.0,0.0,0.0,0.0,0.0,0.0,0.0,0.0,0.0,0.0,0.0,0.0,2.2,0.3,4.8,,recent_defensive_participant,2026-09-23T16:10:42+00:00
2026,3,401872953,00-0039111,Tuli Tuipulotu,LAC,BUF,LB,0.0,0.0,0.0,0.0,0.0,0.0,0.0,0.0,0.0,0.0,0.0,0.0,0.0,0.0,3.1,0.2,7.2,,starter,2026-09-23T16:10:42+00:00
2026,3,401872953,00-0040464,DJ Uiagalelei,LAC,BUF,QB,0.0,0.0,0.0,0.0,0.0,0.0,0.0,0.0,0.0,0.0,0.0,0.0,0.0,0.0,0.0,0.0,0.0,,roster_only,2026-09-23T16:10:42+00:00
2026,3,401872953,00-0036355,Justin Herbert,LAC,BUF,QB,244.5,151.1,350.8,1.464,0.8049529834350585,20.6,7.8,38.5,0.0,0.0,0.0,0.0,0.0,0.0,0.0,0.0,0.0,Active,starter,2026-09-23T16:10:42+00:00
2026,3,401872953,00-0037012,Trey Lance,LAC,BUF,QB,0.0,0.0,0.0,0.0,0.0,7.9,-4.9,25.8,0.0,0.0,0.0,0.0,0.0,0.0,0.0,0.0,0.0,,backup,2026-09-23T16:10:42+00:00
2026,3,401872953,00-0035125,Alec Ingold,LAC,BUF,RB,0.0,0.0,0.0,0.0,0.0,2.0,-8.7,17.1,5.2,-12.0,34.0,0.0,0.0,0.0,0.0,0.0,0.0,,starter,2026-09-23T16:10:42+00:00
2026,3,401872953,00-0040039,Amar Johnson,LAC,BUF,RB,0.0,0.0,0.0,0.0,0.0,0.0,0.0,0.0,0.0,0.0,0.0,0.0,0.0,0.0,0.0,0.0,0.0,,roster_only,2026-09-23T16:10:42+00:00
2026,3,401872953,00-0041376,Gregory Desrosiers,LAC,BUF,RB,0.0,0.0,0.0,0.0,0.0,0.0,0.0,0.0,0.0,0.0,0.0,0.0,0.0,0.0,0.0,0.0,0.0,,roster_only,2026-09-23T16:10:42+00:00
2026,3,401872953,00-0038454,Keaton Mitchell,LAC,BUF,RB,0.0,0.0,0.0,0.0,0.0,22.4,0.4,53.3,3.5,-13.6,32.4,0.0,0.0,0.0,0.0,0.0,0.0,Active,backup,2026-09-23T16:10:42+00:00
2026,3,401872953,00-0039391,Kimani Vidal,LAC,BUF,RB,0.0,0.0,0.0,0.0,0.0,28.4,6.4,59.3,7.6,-9.5,36.4,0.0,0.0,0.0,0.0,0.0,0.0,Active,backup,2026-09-23T16:10:42+00:00
2026,3,401872953,00-0040666,Omarion Hampton,LAC,BUF,RB,0.0,0.0,0.0,0.0,0.0,57.6,35.6,88.5,20.2,3.1,49.0,0.0,0.0,0.0,0.0,0.0,0.0,Active,starter,2026-09-23T16:10:42+00:00
2026,3,401872953,00-0038614,Scott Matlock,LAC,BUF,RB,0.0,0.0,0.0,0.0,0.0,0.0,0.0,0.0,0.0,0.0,0.0,0.0,0.0,0.0,0.0,0.0,0.0,,backup,2026-09-23T16:10:42+00:00
2026,3,401872953,00-0038046,Charlie Kolar,LAC,BUF,TE,0.0,0.0,0.0,0.0,0.0,0.0,0.0,0.0,0.0,0.0,0.0,0.0,0.0,0.0,0.0,0.0,0.0,Out,backup,2026-09-23T16:10:42+00:00
2026,3,401872953,00-0033885,David Njoku,LAC,BUF,TE,0.0,0.0,0.0,0.0,0.0,0.0,0.0,0.0,0.0,0.0,0.0,0.0,0.0,0.0,0.0,0.0,0.0,Out,backup,2026-09-23T16:10:42+00:00
2026,3,401872953,00-0041384,Evan Svoboda,LAC,BUF,TE,0.0,0.0,0.0,0.0,0.0,0.0,0.0,0.0,0.0,0.0,0.0,0.0,0.0,0.0,0.0,0.0,0.0,,roster_only,2026-09-23T16:10:42+00:00
2026,3,401872953,00-0039489,Hayden Rucci,LAC,BUF,TE,0.0,0.0,0.0,0.0,0.0,0.0,-11.9,16.4,2.3,-16.4,34.2,0.0,0.0,0.0,0.0,0.0,0.0,Active,backup,2026-09-23T16:10:42+00:00
2026,3,401872953,00-0041452,Johnny Pascuzzi,LAC,BUF,TE,0.0,0.0,0.0,0.0,0.0,0.0,0.0,0.0,0.0,0.0,0.0,0.0,0.0,0.0,0.0,0.0,0.0,,roster_only,2026-09-23T16:10:42+00:00
2026,3,401872953,00-0040189,Oronde Gadsden II,LAC,BUF,TE,0.0,0.0,0.0,0.0,0.0,0.0,-10.7,15.0,47.9,28.3,82.2,0.0,0.0,0.0,0.0,0.0,0.0,Active,starter,2026-09-23T16:10:42+00:00
2026,3,401872953,00-0040331,Patrick Herbert,LAC,BUF,TE,0.0,0.0,0.0,0.0,0.0,0.0,0.0,0.0,0.0,0.0,0.0,0.0,0.0,0.0,0.0,0.0,0.0,,roster_only,2026-09-23T16:10:42+00:00
2026,3,401872953,00-0041550,Brenen Thompson,LAC,BUF,WR,0.0,0.0,0.0,0.0,0.0,0.0,-14.8,20.6,6.0,-16.7,46.6,0.0,0.0,0.0,0.0,0.0,0.0,Active,backup,2026-09-23T16:10:42+00:00
2026,3,401872953,00-0040629,Dalevon Campbell,LAC,BUF,WR,0.0,0.0,0.0,0.0,0.0,0.0,0.0,0.0,0.0,0.0,0.0,0.0,0.0,0.0,0.0,0.0,0.0,,roster_only,2026-09-23T16:10:42+00:00
2026,3,401872953,00-0038573,Derius Davis,LAC,BUF,WR,0.0,0.0,0.0,0.0,0.0,0.5,-10.2,15.5,1.0,-16.1,29.8,0.0,0.0,0.0,0.0,0.0,0.0,Active,backup,2026-09-23T16:10:42+00:00
2026,3,401872953,00-0041380,Devonte Ross,LAC,BUF,WR,0.0,0.0,0.0,0.0,0.0,0.0,0.0,0.0,0.0,0.0,0.0,0.0,0.0,0.0,0.0,0.0,0.0,,roster_only,2026-09-23T16:10:42+00:00
2026,3,401872953,00-0035589,Gary Jennings,LAC,BUF,WR,0.0,0.0,0.0,0.0,0.0,0.0,0.0,0.0,0.0,0.0,0.0,0.0,0.0,0.0,0.0,0.0,0.0,,roster_only,2026-09-23T16:10:42+00:00
2026,3,401872953,00-0039722,JaQuae Jackson,LAC,BUF,WR,0.0,0.0,0.0,0.0,0.0,0.0,0.0,0.0,0.0,0.0,0.0,0.0,0.0,0.0,0.0,0.0,0.0,,roster_only,2026-09-23T16:10:42+00:00
2026,3,401872953,00-0041373,Jerand Bradley,LAC,BUF,WR,0.0,0.0,0.0,0.0,0.0,0.0,0.0,0.0,0.0,0.0,0.0,0.0,0.0,0.0,0.0,0.0,0.0,,roster_only,2026-09-23T16:10:42+00:00
2026,3,401872953,00-0040184,KeAndre Lambert-Smith,LAC,BUF,WR,0.0,0.0,0.0,0.0,0.0,0.0,0.0,0.0,0.0,0.0,0.0,0.0,0.0,0.0,0.0,0.0,0.0,,backup,2026-09-23T16:10:42+00:00
2026,3,401872953,00-0039915,Ladd McConkey,LAC,BUF,WR,0.0,0.0,0.0,0.0,0.0,0.0,-10.8,15.0,44.8,27.7,73.6,0.0,0.0,0.0,0.0,0.0,0.0,Active,starter,2026-09-23T16:10:42+00:00
2026,3,401872953,00-0041571,Liam Clifford,LAC,BUF,WR,0.0,0.0,0.0,0.0,0.0,0.0,0.0,0.0,0.0,0.0,0.0,0.0,0.0,0.0,0.0,0.0,0.0,,roster_only,2026-09-23T16:10:42+00:00
2026,3,401872953,00-0034272,Marquez Valdes-Scantling,LAC,BUF,WR,0.0,0.0,0.0,0.0,0.0,0.0,0.0,0.0,0.0,0.0,0.0,0.0,0.0,0.0,0.0,0.0,0.0,,roster_only,2026-09-23T16:10:42+00:00
2026,3,401872953,00-0038544,Quentin Johnston,LAC,BUF,WR,0.0,0.0,0.0,0.0,0.0,0.7,-10.0,15.7,38.5,11.8,87.7,0.0,0.0,0.0,0.0,0.0,0.0,Active,backup,2026-09-23T16:10:42+00:00
2026,3,401872953,00-0041374,Sincere Brown,LAC,BUF,WR,0.0,0.0,0.0,0.0,0.0,0.0,-14.7,20.7,6.3,-16.4,46.9,0.0,0.0,0.0,0.0,0.0,0.0,,roster_only,2026-09-23T16:10:42+00:00
2026,3,401872953,00-0040311,Theo Wease Jr.,LAC,BUF,WR,0.0,0.0,0.0,0.0,0.0,0.0,0.0,0.0,0.0,0.0,0.0,0.0,0.0,0.0,0.0,0.0,0.0,,roster_only,2026-09-23T16:10:42+00:00
2026,3,401872953,00-0040727,Tre Harris,LAC,BUF,WR,0.0,0.0,0.0,0.0,0.0,0.5,-10.2,15.5,17.7,0.6,46.6,0.0,0.0,0.0,0.0,0.0,0.0,Active,backup,2026-09-23T16:10:42+00:00
2026,3,401872954,00-0041454,Aamaris Brown,DET,NYJ,DB,0.0,0.0,0.0,0.0,0.0,0.0,0.0,0.0,0.0,0.0,0.0,0.0,0.0,0.0,0.0,0.0,0.0,,roster_only,2026-09-23T16:10:42+00:00
2026,3,401872954,00-0034377,Avonte Maddox,DET,NYJ,DB,0.0,0.0,0.0,0.0,0.0,0.0,0.0,0.0,0.0,0.0,0.0,0.0,0.0,0.0,0.0,0.0,0.0,Injured Reserve,backup,2026-09-23T16:10:42+00:00
2026,3,401872954,00-0040914,Bishop Fitzgerald,DET,NYJ,DB,0.0,0.0,0.0,0.0,0.0,0.0,0.0,0.0,0.0,0.0,0.0,0.0,0.0,0.0,2.2,0.0,6.2,,backup,2026-09-23T16:10:42+00:00
2026,3,401872954,00-0039141,Brian Branch,DET,NYJ,DB,0.0,0.0,0.0,0.0,0.0,0.0,0.0,0.0,0.0,0.0,0.0,0.0,0.0,0.0,0.0,0.0,0.0,,backup,2026-09-23T16:10:42+00:00
2026,3,401872954,00-0038820,Christian Izien,DET,NYJ,DB,0.0,0.0,0.0,0.0,0.0,0.0,0.0,0.0,0.0,0.0,0.0,0.0,0.0,0.0,4.4,1.7,7.8,Active,starter,2026-09-23T16:10:42+00:00
2026,3,401872954,00-0033294,Chuck Clark,DET,NYJ,DB,0.0,0.0,0.0,0.0,0.0,0.0,0.0,0.0,0.0,0.0,0.0,0.0,0.0,0.0,3.7,1.5,6.4,Active,starter,2026-09-23T16:10:42+00:00
2026,3,401872954,00-0034384,D.J. Reed,DET,NYJ,DB,0.0,0.0,0.0,0.0,0.0,0.0,0.0,0.0,0.0,0.0,0.0,0.0,0.0,0.0,4.8,2.1,8.3,Active,starter,2026-09-23T16:10:42+00:00
2026,3,401872954,00-0040233,Dan Jackson,DET,NYJ,DB,0.0,0.0,0.0,0.0,0.0,0.0,0.0,0.0,0.0,0.0,0.0,0.0,0.0,0.0,0.0,0.0,0.0,,roster_only,2026-09-23T16:10:42+00:00
2026,3,401872954,00-0038956,Ekow Boye-Doe,DET,NYJ,DB,0.0,0.0,0.0,0.0,0.0,0.0,0.0,0.0,0.0,0.0,0.0,0.0,0.0,0.0,0.0,0.0,0.0,,roster_only,2026-09-23T16:10:42+00:00
2026,3,401872954,00-0039862,Ennis Rakestraw Jr.,DET,NYJ,DB,0.0,0.0,0.0,0.0,0.0,0.0,0.0,0.0,0.0,0.0,0.0,0.0,0.0,0.0,1.0,0.0,3.5,Active,backup,2026-09-23T16:10:42+00:00
2026,3,401872954,00-0038604,Eric Scott Jr.,DET,NYJ,DB,0.0,0.0,0.0,0.0,0.0,0.0,0.0,0.0,0.0,0.0,0.0,0.0,0.0,0.0,0.0,0.0,0.0,,roster_only,2026-09-23T16:10:42+00:00
2026,3,401872954,00-0032803,Jalen Mills,DET,NYJ,DB,0.0,0.0,0.0,0.0,0.0,0.0,0.0,0.0,0.0,0.0,0.0,0.0,0.0,0.0,0.0,0.0,0.0,,roster_only,2026-09-23T16:10:42+00:00
2026,3,401872954,00-0039060,Jason Taylor II,DET,NYJ,DB,0.0,0.0,0.0,0.0,0.0,0.0,0.0,0.0,0.0,0.0,0.0,0.0,0.0,0.0,0.0,0.0,0.0,,roster_only,2026-09-23T16:10:42+00:00
2026,3,401872954,00-0041445,Keith Abney II,DET,NYJ,DB,0.0,0.0,0.0,0.0,0.0,0.0,0.0,0.0,0.0,0.0,0.0,0.0,0.0,0.0,2.2,0.0,6.2,Active,backup,2026-09-23T16:10:42+00:00
2026,3,401872954,00-0037667,Kerby Joseph,DET,NYJ,DB,0.0,0.0,0.0,0.0,0.0,0.0,0.0,0.0,0.0,0.0,0.0,0.0,0.0,0.0,0.0,0.0,0.0,,backup,2026-09-23T16:10:42+00:00
2026,3,401872954,00-0036124,Khalil Dorsey,DET,NYJ,DB,0.0,0.0,0.0,0.0,0.0,0.0,0.0,0.0,0.0,0.0,0.0,0.0,0.0,0.0,0.8,0.0,3.2,,backup,2026-09-23T16:10:42+00:00
2026,3,401872954,00-0038966,Natrone Brooks,DET,NYJ,DB,0.0,0.0,0.0,0.0,0.0,0.0,0.0,0.0,0.0,0.0,0.0,0.0,0.0,0.0,0.0,0.0,0.0,,roster_only,2026-09-23T16:10:42+00:00
2026,3,401872954,00-0038841,Nick Whiteside,DET,NYJ,DB,0.0,0.0,0.0,0.0,0.0,0.0,0.0,0.0,0.0,0.0,0.0,0.0,0.0,0.0,0.0,0.0,0.0,,roster_only,2026-09-23T16:10:42+00:00
2026,3,401872954,00-0035637,Rock Ya-Sin,DET,NYJ,DB,0.0,0.0,0.0,0.0,0.0,0.0,0.0,0.0,0.0,0.0,0.0,0.0,0.0,0.0,3.7,1.1,7.2,,starter,2026-09-23T16:10:42+00:00
2026,3,401872954,00-0038125,Roger McCreary,DET,NYJ,DB,0.0,0.0,0.0,0.0,0.0,0.0,0.0,0.0,0.0,0.0,0.0,0.0,0.0,0.0,2.5,0.4,5.3,,backup,2026-09-23T16:10:42+00:00
2026,3,401872954,00-0039245,Ryan Cooper Jr.,DET,NYJ,DB,0.0,0.0,0.0,0.0,0.0,0.0,0.0,0.0,0.0,0.0,0.0,0.0,0.0,0.0,0.0,0.0,0.0,,roster_only,2026-09-23T16:10:42+00:00
2026,3,401872954,00-0039660,Thomas Harper,DET,NYJ,DB,0.0,0.0,0.0,0.0,0.0,0.0,0.0,0.0,0.0,0.0,0.0,0.0,0.0,0.0,3.3,1.3,5.7,,starter,2026-09-23T16:10:42+00:00
2026,3,401872954,00-0019730,Anthony Lucas,DET,NYJ,DE,0.0,0.0,0.0,0.0,0.0,0.0,0.0,0.0,0.0,0.0,0.0,0.0,0.0,0.0,0.0,0.0,0.0,,roster_only,2026-09-23T16:10:42+00:00
2026,3,401872954,00-0040761,Ahmed Hassanein,DET,NYJ,DL,0.0,0.0,0.0,0.0,0.0,0.0,0.0,0.0,0.0,0.0,0.0,0.0,0.0,0.0,1.0,0.0,4.5,Active,backup,2026-09-23T16:10:42+00:00
2026,3,401872954,00-0037236,Aidan Hutchinson,DET,NYJ,DL,0.0,0.0,0.0,0.0,0.0,0.0,0.0,0.0,0.0,0.0,0.0,0.0,0.0,0.0,2.9,0.8,5.7,Active,starter,2026-09-23T16:10:42+00:00
2026,3,401872954,00-0036624,Alim McNeill,DET,NYJ,DL,0.0,0.0,0.0,0.0,0.0,0.0,0.0,0.0,0.0,0.0,0.0,0.0,0.0,0.0,1.6,0.0,4.3,,starter,2026-09-23T16:10:42+00:00
2026,3,401872954,00-0041458,Anthony Lucas,DET,NYJ,DL,0.0,0.0,0.0,0.0,0.0,0.0,0.0,0.0,0.0,0.0,0.0,0.0,0.0,0.0,0.0,0.0,0.0,,roster_only,2026-09-23T16:10:42+00:00
2026,3,401872954,00-0037356,Ben Stille,DET,NYJ,DL,0.0,0.0,0.0,0.0,0.0,0.0,0.0,0.0,0.0,0.0,0.0,0.0,0.0,0.0,1.2,0.0,3.8,,recent_defensive_participant,2026-09-23T16:10:42+00:00
2026,3,401872954,00-0038661,Chris Smith,DET,NYJ,DL,0.0,0.0,0.0,0.0,0.0,0.0,0.0,0.0,0.0,0.0,0.0,0.0,0.0,0.0,0.0,0.0,0.0,,roster_only,2026-09-23T16:10:42+00:00
2026,3,401872954,00-0041459,Eric O'Neill,DET,NYJ,DL,0.0,0.0,0.0,0.0,0.0,0.0,0.0,0.0,0.0,0.0,0.0,0.0,0.0,0.0,1.2,0.0,4.7,,backup,2026-09-23T16:10:42+00:00
2026,3,401872954,00-0036954,Levi Onwuzurike,DET,NYJ,DL,0.0,0.0,0.0,0.0,0.0,0.0,0.0,0.0,0.0,0.0,0.0,0.0,0.0,0.0,2.2,0.1,5.0,Active,backup,2026-09-23T16:10:42+00:00
2026,3,401872954,00-0039396,Mekhi Wingo,DET,NYJ,DL,0.0,0.0,0.0,0.0,0.0,0.0,0.0,0.0,0.0,0.0,0.0,0.0,0.0,0.0,1.5,0.0,3.9,Active,backup,2026-09-23T16:10:42+00:00
2026,3,401872954,00-0036926,Payton Turner,DET,NYJ,DL,0.0,0.0,0.0,0.0,0.0,0.0,0.0,0.0,0.0,0.0,0.0,0.0,0.0,0.0,0.0,0.0,0.0,,backup,2026-09-23T16:10:42+00:00
2026,3,401872954,00-0041447,Skyler Gill-Howard,DET,NYJ,DL,0.0,0.0,0.0,0.0,0.0,0.0,0.0,0.0,0.0,0.0,0.0,0.0,0.0,0.0,1.2,0.0,4.7,,backup,2026-09-23T16:10:42+00:00
2026,3,401872954,00-0040672,Tyleik Williams,DET,NYJ,DL,0.0,0.0,0.0,0.0,0.0,0.0,0.0,0.0,0.0,0.0,0.0,0.0,0.0,0.0,1.6,0.0,4.0,,starter,2026-09-23T16:10:42+00:00
2026,3,401872954,00-0038940,Tyler Lacy,DET,NYJ,DL,0.0,0.0,0.0,0.0,0.0,0.0,0.0,0.0,0.0,0.0,0.0,0.0,0.0,0.0,1.8,0.0,4.3,,starter,2026-09-23T16:10:42+00:00
2026,3,401872954,00-0041448,Tyre West,DET,NYJ,DL,0.0,0.0,0.0,0.0,0.0,0.0,0.0,0.0,0.0,0.0,0.0,0.0,0.0,0.0,0.0,0.0,0.0,,roster_only,2026-09-23T16:10:42+00:00
2026,3,401872954,00-0039172,Jake Bates,DET,NYJ,K,0.0,0.0,0.0,0.0,0.0,0.0,0.0,0.0,0.0,0.0,0.0,8.1,3.0,13.9,0.0,0.0,0.0,Active,starter,2026-09-23T16:10:42+00:00
2026,3,401872954,00-0036716,Amen Ogbongbemiga,DET,NYJ,LB,0.0,0.0,0.0,0.0,0.0,0.0,0.0,0.0,0.0,0.0,0.0,0.0,0.0,0.0,0.0,0.0,0.0,,roster_only,2026-09-23T16:10:42+00:00
2026,3,401872954,00-0036335,D.J. Wonnum,DET,NYJ,LB,0.0,0.0,0.0,0.0,0.0,0.0,0.0,0.0,0.0,0.0,0.0,0.0,0.0,0.0,2.5,0.6,5.0,,backup,2026-09-23T16:10:42+00:00
2026,3,401872954,00-0037281,Damone Clark,DET,NYJ,LB,0.0,0.0,0.0,0.0,0.0,0.0,0.0,0.0,0.0,0.0,0.0,0.0,0.0,0.0,0.0,0.0,0.0,,backup,2026-09-23T16:10:42+00:00
2026,3,401872954,00-0036964,Derrick Barnes,DET,NYJ,LB,0.0,0.0,0.0,0.0,0.0,0.0,0.0,0.0,0.0,0.0,0.0,0.0,0.0,0.0,5.1,2.1,9.0,Active,starter,2026-09-23T16:10:42+00:00
2026,3,401872954,00-0041441,Derrick Moore,DET,NYJ,LB,0.0,0.0,0.0,0.0,0.0,0.0,0.0,0.0,0.0,0.0,0.0,0.0,0.0,0.0,1.5,0.0,5.0,,backup,2026-09-23T16:10:42+00:00
2026,3,401872954,00-0035707,Devin White,DET,NYJ,LB,0.0,0.0,0.0,0.0,0.0,0.0,0.0,0.0,0.0,0.0,0.0,0.0,0.0,0.0,7.3,4.9,11.9,,starter,2026-09-23T16:10:42+00:00
2026,3,401872954,00-0039018,Jack Campbell,DET,NYJ,LB,0.0,0.0,0.0,0.0,0.0,0.0,0.0,0.0,0.0,0.0,0.0,0.0,0.0,0.0,7.5,5.5,12.5,Active,starter,2026-09-23T16:10:42+00:00
2026,3,401872954,00-0041442,Jimmy Rolder,DET,NYJ,LB,0.0,0.0,0.0,0.0,0.0,0.0,0.0,0.0,0.0,0.0,0.0,0.0,0.0,0.0,1.5,0.0,5.0,Active,backup,2026-09-23T16:10:42+00:00
2026,3,401872954,00-0035895,Joe Bachie,DET,NYJ,LB,0.0,0.0,0.0,0.0,0.0,0.0,0.0,0.0,0.0,0.0,0.0,0.0,0.0,0.0,0.0,0.0,0.0,,roster_only,2026-09-23T16:10:42+00:00
2026,3,401872954,00-0037289,Malcolm Rodriguez,DET,NYJ,LB,0.0,0.0,0.0,0.0,0.0,0.0,0.0,0.0,0.0,0.0,0.0,0.0,0.0,0.0,2.8,0.9,5.3,,backup,2026-09-23T16:10:42+00:00
2026,3,401872954,00-0038660,Trevor Nowaske,DET,NYJ,LB,0.0,0.0,0.0,0.0,0.0,0.0,0.0,0.0,0.0,0.0,0.0,0.0,0.0,0.0,1.1,0.0,3.6,,backup,2026-09-23T16:10:42+00:00
2026,3,401872954,00-0033106,Jared Goff,DET,NYJ,QB,251.1,157.6,357.3,1.936,0.8571428571428571,4.2,-6.5,19.2,0.0,0.0,0.0,0.0,0.0,0.0,0.0,0.0,0.0,Active,starter,2026-09-23T16:10:42+00:00
2026,3,401872954,00-0033949,Joshua Dobbs,DET,NYJ,QB,0.0,0.0,0.0,0.0,0.0,9.5,-3.2,27.5,0.0,0.0,0.0,0.0,0.0,0.0,0.0,0.0,0.0,,backup,2026-09-23T16:10:42+00:00
2026,3,401872954,00-0041453,Luke Altmyer,DET,NYJ,QB,0.0,0.0,0.0,0.0,0.0,0.0,0.0,0.0,0.0,0.0,0.0,0.0,0.0,0.0,0.0,0.0,0.0,,roster_only,2026-09-23T16:10:42+00:00
2026,3,401872954,00-0031237,Teddy Bridgewater,DET,NYJ,QB,0.0,0.0,0.0,0.0,0.0,5.9,-4.8,21.0,0.0,0.0,0.0,0.0,0.0,0.0,0.0,0.0,0.0,,roster_only,2026-09-23T16:10:42+00:00
2026,3,401872954,00-0037197,Isiah Pacheco,DET,NYJ,RB,0.0,0.0,0.0,0.0,0.0,0.0,0.0,0.0,0.0,0.0,0.0,0.0,0.0,0.0,0.0,0.0,0.0,,backup,2026-09-23T16:10:42+00:00
2026,3,401872954,00-0039652,Jabari Small,DET,NYJ,RB,0.0,0.0,0.0,0.0,0.0,0.0,0.0,0.0,0.0,0.0,0.0,0.0,0.0,0.0,0.0,0.0,0.0,,roster_only,2026-09-23T16:10:42+00:00
2026,3,401872954,00-0038896,Jacob Saylors,DET,NYJ,RB,0.0,0.0,0.0,0.0,0.0,1.1,-9.6,16.1,0.6,-16.6,29.4,0.0,0.0,0.0,0.0,0.0,0.0,Active,backup,2026-09-23T16:10:42+00:00
2026,3,401872954,00-0039139,Jahmyr Gibbs,DET,NYJ,RB,0.0,0.0,0.0,0.0,0.0,64.4,42.4,95.3,32.4,15.3,61.2,0.0,0.0,0.0,0.0,0.0,0.0,Active,starter,2026-09-23T16:10:42+00:00
2026,3,401872954,00-0034440,Justin Jackson,DET,NYJ,RB,0.0,0.0,0.0,0.0,0.0,17.6,-12.6,60.1,3.9,-18.7,44.5,0.0,0.0,0.0,0.0,0.0,0.0,,roster_only,2026-09-23T16:10:42+00:00
2026,3,401872954,00-0041572,Roydell Williams,DET,NYJ,RB,0.0,0.0,0.0,0.0,0.0,0.0,0.0,0.0,0.0,0.0,0.0,0.0,0.0,0.0,0.0,0.0,0.0,,roster_only,2026-09-23T16:10:42+00:00
2026,3,401872954,00-0039364,Sione Vaki,DET,NYJ,RB,0.0,0.0,0.0,0.0,0.0,2.6,-8.1,17.7,1.6,-15.6,30.4,0.0,0.0,0.0,0.0,0.0,0.0,Active,backup,2026-09-23T16:10:42+00:00
2026,3,401872954,00-0036754,Brock Wright,DET,NYJ,TE,0.0,0.0,0.0,0.0,0.0,0.0,-10.8,15.0,16.5,-3.1,50.8,0.0,0.0,0.0,0.0,0.0,0.0,,backup,2026-09-23T16:10:42+00:00
2026,3,401872954,00-0040390,Jackson Meeks,DET,NYJ,TE,0.0,0.0,0.0,0.0,0.0,0.0,-14.8,20.7,2.9,-19.7,43.5,0.0,0.0,0.0,0.0,0.0,0.0,,backup,2026-09-23T16:10:42+00:00
2026,3,401872954,00-0039065,Sam LaPorta,DET,NYJ,TE,0.0,0.0,0.0,0.0,0.0,0.0,-10.8,15.0,47.3,27.6,81.6,0.0,0.0,0.0,0.0,0.0,0.0,Active,starter,2026-09-23T16:10:42+00:00
2026,3,401872954,00-0040697,Thomas Gordon,DET,NYJ,TE,0.0,0.0,0.0,0.0,0.0,0.0,0.0,0.0,0.0,0.0,0.0,0.0,0.0,0.0,0.0,0.0,0.0,,roster_only,2026-09-23T16:10:42+00:00
2026,3,401872954,00-0034270,Tyler Conklin,DET,NYJ,TE,0.0,0.0,0.0,0.0,0.0,0.0,-10.7,15.1,7.7,-9.5,36.5,0.0,0.0,0.0,0.0,0.0,0.0,,backup,2026-09-23T16:10:42+00:00
2026,3,401872954,00-0040387,Zach Horton,DET,NYJ,TE,0.0,0.0,0.0,0.0,0.0,0.0,0.0,0.0,0.0,0.0,0.0,0.0,0.0,0.0,0.0,0.0,0.0,,roster_only,2026-09-23T16:10:42+00:00
2026,3,401872954,00-0036963,Amon-Ra St. Brown,DET,NYJ,WR,0.0,0.0,0.0,0.0,0.0,0.1,-10.6,15.1,73.2,46.5,122.3,0.0,0.0,0.0,0.0,0.0,0.0,Active,starter,2026-09-23T16:10:42+00:00
2026,3,401872954,00-0040241,Dominic Lovett,DET,NYJ,WR,0.0,0.0,0.0,0.0,0.0,0.0,0.0,0.0,0.0,0.0,0.0,0.0,0.0,0.0,0.0,0.0,0.0,,roster_only,2026-09-23T16:10:42+00:00
2026,3,401872954,00-0040669,Isaac TeSlaa,DET,NYJ,WR,0.0,0.0,0.0,0.0,0.0,0.0,-10.8,15.0,21.1,-5.5,70.3,0.0,0.0,0.0,0.0,0.0,0.0,Active,backup,2026-09-23T16:10:42+00:00
2026,3,401872954,00-0037240,Jameson Williams,DET,NYJ,WR,0.0,0.0,0.0,0.0,0.0,0.3,-10.4,15.4,51.7,25.1,100.9,0.0,0.0,0.0,0.0,0.0,0.0,Active,backup,2026-09-23T16:10:42+00:00
2026,3,401872954,00-0041446,Kendrick Law,DET,NYJ,WR,0.0,0.0,0.0,0.0,0.0,0.0,0.0,0.0,0.0,0.0,0.0,0.0,0.0,0.0,0.0,0.0,0.0,,backup,2026-09-23T16:10:42+00:00
2026,3,401872954,00-0038181,Lucky Jackson,DET,NYJ,WR,0.0,0.0,0.0,0.0,0.0,0.0,0.0,0.0,0.0,0.0,0.0,0.0,0.0,0.0,0.0,0.0,0.0,,roster_only,2026-09-23T16:10:42+00:00
2026,3,401872954,00-0038911,Malik Cunningham,DET,NYJ,WR,0.0,0.0,0.0,0.0,0.0,0.0,0.0,0.0,0.0,0.0,0.0,0.0,0.0,0.0,0.0,0.0,0.0,,roster_only,2026-09-23T16:10:42+00:00
2026,3,401872954,00-0036491,Tarik Black,DET,NYJ,WR,0.0,0.0,0.0,0.0,0.0,0.0,0.0,0.0,0.0,0.0,0.0,0.0,0.0,0.0,0.0,0.0,0.0,,roster_only,2026-09-23T16:10:42+00:00
2026,3,401872954,00-0037524,Tay Martin,DET,NYJ,WR,0.0,0.0,0.0,0.0,0.0,0.0,-10.7,15.0,9.3,-7.9,38.1,0.0,0.0,0.0,0.0,0.0,0.0,,backup,2026-09-23T16:10:42+00:00
2026,3,401872954,00-0035544,Tom Kennedy,DET,NYJ,WR,0.0,0.0,0.0,0.0,0.0,0.0,-10.7,15.0,1.4,-15.8,30.2,0.0,0.0,0.0,0.0,0.0,0.0,,backup,2026-09-23T16:10:42+00:00
2026,3,401872954,00-0036941,Andre Cisco,NYJ,DET,DB,0.0,0.0,0.0,0.0,0.0,0.0,0.0,0.0,0.0,0.0,0.0,0.0,0.0,0.0,4.1,1.4,7.6,,backup,2026-09-23T16:10:42+00:00
2026,3,401872954,00-0040133,Azareye'h Thomas,NYJ,DET,DB,0.0,0.0,0.0,0.0,0.0,0.0,0.0,0.0,0.0,0.0,0.0,0.0,0.0,0.0,3.7,1.1,7.2,,backup,2026-09-23T16:10:42+00:00
2026,3,401872954,00-0036987,Brandon Stephens,NYJ,DET,DB,0.0,0.0,0.0,0.0,0.0,0.0,0.0,0.0,0.0,0.0,0.0,0.0,0.0,0.0,4.2,1.5,7.7,,starter,2026-09-23T16:10:42+00:00
2026,3,401872954,00-0041038,D'Angelo Ponds,NYJ,DET,DB,0.0,0.0,0.0,0.0,0.0,0.0,0.0,0.0,0.0,0.0,0.0,0.0,0.0,0.0,2.1,0.0,6.1,Active,backup,2026-09-23T16:10:42+00:00
2026,3,401872954,00-0038123,Dane Belton,NYJ,DET,DB,0.0,0.0,0.0,0.0,0.0,0.0,0.0,0.0,0.0,0.0,0.0,0.0,0.0,0.0,6.2,3.6,9.7,,starter,2026-09-23T16:10:42+00:00
2026,3,401872954,00-0040396,Dean Clark,NYJ,DET,DB,0.0,0.0,0.0,0.0,0.0,0.0,0.0,0.0,0.0,0.0,0.0,0.0,0.0,0.0,0.0,0.0,0.0,,roster_only,2026-09-23T16:10:42+00:00
2026,3,401872954,00-0039285,Jarius Monroe,NYJ,DET,DB,0.0,0.0,0.0,0.0,0.0,0.0,0.0,0.0,0.0,0.0,0.0,0.0,0.0,0.0,0.0,0.0,0.0,,roster_only,2026-09-23T16:10:42+00:00
2026,3,401872954,00-0039372,Jarvis Brownlee Jr.,NYJ,DET,DB,0.0,0.0,0.0,0.0,0.0,0.0,0.0,0.0,0.0,0.0,0.0,0.0,0.0,0.0,4.2,2.0,6.9,,starter,2026-09-23T16:10:42+00:00
2026,3,401872954,00-0040310,John Saunders Jr.,NYJ,DET,DB,0.0,0.0,0.0,0.0,0.0,0.0,0.0,0.0,0.0,0.0,0.0,0.0,0.0,0.0,0.0,0.0,0.0,,roster_only,2026-09-23T16:10:42+00:00
2026,3,401872954,00-0040397,Jordan Clark,NYJ,DET,DB,0.0,0.0,0.0,0.0,0.0,0.0,0.0,0.0,0.0,0.0,0.0,0.0,0.0,0.0,2.7,0.4,5.7,,backup,2026-09-23T16:10:42+00:00
2026,3,401872954,00-0040499,Keenan Garber,NYJ,DET,DB,0.0,0.0,0.0,0.0,0.0,0.0,0.0,0.0,0.0,0.0,0.0,0.0,0.0,0.0,0.0,0.0,0.0,,roster_only,2026-09-23T16:10:42+00:00
2026,3,401872954,00-0040165,Malachi Moore,NYJ,DET,DB,0.0,0.0,0.0,0.0,0.0,0.0,0.0,0.0,0.0,0.0,0.0,0.0,0.0,0.0,5.4,2.7,8.9,,backup,2026-09-23T16:10:42+00:00
2026,3,401872954,00-0034789,Minkah Fitzpatrick,NYJ,DET,DB,0.0,0.0,0.0,0.0,0.0,0.0,0.0,0.0,0.0,0.0,0.0,0.0,0.0,0.0,4.9,2.2,8.4,Questionable,starter,2026-09-23T16:10:42+00:00
2026,3,401872954,00-0041196,Mory Bamba,NYJ,DET,DB,0.0,0.0,0.0,0.0,0.0,0.0,0.0,0.0,0.0,0.0,0.0,0.0,0.0,0.0,0.0,0.0,0.0,,roster_only,2026-09-23T16:10:42+00:00
2026,3,401872954,00-0036986,Nahshon Wright,NYJ,DET,DB,0.0,0.0,0.0,0.0,0.0,0.0,0.0,0.0,0.0,0.0,0.0,0.0,0.0,0.0,4.2,1.5,7.6,,starter,2026-09-23T16:10:42+00:00
2026,3,401872954,00-0039789,Qwan'tez Stiggers,NYJ,DET,DB,0.0,0.0,0.0,0.0,0.0,0.0,0.0,0.0,0.0,0.0,0.0,0.0,0.0,0.0,4.3,1.7,7.8,,backup,2026-09-23T16:10:42+00:00
2026,3,401872954,00-0037830,Samuel Womack,NYJ,DET,DB,0.0,0.0,0.0,0.0,0.0,0.0,0.0,0.0,0.0,0.0,0.0,0.0,0.0,0.0,0.0,0.0,0.0,,roster_only,2026-09-23T16:10:42+00:00
2026,3,401872954,00-0041010,Tanner Wall,NYJ,DET,DB,0.0,0.0,0.0,0.0,0.0,0.0,0.0,0.0,0.0,0.0,0.0,0.0,0.0,0.0,0.0,0.0,0.0,,roster_only,2026-09-23T16:10:42+00:00
2026,3,401872954,00-0036885,Tre Brown,NYJ,DET,DB,0.0,0.0,0.0,0.0,0.0,0.0,0.0,0.0,0.0,0.0,0.0,0.0,0.0,0.0,0.0,0.0,0.0,,backup,2026-09-23T16:10:42+00:00
2026,3,401872954,00-0041120,VJ Payne,NYJ,DET,DB,0.0,0.0,0.0,0.0,0.0,0.0,0.0,0.0,0.0,0.0,0.0,0.0,0.0,0.0,0.0,0.0,0.0,,backup,2026-09-23T16:10:42+00:00
2026,3,401872954,EKE080143,Paschal Ekeji,NYJ,DET,DE,0.0,0.0,0.0,0.0,0.0,0.0,0.0,0.0,0.0,0.0,0.0,0.0,0.0,0.0,0.0,0.0,0.0,,roster_only,2026-09-23T16:10:42+00:00
2026,3,401872954,00-0041012,Anthony Dunn,NYJ,DET,DL,0.0,0.0,0.0,0.0,0.0,0.0,0.0,0.0,0.0,0.0,0.0,0.0,0.0,0.0,0.0,0.0,0.0,,roster_only,2026-09-23T16:10:42+00:00
2026,3,401872954,00-0041549,Darrell Jackson Jr.,NYJ,DET,DL,0.0,0.0,0.0,0.0,0.0,0.0,0.0,0.0,0.0,0.0,0.0,0.0,0.0,0.0,1.2,0.0,4.7,,backup,2026-09-23T16:10:42+00:00
2026,3,401872954,00-0033051,David Onyemata,NYJ,DET,DL,0.0,0.0,0.0,0.0,0.0,0.0,0.0,0.0,0.0,0.0,0.0,0.0,0.0,0.0,0.0,0.0,0.0,Injured Reserve,backup,2026-09-23T16:10:42+00:00
2026,3,401872954,00-0034782,Harrison Phillips,NYJ,DET,DL,0.0,0.0,0.0,0.0,0.0,0.0,0.0,0.0,0.0,0.0,0.0,0.0,0.0,0.0,3.3,1.3,5.7,,starter,2026-09-23T16:10:42+00:00
2026,3,401872954,00-0036788,Jack Heflin,NYJ,DET,DL,0.0,0.0,0.0,0.0,0.0,0.0,0.0,0.0,0.0,0.0,0.0,0.0,0.0,0.0,0.0,0.0,0.0,,backup,2026-09-23T16:10:42+00:00
2026,3,401872954,00-0039431,Jowon Briggs,NYJ,DET,DL,0.0,0.0,0.0,0.0,0.0,0.0,0.0,0.0,0.0,0.0,0.0,0.0,0.0,0.0,2.5,0.4,5.2,,backup,2026-09-23T16:10:42+00:00
2026,3,401872954,00-0037431,Kingsley Jonathan,NYJ,DET,DL,0.0,0.0,0.0,0.0,0.0,0.0,0.0,0.0,0.0,0.0,0.0,0.0,0.0,0.0,0.0,0.0,0.0,,backup,2026-09-23T16:10:42+00:00
2026,3,401872954,00-0040404,Payton Page,NYJ,DET,DL,0.0,0.0,0.0,0.0,0.0,0.0,0.0,0.0,0.0,0.0,0.0,0.0,0.0,0.0,0.0,0.0,0.0,,roster_only,2026-09-23T16:10:42+00:00
2026,3,401872954,00-0039886,T'Vondre Sweat,NYJ,DET,DL,0.0,0.0,0.0,0.0,0.0,0.0,0.0,0.0,0.0,0.0,0.0,0.0,0.0,0.0,2.5,0.6,5.0,,starter,2026-09-23T16:10:42+00:00
2026,3,401872954,00-0038905,Blake Grupe,NYJ,DET,K,0.0,0.0,0.0,0.0,0.0,0.0,0.0,0.0,0.0,0.0,0.0,0.0,0.0,0.0,0.0,0.0,0.0,Active,backup,2026-09-23T16:10:42+00:00
2026,3,401872954,00-0034794,Jason Sanders,NYJ,DET,K,0.0,0.0,0.0,0.0,0.0,0.0,0.0,0.0,0.0,0.0,0.0,6.6,2.1,11.8,0.0,0.0,0.0,Active,starter,2026-09-23T16:10:42+00:00
2026,3,401872954,00-0039284,Braiden McGregor,NYJ,DET,LB,0.0,0.0,0.0,0.0,0.0,0.0,0.0,0.0,0.0,0.0,0.0,0.0,0.0,0.0,2.1,0.2,4.6,,backup,2026-09-23T16:10:42+00:00
2026,3,401872954,00-0041515,Chase Wilson,NYJ,DET,LB,0.0,0.0,0.0,0.0,0.0,0.0,0.0,0.0,0.0,0.0,0.0,0.0,0.0,0.0,0.0,0.0,0.0,,roster_only,2026-09-23T16:10:42+00:00
2026,3,401872954,00-0041026,David Bailey,NYJ,DET,LB,0.0,0.0,0.0,0.0,0.0,0.0,0.0,0.0,0.0,0.0,0.0,0.0,0.0,0.0,1.7,0.0,5.2,,backup,2026-09-23T16:10:42+00:00
2026,3,401872954,00-0029607,Demario Davis,NYJ,DET,LB,0.0,0.0,0.0,0.0,0.0,0.0,0.0,0.0,0.0,0.0,0.0,0.0,0.0,0.0,6.8,4.0,10.9,Active,starter,2026-09-23T16:10:42+00:00
2026,3,401872954,00-0040186,Francisco Mauigoa,NYJ,DET,LB,0.0,0.0,0.0,0.0,0.0,0.0,0.0,0.0,0.0,0.0,0.0,0.0,0.0,0.0,3.0,1.0,5.4,Questionable,starter,2026-09-23T16:10:42+00:00
2026,3,401872954,00-0041410,Jaden Keller,NYJ,DET,LB,0.0,0.0,0.0,0.0,0.0,0.0,0.0,0.0,0.0,0.0,0.0,0.0,0.0,0.0,0.0,0.0,0.0,,roster_only,2026-09-23T16:10:42+00:00
2026,3,401872954,00-0036500,Jamien Sherwood,NYJ,DET,LB,0.0,0.0,0.0,0.0,0.0,0.0,0.0,0.0,0.0,0.0,0.0,0.0,0.0,0.0,7.4,5.2,12.2,Active,starter,2026-09-23T16:10:42+00:00
2026,3,401872954,00-0036902,Joseph Ossai,NYJ,DET,LB,0.0,0.0,0.0,0.0,0.0,0.0,0.0,0.0,0.0,0.0,0.0,0.0,0.0,0.0,2.8,0.0,6.9,Questionable,backup,2026-09-23T16:10:42+00:00
2026,3,401872954,00-0037083,Kingsley Enagbare,NYJ,DET,LB,0.0,0.0,0.0,0.0,0.0,0.0,0.0,0.0,0.0,0.0,0.0,0.0,0.0,0.0,3.3,0.4,7.3,,starter,2026-09-23T16:10:42+00:00
2026,3,401872954,00-0037526,Marcelino McCrary-Ball,NYJ,DET,LB,0.0,0.0,0.0,0.0,0.0,0.0,0.0,0.0,0.0,0.0,0.0,0.0,0.0,0.0,0.0,0.0,0.0,Injured Reserve,backup,2026-09-23T16:10:42+00:00
2026,3,401872954,00-0036300,Mykal Walker,NYJ,DET,LB,0.0,0.0,0.0,0.0,0.0,0.0,0.0,0.0,0.0,0.0,0.0,0.0,0.0,0.0,0.0,0.0,0.0,,roster_only,2026-09-23T16:10:42+00:00
2026,3,401872954,00-0039447,Nate Lynn,NYJ,DET,LB,0.0,0.0,0.0,0.0,0.0,0.0,0.0,0.0,0.0,0.0,0.0,0.0,0.0,0.0,0.0,0.0,0.0,,roster_only,2026-09-23T16:10:42+00:00
2026,3,401872954,00-0040793,Paschal Ekeji,NYJ,DET,LB,0.0,0.0,0.0,0.0,0.0,0.0,0.0,0.0,0.0,0.0,0.0,0.0,0.0,0.0,0.0,0.0,0.0,,roster_only,2026-09-23T16:10:42+00:00
2026,3,401872954,00-0039347,Trevin Wallace,NYJ,DET,LB,0.0,0.0,0.0,0.0,0.0,0.0,0.0,0.0,0.0,0.0,0.0,0.0,0.0,0.0,5.0,2.0,9.0,Active,backup,2026-09-23T16:10:42+00:00
2026,3,401872954,00-0035617,Troy Reeder,NYJ,DET,LB,0.0,0.0,0.0,0.0,0.0,0.0,0.0,0.0,0.0,0.0,0.0,0.0,0.0,0.0,1.6,0.0,4.1,Active,backup,2026-09-23T16:10:42+00:00
2026,3,401872954,00-0040196,Tyler Baron,NYJ,DET,LB,0.0,0.0,0.0,0.0,0.0,0.0,0.0,0.0,0.0,0.0,0.0,0.0,0.0,0.0,0.0,0.0,0.0,,backup,2026-09-23T16:10:42+00:00
2026,3,401872954,00-0039142,Will McDonald IV,NYJ,DET,LB,0.0,0.0,0.0,0.0,0.0,0.0,0.0,0.0,0.0,0.0,0.0,0.0,0.0,0.0,2.5,0.0,6.6,Active,starter,2026-09-23T16:10:42+00:00
2026,3,401872954,00-0038108,Bailey Zappe,NYJ,DET,QB,0.0,0.0,0.0,0.0,0.0,0.0,0.0,0.0,0.0,0.0,0.0,0.0,0.0,0.0,0.0,0.0,0.0,,roster_only,2026-09-23T16:10:42+00:00
2026,3,401872954,00-0041056,Cade Klubnik,NYJ,DET,QB,0.0,0.0,0.0,0.0,0.0,8.7,-8.8,33.4,0.0,0.0,0.0,0.0,0.0,0.0,0.0,0.0,0.0,,backup,2026-09-23T16:10:42+00:00
2026,3,401872954,00-0030565,Geno Smith,NYJ,DET,QB,201.5,108.1,307.7,0.875,0.5997184855606636,8.1,-2.6,23.2,0.0,0.0,0.0,0.0,0.0,0.0,0.0,0.0,0.0,Active,starter,2026-09-23T16:10:42+00:00
2026,3,401872954,00-0039152,Will Levis,NYJ,DET,QB,0.0,0.0,0.0,0.0,0.0,9.0,-3.8,26.9,0.0,0.0,0.0,0.0,0.0,0.0,0.0,0.0,0.0,,roster_only,2026-09-23T16:10:42+00:00
2026,3,401872954,HEN032810,Al-Jay Henderson,NYJ,DET,RB,0.0,0.0,0.0,0.0,0.0,0.0,0.0,0.0,0.0,0.0,0.0,0.0,0.0,0.0,0.0,0.0,0.0,,roster_only,2026-09-23T16:10:42+00:00
2026,3,401872954,00-0034959,Andrew Beck,NYJ,DET,RB,0.0,0.0,0.0,0.0,0.0,1.4,-9.3,16.5,2.9,-14.2,31.7,0.0,0.0,0.0,0.0,0.0,0.0,,backup,2026-09-23T16:10:42+00:00
2026,3,401872954,00-0039794,Braelon Allen,NYJ,DET,RB,0.0,0.0,0.0,0.0,0.0,18.3,-3.7,49.3,4.2,-13.0,33.0,0.0,0.0,0.0,0.0,0.0,0.0,Active,backup,2026-09-23T16:10:42+00:00
2026,3,401872954,00-0038120,Breece Hall,NYJ,DET,RB,0.0,0.0,0.0,0.0,0.0,57.3,35.3,88.3,16.9,-0.3,45.7,0.0,0.0,0.0,0.0,0.0,0.0,Active,starter,2026-09-23T16:10:42+00:00
2026,3,401872954,00-0041239,Chip Trayanum,NYJ,DET,RB,0.0,0.0,0.0,0.0,0.0,0.0,0.0,0.0,0.0,0.0,0.0,0.0,0.0,0.0,0.0,0.0,0.0,,backup,2026-09-23T16:10:42+00:00
2026,3,401872954,00-0040937,Dominic Richardson,NYJ,DET,RB,0.0,0.0,0.0,0.0,0.0,14.1,-16.2,56.6,2.9,-19.7,43.5,0.0,0.0,0.0,0.0,0.0,0.0,,roster_only,2026-09-23T16:10:42+00:00
2026,3,401872954,00-0039798,Isaiah Davis,NYJ,DET,RB,0.0,0.0,0.0,0.0,0.0,13.8,-8.2,44.8,4.7,-12.5,33.5,0.0,0.0,0.0,0.0,0.0,0.0,Active,backup,2026-09-23T16:10:42+00:00
2026,3,401872954,00-0036842,Kene Nwangwu,NYJ,DET,RB,0.0,0.0,0.0,0.0,0.0,7.6,-3.1,22.7,2.0,-15.1,30.9,0.0,0.0,0.0,0.0,0.0,0.0,Questionable,backup,2026-09-23T16:10:42+00:00
2026,3,401872954,00-0041237,Chase Curtis,NYJ,DET,TE,0.0,0.0,0.0,0.0,0.0,0.0,0.0,0.0,0.0,0.0,0.0,0.0,0.0,0.0,0.0,0.0,0.0,,roster_only,2026-09-23T16:10:42+00:00
2026,3,401872954,00-0041577,Connor Hulstein,NYJ,DET,TE,0.0,0.0,0.0,0.0,0.0,0.0,-14.8,20.6,3.5,-19.1,44.1,0.0,0.0,0.0,0.0,0.0,0.0,,roster_only,2026-09-23T16:10:42+00:00
2026,3,401872954,00-0037755,Jelani Woods,NYJ,DET,TE,0.0,0.0,0.0,0.0,0.0,0.0,-10.8,14.9,10.5,-6.7,39.3,0.0,0.0,0.0,0.0,0.0,0.0,,backup,2026-09-23T16:10:42+00:00
2026,3,401872954,00-0037805,Jeremy Ruckert,NYJ,DET,TE,0.0,0.0,0.0,0.0,0.0,0.0,-10.8,14.9,12.0,-5.1,40.8,0.0,0.0,0.0,0.0,0.0,0.0,,backup,2026-09-23T16:10:42+00:00
2026,3,401872954,00-0041032,Kenyon Sadiq,NYJ,DET,TE,0.0,0.0,0.0,0.0,0.0,0.2,-14.5,20.9,7.2,-15.4,47.8,0.0,0.0,0.0,0.0,0.0,0.0,Active,starter,2026-09-23T16:10:42+00:00
2026,3,401872954,00-0040736,Mason Taylor,NYJ,DET,TE,0.0,0.0,0.0,0.0,0.0,0.0,-10.8,14.9,25.9,6.2,60.1,0.0,0.0,0.0,0.0,0.0,0.0,Doubtful,backup,2026-09-23T16:10:42+00:00
2026,3,401872954,00-0039890,Adonai Mitchell,NYJ,DET,WR,0.0,0.0,0.0,0.0,0.0,0.0,-10.8,15.0,44.6,17.9,93.8,0.0,0.0,0.0,0.0,0.0,0.0,Active,backup,2026-09-23T16:10:42+00:00
2026,3,401872954,00-0040582,Arian Smith,NYJ,DET,WR,0.0,0.0,0.0,0.0,0.0,0.0,0.0,0.0,0.0,0.0,0.0,0.0,0.0,0.0,0.0,0.0,0.0,Injured Reserve,backup,2026-09-23T16:10:42+00:00
2026,3,401872954,00-0040324,Cam Camper,NYJ,DET,WR,0.0,0.0,0.0,0.0,0.0,0.0,0.0,0.0,0.0,0.0,0.0,0.0,0.0,0.0,0.0,0.0,0.0,,roster_only,2026-09-23T16:10:42+00:00
2026,3,401872954,00-0041199,Caullin Lacy,NYJ,DET,WR,0.0,0.0,0.0,0.0,0.0,0.0,0.0,0.0,0.0,0.0,0.0,0.0,0.0,0.0,0.0,0.0,0.0,,roster_only,2026-09-23T16:10:42+00:00
2026,3,401872954,00-0037740,Garrett Wilson,NYJ,DET,WR,0.0,0.0,0.0,0.0,0.0,0.0,-10.8,15.0,55.2,28.6,104.4,0.0,0.0,0.0,0.0,0.0,0.0,Active,starter,2026-09-23T16:10:42+00:00
2026,3,401872954,00-0039451,Isaiah Williams,NYJ,DET,WR,0.0,0.0,0.0,0.0,0.0,1.5,-9.3,16.5,18.6,-8.1,67.8,0.0,0.0,0.0,0.0,0.0,0.0,Active,backup,2026-09-23T16:10:42+00:00
2026,3,401872954,00-0040405,Jamaal Pritchett,NYJ,DET,WR,0.0,0.0,0.0,0.0,0.0,0.0,0.0,0.0,0.0,0.0,0.0,0.0,0.0,0.0,0.0,0.0,0.0,,roster_only,2026-09-23T16:10:42+00:00
2026,3,401872954,00-0040247,Junior Bergen,NYJ,DET,WR,0.0,0.0,0.0,0.0,0.0,0.0,0.0,0.0,0.0,0.0,0.0,0.0,0.0,0.0,0.0,0.0,0.0,,roster_only,2026-09-23T16:10:42+00:00
2026,3,401872954,00-0041267,Malik McClain,NYJ,DET,WR,0.0,0.0,0.0,0.0,0.0,0.0,0.0,0.0,0.0,0.0,0.0,0.0,0.0,0.0,0.0,0.0,0.0,Active,backup,2026-09-23T16:10:42+00:00
2026,3,401872954,00-0041511,Omar Cooper Jr.,NYJ,DET,WR,0.0,0.0,0.0,0.0,0.0,0.0,0.0,0.0,0.0,0.0,0.0,0.0,0.0,0.0,0.0,0.0,0.0,,backup,2026-09-23T16:10:42+00:00
2026,3,401872954,00-0032385,Sterling Shepard,NYJ,DET,WR,0.0,0.0,0.0,0.0,0.0,0.0,0.0,0.0,0.0,0.0,0.0,0.0,0.0,0.0,0.0,0.0,0.0,,roster_only,2026-09-23T16:10:42+00:00
2026,3,401872954,00-0033375,Tim Patrick,NYJ,DET,WR,0.0,0.0,0.0,0.0,0.0,0.0,0.0,0.0,0.0,0.0,0.0,0.0,0.0,0.0,0.0,0.0,0.0,,backup,2026-09-23T16:10:42+00:00
2026,3,401872954,00-0036427,Tyler Johnson,NYJ,DET,WR,0.0,0.0,0.0,0.0,0.0,0.0,0.0,0.0,0.0,0.0,0.0,0.0,0.0,0.0,0.0,0.0,0.0,,roster_only,2026-09-23T16:10:42+00:00
2026,3,401872955,00-0038866,AJ Finley,SEA,WSH,DB,0.0,0.0,0.0,0.0,0.0,0.0,0.0,0.0,0.0,0.0,0.0,0.0,0.0,0.0,0.9,0.0,3.4,,backup,2026-09-23T16:10:42+00:00
2026,3,401872955,00-0040903,Andre Fuller,SEA,WSH,DB,0.0,0.0,0.0,0.0,0.0,0.0,0.0,0.0,0.0,0.0,0.0,0.0,0.0,0.0,0.0,0.0,0.0,,roster_only,2026-09-23T16:10:42+00:00
2026,3,401872955,00-0041382,Avery Smith,SEA,WSH,DB,0.0,0.0,0.0,0.0,0.0,0.0,0.0,0.0,0.0,0.0,0.0,0.0,0.0,0.0,2.0,0.0,5.9,,backup,2026-09-23T16:10:42+00:00
2026,3,401872955,00-0041463,Bud Clark,SEA,WSH,DB,0.0,0.0,0.0,0.0,0.0,0.0,0.0,0.0,0.0,0.0,0.0,0.0,0.0,0.0,0.0,0.0,0.0,,backup,2026-09-23T16:10:42+00:00
2026,3,401872955,00-0037332,D'Anthony Bell,SEA,WSH,DB,0.0,0.0,0.0,0.0,0.0,0.0,0.0,0.0,0.0,0.0,0.0,0.0,0.0,0.0,0.0,0.0,0.0,,roster_only,2026-09-23T16:10:42+00:00
2026,3,401872955,00-0039169,Devon Witherspoon,SEA,WSH,DB,0.0,0.0,0.0,0.0,0.0,0.0,0.0,0.0,0.0,0.0,0.0,0.0,0.0,0.0,5.9,3.2,9.4,,starter,2026-09-23T16:10:42+00:00
2026,3,401872955,00-0041584,Jordan Washington,SEA,WSH,DB,0.0,0.0,0.0,0.0,0.0,0.0,0.0,0.0,0.0,0.0,0.0,0.0,0.0,0.0,0.0,0.0,0.0,,roster_only,2026-09-23T16:10:42+00:00
2026,3,401872955,00-0037137,Josh Jobe,SEA,WSH,DB,0.0,0.0,0.0,0.0,0.0,0.0,0.0,0.0,0.0,0.0,0.0,0.0,0.0,0.0,3.3,0.7,6.9,,starter,2026-09-23T16:10:42+00:00
2026,3,401872955,00-0034974,Julian Love,SEA,WSH,DB,0.0,0.0,0.0,0.0,0.0,0.0,0.0,0.0,0.0,0.0,0.0,0.0,0.0,0.0,5.6,2.9,9.1,,starter,2026-09-23T16:10:42+00:00
2026,3,401872955,00-0040873,Julian Neal,SEA,WSH,DB,0.0,0.0,0.0,0.0,0.0,0.0,0.0,0.0,0.0,0.0,0.0,0.0,0.0,0.0,2.2,0.0,6.1,,backup,2026-09-23T16:10:42+00:00
2026,3,401872955,00-0040026,Maxen Hook,SEA,WSH,DB,0.0,0.0,0.0,0.0,0.0,0.0,0.0,0.0,0.0,0.0,0.0,0.0,0.0,0.0,0.0,0.0,0.0,,roster_only,2026-09-23T16:10:42+00:00
2026,3,401872955,00-0040910,Michael Dansby,SEA,WSH,DB,0.0,0.0,0.0,0.0,0.0,0.0,0.0,0.0,0.0,0.0,0.0,0.0,0.0,0.0,0.0,0.0,0.0,,roster_only,2026-09-23T16:10:42+00:00
2026,3,401872955,00-0039795,Nehemiah Pritchett,SEA,WSH,DB,0.0,0.0,0.0,0.0,0.0,0.0,0.0,0.0,0.0,0.0,0.0,0.0,0.0,0.0,1.2,0.0,3.8,,backup,2026-09-23T16:10:42+00:00
2026,3,401872955,00-0040733,Nick Emmanwori,SEA,WSH,DB,0.0,0.0,0.0,0.0,0.0,0.0,0.0,0.0,0.0,0.0,0.0,0.0,0.0,0.0,5.8,3.1,9.3,Active,starter,2026-09-23T16:10:42+00:00
2026,3,401872955,00-0037323,Rodney Thomas,SEA,WSH,DB,0.0,0.0,0.0,0.0,0.0,0.0,0.0,0.0,0.0,0.0,0.0,0.0,0.0,0.0,1.2,0.0,3.7,,recent_defensive_participant,2026-09-23T16:10:42+00:00
2026,3,401872955,00-0039903,Terrion Arnold,SEA,WSH,DB,0.0,0.0,0.0,0.0,0.0,0.0,0.0,0.0,0.0,0.0,0.0,0.0,0.0,0.0,0.0,0.0,0.0,,backup,2026-09-23T16:10:42+00:00
2026,3,401872955,00-0036361,Trevon Diggs,SEA,WSH,DB,0.0,0.0,0.0,0.0,0.0,0.0,0.0,0.0,0.0,0.0,0.0,0.0,0.0,0.0,0.0,0.0,0.0,,roster_only,2026-09-23T16:10:42+00:00
2026,3,401872955,00-0038765,Ty Okada,SEA,WSH,DB,0.0,0.0,0.0,0.0,0.0,0.0,0.0,0.0,0.0,0.0,0.0,0.0,0.0,0.0,3.7,1.5,6.4,Questionable,starter,2026-09-23T16:10:42+00:00
2026,3,401872955,00-0040273,Tysheem Johnson,SEA,WSH,DB,0.0,0.0,0.0,0.0,0.0,0.0,0.0,0.0,0.0,0.0,0.0,0.0,0.0,0.0,0.0,0.0,0.0,,roster_only,2026-09-23T16:10:42+00:00
2026,3,401872955,00-0038694,Brandon Pili,SEA,WSH,DL,0.0,0.0,0.0,0.0,0.0,0.0,0.0,0.0,0.0,0.0,0.0,0.0,0.0,0.0,1.0,0.0,3.5,Questionable,backup,2026-09-23T16:10:42+00:00
2026,3,401872955,00-0039309,Byron Murphy II,SEA,WSH,DL,0.0,0.0,0.0,0.0,0.0,0.0,0.0,0.0,0.0,0.0,0.0,0.0,0.0,0.0,3.2,1.0,5.9,,starter,2026-09-23T16:10:42+00:00
2026,3,401872955,00-0040904,Deven Eastern,SEA,WSH,DL,0.0,0.0,0.0,0.0,0.0,0.0,0.0,0.0,0.0,0.0,0.0,0.0,0.0,0.0,0.0,0.0,0.0,,roster_only,2026-09-23T16:10:42+00:00
2026,3,401872955,00-0040063,J.R. Singleton,SEA,WSH,DL,0.0,0.0,0.0,0.0,0.0,0.0,0.0,0.0,0.0,0.0,0.0,0.0,0.0,0.0,0.0,0.0,0.0,,roster_only,2026-09-23T16:10:42+00:00
2026,3,401872955,00-0040055,Jalan Gaines,SEA,WSH,DL,0.0,0.0,0.0,0.0,0.0,0.0,0.0,0.0,0.0,0.0,0.0,0.0,0.0,0.0,0.0,0.0,0.0,,roster_only,2026-09-23T16:10:42+00:00
2026,3,401872955,00-0032387,Jarran Reed,SEA,WSH,DL,0.0,0.0,0.0,0.0,0.0,0.0,0.0,0.0,0.0,0.0,0.0,0.0,0.0,0.0,2.2,0.3,4.7,,starter,2026-09-23T16:10:42+00:00
2026,3,401872955,00-0031933,Leonard Williams,SEA,WSH,DL,0.0,0.0,0.0,0.0,0.0,0.0,0.0,0.0,0.0,0.0,0.0,0.0,0.0,0.0,3.2,1.0,5.9,,starter,2026-09-23T16:10:42+00:00
2026,3,401872955,00-0038591,Mike Morris,SEA,WSH,DL,0.0,0.0,0.0,0.0,0.0,0.0,0.0,0.0,0.0,0.0,0.0,0.0,0.0,0.0,1.1,0.0,3.5,Active,backup,2026-09-23T16:10:42+00:00
2026,3,401872955,00-0040647,Rylie Mills,SEA,WSH,DL,0.0,0.0,0.0,0.0,0.0,0.0,0.0,0.0,0.0,0.0,0.0,0.0,0.0,0.0,1.0,0.0,3.7,,backup,2026-09-23T16:10:42+00:00
2026,3,401872955,00-0040975,Uso Seumalo,SEA,WSH,DL,0.0,0.0,0.0,0.0,0.0,0.0,0.0,0.0,0.0,0.0,0.0,0.0,0.0,0.0,0.0,0.0,0.0,,roster_only,2026-09-23T16:10:42+00:00
2026,3,401872955,00-0040064,Wy'Kevious Thomas,SEA,WSH,DL,0.0,0.0,0.0,0.0,0.0,0.0,0.0,0.0,0.0,0.0,0.0,0.0,0.0,0.0,0.0,0.0,0.0,,roster_only,2026-09-23T16:10:42+00:00
2026,3,401872955,00-0031492,Jason Myers,SEA,WSH,K,0.0,0.0,0.0,0.0,0.0,0.0,0.0,0.0,0.0,0.0,0.0,7.8,2.7,13.6,0.0,0.0,0.0,Active,starter,2026-09-23T16:10:42+00:00
2026,3,401872955,00-0040407,Aaron Smith,SEA,WSH,LB,0.0,0.0,0.0,0.0,0.0,0.0,0.0,0.0,0.0,0.0,0.0,0.0,0.0,0.0,0.0,0.0,0.0,,roster_only,2026-09-23T16:10:42+00:00
2026,3,401872955,00-0040972,Aidan Hubbard,SEA,WSH,LB,0.0,0.0,0.0,0.0,0.0,0.0,0.0,0.0,0.0,0.0,0.0,0.0,0.0,0.0,0.0,0.0,0.0,,roster_only,2026-09-23T16:10:42+00:00
2026,3,401872955,00-0037003,Chazz Surratt,SEA,WSH,LB,0.0,0.0,0.0,0.0,0.0,0.0,0.0,0.0,0.0,0.0,0.0,0.0,0.0,0.0,0.8,0.0,3.2,,recent_defensive_participant,2026-09-23T16:10:42+00:00
2026,3,401872955,00-0040061,Connor O'Toole,SEA,WSH,LB,0.0,0.0,0.0,0.0,0.0,0.0,0.0,0.0,0.0,0.0,0.0,0.0,0.0,0.0,1.1,0.0,3.6,Active,backup,2026-09-23T16:10:42+00:00
2026,3,401872955,00-0032052,Dante Fowler Jr.,SEA,WSH,LB,0.0,0.0,0.0,0.0,0.0,0.0,0.0,0.0,0.0,0.0,0.0,0.0,0.0,0.0,1.2,0.0,3.7,,backup,2026-09-23T16:10:42+00:00
2026,3,401872955,00-0031411,DeMarcus Lawrence,SEA,WSH,LB,0.0,0.0,0.0,0.0,0.0,0.0,0.0,0.0,0.0,0.0,0.0,0.0,0.0,0.0,3.4,0.5,7.5,,starter,2026-09-23T16:10:42+00:00
2026,3,401872955,00-0039047,Derick Hall,SEA,WSH,LB,0.0,0.0,0.0,0.0,0.0,0.0,0.0,0.0,0.0,0.0,0.0,0.0,0.0,0.0,2.1,0.2,4.6,,backup,2026-09-23T16:10:42+00:00
2026,3,401872955,00-0038922,Drake Thomas,SEA,WSH,LB,0.0,0.0,0.0,0.0,0.0,0.0,0.0,0.0,0.0,0.0,0.0,0.0,0.0,0.0,5.8,2.8,9.8,,recent_defensive_participant,2026-09-23T16:10:42+00:00
2026,3,401872955,00-0036994,Ernest Jones,SEA,WSH,LB,0.0,0.0,0.0,0.0,0.0,0.0,0.0,0.0,0.0,0.0,0.0,0.0,0.0,0.0,6.9,4.2,11.2,Active,recent_defensive_participant,2026-09-23T16:10:42+00:00
2026,3,401872955,00-0038764,Patrick O'Connell,SEA,WSH,LB,0.0,0.0,0.0,0.0,0.0,0.0,0.0,0.0,0.0,0.0,0.0,0.0,0.0,0.0,1.3,0.0,3.8,,recent_defensive_participant,2026-09-23T16:10:42+00:00
2026,3,401872955,00-0040588,Pooh Paul Jr.,SEA,WSH,LB,0.0,0.0,0.0,0.0,0.0,0.0,0.0,0.0,0.0,0.0,0.0,0.0,0.0,0.0,0.0,0.0,0.0,,roster_only,2026-09-23T16:10:42+00:00
2026,3,401872955,00-0040270,Power Echols,SEA,WSH,LB,0.0,0.0,0.0,0.0,0.0,0.0,0.0,0.0,0.0,0.0,0.0,0.0,0.0,0.0,0.0,0.0,0.0,,roster_only,2026-09-23T16:10:42+00:00
2026,3,401872955,00-0039815,Tyrice Knight,SEA,WSH,LB,0.0,0.0,0.0,0.0,0.0,0.0,0.0,0.0,0.0,0.0,0.0,0.0,0.0,0.0,2.1,0.2,4.7,,recent_defensive_participant,2026-09-23T16:10:42+00:00
2026,3,401872955,00-0034350,Uchenna Nwosu,SEA,WSH,LB,0.0,0.0,0.0,0.0,0.0,0.0,0.0,0.0,0.0,0.0,0.0,0.0,0.0,0.0,2.4,0.5,4.9,,starter,2026-09-23T16:10:42+00:00
2026,3,401872955,00-0035704,Drew Lock,SEA,WSH,QB,0.0,0.0,0.0,0.0,0.0,7.1,-3.6,22.2,0.0,0.0,0.0,0.0,0.0,0.0,0.0,0.0,0.0,Active,backup,2026-09-23T16:10:42+00:00
2026,3,401872955,00-0040673,Jalen Milroe,SEA,WSH,QB,0.0,0.0,0.0,0.0,0.0,3.2,-8.6,19.7,0.0,0.0,0.0,0.0,0.0,0.0,0.0,0.0,0.0,Active,backup,2026-09-23T16:10:42+00:00
2026,3,401872955,00-0034869,Sam Darnold,SEA,WSH,QB,151.2,57.7,257.4,0.937,0.6367947554644026,6.5,-6.3,24.5,0.0,0.0,0.0,0.0,0.0,0.0,0.0,0.0,0.0,Questionable,starter,2026-09-23T16:10:42+00:00
2026,3,401872955,00-0038488,Brady Russell,SEA,WSH,RB,0.0,0.0,0.0,0.0,0.0,0.6,-10.1,15.6,2.6,-14.6,31.4,0.0,0.0,0.0,0.0,0.0,0.0,,starter,2026-09-23T16:10:42+00:00
2026,3,401872955,00-0038797,Emanuel Wilson,SEA,WSH,RB,0.0,0.0,0.0,0.0,0.0,33.3,11.3,64.2,4.4,-12.7,33.2,0.0,0.0,0.0,0.0,0.0,0.0,Active,backup,2026-09-23T16:10:42+00:00
2026,3,401872955,00-0039299,George Holani,SEA,WSH,RB,0.0,0.0,0.0,0.0,0.0,11.6,-10.4,42.5,1.3,-15.9,30.1,0.0,0.0,0.0,0.0,0.0,0.0,Active,backup,2026-09-23T16:10:42+00:00
2026,3,401872955,00-0040067,Jacardia Wright,SEA,WSH,RB,0.0,0.0,0.0,0.0,0.0,0.0,0.0,0.0,0.0,0.0,0.0,0.0,0.0,0.0,0.0,0.0,0.0,,roster_only,2026-09-23T16:10:42+00:00
2026,3,401872955,00-0041512,Jadarian Price,SEA,WSH,RB,0.0,0.0,0.0,0.0,0.0,24.1,-6.2,66.6,5.2,-17.4,45.8,0.0,0.0,0.0,0.0,0.0,0.0,Questionable,starter,2026-09-23T16:10:42+00:00
2026,3,401872955,00-0041588,Justin Jones,SEA,WSH,RB,0.0,0.0,0.0,0.0,0.0,0.0,0.0,0.0,0.0,0.0,0.0,0.0,0.0,0.0,0.0,0.0,0.0,,roster_only,2026-09-23T16:10:42+00:00
2026,3,401872955,00-0040649,Robbie Ouzts,SEA,WSH,RB,0.0,0.0,0.0,0.0,0.0,0.0,0.0,0.0,0.0,0.0,0.0,0.0,0.0,0.0,0.0,0.0,0.0,,backup,2026-09-23T16:10:42+00:00
2026,3,401872955,00-0037745,Velus Jones Jr.,SEA,WSH,RB,0.0,0.0,0.0,0.0,0.0,8.4,-2.3,23.4,0.9,-16.3,29.7,0.0,0.0,0.0,0.0,0.0,0.0,,roster_only,2026-09-23T16:10:42+00:00
2026,3,401872955,00-0039165,Zach Charbonnet,SEA,WSH,RB,0.0,0.0,0.0,0.0,0.0,0.0,0.0,0.0,0.0,0.0,0.0,0.0,0.0,0.0,0.0,0.0,0.0,Out,backup,2026-09-23T16:10:42+00:00
2026,3,401872955,00-0039793,AJ Barner,SEA,WSH,TE,0.0,0.0,0.0,0.0,0.0,0.3,-10.4,15.4,29.8,10.2,64.1,0.0,0.0,0.0,0.0,0.0,0.0,Active,starter,2026-09-23T16:10:42+00:00
2026,3,401872955,00-0040739,Elijah Arroyo,SEA,WSH,TE,0.0,0.0,0.0,0.0,0.0,0.0,-10.8,15.0,6.2,-11.0,35.0,0.0,0.0,0.0,0.0,0.0,0.0,Active,backup,2026-09-23T16:10:42+00:00
2026,3,401872955,00-0033576,Eric Saubert,SEA,WSH,TE,0.0,0.0,0.0,0.0,0.0,0.0,-10.8,15.0,5.8,-11.3,34.6,0.0,0.0,0.0,0.0,0.0,0.0,,backup,2026-09-23T16:10:42+00:00
2026,3,401872955,00-0040058,Nick Kallerup,SEA,WSH,TE,0.0,0.0,0.0,0.0,0.0,0.0,-10.8,15.0,2.2,-14.9,31.0,0.0,0.0,0.0,0.0,0.0,0.0,Active,backup,2026-09-23T16:10:42+00:00
2026,3,401872955,00-0033908,Cooper Kupp,SEA,WSH,WR,0.0,0.0,0.0,0.0,0.0,0.0,-10.8,15.0,35.5,8.8,84.6,0.0,0.0,0.0,0.0,0.0,0.0,Active,backup,2026-09-23T16:10:42+00:00
2026,3,401872955,00-0040895,Emmanuel Henderson Jr.,SEA,WSH,WR,0.0,0.0,0.0,0.0,0.0,0.0,0.0,0.0,0.0,0.0,0.0,0.0,0.0,0.0,0.0,0.0,0.0,,roster_only,2026-09-23T16:10:42+00:00
2026,3,401872955,00-0037156,Irvin Charles,SEA,WSH,WR,0.0,0.0,0.0,0.0,0.0,0.0,0.0,0.0,0.0,0.0,0.0,0.0,0.0,0.0,0.0,0.0,0.0,,backup,2026-09-23T16:10:42+00:00
2026,3,401872955,00-0038752,Jake Bobo,SEA,WSH,WR,0.0,0.0,0.0,0.0,0.0,0.0,0.0,0.0,0.0,0.0,0.0,0.0,0.0,0.0,0.0,0.0,0.0,,backup,2026-09-23T16:10:42+00:00
2026,3,401872955,00-0038543,Jaxon Smith-Njigba,SEA,WSH,WR,0.0,0.0,0.0,0.0,0.0,0.1,-10.6,15.2,66.4,39.8,115.6,0.0,0.0,0.0,0.0,0.0,0.0,Active,starter,2026-09-23T16:10:42+00:00
2026,3,401872955,00-0039329,Julian Hicks,SEA,WSH,WR,0.0,0.0,0.0,0.0,0.0,0.0,0.0,0.0,0.0,0.0,0.0,0.0,0.0,0.0,0.0,0.0,0.0,,roster_only,2026-09-23T16:10:42+00:00
2026,3,401872955,00-0040621,Montorie Foster Jr,SEA,WSH,WR,0.0,0.0,0.0,0.0,0.0,0.0,-14.8,20.7,6.4,-16.2,47.0,0.0,0.0,0.0,0.0,0.0,0.0,Active,backup,2026-09-23T16:10:42+00:00
2026,3,401872955,00-0041476,Rashad Rochelle,SEA,WSH,WR,0.0,0.0,0.0,0.0,0.0,0.0,0.0,0.0,0.0,0.0,0.0,0.0,0.0,0.0,0.0,0.0,0.0,,roster_only,2026-09-23T16:10:42+00:00
2026,3,401872955,00-0037545,Rashid Shaheed,SEA,WSH,WR,0.0,0.0,0.0,0.0,0.0,1.8,-8.9,16.8,14.2,-3.0,43.0,0.0,0.0,0.0,0.0,0.0,0.0,Active,backup,2026-09-23T16:10:42+00:00
2026,3,401872955,00-0040653,Ricky White III,SEA,WSH,WR,0.0,0.0,0.0,0.0,0.0,0.0,0.0,0.0,0.0,0.0,0.0,0.0,0.0,0.0,0.0,0.0,0.0,,roster_only,2026-09-23T16:10:42+00:00
2026,3,401872955,00-0040648,Tory Horton,SEA,WSH,WR,0.0,0.0,0.0,0.0,0.0,0.0,-10.7,15.0,24.2,7.0,53.0,0.0,0.0,0.0,0.0,0.0,0.0,Active,backup,2026-09-23T16:10:42+00:00
2026,3,401872955,DAV321726,Fred Davis II,WSH,SEA,CB,0.0,0.0,0.0,0.0,0.0,0.0,0.0,0.0,0.0,0.0,0.0,0.0,0.0,0.0,0.0,0.0,0.0,,roster_only,2026-09-23T16:10:42+00:00
2026,3,401872955,00-0033783,Ahkello Witherspoon,WSH,SEA,DB,0.0,0.0,0.0,0.0,0.0,0.0,0.0,0.0,0.0,0.0,0.0,0.0,0.0,0.0,0.0,0.0,0.0,,roster_only,2026-09-23T16:10:42+00:00
2026,3,401872955,00-0036375,Amik Robertson,WSH,SEA,DB,0.0,0.0,0.0,0.0,0.0,0.0,0.0,0.0,0.0,0.0,0.0,0.0,0.0,0.0,2.6,0.7,5.1,,starter,2026-09-23T16:10:42+00:00
2026,3,401872955,00-0033918,Fabian Moreau,WSH,SEA,DB,0.0,0.0,0.0,0.0,0.0,0.0,0.0,0.0,0.0,0.0,0.0,0.0,0.0,0.0,2.1,0.2,4.6,,backup,2026-09-23T16:10:42+00:00
2026,3,401872955,00-0041177,Fred Davis,WSH,SEA,DB,0.0,0.0,0.0,0.0,0.0,0.0,0.0,0.0,0.0,0.0,0.0,0.0,0.0,0.0,0.0,0.0,0.0,,roster_only,2026-09-23T16:10:42+00:00
2026,3,401872955,00-0034780,Isaac Yiadom,WSH,SEA,DB,0.0,0.0,0.0,0.0,0.0,0.0,0.0,0.0,0.0,0.0,0.0,0.0,0.0,0.0,0.8,0.0,3.3,Active,backup,2026-09-23T16:10:42+00:00
2026,3,401872955,00-0034465,Jeremy Reaves,WSH,SEA,DB,0.0,0.0,0.0,0.0,0.0,0.0,0.0,0.0,0.0,0.0,0.0,0.0,0.0,0.0,4.4,2.2,7.1,,starter,2026-09-23T16:10:42+00:00
2026,3,401872955,00-0036872,Joshuah Bledsoe,WSH,SEA,DB,0.0,0.0,0.0,0.0,0.0,0.0,0.0,0.0,0.0,0.0,0.0,0.0,0.0,0.0,0.0,0.0,0.0,,roster_only,2026-09-23T16:10:42+00:00
2026,3,401872955,00-0041181,Malik Spencer,WSH,SEA,DB,0.0,0.0,0.0,0.0,0.0,0.0,0.0,0.0,0.0,0.0,0.0,0.0,0.0,0.0,0.0,0.0,0.0,,roster_only,2026-09-23T16:10:42+00:00
2026,3,401872955,00-0039898,Mike Sainristil,WSH,SEA,DB,0.0,0.0,0.0,0.0,0.0,0.0,0.0,0.0,0.0,0.0,0.0,0.0,0.0,0.0,4.8,2.0,8.2,,starter,2026-09-23T16:10:42+00:00
2026,3,401872955,00-0037616,Nick Cross,WSH,SEA,DB,0.0,0.0,0.0,0.0,0.0,0.0,0.0,0.0,0.0,0.0,0.0,0.0,0.0,0.0,5.9,3.2,9.3,Questionable,starter,2026-09-23T16:10:42+00:00
2026,3,401872955,00-0038100,Percy Butler,WSH,SEA,DB,0.0,0.0,0.0,0.0,0.0,0.0,0.0,0.0,0.0,0.0,0.0,0.0,0.0,0.0,1.0,0.0,3.5,,backup,2026-09-23T16:10:42+00:00
2026,3,401872955,00-0039149,Quan Martin,WSH,SEA,DB,0.0,0.0,0.0,0.0,0.0,0.0,0.0,0.0,0.0,0.0,0.0,0.0,0.0,0.0,3.4,0.7,6.9,,backup,2026-09-23T16:10:42+00:00
2026,3,401872955,00-0038368,Quindell Johnson,WSH,SEA,DB,0.0,0.0,0.0,0.0,0.0,0.0,0.0,0.0,0.0,0.0,0.0,0.0,0.0,0.0,0.0,0.0,0.0,,roster_only,2026-09-23T16:10:42+00:00
2026,3,401872955,00-0037522,Qwuantrezz Knight,WSH,SEA,DB,0.0,0.0,0.0,0.0,0.0,0.0,0.0,0.0,0.0,0.0,0.0,0.0,0.0,0.0,0.0,0.0,0.0,,roster_only,2026-09-23T16:10:42+00:00
2026,3,401872955,00-0033551,Rasul Douglas,WSH,SEA,DB,0.0,0.0,0.0,0.0,0.0,0.0,0.0,0.0,0.0,0.0,0.0,0.0,0.0,0.0,4.1,1.5,7.6,,starter,2026-09-23T16:10:42+00:00
2026,3,401872955,00-0038395,Terell Smith,WSH,SEA,DB,0.0,0.0,0.0,0.0,0.0,0.0,0.0,0.0,0.0,0.0,0.0,0.0,0.0,0.0,0.0,0.0,0.0,,roster_only,2026-09-23T16:10:42+00:00
2026,3,401872955,00-0040731,Trey Amos,WSH,SEA,DB,0.0,0.0,0.0,0.0,0.0,0.0,0.0,0.0,0.0,0.0,0.0,0.0,0.0,0.0,0.0,0.0,0.0,,backup,2026-09-23T16:10:42+00:00
2026,3,401872955,00-0039681,Tyler Owens,WSH,SEA,DB,0.0,0.0,0.0,0.0,0.0,0.0,0.0,0.0,0.0,0.0,0.0,0.0,0.0,0.0,0.7,0.0,3.1,,backup,2026-09-23T16:10:42+00:00
2026,3,401872955,00-0035278,Byron Cowart,WSH,SEA,DL,0.0,0.0,0.0,0.0,0.0,0.0,0.0,0.0,0.0,0.0,0.0,0.0,0.0,0.0,0.0,0.0,0.0,,roster_only,2026-09-23T16:10:42+00:00
2026,3,401872955,00-0035279,Charles Omenihu,WSH,SEA,DL,0.0,0.0,0.0,0.0,0.0,0.0,0.0,0.0,0.0,0.0,0.0,0.0,0.0,0.0,1.4,0.0,3.9,,backup,2026-09-23T16:10:42+00:00
2026,3,401872955,00-0037260,D.J. Davidson,WSH,SEA,DL,0.0,0.0,0.0,0.0,0.0,0.0,0.0,0.0,0.0,0.0,0.0,0.0,0.0,0.0,0.0,0.0,0.0,,roster_only,2026-09-23T16:10:42+00:00
2026,3,401872955,00-0034333,Daron Payne,WSH,SEA,DL,0.0,0.0,0.0,0.0,0.0,0.0,0.0,0.0,0.0,0.0,0.0,0.0,0.0,0.0,2.5,0.6,5.0,,starter,2026-09-23T16:10:42+00:00
2026,3,401872955,00-0033947,Deatrich Wise,WSH,SEA,DL,0.0,0.0,0.0,0.0,0.0,0.0,0.0,0.0,0.0,0.0,0.0,0.0,0.0,0.0,0.0,0.0,0.0,,backup,2026-09-23T16:10:42+00:00
2026,3,401872955,00-0036260,Javon Kinlaw,WSH,SEA,DL,0.0,0.0,0.0,0.0,0.0,0.0,0.0,0.0,0.0,0.0,0.0,0.0,0.0,0.0,2.5,0.5,5.0,Questionable,starter,2026-09-23T16:10:42+00:00
2026,3,401872955,00-0040864,Jeffrey M'ba,WSH,SEA,DL,0.0,0.0,0.0,0.0,0.0,0.0,0.0,0.0,0.0,0.0,0.0,0.0,0.0,0.0,0.0,0.0,0.0,,roster_only,2026-09-23T16:10:42+00:00
2026,3,401872955,00-0039906,Jer'Zhan Newton,WSH,SEA,DL,0.0,0.0,0.0,0.0,0.0,0.0,0.0,0.0,0.0,0.0,0.0,0.0,0.0,0.0,0.0,0.0,0.0,,backup,2026-09-23T16:10:42+00:00
2026,3,401872955,00-0040314,Ricky Barber,WSH,SEA,DL,0.0,0.0,0.0,0.0,0.0,0.0,0.0,0.0,0.0,0.0,0.0,0.0,0.0,0.0,0.0,0.0,0.0,Active,roster_only,2026-09-23T16:10:42+00:00
2026,3,401872955,00-0035409,Shy Tuttle,WSH,SEA,DL,0.0,0.0,0.0,0.0,0.0,0.0,0.0,0.0,0.0,0.0,0.0,0.0,0.0,0.0,1.0,0.0,3.4,,backup,2026-09-23T16:10:42+00:00
2026,3,401872955,00-0034397,Tim Settle,WSH,SEA,DL,0.0,0.0,0.0,0.0,0.0,0.0,0.0,0.0,0.0,0.0,0.0,0.0,0.0,0.0,1.6,0.0,4.0,,starter,2026-09-23T16:10:42+00:00
2026,3,401872955,00-0041182,Drew Stevens,WSH,SEA,K,0.0,0.0,0.0,0.0,0.0,0.0,0.0,0.0,0.0,0.0,0.0,6.9,0.4,14.4,0.0,0.0,0.0,Active,starter,2026-09-23T16:10:42+00:00
2026,3,401872955,00-0040318,Ale Kaho,WSH,SEA,LB,0.0,0.0,0.0,0.0,0.0,0.0,0.0,0.0,0.0,0.0,0.0,0.0,0.0,0.0,0.0,0.0,0.0,,roster_only,2026-09-23T16:10:42+00:00
2026,3,401872955,00-0040501,Austin Keys,WSH,SEA,LB,0.0,0.0,0.0,0.0,0.0,0.0,0.0,0.0,0.0,0.0,0.0,0.0,0.0,0.0,0.0,0.0,0.0,,roster_only,2026-09-23T16:10:42+00:00
2026,3,401872955,00-0039318,Curtis Jacobs,WSH,SEA,LB,0.0,0.0,0.0,0.0,0.0,0.0,0.0,0.0,0.0,0.0,0.0,0.0,0.0,0.0,0.0,0.0,0.0,,roster_only,2026-09-23T16:10:42+00:00
2026,3,401872955,00-0038535,DJ Johnson,WSH,SEA,LB,0.0,0.0,0.0,0.0,0.0,0.0,0.0,0.0,0.0,0.0,0.0,0.0,0.0,0.0,0.0,0.0,0.0,,roster_only,2026-09-23T16:10:42+00:00
2026,3,401872955,00-0034373,Dorance Armstrong,WSH,SEA,LB,0.0,0.0,0.0,0.0,0.0,0.0,0.0,0.0,0.0,0.0,0.0,0.0,0.0,0.0,1.6,0.0,4.1,,starter,2026-09-23T16:10:42+00:00
2026,3,401872955,00-0034302,Frankie Luvu,WSH,SEA,LB,0.0,0.0,0.0,0.0,0.0,0.0,0.0,0.0,0.0,0.0,0.0,0.0,0.0,0.0,4.7,1.7,8.7,Questionable,recent_defensive_participant,2026-09-23T16:10:42+00:00
2026,3,401872955,00-0039412,Javontae Jean-Baptiste,WSH,SEA,LB,0.0,0.0,0.0,0.0,0.0,0.0,0.0,0.0,0.0,0.0,0.0,0.0,0.0,0.0,1.7,0.0,4.1,,backup,2026-09-23T16:10:42+00:00
2026,3,401872955,00-0039368,Jordan Magee,WSH,SEA,LB,0.0,0.0,0.0,0.0,0.0,0.0,0.0,0.0,0.0,0.0,0.0,0.0,0.0,0.0,0.0,0.0,0.0,,recent_defensive_participant,2026-09-23T16:10:42+00:00
2026,3,401872955,00-0041074,Joshua Josephs,WSH,SEA,LB,0.0,0.0,0.0,0.0,0.0,0.0,0.0,0.0,0.0,0.0,0.0,0.0,0.0,0.0,1.5,0.0,5.0,,backup,2026-09-23T16:10:42+00:00
2026,3,401872955,00-0036286,K'Lavon Chaisson,WSH,SEA,LB,0.0,0.0,0.0,0.0,0.0,0.0,0.0,0.0,0.0,0.0,0.0,0.0,0.0,0.0,2.0,0.1,4.5,,backup,2026-09-23T16:10:42+00:00
2026,3,401872955,00-0040216,Kain Medrano,WSH,SEA,LB,0.0,0.0,0.0,0.0,0.0,0.0,0.0,0.0,0.0,0.0,0.0,0.0,0.0,0.0,0.0,0.0,0.0,,roster_only,2026-09-23T16:10:42+00:00
2026,3,401872955,00-0037819,Leo Chenal,WSH,SEA,LB,0.0,0.0,0.0,0.0,0.0,0.0,0.0,0.0,0.0,0.0,0.0,0.0,0.0,0.0,3.0,1.0,5.5,Active,recent_defensive_participant,2026-09-23T16:10:42+00:00
2026,3,401872955,00-0040973,Marvin Jones Jr.,WSH,SEA,LB,0.0,0.0,0.0,0.0,0.0,0.0,0.0,0.0,0.0,0.0,0.0,0.0,0.0,0.0,0.0,0.0,0.0,,roster_only,2026-09-23T16:10:42+00:00
2026,3,401872955,00-0028292,Nick Bellore,WSH,SEA,LB,0.0,0.0,0.0,0.0,0.0,0.0,0.0,0.0,0.0,0.0,0.0,0.0,0.0,0.0,0.0,0.0,0.0,,roster_only,2026-09-23T16:10:42+00:00
2026,3,401872955,00-0036940,Odafe Oweh,WSH,SEA,LB,0.0,0.0,0.0,0.0,0.0,0.0,0.0,0.0,0.0,0.0,0.0,0.0,0.0,0.0,1.9,0.0,4.4,,starter,2026-09-23T16:10:42+00:00
2026,3,401872955,00-0041028,Sonny Styles,WSH,SEA,LB,0.0,0.0,0.0,0.0,0.0,0.0,0.0,0.0,0.0,0.0,0.0,0.0,0.0,0.0,1.2,0.0,4.8,Active,recent_defensive_participant,2026-09-23T16:10:42+00:00
2026,3,401872955,00-0040004,T.J. Maguranyanga,WSH,SEA,LB,0.0,0.0,0.0,0.0,0.0,0.0,0.0,0.0,0.0,0.0,0.0,0.0,0.0,0.0,0.0,0.0,0.0,,roster_only,2026-09-23T16:10:42+00:00
2026,3,401872955,00-0041117,Athan Kaliakmanis,WSH,SEA,QB,0.0,0.0,0.0,0.0,0.0,8.4,-9.2,33.1,0.0,0.0,0.0,0.0,0.0,0.0,0.0,0.0,0.0,,backup,2026-09-23T16:10:42+00:00
2026,3,401872955,00-0039910,Jayden Daniels,WSH,SEA,QB,162.7,69.2,268.9,1.188,0.6547619047619048,36.5,23.8,54.5,0.0,0.0,0.0,0.0,0.0,0.0,0.0,0.0,0.0,Doubtful,starter,2026-09-23T16:10:42+00:00
2026,3,401872955,00-0032268,Marcus Mariota,WSH,SEA,QB,0.0,0.0,0.0,0.0,0.0,17.5,4.7,35.5,0.0,0.0,0.0,0.0,0.0,0.0,0.0,0.0,0.0,Active,backup,2026-09-23T16:10:42+00:00
2026,3,401872955,00-0039677,Sam Hartman,WSH,SEA,QB,0.0,0.0,0.0,0.0,0.0,0.0,0.0,0.0,0.0,0.0,0.0,0.0,0.0,0.0,0.0,0.0,0.0,,roster_only,2026-09-23T16:10:42+00:00
2026,3,401872955,00-0035567,Craig Reynolds,WSH,SEA,RB,0.0,0.0,0.0,0.0,0.0,0.0,0.0,0.0,0.0,0.0,0.0,0.0,0.0,0.0,0.0,0.0,0.0,,roster_only,2026-09-23T16:10:42+00:00
2026,3,401872955,00-0040242,Jacory Croskey-Merritt,WSH,SEA,RB,0.0,0.0,0.0,0.0,0.0,56.9,34.9,87.9,4.7,-12.4,33.5,0.0,0.0,0.0,0.0,0.0,0.0,Active,starter,2026-09-23T16:10:42+00:00
2026,3,401872955,00-0033955,Jeremy McNichols,WSH,SEA,RB,0.0,0.0,0.0,0.0,0.0,0.0,0.0,0.0,0.0,0.0,0.0,0.0,0.0,0.0,0.0,0.0,0.0,,backup,2026-09-23T16:10:42+00:00
2026,3,401872955,00-0041096,Kaytron Allen,WSH,SEA,RB,0.0,0.0,0.0,0.0,0.0,12.6,-17.6,55.1,2.8,-19.9,43.3,0.0,0.0,0.0,0.0,0.0,0.0,Active,backup,2026-09-23T16:10:42+00:00
2026,3,401872955,00-0037256,Rachaad White,WSH,SEA,RB,0.0,0.0,0.0,0.0,0.0,26.1,4.1,57.0,10.1,-7.1,38.9,0.0,0.0,0.0,0.0,0.0,0.0,Active,backup,2026-09-23T16:10:42+00:00
2026,3,401872955,00-0041178,Robert Henry Jr.,WSH,SEA,RB,0.0,0.0,0.0,0.0,0.0,0.0,0.0,0.0,0.0,0.0,0.0,0.0,0.0,0.0,0.0,0.0,0.0,,roster_only,2026-09-23T16:10:42+00:00
2026,3,401872955,00-0039912,Ben Sinnott,WSH,SEA,TE,0.0,0.0,0.0,0.0,0.0,0.0,-10.8,14.9,13.0,-4.2,41.8,0.0,0.0,0.0,0.0,0.0,0.0,Active,backup,2026-09-23T16:10:42+00:00
2026,3,401872955,00-0037809,Chig Okonkwo,WSH,SEA,TE,0.0,0.0,0.0,0.0,0.0,0.0,-10.8,15.0,25.4,5.7,59.7,0.0,0.0,0.0,0.0,0.0,0.0,Questionable,starter,2026-09-23T16:10:42+00:00
2026,3,401872955,00-0039686,Colson Yankoff,WSH,SEA,TE,0.0,0.0,0.0,0.0,0.0,0.0,-10.8,14.9,2.0,-15.2,30.8,0.0,0.0,0.0,0.0,0.0,0.0,Active,backup,2026-09-23T16:10:42+00:00
2026,3,401872955,00-0039305,Jack Westover,WSH,SEA,TE,0.0,0.0,0.0,0.0,0.0,0.0,0.0,0.0,0.0,0.0,0.0,0.0,0.0,0.0,0.0,0.0,0.0,,roster_only,2026-09-23T16:10:42+00:00
2026,3,401872955,00-0036628,John Bates,WSH,SEA,TE,0.0,0.0,0.0,0.0,0.0,0.0,-10.8,14.9,7.2,-10.0,36.0,0.0,0.0,0.0,0.0,0.0,0.0,Active,backup,2026-09-23T16:10:42+00:00
2026,3,401872955,00-0040552,Joshua Simon,WSH,SEA,TE,0.0,0.0,0.0,0.0,0.0,0.0,-14.8,20.6,4.1,-18.5,44.7,0.0,0.0,0.0,0.0,0.0,0.0,,roster_only,2026-09-23T16:10:42+00:00
2026,3,401872955,00-0041180,Quentin Moore,WSH,SEA,TE,0.0,0.0,0.0,0.0,0.0,0.0,0.0,0.0,0.0,0.0,0.0,0.0,0.0,0.0,0.0,0.0,0.0,,roster_only,2026-09-23T16:10:42+00:00
2026,3,401872955,00-0037011,Tre' McKitty,WSH,SEA,TE,0.0,0.0,0.0,0.0,0.0,0.0,0.0,0.0,0.0,0.0,0.0,0.0,0.0,0.0,0.0,0.0,0.0,,roster_only,2026-09-23T16:10:42+00:00
2026,3,401872955,00-0041040,Antonio Williams,WSH,SEA,WR,0.0,0.0,0.0,0.0,0.0,0.0,-14.8,20.6,7.2,-15.4,47.8,0.0,0.0,0.0,0.0,0.0,0.0,Active,backup,2026-09-23T16:10:42+00:00
2026,3,401872955,00-0036626,Dyami Brown,WSH,SEA,WR,0.0,0.0,0.0,0.0,0.0,0.3,-10.4,15.4,6.4,-10.8,35.2,0.0,0.0,0.0,0.0,0.0,0.0,Active,backup,2026-09-23T16:10:42+00:00
2026,3,401872955,00-0040317,Jacoby Jones,WSH,SEA,WR,0.0,0.0,0.0,0.0,0.0,0.0,0.0,0.0,0.0,0.0,0.0,0.0,0.0,0.0,0.0,0.0,0.0,,roster_only,2026-09-23T16:10:42+00:00
2026,3,401872955,00-0041176,Jaden Bradley,WSH,SEA,WR,0.0,0.0,0.0,0.0,0.0,0.0,0.0,0.0,0.0,0.0,0.0,0.0,0.0,0.0,0.0,0.0,0.0,,roster_only,2026-09-23T16:10:42+00:00
2026,3,401872955,00-0040164,Jaylin Lane,WSH,SEA,WR,0.0,0.0,0.0,0.0,0.0,0.0,-10.8,15.0,2.7,-14.5,31.5,0.0,0.0,0.0,0.0,0.0,0.0,Active,backup,2026-09-23T16:10:42+00:00
2026,3,401872955,00-0039355,Luke McCaffrey,WSH,SEA,WR,0.0,0.0,0.0,0.0,0.0,0.0,-10.8,15.0,5.8,-11.3,34.6,0.0,0.0,0.0,0.0,0.0,0.0,,backup,2026-09-23T16:10:42+00:00
2026,3,401872955,00-0040551,Nick Nash,WSH,SEA,WR,0.0,0.0,0.0,0.0,0.0,0.0,0.0,0.0,0.0,0.0,0.0,0.0,0.0,0.0,0.0,0.0,0.0,,roster_only,2026-09-23T16:10:42+00:00
2026,3,401872955,00-0031588,Stefon Diggs,WSH,SEA,WR,0.0,0.0,0.0,0.0,0.0,0.0,-10.8,15.0,36.5,9.8,85.6,0.0,0.0,0.0,0.0,0.0,0.0,,backup,2026-09-23T16:10:42+00:00
2026,3,401872955,00-0035659,Terry McLaurin,WSH,SEA,WR,0.0,0.0,0.0,0.0,0.0,0.0,-10.8,15.0,57.5,30.9,106.7,0.0,0.0,0.0,0.0,0.0,0.0,Active,starter,2026-09-23T16:10:42+00:00
2026,3,401872955,00-0037742,Treylon Burks,WSH,SEA,WR,0.0,0.0,0.0,0.0,0.0,0.0,-10.7,15.0,19.6,2.5,48.4,0.0,0.0,0.0,0.0,0.0,0.0,Active,backup,2026-09-23T16:10:42+00:00
2026,3,401872955,00-0036415,Van Jefferson,WSH,SEA,WR,0.0,0.0,0.0,0.0,0.0,0.0,0.0,0.0,0.0,0.0,0.0,0.0,0.0,0.0,0.0,0.0,0.0,,roster_only,2026-09-23T16:10:42+00:00
2026,3,401872956,00-0039821,Andru Phillips,NYG,TEN,DB,0.0,0.0,0.0,0.0,0.0,0.0,0.0,0.0,0.0,0.0,0.0,0.0,0.0,0.0,3.8,1.6,6.5,,starter,2026-09-23T16:10:42+00:00
2026,3,401872956,00-0036587,Ar'Darius Washington,NYG,TEN,DB,0.0,0.0,0.0,0.0,0.0,0.0,0.0,0.0,0.0,0.0,0.0,0.0,0.0,0.0,1.7,0.0,4.1,,backup,2026-09-23T16:10:42+00:00
2026,3,401872956,00-0039241,Beau Brade,NYG,TEN,DB,0.0,0.0,0.0,0.0,0.0,0.0,0.0,0.0,0.0,0.0,0.0,0.0,0.0,0.0,0.0,0.0,0.0,,roster_only,2026-09-23T16:10:42+00:00
2026,3,401872956,00-0041462,Colton Hood,NYG,TEN,DB,0.0,0.0,0.0,0.0,0.0,0.0,0.0,0.0,0.0,0.0,0.0,0.0,0.0,0.0,2.2,0.0,6.1,,backup,2026-09-23T16:10:42+00:00
2026,3,401872956,00-0039800,DJ James,NYG,TEN,DB,0.0,0.0,0.0,0.0,0.0,0.0,0.0,0.0,0.0,0.0,0.0,0.0,0.0,0.0,0.0,0.0,0.0,,roster_only,2026-09-23T16:10:42+00:00
2026,3,401872956,00-0039000,Deonte Banks,NYG,TEN,DB,0.0,0.0,0.0,0.0,0.0,0.0,0.0,0.0,0.0,0.0,0.0,0.0,0.0,0.0,3.1,0.9,5.8,Questionable,starter,2026-09-23T16:10:42+00:00
2026,3,401872956,00-0034248,Elijah Campbell,NYG,TEN,DB,0.0,0.0,0.0,0.0,0.0,0.0,0.0,0.0,0.0,0.0,0.0,0.0,0.0,0.0,1.0,0.0,3.4,,backup,2026-09-23T16:10:42+00:00
2026,3,401872956,00-0039823,Elijah Jones,NYG,TEN,DB,0.0,0.0,0.0,0.0,0.0,0.0,0.0,0.0,0.0,0.0,0.0,0.0,0.0,0.0,0.0,0.0,0.0,,roster_only,2026-09-23T16:10:42+00:00
2026,3,401872956,00-0036996,Greg Newsome II,NYG,TEN,DB,0.0,0.0,0.0,0.0,0.0,0.0,0.0,0.0,0.0,0.0,0.0,0.0,0.0,0.0,3.3,0.7,6.8,,starter,2026-09-23T16:10:42+00:00
2026,3,401872956,00-0038091,JT Woods,NYG,TEN,DB,0.0,0.0,0.0,0.0,0.0,0.0,0.0,0.0,0.0,0.0,0.0,0.0,0.0,0.0,0.0,0.0,0.0,,roster_only,2026-09-23T16:10:42+00:00
2026,3,401872956,00-0040450,Jaden Robinson,NYG,TEN,DB,0.0,0.0,0.0,0.0,0.0,0.0,0.0,0.0,0.0,0.0,0.0,0.0,0.0,0.0,0.0,0.0,0.0,,roster_only,2026-09-23T16:10:42+00:00
2026,3,401872956,00-0038401,Jarrick Bernard-Converse,NYG,TEN,DB,0.0,0.0,0.0,0.0,0.0,0.0,0.0,0.0,0.0,0.0,0.0,0.0,0.0,0.0,0.0,0.0,0.0,,backup,2026-09-23T16:10:42+00:00
2026,3,401872956,00-0036502,Jason Pinnock,NYG,TEN,DB,0.0,0.0,0.0,0.0,0.0,0.0,0.0,0.0,0.0,0.0,0.0,0.0,0.0,0.0,1.9,0.0,4.4,Active,backup,2026-09-23T16:10:42+00:00
2026,3,401872956,00-0036998,Jevon Holland,NYG,TEN,DB,0.0,0.0,0.0,0.0,0.0,0.0,0.0,0.0,0.0,0.0,0.0,0.0,0.0,0.0,5.2,2.5,8.7,Active,starter,2026-09-23T16:10:42+00:00
2026,3,401872956,00-0040243,Korie Black,NYG,TEN,DB,0.0,0.0,0.0,0.0,0.0,0.0,0.0,0.0,0.0,0.0,0.0,0.0,0.0,0.0,0.0,0.0,0.0,,backup,2026-09-23T16:10:42+00:00
2026,3,401872956,00-0038986,Nic Jones,NYG,TEN,DB,0.0,0.0,0.0,0.0,0.0,0.0,0.0,0.0,0.0,0.0,0.0,0.0,0.0,0.0,1.1,0.0,3.6,,backup,2026-09-23T16:10:42+00:00
2026,3,401872956,00-0040471,Nikko Reed,NYG,TEN,DB,0.0,0.0,0.0,0.0,0.0,0.0,0.0,0.0,0.0,0.0,0.0,0.0,0.0,0.0,1.0,0.0,3.7,,backup,2026-09-23T16:10:42+00:00
2026,3,401872956,00-0036937,Paulson Adebo,NYG,TEN,DB,0.0,0.0,0.0,0.0,0.0,0.0,0.0,0.0,0.0,0.0,0.0,0.0,0.0,0.0,0.0,0.0,0.0,,backup,2026-09-23T16:10:42+00:00
2026,3,401872956,00-0037468,Raheem Layne,NYG,TEN,DB,0.0,0.0,0.0,0.0,0.0,0.0,0.0,0.0,0.0,0.0,0.0,0.0,0.0,0.0,0.0,0.0,0.0,,roster_only,2026-09-23T16:10:42+00:00
2026,3,401872956,00-0039620,Rico Payton,NYG,TEN,DB,0.0,0.0,0.0,0.0,0.0,0.0,0.0,0.0,0.0,0.0,0.0,0.0,0.0,0.0,0.0,0.0,0.0,,backup,2026-09-23T16:10:42+00:00
2026,3,401872956,00-0041142,Thaddeus Dixon,NYG,TEN,DB,0.0,0.0,0.0,0.0,0.0,0.0,0.0,0.0,0.0,0.0,0.0,0.0,0.0,0.0,0.0,0.0,0.0,,backup,2026-09-23T16:10:42+00:00
2026,3,401872956,00-0039861,Tyler Nubin,NYG,TEN,DB,0.0,0.0,0.0,0.0,0.0,0.0,0.0,0.0,0.0,0.0,0.0,0.0,0.0,0.0,5.6,2.9,9.1,,starter,2026-09-23T16:10:42+00:00
2026,3,401872956,00-0041140,Anquin Barnes Jr.,NYG,TEN,DL,0.0,0.0,0.0,0.0,0.0,0.0,0.0,0.0,0.0,0.0,0.0,0.0,0.0,0.0,0.0,0.0,0.0,,roster_only,2026-09-23T16:10:42+00:00
2026,3,401872956,00-0039176,Basil Okoye,NYG,TEN,DL,0.0,0.0,0.0,0.0,0.0,0.0,0.0,0.0,0.0,0.0,0.0,0.0,0.0,0.0,1.1,0.0,3.6,,backup,2026-09-23T16:10:42+00:00
2026,3,401872956,00-0041141,Ben Barten,NYG,TEN,DL,0.0,0.0,0.0,0.0,0.0,0.0,0.0,0.0,0.0,0.0,0.0,0.0,0.0,0.0,0.0,0.0,0.0,,roster_only,2026-09-23T16:10:42+00:00
2026,3,401872956,00-0041095,Bobby Jamison-Travis,NYG,TEN,DL,0.0,0.0,0.0,0.0,0.0,0.0,0.0,0.0,0.0,0.0,0.0,0.0,0.0,0.0,1.2,0.0,4.7,Active,backup,2026-09-23T16:10:42+00:00
2026,3,401872956,00-0039332,C.J. Ravenell,NYG,TEN,DL,0.0,0.0,0.0,0.0,0.0,0.0,0.0,0.0,0.0,0.0,0.0,0.0,0.0,0.0,0.0,0.0,0.0,,roster_only,2026-09-23T16:10:42+00:00
2026,3,401872956,00-0036982,Chauncey Golston,NYG,TEN,DL,0.0,0.0,0.0,0.0,0.0,0.0,0.0,0.0,0.0,0.0,0.0,0.0,0.0,0.0,2.1,0.2,4.6,,starter,2026-09-23T16:10:42+00:00
2026,3,401872956,00-0032424,DJ Reader,NYG,TEN,DL,0.0,0.0,0.0,0.0,0.0,0.0,0.0,0.0,0.0,0.0,0.0,0.0,0.0,0.0,1.9,0.0,4.4,,starter,2026-09-23T16:10:42+00:00
2026,3,401872956,00-0040694,Darius Alexander,NYG,TEN,DL,0.0,0.0,0.0,0.0,0.0,0.0,0.0,0.0,0.0,0.0,0.0,0.0,0.0,0.0,1.7,0.0,4.2,Active,backup,2026-09-23T16:10:42+00:00
2026,3,401872956,00-0033347,Josh Tupou,NYG,TEN,DL,0.0,0.0,0.0,0.0,0.0,0.0,0.0,0.0,0.0,0.0,0.0,0.0,0.0,0.0,1.5,0.0,4.0,,backup,2026-09-23T16:10:42+00:00
2026,3,401872956,00-0032667,Roy Robertson-Harris,NYG,TEN,DL,0.0,0.0,0.0,0.0,0.0,0.0,0.0,0.0,0.0,0.0,0.0,0.0,0.0,0.0,0.0,0.0,0.0,,backup,2026-09-23T16:10:42+00:00
2026,3,401872956,00-0031270,Shelby Harris,NYG,TEN,DL,0.0,0.0,0.0,0.0,0.0,0.0,0.0,0.0,0.0,0.0,0.0,0.0,0.0,0.0,2.3,0.2,5.1,,starter,2026-09-23T16:10:42+00:00
2026,3,401872956,00-0040530,Ben Sauls,NYG,TEN,K,0.0,0.0,0.0,0.0,0.0,0.0,0.0,0.0,0.0,0.0,0.0,0.0,0.0,0.0,0.0,0.0,0.0,,kicker_role,2026-09-23T16:10:42+00:00
2026,3,401872956,00-0041145,Dominic Zvada,NYG,TEN,K,0.0,0.0,0.0,0.0,0.0,0.0,0.0,0.0,0.0,0.0,0.0,7.3,0.9,14.9,0.0,0.0,0.0,Active,starter,2026-09-23T16:10:42+00:00
2026,3,401872956,00-0040677,Abdul Carter,NYG,TEN,LB,0.0,0.0,0.0,0.0,0.0,0.0,0.0,0.0,0.0,0.0,0.0,0.0,0.0,0.0,3.5,0.6,7.5,,starter,2026-09-23T16:10:42+00:00
2026,3,401872956,00-0038908,Anfernee Orji,NYG,TEN,LB,0.0,0.0,0.0,0.0,0.0,0.0,0.0,0.0,0.0,0.0,0.0,0.0,0.0,0.0,0.0,0.0,0.0,,roster_only,2026-09-23T16:10:42+00:00
2026,3,401872956,00-0041509,Arvell Reese,NYG,TEN,LB,0.0,0.0,0.0,0.0,0.0,0.0,0.0,0.0,0.0,0.0,0.0,0.0,0.0,0.0,1.4,0.0,4.9,,recent_defensive_participant,2026-09-23T16:10:42+00:00
2026,3,401872956,00-0035713,Brian Burns,NYG,TEN,LB,0.0,0.0,0.0,0.0,0.0,0.0,0.0,0.0,0.0,0.0,0.0,0.0,0.0,0.0,2.8,0.0,6.9,Questionable,starter,2026-09-23T16:10:42+00:00
2026,3,401872956,00-0040108,Chandler Martin,NYG,TEN,LB,0.0,0.0,0.0,0.0,0.0,0.0,0.0,0.0,0.0,0.0,0.0,0.0,0.0,0.0,0.0,0.0,0.0,,roster_only,2026-09-23T16:10:42+00:00
2026,3,401872956,00-0041102,Jack Kelly,NYG,TEN,LB,0.0,0.0,0.0,0.0,0.0,0.0,0.0,0.0,0.0,0.0,0.0,0.0,0.0,0.0,0.0,0.0,0.0,,roster_only,2026-09-23T16:10:42+00:00
2026,3,401872956,00-0037611,Kayvon Thibodeaux,NYG,TEN,LB,0.0,0.0,0.0,0.0,0.0,0.0,0.0,0.0,0.0,0.0,0.0,0.0,0.0,0.0,2.6,0.0,6.7,,backup,2026-09-23T16:10:42+00:00
2026,3,401872956,00-0036280,Malik Harrison,NYG,TEN,LB,0.0,0.0,0.0,0.0,0.0,0.0,0.0,0.0,0.0,0.0,0.0,0.0,0.0,0.0,0.0,0.0,0.0,,roster_only,2026-09-23T16:10:42+00:00
2026,3,401872956,00-0037259,Micah McFadden,NYG,TEN,LB,0.0,0.0,0.0,0.0,0.0,0.0,0.0,0.0,0.0,0.0,0.0,0.0,0.0,0.0,0.0,0.0,0.0,Questionable,roster_only,2026-09-23T16:10:42+00:00
2026,3,401872956,00-0040434,Trace Ford,NYG,TEN,LB,0.0,0.0,0.0,0.0,0.0,0.0,0.0,0.0,0.0,0.0,0.0,0.0,0.0,0.0,0.0,0.0,0.0,,roster_only,2026-09-23T16:10:42+00:00
2026,3,401872956,00-0034673,Tremaine Edmunds,NYG,TEN,LB,0.0,0.0,0.0,0.0,0.0,0.0,0.0,0.0,0.0,0.0,0.0,0.0,0.0,0.0,6.8,3.9,10.9,Active,recent_defensive_participant,2026-09-23T16:10:42+00:00
2026,3,401872956,00-0038399,Zaire Barnes,NYG,TEN,LB,0.0,0.0,0.0,0.0,0.0,0.0,0.0,0.0,0.0,0.0,0.0,0.0,0.0,0.0,1.0,0.0,3.4,,recent_defensive_participant,2026-09-23T16:10:42+00:00
2026,3,401872956,00-0038998,Jake Haener,NYG,TEN,QB,0.0,0.0,0.0,0.0,0.0,0.0,0.0,0.0,0.0,0.0,0.0,0.0,0.0,0.0,0.0,0.0,0.0,,roster_only,2026-09-23T16:10:42+00:00
2026,3,401872956,00-0031503,Jameis Winston,NYG,TEN,QB,200.3,106.9,306.5,0.777,0.5372601422498922,4.8,-8.0,22.8,0.0,0.0,0.0,0.0,0.0,0.0,0.0,0.0,0.0,Active,starter,2026-09-23T16:10:42+00:00
2026,3,401872956,00-0040691,Jaxson Dart,NYG,TEN,QB,0.0,0.0,0.0,0.0,0.0,25.5,12.7,43.4,0.0,0.0,0.0,0.0,0.0,0.0,0.0,0.0,0.0,Doubtful,backup,2026-09-23T16:10:42+00:00
2026,3,401872956,00-0040715,Cam Skattebo,NYG,TEN,RB,0.0,0.0,0.0,0.0,0.0,36.5,14.5,67.4,15.3,-1.9,44.1,0.0,0.0,0.0,0.0,0.0,0.0,Active,starter,2026-09-23T16:10:42+00:00
2026,3,401872956,00-0035250,Devin Singletary,NYG,TEN,RB,0.0,0.0,0.0,0.0,0.0,26.3,4.3,57.2,8.7,-8.5,37.5,0.0,0.0,0.0,0.0,0.0,0.0,Active,backup,2026-09-23T16:10:42+00:00
2026,3,401872956,00-0041585,Grant Finley,NYG,TEN,RB,0.0,0.0,0.0,0.0,0.0,0.0,0.0,0.0,0.0,0.0,0.0,0.0,0.0,0.0,0.0,0.0,0.0,,roster_only,2026-09-23T16:10:42+00:00
2026,3,401872956,00-0036893,Najee Harris,NYG,TEN,RB,0.0,0.0,0.0,0.0,0.0,20.0,-2.0,51.0,6.2,-11.0,35.0,0.0,0.0,0.0,0.0,0.0,0.0,Active,backup,2026-09-23T16:10:42+00:00
2026,3,401872956,00-0033376,Patrick Ricard,NYG,TEN,RB,0.0,0.0,0.0,0.0,0.0,2.1,-8.6,17.2,4.9,-12.3,33.7,0.0,0.0,0.0,0.0,0.0,0.0,,starter,2026-09-23T16:10:42+00:00
2026,3,401872956,00-0040021,Phil Mafah,NYG,TEN,RB,0.0,0.0,0.0,0.0,0.0,0.0,0.0,0.0,0.0,0.0,0.0,0.0,0.0,0.0,0.0,0.0,0.0,,roster_only,2026-09-23T16:10:42+00:00
2026,3,401872956,00-0039384,Tyrone Tracy Jr.,NYG,TEN,RB,0.0,0.0,0.0,0.0,0.0,41.8,19.8,72.7,11.3,-5.8,40.1,0.0,0.0,0.0,0.0,0.0,0.0,Active,backup,2026-09-23T16:10:42+00:00
2026,3,401872956,00-0031484,Chris Manhertz,NYG,TEN,TE,0.0,0.0,0.0,0.0,0.0,0.0,-10.8,14.9,6.6,-10.5,35.4,0.0,0.0,0.0,0.0,0.0,0.0,,backup,2026-09-23T16:10:42+00:00
2026,3,401872956,00-0037838,Isaiah Likely,NYG,TEN,TE,0.0,0.0,0.0,0.0,0.0,0.0,-10.8,14.9,24.7,7.5,53.5,0.0,0.0,0.0,0.0,0.0,0.0,Active,starter,2026-09-23T16:10:42+00:00
2026,3,401872956,00-0039847,Theo Johnson,NYG,TEN,TE,0.0,0.0,0.0,0.0,0.0,0.0,-10.8,14.9,26.9,7.3,61.2,0.0,0.0,0.0,0.0,0.0,0.0,Active,backup,2026-09-23T16:10:42+00:00
2026,3,401872956,00-0040225,Thomas Fidone II,NYG,TEN,TE,0.0,0.0,0.0,0.0,0.0,0.0,-11.8,16.6,3.0,-15.7,34.9,0.0,0.0,0.0,0.0,0.0,0.0,Active,backup,2026-09-23T16:10:42+00:00
2026,3,401872956,00-0034419,Braxton Berrios,NYG,TEN,WR,0.0,0.0,0.0,0.0,0.0,0.0,-10.7,15.0,3.5,-13.7,32.3,0.0,0.0,0.0,0.0,0.0,0.0,,roster_only,2026-09-23T16:10:42+00:00
2026,3,401872956,00-0037837,Calvin Austin III,NYG,TEN,WR,0.0,0.0,0.0,0.0,0.0,0.0,0.0,0.0,0.0,0.0,0.0,0.0,0.0,0.0,0.0,0.0,0.0,,backup,2026-09-23T16:10:42+00:00
2026,3,401872956,00-0038576,Charlie Jones,NYG,TEN,WR,0.0,0.0,0.0,0.0,0.0,0.0,0.0,0.0,0.0,0.0,0.0,0.0,0.0,0.0,0.0,0.0,0.0,,roster_only,2026-09-23T16:10:42+00:00
2026,3,401872956,00-0040431,Dalen Cambre,NYG,TEN,WR,0.0,0.0,0.0,0.0,0.0,0.0,0.0,0.0,0.0,0.0,0.0,0.0,0.0,0.0,0.0,0.0,0.0,,roster_only,2026-09-23T16:10:42+00:00
2026,3,401872956,00-0036309,Darnell Mooney,NYG,TEN,WR,0.0,0.0,0.0,0.0,0.0,0.0,-10.8,15.0,25.2,8.1,54.0,0.0,0.0,0.0,0.0,0.0,0.0,Active,backup,2026-09-23T16:10:42+00:00
2026,3,401872956,00-0035645,Gunner Olszewski,NYG,TEN,WR,0.0,0.0,0.0,0.0,0.0,0.0,0.0,0.0,0.0,0.0,0.0,0.0,0.0,0.0,0.0,0.0,0.0,,backup,2026-09-23T16:10:42+00:00
2026,3,401872956,00-0038938,Jalin Hyatt,NYG,TEN,WR,0.0,0.0,0.0,0.0,0.0,0.0,0.0,0.0,0.0,0.0,0.0,0.0,0.0,0.0,0.0,0.0,0.0,,roster_only,2026-09-23T16:10:42+00:00
2026,3,401872956,00-0041152,Kobe Prentice,NYG,TEN,WR,0.0,0.0,0.0,0.0,0.0,0.0,0.0,0.0,0.0,0.0,0.0,0.0,0.0,0.0,0.0,0.0,0.0,,roster_only,2026-09-23T16:10:42+00:00
2026,3,401872956,00-0041042,Malachi Fields,NYG,TEN,WR,0.0,0.0,0.0,0.0,0.0,0.0,-14.8,20.6,9.2,-13.4,49.8,0.0,0.0,0.0,0.0,0.0,0.0,Active,backup,2026-09-23T16:10:42+00:00
2026,3,401872956,00-0039337,Malik Nabers,NYG,TEN,WR,0.0,0.0,0.0,0.0,0.0,0.0,-10.7,15.0,57.7,31.0,106.9,0.0,0.0,0.0,0.0,0.0,0.0,Questionable,starter,2026-09-23T16:10:42+00:00
2026,3,401872956,00-0031235,Odell Beckham Jr.,NYG,TEN,WR,0.0,0.0,0.0,0.0,0.0,0.0,-14.7,20.7,6.9,-15.7,47.5,0.0,0.0,0.0,0.0,0.0,0.0,Active,backup,2026-09-23T16:10:42+00:00
2026,3,401872956,00-0037106,Jaylon Jones,TEN,NYG,CB,0.0,0.0,0.0,0.0,0.0,0.0,0.0,0.0,0.0,0.0,0.0,0.0,0.0,0.0,0.0,0.0,0.0,,roster_only,2026-09-23T16:10:42+00:00
2026,3,401872956,00-0038121,Alontae Taylor,TEN,NYG,DB,0.0,0.0,0.0,0.0,0.0,0.0,0.0,0.0,0.0,0.0,0.0,0.0,0.0,0.0,5.0,2.3,8.4,,starter,2026-09-23T16:10:42+00:00
2026,3,401872956,00-0035632,Amani Hooker,TEN,NYG,DB,0.0,0.0,0.0,0.0,0.0,0.0,0.0,0.0,0.0,0.0,0.0,0.0,0.0,0.0,4.8,2.1,8.3,Active,starter,2026-09-23T16:10:42+00:00
2026,3,401872956,00-0037758,Cordale Flott,TEN,NYG,DB,0.0,0.0,0.0,0.0,0.0,0.0,0.0,0.0,0.0,0.0,0.0,0.0,0.0,0.0,2.7,0.1,6.2,Questionable,starter,2026-09-23T16:10:42+00:00
2026,3,401872956,00-0038453,Corey Mayfield Jr.,TEN,NYG,DB,0.0,0.0,0.0,0.0,0.0,0.0,0.0,0.0,0.0,0.0,0.0,0.0,0.0,0.0,0.0,0.0,0.0,,roster_only,2026-09-23T16:10:42+00:00
2026,3,401872956,00-0040659,Derrick Canteen,TEN,NYG,DB,0.0,0.0,0.0,0.0,0.0,0.0,0.0,0.0,0.0,0.0,0.0,0.0,0.0,0.0,0.0,0.0,0.0,,roster_only,2026-09-23T16:10:42+00:00
2026,3,401872956,00-0038620,Erick Hallett,TEN,NYG,DB,0.0,0.0,0.0,0.0,0.0,0.0,0.0,0.0,0.0,0.0,0.0,0.0,0.0,0.0,3.8,0.9,7.6,,recent_defensive_participant,2026-09-23T16:10:42+00:00
2026,3,401872956,00-0034357,Isaiah Oliver,TEN,NYG,DB,0.0,0.0,0.0,0.0,0.0,0.0,0.0,0.0,0.0,0.0,0.0,0.0,0.0,0.0,0.0,0.0,0.0,,roster_only,2026-09-23T16:10:42+00:00
2026,3,401872956,00-0040917,Jalen McMurray,TEN,NYG,DB,0.0,0.0,0.0,0.0,0.0,0.0,0.0,0.0,0.0,0.0,0.0,0.0,0.0,0.0,0.0,0.0,0.0,,roster_only,2026-09-23T16:10:42+00:00
2026,3,401872956,00-0038407,Jaylon Jones,TEN,NYG,DB,0.0,0.0,0.0,0.0,0.0,0.0,0.0,0.0,0.0,0.0,0.0,0.0,0.0,0.0,1.3,0.0,3.8,,backup,2026-09-23T16:10:42+00:00
2026,3,401872956,00-0038043,Joshua Williams,TEN,NYG,DB,0.0,0.0,0.0,0.0,0.0,0.0,0.0,0.0,0.0,0.0,0.0,0.0,0.0,0.0,0.0,0.0,0.0,,backup,2026-09-23T16:10:42+00:00
2026,3,401872956,00-0038703,Kendell Brooks,TEN,NYG,DB,0.0,0.0,0.0,0.0,0.0,0.0,0.0,0.0,0.0,0.0,0.0,0.0,0.0,0.0,0.0,0.0,0.0,,backup,2026-09-23T16:10:42+00:00
2026,3,401872956,00-0040141,Kevin Winston Jr.,TEN,NYG,DB,0.0,0.0,0.0,0.0,0.0,0.0,0.0,0.0,0.0,0.0,0.0,0.0,0.0,0.0,3.4,1.2,6.1,Active,starter,2026-09-23T16:10:42+00:00
2026,3,401872956,00-0040674,Keydrain Calligan,TEN,NYG,DB,0.0,0.0,0.0,0.0,0.0,0.0,0.0,0.0,0.0,0.0,0.0,0.0,0.0,0.0,0.0,0.0,0.0,,roster_only,2026-09-23T16:10:42+00:00
2026,3,401872956,00-0040201,Marcus Harris,TEN,NYG,DB,0.0,0.0,0.0,0.0,0.0,0.0,0.0,0.0,0.0,0.0,0.0,0.0,0.0,0.0,2.7,0.1,6.2,Active,starter,2026-09-23T16:10:42+00:00
2026,3,401872956,00-0037136,Mario Goodrich,TEN,NYG,DB,0.0,0.0,0.0,0.0,0.0,0.0,0.0,0.0,0.0,0.0,0.0,0.0,0.0,0.0,0.0,0.0,0.0,,roster_only,2026-09-23T16:10:42+00:00
2026,3,401872956,00-0040020,Micah Robinson,TEN,NYG,DB,0.0,0.0,0.0,0.0,0.0,0.0,0.0,0.0,0.0,0.0,0.0,0.0,0.0,0.0,0.7,0.0,3.1,Active,backup,2026-09-23T16:10:42+00:00
2026,3,401872956,00-0039292,Shemar Bartholomew,TEN,NYG,DB,0.0,0.0,0.0,0.0,0.0,0.0,0.0,0.0,0.0,0.0,0.0,0.0,0.0,0.0,0.0,0.0,0.0,,roster_only,2026-09-23T16:10:42+00:00
2026,3,401872956,00-0036421,Terrell Burgess,TEN,NYG,DB,0.0,0.0,0.0,0.0,0.0,0.0,0.0,0.0,0.0,0.0,0.0,0.0,0.0,0.0,1.3,0.0,3.8,,backup,2026-09-23T16:10:42+00:00
2026,3,401872956,00-0037155,Tony Adams,TEN,NYG,DB,0.0,0.0,0.0,0.0,0.0,0.0,0.0,0.0,0.0,0.0,0.0,0.0,0.0,0.0,3.9,1.7,6.6,,backup,2026-09-23T16:10:42+00:00
2026,3,401872956,00-0040892,Jackie Marshall,TEN,NYG,DL,0.0,0.0,0.0,0.0,0.0,0.0,0.0,0.0,0.0,0.0,0.0,0.0,0.0,0.0,1.2,0.0,4.7,Active,backup,2026-09-23T16:10:42+00:00
2026,3,401872956,00-0034163,Jacob Martin,TEN,NYG,DL,0.0,0.0,0.0,0.0,0.0,0.0,0.0,0.0,0.0,0.0,0.0,0.0,0.0,0.0,2.1,0.0,4.9,,backup,2026-09-23T16:10:42+00:00
2026,3,401872956,00-0034264,Jalyn Holmes,TEN,NYG,DL,0.0,0.0,0.0,0.0,0.0,0.0,0.0,0.0,0.0,0.0,0.0,0.0,0.0,0.0,0.0,0.0,0.0,,roster_only,2026-09-23T16:10:42+00:00
2026,3,401872956,00-0035643,Jeffery Simmons,TEN,NYG,DL,0.0,0.0,0.0,0.0,0.0,0.0,0.0,0.0,0.0,0.0,0.0,0.0,0.0,0.0,3.5,1.4,6.2,,starter,2026-09-23T16:10:42+00:00
2026,3,401872956,00-0034805,John Franklin-Myers,TEN,NYG,DL,0.0,0.0,0.0,0.0,0.0,0.0,0.0,0.0,0.0,0.0,0.0,0.0,0.0,0.0,1.3,0.0,3.8,,starter,2026-09-23T16:10:42+00:00
2026,3,401872956,00-0036266,Jordan Elliott,TEN,NYG,DL,0.0,0.0,0.0,0.0,0.0,0.0,0.0,0.0,0.0,0.0,0.0,0.0,0.0,0.0,1.8,0.0,4.2,,starter,2026-09-23T16:10:42+00:00
2026,3,401872956,00-0040762,Laki Tasi,TEN,NYG,DL,0.0,0.0,0.0,0.0,0.0,0.0,0.0,0.0,0.0,0.0,0.0,0.0,0.0,0.0,0.0,0.0,0.0,,roster_only,2026-09-23T16:10:42+00:00
2026,3,401872956,00-0040041,Nazir Stackhouse,TEN,NYG,DL,0.0,0.0,0.0,0.0,0.0,0.0,0.0,0.0,0.0,0.0,0.0,0.0,0.0,0.0,0.8,0.0,3.3,,backup,2026-09-23T16:10:42+00:00
2026,3,401872956,00-0033870,Solomon Thomas,TEN,NYG,DL,0.0,0.0,0.0,0.0,0.0,0.0,0.0,0.0,0.0,0.0,0.0,0.0,0.0,0.0,1.2,0.0,3.7,,backup,2026-09-23T16:10:42+00:00
2026,3,401872956,00-0033902,Tanoh Kpassagnon,TEN,NYG,DL,0.0,0.0,0.0,0.0,0.0,0.0,0.0,0.0,0.0,0.0,0.0,0.0,0.0,0.0,0.0,0.0,0.0,,backup,2026-09-23T16:10:42+00:00
2026,3,401872956,00-0037585,Timmy Horne,TEN,NYG,DL,0.0,0.0,0.0,0.0,0.0,0.0,0.0,0.0,0.0,0.0,0.0,0.0,0.0,0.0,0.0,0.0,0.0,,roster_only,2026-09-23T16:10:42+00:00
2026,3,401872956,00-0038514,Truman Jones,TEN,NYG,DL,0.0,0.0,0.0,0.0,0.0,0.0,0.0,0.0,0.0,0.0,0.0,0.0,0.0,0.0,1.1,0.0,3.6,,backup,2026-09-23T16:10:42+00:00
2026,3,401872956,00-0035192,Joey Slye,TEN,NYG,K,0.0,0.0,0.0,0.0,0.0,0.0,0.0,0.0,0.0,0.0,0.0,6.7,2.1,11.9,0.0,0.0,0.0,Active,starter,2026-09-23T16:10:42+00:00
2026,3,401872956,00-0041479,Anthony Hill Jr.,TEN,NYG,LB,0.0,0.0,0.0,0.0,0.0,0.0,0.0,0.0,0.0,0.0,0.0,0.0,0.0,0.0,2.1,0.0,5.7,Active,starter,2026-09-23T16:10:42+00:00
2026,3,401872956,00-0039858,Cedric Gray,TEN,NYG,LB,0.0,0.0,0.0,0.0,0.0,0.0,0.0,0.0,0.0,0.0,0.0,0.0,0.0,0.0,8.0,6.3,13.3,Active,starter,2026-09-23T16:10:42+00:00
2026,3,401872956,00-0035672,Cody Barton,TEN,NYG,LB,0.0,0.0,0.0,0.0,0.0,0.0,0.0,0.0,0.0,0.0,0.0,0.0,0.0,0.0,5.1,2.0,9.0,,backup,2026-09-23T16:10:42+00:00
2026,3,401872956,00-0039381,Dominique Hampton,TEN,NYG,LB,0.0,0.0,0.0,0.0,0.0,0.0,0.0,0.0,0.0,0.0,0.0,0.0,0.0,0.0,0.0,0.0,0.0,,roster_only,2026-09-23T16:10:42+00:00
2026,3,401872956,00-0040503,Dorian Mausi,TEN,NYG,LB,0.0,0.0,0.0,0.0,0.0,0.0,0.0,0.0,0.0,0.0,0.0,0.0,0.0,0.0,0.0,0.0,0.0,,backup,2026-09-23T16:10:42+00:00
2026,3,401872956,00-0038479,Dyontae Johnson,TEN,NYG,LB,0.0,0.0,0.0,0.0,0.0,0.0,0.0,0.0,0.0,0.0,0.0,0.0,0.0,0.0,0.0,0.0,0.0,,roster_only,2026-09-23T16:10:42+00:00
2026,3,401872956,00-0039430,James Williams,TEN,NYG,LB,0.0,0.0,0.0,0.0,0.0,0.0,0.0,0.0,0.0,0.0,0.0,0.0,0.0,0.0,1.3,0.0,3.8,Questionable,starter,2026-09-23T16:10:42+00:00
2026,3,401872956,00-0039436,Jaylen Harrell,TEN,NYG,LB,0.0,0.0,0.0,0.0,0.0,0.0,0.0,0.0,0.0,0.0,0.0,0.0,0.0,0.0,0.0,0.0,0.0,,backup,2026-09-23T16:10:42+00:00
2026,3,401872956,00-0037663,Jermaine Johnson II,TEN,NYG,LB,0.0,0.0,0.0,0.0,0.0,0.0,0.0,0.0,0.0,0.0,0.0,0.0,0.0,0.0,2.6,0.7,5.1,,starter,2026-09-23T16:10:42+00:00
2026,3,401872956,00-0039277,Jimmy Ciarlo,TEN,NYG,LB,0.0,0.0,0.0,0.0,0.0,0.0,0.0,0.0,0.0,0.0,0.0,0.0,0.0,0.0,0.0,0.0,0.0,,roster_only,2026-09-23T16:10:42+00:00
2026,3,401872956,00-0041508,Keldric Faulk,TEN,NYG,LB,0.0,0.0,0.0,0.0,0.0,0.0,0.0,0.0,0.0,0.0,0.0,0.0,0.0,0.0,1.6,0.0,5.1,,backup,2026-09-23T16:10:42+00:00
2026,3,401872956,00-0040920,Mani Powell,TEN,NYG,LB,0.0,0.0,0.0,0.0,0.0,0.0,0.0,0.0,0.0,0.0,0.0,0.0,0.0,0.0,0.0,0.0,0.0,,roster_only,2026-09-23T16:10:42+00:00
2026,3,401872956,00-0036511,Milo Eifler,TEN,NYG,LB,0.0,0.0,0.0,0.0,0.0,0.0,0.0,0.0,0.0,0.0,0.0,0.0,0.0,0.0,0.0,0.0,0.0,,backup,2026-09-23T16:10:42+00:00
2026,3,401872956,00-0038711,Mohamoud Diabate,TEN,NYG,LB,0.0,0.0,0.0,0.0,0.0,0.0,0.0,0.0,0.0,0.0,0.0,0.0,0.0,0.0,0.0,0.0,0.0,,roster_only,2026-09-23T16:10:42+00:00
2026,3,401872956,00-0040752,Oluwafemi Oladejo,TEN,NYG,LB,0.0,0.0,0.0,0.0,0.0,0.0,0.0,0.0,0.0,0.0,0.0,0.0,0.0,0.0,1.9,0.0,4.4,,backup,2026-09-23T16:10:42+00:00
2026,3,401872956,00-0038600,Owen Pappoe,TEN,NYG,LB,0.0,0.0,0.0,0.0,0.0,0.0,0.0,0.0,0.0,0.0,0.0,0.0,0.0,0.0,1.0,0.0,3.5,,backup,2026-09-23T16:10:42+00:00
2026,3,401872956,00-0041492,Reid Carrico,TEN,NYG,LB,0.0,0.0,0.0,0.0,0.0,0.0,0.0,0.0,0.0,0.0,0.0,0.0,0.0,0.0,0.0,0.0,0.0,,roster_only,2026-09-23T16:10:42+00:00
2026,3,401872956,00-0040676,Cam Ward,TEN,NYG,QB,198.6,105.1,304.8,1.188,0.6547619047619048,10.1,-2.7,28.0,0.0,0.0,0.0,0.0,0.0,0.0,0.0,0.0,0.0,Active,starter,2026-09-23T16:10:42+00:00
2026,3,401872956,00-0038550,Hendon Hooker,TEN,NYG,QB,0.0,0.0,0.0,0.0,0.0,0.0,0.0,0.0,0.0,0.0,0.0,0.0,0.0,0.0,0.0,0.0,0.0,,roster_only,2026-09-23T16:10:42+00:00
2026,3,401872956,00-0033869,Mitchell Trubisky,TEN,NYG,QB,0.0,0.0,0.0,0.0,0.0,5.3,-5.4,20.3,0.0,0.0,0.0,0.0,0.0,0.0,0.0,0.0,0.0,,backup,2026-09-23T16:10:42+00:00
2026,3,401872956,00-0037594,Julius Chestnut,TEN,NYG,RB,0.0,0.0,0.0,0.0,0.0,1.5,-9.2,16.6,0.1,-17.1,28.9,0.0,0.0,0.0,0.0,0.0,0.0,,backup,2026-09-23T16:10:42+00:00
2026,3,401872956,00-0040205,Kalel Mullings,TEN,NYG,RB,0.0,0.0,0.0,0.0,0.0,0.0,0.0,0.0,0.0,0.0,0.0,0.0,0.0,0.0,0.0,0.0,0.0,,roster_only,2026-09-23T16:10:42+00:00
2026,3,401872956,00-0036924,Michael Carter,TEN,NYG,RB,0.0,0.0,0.0,0.0,0.0,0.0,0.0,0.0,0.0,0.0,0.0,0.0,0.0,0.0,0.0,0.0,0.0,,roster_only,2026-09-23T16:10:42+00:00
2026,3,401872956,00-0040886,Nicholas Singleton,TEN,NYG,RB,0.0,0.0,0.0,0.0,0.0,15.7,-14.6,58.2,2.7,-19.9,43.3,0.0,0.0,0.0,0.0,0.0,0.0,Active,backup,2026-09-23T16:10:42+00:00
2026,3,401872956,00-0035261,Tony Pollard,TEN,NYG,RB,0.0,0.0,0.0,0.0,0.0,55.8,33.8,86.7,9.1,-8.1,37.9,0.0,0.0,0.0,0.0,0.0,0.0,Active,starter,2026-09-23T16:10:42+00:00
2026,3,401872956,00-0039032,Tyjae Spears,TEN,NYG,RB,0.0,0.0,0.0,0.0,0.0,22.5,0.5,53.5,17.6,0.4,46.4,0.0,0.0,0.0,0.0,0.0,0.0,Active,backup,2026-09-23T16:10:42+00:00
2026,3,401872956,00-0038115,Daniel Bellinger,TEN,NYG,TE,0.0,0.0,0.0,0.0,0.0,0.0,-10.8,15.0,23.2,6.1,52.1,0.0,0.0,0.0,0.0,0.0,0.0,Active,backup,2026-09-23T16:10:42+00:00
2026,3,401872956,00-0039648,David Martin-Robinson,TEN,NYG,TE,0.0,0.0,0.0,0.0,0.0,0.0,-10.8,15.0,3.9,-13.2,32.7,0.0,0.0,0.0,0.0,0.0,0.0,,backup,2026-09-23T16:10:42+00:00
2026,3,401872956,00-0040584,Gunnar Helm,TEN,NYG,TE,0.0,0.0,0.0,0.0,0.0,0.0,-10.8,15.0,17.4,0.2,46.2,0.0,0.0,0.0,0.0,0.0,0.0,Active,starter,2026-09-23T16:10:42+00:00
2026,3,401872956,00-0040901,Jaren Kanak,TEN,NYG,TE,0.0,0.0,0.0,0.0,0.0,0.0,0.0,0.0,0.0,0.0,0.0,0.0,0.0,0.0,0.0,0.0,0.0,,backup,2026-09-23T16:10:42+00:00
2026,3,401872956,00-0039023,Joel Wilson,TEN,NYG,TE,0.0,0.0,0.0,0.0,0.0,0.0,0.0,0.0,0.0,0.0,0.0,0.0,0.0,0.0,0.0,0.0,0.0,,roster_only,2026-09-23T16:10:42+00:00
2026,3,401872956,00-0036876,Kylen Granson,TEN,NYG,TE,0.0,0.0,0.0,0.0,0.0,0.0,-10.8,15.0,6.9,-10.3,35.7,0.0,0.0,0.0,0.0,0.0,0.0,Active,backup,2026-09-23T16:10:42+00:00
2026,3,401872956,00-0034837,Calvin Ridley,TEN,NYG,WR,0.0,0.0,0.0,0.0,0.0,0.0,-10.7,15.1,25.0,-1.7,74.1,0.0,0.0,0.0,0.0,0.0,0.0,Active,backup,2026-09-23T16:10:42+00:00
2026,3,401872956,00-0041438,Carnell Tate,TEN,NYG,WR,0.0,0.0,0.0,0.0,0.0,0.0,-14.8,20.6,13.6,-9.1,54.2,0.0,0.0,0.0,0.0,0.0,0.0,Active,starter,2026-09-23T16:10:42+00:00
2026,3,401872956,00-0040705,Chimere Dike,TEN,NYG,WR,0.0,0.0,0.0,0.0,0.0,1.0,-9.7,16.0,29.5,2.9,78.7,0.0,0.0,0.0,0.0,0.0,0.0,Active,backup,2026-09-23T16:10:42+00:00
2026,3,401872956,00-0040445,Courtney Jackson,TEN,NYG,WR,0.0,0.0,0.0,0.0,0.0,0.0,0.0,0.0,0.0,0.0,0.0,0.0,0.0,0.0,0.0,0.0,0.0,,roster_only,2026-09-23T16:10:42+00:00
2026,3,401872956,00-0040170,Elic Ayomanor,TEN,NYG,WR,0.0,0.0,0.0,0.0,0.0,0.0,-10.8,15.0,32.1,5.4,81.3,0.0,0.0,0.0,0.0,0.0,0.0,Active,backup,2026-09-23T16:10:42+00:00
2026,3,401872956,00-0040912,Hank Beatty,TEN,NYG,WR,0.0,0.0,0.0,0.0,0.0,0.0,0.0,0.0,0.0,0.0,0.0,0.0,0.0,0.0,0.0,0.0,0.0,,roster_only,2026-09-23T16:10:42+00:00
2026,3,401872956,00-0036345,K.J. Osborn,TEN,NYG,WR,0.0,0.0,0.0,0.0,0.0,0.0,0.0,0.0,0.0,0.0,0.0,0.0,0.0,0.0,0.0,0.0,0.0,,roster_only,2026-09-23T16:10:42+00:00
2026,3,401872956,00-0037055,Lance McCutcheon,TEN,NYG,WR,0.0,0.0,0.0,0.0,0.0,0.0,0.0,0.0,0.0,0.0,0.0,0.0,0.0,0.0,0.0,0.0,0.0,,roster_only,2026-09-23T16:10:42+00:00
2026,3,401872956,00-0040919,Tyren Montgomery,TEN,NYG,WR,0.0,0.0,0.0,0.0,0.0,0.0,0.0,0.0,0.0,0.0,0.0,0.0,0.0,0.0,0.0,0.0,0.0,,roster_only,2026-09-23T16:10:42+00:00
2026,3,401872956,00-0038117,Wan'Dale Robinson,TEN,NYG,WR,0.0,0.0,0.0,0.0,0.0,0.1,-10.6,15.1,36.3,9.6,85.5,0.0,0.0,0.0,0.0,0.0,0.0,Active,backup,2026-09-23T16:10:42+00:00
2026,3,401872956,00-0040522,Xavier Restrepo,TEN,NYG,WR,0.0,0.0,0.0,0.0,0.0,0.0,0.0,0.0,0.0,0.0,0.0,0.0,0.0,0.0,0.0,0.0,0.0,,roster_only,2026-09-23T16:10:42+00:00
2026,3,401872957,00-0038596,Antonio Johnson,JAX,NE,DB,0.0,0.0,0.0,0.0,0.0,0.0,0.0,0.0,0.0,0.0,0.0,0.0,0.0,0.0,3.8,1.6,6.5,,starter,2026-09-23T16:10:42+00:00
2026,3,401872957,00-0040145,Caleb Ransaw,JAX,NE,DB,0.0,0.0,0.0,0.0,0.0,0.0,0.0,0.0,0.0,0.0,0.0,0.0,0.0,0.0,1.4,0.0,5.3,,backup,2026-09-23T16:10:42+00:00
2026,3,401872957,00-0040339,Cam'Ron Silmon-Craig,JAX,NE,DB,0.0,0.0,0.0,0.0,0.0,0.0,0.0,0.0,0.0,0.0,0.0,0.0,0.0,0.0,0.0,0.0,0.0,,roster_only,2026-09-23T16:10:42+00:00
2026,3,401872957,00-0038616,Christian Braswell,JAX,NE,DB,0.0,0.0,0.0,0.0,0.0,0.0,0.0,0.0,0.0,0.0,0.0,0.0,0.0,0.0,1.2,0.0,3.7,,backup,2026-09-23T16:10:42+00:00
2026,3,401872957,00-0036166,Dane Jackson,JAX,NE,DB,0.0,0.0,0.0,0.0,0.0,0.0,0.0,0.0,0.0,0.0,0.0,0.0,0.0,0.0,0.0,0.0,0.0,,roster_only,2026-09-23T16:10:42+00:00
2026,3,401872957,00-0041213,Devin Neal,JAX,NE,DB,0.0,0.0,0.0,0.0,0.0,0.0,0.0,0.0,0.0,0.0,0.0,0.0,0.0,0.0,0.0,0.0,0.0,,roster_only,2026-09-23T16:10:42+00:00
2026,3,401872957,00-0033038,Eric Murray,JAX,NE,DB,0.0,0.0,0.0,0.0,0.0,0.0,0.0,0.0,0.0,0.0,0.0,0.0,0.0,0.0,4.6,1.9,8.0,,starter,2026-09-23T16:10:42+00:00
2026,3,401872957,00-0040336,Jabbar Muhammad,JAX,NE,DB,0.0,0.0,0.0,0.0,0.0,0.0,0.0,0.0,0.0,0.0,0.0,0.0,0.0,0.0,0.0,0.0,0.0,,roster_only,2026-09-23T16:10:42+00:00
2026,3,401872957,00-0041055,Jalen Huskey,JAX,NE,DB,0.0,0.0,0.0,0.0,0.0,0.0,0.0,0.0,0.0,0.0,0.0,0.0,0.0,0.0,1.9,0.0,5.8,Active,backup,2026-09-23T16:10:42+00:00
2026,3,401872957,00-0039353,Jarrian Jones,JAX,NE,DB,0.0,0.0,0.0,0.0,0.0,0.0,0.0,0.0,0.0,0.0,0.0,0.0,0.0,0.0,2.8,0.2,6.4,,backup,2026-09-23T16:10:42+00:00
2026,3,401872957,00-0033928,Jourdan Lewis,JAX,NE,DB,0.0,0.0,0.0,0.0,0.0,0.0,0.0,0.0,0.0,0.0,0.0,0.0,0.0,0.0,3.4,1.3,6.1,,starter,2026-09-23T16:10:42+00:00
2026,3,401872957,00-0038823,Kaevon Merriweather,JAX,NE,DB,0.0,0.0,0.0,0.0,0.0,0.0,0.0,0.0,0.0,0.0,0.0,0.0,0.0,0.0,0.0,0.0,0.0,,roster_only,2026-09-23T16:10:42+00:00
2026,3,401872957,00-0037313,Montaric Brown,JAX,NE,DB,0.0,0.0,0.0,0.0,0.0,0.0,0.0,0.0,0.0,0.0,0.0,0.0,0.0,0.0,4.2,1.5,7.7,,starter,2026-09-23T16:10:42+00:00
2026,3,401872957,00-0041210,Preston Hodge,JAX,NE,DB,0.0,0.0,0.0,0.0,0.0,0.0,0.0,0.0,0.0,0.0,0.0,0.0,0.0,0.0,0.0,0.0,0.0,,roster_only,2026-09-23T16:10:42+00:00
2026,3,401872957,00-0040213,Rayuan Lane III,JAX,NE,DB,0.0,0.0,0.0,0.0,0.0,0.0,0.0,0.0,0.0,0.0,0.0,0.0,0.0,0.0,0.9,0.0,3.3,,backup,2026-09-23T16:10:42+00:00
2026,3,401872957,00-0040295,Trevian Thomas,JAX,NE,DB,0.0,0.0,0.0,0.0,0.0,0.0,0.0,0.0,0.0,0.0,0.0,0.0,0.0,0.0,0.0,0.0,0.0,,roster_only,2026-09-23T16:10:42+00:00
2026,3,401872957,00-0041045,Albert Regis,JAX,NE,DL,0.0,0.0,0.0,0.0,0.0,0.0,0.0,0.0,0.0,0.0,0.0,0.0,0.0,0.0,1.2,0.0,4.7,,backup,2026-09-23T16:10:42+00:00
2026,3,401872957,00-0032164,Arik Armstead,JAX,NE,DL,0.0,0.0,0.0,0.0,0.0,0.0,0.0,0.0,0.0,0.0,0.0,0.0,0.0,0.0,1.7,0.0,4.2,,starter,2026-09-23T16:10:42+00:00
2026,3,401872957,00-0040329,BJ Green II,JAX,NE,DL,0.0,0.0,0.0,0.0,0.0,0.0,0.0,0.0,0.0,0.0,0.0,0.0,0.0,0.0,0.0,0.0,0.0,Injured Reserve,backup,2026-09-23T16:10:42+00:00
2026,3,401872957,00-0041218,Bryan Thomas Jr.,JAX,NE,DL,0.0,0.0,0.0,0.0,0.0,0.0,0.0,0.0,0.0,0.0,0.0,0.0,0.0,0.0,1.2,0.0,4.7,,backup,2026-09-23T16:10:42+00:00
2026,3,401872957,00-0036262,DaVon Hamilton,JAX,NE,DL,0.0,0.0,0.0,0.0,0.0,0.0,0.0,0.0,0.0,0.0,0.0,0.0,0.0,0.0,2.2,0.2,4.7,Questionable,starter,2026-09-23T16:10:42+00:00
2026,3,401872957,00-0040342,Danny Striggow,JAX,NE,DL,0.0,0.0,0.0,0.0,0.0,0.0,0.0,0.0,0.0,0.0,0.0,0.0,0.0,0.0,0.8,0.0,3.3,,backup,2026-09-23T16:10:42+00:00
2026,3,401872957,00-0035642,Josh Hines-Allen,JAX,NE,DL,0.0,0.0,0.0,0.0,0.0,0.0,0.0,0.0,0.0,0.0,0.0,0.0,0.0,0.0,2.9,0.7,5.6,,starter,2026-09-23T16:10:42+00:00
2026,3,401872957,00-0040338,Keivie Rose,JAX,NE,DL,0.0,0.0,0.0,0.0,0.0,0.0,0.0,0.0,0.0,0.0,0.0,0.0,0.0,0.0,0.0,0.0,0.0,,roster_only,2026-09-23T16:10:42+00:00
2026,3,401872957,00-0034657,Matt Dickerson,JAX,NE,DL,0.0,0.0,0.0,0.0,0.0,0.0,0.0,0.0,0.0,0.0,0.0,0.0,0.0,0.0,1.6,0.0,4.1,,backup,2026-09-23T16:10:42+00:00
2026,3,401872957,00-0041209,Quindarius Dunnigan,JAX,NE,DL,0.0,0.0,0.0,0.0,0.0,0.0,0.0,0.0,0.0,0.0,0.0,0.0,0.0,0.0,0.0,0.0,0.0,,roster_only,2026-09-23T16:10:42+00:00
2026,3,401872957,00-0039733,Ruke Orhorhoro,JAX,NE,DL,0.0,0.0,0.0,0.0,0.0,0.0,0.0,0.0,0.0,0.0,0.0,0.0,0.0,0.0,1.4,0.0,3.9,,backup,2026-09-23T16:10:42+00:00
2026,3,401872957,00-0041204,T.J. Bollers,JAX,NE,DL,0.0,0.0,0.0,0.0,0.0,0.0,0.0,0.0,0.0,0.0,0.0,0.0,0.0,0.0,0.0,0.0,0.0,,roster_only,2026-09-23T16:10:42+00:00
2026,3,401872957,00-0040022,Tommy Akingbesote,JAX,NE,DL,0.0,0.0,0.0,0.0,0.0,0.0,0.0,0.0,0.0,0.0,0.0,0.0,0.0,0.0,0.0,0.0,0.0,,roster_only,2026-09-23T16:10:42+00:00
2026,3,401872957,00-0037235,Travon Walker,JAX,NE,DL,0.0,0.0,0.0,0.0,0.0,0.0,0.0,0.0,0.0,0.0,0.0,0.0,0.0,0.0,2.9,0.7,5.6,,starter,2026-09-23T16:10:42+00:00
2026,3,401872957,00-0041059,Wesley Williams,JAX,NE,DL,0.0,0.0,0.0,0.0,0.0,0.0,0.0,0.0,0.0,0.0,0.0,0.0,0.0,0.0,1.2,0.0,4.7,Active,backup,2026-09-23T16:10:42+00:00
2026,3,401872957,00-0041122,Zach Durfee,JAX,NE,DL,0.0,0.0,0.0,0.0,0.0,0.0,0.0,0.0,0.0,0.0,0.0,0.0,0.0,0.0,0.0,0.0,0.0,,backup,2026-09-23T16:10:42+00:00
2026,3,401872957,00-0039409,Cam Little,JAX,NE,K,0.0,0.0,0.0,0.0,0.0,0.0,0.0,0.0,0.0,0.0,0.0,7.8,3.2,13.0,0.0,0.0,0.0,Active,starter,2026-09-23T16:10:42+00:00
2026,3,401872957,00-0038617,Amari Burney,JAX,NE,LB,0.0,0.0,0.0,0.0,0.0,0.0,0.0,0.0,0.0,0.0,0.0,0.0,0.0,0.0,0.0,0.0,0.0,,roster_only,2026-09-23T16:10:42+00:00
2026,3,401872957,00-0039155,BJ Ojulari,JAX,NE,LB,0.0,0.0,0.0,0.0,0.0,0.0,0.0,0.0,0.0,0.0,0.0,0.0,0.0,0.0,0.0,0.0,0.0,,roster_only,2026-09-23T16:10:42+00:00
2026,3,401872957,00-0040326,Branson Combs,JAX,NE,LB,0.0,0.0,0.0,0.0,0.0,0.0,0.0,0.0,0.0,0.0,0.0,0.0,0.0,0.0,0.7,0.0,3.2,,backup,2026-09-23T16:10:42+00:00
2026,3,401872957,00-0034473,Dennis Gardeck,JAX,NE,LB,0.0,0.0,0.0,0.0,0.0,0.0,0.0,0.0,0.0,0.0,0.0,0.0,0.0,0.0,2.1,0.1,4.6,,starter,2026-09-23T16:10:42+00:00
2026,3,401872957,00-0034413,Foye Oluokun,JAX,NE,LB,0.0,0.0,0.0,0.0,0.0,0.0,0.0,0.0,0.0,0.0,0.0,0.0,0.0,0.0,7.5,5.4,12.4,Active,starter,2026-09-23T16:10:42+00:00
2026,3,401872957,00-0040723,Jack Kiser,JAX,NE,LB,0.0,0.0,0.0,0.0,0.0,0.0,0.0,0.0,0.0,0.0,0.0,0.0,0.0,0.0,1.7,0.0,4.2,Active,backup,2026-09-23T16:10:42+00:00
2026,3,401872957,00-0035240,Jahlani Tavai,JAX,NE,LB,0.0,0.0,0.0,0.0,0.0,0.0,0.0,0.0,0.0,0.0,0.0,0.0,0.0,0.0,4.2,2.2,6.6,,backup,2026-09-23T16:10:42+00:00
2026,3,401872957,00-0040209,Jalen McLeod,JAX,NE,LB,0.0,0.0,0.0,0.0,0.0,0.0,0.0,0.0,0.0,0.0,0.0,0.0,0.0,0.0,0.0,0.0,0.0,,roster_only,2026-09-23T16:10:42+00:00
2026,3,401872957,00-0040395,Jared Bartlett,JAX,NE,LB,0.0,0.0,0.0,0.0,0.0,0.0,0.0,0.0,0.0,0.0,0.0,0.0,0.0,0.0,0.0,0.0,0.0,,backup,2026-09-23T16:10:42+00:00
2026,3,401872957,00-0041127,Parker Hughes,JAX,NE,LB,0.0,0.0,0.0,0.0,0.0,0.0,0.0,0.0,0.0,0.0,0.0,0.0,0.0,0.0,0.0,0.0,0.0,,backup,2026-09-23T16:10:42+00:00
2026,3,401872957,00-0038570,Ventrell Miller,JAX,NE,LB,0.0,0.0,0.0,0.0,0.0,0.0,0.0,0.0,0.0,0.0,0.0,0.0,0.0,0.0,1.1,0.0,3.6,Active,starter,2026-09-23T16:10:42+00:00
2026,3,401872957,00-0039534,Carter Bradley,JAX,NE,QB,0.0,0.0,0.0,0.0,0.0,9.4,-8.1,34.1,0.0,0.0,0.0,0.0,0.0,0.0,0.0,0.0,0.0,,roster_only,2026-09-23T16:10:42+00:00
2026,3,401872957,00-0041203,Joey Aguilar,JAX,NE,QB,0.0,0.0,0.0,0.0,0.0,0.0,0.0,0.0,0.0,0.0,0.0,0.0,0.0,0.0,0.0,0.0,0.0,,roster_only,2026-09-23T16:10:42+00:00
2026,3,401872957,00-0033319,Nick Mullens,JAX,NE,QB,0.0,0.0,0.0,0.0,0.0,4.6,-8.1,22.6,0.0,0.0,0.0,0.0,0.0,0.0,0.0,0.0,0.0,,roster_only,2026-09-23T16:10:42+00:00
2026,3,401872957,00-0040234,Quinn Ewers,JAX,NE,QB,0.0,0.0,0.0,0.0,0.0,5.9,-8.2,25.6,0.0,0.0,0.0,0.0,0.0,0.0,0.0,0.0,0.0,Active,backup,2026-09-23T16:10:42+00:00
2026,3,401872957,00-0036971,Trevor Lawrence,JAX,NE,QB,212.3,118.8,318.5,1.464,0.8049529834350585,17.2,4.4,35.1,0.0,0.0,0.0,0.0,0.0,0.0,0.0,0.0,0.0,Active,starter,2026-09-23T16:10:42+00:00
2026,3,401872957,00-0032104,Ameer Abdullah,JAX,NE,RB,0.0,0.0,0.0,0.0,0.0,10.9,0.1,25.9,3.3,-13.9,32.1,0.0,0.0,0.0,0.0,0.0,0.0,Active,backup,2026-09-23T16:10:42+00:00
2026,3,401872957,00-0040719,Bhayshul Tuten,JAX,NE,RB,0.0,0.0,0.0,0.0,0.0,18.3,-3.7,49.2,4.1,-13.0,33.0,0.0,0.0,0.0,0.0,0.0,0.0,Active,starter,2026-09-23T16:10:42+00:00
2026,3,401872957,00-0038611,Chris Rodriguez Jr.,JAX,NE,RB,0.0,0.0,0.0,0.0,0.0,36.5,14.5,67.4,4.6,-12.5,33.4,0.0,0.0,0.0,0.0,0.0,0.0,Active,backup,2026-09-23T16:10:42+00:00
2026,3,401872957,00-0041217,J'Mari Taylor,JAX,NE,RB,0.0,0.0,0.0,0.0,0.0,0.0,0.0,0.0,0.0,0.0,0.0,0.0,0.0,0.0,0.0,0.0,0.0,,roster_only,2026-09-23T16:10:42+00:00
2026,3,401872957,00-0040238,LeQuint Allen Jr.,JAX,NE,RB,0.0,0.0,0.0,0.0,0.0,4.8,-17.2,35.8,2.6,-14.6,31.4,0.0,0.0,0.0,0.0,0.0,0.0,Active,backup,2026-09-23T16:10:42+00:00
2026,3,401872957,00-0039458,Brenden Bates,JAX,NE,TE,0.0,0.0,0.0,0.0,0.0,0.0,0.0,0.0,0.0,0.0,0.0,0.0,0.0,0.0,0.0,0.0,0.0,,roster_only,2026-09-23T16:10:42+00:00
2026,3,401872957,00-0038935,Brenton Strange,JAX,NE,TE,0.0,0.0,0.0,0.0,0.0,0.0,-10.8,15.0,30.0,10.3,64.3,0.0,0.0,0.0,0.0,0.0,0.0,Active,starter,2026-09-23T16:10:42+00:00
2026,3,401872957,00-0041503,Nate Boerkircher,JAX,NE,TE,0.0,0.0,0.0,0.0,0.0,0.0,-14.8,20.6,6.2,-16.4,46.8,0.0,0.0,0.0,0.0,0.0,0.0,Active,backup,2026-09-23T16:10:42+00:00
2026,3,401872957,00-0036590,Quintin Morris,JAX,NE,TE,0.0,0.0,0.0,0.0,0.0,0.0,-10.8,15.0,2.7,-14.5,31.5,0.0,0.0,0.0,0.0,0.0,0.0,,backup,2026-09-23T16:10:42+00:00
2026,3,401872957,00-0041084,Tanner Koziol,JAX,NE,TE,0.0,0.0,0.0,0.0,0.0,0.0,-14.7,20.7,3.9,-18.7,44.5,0.0,0.0,0.0,0.0,0.0,0.0,Active,backup,2026-09-23T16:10:42+00:00
2026,3,401872957,00-0041206,Alex Bullock,JAX,NE,WR,0.0,0.0,0.0,0.0,0.0,0.1,-14.6,20.8,6.4,-16.2,47.0,0.0,0.0,0.0,0.0,0.0,0.0,,roster_only,2026-09-23T16:10:42+00:00
2026,3,401872957,00-0036841,Austin Trammell,JAX,NE,WR,0.0,0.0,0.0,0.0,0.0,0.0,0.0,0.0,0.0,0.0,0.0,0.0,0.0,0.0,0.0,0.0,0.0,,roster_only,2026-09-23T16:10:42+00:00
2026,3,401872957,00-0041205,Brady Boyd,JAX,NE,WR,0.0,0.0,0.0,0.0,0.0,0.0,0.0,0.0,0.0,0.0,0.0,0.0,0.0,0.0,0.0,0.0,0.0,,roster_only,2026-09-23T16:10:42+00:00
2026,3,401872957,00-0039893,Brian Thomas Jr.,JAX,NE,WR,0.0,0.0,0.0,0.0,0.0,0.1,-10.6,15.1,43.5,16.8,92.6,0.0,0.0,0.0,0.0,0.0,0.0,Active,backup,2026-09-23T16:10:42+00:00
2026,3,401872957,00-0041106,C.J. Williams,JAX,NE,WR,0.0,0.0,0.0,0.0,0.0,0.1,-14.6,20.8,6.5,-16.1,47.1,0.0,0.0,0.0,0.0,0.0,0.0,Active,backup,2026-09-23T16:10:42+00:00
2026,3,401872957,00-0034960,Jakobi Meyers,JAX,NE,WR,0.0,0.0,0.0,0.0,0.0,0.8,-9.9,15.9,45.6,19.0,94.8,0.0,0.0,0.0,0.0,0.0,0.0,Active,backup,2026-09-23T16:10:42+00:00
2026,3,401872957,00-0041100,Josh Cameron,JAX,NE,WR,0.0,0.0,0.0,0.0,0.0,0.0,-14.8,20.6,6.9,-15.8,47.4,0.0,0.0,0.0,0.0,0.0,0.0,Active,backup,2026-09-23T16:10:42+00:00
2026,3,401872957,00-0041220,Michael Wortham,JAX,NE,WR,0.0,0.0,0.0,0.0,0.0,0.0,0.0,0.0,0.0,0.0,0.0,0.0,0.0,0.0,0.0,0.0,0.0,,roster_only,2026-09-23T16:10:42+00:00
2026,3,401872957,00-0038606,Parker Washington,JAX,NE,WR,0.0,0.0,0.0,0.0,0.0,0.2,-10.5,15.3,45.4,18.7,94.6,0.0,0.0,0.0,0.0,0.0,0.0,Active,starter,2026-09-23T16:10:42+00:00
2026,3,401872957,00-0036497,Tim Jones,JAX,NE,WR,0.0,0.0,0.0,0.0,0.0,0.0,0.0,0.0,0.0,0.0,0.0,0.0,0.0,0.0,0.0,0.0,0.0,,roster_only,2026-09-23T16:10:42+00:00
2026,3,401872957,00-0040718,Travis Hunter,JAX,NE,WR,0.0,0.0,0.0,0.0,0.0,0.5,-10.2,15.6,37.1,10.4,86.2,0.0,0.0,0.0,0.0,0.0,0.0,Active,starter,2026-09-23T16:10:42+00:00
2026,3,401872957,00-0041216,Trebor Pena,JAX,NE,WR,0.0,0.0,0.0,0.0,0.0,0.0,0.0,0.0,0.0,0.0,0.0,0.0,0.0,0.0,0.0,0.0,0.0,,roster_only,2026-09-23T16:10:42+00:00
2026,3,401872957,00-0040565,Brandon Crossley,NE,JAX,DB,0.0,0.0,0.0,0.0,0.0,0.0,0.0,0.0,0.0,0.0,0.0,0.0,0.0,0.0,0.0,0.0,0.0,,roster_only,2026-09-23T16:10:42+00:00
2026,3,401872957,00-0037205,Brenden Schooler,NE,JAX,DB,0.0,0.0,0.0,0.0,0.0,0.0,0.0,0.0,0.0,0.0,0.0,0.0,0.0,0.0,0.0,0.0,0.0,,backup,2026-09-23T16:10:42+00:00
2026,3,401872957,00-0034778,Carlton Davis III,NE,JAX,DB,0.0,0.0,0.0,0.0,0.0,0.0,0.0,0.0,0.0,0.0,0.0,0.0,0.0,0.0,3.6,1.4,6.3,Questionable,starter,2026-09-23T16:10:42+00:00
2026,3,401872957,00-0041316,Channing Canada,NE,JAX,DB,0.0,0.0,0.0,0.0,0.0,0.0,0.0,0.0,0.0,0.0,0.0,0.0,0.0,0.0,1.9,0.0,5.9,,backup,2026-09-23T16:10:42+00:00
2026,3,401872957,00-0039770,Charles Woods,NE,JAX,DB,0.0,0.0,0.0,0.0,0.0,0.0,0.0,0.0,0.0,0.0,0.0,0.0,0.0,0.0,1.8,0.0,4.3,Active,backup,2026-09-23T16:10:42+00:00
2026,3,401872957,00-0039147,Christian Gonzalez,NE,JAX,DB,0.0,0.0,0.0,0.0,0.0,0.0,0.0,0.0,0.0,0.0,0.0,0.0,0.0,0.0,3.9,1.3,7.4,,starter,2026-09-23T16:10:42+00:00
2026,3,401872957,00-0040716,Craig Woodson,NE,JAX,DB,0.0,0.0,0.0,0.0,0.0,0.0,0.0,0.0,0.0,0.0,0.0,0.0,0.0,0.0,4.2,1.5,7.7,Questionable,starter,2026-09-23T16:10:42+00:00
2026,3,401872957,00-0039692,Dell Pettus,NE,JAX,DB,0.0,0.0,0.0,0.0,0.0,0.0,0.0,0.0,0.0,0.0,0.0,0.0,0.0,0.0,2.2,0.3,4.7,Questionable,backup,2026-09-23T16:10:42+00:00
2026,3,401872957,00-0040537,Elliott Davison,NE,JAX,DB,0.0,0.0,0.0,0.0,0.0,0.0,0.0,0.0,0.0,0.0,0.0,0.0,0.0,0.0,0.0,0.0,0.0,,roster_only,2026-09-23T16:10:42+00:00
2026,3,401872957,00-0041586,Eric Butler,NE,JAX,DB,0.0,0.0,0.0,0.0,0.0,0.0,0.0,0.0,0.0,0.0,0.0,0.0,0.0,0.0,0.0,0.0,0.0,,roster_only,2026-09-23T16:10:42+00:00
2026,3,401872957,00-0040204,Jaylen Reed,NE,JAX,DB,0.0,0.0,0.0,0.0,0.0,0.0,0.0,0.0,0.0,0.0,0.0,0.0,0.0,0.0,3.8,1.4,6.8,,backup,2026-09-23T16:10:42+00:00
2026,3,401872957,00-0041088,Karon Prunty,NE,JAX,DB,0.0,0.0,0.0,0.0,0.0,0.0,0.0,0.0,0.0,0.0,0.0,0.0,0.0,0.0,2.2,0.0,6.1,,backup,2026-09-23T16:10:42+00:00
2026,3,401872957,00-0033132,Kevin Byard,NE,JAX,DB,0.0,0.0,0.0,0.0,0.0,0.0,0.0,0.0,0.0,0.0,0.0,0.0,0.0,0.0,5.5,2.8,8.9,,starter,2026-09-23T16:10:42+00:00
2026,3,401872957,00-0036307,Kindle Vildor,NE,JAX,DB,0.0,0.0,0.0,0.0,0.0,0.0,0.0,0.0,0.0,0.0,0.0,0.0,0.0,0.0,0.0,0.0,0.0,,roster_only,2026-09-23T16:10:42+00:00
2026,3,401872957,00-0040252,Kobee Minor,NE,JAX,DB,0.0,0.0,0.0,0.0,0.0,0.0,0.0,0.0,0.0,0.0,0.0,0.0,0.0,0.0,0.0,0.0,0.0,,roster_only,2026-09-23T16:10:42+00:00
2026,3,401872957,00-0037253,Marcus Jones,NE,JAX,DB,0.0,0.0,0.0,0.0,0.0,0.0,0.0,0.0,0.0,0.0,0.0,0.0,0.0,0.0,3.2,1.0,5.9,,starter,2026-09-23T16:10:42+00:00
2026,3,401872957,00-0037493,Mike Brown,NE,JAX,DB,0.0,0.0,0.0,0.0,0.0,0.0,0.0,0.0,0.0,0.0,0.0,0.0,0.0,0.0,0.0,0.0,0.0,,roster_only,2026-09-23T16:10:42+00:00
2026,3,401872957,00-0041405,Peter Manuma,NE,JAX,DB,0.0,0.0,0.0,0.0,0.0,0.0,0.0,0.0,0.0,0.0,0.0,0.0,0.0,0.0,0.0,0.0,0.0,,roster_only,2026-09-23T16:10:42+00:00
2026,3,401872957,00-0039510,Casey Rogers,NE,JAX,DL,0.0,0.0,0.0,0.0,0.0,0.0,0.0,0.0,0.0,0.0,0.0,0.0,0.0,0.0,0.0,0.0,0.0,,roster_only,2026-09-23T16:10:42+00:00
2026,3,401872957,00-0036981,Christian Barmore,NE,JAX,DL,0.0,0.0,0.0,0.0,0.0,0.0,0.0,0.0,0.0,0.0,0.0,0.0,0.0,0.0,1.9,0.0,4.7,,starter,2026-09-23T16:10:42+00:00
2026,3,401872957,00-0038653,Cory Durden,NE,JAX,DL,0.0,0.0,0.0,0.0,0.0,0.0,0.0,0.0,0.0,0.0,0.0,0.0,0.0,0.0,1.9,0.0,4.4,,starter,2026-09-23T16:10:42+00:00
2026,3,401872957,00-0031054,DaQuan Jones,NE,JAX,DL,0.0,0.0,0.0,0.0,0.0,0.0,0.0,0.0,0.0,0.0,0.0,0.0,0.0,0.0,1.8,0.0,4.3,,backup,2026-09-23T16:10:42+00:00
2026,3,401872957,00-0040371,Eric Gregory,NE,JAX,DL,0.0,0.0,0.0,0.0,0.0,0.0,0.0,0.0,0.0,0.0,0.0,0.0,0.0,0.0,0.0,0.0,0.0,,roster_only,2026-09-23T16:10:42+00:00
2026,3,401872957,00-0039644,Isaiah Iton,NE,JAX,DL,0.0,0.0,0.0,0.0,0.0,0.0,0.0,0.0,0.0,0.0,0.0,0.0,0.0,0.0,0.0,0.0,0.0,,roster_only,2026-09-23T16:10:42+00:00
2026,3,401872957,00-0041211,Jalen Hunt,NE,JAX,DL,0.0,0.0,0.0,0.0,0.0,0.0,0.0,0.0,0.0,0.0,0.0,0.0,0.0,0.0,0.0,0.0,0.0,,roster_only,2026-09-23T16:10:42+00:00
2026,3,401872957,00-0037711,Jeremiah Pharms Jr.,NE,JAX,DL,0.0,0.0,0.0,0.0,0.0,0.0,0.0,0.0,0.0,0.0,0.0,0.0,0.0,0.0,0.0,0.0,0.0,,roster_only,2026-09-23T16:10:42+00:00
2026,3,401872957,00-0040171,Joshua Farmer,NE,JAX,DL,0.0,0.0,0.0,0.0,0.0,0.0,0.0,0.0,0.0,0.0,0.0,0.0,0.0,0.0,1.0,0.0,3.4,,backup,2026-09-23T16:10:42+00:00
2026,3,401872957,00-0039289,Leonard Taylor III,NE,JAX,DL,0.0,0.0,0.0,0.0,0.0,0.0,0.0,0.0,0.0,0.0,0.0,0.0,0.0,0.0,1.1,0.0,3.6,Active,backup,2026-09-23T16:10:42+00:00
2026,3,401872957,00-0036916,Milton Williams,NE,JAX,DL,0.0,0.0,0.0,0.0,0.0,0.0,0.0,0.0,0.0,0.0,0.0,0.0,0.0,0.0,1.6,0.0,4.0,,starter,2026-09-23T16:10:42+00:00
2026,3,401872957,00-0040200,Andy Borregales,NE,JAX,K,0.0,0.0,0.0,0.0,0.0,0.0,0.0,0.0,0.0,0.0,0.0,8.1,3.6,13.4,0.0,0.0,0.0,Active,starter,2026-09-23T16:10:42+00:00
2026,3,401872957,00-0036813,Christian Elliss,NE,JAX,LB,0.0,0.0,0.0,0.0,0.0,0.0,0.0,0.0,0.0,0.0,0.0,0.0,0.0,0.0,4.5,1.5,8.4,Active,recent_defensive_participant,2026-09-23T16:10:42+00:00
2026,3,401872957,00-0039829,Darius Muasau,NE,JAX,LB,0.0,0.0,0.0,0.0,0.0,0.0,0.0,0.0,0.0,0.0,0.0,0.0,0.0,0.0,0.0,0.0,0.0,,roster_only,2026-09-23T16:10:42+00:00
2026,3,401872957,00-0035678,Dre'Mont Jones,NE,JAX,LB,0.0,0.0,0.0,0.0,0.0,0.0,0.0,0.0,0.0,0.0,0.0,0.0,0.0,0.0,2.3,0.0,6.4,Questionable,starter,2026-09-23T16:10:42+00:00
2026,3,401872957,00-0040574,Elijah Ponder,NE,JAX,LB,0.0,0.0,0.0,0.0,0.0,0.0,0.0,0.0,0.0,0.0,0.0,0.0,0.0,0.0,2.6,0.6,5.0,Active,starter,2026-09-23T16:10:42+00:00
2026,3,401872957,00-0041455,Erick Hunter,NE,JAX,LB,0.0,0.0,0.0,0.0,0.0,0.0,0.0,0.0,0.0,0.0,0.0,0.0,0.0,0.0,0.0,0.0,0.0,,roster_only,2026-09-23T16:10:42+00:00
2026,3,401872957,00-0041569,Gabe Jacas,NE,JAX,LB,0.0,0.0,0.0,0.0,0.0,0.0,0.0,0.0,0.0,0.0,0.0,0.0,0.0,0.0,1.5,0.0,5.0,,backup,2026-09-23T16:10:42+00:00
2026,3,401872957,00-0034828,Harold Landry III,NE,JAX,LB,0.0,0.0,0.0,0.0,0.0,0.0,0.0,0.0,0.0,0.0,0.0,0.0,0.0,0.0,0.0,0.0,0.0,,backup,2026-09-23T16:10:42+00:00
2026,3,401872957,00-0039053,Jose Ramirez,NE,JAX,LB,0.0,0.0,0.0,0.0,0.0,0.0,0.0,0.0,0.0,0.0,0.0,0.0,0.0,0.0,0.0,0.0,0.0,,roster_only,2026-09-23T16:10:42+00:00
2026,3,401872957,00-0036643,K.J. Britt,NE,JAX,LB,0.0,0.0,0.0,0.0,0.0,0.0,0.0,0.0,0.0,0.0,0.0,0.0,0.0,0.0,0.0,0.0,0.0,,roster_only,2026-09-23T16:10:42+00:00
2026,3,401872957,00-0041321,Khalil Jacobs,NE,JAX,LB,0.0,0.0,0.0,0.0,0.0,0.0,0.0,0.0,0.0,0.0,0.0,0.0,0.0,0.0,0.0,0.0,0.0,,roster_only,2026-09-23T16:10:42+00:00
2026,3,401872957,00-0041109,Namdi Obiazor,NE,JAX,LB,0.0,0.0,0.0,0.0,0.0,0.0,0.0,0.0,0.0,0.0,0.0,0.0,0.0,0.0,0.0,0.0,0.0,,roster_only,2026-09-23T16:10:42+00:00
2026,3,401872957,00-0041402,Quintayvious Hutchins,NE,JAX,LB,0.0,0.0,0.0,0.0,0.0,0.0,0.0,0.0,0.0,0.0,0.0,0.0,0.0,0.0,1.6,0.0,5.1,,backup,2026-09-23T16:10:42+00:00
2026,3,401872957,00-0041564,Riley Wilson,NE,JAX,LB,0.0,0.0,0.0,0.0,0.0,0.0,0.0,0.0,0.0,0.0,0.0,0.0,0.0,0.0,0.0,0.0,0.0,,roster_only,2026-09-23T16:10:42+00:00
2026,3,401872957,00-0034720,Robert Spillane,NE,JAX,LB,0.0,0.0,0.0,0.0,0.0,0.0,0.0,0.0,0.0,0.0,0.0,0.0,0.0,0.0,5.9,2.9,9.8,Active,recent_defensive_participant,2026-09-23T16:10:42+00:00
2026,3,401872957,00-0041412,Xavier Holmes,NE,JAX,LB,0.0,0.0,0.0,0.0,0.0,0.0,0.0,0.0,0.0,0.0,0.0,0.0,0.0,0.0,0.0,0.0,0.0,,roster_only,2026-09-23T16:10:42+00:00
2026,3,401872957,00-0041123,Behren Morton,NE,JAX,QB,0.0,0.0,0.0,0.0,0.0,8.3,-9.3,33.0,0.0,0.0,0.0,0.0,0.0,0.0,0.0,0.0,0.0,Active,backup,2026-09-23T16:10:42+00:00
2026,3,401872957,00-0039851,Drake Maye,NE,JAX,QB,221.8,128.3,328.0,1.464,0.8049529834350585,19.7,6.9,37.6,0.0,0.0,0.0,0.0,0.0,0.0,0.0,0.0,0.0,Active,starter,2026-09-23T16:10:42+00:00
2026,3,401872957,00-0038476,Tommy DeVito,NE,JAX,QB,0.0,0.0,0.0,0.0,0.0,11.1,-1.7,29.0,0.0,0.0,0.0,0.0,0.0,0.0,0.0,0.0,0.0,,backup,2026-09-23T16:10:42+00:00
2026,3,401872957,00-0040556,Corey Kiner,NE,JAX,RB,0.0,0.0,0.0,0.0,0.0,10.1,-14.1,44.1,1.9,-16.8,33.8,0.0,0.0,0.0,0.0,0.0,0.0,,backup,2026-09-23T16:10:42+00:00
2026,3,401872957,00-0037617,Hassan Haskins,NE,JAX,RB,0.0,0.0,0.0,0.0,0.0,6.8,-3.9,21.8,4.0,-13.2,32.8,0.0,0.0,0.0,0.0,0.0,0.0,,roster_only,2026-09-23T16:10:42+00:00
2026,3,401872957,00-0041129,Jam Miller,NE,JAX,RB,0.0,0.0,0.0,0.0,0.0,0.0,0.0,0.0,0.0,0.0,0.0,0.0,0.0,0.0,0.0,0.0,0.0,,roster_only,2026-09-23T16:10:42+00:00
2026,3,401872957,00-0040568,Lan Larison,NE,JAX,RB,0.0,0.0,0.0,0.0,0.0,8.6,-21.7,51.1,2.4,-20.3,43.0,0.0,0.0,0.0,0.0,0.0,0.0,,roster_only,2026-09-23T16:10:42+00:00
2026,3,401872957,00-0041323,Myles Montgomery,NE,JAX,RB,0.0,0.0,0.0,0.0,0.0,0.0,0.0,0.0,0.0,0.0,0.0,0.0,0.0,0.0,0.0,0.0,0.0,,backup,2026-09-23T16:10:42+00:00
2026,3,401872957,00-0036187,Reggie Gilliam,NE,JAX,RB,0.0,0.0,0.0,0.0,0.0,1.8,-8.9,16.8,3.6,-13.6,32.4,0.0,0.0,0.0,0.0,0.0,0.0,,starter,2026-09-23T16:10:42+00:00
2026,3,401872957,00-0036875,Rhamondre Stevenson,NE,JAX,RB,0.0,0.0,0.0,0.0,0.0,32.3,10.3,63.3,18.9,1.7,47.7,0.0,0.0,0.0,0.0,0.0,0.0,Active,starter,2026-09-23T16:10:42+00:00
2026,3,401872957,00-0040734,TreVeyon Henderson,NE,JAX,RB,0.0,0.0,0.0,0.0,0.0,45.8,23.8,76.7,10.2,-6.9,39.0,0.0,0.0,0.0,0.0,0.0,0.0,Active,backup,2026-09-23T16:10:42+00:00
2026,3,401872957,00-0038564,Cameron Latu,NE,JAX,TE,0.0,0.0,0.0,0.0,0.0,0.0,-10.8,15.0,6.1,-11.0,34.9,0.0,0.0,0.0,0.0,0.0,0.0,,backup,2026-09-23T16:10:42+00:00
2026,3,401872957,00-0041395,Eli Raridon,NE,JAX,TE,0.0,0.0,0.0,0.0,0.0,0.0,-14.8,20.6,6.8,-15.9,47.4,0.0,0.0,0.0,0.0,0.0,0.0,Questionable,backup,2026-09-23T16:10:42+00:00
2026,3,401872957,00-0033090,Hunter Henry,NE,JAX,TE,0.0,0.0,0.0,0.0,0.0,0.0,-10.8,14.9,35.4,15.7,69.6,0.0,0.0,0.0,0.0,0.0,0.0,Active,starter,2026-09-23T16:10:42+00:00
2026,3,401872957,00-0038720,Julian Hill,NE,JAX,TE,0.0,0.0,0.0,0.0,0.0,0.0,0.0,0.0,0.0,0.0,0.0,0.0,0.0,0.0,0.0,0.0,0.0,,backup,2026-09-23T16:10:42+00:00
2026,3,401872957,00-0036534,Shane Zylstra,NE,JAX,TE,0.0,0.0,0.0,0.0,0.0,0.0,0.0,0.0,0.0,0.0,0.0,0.0,0.0,0.0,0.0,0.0,0.0,,roster_only,2026-09-23T16:10:42+00:00
2026,3,401872957,00-0041314,Tanner Arkin,NE,JAX,TE,0.0,0.0,0.0,0.0,0.0,0.0,-14.8,20.6,4.5,-18.1,45.1,0.0,0.0,0.0,0.0,0.0,0.0,Active,backup,2026-09-23T16:10:42+00:00
2026,3,401872957,00-0037348,Tanner Conner,NE,JAX,TE,0.0,0.0,0.0,0.0,0.0,0.0,0.0,0.0,0.0,0.0,0.0,0.0,0.0,0.0,0.0,0.0,0.0,,roster_only,2026-09-23T16:10:42+00:00
2026,3,401872957,00-0035676,A.J. Brown,NE,JAX,WR,0.0,0.0,0.0,0.0,0.0,0.0,0.0,0.0,0.0,0.0,0.0,0.0,0.0,0.0,0.0,0.0,0.0,,backup,2026-09-23T16:10:42+00:00
2026,3,401872957,00-0041319,Cameron Dorner,NE,JAX,WR,0.0,0.0,0.0,0.0,0.0,0.0,0.0,0.0,0.0,0.0,0.0,0.0,0.0,0.0,0.0,0.0,0.0,,roster_only,2026-09-23T16:10:42+00:00
2026,3,401872957,00-0040323,Chandler Brayboy,NE,JAX,WR,0.0,0.0,0.0,0.0,0.0,0.0,0.0,0.0,0.0,0.0,0.0,0.0,0.0,0.0,0.0,0.0,0.0,,roster_only,2026-09-23T16:10:42+00:00
2026,3,401872957,00-0038621,DeMario Douglas,NE,JAX,WR,0.0,0.0,0.0,0.0,0.0,0.4,-10.3,15.4,11.6,-5.5,40.4,0.0,0.0,0.0,0.0,0.0,0.0,Active,backup,2026-09-23T16:10:42+00:00
2026,3,401872957,00-0040563,Efton Chism III,NE,JAX,WR,0.0,0.0,0.0,0.0,0.0,0.0,-10.8,15.0,8.8,-8.3,37.7,0.0,0.0,0.0,0.0,0.0,0.0,,backup,2026-09-23T16:10:42+00:00
2026,3,401872957,00-0034971,Jalen Hurd,NE,JAX,WR,0.0,0.0,0.0,0.0,0.0,0.0,-14.7,20.7,7.3,-15.3,47.9,0.0,0.0,0.0,0.0,0.0,0.0,,roster_only,2026-09-23T16:10:42+00:00
2026,3,401872957,00-0040570,Jeremiah Webb,NE,JAX,WR,0.0,0.0,0.0,0.0,0.0,0.0,0.0,0.0,0.0,0.0,0.0,0.0,0.0,0.0,0.0,0.0,0.0,,backup,2026-09-23T16:10:42+00:00
2026,3,401872957,00-0041322,Jimmy Kibble,NE,JAX,WR,0.0,0.0,0.0,0.0,0.0,0.0,0.0,0.0,0.0,0.0,0.0,0.0,0.0,0.0,0.0,0.0,0.0,,roster_only,2026-09-23T16:10:42+00:00
2026,3,401872957,00-0041318,Kyle Dixon,NE,JAX,WR,0.0,0.0,0.0,0.0,0.0,0.0,0.0,0.0,0.0,0.0,0.0,0.0,0.0,0.0,0.0,0.0,0.0,,roster_only,2026-09-23T16:10:42+00:00
2026,3,401872957,00-0040131,Kyle Williams,NE,JAX,WR,0.0,0.0,0.0,0.0,0.0,0.0,-10.8,15.0,21.7,4.5,50.5,0.0,0.0,0.0,0.0,0.0,0.0,Active,backup,2026-09-23T16:10:42+00:00
2026,3,401872957,00-0033555,Mack Hollins,NE,JAX,WR,0.0,0.0,0.0,0.0,0.0,0.0,-10.8,15.0,34.0,7.4,83.2,0.0,0.0,0.0,0.0,0.0,0.0,Active,backup,2026-09-23T16:10:42+00:00
2026,3,401872957,00-0041317,Nick DeGennaro,NE,JAX,WR,0.0,0.0,0.0,0.0,0.0,0.0,0.0,0.0,0.0,0.0,0.0,0.0,0.0,0.0,0.0,0.0,0.0,,roster_only,2026-09-23T16:10:42+00:00
2026,3,401872957,00-0037816,Romeo Doubs,NE,JAX,WR,0.0,0.0,0.0,0.0,0.0,0.0,-10.8,14.9,31.4,4.7,80.5,0.0,0.0,0.0,0.0,0.0,0.0,Active,starter,2026-09-23T16:10:42+00:00
2026,3,401872957,00-0039397,Tejhaun Palmer,NE,JAX,WR,0.0,0.0,0.0,0.0,0.0,0.0,0.0,0.0,0.0,0.0,0.0,0.0,0.0,0.0,0.0,0.0,0.0,,roster_only,2026-09-23T16:10:42+00:00
2026,3,401872958,00-0035378,Andrew Wingard,ARI,SF,DB,0.0,0.0,0.0,0.0,0.0,0.0,0.0,0.0,0.0,0.0,0.0,0.0,0.0,0.0,5.1,2.3,8.5,,starter,2026-09-23T16:10:42+00:00
2026,3,401872958,00-0038788,Art Green,ARI,SF,DB,0.0,0.0,0.0,0.0,0.0,0.0,0.0,0.0,0.0,0.0,0.0,0.0,0.0,0.0,0.0,0.0,0.0,,roster_only,2026-09-23T16:10:42+00:00
2026,3,401872958,00-0033890,Budda Baker,ARI,SF,DB,0.0,0.0,0.0,0.0,0.0,0.0,0.0,0.0,0.0,0.0,0.0,0.0,0.0,0.0,6.8,4.3,10.5,Active,starter,2026-09-23T16:10:42+00:00
2026,3,401872958,00-0038877,D'Shawn Jamison,ARI,SF,DB,0.0,0.0,0.0,0.0,0.0,0.0,0.0,0.0,0.0,0.0,0.0,0.0,0.0,0.0,0.0,0.0,0.0,,roster_only,2026-09-23T16:10:42+00:00
2026,3,401872958,00-0039864,Dadrion Taylor-Demerson,ARI,SF,DB,0.0,0.0,0.0,0.0,0.0,0.0,0.0,0.0,0.0,0.0,0.0,0.0,0.0,0.0,4.4,1.7,7.9,Active,backup,2026-09-23T16:10:42+00:00
2026,3,401872958,00-0040195,Denzel Burke,ARI,SF,DB,0.0,0.0,0.0,0.0,0.0,0.0,0.0,0.0,0.0,0.0,0.0,0.0,0.0,0.0,3.9,1.2,7.4,,starter,2026-09-23T16:10:42+00:00
2026,3,401872958,00-0041597,Devyn Bobby,ARI,SF,DB,0.0,0.0,0.0,0.0,0.0,0.0,0.0,0.0,0.0,0.0,0.0,0.0,0.0,0.0,0.0,0.0,0.0,,roster_only,2026-09-23T16:10:42+00:00
2026,3,401872958,00-0041364,Elijah Culp,ARI,SF,DB,0.0,0.0,0.0,0.0,0.0,0.0,0.0,0.0,0.0,0.0,0.0,0.0,0.0,0.0,0.0,0.0,0.0,,roster_only,2026-09-23T16:10:42+00:00
2026,3,401872958,00-0039007,Garrett Williams,ARI,SF,DB,0.0,0.0,0.0,0.0,0.0,0.0,0.0,0.0,0.0,0.0,0.0,0.0,0.0,0.0,3.1,1.0,5.9,Questionable,starter,2026-09-23T16:10:42+00:00
2026,3,401872958,00-0040479,Hudson Clark,ARI,SF,DB,0.0,0.0,0.0,0.0,0.0,0.0,0.0,0.0,0.0,0.0,0.0,0.0,0.0,0.0,0.0,0.0,0.0,,roster_only,2026-09-23T16:10:42+00:00
2026,3,401872958,00-0038613,Jerrick Reed II,ARI,SF,DB,0.0,0.0,0.0,0.0,0.0,0.0,0.0,0.0,0.0,0.0,0.0,0.0,0.0,0.0,0.0,0.0,0.0,,roster_only,2026-09-23T16:10:42+00:00
2026,3,401872958,00-0037141,Joey Blount,ARI,SF,DB,0.0,0.0,0.0,0.0,0.0,0.0,0.0,0.0,0.0,0.0,0.0,0.0,0.0,0.0,0.0,0.0,0.0,,backup,2026-09-23T16:10:42+00:00
2026,3,401872958,00-0040576,Josh Minkins,ARI,SF,DB,0.0,0.0,0.0,0.0,0.0,0.0,0.0,0.0,0.0,0.0,0.0,0.0,0.0,0.0,0.0,0.0,0.0,,roster_only,2026-09-23T16:10:42+00:00
2026,3,401872958,00-0039239,Kalen King,ARI,SF,DB,0.0,0.0,0.0,0.0,0.0,0.0,0.0,0.0,0.0,0.0,0.0,0.0,0.0,0.0,0.8,0.0,4.7,,backup,2026-09-23T16:10:42+00:00
2026,3,401872958,00-0038984,Kei'Trel Clark,ARI,SF,DB,0.0,0.0,0.0,0.0,0.0,0.0,0.0,0.0,0.0,0.0,0.0,0.0,0.0,0.0,1.0,0.0,3.4,,backup,2026-09-23T16:10:42+00:00
2026,3,401872958,00-0040230,Kitan Crawford,ARI,SF,DB,0.0,0.0,0.0,0.0,0.0,0.0,0.0,0.0,0.0,0.0,0.0,0.0,0.0,0.0,0.0,0.0,0.0,Injured Reserve,backup,2026-09-23T16:10:42+00:00
2026,3,401872958,00-0039807,Max Melton,ARI,SF,DB,0.0,0.0,0.0,0.0,0.0,0.0,0.0,0.0,0.0,0.0,0.0,0.0,0.0,0.0,1.4,0.0,4.2,Questionable,starter,2026-09-23T16:10:42+00:00
2026,3,401872958,00-0039767,Quinton Newsome,ARI,SF,DB,0.0,0.0,0.0,0.0,0.0,0.0,0.0,0.0,0.0,0.0,0.0,0.0,0.0,0.0,0.0,0.0,0.0,,roster_only,2026-09-23T16:10:42+00:00
2026,3,401872958,00-0038663,Starling Thomas V,ARI,SF,DB,0.0,0.0,0.0,0.0,0.0,0.0,0.0,0.0,0.0,0.0,0.0,0.0,0.0,0.0,0.0,0.0,0.0,,roster_only,2026-09-23T16:10:42+00:00
2026,3,401872958,00-0040751,Will Johnson,ARI,SF,DB,0.0,0.0,0.0,0.0,0.0,0.0,0.0,0.0,0.0,0.0,0.0,0.0,0.0,0.0,0.0,0.0,0.0,Out,backup,2026-09-23T16:10:42+00:00
2026,3,401872958,00-0041370,Wydett Williams Jr.,ARI,SF,DB,0.0,0.0,0.0,0.0,0.0,0.0,0.0,0.0,0.0,0.0,0.0,0.0,0.0,0.0,2.3,0.0,6.2,,backup,2026-09-23T16:10:42+00:00
2026,3,401872958,00-0033066,Andrew Billings,ARI,SF,DL,0.0,0.0,0.0,0.0,0.0,0.0,0.0,0.0,0.0,0.0,0.0,0.0,0.0,0.0,1.4,0.0,3.9,Questionable,backup,2026-09-23T16:10:42+00:00
2026,3,401872958,00-0038939,Brodric Martin,ARI,SF,DL,0.0,0.0,0.0,0.0,0.0,0.0,0.0,0.0,0.0,0.0,0.0,0.0,0.0,0.0,0.0,0.0,0.0,,roster_only,2026-09-23T16:10:42+00:00
2026,3,401872958,00-0040517,Cam Horsley,ARI,SF,DL,0.0,0.0,0.0,0.0,0.0,0.0,0.0,0.0,0.0,0.0,0.0,0.0,0.0,0.0,0.0,0.0,0.0,,roster_only,2026-09-23T16:10:42+00:00
2026,3,401872958,00-0041369,Damonic Williams,ARI,SF,DL,0.0,0.0,0.0,0.0,0.0,0.0,0.0,0.0,0.0,0.0,0.0,0.0,0.0,0.0,0.0,0.0,0.0,,roster_only,2026-09-23T16:10:42+00:00
2026,3,401872958,00-0038623,Dante Stills,ARI,SF,DL,0.0,0.0,0.0,0.0,0.0,0.0,0.0,0.0,0.0,0.0,0.0,0.0,0.0,0.0,2.2,0.3,4.7,,starter,2026-09-23T16:10:42+00:00
2026,3,401872958,00-0039854,Darius Robinson,ARI,SF,DL,0.0,0.0,0.0,0.0,0.0,0.0,0.0,0.0,0.0,0.0,0.0,0.0,0.0,0.0,2.4,0.5,4.9,,backup,2026-09-23T16:10:42+00:00
2026,3,401872958,00-0040283,Jared Harrison-Hunte,ARI,SF,DL,0.0,0.0,0.0,0.0,0.0,0.0,0.0,0.0,0.0,0.0,0.0,0.0,0.0,0.0,0.0,0.0,0.0,,roster_only,2026-09-23T16:10:42+00:00
2026,3,401872958,00-0041555,Kaleb Proctor,ARI,SF,DL,0.0,0.0,0.0,0.0,0.0,0.0,0.0,0.0,0.0,0.0,0.0,0.0,0.0,0.0,0.0,0.0,0.0,,backup,2026-09-23T16:10:42+00:00
2026,3,401872958,00-0041594,Keveion'ta Spears,ARI,SF,DL,0.0,0.0,0.0,0.0,0.0,0.0,0.0,0.0,0.0,0.0,0.0,0.0,0.0,0.0,0.0,0.0,0.0,,roster_only,2026-09-23T16:10:42+00:00
2026,3,401872958,00-0035636,L.J. Collier,ARI,SF,DL,0.0,0.0,0.0,0.0,0.0,0.0,0.0,0.0,0.0,0.0,0.0,0.0,0.0,0.0,1.4,0.0,3.9,,backup,2026-09-23T16:10:42+00:00
2026,3,401872958,00-0036568,Roy Lopez,ARI,SF,DL,0.0,0.0,0.0,0.0,0.0,0.0,0.0,0.0,0.0,0.0,0.0,0.0,0.0,0.0,2.1,0.2,4.6,Active,starter,2026-09-23T16:10:42+00:00
2026,3,401872958,00-0040706,Walter Nolen,ARI,SF,DL,0.0,0.0,0.0,0.0,0.0,0.0,0.0,0.0,0.0,0.0,0.0,0.0,0.0,0.0,1.5,0.0,3.9,,starter,2026-09-23T16:10:42+00:00
2026,3,401872958,00-0037804,Zachary Carter,ARI,SF,DL,0.0,0.0,0.0,0.0,0.0,0.0,0.0,0.0,0.0,0.0,0.0,0.0,0.0,0.0,0.0,0.0,0.0,,backup,2026-09-23T16:10:42+00:00
2026,3,401872958,00-0038567,Chad Ryland,ARI,SF,K,0.0,0.0,0.0,0.0,0.0,0.0,0.0,0.0,0.0,0.0,0.0,6.9,2.1,12.3,0.0,0.0,0.0,Active,starter,2026-09-23T16:10:42+00:00
2026,3,401872958,00-0036995,Baron Browning,ARI,SF,LB,0.0,0.0,0.0,0.0,0.0,0.0,0.0,0.0,0.0,0.0,0.0,0.0,0.0,0.0,2.2,0.3,4.7,,backup,2026-09-23T16:10:42+00:00
2026,3,401872958,00-0041367,Cam Robertson,ARI,SF,LB,0.0,0.0,0.0,0.0,0.0,0.0,0.0,0.0,0.0,0.0,0.0,0.0,0.0,0.0,0.0,0.0,0.0,,roster_only,2026-09-23T16:10:42+00:00
2026,3,401872958,00-0040645,Cody Simon,ARI,SF,LB,0.0,0.0,0.0,0.0,0.0,0.0,0.0,0.0,0.0,0.0,0.0,0.0,0.0,0.0,5.9,2.9,9.8,Active,backup,2026-09-23T16:10:42+00:00
2026,3,401872958,00-0038782,Eku Leota,ARI,SF,LB,0.0,0.0,0.0,0.0,0.0,0.0,0.0,0.0,0.0,0.0,0.0,0.0,0.0,0.0,0.6,0.0,3.1,,backup,2026-09-23T16:10:42+00:00
2026,3,401872958,00-0039956,Elliott Brown,ARI,SF,LB,0.0,0.0,0.0,0.0,0.0,0.0,0.0,0.0,0.0,0.0,0.0,0.0,0.0,0.0,0.0,0.0,0.0,,roster_only,2026-09-23T16:10:42+00:00
2026,3,401872958,00-0040299,Eugene Asante,ARI,SF,LB,0.0,0.0,0.0,0.0,0.0,0.0,0.0,0.0,0.0,0.0,0.0,0.0,0.0,0.0,0.0,0.0,0.0,,roster_only,2026-09-23T16:10:42+00:00
2026,3,401872958,00-0037596,Jack Gibbens,ARI,SF,LB,0.0,0.0,0.0,0.0,0.0,0.0,0.0,0.0,0.0,0.0,0.0,0.0,0.0,0.0,5.9,2.9,9.9,Active,starter,2026-09-23T16:10:42+00:00
2026,3,401872958,00-0040137,Jordan Burch,ARI,SF,LB,0.0,0.0,0.0,0.0,0.0,0.0,0.0,0.0,0.0,0.0,0.0,0.0,0.0,0.0,1.8,0.0,4.3,,backup,2026-09-23T16:10:42+00:00
2026,3,401872958,00-0034381,Josh Sweat,ARI,SF,LB,0.0,0.0,0.0,0.0,0.0,0.0,0.0,0.0,0.0,0.0,0.0,0.0,0.0,0.0,1.5,0.0,4.0,,starter,2026-09-23T16:10:42+00:00
2026,3,401872958,00-0041093,Karson Sharar,ARI,SF,LB,0.0,0.0,0.0,0.0,0.0,0.0,0.0,0.0,0.0,0.0,0.0,0.0,0.0,0.0,1.6,0.0,5.1,,backup,2026-09-23T16:10:42+00:00
2026,3,401872958,00-0035144,Mack Wilson,ARI,SF,LB,0.0,0.0,0.0,0.0,0.0,0.0,0.0,0.0,0.0,0.0,0.0,0.0,0.0,0.0,6.1,3.1,10.1,Active,starter,2026-09-23T16:10:42+00:00
2026,3,401872958,00-0036933,Zaven Collins,ARI,SF,LB,0.0,0.0,0.0,0.0,0.0,0.0,0.0,0.0,0.0,0.0,0.0,0.0,0.0,0.0,2.8,0.8,5.2,,starter,2026-09-23T16:10:42+00:00
2026,3,401872958,00-0041561,Carson Beck,ARI,SF,QB,0.0,0.0,0.0,0.0,0.0,9.5,-8.0,34.2,0.0,0.0,0.0,0.0,0.0,0.0,0.0,0.0,0.0,Active,backup,2026-09-23T16:10:42+00:00
2026,3,401872958,00-0035289,Gardner Minshew,ARI,SF,QB,0.0,0.0,0.0,0.0,0.0,6.2,-4.5,21.2,0.0,0.0,0.0,0.0,0.0,0.0,0.0,0.0,0.0,,backup,2026-09-23T16:10:42+00:00
2026,3,401872958,00-0033119,Jacoby Brissett,ARI,SF,QB,190.0,96.5,296.2,1.152,0.6547619047619048,7.6,-3.1,22.6,0.0,0.0,0.0,0.0,0.0,0.0,0.0,0.0,0.0,Active,starter,2026-09-23T16:10:42+00:00
2026,3,401872958,00-0037157,Bam Knight,ARI,SF,RB,0.0,0.0,0.0,0.0,0.0,16.4,-5.6,47.3,6.4,-10.8,35.2,0.0,0.0,0.0,0.0,0.0,0.0,Active,backup,2026-09-23T16:10:42+00:00
2026,3,401872958,00-0038397,Evan Hull,ARI,SF,RB,0.0,0.0,0.0,0.0,0.0,0.0,0.0,0.0,0.0,0.0,0.0,0.0,0.0,0.0,0.0,0.0,0.0,,roster_only,2026-09-23T16:10:42+00:00
2026,3,401872958,00-0033553,James Conner,ARI,SF,RB,0.0,0.0,0.0,0.0,0.0,0.0,0.0,0.0,0.0,0.0,0.0,0.0,0.0,0.0,0.0,0.0,0.0,,backup,2026-09-23T16:10:42+00:00
2026,3,401872958,00-0041027,Jeremiyah Love,ARI,SF,RB,0.0,0.0,0.0,0.0,0.0,16.8,-13.5,59.3,5.0,-17.6,45.6,0.0,0.0,0.0,0.0,0.0,0.0,Active,starter,2026-09-23T16:10:42+00:00
2026,3,401872958,00-0040526,Tre Stewart,ARI,SF,RB,0.0,0.0,0.0,0.0,0.0,0.0,0.0,0.0,0.0,0.0,0.0,0.0,0.0,0.0,0.0,0.0,0.0,,roster_only,2026-09-23T16:10:42+00:00
2026,3,401872958,00-0039921,Trey Benson,ARI,SF,RB,0.0,0.0,0.0,0.0,0.0,0.0,0.0,0.0,0.0,0.0,0.0,0.0,0.0,0.0,0.0,0.0,0.0,,backup,2026-09-23T16:10:42+00:00
2026,3,401872958,00-0037263,Tyler Allgeier,ARI,SF,RB,0.0,0.0,0.0,0.0,0.0,30.4,8.4,61.3,6.1,-11.1,34.9,0.0,0.0,0.0,0.0,0.0,0.0,Active,backup,2026-09-23T16:10:42+00:00
2026,3,401872958,00-0039041,Elijah Higgins,ARI,SF,TE,0.0,0.0,0.0,0.0,0.0,0.0,-10.8,15.0,14.8,-2.3,43.6,0.0,0.0,0.0,0.0,0.0,0.0,,backup,2026-09-23T16:10:42+00:00
2026,3,401872958,00-0037004,Hunter Long,ARI,SF,TE,0.0,0.0,0.0,0.0,0.0,0.0,-10.8,15.0,9.9,-7.3,38.7,0.0,0.0,0.0,0.0,0.0,0.0,,backup,2026-09-23T16:10:42+00:00
2026,3,401872958,00-0041366,Jameson Geers,ARI,SF,TE,0.0,0.0,0.0,0.0,0.0,0.0,0.0,0.0,0.0,0.0,0.0,0.0,0.0,0.0,0.0,0.0,0.0,,backup,2026-09-23T16:10:42+00:00
2026,3,401872958,00-0040046,Rivaldo Fairweather,ARI,SF,TE,0.0,0.0,0.0,0.0,0.0,0.0,0.0,0.0,0.0,0.0,0.0,0.0,0.0,0.0,0.0,0.0,0.0,,roster_only,2026-09-23T16:10:42+00:00
2026,3,401872958,00-0039550,Shawn Bowman,ARI,SF,TE,0.0,0.0,0.0,0.0,0.0,0.0,0.0,0.0,0.0,0.0,0.0,0.0,0.0,0.0,0.0,0.0,0.0,,roster_only,2026-09-23T16:10:42+00:00
2026,3,401872958,00-0037277,Teagan Quitoriano,ARI,SF,TE,0.0,0.0,0.0,0.0,0.0,0.0,0.0,0.0,0.0,0.0,0.0,0.0,0.0,0.0,0.0,0.0,0.0,,roster_only,2026-09-23T16:10:42+00:00
2026,3,401872958,00-0039737,Tip Reiman,ARI,SF,TE,0.0,0.0,0.0,0.0,0.0,0.0,0.0,0.0,0.0,0.0,0.0,0.0,0.0,0.0,0.0,0.0,0.0,,backup,2026-09-23T16:10:42+00:00
2026,3,401872958,00-0037744,Trey McBride,ARI,SF,TE,0.0,0.0,0.0,0.0,0.0,0.0,-10.8,15.0,59.7,40.0,94.0,0.0,0.0,0.0,0.0,0.0,0.0,Active,starter,2026-09-23T16:10:42+00:00
2026,3,401872958,00-0036331,Devin Duvernay,ARI,SF,WR,0.0,0.0,0.0,0.0,0.0,0.1,-10.6,15.1,5.1,-12.1,33.9,0.0,0.0,0.0,0.0,0.0,0.0,,backup,2026-09-23T16:10:42+00:00
2026,3,401872958,00-0041368,Harrison Wallace III,ARI,SF,WR,0.0,0.0,0.0,0.0,0.0,0.0,0.0,0.0,0.0,0.0,0.0,0.0,0.0,0.0,0.0,0.0,0.0,,roster_only,2026-09-23T16:10:42+00:00
2026,3,401872958,00-0038640,Jalen Brooks,ARI,SF,WR,0.0,0.0,0.0,0.0,0.0,0.0,-10.8,15.0,9.8,-7.4,38.6,0.0,0.0,0.0,0.0,0.0,0.0,,backup,2026-09-23T16:10:42+00:00
2026,3,401872958,00-0033307,Kendrick Bourne,ARI,SF,WR,0.0,0.0,0.0,0.0,0.0,0.0,-10.8,15.0,19.3,2.2,48.1,0.0,0.0,0.0,0.0,0.0,0.0,Active,backup,2026-09-23T16:10:42+00:00
2026,3,401872958,00-0039849,Marvin Harrison Jr.,ARI,SF,WR,0.0,0.0,0.0,0.0,0.0,0.0,-10.8,15.0,23.5,6.3,52.3,0.0,0.0,0.0,0.0,0.0,0.0,Active,backup,2026-09-23T16:10:42+00:00
2026,3,401872958,00-0038559,Michael Wilson,ARI,SF,WR,0.0,0.0,0.0,0.0,0.0,0.0,-10.8,15.0,55.8,29.2,105.0,0.0,0.0,0.0,0.0,0.0,0.0,Active,starter,2026-09-23T16:10:42+00:00
2026,3,401872958,00-0041070,Reggie Virgil,ARI,SF,WR,0.0,0.0,0.0,0.0,0.0,0.1,-14.6,20.8,7.2,-15.5,47.7,0.0,0.0,0.0,0.0,0.0,0.0,Active,backup,2026-09-23T16:10:42+00:00
2026,3,401872958,00-0036646,Simi Fehoko,ARI,SF,WR,0.0,0.0,0.0,0.0,0.0,0.0,-10.7,15.1,5.5,-11.7,34.3,0.0,0.0,0.0,0.0,0.0,0.0,,backup,2026-09-23T16:10:42+00:00
2026,3,401872958,00-0039521,Xavier Weaver,ARI,SF,WR,0.0,0.0,0.0,0.0,0.0,0.0,0.0,0.0,0.0,0.0,0.0,0.0,0.0,0.0,0.0,0.0,0.0,,roster_only,2026-09-23T16:10:42+00:00
2026,3,401872958,00-0036329,Ashtyn Davis,SF,ARI,DB,0.0,0.0,0.0,0.0,0.0,0.0,0.0,0.0,0.0,0.0,0.0,0.0,0.0,0.0,4.1,1.5,7.6,,backup,2026-09-23T16:10:42+00:00
2026,3,401872958,00-0039333,Brandon Codrington,SF,ARI,DB,0.0,0.0,0.0,0.0,0.0,0.0,0.0,0.0,0.0,0.0,0.0,0.0,0.0,0.0,0.0,0.0,0.0,,roster_only,2026-09-23T16:10:42+00:00
2026,3,401872958,00-0036638,Darrick Forrest,SF,ARI,DB,0.0,0.0,0.0,0.0,0.0,0.0,0.0,0.0,0.0,0.0,0.0,0.0,0.0,0.0,0.0,0.0,0.0,,backup,2026-09-23T16:10:42+00:00
2026,3,401872958,00-0036563,Deommodore Lenoir,SF,ARI,DB,0.0,0.0,0.0,0.0,0.0,0.0,0.0,0.0,0.0,0.0,0.0,0.0,0.0,0.0,3.8,1.1,7.2,,starter,2026-09-23T16:10:42+00:00
2026,3,401872958,00-0041068,Ephesians Prysock,SF,ARI,DB,0.0,0.0,0.0,0.0,0.0,0.0,0.0,0.0,0.0,0.0,0.0,0.0,0.0,0.0,2.1,0.0,6.1,Active,backup,2026-09-23T16:10:42+00:00
2026,3,401872958,00-0038039,Jack Jones,SF,ARI,DB,0.0,0.0,0.0,0.0,0.0,0.0,0.0,0.0,0.0,0.0,0.0,0.0,0.0,0.0,3.8,1.1,7.3,Questionable,backup,2026-09-23T16:10:42+00:00
2026,3,401872958,00-0040559,Jakob Robinson,SF,ARI,DB,0.0,0.0,0.0,0.0,0.0,0.0,0.0,0.0,0.0,0.0,0.0,0.0,0.0,0.0,0.0,0.0,0.0,,roster_only,2026-09-23T16:10:42+00:00
2026,3,401872958,00-0041362,Jalen Stroman,SF,ARI,DB,0.0,0.0,0.0,0.0,0.0,0.0,0.0,0.0,0.0,0.0,0.0,0.0,0.0,0.0,0.0,0.0,0.0,,roster_only,2026-09-23T16:10:42+00:00
2026,3,401872958,00-0038554,Ji'Ayir Brown,SF,ARI,DB,0.0,0.0,0.0,0.0,0.0,0.0,0.0,0.0,0.0,0.0,0.0,0.0,0.0,0.0,4.6,1.9,8.1,Active,starter,2026-09-23T16:10:42+00:00
2026,3,401872958,00-0041406,Larry Worth,SF,ARI,DB,0.0,0.0,0.0,0.0,0.0,0.0,0.0,0.0,0.0,0.0,0.0,0.0,0.0,0.0,0.0,0.0,0.0,,roster_only,2026-09-23T16:10:42+00:00
2026,3,401872958,00-0039360,Malik Mustapha,SF,ARI,DB,0.0,0.0,0.0,0.0,0.0,0.0,0.0,0.0,0.0,0.0,0.0,0.0,0.0,0.0,5.1,2.4,8.5,,backup,2026-09-23T16:10:42+00:00
2026,3,401872958,00-0040185,Marques Sigle,SF,ARI,DB,0.0,0.0,0.0,0.0,0.0,0.0,0.0,0.0,0.0,0.0,0.0,0.0,0.0,0.0,1.1,0.0,3.5,Active,starter,2026-09-23T16:10:42+00:00
2026,3,401872958,00-0036871,Nate Hobbs,SF,ARI,DB,0.0,0.0,0.0,0.0,0.0,0.0,0.0,0.0,0.0,0.0,0.0,0.0,0.0,0.0,0.0,0.0,0.0,,backup,2026-09-23T16:10:42+00:00
2026,3,401872958,00-0039881,Patrick McMorris,SF,ARI,DB,0.0,0.0,0.0,0.0,0.0,0.0,0.0,0.0,0.0,0.0,0.0,0.0,0.0,0.0,0.0,0.0,0.0,,roster_only,2026-09-23T16:10:42+00:00
2026,3,401872958,00-0039345,Renardo Green,SF,ARI,DB,0.0,0.0,0.0,0.0,0.0,0.0,0.0,0.0,0.0,0.0,0.0,0.0,0.0,0.0,4.0,1.3,7.5,,starter,2026-09-23T16:10:42+00:00
2026,3,401872958,00-0034391,Siran Neal,SF,ARI,DB,0.0,0.0,0.0,0.0,0.0,0.0,0.0,0.0,0.0,0.0,0.0,0.0,0.0,0.0,0.6,0.0,3.1,,backup,2026-09-23T16:10:42+00:00
2026,3,401872958,00-0040152,Upton Stout,SF,ARI,DB,0.0,0.0,0.0,0.0,0.0,0.0,0.0,0.0,0.0,0.0,0.0,0.0,0.0,0.0,4.6,2.3,7.2,,starter,2026-09-23T16:10:42+00:00
2026,3,401872958,00-0040721,Alfred Collins,SF,ARI,DL,0.0,0.0,0.0,0.0,0.0,0.0,0.0,0.0,0.0,0.0,0.0,0.0,0.0,0.0,0.0,0.0,0.0,,backup,2026-09-23T16:10:42+00:00
2026,3,401872958,00-0040711,C.J. West,SF,ARI,DL,0.0,0.0,0.0,0.0,0.0,0.0,0.0,0.0,0.0,0.0,0.0,0.0,0.0,0.0,1.3,0.0,3.8,,backup,2026-09-23T16:10:42+00:00
2026,3,401872958,00-0039696,Evan Anderson,SF,ARI,DL,0.0,0.0,0.0,0.0,0.0,0.0,0.0,0.0,0.0,0.0,0.0,0.0,0.0,0.0,0.0,0.0,0.0,,roster_only,2026-09-23T16:10:42+00:00
2026,3,401872958,00-0041557,Gracen Halton,SF,ARI,DL,0.0,0.0,0.0,0.0,0.0,0.0,0.0,0.0,0.0,0.0,0.0,0.0,0.0,0.0,1.3,0.0,4.9,,starter,2026-09-23T16:10:42+00:00
2026,3,401872958,00-0040486,Jah Joyner,SF,ARI,DL,0.0,0.0,0.0,0.0,0.0,0.0,0.0,0.0,0.0,0.0,0.0,0.0,0.0,0.0,0.0,0.0,0.0,,roster_only,2026-09-23T16:10:42+00:00
2026,3,401872958,00-0041363,James Thompson Jr.,SF,ARI,DL,0.0,0.0,0.0,0.0,0.0,0.0,0.0,0.0,0.0,0.0,0.0,0.0,0.0,0.0,1.2,0.0,4.7,,recent_defensive_participant,2026-09-23T16:10:42+00:00
2026,3,401872958,00-0039148,Keion White,SF,ARI,DL,0.0,0.0,0.0,0.0,0.0,0.0,0.0,0.0,0.0,0.0,0.0,0.0,0.0,0.0,1.8,0.0,4.3,Active,starter,2026-09-23T16:10:42+00:00
2026,3,401872958,00-0035026,Kevin Givens,SF,ARI,DL,0.0,0.0,0.0,0.0,0.0,0.0,0.0,0.0,0.0,0.0,0.0,0.0,0.0,0.0,0.0,0.0,0.0,,roster_only,2026-09-23T16:10:42+00:00
2026,3,401872958,00-0036341,Khalid Kareem,SF,ARI,DL,0.0,0.0,0.0,0.0,0.0,0.0,0.0,0.0,0.0,0.0,0.0,0.0,0.0,0.0,1.1,0.0,3.5,,backup,2026-09-23T16:10:42+00:00
2026,3,401872958,00-0039354,McKinnley Jackson,SF,ARI,DL,0.0,0.0,0.0,0.0,0.0,0.0,0.0,0.0,0.0,0.0,0.0,0.0,0.0,0.0,0.0,0.0,0.0,,roster_only,2026-09-23T16:10:42+00:00
2026,3,401872958,00-0041360,Mikail Kamara,SF,ARI,DL,0.0,0.0,0.0,0.0,0.0,0.0,0.0,0.0,0.0,0.0,0.0,0.0,0.0,0.0,0.0,0.0,0.0,,backup,2026-09-23T16:10:42+00:00
2026,3,401872958,00-0040660,Mykel Williams,SF,ARI,DL,0.0,0.0,0.0,0.0,0.0,0.0,0.0,0.0,0.0,0.0,0.0,0.0,0.0,0.0,0.0,0.0,0.0,,backup,2026-09-23T16:10:42+00:00
2026,3,401872958,00-0035717,Nick Bosa,SF,ARI,DL,0.0,0.0,0.0,0.0,0.0,0.0,0.0,0.0,0.0,0.0,0.0,0.0,0.0,0.0,2.9,0.9,5.4,,starter,2026-09-23T16:10:42+00:00
2026,3,401872958,00-0034807,Ogbo Okoronkwo,SF,ARI,DL,0.0,0.0,0.0,0.0,0.0,0.0,0.0,0.0,0.0,0.0,0.0,0.0,0.0,0.0,1.0,0.0,3.5,,backup,2026-09-23T16:10:42+00:00
2026,3,401872958,00-0036942,Osa Odighizuwa,SF,ARI,DL,0.0,0.0,0.0,0.0,0.0,0.0,0.0,0.0,0.0,0.0,0.0,0.0,0.0,0.0,2.2,0.1,5.0,,starter,2026-09-23T16:10:42+00:00
2026,3,401872958,00-0041556,Romello Height,SF,ARI,DL,0.0,0.0,0.0,0.0,0.0,0.0,0.0,0.0,0.0,0.0,0.0,0.0,0.0,0.0,1.1,0.0,4.7,Questionable,backup,2026-09-23T16:10:42+00:00
2026,3,401872958,00-0037602,Sam Okuayinonu,SF,ARI,DL,0.0,0.0,0.0,0.0,0.0,0.0,0.0,0.0,0.0,0.0,0.0,0.0,0.0,0.0,0.0,0.0,0.0,,backup,2026-09-23T16:10:42+00:00
2026,3,401872958,00-0040560,Sebastian Valdez,SF,ARI,DL,0.0,0.0,0.0,0.0,0.0,0.0,0.0,0.0,0.0,0.0,0.0,0.0,0.0,0.0,0.0,0.0,0.0,,roster_only,2026-09-23T16:10:42+00:00
2026,3,401872958,00-0036896,Victor Dimukeje,SF,ARI,DL,0.0,0.0,0.0,0.0,0.0,0.0,0.0,0.0,0.0,0.0,0.0,0.0,0.0,0.0,0.0,0.0,0.0,,roster_only,2026-09-23T16:10:42+00:00
2026,3,401872958,00-0038575,Viliami Fehoko Jr.,SF,ARI,DL,0.0,0.0,0.0,0.0,0.0,0.0,0.0,0.0,0.0,0.0,0.0,0.0,0.0,0.0,0.0,0.0,0.0,,roster_only,2026-09-23T16:10:42+00:00
2026,3,401872958,00-0040950,Vincent Anthony Jr.,SF,ARI,DL,0.0,0.0,0.0,0.0,0.0,0.0,0.0,0.0,0.0,0.0,0.0,0.0,0.0,0.0,0.0,0.0,0.0,,roster_only,2026-09-23T16:10:42+00:00
2026,3,401872958,THO581952,James Thompson Jr.,SF,ARI,DT,0.0,0.0,0.0,0.0,0.0,0.0,0.0,0.0,0.0,0.0,0.0,0.0,0.0,0.0,1.2,0.0,4.7,Doubtful,backup,2026-09-23T16:10:42+00:00
2026,3,401872958,00-0034173,Eddy Pineiro,SF,ARI,K,0.0,0.0,0.0,0.0,0.0,0.0,0.0,0.0,0.0,0.0,0.0,8.3,3.7,13.5,0.0,0.0,0.0,Active,starter,2026-09-23T16:10:42+00:00
2026,3,401872958,00-0038865,Andrew Farmer II,SF,ARI,LB,0.0,0.0,0.0,0.0,0.0,0.0,0.0,0.0,0.0,0.0,0.0,0.0,0.0,0.0,0.0,0.0,0.0,,backup,2026-09-23T16:10:42+00:00
2026,3,401872958,00-0034982,Dre Greenlaw,SF,ARI,LB,0.0,0.0,0.0,0.0,0.0,0.0,0.0,0.0,0.0,0.0,0.0,0.0,0.0,0.0,5.6,3.6,8.0,,starter,2026-09-23T16:10:42+00:00
2026,3,401872958,00-0034815,Fred Warner,SF,ARI,LB,0.0,0.0,0.0,0.0,0.0,0.0,0.0,0.0,0.0,0.0,0.0,0.0,0.0,0.0,5.1,2.1,9.1,Active,starter,2026-09-23T16:10:42+00:00
2026,3,401872958,00-0036844,Garret Wallow,SF,ARI,LB,0.0,0.0,0.0,0.0,0.0,0.0,0.0,0.0,0.0,0.0,0.0,0.0,0.0,0.0,0.7,0.0,3.2,,backup,2026-09-23T16:10:42+00:00
2026,3,401872958,00-0041078,Jaden Dugger,SF,ARI,LB,0.0,0.0,0.0,0.0,0.0,0.0,0.0,0.0,0.0,0.0,0.0,0.0,0.0,0.0,1.6,0.0,5.1,,backup,2026-09-23T16:10:42+00:00
2026,3,401872958,00-0038648,Jalen Graham,SF,ARI,LB,0.0,0.0,0.0,0.0,0.0,0.0,0.0,0.0,0.0,0.0,0.0,0.0,0.0,0.0,0.0,0.0,0.0,,roster_only,2026-09-23T16:10:42+00:00
2026,3,401872958,00-0035413,Luke Gifford,SF,ARI,LB,0.0,0.0,0.0,0.0,0.0,0.0,0.0,0.0,0.0,0.0,0.0,0.0,0.0,0.0,2.1,0.2,4.6,,starter,2026-09-23T16:10:42+00:00
2026,3,401872958,00-0040135,Nick Martin,SF,ARI,LB,0.0,0.0,0.0,0.0,0.0,0.0,0.0,0.0,0.0,0.0,0.0,0.0,0.0,0.0,0.0,0.0,0.0,,backup,2026-09-23T16:10:42+00:00
2026,3,401872958,00-0039435,Tatum Bethune,SF,ARI,LB,0.0,0.0,0.0,0.0,0.0,0.0,0.0,0.0,0.0,0.0,0.0,0.0,0.0,0.0,6.6,3.6,10.6,Active,backup,2026-09-23T16:10:42+00:00
2026,3,401872958,00-0038658,Adrian Martinez,SF,ARI,QB,0.0,0.0,0.0,0.0,0.0,0.0,0.0,0.0,0.0,0.0,0.0,0.0,0.0,0.0,0.0,0.0,0.0,,roster_only,2026-09-23T16:10:42+00:00
2026,3,401872958,00-0037834,Brock Purdy,SF,ARI,QB,235.7,142.2,341.9,1.936,0.8571428571428571,14.1,1.3,32.1,0.0,0.0,0.0,0.0,0.0,0.0,0.0,0.0,0.0,Active,starter,2026-09-23T16:10:42+00:00
2026,3,401872958,00-0040589,Kurtis Rourke,SF,ARI,QB,0.0,0.0,0.0,0.0,0.0,9.0,-8.6,33.7,0.0,0.0,0.0,0.0,0.0,0.0,0.0,0.0,0.0,Active,backup,2026-09-23T16:10:42+00:00
2026,3,401872958,00-0036972,Mac Jones,SF,ARI,QB,0.0,0.0,0.0,0.0,0.0,5.0,-7.7,23.0,0.0,0.0,0.0,0.0,0.0,0.0,0.0,0.0,0.0,Active,backup,2026-09-23T16:10:42+00:00
2026,3,401872958,00-0033280,Christian McCaffrey,SF,ARI,RB,0.0,0.0,0.0,0.0,0.0,76.2,54.1,107.1,37.8,20.6,66.6,0.0,0.0,0.0,0.0,0.0,0.0,Active,starter,2026-09-23T16:10:42+00:00
2026,3,401872958,00-0039363,Isaac Guerendo,SF,ARI,RB,0.0,0.0,0.0,0.0,0.0,0.0,0.0,0.0,0.0,0.0,0.0,0.0,0.0,0.0,0.0,0.0,0.0,,backup,2026-09-23T16:10:42+00:00
2026,3,401872958,00-0040177,Jordan James,SF,ARI,RB,0.0,0.0,0.0,0.0,0.0,7.7,-22.6,50.2,1.1,-21.6,41.6,0.0,0.0,0.0,0.0,0.0,0.0,Active,backup,2026-09-23T16:10:42+00:00
2026,3,401872958,00-0041052,Kaelon Black,SF,ARI,RB,0.0,0.0,0.0,0.0,0.0,16.2,-14.1,58.7,3.6,-19.1,44.1,0.0,0.0,0.0,0.0,0.0,0.0,Active,backup,2026-09-23T16:10:42+00:00
2026,3,401872958,00-0029892,Kyle Juszczyk,SF,ARI,RB,0.0,0.0,0.0,0.0,0.0,0.8,-9.9,15.8,13.0,-4.2,41.8,0.0,0.0,0.0,0.0,0.0,0.0,Active,starter,2026-09-23T16:10:42+00:00
2026,3,401872958,00-0037509,Sincere McCormick,SF,ARI,RB,0.0,0.0,0.0,0.0,0.0,0.0,0.0,0.0,0.0,0.0,0.0,0.0,0.0,0.0,0.0,0.0,0.0,,roster_only,2026-09-23T16:10:42+00:00
2026,3,401872958,00-0038643,Brayden Willis,SF,ARI,TE,0.0,0.0,0.0,0.0,0.0,0.0,-10.7,15.0,0.5,-16.6,29.3,0.0,0.0,0.0,0.0,0.0,0.0,,backup,2026-09-23T16:10:42+00:00
2026,3,401872958,00-0033288,George Kittle,SF,ARI,TE,0.0,0.0,0.0,0.0,0.0,0.0,-10.8,15.0,52.7,33.1,87.0,0.0,0.0,0.0,0.0,0.0,0.0,Active,starter,2026-09-23T16:10:42+00:00
2026,3,401872958,00-0036741,Jack Stoll,SF,ARI,TE,0.0,0.0,0.0,0.0,0.0,0.0,0.0,0.0,0.0,0.0,0.0,0.0,0.0,0.0,0.0,0.0,0.0,,roster_only,2026-09-23T16:10:42+00:00
2026,3,401872958,00-0037112,Jake Tonges,SF,ARI,TE,0.0,0.0,0.0,0.0,0.0,0.0,0.0,0.0,0.0,0.0,0.0,0.0,0.0,0.0,0.0,0.0,0.0,,backup,2026-09-23T16:10:42+00:00
2026,3,401872958,00-0041357,Khalil Dinkins,SF,ARI,TE,0.0,0.0,0.0,0.0,0.0,0.0,0.0,0.0,0.0,0.0,0.0,0.0,0.0,0.0,0.0,0.0,0.0,,roster_only,2026-09-23T16:10:42+00:00
2026,3,401872958,00-0036887,Luke Farrell,SF,ARI,TE,0.0,0.0,0.0,0.0,0.0,0.0,-10.8,15.0,4.9,-12.3,33.7,0.0,0.0,0.0,0.0,0.0,0.0,,backup,2026-09-23T16:10:42+00:00
2026,3,401872958,00-0036261,Brandon Aiyuk,SF,ARI,WR,0.0,0.0,0.0,0.0,0.0,0.0,0.0,0.0,0.0,0.0,0.0,0.0,0.0,0.0,0.0,0.0,0.0,Out,backup,2026-09-23T16:10:42+00:00
2026,3,401872958,00-0034775,Christian Kirk,SF,ARI,WR,0.0,0.0,0.0,0.0,0.0,0.0,0.0,0.0,0.0,0.0,0.0,0.0,0.0,0.0,0.0,0.0,0.0,,backup,2026-09-23T16:10:42+00:00
2026,3,401872958,00-0041035,De'Zhaun Stribling,SF,ARI,WR,0.0,0.0,0.0,0.0,0.0,0.0,0.0,0.0,0.0,0.0,0.0,0.0,0.0,0.0,0.0,0.0,0.0,Injured Reserve,backup,2026-09-23T16:10:42+00:00
2026,3,401872958,00-0035719,Deebo Samuel Sr.,SF,ARI,WR,0.0,0.0,0.0,0.0,0.0,6.5,-4.2,21.6,43.9,17.2,93.1,0.0,0.0,0.0,0.0,0.0,0.0,Active,backup,2026-09-23T16:10:42+00:00
2026,3,401872958,00-0032775,Demarcus Robinson,SF,ARI,WR,0.0,0.0,0.0,0.0,0.0,0.0,0.0,0.0,0.0,0.0,0.0,0.0,0.0,0.0,0.0,0.0,0.0,Out,backup,2026-09-23T16:10:42+00:00
2026,3,401872958,00-0039365,Jacob Cowing,SF,ARI,WR,0.0,0.0,0.0,0.0,0.0,0.3,-10.4,15.4,10.4,-6.8,39.2,0.0,0.0,0.0,0.0,0.0,0.0,,backup,2026-09-23T16:10:42+00:00
2026,3,401872958,00-0040172,Jordan Watkins,SF,ARI,WR,0.0,0.0,0.0,0.0,0.0,0.0,-11.8,16.5,8.2,-10.5,40.1,0.0,0.0,0.0,0.0,0.0,0.0,Active,backup,2026-09-23T16:10:42+00:00
2026,3,401872958,00-0034854,KhaDarel Hodge,SF,ARI,WR,0.0,0.0,0.0,0.0,0.0,0.0,-10.8,15.0,4.9,-12.2,33.8,0.0,0.0,0.0,0.0,0.0,0.0,,backup,2026-09-23T16:10:42+00:00
2026,3,401872958,00-0031408,Mike Evans,SF,ARI,WR,0.0,0.0,0.0,0.0,0.0,0.0,-10.7,15.1,63.6,36.9,112.8,0.0,0.0,0.0,0.0,0.0,0.0,Questionable,starter,2026-09-23T16:10:42+00:00
2026,3,401872958,00-0039916,Ricky Pearsall,SF,ARI,WR,0.0,0.0,0.0,0.0,0.0,0.0,0.0,0.0,0.0,0.0,0.0,0.0,0.0,0.0,0.0,0.0,0.0,,backup,2026-09-23T16:10:42+00:00
2026,3,401872958,00-0041359,Wesley Grimes,SF,ARI,WR,0.0,0.0,0.0,0.0,0.0,0.0,0.0,0.0,0.0,0.0,0.0,0.0,0.0,0.0,0.0,0.0,0.0,,roster_only,2026-09-23T16:10:42+00:00
2026,3,401872958,00-0041361,Will Pauling,SF,ARI,WR,0.0,0.0,0.0,0.0,0.0,0.0,0.0,0.0,0.0,0.0,0.0,0.0,0.0,0.0,0.0,0.0,0.0,,roster_only,2026-09-23T16:10:42+00:00
2026,3,401872959,00-0040962,Bryce Phillips,MIN,TB,DB,0.0,0.0,0.0,0.0,0.0,0.0,0.0,0.0,0.0,0.0,0.0,0.0,0.0,0.0,0.0,0.0,0.0,,roster_only,2026-09-23T16:10:42+00:00
2026,3,401872959,00-0035236,Byron Murphy,MIN,TB,DB,0.0,0.0,0.0,0.0,0.0,0.0,0.0,0.0,0.0,0.0,0.0,0.0,0.0,0.0,3.7,1.0,7.2,Active,starter,2026-09-23T16:10:42+00:00
2026,3,401872959,00-0041083,Charles Demmings,MIN,TB,DB,0.0,0.0,0.0,0.0,0.0,0.0,0.0,0.0,0.0,0.0,0.0,0.0,0.0,0.0,3.0,0.2,6.9,,starter,2026-09-23T16:10:42+00:00
2026,3,401872959,00-0041341,Da'Veawn Armstead,MIN,TB,DB,0.0,0.0,0.0,0.0,0.0,0.0,0.0,0.0,0.0,0.0,0.0,0.0,0.0,0.0,0.0,0.0,0.0,,roster_only,2026-09-23T16:10:42+00:00
2026,3,401872959,00-0039714,Dwight McGlothern,MIN,TB,DB,0.0,0.0,0.0,0.0,0.0,0.0,0.0,0.0,0.0,0.0,0.0,0.0,0.0,0.0,0.0,0.0,0.0,,roster_only,2026-09-23T16:10:42+00:00
2026,3,401872959,00-0029606,Harrison Smith,MIN,TB,DB,0.0,0.0,0.0,0.0,0.0,0.0,0.0,0.0,0.0,0.0,0.0,0.0,0.0,0.0,4.7,2.0,8.1,,starter,2026-09-23T16:10:42+00:00
2026,3,401872959,00-0036222,Isaiah Rodgers,MIN,TB,DB,0.0,0.0,0.0,0.0,0.0,0.0,0.0,0.0,0.0,0.0,0.0,0.0,0.0,0.0,3.4,0.8,6.9,,recent_defensive_participant,2026-09-23T16:10:42+00:00
2026,3,401872959,00-0041354,Jacob Thomas,MIN,TB,DB,0.0,0.0,0.0,0.0,0.0,0.0,0.0,0.0,0.0,0.0,0.0,0.0,0.0,0.0,1.9,0.0,5.9,,backup,2026-09-23T16:10:42+00:00
2026,3,401872959,00-0041054,Jakobe Thomas,MIN,TB,DB,0.0,0.0,0.0,0.0,0.0,0.0,0.0,0.0,0.0,0.0,0.0,0.0,0.0,0.0,1.9,0.0,5.9,Active,backup,2026-09-23T16:10:42+00:00
2026,3,401872959,00-0035795,James Pierre,MIN,TB,DB,0.0,0.0,0.0,0.0,0.0,0.0,0.0,0.0,0.0,0.0,0.0,0.0,0.0,0.0,4.3,1.6,7.8,,starter,2026-09-23T16:10:42+00:00
2026,3,401872959,00-0041573,Jarod Washington,MIN,TB,DB,0.0,0.0,0.0,0.0,0.0,0.0,0.0,0.0,0.0,0.0,0.0,0.0,0.0,0.0,0.0,0.0,0.0,,roster_only,2026-09-23T16:10:42+00:00
2026,3,401872959,00-0038578,Jay Ward,MIN,TB,DB,0.0,0.0,0.0,0.0,0.0,0.0,0.0,0.0,0.0,0.0,0.0,0.0,0.0,0.0,2.6,0.5,5.4,,backup,2026-09-23T16:10:42+00:00
2026,3,401872959,00-0036348,Josh Metellus,MIN,TB,DB,0.0,0.0,0.0,0.0,0.0,0.0,0.0,0.0,0.0,0.0,0.0,0.0,0.0,0.0,5.6,2.9,9.1,,starter,2026-09-23T16:10:42+00:00
2026,3,401872959,00-0040835,Maceo Beard,MIN,TB,DB,0.0,0.0,0.0,0.0,0.0,0.0,0.0,0.0,0.0,0.0,0.0,0.0,0.0,0.0,0.0,0.0,0.0,,roster_only,2026-09-23T16:10:42+00:00
2026,3,401872959,00-0041340,Marcus Allen,MIN,TB,DB,0.0,0.0,0.0,0.0,0.0,0.0,0.0,0.0,0.0,0.0,0.0,0.0,0.0,0.0,0.0,0.0,0.0,,roster_only,2026-09-23T16:10:42+00:00
2026,3,401872959,00-0034488,Tavierre Thomas,MIN,TB,DB,0.0,0.0,0.0,0.0,0.0,0.0,0.0,0.0,0.0,0.0,0.0,0.0,0.0,0.0,0.0,0.0,0.0,,roster_only,2026-09-23T16:10:42+00:00
2026,3,401872959,00-0037301,Theo Jackson,MIN,TB,DB,0.0,0.0,0.0,0.0,0.0,0.0,0.0,0.0,0.0,0.0,0.0,0.0,0.0,0.0,2.8,0.6,5.5,,backup,2026-09-23T16:10:42+00:00
2026,3,401872959,00-0038403,Tre Hawkins III,MIN,TB,DB,0.0,0.0,0.0,0.0,0.0,0.0,0.0,0.0,0.0,0.0,0.0,0.0,0.0,0.0,0.0,0.0,0.0,,roster_only,2026-09-23T16:10:42+00:00
2026,3,401872959,00-0041344,Tyreek Chappell,MIN,TB,DB,0.0,0.0,0.0,0.0,0.0,0.0,0.0,0.0,0.0,0.0,0.0,0.0,0.0,0.0,0.0,0.0,0.0,,backup,2026-09-23T16:10:42+00:00
2026,3,401872959,00-0040507,Zemaiah Vaughn,MIN,TB,DB,0.0,0.0,0.0,0.0,0.0,0.0,0.0,0.0,0.0,0.0,0.0,0.0,0.0,0.0,1.4,0.0,5.3,Active,backup,2026-09-23T16:10:42+00:00
2026,3,401872959,00-0041033,Caleb Banks,MIN,TB,DL,0.0,0.0,0.0,0.0,0.0,0.0,0.0,0.0,0.0,0.0,0.0,0.0,0.0,0.0,1.3,0.0,4.9,,starter,2026-09-23T16:10:42+00:00
2026,3,401872959,00-0041046,Domonique Orange,MIN,TB,DL,0.0,0.0,0.0,0.0,0.0,0.0,0.0,0.0,0.0,0.0,0.0,0.0,0.0,0.0,1.2,0.0,4.7,,backup,2026-09-23T16:10:42+00:00
2026,3,401872959,00-0040624,Elijah Williams,MIN,TB,DL,0.0,0.0,0.0,0.0,0.0,0.0,0.0,0.0,0.0,0.0,0.0,0.0,0.0,0.0,0.8,0.0,3.2,Active,backup,2026-09-23T16:10:42+00:00
2026,3,401872959,00-0040572,Jahvaree Ritzie,MIN,TB,DL,0.0,0.0,0.0,0.0,0.0,0.0,0.0,0.0,0.0,0.0,0.0,0.0,0.0,0.0,0.0,0.0,0.0,,roster_only,2026-09-23T16:10:42+00:00
2026,3,401872959,00-0038778,Jalen Redmond,MIN,TB,DL,0.0,0.0,0.0,0.0,0.0,0.0,0.0,0.0,0.0,0.0,0.0,0.0,0.0,0.0,2.9,0.7,5.6,,starter,2026-09-23T16:10:42+00:00
2026,3,401872959,00-0039421,Levi Drake Rodriguez,MIN,TB,DL,0.0,0.0,0.0,0.0,0.0,0.0,0.0,0.0,0.0,0.0,0.0,0.0,0.0,0.0,2.3,0.4,4.8,,starter,2026-09-23T16:10:42+00:00
2026,3,401872959,00-0036695,Naquan Jones,MIN,TB,DL,0.0,0.0,0.0,0.0,0.0,0.0,0.0,0.0,0.0,0.0,0.0,0.0,0.0,0.0,0.0,0.0,0.0,,roster_only,2026-09-23T16:10:42+00:00
2026,3,401872959,00-0041432,Smith Vilbert,MIN,TB,DL,0.0,0.0,0.0,0.0,0.0,0.0,0.0,0.0,0.0,0.0,0.0,0.0,0.0,0.0,0.0,0.0,0.0,,roster_only,2026-09-23T16:10:42+00:00
2026,3,401872959,00-0039720,Taki Taimani,MIN,TB,DL,0.0,0.0,0.0,0.0,0.0,0.0,0.0,0.0,0.0,0.0,0.0,0.0,0.0,0.0,0.0,0.0,0.0,,roster_only,2026-09-23T16:10:42+00:00
2026,3,401872959,00-0040173,Tyrion Ingram-Dawkins,MIN,TB,DL,0.0,0.0,0.0,0.0,0.0,0.0,0.0,0.0,0.0,0.0,0.0,0.0,0.0,0.0,0.9,0.0,3.3,Questionable,backup,2026-09-23T16:10:42+00:00
2026,3,401872959,00-0039404,Will Reichard,MIN,TB,K,0.0,0.0,0.0,0.0,0.0,0.0,0.0,0.0,0.0,0.0,0.0,6.8,2.3,12.1,0.0,0.0,0.0,Active,starter,2026-09-23T16:10:42+00:00
2026,3,401872959,00-0035272,Andrew Van Ginkel,MIN,TB,LB,0.0,0.0,0.0,0.0,0.0,0.0,0.0,0.0,0.0,0.0,0.0,0.0,0.0,0.0,4.6,1.6,8.5,Active,starter,2026-09-23T16:10:42+00:00
2026,3,401872959,00-0041431,Bangally Kamara,MIN,TB,LB,0.0,0.0,0.0,0.0,0.0,0.0,0.0,0.0,0.0,0.0,0.0,0.0,0.0,0.0,0.0,0.0,0.0,,roster_only,2026-09-23T16:10:42+00:00
2026,3,401872959,00-0035276,Blake Cashman,MIN,TB,LB,0.0,0.0,0.0,0.0,0.0,0.0,0.0,0.0,0.0,0.0,0.0,0.0,0.0,0.0,6.7,3.7,10.7,Active,recent_defensive_participant,2026-09-23T16:10:42+00:00
2026,3,401872959,00-0039718,Bo Richter,MIN,TB,LB,0.0,0.0,0.0,0.0,0.0,0.0,0.0,0.0,0.0,0.0,0.0,0.0,0.0,0.0,0.7,0.0,3.2,,backup,2026-09-23T16:10:42+00:00
2026,3,401872959,00-0041353,Cam'Ron Stewart,MIN,TB,LB,0.0,0.0,0.0,0.0,0.0,0.0,0.0,0.0,0.0,0.0,0.0,0.0,0.0,0.0,0.0,0.0,0.0,,roster_only,2026-09-23T16:10:42+00:00
2026,3,401872959,00-0040496,Chaz Chambliss,MIN,TB,LB,0.0,0.0,0.0,0.0,0.0,0.0,0.0,0.0,0.0,0.0,0.0,0.0,0.0,0.0,0.7,0.0,3.2,,backup,2026-09-23T16:10:42+00:00
2026,3,401872959,00-0039924,Dallas Turner,MIN,TB,LB,0.0,0.0,0.0,0.0,0.0,0.0,0.0,0.0,0.0,0.0,0.0,0.0,0.0,0.0,3.1,0.1,7.1,Active,starter,2026-09-23T16:10:42+00:00
2026,3,401872959,00-0033336,Eric Wilson,MIN,TB,LB,0.0,0.0,0.0,0.0,0.0,0.0,0.0,0.0,0.0,0.0,0.0,0.0,0.0,0.0,5.6,2.6,9.5,,recent_defensive_participant,2026-09-23T16:10:42+00:00
2026,3,401872959,00-0038807,Ivan Pace Jr.,MIN,TB,LB,0.0,0.0,0.0,0.0,0.0,0.0,0.0,0.0,0.0,0.0,0.0,0.0,0.0,0.0,1.0,0.0,3.5,,recent_defensive_participant,2026-09-23T16:10:42+00:00
2026,3,401872959,00-0040786,Jacob Roberts,MIN,TB,LB,0.0,0.0,0.0,0.0,0.0,0.0,0.0,0.0,0.0,0.0,0.0,0.0,0.0,0.0,0.0,0.0,0.0,,roster_only,2026-09-23T16:10:42+00:00
2026,3,401872959,00-0041495,Jake Golday,MIN,TB,LB,0.0,0.0,0.0,0.0,0.0,0.0,0.0,0.0,0.0,0.0,0.0,0.0,0.0,0.0,0.0,0.0,0.0,,roster_only,2026-09-23T16:10:42+00:00
2026,3,401872959,00-0033872,Jamal Adams,MIN,TB,LB,0.0,0.0,0.0,0.0,0.0,0.0,0.0,0.0,0.0,0.0,0.0,0.0,0.0,0.0,0.0,0.0,0.0,,roster_only,2026-09-23T16:10:42+00:00
2026,3,401872959,00-0033046,Jihad Ward,MIN,TB,LB,0.0,0.0,0.0,0.0,0.0,0.0,0.0,0.0,0.0,0.0,0.0,0.0,0.0,0.0,0.0,0.0,0.0,,roster_only,2026-09-23T16:10:42+00:00
2026,3,401872959,00-0037184,Josh Ross,MIN,TB,LB,0.0,0.0,0.0,0.0,0.0,0.0,0.0,0.0,0.0,0.0,0.0,0.0,0.0,0.0,0.0,0.0,0.0,,roster_only,2026-09-23T16:10:42+00:00
2026,3,401872959,00-0039494,Kenny Dyson,MIN,TB,LB,0.0,0.0,0.0,0.0,0.0,0.0,0.0,0.0,0.0,0.0,0.0,0.0,0.0,0.0,0.0,0.0,0.0,,roster_only,2026-09-23T16:10:42+00:00
2026,3,401872959,00-0031360,Kyle Van Noy,MIN,TB,LB,0.0,0.0,0.0,0.0,0.0,0.0,0.0,0.0,0.0,0.0,0.0,0.0,0.0,0.0,1.7,0.0,4.2,Active,recent_defensive_participant,2026-09-23T16:10:42+00:00
2026,3,401872959,00-0040492,Tyler Batty,MIN,TB,LB,0.0,0.0,0.0,0.0,0.0,0.0,0.0,0.0,0.0,0.0,0.0,0.0,0.0,0.0,0.0,0.0,0.0,,backup,2026-09-23T16:10:42+00:00
2026,3,401872959,00-0032950,Carson Wentz,MIN,TB,QB,0.0,0.0,0.0,0.0,0.0,7.4,-5.4,25.3,0.0,0.0,0.0,0.0,0.0,0.0,0.0,0.0,0.0,Active,backup,2026-09-23T16:10:42+00:00
2026,3,401872959,00-0039923,J.J. McCarthy,MIN,TB,QB,0.0,0.0,0.0,0.0,0.0,13.8,1.0,31.7,0.0,0.0,0.0,0.0,0.0,0.0,0.0,0.0,0.0,,backup,2026-09-23T16:10:42+00:00
2026,3,401872959,00-0035228,Kyler Murray,MIN,TB,QB,194.3,100.8,300.5,1.464,0.8049529834350585,18.6,5.8,36.5,0.0,0.0,0.0,0.0,0.0,0.0,0.0,0.0,0.0,Active,starter,2026-09-23T16:10:42+00:00
2026,3,401872959,00-0040494,Max Brosmer,MIN,TB,QB,0.0,0.0,0.0,0.0,0.0,0.0,0.0,0.0,0.0,0.0,0.0,0.0,0.0,0.0,0.0,0.0,0.0,,roster_only,2026-09-23T16:10:42+00:00
2026,3,401872959,00-0033293,Aaron Jones,MIN,TB,RB,0.0,0.0,0.0,0.0,0.0,55.1,33.1,86.0,19.2,2.1,48.0,0.0,0.0,0.0,0.0,0.0,0.0,Active,starter,2026-09-23T16:10:42+00:00
2026,3,401872959,00-0032918,C.J. Ham,MIN,TB,RB,0.0,0.0,0.0,0.0,0.0,1.3,-9.4,16.4,5.1,-12.1,33.9,0.0,0.0,0.0,0.0,0.0,0.0,,roster_only,2026-09-23T16:10:42+00:00
2026,3,401872959,00-0036425,DeeJay Dallas,MIN,TB,RB,0.0,0.0,0.0,0.0,0.0,8.9,-1.8,23.9,2.2,-14.9,31.0,0.0,0.0,0.0,0.0,0.0,0.0,Active,backup,2026-09-23T16:10:42+00:00
2026,3,401872959,00-0041104,Demond Claiborne,MIN,TB,RB,0.0,0.0,0.0,0.0,0.0,9.9,-20.4,52.4,3.0,-19.7,43.5,0.0,0.0,0.0,0.0,0.0,0.0,Active,backup,2026-09-23T16:10:42+00:00
2026,3,401872959,00-0036755,Jaret Patterson,MIN,TB,RB,0.0,0.0,0.0,0.0,0.0,0.0,0.0,0.0,0.0,0.0,0.0,0.0,0.0,0.0,0.0,0.0,0.0,,roster_only,2026-09-23T16:10:42+00:00
2026,3,401872959,00-0036670,Jermar Jefferson,MIN,TB,RB,0.0,0.0,0.0,0.0,0.0,0.0,0.0,0.0,0.0,0.0,0.0,0.0,0.0,0.0,0.0,0.0,0.0,,roster_only,2026-09-23T16:10:42+00:00
2026,3,401872959,00-0037267,Jerome Ford,MIN,TB,RB,0.0,0.0,0.0,0.0,0.0,0.0,0.0,0.0,0.0,0.0,0.0,0.0,0.0,0.0,0.0,0.0,0.0,,roster_only,2026-09-23T16:10:42+00:00
2026,3,401872959,00-0037525,Jordan Mason,MIN,TB,RB,0.0,0.0,0.0,0.0,0.0,0.0,0.0,0.0,0.0,0.0,0.0,0.0,0.0,0.0,0.0,0.0,0.0,Injured Reserve,backup,2026-09-23T16:10:42+00:00
2026,3,401872959,00-0041081,Max Bredeson,MIN,TB,RB,0.0,0.0,0.0,0.0,0.0,15.9,-14.4,58.4,4.2,-18.4,44.8,0.0,0.0,0.0,0.0,0.0,0.0,,starter,2026-09-23T16:10:42+00:00
2026,3,401872959,00-0040509,Ben Yurosek,MIN,TB,TE,0.0,0.0,0.0,0.0,0.0,0.0,0.0,0.0,0.0,0.0,0.0,0.0,0.0,0.0,0.0,0.0,0.0,,backup,2026-09-23T16:10:42+00:00
2026,3,401872959,00-0040504,Bryson Nesbit,MIN,TB,TE,0.0,0.0,0.0,0.0,0.0,0.0,-14.8,20.6,5.7,-17.0,46.2,0.0,0.0,0.0,0.0,0.0,0.0,,roster_only,2026-09-23T16:10:42+00:00
2026,3,401872959,00-0039631,Cam Grandy,MIN,TB,TE,0.0,0.0,0.0,0.0,0.0,0.0,0.0,0.0,0.0,0.0,0.0,0.0,0.0,0.0,0.0,0.0,0.0,,roster_only,2026-09-23T16:10:42+00:00
2026,3,401872959,00-0040215,Gavin Bartholomew,MIN,TB,TE,0.0,0.0,0.0,0.0,0.0,0.0,-14.8,20.6,5.8,-16.8,46.4,0.0,0.0,0.0,0.0,0.0,0.0,,backup,2026-09-23T16:10:42+00:00
2026,3,401872959,00-0035249,Josh Oliver,MIN,TB,TE,0.0,0.0,0.0,0.0,0.0,0.0,-10.8,14.9,15.5,-1.7,44.3,0.0,0.0,0.0,0.0,0.0,0.0,Active,backup,2026-09-23T16:10:42+00:00
2026,3,401872959,00-0040060,Marshall Lang,MIN,TB,TE,0.0,0.0,0.0,0.0,0.0,0.0,0.0,0.0,0.0,0.0,0.0,0.0,0.0,0.0,0.0,0.0,0.0,,roster_only,2026-09-23T16:10:42+00:00
2026,3,401872959,00-0041001,Matt Lauter,MIN,TB,TE,0.0,0.0,0.0,0.0,0.0,0.0,0.0,0.0,0.0,0.0,0.0,0.0,0.0,0.0,0.0,0.0,0.0,,roster_only,2026-09-23T16:10:42+00:00
2026,3,401872959,00-0035229,T.J. Hockenson,MIN,TB,TE,0.0,0.0,0.0,0.0,0.0,0.0,-10.8,14.9,28.9,11.8,57.7,0.0,0.0,0.0,0.0,0.0,0.0,Active,starter,2026-09-23T16:10:42+00:00
2026,3,401872959,00-0030035,Adam Thielen,MIN,TB,WR,0.0,0.0,0.0,0.0,0.0,0.0,-10.8,15.0,23.8,6.6,52.6,0.0,0.0,0.0,0.0,0.0,0.0,,roster_only,2026-09-23T16:10:42+00:00
2026,3,401872959,00-0041342,Dillon Bell,MIN,TB,WR,0.0,0.0,0.0,0.0,0.0,0.0,-14.7,20.7,6.0,-16.7,46.6,0.0,0.0,0.0,0.0,0.0,0.0,,roster_only,2026-09-23T16:10:42+00:00
2026,3,401872959,00-0040498,Dontae Fleming,MIN,TB,WR,0.0,0.0,0.0,0.0,0.0,0.0,-14.7,20.7,6.2,-29.5,74.7,0.0,0.0,0.0,0.0,0.0,0.0,,roster_only,2026-09-23T16:10:42+00:00
2026,3,401872959,00-0036259,Jauan Jennings,MIN,TB,WR,0.0,0.0,0.0,0.0,0.0,0.0,-10.8,14.9,24.9,-1.7,74.1,0.0,0.0,0.0,0.0,0.0,0.0,Questionable,backup,2026-09-23T16:10:42+00:00
2026,3,401872959,00-0039710,Jeshaun Jones,MIN,TB,WR,0.0,0.0,0.0,0.0,0.0,0.0,0.0,0.0,0.0,0.0,0.0,0.0,0.0,0.0,0.0,0.0,0.0,,backup,2026-09-23T16:10:42+00:00
2026,3,401872959,00-0038994,Jordan Addison,MIN,TB,WR,0.0,0.0,0.0,0.0,0.0,2.5,-8.2,17.5,28.4,11.2,57.2,0.0,0.0,0.0,0.0,0.0,0.0,Active,backup,2026-09-23T16:10:42+00:00
2026,3,401872959,00-0036322,Justin Jefferson,MIN,TB,WR,0.0,0.0,0.0,0.0,0.0,0.0,-10.8,14.9,66.1,39.4,115.3,0.0,0.0,0.0,0.0,0.0,0.0,Active,starter,2026-09-23T16:10:42+00:00
2026,3,401872959,00-0041352,Marcus Sanders Jr.,MIN,TB,WR,0.0,0.0,0.0,0.0,0.0,0.0,0.0,0.0,0.0,0.0,0.0,0.0,0.0,0.0,0.0,0.0,0.0,,roster_only,2026-09-23T16:10:42+00:00
2026,3,401872959,00-0040970,Michael Briscoe,MIN,TB,WR,0.0,0.0,0.0,0.0,0.0,0.0,0.0,0.0,0.0,0.0,0.0,0.0,0.0,0.0,0.0,0.0,0.0,,roster_only,2026-09-23T16:10:42+00:00
2026,3,401872959,00-0040506,Myles Price,MIN,TB,WR,0.0,0.0,0.0,0.0,0.0,0.0,-10.8,15.0,0.5,-16.7,29.3,0.0,0.0,0.0,0.0,0.0,0.0,,backup,2026-09-23T16:10:42+00:00
2026,3,401872959,00-0040154,Tai Felton,MIN,TB,WR,0.0,0.0,0.0,0.0,0.0,0.0,-10.8,15.0,0.7,-16.5,29.5,0.0,0.0,0.0,0.0,0.0,0.0,,backup,2026-09-23T16:10:42+00:00
2026,3,401872959,00-0041481,Terrill Davis,MIN,TB,WR,0.0,0.0,0.0,0.0,0.0,0.0,0.0,0.0,0.0,0.0,0.0,0.0,0.0,0.0,0.0,0.0,0.0,,roster_only,2026-09-23T16:10:42+00:00
2026,3,401872959,00-0041475,Trayvon Rudolph,MIN,TB,WR,0.0,0.0,0.0,0.0,0.0,0.0,0.0,0.0,0.0,0.0,0.0,0.0,0.0,0.0,0.0,0.0,0.0,,roster_only,2026-09-23T16:10:42+00:00
2026,3,401872959,00-0036411,Antoine Winfield Jr.,TB,MIN,DB,0.0,0.0,0.0,0.0,0.0,0.0,0.0,0.0,0.0,0.0,0.0,0.0,0.0,0.0,5.8,3.1,9.2,,starter,2026-09-23T16:10:42+00:00
2026,3,401872959,00-0041253,Ayden Garnes,TB,MIN,DB,0.0,0.0,0.0,0.0,0.0,0.0,0.0,0.0,0.0,0.0,0.0,0.0,0.0,0.0,2.3,0.0,6.2,Active,backup,2026-09-23T16:10:42+00:00
2026,3,401872959,00-0040747,Benjamin Morrison,TB,MIN,DB,0.0,0.0,0.0,0.0,0.0,0.0,0.0,0.0,0.0,0.0,0.0,0.0,0.0,0.0,3.8,1.1,7.3,,starter,2026-09-23T16:10:42+00:00
2026,3,401872959,00-0036993,Ifeatu Melifonwu,TB,MIN,DB,0.0,0.0,0.0,0.0,0.0,0.0,0.0,0.0,0.0,0.0,0.0,0.0,0.0,0.0,0.0,0.0,0.0,,roster_only,2026-09-23T16:10:42+00:00
2026,3,401872959,00-0040425,JJ Roberts,TB,MIN,DB,0.0,0.0,0.0,0.0,0.0,0.0,0.0,0.0,0.0,0.0,0.0,0.0,0.0,0.0,0.0,0.0,0.0,,roster_only,2026-09-23T16:10:42+00:00
2026,3,401872959,00-0040143,Jacob Parrish,TB,MIN,DB,0.0,0.0,0.0,0.0,0.0,0.0,0.0,0.0,0.0,0.0,0.0,0.0,0.0,0.0,4.6,1.9,8.0,Questionable,starter,2026-09-23T16:10:42+00:00
2026,3,401872959,00-0039051,Josh Hayes,TB,MIN,DB,0.0,0.0,0.0,0.0,0.0,0.0,0.0,0.0,0.0,0.0,0.0,0.0,0.0,0.0,0.0,0.0,0.0,Injured Reserve,backup,2026-09-23T16:10:42+00:00
2026,3,401872959,00-0041057,Keionte Scott,TB,MIN,DB,0.0,0.0,0.0,0.0,0.0,0.0,0.0,0.0,0.0,0.0,0.0,0.0,0.0,0.0,2.3,0.0,6.2,Active,backup,2026-09-23T16:10:42+00:00
2026,3,401872959,00-0040089,Kevin Knowles,TB,MIN,DB,0.0,0.0,0.0,0.0,0.0,0.0,0.0,0.0,0.0,0.0,0.0,0.0,0.0,0.0,1.3,0.0,4.1,,backup,2026-09-23T16:10:42+00:00
2026,3,401872959,00-0032399,Miles Killebrew,TB,MIN,DB,0.0,0.0,0.0,0.0,0.0,0.0,0.0,0.0,0.0,0.0,0.0,0.0,0.0,0.0,0.7,0.0,3.2,Active,backup,2026-09-23T16:10:42+00:00
2026,3,401872959,00-0037984,Pepe Williams,TB,MIN,DB,0.0,0.0,0.0,0.0,0.0,0.0,0.0,0.0,0.0,0.0,0.0,0.0,0.0,0.0,0.0,0.0,0.0,,roster_only,2026-09-23T16:10:42+00:00
2026,3,401872959,00-0039596,Rashad Wisdom,TB,MIN,DB,0.0,0.0,0.0,0.0,0.0,0.0,0.0,0.0,0.0,0.0,0.0,0.0,0.0,0.0,0.0,0.0,0.0,,roster_only,2026-09-23T16:10:42+00:00
2026,3,401872959,00-0040319,Robert McDaniel,TB,MIN,DB,0.0,0.0,0.0,0.0,0.0,0.0,0.0,0.0,0.0,0.0,0.0,0.0,0.0,0.0,0.0,0.0,0.0,,roster_only,2026-09-23T16:10:42+00:00
2026,3,401872959,00-0040423,Roman Parodie,TB,MIN,DB,0.0,0.0,0.0,0.0,0.0,0.0,0.0,0.0,0.0,0.0,0.0,0.0,0.0,0.0,0.0,0.0,0.0,,roster_only,2026-09-23T16:10:42+00:00
2026,3,401872959,00-0035239,Sean Murphy-Bunting,TB,MIN,DB,0.0,0.0,0.0,0.0,0.0,0.0,0.0,0.0,0.0,0.0,0.0,0.0,0.0,0.0,0.0,0.0,0.0,,roster_only,2026-09-23T16:10:42+00:00
2026,3,401872959,00-0040992,Silas Walters,TB,MIN,DB,0.0,0.0,0.0,0.0,0.0,0.0,0.0,0.0,0.0,0.0,0.0,0.0,0.0,0.0,0.0,0.0,0.0,,roster_only,2026-09-23T16:10:42+00:00
2026,3,401872959,00-0039846,Tykee Smith,TB,MIN,DB,0.0,0.0,0.0,0.0,0.0,0.0,0.0,0.0,0.0,0.0,0.0,0.0,0.0,0.0,4.3,2.1,6.9,Active,starter,2026-09-23T16:10:42+00:00
2026,3,401872959,00-0041592,Xavier Williams,TB,MIN,DB,0.0,0.0,0.0,0.0,0.0,0.0,0.0,0.0,0.0,0.0,0.0,0.0,0.0,0.0,0.0,0.0,0.0,,roster_only,2026-09-23T16:10:42+00:00
2026,3,401872959,00-0037268,Zyon McCollum,TB,MIN,DB,0.0,0.0,0.0,0.0,0.0,0.0,0.0,0.0,0.0,0.0,0.0,0.0,0.0,0.0,3.6,1.0,7.1,,starter,2026-09-23T16:10:42+00:00
2026,3,401872959,00-0032889,A'Shawn Robinson,TB,MIN,DL,0.0,0.0,0.0,0.0,0.0,0.0,0.0,0.0,0.0,0.0,0.0,0.0,0.0,0.0,3.5,1.3,6.2,,starter,2026-09-23T16:10:42+00:00
2026,3,401872959,00-0039063,Calijah Kancey,TB,MIN,DL,0.0,0.0,0.0,0.0,0.0,0.0,0.0,0.0,0.0,0.0,0.0,0.0,0.0,0.0,1.4,0.0,3.9,,starter,2026-09-23T16:10:42+00:00
2026,3,401872959,00-0041079,DeMonte Capehart,TB,MIN,DL,0.0,0.0,0.0,0.0,0.0,0.0,0.0,0.0,0.0,0.0,0.0,0.0,0.0,0.0,1.2,0.0,4.7,Active,backup,2026-09-23T16:10:42+00:00
2026,3,401872959,00-0041339,Deshawn McKnight,TB,MIN,DL,0.0,0.0,0.0,0.0,0.0,0.0,0.0,0.0,0.0,0.0,0.0,0.0,0.0,0.0,0.0,0.0,0.0,,backup,2026-09-23T16:10:42+00:00
2026,3,401872959,00-0040183,Elijah Roberts,TB,MIN,DL,0.0,0.0,0.0,0.0,0.0,0.0,0.0,0.0,0.0,0.0,0.0,0.0,0.0,0.0,1.5,0.0,3.9,,backup,2026-09-23T16:10:42+00:00
2026,3,401872959,00-0040384,Elijah Simmons,TB,MIN,DL,0.0,0.0,0.0,0.0,0.0,0.0,0.0,0.0,0.0,0.0,0.0,0.0,0.0,0.0,1.0,0.0,3.4,Active,backup,2026-09-23T16:10:42+00:00
2026,3,401872959,00-0040105,Jayson Jones,TB,MIN,DL,0.0,0.0,0.0,0.0,0.0,0.0,0.0,0.0,0.0,0.0,0.0,0.0,0.0,0.0,0.0,0.0,0.0,,roster_only,2026-09-23T16:10:42+00:00
2026,3,401872959,00-0041254,Josiah Green,TB,MIN,DL,0.0,0.0,0.0,0.0,0.0,0.0,0.0,0.0,0.0,0.0,0.0,0.0,0.0,0.0,0.0,0.0,0.0,,roster_only,2026-09-23T16:10:42+00:00
2026,3,401872959,00-0031957,Rakeem Nunez-Roches,TB,MIN,DL,0.0,0.0,0.0,0.0,0.0,0.0,0.0,0.0,0.0,0.0,0.0,0.0,0.0,0.0,1.5,0.0,3.9,,backup,2026-09-23T16:10:42+00:00
2026,3,401872959,00-0041500,Travis Shaw,TB,MIN,DL,0.0,0.0,0.0,0.0,0.0,0.0,0.0,0.0,0.0,0.0,0.0,0.0,0.0,0.0,0.0,0.0,0.0,,roster_only,2026-09-23T16:10:42+00:00
2026,3,401872959,00-0034773,Vita Vea,TB,MIN,DL,0.0,0.0,0.0,0.0,0.0,0.0,0.0,0.0,0.0,0.0,0.0,0.0,0.0,0.0,2.4,0.3,5.1,,starter,2026-09-23T16:10:42+00:00
2026,3,401872959,00-0038748,B.T. Potter,TB,MIN,K,0.0,0.0,0.0,0.0,0.0,0.0,0.0,0.0,0.0,0.0,0.0,0.0,0.0,0.0,0.0,0.0,0.0,,kicker_role,2026-09-23T16:10:42+00:00
2026,3,401872959,00-0035358,Chase McLaughlin,TB,MIN,K,0.0,0.0,0.0,0.0,0.0,0.0,0.0,0.0,0.0,0.0,0.0,7.0,2.0,12.9,0.0,0.0,0.0,Active,starter,2026-09-23T16:10:42+00:00
2026,3,401872959,00-0033964,Al-Quadin Muhammad,TB,MIN,LB,0.0,0.0,0.0,0.0,0.0,0.0,0.0,0.0,0.0,0.0,0.0,0.0,0.0,0.0,1.6,0.0,4.1,,backup,2026-09-23T16:10:42+00:00
2026,3,401872959,00-0033914,Alex Anzalone,TB,MIN,LB,0.0,0.0,0.0,0.0,0.0,0.0,0.0,0.0,0.0,0.0,0.0,0.0,0.0,0.0,4.9,1.9,8.8,,recent_defensive_participant,2026-09-23T16:10:42+00:00
2026,3,401872959,00-0035254,Anthony Nelson,TB,MIN,LB,0.0,0.0,0.0,0.0,0.0,0.0,0.0,0.0,0.0,0.0,0.0,0.0,0.0,0.0,1.2,0.0,3.7,,backup,2026-09-23T16:10:42+00:00
2026,3,401872959,00-0041338,Caden Fordham,TB,MIN,LB,0.0,0.0,0.0,0.0,0.0,0.0,0.0,0.0,0.0,0.0,0.0,0.0,0.0,0.0,0.0,0.0,0.0,,roster_only,2026-09-23T16:10:42+00:00
2026,3,401872959,00-0035942,Christian Rozeboom,TB,MIN,LB,0.0,0.0,0.0,0.0,0.0,0.0,0.0,0.0,0.0,0.0,0.0,0.0,0.0,0.0,0.0,0.0,0.0,Active,roster_only,2026-09-23T16:10:42+00:00
2026,3,401872959,00-0040158,David Walker,TB,MIN,LB,0.0,0.0,0.0,0.0,0.0,0.0,0.0,0.0,0.0,0.0,0.0,0.0,0.0,0.0,1.1,0.0,4.6,,backup,2026-09-23T16:10:42+00:00
2026,3,401872959,00-0041424,Javin Wright,TB,MIN,LB,0.0,0.0,0.0,0.0,0.0,0.0,0.0,0.0,0.0,0.0,0.0,0.0,0.0,0.0,0.0,0.0,0.0,,roster_only,2026-09-23T16:10:42+00:00
2026,3,401872959,00-0040416,John Bullock,TB,MIN,LB,0.0,0.0,0.0,0.0,0.0,0.0,0.0,0.0,0.0,0.0,0.0,0.0,0.0,0.0,0.0,0.0,0.0,,roster_only,2026-09-23T16:10:42+00:00
2026,3,401872959,00-0041502,Josiah Trotter,TB,MIN,LB,0.0,0.0,0.0,0.0,0.0,0.0,0.0,0.0,0.0,0.0,0.0,0.0,0.0,0.0,1.4,0.0,4.9,Active,recent_defensive_participant,2026-09-23T16:10:42+00:00
2026,3,401872959,00-0039877,Mohamed Kamara,TB,MIN,LB,0.0,0.0,0.0,0.0,0.0,0.0,0.0,0.0,0.0,0.0,0.0,0.0,0.0,0.0,0.0,0.0,0.0,,backup,2026-09-23T16:10:42+00:00
2026,3,401872959,00-0040625,Nick Jackson,TB,MIN,LB,0.0,0.0,0.0,0.0,0.0,0.0,0.0,0.0,0.0,0.0,0.0,0.0,0.0,0.0,0.0,0.0,0.0,,roster_only,2026-09-23T16:10:42+00:00
2026,3,401872959,00-0041031,Rueben Bain Jr.,TB,MIN,LB,0.0,0.0,0.0,0.0,0.0,0.0,0.0,0.0,0.0,0.0,0.0,0.0,0.0,0.0,2.1,0.0,5.6,Active,starter,2026-09-23T16:10:42+00:00
2026,3,401872959,00-0039049,SirVocea Dennis,TB,MIN,LB,0.0,0.0,0.0,0.0,0.0,0.0,0.0,0.0,0.0,0.0,0.0,0.0,0.0,0.0,5.7,2.7,9.7,,recent_defensive_participant,2026-09-23T16:10:42+00:00
2026,3,401872959,00-0041434,Yasir Holmes,TB,MIN,LB,0.0,0.0,0.0,0.0,0.0,0.0,0.0,0.0,0.0,0.0,0.0,0.0,0.0,0.0,0.0,0.0,0.0,,roster_only,2026-09-23T16:10:42+00:00
2026,3,401872959,00-0039068,Yaya Diaby,TB,MIN,LB,0.0,0.0,0.0,0.0,0.0,0.0,0.0,0.0,0.0,0.0,0.0,0.0,0.0,0.0,2.9,0.0,7.0,,starter,2026-09-23T16:10:42+00:00
2026,3,401872959,00-0034855,Baker Mayfield,TB,MIN,QB,199.9,106.4,306.1,1.594,0.8125,14.7,2.0,32.7,0.0,0.0,0.0,0.0,0.0,0.0,0.0,0.0,0.0,Active,starter,2026-09-23T16:10:42+00:00
2026,3,401872959,00-0040415,Connor Bazelak,TB,MIN,QB,0.0,0.0,0.0,0.0,0.0,0.0,0.0,0.0,0.0,0.0,0.0,0.0,0.0,0.0,0.0,0.0,0.0,,roster_only,2026-09-23T16:10:42+00:00
2026,3,401872959,00-0035282,Easton Stick,TB,MIN,QB,0.0,0.0,0.0,0.0,0.0,0.0,0.0,0.0,0.0,0.0,0.0,0.0,0.0,0.0,0.0,0.0,0.0,,roster_only,2026-09-23T16:10:42+00:00
2026,3,401872959,00-0041251,Jalon Daniels,TB,MIN,QB,0.0,0.0,0.0,0.0,0.0,9.6,-7.9,34.3,0.0,0.0,0.0,0.0,0.0,0.0,0.0,0.0,0.0,,backup,2026-09-23T16:10:42+00:00
2026,3,401872959,00-0041595,Barika Kpeenu,TB,MIN,RB,0.0,0.0,0.0,0.0,0.0,0.0,0.0,0.0,0.0,0.0,0.0,0.0,0.0,0.0,0.0,0.0,0.0,,roster_only,2026-09-23T16:10:42+00:00
2026,3,401872959,00-0039361,Bucky Irving,TB,MIN,RB,0.0,0.0,0.0,0.0,0.0,57.6,35.6,88.5,17.9,0.8,46.8,0.0,0.0,0.0,0.0,0.0,0.0,Active,starter,2026-09-23T16:10:42+00:00
2026,3,401872959,00-0040429,Josh Williams,TB,MIN,RB,0.0,0.0,0.0,0.0,0.0,4.5,-7.3,21.0,0.3,-18.3,32.2,0.0,0.0,0.0,0.0,0.0,0.0,,roster_only,2026-09-23T16:10:42+00:00
2026,3,401872959,00-0036919,Kenny Gainwell,TB,MIN,RB,0.0,0.0,0.0,0.0,0.0,26.5,4.5,57.4,18.2,1.0,47.0,0.0,0.0,0.0,0.0,0.0,0.0,Active,backup,2026-09-23T16:10:42+00:00
2026,3,401872959,00-0038951,Sean Tucker,TB,MIN,RB,0.0,0.0,0.0,0.0,0.0,14.4,-7.6,45.3,1.5,-15.6,30.3,0.0,0.0,0.0,0.0,0.0,0.0,Active,backup,2026-09-23T16:10:42+00:00
2026,3,401872959,00-0041094,Bauer Sharp,TB,MIN,TE,0.0,0.0,0.0,0.0,0.0,0.0,-14.8,20.6,5.1,-17.6,45.6,0.0,0.0,0.0,0.0,0.0,0.0,,backup,2026-09-23T16:10:42+00:00
2026,3,401872959,00-0040566,CJ Dippre,TB,MIN,TE,0.0,0.0,0.0,0.0,0.0,0.0,0.0,0.0,0.0,0.0,0.0,0.0,0.0,0.0,0.0,0.0,0.0,,roster_only,2026-09-23T16:10:42+00:00
2026,3,401872959,00-0038129,Cade Otton,TB,MIN,TE,0.0,0.0,0.0,0.0,0.0,0.0,-10.8,15.0,30.2,13.1,59.0,0.0,0.0,0.0,0.0,0.0,0.0,Active,starter,2026-09-23T16:10:42+00:00
2026,3,401872959,00-0039754,Devin Culp,TB,MIN,TE,0.0,0.0,0.0,0.0,0.0,0.0,0.0,0.0,0.0,0.0,0.0,0.0,0.0,0.0,0.0,0.0,0.0,,roster_only,2026-09-23T16:10:42+00:00
2026,3,401872959,00-0037311,Ko Kieft,TB,MIN,TE,0.0,0.0,0.0,0.0,0.0,0.0,-10.8,15.0,2.8,-14.4,31.6,0.0,0.0,0.0,0.0,0.0,0.0,,backup,2026-09-23T16:10:42+00:00
2026,3,401872959,00-0039050,Payne Durham,TB,MIN,TE,0.0,0.0,0.0,0.0,0.0,0.0,-10.8,15.0,2.0,-15.1,30.8,0.0,0.0,0.0,0.0,0.0,0.0,,backup,2026-09-23T16:10:42+00:00
2026,3,401872959,00-0033921,Chris Godwin Jr.,TB,MIN,WR,0.0,0.0,0.0,0.0,0.0,1.3,-9.5,16.3,49.1,22.5,98.3,0.0,0.0,0.0,0.0,0.0,0.0,Active,backup,2026-09-23T16:10:42+00:00
2026,3,401872959,00-0035359,David Sills,TB,MIN,WR,0.0,0.0,0.0,0.0,0.0,0.0,0.0,0.0,0.0,0.0,0.0,0.0,0.0,0.0,0.0,0.0,0.0,,backup,2026-09-23T16:10:42+00:00
2026,3,401872959,00-0041435,Dean Patterson IV,TB,MIN,WR,0.0,0.0,0.0,0.0,0.0,0.0,0.0,0.0,0.0,0.0,0.0,0.0,0.0,0.0,0.0,0.0,0.0,,roster_only,2026-09-23T16:10:42+00:00
2026,3,401872959,00-0037570,Dennis Houston,TB,MIN,WR,0.0,0.0,0.0,0.0,0.0,0.0,0.0,0.0,0.0,0.0,0.0,0.0,0.0,0.0,0.0,0.0,0.0,,roster_only,2026-09-23T16:10:42+00:00
2026,3,401872959,00-0040129,Emeka Egbuka,TB,MIN,WR,0.0,0.0,0.0,0.0,0.0,0.0,-10.7,15.1,45.2,18.6,94.4,0.0,0.0,0.0,0.0,0.0,0.0,Active,starter,2026-09-23T16:10:42+00:00
2026,3,401872959,00-0041257,Eric Rivers Jr.,TB,MIN,WR,0.0,0.0,0.0,0.0,0.0,0.0,0.0,0.0,0.0,0.0,0.0,0.0,0.0,0.0,0.0,0.0,0.0,,roster_only,2026-09-23T16:10:42+00:00
2026,3,401872959,00-0040419,Garrett Greene,TB,MIN,WR,0.0,0.0,0.0,0.0,0.0,0.0,0.0,0.0,0.0,0.0,0.0,0.0,0.0,0.0,0.0,0.0,0.0,,roster_only,2026-09-23T16:10:42+00:00
2026,3,401872959,00-0039855,Jalen McMillan,TB,MIN,WR,0.0,0.0,0.0,0.0,0.0,0.6,-10.1,15.7,33.1,6.4,82.3,0.0,0.0,0.0,0.0,0.0,0.0,Active,backup,2026-09-23T16:10:42+00:00
2026,3,401872959,00-0039392,Jha'Quan Jackson,TB,MIN,WR,0.0,0.0,0.0,0.0,0.0,0.0,0.0,0.0,0.0,0.0,0.0,0.0,0.0,0.0,0.0,0.0,0.0,,roster_only,2026-09-23T16:10:42+00:00
2026,3,401872959,00-0039589,Kameron Johnson,TB,MIN,WR,0.0,0.0,0.0,0.0,0.0,0.1,-10.7,15.1,0.4,-16.8,29.2,0.0,0.0,0.0,0.0,0.0,0.0,,backup,2026-09-23T16:10:42+00:00
2026,3,401872959,00-0041599,Matthew Henry,TB,MIN,WR,0.0,0.0,0.0,0.0,0.0,0.0,0.0,0.0,0.0,0.0,0.0,0.0,0.0,0.0,0.0,0.0,0.0,,roster_only,2026-09-23T16:10:42+00:00
2026,3,401872959,00-0041048,Ted Hurst III,TB,MIN,WR,0.0,0.0,0.0,0.0,0.0,0.0,-14.8,20.6,6.7,-15.9,47.3,0.0,0.0,0.0,0.0,0.0,0.0,Active,backup,2026-09-23T16:10:42+00:00
2026,3,401872959,00-0040237,Tez Johnson,TB,MIN,WR,0.0,0.0,0.0,0.0,0.0,0.3,-10.4,15.4,8.1,-9.0,36.9,0.0,0.0,0.0,0.0,0.0,0.0,Active,backup,2026-09-23T16:10:42+00:00
2026,3,401872960,00-0035270,Amani Oruwariye,BAL,DAL,DB,0.0,0.0,0.0,0.0,0.0,0.0,0.0,0.0,0.0,0.0,0.0,0.0,0.0,0.0,0.0,0.0,0.0,,roster_only,2026-09-23T16:10:42+00:00
2026,3,401872960,00-0040073,Bilhal Kone,BAL,DAL,DB,0.0,0.0,0.0,0.0,0.0,0.0,0.0,0.0,0.0,0.0,0.0,0.0,0.0,0.0,0.0,0.0,0.0,,backup,2026-09-23T16:10:42+00:00
2026,3,401872960,00-0040885,Chandler Rivers,BAL,DAL,DB,0.0,0.0,0.0,0.0,0.0,0.0,0.0,0.0,0.0,0.0,0.0,0.0,0.0,0.0,1.9,0.0,5.9,,backup,2026-09-23T16:10:42+00:00
2026,3,401872960,00-0033548,Chidobe Awuzie,BAL,DAL,DB,0.0,0.0,0.0,0.0,0.0,0.0,0.0,0.0,0.0,0.0,0.0,0.0,0.0,0.0,2.8,0.8,5.2,,backup,2026-09-23T16:10:42+00:00
2026,3,401872960,00-0040988,Jahquez Robinson,BAL,DAL,DB,0.0,0.0,0.0,0.0,0.0,0.0,0.0,0.0,0.0,0.0,0.0,0.0,0.0,0.0,0.0,0.0,0.0,,backup,2026-09-23T16:10:42+00:00
2026,3,401872960,00-0036302,Jaylinn Hawkins,BAL,DAL,DB,0.0,0.0,0.0,0.0,0.0,0.0,0.0,0.0,0.0,0.0,0.0,0.0,0.0,0.0,4.0,1.3,7.5,,starter,2026-09-23T16:10:42+00:00
2026,3,401872960,00-0036395,K'Von Wallace,BAL,DAL,DB,0.0,0.0,0.0,0.0,0.0,0.0,0.0,0.0,0.0,0.0,0.0,0.0,0.0,0.0,0.0,0.0,0.0,,roster_only,2026-09-23T16:10:42+00:00
2026,3,401872960,00-0040104,Keondre Jackson,BAL,DAL,DB,0.0,0.0,0.0,0.0,0.0,0.0,0.0,0.0,0.0,0.0,0.0,0.0,0.0,0.0,0.6,0.0,3.1,Active,backup,2026-09-23T16:10:42+00:00
2026,3,401872960,00-0040636,Keyon Martin,BAL,DAL,DB,0.0,0.0,0.0,0.0,0.0,0.0,0.0,0.0,0.0,0.0,0.0,0.0,0.0,0.0,1.0,0.0,3.4,,backup,2026-09-23T16:10:42+00:00
2026,3,401872960,00-0038038,Kyle Hamilton,BAL,DAL,DB,0.0,0.0,0.0,0.0,0.0,0.0,0.0,0.0,0.0,0.0,0.0,0.0,0.0,0.0,5.7,3.0,9.2,Active,starter,2026-09-23T16:10:42+00:00
2026,3,401872960,00-0040993,Ladarius Webb Jr.,BAL,DAL,DB,0.0,0.0,0.0,0.0,0.0,0.0,0.0,0.0,0.0,0.0,0.0,0.0,0.0,0.0,0.0,0.0,0.0,,roster_only,2026-09-23T16:10:42+00:00
2026,3,401872960,00-0040688,Malaki Starks,BAL,DAL,DB,0.0,0.0,0.0,0.0,0.0,0.0,0.0,0.0,0.0,0.0,0.0,0.0,0.0,0.0,5.3,2.6,8.8,Active,starter,2026-09-23T16:10:42+00:00
2026,3,401872960,00-0033281,Marlon Humphrey,BAL,DAL,DB,0.0,0.0,0.0,0.0,0.0,0.0,0.0,0.0,0.0,0.0,0.0,0.0,0.0,0.0,3.9,1.2,7.4,,starter,2026-09-23T16:10:42+00:00
2026,3,401872960,00-0040112,Marquise Robinson,BAL,DAL,DB,0.0,0.0,0.0,0.0,0.0,0.0,0.0,0.0,0.0,0.0,0.0,0.0,0.0,0.0,0.0,0.0,0.0,,roster_only,2026-09-23T16:10:42+00:00
2026,3,401872960,00-0039232,Nate Wiggins,BAL,DAL,DB,0.0,0.0,0.0,0.0,0.0,0.0,0.0,0.0,0.0,0.0,0.0,0.0,0.0,0.0,3.8,1.1,7.3,,starter,2026-09-23T16:10:42+00:00
2026,3,401872960,00-0039234,T.J. Tampa,BAL,DAL,DB,0.0,0.0,0.0,0.0,0.0,0.0,0.0,0.0,0.0,0.0,0.0,0.0,0.0,0.0,0.0,0.0,0.0,Injured Reserve,backup,2026-09-23T16:10:42+00:00
2026,3,401872960,00-0040982,Aaron Graves,BAL,DAL,DL,0.0,0.0,0.0,0.0,0.0,0.0,0.0,0.0,0.0,0.0,0.0,0.0,0.0,0.0,0.0,0.0,0.0,,roster_only,2026-09-23T16:10:42+00:00
2026,3,401872960,00-0040076,Aeneas Peebles,BAL,DAL,DL,0.0,0.0,0.0,0.0,0.0,0.0,0.0,0.0,0.0,0.0,0.0,0.0,0.0,0.0,0.6,0.0,3.1,,backup,2026-09-23T16:10:42+00:00
2026,3,401872960,00-0036081,Broderick Washington,BAL,DAL,DL,0.0,0.0,0.0,0.0,0.0,0.0,0.0,0.0,0.0,0.0,0.0,0.0,0.0,0.0,1.8,0.0,4.2,,backup,2026-09-23T16:10:42+00:00
2026,3,401872960,00-0026190,Calais Campbell,BAL,DAL,DL,0.0,0.0,0.0,0.0,0.0,0.0,0.0,0.0,0.0,0.0,0.0,0.0,0.0,0.0,2.1,0.2,4.6,,starter,2026-09-23T16:10:42+00:00
2026,3,401872960,00-0039938,David Olajiga,BAL,DAL,DL,0.0,0.0,0.0,0.0,0.0,0.0,0.0,0.0,0.0,0.0,0.0,0.0,0.0,0.0,0.0,0.0,0.0,,roster_only,2026-09-23T16:10:42+00:00
2026,3,401872960,00-0040995,Dion Wilson,BAL,DAL,DL,0.0,0.0,0.0,0.0,0.0,0.0,0.0,0.0,0.0,0.0,0.0,0.0,0.0,0.0,0.0,0.0,0.0,,roster_only,2026-09-23T16:10:42+00:00
2026,3,401872960,00-0030070,John Jenkins,BAL,DAL,DL,0.0,0.0,0.0,0.0,0.0,0.0,0.0,0.0,0.0,0.0,0.0,0.0,0.0,0.0,1.7,0.0,4.2,,backup,2026-09-23T16:10:42+00:00
2026,3,401872960,00-0036130,Nnamdi Madubuike,BAL,DAL,DL,0.0,0.0,0.0,0.0,0.0,0.0,0.0,0.0,0.0,0.0,0.0,0.0,0.0,0.0,2.2,0.3,4.7,Questionable,starter,2026-09-23T16:10:42+00:00
2026,3,401872960,00-0040907,Rayshaun Benny,BAL,DAL,DL,0.0,0.0,0.0,0.0,0.0,0.0,0.0,0.0,0.0,0.0,0.0,0.0,0.0,0.0,0.0,0.0,0.0,,roster_only,2026-09-23T16:10:42+00:00
2026,3,401872960,00-0037756,Travis Jones,BAL,DAL,DL,0.0,0.0,0.0,0.0,0.0,0.0,0.0,0.0,0.0,0.0,0.0,0.0,0.0,0.0,2.6,0.5,5.4,,starter,2026-09-23T16:10:42+00:00
2026,3,401872960,00-0038562,Jake Moody,BAL,DAL,K,0.0,0.0,0.0,0.0,0.0,0.0,0.0,0.0,0.0,0.0,0.0,0.0,0.0,0.0,0.0,0.0,0.0,,kicker_role,2026-09-23T16:10:42+00:00
2026,3,401872960,00-0040074,Tyler Loop,BAL,DAL,K,0.0,0.0,0.0,0.0,0.0,0.0,0.0,0.0,0.0,0.0,0.0,7.7,3.1,12.9,0.0,0.0,0.0,Active,starter,2026-09-23T16:10:42+00:00
2026,3,401872960,00-0039791,Adisa Isaac,BAL,DAL,LB,0.0,0.0,0.0,0.0,0.0,0.0,0.0,0.0,0.0,0.0,0.0,0.0,0.0,0.0,0.0,0.0,0.0,,roster_only,2026-09-23T16:10:42+00:00
2026,3,401872960,00-0039460,Carl Jones,BAL,DAL,LB,0.0,0.0,0.0,0.0,0.0,0.0,0.0,0.0,0.0,0.0,0.0,0.0,0.0,0.0,0.0,0.0,0.0,,roster_only,2026-09-23T16:10:42+00:00
2026,3,401872960,00-0040980,Dominic DeLuca,BAL,DAL,LB,0.0,0.0,0.0,0.0,0.0,0.0,0.0,0.0,0.0,0.0,0.0,0.0,0.0,0.0,0.0,0.0,0.0,,roster_only,2026-09-23T16:10:42+00:00
2026,3,401872960,00-0040978,Ethan Burke,BAL,DAL,LB,0.0,0.0,0.0,0.0,0.0,0.0,0.0,0.0,0.0,0.0,0.0,0.0,0.0,0.0,1.2,0.0,4.7,,backup,2026-09-23T16:10:42+00:00
2026,3,401872960,00-0040037,Jamon Johnson,BAL,DAL,LB,0.0,0.0,0.0,0.0,0.0,0.0,0.0,0.0,0.0,0.0,0.0,0.0,0.0,0.0,0.0,0.0,0.0,,roster_only,2026-09-23T16:10:42+00:00
2026,3,401872960,00-0040100,Jay Higgins,BAL,DAL,LB,0.0,0.0,0.0,0.0,0.0,0.0,0.0,0.0,0.0,0.0,0.0,0.0,0.0,0.0,0.0,0.0,0.0,,roster_only,2026-09-23T16:10:42+00:00
2026,3,401872960,00-0040658,Kaimon Rucker,BAL,DAL,LB,0.0,0.0,0.0,0.0,0.0,0.0,0.0,0.0,0.0,0.0,0.0,0.0,0.0,0.0,0.0,0.0,0.0,,roster_only,2026-09-23T16:10:42+00:00
2026,3,401872960,00-0039429,Michael Barrett,BAL,DAL,LB,0.0,0.0,0.0,0.0,0.0,0.0,0.0,0.0,0.0,0.0,0.0,0.0,0.0,0.0,0.0,0.0,0.0,,roster_only,2026-09-23T16:10:42+00:00
2026,3,401872960,00-0040722,Mike Green,BAL,DAL,LB,0.0,0.0,0.0,0.0,0.0,0.0,0.0,0.0,0.0,0.0,0.0,0.0,0.0,0.0,1.8,0.0,4.2,,backup,2026-09-23T16:10:42+00:00
2026,3,401872960,00-0034874,Roquan Smith,BAL,DAL,LB,0.0,0.0,0.0,0.0,0.0,0.0,0.0,0.0,0.0,0.0,0.0,0.0,0.0,0.0,7.0,4.4,11.3,Active,recent_defensive_participant,2026-09-23T16:10:42+00:00
2026,3,401872960,00-0038505,Tavius Robinson,BAL,DAL,LB,0.0,0.0,0.0,0.0,0.0,0.0,0.0,0.0,0.0,0.0,0.0,0.0,0.0,0.0,2.7,0.7,5.2,,starter,2026-09-23T16:10:42+00:00
2026,3,401872960,00-0040069,Teddye Buchanan,BAL,DAL,LB,0.0,0.0,0.0,0.0,0.0,0.0,0.0,0.0,0.0,0.0,0.0,0.0,0.0,0.0,0.0,0.0,0.0,Questionable,roster_only,2026-09-23T16:10:42+00:00
2026,3,401872960,00-0038504,Trenton Simpson,BAL,DAL,LB,0.0,0.0,0.0,0.0,0.0,0.0,0.0,0.0,0.0,0.0,0.0,0.0,0.0,0.0,4.1,2.1,6.5,,recent_defensive_participant,2026-09-23T16:10:42+00:00
2026,3,401872960,00-0033935,Trey Hendrickson,BAL,DAL,LB,0.0,0.0,0.0,0.0,0.0,0.0,0.0,0.0,0.0,0.0,0.0,0.0,0.0,0.0,1.5,0.0,4.0,Active,starter,2026-09-23T16:10:42+00:00
2026,3,401872960,00-0041494,Zion Young,BAL,DAL,LB,0.0,0.0,0.0,0.0,0.0,0.0,0.0,0.0,0.0,0.0,0.0,0.0,0.0,0.0,1.5,0.0,5.0,,backup,2026-09-23T16:10:42+00:00
2026,3,401872960,00-0039464,Austin Reed,BAL,DAL,QB,0.0,0.0,0.0,0.0,0.0,0.0,0.0,0.0,0.0,0.0,0.0,0.0,0.0,0.0,0.0,0.0,0.0,,roster_only,2026-09-23T16:10:42+00:00
2026,3,401872960,00-0040981,Joe Fagnano,BAL,DAL,QB,0.0,0.0,0.0,0.0,0.0,9.3,-8.3,34.0,0.0,0.0,0.0,0.0,0.0,0.0,0.0,0.0,0.0,Active,backup,2026-09-23T16:10:42+00:00
2026,3,401872960,00-0034796,Lamar Jackson,BAL,DAL,QB,209.9,116.5,316.1,1.726,0.817166506977958,27.4,14.7,45.4,0.0,0.0,0.0,0.0,0.0,0.0,0.0,0.0,0.0,Active,starter,2026-09-23T16:10:42+00:00
2026,3,401872960,00-0037327,Skylar Thompson,BAL,DAL,QB,0.0,0.0,0.0,0.0,0.0,0.0,0.0,0.0,0.0,0.0,0.0,0.0,0.0,0.0,0.0,0.0,0.0,,backup,2026-09-23T16:10:42+00:00
2026,3,401872960,00-0035993,Tyler Huntley,BAL,DAL,QB,0.0,0.0,0.0,0.0,0.0,22.3,9.6,40.3,0.0,0.0,0.0,0.0,0.0,0.0,0.0,0.0,0.0,,backup,2026-09-23T16:10:42+00:00
2026,3,401872960,00-0040888,Adam Randall,BAL,DAL,RB,0.0,0.0,0.0,0.0,0.0,0.0,0.0,0.0,0.0,0.0,0.0,0.0,0.0,0.0,0.0,0.0,0.0,,backup,2026-09-23T16:10:42+00:00
2026,3,401872960,00-0032764,Derrick Henry,BAL,DAL,RB,0.0,0.0,0.0,0.0,0.0,95.7,73.7,126.6,6.8,-10.3,35.6,0.0,0.0,0.0,0.0,0.0,0.0,Active,starter,2026-09-23T16:10:42+00:00
2026,3,401872960,00-0040984,Dontae McMillan,BAL,DAL,RB,0.0,0.0,0.0,0.0,0.0,0.0,0.0,0.0,0.0,0.0,0.0,0.0,0.0,0.0,0.0,0.0,0.0,,roster_only,2026-09-23T16:10:42+00:00
2026,3,401872960,00-0040991,Elijah Tau-Tolliver,BAL,DAL,RB,0.0,0.0,0.0,0.0,0.0,0.0,0.0,0.0,0.0,0.0,0.0,0.0,0.0,0.0,0.0,0.0,0.0,,roster_only,2026-09-23T16:10:42+00:00
2026,3,401872960,00-0035924,Jonathan Ward,BAL,DAL,RB,0.0,0.0,0.0,0.0,0.0,0.0,0.0,0.0,0.0,0.0,0.0,0.0,0.0,0.0,0.0,0.0,0.0,,roster_only,2026-09-23T16:10:42+00:00
2026,3,401872960,00-0034975,Justice Hill,BAL,DAL,RB,0.0,0.0,0.0,0.0,0.0,7.3,-3.5,22.3,7.5,-9.7,36.3,0.0,0.0,0.0,0.0,0.0,0.0,Active,backup,2026-09-23T16:10:42+00:00
2026,3,401872960,00-0040637,Lucas Scott,BAL,DAL,RB,0.0,0.0,0.0,0.0,0.0,0.0,0.0,0.0,0.0,0.0,0.0,0.0,0.0,0.0,0.0,0.0,0.0,,roster_only,2026-09-23T16:10:42+00:00
2026,3,401872960,00-0039796,Rasheen Ali,BAL,DAL,RB,0.0,0.0,0.0,0.0,0.0,1.2,-9.5,16.3,4.0,-13.2,32.8,0.0,0.0,0.0,0.0,0.0,0.0,,backup,2026-09-23T16:10:42+00:00
2026,3,401872960,00-0034798,Durham Smythe,BAL,DAL,TE,0.0,0.0,0.0,0.0,0.0,0.0,-10.8,15.0,5.3,-11.9,34.1,0.0,0.0,0.0,0.0,0.0,0.0,,backup,2026-09-23T16:10:42+00:00
2026,3,401872960,00-0040887,Josh Cuevas,BAL,DAL,TE,0.0,0.0,0.0,0.0,0.0,0.0,-14.8,20.6,4.2,-18.5,44.8,0.0,0.0,0.0,0.0,0.0,0.0,,backup,2026-09-23T16:10:42+00:00
2026,3,401872960,00-0034753,Mark Andrews,BAL,DAL,TE,0.0,0.0,0.0,0.0,0.0,0.4,-10.4,15.4,37.4,20.3,66.2,0.0,0.0,0.0,0.0,0.0,0.0,Active,starter,2026-09-23T16:10:42+00:00
2026,3,401872960,00-0040879,Matthew Hibner,BAL,DAL,TE,0.0,0.0,0.0,0.0,0.0,0.0,-14.8,20.6,4.5,-18.2,45.0,0.0,0.0,0.0,0.0,0.0,0.0,,backup,2026-09-23T16:10:42+00:00
2026,3,401872960,00-0032394,Nick Vannett,BAL,DAL,TE,0.0,0.0,0.0,0.0,0.0,0.0,0.0,0.0,0.0,0.0,0.0,0.0,0.0,0.0,0.0,0.0,0.0,,roster_only,2026-09-23T16:10:42+00:00
2026,3,401872960,00-0032398,Chris Moore,BAL,DAL,WR,0.0,0.0,0.0,0.0,0.0,0.0,-10.8,15.0,9.7,-7.5,38.5,0.0,0.0,0.0,0.0,0.0,0.0,Active,backup,2026-09-23T16:10:42+00:00
2026,3,401872960,00-0039437,Cornelius Johnson,BAL,DAL,WR,0.0,0.0,0.0,0.0,0.0,0.0,0.0,0.0,0.0,0.0,0.0,0.0,0.0,0.0,0.0,0.0,0.0,,roster_only,2026-09-23T16:10:42+00:00
2026,3,401872960,00-0040977,Cortez Braham,BAL,DAL,WR,0.0,0.0,0.0,0.0,0.0,0.0,0.0,0.0,0.0,0.0,0.0,0.0,0.0,0.0,0.0,0.0,0.0,,roster_only,2026-09-23T16:10:42+00:00
2026,3,401872960,00-0039259,Dayton Wade,BAL,DAL,WR,0.0,0.0,0.0,0.0,0.0,0.0,0.0,0.0,0.0,0.0,0.0,0.0,0.0,0.0,0.0,0.0,0.0,,roster_only,2026-09-23T16:10:42+00:00
2026,3,401872960,00-0039792,Devontez Walker,BAL,DAL,WR,0.0,0.0,0.0,0.0,0.0,0.0,-10.7,15.0,9.0,-8.2,37.8,0.0,0.0,0.0,0.0,0.0,0.0,Active,backup,2026-09-23T16:10:42+00:00
2026,3,401872960,00-0040876,Elijah Sarratt,BAL,DAL,WR,0.0,0.0,0.0,0.0,0.0,0.1,-14.7,20.8,7.6,-15.1,48.1,0.0,0.0,0.0,0.0,0.0,0.0,Active,backup,2026-09-23T16:10:42+00:00
2026,3,401872960,00-0040259,Gage Larvadain,BAL,DAL,WR,0.0,0.0,0.0,0.0,0.0,0.0,0.0,0.0,0.0,0.0,0.0,0.0,0.0,0.0,0.0,0.0,0.0,,roster_only,2026-09-23T16:10:42+00:00
2026,3,401872960,00-0040870,Ja'Kobi Lane,BAL,DAL,WR,0.0,0.0,0.0,0.0,0.0,0.0,0.0,0.0,0.0,0.0,0.0,0.0,0.0,0.0,0.0,0.0,0.0,Injured Reserve,backup,2026-09-23T16:10:42+00:00
2026,3,401872960,00-0040075,LaJohntay Wester,BAL,DAL,WR,0.0,0.0,0.0,0.0,0.0,0.1,-10.6,15.1,4.2,-12.9,33.0,0.0,0.0,0.0,0.0,0.0,0.0,Active,backup,2026-09-23T16:10:42+00:00
2026,3,401872960,00-0040989,Octavian Smith,BAL,DAL,WR,0.0,0.0,0.0,0.0,0.0,0.0,0.0,0.0,0.0,0.0,0.0,0.0,0.0,0.0,0.0,0.0,0.0,,roster_only,2026-09-23T16:10:42+00:00
2026,3,401872960,00-0036550,Rashod Bateman,BAL,DAL,WR,0.0,0.0,0.0,0.0,0.0,0.0,-10.7,15.0,19.3,2.1,48.1,0.0,0.0,0.0,0.0,0.0,0.0,Active,backup,2026-09-23T16:10:42+00:00
2026,3,401872960,00-0038891,Shedrick Jackson,BAL,DAL,WR,0.0,0.0,0.0,0.0,0.0,0.0,0.0,0.0,0.0,0.0,0.0,0.0,0.0,0.0,0.0,0.0,0.0,,roster_only,2026-09-23T16:10:42+00:00
2026,3,401872960,00-0040986,Ty Pezza,BAL,DAL,WR,0.0,0.0,0.0,0.0,0.0,0.0,0.0,0.0,0.0,0.0,0.0,0.0,0.0,0.0,0.0,0.0,0.0,,roster_only,2026-09-23T16:10:42+00:00
2026,3,401872960,00-0040099,Xavier Guillory,BAL,DAL,WR,0.0,0.0,0.0,0.0,0.0,0.0,0.0,0.0,0.0,0.0,0.0,0.0,0.0,0.0,0.0,0.0,0.0,,roster_only,2026-09-23T16:10:42+00:00
2026,3,401872960,00-0039064,Zay Flowers,BAL,DAL,WR,0.0,0.0,0.0,0.0,0.0,1.2,-9.5,16.2,68.5,41.8,117.7,0.0,0.0,0.0,0.0,0.0,0.0,Questionable,starter,2026-09-23T16:10:42+00:00
2026,3,401872960,00-0040045,Alijah Clark,DAL,BAL,DB,0.0,0.0,0.0,0.0,0.0,0.0,0.0,0.0,0.0,0.0,0.0,0.0,0.0,0.0,1.0,0.0,3.5,,backup,2026-09-23T16:10:42+00:00
2026,3,401872960,00-0038624,Ameer Speed,DAL,BAL,DB,0.0,0.0,0.0,0.0,0.0,0.0,0.0,0.0,0.0,0.0,0.0,0.0,0.0,0.0,0.7,0.0,3.2,,backup,2026-09-23T16:10:42+00:00
2026,3,401872960,00-0039387,Caelen Carson,DAL,BAL,DB,0.0,0.0,0.0,0.0,0.0,0.0,0.0,0.0,0.0,0.0,0.0,0.0,0.0,0.0,2.2,0.3,4.7,Active,backup,2026-09-23T16:10:42+00:00
2026,3,401872960,00-0040865,Caleb Downs,DAL,BAL,DB,0.0,0.0,0.0,0.0,0.0,0.0,0.0,0.0,0.0,0.0,0.0,0.0,0.0,0.0,3.1,0.2,7.0,Active,starter,2026-09-23T16:10:42+00:00
2026,3,401872960,00-0037839,Cobie Durant,DAL,BAL,DB,0.0,0.0,0.0,0.0,0.0,0.0,0.0,0.0,0.0,0.0,0.0,0.0,0.0,0.0,0.0,0.0,0.0,Out,starter,2026-09-23T16:10:42+00:00
2026,3,401872960,00-0037275,DaRon Bland,DAL,BAL,DB,0.0,0.0,0.0,0.0,0.0,0.0,0.0,0.0,0.0,0.0,0.0,0.0,0.0,0.0,5.1,2.4,8.6,,starter,2026-09-23T16:10:42+00:00
2026,3,401872960,00-0037842,Derion Kendrick,DAL,BAL,DB,0.0,0.0,0.0,0.0,0.0,0.0,0.0,0.0,0.0,0.0,0.0,0.0,0.0,0.0,0.0,0.0,0.0,,roster_only,2026-09-23T16:10:42+00:00
2026,3,401872960,00-0040875,Devin Moore,DAL,BAL,DB,0.0,0.0,0.0,0.0,0.0,0.0,0.0,0.0,0.0,0.0,0.0,0.0,0.0,0.0,0.0,0.0,0.0,,backup,2026-09-23T16:10:42+00:00
2026,3,401872960,00-0035705,Jalen Thompson,DAL,BAL,DB,0.0,0.0,0.0,0.0,0.0,0.0,0.0,0.0,0.0,0.0,0.0,0.0,0.0,0.0,5.7,3.0,9.2,,starter,2026-09-23T16:10:42+00:00
2026,3,401872960,00-0038348,Josh Butler,DAL,BAL,DB,0.0,0.0,0.0,0.0,0.0,0.0,0.0,0.0,0.0,0.0,0.0,0.0,0.0,0.0,0.0,0.0,0.0,,roster_only,2026-09-23T16:10:42+00:00
2026,3,401872960,00-0033877,Malik Hooker,DAL,BAL,DB,0.0,0.0,0.0,0.0,0.0,0.0,0.0,0.0,0.0,0.0,0.0,0.0,0.0,0.0,3.5,0.9,7.0,Doubtful,starter,2026-09-23T16:10:42+00:00
2026,3,401872960,00-0037561,Markquese Bell,DAL,BAL,DB,0.0,0.0,0.0,0.0,0.0,0.0,0.0,0.0,0.0,0.0,0.0,0.0,0.0,0.0,2.7,0.6,5.5,Active,backup,2026-09-23T16:10:42+00:00
2026,3,401872960,00-0035227,P.J. Locke,DAL,BAL,DB,0.0,0.0,0.0,0.0,0.0,0.0,0.0,0.0,0.0,0.0,0.0,0.0,0.0,0.0,0.0,0.0,0.0,Out,backup,2026-09-23T16:10:42+00:00
2026,3,401872960,00-0039465,Reddy Steward,DAL,BAL,DB,0.0,0.0,0.0,0.0,0.0,0.0,0.0,0.0,0.0,0.0,0.0,0.0,0.0,0.0,0.0,0.0,0.0,,roster_only,2026-09-23T16:10:42+00:00
2026,3,401872960,00-0040008,Shavon Revel Jr.,DAL,BAL,DB,0.0,0.0,0.0,0.0,0.0,0.0,0.0,0.0,0.0,0.0,0.0,0.0,0.0,0.0,3.8,1.2,7.3,,backup,2026-09-23T16:10:42+00:00
2026,3,401872960,00-0038144,Adedayo Odeleye,DAL,BAL,DL,0.0,0.0,0.0,0.0,0.0,0.0,0.0,0.0,0.0,0.0,0.0,0.0,0.0,0.0,0.0,0.0,0.0,,roster_only,2026-09-23T16:10:42+00:00
2026,3,401872960,00-0040940,DJ Withers,DAL,BAL,DL,0.0,0.0,0.0,0.0,0.0,0.0,0.0,0.0,0.0,0.0,0.0,0.0,0.0,0.0,0.0,0.0,0.0,,roster_only,2026-09-23T16:10:42+00:00
2026,3,401872960,00-0037051,Elijah Garcia,DAL,BAL,DL,0.0,0.0,0.0,0.0,0.0,0.0,0.0,0.0,0.0,0.0,0.0,0.0,0.0,0.0,0.0,0.0,0.0,,roster_only,2026-09-23T16:10:42+00:00
2026,3,401872960,00-0040019,Jay Toia,DAL,BAL,DL,0.0,0.0,0.0,0.0,0.0,0.0,0.0,0.0,0.0,0.0,0.0,0.0,0.0,0.0,0.0,0.0,0.0,,roster_only,2026-09-23T16:10:42+00:00
2026,3,401872960,00-0033093,Jonathan Bullard,DAL,BAL,DL,0.0,0.0,0.0,0.0,0.0,0.0,0.0,0.0,0.0,0.0,0.0,0.0,0.0,0.0,1.2,0.0,3.8,,backup,2026-09-23T16:10:42+00:00
2026,3,401872960,00-0040933,Kelvin Gilliam,DAL,BAL,DL,0.0,0.0,0.0,0.0,0.0,0.0,0.0,0.0,0.0,0.0,0.0,0.0,0.0,0.0,0.0,0.0,0.0,,backup,2026-09-23T16:10:42+00:00
2026,3,401872960,00-0033120,Kenny Clark,DAL,BAL,DL,0.0,0.0,0.0,0.0,0.0,0.0,0.0,0.0,0.0,0.0,0.0,0.0,0.0,0.0,2.6,0.5,5.4,,starter,2026-09-23T16:10:42+00:00
2026,3,401872960,00-0040880,LT Overton,DAL,BAL,DL,0.0,0.0,0.0,0.0,0.0,0.0,0.0,0.0,0.0,0.0,0.0,0.0,0.0,0.0,1.2,0.0,4.7,,backup,2026-09-23T16:10:42+00:00
2026,3,401872960,00-0037270,Otito Ogbonnia,DAL,BAL,DL,0.0,0.0,0.0,0.0,0.0,0.0,0.0,0.0,0.0,0.0,0.0,0.0,0.0,0.0,1.4,0.0,3.9,,starter,2026-09-23T16:10:42+00:00
2026,3,401872960,00-0035718,Quinnen Williams,DAL,BAL,DL,0.0,0.0,0.0,0.0,0.0,0.0,0.0,0.0,0.0,0.0,0.0,0.0,0.0,0.0,2.7,0.8,5.2,,starter,2026-09-23T16:10:42+00:00
2026,3,401872960,00-0040931,Tommy Dunn,DAL,BAL,DL,0.0,0.0,0.0,0.0,0.0,0.0,0.0,0.0,0.0,0.0,0.0,0.0,0.0,0.0,0.0,0.0,0.0,,roster_only,2026-09-23T16:10:42+00:00
2026,3,401872960,00-0037692,Brandon Aubrey,DAL,BAL,K,0.0,0.0,0.0,0.0,0.0,0.0,0.0,0.0,0.0,0.0,0.0,7.4,2.9,12.7,0.0,0.0,0.0,Active,starter,2026-09-23T16:10:42+00:00
2026,3,401872960,00-0036728,Curtis Robinson,DAL,BAL,LB,0.0,0.0,0.0,0.0,0.0,0.0,0.0,0.0,0.0,0.0,0.0,0.0,0.0,0.0,5.0,2.0,9.0,,recent_defensive_participant,2026-09-23T16:10:42+00:00
2026,3,401872960,00-0038556,DeMarvion Overshown,DAL,BAL,LB,0.0,0.0,0.0,0.0,0.0,0.0,0.0,0.0,0.0,0.0,0.0,0.0,0.0,0.0,2.2,0.3,4.7,Questionable,recent_defensive_participant,2026-09-23T16:10:42+00:00
2026,3,401872960,00-0038625,Dee Winters,DAL,BAL,LB,0.0,0.0,0.0,0.0,0.0,0.0,0.0,0.0,0.0,0.0,0.0,0.0,0.0,0.0,5.5,2.5,9.4,Active,recent_defensive_participant,2026-09-23T16:10:42+00:00
2026,3,401872960,00-0040725,Donovan Ezeiruaku,DAL,BAL,LB,0.0,0.0,0.0,0.0,0.0,0.0,0.0,0.0,0.0,0.0,0.0,0.0,0.0,0.0,2.5,0.5,5.0,Active,starter,2026-09-23T16:10:42+00:00
2026,3,401872960,00-0038737,Isaiah Land,DAL,BAL,LB,0.0,0.0,0.0,0.0,0.0,0.0,0.0,0.0,0.0,0.0,0.0,0.0,0.0,0.0,0.0,0.0,0.0,,roster_only,2026-09-23T16:10:42+00:00
2026,3,401872960,00-0040872,Jaishawn Barham,DAL,BAL,LB,0.0,0.0,0.0,0.0,0.0,0.0,0.0,0.0,0.0,0.0,0.0,0.0,0.0,0.0,1.3,0.0,4.8,,recent_defensive_participant,2026-09-23T16:10:42+00:00
2026,3,401872960,00-0037310,James Houston,DAL,BAL,LB,0.0,0.0,0.0,0.0,0.0,0.0,0.0,0.0,0.0,0.0,0.0,0.0,0.0,0.0,1.5,0.0,4.0,Active,backup,2026-09-23T16:10:42+00:00
2026,3,401872960,00-0040043,Justin Barron,DAL,BAL,LB,0.0,0.0,0.0,0.0,0.0,0.0,0.0,0.0,0.0,0.0,0.0,0.0,0.0,0.0,0.7,0.0,4.2,,recent_defensive_participant,2026-09-23T16:10:42+00:00
2026,3,401872960,00-0040935,Langston Patterson,DAL,BAL,LB,0.0,0.0,0.0,0.0,0.0,0.0,0.0,0.0,0.0,0.0,0.0,0.0,0.0,0.0,0.0,0.0,0.0,,roster_only,2026-09-23T16:10:42+00:00
2026,3,401872960,00-0041537,Malachi Lawrence,DAL,BAL,LB,0.0,0.0,0.0,0.0,0.0,0.0,0.0,0.0,0.0,0.0,0.0,0.0,0.0,0.0,1.6,0.0,5.1,,backup,2026-09-23T16:10:42+00:00
2026,3,401872960,00-0039352,Marist Liufau,DAL,BAL,LB,0.0,0.0,0.0,0.0,0.0,0.0,0.0,0.0,0.0,0.0,0.0,0.0,0.0,0.0,0.0,0.0,0.0,,backup,2026-09-23T16:10:42+00:00
2026,3,401872960,00-0034967,Rashan Gary,DAL,BAL,LB,0.0,0.0,0.0,0.0,0.0,0.0,0.0,0.0,0.0,0.0,0.0,0.0,0.0,0.0,2.1,0.2,4.6,,starter,2026-09-23T16:10:42+00:00
2026,3,401872960,00-0040011,Shemar James,DAL,BAL,LB,0.0,0.0,0.0,0.0,0.0,0.0,0.0,0.0,0.0,0.0,0.0,0.0,0.0,0.0,4.9,2.9,7.3,,recent_defensive_participant,2026-09-23T16:10:42+00:00
2026,3,401872960,00-0038742,Tyrus Wheat,DAL,BAL,LB,0.0,0.0,0.0,0.0,0.0,0.0,0.0,0.0,0.0,0.0,0.0,0.0,0.0,0.0,0.8,0.0,3.3,,backup,2026-09-23T16:10:42+00:00
2026,3,401872960,00-0027940,Von Miller,DAL,BAL,LB,0.0,0.0,0.0,0.0,0.0,0.0,0.0,0.0,0.0,0.0,0.0,0.0,0.0,0.0,1.4,0.0,3.9,,backup,2026-09-23T16:10:42+00:00
2026,3,401872960,00-0033077,Dak Prescott,DAL,BAL,QB,271.8,178.3,378.0,1.982,0.8571428571428571,12.6,-0.2,30.5,0.0,0.0,0.0,0.0,0.0,0.0,0.0,0.0,0.0,Active,starter,2026-09-23T16:10:42+00:00
2026,3,401872960,00-0039398,Joe Milton III,DAL,BAL,QB,0.0,0.0,0.0,0.0,0.0,0.0,0.0,0.0,0.0,0.0,0.0,0.0,0.0,0.0,0.0,0.0,0.0,,roster_only,2026-09-23T16:10:42+00:00
2026,3,401872960,00-0037077,Sam Howell,DAL,BAL,QB,0.0,0.0,0.0,0.0,0.0,10.4,-0.4,25.4,0.0,0.0,0.0,0.0,0.0,0.0,0.0,0.0,0.0,,backup,2026-09-23T16:10:42+00:00
2026,3,401872960,00-0038705,Emari Demercado,DAL,BAL,RB,0.0,0.0,0.0,0.0,0.0,19.8,-2.2,50.8,11.2,-5.9,40.0,0.0,0.0,0.0,0.0,0.0,0.0,Active,backup,2026-09-23T16:10:42+00:00
2026,3,401872960,00-0038738,Hunter Luepke,DAL,BAL,RB,0.0,0.0,0.0,0.0,0.0,10.7,-11.4,41.6,8.8,-8.4,37.6,0.0,0.0,0.0,0.0,0.0,0.0,,starter,2026-09-23T16:10:42+00:00
2026,3,401872960,00-0038389,Israel Abanikanda,DAL,BAL,RB,0.0,0.0,0.0,0.0,0.0,0.0,0.0,0.0,0.0,0.0,0.0,0.0,0.0,0.0,0.0,0.0,0.0,,roster_only,2026-09-23T16:10:42+00:00
2026,3,401872960,00-0037410,Jashaun Corbin,DAL,BAL,RB,0.0,0.0,0.0,0.0,0.0,0.0,0.0,0.0,0.0,0.0,0.0,0.0,0.0,0.0,0.0,0.0,0.0,,roster_only,2026-09-23T16:10:42+00:00
2026,3,401872960,00-0036997,Javonte Williams,DAL,BAL,RB,0.0,0.0,0.0,0.0,0.0,49.3,27.3,80.2,13.7,-3.5,42.5,0.0,0.0,0.0,0.0,0.0,0.0,Active,starter,2026-09-23T16:10:42+00:00
2026,3,401872960,00-0037563,Malik Davis,DAL,BAL,RB,0.0,0.0,0.0,0.0,0.0,0.0,0.0,0.0,0.0,0.0,0.0,0.0,0.0,0.0,0.0,0.0,0.0,,backup,2026-09-23T16:10:42+00:00
2026,3,401872960,00-0037120,Tyler Goodson,DAL,BAL,RB,0.0,0.0,0.0,0.0,0.0,7.9,-2.8,22.9,2.4,-14.7,31.3,0.0,0.0,0.0,0.0,0.0,0.0,Active,backup,2026-09-23T16:10:42+00:00
2026,3,401872960,00-0039530,Brevyn Spann-Ford,DAL,BAL,TE,0.0,0.0,0.0,0.0,0.0,0.0,-10.8,14.9,7.1,-10.0,35.9,0.0,0.0,0.0,0.0,0.0,0.0,Active,backup,2026-09-23T16:10:42+00:00
2026,3,401872960,00-0040938,DJ Rogers,DAL,BAL,TE,0.0,0.0,0.0,0.0,0.0,0.0,0.0,0.0,0.0,0.0,0.0,0.0,0.0,0.0,0.0,0.0,0.0,,backup,2026-09-23T16:10:42+00:00
2026,3,401872960,00-0038041,Jake Ferguson,DAL,BAL,TE,0.0,0.0,0.0,0.0,0.0,0.0,-10.8,15.0,22.9,5.7,51.7,0.0,0.0,0.0,0.0,0.0,0.0,Active,starter,2026-09-23T16:10:42+00:00
2026,3,401872960,00-0037282,James Mitchell,DAL,BAL,TE,0.0,0.0,0.0,0.0,0.0,0.0,0.0,0.0,0.0,0.0,0.0,0.0,0.0,0.0,0.0,0.0,0.0,,roster_only,2026-09-23T16:10:42+00:00
2026,3,401872960,00-0038547,Luke Schoonmaker,DAL,BAL,TE,0.0,0.0,0.0,0.0,0.0,0.0,-10.8,15.0,8.8,-8.4,37.6,0.0,0.0,0.0,0.0,0.0,0.0,Active,backup,2026-09-23T16:10:42+00:00
2026,3,401872960,00-0040939,Michael Trigg,DAL,BAL,TE,0.0,0.0,0.0,0.0,0.0,0.0,0.0,0.0,0.0,0.0,0.0,0.0,0.0,0.0,0.0,0.0,0.0,,roster_only,2026-09-23T16:10:42+00:00
2026,3,401872960,00-0040702,Mitch Van Vooren,DAL,BAL,TE,0.0,0.0,0.0,0.0,0.0,0.0,-14.8,20.6,4.5,-18.1,45.1,0.0,0.0,0.0,0.0,0.0,0.0,,roster_only,2026-09-23T16:10:42+00:00
2026,3,401872960,00-0038735,Princeton Fant,DAL,BAL,TE,0.0,0.0,0.0,0.0,0.0,0.0,0.0,0.0,0.0,0.0,0.0,0.0,0.0,0.0,0.0,0.0,0.0,,backup,2026-09-23T16:10:42+00:00
2026,3,401872960,00-0038406,Zack Kuntz,DAL,BAL,TE,0.0,0.0,0.0,0.0,0.0,0.0,0.0,0.0,0.0,0.0,0.0,0.0,0.0,0.0,0.0,0.0,0.0,,roster_only,2026-09-23T16:10:42+00:00
2026,3,401872960,00-0040900,Anthony Smith,DAL,BAL,WR,0.0,0.0,0.0,0.0,0.0,0.0,0.0,0.0,0.0,0.0,0.0,0.0,0.0,0.0,0.0,0.0,0.0,,roster_only,2026-09-23T16:10:42+00:00
2026,3,401872960,00-0040930,Camden Brown,DAL,BAL,WR,0.0,0.0,0.0,0.0,0.0,0.0,-14.7,20.7,7.4,-15.3,47.9,0.0,0.0,0.0,0.0,0.0,0.0,Active,backup,2026-09-23T16:10:42+00:00
2026,3,401872960,00-0036358,CeeDee Lamb,DAL,BAL,WR,0.0,0.0,0.0,0.0,0.0,0.7,-10.0,15.7,78.3,51.7,127.5,0.0,0.0,0.0,0.0,0.0,0.0,Active,starter,2026-09-23T16:10:42+00:00
2026,3,401872960,00-0037247,George Pickens,DAL,BAL,WR,0.0,0.0,0.0,0.0,0.0,0.0,-10.8,15.0,59.9,33.3,109.1,0.0,0.0,0.0,0.0,0.0,0.0,Active,backup,2026-09-23T16:10:42+00:00
2026,3,401872960,00-0040769,Jaden Smith,DAL,BAL,WR,0.0,0.0,0.0,0.0,0.0,0.0,0.0,0.0,0.0,0.0,0.0,0.0,0.0,0.0,0.0,0.0,0.0,,roster_only,2026-09-23T16:10:42+00:00
2026,3,401872960,00-0039062,Jonathan Mingo,DAL,BAL,WR,0.0,0.0,0.0,0.0,0.0,0.0,-10.8,15.0,5.7,-11.4,34.5,0.0,0.0,0.0,0.0,0.0,0.0,Active,backup,2026-09-23T16:10:42+00:00
2026,3,401872960,00-0040934,Jordan Hudson,DAL,BAL,WR,0.0,0.0,0.0,0.0,0.0,0.0,0.0,0.0,0.0,0.0,0.0,0.0,0.0,0.0,0.0,0.0,0.0,,roster_only,2026-09-23T16:10:42+00:00
2026,3,401872960,00-0037801,KaVontae Turpin,DAL,BAL,WR,0.0,0.0,0.0,0.0,0.0,2.0,-8.7,17.1,11.7,-5.5,40.5,0.0,0.0,0.0,0.0,0.0,0.0,Active,backup,2026-09-23T16:10:42+00:00
2026,3,401872960,00-0035639,Parris Campbell,DAL,BAL,WR,0.0,0.0,0.0,0.0,0.0,0.0,-10.7,15.0,3.1,-14.1,31.9,0.0,0.0,0.0,0.0,0.0,0.0,,roster_only,2026-09-23T16:10:42+00:00
2026,3,401872960,00-0039410,Ryan Flournoy,DAL,BAL,WR,0.0,0.0,0.0,0.0,0.0,0.0,-10.8,15.0,21.4,-5.3,70.5,0.0,0.0,0.0,0.0,0.0,0.0,Active,backup,2026-09-23T16:10:42+00:00
2026,3,401872961,00-0041002,Caleb Offord,LV,NO,DB,0.0,0.0,0.0,0.0,0.0,0.0,0.0,0.0,0.0,0.0,0.0,0.0,0.0,0.0,0.0,0.0,0.0,,roster_only,2026-09-23T16:10:42+00:00
2026,3,401872961,00-0039676,Chigozie Anusiem,LV,NO,DB,0.0,0.0,0.0,0.0,0.0,0.0,0.0,0.0,0.0,0.0,0.0,0.0,0.0,0.0,0.0,0.0,0.0,,backup,2026-09-23T16:10:42+00:00
2026,3,401872961,00-0040883,Dalton Johnson,LV,NO,DB,0.0,0.0,0.0,0.0,0.0,0.0,0.0,0.0,0.0,0.0,0.0,0.0,0.0,0.0,2.2,0.0,6.1,Active,backup,2026-09-23T16:10:42+00:00
2026,3,401872961,00-0040641,Darien Porter,LV,NO,DB,0.0,0.0,0.0,0.0,0.0,0.0,0.0,0.0,0.0,0.0,0.0,0.0,0.0,0.0,3.6,0.9,7.1,Questionable,starter,2026-09-23T16:10:42+00:00
2026,3,401872961,00-0038594,Darrell Luter Jr.,LV,NO,DB,0.0,0.0,0.0,0.0,0.0,0.0,0.0,0.0,0.0,0.0,0.0,0.0,0.0,0.0,3.4,0.7,6.9,,backup,2026-09-23T16:10:42+00:00
2026,3,401872961,00-0041000,Devin Lafayette,LV,NO,DB,0.0,0.0,0.0,0.0,0.0,0.0,0.0,0.0,0.0,0.0,0.0,0.0,0.0,0.0,0.0,0.0,0.0,,roster_only,2026-09-23T16:10:42+00:00
2026,3,401872961,00-0041018,Devyn Perkins,LV,NO,DB,0.0,0.0,0.0,0.0,0.0,0.0,0.0,0.0,0.0,0.0,0.0,0.0,0.0,0.0,0.0,0.0,0.0,,roster_only,2026-09-23T16:10:42+00:00
2026,3,401872961,00-0036901,Eric Stokes,LV,NO,DB,0.0,0.0,0.0,0.0,0.0,0.0,0.0,0.0,0.0,0.0,0.0,0.0,0.0,0.0,3.5,0.8,7.0,,starter,2026-09-23T16:10:42+00:00
2026,3,401872961,00-0040489,Greedy Vance,LV,NO,DB,0.0,0.0,0.0,0.0,0.0,0.0,0.0,0.0,0.0,0.0,0.0,0.0,0.0,0.0,0.0,0.0,0.0,,roster_only,2026-09-23T16:10:42+00:00
2026,3,401872961,00-0040889,Hezekiah Masses,LV,NO,DB,0.0,0.0,0.0,0.0,0.0,0.0,0.0,0.0,0.0,0.0,0.0,0.0,0.0,0.0,2.2,0.0,6.1,Active,backup,2026-09-23T16:10:42+00:00
2026,3,401872961,00-0037512,Isaiah Pola-Mao,LV,NO,DB,0.0,0.0,0.0,0.0,0.0,0.0,0.0,0.0,0.0,0.0,0.0,0.0,0.0,0.0,4.3,1.7,7.8,,backup,2026-09-23T16:10:42+00:00
2026,3,401872961,00-0036293,Jeremy Chinn,LV,NO,DB,0.0,0.0,0.0,0.0,0.0,0.0,0.0,0.0,0.0,0.0,0.0,0.0,0.0,0.0,6.3,3.6,9.8,,starter,2026-09-23T16:10:42+00:00
2026,3,401872961,00-0041563,Jermod McCoy,LV,NO,DB,0.0,0.0,0.0,0.0,0.0,0.0,0.0,0.0,0.0,0.0,0.0,0.0,0.0,0.0,2.2,0.0,6.1,,backup,2026-09-23T16:10:42+00:00
2026,3,401872961,00-0034376,Taron Johnson,LV,NO,DB,0.0,0.0,0.0,0.0,0.0,0.0,0.0,0.0,0.0,0.0,0.0,0.0,0.0,0.0,4.6,2.4,7.3,,starter,2026-09-23T16:10:42+00:00
2026,3,401872961,00-0040868,Treydan Stukes,LV,NO,DB,0.0,0.0,0.0,0.0,0.0,0.0,0.0,0.0,0.0,0.0,0.0,0.0,0.0,0.0,2.8,0.0,6.7,Questionable,starter,2026-09-23T16:10:42+00:00
2026,3,401872961,00-0037461,Tristin McCollum,LV,NO,DB,0.0,0.0,0.0,0.0,0.0,0.0,0.0,0.0,0.0,0.0,0.0,0.0,0.0,0.0,1.7,0.0,4.4,Active,backup,2026-09-23T16:10:42+00:00
2026,3,401872961,00-0033381,Adam Butler,LV,NO,DL,0.0,0.0,0.0,0.0,0.0,0.0,0.0,0.0,0.0,0.0,0.0,0.0,0.0,0.0,1.8,0.0,4.3,,starter,2026-09-23T16:10:42+00:00
2026,3,401872961,00-0040902,Brandon Cleveland,LV,NO,DL,0.0,0.0,0.0,0.0,0.0,0.0,0.0,0.0,0.0,0.0,0.0,0.0,0.0,0.0,0.0,0.0,0.0,,roster_only,2026-09-23T16:10:42+00:00
2026,3,401872961,00-0034275,Foley Fatukasi,LV,NO,DL,0.0,0.0,0.0,0.0,0.0,0.0,0.0,0.0,0.0,0.0,0.0,0.0,0.0,0.0,1.2,0.0,3.7,,backup,2026-09-23T16:10:42+00:00
2026,3,401872961,00-0041007,Gary Smith III,LV,NO,DL,0.0,0.0,0.0,0.0,0.0,0.0,0.0,0.0,0.0,0.0,0.0,0.0,0.0,0.0,0.0,0.0,0.0,,roster_only,2026-09-23T16:10:42+00:00
2026,3,401872961,00-0040199,JJ Pegues,LV,NO,DL,0.0,0.0,0.0,0.0,0.0,0.0,0.0,0.0,0.0,0.0,0.0,0.0,0.0,0.0,1.2,0.0,3.7,Active,backup,2026-09-23T16:10:42+00:00
2026,3,401872961,00-0039423,Jonah Laulu,LV,NO,DL,0.0,0.0,0.0,0.0,0.0,0.0,0.0,0.0,0.0,0.0,0.0,0.0,0.0,0.0,2.9,0.8,5.7,,starter,2026-09-23T16:10:42+00:00
2026,3,401872961,00-0036479,Kwity Paye,LV,NO,DL,0.0,0.0,0.0,0.0,0.0,0.0,0.0,0.0,0.0,0.0,0.0,0.0,0.0,0.0,2.2,0.3,4.8,Active,starter,2026-09-23T16:10:42+00:00
2026,3,401872961,00-0036989,Malcolm Koonce,LV,NO,DL,0.0,0.0,0.0,0.0,0.0,0.0,0.0,0.0,0.0,0.0,0.0,0.0,0.0,0.0,1.7,0.0,4.1,,backup,2026-09-23T16:10:42+00:00
2026,3,401872961,00-0034973,Maxx Crosby,LV,NO,DL,0.0,0.0,0.0,0.0,0.0,0.0,0.0,0.0,0.0,0.0,0.0,0.0,0.0,0.0,3.7,1.5,6.4,Active,starter,2026-09-23T16:10:42+00:00
2026,3,401872961,00-0037262,Thomas Booker,LV,NO,DL,0.0,0.0,0.0,0.0,0.0,0.0,0.0,0.0,0.0,0.0,0.0,0.0,0.0,0.0,2.1,0.2,4.6,,backup,2026-09-23T16:10:42+00:00
2026,3,401872961,00-0041534,Tim Keenan III,LV,NO,DL,0.0,0.0,0.0,0.0,0.0,0.0,0.0,0.0,0.0,0.0,0.0,0.0,0.0,0.0,0.0,0.0,0.0,,roster_only,2026-09-23T16:10:42+00:00
2026,3,401872961,00-0040169,Tonka Hemingway,LV,NO,DL,0.0,0.0,0.0,0.0,0.0,0.0,0.0,0.0,0.0,0.0,0.0,0.0,0.0,0.0,1.5,0.0,4.0,,starter,2026-09-23T16:10:42+00:00
2026,3,401872961,00-0040487,Treven Ma'ae,LV,NO,DL,0.0,0.0,0.0,0.0,0.0,0.0,0.0,0.0,0.0,0.0,0.0,0.0,0.0,0.0,0.0,0.0,0.0,,roster_only,2026-09-23T16:10:42+00:00
2026,3,401872961,00-0041582,Kansei Matsuzawa,LV,NO,K,0.0,0.0,0.0,0.0,0.0,0.0,0.0,0.0,0.0,0.0,0.0,0.0,0.0,0.0,0.0,0.0,0.0,,kicker_role,2026-09-23T16:10:42+00:00
2026,3,401872961,00-0035269,Matt Gay,LV,NO,K,0.0,0.0,0.0,0.0,0.0,0.0,0.0,0.0,0.0,0.0,0.0,6.6,1.6,12.5,0.0,0.0,0.0,Active,starter,2026-09-23T16:10:42+00:00
2026,3,401872961,00-0036552,Azeez Ojulari,LV,NO,LB,0.0,0.0,0.0,0.0,0.0,0.0,0.0,0.0,0.0,0.0,0.0,0.0,0.0,0.0,0.0,0.0,0.0,,roster_only,2026-09-23T16:10:42+00:00
2026,3,401872961,00-0039836,Brennan Jackson,LV,NO,LB,0.0,0.0,0.0,0.0,0.0,0.0,0.0,0.0,0.0,0.0,0.0,0.0,0.0,0.0,0.0,0.0,0.0,,backup,2026-09-23T16:10:42+00:00
2026,3,401872961,00-0036644,Cameron McGrone,LV,NO,LB,0.0,0.0,0.0,0.0,0.0,0.0,0.0,0.0,0.0,0.0,0.0,0.0,0.0,0.0,0.0,0.0,0.0,,roster_only,2026-09-23T16:10:42+00:00
2026,3,401872961,00-0041006,Cian Slone,LV,NO,LB,0.0,0.0,0.0,0.0,0.0,0.0,0.0,0.0,0.0,0.0,0.0,0.0,0.0,0.0,0.0,0.0,0.0,,roster_only,2026-09-23T16:10:42+00:00
2026,3,401872961,00-0040228,Cody Lindenberg,LV,NO,LB,0.0,0.0,0.0,0.0,0.0,0.0,0.0,0.0,0.0,0.0,0.0,0.0,0.0,0.0,0.0,0.0,0.0,,roster_only,2026-09-23T16:10:42+00:00
2026,3,401872961,00-0040604,Jahfari Harvey,LV,NO,LB,0.0,0.0,0.0,0.0,0.0,0.0,0.0,0.0,0.0,0.0,0.0,0.0,0.0,0.0,0.0,0.0,0.0,,roster_only,2026-09-23T16:10:42+00:00
2026,3,401872961,00-0041553,Keyron Crawford,LV,NO,LB,0.0,0.0,0.0,0.0,0.0,0.0,0.0,0.0,0.0,0.0,0.0,0.0,0.0,0.0,0.0,0.0,0.0,,backup,2026-09-23T16:10:42+00:00
2026,3,401872961,00-0037615,Nakobe Dean,LV,NO,LB,0.0,0.0,0.0,0.0,0.0,0.0,0.0,0.0,0.0,0.0,0.0,0.0,0.0,0.0,3.5,1.5,5.9,Active,recent_defensive_participant,2026-09-23T16:10:42+00:00
2026,3,401872961,00-0036922,Patrick Johnson,LV,NO,LB,0.0,0.0,0.0,0.0,0.0,0.0,0.0,0.0,0.0,0.0,0.0,0.0,0.0,0.0,1.2,0.0,3.8,,backup,2026-09-23T16:10:42+00:00
2026,3,401872961,00-0037074,Quay Walker,LV,NO,LB,0.0,0.0,0.0,0.0,0.0,0.0,0.0,0.0,0.0,0.0,0.0,0.0,0.0,0.0,6.9,4.2,11.2,Active,recent_defensive_participant,2026-09-23T16:10:42+00:00
2026,3,401872961,00-0037527,Segun Olubi,LV,NO,LB,0.0,0.0,0.0,0.0,0.0,0.0,0.0,0.0,0.0,0.0,0.0,0.0,0.0,0.0,0.0,0.0,0.0,,roster_only,2026-09-23T16:10:42+00:00
2026,3,401872961,00-0039374,Tommy Eichenberg,LV,NO,LB,0.0,0.0,0.0,0.0,0.0,0.0,0.0,0.0,0.0,0.0,0.0,0.0,0.0,0.0,1.6,0.0,4.1,,recent_defensive_participant,2026-09-23T16:10:42+00:00
2026,3,401872961,00-0041008,Xavian Sorey Jr.,LV,NO,LB,0.0,0.0,0.0,0.0,0.0,0.0,0.0,0.0,0.0,0.0,0.0,0.0,0.0,0.0,0.0,0.0,0.0,,roster_only,2026-09-23T16:10:42+00:00
2026,3,401872961,00-0038579,Aidan O'Connell,LV,NO,QB,0.0,0.0,0.0,0.0,0.0,9.2,-3.5,27.2,0.0,0.0,0.0,0.0,0.0,0.0,0.0,0.0,0.0,Questionable,backup,2026-09-23T16:10:42+00:00
2026,3,401872961,00-0041562,Fernando Mendoza,LV,NO,QB,0.0,0.0,0.0,0.0,0.0,9.0,-8.6,33.6,0.0,0.0,0.0,0.0,0.0,0.0,0.0,0.0,0.0,Active,backup,2026-09-23T16:10:42+00:00
2026,3,401872961,00-0040996,Jacob Clark,LV,NO,QB,0.0,0.0,0.0,0.0,0.0,0.0,0.0,0.0,0.0,0.0,0.0,0.0,0.0,0.0,0.0,0.0,0.0,,roster_only,2026-09-23T16:10:42+00:00
2026,3,401872961,00-0029604,Kirk Cousins,LV,NO,QB,191.1,97.6,297.3,1.585,0.8125,3.5,-7.2,18.5,0.0,0.0,0.0,0.0,0.0,0.0,0.0,0.0,0.0,Active,starter,2026-09-23T16:10:42+00:00
2026,3,401872961,00-0040122,Ashton Jeanty,LV,NO,RB,0.0,0.0,0.0,0.0,0.0,73.8,51.8,104.7,22.7,5.5,51.5,0.0,0.0,0.0,0.0,0.0,0.0,Active,starter,2026-09-23T16:10:42+00:00
2026,3,401872961,00-0039244,Chris Collier,LV,NO,RB,0.0,0.0,0.0,0.0,0.0,0.0,0.0,0.0,0.0,0.0,0.0,0.0,0.0,0.0,0.0,0.0,0.0,,backup,2026-09-23T16:10:42+00:00
2026,3,401872961,00-0037304,Connor Heyward,LV,NO,RB,0.0,0.0,0.0,0.0,0.0,7.4,-14.6,38.3,1.6,-15.6,30.4,0.0,0.0,0.0,0.0,0.0,0.0,,starter,2026-09-23T16:10:42+00:00
2026,3,401872961,00-0033854,Dare Ogunbowale,LV,NO,RB,0.0,0.0,0.0,0.0,0.0,0.0,0.0,0.0,0.0,0.0,0.0,0.0,0.0,0.0,0.0,0.0,0.0,,roster_only,2026-09-23T16:10:42+00:00
2026,3,401872961,00-0039407,Dylan Laube,LV,NO,RB,0.0,0.0,0.0,0.0,0.0,1.2,-9.5,16.2,0.1,-17.1,28.9,0.0,0.0,0.0,0.0,0.0,0.0,Active,backup,2026-09-23T16:10:42+00:00
2026,3,401872961,00-0040878,Mike Washington Jr.,LV,NO,RB,0.0,0.0,0.0,0.0,0.0,13.6,-16.7,56.1,2.6,-20.0,43.2,0.0,0.0,0.0,0.0,0.0,0.0,Active,backup,2026-09-23T16:10:42+00:00
2026,3,401872961,00-0040998,Roman Hemby,LV,NO,RB,0.0,0.0,0.0,0.0,0.0,0.0,0.0,0.0,0.0,0.0,0.0,0.0,0.0,0.0,0.0,0.0,0.0,,roster_only,2026-09-23T16:10:42+00:00
2026,3,401872961,00-0036423,Albert Okwuegbunam,LV,NO,TE,0.0,0.0,0.0,0.0,0.0,0.0,-10.8,14.9,18.6,1.4,47.4,0.0,0.0,0.0,0.0,0.0,0.0,,roster_only,2026-09-23T16:10:42+00:00
2026,3,401872961,00-0039338,Brock Bowers,LV,NO,TE,0.0,0.0,0.0,0.0,0.0,0.0,-10.7,15.1,45.6,25.9,79.8,0.0,0.0,0.0,0.0,0.0,0.0,Questionable,starter,2026-09-23T16:10:42+00:00
2026,3,401872961,00-0040488,Carter Runyon,LV,NO,TE,0.0,0.0,0.0,0.0,0.0,0.0,0.0,0.0,0.0,0.0,0.0,0.0,0.0,0.0,0.0,0.0,0.0,,backup,2026-09-23T16:10:42+00:00
2026,3,401872961,00-0035345,Chris Myarick,LV,NO,TE,0.0,0.0,0.0,0.0,0.0,0.0,-10.7,15.0,1.8,-15.3,30.6,0.0,0.0,0.0,0.0,0.0,0.0,,roster_only,2026-09-23T16:10:42+00:00
2026,3,401872961,00-0034365,Ian Thomas,LV,NO,TE,0.0,0.0,0.0,0.0,0.0,0.0,-10.8,14.9,6.8,-10.4,35.6,0.0,0.0,0.0,0.0,0.0,0.0,,backup,2026-09-23T16:10:42+00:00
2026,3,401872961,00-0039066,Michael Mayer,LV,NO,TE,0.0,0.0,0.0,0.0,0.0,0.0,-10.8,15.0,27.1,7.4,61.4,0.0,0.0,0.0,0.0,0.0,0.0,Active,backup,2026-09-23T16:10:42+00:00
2026,3,401872961,00-0041016,Patrick Gurd,LV,NO,TE,0.0,0.0,0.0,0.0,0.0,0.0,0.0,0.0,0.0,0.0,0.0,0.0,0.0,0.0,0.0,0.0,0.0,,roster_only,2026-09-23T16:10:42+00:00
2026,3,401872961,00-0041004,Chase Roberts,LV,NO,WR,0.0,0.0,0.0,0.0,0.0,0.1,-14.7,20.8,5.9,-16.7,46.5,0.0,0.0,0.0,0.0,0.0,0.0,,roster_only,2026-09-23T16:10:42+00:00
2026,3,401872961,00-0035891,Cody White,LV,NO,WR,0.0,0.0,0.0,0.0,0.0,0.0,-10.8,15.0,4.1,-13.1,32.9,0.0,0.0,0.0,0.0,0.0,0.0,Active,roster_only,2026-09-23T16:10:42+00:00
2026,3,401872961,00-0041005,Corey Rucker,LV,NO,WR,0.0,0.0,0.0,0.0,0.0,0.0,0.0,0.0,0.0,0.0,0.0,0.0,0.0,0.0,0.0,0.0,0.0,,backup,2026-09-23T16:10:42+00:00
2026,3,401872961,00-0037093,Dareke Young,LV,NO,WR,0.0,0.0,0.0,0.0,0.0,0.0,-10.7,15.0,3.7,-13.4,32.5,0.0,0.0,0.0,0.0,0.0,0.0,Questionable,backup,2026-09-23T16:10:42+00:00
2026,3,401872961,00-0037487,Deven Thompkins,LV,NO,WR,0.0,0.0,0.0,0.0,0.0,0.0,0.0,0.0,0.0,0.0,0.0,0.0,0.0,0.0,0.0,0.0,0.0,,roster_only,2026-09-23T16:10:42+00:00
2026,3,401872961,00-0040581,Dont'e Thornton Jr.,LV,NO,WR,0.0,0.0,0.0,0.0,0.0,0.0,0.0,0.0,0.0,0.0,0.0,0.0,0.0,0.0,0.0,0.0,0.0,,backup,2026-09-23T16:10:42+00:00
2026,3,401872961,00-0040729,Jack Bech,LV,NO,WR,0.0,0.0,0.0,0.0,0.0,0.0,-10.8,15.0,22.5,-4.2,71.7,0.0,0.0,0.0,0.0,0.0,0.0,Active,backup,2026-09-23T16:10:42+00:00
2026,3,401872961,00-0037291,Jalen Nailor,LV,NO,WR,0.0,0.0,0.0,0.0,0.0,0.0,-10.8,15.0,16.2,-1.0,45.0,0.0,0.0,0.0,0.0,0.0,0.0,Active,backup,2026-09-23T16:10:42+00:00
2026,3,401872961,00-0038590,Justin Shorter,LV,NO,WR,0.0,0.0,0.0,0.0,0.0,0.0,0.0,0.0,0.0,0.0,0.0,0.0,0.0,0.0,0.0,0.0,0.0,,backup,2026-09-23T16:10:42+00:00
2026,3,401872961,00-0040894,Malik Benson,LV,NO,WR,0.0,0.0,0.0,0.0,0.0,0.0,-14.7,20.7,5.5,-17.1,46.1,0.0,0.0,0.0,0.0,0.0,0.0,,backup,2026-09-23T16:10:42+00:00
2026,3,401872961,00-0038647,Ronnie Bell,LV,NO,WR,0.0,0.0,0.0,0.0,0.0,0.0,0.0,0.0,0.0,0.0,0.0,0.0,0.0,0.0,0.0,0.0,0.0,,roster_only,2026-09-23T16:10:42+00:00
2026,3,401872961,00-0038563,Tre Tucker,LV,NO,WR,0.0,0.0,0.0,0.0,0.0,1.6,-9.1,16.7,38.9,12.3,88.1,0.0,0.0,0.0,0.0,0.0,0.0,Active,starter,2026-09-23T16:10:42+00:00
2026,3,401872961,00-0040535,Dalys Beanum,NO,LV,DB,0.0,0.0,0.0,0.0,0.0,0.0,0.0,0.0,0.0,0.0,0.0,0.0,0.0,0.0,0.0,0.0,0.0,,roster_only,2026-09-23T16:10:42+00:00
2026,3,401872961,00-0035665,David Long,NO,LV,DB,0.0,0.0,0.0,0.0,0.0,0.0,0.0,0.0,0.0,0.0,0.0,0.0,0.0,0.0,0.0,0.0,0.0,,backup,2026-09-23T16:10:42+00:00
2026,3,401872961,00-0039357,Decamerion Richardson,NO,LV,DB,0.0,0.0,0.0,0.0,0.0,0.0,0.0,0.0,0.0,0.0,0.0,0.0,0.0,0.0,0.6,0.0,3.1,Active,backup,2026-09-23T16:10:42+00:00
2026,3,401872961,00-0039725,Jayden Price,NO,LV,DB,0.0,0.0,0.0,0.0,0.0,0.0,0.0,0.0,0.0,0.0,0.0,0.0,0.0,0.0,1.1,0.0,5.0,,backup,2026-09-23T16:10:42+00:00
2026,3,401872961,00-0040643,Jonas Sanker,NO,LV,DB,0.0,0.0,0.0,0.0,0.0,0.0,0.0,0.0,0.0,0.0,0.0,0.0,0.0,0.0,5.0,2.2,8.4,Active,starter,2026-09-23T16:10:42+00:00
2026,3,401872961,00-0038588,Jordan Howden,NO,LV,DB,0.0,0.0,0.0,0.0,0.0,0.0,0.0,0.0,0.0,0.0,0.0,0.0,0.0,0.0,1.4,0.0,4.9,,backup,2026-09-23T16:10:42+00:00
2026,3,401872961,00-0036253,Julian Blackmon,NO,LV,DB,0.0,0.0,0.0,0.0,0.0,0.0,0.0,0.0,0.0,0.0,0.0,0.0,0.0,0.0,4.6,1.9,8.1,,starter,2026-09-23T16:10:42+00:00
2026,3,401872961,00-0034361,Justin Reid,NO,LV,DB,0.0,0.0,0.0,0.0,0.0,0.0,0.0,0.0,0.0,0.0,0.0,0.0,0.0,0.0,5.3,3.1,8.0,,starter,2026-09-23T16:10:42+00:00
2026,3,401872961,00-0039860,Kool-Aid McKinstry,NO,LV,DB,0.0,0.0,0.0,0.0,0.0,0.0,0.0,0.0,0.0,0.0,0.0,0.0,0.0,0.0,4.1,1.4,7.6,,starter,2026-09-23T16:10:42+00:00
2026,3,401872961,00-0041089,Lorenzo Styles Jr.,NO,LV,DB,0.0,0.0,0.0,0.0,0.0,0.0,0.0,0.0,0.0,0.0,0.0,0.0,0.0,0.0,0.0,0.0,0.0,,backup,2026-09-23T16:10:42+00:00
2026,3,401872961,00-0037250,Martin Emerson,NO,LV,DB,0.0,0.0,0.0,0.0,0.0,0.0,0.0,0.0,0.0,0.0,0.0,0.0,0.0,0.0,2.8,0.2,6.4,Questionable,backup,2026-09-23T16:10:42+00:00
2026,3,401872961,00-0040293,Michael Reid,NO,LV,DB,0.0,0.0,0.0,0.0,0.0,0.0,0.0,0.0,0.0,0.0,0.0,0.0,0.0,0.0,1.4,0.0,5.3,,backup,2026-09-23T16:10:42+00:00
2026,3,401872961,00-0040166,Quincy Riley,NO,LV,DB,0.0,0.0,0.0,0.0,0.0,0.0,0.0,0.0,0.0,0.0,0.0,0.0,0.0,0.0,2.7,0.1,6.3,,starter,2026-09-23T16:10:42+00:00
2026,3,401872961,00-0038781,Rejzohn Wright,NO,LV,DB,0.0,0.0,0.0,0.0,0.0,0.0,0.0,0.0,0.0,0.0,0.0,0.0,0.0,0.0,0.0,0.0,0.0,,backup,2026-09-23T16:10:42+00:00
2026,3,401872961,00-0041114,TJ Hall,NO,LV,DB,0.0,0.0,0.0,0.0,0.0,0.0,0.0,0.0,0.0,0.0,0.0,0.0,0.0,0.0,0.0,0.0,0.0,,roster_only,2026-09-23T16:10:42+00:00
2026,3,401872961,00-0041591,Brien Taylor,NO,LV,DL,0.0,0.0,0.0,0.0,0.0,0.0,0.0,0.0,0.0,0.0,0.0,0.0,0.0,0.0,0.0,0.0,0.0,,roster_only,2026-09-23T16:10:42+00:00
2026,3,401872961,00-0038995,Bryan Bresee,NO,LV,DL,0.0,0.0,0.0,0.0,0.0,0.0,0.0,0.0,0.0,0.0,0.0,0.0,0.0,0.0,0.0,0.0,0.0,,backup,2026-09-23T16:10:42+00:00
2026,3,401872961,00-0041390,Christen Miller,NO,LV,DL,0.0,0.0,0.0,0.0,0.0,0.0,0.0,0.0,0.0,0.0,0.0,0.0,0.0,0.0,1.2,0.0,4.7,Questionable,backup,2026-09-23T16:10:42+00:00
2026,3,401872961,00-0038387,Colby Wooden,NO,LV,DL,0.0,0.0,0.0,0.0,0.0,0.0,0.0,0.0,0.0,0.0,0.0,0.0,0.0,0.0,2.4,0.5,4.9,,backup,2026-09-23T16:10:42+00:00
2026,3,401872961,00-0033860,Davon Godchaux,NO,LV,DL,0.0,0.0,0.0,0.0,0.0,0.0,0.0,0.0,0.0,0.0,0.0,0.0,0.0,0.0,1.8,0.0,4.3,,backup,2026-09-23T16:10:42+00:00
2026,3,401872961,00-0041335,Jay'Viar Suggs,NO,LV,DL,0.0,0.0,0.0,0.0,0.0,0.0,0.0,0.0,0.0,0.0,0.0,0.0,0.0,0.0,0.0,0.0,0.0,,roster_only,2026-09-23T16:10:42+00:00
2026,3,401872961,00-0037283,John Ridgeway,NO,LV,DL,0.0,0.0,0.0,0.0,0.0,0.0,0.0,0.0,0.0,0.0,0.0,0.0,0.0,0.0,1.4,0.0,3.9,Active,backup,2026-09-23T16:10:42+00:00
2026,3,401872961,00-0035944,Jonah Williams,NO,LV,DL,0.0,0.0,0.0,0.0,0.0,0.0,0.0,0.0,0.0,0.0,0.0,0.0,0.0,0.0,0.0,0.0,0.0,,roster_only,2026-09-23T16:10:42+00:00
2026,3,401872961,00-0041163,Kahlil Saunders,NO,LV,DL,0.0,0.0,0.0,0.0,0.0,0.0,0.0,0.0,0.0,0.0,0.0,0.0,0.0,0.0,0.0,0.0,0.0,,roster_only,2026-09-23T16:10:42+00:00
2026,3,401872961,00-0039401,Khristian Boyd,NO,LV,DL,0.0,0.0,0.0,0.0,0.0,0.0,0.0,0.0,0.0,0.0,0.0,0.0,0.0,0.0,1.1,0.0,3.6,,backup,2026-09-23T16:10:42+00:00
2026,3,401872961,00-0039425,Myles Cole,NO,LV,DL,0.0,0.0,0.0,0.0,0.0,0.0,0.0,0.0,0.0,0.0,0.0,0.0,0.0,0.0,0.0,0.0,0.0,,backup,2026-09-23T16:10:42+00:00
2026,3,401872961,00-0034760,Nathan Shepherd,NO,LV,DL,0.0,0.0,0.0,0.0,0.0,0.0,0.0,0.0,0.0,0.0,0.0,0.0,0.0,0.0,2.4,0.4,4.9,,starter,2026-09-23T16:10:42+00:00
2026,3,401872961,00-0040642,Vernon Broughton,NO,LV,DL,0.0,0.0,0.0,0.0,0.0,0.0,0.0,0.0,0.0,0.0,0.0,0.0,0.0,0.0,2.2,0.1,5.0,,starter,2026-09-23T16:10:42+00:00
2026,3,401872961,00-0039229,Charlie Smyth,NO,LV,K,0.0,0.0,0.0,0.0,0.0,0.0,0.0,0.0,0.0,0.0,0.0,0.0,0.0,0.0,0.0,0.0,0.0,,kicker_role,2026-09-23T16:10:42+00:00
2026,3,401872961,00-0034161,Daniel Carlson,NO,LV,K,0.0,0.0,0.0,0.0,0.0,0.0,0.0,0.0,0.0,0.0,0.0,7.6,2.9,13.0,0.0,0.0,0.0,Active,starter,2026-09-23T16:10:42+00:00
2026,3,401872961,00-0038354,Tanner Brown,NO,LV,K,0.0,0.0,0.0,0.0,0.0,0.0,0.0,0.0,0.0,0.0,0.0,0.0,0.0,0.0,0.0,0.0,0.0,,kicker_role,2026-09-23T16:10:42+00:00
2026,3,401872961,00-0036193,Anfernee Jennings,NO,LV,LB,0.0,0.0,0.0,0.0,0.0,0.0,0.0,0.0,0.0,0.0,0.0,0.0,0.0,0.0,2.7,0.8,5.2,,backup,2026-09-23T16:10:42+00:00
2026,3,401872961,00-0027962,Cameron Jordan,NO,LV,LB,0.0,0.0,0.0,0.0,0.0,0.0,0.0,0.0,0.0,0.0,0.0,0.0,0.0,0.0,2.1,0.2,4.7,Active,starter,2026-09-23T16:10:42+00:00
2026,3,401872961,00-0035402,Carl Granderson,NO,LV,LB,0.0,0.0,0.0,0.0,0.0,0.0,0.0,0.0,0.0,0.0,0.0,0.0,0.0,0.0,2.7,0.7,5.2,,starter,2026-09-23T16:10:42+00:00
2026,3,401872961,00-0036321,Chase Young,NO,LV,LB,0.0,0.0,0.0,0.0,0.0,0.0,0.0,0.0,0.0,0.0,0.0,0.0,0.0,0.0,2.5,0.6,5.0,Active,starter,2026-09-23T16:10:42+00:00
2026,3,401872961,00-0036867,Chris Rumph II,NO,LV,LB,0.0,0.0,0.0,0.0,0.0,0.0,0.0,0.0,0.0,0.0,0.0,0.0,0.0,0.0,1.6,0.0,4.1,,backup,2026-09-23T16:10:42+00:00
2026,3,401872961,00-0040155,Danny Stutsman,NO,LV,LB,0.0,0.0,0.0,0.0,0.0,0.0,0.0,0.0,0.0,0.0,0.0,0.0,0.0,0.0,2.9,0.9,5.4,,recent_defensive_participant,2026-09-23T16:10:42+00:00
2026,3,401872961,00-0040249,Fadil Diggs,NO,LV,LB,0.0,0.0,0.0,0.0,0.0,0.0,0.0,0.0,0.0,0.0,0.0,0.0,0.0,0.0,0.0,0.0,0.0,,roster_only,2026-09-23T16:10:42+00:00
2026,3,401872961,00-0038693,Garrett Nelson,NO,LV,LB,0.0,0.0,0.0,0.0,0.0,0.0,0.0,0.0,0.0,0.0,0.0,0.0,0.0,0.0,0.0,0.0,0.0,,roster_only,2026-09-23T16:10:42+00:00
2026,3,401872961,00-0039622,Isaiah Stalbird,NO,LV,LB,0.0,0.0,0.0,0.0,0.0,0.0,0.0,0.0,0.0,0.0,0.0,0.0,0.0,0.0,0.0,0.0,0.0,Questionable,roster_only,2026-09-23T16:10:42+00:00
2026,3,401872961,00-0039288,Jackson Sirmon,NO,LV,LB,0.0,0.0,0.0,0.0,0.0,0.0,0.0,0.0,0.0,0.0,0.0,0.0,0.0,0.0,0.0,0.0,0.0,,roster_only,2026-09-23T16:10:42+00:00
2026,3,401872961,00-0039388,Jaylan Ford,NO,LV,LB,0.0,0.0,0.0,0.0,0.0,0.0,0.0,0.0,0.0,0.0,0.0,0.0,0.0,0.0,0.0,0.0,0.0,,roster_only,2026-09-23T16:10:42+00:00
2026,3,401872961,00-0035316,Kaden Elliss,NO,LV,LB,0.0,0.0,0.0,0.0,0.0,0.0,0.0,0.0,0.0,0.0,0.0,0.0,0.0,0.0,5.7,2.8,9.7,Active,recent_defensive_participant,2026-09-23T16:10:42+00:00
2026,3,401872961,00-0041590,Malakai Williams,NO,LV,LB,0.0,0.0,0.0,0.0,0.0,0.0,0.0,0.0,0.0,0.0,0.0,0.0,0.0,0.0,0.0,0.0,0.0,,roster_only,2026-09-23T16:10:42+00:00
2026,3,401872961,00-0036927,Pete Werner,NO,LV,LB,0.0,0.0,0.0,0.0,0.0,0.0,0.0,0.0,0.0,0.0,0.0,0.0,0.0,0.0,3.2,1.2,5.6,Active,recent_defensive_participant,2026-09-23T16:10:42+00:00
2026,3,401872961,00-0038541,Tyree Wilson,NO,LV,LB,0.0,0.0,0.0,0.0,0.0,0.0,0.0,0.0,0.0,0.0,0.0,0.0,0.0,0.0,2.3,0.3,4.8,,backup,2026-09-23T16:10:42+00:00
2026,3,401872961,00-0040656,Hunter Dekkers,NO,LV,QB,0.0,0.0,0.0,0.0,0.0,0.0,0.0,0.0,0.0,0.0,0.0,0.0,0.0,0.0,0.0,0.0,0.0,,roster_only,2026-09-23T16:10:42+00:00
2026,3,401872961,00-0039376,Spencer Rattler,NO,LV,QB,0.0,0.0,0.0,0.0,0.0,10.1,-0.6,25.1,0.0,0.0,0.0,0.0,0.0,0.0,0.0,0.0,0.0,,backup,2026-09-23T16:10:42+00:00
2026,3,401872961,00-0040743,Tyler Shough,NO,LV,QB,203.2,109.7,309.4,1.188,0.6547619047619048,16.9,4.1,34.8,0.0,0.0,0.0,0.0,0.0,0.0,0.0,0.0,0.0,Active,starter,2026-09-23T16:10:42+00:00
2026,3,401872961,00-0037013,Zach Wilson,NO,LV,QB,0.0,0.0,0.0,0.0,0.0,5.2,-5.5,20.3,0.0,0.0,0.0,0.0,0.0,0.0,0.0,0.0,0.0,Active,backup,2026-09-23T16:10:42+00:00
2026,3,401872961,00-0033906,Alvin Kamara,NO,LV,RB,0.0,0.0,0.0,0.0,0.0,29.1,7.1,60.0,10.7,-6.5,39.5,0.0,0.0,0.0,0.0,0.0,0.0,Active,backup,2026-09-23T16:10:42+00:00
2026,3,401872961,00-0039373,Audric Estimé,NO,LV,RB,0.0,0.0,0.0,0.0,0.0,0.0,0.0,0.0,0.0,0.0,0.0,0.0,0.0,0.0,0.0,0.0,0.0,,roster_only,2026-09-23T16:10:42+00:00
2026,3,401872961,00-0041326,CJ Donaldson,NO,LV,RB,0.0,0.0,0.0,0.0,0.0,12.8,-17.4,55.3,3.2,-19.4,43.8,0.0,0.0,0.0,0.0,0.0,0.0,Active,backup,2026-09-23T16:10:42+00:00
2026,3,401872961,00-0040202,Devin Neal,NO,LV,RB,0.0,0.0,0.0,0.0,0.0,24.2,2.2,55.1,6.4,-10.7,35.2,0.0,0.0,0.0,0.0,0.0,0.0,,roster_only,2026-09-23T16:10:42+00:00
2026,3,401872961,00-0038551,Kendre Miller,NO,LV,RB,0.0,0.0,0.0,0.0,0.0,13.8,-8.2,44.7,1.4,-15.8,30.2,0.0,0.0,0.0,0.0,0.0,0.0,Active,backup,2026-09-23T16:10:42+00:00
2026,3,401872961,00-0036973,Travis Etienne,NO,LV,RB,0.0,0.0,0.0,0.0,0.0,44.1,22.1,75.1,17.1,-0.0,45.9,0.0,0.0,0.0,0.0,0.0,0.0,Active,starter,2026-09-23T16:10:42+00:00
2026,3,401872961,00-0037276,Ty Chandler,NO,LV,RB,0.0,0.0,0.0,0.0,0.0,0.0,0.0,0.0,0.0,0.0,0.0,0.0,0.0,0.0,0.0,0.0,0.0,,backup,2026-09-23T16:10:42+00:00
2026,3,401872961,00-0038040,Zamir White,NO,LV,RB,0.0,0.0,0.0,0.0,0.0,0.0,0.0,0.0,0.0,0.0,0.0,0.0,0.0,0.0,0.0,0.0,0.0,,roster_only,2026-09-23T16:10:42+00:00
2026,3,401872961,00-0041327,Cody Hardy,NO,LV,TE,0.0,0.0,0.0,0.0,0.0,0.0,0.0,0.0,0.0,0.0,0.0,0.0,0.0,0.0,0.0,0.0,0.0,,roster_only,2026-09-23T16:10:42+00:00
2026,3,401872961,00-0036040,Juwan Johnson,NO,LV,TE,0.0,0.0,0.0,0.0,0.0,0.0,-10.8,14.9,35.2,15.5,69.4,0.0,0.0,0.0,0.0,0.0,0.0,Active,starter,2026-09-23T16:10:42+00:00
2026,3,401872961,00-0040244,Moliki Matavao,NO,LV,TE,0.0,0.0,0.0,0.0,0.0,0.0,0.0,0.0,0.0,0.0,0.0,0.0,0.0,0.0,0.0,0.0,0.0,,backup,2026-09-23T16:10:42+00:00
2026,3,401872961,00-0035644,Noah Fant,NO,LV,TE,0.0,0.0,0.0,0.0,0.0,0.0,-10.8,14.9,10.7,-6.4,39.5,0.0,0.0,0.0,0.0,0.0,0.0,,backup,2026-09-23T16:10:42+00:00
2026,3,401872961,00-0041041,Oscar Delp,NO,LV,TE,0.0,0.0,0.0,0.0,0.0,0.0,-14.8,20.6,4.6,-18.1,45.1,0.0,0.0,0.0,0.0,0.0,0.0,Active,backup,2026-09-23T16:10:42+00:00
2026,3,401872961,00-0037475,Stone Smartt,NO,LV,TE,0.0,0.0,0.0,0.0,0.0,0.0,0.0,0.0,0.0,0.0,0.0,0.0,0.0,0.0,0.0,0.0,0.0,,roster_only,2026-09-23T16:10:42+00:00
2026,3,401872961,00-0039518,Treyton Welch,NO,LV,TE,0.0,0.0,0.0,0.0,0.0,0.0,-14.8,20.6,3.8,-18.9,44.3,0.0,0.0,0.0,0.0,0.0,0.0,,backup,2026-09-23T16:10:42+00:00
2026,3,401872961,00-0041099,Barion Brown,NO,LV,WR,0.0,0.0,0.0,0.0,0.0,0.4,-14.4,21.0,6.1,-16.5,46.7,0.0,0.0,0.0,0.0,0.0,0.0,,backup,2026-09-23T16:10:42+00:00
2026,3,401872961,00-0041451,Brock Rechsteiner,NO,LV,WR,0.0,0.0,0.0,0.0,0.0,0.0,0.0,0.0,0.0,0.0,0.0,0.0,0.0,0.0,0.0,0.0,0.0,,roster_only,2026-09-23T16:10:42+00:00
2026,3,401872961,00-0041067,Bryce Lance,NO,LV,WR,0.0,0.0,0.0,0.0,0.0,0.0,-14.8,20.6,6.2,-16.4,46.8,0.0,0.0,0.0,0.0,0.0,0.0,Active,backup,2026-09-23T16:10:42+00:00
2026,3,401872961,00-0038979,Cedric Tillman,NO,LV,WR,0.0,0.0,0.0,0.0,0.0,0.0,0.0,0.0,0.0,0.0,0.0,0.0,0.0,0.0,0.0,0.0,0.0,,roster_only,2026-09-23T16:10:42+00:00
2026,3,401872961,00-0037239,Chris Olave,NO,LV,WR,0.0,0.0,0.0,0.0,0.0,0.0,-10.8,14.9,65.2,38.5,114.4,0.0,0.0,0.0,0.0,0.0,0.0,Active,starter,2026-09-23T16:10:42+00:00
2026,3,401872961,00-0039424,Devaughn Vele,NO,LV,WR,0.0,0.0,0.0,0.0,0.0,0.0,-10.8,15.0,33.6,7.0,82.8,0.0,0.0,0.0,0.0,0.0,0.0,Active,backup,2026-09-23T16:10:42+00:00
2026,3,401872961,00-0039907,Ja'Lynn Polk,NO,LV,WR,0.0,0.0,0.0,0.0,0.0,0.0,-10.7,15.1,8.6,-8.5,37.5,0.0,0.0,0.0,0.0,0.0,0.0,,roster_only,2026-09-23T16:10:42+00:00
2026,3,401872961,00-0038740,Jalen Moreno-Cropper,NO,LV,WR,0.0,0.0,0.0,0.0,0.0,0.0,0.0,0.0,0.0,0.0,0.0,0.0,0.0,0.0,0.0,0.0,0.0,,roster_only,2026-09-23T16:10:42+00:00
2026,3,401872961,00-0041029,Jordyn Tyson,NO,LV,WR,0.0,0.0,0.0,0.0,0.0,0.0,0.0,0.0,0.0,0.0,0.0,0.0,0.0,0.0,0.0,0.0,0.0,,backup,2026-09-23T16:10:42+00:00
2026,3,401872961,00-0037231,Kevin Austin Jr.,NO,LV,WR,0.0,0.0,0.0,0.0,0.0,0.0,-10.8,15.0,24.2,-2.5,73.4,0.0,0.0,0.0,0.0,0.0,0.0,,roster_only,2026-09-23T16:10:42+00:00
2026,3,401872961,00-0040633,Kyrese Rowan,NO,LV,WR,0.0,0.0,0.0,0.0,0.0,0.0,0.0,0.0,0.0,0.0,0.0,0.0,0.0,0.0,0.0,0.0,0.0,,roster_only,2026-09-23T16:10:42+00:00
2026,3,401872961,00-0039623,Mason Tipton,NO,LV,WR,0.0,0.0,0.0,0.0,0.0,0.0,0.0,0.0,0.0,0.0,0.0,0.0,0.0,0.0,0.0,0.0,0.0,,backup,2026-09-23T16:10:42+00:00
2026,3,401872961,00-0039052,Trey Palmer,NO,LV,WR,0.0,0.0,0.0,0.0,0.0,0.0,0.0,0.0,0.0,0.0,0.0,0.0,0.0,0.0,0.0,0.0,0.0,,roster_only,2026-09-23T16:10:42+00:00
2026,3,401872962,00-0036221,Brandon Jones,DEN,LAR,DB,0.0,0.0,0.0,0.0,0.0,0.0,0.0,0.0,0.0,0.0,0.0,0.0,0.0,0.0,4.9,2.2,8.3,Active,starter,2026-09-23T16:10:42+00:00
2026,3,401872962,00-0041289,Brent Austin,DEN,LAR,DB,0.0,0.0,0.0,0.0,0.0,0.0,0.0,0.0,0.0,0.0,0.0,0.0,0.0,0.0,0.0,0.0,0.0,,roster_only,2026-09-23T16:10:42+00:00
2026,3,401872962,00-0036683,Devon Key,DEN,LAR,DB,0.0,0.0,0.0,0.0,0.0,0.0,0.0,0.0,0.0,0.0,0.0,0.0,0.0,0.0,1.0,0.0,3.5,,backup,2026-09-23T16:10:42+00:00
2026,3,401872962,00-0038605,JL Skinner,DEN,LAR,DB,0.0,0.0,0.0,0.0,0.0,0.0,0.0,0.0,0.0,0.0,0.0,0.0,0.0,0.0,0.6,0.0,3.1,,backup,2026-09-23T16:10:42+00:00
2026,3,401872962,00-0037384,Ja'Quan McMillian,DEN,LAR,DB,0.0,0.0,0.0,0.0,0.0,0.0,0.0,0.0,0.0,0.0,0.0,0.0,0.0,0.0,3.6,1.4,6.3,,starter,2026-09-23T16:10:42+00:00
2026,3,401872962,00-0040720,Jahdae Barron,DEN,LAR,DB,0.0,0.0,0.0,0.0,0.0,0.0,0.0,0.0,0.0,0.0,0.0,0.0,0.0,0.0,2.2,0.2,4.7,,backup,2026-09-23T16:10:42+00:00
2026,3,401872962,00-0039371,Kris Abrams-Draine,DEN,LAR,DB,0.0,0.0,0.0,0.0,0.0,0.0,0.0,0.0,0.0,0.0,0.0,0.0,0.0,0.0,0.8,0.0,3.3,,backup,2026-09-23T16:10:42+00:00
2026,3,401872962,00-0041130,Miles Scott,DEN,LAR,DB,0.0,0.0,0.0,0.0,0.0,0.0,0.0,0.0,0.0,0.0,0.0,0.0,0.0,0.0,0.0,0.0,0.0,,roster_only,2026-09-23T16:10:42+00:00
2026,3,401872962,00-0041298,Parker Robertson,DEN,LAR,DB,0.0,0.0,0.0,0.0,0.0,0.0,0.0,0.0,0.0,0.0,0.0,0.0,0.0,0.0,0.0,0.0,0.0,,roster_only,2026-09-23T16:10:42+00:00
2026,3,401872962,00-0036874,Pat Surtain II,DEN,LAR,DB,0.0,0.0,0.0,0.0,0.0,0.0,0.0,0.0,0.0,0.0,0.0,0.0,0.0,0.0,3.3,0.7,6.8,,starter,2026-09-23T16:10:42+00:00
2026,3,401872962,00-0041589,Ricardo Hallman,DEN,LAR,DB,0.0,0.0,0.0,0.0,0.0,0.0,0.0,0.0,0.0,0.0,0.0,0.0,0.0,0.0,0.0,0.0,0.0,,roster_only,2026-09-23T16:10:42+00:00
2026,3,401872962,00-0038552,Riley Moss,DEN,LAR,DB,0.0,0.0,0.0,0.0,0.0,0.0,0.0,0.0,0.0,0.0,0.0,0.0,0.0,0.0,5.2,2.5,8.7,Active,starter,2026-09-23T16:10:42+00:00
2026,3,401872962,00-0040679,Sean Fresch,DEN,LAR,DB,0.0,0.0,0.0,0.0,0.0,0.0,0.0,0.0,0.0,0.0,0.0,0.0,0.0,0.0,0.0,0.0,0.0,,roster_only,2026-09-23T16:10:42+00:00
2026,3,401872962,00-0036564,Talanoa Hufanga,DEN,LAR,DB,0.0,0.0,0.0,0.0,0.0,0.0,0.0,0.0,0.0,0.0,0.0,0.0,0.0,0.0,5.4,2.6,8.8,Active,starter,2026-09-23T16:10:42+00:00
2026,3,401872962,00-0035663,Taylor Rapp,DEN,LAR,DB,0.0,0.0,0.0,0.0,0.0,0.0,0.0,0.0,0.0,0.0,0.0,0.0,0.0,0.0,0.0,0.0,0.0,,roster_only,2026-09-23T16:10:42+00:00
2026,3,401872962,00-0037752,Tycen Anderson,DEN,LAR,DB,0.0,0.0,0.0,0.0,0.0,0.0,0.0,0.0,0.0,0.0,0.0,0.0,0.0,0.0,1.8,0.0,4.2,,backup,2026-09-23T16:10:42+00:00
2026,3,401872962,00-0033297,D.J. Jones,DEN,LAR,DL,0.0,0.0,0.0,0.0,0.0,0.0,0.0,0.0,0.0,0.0,0.0,0.0,0.0,0.0,2.2,0.3,4.7,,starter,2026-09-23T16:10:42+00:00
2026,3,401872962,00-0039177,David Agoha,DEN,LAR,DL,0.0,0.0,0.0,0.0,0.0,0.0,0.0,0.0,0.0,0.0,0.0,0.0,0.0,0.0,0.0,0.0,0.0,,roster_only,2026-09-23T16:10:42+00:00
2026,3,401872962,00-0038106,Eyioma Uwazurike,DEN,LAR,DL,0.0,0.0,0.0,0.0,0.0,0.0,0.0,0.0,0.0,0.0,0.0,0.0,0.0,0.0,1.9,0.0,4.5,,starter,2026-09-23T16:10:42+00:00
2026,3,401872962,00-0037230,Israel Antwine,DEN,LAR,DL,0.0,0.0,0.0,0.0,0.0,0.0,0.0,0.0,0.0,0.0,0.0,0.0,0.0,0.0,0.0,0.0,0.0,,roster_only,2026-09-23T16:10:42+00:00
2026,3,401872962,00-0037294,Jordan Jackson,DEN,LAR,DL,0.0,0.0,0.0,0.0,0.0,0.0,0.0,0.0,0.0,0.0,0.0,0.0,0.0,0.0,1.0,0.0,3.5,,backup,2026-09-23T16:10:42+00:00
2026,3,401872962,00-0040454,Kristian Williams,DEN,LAR,DL,0.0,0.0,0.0,0.0,0.0,0.0,0.0,0.0,0.0,0.0,0.0,0.0,0.0,0.0,0.0,0.0,0.0,,roster_only,2026-09-23T16:10:42+00:00
2026,3,401872962,00-0035763,Malcolm Roach,DEN,LAR,DL,0.0,0.0,0.0,0.0,0.0,0.0,0.0,0.0,0.0,0.0,0.0,0.0,0.0,0.0,2.1,0.2,4.6,,backup,2026-09-23T16:10:42+00:00
2026,3,401872962,00-0037303,Matt Henningsen,DEN,LAR,DL,0.0,0.0,0.0,0.0,0.0,0.0,0.0,0.0,0.0,0.0,0.0,0.0,0.0,0.0,0.0,0.0,0.0,,backup,2026-09-23T16:10:42+00:00
2026,3,401872962,00-0040153,Sai'vion Jones,DEN,LAR,DL,0.0,0.0,0.0,0.0,0.0,0.0,0.0,0.0,0.0,0.0,0.0,0.0,0.0,0.0,1.0,0.0,4.5,,backup,2026-09-23T16:10:42+00:00
2026,3,401872962,00-0041552,Tyler Onyedim,DEN,LAR,DL,0.0,0.0,0.0,0.0,0.0,0.0,0.0,0.0,0.0,0.0,0.0,0.0,0.0,0.0,1.2,0.0,4.7,,backup,2026-09-23T16:10:42+00:00
2026,3,401872962,00-0035248,Zach Allen,DEN,LAR,DL,0.0,0.0,0.0,0.0,0.0,0.0,0.0,0.0,0.0,0.0,0.0,0.0,0.0,0.0,2.1,0.0,4.9,Active,starter,2026-09-23T16:10:42+00:00
2026,3,401872962,00-0032569,Wil Lutz,DEN,LAR,K,0.0,0.0,0.0,0.0,0.0,0.0,0.0,0.0,0.0,0.0,0.0,7.6,2.5,13.4,0.0,0.0,0.0,Active,starter,2026-09-23T16:10:42+00:00
2026,3,401872962,00-0031898,Alex Singleton,DEN,LAR,LB,0.0,0.0,0.0,0.0,0.0,0.0,0.0,0.0,0.0,0.0,0.0,0.0,0.0,0.0,7.3,5.0,12.0,Active,recent_defensive_participant,2026-09-23T16:10:42+00:00
2026,3,401872962,00-0041295,Dasan McCullough,DEN,LAR,LB,0.0,0.0,0.0,0.0,0.0,0.0,0.0,0.0,0.0,0.0,0.0,0.0,0.0,0.0,0.0,0.0,0.0,,roster_only,2026-09-23T16:10:42+00:00
2026,3,401872962,00-0037799,Dondrea Tillman,DEN,LAR,LB,0.0,0.0,0.0,0.0,0.0,0.0,0.0,0.0,0.0,0.0,0.0,0.0,0.0,0.0,1.9,0.0,4.4,,backup,2026-09-23T16:10:42+00:00
2026,3,401872962,00-0039003,Drew Sanders,DEN,LAR,LB,0.0,0.0,0.0,0.0,0.0,0.0,0.0,0.0,0.0,0.0,0.0,0.0,0.0,0.0,0.0,0.0,0.0,,roster_only,2026-09-23T16:10:42+00:00
2026,3,401872962,00-0040452,Johnny Walker Jr.,DEN,LAR,LB,0.0,0.0,0.0,0.0,0.0,0.0,0.0,0.0,0.0,0.0,0.0,0.0,0.0,0.0,0.0,0.0,0.0,,roster_only,2026-09-23T16:10:42+00:00
2026,3,401872962,00-0039809,Jonah Elliss,DEN,LAR,LB,0.0,0.0,0.0,0.0,0.0,0.0,0.0,0.0,0.0,0.0,0.0,0.0,0.0,0.0,2.1,0.2,4.6,,starter,2026-09-23T16:10:42+00:00
2026,3,401872962,00-0036952,Jonathon Cooper,DEN,LAR,LB,0.0,0.0,0.0,0.0,0.0,0.0,0.0,0.0,0.0,0.0,0.0,0.0,0.0,0.0,0.0,0.0,0.0,Out,backup,2026-09-23T16:10:42+00:00
2026,3,401872962,00-0040634,Jordan Turner,DEN,LAR,LB,0.0,0.0,0.0,0.0,0.0,0.0,0.0,0.0,0.0,0.0,0.0,0.0,0.0,0.0,1.0,0.0,3.7,,recent_defensive_participant,2026-09-23T16:10:42+00:00
2026,3,401872962,00-0036428,Justin Strnad,DEN,LAR,LB,0.0,0.0,0.0,0.0,0.0,0.0,0.0,0.0,0.0,0.0,0.0,0.0,0.0,0.0,3.5,1.5,5.9,,recent_defensive_participant,2026-09-23T16:10:42+00:00
2026,3,401872962,00-0040449,Karene Reid,DEN,LAR,LB,0.0,0.0,0.0,0.0,0.0,0.0,0.0,0.0,0.0,0.0,0.0,0.0,0.0,0.0,0.0,0.0,0.0,,roster_only,2026-09-23T16:10:42+00:00
2026,3,401872962,00-0039565,Levelle Bailey,DEN,LAR,LB,0.0,0.0,0.0,0.0,0.0,0.0,0.0,0.0,0.0,0.0,0.0,0.0,0.0,0.0,0.0,0.0,0.0,,roster_only,2026-09-23T16:10:42+00:00
2026,3,401872962,00-0037249,Nik Bonitto,DEN,LAR,LB,0.0,0.0,0.0,0.0,0.0,0.0,0.0,0.0,0.0,0.0,0.0,0.0,0.0,0.0,2.3,0.4,4.8,,starter,2026-09-23T16:10:42+00:00
2026,3,401872962,00-0040168,Que Robinson,DEN,LAR,LB,0.0,0.0,0.0,0.0,0.0,0.0,0.0,0.0,0.0,0.0,0.0,0.0,0.0,0.0,1.9,0.0,4.4,,backup,2026-09-23T16:10:42+00:00
2026,3,401872962,00-0041134,Red Murdock,DEN,LAR,LB,0.0,0.0,0.0,0.0,0.0,0.0,0.0,0.0,0.0,0.0,0.0,0.0,0.0,0.0,0.0,0.0,0.0,,roster_only,2026-09-23T16:10:42+00:00
2026,3,401872962,00-0039548,Ron Stone Jr.,DEN,LAR,LB,0.0,0.0,0.0,0.0,0.0,0.0,0.0,0.0,0.0,0.0,0.0,0.0,0.0,0.0,0.0,0.0,0.0,,roster_only,2026-09-23T16:10:42+00:00
2026,3,401872962,00-0041301,Taurean York,DEN,LAR,LB,0.0,0.0,0.0,0.0,0.0,0.0,0.0,0.0,0.0,0.0,0.0,0.0,0.0,0.0,0.0,0.0,0.0,,roster_only,2026-09-23T16:10:42+00:00
2026,3,401872962,00-0039732,Bo Nix,DEN,LAR,QB,219.9,126.4,326.1,1.599,0.8125,16.4,3.7,34.4,0.0,0.0,0.0,0.0,0.0,0.0,0.0,0.0,0.0,Active,starter,2026-09-23T16:10:42+00:00
2026,3,401872962,00-0035264,Jarrett Stidham,DEN,LAR,QB,0.0,0.0,0.0,0.0,0.0,4.2,-6.5,19.3,0.0,0.0,0.0,0.0,0.0,0.0,0.0,0.0,0.0,Active,backup,2026-09-23T16:10:42+00:00
2026,3,401872962,00-0036879,Sam Ehlinger,DEN,LAR,QB,0.0,0.0,0.0,0.0,0.0,8.3,-4.5,26.3,0.0,0.0,0.0,0.0,0.0,0.0,0.0,0.0,0.0,,backup,2026-09-23T16:10:42+00:00
2026,3,401872962,00-0036727,Adam Prentice,DEN,LAR,RB,0.0,0.0,0.0,0.0,0.0,1.6,-9.1,16.7,3.9,-13.3,32.7,0.0,0.0,0.0,0.0,0.0,0.0,,roster_only,2026-09-23T16:10:42+00:00
2026,3,401872962,00-0039703,Cody Schrader,DEN,LAR,RB,0.0,0.0,0.0,0.0,0.0,0.0,0.0,0.0,0.0,0.0,0.0,0.0,0.0,0.0,0.0,0.0,0.0,,roster_only,2026-09-23T16:10:42+00:00
2026,3,401872962,00-0036158,J.K. Dobbins,DEN,LAR,RB,0.0,0.0,0.0,0.0,0.0,48.3,26.3,79.3,6.4,-10.8,35.2,0.0,0.0,0.0,0.0,0.0,0.0,Questionable,starter,2026-09-23T16:10:42+00:00
2026,3,401872962,00-0041496,Jonah Coleman,DEN,LAR,RB,0.0,0.0,0.0,0.0,0.0,12.8,-17.5,55.3,4.3,-18.4,44.8,0.0,0.0,0.0,0.0,0.0,0.0,Active,backup,2026-09-23T16:10:42+00:00
2026,3,401872962,00-0040730,RJ Harvey,DEN,LAR,RB,0.0,0.0,0.0,0.0,0.0,33.3,11.3,64.2,19.7,2.5,48.5,0.0,0.0,0.0,0.0,0.0,0.0,Questionable,backup,2026-09-23T16:10:42+00:00
2026,3,401872962,00-0037085,Tyler Badie,DEN,LAR,RB,0.0,0.0,0.0,0.0,0.0,2.0,-8.7,17.0,5.6,-11.6,34.4,0.0,0.0,0.0,0.0,0.0,0.0,Active,backup,2026-09-23T16:10:42+00:00
2026,3,401872962,00-0036422,Adam Trautman,DEN,LAR,TE,0.0,0.0,0.0,0.0,0.0,0.0,-10.8,14.9,13.9,-3.3,42.7,0.0,0.0,0.0,0.0,0.0,0.0,Active,backup,2026-09-23T16:10:42+00:00
2026,3,401872962,00-0040240,Caleb Lohner,DEN,LAR,TE,0.0,0.0,0.0,0.0,0.0,0.0,0.0,0.0,0.0,0.0,0.0,0.0,0.0,0.0,0.0,0.0,0.0,,backup,2026-09-23T16:10:42+00:00
2026,3,401872962,00-0041133,Dallen Bentley,DEN,LAR,TE,0.0,0.0,0.0,0.0,0.0,0.0,-14.8,20.6,4.5,-18.1,45.1,0.0,0.0,0.0,0.0,0.0,0.0,,backup,2026-09-23T16:10:42+00:00
2026,3,401872962,00-0033881,Evan Engram,DEN,LAR,TE,0.0,0.0,0.0,0.0,0.0,0.0,-10.8,14.9,22.6,5.4,51.4,0.0,0.0,0.0,0.0,0.0,0.0,Active,starter,2026-09-23T16:10:42+00:00
2026,3,401872962,00-0037539,Lucas Krull,DEN,LAR,TE,0.0,0.0,0.0,0.0,0.0,0.0,0.0,0.0,0.0,0.0,0.0,0.0,0.0,0.0,0.0,0.0,0.0,,roster_only,2026-09-23T16:10:42+00:00
2026,3,401872962,00-0038783,Nate Adkins,DEN,LAR,TE,0.0,0.0,0.0,0.0,0.0,0.5,-10.3,15.5,5.6,-11.6,34.4,0.0,0.0,0.0,0.0,0.0,0.0,Active,backup,2026-09-23T16:10:42+00:00
2026,3,401872962,00-0041299,Cameron Ross,DEN,LAR,WR,0.0,0.0,0.0,0.0,0.0,0.0,0.0,0.0,0.0,0.0,0.0,0.0,0.0,0.0,0.0,0.0,0.0,,roster_only,2026-09-23T16:10:42+00:00
2026,3,401872962,00-0034348,Courtland Sutton,DEN,LAR,WR,0.0,0.0,0.0,0.0,0.0,0.0,-10.8,15.0,55.5,28.8,104.6,0.0,0.0,0.0,0.0,0.0,0.0,Active,backup,2026-09-23T16:10:42+00:00
2026,3,401872962,00-0041293,Dane Key,DEN,LAR,WR,0.0,0.0,0.0,0.0,0.0,0.0,0.0,0.0,0.0,0.0,0.0,0.0,0.0,0.0,0.0,0.0,0.0,,roster_only,2026-09-23T16:10:42+00:00
2026,3,401872962,00-0036613,Jaylen Waddle,DEN,LAR,WR,0.0,0.0,0.0,0.0,0.0,0.3,-10.4,15.4,26.7,0.1,75.9,0.0,0.0,0.0,0.0,0.0,0.0,Active,starter,2026-09-23T16:10:42+00:00
2026,3,401872962,00-0041294,Joseph Manjack,DEN,LAR,WR,0.0,0.0,0.0,0.0,0.0,0.0,0.0,0.0,0.0,0.0,0.0,0.0,0.0,0.0,0.0,0.0,0.0,,roster_only,2026-09-23T16:10:42+00:00
2026,3,401872962,00-0041292,Kolbe Katsis,DEN,LAR,WR,0.0,0.0,0.0,0.0,0.0,0.0,0.0,0.0,0.0,0.0,0.0,0.0,0.0,0.0,0.0,0.0,0.0,,roster_only,2026-09-23T16:10:42+00:00
2026,3,401872962,00-0035406,Lil'Jordan Humphrey,DEN,LAR,WR,0.0,0.0,0.0,0.0,0.0,0.0,-10.8,15.0,17.0,-0.2,45.8,0.0,0.0,0.0,0.0,0.0,0.0,Active,backup,2026-09-23T16:10:42+00:00
2026,3,401872962,00-0038976,Marvin Mims Jr.,DEN,LAR,WR,0.0,0.0,0.0,0.0,0.0,1.3,-9.5,16.3,15.6,-11.0,64.8,0.0,0.0,0.0,0.0,0.0,0.0,Questionable,backup,2026-09-23T16:10:42+00:00
2026,3,401872962,00-0036959,Michael Bandy,DEN,LAR,WR,0.0,0.0,0.0,0.0,0.0,0.0,0.0,0.0,0.0,0.0,0.0,0.0,0.0,0.0,0.0,0.0,0.0,,roster_only,2026-09-23T16:10:42+00:00
2026,3,401872962,00-0040134,Pat Bryant,DEN,LAR,WR,0.0,0.0,0.0,0.0,0.0,1.2,-9.5,16.3,25.9,-0.8,75.1,0.0,0.0,0.0,0.0,0.0,0.0,Active,backup,2026-09-23T16:10:42+00:00
2026,3,401872962,00-0039868,Troy Franklin,DEN,LAR,WR,0.0,0.0,0.0,0.0,0.0,0.6,-10.1,15.6,23.7,-2.9,72.9,0.0,0.0,0.0,0.0,0.0,0.0,Active,backup,2026-09-23T16:10:42+00:00
2026,3,401872962,00-0041417,"Al'zillion ""AZ"" Hamilton",LAR,DEN,DB,0.0,0.0,0.0,0.0,0.0,0.0,0.0,0.0,0.0,0.0,0.0,0.0,0.0,0.0,0.0,0.0,0.0,,roster_only,2026-09-23T16:10:42+00:00
2026,3,401872962,00-0038475,Alex Cook,LAR,DEN,DB,0.0,0.0,0.0,0.0,0.0,0.0,0.0,0.0,0.0,0.0,0.0,0.0,0.0,0.0,0.0,0.0,0.0,,roster_only,2026-09-23T16:10:42+00:00
2026,3,401872962,00-0039506,Alex Johnson,LAR,DEN,DB,0.0,0.0,0.0,0.0,0.0,0.0,0.0,0.0,0.0,0.0,0.0,0.0,0.0,0.0,0.0,0.0,0.0,,roster_only,2026-09-23T16:10:42+00:00
2026,3,401872962,00-0039780,Cam Lampkin,LAR,DEN,DB,0.0,0.0,0.0,0.0,0.0,0.0,0.0,0.0,0.0,0.0,0.0,0.0,0.0,0.0,0.0,0.0,0.0,,roster_only,2026-09-23T16:10:42+00:00
2026,3,401872962,00-0039151,Emmanuel Forbes,LAR,DEN,DB,0.0,0.0,0.0,0.0,0.0,0.0,0.0,0.0,0.0,0.0,0.0,0.0,0.0,0.0,3.0,0.4,6.5,,backup,2026-09-23T16:10:42+00:00
2026,3,401872962,00-0039776,Jaylen McCollough,LAR,DEN,DB,0.0,0.0,0.0,0.0,0.0,0.0,0.0,0.0,0.0,0.0,0.0,0.0,0.0,0.0,3.4,0.8,6.9,,backup,2026-09-23T16:10:42+00:00
2026,3,401872962,00-0037195,Jaylen Watson,LAR,DEN,DB,0.0,0.0,0.0,0.0,0.0,0.0,0.0,0.0,0.0,0.0,0.0,0.0,0.0,0.0,3.7,1.0,7.2,,starter,2026-09-23T16:10:42+00:00
2026,3,401872962,00-0039772,Josh Wallace,LAR,DEN,DB,0.0,0.0,0.0,0.0,0.0,0.0,0.0,0.0,0.0,0.0,0.0,0.0,0.0,0.0,2.9,0.8,5.7,,backup,2026-09-23T16:10:42+00:00
2026,3,401872962,00-0036349,Kam Curl,LAR,DEN,DB,0.0,0.0,0.0,0.0,0.0,0.0,0.0,0.0,0.0,0.0,0.0,0.0,0.0,0.0,5.9,3.2,9.4,Active,starter,2026-09-23T16:10:42+00:00
2026,3,401872962,00-0039834,Kamren Kinchens,LAR,DEN,DB,0.0,0.0,0.0,0.0,0.0,0.0,0.0,0.0,0.0,0.0,0.0,0.0,0.0,0.0,4.2,2.0,6.9,Questionable,starter,2026-09-23T16:10:42+00:00
2026,3,401872962,00-0040600,Nate Valcarcel,LAR,DEN,DB,0.0,0.0,0.0,0.0,0.0,0.0,0.0,0.0,0.0,0.0,0.0,0.0,0.0,0.0,0.0,0.0,0.0,,roster_only,2026-09-23T16:10:42+00:00
2026,3,401872962,00-0041413,Nick Andersen,LAR,DEN,DB,0.0,0.0,0.0,0.0,0.0,0.0,0.0,0.0,0.0,0.0,0.0,0.0,0.0,0.0,0.0,0.0,0.0,,roster_only,2026-09-23T16:10:42+00:00
2026,3,401872962,00-0041416,Nyzier Fourqurean,LAR,DEN,DB,0.0,0.0,0.0,0.0,0.0,0.0,0.0,0.0,0.0,0.0,0.0,0.0,0.0,0.0,0.0,0.0,0.0,,roster_only,2026-09-23T16:10:42+00:00
2026,3,401872962,00-0037841,Quentin Lake,LAR,DEN,DB,0.0,0.0,0.0,0.0,0.0,0.0,0.0,0.0,0.0,0.0,0.0,0.0,0.0,0.0,4.8,2.1,8.3,Active,starter,2026-09-23T16:10:42+00:00
2026,3,401872962,00-0038655,Steven Gilmore,LAR,DEN,DB,0.0,0.0,0.0,0.0,0.0,0.0,0.0,0.0,0.0,0.0,0.0,0.0,0.0,0.0,0.0,0.0,0.0,,roster_only,2026-09-23T16:10:42+00:00
2026,3,401872962,00-0038366,Tanner Ingle,LAR,DEN,DB,0.0,0.0,0.0,0.0,0.0,0.0,0.0,0.0,0.0,0.0,0.0,0.0,0.0,0.0,0.7,0.0,3.4,,backup,2026-09-23T16:10:42+00:00
2026,3,401872962,00-0037191,Trent McDuffie,LAR,DEN,DB,0.0,0.0,0.0,0.0,0.0,0.0,0.0,0.0,0.0,0.0,0.0,0.0,0.0,0.0,3.2,1.1,6.0,,starter,2026-09-23T16:10:42+00:00
2026,3,401872962,00-0036917,Zech McPhearson,LAR,DEN,DB,0.0,0.0,0.0,0.0,0.0,0.0,0.0,0.0,0.0,0.0,0.0,0.0,0.0,0.0,0.0,0.0,0.0,,roster_only,2026-09-23T16:10:42+00:00
2026,3,401872962,00-0031388,Aaron Donald,LAR,DEN,DL,0.0,0.0,0.0,0.0,0.0,0.0,0.0,0.0,0.0,0.0,0.0,0.0,0.0,0.0,1.3,0.0,4.9,Active,starter,2026-09-23T16:10:42+00:00
2026,3,401872962,00-0040595,Bill Norton,LAR,DEN,DL,0.0,0.0,0.0,0.0,0.0,0.0,0.0,0.0,0.0,0.0,0.0,0.0,0.0,0.0,0.0,0.0,0.0,,roster_only,2026-09-23T16:10:42+00:00
2026,3,401872962,00-0039734,Braden Fiske,LAR,DEN,DL,0.0,0.0,0.0,0.0,0.0,0.0,0.0,0.0,0.0,0.0,0.0,0.0,0.0,0.0,1.2,0.0,3.7,,backup,2026-09-23T16:10:42+00:00
2026,3,401872962,00-0041428,Jaxson Moi,LAR,DEN,DL,0.0,0.0,0.0,0.0,0.0,0.0,0.0,0.0,0.0,0.0,0.0,0.0,0.0,0.0,0.0,0.0,0.0,,roster_only,2026-09-23T16:10:42+00:00
2026,3,401872962,00-0039138,Kobie Turner,LAR,DEN,DL,0.0,0.0,0.0,0.0,0.0,0.0,0.0,0.0,0.0,0.0,0.0,0.0,0.0,0.0,2.7,0.6,5.5,,starter,2026-09-23T16:10:42+00:00
2026,3,401872962,00-0036237,Larrell Murchison,LAR,DEN,DL,0.0,0.0,0.0,0.0,0.0,0.0,0.0,0.0,0.0,0.0,0.0,0.0,0.0,0.0,0.0,0.0,0.0,,roster_only,2026-09-23T16:10:42+00:00
2026,3,401872962,00-0041423,Payton Zdroik,LAR,DEN,DL,0.0,0.0,0.0,0.0,0.0,0.0,0.0,0.0,0.0,0.0,0.0,0.0,0.0,0.0,0.0,0.0,0.0,,roster_only,2026-09-23T16:10:42+00:00
2026,3,401872962,00-0034234,Poona Ford,LAR,DEN,DL,0.0,0.0,0.0,0.0,0.0,0.0,0.0,0.0,0.0,0.0,0.0,0.0,0.0,0.0,2.2,0.2,4.7,,starter,2026-09-23T16:10:42+00:00
2026,3,401872962,00-0040585,Ty Hamilton,LAR,DEN,DL,0.0,0.0,0.0,0.0,0.0,0.0,0.0,0.0,0.0,0.0,0.0,0.0,0.0,0.0,0.9,0.0,3.3,,backup,2026-09-23T16:10:42+00:00
2026,3,401872962,00-0039749,Tyler Davis,LAR,DEN,DL,0.0,0.0,0.0,0.0,0.0,0.0,0.0,0.0,0.0,0.0,0.0,0.0,0.0,0.0,2.1,0.2,4.6,,backup,2026-09-23T16:10:42+00:00
2026,3,401872962,00-0039498,Harrison Mevis,LAR,DEN,K,0.0,0.0,0.0,0.0,0.0,0.0,0.0,0.0,0.0,0.0,0.0,8.0,3.5,13.2,0.0,0.0,0.0,Active,starter,2026-09-23T16:10:42+00:00
2026,3,401872962,00-0039137,Byron Young,LAR,DEN,LB,0.0,0.0,0.0,0.0,0.0,0.0,0.0,0.0,0.0,0.0,0.0,0.0,0.0,0.0,3.7,0.7,7.7,,starter,2026-09-23T16:10:42+00:00
2026,3,401872962,00-0041587,Daniel Rickert,LAR,DEN,LB,0.0,0.0,0.0,0.0,0.0,0.0,0.0,0.0,0.0,0.0,0.0,0.0,0.0,0.0,0.0,0.0,0.0,,backup,2026-09-23T16:10:42+00:00
2026,3,401872962,00-0041421,Darryl Peterson III,LAR,DEN,LB,0.0,0.0,0.0,0.0,0.0,0.0,0.0,0.0,0.0,0.0,0.0,0.0,0.0,0.0,0.0,0.0,0.0,,roster_only,2026-09-23T16:10:42+00:00
2026,3,401872962,00-0039061,Desjuan Johnson,LAR,DEN,LB,0.0,0.0,0.0,0.0,0.0,0.0,0.0,0.0,0.0,0.0,0.0,0.0,0.0,0.0,1.9,0.0,4.4,,starter,2026-09-23T16:10:42+00:00
2026,3,401872962,00-0040971,Devean Deal,LAR,DEN,LB,0.0,0.0,0.0,0.0,0.0,0.0,0.0,0.0,0.0,0.0,0.0,0.0,0.0,0.0,0.0,0.0,0.0,,roster_only,2026-09-23T16:10:42+00:00
2026,3,401872962,00-0041429,Eddie Walls III,LAR,DEN,LB,0.0,0.0,0.0,0.0,0.0,0.0,0.0,0.0,0.0,0.0,0.0,0.0,0.0,0.0,0.0,0.0,0.0,,backup,2026-09-23T16:10:42+00:00
2026,3,401872962,00-0039775,Elias Neal,LAR,DEN,LB,0.0,0.0,0.0,0.0,0.0,0.0,0.0,0.0,0.0,0.0,0.0,0.0,0.0,0.0,0.0,0.0,0.0,,roster_only,2026-09-23T16:10:42+00:00
2026,3,401872962,00-0036672,Grant Stuard,LAR,DEN,LB,0.0,0.0,0.0,0.0,0.0,0.0,0.0,0.0,0.0,0.0,0.0,0.0,0.0,0.0,0.0,0.0,0.0,,roster_only,2026-09-23T16:10:42+00:00
2026,3,401872962,00-0039944,Jamie Sheriff,LAR,DEN,LB,0.0,0.0,0.0,0.0,0.0,0.0,0.0,0.0,0.0,0.0,0.0,0.0,0.0,0.0,0.0,0.0,0.0,,roster_only,2026-09-23T16:10:42+00:00
2026,3,401872962,00-0040580,Josaiah Stewart,LAR,DEN,LB,0.0,0.0,0.0,0.0,0.0,0.0,0.0,0.0,0.0,0.0,0.0,0.0,0.0,0.0,1.4,0.0,3.9,,backup,2026-09-23T16:10:42+00:00
2026,3,401872962,00-0037057,Keir Thomas,LAR,DEN,LB,0.0,0.0,0.0,0.0,0.0,0.0,0.0,0.0,0.0,0.0,0.0,0.0,0.0,0.0,0.0,0.0,0.0,,backup,2026-09-23T16:10:42+00:00
2026,3,401872962,00-0033868,Myles Garrett,LAR,DEN,LB,0.0,0.0,0.0,0.0,0.0,0.0,0.0,0.0,0.0,0.0,0.0,0.0,0.0,0.0,0.0,0.0,0.0,Injured Reserve,backup,2026-09-23T16:10:42+00:00
2026,3,401872962,00-0037587,Nate Landman,LAR,DEN,LB,0.0,0.0,0.0,0.0,0.0,0.0,0.0,0.0,0.0,0.0,0.0,0.0,0.0,0.0,6.3,3.3,10.3,Active,recent_defensive_participant,2026-09-23T16:10:42+00:00
2026,3,401872962,00-0041419,Nikhai Hill-Green,LAR,DEN,LB,0.0,0.0,0.0,0.0,0.0,0.0,0.0,0.0,0.0,0.0,0.0,0.0,0.0,0.0,0.0,0.0,0.0,,roster_only,2026-09-23T16:10:42+00:00
2026,3,401872962,00-0039774,Omar Speights,LAR,DEN,LB,0.0,0.0,0.0,0.0,0.0,0.0,0.0,0.0,0.0,0.0,0.0,0.0,0.0,0.0,4.8,1.8,8.8,Active,recent_defensive_participant,2026-09-23T16:10:42+00:00
2026,3,401872962,00-0040613,Shaun Dolac,LAR,DEN,LB,0.0,0.0,0.0,0.0,0.0,0.0,0.0,0.0,0.0,0.0,0.0,0.0,0.0,0.0,0.8,0.0,3.3,,recent_defensive_participant,2026-09-23T16:10:42+00:00
2026,3,401872962,00-0041404,Wesley Bailey,LAR,DEN,LB,0.0,0.0,0.0,0.0,0.0,0.0,0.0,0.0,0.0,0.0,0.0,0.0,0.0,0.0,1.7,0.0,5.2,,backup,2026-09-23T16:10:42+00:00
2026,3,401872962,00-0041414,Matthew Caldwell,LAR,DEN,QB,0.0,0.0,0.0,0.0,0.0,0.0,0.0,0.0,0.0,0.0,0.0,0.0,0.0,0.0,0.0,0.0,0.0,,backup,2026-09-23T16:10:42+00:00
2026,3,401872962,00-0026498,Matthew Stafford,LAR,DEN,QB,255.6,162.1,361.8,1.766,0.8255035091384328,2.4,-8.3,17.4,0.0,0.0,0.0,0.0,0.0,0.0,0.0,0.0,0.0,Active,starter,2026-09-23T16:10:42+00:00
2026,3,401872962,00-0039107,Stetson Bennett,LAR,DEN,QB,0.0,0.0,0.0,0.0,0.0,8.6,-9.0,33.2,0.0,0.0,0.0,0.0,0.0,0.0,0.0,0.0,0.0,,backup,2026-09-23T16:10:42+00:00
2026,3,401872962,00-0041568,Ty Simpson,LAR,DEN,QB,0.0,0.0,0.0,0.0,0.0,8.5,-9.1,33.1,0.0,0.0,0.0,0.0,0.0,0.0,0.0,0.0,0.0,Active,backup,2026-09-23T16:10:42+00:00
2026,3,401872962,00-0039738,Blake Corum,LAR,DEN,RB,0.0,0.0,0.0,0.0,0.0,31.2,9.2,62.1,3.8,-13.4,32.6,0.0,0.0,0.0,0.0,0.0,0.0,Active,backup,2026-09-23T16:10:42+00:00
2026,3,401872962,00-0041415,Dean Connors,LAR,DEN,RB,0.0,0.0,0.0,0.0,0.0,0.0,0.0,0.0,0.0,0.0,0.0,0.0,0.0,0.0,0.0,0.0,0.0,,roster_only,2026-09-23T16:10:42+00:00
2026,3,401872962,00-0040601,Jordan Waters,LAR,DEN,RB,0.0,0.0,0.0,0.0,0.0,0.0,0.0,0.0,0.0,0.0,0.0,0.0,0.0,0.0,0.0,0.0,0.0,,roster_only,2026-09-23T16:10:42+00:00
2026,3,401872962,00-0037840,Kyren Williams,LAR,DEN,RB,0.0,0.0,0.0,0.0,0.0,54.4,32.4,85.3,15.9,-1.2,44.7,0.0,0.0,0.0,0.0,0.0,0.0,Active,starter,2026-09-23T16:10:42+00:00
2026,3,401872962,00-0037557,Ronnie Rivers,LAR,DEN,RB,0.0,0.0,0.0,0.0,0.0,7.2,-3.5,22.3,1.3,-15.9,30.1,0.0,0.0,0.0,0.0,0.0,0.0,Questionable,backup,2026-09-23T16:10:42+00:00
2026,3,401872962,00-0036244,Colby Parkinson,LAR,DEN,TE,0.0,0.0,0.0,0.0,0.0,0.0,-10.8,14.9,26.7,7.0,60.9,0.0,0.0,0.0,0.0,0.0,0.0,Active,starter,2026-09-23T16:10:42+00:00
2026,3,401872962,00-0041422,Dan Villari,LAR,DEN,TE,0.0,0.0,0.0,0.0,0.0,0.0,0.0,0.0,0.0,0.0,0.0,0.0,0.0,0.0,0.0,0.0,0.0,,roster_only,2026-09-23T16:10:42+00:00
2026,3,401872962,00-0039074,Davis Allen,LAR,DEN,TE,0.0,0.0,0.0,0.0,0.0,0.0,-10.8,14.9,12.5,-4.7,41.3,0.0,0.0,0.0,0.0,0.0,0.0,Active,backup,2026-09-23T16:10:42+00:00
2026,3,401872962,00-0041510,Max Klare,LAR,DEN,TE,0.0,0.0,0.0,0.0,0.0,0.0,-14.8,20.6,4.2,-18.4,44.8,0.0,0.0,0.0,0.0,0.0,0.0,,backup,2026-09-23T16:10:42+00:00
2026,3,401872962,00-0041403,Rohan Jones,LAR,DEN,TE,0.0,0.0,0.0,0.0,0.0,0.0,0.0,0.0,0.0,0.0,0.0,0.0,0.0,0.0,0.0,0.0,0.0,,roster_only,2026-09-23T16:10:42+00:00
2026,3,401872962,00-0040737,Terrance Ferguson,LAR,DEN,TE,0.0,0.0,0.0,0.0,0.0,0.0,-10.8,15.0,18.3,1.2,47.1,0.0,0.0,0.0,0.0,0.0,0.0,Active,backup,2026-09-23T16:10:42+00:00
2026,3,401872962,00-0033110,Tyler Higbee,LAR,DEN,TE,0.0,0.0,0.0,0.0,0.0,0.0,-10.8,14.9,16.2,-0.9,45.0,0.0,0.0,0.0,0.0,0.0,0.0,Active,backup,2026-09-23T16:10:42+00:00
2026,3,401872962,00-0035602,Alex Bachman,LAR,DEN,WR,0.0,0.0,0.0,0.0,0.0,0.0,0.0,0.0,0.0,0.0,0.0,0.0,0.0,0.0,0.0,0.0,0.0,,roster_only,2026-09-23T16:10:42+00:00
2026,3,401872962,00-0040597,Brennan Presley,LAR,DEN,WR,0.0,0.0,0.0,0.0,0.0,0.0,0.0,0.0,0.0,0.0,0.0,0.0,0.0,0.0,0.0,0.0,0.0,,roster_only,2026-09-23T16:10:42+00:00
2026,3,401872962,00-0041399,CJ Daniels,LAR,DEN,WR,0.0,0.0,0.0,0.0,0.0,0.0,-14.7,20.7,7.2,-15.4,47.8,0.0,0.0,0.0,0.0,0.0,0.0,Active,backup,2026-09-23T16:10:42+00:00
2026,3,401872962,00-0031381,Davante Adams,LAR,DEN,WR,0.0,0.0,0.0,0.0,0.0,0.0,-10.8,14.9,48.1,21.4,97.3,0.0,0.0,0.0,0.0,0.0,0.0,Active,backup,2026-09-23T16:10:42+00:00
2026,3,401872962,00-0039751,Jordan Whittington,LAR,DEN,WR,0.0,0.0,0.0,0.0,0.0,0.0,-10.8,15.0,5.5,-11.7,34.3,0.0,0.0,0.0,0.0,0.0,0.0,Questionable,backup,2026-09-23T16:10:42+00:00
2026,3,401872962,00-0040590,Konata Mumpfield,LAR,DEN,WR,0.0,0.0,0.0,0.0,0.0,0.0,-10.8,15.0,17.0,-9.7,66.2,0.0,0.0,0.0,0.0,0.0,0.0,Active,backup,2026-09-23T16:10:42+00:00
2026,3,401872962,00-0039075,Puka Nacua,LAR,DEN,WR,0.0,0.0,0.0,0.0,0.0,0.9,-9.8,16.0,60.8,34.1,110.0,0.0,0.0,0.0,0.0,0.0,0.0,Questionable,starter,2026-09-23T16:10:42+00:00
2026,3,401872962,00-0040609,Tru Edwards,LAR,DEN,WR,0.0,0.0,0.0,0.0,0.0,0.0,0.0,0.0,0.0,0.0,0.0,0.0,0.0,0.0,0.0,0.0,0.0,,roster_only,2026-09-23T16:10:42+00:00
2026,3,401872962,00-0036849,Tutu Atwell,LAR,DEN,WR,0.0,0.0,0.0,0.0,0.0,0.0,-10.7,15.0,9.5,-7.6,38.3,0.0,0.0,0.0,0.0,0.0,0.0,Active,backup,2026-09-23T16:10:42+00:00
2026,3,401872962,00-0038941,Tyler Scott,LAR,DEN,WR,0.0,0.0,0.0,0.0,0.0,0.0,0.0,0.0,0.0,0.0,0.0,0.0,0.0,0.0,0.0,0.0,0.0,,roster_only,2026-09-23T16:10:42+00:00
2026,3,401872962,00-0038359,Xavier Smith,LAR,DEN,WR,0.0,0.0,0.0,0.0,0.0,0.0,-10.8,15.0,19.2,2.0,48.0,0.0,0.0,0.0,0.0,0.0,0.0,Active,backup,2026-09-23T16:10:42+00:00
2026,3,401872963,00-0038411,Anthony Johnson,CHI,PHI,DB,0.0,0.0,0.0,0.0,0.0,0.0,0.0,0.0,0.0,0.0,0.0,0.0,0.0,0.0,0.0,0.0,0.0,Out,roster_only,2026-09-23T16:10:42+00:00
2026,3,401872963,00-0039454,Beanie Bishop,CHI,PHI,DB,0.0,0.0,0.0,0.0,0.0,0.0,0.0,0.0,0.0,0.0,0.0,0.0,0.0,0.0,0.0,0.0,0.0,,roster_only,2026-09-23T16:10:42+00:00
2026,3,401872963,00-0035357,Cam Lewis,CHI,PHI,DB,0.0,0.0,0.0,0.0,0.0,0.0,0.0,0.0,0.0,0.0,0.0,0.0,0.0,0.0,4.4,2.1,7.0,,starter,2026-09-23T16:10:42+00:00
2026,3,401872963,00-0038568,Clark Phillips III,CHI,PHI,DB,0.0,0.0,0.0,0.0,0.0,0.0,0.0,0.0,0.0,0.0,0.0,0.0,0.0,0.0,0.8,0.0,3.5,,backup,2026-09-23T16:10:42+00:00
2026,3,401872963,00-0038136,Coby Bryant,CHI,PHI,DB,0.0,0.0,0.0,0.0,0.0,0.0,0.0,0.0,0.0,0.0,0.0,0.0,0.0,0.0,0.0,0.0,0.0,,backup,2026-09-23T16:10:42+00:00
2026,3,401872963,00-0037395,Dallis Flowers,CHI,PHI,DB,0.0,0.0,0.0,0.0,0.0,0.0,0.0,0.0,0.0,0.0,0.0,0.0,0.0,0.0,0.0,0.0,0.0,,backup,2026-09-23T16:10:42+00:00
2026,3,401872963,00-0039378,Deantre Prince,CHI,PHI,DB,0.0,0.0,0.0,0.0,0.0,0.0,0.0,0.0,0.0,0.0,0.0,0.0,0.0,0.0,0.0,0.0,0.0,,roster_only,2026-09-23T16:10:42+00:00
2026,3,401872963,00-0041538,Dillon Thieneman,CHI,PHI,DB,0.0,0.0,0.0,0.0,0.0,0.0,0.0,0.0,0.0,0.0,0.0,0.0,0.0,0.0,3.1,0.3,7.0,,starter,2026-09-23T16:10:42+00:00
2026,3,401872963,00-0040550,Dontae Manning,CHI,PHI,DB,0.0,0.0,0.0,0.0,0.0,0.0,0.0,0.0,0.0,0.0,0.0,0.0,0.0,0.0,0.0,0.0,0.0,,roster_only,2026-09-23T16:10:42+00:00
2026,3,401872963,00-0037096,Elijah Hicks,CHI,PHI,DB,0.0,0.0,0.0,0.0,0.0,0.0,0.0,0.0,0.0,0.0,0.0,0.0,0.0,0.0,1.2,0.0,3.7,,backup,2026-09-23T16:10:42+00:00
2026,3,401872963,00-0036292,Jaylon Johnson,CHI,PHI,DB,0.0,0.0,0.0,0.0,0.0,0.0,0.0,0.0,0.0,0.0,0.0,0.0,0.0,0.0,2.6,0.5,5.4,,starter,2026-09-23T16:10:42+00:00
2026,3,401872963,00-0037129,Josh Blackwell,CHI,PHI,DB,0.0,0.0,0.0,0.0,0.0,0.0,0.0,0.0,0.0,0.0,0.0,0.0,0.0,0.0,0.7,0.0,3.1,,backup,2026-09-23T16:10:42+00:00
2026,3,401872963,00-0038696,Keidron Smith,CHI,PHI,DB,0.0,0.0,0.0,0.0,0.0,0.0,0.0,0.0,0.0,0.0,0.0,0.0,0.0,0.0,0.0,0.0,0.0,,roster_only,2026-09-23T16:10:42+00:00
2026,3,401872963,00-0038111,Kyler Gordon,CHI,PHI,DB,0.0,0.0,0.0,0.0,0.0,0.0,0.0,0.0,0.0,0.0,0.0,0.0,0.0,0.0,0.0,0.0,0.0,,backup,2026-09-23T16:10:42+00:00
2026,3,401872963,00-0041060,Malik Muhammad,CHI,PHI,DB,0.0,0.0,0.0,0.0,0.0,0.0,0.0,0.0,0.0,0.0,0.0,0.0,0.0,0.0,2.2,0.0,6.2,Active,backup,2026-09-23T16:10:42+00:00
2026,3,401872963,00-0041021,Marlen Sewell,CHI,PHI,DB,0.0,0.0,0.0,0.0,0.0,0.0,0.0,0.0,0.0,0.0,0.0,0.0,0.0,0.0,0.0,0.0,0.0,,roster_only,2026-09-23T16:10:42+00:00
2026,3,401872963,00-0036589,Nick McCloud,CHI,PHI,DB,0.0,0.0,0.0,0.0,0.0,0.0,0.0,0.0,0.0,0.0,0.0,0.0,0.0,0.0,0.0,0.0,0.0,,roster_only,2026-09-23T16:10:42+00:00
2026,3,401872963,00-0041175,Skyler Thomas,CHI,PHI,DB,0.0,0.0,0.0,0.0,0.0,0.0,0.0,0.0,0.0,0.0,0.0,0.0,0.0,0.0,2.3,0.0,6.2,,backup,2026-09-23T16:10:42+00:00
2026,3,401872963,00-0039071,Tyrique Stevenson,CHI,PHI,DB,0.0,0.0,0.0,0.0,0.0,0.0,0.0,0.0,0.0,0.0,0.0,0.0,0.0,0.0,3.0,1.1,5.5,Questionable,starter,2026-09-23T16:10:42+00:00
2026,3,401872963,00-0041300,William Wright,CHI,PHI,DB,0.0,0.0,0.0,0.0,0.0,0.0,0.0,0.0,0.0,0.0,0.0,0.0,0.0,0.0,0.0,0.0,0.0,,roster_only,2026-09-23T16:10:42+00:00
2026,3,401872963,00-0033579,Xavier Woods,CHI,PHI,DB,0.0,0.0,0.0,0.0,0.0,0.0,0.0,0.0,0.0,0.0,0.0,0.0,0.0,0.0,2.7,0.6,5.5,Active,starter,2026-09-23T16:10:42+00:00
2026,3,401872963,00-0039840,Austin Booker,CHI,PHI,DL,0.0,0.0,0.0,0.0,0.0,0.0,0.0,0.0,0.0,0.0,0.0,0.0,0.0,0.0,3.0,0.8,5.7,,backup,2026-09-23T16:10:42+00:00
2026,3,401872963,00-0037843,Daniel Hardy,CHI,PHI,DL,0.0,0.0,0.0,0.0,0.0,0.0,0.0,0.0,0.0,0.0,0.0,0.0,0.0,0.0,0.7,0.0,3.2,,backup,2026-09-23T16:10:42+00:00
2026,3,401872963,00-0036480,Dayo Odeyingbo,CHI,PHI,DL,0.0,0.0,0.0,0.0,0.0,0.0,0.0,0.0,0.0,0.0,0.0,0.0,0.0,0.0,2.0,0.0,4.8,Active,backup,2026-09-23T16:10:42+00:00
2026,3,401872963,00-0031583,Grady Jarrett,CHI,PHI,DL,0.0,0.0,0.0,0.0,0.0,0.0,0.0,0.0,0.0,0.0,0.0,0.0,0.0,0.0,2.9,1.0,5.4,,starter,2026-09-23T16:10:42+00:00
2026,3,401872963,00-0036337,James Lynch,CHI,PHI,DL,0.0,0.0,0.0,0.0,0.0,0.0,0.0,0.0,0.0,0.0,0.0,0.0,0.0,0.0,1.1,0.0,3.5,,starter,2026-09-23T16:10:42+00:00
2026,3,401872963,00-0039461,Jamree Kromah,CHI,PHI,DL,0.0,0.0,0.0,0.0,0.0,0.0,0.0,0.0,0.0,0.0,0.0,0.0,0.0,0.0,1.0,0.0,4.5,Active,backup,2026-09-23T16:10:42+00:00
2026,3,401872963,00-0041171,Jayden Loving,CHI,PHI,DL,0.0,0.0,0.0,0.0,0.0,0.0,0.0,0.0,0.0,0.0,0.0,0.0,0.0,0.0,1.2,0.0,4.7,Active,backup,2026-09-23T16:10:42+00:00
2026,3,401872963,00-0038716,Jeremiah Martin,CHI,PHI,DL,0.0,0.0,0.0,0.0,0.0,0.0,0.0,0.0,0.0,0.0,0.0,0.0,0.0,0.0,0.0,0.0,0.0,,roster_only,2026-09-23T16:10:42+00:00
2026,3,401872963,00-0041110,Jordan van den Berg,CHI,PHI,DL,0.0,0.0,0.0,0.0,0.0,0.0,0.0,0.0,0.0,0.0,0.0,0.0,0.0,0.0,1.2,0.0,4.7,,backup,2026-09-23T16:10:42+00:00
2026,3,401872963,00-0034320,Kentavius Street,CHI,PHI,DL,0.0,0.0,0.0,0.0,0.0,0.0,0.0,0.0,0.0,0.0,0.0,0.0,0.0,0.0,1.9,0.0,4.5,,starter,2026-09-23T16:10:42+00:00
2026,3,401872963,00-0034344,Marcus Davenport,CHI,PHI,DL,0.0,0.0,0.0,0.0,0.0,0.0,0.0,0.0,0.0,0.0,0.0,0.0,0.0,0.0,0.0,0.0,0.0,,roster_only,2026-09-23T16:10:42+00:00
2026,3,401872963,00-0035647,Montez Sweat,CHI,PHI,DL,0.0,0.0,0.0,0.0,0.0,0.0,0.0,0.0,0.0,0.0,0.0,0.0,0.0,0.0,2.4,0.4,4.9,,starter,2026-09-23T16:10:42+00:00
2026,3,401872963,00-0036366,Neville Gallimore,CHI,PHI,DL,0.0,0.0,0.0,0.0,0.0,0.0,0.0,0.0,0.0,0.0,0.0,0.0,0.0,0.0,1.7,0.0,4.2,Active,backup,2026-09-23T16:10:42+00:00
2026,3,401872963,00-0040741,Shemar Turner,CHI,PHI,DL,0.0,0.0,0.0,0.0,0.0,0.0,0.0,0.0,0.0,0.0,0.0,0.0,0.0,0.0,0.0,0.0,0.0,,backup,2026-09-23T16:10:42+00:00
2026,3,401872963,00-0031203,Cairo Santos,CHI,PHI,K,0.0,0.0,0.0,0.0,0.0,0.0,0.0,0.0,0.0,0.0,0.0,7.6,3.0,12.8,0.0,0.0,0.0,Active,starter,2026-09-23T16:10:42+00:00
2026,3,401872963,00-0039587,Antonio Grier Jr.,CHI,PHI,LB,0.0,0.0,0.0,0.0,0.0,0.0,0.0,0.0,0.0,0.0,0.0,0.0,0.0,0.0,0.0,0.0,0.0,,roster_only,2026-09-23T16:10:42+00:00
2026,3,401872963,00-0036870,Buddy Johnson,CHI,PHI,LB,0.0,0.0,0.0,0.0,0.0,0.0,0.0,0.0,0.0,0.0,0.0,0.0,0.0,0.0,0.0,0.0,0.0,,roster_only,2026-09-23T16:10:42+00:00
2026,3,401872963,00-0037271,D'Marco Jackson,CHI,PHI,LB,0.0,0.0,0.0,0.0,0.0,0.0,0.0,0.0,0.0,0.0,0.0,0.0,0.0,0.0,1.1,0.0,3.6,,starter,2026-09-23T16:10:42+00:00
2026,3,401872963,00-0035525,Devin Bush,CHI,PHI,LB,0.0,0.0,0.0,0.0,0.0,0.0,0.0,0.0,0.0,0.0,0.0,0.0,0.0,0.0,6.8,3.9,10.9,Active,starter,2026-09-23T16:10:42+00:00
2026,3,401872963,00-0037109,Jack Sanborn,CHI,PHI,LB,0.0,0.0,0.0,0.0,0.0,0.0,0.0,0.0,0.0,0.0,0.0,0.0,0.0,0.0,1.4,0.0,3.9,,backup,2026-09-23T16:10:42+00:00
2026,3,401872963,00-0036239,Jonathan Garvin,CHI,PHI,LB,0.0,0.0,0.0,0.0,0.0,0.0,0.0,0.0,0.0,0.0,0.0,0.0,0.0,0.0,0.0,0.0,0.0,,backup,2026-09-23T16:10:42+00:00
2026,3,401872963,00-0041085,Keyshaun Elliott,CHI,PHI,LB,0.0,0.0,0.0,0.0,0.0,0.0,0.0,0.0,0.0,0.0,0.0,0.0,0.0,0.0,1.6,0.0,5.1,,backup,2026-09-23T16:10:42+00:00
2026,3,401872963,00-0037544,Nephi Sewell,CHI,PHI,LB,0.0,0.0,0.0,0.0,0.0,0.0,0.0,0.0,0.0,0.0,0.0,0.0,0.0,0.0,0.0,0.0,0.0,,backup,2026-09-23T16:10:42+00:00
2026,3,401872963,00-0038390,Noah Sewell,CHI,PHI,LB,0.0,0.0,0.0,0.0,0.0,0.0,0.0,0.0,0.0,0.0,0.0,0.0,0.0,0.0,0.0,0.0,0.0,,backup,2026-09-23T16:10:42+00:00
2026,3,401872963,00-0040167,Ruben Hyppolite II,CHI,PHI,LB,0.0,0.0,0.0,0.0,0.0,0.0,0.0,0.0,0.0,0.0,0.0,0.0,0.0,0.0,0.0,0.0,0.0,,backup,2026-09-23T16:10:42+00:00
2026,3,401872963,00-0035386,T.J. Edwards,CHI,PHI,LB,0.0,0.0,0.0,0.0,0.0,0.0,0.0,0.0,0.0,0.0,0.0,0.0,0.0,0.0,7.2,4.8,11.8,Active,starter,2026-09-23T16:10:42+00:00
2026,3,401872963,00-0036634,Tony Fields II,CHI,PHI,LB,0.0,0.0,0.0,0.0,0.0,0.0,0.0,0.0,0.0,0.0,0.0,0.0,0.0,0.0,0.0,0.0,0.0,,backup,2026-09-23T16:10:42+00:00
2026,3,401872963,00-0041408,Wayne Matthews II,CHI,PHI,LB,0.0,0.0,0.0,0.0,0.0,0.0,0.0,0.0,0.0,0.0,0.0,0.0,0.0,0.0,0.0,0.0,0.0,,roster_only,2026-09-23T16:10:42+00:00
2026,3,401872963,00-0039918,Caleb Williams,CHI,PHI,QB,197.9,104.4,304.1,1.574,0.8125,21.8,9.0,39.7,0.0,0.0,0.0,0.0,0.0,0.0,0.0,0.0,0.0,Doubtful,starter,2026-09-23T16:10:42+00:00
2026,3,401872963,00-0028986,Case Keenum,CHI,PHI,QB,0.0,0.0,0.0,0.0,0.0,5.8,-4.9,20.8,0.0,0.0,0.0,0.0,0.0,0.0,0.0,0.0,0.0,Active,backup,2026-09-23T16:10:42+00:00
2026,3,401872963,00-0041172,Miller Moss,CHI,PHI,QB,0.0,0.0,0.0,0.0,0.0,9.2,-8.4,33.9,0.0,0.0,0.0,0.0,0.0,0.0,0.0,0.0,0.0,,roster_only,2026-09-23T16:10:42+00:00
2026,3,401872963,00-0038416,Tyson Bagent,CHI,PHI,QB,0.0,0.0,0.0,0.0,0.0,3.7,-7.0,18.8,0.0,0.0,0.0,0.0,0.0,0.0,0.0,0.0,0.0,Questionable,backup,2026-09-23T16:10:42+00:00
2026,3,401872963,00-0037329,Brittain Brown,CHI,PHI,RB,0.0,0.0,0.0,0.0,0.0,0.0,0.0,0.0,0.0,0.0,0.0,0.0,0.0,0.0,0.0,0.0,0.0,,backup,2026-09-23T16:10:42+00:00
2026,3,401872963,00-0036275,D'Andre Swift,CHI,PHI,RB,0.0,0.0,0.0,0.0,0.0,56.3,34.3,87.3,15.3,-1.8,44.1,0.0,0.0,0.0,0.0,0.0,0.0,Active,starter,2026-09-23T16:10:42+00:00
2026,3,401872963,00-0040236,Kyle Monangai,CHI,PHI,RB,0.0,0.0,0.0,0.0,0.0,44.2,22.2,75.1,11.5,-5.6,40.3,0.0,0.0,0.0,0.0,0.0,0.0,Active,backup,2026-09-23T16:10:42+00:00
2026,3,401872963,00-0039021,Roschon Johnson,CHI,PHI,RB,0.0,0.0,0.0,0.0,0.0,2.8,-7.9,17.9,0.4,-16.7,29.3,0.0,0.0,0.0,0.0,0.0,0.0,,backup,2026-09-23T16:10:42+00:00
2026,3,401872963,00-0036020,Salvon Ahmed,CHI,PHI,RB,0.0,0.0,0.0,0.0,0.0,0.0,0.0,0.0,0.0,0.0,0.0,0.0,0.0,0.0,0.0,0.0,0.0,,roster_only,2026-09-23T16:10:42+00:00
2026,3,401872963,00-0038440,Zavier Scott,CHI,PHI,RB,0.0,0.0,0.0,0.0,0.0,0.0,0.0,0.0,0.0,0.0,0.0,0.0,0.0,0.0,0.0,0.0,0.0,,roster_only,2026-09-23T16:10:42+00:00
2026,3,401872963,00-0036290,Cole Kmet,CHI,PHI,TE,0.0,0.0,0.0,0.0,0.0,0.0,-10.8,15.0,19.3,2.1,48.1,0.0,0.0,0.0,0.0,0.0,0.0,Active,backup,2026-09-23T16:10:42+00:00
2026,3,401872963,00-0040126,Colston Loveland,CHI,PHI,TE,0.0,0.0,0.0,0.0,0.0,0.0,-10.8,15.0,34.9,15.2,69.2,0.0,0.0,0.0,0.0,0.0,0.0,Active,starter,2026-09-23T16:10:42+00:00
2026,3,401872963,00-0041170,Hayden Large,CHI,PHI,TE,0.0,0.0,0.0,0.0,0.0,0.0,0.0,0.0,0.0,0.0,0.0,0.0,0.0,0.0,0.0,0.0,0.0,,backup,2026-09-23T16:10:42+00:00
2026,3,401872963,00-0037031,Nikola Kalinic,CHI,PHI,TE,0.0,0.0,0.0,0.0,0.0,0.0,0.0,0.0,0.0,0.0,0.0,0.0,0.0,0.0,0.0,0.0,0.0,,backup,2026-09-23T16:10:42+00:00
2026,3,401872963,00-0039843,Qadir Ismail,CHI,PHI,TE,0.0,0.0,0.0,0.0,0.0,0.0,0.0,0.0,0.0,0.0,0.0,0.0,0.0,0.0,0.0,0.0,0.0,,roster_only,2026-09-23T16:10:42+00:00
2026,3,401872963,00-0041558,Sam Roush,CHI,PHI,TE,0.0,0.0,0.0,0.0,0.0,0.0,-14.8,20.6,4.2,-18.5,44.7,0.0,0.0,0.0,0.0,0.0,0.0,Active,backup,2026-09-23T16:10:42+00:00
2026,3,401872963,00-0035039,Stephen Carlson,CHI,PHI,TE,0.0,0.0,0.0,0.0,0.0,0.0,0.0,0.0,0.0,0.0,0.0,0.0,0.0,0.0,0.0,0.0,0.0,,roster_only,2026-09-23T16:10:42+00:00
2026,3,401872963,00-0040275,JP Richardson,CHI,PHI,WR,0.0,0.0,0.0,0.0,0.0,0.0,0.0,0.0,0.0,0.0,0.0,0.0,0.0,0.0,0.0,0.0,0.0,,roster_only,2026-09-23T16:10:42+00:00
2026,3,401872963,00-0040277,Jahdae Walker,CHI,PHI,WR,0.0,0.0,0.0,0.0,0.0,0.0,-10.8,15.0,13.1,-4.0,41.9,0.0,0.0,0.0,0.0,0.0,0.0,,backup,2026-09-23T16:10:42+00:00
2026,3,401872963,00-0037380,Kaden Davis,CHI,PHI,WR,0.0,0.0,0.0,0.0,0.0,0.0,-11.8,16.5,3.0,-15.6,34.9,0.0,0.0,0.0,0.0,0.0,0.0,,roster_only,2026-09-23T16:10:42+00:00
2026,3,401872963,00-0032464,Kalif Raymond,CHI,PHI,WR,0.0,0.0,0.0,0.0,0.0,0.0,-10.8,15.0,13.9,-3.3,42.7,0.0,0.0,0.0,0.0,0.0,0.0,Active,backup,2026-09-23T16:10:42+00:00
2026,3,401872963,00-0040735,Luther Burden III,CHI,PHI,WR,0.0,0.0,0.0,0.0,0.0,0.6,-10.1,15.6,39.5,12.8,88.6,0.0,0.0,0.0,0.0,0.0,0.0,Active,backup,2026-09-23T16:10:42+00:00
2026,3,401872963,00-0037708,Maurice Alexander,CHI,PHI,WR,0.0,0.0,0.0,0.0,0.0,0.0,0.0,0.0,0.0,0.0,0.0,0.0,0.0,0.0,0.0,0.0,0.0,,roster_only,2026-09-23T16:10:42+00:00
2026,3,401872963,00-0041168,Omari Kelly,CHI,PHI,WR,0.0,0.0,0.0,0.0,0.0,0.0,0.0,0.0,0.0,0.0,0.0,0.0,0.0,0.0,0.0,0.0,0.0,,roster_only,2026-09-23T16:10:42+00:00
2026,3,401872963,00-0034407,Ray-Ray McCloud,CHI,PHI,WR,0.0,0.0,0.0,0.0,0.0,0.0,-10.7,15.0,10.6,-6.6,39.4,0.0,0.0,0.0,0.0,0.0,0.0,,roster_only,2026-09-23T16:10:42+00:00
2026,3,401872963,00-0039919,Rome Odunze,CHI,PHI,WR,0.0,0.0,0.0,0.0,0.0,0.0,-10.8,15.0,45.2,18.6,94.4,0.0,0.0,0.0,0.0,0.0,0.0,Active,starter,2026-09-23T16:10:42+00:00
2026,3,401872963,00-0035298,Scott Miller,CHI,PHI,WR,0.0,0.0,0.0,0.0,0.0,0.0,0.0,0.0,0.0,0.0,0.0,0.0,0.0,0.0,0.0,0.0,0.0,,roster_only,2026-09-23T16:10:42+00:00
2026,3,401872963,00-0041265,Squirrel White,CHI,PHI,WR,0.0,0.0,0.0,0.0,0.0,0.0,-14.7,20.7,7.0,-15.6,47.6,0.0,0.0,0.0,0.0,0.0,0.0,,roster_only,2026-09-23T16:10:42+00:00
2026,3,401872963,00-0041051,Zavion Thomas,CHI,PHI,WR,0.0,0.0,0.0,0.0,0.0,0.0,-14.8,20.6,6.7,-15.9,47.3,0.0,0.0,0.0,0.0,0.0,0.0,,backup,2026-09-23T16:10:42+00:00
2026,3,401872963,00-0037833,Tariq Castro-Fields,PHI,CHI,CB,0.0,0.0,0.0,0.0,0.0,0.0,0.0,0.0,0.0,0.0,0.0,0.0,0.0,0.0,0.0,0.0,0.0,,roster_only,2026-09-23T16:10:42+00:00
2026,3,401872963,00-0039267,Andre' Sam,PHI,CHI,DB,0.0,0.0,0.0,0.0,0.0,0.0,0.0,0.0,0.0,0.0,0.0,0.0,0.0,0.0,0.0,0.0,0.0,,backup,2026-09-23T16:10:42+00:00
2026,3,401872963,00-0040749,Andrew Mukuba,PHI,CHI,DB,0.0,0.0,0.0,0.0,0.0,0.0,0.0,0.0,0.0,0.0,0.0,0.0,0.0,0.0,3.6,1.0,7.2,Active,starter,2026-09-23T16:10:42+00:00
2026,3,401872963,00-0040905,Cole Wisniewski,PHI,CHI,DB,0.0,0.0,0.0,0.0,0.0,0.0,0.0,0.0,0.0,0.0,0.0,0.0,0.0,0.0,0.0,0.0,0.0,,roster_only,2026-09-23T16:10:42+00:00
2026,3,401872963,00-0039841,Cooper DeJean,PHI,CHI,DB,0.0,0.0,0.0,0.0,0.0,0.0,0.0,0.0,0.0,0.0,0.0,0.0,0.0,0.0,5.2,2.5,8.7,Active,starter,2026-09-23T16:10:42+00:00
2026,3,401872963,00-0038641,Isaiah Bolden,PHI,CHI,DB,0.0,0.0,0.0,0.0,0.0,0.0,0.0,0.0,0.0,0.0,0.0,0.0,0.0,0.0,0.0,0.0,0.0,,roster_only,2026-09-23T16:10:42+00:00
2026,3,401872963,00-0039072,Jakorian Bennett,PHI,CHI,DB,0.0,0.0,0.0,0.0,0.0,0.0,0.0,0.0,0.0,0.0,0.0,0.0,0.0,0.0,0.0,0.0,0.0,,backup,2026-09-23T16:10:42+00:00
2026,3,401872963,00-0039697,Jaylen Mahoney,PHI,CHI,DB,0.0,0.0,0.0,0.0,0.0,0.0,0.0,0.0,0.0,0.0,0.0,0.0,0.0,0.0,0.0,0.0,0.0,,roster_only,2026-09-23T16:10:42+00:00
2026,3,401872963,00-0032580,Jonathan Jones,PHI,CHI,DB,0.0,0.0,0.0,0.0,0.0,0.0,0.0,0.0,0.0,0.0,0.0,0.0,0.0,0.0,3.8,1.2,7.3,,backup,2026-09-23T16:10:42+00:00
2026,3,401872963,00-0039140,Kelee Ringo,PHI,CHI,DB,0.0,0.0,0.0,0.0,0.0,0.0,0.0,0.0,0.0,0.0,0.0,0.0,0.0,0.0,1.1,0.0,3.6,,backup,2026-09-23T16:10:42+00:00
2026,3,401872963,00-0040071,Mac McWilliams,PHI,CHI,DB,0.0,0.0,0.0,0.0,0.0,0.0,0.0,0.0,0.0,0.0,0.0,0.0,0.0,0.0,1.2,0.0,4.0,,backup,2026-09-23T16:10:42+00:00
2026,3,401872963,00-0034993,Marcus Epps,PHI,CHI,DB,0.0,0.0,0.0,0.0,0.0,0.0,0.0,0.0,0.0,0.0,0.0,0.0,0.0,0.0,4.7,2.0,8.1,,starter,2026-09-23T16:10:42+00:00
2026,3,401872963,00-0040923,Maximus Pulley,PHI,CHI,DB,0.0,0.0,0.0,0.0,0.0,0.0,0.0,0.0,0.0,0.0,0.0,0.0,0.0,0.0,0.0,0.0,0.0,,roster_only,2026-09-23T16:10:42+00:00
2026,3,401872963,00-0036501,Michael Carter II,PHI,CHI,DB,0.0,0.0,0.0,0.0,0.0,0.0,0.0,0.0,0.0,0.0,0.0,0.0,0.0,0.0,1.9,0.0,4.4,,backup,2026-09-23T16:10:42+00:00
2026,3,401872963,00-0039888,Quinyon Mitchell,PHI,CHI,DB,0.0,0.0,0.0,0.0,0.0,0.0,0.0,0.0,0.0,0.0,0.0,0.0,0.0,0.0,3.2,0.6,6.7,,starter,2026-09-23T16:10:42+00:00
2026,3,401872963,00-0037079,Riq Woolen,PHI,CHI,DB,0.0,0.0,0.0,0.0,0.0,0.0,0.0,0.0,0.0,0.0,0.0,0.0,0.0,0.0,2.9,0.8,5.7,,starter,2026-09-23T16:10:42+00:00
2026,3,401872963,00-0040077,Robert Longerbeam,PHI,CHI,DB,0.0,0.0,0.0,0.0,0.0,0.0,0.0,0.0,0.0,0.0,0.0,0.0,0.0,0.0,0.0,0.0,0.0,,roster_only,2026-09-23T16:10:42+00:00
2026,3,401872963,00-0040929,Tucker Large,PHI,CHI,DB,0.0,0.0,0.0,0.0,0.0,0.0,0.0,0.0,0.0,0.0,0.0,0.0,0.0,0.0,0.0,0.0,0.0,,backup,2026-09-23T16:10:42+00:00
2026,3,401872963,00-0036192,A.J. Epenesa,PHI,CHI,DL,0.0,0.0,0.0,0.0,0.0,0.0,0.0,0.0,0.0,0.0,0.0,0.0,0.0,0.0,1.5,0.0,4.0,,backup,2026-09-23T16:10:42+00:00
2026,3,401872963,00-0038978,Byron Young,PHI,CHI,DL,0.0,0.0,0.0,0.0,0.0,0.0,0.0,0.0,0.0,0.0,0.0,0.0,0.0,0.0,1.6,0.0,4.1,,backup,2026-09-23T16:10:42+00:00
2026,3,401872963,00-0041315,David Blay Jr.,PHI,CHI,DL,0.0,0.0,0.0,0.0,0.0,0.0,0.0,0.0,0.0,0.0,0.0,0.0,0.0,0.0,0.0,0.0,0.0,,roster_only,2026-09-23T16:10:42+00:00
2026,3,401872963,00-0039265,Gabe Hall,PHI,CHI,DL,0.0,0.0,0.0,0.0,0.0,0.0,0.0,0.0,0.0,0.0,0.0,0.0,0.0,0.0,0.0,0.0,0.0,,roster_only,2026-09-23T16:10:42+00:00
2026,3,401872963,00-0038386,Jalen Carter,PHI,CHI,DL,0.0,0.0,0.0,0.0,0.0,0.0,0.0,0.0,0.0,0.0,0.0,0.0,0.0,0.0,2.4,0.3,5.2,Active,starter,2026-09-23T16:10:42+00:00
2026,3,401872963,00-0036967,Joe Tryon,PHI,CHI,DL,0.0,0.0,0.0,0.0,0.0,0.0,0.0,0.0,0.0,0.0,0.0,0.0,0.0,0.0,0.0,0.0,0.0,,roster_only,2026-09-23T16:10:42+00:00
2026,3,401872963,00-0037073,Jordan Davis,PHI,CHI,DL,0.0,0.0,0.0,0.0,0.0,0.0,0.0,0.0,0.0,0.0,0.0,0.0,0.0,0.0,3.3,1.3,5.7,,starter,2026-09-23T16:10:42+00:00
2026,3,401872963,00-0038412,Moro Ojomo,PHI,CHI,DL,0.0,0.0,0.0,0.0,0.0,0.0,0.0,0.0,0.0,0.0,0.0,0.0,0.0,0.0,2.1,0.1,4.9,,starter,2026-09-23T16:10:42+00:00
2026,3,401872963,00-0040662,Ty Robinson,PHI,CHI,DL,0.0,0.0,0.0,0.0,0.0,0.0,0.0,0.0,0.0,0.0,0.0,0.0,0.0,0.0,0.6,0.0,3.4,,backup,2026-09-23T16:10:42+00:00
2026,3,401872963,00-0041580,Uar Bernard,PHI,CHI,DL,0.0,0.0,0.0,0.0,0.0,0.0,0.0,0.0,0.0,0.0,0.0,0.0,0.0,0.0,0.0,0.0,0.0,,roster_only,2026-09-23T16:10:42+00:00
2026,3,401872963,00-0041540,Zion Wilson,PHI,CHI,DL,0.0,0.0,0.0,0.0,0.0,0.0,0.0,0.0,0.0,0.0,0.0,0.0,0.0,0.0,0.0,0.0,0.0,,roster_only,2026-09-23T16:10:42+00:00
2026,3,401872963,00-0033787,Jake Elliott,PHI,CHI,K,0.0,0.0,0.0,0.0,0.0,0.0,0.0,0.0,0.0,0.0,0.0,7.0,1.9,12.9,0.0,0.0,0.0,Active,starter,2026-09-23T16:10:42+00:00
2026,3,401872963,00-0038116,Arnold Ebiketie,PHI,CHI,LB,0.0,0.0,0.0,0.0,0.0,0.0,0.0,0.0,0.0,0.0,0.0,0.0,0.0,0.0,1.2,0.0,3.7,,backup,2026-09-23T16:10:42+00:00
2026,3,401872963,00-0040087,Brandon George,PHI,CHI,LB,0.0,0.0,0.0,0.0,0.0,0.0,0.0,0.0,0.0,0.0,0.0,0.0,0.0,0.0,0.0,0.0,0.0,,roster_only,2026-09-23T16:10:42+00:00
2026,3,401872963,00-0037312,Chance Campbell,PHI,CHI,LB,0.0,0.0,0.0,0.0,0.0,0.0,0.0,0.0,0.0,0.0,0.0,0.0,0.0,0.0,0.0,0.0,0.0,,roster_only,2026-09-23T16:10:42+00:00
2026,3,401872963,00-0040922,Deontae Lawson,PHI,CHI,LB,0.0,0.0,0.0,0.0,0.0,0.0,0.0,0.0,0.0,0.0,0.0,0.0,0.0,0.0,0.0,0.0,0.0,,roster_only,2026-09-23T16:10:42+00:00
2026,3,401872963,00-0039740,Jalyx Hunt,PHI,CHI,LB,0.0,0.0,0.0,0.0,0.0,0.0,0.0,0.0,0.0,0.0,0.0,0.0,0.0,0.0,3.0,1.0,5.5,,backup,2026-09-23T16:10:42+00:00
2026,3,401872963,00-0039826,Jeremiah Trotter Jr.,PHI,CHI,LB,0.0,0.0,0.0,0.0,0.0,0.0,0.0,0.0,0.0,0.0,0.0,0.0,0.0,0.0,0.0,0.0,0.0,,roster_only,2026-09-23T16:10:42+00:00
2026,3,401872963,00-0040708,Jihaad Campbell,PHI,CHI,LB,0.0,0.0,0.0,0.0,0.0,0.0,0.0,0.0,0.0,0.0,0.0,0.0,0.0,0.0,4.3,2.3,6.7,Active,recent_defensive_participant,2026-09-23T16:10:42+00:00
2026,3,401872963,00-0036224,Jonathan Greenard,PHI,CHI,LB,0.0,0.0,0.0,0.0,0.0,0.0,0.0,0.0,0.0,0.0,0.0,0.0,0.0,0.0,2.2,0.2,4.7,Questionable,starter,2026-09-23T16:10:42+00:00
2026,3,401872963,00-0040926,Joshua Weru,PHI,CHI,LB,0.0,0.0,0.0,0.0,0.0,0.0,0.0,0.0,0.0,0.0,0.0,0.0,0.0,0.0,0.0,0.0,0.0,,roster_only,2026-09-23T16:10:42+00:00
2026,3,401872963,00-0040908,Keyshawn James-Newby,PHI,CHI,LB,0.0,0.0,0.0,0.0,0.0,0.0,0.0,0.0,0.0,0.0,0.0,0.0,0.0,0.0,0.0,0.0,0.0,,roster_only,2026-09-23T16:10:42+00:00
2026,3,401872963,00-0041162,Mason Reiger,PHI,CHI,LB,0.0,0.0,0.0,0.0,0.0,0.0,0.0,0.0,0.0,0.0,0.0,0.0,0.0,0.0,0.0,0.0,0.0,,roster_only,2026-09-23T16:10:42+00:00
2026,3,401872963,00-0039013,Nolan Smith,PHI,CHI,LB,0.0,0.0,0.0,0.0,0.0,0.0,0.0,0.0,0.0,0.0,0.0,0.0,0.0,0.0,2.4,0.5,4.9,,starter,2026-09-23T16:10:42+00:00
2026,3,401872963,00-0040013,Smael Mondon Jr.,PHI,CHI,LB,0.0,0.0,0.0,0.0,0.0,0.0,0.0,0.0,0.0,0.0,0.0,0.0,0.0,0.0,0.0,0.0,0.0,,roster_only,2026-09-23T16:10:42+00:00
2026,3,401872963,00-0036418,Zack Baun,PHI,CHI,LB,0.0,0.0,0.0,0.0,0.0,0.0,0.0,0.0,0.0,0.0,0.0,0.0,0.0,0.0,6.7,3.8,10.8,Active,recent_defensive_participant,2026-09-23T16:10:42+00:00
2026,3,401872963,00-0027973,Andy Dalton,PHI,CHI,QB,0.0,0.0,0.0,0.0,0.0,4.8,-5.9,19.8,0.0,0.0,0.0,0.0,0.0,0.0,0.0,0.0,0.0,Active,backup,2026-09-23T16:10:42+00:00
2026,3,401872963,00-0040891,Cole Payton,PHI,CHI,QB,0.0,0.0,0.0,0.0,0.0,9.0,-8.6,33.7,0.0,0.0,0.0,0.0,0.0,0.0,0.0,0.0,0.0,Active,backup,2026-09-23T16:10:42+00:00
2026,3,401872963,00-0036389,Jalen Hurts,PHI,CHI,QB,199.8,106.3,306.0,1.309,0.7170964626244579,24.6,11.8,42.6,0.0,0.0,0.0,0.0,0.0,0.0,0.0,0.0,0.0,Active,starter,2026-09-23T16:10:42+00:00
2026,3,401872963,00-0038400,Tanner McKee,PHI,CHI,QB,0.0,0.0,0.0,0.0,0.0,3.5,-7.3,18.5,0.0,0.0,0.0,0.0,0.0,0.0,0.0,0.0,0.0,Active,backup,2026-09-23T16:10:42+00:00
2026,3,401872963,00-0039325,Carson Steele,PHI,CHI,RB,0.0,0.0,0.0,0.0,0.0,0.0,0.0,0.0,0.0,0.0,0.0,0.0,0.0,0.0,0.0,0.0,0.0,,roster_only,2026-09-23T16:10:42+00:00
2026,3,401872963,00-0037258,Dameon Pierce,PHI,CHI,RB,0.0,0.0,0.0,0.0,0.0,0.0,0.0,0.0,0.0,0.0,0.0,0.0,0.0,0.0,0.0,0.0,0.0,,roster_only,2026-09-23T16:10:42+00:00
2026,3,401872963,00-0040332,Ja'Quinden Jackson,PHI,CHI,RB,0.0,0.0,0.0,0.0,0.0,0.0,0.0,0.0,0.0,0.0,0.0,0.0,0.0,0.0,0.0,0.0,0.0,,roster_only,2026-09-23T16:10:42+00:00
2026,3,401872963,00-0040586,Jaydon Blue,PHI,CHI,RB,0.0,0.0,0.0,0.0,0.0,0.0,0.0,0.0,0.0,0.0,0.0,0.0,0.0,0.0,0.0,0.0,0.0,,roster_only,2026-09-23T16:10:42+00:00
2026,3,401872963,00-0038678,Jordan Mims,PHI,CHI,RB,0.0,0.0,0.0,0.0,0.0,0.0,0.0,0.0,0.0,0.0,0.0,0.0,0.0,0.0,0.0,0.0,0.0,,roster_only,2026-09-23T16:10:42+00:00
2026,3,401872963,00-0034844,Saquon Barkley,PHI,CHI,RB,0.0,0.0,0.0,0.0,0.0,61.3,39.3,92.2,11.3,-5.8,40.1,0.0,0.0,0.0,0.0,0.0,0.0,Questionable,starter,2026-09-23T16:10:42+00:00
2026,3,401872963,00-0038555,Tank Bigsby,PHI,CHI,RB,0.0,0.0,0.0,0.0,0.0,15.4,-6.6,46.4,2.4,-14.7,31.2,0.0,0.0,0.0,0.0,0.0,0.0,Active,backup,2026-09-23T16:10:42+00:00
2026,3,401872963,00-0039746,Will Shipley,PHI,CHI,RB,0.0,0.0,0.0,0.0,0.0,5.4,-5.3,20.4,2.6,-14.5,31.4,0.0,0.0,0.0,0.0,0.0,0.0,Active,backup,2026-09-23T16:10:42+00:00
2026,3,401872963,00-0034351,Dallas Goedert,PHI,CHI,TE,0.0,0.0,0.0,0.0,0.0,0.0,-10.8,15.0,40.9,21.2,75.1,0.0,0.0,0.0,0.0,0.0,0.0,Doubtful,starter,2026-09-23T16:10:42+00:00
2026,3,401872963,00-0038498,E.J. Jenkins,PHI,CHI,TE,0.0,0.0,0.0,0.0,0.0,0.0,-11.9,16.5,3.7,-14.9,35.6,0.0,0.0,0.0,0.0,0.0,0.0,,backup,2026-09-23T16:10:42+00:00
2026,3,401872963,00-0041483,Eli Stowers,PHI,CHI,TE,0.0,0.0,0.0,0.0,0.0,0.0,0.0,0.0,0.0,0.0,0.0,0.0,0.0,0.0,0.0,0.0,0.0,,backup,2026-09-23T16:10:42+00:00
2026,3,401872963,00-0037086,Grant Calcaterra,PHI,CHI,TE,0.0,0.0,0.0,0.0,0.0,0.0,0.0,0.0,0.0,0.0,0.0,0.0,0.0,0.0,0.0,0.0,0.0,,backup,2026-09-23T16:10:42+00:00
2026,3,401872963,00-0033246,Johnny Mundt,PHI,CHI,TE,0.0,0.0,0.0,0.0,0.0,0.0,-10.8,15.0,8.2,-9.0,37.0,0.0,0.0,0.0,0.0,0.0,0.0,Active,backup,2026-09-23T16:10:42+00:00
2026,3,401872963,00-0036332,Josiah Deguara,PHI,CHI,TE,0.0,0.0,0.0,0.0,0.0,0.0,0.0,0.0,0.0,0.0,0.0,0.0,0.0,0.0,0.0,0.0,0.0,,roster_only,2026-09-23T16:10:42+00:00
2026,3,401872963,00-0030061,Zach Ertz,PHI,CHI,TE,0.0,0.0,0.0,0.0,0.0,0.0,0.0,0.0,0.0,0.0,0.0,0.0,0.0,0.0,0.0,0.0,0.0,Active,roster_only,2026-09-23T16:10:42+00:00
2026,3,401872963,00-0037132,Britain Covey,PHI,CHI,WR,0.0,0.0,0.0,0.0,0.0,0.0,-10.7,15.0,0.6,-16.5,29.4,0.0,0.0,0.0,0.0,0.0,0.0,Active,backup,2026-09-23T16:10:42+00:00
2026,3,401872963,00-0037828,Danny Gray,PHI,CHI,WR,0.0,0.0,0.0,0.0,0.0,0.0,0.0,0.0,0.0,0.0,0.0,0.0,0.0,0.0,0.0,0.0,0.0,,roster_only,2026-09-23T16:10:42+00:00
2026,3,401872963,00-0040024,Darius Cooper,PHI,CHI,WR,0.0,0.0,0.0,0.0,0.0,0.0,-10.8,15.0,9.4,-7.7,38.3,0.0,0.0,0.0,0.0,0.0,0.0,Active,backup,2026-09-23T16:10:42+00:00
2026,3,401872963,00-0036912,DeVonta Smith,PHI,CHI,WR,0.0,0.0,0.0,0.0,0.0,0.0,-10.8,15.0,57.8,31.2,107.0,0.0,0.0,0.0,0.0,0.0,0.0,Active,starter,2026-09-23T16:10:42+00:00
2026,3,401872963,00-0038393,Dontayvion Wicks,PHI,CHI,WR,0.0,0.0,0.0,0.0,0.0,0.0,-10.8,15.0,16.7,-0.5,45.5,0.0,0.0,0.0,0.0,0.0,0.0,Active,backup,2026-09-23T16:10:42+00:00
2026,3,401872963,00-0036980,Elijah Moore,PHI,CHI,WR,0.0,0.0,0.0,0.0,0.0,0.6,-10.1,15.6,12.0,-5.2,40.8,0.0,0.0,0.0,0.0,0.0,0.0,Active,backup,2026-09-23T16:10:42+00:00
2026,3,401872963,00-0038092,Erik Ezukanma,PHI,CHI,WR,0.0,0.0,0.0,0.0,0.0,0.0,0.0,0.0,0.0,0.0,0.0,0.0,0.0,0.0,0.0,0.0,0.0,,roster_only,2026-09-23T16:10:42+00:00
2026,3,401872963,00-0039236,Johnny Wilson,PHI,CHI,WR,0.0,0.0,0.0,0.0,0.0,0.0,0.0,0.0,0.0,0.0,0.0,0.0,0.0,0.0,0.0,0.0,0.0,,backup,2026-09-23T16:10:42+00:00
2026,3,401872963,00-0040867,Makai Lemon,PHI,CHI,WR,0.0,0.0,0.0,0.0,0.0,0.0,-14.7,20.7,7.4,-15.3,48.0,0.0,0.0,0.0,0.0,0.0,0.0,Active,backup,2026-09-23T16:10:42+00:00
2026,3,401872963,00-0035662,Marquise Brown,PHI,CHI,WR,0.0,0.0,0.0,0.0,0.0,1.6,-9.1,16.7,21.4,4.2,50.2,0.0,0.0,0.0,0.0,0.0,0.0,,backup,2026-09-23T16:10:42+00:00
2026,3,401872963,00-0037098,Samori Toure,PHI,CHI,WR,0.0,0.0,0.0,0.0,0.0,0.0,0.0,0.0,0.0,0.0,0.0,0.0,0.0,0.0,0.0,0.0,0.0,,roster_only,2026-09-23T16:10:42+00:00
2026,3,401872963,00-0039884,Tahj Washington,PHI,CHI,WR,0.0,0.0,0.0,0.0,0.0,0.0,0.0,0.0,0.0,0.0,0.0,0.0,0.0,0.0,0.0,0.0,0.0,,roster_only,2026-09-23T16:10:42+00:00
2026,3,401872963,00-0038496,Xavier Gipson,PHI,CHI,WR,0.0,0.0,0.0,0.0,0.0,0.0,0.0,0.0,0.0,0.0,0.0,0.0,0.0,0.0,0.0,0.0,0.0,,roster_only,2026-09-23T16:10:42+00:00
