season,week,game_id,game_date,game_time,player_id,player_name,team,opponent,position,target,projection,low,high,probability_1_plus,probability_2_plus,eligibility_status,eligibility_reason,role_status,injury_game_status,depth_rank,model_architecture,model_version,feature_asof,generated_at
2026,5,401872980,2026-10-08,19:15,00-0027940,Von Miller,DAL,TB,LB,tackles,1.4,0.0,3.9,0.6503264722333991,0.3570341485636713,eligible,eligible_current_role,backup,,2.0,direct,20260908_1821_tackles_direct,2026-10-07T10:47:48+00:00,2026-10-07T10:48:05+00:00
2026,5,401872980,2026-10-08,19:15,00-0031957,Rakeem Nunez-Roches,TB,DAL,DL,tackles,1.4,0.0,3.9,0.6702866670394533,0.3779086094964863,eligible,eligible_current_role,backup,Active,3.0,direct,20260908_1821_tackles_direct,2026-10-07T10:47:48+00:00,2026-10-07T10:48:05+00:00
2026,5,401872980,2026-10-08,19:15,00-0032399,Miles Killebrew,TB,DAL,DB,tackles,0.7,0.0,3.2,0.4174614570736351,0.1457476489638799,eligible,eligible_current_role,backup,,2.0,direct,20260908_1821_tackles_direct,2026-10-07T10:47:48+00:00,2026-10-07T10:48:05+00:00
2026,5,401872980,2026-10-08,19:15,00-0032889,A'Shawn Robinson,TB,DAL,DL,tackles,3.6,1.4,6.3,0.9360649247372119,0.8223869600143613,eligible,eligible_current_role,starter,,1.0,direct,20260908_1821_tackles_direct,2026-10-07T10:47:48+00:00,2026-10-07T10:48:05+00:00
2026,5,401872980,2026-10-08,19:15,00-0033077,Dak Prescott,DAL,TB,QB,passing_yards,240.0,146.5,346.2,,,eligible,eligible_current_role,starter,Active,1.0,direct_component_blend,20260908_1821_passing_yards_blend,2026-10-07T10:47:48+00:00,2026-10-07T10:48:05+00:00
2026,5,401872980,2026-10-08,19:15,00-0033077,Dak Prescott,DAL,TB,QB,passing_tds,1.982,,,0.8571428571428571,0.5535714285714286,eligible,eligible_current_role,starter,Active,1.0,direct_component_blend,20260908_1821_passing_tds_blend,2026-10-07T10:47:48+00:00,2026-10-07T10:48:05+00:00
2026,5,401872980,2026-10-08,19:15,00-0033077,Dak Prescott,DAL,TB,QB,rushing_yards,12.9,0.1,30.9,,,eligible,eligible_current_role,starter,Active,1.0,direct_component_blend,20260908_1821_rushing_yards_blend,2026-10-07T10:47:48+00:00,2026-10-07T10:48:05+00:00
2026,5,401872980,2026-10-08,19:15,00-0033120,Kenny Clark,DAL,TB,DL,tackles,2.6,0.5,5.4,0.8805200178577761,0.6892752313334907,eligible,eligible_current_role,starter,,1.0,direct,20260908_1821_tackles_direct,2026-10-07T10:47:48+00:00,2026-10-07T10:48:05+00:00
2026,5,401872980,2026-10-08,19:15,00-0033877,Malik Hooker,DAL,TB,DB,tackles,3.6,0.9,7.1,0.9366227899908324,0.8234146038665671,eligible,eligible_current_role,starter,Active,1.0,direct,20260908_1821_tackles_direct,2026-10-07T10:47:48+00:00,2026-10-07T10:48:05+00:00
2026,5,401872980,2026-10-08,19:15,00-0033914,Alex Anzalone,TB,DAL,LB,tackles,5.0,2.0,9.0,0.9803356766280205,0.9303938782698135,eligible,eligible_current_role,recent_defensive_participant,,,direct,20260908_1821_tackles_direct,2026-10-07T10:47:48+00:00,2026-10-07T10:48:05+00:00
2026,5,401872980,2026-10-08,19:15,00-0033921,Chris Godwin Jr.,TB,DAL,WR,rushing_yards,0.7,-10.0,15.8,,,eligible,eligible_current_role,backup,Active,2.0,direct_component_blend,20260908_1821_rushing_yards_blend,2026-10-07T10:47:48+00:00,2026-10-07T10:48:05+00:00
2026,5,401872980,2026-10-08,19:15,00-0033921,Chris Godwin Jr.,TB,DAL,WR,receiving_yards,56.6,29.9,105.8,,,eligible,eligible_current_role,backup,Active,2.0,direct_component_blend,20260908_1821_receiving_yards_blend,2026-10-07T10:47:48+00:00,2026-10-07T10:48:05+00:00
2026,5,401872980,2026-10-08,19:15,00-0033964,Al-Quadin Muhammad,TB,DAL,LB,tackles,1.7,0.0,4.1,0.7553930450978107,0.47643123108708674,eligible,eligible_current_role,backup,,2.0,direct,20260908_1821_tackles_direct,2026-10-07T10:47:48+00:00,2026-10-07T10:48:05+00:00
2026,5,401872980,2026-10-08,19:15,00-0034773,Vita Vea,TB,DAL,DL,tackles,2.4,0.3,5.2,0.8564003085339214,0.6392709263405716,eligible,eligible_current_role,starter,,1.0,direct,20260908_1821_tackles_direct,2026-10-07T10:47:48+00:00,2026-10-07T10:48:05+00:00
2026,5,401872980,2026-10-08,19:15,00-0034967,Rashan Gary,DAL,TB,LB,tackles,2.1,0.2,4.6,0.8161730868387611,0.5654100084564619,eligible,eligible_current_role,starter,,1.0,direct,20260908_1821_tackles_direct,2026-10-07T10:47:48+00:00,2026-10-07T10:48:05+00:00
2026,5,401872980,2026-10-08,19:15,00-0035254,Anthony Nelson,TB,DAL,LB,tackles,1.2,0.0,3.8,0.5803974136563742,0.28969254558461693,eligible,questionable_flag,backup,Questionable,2.0,direct,20260908_1821_tackles_direct,2026-10-07T10:47:48+00:00,2026-10-07T10:48:05+00:00
2026,5,401872980,2026-10-08,19:15,00-0035282,Easton Stick,TB,DAL,QB,rushing_yards,14.2,1.4,32.2,,,eligible,eligible_current_role,roster_only,,,direct_component_blend,20260908_1821_rushing_yards_blend,2026-10-07T10:47:48+00:00,2026-10-07T10:48:05+00:00
2026,5,401872980,2026-10-08,19:15,00-0035358,Chase McLaughlin,TB,DAL,K,kicking_points,6.9,1.9,12.8,,,eligible,questionable_flag,starter,Questionable,1.0,component,20260908_1821_kicking_points_component,2026-10-07T10:47:48+00:00,2026-10-07T10:48:05+00:00
2026,5,401872980,2026-10-08,19:15,00-0035639,Parris Campbell,DAL,TB,WR,rushing_yards,0.0,-10.7,15.0,,,eligible,eligible_current_role,roster_only,,,direct_component_blend,20260908_1821_rushing_yards_blend,2026-10-07T10:47:48+00:00,2026-10-07T10:48:05+00:00
2026,5,401872980,2026-10-08,19:15,00-0035639,Parris Campbell,DAL,TB,WR,receiving_yards,2.9,-14.3,31.7,,,eligible,eligible_current_role,roster_only,,,direct_component_blend,20260908_1821_receiving_yards_blend,2026-10-07T10:47:48+00:00,2026-10-07T10:48:05+00:00
2026,5,401872980,2026-10-08,19:15,00-0035718,Quinnen Williams,DAL,TB,DL,tackles,2.7,0.7,5.2,0.8821533413208938,0.6928675105637803,eligible,eligible_current_role,starter,,1.0,direct,20260908_1821_tackles_direct,2026-10-07T10:47:48+00:00,2026-10-07T10:48:05+00:00
2026,5,401872980,2026-10-08,19:15,00-0035942,Christian Rozeboom,TB,DAL,LB,tackles,6.9,4.2,11.2,0.983495145631068,0.9631067961165048,eligible,eligible_current_role,recent_defensive_participant,,,direct,20260908_1821_tackles_direct,2026-10-07T10:47:48+00:00,2026-10-07T10:48:05+00:00
2026,5,401872980,2026-10-08,19:15,00-0036358,CeeDee Lamb,DAL,TB,WR,rushing_yards,0.7,-10.0,15.7,,,eligible,eligible_current_role,starter,Active,1.0,direct_component_blend,20260908_1821_rushing_yards_blend,2026-10-07T10:47:48+00:00,2026-10-07T10:48:05+00:00
2026,5,401872980,2026-10-08,19:15,00-0036358,CeeDee Lamb,DAL,TB,WR,receiving_yards,73.5,46.8,122.6,,,eligible,eligible_current_role,starter,Active,1.0,direct_component_blend,20260908_1821_receiving_yards_blend,2026-10-07T10:47:48+00:00,2026-10-07T10:48:05+00:00
2026,5,401872980,2026-10-08,19:15,00-0036728,Curtis Robinson,DAL,TB,LB,tackles,4.9,1.9,8.9,0.9800536251502073,0.9277564811536653,eligible,eligible_current_role,recent_defensive_participant,,,direct,20260908_1821_tackles_direct,2026-10-07T10:47:48+00:00,2026-10-07T10:48:05+00:00
2026,5,401872980,2026-10-08,19:15,00-0036919,Kenny Gainwell,TB,DAL,RB,rushing_yards,23.7,1.6,54.6,,,eligible,eligible_current_role,backup,Active,2.0,direct_component_blend,20260908_1821_rushing_yards_blend,2026-10-07T10:47:48+00:00,2026-10-07T10:48:05+00:00
2026,5,401872980,2026-10-08,19:15,00-0036919,Kenny Gainwell,TB,DAL,RB,receiving_yards,19.7,2.5,48.5,,,eligible,eligible_current_role,backup,Active,2.0,direct_component_blend,20260908_1821_receiving_yards_blend,2026-10-07T10:47:48+00:00,2026-10-07T10:48:05+00:00
2026,5,401872980,2026-10-08,19:15,00-0036993,Ifeatu Melifonwu,TB,DAL,DB,tackles,3.6,1.0,7.1,0.9371381335791695,0.824366932048388,eligible,eligible_current_role,backup,Active,2.0,direct,20260908_1821_tackles_direct,2026-10-07T10:47:48+00:00,2026-10-07T10:48:05+00:00
2026,5,401872980,2026-10-08,19:15,00-0036997,Javonte Williams,DAL,TB,RB,rushing_yards,53.9,31.8,84.8,,,eligible,eligible_current_role,starter,Active,1.0,direct_component_blend,20260908_1821_rushing_yards_blend,2026-10-07T10:47:48+00:00,2026-10-07T10:48:05+00:00
2026,5,401872980,2026-10-08,19:15,00-0036997,Javonte Williams,DAL,TB,RB,receiving_yards,11.8,-5.4,40.6,,,eligible,eligible_current_role,starter,Active,1.0,direct_component_blend,20260908_1821_receiving_yards_blend,2026-10-07T10:47:48+00:00,2026-10-07T10:48:05+00:00
2026,5,401872980,2026-10-08,19:15,00-0037051,Elijah Garcia,DAL,TB,DL,tackles,1.2,0.0,3.7,0.5694258656879372,0.2789608041012596,eligible,eligible_current_role,backup,,2.0,direct,20260908_1821_tackles_direct,2026-10-07T10:47:48+00:00,2026-10-07T10:48:05+00:00
2026,5,401872980,2026-10-08,19:15,00-0037077,Sam Howell,DAL,TB,QB,rushing_yards,10.5,-0.2,25.5,,,eligible,eligible_current_role,backup,,2.0,direct_component_blend,20260908_1821_rushing_yards_blend,2026-10-07T10:47:48+00:00,2026-10-07T10:48:05+00:00
2026,5,401872980,2026-10-08,19:15,00-0037120,Tyler Goodson,DAL,TB,RB,rushing_yards,12.0,1.3,27.0,,,eligible,eligible_current_role,backup,Active,2.0,direct_component_blend,20260908_1821_rushing_yards_blend,2026-10-07T10:47:48+00:00,2026-10-07T10:48:05+00:00
2026,5,401872980,2026-10-08,19:15,00-0037120,Tyler Goodson,DAL,TB,RB,receiving_yards,2.6,-14.5,31.5,,,eligible,eligible_current_role,backup,Active,2.0,direct_component_blend,20260908_1821_receiving_yards_blend,2026-10-07T10:47:48+00:00,2026-10-07T10:48:05+00:00
2026,5,401872980,2026-10-08,19:15,00-0037247,George Pickens,DAL,TB,WR,rushing_yards,0.0,-10.8,15.0,,,eligible,eligible_current_role,backup,Active,2.0,direct_component_blend,20260908_1821_rushing_yards_blend,2026-10-07T10:47:48+00:00,2026-10-07T10:48:05+00:00
2026,5,401872980,2026-10-08,19:15,00-0037247,George Pickens,DAL,TB,WR,receiving_yards,56.3,29.7,105.5,,,eligible,eligible_current_role,backup,Active,2.0,direct_component_blend,20260908_1821_receiving_yards_blend,2026-10-07T10:47:48+00:00,2026-10-07T10:48:05+00:00
2026,5,401872980,2026-10-08,19:15,00-0037268,Zyon McCollum,TB,DAL,DB,tackles,3.7,1.1,7.2,0.9433592616734103,0.8361045289289671,eligible,eligible_current_role,starter,,1.0,direct,20260908_1821_tackles_direct,2026-10-07T10:47:48+00:00,2026-10-07T10:48:05+00:00
2026,5,401872980,2026-10-08,19:15,00-0037270,Otito Ogbonnia,DAL,TB,DL,tackles,1.4,0.0,3.9,0.6618012636834234,0.36893629705656866,eligible,eligible_current_role,starter,,1.0,direct,20260908_1821_tackles_direct,2026-10-07T10:47:48+00:00,2026-10-07T10:48:05+00:00
2026,5,401872980,2026-10-08,19:15,00-0037275,DaRon Bland,DAL,TB,DB,tackles,5.2,2.5,8.7,0.9812464268831655,0.9391414797429007,eligible,eligible_current_role,starter,,1.0,direct,20260908_1821_tackles_direct,2026-10-07T10:47:48+00:00,2026-10-07T10:48:05+00:00
2026,5,401872980,2026-10-08,19:15,00-0037310,James Houston,DAL,TB,LB,tackles,1.5,0.0,3.9,0.701058759838041,0.41172284080309,eligible,eligible_current_role,backup,Active,3.0,direct,20260908_1821_tackles_direct,2026-10-07T10:47:48+00:00,2026-10-07T10:48:05+00:00
2026,5,401872980,2026-10-08,19:15,00-0037311,Ko Kieft,TB,DAL,TE,rushing_yards,0.0,-10.8,14.9,,,eligible,questionable_flag,backup,Questionable,3.0,direct_component_blend,20260908_1821_rushing_yards_blend,2026-10-07T10:47:48+00:00,2026-10-07T10:48:05+00:00
2026,5,401872980,2026-10-08,19:15,00-0037311,Ko Kieft,TB,DAL,TE,receiving_yards,4.0,-13.2,32.8,,,eligible,questionable_flag,backup,Questionable,3.0,direct_component_blend,20260908_1821_receiving_yards_blend,2026-10-07T10:47:48+00:00,2026-10-07T10:48:05+00:00
2026,5,401872980,2026-10-08,19:15,00-0037561,Markquese Bell,DAL,TB,DB,tackles,2.8,0.7,5.6,0.8917303818805135,0.7149793641570313,eligible,eligible_current_role,backup,Active,2.0,direct,20260908_1821_tackles_direct,2026-10-07T10:47:48+00:00,2026-10-07T10:48:05+00:00
2026,5,401872980,2026-10-08,19:15,00-0037692,Brandon Aubrey,DAL,TB,K,kicking_points,7.9,3.3,13.1,,,eligible,eligible_current_role,starter,Active,1.0,component,20260908_1821_kicking_points_component,2026-10-07T10:47:48+00:00,2026-10-07T10:48:05+00:00
2026,5,401872980,2026-10-08,19:15,00-0037801,KaVontae Turpin,DAL,TB,WR,rushing_yards,2.6,-8.1,17.6,,,eligible,eligible_current_role,backup,,4.0,direct_component_blend,20260908_1821_rushing_yards_blend,2026-10-07T10:47:48+00:00,2026-10-07T10:48:05+00:00
2026,5,401872980,2026-10-08,19:15,00-0037801,KaVontae Turpin,DAL,TB,WR,receiving_yards,11.4,-5.8,40.2,,,eligible,eligible_current_role,backup,,4.0,direct_component_blend,20260908_1821_receiving_yards_blend,2026-10-07T10:47:48+00:00,2026-10-07T10:48:05+00:00
2026,5,401872980,2026-10-08,19:15,00-0037839,Cobie Durant,DAL,TB,DB,tackles,3.0,0.4,6.5,0.9041122260045659,0.7476298124621535,eligible,eligible_current_role,backup,Doubtful,2.0,direct,20260908_1821_tackles_direct,2026-10-07T10:47:48+00:00,2026-10-07T10:48:05+00:00
2026,5,401872980,2026-10-08,19:15,00-0038041,Jake Ferguson,DAL,TB,TE,rushing_yards,0.0,-10.8,15.0,,,eligible,eligible_current_role,starter,Active,1.0,direct_component_blend,20260908_1821_rushing_yards_blend,2026-10-07T10:47:48+00:00,2026-10-07T10:48:05+00:00
2026,5,401872980,2026-10-08,19:15,00-0038041,Jake Ferguson,DAL,TB,TE,receiving_yards,21.0,3.8,49.8,,,eligible,eligible_current_role,starter,Active,1.0,direct_component_blend,20260908_1821_receiving_yards_blend,2026-10-07T10:47:48+00:00,2026-10-07T10:48:05+00:00
2026,5,401872980,2026-10-08,19:15,00-0038129,Cade Otton,TB,DAL,TE,rushing_yards,0.0,-10.8,14.9,,,eligible,eligible_current_role,starter,Active,1.0,direct_component_blend,20260908_1821_rushing_yards_blend,2026-10-07T10:47:48+00:00,2026-10-07T10:48:05+00:00
2026,5,401872980,2026-10-08,19:15,00-0038129,Cade Otton,TB,DAL,TE,receiving_yards,34.5,17.3,63.3,,,eligible,eligible_current_role,starter,Active,1.0,direct_component_blend,20260908_1821_receiving_yards_blend,2026-10-07T10:47:48+00:00,2026-10-07T10:48:05+00:00
2026,5,401872980,2026-10-08,19:15,00-0038547,Luke Schoonmaker,DAL,TB,TE,rushing_yards,0.0,-10.8,15.0,,,eligible,eligible_current_role,backup,,3.0,direct_component_blend,20260908_1821_rushing_yards_blend,2026-10-07T10:47:48+00:00,2026-10-07T10:48:05+00:00
2026,5,401872980,2026-10-08,19:15,00-0038547,Luke Schoonmaker,DAL,TB,TE,receiving_yards,8.4,-8.8,37.2,,,eligible,eligible_current_role,backup,,3.0,direct_component_blend,20260908_1821_receiving_yards_blend,2026-10-07T10:47:48+00:00,2026-10-07T10:48:05+00:00
2026,5,401872980,2026-10-08,19:15,00-0038624,Ameer Speed,DAL,TB,DB,tackles,0.7,0.0,3.2,0.400793827347185,0.12552915632971107,eligible,eligible_current_role,backup,,2.0,direct,20260908_1821_tackles_direct,2026-10-07T10:47:48+00:00,2026-10-07T10:48:05+00:00
2026,5,401872980,2026-10-08,19:15,00-0038625,Dee Winters,DAL,TB,LB,tackles,5.5,2.5,9.5,0.9820890337698127,0.9476101545673974,eligible,eligible_current_role,recent_defensive_participant,,,direct,20260908_1821_tackles_direct,2026-10-07T10:47:48+00:00,2026-10-07T10:48:05+00:00
2026,5,401872980,2026-10-08,19:15,00-0038705,Emari Demercado,DAL,TB,RB,rushing_yards,21.0,-1.0,51.9,,,eligible,eligible_current_role,backup,Active,3.0,direct_component_blend,20260908_1821_rushing_yards_blend,2026-10-07T10:47:48+00:00,2026-10-07T10:48:05+00:00
2026,5,401872980,2026-10-08,19:15,00-0038705,Emari Demercado,DAL,TB,RB,receiving_yards,9.7,-7.5,38.5,,,eligible,eligible_current_role,backup,Active,3.0,direct_component_blend,20260908_1821_receiving_yards_blend,2026-10-07T10:47:48+00:00,2026-10-07T10:48:05+00:00
2026,5,401872980,2026-10-08,19:15,00-0038738,Hunter Luepke,DAL,TB,RB,rushing_yards,11.4,-10.6,42.3,,,eligible,eligible_current_role,starter,,1.0,direct_component_blend,20260908_1821_rushing_yards_blend,2026-10-07T10:47:48+00:00,2026-10-07T10:48:05+00:00
2026,5,401872980,2026-10-08,19:15,00-0038738,Hunter Luepke,DAL,TB,RB,receiving_yards,9.3,-7.8,38.1,,,eligible,eligible_current_role,starter,,1.0,direct_component_blend,20260908_1821_receiving_yards_blend,2026-10-07T10:47:48+00:00,2026-10-07T10:48:05+00:00
2026,5,401872980,2026-10-08,19:15,00-0038742,Tyrus Wheat,DAL,TB,LB,tackles,0.8,0.0,3.3,0.4489101849887538,0.18467734119508192,eligible,eligible_current_role,backup,,3.0,direct,20260908_1821_tackles_direct,2026-10-07T10:47:48+00:00,2026-10-07T10:48:05+00:00
2026,5,401872980,2026-10-08,19:15,00-0038951,Sean Tucker,TB,DAL,RB,rushing_yards,11.2,-10.8,42.1,,,eligible,eligible_current_role,backup,Active,3.0,direct_component_blend,20260908_1821_rushing_yards_blend,2026-10-07T10:47:48+00:00,2026-10-07T10:48:05+00:00
2026,5,401872980,2026-10-08,19:15,00-0038951,Sean Tucker,TB,DAL,RB,receiving_yards,1.5,-15.7,30.3,,,eligible,eligible_current_role,backup,Active,3.0,direct_component_blend,20260908_1821_receiving_yards_blend,2026-10-07T10:47:48+00:00,2026-10-07T10:48:05+00:00
2026,5,401872980,2026-10-08,19:15,00-0039049,SirVocea Dennis,TB,DAL,LB,tackles,5.5,2.5,9.5,0.9820673718824944,0.9473871001544296,eligible,questionable_flag,recent_defensive_participant,Questionable,,direct,20260908_1821_tackles_direct,2026-10-07T10:47:48+00:00,2026-10-07T10:48:05+00:00
2026,5,401872980,2026-10-08,19:15,00-0039050,Payne Durham,TB,DAL,TE,rushing_yards,0.0,-10.8,14.9,,,eligible,eligible_current_role,backup,,2.0,direct_component_blend,20260908_1821_rushing_yards_blend,2026-10-07T10:47:48+00:00,2026-10-07T10:48:05+00:00
2026,5,401872980,2026-10-08,19:15,00-0039050,Payne Durham,TB,DAL,TE,receiving_yards,2.9,-14.3,31.7,,,eligible,eligible_current_role,backup,,2.0,direct_component_blend,20260908_1821_receiving_yards_blend,2026-10-07T10:47:48+00:00,2026-10-07T10:48:05+00:00
2026,5,401872980,2026-10-08,19:15,00-0039062,Jonathan Mingo,DAL,TB,WR,rushing_yards,0.0,-10.8,15.0,,,eligible,eligible_current_role,backup,,5.0,direct_component_blend,20260908_1821_rushing_yards_blend,2026-10-07T10:47:48+00:00,2026-10-07T10:48:05+00:00
2026,5,401872980,2026-10-08,19:15,00-0039062,Jonathan Mingo,DAL,TB,WR,receiving_yards,5.3,-11.8,34.2,,,eligible,eligible_current_role,backup,,5.0,direct_component_blend,20260908_1821_receiving_yards_blend,2026-10-07T10:47:48+00:00,2026-10-07T10:48:05+00:00
2026,5,401872980,2026-10-08,19:15,00-0039063,Calijah Kancey,TB,DAL,DL,tackles,1.4,0.0,3.9,0.6629732947627504,0.3701668368003786,eligible,eligible_current_role,starter,,1.0,direct,20260908_1821_tackles_direct,2026-10-07T10:47:48+00:00,2026-10-07T10:48:05+00:00
2026,5,401872980,2026-10-08,19:15,00-0039068,Yaya Diaby,TB,DAL,LB,tackles,2.9,0.0,7.0,0.9018203446584349,0.7414081825287513,eligible,eligible_current_role,starter,,1.0,direct,20260908_1821_tackles_direct,2026-10-07T10:47:48+00:00,2026-10-07T10:48:05+00:00
2026,5,401872980,2026-10-08,19:15,00-0039167,Joey Porter Jr.,DAL,TB,DB,tackles,3.8,1.2,7.3,0.9473847623053544,0.84395853128245,eligible,eligible_current_role,starter,Active,1.0,direct,20260908_1821_tackles_direct,2026-10-07T10:47:48+00:00,2026-10-07T10:48:05+00:00
2026,5,401872980,2026-10-08,19:15,00-0039361,Bucky Irving,TB,DAL,RB,rushing_yards,51.9,29.9,82.8,,,eligible,eligible_current_role,starter,Active,1.0,direct_component_blend,20260908_1821_rushing_yards_blend,2026-10-07T10:47:48+00:00,2026-10-07T10:48:05+00:00
2026,5,401872980,2026-10-08,19:15,00-0039361,Bucky Irving,TB,DAL,RB,receiving_yards,18.9,1.7,47.7,,,eligible,eligible_current_role,starter,Active,1.0,direct_component_blend,20260908_1821_receiving_yards_blend,2026-10-07T10:47:48+00:00,2026-10-07T10:48:05+00:00
2026,5,401872980,2026-10-08,19:15,00-0039387,Caelen Carson,DAL,TB,DB,tackles,2.3,0.4,4.8,0.8450782811769076,0.6174572304705235,eligible,eligible_current_role,backup,Active,3.0,direct,20260908_1821_tackles_direct,2026-10-07T10:47:48+00:00,2026-10-07T10:48:05+00:00
2026,5,401872980,2026-10-08,19:15,00-0039410,Ryan Flournoy,DAL,TB,WR,rushing_yards,0.0,-10.8,15.0,,,eligible,eligible_current_role,backup,Active,3.0,direct_component_blend,20260908_1821_rushing_yards_blend,2026-10-07T10:47:48+00:00,2026-10-07T10:48:05+00:00
2026,5,401872980,2026-10-08,19:15,00-0039410,Ryan Flournoy,DAL,TB,WR,receiving_yards,22.3,-4.3,71.5,,,eligible,eligible_current_role,backup,Active,3.0,direct_component_blend,20260908_1821_receiving_yards_blend,2026-10-07T10:47:48+00:00,2026-10-07T10:48:05+00:00
2026,5,401872980,2026-10-08,19:15,00-0039465,Reddy Steward,DAL,TB,DB,tackles,3.7,1.5,6.4,0.9420712674209828,0.8336362815201992,eligible,eligible_current_role,recent_defensive_participant,,,direct,20260908_1821_tackles_direct,2026-10-07T10:47:48+00:00,2026-10-07T10:48:05+00:00
2026,5,401872980,2026-10-08,19:15,00-0039530,Brevyn Spann-Ford,DAL,TB,TE,rushing_yards,0.0,-10.8,15.0,,,eligible,eligible_current_role,backup,,2.0,direct_component_blend,20260908_1821_rushing_yards_blend,2026-10-07T10:47:48+00:00,2026-10-07T10:48:05+00:00
2026,5,401872980,2026-10-08,19:15,00-0039530,Brevyn Spann-Ford,DAL,TB,TE,receiving_yards,6.9,-10.2,35.7,,,eligible,eligible_current_role,backup,,2.0,direct_component_blend,20260908_1821_receiving_yards_blend,2026-10-07T10:47:48+00:00,2026-10-07T10:48:05+00:00
2026,5,401872980,2026-10-08,19:15,00-0039589,Kameron Johnson,TB,DAL,WR,rushing_yards,0.0,-10.7,15.0,,,eligible,eligible_current_role,backup,,5.0,direct_component_blend,20260908_1821_rushing_yards_blend,2026-10-07T10:47:48+00:00,2026-10-07T10:48:05+00:00
2026,5,401872980,2026-10-08,19:15,00-0039589,Kameron Johnson,TB,DAL,WR,receiving_yards,0.9,-16.3,29.7,,,eligible,eligible_current_role,backup,,5.0,direct_component_blend,20260908_1821_receiving_yards_blend,2026-10-07T10:47:48+00:00,2026-10-07T10:48:05+00:00
2026,5,401872980,2026-10-08,19:15,00-0039846,Tykee Smith,TB,DAL,DB,tackles,4.4,2.1,7.0,0.9675816457075516,0.8913512181934242,eligible,eligible_current_role,starter,Active,1.0,direct,20260908_1821_tackles_direct,2026-10-07T10:47:48+00:00,2026-10-07T10:48:05+00:00
2026,5,401872980,2026-10-08,19:15,00-0040008,Shavon Revel Jr.,DAL,TB,DB,tackles,3.7,1.0,7.2,0.939628777135824,0.8290113859037209,eligible,eligible_current_role,backup,Active,3.0,direct,20260908_1821_tackles_direct,2026-10-07T10:47:48+00:00,2026-10-07T10:48:05+00:00
2026,5,401872980,2026-10-08,19:15,00-0040011,Shemar James,DAL,TB,LB,tackles,4.9,2.9,7.3,0.979982578112154,0.9270969898468474,eligible,eligible_current_role,recent_defensive_participant,,,direct,20260908_1821_tackles_direct,2026-10-07T10:47:48+00:00,2026-10-07T10:48:05+00:00
2026,5,401872980,2026-10-08,19:15,00-0040043,Justin Barron,DAL,TB,LB,tackles,0.7,0.0,4.2,0.4132335442460419,0.14048131058316665,eligible,eligible_current_role,recent_defensive_participant,,,direct,20260908_1821_tackles_direct,2026-10-07T10:47:48+00:00,2026-10-07T10:48:05+00:00
2026,5,401872980,2026-10-08,19:15,00-0040045,Alijah Clark,DAL,TB,DB,tackles,1.0,0.0,3.5,0.5501910500071883,0.2610612829696577,eligible,eligible_current_role,backup,Active,3.0,direct,20260908_1821_tackles_direct,2026-10-07T10:47:48+00:00,2026-10-07T10:48:05+00:00
2026,5,401872980,2026-10-08,19:15,00-0040089,Kevin Knowles,TB,DAL,DB,tackles,1.3,0.0,4.1,0.6061018323823363,0.3135166877241033,eligible,eligible_current_role,backup,,2.0,direct,20260908_1821_tackles_direct,2026-10-07T10:47:48+00:00,2026-10-07T10:48:05+00:00
2026,5,401872980,2026-10-08,19:15,00-0040129,Emeka Egbuka,TB,DAL,WR,rushing_yards,0.0,-10.8,15.0,,,eligible,eligible_current_role,starter,Active,1.0,direct_component_blend,20260908_1821_rushing_yards_blend,2026-10-07T10:47:48+00:00,2026-10-07T10:48:05+00:00
2026,5,401872980,2026-10-08,19:15,00-0040129,Emeka Egbuka,TB,DAL,WR,receiving_yards,47.1,20.5,96.3,,,eligible,eligible_current_role,starter,Active,1.0,direct_component_blend,20260908_1821_receiving_yards_blend,2026-10-07T10:47:48+00:00,2026-10-07T10:48:05+00:00
2026,5,401872980,2026-10-08,19:15,00-0040143,Jacob Parrish,TB,DAL,DB,tackles,5.2,2.5,8.6,0.9810434489317943,0.9371588239579095,eligible,eligible_current_role,starter,Active,1.0,direct,20260908_1821_tackles_direct,2026-10-07T10:47:48+00:00,2026-10-07T10:48:05+00:00
2026,5,401872980,2026-10-08,19:15,00-0040158,David Walker,TB,DAL,LB,tackles,1.1,0.0,4.6,0.5545584933037511,0.2650264720333197,eligible,eligible_current_role,backup,,3.0,direct,20260908_1821_tackles_direct,2026-10-07T10:47:48+00:00,2026-10-07T10:48:05+00:00
2026,5,401872980,2026-10-08,19:15,00-0040183,Elijah Roberts,TB,DAL,DL,tackles,1.5,0.0,4.0,0.7089831839863971,0.42076940525323314,eligible,eligible_current_role,backup,,2.0,direct,20260908_1821_tackles_direct,2026-10-07T10:47:48+00:00,2026-10-07T10:48:05+00:00
2026,5,401872980,2026-10-08,19:15,00-0040237,Tez Johnson,TB,DAL,WR,rushing_yards,0.5,-10.2,15.6,,,eligible,eligible_current_role,backup,Active,4.0,direct_component_blend,20260908_1821_rushing_yards_blend,2026-10-07T10:47:48+00:00,2026-10-07T10:48:05+00:00
2026,5,401872980,2026-10-08,19:15,00-0040237,Tez Johnson,TB,DAL,WR,receiving_yards,9.6,-7.6,38.4,,,eligible,eligible_current_role,backup,Active,4.0,direct_component_blend,20260908_1821_receiving_yards_blend,2026-10-07T10:47:48+00:00,2026-10-07T10:48:05+00:00
2026,5,401872980,2026-10-08,19:15,00-0040384,Elijah Simmons,TB,DAL,DL,tackles,0.9,0.0,3.4,0.5064564831691408,0.2254507621275516,eligible,eligible_current_role,backup,,2.0,direct,20260908_1821_tackles_direct,2026-10-07T10:47:48+00:00,2026-10-07T10:48:05+00:00
2026,5,401872980,2026-10-08,19:15,00-0040429,Josh Williams,TB,DAL,RB,rushing_yards,3.9,-7.9,20.5,,,eligible,eligible_current_role,roster_only,,,direct_component_blend,20260908_1821_rushing_yards_blend,2026-10-07T10:47:48+00:00,2026-10-07T10:48:05+00:00
2026,5,401872980,2026-10-08,19:15,00-0040429,Josh Williams,TB,DAL,RB,receiving_yards,0.5,-18.1,32.5,,,eligible,eligible_current_role,roster_only,,,direct_component_blend,20260908_1821_receiving_yards_blend,2026-10-07T10:47:48+00:00,2026-10-07T10:48:05+00:00
2026,5,401872980,2026-10-08,19:15,00-0040702,Mitch Van Vooren,DAL,TB,TE,rushing_yards,0.0,-14.8,20.6,,,eligible,eligible_current_role,roster_only,,,direct_component_blend,20260908_1821_rushing_yards_blend,2026-10-07T10:47:48+00:00,2026-10-07T10:48:05+00:00
2026,5,401872980,2026-10-08,19:15,00-0040702,Mitch Van Vooren,DAL,TB,TE,receiving_yards,4.1,-18.5,44.7,,,eligible,eligible_current_role,roster_only,,,direct_component_blend,20260908_1821_receiving_yards_blend,2026-10-07T10:47:48+00:00,2026-10-07T10:48:05+00:00
2026,5,401872980,2026-10-08,19:15,00-0040725,Donovan Ezeiruaku,DAL,TB,LB,tackles,2.5,0.6,5.0,0.8667116722565431,0.6599912434301979,eligible,eligible_current_role,starter,,1.0,direct,20260908_1821_tackles_direct,2026-10-07T10:47:48+00:00,2026-10-07T10:48:05+00:00
2026,5,401872980,2026-10-08,19:15,00-0040747,Benjamin Morrison,TB,DAL,DB,tackles,3.5,0.8,7.0,0.9293202149532507,0.8102168967423812,eligible,questionable_flag,starter,Questionable,1.0,direct,20260908_1821_tackles_direct,2026-10-07T10:47:48+00:00,2026-10-07T10:48:05+00:00
2026,5,401872980,2026-10-08,19:15,00-0040865,Caleb Downs,DAL,TB,DB,tackles,3.1,0.3,7.0,0.9118690588347821,0.7693631426035173,eligible,eligible_current_role,starter,Active,1.0,direct,20260908_1821_tackles_direct,2026-10-07T10:47:48+00:00,2026-10-07T10:48:05+00:00
2026,5,401872980,2026-10-08,19:15,00-0040872,Jaishawn Barham,DAL,TB,LB,tackles,1.3,0.0,4.8,0.6095056991690412,0.3167389101743682,eligible,eligible_current_role,recent_defensive_participant,,,direct,20260908_1821_tackles_direct,2026-10-07T10:47:48+00:00,2026-10-07T10:48:05+00:00
2026,5,401872980,2026-10-08,19:15,00-0040880,LT Overton,DAL,TB,DL,tackles,1.2,0.0,4.7,0.5704304512535747,0.27992727067264517,eligible,eligible_current_role,backup,,2.0,direct,20260908_1821_tackles_direct,2026-10-07T10:47:48+00:00,2026-10-07T10:48:05+00:00
2026,5,401872980,2026-10-08,19:15,00-0040930,Camden Brown,DAL,TB,WR,rushing_yards,0.0,-14.7,20.7,,,eligible,eligible_current_role,backup,Active,6.0,direct_component_blend,20260908_1821_rushing_yards_blend,2026-10-07T10:47:48+00:00,2026-10-07T10:48:05+00:00
2026,5,401872980,2026-10-08,19:15,00-0040930,Camden Brown,DAL,TB,WR,receiving_yards,6.9,-15.7,47.5,,,eligible,eligible_current_role,backup,Active,6.0,direct_component_blend,20260908_1821_receiving_yards_blend,2026-10-07T10:47:48+00:00,2026-10-07T10:48:05+00:00
2026,5,401872980,2026-10-08,19:15,00-0041031,Rueben Bain Jr.,TB,DAL,LB,tackles,2.1,0.0,5.6,0.8105130967346573,0.5557633681136215,eligible,eligible_current_role,starter,Active,1.0,direct,20260908_1821_tackles_direct,2026-10-07T10:47:48+00:00,2026-10-07T10:48:05+00:00
2026,5,401872980,2026-10-08,19:15,00-0041048,Ted Hurst III,TB,DAL,WR,rushing_yards,0.0,-14.8,20.6,,,eligible,eligible_current_role,backup,Active,3.0,direct_component_blend,20260908_1821_rushing_yards_blend,2026-10-07T10:47:48+00:00,2026-10-07T10:48:05+00:00
2026,5,401872980,2026-10-08,19:15,00-0041048,Ted Hurst III,TB,DAL,WR,receiving_yards,7.6,-15.1,48.1,,,eligible,eligible_current_role,backup,Active,3.0,direct_component_blend,20260908_1821_receiving_yards_blend,2026-10-07T10:47:48+00:00,2026-10-07T10:48:05+00:00
2026,5,401872980,2026-10-08,19:15,00-0041057,Keionte Scott,TB,DAL,DB,tackles,2.3,0.0,6.2,0.8432694194402024,0.6139721749162477,eligible,eligible_current_role,backup,,2.0,direct,20260908_1821_tackles_direct,2026-10-07T10:47:48+00:00,2026-10-07T10:48:05+00:00
2026,5,401872980,2026-10-08,19:15,00-0041079,DeMonte Capehart,TB,DAL,DL,tackles,1.2,0.0,4.7,0.5689911476553655,0.27854357696839954,eligible,eligible_current_role,backup,Active,2.0,direct,20260908_1821_tackles_direct,2026-10-07T10:47:48+00:00,2026-10-07T10:48:05+00:00
2026,5,401872980,2026-10-08,19:15,00-0041094,Bauer Sharp,TB,DAL,TE,rushing_yards,0.0,-14.8,20.6,,,eligible,eligible_current_role,backup,,4.0,direct_component_blend,20260908_1821_rushing_yards_blend,2026-10-07T10:47:48+00:00,2026-10-07T10:48:05+00:00
2026,5,401872980,2026-10-08,19:15,00-0041094,Bauer Sharp,TB,DAL,TE,receiving_yards,5.7,-17.0,46.3,,,eligible,eligible_current_role,backup,,4.0,direct_component_blend,20260908_1821_receiving_yards_blend,2026-10-07T10:47:48+00:00,2026-10-07T10:48:05+00:00
2026,5,401872980,2026-10-08,19:15,00-0041251,Jalon Daniels,TB,DAL,QB,passing_yards,150.5,-30.0,355.6,,,eligible,eligible_current_role,backup,Active,2.0,direct_component_blend,20260908_1821_passing_yards_blend,2026-10-07T10:47:48+00:00,2026-10-07T10:48:05+00:00
2026,5,401872980,2026-10-08,19:15,00-0041251,Jalon Daniels,TB,DAL,QB,passing_tds,0.312,,,0.19207798429824086,0.04803281906814072,eligible,eligible_current_role,backup,Active,2.0,direct_component_blend,20260908_1821_passing_tds_blend,2026-10-07T10:47:48+00:00,2026-10-07T10:48:05+00:00
2026,5,401872980,2026-10-08,19:15,00-0041251,Jalon Daniels,TB,DAL,QB,rushing_yards,10.7,-13.1,44.1,,,eligible,eligible_current_role,backup,Active,2.0,direct_component_blend,20260908_1821_rushing_yards_blend,2026-10-07T10:47:48+00:00,2026-10-07T10:48:05+00:00
2026,5,401872980,2026-10-08,19:15,00-0041253,Ayden Garnes,TB,DAL,DB,tackles,2.3,0.0,6.2,0.8432694194402024,0.6139721749162477,eligible,eligible_current_role,backup,,2.0,direct,20260908_1821_tackles_direct,2026-10-07T10:47:48+00:00,2026-10-07T10:48:05+00:00
2026,5,401872980,2026-10-08,19:15,00-0041502,Josiah Trotter,TB,DAL,LB,tackles,1.3,0.0,4.9,0.6177254520661064,0.3246052316092863,eligible,eligible_current_role,recent_defensive_participant,Active,,direct,20260908_1821_tackles_direct,2026-10-07T10:47:48+00:00,2026-10-07T10:48:05+00:00
2026,5,401872980,2026-10-08,19:15,00-0041537,Malachi Lawrence,DAL,TB,LB,tackles,1.6,0.0,5.1,0.7389994346222856,0.4563833632970683,eligible,eligible_current_role,backup,,2.0,direct,20260908_1821_tackles_direct,2026-10-07T10:47:48+00:00,2026-10-07T10:48:05+00:00
2026,5,401872981,2026-10-11,14:30,00-0027973,Andy Dalton,PHI,JAX,QB,rushing_yards,3.9,-6.8,18.9,,,eligible,eligible_current_role,backup,Active,3.0,direct_component_blend,20260908_1821_rushing_yards_blend,2026-10-07T10:47:48+00:00,2026-10-07T10:48:05+00:00
2026,5,401872981,2026-10-11,14:30,00-0030061,Zach Ertz,PHI,JAX,TE,rushing_yards,0.0,-10.8,15.0,,,eligible,eligible_current_role,roster_only,Active,,direct_component_blend,20260908_1821_rushing_yards_blend,2026-10-07T10:47:48+00:00,2026-10-07T10:48:05+00:00
2026,5,401872981,2026-10-11,14:30,00-0030061,Zach Ertz,PHI,JAX,TE,receiving_yards,25.6,5.9,59.8,,,eligible,eligible_current_role,roster_only,Active,,direct_component_blend,20260908_1821_receiving_yards_blend,2026-10-07T10:47:48+00:00,2026-10-07T10:48:05+00:00
2026,5,401872981,2026-10-11,14:30,00-0032104,Ameer Abdullah,JAX,PHI,RB,rushing_yards,9.3,-1.4,24.4,,,eligible,eligible_current_role,backup,,4.0,direct_component_blend,20260908_1821_rushing_yards_blend,2026-10-07T10:47:48+00:00,2026-10-07T10:48:05+00:00
2026,5,401872981,2026-10-11,14:30,00-0032104,Ameer Abdullah,JAX,PHI,RB,receiving_yards,3.2,-14.0,32.0,,,eligible,eligible_current_role,backup,,4.0,direct_component_blend,20260908_1821_receiving_yards_blend,2026-10-07T10:47:48+00:00,2026-10-07T10:48:05+00:00
2026,5,401872981,2026-10-11,14:30,00-0032164,Arik Armstead,JAX,PHI,DL,tackles,1.7,0.0,4.2,0.760759956266307,0.4829090499309299,eligible,eligible_current_role,starter,,1.0,direct,20260908_1821_tackles_direct,2026-10-07T10:47:48+00:00,2026-10-07T10:48:05+00:00
2026,5,401872981,2026-10-11,14:30,00-0032580,Jonathan Jones,PHI,JAX,DB,tackles,3.8,1.1,7.3,0.9436888837134437,0.8367395732710962,eligible,eligible_current_role,backup,,2.0,direct,20260908_1821_tackles_direct,2026-10-07T10:47:48+00:00,2026-10-07T10:48:05+00:00
2026,5,401872981,2026-10-11,14:30,00-0033038,Eric Murray,JAX,PHI,DB,tackles,4.3,1.6,7.8,0.9664577822388972,0.888498337245443,eligible,questionable_flag,starter,Questionable,1.0,direct,20260908_1821_tackles_direct,2026-10-07T10:47:48+00:00,2026-10-07T10:48:05+00:00
2026,5,401872981,2026-10-11,14:30,00-0033246,Johnny Mundt,PHI,JAX,TE,rushing_yards,0.0,-10.8,14.9,,,eligible,eligible_current_role,backup,,2.0,direct_component_blend,20260908_1821_rushing_yards_blend,2026-10-07T10:47:48+00:00,2026-10-07T10:48:05+00:00
2026,5,401872981,2026-10-11,14:30,00-0033246,Johnny Mundt,PHI,JAX,TE,receiving_yards,8.0,-9.2,36.8,,,eligible,eligible_current_role,backup,,2.0,direct_component_blend,20260908_1821_receiving_yards_blend,2026-10-07T10:47:48+00:00,2026-10-07T10:48:05+00:00
2026,5,401872981,2026-10-11,14:30,00-0033319,Nick Mullens,JAX,PHI,QB,rushing_yards,4.6,-8.1,22.6,,,eligible,eligible_current_role,roster_only,,,direct_component_blend,20260908_1821_rushing_yards_blend,2026-10-07T10:47:48+00:00,2026-10-07T10:48:05+00:00
2026,5,401872981,2026-10-11,14:30,00-0033393,Kenny Moore II,PHI,JAX,DB,tackles,4.0,1.3,7.5,0.95258616516592,0.8550052601292479,eligible,eligible_current_role,backup,,2.0,direct,20260908_1821_tackles_direct,2026-10-07T10:47:48+00:00,2026-10-07T10:48:05+00:00
2026,5,401872981,2026-10-11,14:30,00-0033787,Jake Elliott,PHI,JAX,K,kicking_points,7.1,2.1,13.0,,,eligible,eligible_current_role,starter,Active,1.0,component,20260908_1821_kicking_points_component,2026-10-07T10:47:48+00:00,2026-10-07T10:48:05+00:00
2026,5,401872981,2026-10-11,14:30,00-0033928,Jourdan Lewis,JAX,PHI,DB,tackles,3.5,1.3,6.2,0.9318403067135301,0.8147108858009822,eligible,eligible_current_role,starter,Active,1.0,direct,20260908_1821_tackles_direct,2026-10-07T10:47:48+00:00,2026-10-07T10:48:05+00:00
2026,5,401872981,2026-10-11,14:30,00-0034351,Dallas Goedert,PHI,JAX,TE,rushing_yards,0.0,-10.8,14.9,,,eligible,eligible_current_role,starter,Doubtful,1.0,direct_component_blend,20260908_1821_rushing_yards_blend,2026-10-07T10:47:48+00:00,2026-10-07T10:48:05+00:00
2026,5,401872981,2026-10-11,14:30,00-0034351,Dallas Goedert,PHI,JAX,TE,receiving_yards,41.2,21.5,75.4,,,eligible,eligible_current_role,starter,Doubtful,1.0,direct_component_blend,20260908_1821_receiving_yards_blend,2026-10-07T10:47:48+00:00,2026-10-07T10:48:05+00:00
2026,5,401872981,2026-10-11,14:30,00-0034413,Foyesade Oluokun,JAX,PHI,LB,tackles,7.5,5.4,12.4,0.983495145631068,0.9631067961165048,eligible,eligible_current_role,starter,Active,1.0,direct,20260908_1821_tackles_direct,2026-10-07T10:47:48+00:00,2026-10-07T10:48:05+00:00
2026,5,401872981,2026-10-11,14:30,00-0034473,Dennis Gardeck,JAX,PHI,LB,tackles,2.0,0.1,4.6,0.8060289290702236,0.5482335007134456,eligible,eligible_current_role,starter,,1.0,direct,20260908_1821_tackles_direct,2026-10-07T10:47:48+00:00,2026-10-07T10:48:05+00:00
2026,5,401872981,2026-10-11,14:30,00-0034657,Matt Dickerson,JAX,PHI,DL,tackles,1.6,0.0,4.0,0.7456089565683368,0.4649438556186329,eligible,eligible_current_role,backup,,2.0,direct,20260908_1821_tackles_direct,2026-10-07T10:47:48+00:00,2026-10-07T10:48:05+00:00
2026,5,401872981,2026-10-11,14:30,00-0034844,Saquon Barkley,PHI,JAX,RB,rushing_yards,56.3,34.3,87.2,,,eligible,questionable_flag,starter,Questionable,1.0,direct_component_blend,20260908_1821_rushing_yards_blend,2026-10-07T10:47:48+00:00,2026-10-07T10:48:05+00:00
2026,5,401872981,2026-10-11,14:30,00-0034844,Saquon Barkley,PHI,JAX,RB,receiving_yards,15.2,-1.9,44.0,,,eligible,questionable_flag,starter,Questionable,1.0,direct_component_blend,20260908_1821_receiving_yards_blend,2026-10-07T10:47:48+00:00,2026-10-07T10:48:05+00:00
2026,5,401872981,2026-10-11,14:30,00-0034960,Jakobi Meyers,JAX,PHI,WR,rushing_yards,0.7,-10.0,15.8,,,eligible,eligible_current_role,backup,Active,2.0,direct_component_blend,20260908_1821_rushing_yards_blend,2026-10-07T10:47:48+00:00,2026-10-07T10:48:05+00:00
2026,5,401872981,2026-10-11,14:30,00-0034960,Jakobi Meyers,JAX,PHI,WR,receiving_yards,46.7,20.1,95.9,,,eligible,eligible_current_role,backup,Active,2.0,direct_component_blend,20260908_1821_receiving_yards_blend,2026-10-07T10:47:48+00:00,2026-10-07T10:48:05+00:00
2026,5,401872981,2026-10-11,14:30,00-0034993,Marcus Epps,PHI,JAX,DB,tackles,4.2,1.6,7.7,0.9637108196632832,0.8816227868539146,eligible,questionable_flag,starter,Questionable,1.0,direct,20260908_1821_tackles_direct,2026-10-07T10:47:48+00:00,2026-10-07T10:48:05+00:00
2026,5,401872981,2026-10-11,14:30,00-0035240,Jahlani Tavai,JAX,PHI,LB,tackles,4.3,2.3,6.7,0.9661181337605573,0.8876408292306575,eligible,eligible_current_role,backup,,2.0,direct,20260908_1821_tackles_direct,2026-10-07T10:47:48+00:00,2026-10-07T10:48:05+00:00
2026,5,401872981,2026-10-11,14:30,00-0035642,Josh Hines-Allen,JAX,PHI,DL,tackles,2.9,0.8,5.6,0.8978848436172022,0.7309198472226995,eligible,eligible_current_role,starter,,1.0,direct,20260908_1821_tackles_direct,2026-10-07T10:47:48+00:00,2026-10-07T10:48:05+00:00
2026,5,401872981,2026-10-11,14:30,00-0035662,Marquise Brown,PHI,JAX,WR,rushing_yards,1.5,-9.2,16.6,,,eligible,questionable_flag,backup,Questionable,4.0,direct_component_blend,20260908_1821_rushing_yards_blend,2026-10-07T10:47:48+00:00,2026-10-07T10:48:05+00:00
2026,5,401872981,2026-10-11,14:30,00-0035662,Marquise Brown,PHI,JAX,WR,receiving_yards,18.6,1.5,47.4,,,eligible,questionable_flag,backup,Questionable,4.0,direct_component_blend,20260908_1821_receiving_yards_blend,2026-10-07T10:47:48+00:00,2026-10-07T10:48:05+00:00
2026,5,401872981,2026-10-11,14:30,00-0036192,A.J. Epenesa,PHI,JAX,DL,tackles,1.5,0.0,4.0,0.7172317271830739,0.43034025197089837,eligible,eligible_current_role,backup,,3.0,direct,20260908_1821_tackles_direct,2026-10-07T10:47:48+00:00,2026-10-07T10:48:05+00:00
2026,5,401872981,2026-10-11,14:30,00-0036224,Jonathan Greenard,PHI,JAX,LB,tackles,2.2,0.2,4.7,0.8248512674094503,0.5805211686483117,eligible,questionable_flag,starter,Questionable,1.0,direct,20260908_1821_tackles_direct,2026-10-07T10:47:48+00:00,2026-10-07T10:48:05+00:00
2026,5,401872981,2026-10-11,14:30,00-0036262,DaVon Hamilton,JAX,PHI,DL,tackles,2.2,0.3,4.7,0.8290734185845371,0.5880189696283894,eligible,eligible_current_role,starter,Active,1.0,direct,20260908_1821_tackles_direct,2026-10-07T10:47:48+00:00,2026-10-07T10:48:05+00:00
2026,5,401872981,2026-10-11,14:30,00-0036332,Josiah Deguara,PHI,JAX,TE,rushing_yards,0.0,-10.8,14.9,,,eligible,eligible_current_role,roster_only,,,direct_component_blend,20260908_1821_rushing_yards_blend,2026-10-07T10:47:48+00:00,2026-10-07T10:48:05+00:00
2026,5,401872981,2026-10-11,14:30,00-0036332,Josiah Deguara,PHI,JAX,TE,receiving_yards,3.5,-13.6,32.3,,,eligible,eligible_current_role,roster_only,,,direct_component_blend,20260908_1821_receiving_yards_blend,2026-10-07T10:47:48+00:00,2026-10-07T10:48:05+00:00
2026,5,401872981,2026-10-11,14:30,00-0036389,Jalen Hurts,PHI,JAX,QB,passing_yards,209.3,115.8,315.5,,,eligible,eligible_current_role,starter,Active,1.0,direct_component_blend,20260908_1821_passing_yards_blend,2026-10-07T10:47:48+00:00,2026-10-07T10:48:05+00:00
2026,5,401872981,2026-10-11,14:30,00-0036389,Jalen Hurts,PHI,JAX,QB,passing_tds,1.188,,,0.6547619047619048,0.39285714285714285,eligible,eligible_current_role,starter,Active,1.0,direct_component_blend,20260908_1821_passing_tds_blend,2026-10-07T10:47:48+00:00,2026-10-07T10:48:05+00:00
2026,5,401872981,2026-10-11,14:30,00-0036389,Jalen Hurts,PHI,JAX,QB,rushing_yards,21.9,9.2,39.9,,,eligible,eligible_current_role,starter,Active,1.0,direct_component_blend,20260908_1821_rushing_yards_blend,2026-10-07T10:47:48+00:00,2026-10-07T10:48:05+00:00
2026,5,401872981,2026-10-11,14:30,00-0036418,Zack Baun,PHI,JAX,LB,tackles,6.6,3.7,10.6,0.983495145631068,0.9631067961165048,eligible,questionable_flag,recent_defensive_participant,Questionable,,direct,20260908_1821_tackles_direct,2026-10-07T10:47:48+00:00,2026-10-07T10:48:05+00:00
2026,5,401872981,2026-10-11,14:30,00-0036501,Michael Carter II,PHI,JAX,DB,tackles,1.9,0.0,4.4,0.7792027071586003,0.5061942222403923,eligible,eligible_current_role,backup,,2.0,direct,20260908_1821_tackles_direct,2026-10-07T10:47:48+00:00,2026-10-07T10:48:05+00:00
2026,5,401872981,2026-10-11,14:30,00-0036590,Quintin Morris,JAX,PHI,TE,rushing_yards,0.0,-10.8,15.0,,,eligible,eligible_current_role,backup,,3.0,direct_component_blend,20260908_1821_rushing_yards_blend,2026-10-07T10:47:48+00:00,2026-10-07T10:48:05+00:00
2026,5,401872981,2026-10-11,14:30,00-0036590,Quintin Morris,JAX,PHI,TE,receiving_yards,2.3,-14.8,31.1,,,eligible,eligible_current_role,backup,,3.0,direct_component_blend,20260908_1821_receiving_yards_blend,2026-10-07T10:47:48+00:00,2026-10-07T10:48:05+00:00
2026,5,401872981,2026-10-11,14:30,00-0036912,DeVonta Smith,PHI,JAX,WR,rushing_yards,0.0,-10.8,14.9,,,eligible,questionable_flag,starter,Questionable,1.0,direct_component_blend,20260908_1821_rushing_yards_blend,2026-10-07T10:47:48+00:00,2026-10-07T10:48:05+00:00
2026,5,401872981,2026-10-11,14:30,00-0036912,DeVonta Smith,PHI,JAX,WR,receiving_yards,48.9,22.3,98.1,,,eligible,questionable_flag,starter,Questionable,1.0,direct_component_blend,20260908_1821_receiving_yards_blend,2026-10-07T10:47:48+00:00,2026-10-07T10:48:05+00:00
2026,5,401872981,2026-10-11,14:30,00-0036971,Trevor Lawrence,JAX,PHI,QB,passing_yards,220.5,127.0,326.7,,,eligible,eligible_current_role,starter,Active,1.0,direct_component_blend,20260908_1821_passing_yards_blend,2026-10-07T10:47:48+00:00,2026-10-07T10:48:05+00:00
2026,5,401872981,2026-10-11,14:30,00-0036971,Trevor Lawrence,JAX,PHI,QB,passing_tds,1.464,,,0.8049529834350585,0.46863171866658154,eligible,eligible_current_role,starter,Active,1.0,direct_component_blend,20260908_1821_passing_tds_blend,2026-10-07T10:47:48+00:00,2026-10-07T10:48:05+00:00
2026,5,401872981,2026-10-11,14:30,00-0036971,Trevor Lawrence,JAX,PHI,QB,rushing_yards,17.2,4.4,35.1,,,eligible,eligible_current_role,starter,Active,1.0,direct_component_blend,20260908_1821_rushing_yards_blend,2026-10-07T10:47:48+00:00,2026-10-07T10:48:05+00:00
2026,5,401872981,2026-10-11,14:30,00-0036980,Elijah Moore,PHI,JAX,WR,rushing_yards,0.5,-10.2,15.5,,,eligible,eligible_current_role,backup,,6.0,direct_component_blend,20260908_1821_rushing_yards_blend,2026-10-07T10:47:48+00:00,2026-10-07T10:48:05+00:00
2026,5,401872981,2026-10-11,14:30,00-0036980,Elijah Moore,PHI,JAX,WR,receiving_yards,10.3,-6.9,39.1,,,eligible,eligible_current_role,backup,,6.0,direct_component_blend,20260908_1821_receiving_yards_blend,2026-10-07T10:47:48+00:00,2026-10-07T10:48:05+00:00
2026,5,401872981,2026-10-11,14:30,00-0037073,Jordan Davis,PHI,JAX,DL,tackles,3.3,1.3,5.7,0.9203210652286289,0.7943951958167422,eligible,eligible_current_role,starter,,1.0,direct,20260908_1821_tackles_direct,2026-10-07T10:47:48+00:00,2026-10-07T10:48:05+00:00
2026,5,401872981,2026-10-11,14:30,00-0037079,Riq Woolen,PHI,JAX,DB,tackles,2.9,0.8,5.7,0.9012076612574196,0.7397594108625885,eligible,eligible_current_role,starter,,1.0,direct,20260908_1821_tackles_direct,2026-10-07T10:47:48+00:00,2026-10-07T10:48:05+00:00
2026,5,401872981,2026-10-11,14:30,00-0037106,Jaylon Jones,JAX,PHI,DB,tackles,0.8,0.0,3.3,0.4374831498773306,0.17200669272376395,eligible,eligible_current_role,backup,,2.0,direct,20260908_1821_tackles_direct,2026-10-07T10:47:48+00:00,2026-10-07T10:48:05+00:00
2026,5,401872981,2026-10-11,14:30,00-0037132,Britain Covey,PHI,JAX,WR,rushing_yards,0.0,-10.8,15.0,,,eligible,eligible_current_role,backup,,7.0,direct_component_blend,20260908_1821_rushing_yards_blend,2026-10-07T10:47:48+00:00,2026-10-07T10:48:05+00:00
2026,5,401872981,2026-10-11,14:30,00-0037132,Britain Covey,PHI,JAX,WR,receiving_yards,0.3,-16.8,29.2,,,eligible,eligible_current_role,backup,,7.0,direct_component_blend,20260908_1821_receiving_yards_blend,2026-10-07T10:47:48+00:00,2026-10-07T10:48:05+00:00
2026,5,401872981,2026-10-11,14:30,00-0037235,Travon Walker,JAX,PHI,DL,tackles,2.8,0.7,5.6,0.8923024850081109,0.7164385959187577,eligible,eligible_current_role,starter,,1.0,direct,20260908_1821_tackles_direct,2026-10-07T10:47:48+00:00,2026-10-07T10:48:05+00:00
2026,5,401872981,2026-10-11,14:30,00-0037313,Montaric Brown,JAX,PHI,DB,tackles,3.9,1.2,7.4,0.9502377594708237,0.8496049218224535,eligible,questionable_flag,starter,Questionable,1.0,direct,20260908_1821_tackles_direct,2026-10-07T10:47:48+00:00,2026-10-07T10:48:05+00:00
2026,5,401872981,2026-10-11,14:30,00-0038116,Arnold Ebiketie,PHI,JAX,LB,tackles,1.3,0.0,3.8,0.6229792055682349,0.32969705545594635,eligible,eligible_current_role,backup,,2.0,direct,20260908_1821_tackles_direct,2026-10-07T10:47:48+00:00,2026-10-07T10:48:05+00:00
2026,5,401872981,2026-10-11,14:30,00-0038386,Jalen Carter,PHI,JAX,DL,tackles,2.5,0.4,5.2,0.8629752643450777,0.6523768818990832,eligible,eligible_current_role,starter,,1.0,direct,20260908_1821_tackles_direct,2026-10-07T10:47:48+00:00,2026-10-07T10:48:05+00:00
2026,5,401872981,2026-10-11,14:30,00-0038393,Dontayvion Wicks,PHI,JAX,WR,rushing_yards,0.0,-10.8,14.9,,,eligible,eligible_current_role,backup,Active,2.0,direct_component_blend,20260908_1821_rushing_yards_blend,2026-10-07T10:47:48+00:00,2026-10-07T10:48:05+00:00
2026,5,401872981,2026-10-11,14:30,00-0038393,Dontayvion Wicks,PHI,JAX,WR,receiving_yards,14.1,-3.1,42.9,,,eligible,eligible_current_role,backup,Active,2.0,direct_component_blend,20260908_1821_receiving_yards_blend,2026-10-07T10:47:48+00:00,2026-10-07T10:48:05+00:00
2026,5,401872981,2026-10-11,14:30,00-0038400,Tanner McKee,PHI,JAX,QB,rushing_yards,2.9,-7.8,18.0,,,eligible,eligible_current_role,backup,Active,2.0,direct_component_blend,20260908_1821_rushing_yards_blend,2026-10-07T10:47:48+00:00,2026-10-07T10:48:05+00:00
2026,5,401872981,2026-10-11,14:30,00-0038412,Moro Ojomo,PHI,JAX,DL,tackles,2.2,0.1,5.0,0.8285855533973092,0.5871475962527509,eligible,eligible_current_role,starter,Active,1.0,direct,20260908_1821_tackles_direct,2026-10-07T10:47:48+00:00,2026-10-07T10:48:05+00:00
2026,5,401872981,2026-10-11,14:30,00-0038498,E.J. Jenkins,PHI,JAX,TE,rushing_yards,0.0,-11.9,16.4,,,eligible,eligible_current_role,backup,,3.0,direct_component_blend,20260908_1821_rushing_yards_blend,2026-10-07T10:47:48+00:00,2026-10-07T10:48:05+00:00
2026,5,401872981,2026-10-11,14:30,00-0038498,E.J. Jenkins,PHI,JAX,TE,receiving_yards,3.6,-15.1,35.5,,,eligible,eligible_current_role,backup,,3.0,direct_component_blend,20260908_1821_receiving_yards_blend,2026-10-07T10:47:48+00:00,2026-10-07T10:48:05+00:00
2026,5,401872981,2026-10-11,14:30,00-0038570,Ventrell Miller,JAX,PHI,LB,tackles,1.1,0.0,3.6,0.5588211783780814,0.2689519650204012,eligible,eligible_current_role,starter,,1.0,direct,20260908_1821_tackles_direct,2026-10-07T10:47:48+00:00,2026-10-07T10:48:05+00:00
2026,5,401872981,2026-10-11,14:30,00-0038596,Antonio Johnson,JAX,PHI,DB,tackles,3.9,1.7,6.6,0.9512733862546231,0.8519779258556857,eligible,eligible_current_role,starter,,1.0,direct,20260908_1821_tackles_direct,2026-10-07T10:47:48+00:00,2026-10-07T10:48:05+00:00
2026,5,401872981,2026-10-11,14:30,00-0038606,Parker Washington,JAX,PHI,WR,rushing_yards,0.4,-10.4,15.4,,,eligible,eligible_current_role,starter,Active,1.0,direct_component_blend,20260908_1821_rushing_yards_blend,2026-10-07T10:47:48+00:00,2026-10-07T10:48:05+00:00
2026,5,401872981,2026-10-11,14:30,00-0038606,Parker Washington,JAX,PHI,WR,receiving_yards,43.5,16.9,92.7,,,eligible,eligible_current_role,starter,Active,1.0,direct_component_blend,20260908_1821_receiving_yards_blend,2026-10-07T10:47:48+00:00,2026-10-07T10:48:05+00:00
2026,5,401872981,2026-10-11,14:30,00-0038611,Chris Rodriguez Jr.,JAX,PHI,RB,rushing_yards,38.6,16.6,69.5,,,eligible,eligible_current_role,backup,Active,2.0,direct_component_blend,20260908_1821_rushing_yards_blend,2026-10-07T10:47:48+00:00,2026-10-07T10:48:05+00:00
2026,5,401872981,2026-10-11,14:30,00-0038611,Chris Rodriguez Jr.,JAX,PHI,RB,receiving_yards,4.7,-12.5,33.5,,,eligible,eligible_current_role,backup,Active,2.0,direct_component_blend,20260908_1821_receiving_yards_blend,2026-10-07T10:47:48+00:00,2026-10-07T10:48:05+00:00
2026,5,401872981,2026-10-11,14:30,00-0038616,Christian Braswell,JAX,PHI,DB,tackles,1.2,0.0,3.7,0.5684461823640742,0.2780213857566324,eligible,eligible_current_role,recent_defensive_participant,,,direct,20260908_1821_tackles_direct,2026-10-07T10:47:48+00:00,2026-10-07T10:48:05+00:00
2026,5,401872981,2026-10-11,14:30,00-0038935,Brenton Strange,JAX,PHI,TE,rushing_yards,0.0,-10.8,15.0,,,eligible,eligible_current_role,starter,Active,1.0,direct_component_blend,20260908_1821_rushing_yards_blend,2026-10-07T10:47:48+00:00,2026-10-07T10:48:05+00:00
2026,5,401872981,2026-10-11,14:30,00-0038935,Brenton Strange,JAX,PHI,TE,receiving_yards,32.7,13.0,66.9,,,eligible,eligible_current_role,starter,Active,1.0,direct_component_blend,20260908_1821_receiving_yards_blend,2026-10-07T10:47:48+00:00,2026-10-07T10:48:05+00:00
2026,5,401872981,2026-10-11,14:30,00-0038978,Byron Young,PHI,JAX,DL,tackles,1.6,0.0,4.1,0.753759637435471,0.47448496842840027,eligible,eligible_current_role,backup,,2.0,direct,20260908_1821_tackles_direct,2026-10-07T10:47:48+00:00,2026-10-07T10:48:05+00:00
2026,5,401872981,2026-10-11,14:30,00-0039013,Nolan Smith,PHI,JAX,LB,tackles,2.5,0.5,5.0,0.86309638314558,0.6526217710292264,eligible,eligible_current_role,starter,,1.0,direct,20260908_1821_tackles_direct,2026-10-07T10:47:48+00:00,2026-10-07T10:48:05+00:00
2026,5,401872981,2026-10-11,14:30,00-0039140,Kelee Ringo,PHI,JAX,DB,tackles,1.1,0.0,3.6,0.566399369647391,0.27606849752267676,eligible,eligible_current_role,backup,,2.0,direct,20260908_1821_tackles_direct,2026-10-07T10:47:48+00:00,2026-10-07T10:48:05+00:00
2026,5,401872981,2026-10-11,14:30,00-0039353,Jarrian Jones,JAX,PHI,DB,tackles,2.9,0.3,6.5,0.9012916410905307,0.7399850517930646,eligible,eligible_current_role,backup,,2.0,direct,20260908_1821_tackles_direct,2026-10-07T10:47:48+00:00,2026-10-07T10:48:05+00:00
2026,5,401872981,2026-10-11,14:30,00-0039409,Cam Little,JAX,PHI,K,kicking_points,7.6,3.1,12.9,,,eligible,eligible_current_role,starter,Active,1.0,component,20260908_1821_kicking_points_component,2026-10-07T10:47:48+00:00,2026-10-07T10:48:05+00:00
2026,5,401872981,2026-10-11,14:30,00-0039534,Carter Bradley,JAX,PHI,QB,rushing_yards,9.5,-8.1,34.2,,,eligible,eligible_current_role,roster_only,,,direct_component_blend,20260908_1821_rushing_yards_blend,2026-10-07T10:47:48+00:00,2026-10-07T10:48:05+00:00
2026,5,401872981,2026-10-11,14:30,00-0039733,Ruke Orhorhoro,JAX,PHI,DL,tackles,1.4,0.0,3.9,0.6511146134494091,0.3578432862667016,eligible,eligible_current_role,backup,,3.0,direct,20260908_1821_tackles_direct,2026-10-07T10:47:48+00:00,2026-10-07T10:48:05+00:00
2026,5,401872981,2026-10-11,14:30,00-0039740,Jalyx Hunt,PHI,JAX,LB,tackles,3.0,1.0,5.4,0.9041089808641458,0.74762094175059,eligible,eligible_current_role,backup,,2.0,direct,20260908_1821_tackles_direct,2026-10-07T10:47:48+00:00,2026-10-07T10:48:05+00:00
2026,5,401872981,2026-10-11,14:30,00-0039746,Will Shipley,PHI,JAX,RB,rushing_yards,4.6,-6.1,19.7,,,eligible,eligible_current_role,backup,Active,2.0,direct_component_blend,20260908_1821_rushing_yards_blend,2026-10-07T10:47:48+00:00,2026-10-07T10:48:05+00:00
2026,5,401872981,2026-10-11,14:30,00-0039746,Will Shipley,PHI,JAX,RB,receiving_yards,2.8,-14.3,31.6,,,eligible,eligible_current_role,backup,Active,2.0,direct_component_blend,20260908_1821_receiving_yards_blend,2026-10-07T10:47:48+00:00,2026-10-07T10:48:05+00:00
2026,5,401872981,2026-10-11,14:30,00-0039826,Jeremiah Trotter Jr.,PHI,JAX,LB,tackles,1.1,0.0,3.6,0.562237739566571,0.2721383542211434,eligible,eligible_current_role,recent_defensive_participant,Active,,direct,20260908_1821_tackles_direct,2026-10-07T10:47:48+00:00,2026-10-07T10:48:05+00:00
2026,5,401872981,2026-10-11,14:30,00-0039841,Cooper DeJean,PHI,JAX,DB,tackles,5.4,2.7,8.9,0.9818224666631268,0.9448861285424074,eligible,eligible_current_role,starter,Active,1.0,direct,20260908_1821_tackles_direct,2026-10-07T10:47:48+00:00,2026-10-07T10:48:05+00:00
2026,5,401872981,2026-10-11,14:30,00-0039888,Quinyon Mitchell,PHI,JAX,DB,tackles,3.1,0.5,6.6,0.9101988820857946,0.7645905000460663,eligible,questionable_flag,starter,Questionable,1.0,direct,20260908_1821_tackles_direct,2026-10-07T10:47:48+00:00,2026-10-07T10:48:05+00:00
2026,5,401872981,2026-10-11,14:30,00-0039893,Brian Thomas Jr.,JAX,PHI,WR,rushing_yards,0.1,-10.6,15.1,,,eligible,eligible_current_role,backup,Active,3.0,direct_component_blend,20260908_1821_rushing_yards_blend,2026-10-07T10:47:48+00:00,2026-10-07T10:48:05+00:00
2026,5,401872981,2026-10-11,14:30,00-0039893,Brian Thomas Jr.,JAX,PHI,WR,receiving_yards,46.5,19.8,95.6,,,eligible,eligible_current_role,backup,Active,3.0,direct_component_blend,20260908_1821_receiving_yards_blend,2026-10-07T10:47:48+00:00,2026-10-07T10:48:05+00:00
2026,5,401872981,2026-10-11,14:30,00-0040024,Darius Cooper,PHI,JAX,WR,rushing_yards,0.0,-10.8,15.0,,,eligible,eligible_current_role,backup,Active,5.0,direct_component_blend,20260908_1821_rushing_yards_blend,2026-10-07T10:47:48+00:00,2026-10-07T10:48:05+00:00
2026,5,401872981,2026-10-11,14:30,00-0040024,Darius Cooper,PHI,JAX,WR,receiving_yards,9.0,-8.2,37.8,,,eligible,eligible_current_role,backup,Active,5.0,direct_component_blend,20260908_1821_receiving_yards_blend,2026-10-07T10:47:48+00:00,2026-10-07T10:48:05+00:00
2026,5,401872981,2026-10-11,14:30,00-0040071,Mac McWilliams,PHI,JAX,DB,tackles,1.1,0.0,3.8,0.5538107750711517,0.2643435679528835,eligible,eligible_current_role,backup,,3.0,direct,20260908_1821_tackles_direct,2026-10-07T10:47:48+00:00,2026-10-07T10:48:05+00:00
2026,5,401872981,2026-10-11,14:30,00-0040213,Rayuan Lane III,JAX,PHI,DB,tackles,0.9,0.0,3.3,0.4817493742889972,0.20720989031674672,eligible,eligible_current_role,backup,,2.0,direct,20260908_1821_tackles_direct,2026-10-07T10:47:48+00:00,2026-10-07T10:48:05+00:00
2026,5,401872981,2026-10-11,14:30,00-0040234,Quinn Ewers,JAX,PHI,QB,rushing_yards,5.9,-8.1,25.7,,,eligible,eligible_current_role,backup,,2.0,direct_component_blend,20260908_1821_rushing_yards_blend,2026-10-07T10:47:48+00:00,2026-10-07T10:48:05+00:00
2026,5,401872981,2026-10-11,14:30,00-0040238,LeQuint Allen Jr.,JAX,PHI,RB,rushing_yards,5.1,-16.9,36.0,,,eligible,eligible_current_role,backup,Active,3.0,direct_component_blend,20260908_1821_rushing_yards_blend,2026-10-07T10:47:48+00:00,2026-10-07T10:48:05+00:00
2026,5,401872981,2026-10-11,14:30,00-0040238,LeQuint Allen Jr.,JAX,PHI,RB,receiving_yards,2.6,-14.5,31.4,,,eligible,eligible_current_role,backup,Active,3.0,direct_component_blend,20260908_1821_receiving_yards_blend,2026-10-07T10:47:48+00:00,2026-10-07T10:48:05+00:00
2026,5,401872981,2026-10-11,14:30,00-0040326,Branson Combs,JAX,PHI,LB,tackles,0.7,0.0,3.2,0.4187229247876002,0.14733740811074308,eligible,eligible_current_role,backup,,2.0,direct,20260908_1821_tackles_direct,2026-10-07T10:47:48+00:00,2026-10-07T10:48:05+00:00
2026,5,401872981,2026-10-11,14:30,00-0040336,Jabbar Muhammad,JAX,PHI,DB,tackles,1.1,0.0,5.0,0.5596892856636495,0.26975818720632466,eligible,eligible_current_role,recent_defensive_participant,,,direct,20260908_1821_tackles_direct,2026-10-07T10:47:48+00:00,2026-10-07T10:48:05+00:00
2026,5,401872981,2026-10-11,14:30,00-0040342,Danny Striggow,JAX,PHI,DL,tackles,0.8,0.0,3.3,0.44908177788939213,0.18479021139766774,eligible,eligible_current_role,backup,,2.0,direct,20260908_1821_tackles_direct,2026-10-07T10:47:48+00:00,2026-10-07T10:48:05+00:00
2026,5,401872981,2026-10-11,14:30,00-0040411,Alijah Huzzie,JAX,PHI,DB,tackles,0.8,0.0,4.7,0.44018248515671016,0.17571845137549438,eligible,eligible_current_role,backup,Active,3.0,direct,20260908_1821_tackles_direct,2026-10-07T10:47:48+00:00,2026-10-07T10:48:05+00:00
2026,5,401872981,2026-10-11,14:30,00-0040662,Ty Robinson,PHI,JAX,DL,tackles,0.6,0.0,3.4,0.39088263821532493,0.11445198836081474,eligible,eligible_current_role,backup,,2.0,direct,20260908_1821_tackles_direct,2026-10-07T10:47:48+00:00,2026-10-07T10:48:05+00:00
2026,5,401872981,2026-10-11,14:30,00-0040708,Jihaad Campbell,PHI,JAX,LB,tackles,4.5,2.5,6.9,0.972201830188989,0.9033473168435171,eligible,eligible_current_role,recent_defensive_participant,Active,,direct,20260908_1821_tackles_direct,2026-10-07T10:47:48+00:00,2026-10-07T10:48:05+00:00
2026,5,401872981,2026-10-11,14:30,00-0040718,Travis Hunter,JAX,PHI,WR,rushing_yards,0.2,-10.5,15.3,,,eligible,eligible_current_role,starter,Active,1.0,direct_component_blend,20260908_1821_rushing_yards_blend,2026-10-07T10:47:48+00:00,2026-10-07T10:48:05+00:00
2026,5,401872981,2026-10-11,14:30,00-0040718,Travis Hunter,JAX,PHI,WR,receiving_yards,38.5,11.8,87.7,,,eligible,eligible_current_role,starter,Active,1.0,direct_component_blend,20260908_1821_receiving_yards_blend,2026-10-07T10:47:48+00:00,2026-10-07T10:48:05+00:00
2026,5,401872981,2026-10-11,14:30,00-0040719,Bhayshul Tuten,JAX,PHI,RB,rushing_yards,18.3,-3.7,49.3,,,eligible,eligible_current_role,starter,Active,1.0,direct_component_blend,20260908_1821_rushing_yards_blend,2026-10-07T10:47:48+00:00,2026-10-07T10:48:05+00:00
2026,5,401872981,2026-10-11,14:30,00-0040719,Bhayshul Tuten,JAX,PHI,RB,receiving_yards,4.7,-12.5,33.5,,,eligible,eligible_current_role,starter,Active,1.0,direct_component_blend,20260908_1821_receiving_yards_blend,2026-10-07T10:47:48+00:00,2026-10-07T10:48:05+00:00
2026,5,401872981,2026-10-11,14:30,00-0040723,Jack Kiser,JAX,PHI,LB,tackles,1.7,0.0,4.1,0.7554030040825591,0.47644313330292665,eligible,eligible_current_role,backup,Active,2.0,direct,20260908_1821_tackles_direct,2026-10-07T10:47:48+00:00,2026-10-07T10:48:05+00:00
2026,5,401872981,2026-10-11,14:30,00-0040749,Andrew Mukuba,PHI,JAX,DB,tackles,3.7,1.1,7.2,0.9433005776275304,0.8359916148675816,eligible,eligible_current_role,starter,,1.0,direct,20260908_1821_tackles_direct,2026-10-07T10:47:48+00:00,2026-10-07T10:48:05+00:00
2026,5,401872981,2026-10-11,14:30,00-0040867,Makai Lemon,PHI,JAX,WR,rushing_yards,0.0,-14.8,20.6,,,eligible,eligible_current_role,backup,Active,3.0,direct_component_blend,20260908_1821_rushing_yards_blend,2026-10-07T10:47:48+00:00,2026-10-07T10:48:05+00:00
2026,5,401872981,2026-10-11,14:30,00-0040867,Makai Lemon,PHI,JAX,WR,receiving_yards,6.1,-16.5,46.7,,,eligible,eligible_current_role,backup,Active,3.0,direct_component_blend,20260908_1821_receiving_yards_blend,2026-10-07T10:47:48+00:00,2026-10-07T10:48:05+00:00
2026,5,401872981,2026-10-11,14:30,00-0040891,Cole Payton,PHI,JAX,QB,rushing_yards,8.2,-9.4,32.9,,,eligible,eligible_current_role,backup,Active,4.0,direct_component_blend,20260908_1821_rushing_yards_blend,2026-10-07T10:47:48+00:00,2026-10-07T10:48:05+00:00
2026,5,401872981,2026-10-11,14:30,00-0041045,Albert Regis,JAX,PHI,DL,tackles,1.1,0.0,4.7,0.5668204357810156,0.276469162174148,eligible,eligible_current_role,backup,Active,2.0,direct,20260908_1821_tackles_direct,2026-10-07T10:47:48+00:00,2026-10-07T10:48:05+00:00
2026,5,401872981,2026-10-11,14:30,00-0041055,Jalen Huskey,JAX,PHI,DB,tackles,2.2,0.0,6.2,0.8382651749914929,0.6046884959572992,eligible,eligible_current_role,backup,Active,2.0,direct,20260908_1821_tackles_direct,2026-10-07T10:47:48+00:00,2026-10-07T10:48:05+00:00
2026,5,401872981,2026-10-11,14:30,00-0041059,Wesley Williams,JAX,PHI,DL,tackles,1.1,0.0,4.7,0.5663567171782069,0.2760279427603303,eligible,eligible_current_role,backup,Active,3.0,direct,20260908_1821_tackles_direct,2026-10-07T10:47:48+00:00,2026-10-07T10:48:05+00:00
2026,5,401872981,2026-10-11,14:30,00-0041084,Tanner Koziol,JAX,PHI,TE,rushing_yards,0.0,-14.8,20.7,,,eligible,eligible_current_role,backup,,4.0,direct_component_blend,20260908_1821_rushing_yards_blend,2026-10-07T10:47:48+00:00,2026-10-07T10:48:05+00:00
2026,5,401872981,2026-10-11,14:30,00-0041084,Tanner Koziol,JAX,PHI,TE,receiving_yards,3.8,-18.8,44.4,,,eligible,eligible_current_role,backup,,4.0,direct_component_blend,20260908_1821_receiving_yards_blend,2026-10-07T10:47:48+00:00,2026-10-07T10:48:05+00:00
2026,5,401872981,2026-10-11,14:30,00-0041100,Josh Cameron,JAX,PHI,WR,rushing_yards,0.0,-14.8,20.6,,,eligible,eligible_current_role,backup,Active,4.0,direct_component_blend,20260908_1821_rushing_yards_blend,2026-10-07T10:47:48+00:00,2026-10-07T10:48:05+00:00
2026,5,401872981,2026-10-11,14:30,00-0041100,Josh Cameron,JAX,PHI,WR,receiving_yards,6.6,-16.1,47.1,,,eligible,eligible_current_role,backup,Active,4.0,direct_component_blend,20260908_1821_receiving_yards_blend,2026-10-07T10:47:48+00:00,2026-10-07T10:48:05+00:00
2026,5,401872981,2026-10-11,14:30,00-0041106,C.J. Williams,JAX,PHI,WR,rushing_yards,0.1,-14.7,20.7,,,eligible,eligible_current_role,backup,Active,6.0,direct_component_blend,20260908_1821_rushing_yards_blend,2026-10-07T10:47:48+00:00,2026-10-07T10:48:05+00:00
2026,5,401872981,2026-10-11,14:30,00-0041106,C.J. Williams,JAX,PHI,WR,receiving_yards,6.6,-16.1,47.2,,,eligible,eligible_current_role,backup,Active,6.0,direct_component_blend,20260908_1821_receiving_yards_blend,2026-10-07T10:47:48+00:00,2026-10-07T10:48:05+00:00
2026,5,401872981,2026-10-11,14:30,00-0041206,Alex Bullock,JAX,PHI,WR,rushing_yards,0.1,-14.7,20.7,,,eligible,eligible_current_role,roster_only,,,direct_component_blend,20260908_1821_rushing_yards_blend,2026-10-07T10:47:48+00:00,2026-10-07T10:48:05+00:00
2026,5,401872981,2026-10-11,14:30,00-0041206,Alex Bullock,JAX,PHI,WR,receiving_yards,6.5,-16.1,47.1,,,eligible,eligible_current_role,roster_only,,,direct_component_blend,20260908_1821_receiving_yards_blend,2026-10-07T10:47:48+00:00,2026-10-07T10:48:05+00:00
2026,5,401872981,2026-10-11,14:30,00-0041218,Bryan Thomas Jr.,JAX,PHI,DL,tackles,1.1,0.0,4.7,0.5654783526269336,0.27519404777763234,eligible,eligible_current_role,backup,,2.0,direct,20260908_1821_tackles_direct,2026-10-07T10:47:48+00:00,2026-10-07T10:48:05+00:00
2026,5,401872981,2026-10-11,14:30,00-0041503,Nate Boerkircher,JAX,PHI,TE,rushing_yards,0.0,-14.8,20.6,,,eligible,eligible_current_role,backup,Active,2.0,direct_component_blend,20260908_1821_rushing_yards_blend,2026-10-07T10:47:48+00:00,2026-10-07T10:48:05+00:00
2026,5,401872981,2026-10-11,14:30,00-0041503,Nate Boerkircher,JAX,PHI,TE,receiving_yards,6.1,-16.6,46.7,,,eligible,eligible_current_role,backup,Active,2.0,direct_component_blend,20260908_1821_receiving_yards_blend,2026-10-07T10:47:48+00:00,2026-10-07T10:48:05+00:00
2026,5,401872982,2026-10-11,13:00,00-0026158,Joe Flacco,CIN,MIA,QB,rushing_yards,4.0,-6.7,19.1,,,eligible,eligible_current_role,backup,,2.0,direct_component_blend,20260908_1821_rushing_yards_blend,2026-10-07T10:47:48+00:00,2026-10-07T10:48:05+00:00
2026,5,401872982,2026-10-11,13:00,00-0026300,Josh Johnson,CIN,MIA,QB,rushing_yards,7.9,-2.8,23.0,,,eligible,eligible_current_role,roster_only,,,direct_component_blend,20260908_1821_rushing_yards_blend,2026-10-07T10:47:48+00:00,2026-10-07T10:48:05+00:00
2026,5,401872982,2026-10-11,13:00,00-0033523,Jonathan Allen,CIN,MIA,DL,tackles,3.3,1.1,6.0,0.9178215503839869,0.7868302969816389,eligible,eligible_current_role,starter,,1.0,direct,20260908_1821_tackles_direct,2026-10-07T10:47:48+00:00,2026-10-07T10:48:05+00:00
2026,5,401872982,2026-10-11,13:00,00-0033526,Samaje Perine,CIN,MIA,RB,rushing_yards,17.6,-4.4,48.5,,,eligible,eligible_current_role,backup,Active,2.0,direct_component_blend,20260908_1821_rushing_yards_blend,2026-10-07T10:47:48+00:00,2026-10-07T10:48:05+00:00
2026,5,401872982,2026-10-11,13:00,00-0033526,Samaje Perine,CIN,MIA,RB,receiving_yards,8.6,-8.6,37.4,,,eligible,eligible_current_role,backup,Active,2.0,direct_component_blend,20260908_1821_receiving_yards_blend,2026-10-07T10:47:48+00:00,2026-10-07T10:48:05+00:00
2026,5,401872982,2026-10-11,13:00,00-0034285,Zach Sieler,MIA,CIN,DL,tackles,2.6,0.5,5.4,0.8754606042312724,0.6783262464833368,eligible,eligible_current_role,starter,,1.0,direct,20260908_1821_tackles_direct,2026-10-07T10:47:48+00:00,2026-10-07T10:48:05+00:00
2026,5,401872982,2026-10-11,13:00,00-0034613,Tanner Hudson,CIN,MIA,TE,rushing_yards,0.0,-10.8,15.0,,,eligible,eligible_current_role,backup,Active,4.0,direct_component_blend,20260908_1821_rushing_yards_blend,2026-10-07T10:47:48+00:00,2026-10-07T10:48:05+00:00
2026,5,401872982,2026-10-11,13:00,00-0034613,Tanner Hudson,CIN,MIA,TE,receiving_yards,10.4,-6.7,39.2,,,eligible,eligible_current_role,backup,Active,4.0,direct_component_blend,20260908_1821_receiving_yards_blend,2026-10-07T10:47:48+00:00,2026-10-07T10:48:05+00:00
2026,5,401872982,2026-10-11,13:00,00-0034754,Oren Burks,CIN,MIA,LB,tackles,2.2,0.3,4.7,0.831252852750782,0.5919278603811566,eligible,eligible_current_role,starter,,1.0,direct,20260908_1821_tackles_direct,2026-10-07T10:47:48+00:00,2026-10-07T10:48:05+00:00
2026,5,401872982,2026-10-11,13:00,00-0034800,B.J. Hill,CIN,MIA,DL,tackles,1.8,0.0,4.3,0.7720243198645081,0.49693523843946275,eligible,questionable_flag,backup,Questionable,2.0,direct,20260908_1821_tackles_direct,2026-10-07T10:47:48+00:00,2026-10-07T10:48:05+00:00
2026,5,401872982,2026-10-11,13:00,00-0034829,Mike Gesicki,CIN,MIA,TE,rushing_yards,0.0,-10.8,15.0,,,eligible,eligible_current_role,starter,Active,1.0,direct_component_blend,20260908_1821_rushing_yards_blend,2026-10-07T10:47:48+00:00,2026-10-07T10:48:05+00:00
2026,5,401872982,2026-10-11,13:00,00-0034829,Mike Gesicki,CIN,MIA,TE,receiving_yards,21.9,4.7,50.7,,,eligible,eligible_current_role,starter,Active,1.0,direct_component_blend,20260908_1821_receiving_yards_blend,2026-10-07T10:47:48+00:00,2026-10-07T10:48:05+00:00
2026,5,401872982,2026-10-11,13:00,00-0035363,Joe Giles-Harris,CIN,MIA,LB,tackles,2.3,0.4,4.8,0.8506343125895216,0.6280688527584929,eligible,eligible_current_role,backup,,2.0,direct,20260908_1821_tackles_direct,2026-10-07T10:47:48+00:00,2026-10-07T10:48:05+00:00
2026,5,401872982,2026-10-11,13:00,00-0035631,Drew Sample,CIN,MIA,TE,rushing_yards,0.0,-10.8,15.0,,,eligible,eligible_current_role,backup,,2.0,direct_component_blend,20260908_1821_rushing_yards_blend,2026-10-07T10:47:48+00:00,2026-10-07T10:48:05+00:00
2026,5,401872982,2026-10-11,13:00,00-0035631,Drew Sample,CIN,MIA,TE,receiving_yards,10.5,-6.7,39.3,,,eligible,eligible_current_role,backup,,2.0,direct_component_blend,20260908_1821_receiving_yards_blend,2026-10-07T10:47:48+00:00,2026-10-07T10:48:05+00:00
2026,5,401872982,2026-10-11,13:00,00-0035683,Dexter Lawrence,CIN,MIA,DL,tackles,2.4,0.3,5.2,0.8556304555525309,0.637759898230915,eligible,eligible_current_role,starter,Active,1.0,direct,20260908_1821_tackles_direct,2026-10-07T10:47:48+00:00,2026-10-07T10:48:05+00:00
2026,5,401872982,2026-10-11,13:00,00-0035692,Clelin Ferrell,MIA,CIN,DL,tackles,1.9,0.0,4.4,0.7780729373970179,0.504719779054007,eligible,eligible_current_role,recent_defensive_participant,,,direct,20260908_1821_tackles_direct,2026-10-07T10:47:48+00:00,2026-10-07T10:48:05+00:00
2026,5,401872982,2026-10-11,13:00,00-0036159,Joshua Uche,MIA,CIN,LB,tackles,1.2,0.0,3.8,0.5893589118136733,0.29796159007855777,eligible,eligible_current_role,starter,,1.0,direct,20260908_1821_tackles_direct,2026-10-07T10:47:48+00:00,2026-10-07T10:48:05+00:00
2026,5,401872982,2026-10-11,13:00,00-0036231,Kyle Dugger,CIN,MIA,DB,tackles,3.8,1.2,7.3,0.9463837926932893,0.8419850433510101,eligible,questionable_flag,backup,Questionable,2.0,direct,20260908_1821_tackles_direct,2026-10-07T10:47:48+00:00,2026-10-07T10:48:05+00:00
2026,5,401872982,2026-10-11,13:00,00-0036362,Willie Gay Jr.,MIA,CIN,LB,tackles,2.7,0.7,5.2,0.8829535128027403,0.6946379811876998,eligible,eligible_current_role,starter,,1.0,direct,20260908_1821_tackles_direct,2026-10-07T10:47:48+00:00,2026-10-07T10:48:05+00:00
2026,5,401872982,2026-10-11,13:00,00-0036409,Jordyn Brooks,MIA,CIN,LB,tackles,7.2,4.9,11.8,0.983495145631068,0.9631067961165048,eligible,eligible_current_role,starter,Active,1.0,direct,20260908_1821_tackles_direct,2026-10-07T10:47:48+00:00,2026-10-07T10:48:05+00:00
2026,5,401872982,2026-10-11,13:00,00-0036410,Tee Higgins,CIN,MIA,WR,rushing_yards,0.0,-10.8,15.0,,,eligible,questionable_flag,backup,Questionable,2.0,direct_component_blend,20260908_1821_rushing_yards_blend,2026-10-07T10:47:48+00:00,2026-10-07T10:48:05+00:00
2026,5,401872982,2026-10-11,13:00,00-0036410,Tee Higgins,CIN,MIA,WR,receiving_yards,44.3,17.6,93.5,,,eligible,questionable_flag,backup,Questionable,2.0,direct_component_blend,20260908_1821_receiving_yards_blend,2026-10-07T10:47:48+00:00,2026-10-07T10:48:05+00:00
2026,5,401872982,2026-10-11,13:00,00-0036442,Joe Burrow,CIN,MIA,QB,passing_yards,262.3,168.8,368.5,,,eligible,eligible_current_role,starter,Active,1.0,direct_component_blend,20260908_1821_passing_yards_blend,2026-10-07T10:47:48+00:00,2026-10-07T10:48:05+00:00
2026,5,401872982,2026-10-11,13:00,00-0036442,Joe Burrow,CIN,MIA,QB,passing_tds,1.982,,,0.8571428571428571,0.5535714285714286,eligible,eligible_current_role,starter,Active,1.0,direct_component_blend,20260908_1821_passing_tds_blend,2026-10-07T10:47:48+00:00,2026-10-07T10:48:05+00:00
2026,5,401872982,2026-10-11,13:00,00-0036442,Joe Burrow,CIN,MIA,QB,rushing_yards,7.9,-4.9,25.8,,,eligible,eligible_current_role,starter,Active,1.0,direct_component_blend,20260908_1821_rushing_yards_blend,2026-10-07T10:47:48+00:00,2026-10-07T10:48:05+00:00
2026,5,401872982,2026-10-11,13:00,00-0036642,Tedarrell Slaton,CIN,MIA,DL,tackles,2.0,0.1,4.5,0.802159600430499,0.5418140251792095,eligible,eligible_current_role,backup,,2.0,direct,20260908_1821_tackles_direct,2026-10-07T10:47:48+00:00,2026-10-07T10:48:05+00:00
2026,5,401872982,2026-10-11,13:00,00-0036677,Zayne Anderson,MIA,CIN,DB,tackles,0.9,0.0,3.4,0.5068224509788845,0.22572963488535258,eligible,eligible_current_role,starter,,1.0,direct,20260908_1821_tackles_direct,2026-10-07T10:47:48+00:00,2026-10-07T10:48:05+00:00
2026,5,401872982,2026-10-11,13:00,00-0036682,Malik Herring,MIA,CIN,DL,tackles,0.9,0.0,3.4,0.5078436325690397,0.22650915827023332,eligible,eligible_current_role,backup,,2.0,direct,20260908_1821_tackles_direct,2026-10-07T10:47:48+00:00,2026-10-07T10:48:05+00:00
2026,5,401872982,2026-10-11,13:00,00-0036816,Riley Patterson,MIA,CIN,K,kicking_points,7.1,2.4,12.5,,,eligible,eligible_current_role,starter,Active,1.0,component,20260908_1821_kicking_points_component,2026-10-07T10:47:48+00:00,2026-10-07T10:48:05+00:00
2026,5,401872982,2026-10-11,13:00,00-0036854,Evan McPherson,CIN,MIA,K,kicking_points,7.6,2.6,13.5,,,eligible,eligible_current_role,starter,Active,1.0,component,20260908_1821_kicking_points_component,2026-10-07T10:47:48+00:00,2026-10-07T10:48:05+00:00
2026,5,401872982,2026-10-11,13:00,00-0036900,Ja'Marr Chase,CIN,MIA,WR,rushing_yards,0.0,-10.7,15.1,,,eligible,questionable_flag,starter,Questionable,1.0,direct_component_blend,20260908_1821_rushing_yards_blend,2026-10-07T10:47:48+00:00,2026-10-07T10:48:05+00:00
2026,5,401872982,2026-10-11,13:00,00-0036900,Ja'Marr Chase,CIN,MIA,WR,receiving_yards,73.0,46.4,122.2,,,eligible,questionable_flag,starter,Questionable,1.0,direct_component_blend,20260908_1821_receiving_yards_blend,2026-10-07T10:47:48+00:00,2026-10-07T10:48:05+00:00
2026,5,401872982,2026-10-11,13:00,00-0037193,Bryan Cook,CIN,MIA,DB,tackles,4.6,1.9,8.1,0.9743990095541077,0.9092191542973018,eligible,questionable_flag,starter,Questionable,1.0,direct,20260908_1821_tackles_direct,2026-10-07T10:47:48+00:00,2026-10-07T10:48:05+00:00
2026,5,401872982,2026-10-11,13:00,00-0037252,Greg Dulcich,MIA,CIN,TE,rushing_yards,0.0,-10.7,15.0,,,eligible,eligible_current_role,starter,Active,1.0,direct_component_blend,20260908_1821_rushing_yards_blend,2026-10-07T10:47:48+00:00,2026-10-07T10:48:05+00:00
2026,5,401872982,2026-10-11,13:00,00-0037252,Greg Dulcich,MIA,CIN,TE,receiving_yards,28.5,11.3,57.3,,,eligible,eligible_current_role,starter,Active,1.0,direct_component_blend,20260908_1821_receiving_yards_blend,2026-10-07T10:47:48+00:00,2026-10-07T10:48:05+00:00
2026,5,401872982,2026-10-11,13:00,00-0037666,Jalen Tolbert,MIA,CIN,WR,rushing_yards,0.0,-10.8,15.0,,,eligible,eligible_current_role,backup,,5.0,direct_component_blend,20260908_1821_rushing_yards_blend,2026-10-07T10:47:48+00:00,2026-10-07T10:48:05+00:00
2026,5,401872982,2026-10-11,13:00,00-0037666,Jalen Tolbert,MIA,CIN,WR,receiving_yards,20.9,3.8,49.7,,,eligible,eligible_current_role,backup,,5.0,direct_component_blend,20260908_1821_receiving_yards_blend,2026-10-07T10:47:48+00:00,2026-10-07T10:48:05+00:00
2026,5,401872982,2026-10-11,13:00,00-0037743,Daxton Hill,CIN,MIA,DB,tackles,4.6,1.9,8.0,0.97321535314018,0.9060415138049577,eligible,eligible_current_role,starter,,1.0,direct,20260908_1821_tackles_direct,2026-10-07T10:47:48+00:00,2026-10-07T10:48:05+00:00
2026,5,401872982,2026-10-11,13:00,00-0037844,Russ Yeast,CIN,MIA,DB,tackles,1.6,0.0,4.3,0.740368981140391,0.45806130950870194,eligible,eligible_current_role,recent_defensive_participant,,,direct,20260908_1821_tackles_direct,2026-10-07T10:47:48+00:00,2026-10-07T10:48:05+00:00
2026,5,401872982,2026-10-11,13:00,00-0038128,Malik Willis,MIA,CIN,QB,passing_yards,175.9,82.4,282.1,,,eligible,eligible_current_role,starter,Active,1.0,direct_component_blend,20260908_1821_passing_yards_blend,2026-10-07T10:47:48+00:00,2026-10-07T10:48:05+00:00
2026,5,401872982,2026-10-11,13:00,00-0038128,Malik Willis,MIA,CIN,QB,passing_tds,0.912,,,0.6219379103692206,0.25885454376769845,eligible,eligible_current_role,starter,Active,1.0,direct_component_blend,20260908_1821_passing_tds_blend,2026-10-07T10:47:48+00:00,2026-10-07T10:48:05+00:00
2026,5,401872982,2026-10-11,13:00,00-0038128,Malik Willis,MIA,CIN,QB,rushing_yards,20.8,8.0,38.8,,,eligible,eligible_current_role,starter,Active,1.0,direct_component_blend,20260908_1821_rushing_yards_blend,2026-10-07T10:47:48+00:00,2026-10-07T10:48:05+00:00
2026,5,401872982,2026-10-11,13:00,00-0038133,Boye Mafe,CIN,MIA,DL,tackles,2.1,0.2,4.6,0.8139670027851202,0.5616308678685411,eligible,eligible_current_role,starter,,1.0,direct,20260908_1821_tackles_direct,2026-10-07T10:47:48+00:00,2026-10-07T10:48:05+00:00
2026,5,401872982,2026-10-11,13:00,00-0038429,Liam Anderson,MIA,CIN,LB,tackles,0.7,0.0,4.2,0.39396039932888444,0.11765254883829039,eligible,eligible_current_role,recent_defensive_participant,,,direct,20260908_1821_tackles_direct,2026-10-07T10:47:48+00:00,2026-10-07T10:48:05+00:00
2026,5,401872982,2026-10-11,13:00,00-0038545,Mazi Smith,MIA,CIN,DL,tackles,1.1,0.0,3.6,0.5669196922820015,0.2765636907940314,eligible,eligible_current_role,recent_defensive_participant,,,direct,20260908_1821_tackles_direct,2026-10-07T10:47:48+00:00,2026-10-07T10:48:05+00:00
2026,5,401872982,2026-10-11,13:00,00-0038546,Myles Murphy,CIN,MIA,DL,tackles,2.5,0.6,5.0,0.8687909814652062,0.6642832266388701,eligible,eligible_current_role,starter,,1.0,direct,20260908_1821_tackles_direct,2026-10-07T10:47:48+00:00,2026-10-07T10:48:05+00:00
2026,5,401872982,2026-10-11,13:00,00-0038549,DJ Turner II,CIN,MIA,DB,tackles,3.2,1.0,5.9,0.9146445267987603,0.7774156868359648,eligible,eligible_current_role,starter,Active,1.0,direct,20260908_1821_tackles_direct,2026-10-07T10:47:48+00:00,2026-10-07T10:48:05+00:00
2026,5,401872982,2026-10-11,13:00,00-0038560,Jordan Battle,CIN,MIA,DB,tackles,6.1,3.4,9.6,0.9832723565342625,0.9603501847402754,eligible,eligible_current_role,starter,Active,1.0,direct,20260908_1821_tackles_direct,2026-10-07T10:47:48+00:00,2026-10-07T10:48:05+00:00
2026,5,401872982,2026-10-11,13:00,00-0038597,Chase Brown,CIN,MIA,RB,rushing_yards,58.4,36.4,89.3,,,eligible,eligible_current_role,starter,Active,1.0,direct_component_blend,20260908_1821_rushing_yards_blend,2026-10-07T10:47:48+00:00,2026-10-07T10:48:05+00:00
2026,5,401872982,2026-10-11,13:00,00-0038597,Chase Brown,CIN,MIA,RB,receiving_yards,22.2,5.0,51.0,,,eligible,eligible_current_role,starter,Active,1.0,direct_component_blend,20260908_1821_receiving_yards_blend,2026-10-07T10:47:48+00:00,2026-10-07T10:48:05+00:00
2026,5,401872982,2026-10-11,13:00,00-0038603,Rob Beal Jr.,MIA,CIN,DL,tackles,1.4,0.0,3.9,0.6525930677321595,0.35936442559528853,eligible,questionable_flag,backup,Questionable,2.0,direct,20260908_1821_tackles_direct,2026-10-07T10:47:48+00:00,2026-10-07T10:48:05+00:00
2026,5,401872982,2026-10-11,13:00,00-0038635,Andre Jones Jr.,MIA,CIN,LB,tackles,1.6,0.0,4.1,0.7534951623203325,0.4741709287217282,eligible,eligible_current_role,backup,,3.0,direct,20260908_1821_tackles_direct,2026-10-07T10:47:48+00:00,2026-10-07T10:48:05+00:00
2026,5,401872982,2026-10-11,13:00,00-0038642,D.J. Ivey,CIN,MIA,DB,tackles,3.4,1.2,6.1,0.9255032112280666,0.80352321866707,eligible,eligible_current_role,backup,,2.0,direct,20260908_1821_tackles_direct,2026-10-07T10:47:48+00:00,2026-10-07T10:48:05+00:00
2026,5,401872982,2026-10-11,13:00,00-0038824,Ryan Miller,MIA,CIN,WR,rushing_yards,0.0,-10.8,15.0,,,eligible,eligible_current_role,backup,Active,6.0,direct_component_blend,20260908_1821_rushing_yards_blend,2026-10-07T10:47:48+00:00,2026-10-07T10:48:05+00:00
2026,5,401872982,2026-10-11,13:00,00-0038824,Ryan Miller,MIA,CIN,WR,receiving_yards,5.4,-11.8,34.2,,,eligible,eligible_current_role,backup,Active,6.0,direct_component_blend,20260908_1821_receiving_yards_blend,2026-10-07T10:47:48+00:00,2026-10-07T10:48:05+00:00
2026,5,401872982,2026-10-11,13:00,00-0038839,Mitchell Tinsley,CIN,MIA,WR,rushing_yards,0.0,-10.8,15.0,,,eligible,eligible_current_role,backup,Active,5.0,direct_component_blend,20260908_1821_rushing_yards_blend,2026-10-07T10:47:48+00:00,2026-10-07T10:48:05+00:00
2026,5,401872982,2026-10-11,13:00,00-0038839,Mitchell Tinsley,CIN,MIA,WR,receiving_yards,15.5,-11.2,64.6,,,eligible,eligible_current_role,backup,Active,5.0,direct_component_blend,20260908_1821_receiving_yards_blend,2026-10-07T10:47:48+00:00,2026-10-07T10:48:05+00:00
2026,5,401872982,2026-10-11,13:00,00-0038890,Shaka Heyward,MIA,CIN,LB,tackles,1.6,0.0,4.1,0.7538758080502989,0.47462300615127967,eligible,eligible_current_role,backup,,2.0,direct,20260908_1821_tackles_direct,2026-10-07T10:47:48+00:00,2026-10-07T10:48:05+00:00
2026,5,401872982,2026-10-11,13:00,00-0039156,Julius Brents,MIA,CIN,DB,tackles,4.1,1.9,6.8,0.9586831692240625,0.8693665816253219,eligible,eligible_current_role,starter,,1.0,direct,20260908_1821_tackles_direct,2026-10-07T10:47:48+00:00,2026-10-07T10:48:05+00:00
2026,5,401872982,2026-10-11,13:00,00-0039313,Swayze Bozeman,CIN,MIA,LB,tackles,1.0,0.0,3.4,0.5240293215484835,0.23913743141989185,eligible,questionable_flag,backup,Questionable,2.0,direct,20260908_1821_tackles_direct,2026-10-07T10:47:48+00:00,2026-10-07T10:48:05+00:00
2026,5,401872982,2026-10-11,13:00,00-0039375,Josh Newton,CIN,MIA,DB,tackles,1.9,0.0,4.4,0.7797766995721293,0.5069458400747267,eligible,eligible_current_role,backup,,2.0,direct,20260908_1821_tackles_direct,2026-10-07T10:47:48+00:00,2026-10-07T10:48:05+00:00
2026,5,401872982,2026-10-11,13:00,00-0039383,Jaylin Simpson,MIA,CIN,DB,tackles,0.8,0.0,4.7,0.4355094144157977,0.169318970248337,eligible,eligible_current_role,backup,,2.0,direct,20260908_1821_tackles_direct,2026-10-07T10:47:48+00:00,2026-10-07T10:48:05+00:00
2026,5,401872982,2026-10-11,13:00,00-0039390,Marcellas Dial Jr.,MIA,CIN,DB,tackles,3.4,1.2,6.1,0.9262197709236899,0.8047697797411798,eligible,eligible_current_role,backup,Active,2.0,direct,20260908_1821_tackles_direct,2026-10-07T10:47:48+00:00,2026-10-07T10:48:05+00:00
2026,5,401872982,2026-10-11,13:00,00-0039532,Julius Wood,MIA,CIN,DB,tackles,1.1,0.0,3.9,0.5624651304280526,0.27235170400277886,eligible,eligible_current_role,backup,,2.0,direct,20260908_1821_tackles_direct,2026-10-07T10:47:48+00:00,2026-10-07T10:48:05+00:00
2026,5,401872982,2026-10-11,13:00,00-0039632,PJ Jules,CIN,MIA,DB,tackles,0.9,0.0,3.4,0.5101956083483248,0.22831223529780137,eligible,eligible_current_role,backup,,2.0,direct,20260908_1821_tackles_direct,2026-10-07T10:47:48+00:00,2026-10-07T10:48:05+00:00
2026,5,401872982,2026-10-11,13:00,00-0039752,Cedric Johnson,CIN,MIA,DL,tackles,2.0,0.1,4.6,0.8060425873586075,0.5482562875221882,eligible,eligible_current_role,backup,,3.0,direct,20260908_1821_tackles_direct,2026-10-07T10:47:48+00:00,2026-10-07T10:48:05+00:00
2026,5,401872982,2026-10-11,13:00,00-0039814,Erick All,CIN,MIA,TE,rushing_yards,0.0,-10.8,15.0,,,eligible,eligible_current_role,backup,,3.0,direct_component_blend,20260908_1821_rushing_yards_blend,2026-10-07T10:47:48+00:00,2026-10-07T10:48:05+00:00
2026,5,401872982,2026-10-11,13:00,00-0039814,Erick All,CIN,MIA,TE,receiving_yards,9.1,-8.0,37.9,,,eligible,eligible_current_role,backup,,3.0,direct_component_blend,20260908_1821_receiving_yards_blend,2026-10-07T10:47:48+00:00,2026-10-07T10:48:05+00:00
2026,5,401872982,2026-10-11,13:00,00-0039874,Jaylen Wright,MIA,CIN,RB,rushing_yards,18.6,-3.4,49.5,,,eligible,eligible_current_role,backup,Active,2.0,direct_component_blend,20260908_1821_rushing_yards_blend,2026-10-07T10:47:48+00:00,2026-10-07T10:48:05+00:00
2026,5,401872982,2026-10-11,13:00,00-0039874,Jaylen Wright,MIA,CIN,RB,receiving_yards,3.6,-13.6,32.4,,,eligible,eligible_current_role,backup,Active,2.0,direct_component_blend,20260908_1821_receiving_yards_blend,2026-10-07T10:47:48+00:00,2026-10-07T10:48:05+00:00
2026,5,401872982,2026-10-11,13:00,00-0039880,Malik Washington,MIA,CIN,WR,rushing_yards,2.0,-8.7,17.0,,,eligible,eligible_current_role,starter,Active,1.0,direct_component_blend,20260908_1821_rushing_yards_blend,2026-10-07T10:47:48+00:00,2026-10-07T10:48:05+00:00
2026,5,401872982,2026-10-11,13:00,00-0039880,Malik Washington,MIA,CIN,WR,receiving_yards,24.2,7.0,53.0,,,eligible,eligible_current_role,starter,Active,1.0,direct_component_blend,20260908_1821_receiving_yards_blend,2026-10-07T10:47:48+00:00,2026-10-07T10:48:05+00:00
2026,5,401872982,2026-10-11,13:00,00-0039908,Kris Jenkins,CIN,MIA,DL,tackles,2.1,0.2,4.7,0.8231525304206856,0.5775318439521915,eligible,eligible_current_role,backup,,3.0,direct,20260908_1821_tackles_direct,2026-10-07T10:47:48+00:00,2026-10-07T10:48:05+00:00
2026,5,401872982,2026-10-11,13:00,00-0039911,Chop Robinson,MIA,CIN,LB,tackles,1.7,0.0,4.2,0.7615799819839232,0.4839102020257296,eligible,eligible_current_role,starter,,1.0,direct,20260908_1821_tackles_direct,2026-10-07T10:47:48+00:00,2026-10-07T10:48:05+00:00
2026,5,401872982,2026-10-11,13:00,00-0040014,Kyle McCord,MIA,CIN,QB,rushing_yards,8.8,-8.8,33.5,,,eligible,eligible_current_role,backup,,2.0,direct_component_blend,20260908_1821_rushing_yards_blend,2026-10-07T10:47:48+00:00,2026-10-07T10:48:05+00:00
2026,5,401872982,2026-10-11,13:00,00-0040066,Jackson Woodard,MIA,CIN,LB,tackles,0.7,0.0,4.3,0.4250058116930706,0.1553832803657701,eligible,questionable_flag,backup,Questionable,2.0,direct,20260908_1821_tackles_direct,2026-10-07T10:47:48+00:00,2026-10-07T10:48:05+00:00
2026,5,401872982,2026-10-11,13:00,00-0040157,Barrett Carter,CIN,MIA,LB,tackles,6.4,3.4,10.4,0.983495145631068,0.9631067961165048,eligible,eligible_current_role,starter,Active,1.0,direct,20260908_1821_tackles_direct,2026-10-07T10:47:48+00:00,2026-10-07T10:48:05+00:00
2026,5,401872982,2026-10-11,13:00,00-0040175,Jordan Phillips,MIA,CIN,DL,tackles,1.5,0.0,4.0,0.7280234766436404,0.4431062692528563,eligible,eligible_current_role,recent_defensive_participant,,,direct,20260908_1821_tackles_direct,2026-10-07T10:47:48+00:00,2026-10-07T10:48:05+00:00
2026,5,401872982,2026-10-11,13:00,00-0040178,Jason Marshall Jr.,MIA,CIN,DB,tackles,4.1,1.4,7.6,0.9574383393371149,0.8663921275477423,eligible,eligible_current_role,starter,,1.0,direct,20260908_1821_tackles_direct,2026-10-07T10:47:48+00:00,2026-10-07T10:48:05+00:00
2026,5,401872982,2026-10-11,13:00,00-0040182,Dante Trader Jr.,MIA,CIN,DB,tackles,2.6,0.5,5.4,0.8746228047090697,0.6765384233072672,eligible,questionable_flag,backup,Questionable,2.0,direct,20260908_1821_tackles_direct,2026-10-07T10:47:48+00:00,2026-10-07T10:48:05+00:00
2026,5,401872982,2026-10-11,13:00,00-0040198,Ollie Gordon II,MIA,CIN,RB,rushing_yards,12.4,1.7,27.5,,,eligible,eligible_current_role,starter,Active,1.0,direct_component_blend,20260908_1821_rushing_yards_blend,2026-10-07T10:47:48+00:00,2026-10-07T10:48:05+00:00
2026,5,401872982,2026-10-11,13:00,00-0040198,Ollie Gordon II,MIA,CIN,RB,receiving_yards,5.1,-12.0,34.0,,,eligible,eligible_current_role,starter,Active,1.0,direct_component_blend,20260908_1821_receiving_yards_blend,2026-10-07T10:47:48+00:00,2026-10-07T10:48:05+00:00
2026,5,401872982,2026-10-11,13:00,00-0040208,Tahj Brooks,CIN,MIA,RB,rushing_yards,5.9,-16.1,36.8,,,eligible,eligible_current_role,backup,,3.0,direct_component_blend,20260908_1821_rushing_yards_blend,2026-10-07T10:47:48+00:00,2026-10-07T10:48:05+00:00
2026,5,401872982,2026-10-11,13:00,00-0040208,Tahj Brooks,CIN,MIA,RB,receiving_yards,2.1,-15.1,30.9,,,eligible,eligible_current_role,backup,,3.0,direct_component_blend,20260908_1821_receiving_yards_blend,2026-10-07T10:47:48+00:00,2026-10-07T10:48:05+00:00
2026,5,401872982,2026-10-11,13:00,00-0040248,Zeek Biggers,MIA,CIN,DL,tackles,1.9,0.0,4.4,0.7800910403354921,0.5073581757437127,eligible,eligible_current_role,backup,,2.0,direct,20260908_1821_tackles_direct,2026-10-07T10:47:48+00:00,2026-10-07T10:48:05+00:00
2026,5,401872982,2026-10-11,13:00,00-0040398,Brady Cook,MIA,CIN,QB,rushing_yards,7.8,-4.9,25.8,,,eligible,eligible_current_role,backup,Active,3.0,direct_component_blend,20260908_1821_rushing_yards_blend,2026-10-07T10:47:48+00:00,2026-10-07T10:48:05+00:00
2026,5,401872982,2026-10-11,13:00,00-0040738,Demetrius Knight Jr.,CIN,MIA,LB,tackles,5.3,3.2,7.6,0.9813560957822487,0.9402213222878109,eligible,eligible_current_role,starter,Active,1.0,direct,20260908_1821_tackles_direct,2026-10-07T10:47:48+00:00,2026-10-07T10:48:05+00:00
2026,5,401872982,2026-10-11,13:00,00-0040756,Shemar Stewart,CIN,MIA,DL,tackles,1.8,0.0,4.3,0.7684654425459121,0.4924389982952958,eligible,eligible_current_role,backup,,2.0,direct,20260908_1821_tackles_direct,2026-10-07T10:47:48+00:00,2026-10-07T10:48:05+00:00
2026,5,401872982,2026-10-11,13:00,00-0040785,Dohnte Meyers,CIN,MIA,WR,rushing_yards,0.6,-14.1,21.3,,,eligible,eligible_current_role,backup,Active,4.0,direct_component_blend,20260908_1821_rushing_yards_blend,2026-10-07T10:47:48+00:00,2026-10-07T10:48:05+00:00
2026,5,401872982,2026-10-11,13:00,00-0040785,Dohnte Meyers,CIN,MIA,WR,receiving_yards,6.8,-15.8,47.4,,,eligible,eligible_current_role,backup,Active,4.0,direct_component_blend,20260908_1821_receiving_yards_blend,2026-10-07T10:47:48+00:00,2026-10-07T10:48:05+00:00
2026,5,401872982,2026-10-11,13:00,00-0041069,Colbie Young,CIN,MIA,WR,rushing_yards,0.0,-14.8,20.6,,,eligible,questionable_flag,backup,Questionable,3.0,direct_component_blend,20260908_1821_rushing_yards_blend,2026-10-07T10:47:48+00:00,2026-10-07T10:48:05+00:00
2026,5,401872982,2026-10-11,13:00,00-0041069,Colbie Young,CIN,MIA,WR,receiving_yards,8.1,-14.5,48.7,,,eligible,questionable_flag,backup,Questionable,3.0,direct_component_blend,20260908_1821_receiving_yards_blend,2026-10-07T10:47:48+00:00,2026-10-07T10:48:05+00:00
2026,5,401872982,2026-10-11,13:00,00-0041077,Justin Joly,MIA,CIN,TE,rushing_yards,0.0,-14.8,20.6,,,eligible,eligible_current_role,backup,Active,4.0,direct_component_blend,20260908_1821_rushing_yards_blend,2026-10-07T10:47:48+00:00,2026-10-07T10:48:05+00:00
2026,5,401872982,2026-10-11,13:00,00-0041077,Justin Joly,MIA,CIN,TE,receiving_yards,5.2,-17.4,45.8,,,eligible,eligible_current_role,backup,Active,4.0,direct_component_blend,20260908_1821_receiving_yards_blend,2026-10-07T10:47:48+00:00,2026-10-07T10:48:05+00:00
2026,5,401872982,2026-10-11,13:00,00-0041116,Jack Endries,CIN,MIA,TE,rushing_yards,0.0,-14.8,20.6,,,eligible,eligible_current_role,backup,Active,5.0,direct_component_blend,20260908_1821_rushing_yards_blend,2026-10-07T10:47:48+00:00,2026-10-07T10:48:05+00:00
2026,5,401872982,2026-10-11,13:00,00-0041116,Jack Endries,CIN,MIA,TE,receiving_yards,4.9,-17.8,45.4,,,eligible,eligible_current_role,backup,Active,5.0,direct_component_blend,20260908_1821_receiving_yards_blend,2026-10-07T10:47:48+00:00,2026-10-07T10:48:05+00:00
2026,5,401872982,2026-10-11,13:00,00-0041118,Landon Robinson,CIN,MIA,DL,tackles,1.2,0.0,4.7,0.5698848370947015,0.2794019609563312,eligible,eligible_current_role,backup,Active,3.0,direct,20260908_1821_tackles_direct,2026-10-07T10:47:48+00:00,2026-10-07T10:48:05+00:00
2026,5,401872982,2026-10-11,13:00,00-0041159,Rodney McGraw,MIA,CIN,DL,tackles,1.2,0.0,4.7,0.5707110247438516,0.28019777274789154,eligible,eligible_current_role,recent_defensive_participant,,,direct,20260908_1821_tackles_direct,2026-10-07T10:47:48+00:00,2026-10-07T10:48:05+00:00
2026,5,401872982,2026-10-11,13:00,00-0041161,Le'Veon Moss,MIA,CIN,RB,rushing_yards,14.4,-15.9,56.9,,,eligible,eligible_current_role,roster_only,,,direct_component_blend,20260908_1821_rushing_yards_blend,2026-10-07T10:47:48+00:00,2026-10-07T10:48:05+00:00
2026,5,401872982,2026-10-11,13:00,00-0041161,Le'Veon Moss,MIA,CIN,RB,receiving_yards,4.3,-18.3,44.9,,,eligible,eligible_current_role,roster_only,,,direct_component_blend,20260908_1821_receiving_yards_blend,2026-10-07T10:47:48+00:00,2026-10-07T10:48:05+00:00
2026,5,401872982,2026-10-11,13:00,00-0041436,DJ Herman,MIA,CIN,RB,rushing_yards,14.5,-15.8,57.0,,,eligible,eligible_current_role,starter,,1.0,direct_component_blend,20260908_1821_rushing_yards_blend,2026-10-07T10:47:48+00:00,2026-10-07T10:48:05+00:00
2026,5,401872982,2026-10-11,13:00,00-0041436,DJ Herman,MIA,CIN,RB,receiving_yards,7.2,-15.4,47.8,,,eligible,eligible_current_role,starter,,1.0,direct_component_blend,20260908_1821_receiving_yards_blend,2026-10-07T10:47:48+00:00,2026-10-07T10:48:05+00:00
2026,5,401872982,2026-10-11,13:00,00-0041464,Tacario Davis,CIN,MIA,DB,tackles,3.2,0.3,7.1,0.9135206499094832,0.7741362366907492,eligible,eligible_current_role,starter,,1.0,direct,20260908_1821_tackles_direct,2026-10-07T10:47:48+00:00,2026-10-07T10:48:05+00:00
2026,5,401872982,2026-10-11,13:00,00-0041522,Jacob Rodriguez,MIA,CIN,LB,tackles,2.1,0.0,5.6,0.8074815510222334,0.5506620314999743,eligible,eligible_current_role,starter,Active,1.0,direct,20260908_1821_tackles_direct,2026-10-07T10:47:48+00:00,2026-10-07T10:48:05+00:00
2026,5,401872982,2026-10-11,13:00,00-0041523,Caleb Douglas,MIA,CIN,WR,rushing_yards,0.0,-14.8,20.6,,,eligible,questionable_flag,backup,Questionable,2.0,direct_component_blend,20260908_1821_rushing_yards_blend,2026-10-07T10:47:48+00:00,2026-10-07T10:48:05+00:00
2026,5,401872982,2026-10-11,13:00,00-0041523,Caleb Douglas,MIA,CIN,WR,receiving_yards,10.7,-11.9,51.3,,,eligible,questionable_flag,backup,Questionable,2.0,direct_component_blend,20260908_1821_receiving_yards_blend,2026-10-07T10:47:48+00:00,2026-10-07T10:48:05+00:00
2026,5,401872982,2026-10-11,13:00,00-0041524,Will Kacmarek,MIA,CIN,TE,rushing_yards,0.0,-14.8,20.6,,,eligible,eligible_current_role,backup,,2.0,direct_component_blend,20260908_1821_rushing_yards_blend,2026-10-07T10:47:48+00:00,2026-10-07T10:48:05+00:00
2026,5,401872982,2026-10-11,13:00,00-0041524,Will Kacmarek,MIA,CIN,TE,receiving_yards,8.1,-14.5,48.7,,,eligible,eligible_current_role,backup,,2.0,direct_component_blend,20260908_1821_receiving_yards_blend,2026-10-07T10:47:48+00:00,2026-10-07T10:48:05+00:00
2026,5,401872982,2026-10-11,13:00,00-0041525,Chris Bell,MIA,CIN,WR,rushing_yards,0.0,-14.8,20.6,,,eligible,eligible_current_role,backup,Active,3.0,direct_component_blend,20260908_1821_rushing_yards_blend,2026-10-07T10:47:48+00:00,2026-10-07T10:48:05+00:00
2026,5,401872982,2026-10-11,13:00,00-0041525,Chris Bell,MIA,CIN,WR,receiving_yards,7.3,-15.4,47.8,,,eligible,eligible_current_role,backup,Active,3.0,direct_component_blend,20260908_1821_receiving_yards_blend,2026-10-07T10:47:48+00:00,2026-10-07T10:48:05+00:00
2026,5,401872982,2026-10-11,13:00,00-0041528,Michael Taaffe,MIA,CIN,DB,tackles,3.1,0.2,7.0,0.908119190906185,0.7587209581253893,eligible,eligible_current_role,starter,,1.0,direct,20260908_1821_tackles_direct,2026-10-07T10:47:48+00:00,2026-10-07T10:48:05+00:00
2026,5,401872982,2026-10-11,13:00,00-0041529,Kevin Coleman Jr.,MIA,CIN,WR,rushing_yards,0.0,-14.8,20.6,,,eligible,eligible_current_role,backup,,4.0,direct_component_blend,20260908_1821_rushing_yards_blend,2026-10-07T10:47:48+00:00,2026-10-07T10:48:05+00:00
2026,5,401872982,2026-10-11,13:00,00-0041529,Kevin Coleman Jr.,MIA,CIN,WR,receiving_yards,7.1,-15.5,47.7,,,eligible,eligible_current_role,backup,,4.0,direct_component_blend,20260908_1821_receiving_yards_blend,2026-10-07T10:47:48+00:00,2026-10-07T10:48:05+00:00
2026,5,401872982,2026-10-11,13:00,00-0041531,Max Llewellyn,MIA,CIN,DL,tackles,1.2,0.0,4.7,0.5707110247438516,0.28019777274789154,eligible,eligible_current_role,recent_defensive_participant,,,direct,20260908_1821_tackles_direct,2026-10-07T10:47:48+00:00,2026-10-07T10:48:05+00:00
2026,5,401872982,2026-10-11,13:00,00-0041533,Chris Johnson,MIA,CIN,DB,tackles,3.1,0.2,7.0,0.908119190906185,0.7587209581253893,eligible,eligible_current_role,starter,,1.0,direct,20260908_1821_tackles_direct,2026-10-07T10:47:48+00:00,2026-10-07T10:48:05+00:00
2026,5,401872982,2026-10-11,13:00,00-0041546,Cashius Howell,CIN,MIA,DL,tackles,1.2,0.0,4.7,0.5708568702462408,0.2803384823472783,eligible,eligible_current_role,backup,,2.0,direct,20260908_1821_tackles_direct,2026-10-07T10:47:48+00:00,2026-10-07T10:48:05+00:00
2026,5,401872982,2026-10-11,13:00,00-0041579,Seydou Traore,MIA,CIN,TE,rushing_yards,0.0,-14.8,20.6,,,eligible,eligible_current_role,backup,,3.0,direct_component_blend,20260908_1821_rushing_yards_blend,2026-10-07T10:47:48+00:00,2026-10-07T10:48:05+00:00
2026,5,401872982,2026-10-11,13:00,00-0041579,Seydou Traore,MIA,CIN,TE,receiving_yards,5.2,-17.4,45.8,,,eligible,eligible_current_role,backup,,3.0,direct_component_blend,20260908_1821_receiving_yards_blend,2026-10-07T10:47:48+00:00,2026-10-07T10:48:05+00:00
2026,5,401872983,2026-10-11,13:00,00-0029607,Demario Davis,NYJ,CLE,LB,tackles,6.8,3.9,10.9,0.983495145631068,0.9631067961165048,eligible,eligible_current_role,starter,Active,1.0,direct,20260908_1821_tackles_direct,2026-10-07T10:47:48+00:00,2026-10-07T10:48:05+00:00
2026,5,401872983,2026-10-11,13:00,00-0030565,Geno Smith,NYJ,CLE,QB,passing_yards,185.7,92.2,291.9,,,eligible,eligible_current_role,starter,Active,1.0,direct_component_blend,20260908_1821_passing_yards_blend,2026-10-07T10:47:48+00:00,2026-10-07T10:48:05+00:00
2026,5,401872983,2026-10-11,13:00,00-0030565,Geno Smith,NYJ,CLE,QB,passing_tds,0.865,,,0.5937595467037582,0.25175990969883677,eligible,eligible_current_role,starter,Active,1.0,direct_component_blend,20260908_1821_passing_tds_blend,2026-10-07T10:47:48+00:00,2026-10-07T10:48:05+00:00
2026,5,401872983,2026-10-11,13:00,00-0030565,Geno Smith,NYJ,CLE,QB,rushing_yards,7.9,-2.8,23.0,,,eligible,eligible_current_role,starter,Active,1.0,direct_component_blend,20260908_1821_rushing_yards_blend,2026-10-07T10:47:48+00:00,2026-10-07T10:48:05+00:00
2026,5,401872983,2026-10-11,13:00,00-0031595,Michael Burton,CLE,NYJ,RB,rushing_yards,3.2,-7.5,18.3,,,eligible,eligible_current_role,starter,,1.0,direct_component_blend,20260908_1821_rushing_yards_blend,2026-10-07T10:47:48+00:00,2026-10-07T10:48:05+00:00
2026,5,401872983,2026-10-11,13:00,00-0031595,Michael Burton,CLE,NYJ,RB,receiving_yards,3.3,-13.8,32.1,,,eligible,eligible_current_role,starter,,1.0,direct_component_blend,20260908_1821_receiving_yards_blend,2026-10-07T10:47:48+00:00,2026-10-07T10:48:05+00:00
2026,5,401872983,2026-10-11,13:00,00-0032385,Sterling Shepard,NYJ,CLE,WR,rushing_yards,0.2,-10.5,15.3,,,eligible,eligible_current_role,roster_only,,,direct_component_blend,20260908_1821_rushing_yards_blend,2026-10-07T10:47:48+00:00,2026-10-07T10:48:05+00:00
2026,5,401872983,2026-10-11,13:00,00-0032385,Sterling Shepard,NYJ,CLE,WR,receiving_yards,14.1,-3.0,43.0,,,eligible,eligible_current_role,roster_only,,,direct_component_blend,20260908_1821_receiving_yards_blend,2026-10-07T10:47:48+00:00,2026-10-07T10:48:05+00:00
2026,5,401872983,2026-10-11,13:00,00-0033131,Maliek Collins,CLE,NYJ,DL,tackles,1.7,0.0,4.1,0.7557089869302247,0.4768090325006769,eligible,eligible_current_role,starter,,1.0,direct,20260908_1821_tackles_direct,2026-10-07T10:47:48+00:00,2026-10-07T10:48:05+00:00
2026,5,401872983,2026-10-11,13:00,00-0033537,Deshaun Watson,CLE,NYJ,QB,passing_yards,207.3,113.8,313.5,,,eligible,eligible_current_role,starter,Active,1.0,direct_component_blend,20260908_1821_passing_yards_blend,2026-10-07T10:47:48+00:00,2026-10-07T10:48:05+00:00
2026,5,401872983,2026-10-11,13:00,00-0033537,Deshaun Watson,CLE,NYJ,QB,passing_tds,1.244,,,0.6754640639343357,0.39285714285714285,eligible,eligible_current_role,starter,Active,1.0,direct_component_blend,20260908_1821_passing_tds_blend,2026-10-07T10:47:48+00:00,2026-10-07T10:48:05+00:00
2026,5,401872983,2026-10-11,13:00,00-0033537,Deshaun Watson,CLE,NYJ,QB,rushing_yards,20.0,7.2,38.0,,,eligible,eligible_current_role,starter,Active,1.0,direct_component_blend,20260908_1821_rushing_yards_blend,2026-10-07T10:47:48+00:00,2026-10-07T10:48:05+00:00
2026,5,401872983,2026-10-11,13:00,00-0033876,Derek Barnett,CLE,NYJ,DL,tackles,1.1,0.0,3.6,0.564564717634366,0.2743292332736106,eligible,eligible_current_role,backup,,2.0,direct,20260908_1821_tackles_direct,2026-10-07T10:47:48+00:00,2026-10-07T10:48:05+00:00
2026,5,401872983,2026-10-11,13:00,00-0034782,Harrison Phillips,NYJ,CLE,DL,tackles,3.3,1.3,5.7,0.9197829334395521,0.7927542580456217,eligible,eligible_current_role,starter,,1.0,direct,20260908_1821_tackles_direct,2026-10-07T10:47:48+00:00,2026-10-07T10:48:05+00:00
2026,5,401872983,2026-10-11,13:00,00-0034789,Minkah Fitzpatrick,NYJ,CLE,DB,tackles,5.3,2.5,8.7,0.9812843643801016,0.9395143281801093,eligible,eligible_current_role,starter,Active,1.0,direct,20260908_1821_tackles_direct,2026-10-07T10:47:48+00:00,2026-10-07T10:48:05+00:00
2026,5,401872983,2026-10-11,13:00,00-0034794,Jason Sanders,NYJ,CLE,K,kicking_points,6.8,2.2,12.0,,,eligible,eligible_current_role,starter,Active,1.0,component,20260908_1821_kicking_points_component,2026-10-07T10:47:48+00:00,2026-10-07T10:48:05+00:00
2026,5,401872983,2026-10-11,13:00,00-0034856,Denzel Ward,CLE,NYJ,DB,tackles,3.5,0.9,7.0,0.9316475004658047,0.8143648827190548,eligible,eligible_current_role,starter,Active,1.0,direct,20260908_1821_tackles_direct,2026-10-07T10:47:48+00:00,2026-10-07T10:48:05+00:00
2026,5,401872983,2026-10-11,13:00,00-0034959,Andrew Beck,NYJ,CLE,RB,rushing_yards,1.3,-9.4,16.4,,,eligible,eligible_current_role,backup,,5.0,direct_component_blend,20260908_1821_rushing_yards_blend,2026-10-07T10:47:48+00:00,2026-10-07T10:48:05+00:00
2026,5,401872983,2026-10-11,13:00,00-0034959,Andrew Beck,NYJ,CLE,RB,receiving_yards,2.6,-14.6,31.4,,,eligible,eligible_current_role,backup,,5.0,direct_component_blend,20260908_1821_receiving_yards_blend,2026-10-07T10:47:48+00:00,2026-10-07T10:48:05+00:00
2026,5,401872983,2026-10-11,13:00,00-0035617,Troy Reeder,NYJ,CLE,LB,tackles,1.6,0.0,4.1,0.753953878236247,0.474715804608715,eligible,eligible_current_role,backup,,2.0,direct,20260908_1821_tackles_direct,2026-10-07T10:47:48+00:00,2026-10-07T10:48:05+00:00
2026,5,401872983,2026-10-11,13:00,00-0035680,Quincy Williams,CLE,NYJ,LB,tackles,6.7,3.8,10.8,0.983495145631068,0.9631067961165048,eligible,eligible_current_role,starter,,1.0,direct,20260908_1821_tackles_direct,2026-10-07T10:47:48+00:00,2026-10-07T10:48:05+00:00
2026,5,401872983,2026-10-11,13:00,00-0036282,Grant Delpit,CLE,NYJ,DB,tackles,5.6,2.9,9.1,0.9823146992456044,0.9499527467013291,eligible,eligible_current_role,starter,Active,1.0,direct,20260908_1821_tackles_direct,2026-10-07T10:47:48+00:00,2026-10-07T10:48:05+00:00
2026,5,401872983,2026-10-11,13:00,00-0036287,Noah Igbinoghene,CLE,NYJ,DB,tackles,2.9,0.7,5.6,0.8975229838550107,0.7299673917361863,eligible,eligible_current_role,backup,,2.0,direct,20260908_1821_tackles_direct,2026-10-07T10:47:48+00:00,2026-10-07T10:48:05+00:00
2026,5,401872983,2026-10-11,13:00,00-0036306,Daniel Thomas,CLE,NYJ,DB,tackles,3.0,0.8,5.7,0.9042728339097564,0.7480690606671065,eligible,eligible_current_role,backup,,3.0,direct,20260908_1821_tackles_direct,2026-10-07T10:47:48+00:00,2026-10-07T10:48:05+00:00
2026,5,401872983,2026-10-11,13:00,00-0036407,Jerry Jeudy,CLE,NYJ,WR,rushing_yards,0.0,-10.8,15.0,,,eligible,eligible_current_role,backup,Active,3.0,direct_component_blend,20260908_1821_rushing_yards_blend,2026-10-07T10:47:48+00:00,2026-10-07T10:48:05+00:00
2026,5,401872983,2026-10-11,13:00,00-0036407,Jerry Jeudy,CLE,NYJ,WR,receiving_yards,47.2,20.6,96.4,,,eligible,eligible_current_role,backup,Active,3.0,direct_component_blend,20260908_1821_receiving_yards_blend,2026-10-07T10:47:48+00:00,2026-10-07T10:48:05+00:00
2026,5,401872983,2026-10-11,13:00,00-0036500,Jamien Sherwood,NYJ,CLE,LB,tackles,7.5,5.3,12.3,0.983495145631068,0.9631067961165048,eligible,eligible_current_role,starter,,1.0,direct,20260908_1821_tackles_direct,2026-10-07T10:47:48+00:00,2026-10-07T10:48:05+00:00
2026,5,401872983,2026-10-11,13:00,00-0036630,Tylan Wallace,CLE,NYJ,WR,rushing_yards,0.0,-10.8,15.0,,,eligible,questionable_flag,backup,Questionable,5.0,direct_component_blend,20260908_1821_rushing_yards_blend,2026-10-07T10:47:48+00:00,2026-10-07T10:48:05+00:00
2026,5,401872983,2026-10-11,13:00,00-0036630,Tylan Wallace,CLE,NYJ,WR,receiving_yards,4.3,-12.9,33.1,,,eligible,questionable_flag,backup,Questionable,5.0,direct_component_blend,20260908_1821_receiving_yards_blend,2026-10-07T10:47:48+00:00,2026-10-07T10:48:05+00:00
2026,5,401872983,2026-10-11,13:00,00-0036788,Jack Heflin,NYJ,CLE,DL,tackles,1.0,0.0,3.7,0.5195752426980486,0.2356105789239336,eligible,eligible_current_role,backup,,3.0,direct,20260908_1821_tackles_direct,2026-10-07T10:47:48+00:00,2026-10-07T10:48:05+00:00
2026,5,401872983,2026-10-11,13:00,00-0036842,Kene Nwangwu,NYJ,CLE,RB,rushing_yards,6.4,-4.3,21.5,,,eligible,eligible_current_role,backup,Active,4.0,direct_component_blend,20260908_1821_rushing_yards_blend,2026-10-07T10:47:48+00:00,2026-10-07T10:48:05+00:00
2026,5,401872983,2026-10-11,13:00,00-0036842,Kene Nwangwu,NYJ,CLE,RB,receiving_yards,2.4,-14.7,31.3,,,eligible,eligible_current_role,backup,Active,4.0,direct_component_blend,20260908_1821_receiving_yards_blend,2026-10-07T10:47:48+00:00,2026-10-07T10:48:05+00:00
2026,5,401872983,2026-10-11,13:00,00-0036902,Joseph Ossai,NYJ,CLE,LB,tackles,3.2,0.2,7.2,0.9139562637455921,0.7754042795459476,eligible,eligible_current_role,backup,Active,2.0,direct,20260908_1821_tackles_direct,2026-10-07T10:47:48+00:00,2026-10-07T10:48:05+00:00
2026,5,401872983,2026-10-11,13:00,00-0036941,Andre Cisco,NYJ,CLE,DB,tackles,4.1,1.4,7.6,0.9573320803643548,0.8661392721124789,eligible,eligible_current_role,backup,,2.0,direct,20260908_1821_tackles_direct,2026-10-07T10:47:48+00:00,2026-10-07T10:48:05+00:00
2026,5,401872983,2026-10-11,13:00,00-0036974,Tyson Campbell,CLE,NYJ,DB,tackles,5.0,2.2,8.4,0.9801543519386818,0.9286947777979867,eligible,eligible_current_role,starter,Active,1.0,direct,20260908_1821_tackles_direct,2026-10-07T10:47:48+00:00,2026-10-07T10:48:05+00:00
2026,5,401872983,2026-10-11,13:00,00-0036986,Nahshon Wright,NYJ,CLE,DB,tackles,4.0,1.3,7.5,0.9546650674104096,0.8598448654689735,eligible,eligible_current_role,backup,Active,2.0,direct,20260908_1821_tackles_direct,2026-10-07T10:47:48+00:00,2026-10-07T10:48:05+00:00
2026,5,401872983,2026-10-11,13:00,00-0036987,Brandon Stephens,NYJ,CLE,DB,tackles,4.2,1.5,7.7,0.9624565903399396,0.8785271238854967,eligible,eligible_current_role,starter,,1.0,direct,20260908_1821_tackles_direct,2026-10-07T10:47:48+00:00,2026-10-07T10:48:05+00:00
2026,5,401872983,2026-10-11,13:00,00-0037083,Kingsley Enagbare,NYJ,CLE,LB,tackles,2.8,0.0,6.9,0.8922479884708111,0.7162994011225152,eligible,questionable_flag,starter,Questionable,1.0,direct,20260908_1821_tackles_direct,2026-10-07T10:47:48+00:00,2026-10-07T10:48:05+00:00
2026,5,401872983,2026-10-11,13:00,00-0037665,Sam Williams,CLE,NYJ,DL,tackles,1.4,0.0,3.9,0.6471226707300939,0.3537575252263721,eligible,eligible_current_role,backup,,2.0,direct,20260908_1821_tackles_direct,2026-10-07T10:47:48+00:00,2026-10-07T10:48:05+00:00
2026,5,401872983,2026-10-11,13:00,00-0037740,Garrett Wilson,NYJ,CLE,WR,rushing_yards,0.0,-10.7,15.0,,,eligible,eligible_current_role,starter,Active,1.0,direct_component_blend,20260908_1821_rushing_yards_blend,2026-10-07T10:47:48+00:00,2026-10-07T10:48:05+00:00
2026,5,401872983,2026-10-11,13:00,00-0037740,Garrett Wilson,NYJ,CLE,WR,receiving_yards,46.9,20.2,96.1,,,eligible,eligible_current_role,starter,Active,1.0,direct_component_blend,20260908_1821_receiving_yards_blend,2026-10-07T10:47:48+00:00,2026-10-07T10:48:05+00:00
2026,5,401872983,2026-10-11,13:00,00-0037755,Jelani Woods,NYJ,CLE,TE,rushing_yards,0.0,-10.8,14.9,,,eligible,eligible_current_role,backup,,4.0,direct_component_blend,20260908_1821_rushing_yards_blend,2026-10-07T10:47:48+00:00,2026-10-07T10:48:05+00:00
2026,5,401872983,2026-10-11,13:00,00-0037755,Jelani Woods,NYJ,CLE,TE,receiving_yards,10.6,-6.6,39.4,,,eligible,eligible_current_role,backup,,4.0,direct_component_blend,20260908_1821_receiving_yards_blend,2026-10-07T10:47:48+00:00,2026-10-07T10:48:05+00:00
2026,5,401872983,2026-10-11,13:00,00-0037805,Jeremy Ruckert,NYJ,CLE,TE,rushing_yards,0.0,-10.8,14.9,,,eligible,eligible_current_role,backup,Active,3.0,direct_component_blend,20260908_1821_rushing_yards_blend,2026-10-07T10:47:48+00:00,2026-10-07T10:48:05+00:00
2026,5,401872983,2026-10-11,13:00,00-0037805,Jeremy Ruckert,NYJ,CLE,TE,receiving_yards,14.2,-2.9,43.0,,,eligible,eligible_current_role,backup,Active,3.0,direct_component_blend,20260908_1821_receiving_yards_blend,2026-10-07T10:47:48+00:00,2026-10-07T10:48:05+00:00
2026,5,401872983,2026-10-11,13:00,00-0038120,Breece Hall,NYJ,CLE,RB,rushing_yards,58.9,36.9,89.8,,,eligible,eligible_current_role,starter,Doubtful,1.0,direct_component_blend,20260908_1821_rushing_yards_blend,2026-10-07T10:47:48+00:00,2026-10-07T10:48:05+00:00
2026,5,401872983,2026-10-11,13:00,00-0038120,Breece Hall,NYJ,CLE,RB,receiving_yards,16.0,-1.2,44.8,,,eligible,eligible_current_role,starter,Doubtful,1.0,direct_component_blend,20260908_1821_receiving_yards_blend,2026-10-07T10:47:48+00:00,2026-10-07T10:48:05+00:00
2026,5,401872983,2026-10-11,13:00,00-0038123,Dane Belton,NYJ,CLE,DB,tackles,6.3,3.6,9.8,0.983495145631068,0.9631067961165048,eligible,eligible_current_role,starter,,1.0,direct,20260908_1821_tackles_direct,2026-10-07T10:47:48+00:00,2026-10-07T10:48:05+00:00
2026,5,401872983,2026-10-11,13:00,00-0038396,Eric Gray,CLE,NYJ,RB,rushing_yards,2.7,-8.0,17.8,,,eligible,eligible_current_role,roster_only,,,direct_component_blend,20260908_1821_rushing_yards_blend,2026-10-07T10:47:48+00:00,2026-10-07T10:48:05+00:00
2026,5,401872983,2026-10-11,13:00,00-0038396,Eric Gray,CLE,NYJ,RB,receiving_yards,1.5,-15.6,30.4,,,eligible,eligible_current_role,roster_only,,,direct_component_blend,20260908_1821_receiving_yards_blend,2026-10-07T10:47:48+00:00,2026-10-07T10:48:05+00:00
2026,5,401872983,2026-10-11,13:00,00-0038428,Andre Szmyt,CLE,NYJ,K,kicking_points,6.6,1.9,12.1,,,eligible,eligible_current_role,starter,Active,1.0,component,20260908_1821_kicking_points_component,2026-10-07T10:47:48+00:00,2026-10-07T10:48:05+00:00
2026,5,401872983,2026-10-11,13:00,00-0038565,Mekhi Blackmon,CLE,NYJ,DB,tackles,3.6,0.9,7.1,0.936720881402259,0.8235956476383737,eligible,eligible_current_role,backup,,2.0,direct,20260908_1821_tackles_direct,2026-10-07T10:47:48+00:00,2026-10-07T10:48:05+00:00
2026,5,401872983,2026-10-11,13:00,00-0038574,Isaiah McGuire,CLE,NYJ,DL,tackles,1.5,0.0,3.9,0.7000064214996918,0.41053222244221255,eligible,eligible_current_role,starter,,1.0,direct,20260908_1821_tackles_direct,2026-10-07T10:47:48+00:00,2026-10-07T10:48:05+00:00
2026,5,401872983,2026-10-11,13:00,00-0038710,Blake Whiteheart,CLE,NYJ,TE,rushing_yards,0.0,-10.8,14.9,,,eligible,eligible_current_role,backup,,2.0,direct_component_blend,20260908_1821_rushing_yards_blend,2026-10-07T10:47:48+00:00,2026-10-07T10:48:05+00:00
2026,5,401872983,2026-10-11,13:00,00-0038710,Blake Whiteheart,CLE,NYJ,TE,receiving_yards,8.8,-8.3,37.7,,,eligible,eligible_current_role,backup,,2.0,direct_component_blend,20260908_1821_receiving_yards_blend,2026-10-07T10:47:48+00:00,2026-10-07T10:48:05+00:00
2026,5,401872983,2026-10-11,13:00,00-0038715,Ronnie Hickman Jr.,CLE,NYJ,DB,tackles,5.4,2.7,8.9,0.9817753898015865,0.9444096137501338,eligible,eligible_current_role,starter,Active,1.0,direct,20260908_1821_tackles_direct,2026-10-07T10:47:48+00:00,2026-10-07T10:48:05+00:00
2026,5,401872983,2026-10-11,13:00,00-0038794,Jaleel McLaughlin,CLE,NYJ,RB,rushing_yards,22.8,0.8,53.7,,,eligible,eligible_current_role,backup,Active,3.0,direct_component_blend,20260908_1821_rushing_yards_blend,2026-10-07T10:47:48+00:00,2026-10-07T10:48:05+00:00
2026,5,401872983,2026-10-11,13:00,00-0038794,Jaleel McLaughlin,CLE,NYJ,RB,receiving_yards,4.0,-13.2,32.8,,,eligible,eligible_current_role,backup,Active,3.0,direct_component_blend,20260908_1821_receiving_yards_blend,2026-10-07T10:47:48+00:00,2026-10-07T10:48:05+00:00
2026,5,401872983,2026-10-11,13:00,00-0039142,Will McDonald IV,NYJ,CLE,LB,tackles,2.6,0.0,6.7,0.8802098786352379,0.6885963630786833,eligible,eligible_current_role,backup,,2.0,direct,20260908_1821_tackles_direct,2026-10-07T10:47:48+00:00,2026-10-07T10:48:05+00:00
2026,5,401872983,2026-10-11,13:00,00-0039152,Will Levis,NYJ,CLE,QB,rushing_yards,9.1,-3.7,27.0,,,eligible,eligible_current_role,roster_only,,,direct_component_blend,20260908_1821_rushing_yards_blend,2026-10-07T10:47:48+00:00,2026-10-07T10:48:05+00:00
2026,5,401872983,2026-10-11,13:00,00-0039347,Trevin Wallace,NYJ,CLE,LB,tackles,5.0,2.0,9.0,0.9803208585536798,0.9302545333255335,eligible,eligible_current_role,backup,,2.0,direct,20260908_1821_tackles_direct,2026-10-07T10:47:48+00:00,2026-10-07T10:48:05+00:00
2026,5,401872983,2026-10-11,13:00,00-0039372,Jarvis Brownlee Jr.,NYJ,CLE,DB,tackles,4.6,2.4,7.3,0.9746171614375772,0.9098085986164345,eligible,questionable_flag,starter,Questionable,1.0,direct,20260908_1821_tackles_direct,2026-10-07T10:47:48+00:00,2026-10-07T10:48:05+00:00
2026,5,401872983,2026-10-11,13:00,00-0039417,Myles Harden,CLE,NYJ,DB,tackles,3.3,0.6,6.8,0.9176788899356054,0.7864028290063714,eligible,eligible_current_role,starter,,1.0,direct,20260908_1821_tackles_direct,2026-10-07T10:47:48+00:00,2026-10-07T10:48:05+00:00
2026,5,401872983,2026-10-11,13:00,00-0039431,Jowon Briggs,NYJ,CLE,DL,tackles,2.5,0.4,5.3,0.869408763712579,0.6655661158955529,eligible,eligible_current_role,backup,,2.0,direct,20260908_1821_tackles_direct,2026-10-07T10:47:48+00:00,2026-10-07T10:48:05+00:00
2026,5,401872983,2026-10-11,13:00,00-0039451,Isaiah Williams,NYJ,CLE,WR,rushing_yards,1.0,-9.7,16.1,,,eligible,eligible_current_role,backup,Active,3.0,direct_component_blend,20260908_1821_rushing_yards_blend,2026-10-07T10:47:48+00:00,2026-10-07T10:48:05+00:00
2026,5,401872983,2026-10-11,13:00,00-0039451,Isaiah Williams,NYJ,CLE,WR,receiving_yards,17.5,-9.2,66.6,,,eligible,eligible_current_role,backup,Active,3.0,direct_component_blend,20260908_1821_receiving_yards_blend,2026-10-07T10:47:48+00:00,2026-10-07T10:48:05+00:00
2026,5,401872983,2026-10-11,13:00,00-0039515,Winston Reid,CLE,NYJ,LB,tackles,3.4,1.4,5.8,0.9242572466846997,0.801366396324957,eligible,eligible_current_role,backup,,2.0,direct,20260908_1821_tackles_direct,2026-10-07T10:47:48+00:00,2026-10-07T10:48:05+00:00
2026,5,401872983,2026-10-11,13:00,00-0039789,Qwan'tez Stiggers,NYJ,CLE,DB,tackles,4.4,1.7,7.9,0.9693410117298323,0.8958667719588895,eligible,eligible_current_role,backup,Active,2.0,direct,20260908_1821_tackles_direct,2026-10-07T10:47:48+00:00,2026-10-07T10:48:05+00:00
2026,5,401872983,2026-10-11,13:00,00-0039794,Braelon Allen,NYJ,CLE,RB,rushing_yards,18.7,-3.3,49.6,,,eligible,eligible_current_role,backup,Active,2.0,direct_component_blend,20260908_1821_rushing_yards_blend,2026-10-07T10:47:48+00:00,2026-10-07T10:48:05+00:00
2026,5,401872983,2026-10-11,13:00,00-0039794,Braelon Allen,NYJ,CLE,RB,receiving_yards,4.9,-12.3,33.7,,,eligible,eligible_current_role,backup,Active,2.0,direct_component_blend,20260908_1821_receiving_yards_blend,2026-10-07T10:47:48+00:00,2026-10-07T10:48:05+00:00
2026,5,401872983,2026-10-11,13:00,00-0039798,Isaiah Davis,NYJ,CLE,RB,rushing_yards,13.9,-8.1,44.8,,,eligible,eligible_current_role,backup,Active,3.0,direct_component_blend,20260908_1821_rushing_yards_blend,2026-10-07T10:47:48+00:00,2026-10-07T10:48:05+00:00
2026,5,401872983,2026-10-11,13:00,00-0039798,Isaiah Davis,NYJ,CLE,RB,receiving_yards,4.5,-12.6,33.4,,,eligible,eligible_current_role,backup,Active,3.0,direct_component_blend,20260908_1821_receiving_yards_blend,2026-10-07T10:47:48+00:00,2026-10-07T10:48:05+00:00
2026,5,401872983,2026-10-11,13:00,00-0039852,Jared Verse,CLE,NYJ,DL,tackles,3.1,1.0,5.8,0.9106049868617884,0.7657460628873477,eligible,eligible_current_role,starter,,1.0,direct,20260908_1821_tackles_direct,2026-10-07T10:47:48+00:00,2026-10-07T10:48:05+00:00
2026,5,401872983,2026-10-11,13:00,00-0039886,T'Vondre Sweat,NYJ,CLE,DL,tackles,2.5,0.6,5.0,0.8715811725997014,0.6701058790088026,eligible,eligible_current_role,starter,,1.0,direct,20260908_1821_tackles_direct,2026-10-07T10:47:48+00:00,2026-10-07T10:48:05+00:00
2026,5,401872983,2026-10-11,13:00,00-0039890,Adonai Mitchell,NYJ,CLE,WR,rushing_yards,0.0,-10.8,15.0,,,eligible,eligible_current_role,backup,Doubtful,2.0,direct_component_blend,20260908_1821_rushing_yards_blend,2026-10-07T10:47:48+00:00,2026-10-07T10:48:05+00:00
2026,5,401872983,2026-10-11,13:00,00-0039890,Adonai Mitchell,NYJ,CLE,WR,receiving_yards,40.5,13.9,89.7,,,eligible,eligible_current_role,backup,Doubtful,2.0,direct_component_blend,20260908_1821_receiving_yards_blend,2026-10-07T10:47:48+00:00,2026-10-07T10:48:05+00:00
2026,5,401872983,2026-10-11,13:00,00-0039895,Mike Hall Jr.,CLE,NYJ,DL,tackles,1.2,0.0,3.7,0.5787583009970134,0.2880643060636401,eligible,eligible_current_role,backup,Active,2.0,direct,20260908_1821_tackles_direct,2026-10-07T10:47:48+00:00,2026-10-07T10:48:05+00:00
2026,5,401872983,2026-10-11,13:00,00-0039920,Malachi Corley,CLE,NYJ,WR,rushing_yards,2.8,-7.9,17.9,,,eligible,eligible_current_role,backup,,6.0,direct_component_blend,20260908_1821_rushing_yards_blend,2026-10-07T10:47:48+00:00,2026-10-07T10:48:05+00:00
2026,5,401872983,2026-10-11,13:00,00-0039920,Malachi Corley,CLE,NYJ,WR,receiving_yards,10.5,-6.6,39.4,,,eligible,eligible_current_role,backup,,6.0,direct_component_blend,20260908_1821_receiving_yards_blend,2026-10-07T10:47:48+00:00,2026-10-07T10:48:05+00:00
2026,5,401872983,2026-10-11,13:00,00-0040133,Azareye'h Thomas,NYJ,CLE,DB,tackles,3.8,1.1,7.3,0.94508290084107,0.8394408566075869,eligible,eligible_current_role,starter,,1.0,direct,20260908_1821_tackles_direct,2026-10-07T10:47:48+00:00,2026-10-07T10:48:05+00:00
2026,5,401872983,2026-10-11,13:00,00-0040165,Malachi Moore,NYJ,CLE,DB,tackles,5.4,2.7,8.9,0.9818057519000989,0.9447167889076212,eligible,eligible_current_role,backup,,2.0,direct,20260908_1821_tackles_direct,2026-10-07T10:47:48+00:00,2026-10-07T10:48:05+00:00
2026,5,401872983,2026-10-11,13:00,00-0040186,Francisco Mauigoa,NYJ,CLE,LB,tackles,3.0,1.0,5.5,0.9054665345679161,0.7513473872892833,eligible,questionable_flag,starter,Questionable,1.0,direct,20260908_1821_tackles_direct,2026-10-07T10:47:48+00:00,2026-10-07T10:48:05+00:00
2026,5,401872983,2026-10-11,13:00,00-0040255,Adin Huntington,CLE,NYJ,DL,tackles,1.2,0.0,3.7,0.5702821065697362,0.2797843525048705,eligible,eligible_current_role,backup,,2.0,direct,20260908_1821_tackles_direct,2026-10-07T10:47:48+00:00,2026-10-07T10:48:05+00:00
2026,5,401872983,2026-10-11,13:00,00-0040261,Easton Mascarenas-Arnold,CLE,NYJ,LB,tackles,1.3,0.0,3.8,0.6087386178145016,0.31601097217551183,eligible,eligible_current_role,starter,,1.0,direct,20260908_1821_tackles_direct,2026-10-07T10:47:48+00:00,2026-10-07T10:48:05+00:00
2026,5,401872983,2026-10-11,13:00,00-0040263,Donovan McMillon,CLE,NYJ,DB,tackles,0.8,0.0,3.2,0.42671312722044574,0.15760683120172372,eligible,eligible_current_role,backup,,2.0,direct,20260908_1821_tackles_direct,2026-10-07T10:47:48+00:00,2026-10-07T10:48:05+00:00
2026,5,401872983,2026-10-11,13:00,00-0040405,Jamaal Pritchett,NYJ,CLE,WR,rushing_yards,0.0,-14.8,20.6,,,eligible,eligible_current_role,backup,Active,5.0,direct_component_blend,20260908_1821_rushing_yards_blend,2026-10-07T10:47:48+00:00,2026-10-07T10:48:05+00:00
2026,5,401872983,2026-10-11,13:00,00-0040405,Jamaal Pritchett,NYJ,CLE,WR,receiving_yards,4.4,-18.3,44.9,,,eligible,eligible_current_role,backup,Active,5.0,direct_component_blend,20260908_1821_receiving_yards_blend,2026-10-07T10:47:48+00:00,2026-10-07T10:48:05+00:00
2026,5,401872983,2026-10-11,13:00,00-0040466,Raheim Sanders,CLE,NYJ,RB,rushing_yards,23.3,-0.9,57.3,,,eligible,eligible_current_role,backup,Active,2.0,direct_component_blend,20260908_1821_rushing_yards_blend,2026-10-07T10:47:48+00:00,2026-10-07T10:48:05+00:00
2026,5,401872983,2026-10-11,13:00,00-0040466,Raheim Sanders,CLE,NYJ,RB,receiving_yards,7.5,-11.1,39.5,,,eligible,eligible_current_role,backup,Active,2.0,direct_component_blend,20260908_1821_receiving_yards_blend,2026-10-07T10:47:48+00:00,2026-10-07T10:48:05+00:00
2026,5,401872983,2026-10-11,13:00,00-0040579,Carson Schwesinger,CLE,NYJ,LB,tackles,8.1,6.6,13.6,0.983495145631068,0.9631067961165048,eligible,eligible_current_role,starter,Active,1.0,direct,20260908_1821_tackles_direct,2026-10-07T10:47:48+00:00,2026-10-07T10:48:05+00:00
2026,5,401872983,2026-10-11,13:00,00-0040663,Harold Fannin Jr.,CLE,NYJ,TE,rushing_yards,0.3,-10.4,15.4,,,eligible,eligible_current_role,starter,Active,1.0,direct_component_blend,20260908_1821_rushing_yards_blend,2026-10-07T10:47:48+00:00,2026-10-07T10:48:05+00:00
2026,5,401872983,2026-10-11,13:00,00-0040663,Harold Fannin Jr.,CLE,NYJ,TE,receiving_yards,44.5,24.8,78.7,,,eligible,eligible_current_role,starter,Active,1.0,direct_component_blend,20260908_1821_receiving_yards_blend,2026-10-07T10:47:48+00:00,2026-10-07T10:48:05+00:00
2026,5,401872983,2026-10-11,13:00,00-0040668,Shedeur Sanders,CLE,NYJ,QB,rushing_yards,12.0,-0.8,30.0,,,eligible,eligible_current_role,backup,,2.0,direct_component_blend,20260908_1821_rushing_yards_blend,2026-10-07T10:47:48+00:00,2026-10-07T10:48:05+00:00
2026,5,401872983,2026-10-11,13:00,00-0040685,Mason Graham,CLE,NYJ,DL,tackles,2.6,0.5,5.4,0.8791106799054671,0.6861985353484287,eligible,questionable_flag,starter,Questionable,1.0,direct,20260908_1821_tackles_direct,2026-10-07T10:47:48+00:00,2026-10-07T10:48:05+00:00
2026,5,401872983,2026-10-11,13:00,00-0040736,Mason Taylor,NYJ,CLE,TE,rushing_yards,0.0,-10.8,14.9,,,eligible,eligible_current_role,backup,Doubtful,2.0,direct_component_blend,20260908_1821_rushing_yards_blend,2026-10-07T10:47:48+00:00,2026-10-07T10:48:05+00:00
2026,5,401872983,2026-10-11,13:00,00-0040736,Mason Taylor,NYJ,CLE,TE,receiving_yards,25.3,5.6,59.6,,,eligible,eligible_current_role,backup,Doubtful,2.0,direct_component_blend,20260908_1821_receiving_yards_blend,2026-10-07T10:47:48+00:00,2026-10-07T10:48:05+00:00
2026,5,401872983,2026-10-11,13:00,00-0040782,Isaiah Bond,CLE,NYJ,WR,rushing_yards,0.1,-10.6,15.2,,,eligible,eligible_current_role,backup,,4.0,direct_component_blend,20260908_1821_rushing_yards_blend,2026-10-07T10:47:48+00:00,2026-10-07T10:48:05+00:00
2026,5,401872983,2026-10-11,13:00,00-0040782,Isaiah Bond,CLE,NYJ,WR,receiving_yards,11.9,-5.2,40.7,,,eligible,eligible_current_role,backup,,4.0,direct_component_blend,20260908_1821_receiving_yards_blend,2026-10-07T10:47:48+00:00,2026-10-07T10:48:05+00:00
2026,5,401872983,2026-10-11,13:00,00-0040784,Quinshon Judkins,CLE,NYJ,RB,rushing_yards,37.3,15.3,68.2,,,eligible,eligible_current_role,starter,Active,1.0,direct_component_blend,20260908_1821_rushing_yards_blend,2026-10-07T10:47:48+00:00,2026-10-07T10:48:05+00:00
2026,5,401872983,2026-10-11,13:00,00-0040784,Quinshon Judkins,CLE,NYJ,RB,receiving_yards,12.7,-4.4,41.5,,,eligible,eligible_current_role,starter,Active,1.0,direct_component_blend,20260908_1821_receiving_yards_blend,2026-10-07T10:47:48+00:00,2026-10-07T10:48:05+00:00
2026,5,401872983,2026-10-11,13:00,00-0040937,Dominic Richardson,NYJ,CLE,RB,rushing_yards,14.6,-15.7,57.1,,,eligible,eligible_current_role,roster_only,,,direct_component_blend,20260908_1821_rushing_yards_blend,2026-10-07T10:47:48+00:00,2026-10-07T10:48:05+00:00
2026,5,401872983,2026-10-11,13:00,00-0040937,Dominic Richardson,NYJ,CLE,RB,receiving_yards,2.6,-20.0,43.2,,,eligible,eligible_current_role,roster_only,,,direct_component_blend,20260908_1821_receiving_yards_blend,2026-10-07T10:47:48+00:00,2026-10-07T10:48:05+00:00
2026,5,401872983,2026-10-11,13:00,00-0041026,David Bailey,NYJ,CLE,LB,tackles,2.3,0.0,5.8,0.840958701208295,0.6096666516471638,eligible,eligible_current_role,starter,,1.0,direct,20260908_1821_tackles_direct,2026-10-07T10:47:48+00:00,2026-10-07T10:48:05+00:00
2026,5,401872983,2026-10-11,13:00,00-0041032,Kenyon Sadiq,NYJ,CLE,TE,rushing_yards,0.0,-14.7,20.7,,,eligible,eligible_current_role,starter,Active,1.0,direct_component_blend,20260908_1821_rushing_yards_blend,2026-10-07T10:47:48+00:00,2026-10-07T10:48:05+00:00
2026,5,401872983,2026-10-11,13:00,00-0041032,Kenyon Sadiq,NYJ,CLE,TE,receiving_yards,6.8,-15.8,47.4,,,eligible,eligible_current_role,starter,Active,1.0,direct_component_blend,20260908_1821_receiving_yards_blend,2026-10-07T10:47:48+00:00,2026-10-07T10:48:05+00:00
2026,5,401872983,2026-10-11,13:00,00-0041037,Denzel Boston,CLE,NYJ,WR,rushing_yards,0.0,-14.8,20.6,,,eligible,eligible_current_role,starter,Active,1.0,direct_component_blend,20260908_1821_rushing_yards_blend,2026-10-07T10:47:48+00:00,2026-10-07T10:48:05+00:00
2026,5,401872983,2026-10-11,13:00,00-0041037,Denzel Boston,CLE,NYJ,WR,receiving_yards,15.0,-7.6,55.6,,,eligible,eligible_current_role,starter,Active,1.0,direct_component_blend,20260908_1821_receiving_yards_blend,2026-10-07T10:47:48+00:00,2026-10-07T10:48:05+00:00
2026,5,401872983,2026-10-11,13:00,00-0041038,D'Angelo Ponds,NYJ,CLE,DB,tackles,2.1,0.0,6.1,0.8231825365640457,0.577584512422227,eligible,eligible_current_role,backup,,2.0,direct,20260908_1821_tackles_direct,2026-10-07T10:47:48+00:00,2026-10-07T10:48:05+00:00
2026,5,401872983,2026-10-11,13:00,00-0041056,Cade Klubnik,NYJ,CLE,QB,rushing_yards,8.8,-8.7,33.5,,,eligible,eligible_current_role,backup,,2.0,direct_component_blend,20260908_1821_rushing_yards_blend,2026-10-07T10:47:48+00:00,2026-10-07T10:48:05+00:00
2026,5,401872983,2026-10-11,13:00,00-0041075,Justin Jefferson,CLE,NYJ,LB,tackles,1.6,0.0,5.1,0.7526261149505598,0.47314114584033734,eligible,eligible_current_role,backup,Active,2.0,direct,20260908_1821_tackles_direct,2026-10-07T10:47:48+00:00,2026-10-07T10:48:05+00:00
2026,5,401872983,2026-10-11,13:00,00-0041092,Taylen Green,CLE,NYJ,QB,rushing_yards,8.9,-8.7,33.5,,,eligible,eligible_current_role,backup,Active,3.0,direct_component_blend,20260908_1821_rushing_yards_blend,2026-10-07T10:47:48+00:00,2026-10-07T10:48:05+00:00
2026,5,401872983,2026-10-11,13:00,00-0041115,Toriano Pride Jr.,CLE,NYJ,DB,tackles,2.2,0.0,6.1,0.825674032540329,0.5819746126093628,eligible,eligible_current_role,backup,,2.0,direct,20260908_1821_tackles_direct,2026-10-07T10:47:48+00:00,2026-10-07T10:48:05+00:00
2026,5,401872983,2026-10-11,13:00,00-0041131,Carsen Ryan,CLE,NYJ,TE,rushing_yards,0.0,-14.8,20.6,,,eligible,eligible_current_role,backup,,3.0,direct_component_blend,20260908_1821_rushing_yards_blend,2026-10-07T10:47:48+00:00,2026-10-07T10:48:05+00:00
2026,5,401872983,2026-10-11,13:00,00-0041131,Carsen Ryan,CLE,NYJ,TE,receiving_yards,5.6,-17.0,46.2,,,eligible,eligible_current_role,backup,,3.0,direct_component_blend,20260908_1821_receiving_yards_blend,2026-10-07T10:47:48+00:00,2026-10-07T10:48:05+00:00
2026,5,401872983,2026-10-11,13:00,00-0041267,Malik McClain,NYJ,CLE,WR,rushing_yards,0.0,-14.8,20.6,,,eligible,eligible_current_role,backup,,4.0,direct_component_blend,20260908_1821_rushing_yards_blend,2026-10-07T10:47:48+00:00,2026-10-07T10:48:05+00:00
2026,5,401872983,2026-10-11,13:00,00-0041267,Malik McClain,NYJ,CLE,WR,receiving_yards,4.4,-18.3,44.9,,,eligible,eligible_current_role,backup,,4.0,direct_component_blend,20260908_1821_receiving_yards_blend,2026-10-07T10:47:48+00:00,2026-10-07T10:48:05+00:00
2026,5,401872983,2026-10-11,13:00,00-0041471,Emmanuel McNeil-Warren,CLE,NYJ,DB,tackles,2.2,0.0,6.1,0.825674032540329,0.5819746126093628,eligible,eligible_current_role,backup,,2.0,direct,20260908_1821_tackles_direct,2026-10-07T10:47:48+00:00,2026-10-07T10:48:05+00:00
2026,5,401872983,2026-10-11,13:00,00-0041547,KC Concepcion,CLE,NYJ,WR,rushing_yards,0.8,-13.9,21.5,,,eligible,eligible_current_role,backup,Active,2.0,direct_component_blend,20260908_1821_rushing_yards_blend,2026-10-07T10:47:48+00:00,2026-10-07T10:48:05+00:00
2026,5,401872983,2026-10-11,13:00,00-0041547,KC Concepcion,CLE,NYJ,WR,receiving_yards,8.8,-13.8,49.4,,,eligible,eligible_current_role,backup,Active,2.0,direct_component_blend,20260908_1821_receiving_yards_blend,2026-10-07T10:47:48+00:00,2026-10-07T10:48:05+00:00
2026,5,401872983,2026-10-11,13:00,00-0041549,Darrell Jackson Jr.,NYJ,CLE,DL,tackles,1.2,0.0,4.7,0.5716539747937082,0.28110871955763544,eligible,eligible_current_role,backup,,2.0,direct,20260908_1821_tackles_direct,2026-10-07T10:47:48+00:00,2026-10-07T10:48:05+00:00
2026,5,401872983,2026-10-11,13:00,00-0041577,Connor Hulstein,NYJ,CLE,TE,rushing_yards,0.0,-14.8,20.6,,,eligible,eligible_current_role,roster_only,,,direct_component_blend,20260908_1821_rushing_yards_blend,2026-10-07T10:47:48+00:00,2026-10-07T10:48:05+00:00
2026,5,401872983,2026-10-11,13:00,00-0041577,Connor Hulstein,NYJ,CLE,TE,receiving_yards,3.0,-19.6,43.6,,,eligible,eligible_current_role,roster_only,,,direct_component_blend,20260908_1821_receiving_yards_blend,2026-10-07T10:47:48+00:00,2026-10-07T10:48:05+00:00
2026,5,401872984,2026-10-11,12:00,00-0031364,Jadeveon Clowney,HOU,TEN,DL,tackles,1.9,0.0,4.4,0.7802117251678116,0.5075166195065858,eligible,eligible_current_role,backup,Active,2.0,direct,20260908_1821_tackles_direct,2026-10-07T10:47:48+00:00,2026-10-07T10:48:05+00:00
2026,5,401872984,2026-10-11,12:00,00-0031565,Danielle Hunter,HOU,TEN,DL,tackles,2.9,1.0,5.4,0.9003894019272833,0.7375667170999655,eligible,eligible_current_role,starter,,1.0,direct,20260908_1821_tackles_direct,2026-10-07T10:47:48+00:00,2026-10-07T10:48:05+00:00
2026,5,401872984,2026-10-11,12:00,00-0032726,Ka'imi Fairbairn,HOU,TEN,K,kicking_points,6.7,2.2,12.0,,,eligible,eligible_current_role,starter,Active,1.0,component,20260908_1821_kicking_points_component,2026-10-07T10:47:48+00:00,2026-10-07T10:48:05+00:00
2026,5,401872984,2026-10-11,12:00,00-0032759,Sheldon Rankins,HOU,TEN,DL,tackles,1.9,0.0,4.4,0.7777150998579232,0.5042541309587472,eligible,eligible_current_role,starter,,1.0,direct,20260908_1821_tackles_direct,2026-10-07T10:47:48+00:00,2026-10-07T10:48:05+00:00
2026,5,401872984,2026-10-11,12:00,00-0033854,Dare Ogunbowale,HOU,TEN,RB,rushing_yards,3.6,-18.4,34.5,,,eligible,eligible_current_role,backup,,3.0,direct_component_blend,20260908_1821_rushing_yards_blend,2026-10-07T10:47:48+00:00,2026-10-07T10:48:05+00:00
2026,5,401872984,2026-10-11,12:00,00-0033854,Dare Ogunbowale,HOU,TEN,RB,receiving_yards,2.8,-14.4,31.6,,,eligible,eligible_current_role,backup,,3.0,direct_component_blend,20260908_1821_receiving_yards_blend,2026-10-07T10:47:48+00:00,2026-10-07T10:48:05+00:00
2026,5,401872984,2026-10-11,12:00,00-0033869,Mitchell Trubisky,TEN,HOU,QB,rushing_yards,4.7,-6.0,19.8,,,eligible,eligible_current_role,backup,,2.0,direct_component_blend,20260908_1821_rushing_yards_blend,2026-10-07T10:47:48+00:00,2026-10-07T10:48:05+00:00
2026,5,401872984,2026-10-11,12:00,00-0033870,Solomon Thomas,TEN,HOU,DL,tackles,1.2,0.0,3.7,0.5738623740165573,0.2832533425170398,eligible,eligible_current_role,backup,,2.0,direct,20260908_1821_tackles_direct,2026-10-07T10:47:48+00:00,2026-10-07T10:48:05+00:00
2026,5,401872984,2026-10-11,12:00,00-0034163,Jacob Martin,TEN,HOU,DL,tackles,2.1,0.0,4.9,0.8206716841258166,0.5731938879007146,eligible,eligible_current_role,backup,,2.0,direct,20260908_1821_tackles_direct,2026-10-07T10:47:48+00:00,2026-10-07T10:48:05+00:00
2026,5,401872984,2026-10-11,12:00,00-0034278,Tremon Smith,HOU,TEN,DB,tackles,1.8,0.0,4.2,0.7655001167500346,0.48873883098570753,eligible,eligible_current_role,backup,,2.0,direct,20260908_1821_tackles_direct,2026-10-07T10:47:48+00:00,2026-10-07T10:48:05+00:00
2026,5,401872984,2026-10-11,12:00,00-0034383,Dalton Schultz,HOU,TEN,TE,rushing_yards,0.0,-10.8,14.9,,,eligible,eligible_current_role,starter,Active,1.0,direct_component_blend,20260908_1821_rushing_yards_blend,2026-10-07T10:47:48+00:00,2026-10-07T10:48:05+00:00
2026,5,401872984,2026-10-11,12:00,00-0034383,Dalton Schultz,HOU,TEN,TE,receiving_yards,31.8,12.2,66.1,,,eligible,eligible_current_role,starter,Active,1.0,direct_component_blend,20260908_1821_receiving_yards_blend,2026-10-07T10:47:48+00:00,2026-10-07T10:48:05+00:00
2026,5,401872984,2026-10-11,12:00,00-0034805,John Franklin-Myers,TEN,HOU,DL,tackles,1.3,0.0,3.8,0.6160087853826216,0.32295234459455296,eligible,eligible_current_role,starter,Active,1.0,direct,20260908_1821_tackles_direct,2026-10-07T10:47:48+00:00,2026-10-07T10:48:05+00:00
2026,5,401872984,2026-10-11,12:00,00-0034837,Calvin Ridley,TEN,HOU,WR,rushing_yards,0.0,-10.7,15.1,,,eligible,eligible_current_role,backup,Active,4.0,direct_component_blend,20260908_1821_rushing_yards_blend,2026-10-07T10:47:48+00:00,2026-10-07T10:48:05+00:00
2026,5,401872984,2026-10-11,12:00,00-0034837,Calvin Ridley,TEN,HOU,WR,receiving_yards,23.1,-3.5,72.3,,,eligible,eligible_current_role,backup,Active,4.0,direct_component_blend,20260908_1821_receiving_yards_blend,2026-10-07T10:47:48+00:00,2026-10-07T10:48:05+00:00
2026,5,401872984,2026-10-11,12:00,00-0034981,Foster Moreau,HOU,TEN,TE,rushing_yards,0.0,-10.8,14.9,,,eligible,eligible_current_role,backup,,2.0,direct_component_blend,20260908_1821_rushing_yards_blend,2026-10-07T10:47:48+00:00,2026-10-07T10:48:05+00:00
2026,5,401872984,2026-10-11,12:00,00-0034981,Foster Moreau,HOU,TEN,TE,receiving_yards,10.3,-6.8,39.1,,,eligible,eligible_current_role,backup,,2.0,direct_component_blend,20260908_1821_receiving_yards_blend,2026-10-07T10:47:48+00:00,2026-10-07T10:48:05+00:00
2026,5,401872984,2026-10-11,12:00,00-0035166,Azeez Al-Shaair,HOU,TEN,LB,tackles,6.4,3.4,10.4,0.983495145631068,0.9631067961165048,eligible,questionable_flag,starter,Questionable,1.0,direct,20260908_1821_tackles_direct,2026-10-07T10:47:48+00:00,2026-10-07T10:48:05+00:00
2026,5,401872984,2026-10-11,12:00,00-0035192,Joey Slye,TEN,HOU,K,kicking_points,7.0,2.5,12.3,,,eligible,eligible_current_role,starter,Active,1.0,component,20260908_1821_kicking_points_component,2026-10-07T10:47:48+00:00,2026-10-07T10:48:05+00:00
2026,5,401872984,2026-10-11,12:00,00-0035261,Tony Pollard,TEN,HOU,RB,rushing_yards,49.0,27.0,79.9,,,eligible,eligible_current_role,starter,Active,1.0,direct_component_blend,20260908_1821_rushing_yards_blend,2026-10-07T10:47:48+00:00,2026-10-07T10:48:05+00:00
2026,5,401872984,2026-10-11,12:00,00-0035261,Tony Pollard,TEN,HOU,RB,receiving_yards,9.3,-7.9,38.1,,,eligible,eligible_current_role,starter,Active,1.0,direct_component_blend,20260908_1821_receiving_yards_blend,2026-10-07T10:47:48+00:00,2026-10-07T10:48:05+00:00
2026,5,401872984,2026-10-11,12:00,00-0035632,Amani Hooker,TEN,HOU,DB,tackles,4.7,2.0,8.2,0.9767790805119304,0.9157174247308888,eligible,eligible_current_role,starter,,1.0,direct,20260908_1821_tackles_direct,2026-10-07T10:47:48+00:00,2026-10-07T10:48:05+00:00
2026,5,401872984,2026-10-11,12:00,00-0035643,Jeffery Simmons,TEN,HOU,DL,tackles,3.5,1.3,6.2,0.9305381014163434,0.8123810642628747,eligible,eligible_current_role,starter,Active,1.0,direct,20260908_1821_tackles_direct,2026-10-07T10:47:48+00:00,2026-10-07T10:48:05+00:00
2026,5,401872984,2026-10-11,12:00,00-0035672,Cody Barton,TEN,HOU,LB,tackles,4.9,1.9,8.9,0.9798336125234087,0.9257203456317475,eligible,eligible_current_role,backup,,2.0,direct,20260908_1821_tackles_direct,2026-10-07T10:47:48+00:00,2026-10-07T10:48:05+00:00
2026,5,401872984,2026-10-11,12:00,00-0035685,David Montgomery,HOU,TEN,RB,rushing_yards,29.7,7.7,60.6,,,eligible,eligible_current_role,starter,Active,1.0,direct_component_blend,20260908_1821_rushing_yards_blend,2026-10-07T10:47:48+00:00,2026-10-07T10:48:05+00:00
2026,5,401872984,2026-10-11,12:00,00-0035685,David Montgomery,HOU,TEN,RB,receiving_yards,9.4,-7.8,38.2,,,eligible,eligible_current_role,starter,Active,1.0,direct_component_blend,20260908_1821_receiving_yards_blend,2026-10-07T10:47:48+00:00,2026-10-07T10:48:05+00:00
2026,5,401872984,2026-10-11,12:00,00-0036266,Jordan Elliott,TEN,HOU,DL,tackles,1.7,0.0,4.2,0.7603953983262017,0.4824649484471305,eligible,eligible_current_role,starter,,1.0,direct,20260908_1821_tackles_direct,2026-10-07T10:47:48+00:00,2026-10-07T10:48:05+00:00
2026,5,401872984,2026-10-11,12:00,00-0036421,Terrell Burgess,TEN,HOU,DB,tackles,1.1,0.0,3.6,0.5664555321913182,0.2761219066412402,eligible,eligible_current_role,backup,,3.0,direct,20260908_1821_tackles_direct,2026-10-07T10:47:48+00:00,2026-10-07T10:48:05+00:00
2026,5,401872984,2026-10-11,12:00,00-0036441,"Kenneth Murray, Jr.",HOU,TEN,LB,tackles,3.8,1.8,6.2,0.9465648150717794,0.8423409068410872,eligible,questionable_flag,recent_defensive_participant,Questionable,,direct,20260908_1821_tackles_direct,2026-10-07T10:47:48+00:00,2026-10-07T10:48:05+00:00
2026,5,401872984,2026-10-11,12:00,00-0036554,Nico Collins,HOU,TEN,WR,rushing_yards,0.8,-10.0,15.8,,,eligible,eligible_current_role,starter,Active,1.0,direct_component_blend,20260908_1821_rushing_yards_blend,2026-10-07T10:47:48+00:00,2026-10-07T10:48:05+00:00
2026,5,401872984,2026-10-11,12:00,00-0036554,Nico Collins,HOU,TEN,WR,receiving_yards,66.2,39.6,115.4,,,eligible,eligible_current_role,starter,Active,1.0,direct_component_blend,20260908_1821_receiving_yards_blend,2026-10-07T10:47:48+00:00,2026-10-07T10:48:05+00:00
2026,5,401872984,2026-10-11,12:00,00-0036556,Brevin Jordan,HOU,TEN,TE,rushing_yards,0.0,-10.8,14.9,,,eligible,eligible_current_role,backup,,4.0,direct_component_blend,20260908_1821_rushing_yards_blend,2026-10-07T10:47:48+00:00,2026-10-07T10:48:05+00:00
2026,5,401872984,2026-10-11,12:00,00-0036556,Brevin Jordan,HOU,TEN,TE,receiving_yards,9.1,-8.1,37.9,,,eligible,eligible_current_role,backup,,4.0,direct_component_blend,20260908_1821_receiving_yards_blend,2026-10-07T10:47:48+00:00,2026-10-07T10:48:05+00:00
2026,5,401872984,2026-10-11,12:00,00-0036876,Kylen Granson,TEN,HOU,TE,rushing_yards,0.0,-10.8,14.9,,,eligible,eligible_current_role,backup,Active,4.0,direct_component_blend,20260908_1821_rushing_yards_blend,2026-10-07T10:47:48+00:00,2026-10-07T10:48:05+00:00
2026,5,401872984,2026-10-11,12:00,00-0036876,Kylen Granson,TEN,HOU,TE,receiving_yards,5.5,-11.6,34.4,,,eligible,eligible_current_role,backup,Active,4.0,direct_component_blend,20260908_1821_receiving_yards_blend,2026-10-07T10:47:48+00:00,2026-10-07T10:48:05+00:00
2026,5,401872984,2026-10-11,12:00,00-0036883,Tommy Togiai,HOU,TEN,DL,tackles,3.3,1.3,5.7,0.9182358234227898,0.7880742121632001,eligible,eligible_current_role,starter,,1.0,direct,20260908_1821_tackles_direct,2026-10-07T10:47:48+00:00,2026-10-07T10:48:05+00:00
2026,5,401872984,2026-10-11,12:00,00-0036898,Davis Mills,HOU,TEN,QB,rushing_yards,5.9,-6.9,23.8,,,eligible,eligible_current_role,backup,,2.0,direct_component_blend,20260908_1821_rushing_yards_blend,2026-10-07T10:47:48+00:00,2026-10-07T10:48:05+00:00
2026,5,401872984,2026-10-11,12:00,00-0036924,Michael Carter,TEN,HOU,RB,rushing_yards,21.5,-0.5,52.4,,,eligible,eligible_current_role,backup,Active,5.0,direct_component_blend,20260908_1821_rushing_yards_blend,2026-10-07T10:47:48+00:00,2026-10-07T10:48:05+00:00
2026,5,401872984,2026-10-11,12:00,00-0036924,Michael Carter,TEN,HOU,RB,receiving_yards,12.2,-4.9,41.0,,,eligible,eligible_current_role,backup,Active,5.0,direct_component_blend,20260908_1821_receiving_yards_blend,2026-10-07T10:47:48+00:00,2026-10-07T10:48:05+00:00
2026,5,401872984,2026-10-11,12:00,00-0037082,Dominique Robinson,HOU,TEN,DL,tackles,1.2,0.0,3.7,0.5737680985145531,0.28316146830288036,eligible,eligible_current_role,backup,,2.0,direct,20260908_1821_tackles_direct,2026-10-07T10:47:48+00:00,2026-10-07T10:48:05+00:00
2026,5,401872984,2026-10-11,12:00,00-0037130,Reed Blankenship,HOU,TEN,DB,tackles,5.2,2.5,8.6,0.9810589467075842,0.93730949311708,eligible,eligible_current_role,starter,,1.0,direct,20260908_1821_tackles_direct,2026-10-07T10:47:48+00:00,2026-10-07T10:48:05+00:00
2026,5,401872984,2026-10-11,12:00,00-0037155,Tony Adams,TEN,HOU,DB,tackles,3.8,1.6,6.5,0.9455295902810104,0.8403118746084104,eligible,eligible_current_role,backup,,2.0,direct,20260908_1821_tackles_direct,2026-10-07T10:47:48+00:00,2026-10-07T10:48:05+00:00
2026,5,401872984,2026-10-11,12:00,00-0037237,Derek Stingley Jr.,HOU,TEN,DB,tackles,3.4,0.8,6.9,0.927525542315338,0.8070531573061009,eligible,eligible_current_role,starter,,1.0,direct,20260908_1821_tackles_direct,2026-10-07T10:47:48+00:00,2026-10-07T10:48:05+00:00
2026,5,401872984,2026-10-11,12:00,00-0037246,Jalen Pitre,HOU,TEN,DB,tackles,5.6,2.9,9.1,0.9822925114798546,0.9497208477978497,eligible,eligible_current_role,starter,,1.0,direct,20260908_1821_tackles_direct,2026-10-07T10:47:48+00:00,2026-10-07T10:48:05+00:00
2026,5,401872984,2026-10-11,12:00,00-0037457,Jake Hansen,HOU,TEN,LB,tackles,1.1,0.0,3.5,0.5569899104865923,0.2672587953906352,eligible,eligible_current_role,starter,Active,1.0,direct,20260908_1821_tackles_direct,2026-10-07T10:47:48+00:00,2026-10-07T10:48:05+00:00
2026,5,401872984,2026-10-11,12:00,00-0037594,Julius Chestnut,TEN,HOU,RB,rushing_yards,1.3,-9.4,16.4,,,eligible,eligible_current_role,backup,,4.0,direct_component_blend,20260908_1821_rushing_yards_blend,2026-10-07T10:47:48+00:00,2026-10-07T10:48:05+00:00
2026,5,401872984,2026-10-11,12:00,00-0037594,Julius Chestnut,TEN,HOU,RB,receiving_yards,0.0,-17.2,28.8,,,eligible,eligible_current_role,backup,,4.0,direct_component_blend,20260908_1821_receiving_yards_blend,2026-10-07T10:47:48+00:00,2026-10-07T10:48:05+00:00
2026,5,401872984,2026-10-11,12:00,00-0037663,Jermaine Johnson II,TEN,HOU,LB,tackles,2.6,0.6,5.1,0.8749910179726068,0.6773233087362902,eligible,eligible_current_role,starter,,1.0,direct,20260908_1821_tackles_direct,2026-10-07T10:47:48+00:00,2026-10-07T10:48:05+00:00
2026,5,401872984,2026-10-11,12:00,00-0037758,Cordale Flott,TEN,HOU,DB,tackles,2.7,0.1,6.3,0.8871282043095917,0.7039913882144897,eligible,eligible_current_role,starter,Active,1.0,direct,20260908_1821_tackles_direct,2026-10-07T10:47:48+00:00,2026-10-07T10:48:05+00:00
2026,5,401872984,2026-10-11,12:00,00-0038115,Daniel Bellinger,TEN,HOU,TE,rushing_yards,0.0,-10.8,14.9,,,eligible,eligible_current_role,backup,,2.0,direct_component_blend,20260908_1821_rushing_yards_blend,2026-10-07T10:47:48+00:00,2026-10-07T10:48:05+00:00
2026,5,401872984,2026-10-11,12:00,00-0038115,Daniel Bellinger,TEN,HOU,TE,receiving_yards,21.0,3.8,49.8,,,eligible,eligible_current_role,backup,,2.0,direct_component_blend,20260908_1821_receiving_yards_blend,2026-10-07T10:47:48+00:00,2026-10-07T10:48:05+00:00
2026,5,401872984,2026-10-11,12:00,00-0038117,Wan'Dale Robinson,TEN,HOU,WR,rushing_yards,0.1,-10.6,15.2,,,eligible,eligible_current_role,backup,Active,2.0,direct_component_blend,20260908_1821_rushing_yards_blend,2026-10-07T10:47:48+00:00,2026-10-07T10:48:05+00:00
2026,5,401872984,2026-10-11,12:00,00-0038117,Wan'Dale Robinson,TEN,HOU,WR,receiving_yards,36.6,9.9,85.8,,,eligible,eligible_current_role,backup,Active,2.0,direct_component_blend,20260908_1821_receiving_yards_blend,2026-10-07T10:47:48+00:00,2026-10-07T10:48:05+00:00
2026,5,401872984,2026-10-11,12:00,00-0038121,Alontae Taylor,TEN,HOU,DB,tackles,5.0,2.3,8.4,0.9802770268247646,0.9298428698385321,eligible,eligible_current_role,starter,,1.0,direct,20260908_1821_tackles_direct,2026-10-07T10:47:48+00:00,2026-10-07T10:48:05+00:00
2026,5,401872984,2026-10-11,12:00,00-0038127,Logan Hall,HOU,TEN,DL,tackles,2.0,0.1,4.5,0.7995294252759355,0.5374907557401082,eligible,eligible_current_role,backup,Active,2.0,direct,20260908_1821_tackles_direct,2026-10-07T10:47:48+00:00,2026-10-07T10:48:05+00:00
2026,5,401872984,2026-10-11,12:00,00-0038407,Jaylon Jones,TEN,HOU,DB,tackles,1.2,0.0,3.8,0.5856637187748127,0.2949844896930127,eligible,eligible_current_role,backup,Active,2.0,direct,20260908_1821_tackles_direct,2026-10-07T10:47:48+00:00,2026-10-07T10:48:05+00:00
2026,5,401872984,2026-10-11,12:00,00-0038514,Truman Jones,TEN,HOU,DL,tackles,1.1,0.0,3.6,0.563657824585152,0.27347337879798744,eligible,eligible_current_role,backup,,3.0,direct,20260908_1821_tackles_direct,2026-10-07T10:47:48+00:00,2026-10-07T10:48:05+00:00
2026,5,401872984,2026-10-11,12:00,00-0038608,Kayshon Boutte,HOU,TEN,WR,rushing_yards,0.0,-10.8,15.0,,,eligible,eligible_current_role,backup,Active,3.0,direct_component_blend,20260908_1821_rushing_yards_blend,2026-10-07T10:47:48+00:00,2026-10-07T10:48:05+00:00
2026,5,401872984,2026-10-11,12:00,00-0038608,Kayshon Boutte,HOU,TEN,WR,receiving_yards,22.6,5.4,51.4,,,eligible,eligible_current_role,backup,Active,3.0,direct_component_blend,20260908_1821_receiving_yards_blend,2026-10-07T10:47:48+00:00,2026-10-07T10:48:05+00:00
2026,5,401872984,2026-10-11,12:00,00-0038618,Xavier Hutchinson,HOU,TEN,WR,rushing_yards,0.6,-10.1,15.6,,,eligible,eligible_current_role,backup,Active,2.0,direct_component_blend,20260908_1821_rushing_yards_blend,2026-10-07T10:47:48+00:00,2026-10-07T10:48:05+00:00
2026,5,401872984,2026-10-11,12:00,00-0038618,Xavier Hutchinson,HOU,TEN,WR,receiving_yards,17.0,-0.1,45.9,,,eligible,eligible_current_role,backup,Active,2.0,direct_component_blend,20260908_1821_receiving_yards_blend,2026-10-07T10:47:48+00:00,2026-10-07T10:48:05+00:00
2026,5,401872984,2026-10-11,12:00,00-0038620,Erick Hallett,TEN,HOU,DB,tackles,4.2,1.2,8.0,0.9606130439381061,0.8740237816152534,eligible,eligible_current_role,backup,,2.0,direct,20260908_1821_tackles_direct,2026-10-07T10:47:48+00:00,2026-10-07T10:48:05+00:00
2026,5,401872984,2026-10-11,12:00,00-0038728,Jared Wayne,HOU,TEN,WR,rushing_yards,0.0,-11.8,16.5,,,eligible,eligible_current_role,backup,,5.0,direct_component_blend,20260908_1821_rushing_yards_blend,2026-10-07T10:47:48+00:00,2026-10-07T10:48:05+00:00
2026,5,401872984,2026-10-11,12:00,00-0038728,Jared Wayne,HOU,TEN,WR,receiving_yards,13.3,-5.3,45.2,,,eligible,eligible_current_role,backup,,5.0,direct_component_blend,20260908_1821_receiving_yards_blend,2026-10-07T10:47:48+00:00,2026-10-07T10:48:05+00:00
2026,5,401872984,2026-10-11,12:00,00-0039032,Tyjae Spears,TEN,HOU,RB,rushing_yards,19.3,-2.7,50.3,,,eligible,eligible_current_role,backup,Active,2.0,direct_component_blend,20260908_1821_rushing_yards_blend,2026-10-07T10:47:48+00:00,2026-10-07T10:48:05+00:00
2026,5,401872984,2026-10-11,12:00,00-0039032,Tyjae Spears,TEN,HOU,RB,receiving_yards,16.6,-0.6,45.4,,,eligible,eligible_current_role,backup,Active,2.0,direct_component_blend,20260908_1821_receiving_yards_blend,2026-10-07T10:47:48+00:00,2026-10-07T10:48:05+00:00
2026,5,401872984,2026-10-11,12:00,00-0039108,Will Anderson Jr.,HOU,TEN,DL,tackles,2.4,0.5,4.9,0.8564217411562661,0.639313062244813,eligible,eligible_current_role,starter,,1.0,direct,20260908_1821_tackles_direct,2026-10-07T10:47:48+00:00,2026-10-07T10:48:05+00:00
2026,5,401872984,2026-10-11,12:00,00-0039163,C.J. Stroud,HOU,TEN,QB,passing_yards,219.9,126.4,326.1,,,eligible,eligible_current_role,starter,Active,1.0,direct_component_blend,20260908_1821_passing_yards_blend,2026-10-07T10:47:48+00:00,2026-10-07T10:48:05+00:00
2026,5,401872984,2026-10-11,12:00,00-0039163,C.J. Stroud,HOU,TEN,QB,passing_tds,1.372,,,0.755715688239026,0.39285714285714285,eligible,eligible_current_role,starter,Active,1.0,direct_component_blend,20260908_1821_passing_tds_blend,2026-10-07T10:47:48+00:00,2026-10-07T10:48:05+00:00
2026,5,401872984,2026-10-11,12:00,00-0039163,C.J. Stroud,HOU,TEN,QB,rushing_yards,13.0,0.2,30.9,,,eligible,eligible_current_role,starter,Active,1.0,direct_component_blend,20260908_1821_rushing_yards_blend,2026-10-07T10:47:48+00:00,2026-10-07T10:48:05+00:00
2026,5,401872984,2026-10-11,12:00,00-0039343,Kamari Lassiter,HOU,TEN,DB,tackles,4.8,2.1,8.3,0.9790025564580755,0.9219319169849252,eligible,eligible_current_role,starter,,1.0,direct,20260908_1821_tackles_direct,2026-10-07T10:47:48+00:00,2026-10-07T10:48:05+00:00
2026,5,401872984,2026-10-11,12:00,00-0039359,Cade Stover,HOU,TEN,TE,rushing_yards,0.2,-10.5,15.3,,,eligible,eligible_current_role,backup,,3.0,direct_component_blend,20260908_1821_rushing_yards_blend,2026-10-07T10:47:48+00:00,2026-10-07T10:48:05+00:00
2026,5,401872984,2026-10-11,12:00,00-0039359,Cade Stover,HOU,TEN,TE,receiving_yards,10.6,-6.6,39.4,,,eligible,eligible_current_role,backup,,3.0,direct_component_blend,20260908_1821_receiving_yards_blend,2026-10-07T10:47:48+00:00,2026-10-07T10:48:05+00:00
2026,5,401872984,2026-10-11,12:00,00-0039395,Jamal Hill,HOU,TEN,LB,tackles,0.9,0.0,3.4,0.4941026749549848,0.21618712914056756,eligible,eligible_current_role,backup,,2.0,direct,20260908_1821_tackles_direct,2026-10-07T10:47:48+00:00,2026-10-07T10:48:05+00:00
2026,5,401872984,2026-10-11,12:00,00-0039402,Jaden Crumedy,HOU,TEN,DL,tackles,1.7,0.0,4.1,0.7550355882236421,0.47600431352952144,eligible,questionable_flag,backup,Questionable,2.0,direct,20260908_1821_tackles_direct,2026-10-07T10:47:48+00:00,2026-10-07T10:48:05+00:00
2026,5,401872984,2026-10-11,12:00,00-0039430,James Williams,TEN,HOU,LB,tackles,1.2,0.0,3.7,0.5726247349513804,0.28204951121085947,eligible,eligible_current_role,starter,,1.0,direct,20260908_1821_tackles_direct,2026-10-07T10:47:48+00:00,2026-10-07T10:48:05+00:00
2026,5,401872984,2026-10-11,12:00,00-0039648,David Martin-Robinson,TEN,HOU,TE,rushing_yards,0.0,-10.8,14.9,,,eligible,eligible_current_role,backup,,3.0,direct_component_blend,20260908_1821_rushing_yards_blend,2026-10-07T10:47:48+00:00,2026-10-07T10:48:05+00:00
2026,5,401872984,2026-10-11,12:00,00-0039648,David Martin-Robinson,TEN,HOU,TE,receiving_yards,3.1,-14.1,31.9,,,eligible,eligible_current_role,backup,,3.0,direct_component_blend,20260908_1821_receiving_yards_blend,2026-10-07T10:47:48+00:00,2026-10-07T10:48:05+00:00
2026,5,401872984,2026-10-11,12:00,00-0039838,Calen Bullock,HOU,TEN,DB,tackles,3.9,1.2,7.4,0.9486227791254812,0.8464190981590535,eligible,eligible_current_role,starter,,1.0,direct,20260908_1821_tackles_direct,2026-10-07T10:47:48+00:00,2026-10-07T10:48:05+00:00
2026,5,401872984,2026-10-11,12:00,00-0039858,Cedric Gray,TEN,HOU,LB,tackles,7.9,6.1,13.1,0.983495145631068,0.9631067961165048,eligible,eligible_current_role,starter,,1.0,direct,20260908_1821_tackles_direct,2026-10-07T10:47:48+00:00,2026-10-07T10:48:05+00:00
2026,5,401872984,2026-10-11,12:00,00-0039902,Chris Braswell,HOU,TEN,LB,tackles,2.0,0.1,4.5,0.8023434537371679,0.5421174415905614,eligible,eligible_current_role,backup,Active,3.0,direct,20260908_1821_tackles_direct,2026-10-07T10:47:48+00:00,2026-10-07T10:48:05+00:00
2026,5,401872984,2026-10-11,12:00,00-0040020,Micah Robinson,TEN,HOU,DB,tackles,0.7,0.0,3.1,0.39452794339630387,0.11829779861710453,eligible,eligible_current_role,backup,,2.0,direct,20260908_1821_tackles_direct,2026-10-07T10:47:48+00:00,2026-10-07T10:48:05+00:00
2026,5,401872984,2026-10-11,12:00,00-0040041,Nazir Stackhouse,TEN,HOU,DL,tackles,0.8,0.0,3.2,0.4269027733834033,0.15785480837750174,eligible,eligible_current_role,backup,,2.0,direct,20260908_1821_tackles_direct,2026-10-07T10:47:48+00:00,2026-10-07T10:48:05+00:00
2026,5,401872984,2026-10-11,12:00,00-0040138,Jaylin Noel,HOU,TEN,WR,rushing_yards,1.3,-9.5,16.3,,,eligible,eligible_current_role,backup,Active,4.0,direct_component_blend,20260908_1821_rushing_yards_blend,2026-10-07T10:47:48+00:00,2026-10-07T10:48:05+00:00
2026,5,401872984,2026-10-11,12:00,00-0040138,Jaylin Noel,HOU,TEN,WR,receiving_yards,11.3,-5.8,40.1,,,eligible,eligible_current_role,backup,Active,4.0,direct_component_blend,20260908_1821_receiving_yards_blend,2026-10-07T10:47:48+00:00,2026-10-07T10:48:05+00:00
2026,5,401872984,2026-10-11,12:00,00-0040141,Kevin Winston Jr.,TEN,HOU,DB,tackles,3.4,1.2,6.1,0.924234318530051,0.8013268326806325,eligible,eligible_current_role,starter,Active,1.0,direct,20260908_1821_tackles_direct,2026-10-07T10:47:48+00:00,2026-10-07T10:48:05+00:00
2026,5,401872984,2026-10-11,12:00,00-0040170,Elic Ayomanor,TEN,HOU,WR,rushing_yards,0.0,-10.8,15.0,,,eligible,eligible_current_role,backup,Active,3.0,direct_component_blend,20260908_1821_rushing_yards_blend,2026-10-07T10:47:48+00:00,2026-10-07T10:48:05+00:00
2026,5,401872984,2026-10-11,12:00,00-0040170,Elic Ayomanor,TEN,HOU,WR,receiving_yards,30.7,4.1,79.9,,,eligible,eligible_current_role,backup,Active,3.0,direct_component_blend,20260908_1821_receiving_yards_blend,2026-10-07T10:47:48+00:00,2026-10-07T10:48:05+00:00
2026,5,401872984,2026-10-11,12:00,00-0040201,Marcus Harris,TEN,HOU,DB,tackles,2.6,0.1,6.2,0.8805327080392883,0.6893030309381599,eligible,eligible_current_role,starter,,1.0,direct,20260908_1821_tackles_direct,2026-10-07T10:47:48+00:00,2026-10-07T10:48:05+00:00
2026,5,401872984,2026-10-11,12:00,00-0040583,Woody Marks,HOU,TEN,RB,rushing_yards,50.4,28.4,81.3,,,eligible,eligible_current_role,backup,Active,2.0,direct_component_blend,20260908_1821_rushing_yards_blend,2026-10-07T10:47:48+00:00,2026-10-07T10:48:05+00:00
2026,5,401872984,2026-10-11,12:00,00-0040583,Woody Marks,HOU,TEN,RB,receiving_yards,10.5,-6.7,39.3,,,eligible,eligible_current_role,backup,Active,2.0,direct_component_blend,20260908_1821_receiving_yards_blend,2026-10-07T10:47:48+00:00,2026-10-07T10:48:05+00:00
2026,5,401872984,2026-10-11,12:00,00-0040584,Gunnar Helm,TEN,HOU,TE,rushing_yards,0.0,-10.8,14.9,,,eligible,eligible_current_role,starter,Active,1.0,direct_component_blend,20260908_1821_rushing_yards_blend,2026-10-07T10:47:48+00:00,2026-10-07T10:48:05+00:00
2026,5,401872984,2026-10-11,12:00,00-0040584,Gunnar Helm,TEN,HOU,TE,receiving_yards,17.4,0.2,46.2,,,eligible,eligible_current_role,starter,Active,1.0,direct_component_blend,20260908_1821_receiving_yards_blend,2026-10-07T10:47:48+00:00,2026-10-07T10:48:05+00:00
2026,5,401872984,2026-10-11,12:00,00-0040676,Cam Ward,TEN,HOU,QB,passing_yards,203.2,109.7,309.4,,,eligible,eligible_current_role,starter,Active,1.0,direct_component_blend,20260908_1821_passing_yards_blend,2026-10-07T10:47:48+00:00,2026-10-07T10:48:05+00:00
2026,5,401872984,2026-10-11,12:00,00-0040676,Cam Ward,TEN,HOU,QB,passing_tds,1.193,,,0.6547619047619048,0.39285714285714285,eligible,eligible_current_role,starter,Active,1.0,direct_component_blend,20260908_1821_passing_tds_blend,2026-10-07T10:47:48+00:00,2026-10-07T10:48:05+00:00
2026,5,401872984,2026-10-11,12:00,00-0040676,Cam Ward,TEN,HOU,QB,rushing_yards,9.6,-3.2,27.5,,,eligible,eligible_current_role,starter,Active,1.0,direct_component_blend,20260908_1821_rushing_yards_blend,2026-10-07T10:47:48+00:00,2026-10-07T10:48:05+00:00
2026,5,401872984,2026-10-11,12:00,00-0040705,Chimere Dike,TEN,HOU,WR,rushing_yards,0.9,-9.8,15.9,,,eligible,eligible_current_role,backup,,5.0,direct_component_blend,20260908_1821_rushing_yards_blend,2026-10-07T10:47:48+00:00,2026-10-07T10:48:05+00:00
2026,5,401872984,2026-10-11,12:00,00-0040705,Chimere Dike,TEN,HOU,WR,receiving_yards,28.6,2.0,77.8,,,eligible,eligible_current_role,backup,,5.0,direct_component_blend,20260908_1821_receiving_yards_blend,2026-10-07T10:47:48+00:00,2026-10-07T10:48:05+00:00
2026,5,401872984,2026-10-11,12:00,00-0040752,Oluwafemi Oladejo,TEN,HOU,LB,tackles,1.9,0.0,4.4,0.7771842922326779,0.5035645986304417,eligible,eligible_current_role,backup,,3.0,direct,20260908_1821_tackles_direct,2026-10-07T10:47:48+00:00,2026-10-07T10:48:05+00:00
2026,5,401872984,2026-10-11,12:00,00-0040886,Nicholas Singleton,TEN,HOU,RB,rushing_yards,13.6,-16.7,56.1,,,eligible,eligible_current_role,backup,Active,3.0,direct_component_blend,20260908_1821_rushing_yards_blend,2026-10-07T10:47:48+00:00,2026-10-07T10:48:05+00:00
2026,5,401872984,2026-10-11,12:00,00-0040886,Nicholas Singleton,TEN,HOU,RB,receiving_yards,2.6,-20.1,43.1,,,eligible,eligible_current_role,backup,Active,3.0,direct_component_blend,20260908_1821_receiving_yards_blend,2026-10-07T10:47:48+00:00,2026-10-07T10:48:05+00:00
2026,5,401872984,2026-10-11,12:00,00-0040892,Jackie Marshall,TEN,HOU,DL,tackles,1.2,0.0,4.7,0.5694949594030605,0.27902717314912767,eligible,eligible_current_role,backup,Active,3.0,direct,20260908_1821_tackles_direct,2026-10-07T10:47:48+00:00,2026-10-07T10:48:05+00:00
2026,5,401872984,2026-10-11,12:00,00-0041305,Sabastian Harsh,HOU,TEN,DL,tackles,1.2,0.0,4.7,0.5689376095525486,0.27849223448782096,eligible,eligible_current_role,backup,,4.0,direct,20260908_1821_tackles_direct,2026-10-07T10:47:48+00:00,2026-10-07T10:48:05+00:00
2026,5,401872984,2026-10-11,12:00,00-0041313,Collin Wright,HOU,TEN,DB,tackles,2.3,0.0,6.2,0.8415535424213199,0.6107719070564677,eligible,eligible_current_role,backup,,2.0,direct,20260908_1821_tackles_direct,2026-10-07T10:47:48+00:00,2026-10-07T10:48:05+00:00
2026,5,401872984,2026-10-11,12:00,00-0041438,Carnell Tate,TEN,HOU,WR,rushing_yards,0.0,-14.8,20.6,,,eligible,eligible_current_role,starter,Active,1.0,direct_component_blend,20260908_1821_rushing_yards_blend,2026-10-07T10:47:48+00:00,2026-10-07T10:48:05+00:00
2026,5,401872984,2026-10-11,12:00,00-0041438,Carnell Tate,TEN,HOU,WR,receiving_yards,12.1,-10.6,52.6,,,eligible,eligible_current_role,starter,Active,1.0,direct_component_blend,20260908_1821_receiving_yards_blend,2026-10-07T10:47:48+00:00,2026-10-07T10:48:05+00:00
2026,5,401872984,2026-10-11,12:00,00-0041449,Aiden Fisher,HOU,TEN,LB,tackles,2.0,0.0,5.6,0.8037665688818251,0.5444714396468011,eligible,eligible_current_role,starter,,1.0,direct,20260908_1821_tackles_direct,2026-10-07T10:47:48+00:00,2026-10-07T10:48:05+00:00
2026,5,401872984,2026-10-11,12:00,00-0041465,Wade Woodaz,HOU,TEN,LB,tackles,1.6,0.0,5.1,0.7349376668722958,0.45143491532514224,eligible,eligible_current_role,backup,Active,2.0,direct,20260908_1821_tackles_direct,2026-10-07T10:47:48+00:00,2026-10-07T10:48:05+00:00
2026,5,401872984,2026-10-11,12:00,00-0041466,Kamari Ramsey,HOU,TEN,DB,tackles,2.3,0.0,6.2,0.8415535424213199,0.6107719070564677,eligible,eligible_current_role,backup,,2.0,direct,20260908_1821_tackles_direct,2026-10-07T10:47:48+00:00,2026-10-07T10:48:05+00:00
2026,5,401872984,2026-10-11,12:00,00-0041467,Lewis Bond,HOU,TEN,WR,rushing_yards,0.0,-14.8,20.6,,,eligible,eligible_current_role,roster_only,,,direct_component_blend,20260908_1821_rushing_yards_blend,2026-10-07T10:47:48+00:00,2026-10-07T10:48:05+00:00
2026,5,401872984,2026-10-11,12:00,00-0041467,Lewis Bond,HOU,TEN,WR,receiving_yards,5.6,-17.1,46.2,,,eligible,eligible_current_role,roster_only,,,direct_component_blend,20260908_1821_receiving_yards_blend,2026-10-07T10:47:48+00:00,2026-10-07T10:48:05+00:00
2026,5,401872984,2026-10-11,12:00,00-0041472,Marlin Klein,HOU,TEN,TE,rushing_yards,0.0,-14.8,20.6,,,eligible,eligible_current_role,backup,Active,5.0,direct_component_blend,20260908_1821_rushing_yards_blend,2026-10-07T10:47:48+00:00,2026-10-07T10:48:05+00:00
2026,5,401872984,2026-10-11,12:00,00-0041472,Marlin Klein,HOU,TEN,TE,receiving_yards,4.0,-18.7,44.6,,,eligible,eligible_current_role,backup,Active,5.0,direct_component_blend,20260908_1821_receiving_yards_blend,2026-10-07T10:47:48+00:00,2026-10-07T10:48:05+00:00
2026,5,401872984,2026-10-11,12:00,00-0041479,Anthony Hill Jr.,TEN,HOU,LB,tackles,2.1,0.0,5.6,0.807989702708059,0.5515139881919044,eligible,eligible_current_role,starter,Active,1.0,direct,20260908_1821_tackles_direct,2026-10-07T10:47:48+00:00,2026-10-07T10:48:05+00:00
2026,5,401872984,2026-10-11,12:00,00-0041508,Keldric Faulk,TEN,HOU,LB,tackles,1.6,0.0,5.1,0.7478036818634677,0.4674854231988539,eligible,eligible_current_role,backup,,2.0,direct,20260908_1821_tackles_direct,2026-10-07T10:47:48+00:00,2026-10-07T10:48:05+00:00
2026,5,401872985,2026-10-11,13:00,00-0023459,Aaron Rodgers,PIT,IND,QB,passing_yards,232.1,138.7,338.4,,,eligible,eligible_current_role,starter,Active,1.0,direct_component_blend,20260908_1821_passing_yards_blend,2026-10-07T10:47:48+00:00,2026-10-07T10:48:05+00:00
2026,5,401872985,2026-10-11,13:00,00-0023459,Aaron Rodgers,PIT,IND,QB,passing_tds,1.589,,,0.8125,0.5119047619047619,eligible,eligible_current_role,starter,Active,1.0,direct_component_blend,20260908_1821_passing_tds_blend,2026-10-07T10:47:48+00:00,2026-10-07T10:48:05+00:00
2026,5,401872985,2026-10-11,13:00,00-0023459,Aaron Rodgers,PIT,IND,QB,rushing_yards,5.8,-4.9,20.9,,,eligible,eligible_current_role,starter,Active,1.0,direct_component_blend,20260908_1821_rushing_yards_blend,2026-10-07T10:47:48+00:00,2026-10-07T10:48:05+00:00
2026,5,401872985,2026-10-11,13:00,00-0027969,Cameron Heyward,PIT,IND,DL,tackles,3.2,1.2,5.6,0.9139774370261056,0.7754660120807071,eligible,eligible_current_role,starter,,1.0,direct,20260908_1821_tackles_direct,2026-10-07T10:47:48+00:00,2026-10-07T10:48:05+00:00
2026,5,401872985,2026-10-11,13:00,00-0030279,Keenan Allen,IND,PIT,WR,rushing_yards,0.0,-10.8,15.0,,,eligible,questionable_flag,backup,Questionable,2.0,direct_component_blend,20260908_1821_rushing_yards_blend,2026-10-07T10:47:48+00:00,2026-10-07T10:48:05+00:00
2026,5,401872985,2026-10-11,13:00,00-0030279,Keenan Allen,IND,PIT,WR,receiving_yards,25.8,-0.8,75.0,,,eligible,questionable_flag,backup,Questionable,2.0,direct_component_blend,20260908_1821_receiving_yards_blend,2026-10-07T10:47:48+00:00,2026-10-07T10:48:05+00:00
2026,5,401872985,2026-10-11,13:00,00-0031136,Chris Boswell,PIT,IND,K,kicking_points,7.3,2.3,13.2,,,eligible,eligible_current_role,starter,Active,1.0,component,20260908_1821_kicking_points_component,2026-10-07T10:47:48+00:00,2026-10-07T10:48:05+00:00
2026,5,401872985,2026-10-11,13:00,00-0032378,DeForest Buckner,IND,PIT,DL,tackles,3.2,1.2,5.7,0.9172122692913758,0.7850078073173772,eligible,eligible_current_role,starter,Active,1.0,direct,20260908_1821_tackles_direct,2026-10-07T10:47:48+00:00,2026-10-07T10:48:05+00:00
2026,5,401872985,2026-10-11,13:00,00-0032951,Laquon Treadwell,IND,PIT,WR,rushing_yards,0.0,-10.8,15.0,,,eligible,eligible_current_role,backup,Active,3.0,direct_component_blend,20260908_1821_rushing_yards_blend,2026-10-07T10:47:48+00:00,2026-10-07T10:48:05+00:00
2026,5,401872985,2026-10-11,13:00,00-0032951,Laquon Treadwell,IND,PIT,WR,receiving_yards,3.3,-13.8,32.1,,,eligible,eligible_current_role,backup,Active,3.0,direct_component_blend,20260908_1821_receiving_yards_blend,2026-10-07T10:47:48+00:00,2026-10-07T10:48:05+00:00
2026,5,401872985,2026-10-11,13:00,00-0033055,Jalen Ramsey,PIT,IND,DB,tackles,3.8,1.1,7.3,0.9450871726559491,0.8394491737437382,eligible,eligible_current_role,starter,,1.0,direct,20260908_1821_tackles_direct,2026-10-07T10:47:48+00:00,2026-10-07T10:48:05+00:00
2026,5,401872985,2026-10-11,13:00,00-0033217,Mo Alie-Cox,IND,PIT,TE,rushing_yards,0.0,-10.8,14.9,,,eligible,eligible_current_role,backup,Active,2.0,direct_component_blend,20260908_1821_rushing_yards_blend,2026-10-07T10:47:48+00:00,2026-10-07T10:48:05+00:00
2026,5,401872985,2026-10-11,13:00,00-0033217,Mo Alie-Cox,IND,PIT,TE,receiving_yards,11.1,-6.1,39.9,,,eligible,eligible_current_role,backup,Active,2.0,direct_component_blend,20260908_1821_receiving_yards_blend,2026-10-07T10:47:48+00:00,2026-10-07T10:48:05+00:00
2026,5,401872985,2026-10-11,13:00,00-0033757,Robert Tonyan,PIT,IND,TE,rushing_yards,0.0,-10.8,14.9,,,eligible,eligible_current_role,backup,,3.0,direct_component_blend,20260908_1821_rushing_yards_blend,2026-10-07T10:47:48+00:00,2026-10-07T10:48:05+00:00
2026,5,401872985,2026-10-11,13:00,00-0033757,Robert Tonyan,PIT,IND,TE,receiving_yards,4.6,-12.5,33.4,,,eligible,eligible_current_role,backup,,3.0,direct_component_blend,20260908_1821_receiving_yards_blend,2026-10-07T10:47:48+00:00,2026-10-07T10:48:05+00:00
2026,5,401872985,2026-10-11,13:00,00-0033886,T.J. Watt,PIT,IND,LB,tackles,3.5,0.5,7.5,0.9307611606873887,0.8127789763823814,eligible,eligible_current_role,starter,Active,1.0,direct,20260908_1821_tackles_direct,2026-10-07T10:47:48+00:00,2026-10-07T10:48:05+00:00
2026,5,401872985,2026-10-11,13:00,00-0033941,Rayshawn Jenkins,PIT,IND,DB,tackles,2.9,0.9,5.4,0.8979342270513161,0.7310499822970289,eligible,eligible_current_role,backup,,2.0,direct,20260908_1821_tackles_direct,2026-10-07T10:47:48+00:00,2026-10-07T10:48:05+00:00
2026,5,401872985,2026-10-11,13:00,00-0033952,Grover Stewart,IND,PIT,DL,tackles,2.6,0.7,5.1,0.8795670257617462,0.6871924718347528,eligible,eligible_current_role,starter,,1.0,direct,20260908_1821_tackles_direct,2026-10-07T10:47:48+00:00,2026-10-07T10:48:05+00:00
2026,5,401872985,2026-10-11,13:00,00-0034485,Jonathan Owens,IND,PIT,DB,tackles,1.0,0.0,3.5,0.5488084384230928,0.2598178495008148,eligible,eligible_current_role,backup,,2.0,direct,20260908_1821_tackles_direct,2026-10-07T10:47:48+00:00,2026-10-07T10:48:05+00:00
2026,5,401872985,2026-10-11,13:00,00-0034573,Charvarius Ward,IND,PIT,DB,tackles,4.1,1.4,7.6,0.957786364430499,0.8672214349499835,eligible,eligible_current_role,starter,Active,1.0,direct,20260908_1821_tackles_direct,2026-10-07T10:47:48+00:00,2026-10-07T10:48:05+00:00
2026,5,401872985,2026-10-11,13:00,00-0034771,Mason Rudolph,PIT,IND,QB,rushing_yards,3.8,-6.9,18.9,,,eligible,eligible_current_role,backup,,2.0,direct_component_blend,20260908_1821_rushing_yards_blend,2026-10-07T10:47:48+00:00,2026-10-07T10:48:05+00:00
2026,5,401872985,2026-10-11,13:00,00-0034810,Sebastian Joseph-Day,PIT,IND,DL,tackles,1.7,0.0,4.2,0.7613317497237151,0.4836068178783443,eligible,eligible_current_role,backup,,2.0,direct,20260908_1821_tackles_direct,2026-10-07T10:47:48+00:00,2026-10-07T10:48:05+00:00
2026,5,401872985,2026-10-11,13:00,00-0035021,Ashton Dulin,IND,PIT,WR,rushing_yards,0.4,-10.3,15.4,,,eligible,eligible_current_role,backup,Active,4.0,direct_component_blend,20260908_1821_rushing_yards_blend,2026-10-07T10:47:48+00:00,2026-10-07T10:48:05+00:00
2026,5,401872985,2026-10-11,13:00,00-0035021,Ashton Dulin,IND,PIT,WR,receiving_yards,4.8,-12.4,33.6,,,eligible,eligible_current_role,backup,Active,4.0,direct_component_blend,20260908_1821_receiving_yards_blend,2026-10-07T10:47:48+00:00,2026-10-07T10:48:05+00:00
2026,5,401872985,2026-10-11,13:00,00-0035239,Sean Murphy-Bunting,PIT,IND,DB,tackles,2.8,0.7,5.6,0.8925099480996306,0.7169688714247866,eligible,eligible_current_role,backup,Active,2.0,direct,20260908_1821_tackles_direct,2026-10-07T10:47:48+00:00,2026-10-07T10:48:05+00:00
2026,5,401872985,2026-10-11,13:00,00-0035286,Cole Holcomb,PIT,IND,LB,tackles,1.1,0.0,3.6,0.5616529272530094,0.27159038845698097,eligible,eligible_current_role,recent_defensive_participant,,,direct,20260908_1821_tackles_direct,2026-10-07T10:47:48+00:00,2026-10-07T10:48:05+00:00
2026,5,401872985,2026-10-11,13:00,00-0035535,Darius Slayton,IND,PIT,WR,rushing_yards,0.0,-10.8,15.0,,,eligible,eligible_current_role,backup,Active,6.0,direct_component_blend,20260908_1821_rushing_yards_blend,2026-10-07T10:47:48+00:00,2026-10-07T10:48:05+00:00
2026,5,401872985,2026-10-11,13:00,00-0035535,Darius Slayton,IND,PIT,WR,receiving_yards,33.2,6.5,82.3,,,eligible,eligible_current_role,backup,Active,6.0,direct_component_blend,20260908_1821_receiving_yards_blend,2026-10-07T10:47:48+00:00,2026-10-07T10:48:05+00:00
2026,5,401872985,2026-10-11,13:00,00-0035594,Travis Homer,PIT,IND,RB,rushing_yards,6.0,-4.7,21.1,,,eligible,eligible_current_role,backup,Active,3.0,direct_component_blend,20260908_1821_rushing_yards_blend,2026-10-07T10:47:48+00:00,2026-10-07T10:48:05+00:00
2026,5,401872985,2026-10-11,13:00,00-0035594,Travis Homer,PIT,IND,RB,receiving_yards,0.9,-16.3,29.7,,,eligible,eligible_current_role,backup,Active,3.0,direct_component_blend,20260908_1821_receiving_yards_blend,2026-10-07T10:47:48+00:00,2026-10-07T10:48:05+00:00
2026,5,401872985,2026-10-11,13:00,00-0035640,DK Metcalf,PIT,IND,WR,rushing_yards,0.0,-10.8,15.0,,,eligible,eligible_current_role,starter,Active,1.0,direct_component_blend,20260908_1821_rushing_yards_blend,2026-10-07T10:47:48+00:00,2026-10-07T10:48:05+00:00
2026,5,401872985,2026-10-11,13:00,00-0035640,DK Metcalf,PIT,IND,WR,receiving_yards,59.8,33.1,109.0,,,eligible,eligible_current_role,starter,Active,1.0,direct_component_blend,20260908_1821_receiving_yards_blend,2026-10-07T10:47:48+00:00,2026-10-07T10:48:05+00:00
2026,5,401872985,2026-10-11,13:00,00-0035674,Jerry Tillery,IND,PIT,DL,tackles,1.4,0.0,3.9,0.673515354346289,0.3813615171914735,eligible,eligible_current_role,backup,,2.0,direct,20260908_1821_tackles_direct,2026-10-07T10:47:48+00:00,2026-10-07T10:48:05+00:00
2026,5,401872985,2026-10-11,13:00,00-0035699,Jamel Dean,PIT,IND,DB,tackles,3.4,0.8,6.9,0.9252688084816424,0.8031164232036534,eligible,eligible_current_role,starter,Doubtful,1.0,direct,20260908_1821_tackles_direct,2026-10-07T10:47:48+00:00,2026-10-07T10:48:05+00:00
2026,5,401872985,2026-10-11,13:00,00-0035710,Daniel Jones,IND,PIT,QB,passing_yards,200.4,106.9,306.6,,,eligible,eligible_current_role,starter,Active,1.0,direct_component_blend,20260908_1821_passing_yards_blend,2026-10-07T10:47:48+00:00,2026-10-07T10:48:05+00:00
2026,5,401872985,2026-10-11,13:00,00-0035710,Daniel Jones,IND,PIT,QB,passing_tds,1.079,,,0.6547619047619048,0.3394753026279681,eligible,eligible_current_role,starter,Active,1.0,direct_component_blend,20260908_1821_passing_tds_blend,2026-10-07T10:47:48+00:00,2026-10-07T10:48:05+00:00
2026,5,401872985,2026-10-11,13:00,00-0035710,Daniel Jones,IND,PIT,QB,rushing_yards,11.5,0.8,26.5,,,eligible,eligible_current_role,starter,Active,1.0,direct_component_blend,20260908_1821_rushing_yards_blend,2026-10-07T10:47:48+00:00,2026-10-07T10:48:05+00:00
2026,5,401872985,2026-10-11,13:00,00-0036032,Sean McKeon,IND,PIT,TE,rushing_yards,0.0,-10.8,15.0,,,eligible,questionable_flag,roster_only,,,direct_component_blend,20260908_1821_rushing_yards_blend,2026-10-07T10:47:48+00:00,2026-10-07T10:48:05+00:00
2026,5,401872985,2026-10-11,13:00,00-0036032,Sean McKeon,IND,PIT,TE,receiving_yards,3.1,-14.1,31.9,,,eligible,questionable_flag,roster_only,,,direct_component_blend,20260908_1821_receiving_yards_blend,2026-10-07T10:47:48+00:00,2026-10-07T10:48:05+00:00
2026,5,401872985,2026-10-11,13:00,00-0036139,Rico Dowdle,PIT,IND,RB,rushing_yards,30.3,8.3,61.2,,,eligible,questionable_flag,backup,Questionable,2.0,direct_component_blend,20260908_1821_rushing_yards_blend,2026-10-07T10:47:48+00:00,2026-10-07T10:48:05+00:00
2026,5,401872985,2026-10-11,13:00,00-0036139,Rico Dowdle,PIT,IND,RB,receiving_yards,13.3,-3.8,42.1,,,eligible,questionable_flag,backup,Questionable,2.0,direct_component_blend,20260908_1821_receiving_yards_blend,2026-10-07T10:47:48+00:00,2026-10-07T10:48:05+00:00
2026,5,401872985,2026-10-11,13:00,00-0036182,Nick Westbrook-Ikhine,IND,PIT,WR,rushing_yards,0.0,-10.8,15.0,,,eligible,eligible_current_role,roster_only,,,direct_component_blend,20260908_1821_rushing_yards_blend,2026-10-07T10:47:48+00:00,2026-10-07T10:48:05+00:00
2026,5,401872985,2026-10-11,13:00,00-0036182,Nick Westbrook-Ikhine,IND,PIT,WR,receiving_yards,10.4,-6.8,39.2,,,eligible,eligible_current_role,roster_only,,,direct_component_blend,20260908_1821_receiving_yards_blend,2026-10-07T10:47:48+00:00,2026-10-07T10:48:05+00:00
2026,5,401872985,2026-10-11,13:00,00-0036223,Jonathan Taylor,IND,PIT,RB,rushing_yards,77.8,55.8,108.7,,,eligible,eligible_current_role,starter,Active,1.0,direct_component_blend,20260908_1821_rushing_yards_blend,2026-10-07T10:47:48+00:00,2026-10-07T10:48:05+00:00
2026,5,401872985,2026-10-11,13:00,00-0036223,Jonathan Taylor,IND,PIT,RB,receiving_yards,20.3,3.2,49.1,,,eligible,eligible_current_role,starter,Active,1.0,direct_component_blend,20260908_1821_receiving_yards_blend,2026-10-07T10:47:48+00:00,2026-10-07T10:48:05+00:00
2026,5,401872985,2026-10-11,13:00,00-0036252,Michael Pittman,PIT,IND,WR,rushing_yards,0.0,-10.8,15.0,,,eligible,eligible_current_role,backup,Active,2.0,direct_component_blend,20260908_1821_rushing_yards_blend,2026-10-07T10:47:48+00:00,2026-10-07T10:48:05+00:00
2026,5,401872985,2026-10-11,13:00,00-0036252,Michael Pittman,PIT,IND,WR,receiving_yards,33.4,6.8,82.6,,,eligible,eligible_current_role,backup,Active,2.0,direct_component_blend,20260908_1821_receiving_yards_blend,2026-10-07T10:47:48+00:00,2026-10-07T10:48:05+00:00
2026,5,401872985,2026-10-11,13:00,00-0036298,Akeem Davis-Gaither,IND,PIT,LB,tackles,5.9,2.9,9.9,0.9828969644859742,0.9561752964290079,eligible,eligible_current_role,starter,Active,1.0,direct,20260908_1821_tackles_direct,2026-10-07T10:47:48+00:00,2026-10-07T10:48:05+00:00
2026,5,401872985,2026-10-11,13:00,00-0036323,Patrick Queen,PIT,IND,LB,tackles,6.5,3.5,10.5,0.983495145631068,0.9631067961165048,eligible,eligible_current_role,recent_defensive_participant,Active,,direct,20260908_1821_tackles_direct,2026-10-07T10:47:48+00:00,2026-10-07T10:48:05+00:00
2026,5,401872985,2026-10-11,13:00,00-0036333,Alex Highsmith,PIT,IND,LB,tackles,3.7,0.7,7.7,0.9404854798958636,0.8306254416129597,eligible,eligible_current_role,starter,,1.0,direct,20260908_1821_tackles_direct,2026-10-07T10:47:48+00:00,2026-10-07T10:48:05+00:00
2026,5,401872985,2026-10-11,13:00,00-0036504,Brandin Echols,PIT,IND,DB,tackles,2.0,0.1,4.5,0.7954084616469267,0.5307814523562511,eligible,eligible_current_role,backup,,2.0,direct,20260908_1821_tackles_direct,2026-10-07T10:47:48+00:00,2026-10-07T10:48:05+00:00
2026,5,401872985,2026-10-11,13:00,00-0036617,Asante Samuel Jr.,PIT,IND,DB,tackles,3.3,0.7,6.8,0.9194776063543667,0.7918262497260466,eligible,eligible_current_role,starter,,1.0,direct,20260908_1821_tackles_direct,2026-10-07T10:47:48+00:00,2026-10-07T10:48:05+00:00
2026,5,401872985,2026-10-11,13:00,00-0036629,Camryn Bynum,IND,PIT,DB,tackles,5.0,2.3,8.5,0.9804282102138584,0.9312660601553174,eligible,eligible_current_role,starter,,1.0,direct,20260908_1821_tackles_direct,2026-10-07T10:47:48+00:00,2026-10-07T10:48:05+00:00
2026,5,401872985,2026-10-11,13:00,00-0036862,Ben Skowronek,PIT,IND,WR,rushing_yards,0.0,-10.8,14.9,,,eligible,eligible_current_role,backup,,5.0,direct_component_blend,20260908_1821_rushing_yards_blend,2026-10-07T10:47:48+00:00,2026-10-07T10:48:05+00:00
2026,5,401872985,2026-10-11,13:00,00-0036862,Ben Skowronek,PIT,IND,WR,receiving_yards,2.6,-14.6,31.4,,,eligible,eligible_current_role,backup,,5.0,direct_component_blend,20260908_1821_receiving_yards_blend,2026-10-07T10:47:48+00:00,2026-10-07T10:48:05+00:00
2026,5,401872985,2026-10-11,13:00,00-0036894,Pat Freiermuth,PIT,IND,TE,rushing_yards,0.0,-10.7,15.1,,,eligible,eligible_current_role,backup,Active,2.0,direct_component_blend,20260908_1821_rushing_yards_blend,2026-10-07T10:47:48+00:00,2026-10-07T10:48:05+00:00
2026,5,401872985,2026-10-11,13:00,00-0036894,Pat Freiermuth,PIT,IND,TE,receiving_yards,29.4,9.7,63.6,,,eligible,eligible_current_role,backup,Active,2.0,direct_component_blend,20260908_1821_receiving_yards_blend,2026-10-07T10:47:48+00:00,2026-10-07T10:48:05+00:00
2026,5,401872985,2026-10-11,13:00,00-0037190,Sauce Gardner,IND,PIT,DB,tackles,3.1,0.5,6.6,0.9108857021549776,0.7665466635267335,eligible,eligible_current_role,starter,,1.0,direct,20260908_1821_tackles_direct,2026-10-07T10:47:48+00:00,2026-10-07T10:48:05+00:00
2026,5,401872985,2026-10-11,13:00,00-0037228,Jaylen Warren,PIT,IND,RB,rushing_yards,47.1,25.1,78.0,,,eligible,eligible_current_role,starter,Active,1.0,direct_component_blend,20260908_1821_rushing_yards_blend,2026-10-07T10:47:48+00:00,2026-10-07T10:48:05+00:00
2026,5,401872985,2026-10-11,13:00,00-0037228,Jaylen Warren,PIT,IND,RB,receiving_yards,10.4,-6.7,39.3,,,eligible,eligible_current_role,starter,Active,1.0,direct_component_blend,20260908_1821_receiving_yards_blend,2026-10-07T10:47:48+00:00,2026-10-07T10:48:05+00:00
2026,5,401872985,2026-10-11,13:00,00-0037292,Andrew Ogletree,IND,PIT,TE,rushing_yards,0.0,-10.8,14.9,,,eligible,eligible_current_role,backup,,3.0,direct_component_blend,20260908_1821_rushing_yards_blend,2026-10-07T10:47:48+00:00,2026-10-07T10:48:05+00:00
2026,5,401872985,2026-10-11,13:00,00-0037292,Andrew Ogletree,IND,PIT,TE,receiving_yards,4.9,-12.3,33.7,,,eligible,eligible_current_role,backup,,3.0,direct_component_blend,20260908_1821_receiving_yards_blend,2026-10-07T10:47:48+00:00,2026-10-07T10:48:05+00:00
2026,5,401872985,2026-10-11,13:00,00-0037753,Cam Taylor-Britt,IND,PIT,DB,tackles,2.2,0.1,5.0,0.8326995618881637,0.5945373521533156,eligible,eligible_current_role,backup,,2.0,direct,20260908_1821_tackles_direct,2026-10-07T10:47:48+00:00,2026-10-07T10:48:05+00:00
2026,5,401872985,2026-10-11,13:00,00-0038135,Jaquan Brisker,PIT,IND,DB,tackles,5.8,3.1,9.3,0.9827166155387977,0.9542179763623195,eligible,eligible_current_role,starter,Active,1.0,direct,20260908_1821_tackles_direct,2026-10-07T10:47:48+00:00,2026-10-07T10:48:05+00:00
2026,5,401872985,2026-10-11,13:00,00-0038395,Terell Smith,PIT,IND,DB,tackles,1.8,0.0,4.2,0.7655525521599033,0.48880390110007355,eligible,eligible_current_role,backup,Active,3.0,direct,20260908_1821_tackles_direct,2026-10-07T10:47:48+00:00,2026-10-07T10:48:05+00:00
2026,5,401872985,2026-10-11,13:00,00-0038409,Lew Nichols III,PIT,IND,RB,rushing_yards,1.0,-10.8,17.6,,,eligible,eligible_current_role,roster_only,,,direct_component_blend,20260908_1821_rushing_yards_blend,2026-10-07T10:47:48+00:00,2026-10-07T10:48:05+00:00
2026,5,401872985,2026-10-11,13:00,00-0038409,Lew Nichols III,PIT,IND,RB,receiving_yards,0.5,-18.1,32.5,,,eligible,eligible_current_role,roster_only,,,direct_component_blend,20260908_1821_receiving_yards_blend,2026-10-07T10:47:48+00:00,2026-10-07T10:48:05+00:00
2026,5,401872985,2026-10-11,13:00,00-0038558,Darnell Washington,PIT,IND,TE,rushing_yards,0.0,-10.8,14.9,,,eligible,eligible_current_role,starter,Active,1.0,direct_component_blend,20260908_1821_rushing_yards_blend,2026-10-07T10:47:48+00:00,2026-10-07T10:48:05+00:00
2026,5,401872985,2026-10-11,13:00,00-0038558,Darnell Washington,PIT,IND,TE,receiving_yards,14.4,-2.8,43.2,,,eligible,eligible_current_role,starter,Active,1.0,direct_component_blend,20260908_1821_receiving_yards_blend,2026-10-07T10:47:48+00:00,2026-10-07T10:48:05+00:00
2026,5,401872985,2026-10-11,13:00,00-0038577,Nick Herbig,PIT,IND,LB,tackles,2.0,0.1,4.5,0.8026093254052904,0.5425564963850448,eligible,eligible_current_role,backup,,2.0,direct,20260908_1821_tackles_direct,2026-10-07T10:47:48+00:00,2026-10-07T10:48:05+00:00
2026,5,401872985,2026-10-11,13:00,00-0038997,Josh Downs,IND,PIT,WR,rushing_yards,0.0,-10.7,15.0,,,eligible,eligible_current_role,starter,Active,1.0,direct_component_blend,20260908_1821_rushing_yards_blend,2026-10-07T10:47:48+00:00,2026-10-07T10:48:05+00:00
2026,5,401872985,2026-10-11,13:00,00-0038997,Josh Downs,IND,PIT,WR,receiving_yards,43.1,16.4,92.3,,,eligible,eligible_current_role,starter,Active,1.0,direct_component_blend,20260908_1821_receiving_yards_blend,2026-10-07T10:47:48+00:00,2026-10-07T10:48:05+00:00
2026,5,401872985,2026-10-11,13:00,00-0039031,Adetomiwa Adebawore,IND,PIT,DL,tackles,1.8,0.0,4.3,0.7714633291103083,0.4962224203643023,eligible,eligible_current_role,backup,,2.0,direct,20260908_1821_tackles_direct,2026-10-07T10:47:48+00:00,2026-10-07T10:48:05+00:00
2026,5,401872985,2026-10-11,13:00,00-0039110,Keeanu Benton,PIT,IND,DL,tackles,2.4,0.5,4.9,0.8560244077693903,0.6385325253838566,eligible,eligible_current_role,starter,,1.0,direct,20260908_1821_tackles_direct,2026-10-07T10:47:48+00:00,2026-10-07T10:48:05+00:00
2026,5,401872985,2026-10-11,13:00,00-0039164,Anthony Richardson,IND,PIT,QB,rushing_yards,14.5,1.8,32.5,,,eligible,eligible_current_role,backup,Active,2.0,direct_component_blend,20260908_1821_rushing_yards_blend,2026-10-07T10:47:48+00:00,2026-10-07T10:48:05+00:00
2026,5,401872985,2026-10-11,13:00,00-0039178,Austin Ajiake,IND,PIT,LB,tackles,1.2,0.0,3.7,0.5675894610368367,0.27720236840409584,eligible,eligible_current_role,backup,,2.0,direct,20260908_1821_tackles_direct,2026-10-07T10:47:48+00:00,2026-10-07T10:48:05+00:00
2026,5,401872985,2026-10-11,13:00,00-0039340,Laiatu Latu,IND,PIT,DL,tackles,2.3,0.4,4.8,0.8466498204842002,0.6204788047545647,eligible,eligible_current_role,starter,Active,1.0,direct,20260908_1821_tackles_direct,2026-10-07T10:47:48+00:00,2026-10-07T10:48:05+00:00
2026,5,401872985,2026-10-11,13:00,00-0039377,Jaylon Carlies,IND,PIT,LB,tackles,1.1,0.0,3.5,0.5538704391379562,0.26439799844561634,eligible,questionable_flag,starter,Questionable,1.0,direct,20260908_1821_tackles_direct,2026-10-07T10:47:48+00:00,2026-10-07T10:48:05+00:00
2026,5,401872985,2026-10-11,13:00,00-0039576,Spencer Shrader,IND,PIT,K,kicking_points,7.0,1.9,12.9,,,eligible,eligible_current_role,starter,Active,1.0,component,20260908_1821_kicking_points_component,2026-10-07T10:47:48+00:00,2026-10-07T10:48:05+00:00
2026,5,401872985,2026-10-11,13:00,00-0039739,Roman Wilson,PIT,IND,WR,rushing_yards,0.0,-10.8,15.0,,,eligible,eligible_current_role,backup,Active,3.0,direct_component_blend,20260908_1821_rushing_yards_blend,2026-10-07T10:47:48+00:00,2026-10-07T10:48:05+00:00
2026,5,401872985,2026-10-11,13:00,00-0039739,Roman Wilson,PIT,IND,WR,receiving_yards,11.2,-6.0,40.0,,,eligible,eligible_current_role,backup,Active,3.0,direct_component_blend,20260908_1821_receiving_yards_blend,2026-10-07T10:47:48+00:00,2026-10-07T10:48:05+00:00
2026,5,401872985,2026-10-11,13:00,00-0039741,Payton Wilson,PIT,IND,LB,tackles,4.3,2.2,6.6,0.963898518463883,0.8820883534123968,eligible,eligible_current_role,recent_defensive_participant,Active,,direct,20260908_1821_tackles_direct,2026-10-07T10:47:48+00:00,2026-10-07T10:48:05+00:00
2026,5,401872985,2026-10-11,13:00,00-0039816,Anthony Gould,IND,PIT,WR,rushing_yards,0.0,-10.8,15.0,,,eligible,eligible_current_role,backup,Active,7.0,direct_component_blend,20260908_1821_rushing_yards_blend,2026-10-07T10:47:48+00:00,2026-10-07T10:48:05+00:00
2026,5,401872985,2026-10-11,13:00,00-0039816,Anthony Gould,IND,PIT,WR,receiving_yards,1.4,-15.7,30.2,,,eligible,eligible_current_role,backup,Active,7.0,direct_component_blend,20260908_1821_receiving_yards_blend,2026-10-07T10:47:48+00:00,2026-10-07T10:48:05+00:00
2026,5,401872985,2026-10-11,13:00,00-0040128,Tyler Warren,IND,PIT,TE,rushing_yards,0.4,-10.3,15.4,,,eligible,eligible_current_role,starter,Active,1.0,direct_component_blend,20260908_1821_rushing_yards_blend,2026-10-07T10:47:48+00:00,2026-10-07T10:48:05+00:00
2026,5,401872985,2026-10-11,13:00,00-0040128,Tyler Warren,IND,PIT,TE,receiving_yards,38.7,19.0,72.9,,,eligible,eligible_current_role,starter,Active,1.0,direct_component_blend,20260908_1821_receiving_yards_blend,2026-10-07T10:47:48+00:00,2026-10-07T10:48:05+00:00
2026,5,401872985,2026-10-11,13:00,00-0040139,Justin Walley,IND,PIT,DB,tackles,2.9,0.1,6.8,0.8990788910402413,0.7340767380204607,eligible,eligible_current_role,starter,Active,1.0,direct,20260908_1821_tackles_direct,2026-10-07T10:47:48+00:00,2026-10-07T10:48:05+00:00
2026,5,401872985,2026-10-11,13:00,00-0040160,Jack Sawyer,PIT,IND,LB,tackles,1.9,0.0,4.4,0.7795405600311989,0.5066364202195135,eligible,eligible_current_role,backup,,2.0,direct,20260908_1821_tackles_direct,2026-10-07T10:47:48+00:00,2026-10-07T10:48:05+00:00
2026,5,401872985,2026-10-11,13:00,00-0040179,DJ Giddens,IND,PIT,RB,rushing_yards,10.7,0.0,25.8,,,eligible,eligible_current_role,backup,Active,3.0,direct_component_blend,20260908_1821_rushing_yards_blend,2026-10-07T10:47:48+00:00,2026-10-07T10:48:05+00:00
2026,5,401872985,2026-10-11,13:00,00-0040179,DJ Giddens,IND,PIT,RB,receiving_yards,1.1,-16.0,29.9,,,eligible,eligible_current_role,backup,Active,3.0,direct_component_blend,20260908_1821_receiving_yards_blend,2026-10-07T10:47:48+00:00,2026-10-07T10:48:05+00:00
2026,5,401872985,2026-10-11,13:00,00-0040188,Yahya Black,PIT,IND,DL,tackles,2.3,0.3,4.8,0.8419266417122165,0.6114662450279211,eligible,eligible_current_role,starter,,1.0,direct,20260908_1821_tackles_direct,2026-10-07T10:47:48+00:00,2026-10-07T10:48:05+00:00
2026,5,401872985,2026-10-11,13:00,00-0040203,Will Howard,PIT,IND,QB,rushing_yards,8.6,-8.9,33.3,,,eligible,eligible_current_role,backup,Active,3.0,direct_component_blend,20260908_1821_rushing_yards_blend,2026-10-07T10:47:48+00:00,2026-10-07T10:48:05+00:00
2026,5,401872985,2026-10-11,13:00,00-0040206,Riley Leonard,IND,PIT,QB,rushing_yards,1.3,-9.4,16.3,,,eligible,eligible_current_role,backup,Active,3.0,direct_component_blend,20260908_1821_rushing_yards_blend,2026-10-07T10:47:48+00:00,2026-10-07T10:48:05+00:00
2026,5,401872985,2026-10-11,13:00,00-0040207,Tim Smith,IND,PIT,DL,tackles,1.1,0.0,4.6,0.555714918405672,0.2660859740032823,eligible,eligible_current_role,backup,,3.0,direct,20260908_1821_tackles_direct,2026-10-07T10:47:48+00:00,2026-10-07T10:48:05+00:00
2026,5,401872985,2026-10-11,13:00,00-0040235,Hunter Wohler,IND,PIT,DB,tackles,1.5,0.0,5.4,0.7202430990783126,0.4338743520997812,eligible,eligible_current_role,backup,,2.0,direct,20260908_1821_tackles_direct,2026-10-07T10:47:48+00:00,2026-10-07T10:48:05+00:00
2026,5,401872985,2026-10-11,13:00,00-0040744,Jaylahn Tuimoloau,IND,PIT,DL,tackles,0.8,0.0,3.3,0.4395741113026503,0.17487825646276944,eligible,eligible_current_role,backup,,2.0,direct,20260908_1821_tackles_direct,2026-10-07T10:47:48+00:00,2026-10-07T10:48:05+00:00
2026,5,401872985,2026-10-11,13:00,00-0040928,Kapena Gushiken,IND,PIT,DB,tackles,2.1,0.0,6.1,0.820008935629758,0.5720405229705325,eligible,eligible_current_role,backup,,2.0,direct,20260908_1821_tackles_direct,2026-10-07T10:47:48+00:00,2026-10-07T10:48:05+00:00
2026,5,401872985,2026-10-11,13:00,00-0041039,CJ Allen,IND,PIT,LB,tackles,1.6,0.0,5.1,0.7341232862928191,0.4504477553301234,eligible,eligible_current_role,backup,,2.0,direct,20260908_1821_tackles_direct,2026-10-07T10:47:48+00:00,2026-10-07T10:48:05+00:00
2026,5,401872985,2026-10-11,13:00,00-0041043,A.J. Haulcy,IND,PIT,DB,tackles,2.9,0.1,6.8,0.9004236211234844,0.7376582031583859,eligible,eligible_current_role,starter,,1.0,direct,20260908_1821_tackles_direct,2026-10-07T10:47:48+00:00,2026-10-07T10:48:05+00:00
2026,5,401872985,2026-10-11,13:00,00-0041080,George Gumbs Jr.,IND,PIT,DL,tackles,1.2,0.0,4.7,0.5708471231554725,0.2803290763771367,eligible,eligible_current_role,backup,Active,3.0,direct,20260908_1821_tackles_direct,2026-10-07T10:47:48+00:00,2026-10-07T10:48:05+00:00
2026,5,401872985,2026-10-11,13:00,00-0041111,Caden Curry,IND,PIT,DL,tackles,1.2,0.0,4.7,0.5702678820677674,0.27977065203076407,eligible,eligible_current_role,backup,,2.0,direct,20260908_1821_tackles_direct,2026-10-07T10:47:48+00:00,2026-10-07T10:48:05+00:00
2026,5,401872985,2026-10-11,13:00,00-0041125,Seth McGowan,IND,PIT,RB,rushing_yards,14.4,-15.8,56.9,,,eligible,eligible_current_role,backup,Active,2.0,direct_component_blend,20260908_1821_rushing_yards_blend,2026-10-07T10:47:48+00:00,2026-10-07T10:48:05+00:00
2026,5,401872985,2026-10-11,13:00,00-0041125,Seth McGowan,IND,PIT,RB,receiving_yards,3.3,-19.3,43.9,,,eligible,eligible_current_role,backup,Active,2.0,direct_component_blend,20260908_1821_receiving_yards_blend,2026-10-07T10:47:48+00:00,2026-10-07T10:48:05+00:00
2026,5,401872985,2026-10-11,13:00,00-0041132,Deion Burks,IND,PIT,WR,rushing_yards,1.3,-13.5,22.0,,,eligible,eligible_current_role,backup,,5.0,direct_component_blend,20260908_1821_rushing_yards_blend,2026-10-07T10:47:48+00:00,2026-10-07T10:48:05+00:00
2026,5,401872985,2026-10-11,13:00,00-0041132,Deion Burks,IND,PIT,WR,receiving_yards,6.5,-16.2,47.0,,,eligible,eligible_current_role,backup,,5.0,direct_component_blend,20260908_1821_receiving_yards_blend,2026-10-07T10:47:48+00:00,2026-10-07T10:48:05+00:00
2026,5,401872985,2026-10-11,13:00,00-0041227,Tahj Chambers,IND,PIT,LB,tackles,1.6,0.0,5.1,0.7341232862928191,0.4504477553301234,eligible,eligible_current_role,backup,,2.0,direct,20260908_1821_tackles_direct,2026-10-07T10:47:48+00:00,2026-10-07T10:48:05+00:00
2026,5,401872985,2026-10-11,13:00,00-0041261,Kevin Jobity Jr.,PIT,IND,DL,tackles,1.2,0.0,4.7,0.5713258022650014,0.2807913620849404,eligible,eligible_current_role,backup,Active,2.0,direct,20260908_1821_tackles_direct,2026-10-07T10:47:48+00:00,2026-10-07T10:48:05+00:00
2026,5,401872985,2026-10-11,13:00,00-0041393,Daylen Everette,PIT,IND,DB,tackles,2.1,0.0,6.1,0.8217485314141125,0.5750728322735326,eligible,eligible_current_role,backup,,2.0,direct,20260908_1821_tackles_direct,2026-10-07T10:47:48+00:00,2026-10-07T10:48:05+00:00
2026,5,401872985,2026-10-11,13:00,00-0041397,Kaden Wetjen,PIT,IND,WR,rushing_yards,0.0,-14.8,20.6,,,eligible,eligible_current_role,backup,,6.0,direct_component_blend,20260908_1821_rushing_yards_blend,2026-10-07T10:47:48+00:00,2026-10-07T10:48:05+00:00
2026,5,401872985,2026-10-11,13:00,00-0041397,Kaden Wetjen,PIT,IND,WR,receiving_yards,6.9,-15.8,47.5,,,eligible,eligible_current_role,backup,,6.0,direct_component_blend,20260908_1821_receiving_yards_blend,2026-10-07T10:47:48+00:00,2026-10-07T10:48:05+00:00
2026,5,401872985,2026-10-11,13:00,00-0041398,Riley Nowakowski,PIT,IND,RB,rushing_yards,10.9,-19.4,53.4,,,eligible,eligible_current_role,starter,,1.0,direct_component_blend,20260908_1821_rushing_yards_blend,2026-10-07T10:47:48+00:00,2026-10-07T10:48:05+00:00
2026,5,401872985,2026-10-11,13:00,00-0041398,Riley Nowakowski,PIT,IND,RB,receiving_yards,3.6,-19.0,44.2,,,eligible,eligible_current_role,starter,,1.0,direct_component_blend,20260908_1821_receiving_yards_blend,2026-10-07T10:47:48+00:00,2026-10-07T10:48:05+00:00
2026,5,401872985,2026-10-11,13:00,00-0041401,Robert Spears-Jennings,PIT,IND,DB,tackles,2.9,0.1,6.8,0.9013757999268434,0.7402112863223331,eligible,eligible_current_role,starter,Active,1.0,direct,20260908_1821_tackles_direct,2026-10-07T10:47:48+00:00,2026-10-07T10:48:05+00:00
2026,5,401872985,2026-10-11,13:00,00-0041489,Germie Bernard,PIT,IND,WR,rushing_yards,0.0,-14.8,20.6,,,eligible,eligible_current_role,backup,Active,4.0,direct_component_blend,20260908_1821_rushing_yards_blend,2026-10-07T10:47:48+00:00,2026-10-07T10:48:05+00:00
2026,5,401872985,2026-10-11,13:00,00-0041489,Germie Bernard,PIT,IND,WR,receiving_yards,7.0,-15.6,47.6,,,eligible,eligible_current_role,backup,Active,4.0,direct_component_blend,20260908_1821_receiving_yards_blend,2026-10-07T10:47:48+00:00,2026-10-07T10:48:05+00:00
2026,5,401872985,2026-10-11,13:00,00-0041490,Eli Heidenreich,PIT,IND,RB,rushing_yards,10.4,-19.8,52.9,,,eligible,eligible_current_role,backup,Active,4.0,direct_component_blend,20260908_1821_rushing_yards_blend,2026-10-07T10:47:48+00:00,2026-10-07T10:48:05+00:00
2026,5,401872985,2026-10-11,13:00,00-0041490,Eli Heidenreich,PIT,IND,RB,receiving_yards,3.4,-19.2,44.0,,,eligible,eligible_current_role,backup,Active,4.0,direct_component_blend,20260908_1821_receiving_yards_blend,2026-10-07T10:47:48+00:00,2026-10-07T10:48:05+00:00
2026,5,401872985,2026-10-11,13:00,00-0041518,Bryce Boettcher,IND,PIT,LB,tackles,2.1,0.0,5.6,0.8070160734941836,0.5498827222817102,eligible,eligible_current_role,starter,,1.0,direct,20260908_1821_tackles_direct,2026-10-07T10:47:48+00:00,2026-10-07T10:48:05+00:00
2026,5,401872985,2026-10-11,13:00,00-0041565,Drew Allar,PIT,IND,QB,rushing_yards,8.6,-8.9,33.3,,,eligible,eligible_current_role,backup,Active,4.0,direct_component_blend,20260908_1821_rushing_yards_blend,2026-10-07T10:47:48+00:00,2026-10-07T10:48:05+00:00
2026,5,401872986,2026-10-11,13:00,00-0029604,Kirk Cousins,LV,NE,QB,passing_yards,190.9,97.5,297.1,,,eligible,eligible_current_role,starter,Active,1.0,direct_component_blend,20260908_1821_passing_yards_blend,2026-10-07T10:47:48+00:00,2026-10-07T10:48:05+00:00
2026,5,401872986,2026-10-11,13:00,00-0029604,Kirk Cousins,LV,NE,QB,passing_tds,1.572,,,0.8125,0.5115103544081692,eligible,eligible_current_role,starter,Active,1.0,direct_component_blend,20260908_1821_passing_tds_blend,2026-10-07T10:47:48+00:00,2026-10-07T10:48:05+00:00
2026,5,401872986,2026-10-11,13:00,00-0029604,Kirk Cousins,LV,NE,QB,rushing_yards,3.4,-7.3,18.4,,,eligible,eligible_current_role,starter,Active,1.0,direct_component_blend,20260908_1821_rushing_yards_blend,2026-10-07T10:47:48+00:00,2026-10-07T10:48:05+00:00
2026,5,401872986,2026-10-11,13:00,00-0031054,DaQuan Jones,NE,LV,DL,tackles,1.8,0.0,4.3,0.772880398353927,0.49802597248433444,eligible,eligible_current_role,backup,,2.0,direct,20260908_1821_tackles_direct,2026-10-07T10:47:48+00:00,2026-10-07T10:48:05+00:00
2026,5,401872986,2026-10-11,13:00,00-0033090,Hunter Henry,NE,LV,TE,rushing_yards,0.0,-10.8,14.9,,,eligible,eligible_current_role,starter,Active,1.0,direct_component_blend,20260908_1821_rushing_yards_blend,2026-10-07T10:47:48+00:00,2026-10-07T10:48:05+00:00
2026,5,401872986,2026-10-11,13:00,00-0033090,Hunter Henry,NE,LV,TE,receiving_yards,31.6,11.9,65.8,,,eligible,eligible_current_role,starter,Active,1.0,direct_component_blend,20260908_1821_receiving_yards_blend,2026-10-07T10:47:48+00:00,2026-10-07T10:48:05+00:00
2026,5,401872986,2026-10-11,13:00,00-0033132,Kevin Byard,NE,LV,DB,tackles,5.6,2.9,9.0,0.9822290681251583,0.9490596844789383,eligible,eligible_current_role,starter,,1.0,direct,20260908_1821_tackles_direct,2026-10-07T10:47:48+00:00,2026-10-07T10:48:05+00:00
2026,5,401872986,2026-10-11,13:00,00-0033381,Adam Butler,LV,NE,DL,tackles,1.8,0.0,4.3,0.7745438584642823,0.5001557136059742,eligible,eligible_current_role,starter,,1.0,direct,20260908_1821_tackles_direct,2026-10-07T10:47:48+00:00,2026-10-07T10:48:05+00:00
2026,5,401872986,2026-10-11,13:00,00-0033555,Mack Hollins,NE,LV,WR,rushing_yards,0.0,-10.8,15.0,,,eligible,questionable_flag,backup,Questionable,3.0,direct_component_blend,20260908_1821_rushing_yards_blend,2026-10-07T10:47:48+00:00,2026-10-07T10:48:05+00:00
2026,5,401872986,2026-10-11,13:00,00-0033555,Mack Hollins,NE,LV,WR,receiving_yards,34.7,8.0,83.9,,,eligible,questionable_flag,backup,Questionable,3.0,direct_component_blend,20260908_1821_receiving_yards_blend,2026-10-07T10:47:48+00:00,2026-10-07T10:48:05+00:00
2026,5,401872986,2026-10-11,13:00,00-0034275,Foley Fatukasi,LV,NE,DL,tackles,1.2,0.0,3.7,0.5699752003868815,0.2794888959045337,eligible,eligible_current_role,backup,,2.0,direct,20260908_1821_tackles_direct,2026-10-07T10:47:48+00:00,2026-10-07T10:48:05+00:00
2026,5,401872986,2026-10-11,13:00,00-0034365,Ian Thomas,LV,NE,TE,rushing_yards,0.0,-10.8,14.9,,,eligible,eligible_current_role,backup,Active,3.0,direct_component_blend,20260908_1821_rushing_yards_blend,2026-10-07T10:47:48+00:00,2026-10-07T10:48:05+00:00
2026,5,401872986,2026-10-11,13:00,00-0034365,Ian Thomas,LV,NE,TE,receiving_yards,6.9,-10.3,35.7,,,eligible,eligible_current_role,backup,Active,3.0,direct_component_blend,20260908_1821_receiving_yards_blend,2026-10-07T10:47:48+00:00,2026-10-07T10:48:05+00:00
2026,5,401872986,2026-10-11,13:00,00-0034376,Taron Johnson,LV,NE,DB,tackles,4.6,2.4,7.3,0.9750430191323582,0.910962756843066,eligible,eligible_current_role,starter,,1.0,direct,20260908_1821_tackles_direct,2026-10-07T10:47:48+00:00,2026-10-07T10:48:05+00:00
2026,5,401872986,2026-10-11,13:00,00-0034720,Robert Spillane,NE,LV,LB,tackles,5.8,2.8,9.8,0.982660299559793,0.9536125784298223,eligible,eligible_current_role,recent_defensive_participant,,,direct,20260908_1821_tackles_direct,2026-10-07T10:47:48+00:00,2026-10-07T10:48:05+00:00
2026,5,401872986,2026-10-11,13:00,00-0034778,Carlton Davis III,NE,LV,DB,tackles,3.7,1.5,6.4,0.9426140010123168,0.8346738128301302,eligible,eligible_current_role,starter,,1.0,direct,20260908_1821_tackles_direct,2026-10-07T10:47:48+00:00,2026-10-07T10:48:05+00:00
2026,5,401872986,2026-10-11,13:00,00-0034971,Jalen Hurd,NE,LV,WR,rushing_yards,0.0,-14.7,20.7,,,eligible,eligible_current_role,roster_only,,,direct_component_blend,20260908_1821_rushing_yards_blend,2026-10-07T10:47:48+00:00,2026-10-07T10:48:05+00:00
2026,5,401872986,2026-10-11,13:00,00-0034971,Jalen Hurd,NE,LV,WR,receiving_yards,7.1,-15.6,47.7,,,eligible,eligible_current_role,roster_only,,,direct_component_blend,20260908_1821_receiving_yards_blend,2026-10-07T10:47:48+00:00,2026-10-07T10:48:05+00:00
2026,5,401872986,2026-10-11,13:00,00-0034973,Maxx Crosby,LV,NE,DL,tackles,3.8,1.6,6.5,0.9453528579002288,0.8399669368128075,eligible,eligible_current_role,starter,,1.0,direct,20260908_1821_tackles_direct,2026-10-07T10:47:48+00:00,2026-10-07T10:48:05+00:00
2026,5,401872986,2026-10-11,13:00,00-0035269,Matt Gay,LV,NE,K,kicking_points,6.7,1.6,12.6,,,eligible,eligible_current_role,starter,Active,1.0,component,20260908_1821_kicking_points_component,2026-10-07T10:47:48+00:00,2026-10-07T10:48:05+00:00
2026,5,401872986,2026-10-11,13:00,00-0035345,Chris Myarick,LV,NE,TE,rushing_yards,0.0,-10.7,15.0,,,eligible,eligible_current_role,roster_only,,,direct_component_blend,20260908_1821_rushing_yards_blend,2026-10-07T10:47:48+00:00,2026-10-07T10:48:05+00:00
2026,5,401872986,2026-10-11,13:00,00-0035345,Chris Myarick,LV,NE,TE,receiving_yards,1.4,-15.7,30.3,,,eligible,eligible_current_role,roster_only,,,direct_component_blend,20260908_1821_receiving_yards_blend,2026-10-07T10:47:48+00:00,2026-10-07T10:48:05+00:00
2026,5,401872986,2026-10-11,13:00,00-0035678,Dre'Mont Jones,NE,LV,LB,tackles,2.6,0.0,6.7,0.8776114348042957,0.6829484633045065,eligible,eligible_current_role,starter,Active,1.0,direct,20260908_1821_tackles_direct,2026-10-07T10:47:48+00:00,2026-10-07T10:48:05+00:00
2026,5,401872986,2026-10-11,13:00,00-0035891,Cody White,LV,NE,WR,rushing_yards,0.0,-10.8,15.0,,,eligible,eligible_current_role,backup,Active,3.0,direct_component_blend,20260908_1821_rushing_yards_blend,2026-10-07T10:47:48+00:00,2026-10-07T10:48:05+00:00
2026,5,401872986,2026-10-11,13:00,00-0035891,Cody White,LV,NE,WR,receiving_yards,5.9,-11.2,34.7,,,eligible,eligible_current_role,backup,Active,3.0,direct_component_blend,20260908_1821_receiving_yards_blend,2026-10-07T10:47:48+00:00,2026-10-07T10:48:05+00:00
2026,5,401872986,2026-10-11,13:00,00-0036187,Reggie Gilliam,NE,LV,RB,rushing_yards,2.7,-8.0,17.8,,,eligible,eligible_current_role,starter,Active,1.0,direct_component_blend,20260908_1821_rushing_yards_blend,2026-10-07T10:47:48+00:00,2026-10-07T10:48:05+00:00
2026,5,401872986,2026-10-11,13:00,00-0036187,Reggie Gilliam,NE,LV,RB,receiving_yards,3.2,-14.0,32.0,,,eligible,eligible_current_role,starter,Active,1.0,direct_component_blend,20260908_1821_receiving_yards_blend,2026-10-07T10:47:48+00:00,2026-10-07T10:48:05+00:00
2026,5,401872986,2026-10-11,13:00,00-0036293,Jeremy Chinn,LV,NE,DB,tackles,6.3,3.6,9.8,0.983495145631068,0.9631067961165048,eligible,eligible_current_role,starter,Active,1.0,direct,20260908_1821_tackles_direct,2026-10-07T10:47:48+00:00,2026-10-07T10:48:05+00:00
2026,5,401872986,2026-10-11,13:00,00-0036307,Kindle Vildor,NE,LV,DB,tackles,1.6,0.0,5.1,0.7457917696238493,0.4651547962023127,eligible,eligible_current_role,recent_defensive_participant,,,direct,20260908_1821_tackles_direct,2026-10-07T10:47:48+00:00,2026-10-07T10:48:05+00:00
2026,5,401872986,2026-10-11,13:00,00-0036423,Albert Okwuegbunam,LV,NE,TE,rushing_yards,0.0,-10.8,14.9,,,eligible,eligible_current_role,roster_only,,,direct_component_blend,20260908_1821_rushing_yards_blend,2026-10-07T10:47:48+00:00,2026-10-07T10:48:05+00:00
2026,5,401872986,2026-10-11,13:00,00-0036423,Albert Okwuegbunam,LV,NE,TE,receiving_yards,17.5,0.3,46.3,,,eligible,eligible_current_role,roster_only,,,direct_component_blend,20260908_1821_receiving_yards_blend,2026-10-07T10:47:48+00:00,2026-10-07T10:48:05+00:00
2026,5,401872986,2026-10-11,13:00,00-0036479,Kwity Paye,LV,NE,DL,tackles,2.3,0.3,4.8,0.8414629829599123,0.6106035032196203,eligible,eligible_current_role,starter,,1.0,direct,20260908_1821_tackles_direct,2026-10-07T10:47:48+00:00,2026-10-07T10:48:05+00:00
2026,5,401872986,2026-10-11,13:00,00-0036813,Christian Elliss,NE,LV,LB,tackles,4.6,1.6,8.6,0.9746061686676993,0.9097788674259709,eligible,eligible_current_role,recent_defensive_participant,Active,,direct,20260908_1821_tackles_direct,2026-10-07T10:47:48+00:00,2026-10-07T10:48:05+00:00
2026,5,401872986,2026-10-11,13:00,00-0036875,Rhamondre Stevenson,NE,LV,RB,rushing_yards,39.6,17.6,70.6,,,eligible,eligible_current_role,starter,Active,1.0,direct_component_blend,20260908_1821_rushing_yards_blend,2026-10-07T10:47:48+00:00,2026-10-07T10:48:05+00:00
2026,5,401872986,2026-10-11,13:00,00-0036875,Rhamondre Stevenson,NE,LV,RB,receiving_yards,16.9,-0.3,45.7,,,eligible,eligible_current_role,starter,Active,1.0,direct_component_blend,20260908_1821_receiving_yards_blend,2026-10-07T10:47:48+00:00,2026-10-07T10:48:05+00:00
2026,5,401872986,2026-10-11,13:00,00-0036901,Eric Stokes,LV,NE,DB,tackles,3.5,0.9,7.0,0.9327165023084383,0.8162879229265905,eligible,eligible_current_role,starter,,1.0,direct,20260908_1821_tackles_direct,2026-10-07T10:47:48+00:00,2026-10-07T10:48:05+00:00
2026,5,401872986,2026-10-11,13:00,00-0036916,Milton Williams,NE,LV,DL,tackles,1.6,0.0,4.1,0.7524663007230477,0.47295212767594186,eligible,eligible_current_role,starter,,1.0,direct,20260908_1821_tackles_direct,2026-10-07T10:47:48+00:00,2026-10-07T10:48:05+00:00
2026,5,401872986,2026-10-11,13:00,00-0036922,Patrick Johnson,LV,NE,LB,tackles,1.3,0.0,3.8,0.5966419922560148,0.3046684381110676,eligible,eligible_current_role,backup,,2.0,direct,20260908_1821_tackles_direct,2026-10-07T10:47:48+00:00,2026-10-07T10:48:05+00:00
2026,5,401872986,2026-10-11,13:00,00-0036981,Christian Barmore,NE,LV,DL,tackles,1.9,0.0,4.7,0.7797547434016509,0.5069170581968914,eligible,questionable_flag,starter,Questionable,1.0,direct,20260908_1821_tackles_direct,2026-10-07T10:47:48+00:00,2026-10-07T10:48:05+00:00
2026,5,401872986,2026-10-11,13:00,00-0036989,Malcolm Koonce,LV,NE,DL,tackles,1.7,0.0,4.1,0.7589407905101211,0.48069892609505666,eligible,eligible_current_role,backup,,2.0,direct,20260908_1821_tackles_direct,2026-10-07T10:47:48+00:00,2026-10-07T10:48:05+00:00
2026,5,401872986,2026-10-11,13:00,00-0037074,Quay Walker,LV,NE,LB,tackles,7.0,4.4,11.3,0.983495145631068,0.9631067961165048,eligible,eligible_current_role,recent_defensive_participant,Active,,direct,20260908_1821_tackles_direct,2026-10-07T10:47:48+00:00,2026-10-07T10:48:05+00:00
2026,5,401872986,2026-10-11,13:00,00-0037093,Dareke Young,LV,NE,WR,rushing_yards,0.0,-10.7,15.0,,,eligible,eligible_current_role,backup,,4.0,direct_component_blend,20260908_1821_rushing_yards_blend,2026-10-07T10:47:48+00:00,2026-10-07T10:48:05+00:00
2026,5,401872986,2026-10-11,13:00,00-0037093,Dareke Young,LV,NE,WR,receiving_yards,4.3,-12.8,33.1,,,eligible,eligible_current_role,backup,,4.0,direct_component_blend,20260908_1821_receiving_yards_blend,2026-10-07T10:47:48+00:00,2026-10-07T10:48:05+00:00
2026,5,401872986,2026-10-11,13:00,00-0037253,Marcus Jones,NE,LV,DB,tackles,3.2,1.0,5.9,0.9135425678775125,0.7741999463638071,eligible,eligible_current_role,starter,,1.0,direct,20260908_1821_tackles_direct,2026-10-07T10:47:48+00:00,2026-10-07T10:48:05+00:00
2026,5,401872986,2026-10-11,13:00,00-0037262,Thomas Booker,LV,NE,DL,tackles,2.1,0.2,4.6,0.8190005002730757,0.5702899804913543,eligible,eligible_current_role,backup,,2.0,direct,20260908_1821_tackles_direct,2026-10-07T10:47:48+00:00,2026-10-07T10:48:05+00:00
2026,5,401872986,2026-10-11,13:00,00-0037291,Jalen Nailor,LV,NE,WR,rushing_yards,0.0,-10.8,15.0,,,eligible,questionable_flag,backup,Questionable,2.0,direct_component_blend,20260908_1821_rushing_yards_blend,2026-10-07T10:47:48+00:00,2026-10-07T10:48:05+00:00
2026,5,401872986,2026-10-11,13:00,00-0037291,Jalen Nailor,LV,NE,WR,receiving_yards,15.7,-1.4,44.5,,,eligible,questionable_flag,backup,Questionable,2.0,direct_component_blend,20260908_1821_receiving_yards_blend,2026-10-07T10:47:48+00:00,2026-10-07T10:48:05+00:00
2026,5,401872986,2026-10-11,13:00,00-0037304,Connor Heyward,LV,NE,RB,rushing_yards,7.5,-14.5,38.4,,,eligible,eligible_current_role,starter,,1.0,direct_component_blend,20260908_1821_rushing_yards_blend,2026-10-07T10:47:48+00:00,2026-10-07T10:48:05+00:00
2026,5,401872986,2026-10-11,13:00,00-0037304,Connor Heyward,LV,NE,RB,receiving_yards,1.4,-15.8,30.2,,,eligible,eligible_current_role,starter,,1.0,direct_component_blend,20260908_1821_receiving_yards_blend,2026-10-07T10:47:48+00:00,2026-10-07T10:48:05+00:00
2026,5,401872986,2026-10-11,13:00,00-0037461,Tristin McCollum,LV,NE,DB,tackles,1.7,0.0,4.4,0.7570288750044949,0.4783920963599363,eligible,eligible_current_role,backup,Active,3.0,direct,20260908_1821_tackles_direct,2026-10-07T10:47:48+00:00,2026-10-07T10:48:05+00:00
2026,5,401872986,2026-10-11,13:00,00-0037493,Mike Brown,NE,LV,DB,tackles,0.7,0.0,3.2,0.39834296859199764,0.12267706875072532,eligible,eligible_current_role,recent_defensive_participant,,,direct,20260908_1821_tackles_direct,2026-10-07T10:47:48+00:00,2026-10-07T10:48:05+00:00
2026,5,401872986,2026-10-11,13:00,00-0037512,Isaiah Pola-Mao,LV,NE,DB,tackles,4.4,1.7,7.8,0.9674807047157521,0.8910939977433007,eligible,eligible_current_role,backup,,2.0,direct,20260908_1821_tackles_direct,2026-10-07T10:47:48+00:00,2026-10-07T10:48:05+00:00
2026,5,401872986,2026-10-11,13:00,00-0037615,Nakobe Dean,LV,NE,LB,tackles,3.8,1.7,6.2,0.9438166124869831,0.8369860284069207,eligible,eligible_current_role,recent_defensive_participant,Active,,direct,20260908_1821_tackles_direct,2026-10-07T10:47:48+00:00,2026-10-07T10:48:05+00:00
2026,5,401872986,2026-10-11,13:00,00-0037617,Hassan Haskins,NE,LV,RB,rushing_yards,7.8,-2.9,22.8,,,eligible,eligible_current_role,roster_only,,,direct_component_blend,20260908_1821_rushing_yards_blend,2026-10-07T10:47:48+00:00,2026-10-07T10:48:05+00:00
2026,5,401872986,2026-10-11,13:00,00-0037617,Hassan Haskins,NE,LV,RB,receiving_yards,4.2,-13.0,33.0,,,eligible,eligible_current_role,roster_only,,,direct_component_blend,20260908_1821_receiving_yards_blend,2026-10-07T10:47:48+00:00,2026-10-07T10:48:05+00:00
2026,5,401872986,2026-10-11,13:00,00-0037816,Romeo Doubs,NE,LV,WR,rushing_yards,0.0,-10.7,15.0,,,eligible,eligible_current_role,starter,Active,1.0,direct_component_blend,20260908_1821_rushing_yards_blend,2026-10-07T10:47:48+00:00,2026-10-07T10:48:05+00:00
2026,5,401872986,2026-10-11,13:00,00-0037816,Romeo Doubs,NE,LV,WR,receiving_yards,37.7,11.0,86.8,,,eligible,eligible_current_role,starter,Active,1.0,direct_component_blend,20260908_1821_receiving_yards_blend,2026-10-07T10:47:48+00:00,2026-10-07T10:48:05+00:00
2026,5,401872986,2026-10-11,13:00,00-0038476,Tommy DeVito,NE,LV,QB,rushing_yards,10.4,-2.4,28.4,,,eligible,eligible_current_role,backup,,2.0,direct_component_blend,20260908_1821_rushing_yards_blend,2026-10-07T10:47:48+00:00,2026-10-07T10:48:05+00:00
2026,5,401872986,2026-10-11,13:00,00-0038563,Tre Tucker,LV,NE,WR,rushing_yards,2.6,-8.1,17.6,,,eligible,eligible_current_role,starter,Active,1.0,direct_component_blend,20260908_1821_rushing_yards_blend,2026-10-07T10:47:48+00:00,2026-10-07T10:48:05+00:00
2026,5,401872986,2026-10-11,13:00,00-0038563,Tre Tucker,LV,NE,WR,receiving_yards,53.3,26.7,102.5,,,eligible,eligible_current_role,starter,Active,1.0,direct_component_blend,20260908_1821_receiving_yards_blend,2026-10-07T10:47:48+00:00,2026-10-07T10:48:05+00:00
2026,5,401872986,2026-10-11,13:00,00-0038564,Cameron Latu,NE,LV,TE,rushing_yards,0.0,-10.8,15.0,,,eligible,eligible_current_role,backup,,3.0,direct_component_blend,20260908_1821_rushing_yards_blend,2026-10-07T10:47:48+00:00,2026-10-07T10:48:05+00:00
2026,5,401872986,2026-10-11,13:00,00-0038564,Cameron Latu,NE,LV,TE,receiving_yards,5.6,-11.5,34.4,,,eligible,eligible_current_role,backup,,3.0,direct_component_blend,20260908_1821_receiving_yards_blend,2026-10-07T10:47:48+00:00,2026-10-07T10:48:05+00:00
2026,5,401872986,2026-10-11,13:00,00-0038579,Aidan O'Connell,LV,NE,QB,rushing_yards,9.5,-3.3,27.4,,,eligible,eligible_current_role,backup,Active,3.0,direct_component_blend,20260908_1821_rushing_yards_blend,2026-10-07T10:47:48+00:00,2026-10-07T10:48:05+00:00
2026,5,401872986,2026-10-11,13:00,00-0038594,Darrell Luter Jr.,LV,NE,DB,tackles,3.4,0.8,6.9,0.9267588739033936,0.8057106388817638,eligible,eligible_current_role,backup,Active,3.0,direct,20260908_1821_tackles_direct,2026-10-07T10:47:48+00:00,2026-10-07T10:48:05+00:00
2026,5,401872986,2026-10-11,13:00,00-0038621,DeMario Douglas,NE,LV,WR,rushing_yards,0.5,-10.2,15.5,,,eligible,eligible_current_role,backup,Active,2.0,direct_component_blend,20260908_1821_rushing_yards_blend,2026-10-07T10:47:48+00:00,2026-10-07T10:48:05+00:00
2026,5,401872986,2026-10-11,13:00,00-0038621,DeMario Douglas,NE,LV,WR,receiving_yards,10.6,-6.6,39.4,,,eligible,eligible_current_role,backup,Active,2.0,direct_component_blend,20260908_1821_receiving_yards_blend,2026-10-07T10:47:48+00:00,2026-10-07T10:48:05+00:00
2026,5,401872986,2026-10-11,13:00,00-0038647,Ronnie Bell,LV,NE,WR,rushing_yards,0.0,-10.8,15.0,,,eligible,eligible_current_role,roster_only,,,direct_component_blend,20260908_1821_rushing_yards_blend,2026-10-07T10:47:48+00:00,2026-10-07T10:48:05+00:00
2026,5,401872986,2026-10-11,13:00,00-0038647,Ronnie Bell,LV,NE,WR,receiving_yards,4.6,-12.6,33.4,,,eligible,eligible_current_role,roster_only,,,direct_component_blend,20260908_1821_receiving_yards_blend,2026-10-07T10:47:48+00:00,2026-10-07T10:48:05+00:00
2026,5,401872986,2026-10-11,13:00,00-0038653,Cory Durden,NE,LV,DL,tackles,1.9,0.0,4.4,0.7798176195593636,0.506999487858306,eligible,eligible_current_role,starter,,1.0,direct,20260908_1821_tackles_direct,2026-10-07T10:47:48+00:00,2026-10-07T10:48:05+00:00
2026,5,401872986,2026-10-11,13:00,00-0039066,Michael Mayer,LV,NE,TE,rushing_yards,0.0,-10.8,15.0,,,eligible,eligible_current_role,backup,Active,2.0,direct_component_blend,20260908_1821_rushing_yards_blend,2026-10-07T10:47:48+00:00,2026-10-07T10:48:05+00:00
2026,5,401872986,2026-10-11,13:00,00-0039066,Michael Mayer,LV,NE,TE,receiving_yards,26.9,7.2,61.1,,,eligible,eligible_current_role,backup,Active,2.0,direct_component_blend,20260908_1821_receiving_yards_blend,2026-10-07T10:47:48+00:00,2026-10-07T10:48:05+00:00
2026,5,401872986,2026-10-11,13:00,00-0039147,Christian Gonzalez,NE,LV,DB,tackles,3.8,1.1,7.3,0.9453910367479266,0.8400414168712739,eligible,questionable_flag,starter,Questionable,1.0,direct,20260908_1821_tackles_direct,2026-10-07T10:47:48+00:00,2026-10-07T10:48:05+00:00
2026,5,401872986,2026-10-11,13:00,00-0039289,Leonard Taylor III,NE,LV,DL,tackles,1.1,0.0,3.6,0.5623976639024104,0.27228838672943484,eligible,eligible_current_role,backup,Active,3.0,direct,20260908_1821_tackles_direct,2026-10-07T10:47:48+00:00,2026-10-07T10:48:05+00:00
2026,5,401872986,2026-10-11,13:00,00-0039338,Brock Bowers,LV,NE,TE,rushing_yards,0.0,-10.7,15.0,,,eligible,eligible_current_role,starter,Active,1.0,direct_component_blend,20260908_1821_rushing_yards_blend,2026-10-07T10:47:48+00:00,2026-10-07T10:48:05+00:00
2026,5,401872986,2026-10-11,13:00,00-0039338,Brock Bowers,LV,NE,TE,receiving_yards,44.5,24.8,78.8,,,eligible,eligible_current_role,starter,Active,1.0,direct_component_blend,20260908_1821_receiving_yards_blend,2026-10-07T10:47:48+00:00,2026-10-07T10:48:05+00:00
2026,5,401872986,2026-10-11,13:00,00-0039374,Tommy Eichenberg,LV,NE,LB,tackles,1.7,0.0,4.1,0.7595226843571433,0.48140425413016413,eligible,eligible_current_role,recent_defensive_participant,,,direct,20260908_1821_tackles_direct,2026-10-07T10:47:48+00:00,2026-10-07T10:48:05+00:00
2026,5,401872986,2026-10-11,13:00,00-0039407,Dylan Laube,LV,NE,RB,rushing_yards,1.2,-9.5,16.2,,,eligible,eligible_current_role,backup,,3.0,direct_component_blend,20260908_1821_rushing_yards_blend,2026-10-07T10:47:48+00:00,2026-10-07T10:48:05+00:00
2026,5,401872986,2026-10-11,13:00,00-0039407,Dylan Laube,LV,NE,RB,receiving_yards,0.0,-17.1,28.8,,,eligible,eligible_current_role,backup,,3.0,direct_component_blend,20260908_1821_receiving_yards_blend,2026-10-07T10:47:48+00:00,2026-10-07T10:48:05+00:00
2026,5,401872986,2026-10-11,13:00,00-0039423,Jonah Laulu,LV,NE,DL,tackles,3.0,0.8,5.7,0.9024096583553536,0.7429997554741037,eligible,eligible_current_role,starter,Active,1.0,direct,20260908_1821_tackles_direct,2026-10-07T10:47:48+00:00,2026-10-07T10:48:05+00:00
2026,5,401872986,2026-10-11,13:00,00-0039770,Charles Woods,NE,LV,DB,tackles,1.7,0.0,4.2,0.7639647476455942,0.486839182573799,eligible,questionable_flag,backup,Questionable,2.0,direct,20260908_1821_tackles_direct,2026-10-07T10:47:48+00:00,2026-10-07T10:48:05+00:00
2026,5,401872986,2026-10-11,13:00,00-0039829,Darius Muasau,NE,LV,LB,tackles,4.2,2.1,6.6,0.961309978951642,0.8757198182222216,eligible,eligible_current_role,recent_defensive_participant,,,direct,20260908_1821_tackles_direct,2026-10-07T10:47:48+00:00,2026-10-07T10:48:05+00:00
2026,5,401872986,2026-10-11,13:00,00-0039851,Drake Maye,NE,LV,QB,passing_yards,228.7,135.3,335.0,,,eligible,eligible_current_role,starter,Active,1.0,direct_component_blend,20260908_1821_passing_yards_blend,2026-10-07T10:47:48+00:00,2026-10-07T10:48:05+00:00
2026,5,401872986,2026-10-11,13:00,00-0039851,Drake Maye,NE,LV,QB,passing_tds,1.603,,,0.8125,0.5119047619047619,eligible,eligible_current_role,starter,Active,1.0,direct_component_blend,20260908_1821_passing_tds_blend,2026-10-07T10:47:48+00:00,2026-10-07T10:48:05+00:00
2026,5,401872986,2026-10-11,13:00,00-0039851,Drake Maye,NE,LV,QB,rushing_yards,21.6,8.8,39.5,,,eligible,eligible_current_role,starter,Active,1.0,direct_component_blend,20260908_1821_rushing_yards_blend,2026-10-07T10:47:48+00:00,2026-10-07T10:48:05+00:00
2026,5,401872986,2026-10-11,13:00,00-0040122,Ashton Jeanty,LV,NE,RB,rushing_yards,71.1,49.1,102.0,,,eligible,eligible_current_role,starter,Active,1.0,direct_component_blend,20260908_1821_rushing_yards_blend,2026-10-07T10:47:48+00:00,2026-10-07T10:48:05+00:00
2026,5,401872986,2026-10-11,13:00,00-0040122,Ashton Jeanty,LV,NE,RB,receiving_yards,20.7,3.6,49.5,,,eligible,eligible_current_role,starter,Active,1.0,direct_component_blend,20260908_1821_receiving_yards_blend,2026-10-07T10:47:48+00:00,2026-10-07T10:48:05+00:00
2026,5,401872986,2026-10-11,13:00,00-0040131,Kyle Williams,NE,LV,WR,rushing_yards,0.0,-10.8,15.0,,,eligible,eligible_current_role,backup,,5.0,direct_component_blend,20260908_1821_rushing_yards_blend,2026-10-07T10:47:48+00:00,2026-10-07T10:48:05+00:00
2026,5,401872986,2026-10-11,13:00,00-0040131,Kyle Williams,NE,LV,WR,receiving_yards,23.1,6.0,51.9,,,eligible,eligible_current_role,backup,,5.0,direct_component_blend,20260908_1821_receiving_yards_blend,2026-10-07T10:47:48+00:00,2026-10-07T10:48:05+00:00
2026,5,401872986,2026-10-11,13:00,00-0040169,Tonka Hemingway,LV,NE,DL,tackles,1.5,0.0,4.0,0.7284559847673978,0.44362379095931515,eligible,eligible_current_role,starter,,1.0,direct,20260908_1821_tackles_direct,2026-10-07T10:47:48+00:00,2026-10-07T10:48:05+00:00
2026,5,401872986,2026-10-11,13:00,00-0040171,Joshua Farmer,NE,LV,DL,tackles,1.0,0.0,3.5,0.539155654190131,0.2514157323983053,eligible,eligible_current_role,backup,,2.0,direct,20260908_1821_tackles_direct,2026-10-07T10:47:48+00:00,2026-10-07T10:48:05+00:00
2026,5,401872986,2026-10-11,13:00,00-0040199,JJ Pegues,LV,NE,DL,tackles,1.2,0.0,3.7,0.5741765327016587,0.28355970677898956,eligible,eligible_current_role,backup,,2.0,direct,20260908_1821_tackles_direct,2026-10-07T10:47:48+00:00,2026-10-07T10:48:05+00:00
2026,5,401872986,2026-10-11,13:00,00-0040200,Andy Borregales,NE,LV,K,kicking_points,7.7,3.1,12.9,,,eligible,eligible_current_role,starter,Active,1.0,component,20260908_1821_kicking_points_component,2026-10-07T10:47:48+00:00,2026-10-07T10:48:05+00:00
2026,5,401872986,2026-10-11,13:00,00-0040204,Jaylen Reed,NE,LV,DB,tackles,3.9,1.5,6.9,0.9490083044187612,0.8471898979169821,eligible,eligible_current_role,backup,,2.0,direct,20260908_1821_tackles_direct,2026-10-07T10:47:48+00:00,2026-10-07T10:48:05+00:00
2026,5,401872986,2026-10-11,13:00,00-0040556,Corey Kiner,NE,LV,RB,rushing_yards,12.3,-11.9,46.3,,,eligible,eligible_current_role,backup,,3.0,direct_component_blend,20260908_1821_rushing_yards_blend,2026-10-07T10:47:48+00:00,2026-10-07T10:48:05+00:00
2026,5,401872986,2026-10-11,13:00,00-0040556,Corey Kiner,NE,LV,RB,receiving_yards,1.6,-17.1,33.5,,,eligible,eligible_current_role,backup,,3.0,direct_component_blend,20260908_1821_receiving_yards_blend,2026-10-07T10:47:48+00:00,2026-10-07T10:48:05+00:00
2026,5,401872986,2026-10-11,13:00,00-0040563,Efton Chism III,NE,LV,WR,rushing_yards,0.0,-10.8,15.0,,,eligible,eligible_current_role,backup,Active,4.0,direct_component_blend,20260908_1821_rushing_yards_blend,2026-10-07T10:47:48+00:00,2026-10-07T10:48:05+00:00
2026,5,401872986,2026-10-11,13:00,00-0040563,Efton Chism III,NE,LV,WR,receiving_yards,10.1,-7.0,38.9,,,eligible,eligible_current_role,backup,Active,4.0,direct_component_blend,20260908_1821_receiving_yards_blend,2026-10-07T10:47:48+00:00,2026-10-07T10:48:05+00:00
2026,5,401872986,2026-10-11,13:00,00-0040568,Lan Larison,NE,LV,RB,rushing_yards,10.1,-20.2,52.6,,,eligible,eligible_current_role,roster_only,,,direct_component_blend,20260908_1821_rushing_yards_blend,2026-10-07T10:47:48+00:00,2026-10-07T10:48:05+00:00
2026,5,401872986,2026-10-11,13:00,00-0040568,Lan Larison,NE,LV,RB,receiving_yards,2.0,-20.6,42.6,,,eligible,eligible_current_role,roster_only,,,direct_component_blend,20260908_1821_receiving_yards_blend,2026-10-07T10:47:48+00:00,2026-10-07T10:48:05+00:00
2026,5,401872986,2026-10-11,13:00,00-0040574,Elijah Ponder,NE,LV,LB,tackles,2.6,0.7,5.1,0.8787663142919994,0.6854499446443815,eligible,eligible_current_role,starter,,1.0,direct,20260908_1821_tackles_direct,2026-10-07T10:47:48+00:00,2026-10-07T10:48:05+00:00
2026,5,401872986,2026-10-11,13:00,00-0040641,Darien Porter,LV,NE,DB,tackles,3.5,0.9,7.1,0.9340936326106406,0.8187822284588058,eligible,eligible_current_role,backup,Active,2.0,direct,20260908_1821_tackles_direct,2026-10-07T10:47:48+00:00,2026-10-07T10:48:05+00:00
2026,5,401872986,2026-10-11,13:00,00-0040716,Craig Woodson,NE,LV,DB,tackles,4.4,1.7,7.9,0.9694319576109881,0.8961018902031374,eligible,eligible_current_role,starter,Active,1.0,direct,20260908_1821_tackles_direct,2026-10-07T10:47:48+00:00,2026-10-07T10:48:05+00:00
2026,5,401872986,2026-10-11,13:00,00-0040734,TreVeyon Henderson,NE,LV,RB,rushing_yards,56.0,34.0,86.9,,,eligible,eligible_current_role,backup,Active,2.0,direct_component_blend,20260908_1821_rushing_yards_blend,2026-10-07T10:47:48+00:00,2026-10-07T10:48:05+00:00
2026,5,401872986,2026-10-11,13:00,00-0040734,TreVeyon Henderson,NE,LV,RB,receiving_yards,9.5,-7.7,38.3,,,eligible,eligible_current_role,backup,Active,2.0,direct_component_blend,20260908_1821_receiving_yards_blend,2026-10-07T10:47:48+00:00,2026-10-07T10:48:05+00:00
2026,5,401872986,2026-10-11,13:00,00-0040868,Treydan Stukes,LV,NE,DB,tackles,3.0,0.2,6.9,0.9056777518037173,0.7519299972527839,eligible,eligible_current_role,starter,Active,1.0,direct,20260908_1821_tackles_direct,2026-10-07T10:47:48+00:00,2026-10-07T10:48:05+00:00
2026,5,401872986,2026-10-11,13:00,00-0040878,Mike Washington Jr.,LV,NE,RB,rushing_yards,14.0,-16.2,56.5,,,eligible,eligible_current_role,backup,Active,2.0,direct_component_blend,20260908_1821_rushing_yards_blend,2026-10-07T10:47:48+00:00,2026-10-07T10:48:05+00:00
2026,5,401872986,2026-10-11,13:00,00-0040878,Mike Washington Jr.,LV,NE,RB,receiving_yards,2.5,-20.1,43.1,,,eligible,eligible_current_role,backup,Active,2.0,direct_component_blend,20260908_1821_receiving_yards_blend,2026-10-07T10:47:48+00:00,2026-10-07T10:48:05+00:00
2026,5,401872986,2026-10-11,13:00,00-0040883,Dalton Johnson,LV,NE,DB,tackles,2.2,0.0,6.1,0.8272821085695258,0.5848259760150406,eligible,eligible_current_role,backup,,2.0,direct,20260908_1821_tackles_direct,2026-10-07T10:47:48+00:00,2026-10-07T10:48:05+00:00
2026,5,401872986,2026-10-11,13:00,00-0040889,Hezekiah Masses,LV,NE,DB,tackles,3.0,0.2,6.9,0.9056777518037173,0.7519299972527839,eligible,eligible_current_role,starter,Active,1.0,direct,20260908_1821_tackles_direct,2026-10-07T10:47:48+00:00,2026-10-07T10:48:05+00:00
2026,5,401872986,2026-10-11,13:00,00-0040894,Malik Benson,LV,NE,WR,rushing_yards,0.1,-14.7,20.7,,,eligible,eligible_current_role,backup,,5.0,direct_component_blend,20260908_1821_rushing_yards_blend,2026-10-07T10:47:48+00:00,2026-10-07T10:48:05+00:00
2026,5,401872986,2026-10-11,13:00,00-0040894,Malik Benson,LV,NE,WR,receiving_yards,6.1,-16.5,46.7,,,eligible,eligible_current_role,backup,,5.0,direct_component_blend,20260908_1821_receiving_yards_blend,2026-10-07T10:47:48+00:00,2026-10-07T10:48:05+00:00
2026,5,401872986,2026-10-11,13:00,00-0041004,Chase Roberts,LV,NE,WR,rushing_yards,0.1,-14.6,20.8,,,eligible,eligible_current_role,roster_only,,,direct_component_blend,20260908_1821_rushing_yards_blend,2026-10-07T10:47:48+00:00,2026-10-07T10:48:05+00:00
2026,5,401872986,2026-10-11,13:00,00-0041004,Chase Roberts,LV,NE,WR,receiving_yards,6.1,-16.6,46.6,,,eligible,eligible_current_role,roster_only,,,direct_component_blend,20260908_1821_receiving_yards_blend,2026-10-07T10:47:48+00:00,2026-10-07T10:48:05+00:00
2026,5,401872986,2026-10-11,13:00,00-0041088,Karon Prunty,NE,LV,DB,tackles,1.9,0.0,5.8,0.7777180288659551,0.5042579397831587,eligible,eligible_current_role,backup,,3.0,direct,20260908_1821_tackles_direct,2026-10-07T10:47:48+00:00,2026-10-07T10:48:05+00:00
2026,5,401872986,2026-10-11,13:00,00-0041109,Namdi Obiazor,NE,LV,LB,tackles,1.3,0.0,4.8,0.6041552878852381,0.31168320980056824,eligible,eligible_current_role,recent_defensive_participant,,,direct,20260908_1821_tackles_direct,2026-10-07T10:47:48+00:00,2026-10-07T10:48:05+00:00
2026,5,401872986,2026-10-11,13:00,00-0041123,Behren Morton,NE,LV,QB,rushing_yards,8.5,-9.0,33.2,,,eligible,eligible_current_role,backup,Active,3.0,direct_component_blend,20260908_1821_rushing_yards_blend,2026-10-07T10:47:48+00:00,2026-10-07T10:48:05+00:00
2026,5,401872986,2026-10-11,13:00,00-0041314,Tanner Arkin,NE,LV,TE,rushing_yards,0.0,-14.8,20.6,,,eligible,eligible_current_role,backup,Active,4.0,direct_component_blend,20260908_1821_rushing_yards_blend,2026-10-07T10:47:48+00:00,2026-10-07T10:48:05+00:00
2026,5,401872986,2026-10-11,13:00,00-0041314,Tanner Arkin,NE,LV,TE,receiving_yards,4.0,-18.7,44.5,,,eligible,eligible_current_role,backup,Active,4.0,direct_component_blend,20260908_1821_receiving_yards_blend,2026-10-07T10:47:48+00:00,2026-10-07T10:48:05+00:00
2026,5,401872986,2026-10-11,13:00,00-0041316,Channing Canada,NE,LV,DB,tackles,2.0,0.0,6.0,0.8015970878622127,0.540886688917479,eligible,questionable_flag,backup,Questionable,2.0,direct,20260908_1821_tackles_direct,2026-10-07T10:47:48+00:00,2026-10-07T10:48:05+00:00
2026,5,401872986,2026-10-11,13:00,00-0041395,Eli Raridon,NE,LV,TE,rushing_yards,0.0,-14.8,20.6,,,eligible,questionable_flag,backup,Questionable,2.0,direct_component_blend,20260908_1821_rushing_yards_blend,2026-10-07T10:47:48+00:00,2026-10-07T10:48:05+00:00
2026,5,401872986,2026-10-11,13:00,00-0041395,Eli Raridon,NE,LV,TE,receiving_yards,6.1,-16.6,46.7,,,eligible,questionable_flag,backup,Questionable,2.0,direct_component_blend,20260908_1821_receiving_yards_blend,2026-10-07T10:47:48+00:00,2026-10-07T10:48:05+00:00
2026,5,401872986,2026-10-11,13:00,00-0041455,Erick Hunter,NE,LV,LB,tackles,1.3,0.0,4.8,0.6041552878852381,0.31168320980056824,eligible,eligible_current_role,recent_defensive_participant,,,direct,20260908_1821_tackles_direct,2026-10-07T10:47:48+00:00,2026-10-07T10:48:05+00:00
2026,5,401872986,2026-10-11,13:00,00-0041562,Fernando Mendoza,LV,NE,QB,rushing_yards,8.8,-8.8,33.5,,,eligible,eligible_current_role,backup,Active,2.0,direct_component_blend,20260908_1821_rushing_yards_blend,2026-10-07T10:47:48+00:00,2026-10-07T10:48:05+00:00
2026,5,401872986,2026-10-11,13:00,00-0041563,Jermod McCoy,LV,NE,DB,tackles,2.2,0.0,6.1,0.8272821085695258,0.5848259760150406,eligible,eligible_current_role,backup,,2.0,direct,20260908_1821_tackles_direct,2026-10-07T10:47:48+00:00,2026-10-07T10:48:05+00:00
2026,5,401872986,2026-10-11,13:00,00-0041569,Gabe Jacas,NE,LV,LB,tackles,1.6,0.0,5.1,0.7521050991502755,0.4725253260672595,eligible,eligible_current_role,backup,,2.0,direct,20260908_1821_tackles_direct,2026-10-07T10:47:48+00:00,2026-10-07T10:48:05+00:00
2026,5,401872987,2026-10-11,12:00,00-0027962,Cameron Jordan,NO,MIN,LB,tackles,2.1,0.2,4.6,0.8202235542753864,0.5724137660484742,eligible,eligible_current_role,starter,,1.0,direct,20260908_1821_tackles_direct,2026-10-07T10:47:48+00:00,2026-10-07T10:48:05+00:00
2026,5,401872987,2026-10-11,12:00,00-0029606,Harrison Smith,MIN,NO,DB,tackles,4.8,2.1,8.2,0.977964300574877,0.9190117253555218,eligible,eligible_current_role,starter,,1.0,direct,20260908_1821_tackles_direct,2026-10-07T10:47:48+00:00,2026-10-07T10:48:05+00:00
2026,5,401872987,2026-10-11,12:00,00-0030035,Adam Thielen,MIN,NO,WR,rushing_yards,0.0,-10.8,15.0,,,eligible,eligible_current_role,roster_only,,,direct_component_blend,20260908_1821_rushing_yards_blend,2026-10-07T10:47:48+00:00,2026-10-07T10:48:05+00:00
2026,5,401872987,2026-10-11,12:00,00-0030035,Adam Thielen,MIN,NO,WR,receiving_yards,23.1,6.0,51.9,,,eligible,eligible_current_role,roster_only,,,direct_component_blend,20260908_1821_receiving_yards_blend,2026-10-07T10:47:48+00:00,2026-10-07T10:48:05+00:00
2026,5,401872987,2026-10-11,12:00,00-0031360,Kyle Van Noy,MIN,NO,LB,tackles,1.7,0.0,4.1,0.7570363774430053,0.4784011167091784,eligible,eligible_current_role,backup,Active,2.0,direct,20260908_1821_tackles_direct,2026-10-07T10:47:48+00:00,2026-10-07T10:48:05+00:00
2026,5,401872987,2026-10-11,12:00,00-0032918,C.J. Ham,MIN,NO,RB,rushing_yards,1.1,-9.6,16.1,,,eligible,eligible_current_role,roster_only,,,direct_component_blend,20260908_1821_rushing_yards_blend,2026-10-07T10:47:48+00:00,2026-10-07T10:48:05+00:00
2026,5,401872987,2026-10-11,12:00,00-0032918,C.J. Ham,MIN,NO,RB,receiving_yards,4.9,-12.3,33.7,,,eligible,eligible_current_role,roster_only,,,direct_component_blend,20260908_1821_receiving_yards_blend,2026-10-07T10:47:48+00:00,2026-10-07T10:48:05+00:00
2026,5,401872987,2026-10-11,12:00,00-0032950,Carson Wentz,MIN,NO,QB,rushing_yards,8.1,-4.7,26.0,,,eligible,eligible_current_role,backup,,2.0,direct_component_blend,20260908_1821_rushing_yards_blend,2026-10-07T10:47:48+00:00,2026-10-07T10:48:05+00:00
2026,5,401872987,2026-10-11,12:00,00-0033293,Aaron Jones,MIN,NO,RB,rushing_yards,55.2,33.2,86.1,,,eligible,eligible_current_role,starter,Active,1.0,direct_component_blend,20260908_1821_rushing_yards_blend,2026-10-07T10:47:48+00:00,2026-10-07T10:48:05+00:00
2026,5,401872987,2026-10-11,12:00,00-0033293,Aaron Jones,MIN,NO,RB,receiving_yards,16.9,-0.2,45.8,,,eligible,eligible_current_role,starter,Active,1.0,direct_component_blend,20260908_1821_receiving_yards_blend,2026-10-07T10:47:48+00:00,2026-10-07T10:48:05+00:00
2026,5,401872987,2026-10-11,12:00,00-0033336,Eric Wilson,MIN,NO,LB,tackles,5.6,2.6,9.6,0.9822212063809919,0.9489779510015016,eligible,eligible_current_role,recent_defensive_participant,Active,,direct,20260908_1821_tackles_direct,2026-10-07T10:47:48+00:00,2026-10-07T10:48:05+00:00
2026,5,401872987,2026-10-11,12:00,00-0033860,Davon Godchaux,NO,MIN,DL,tackles,1.9,0.0,4.4,0.7771845282377472,0.5035649048893245,eligible,questionable_flag,backup,Questionable,2.0,direct,20260908_1821_tackles_direct,2026-10-07T10:47:48+00:00,2026-10-07T10:48:05+00:00
2026,5,401872987,2026-10-11,12:00,00-0033906,Alvin Kamara,NO,MIN,RB,rushing_yards,37.8,15.8,68.7,,,eligible,eligible_current_role,starter,Active,1.0,direct_component_blend,20260908_1821_rushing_yards_blend,2026-10-07T10:47:48+00:00,2026-10-07T10:48:05+00:00
2026,5,401872987,2026-10-11,12:00,00-0033906,Alvin Kamara,NO,MIN,RB,receiving_yards,15.4,-1.8,44.2,,,eligible,eligible_current_role,starter,Active,1.0,direct_component_blend,20260908_1821_receiving_yards_blend,2026-10-07T10:47:48+00:00,2026-10-07T10:48:05+00:00
2026,5,401872987,2026-10-11,12:00,00-0034161,Daniel Carlson,NO,MIN,K,kicking_points,7.3,2.6,12.7,,,eligible,eligible_current_role,starter,Active,1.0,component,20260908_1821_kicking_points_component,2026-10-07T10:47:48+00:00,2026-10-07T10:48:05+00:00
2026,5,401872987,2026-10-11,12:00,00-0034361,Justin Reid,NO,MIN,DB,tackles,5.4,3.2,8.1,0.9818389343575584,0.9450531296844846,eligible,eligible_current_role,starter,,1.0,direct,20260908_1821_tackles_direct,2026-10-07T10:47:48+00:00,2026-10-07T10:48:05+00:00
2026,5,401872987,2026-10-11,12:00,00-0034760,Nathan Shepherd,NO,MIN,DL,tackles,2.4,0.5,4.9,0.8569136039278763,0.6402810821936882,eligible,eligible_current_role,starter,,1.0,direct,20260908_1821_tackles_direct,2026-10-07T10:47:48+00:00,2026-10-07T10:48:05+00:00
2026,5,401872987,2026-10-11,12:00,00-0035228,Kyler Murray,MIN,NO,QB,passing_yards,199.8,106.3,306.0,,,eligible,eligible_current_role,starter,Active,1.0,direct_component_blend,20260908_1821_passing_yards_blend,2026-10-07T10:47:48+00:00,2026-10-07T10:48:05+00:00
2026,5,401872987,2026-10-11,12:00,00-0035228,Kyler Murray,MIN,NO,QB,passing_tds,1.464,,,0.8049529834350585,0.46863171866658154,eligible,eligible_current_role,starter,Active,1.0,direct_component_blend,20260908_1821_passing_tds_blend,2026-10-07T10:47:48+00:00,2026-10-07T10:48:05+00:00
2026,5,401872987,2026-10-11,12:00,00-0035228,Kyler Murray,MIN,NO,QB,rushing_yards,22.5,9.8,40.5,,,eligible,eligible_current_role,starter,Active,1.0,direct_component_blend,20260908_1821_rushing_yards_blend,2026-10-07T10:47:48+00:00,2026-10-07T10:48:05+00:00
2026,5,401872987,2026-10-11,12:00,00-0035229,T.J. Hockenson,MIN,NO,TE,rushing_yards,0.0,-10.7,15.0,,,eligible,eligible_current_role,starter,Active,1.0,direct_component_blend,20260908_1821_rushing_yards_blend,2026-10-07T10:47:48+00:00,2026-10-07T10:48:05+00:00
2026,5,401872987,2026-10-11,12:00,00-0035229,T.J. Hockenson,MIN,NO,TE,receiving_yards,33.9,16.7,62.7,,,eligible,eligible_current_role,starter,Active,1.0,direct_component_blend,20260908_1821_receiving_yards_blend,2026-10-07T10:47:48+00:00,2026-10-07T10:48:05+00:00
2026,5,401872987,2026-10-11,12:00,00-0035236,Byron Murphy,MIN,NO,DB,tackles,3.8,1.1,7.3,0.9447592400116657,0.8388114012400362,eligible,eligible_current_role,starter,,1.0,direct,20260908_1821_tackles_direct,2026-10-07T10:47:48+00:00,2026-10-07T10:48:05+00:00
2026,5,401872987,2026-10-11,12:00,00-0035272,Andrew Van Ginkel,MIN,NO,LB,tackles,4.6,1.6,8.6,0.9744920582322121,0.9094704238164918,eligible,eligible_current_role,starter,,1.0,direct,20260908_1821_tackles_direct,2026-10-07T10:47:48+00:00,2026-10-07T10:48:05+00:00
2026,5,401872987,2026-10-11,12:00,00-0035276,Blake Cashman,MIN,NO,LB,tackles,6.6,3.6,10.6,0.983495145631068,0.9631067961165048,eligible,eligible_current_role,recent_defensive_participant,Active,,direct,20260908_1821_tackles_direct,2026-10-07T10:47:48+00:00,2026-10-07T10:48:05+00:00
2026,5,401872987,2026-10-11,12:00,00-0035316,Kaden Elliss,NO,MIN,LB,tackles,5.8,2.9,9.8,0.9828383522602303,0.9555359876647543,eligible,questionable_flag,recent_defensive_participant,Questionable,,direct,20260908_1821_tackles_direct,2026-10-07T10:47:48+00:00,2026-10-07T10:48:05+00:00
2026,5,401872987,2026-10-11,12:00,00-0035402,Carl Granderson,NO,MIN,LB,tackles,2.4,0.5,4.9,0.8593952464271644,0.6451955964796723,eligible,questionable_flag,starter,Questionable,1.0,direct,20260908_1821_tackles_direct,2026-10-07T10:47:48+00:00,2026-10-07T10:48:05+00:00
2026,5,401872987,2026-10-11,12:00,00-0035644,Noah Fant,NO,MIN,TE,rushing_yards,0.0,-10.8,14.9,,,eligible,questionable_flag,backup,Questionable,2.0,direct_component_blend,20260908_1821_rushing_yards_blend,2026-10-07T10:47:48+00:00,2026-10-07T10:48:05+00:00
2026,5,401872987,2026-10-11,12:00,00-0035644,Noah Fant,NO,MIN,TE,receiving_yards,10.0,-7.1,38.8,,,eligible,questionable_flag,backup,Questionable,2.0,direct_component_blend,20260908_1821_receiving_yards_blend,2026-10-07T10:47:48+00:00,2026-10-07T10:48:05+00:00
2026,5,401872987,2026-10-11,12:00,00-0035795,James Pierre,MIN,NO,DB,tackles,4.3,1.6,7.8,0.9662707301702739,0.8880258236082482,eligible,eligible_current_role,starter,,1.0,direct,20260908_1821_tackles_direct,2026-10-07T10:47:48+00:00,2026-10-07T10:48:05+00:00
2026,5,401872987,2026-10-11,12:00,00-0036040,Juwan Johnson,NO,MIN,TE,rushing_yards,0.0,-10.8,15.0,,,eligible,eligible_current_role,starter,Active,1.0,direct_component_blend,20260908_1821_rushing_yards_blend,2026-10-07T10:47:48+00:00,2026-10-07T10:48:05+00:00
2026,5,401872987,2026-10-11,12:00,00-0036040,Juwan Johnson,NO,MIN,TE,receiving_yards,34.0,14.3,68.2,,,eligible,eligible_current_role,starter,Active,1.0,direct_component_blend,20260908_1821_receiving_yards_blend,2026-10-07T10:47:48+00:00,2026-10-07T10:48:05+00:00
2026,5,401872987,2026-10-11,12:00,00-0036193,Anfernee Jennings,NO,MIN,LB,tackles,2.5,0.6,5.0,0.8665949427789456,0.6597514700745096,eligible,questionable_flag,backup,Questionable,2.0,direct,20260908_1821_tackles_direct,2026-10-07T10:47:48+00:00,2026-10-07T10:48:05+00:00
2026,5,401872987,2026-10-11,12:00,00-0036222,Isaiah Rodgers,MIN,NO,DB,tackles,3.9,1.2,7.4,0.948846030012484,0.8468651866828243,eligible,eligible_current_role,starter,Active,1.0,direct,20260908_1821_tackles_direct,2026-10-07T10:47:48+00:00,2026-10-07T10:48:05+00:00
2026,5,401872987,2026-10-11,12:00,00-0036253,Julian Blackmon,NO,MIN,DB,tackles,4.6,1.9,8.1,0.9744049259153804,0.9092351243993834,eligible,eligible_current_role,starter,Active,1.0,direct,20260908_1821_tackles_direct,2026-10-07T10:47:48+00:00,2026-10-07T10:48:05+00:00
2026,5,401872987,2026-10-11,12:00,00-0036259,Jauan Jennings,MIN,NO,WR,rushing_yards,0.0,-10.8,15.0,,,eligible,eligible_current_role,backup,Active,3.0,direct_component_blend,20260908_1821_rushing_yards_blend,2026-10-07T10:47:48+00:00,2026-10-07T10:48:05+00:00
2026,5,401872987,2026-10-11,12:00,00-0036259,Jauan Jennings,MIN,NO,WR,receiving_yards,26.6,-0.1,75.7,,,eligible,eligible_current_role,backup,Active,3.0,direct_component_blend,20260908_1821_receiving_yards_blend,2026-10-07T10:47:48+00:00,2026-10-07T10:48:05+00:00
2026,5,401872987,2026-10-11,12:00,00-0036321,Chase Young,NO,MIN,LB,tackles,2.6,0.7,5.1,0.8776945309652657,0.683127988992593,eligible,eligible_current_role,starter,,1.0,direct,20260908_1821_tackles_direct,2026-10-07T10:47:48+00:00,2026-10-07T10:48:05+00:00
2026,5,401872987,2026-10-11,12:00,00-0036322,Justin Jefferson,MIN,NO,WR,rushing_yards,0.0,-10.8,14.9,,,eligible,questionable_flag,starter,Questionable,1.0,direct_component_blend,20260908_1821_rushing_yards_blend,2026-10-07T10:47:48+00:00,2026-10-07T10:48:05+00:00
2026,5,401872987,2026-10-11,12:00,00-0036322,Justin Jefferson,MIN,NO,WR,receiving_yards,61.4,34.8,110.6,,,eligible,questionable_flag,starter,Questionable,1.0,direct_component_blend,20260908_1821_receiving_yards_blend,2026-10-07T10:47:48+00:00,2026-10-07T10:48:05+00:00
2026,5,401872987,2026-10-11,12:00,00-0036348,Josh Metellus,MIN,NO,DB,tackles,5.7,3.0,9.2,0.9825994828468282,0.952961755635643,eligible,eligible_current_role,starter,Active,1.0,direct,20260908_1821_tackles_direct,2026-10-07T10:47:48+00:00,2026-10-07T10:48:05+00:00
2026,5,401872987,2026-10-11,12:00,00-0036425,DeeJay Dallas,MIN,NO,RB,rushing_yards,8.4,-2.3,23.4,,,eligible,eligible_current_role,backup,,2.0,direct_component_blend,20260908_1821_rushing_yards_blend,2026-10-07T10:47:48+00:00,2026-10-07T10:48:05+00:00
2026,5,401872987,2026-10-11,12:00,00-0036425,DeeJay Dallas,MIN,NO,RB,receiving_yards,1.6,-15.5,30.4,,,eligible,eligible_current_role,backup,,2.0,direct_component_blend,20260908_1821_receiving_yards_blend,2026-10-07T10:47:48+00:00,2026-10-07T10:48:05+00:00
2026,5,401872987,2026-10-11,12:00,00-0036867,Chris Rumph II,NO,MIN,LB,tackles,1.7,0.0,4.1,0.7558882758076806,0.47702361994769893,eligible,eligible_current_role,backup,,3.0,direct,20260908_1821_tackles_direct,2026-10-07T10:47:48+00:00,2026-10-07T10:48:05+00:00
2026,5,401872987,2026-10-11,12:00,00-0036927,Pete Werner,NO,MIN,LB,tackles,3.5,1.5,5.9,0.9324059636902532,0.8157281180632063,eligible,eligible_current_role,recent_defensive_participant,Active,,direct,20260908_1821_tackles_direct,2026-10-07T10:47:48+00:00,2026-10-07T10:48:05+00:00
2026,5,401872987,2026-10-11,12:00,00-0037013,Zach Wilson,NO,MIN,QB,rushing_yards,5.5,-5.2,20.5,,,eligible,eligible_current_role,backup,Active,3.0,direct_component_blend,20260908_1821_rushing_yards_blend,2026-10-07T10:47:48+00:00,2026-10-07T10:48:05+00:00
2026,5,401872987,2026-10-11,12:00,00-0037231,Kevin Austin Jr.,NO,MIN,WR,rushing_yards,0.0,-10.8,15.0,,,eligible,eligible_current_role,backup,Active,4.0,direct_component_blend,20260908_1821_rushing_yards_blend,2026-10-07T10:47:48+00:00,2026-10-07T10:48:05+00:00
2026,5,401872987,2026-10-11,12:00,00-0037231,Kevin Austin Jr.,NO,MIN,WR,receiving_yards,23.2,-3.5,72.4,,,eligible,eligible_current_role,backup,Active,4.0,direct_component_blend,20260908_1821_receiving_yards_blend,2026-10-07T10:47:48+00:00,2026-10-07T10:48:05+00:00
2026,5,401872987,2026-10-11,12:00,00-0037239,Chris Olave,NO,MIN,WR,rushing_yards,0.0,-10.7,15.0,,,eligible,eligible_current_role,starter,Active,1.0,direct_component_blend,20260908_1821_rushing_yards_blend,2026-10-07T10:47:48+00:00,2026-10-07T10:48:05+00:00
2026,5,401872987,2026-10-11,12:00,00-0037239,Chris Olave,NO,MIN,WR,receiving_yards,73.7,47.1,122.9,,,eligible,eligible_current_role,starter,Active,1.0,direct_component_blend,20260908_1821_receiving_yards_blend,2026-10-07T10:47:48+00:00,2026-10-07T10:48:05+00:00
2026,5,401872987,2026-10-11,12:00,00-0037250,Martin Emerson,NO,MIN,DB,tackles,3.0,0.4,6.5,0.9038446481467889,0.7468989696850528,eligible,eligible_current_role,backup,Active,2.0,direct,20260908_1821_tackles_direct,2026-10-07T10:47:48+00:00,2026-10-07T10:48:05+00:00
2026,5,401872987,2026-10-11,12:00,00-0037283,John Ridgeway,NO,MIN,DL,tackles,1.4,0.0,3.9,0.6740021133055979,0.3818839629345405,eligible,eligible_current_role,backup,,3.0,direct,20260908_1821_tackles_direct,2026-10-07T10:47:48+00:00,2026-10-07T10:48:05+00:00
2026,5,401872987,2026-10-11,12:00,00-0037301,Theo Jackson,MIN,NO,DB,tackles,2.8,0.7,5.6,0.8912577703246007,0.713777270271277,eligible,eligible_current_role,backup,,2.0,direct,20260908_1821_tackles_direct,2026-10-07T10:47:48+00:00,2026-10-07T10:48:05+00:00
2026,5,401872987,2026-10-11,12:00,00-0038387,Colby Wooden,NO,MIN,DL,tackles,2.5,0.5,5.0,0.8653002286970629,0.6571002580094899,eligible,eligible_current_role,backup,,2.0,direct,20260908_1821_tackles_direct,2026-10-07T10:47:48+00:00,2026-10-07T10:48:05+00:00
2026,5,401872987,2026-10-11,12:00,00-0038541,Tyree Wilson,NO,MIN,LB,tackles,2.1,0.2,4.6,0.8140139125670873,0.5617109699929375,eligible,eligible_current_role,backup,,2.0,direct,20260908_1821_tackles_direct,2026-10-07T10:47:48+00:00,2026-10-07T10:48:05+00:00
2026,5,401872987,2026-10-11,12:00,00-0038551,Kendre Miller,NO,MIN,RB,rushing_yards,17.1,-4.9,48.1,,,eligible,eligible_current_role,backup,Active,2.0,direct_component_blend,20260908_1821_rushing_yards_blend,2026-10-07T10:47:48+00:00,2026-10-07T10:48:05+00:00
2026,5,401872987,2026-10-11,12:00,00-0038551,Kendre Miller,NO,MIN,RB,receiving_yards,2.6,-14.6,31.4,,,eligible,eligible_current_role,backup,Active,2.0,direct_component_blend,20260908_1821_receiving_yards_blend,2026-10-07T10:47:48+00:00,2026-10-07T10:48:05+00:00
2026,5,401872987,2026-10-11,12:00,00-0038578,Jay Ward,MIN,NO,DB,tackles,2.6,0.5,5.4,0.8762447467928145,0.6800059531290308,eligible,eligible_current_role,backup,,2.0,direct,20260908_1821_tackles_direct,2026-10-07T10:47:48+00:00,2026-10-07T10:48:05+00:00
2026,5,401872987,2026-10-11,12:00,00-0038588,Jordan Howden,NO,MIN,DB,tackles,1.4,0.0,5.0,0.6674808797939338,0.37492549727986857,eligible,eligible_current_role,backup,,2.0,direct,20260908_1821_tackles_direct,2026-10-07T10:47:48+00:00,2026-10-07T10:48:05+00:00
2026,5,401872987,2026-10-11,12:00,00-0038740,Jalen Cropper,NO,MIN,WR,rushing_yards,0.1,-11.7,16.6,,,eligible,eligible_current_role,roster_only,,,direct_component_blend,20260908_1821_rushing_yards_blend,2026-10-07T10:47:48+00:00,2026-10-07T10:48:05+00:00
2026,5,401872987,2026-10-11,12:00,00-0038740,Jalen Cropper,NO,MIN,WR,receiving_yards,2.7,-16.0,34.6,,,eligible,eligible_current_role,roster_only,,,direct_component_blend,20260908_1821_receiving_yards_blend,2026-10-07T10:47:48+00:00,2026-10-07T10:48:05+00:00
2026,5,401872987,2026-10-11,12:00,00-0038778,Jalen Redmond,MIN,NO,DL,tackles,2.9,0.8,5.7,0.8996958359955151,0.7357163886535842,eligible,eligible_current_role,starter,,1.0,direct,20260908_1821_tackles_direct,2026-10-07T10:47:48+00:00,2026-10-07T10:48:05+00:00
2026,5,401872987,2026-10-11,12:00,00-0038807,Ivan Pace Jr.,MIN,NO,LB,tackles,1.1,0.0,3.5,0.5544189349234153,0.26489888321056293,eligible,eligible_current_role,recent_defensive_participant,Active,,direct,20260908_1821_tackles_direct,2026-10-07T10:47:48+00:00,2026-10-07T10:48:05+00:00
2026,5,401872987,2026-10-11,12:00,00-0038994,Jordan Addison,MIN,NO,WR,rushing_yards,2.5,-8.2,17.6,,,eligible,eligible_current_role,backup,Active,2.0,direct_component_blend,20260908_1821_rushing_yards_blend,2026-10-07T10:47:48+00:00,2026-10-07T10:48:05+00:00
2026,5,401872987,2026-10-11,12:00,00-0038994,Jordan Addison,MIN,NO,WR,receiving_yards,31.0,13.8,59.8,,,eligible,eligible_current_role,backup,Active,2.0,direct_component_blend,20260908_1821_receiving_yards_blend,2026-10-07T10:47:48+00:00,2026-10-07T10:48:05+00:00
2026,5,401872987,2026-10-11,12:00,00-0039357,Decamerion Richardson,NO,MIN,DB,tackles,0.6,0.0,3.1,0.39088263821532493,0.11445198836081474,eligible,eligible_current_role,backup,Active,3.0,direct,20260908_1821_tackles_direct,2026-10-07T10:47:48+00:00,2026-10-07T10:48:05+00:00
2026,5,401872987,2026-10-11,12:00,00-0039376,Spencer Rattler,NO,MIN,QB,rushing_yards,10.5,-0.2,25.5,,,eligible,eligible_current_role,backup,,2.0,direct_component_blend,20260908_1821_rushing_yards_blend,2026-10-07T10:47:48+00:00,2026-10-07T10:48:05+00:00
2026,5,401872987,2026-10-11,12:00,00-0039401,Khristian Boyd,NO,MIN,DL,tackles,1.1,0.0,3.6,0.5618974704485785,0.2718193953171927,eligible,eligible_current_role,backup,,4.0,direct,20260908_1821_tackles_direct,2026-10-07T10:47:48+00:00,2026-10-07T10:48:05+00:00
2026,5,401872987,2026-10-11,12:00,00-0039404,Will Reichard,MIN,NO,K,kicking_points,6.7,2.2,12.0,,,eligible,eligible_current_role,starter,Active,1.0,component,20260908_1821_kicking_points_component,2026-10-07T10:47:48+00:00,2026-10-07T10:48:05+00:00
2026,5,401872987,2026-10-11,12:00,00-0039421,Levi Drake Rodriguez,MIN,NO,DL,tackles,2.4,0.4,4.9,0.854405307534289,0.6353651264580643,eligible,eligible_current_role,starter,,1.0,direct,20260908_1821_tackles_direct,2026-10-07T10:47:48+00:00,2026-10-07T10:48:05+00:00
2026,5,401872987,2026-10-11,12:00,00-0039424,Devaughn Vele,NO,MIN,WR,rushing_yards,0.0,-10.8,15.0,,,eligible,eligible_current_role,backup,Active,2.0,direct_component_blend,20260908_1821_rushing_yards_blend,2026-10-07T10:47:48+00:00,2026-10-07T10:48:05+00:00
2026,5,401872987,2026-10-11,12:00,00-0039424,Devaughn Vele,NO,MIN,WR,receiving_yards,32.2,5.5,81.3,,,eligible,eligible_current_role,backup,Active,2.0,direct_component_blend,20260908_1821_receiving_yards_blend,2026-10-07T10:47:48+00:00,2026-10-07T10:48:05+00:00
2026,5,401872987,2026-10-11,12:00,00-0039518,Treyton Welch,NO,MIN,TE,rushing_yards,0.0,-14.8,20.6,,,eligible,eligible_current_role,backup,,4.0,direct_component_blend,20260908_1821_rushing_yards_blend,2026-10-07T10:47:48+00:00,2026-10-07T10:48:05+00:00
2026,5,401872987,2026-10-11,12:00,00-0039518,Treyton Welch,NO,MIN,TE,receiving_yards,3.2,-19.4,43.8,,,eligible,eligible_current_role,backup,,4.0,direct_component_blend,20260908_1821_receiving_yards_blend,2026-10-07T10:47:48+00:00,2026-10-07T10:48:05+00:00
2026,5,401872987,2026-10-11,12:00,00-0039718,Bo Richter,MIN,NO,LB,tackles,0.8,0.0,3.2,0.426549834867555,0.15739347227875988,eligible,eligible_current_role,backup,,3.0,direct,20260908_1821_tackles_direct,2026-10-07T10:47:48+00:00,2026-10-07T10:48:05+00:00
2026,5,401872987,2026-10-11,12:00,00-0039725,Jayden Price,NO,MIN,DB,tackles,1.1,0.0,5.0,0.5582729848752235,0.2684440387508913,eligible,eligible_current_role,backup,,3.0,direct,20260908_1821_tackles_direct,2026-10-07T10:47:48+00:00,2026-10-07T10:48:05+00:00
2026,5,401872987,2026-10-11,12:00,00-0039860,Kool-Aid McKinstry,NO,MIN,DB,tackles,4.1,1.4,7.6,0.9572115536764314,0.8658526614436246,eligible,eligible_current_role,starter,,1.0,direct,20260908_1821_tackles_direct,2026-10-07T10:47:48+00:00,2026-10-07T10:48:05+00:00
2026,5,401872987,2026-10-11,12:00,00-0039907,Ja'Lynn Polk,NO,MIN,WR,rushing_yards,0.1,-10.6,15.1,,,eligible,eligible_current_role,roster_only,,,direct_component_blend,20260908_1821_rushing_yards_blend,2026-10-07T10:47:48+00:00,2026-10-07T10:48:05+00:00
2026,5,401872987,2026-10-11,12:00,00-0039907,Ja'Lynn Polk,NO,MIN,WR,receiving_yards,8.1,-9.0,36.9,,,eligible,eligible_current_role,roster_only,,,direct_component_blend,20260908_1821_receiving_yards_blend,2026-10-07T10:47:48+00:00,2026-10-07T10:48:05+00:00
2026,5,401872987,2026-10-11,12:00,00-0039924,Dallas Turner,MIN,NO,LB,tackles,3.1,0.2,7.1,0.9100860147842136,0.7642698916547779,eligible,eligible_current_role,starter,,1.0,direct,20260908_1821_tackles_direct,2026-10-07T10:47:48+00:00,2026-10-07T10:48:05+00:00
2026,5,401872987,2026-10-11,12:00,00-0040154,Tai Felton,MIN,NO,WR,rushing_yards,0.0,-10.8,15.0,,,eligible,eligible_current_role,backup,,4.0,direct_component_blend,20260908_1821_rushing_yards_blend,2026-10-07T10:47:48+00:00,2026-10-07T10:48:05+00:00
2026,5,401872987,2026-10-11,12:00,00-0040154,Tai Felton,MIN,NO,WR,receiving_yards,1.4,-15.7,30.2,,,eligible,eligible_current_role,backup,,4.0,direct_component_blend,20260908_1821_receiving_yards_blend,2026-10-07T10:47:48+00:00,2026-10-07T10:48:05+00:00
2026,5,401872987,2026-10-11,12:00,00-0040155,Danny Stutsman,NO,MIN,LB,tackles,3.0,1.0,5.4,0.9037634072926432,0.7466773106752908,eligible,eligible_current_role,recent_defensive_participant,,,direct,20260908_1821_tackles_direct,2026-10-07T10:47:48+00:00,2026-10-07T10:48:05+00:00
2026,5,401872987,2026-10-11,12:00,00-0040166,Quincy Riley,NO,MIN,DB,tackles,2.8,0.2,6.3,0.8902878470786801,0.7113197128729678,eligible,eligible_current_role,starter,,1.0,direct,20260908_1821_tackles_direct,2026-10-07T10:47:48+00:00,2026-10-07T10:48:05+00:00
2026,5,401872987,2026-10-11,12:00,00-0040173,Tyrion Ingram-Dawkins,MIN,NO,DL,tackles,0.9,0.0,3.3,0.472731750983791,0.2008327134634883,eligible,eligible_current_role,backup,,2.0,direct,20260908_1821_tackles_direct,2026-10-07T10:47:48+00:00,2026-10-07T10:48:05+00:00
2026,5,401872987,2026-10-11,12:00,00-0040202,Devin Neal,MIN,NO,RB,rushing_yards,22.7,0.7,53.6,,,eligible,eligible_current_role,roster_only,,,direct_component_blend,20260908_1821_rushing_yards_blend,2026-10-07T10:47:48+00:00,2026-10-07T10:48:05+00:00
2026,5,401872987,2026-10-11,12:00,00-0040202,Devin Neal,MIN,NO,RB,receiving_yards,5.7,-11.4,34.5,,,eligible,eligible_current_role,roster_only,,,direct_component_blend,20260908_1821_receiving_yards_blend,2026-10-07T10:47:48+00:00,2026-10-07T10:48:05+00:00
2026,5,401872987,2026-10-11,12:00,00-0040215,Gavin Bartholomew,MIN,NO,TE,rushing_yards,0.0,-14.8,20.6,,,eligible,eligible_current_role,backup,,2.0,direct_component_blend,20260908_1821_rushing_yards_blend,2026-10-07T10:47:48+00:00,2026-10-07T10:48:05+00:00
2026,5,401872987,2026-10-11,12:00,00-0040215,Gavin Bartholomew,MIN,NO,TE,receiving_yards,7.9,-14.7,48.5,,,eligible,eligible_current_role,backup,,2.0,direct_component_blend,20260908_1821_receiving_yards_blend,2026-10-07T10:47:48+00:00,2026-10-07T10:48:05+00:00
2026,5,401872987,2026-10-11,12:00,00-0040293,Michael Reid,NO,MIN,DB,tackles,1.4,0.0,5.3,0.6659928544325003,0.3733499983395033,eligible,eligible_current_role,backup,,2.0,direct,20260908_1821_tackles_direct,2026-10-07T10:47:48+00:00,2026-10-07T10:48:05+00:00
2026,5,401872987,2026-10-11,12:00,00-0040494,Max Brosmer,MIN,NO,QB,rushing_yards,3.1,-7.6,18.2,,,eligible,eligible_current_role,backup,Active,3.0,direct_component_blend,20260908_1821_rushing_yards_blend,2026-10-07T10:47:48+00:00,2026-10-07T10:48:05+00:00
2026,5,401872987,2026-10-11,12:00,00-0040496,Chaz Chambliss,MIN,NO,LB,tackles,0.7,0.0,3.2,0.4051171720818279,0.13063492492910203,eligible,eligible_current_role,backup,,2.0,direct,20260908_1821_tackles_direct,2026-10-07T10:47:48+00:00,2026-10-07T10:48:05+00:00
2026,5,401872987,2026-10-11,12:00,00-0040504,Bryson Nesbit,MIN,NO,TE,rushing_yards,0.0,-14.8,20.6,,,eligible,eligible_current_role,roster_only,,,direct_component_blend,20260908_1821_rushing_yards_blend,2026-10-07T10:47:48+00:00,2026-10-07T10:48:05+00:00
2026,5,401872987,2026-10-11,12:00,00-0040504,Bryson Nesbit,MIN,NO,TE,receiving_yards,5.4,-17.3,46.0,,,eligible,eligible_current_role,roster_only,,,direct_component_blend,20260908_1821_receiving_yards_blend,2026-10-07T10:47:48+00:00,2026-10-07T10:48:05+00:00
2026,5,401872987,2026-10-11,12:00,00-0040506,Myles Price,MIN,NO,WR,rushing_yards,0.3,-10.4,15.3,,,eligible,eligible_current_role,backup,,5.0,direct_component_blend,20260908_1821_rushing_yards_blend,2026-10-07T10:47:48+00:00,2026-10-07T10:48:05+00:00
2026,5,401872987,2026-10-11,12:00,00-0040506,Myles Price,MIN,NO,WR,receiving_yards,0.5,-16.6,29.3,,,eligible,eligible_current_role,backup,,5.0,direct_component_blend,20260908_1821_receiving_yards_blend,2026-10-07T10:47:48+00:00,2026-10-07T10:48:05+00:00
2026,5,401872987,2026-10-11,12:00,00-0040507,Zemaiah Vaughn,MIN,NO,DB,tackles,1.4,0.0,5.3,0.6548334406026375,0.36167771335285626,eligible,eligible_current_role,backup,Active,2.0,direct,20260908_1821_tackles_direct,2026-10-07T10:47:48+00:00,2026-10-07T10:48:05+00:00
2026,5,401872987,2026-10-11,12:00,00-0040624,Elijah Williams,MIN,NO,DL,tackles,0.8,0.0,3.3,0.44129544490541217,0.1772610125109365,eligible,eligible_current_role,backup,Active,2.0,direct,20260908_1821_tackles_direct,2026-10-07T10:47:48+00:00,2026-10-07T10:48:05+00:00
2026,5,401872987,2026-10-11,12:00,00-0040642,Vernon Broughton,NO,MIN,DL,tackles,2.2,0.2,5.0,0.8371641891035553,0.6026660768167384,eligible,eligible_current_role,starter,,1.0,direct,20260908_1821_tackles_direct,2026-10-07T10:47:48+00:00,2026-10-07T10:48:05+00:00
2026,5,401872987,2026-10-11,12:00,00-0040643,Jonas Sanker,NO,MIN,DB,tackles,5.0,2.3,8.4,0.9801959504861475,0.929083426879635,eligible,eligible_current_role,starter,,1.0,direct,20260908_1821_tackles_direct,2026-10-07T10:47:48+00:00,2026-10-07T10:48:05+00:00
2026,5,401872987,2026-10-11,12:00,00-0040743,Tyler Shough,NO,MIN,QB,passing_yards,204.3,110.8,310.5,,,eligible,eligible_current_role,starter,Active,1.0,direct_component_blend,20260908_1821_passing_yards_blend,2026-10-07T10:47:48+00:00,2026-10-07T10:48:05+00:00
2026,5,401872987,2026-10-11,12:00,00-0040743,Tyler Shough,NO,MIN,QB,passing_tds,1.226,,,0.6627804452233648,0.39285714285714285,eligible,eligible_current_role,starter,Active,1.0,direct_component_blend,20260908_1821_passing_tds_blend,2026-10-07T10:47:48+00:00,2026-10-07T10:48:05+00:00
2026,5,401872987,2026-10-11,12:00,00-0040743,Tyler Shough,NO,MIN,QB,rushing_yards,17.5,4.7,35.5,,,eligible,eligible_current_role,starter,Active,1.0,direct_component_blend,20260908_1821_rushing_yards_blend,2026-10-07T10:47:48+00:00,2026-10-07T10:48:05+00:00
2026,5,401872987,2026-10-11,12:00,00-0041033,Caleb Banks,MIN,NO,DL,tackles,1.3,0.0,4.9,0.6349128925221477,0.34145208037093705,eligible,eligible_current_role,starter,,1.0,direct,20260908_1821_tackles_direct,2026-10-07T10:47:48+00:00,2026-10-07T10:48:05+00:00
2026,5,401872987,2026-10-11,12:00,00-0041041,Oscar Delp,NO,MIN,TE,rushing_yards,0.0,-14.8,20.6,,,eligible,eligible_current_role,backup,Active,3.0,direct_component_blend,20260908_1821_rushing_yards_blend,2026-10-07T10:47:48+00:00,2026-10-07T10:48:05+00:00
2026,5,401872987,2026-10-11,12:00,00-0041041,Oscar Delp,NO,MIN,TE,receiving_yards,4.2,-18.5,44.7,,,eligible,eligible_current_role,backup,Active,3.0,direct_component_blend,20260908_1821_receiving_yards_blend,2026-10-07T10:47:48+00:00,2026-10-07T10:48:05+00:00
2026,5,401872987,2026-10-11,12:00,00-0041046,Domonique Orange,MIN,NO,DL,tackles,1.2,0.0,4.7,0.5684763709418386,0.27805028811874466,eligible,eligible_current_role,backup,,2.0,direct,20260908_1821_tackles_direct,2026-10-07T10:47:48+00:00,2026-10-07T10:48:05+00:00
2026,5,401872987,2026-10-11,12:00,00-0041054,Jakobe Thomas,MIN,NO,DB,tackles,1.9,0.0,5.9,0.7796625027340324,0.5067961690416016,eligible,eligible_current_role,backup,Active,3.0,direct,20260908_1821_tackles_direct,2026-10-07T10:47:48+00:00,2026-10-07T10:48:05+00:00
2026,5,401872987,2026-10-11,12:00,00-0041067,Bryce Lance,NO,MIN,WR,rushing_yards,0.0,-14.8,20.6,,,eligible,eligible_current_role,backup,Active,3.0,direct_component_blend,20260908_1821_rushing_yards_blend,2026-10-07T10:47:48+00:00,2026-10-07T10:48:05+00:00
2026,5,401872987,2026-10-11,12:00,00-0041067,Bryce Lance,NO,MIN,WR,receiving_yards,5.9,-16.8,46.5,,,eligible,eligible_current_role,backup,Active,3.0,direct_component_blend,20260908_1821_receiving_yards_blend,2026-10-07T10:47:48+00:00,2026-10-07T10:48:05+00:00
2026,5,401872987,2026-10-11,12:00,00-0041081,Max Bredeson,MIN,NO,RB,rushing_yards,11.5,-18.7,54.0,,,eligible,eligible_current_role,starter,,1.0,direct_component_blend,20260908_1821_rushing_yards_blend,2026-10-07T10:47:48+00:00,2026-10-07T10:48:05+00:00
2026,5,401872987,2026-10-11,12:00,00-0041081,Max Bredeson,MIN,NO,RB,receiving_yards,2.4,-20.3,42.9,,,eligible,eligible_current_role,starter,,1.0,direct_component_blend,20260908_1821_receiving_yards_blend,2026-10-07T10:47:48+00:00,2026-10-07T10:48:05+00:00
2026,5,401872987,2026-10-11,12:00,00-0041083,Charles Demmings,MIN,NO,DB,tackles,2.0,0.0,6.0,0.7976602311072513,0.5344378751872112,eligible,questionable_flag,backup,Questionable,2.0,direct,20260908_1821_tackles_direct,2026-10-07T10:47:48+00:00,2026-10-07T10:48:05+00:00
2026,5,401872987,2026-10-11,12:00,00-0041099,Barion Brown,NO,MIN,WR,rushing_yards,0.0,-14.7,20.7,,,eligible,eligible_current_role,backup,Active,5.0,direct_component_blend,20260908_1821_rushing_yards_blend,2026-10-07T10:47:48+00:00,2026-10-07T10:48:05+00:00
2026,5,401872987,2026-10-11,12:00,00-0041099,Barion Brown,NO,MIN,WR,receiving_yards,5.9,-16.8,46.4,,,eligible,eligible_current_role,backup,Active,5.0,direct_component_blend,20260908_1821_receiving_yards_blend,2026-10-07T10:47:48+00:00,2026-10-07T10:48:05+00:00
2026,5,401872987,2026-10-11,12:00,00-0041104,Demond Claiborne,MIN,NO,RB,rushing_yards,12.8,-17.5,55.3,,,eligible,eligible_current_role,backup,Active,3.0,direct_component_blend,20260908_1821_rushing_yards_blend,2026-10-07T10:47:48+00:00,2026-10-07T10:48:05+00:00
2026,5,401872987,2026-10-11,12:00,00-0041104,Demond Claiborne,MIN,NO,RB,receiving_yards,2.2,-20.4,42.8,,,eligible,eligible_current_role,backup,Active,3.0,direct_component_blend,20260908_1821_receiving_yards_blend,2026-10-07T10:47:48+00:00,2026-10-07T10:48:05+00:00
2026,5,401872987,2026-10-11,12:00,00-0041326,CJ Donaldson,NO,MIN,RB,rushing_yards,15.7,-14.6,58.2,,,eligible,eligible_current_role,backup,Active,3.0,direct_component_blend,20260908_1821_rushing_yards_blend,2026-10-07T10:47:48+00:00,2026-10-07T10:48:05+00:00
2026,5,401872987,2026-10-11,12:00,00-0041326,CJ Donaldson,NO,MIN,RB,receiving_yards,2.9,-19.7,43.5,,,eligible,eligible_current_role,backup,Active,3.0,direct_component_blend,20260908_1821_receiving_yards_blend,2026-10-07T10:47:48+00:00,2026-10-07T10:48:05+00:00
2026,5,401872987,2026-10-11,12:00,00-0041342,Dillon Bell,MIN,NO,WR,rushing_yards,0.0,-14.7,20.7,,,eligible,eligible_current_role,roster_only,,,direct_component_blend,20260908_1821_rushing_yards_blend,2026-10-07T10:47:48+00:00,2026-10-07T10:48:05+00:00
2026,5,401872987,2026-10-11,12:00,00-0041342,Dillon Bell,MIN,NO,WR,receiving_yards,5.9,-16.7,46.5,,,eligible,eligible_current_role,roster_only,,,direct_component_blend,20260908_1821_receiving_yards_blend,2026-10-07T10:47:48+00:00,2026-10-07T10:48:05+00:00
2026,5,401872987,2026-10-11,12:00,00-0041354,Jacob Thomas,MIN,NO,DB,tackles,1.9,0.0,5.9,0.7796890895715396,0.5068310088262358,eligible,eligible_current_role,backup,,3.0,direct,20260908_1821_tackles_direct,2026-10-07T10:47:48+00:00,2026-10-07T10:48:05+00:00
2026,5,401872987,2026-10-11,12:00,00-0041390,Christen Miller,NO,MIN,DL,tackles,1.2,0.0,4.7,0.5679772390009101,0.27757279280760516,eligible,eligible_current_role,backup,Active,3.0,direct,20260908_1821_tackles_direct,2026-10-07T10:47:48+00:00,2026-10-07T10:48:05+00:00
2026,5,401872987,2026-10-11,12:00,00-0041495,Jake Golday,MIN,NO,LB,tackles,1.3,0.0,4.9,0.6187656575911835,0.3256093863210244,eligible,eligible_current_role,recent_defensive_participant,,,direct,20260908_1821_tackles_direct,2026-10-07T10:47:48+00:00,2026-10-07T10:48:05+00:00
2026,5,401872988,2026-10-11,13:00,00-0031270,Shelby Harris,NYG,WSH,DL,tackles,2.3,0.2,5.1,0.8427574948724172,0.6130155070643922,eligible,eligible_current_role,starter,,1.0,direct,20260908_1821_tackles_direct,2026-10-07T10:47:48+00:00,2026-10-07T10:48:05+00:00
2026,5,401872988,2026-10-11,13:00,00-0031484,Chris Manhertz,NYG,WSH,TE,rushing_yards,0.0,-10.8,14.9,,,eligible,eligible_current_role,backup,,3.0,direct_component_blend,20260908_1821_rushing_yards_blend,2026-10-07T10:47:48+00:00,2026-10-07T10:48:05+00:00
2026,5,401872988,2026-10-11,13:00,00-0031484,Chris Manhertz,NYG,WSH,TE,receiving_yards,5.0,-12.2,33.8,,,eligible,eligible_current_role,backup,,3.0,direct_component_blend,20260908_1821_receiving_yards_blend,2026-10-07T10:47:48+00:00,2026-10-07T10:48:05+00:00
2026,5,401872988,2026-10-11,13:00,00-0031503,Jameis Winston,NYG,WSH,QB,passing_yards,190.7,97.3,297.0,,,eligible,eligible_current_role,starter,Active,1.0,direct_component_blend,20260908_1821_passing_yards_blend,2026-10-07T10:47:48+00:00,2026-10-07T10:48:05+00:00
2026,5,401872988,2026-10-11,13:00,00-0031503,Jameis Winston,NYG,WSH,QB,passing_tds,0.932,,,0.6337557127418519,0.26194284448436994,eligible,eligible_current_role,starter,Active,1.0,direct_component_blend,20260908_1821_passing_tds_blend,2026-10-07T10:47:48+00:00,2026-10-07T10:48:05+00:00
2026,5,401872988,2026-10-11,13:00,00-0031503,Jameis Winston,NYG,WSH,QB,rushing_yards,6.0,-6.8,23.9,,,eligible,eligible_current_role,starter,Active,1.0,direct_component_blend,20260908_1821_rushing_yards_blend,2026-10-07T10:47:48+00:00,2026-10-07T10:48:05+00:00
2026,5,401872988,2026-10-11,13:00,00-0031588,Stefon Diggs,WSH,NYG,WR,rushing_yards,0.0,-10.8,15.0,,,eligible,eligible_current_role,backup,Active,2.0,direct_component_blend,20260908_1821_rushing_yards_blend,2026-10-07T10:47:48+00:00,2026-10-07T10:48:05+00:00
2026,5,401872988,2026-10-11,13:00,00-0031588,Stefon Diggs,WSH,NYG,WR,receiving_yards,35.6,9.0,84.8,,,eligible,eligible_current_role,backup,Active,2.0,direct_component_blend,20260908_1821_receiving_yards_blend,2026-10-07T10:47:48+00:00,2026-10-07T10:48:05+00:00
2026,5,401872988,2026-10-11,13:00,00-0032268,Marcus Mariota,WSH,NYG,QB,rushing_yards,18.8,6.0,36.7,,,eligible,eligible_current_role,backup,Doubtful,2.0,direct_component_blend,20260908_1821_rushing_yards_blend,2026-10-07T10:47:48+00:00,2026-10-07T10:48:05+00:00
2026,5,401872988,2026-10-11,13:00,00-0032424,DJ Reader,NYG,WSH,DL,tackles,1.9,0.0,4.4,0.7792591431088711,0.506268047448962,eligible,eligible_current_role,starter,,1.0,direct,20260908_1821_tackles_direct,2026-10-07T10:47:48+00:00,2026-10-07T10:48:05+00:00
2026,5,401872988,2026-10-11,13:00,00-0033046,Jihad Ward,NYG,WSH,LB,tackles,2.0,0.1,4.5,0.7998352680287971,0.5379918161925469,eligible,eligible_current_role,backup,Active,2.0,direct,20260908_1821_tackles_direct,2026-10-07T10:47:48+00:00,2026-10-07T10:48:05+00:00
2026,5,401872988,2026-10-11,13:00,00-0033376,Patrick Ricard,NYG,WSH,RB,rushing_yards,2.2,-8.5,17.2,,,eligible,eligible_current_role,starter,,1.0,direct_component_blend,20260908_1821_rushing_yards_blend,2026-10-07T10:47:48+00:00,2026-10-07T10:48:05+00:00
2026,5,401872988,2026-10-11,13:00,00-0033376,Patrick Ricard,NYG,WSH,RB,receiving_yards,4.8,-12.4,33.6,,,eligible,eligible_current_role,starter,,1.0,direct_component_blend,20260908_1821_receiving_yards_blend,2026-10-07T10:47:48+00:00,2026-10-07T10:48:05+00:00
2026,5,401872988,2026-10-11,13:00,00-0033551,Rasul Douglas,WSH,NYG,DB,tackles,4.1,1.5,7.6,0.9598619447039536,0.8722044484473823,eligible,eligible_current_role,starter,Active,1.0,direct,20260908_1821_tackles_direct,2026-10-07T10:47:48+00:00,2026-10-07T10:48:05+00:00
2026,5,401872988,2026-10-11,13:00,00-0033699,Austin Ekeler,WSH,NYG,RB,rushing_yards,24.1,2.1,55.0,,,eligible,eligible_current_role,backup,Active,4.0,direct_component_blend,20260908_1821_rushing_yards_blend,2026-10-07T10:47:48+00:00,2026-10-07T10:48:05+00:00
2026,5,401872988,2026-10-11,13:00,00-0033699,Austin Ekeler,WSH,NYG,RB,receiving_yards,15.9,-1.2,44.7,,,eligible,eligible_current_role,backup,Active,4.0,direct_component_blend,20260908_1821_receiving_yards_blend,2026-10-07T10:47:48+00:00,2026-10-07T10:48:05+00:00
2026,5,401872988,2026-10-11,13:00,00-0033918,Fabian Moreau,WSH,NYG,DB,tackles,2.2,0.3,4.7,0.8301097073158489,0.589874273774676,eligible,eligible_current_role,starter,,1.0,direct,20260908_1821_tackles_direct,2026-10-07T10:47:48+00:00,2026-10-07T10:48:05+00:00
2026,5,401872988,2026-10-11,13:00,00-0034248,Elijah Campbell,NYG,WSH,DB,tackles,1.0,0.0,3.4,0.52207852370864,0.2375878497102535,eligible,eligible_current_role,backup,,3.0,direct,20260908_1821_tackles_direct,2026-10-07T10:47:48+00:00,2026-10-07T10:48:05+00:00
2026,5,401872988,2026-10-11,13:00,00-0034302,Frankie Luvu,WSH,NYG,LB,tackles,5.6,2.6,9.6,0.982269002852994,0.9494755262723961,eligible,eligible_current_role,recent_defensive_participant,Active,,direct,20260908_1821_tackles_direct,2026-10-07T10:47:48+00:00,2026-10-07T10:48:05+00:00
2026,5,401872988,2026-10-11,13:00,00-0034333,Daron Payne,WSH,NYG,DL,tackles,2.6,0.6,5.0,0.8719965106960307,0.6709789470576295,eligible,eligible_current_role,starter,,1.0,direct,20260908_1821_tackles_direct,2026-10-07T10:47:48+00:00,2026-10-07T10:48:05+00:00
2026,5,401872988,2026-10-11,13:00,00-0034373,Dorance Armstrong,WSH,NYG,LB,tackles,1.7,0.0,4.1,0.7551443754767009,0.47613418102789734,eligible,eligible_current_role,starter,,1.0,direct,20260908_1821_tackles_direct,2026-10-07T10:47:48+00:00,2026-10-07T10:48:05+00:00
2026,5,401872988,2026-10-11,13:00,00-0034397,Tim Settle,WSH,NYG,DL,tackles,1.7,0.0,4.1,0.7550961970862019,0.4760766604865612,eligible,eligible_current_role,starter,,1.0,direct,20260908_1821_tackles_direct,2026-10-07T10:47:48+00:00,2026-10-07T10:48:05+00:00
2026,5,401872988,2026-10-11,13:00,00-0034465,Jeremy Reaves,WSH,NYG,DB,tackles,4.0,1.8,6.6,0.9519323389217761,0.853494777151916,eligible,questionable_flag,starter,Questionable,1.0,direct,20260908_1821_tackles_direct,2026-10-07T10:47:48+00:00,2026-10-07T10:48:05+00:00
2026,5,401872988,2026-10-11,13:00,00-0034673,Tremaine Edmunds,NYG,WSH,LB,tackles,7.0,4.3,11.3,0.983495145631068,0.9631067961165048,eligible,eligible_current_role,recent_defensive_participant,Active,,direct,20260908_1821_tackles_direct,2026-10-07T10:47:48+00:00,2026-10-07T10:48:05+00:00
2026,5,401872988,2026-10-11,13:00,00-0035250,Devin Singletary,NYG,WSH,RB,rushing_yards,24.4,2.3,55.3,,,eligible,eligible_current_role,backup,Active,4.0,direct_component_blend,20260908_1821_rushing_yards_blend,2026-10-07T10:47:48+00:00,2026-10-07T10:48:05+00:00
2026,5,401872988,2026-10-11,13:00,00-0035250,Devin Singletary,NYG,WSH,RB,receiving_yards,7.7,-9.4,36.5,,,eligible,eligible_current_role,backup,Active,4.0,direct_component_blend,20260908_1821_receiving_yards_blend,2026-10-07T10:47:48+00:00,2026-10-07T10:48:05+00:00
2026,5,401872988,2026-10-11,13:00,00-0035279,Charles Omenihu,WSH,NYG,DL,tackles,1.5,0.0,4.0,0.7154717830747046,0.4282847761977195,eligible,questionable_flag,backup,Questionable,2.0,direct,20260908_1821_tackles_direct,2026-10-07T10:47:48+00:00,2026-10-07T10:48:05+00:00
2026,5,401872988,2026-10-11,13:00,00-0035409,Shy Tuttle,WSH,NYG,DL,tackles,1.0,0.0,3.4,0.5319023083362103,0.24546945307408902,eligible,eligible_current_role,backup,,2.0,direct,20260908_1821_tackles_direct,2026-10-07T10:47:48+00:00,2026-10-07T10:48:05+00:00
2026,5,401872988,2026-10-11,13:00,00-0035567,Craig Reynolds,WSH,NYG,RB,rushing_yards,6.8,-3.9,21.9,,,eligible,eligible_current_role,roster_only,,,direct_component_blend,20260908_1821_rushing_yards_blend,2026-10-07T10:47:48+00:00,2026-10-07T10:48:05+00:00
2026,5,401872988,2026-10-11,13:00,00-0035567,Craig Reynolds,WSH,NYG,RB,receiving_yards,0.0,-17.3,28.7,,,eligible,eligible_current_role,roster_only,,,direct_component_blend,20260908_1821_receiving_yards_blend,2026-10-07T10:47:48+00:00,2026-10-07T10:48:05+00:00
2026,5,401872988,2026-10-11,13:00,00-0035659,Terry McLaurin,WSH,NYG,WR,rushing_yards,0.0,-10.8,15.0,,,eligible,questionable_flag,starter,Questionable,1.0,direct_component_blend,20260908_1821_rushing_yards_blend,2026-10-07T10:47:48+00:00,2026-10-07T10:48:05+00:00
2026,5,401872988,2026-10-11,13:00,00-0035659,Terry McLaurin,WSH,NYG,WR,receiving_yards,62.6,36.0,111.8,,,eligible,questionable_flag,starter,Questionable,1.0,direct_component_blend,20260908_1821_receiving_yards_blend,2026-10-07T10:47:48+00:00,2026-10-07T10:48:05+00:00
2026,5,401872988,2026-10-11,13:00,00-0036260,Javon Kinlaw,WSH,NYG,DL,tackles,2.7,0.8,5.2,0.8873426069336547,0.7044771590354384,eligible,eligible_current_role,starter,,1.0,direct,20260908_1821_tackles_direct,2026-10-07T10:47:48+00:00,2026-10-07T10:48:05+00:00
2026,5,401872988,2026-10-11,13:00,00-0036286,K'Lavon Chaisson,WSH,NYG,LB,tackles,2.1,0.2,4.6,0.8124400463399368,0.5590295187399641,eligible,eligible_current_role,backup,,2.0,direct,20260908_1821_tackles_direct,2026-10-07T10:47:48+00:00,2026-10-07T10:48:05+00:00
2026,5,401872988,2026-10-11,13:00,00-0036309,Darnell Mooney,NYG,WSH,WR,rushing_yards,0.5,-10.2,15.5,,,eligible,eligible_current_role,backup,,3.0,direct_component_blend,20260908_1821_rushing_yards_blend,2026-10-07T10:47:48+00:00,2026-10-07T10:48:05+00:00
2026,5,401872988,2026-10-11,13:00,00-0036309,Darnell Mooney,NYG,WSH,WR,receiving_yards,25.3,8.1,54.1,,,eligible,eligible_current_role,backup,,3.0,direct_component_blend,20260908_1821_receiving_yards_blend,2026-10-07T10:47:48+00:00,2026-10-07T10:48:05+00:00
2026,5,401872988,2026-10-11,13:00,00-0036375,Amik Robertson,WSH,NYG,DB,tackles,2.7,0.8,5.2,0.8854475603637535,0.7002020521801671,eligible,eligible_current_role,starter,,1.0,direct,20260908_1821_tackles_direct,2026-10-07T10:47:48+00:00,2026-10-07T10:48:05+00:00
2026,5,401872988,2026-10-11,13:00,00-0036502,Jason Pinnock,NYG,WSH,DB,tackles,2.0,0.0,4.5,0.7891535201471361,0.5207445539191885,eligible,questionable_flag,backup,Questionable,2.0,direct,20260908_1821_tackles_direct,2026-10-07T10:47:48+00:00,2026-10-07T10:48:05+00:00
2026,5,401872988,2026-10-11,13:00,00-0036587,Ar'Darius Washington,NYG,WSH,DB,tackles,1.7,0.0,4.1,0.7558112466725132,0.4769314079402832,eligible,eligible_current_role,backup,Active,2.0,direct,20260908_1821_tackles_direct,2026-10-07T10:47:48+00:00,2026-10-07T10:48:05+00:00
2026,5,401872988,2026-10-11,13:00,00-0036626,Dyami Brown,WSH,NYG,WR,rushing_yards,0.3,-10.4,15.4,,,eligible,eligible_current_role,backup,,5.0,direct_component_blend,20260908_1821_rushing_yards_blend,2026-10-07T10:47:48+00:00,2026-10-07T10:48:05+00:00
2026,5,401872988,2026-10-11,13:00,00-0036626,Dyami Brown,WSH,NYG,WR,receiving_yards,6.2,-11.0,35.0,,,eligible,eligible_current_role,backup,,5.0,direct_component_blend,20260908_1821_receiving_yards_blend,2026-10-07T10:47:48+00:00,2026-10-07T10:48:05+00:00
2026,5,401872988,2026-10-11,13:00,00-0036628,John Bates,WSH,NYG,TE,rushing_yards,0.0,-10.8,14.9,,,eligible,eligible_current_role,backup,,3.0,direct_component_blend,20260908_1821_rushing_yards_blend,2026-10-07T10:47:48+00:00,2026-10-07T10:48:05+00:00
2026,5,401872988,2026-10-11,13:00,00-0036628,John Bates,WSH,NYG,TE,receiving_yards,6.0,-11.1,34.8,,,eligible,eligible_current_role,backup,,3.0,direct_component_blend,20260908_1821_receiving_yards_blend,2026-10-07T10:47:48+00:00,2026-10-07T10:48:05+00:00
2026,5,401872988,2026-10-11,13:00,00-0036893,Najee Harris,NYG,WSH,RB,rushing_yards,27.6,5.6,58.5,,,eligible,eligible_current_role,backup,Active,2.0,direct_component_blend,20260908_1821_rushing_yards_blend,2026-10-07T10:47:48+00:00,2026-10-07T10:48:05+00:00
2026,5,401872988,2026-10-11,13:00,00-0036893,Najee Harris,NYG,WSH,RB,receiving_yards,5.8,-11.4,34.6,,,eligible,eligible_current_role,backup,Active,2.0,direct_component_blend,20260908_1821_receiving_yards_blend,2026-10-07T10:47:48+00:00,2026-10-07T10:48:05+00:00
2026,5,401872988,2026-10-11,13:00,00-0036940,Odafe Oweh,WSH,NYG,LB,tackles,1.9,0.0,4.4,0.7788233356607038,0.5056983819697646,eligible,eligible_current_role,starter,,1.0,direct,20260908_1821_tackles_direct,2026-10-07T10:47:48+00:00,2026-10-07T10:48:05+00:00
2026,5,401872988,2026-10-11,13:00,00-0036982,Chauncey Golston,NYG,WSH,DL,tackles,2.0,0.1,4.6,0.804905721528572,0.546362666016289,eligible,questionable_flag,starter,Questionable,1.0,direct,20260908_1821_tackles_direct,2026-10-07T10:47:48+00:00,2026-10-07T10:48:05+00:00
2026,5,401872988,2026-10-11,13:00,00-0036996,Greg Newsome II,NYG,WSH,DB,tackles,3.2,0.6,6.8,0.9168605679796547,0.7839595268285546,eligible,eligible_current_role,starter,Active,1.0,direct,20260908_1821_tackles_direct,2026-10-07T10:47:48+00:00,2026-10-07T10:48:05+00:00
2026,5,401872988,2026-10-11,13:00,00-0036998,Jevon Holland,NYG,WSH,DB,tackles,5.2,2.5,8.6,0.9810643632430469,0.9373621798596946,eligible,eligible_current_role,starter,,1.0,direct,20260908_1821_tackles_direct,2026-10-07T10:47:48+00:00,2026-10-07T10:48:05+00:00
2026,5,401872988,2026-10-11,13:00,00-0037256,Rachaad White,WSH,NYG,RB,rushing_yards,24.3,2.3,55.2,,,eligible,questionable_flag,backup,Questionable,2.0,direct_component_blend,20260908_1821_rushing_yards_blend,2026-10-07T10:47:48+00:00,2026-10-07T10:48:05+00:00
2026,5,401872988,2026-10-11,13:00,00-0037256,Rachaad White,WSH,NYG,RB,receiving_yards,8.7,-8.5,37.5,,,eligible,questionable_flag,backup,Questionable,2.0,direct_component_blend,20260908_1821_receiving_yards_blend,2026-10-07T10:47:48+00:00,2026-10-07T10:48:05+00:00
2026,5,401872988,2026-10-11,13:00,00-0037611,Kayvon Thibodeaux,NYG,WSH,LB,tackles,2.6,0.0,6.7,0.8741192850899079,0.6754672988105366,eligible,eligible_current_role,starter,,1.0,direct,20260908_1821_tackles_direct,2026-10-07T10:47:48+00:00,2026-10-07T10:48:05+00:00
2026,5,401872988,2026-10-11,13:00,00-0037616,Nick Cross,WSH,NYG,DB,tackles,5.9,3.2,9.4,0.9829587176230276,0.9568523257921346,eligible,questionable_flag,starter,Questionable,1.0,direct,20260908_1821_tackles_direct,2026-10-07T10:47:48+00:00,2026-10-07T10:48:05+00:00
2026,5,401872988,2026-10-11,13:00,00-0037742,Treylon Burks,WSH,NYG,WR,rushing_yards,0.0,-10.7,15.0,,,eligible,eligible_current_role,backup,Active,4.0,direct_component_blend,20260908_1821_rushing_yards_blend,2026-10-07T10:47:48+00:00,2026-10-07T10:48:05+00:00
2026,5,401872988,2026-10-11,13:00,00-0037742,Treylon Burks,WSH,NYG,WR,receiving_yards,20.1,3.0,49.0,,,eligible,eligible_current_role,backup,Active,4.0,direct_component_blend,20260908_1821_receiving_yards_blend,2026-10-07T10:47:48+00:00,2026-10-07T10:48:05+00:00
2026,5,401872988,2026-10-11,13:00,00-0037809,Chig Okonkwo,WSH,NYG,TE,rushing_yards,0.0,-10.8,14.9,,,eligible,eligible_current_role,starter,Active,1.0,direct_component_blend,20260908_1821_rushing_yards_blend,2026-10-07T10:47:48+00:00,2026-10-07T10:48:05+00:00
2026,5,401872988,2026-10-11,13:00,00-0037809,Chig Okonkwo,WSH,NYG,TE,receiving_yards,24.1,4.4,58.3,,,eligible,eligible_current_role,starter,Active,1.0,direct_component_blend,20260908_1821_receiving_yards_blend,2026-10-07T10:47:48+00:00,2026-10-07T10:48:05+00:00
2026,5,401872988,2026-10-11,13:00,00-0037838,Isaiah Likely,NYG,WSH,TE,rushing_yards,0.0,-10.8,14.9,,,eligible,eligible_current_role,starter,Active,1.0,direct_component_blend,20260908_1821_rushing_yards_blend,2026-10-07T10:47:48+00:00,2026-10-07T10:48:05+00:00
2026,5,401872988,2026-10-11,13:00,00-0037838,Isaiah Likely,NYG,WSH,TE,receiving_yards,23.5,6.4,52.4,,,eligible,eligible_current_role,starter,Active,1.0,direct_component_blend,20260908_1821_receiving_yards_blend,2026-10-07T10:47:48+00:00,2026-10-07T10:48:05+00:00
2026,5,401872988,2026-10-11,13:00,00-0038100,Percy Butler,WSH,NYG,DB,tackles,0.8,0.0,3.3,0.45411260920737717,0.1881216682852684,eligible,eligible_current_role,backup,Active,2.0,direct,20260908_1821_tackles_direct,2026-10-07T10:47:48+00:00,2026-10-07T10:48:05+00:00
2026,5,401872988,2026-10-11,13:00,00-0038399,Zaire Barnes,NYG,WSH,LB,tackles,1.1,0.0,3.6,0.5584821498670398,0.26863773130584145,eligible,eligible_current_role,recent_defensive_participant,,,direct,20260908_1821_tackles_direct,2026-10-07T10:47:48+00:00,2026-10-07T10:48:05+00:00
2026,5,401872988,2026-10-11,13:00,00-0038576,Charlie Jones,NYG,WSH,WR,rushing_yards,0.0,-10.7,15.0,,,eligible,eligible_current_role,backup,,5.0,direct_component_blend,20260908_1821_rushing_yards_blend,2026-10-07T10:47:48+00:00,2026-10-07T10:48:05+00:00
2026,5,401872988,2026-10-11,13:00,00-0038576,Charlie Jones,NYG,WSH,WR,receiving_yards,2.1,-15.1,30.9,,,eligible,eligible_current_role,backup,,5.0,direct_component_blend,20260908_1821_receiving_yards_blend,2026-10-07T10:47:48+00:00,2026-10-07T10:48:05+00:00
2026,5,401872988,2026-10-11,13:00,00-0038986,Nic Jones,NYG,WSH,DB,tackles,1.2,0.0,3.7,0.5737160390812913,0.28311074718596657,eligible,eligible_current_role,backup,,2.0,direct,20260908_1821_tackles_direct,2026-10-07T10:47:48+00:00,2026-10-07T10:48:05+00:00
2026,5,401872988,2026-10-11,13:00,00-0038998,Jake Haener,NYG,WSH,QB,rushing_yards,5.7,-5.0,20.8,,,eligible,eligible_current_role,roster_only,,,direct_component_blend,20260908_1821_rushing_yards_blend,2026-10-07T10:47:48+00:00,2026-10-07T10:48:05+00:00
2026,5,401872988,2026-10-11,13:00,00-0039000,Deonte Banks,NYG,WSH,DB,tackles,3.2,1.0,5.9,0.9146121448619142,0.7773208333468385,eligible,eligible_current_role,starter,Active,1.0,direct,20260908_1821_tackles_direct,2026-10-07T10:47:48+00:00,2026-10-07T10:48:05+00:00
2026,5,401872988,2026-10-11,13:00,00-0039149,Quan Martin,WSH,NYG,DB,tackles,3.5,0.8,7.0,0.9307439334406149,0.8127482278224183,eligible,eligible_current_role,backup,,3.0,direct,20260908_1821_tackles_direct,2026-10-07T10:47:48+00:00,2026-10-07T10:48:05+00:00
2026,5,401872988,2026-10-11,13:00,00-0039176,Basil Okoye,NYG,WSH,DL,tackles,1.1,0.0,3.6,0.5613238027145051,0.27128246559253194,eligible,eligible_current_role,backup,,2.0,direct,20260908_1821_tackles_direct,2026-10-07T10:47:48+00:00,2026-10-07T10:48:05+00:00
2026,5,401872988,2026-10-11,13:00,00-0039337,Malik Nabers,NYG,WSH,WR,rushing_yards,0.0,-10.7,15.1,,,eligible,eligible_current_role,starter,Active,1.0,direct_component_blend,20260908_1821_rushing_yards_blend,2026-10-07T10:47:48+00:00,2026-10-07T10:48:05+00:00
2026,5,401872988,2026-10-11,13:00,00-0039337,Malik Nabers,NYG,WSH,WR,receiving_yards,73.5,46.9,122.7,,,eligible,eligible_current_role,starter,Active,1.0,direct_component_blend,20260908_1821_receiving_yards_blend,2026-10-07T10:47:48+00:00,2026-10-07T10:48:05+00:00
2026,5,401872988,2026-10-11,13:00,00-0039355,Luke McCaffrey,WSH,NYG,WR,rushing_yards,0.0,-10.8,15.0,,,eligible,eligible_current_role,backup,Active,6.0,direct_component_blend,20260908_1821_rushing_yards_blend,2026-10-07T10:47:48+00:00,2026-10-07T10:48:05+00:00
2026,5,401872988,2026-10-11,13:00,00-0039355,Luke McCaffrey,WSH,NYG,WR,receiving_yards,3.7,-13.5,32.5,,,eligible,eligible_current_role,backup,Active,6.0,direct_component_blend,20260908_1821_receiving_yards_blend,2026-10-07T10:47:48+00:00,2026-10-07T10:48:05+00:00
2026,5,401872988,2026-10-11,13:00,00-0039384,Tyrone Tracy Jr.,NYG,WSH,RB,rushing_yards,46.6,24.6,77.5,,,eligible,eligible_current_role,backup,Active,3.0,direct_component_blend,20260908_1821_rushing_yards_blend,2026-10-07T10:47:48+00:00,2026-10-07T10:48:05+00:00
2026,5,401872988,2026-10-11,13:00,00-0039384,Tyrone Tracy Jr.,NYG,WSH,RB,receiving_yards,10.8,-6.4,39.6,,,eligible,eligible_current_role,backup,Active,3.0,direct_component_blend,20260908_1821_receiving_yards_blend,2026-10-07T10:47:48+00:00,2026-10-07T10:48:05+00:00
2026,5,401872988,2026-10-11,13:00,00-0039412,Javontae Jean-Baptiste,WSH,NYG,LB,tackles,1.7,0.0,4.2,0.7613336221683404,0.48360910529023093,eligible,eligible_current_role,backup,Active,3.0,direct,20260908_1821_tackles_direct,2026-10-07T10:47:48+00:00,2026-10-07T10:48:05+00:00
2026,5,401872988,2026-10-11,13:00,00-0039681,Tyler Owens,WSH,NYG,DB,tackles,0.7,0.0,3.2,0.4039507160090275,0.12924793026501127,eligible,questionable_flag,backup,Questionable,2.0,direct,20260908_1821_tackles_direct,2026-10-07T10:47:48+00:00,2026-10-07T10:48:05+00:00
2026,5,401872988,2026-10-11,13:00,00-0039686,Colson Yankoff,WSH,NYG,TE,rushing_yards,0.0,-10.8,14.9,,,eligible,eligible_current_role,backup,,4.0,direct_component_blend,20260908_1821_rushing_yards_blend,2026-10-07T10:47:48+00:00,2026-10-07T10:48:05+00:00
2026,5,401872988,2026-10-11,13:00,00-0039686,Colson Yankoff,WSH,NYG,TE,receiving_yards,2.1,-15.1,30.9,,,eligible,eligible_current_role,backup,,4.0,direct_component_blend,20260908_1821_receiving_yards_blend,2026-10-07T10:47:48+00:00,2026-10-07T10:48:05+00:00
2026,5,401872988,2026-10-11,13:00,00-0039821,Andru Phillips,NYG,WSH,DB,tackles,3.9,1.7,6.5,0.9475537874373041,0.8442931701507215,eligible,eligible_current_role,starter,,1.0,direct,20260908_1821_tackles_direct,2026-10-07T10:47:48+00:00,2026-10-07T10:48:05+00:00
2026,5,401872988,2026-10-11,13:00,00-0039847,Theo Johnson,NYG,WSH,TE,rushing_yards,0.0,-10.8,14.9,,,eligible,eligible_current_role,backup,Active,2.0,direct_component_blend,20260908_1821_rushing_yards_blend,2026-10-07T10:47:48+00:00,2026-10-07T10:48:05+00:00
2026,5,401872988,2026-10-11,13:00,00-0039847,Theo Johnson,NYG,WSH,TE,receiving_yards,27.0,7.3,61.3,,,eligible,eligible_current_role,backup,Active,2.0,direct_component_blend,20260908_1821_receiving_yards_blend,2026-10-07T10:47:48+00:00,2026-10-07T10:48:05+00:00
2026,5,401872988,2026-10-11,13:00,00-0039861,Tyler Nubin,NYG,WSH,DB,tackles,5.6,3.0,9.1,0.9823908753471225,0.9507516244260663,eligible,eligible_current_role,starter,Active,1.0,direct,20260908_1821_tackles_direct,2026-10-07T10:47:48+00:00,2026-10-07T10:48:05+00:00
2026,5,401872988,2026-10-11,13:00,00-0039898,Mike Sainristil,WSH,NYG,DB,tackles,3.9,1.2,7.4,0.9501792210333022,0.8494711820769559,eligible,eligible_current_role,backup,,2.0,direct,20260908_1821_tackles_direct,2026-10-07T10:47:48+00:00,2026-10-07T10:48:05+00:00
2026,5,401872988,2026-10-11,13:00,00-0039910,Jayden Daniels,WSH,NYG,QB,passing_yards,175.0,81.5,281.2,,,eligible,questionable_flag,starter,Questionable,1.0,direct_component_blend,20260908_1821_passing_yards_blend,2026-10-07T10:47:48+00:00,2026-10-07T10:48:05+00:00
2026,5,401872988,2026-10-11,13:00,00-0039910,Jayden Daniels,WSH,NYG,QB,passing_tds,1.188,,,0.6547619047619048,0.39285714285714285,eligible,questionable_flag,starter,Questionable,1.0,direct_component_blend,20260908_1821_passing_tds_blend,2026-10-07T10:47:48+00:00,2026-10-07T10:48:05+00:00
2026,5,401872988,2026-10-11,13:00,00-0039910,Jayden Daniels,WSH,NYG,QB,rushing_yards,32.7,20.0,50.7,,,eligible,questionable_flag,starter,Questionable,1.0,direct_component_blend,20260908_1821_rushing_yards_blend,2026-10-07T10:47:48+00:00,2026-10-07T10:48:05+00:00
2026,5,401872988,2026-10-11,13:00,00-0039912,Ben Sinnott,WSH,NYG,TE,rushing_yards,0.0,-10.8,14.9,,,eligible,eligible_current_role,backup,Active,2.0,direct_component_blend,20260908_1821_rushing_yards_blend,2026-10-07T10:47:48+00:00,2026-10-07T10:48:05+00:00
2026,5,401872988,2026-10-11,13:00,00-0039912,Ben Sinnott,WSH,NYG,TE,receiving_yards,11.2,-5.9,40.0,,,eligible,eligible_current_role,backup,Active,2.0,direct_component_blend,20260908_1821_receiving_yards_blend,2026-10-07T10:47:48+00:00,2026-10-07T10:48:05+00:00
2026,5,401872988,2026-10-11,13:00,00-0039923,J.J. McCarthy,NYG,WSH,QB,rushing_yards,14.3,1.5,32.2,,,eligible,eligible_current_role,backup,,2.0,direct_component_blend,20260908_1821_rushing_yards_blend,2026-10-07T10:47:48+00:00,2026-10-07T10:48:05+00:00
2026,5,401872988,2026-10-11,13:00,00-0040216,Kain Medrano,WSH,NYG,LB,tackles,0.6,0.0,3.1,0.39088263821532493,0.11445198836081474,eligible,eligible_current_role,recent_defensive_participant,,,direct,20260908_1821_tackles_direct,2026-10-07T10:47:48+00:00,2026-10-07T10:48:05+00:00
2026,5,401872988,2026-10-11,13:00,00-0040225,Thomas Fidone II,NYG,WSH,TE,rushing_yards,0.0,-11.8,16.6,,,eligible,eligible_current_role,backup,Active,4.0,direct_component_blend,20260908_1821_rushing_yards_blend,2026-10-07T10:47:48+00:00,2026-10-07T10:48:05+00:00
2026,5,401872988,2026-10-11,13:00,00-0040225,Thomas Fidone II,NYG,WSH,TE,receiving_yards,2.0,-16.7,33.9,,,eligible,eligible_current_role,backup,Active,4.0,direct_component_blend,20260908_1821_receiving_yards_blend,2026-10-07T10:47:48+00:00,2026-10-07T10:48:05+00:00
2026,5,401872988,2026-10-11,13:00,00-0040242,Jacory Croskey-Merritt,WSH,NYG,RB,rushing_yards,57.4,35.4,88.3,,,eligible,eligible_current_role,starter,Active,1.0,direct_component_blend,20260908_1821_rushing_yards_blend,2026-10-07T10:47:48+00:00,2026-10-07T10:48:05+00:00
2026,5,401872988,2026-10-11,13:00,00-0040242,Jacory Croskey-Merritt,WSH,NYG,RB,receiving_yards,5.2,-12.0,34.0,,,eligible,eligible_current_role,starter,Active,1.0,direct_component_blend,20260908_1821_receiving_yards_blend,2026-10-07T10:47:48+00:00,2026-10-07T10:48:05+00:00
2026,5,401872988,2026-10-11,13:00,00-0040318,Ale Kaho,WSH,NYG,LB,tackles,0.7,0.0,3.4,0.3915580826606429,0.11493908489780741,eligible,eligible_current_role,recent_defensive_participant,,,direct,20260908_1821_tackles_direct,2026-10-07T10:47:48+00:00,2026-10-07T10:48:05+00:00
2026,5,401872988,2026-10-11,13:00,00-0040434,Trace Ford,NYG,WSH,LB,tackles,1.2,0.0,4.7,0.5713074943407204,0.2807736676670859,eligible,eligible_current_role,recent_defensive_participant,,,direct,20260908_1821_tackles_direct,2026-10-07T10:47:48+00:00,2026-10-07T10:48:05+00:00
2026,5,401872988,2026-10-11,13:00,00-0040471,Nikko Reed,NYG,WSH,DB,tackles,0.9,0.0,3.6,0.48866914508753667,0.21220378875617113,eligible,eligible_current_role,backup,Active,3.0,direct,20260908_1821_tackles_direct,2026-10-07T10:47:48+00:00,2026-10-07T10:48:05+00:00
2026,5,401872988,2026-10-11,13:00,00-0040552,Joshua Simon,WSH,NYG,TE,rushing_yards,0.0,-14.8,20.6,,,eligible,eligible_current_role,roster_only,,,direct_component_blend,20260908_1821_rushing_yards_blend,2026-10-07T10:47:48+00:00,2026-10-07T10:48:05+00:00
2026,5,401872988,2026-10-11,13:00,00-0040552,Joshua Simon,WSH,NYG,TE,receiving_yards,3.5,-19.2,44.0,,,eligible,eligible_current_role,roster_only,,,direct_component_blend,20260908_1821_receiving_yards_blend,2026-10-07T10:47:48+00:00,2026-10-07T10:48:05+00:00
2026,5,401872988,2026-10-11,13:00,00-0040677,Abdul Carter,NYG,WSH,LB,tackles,3.5,0.6,7.6,0.9333290333209079,0.8173949743178239,eligible,eligible_current_role,starter,,1.0,direct,20260908_1821_tackles_direct,2026-10-07T10:47:48+00:00,2026-10-07T10:48:05+00:00
2026,5,401872988,2026-10-11,13:00,00-0040694,Darius Alexander,NYG,WSH,DL,tackles,1.7,0.0,4.2,0.7628246379827867,0.48543563616937097,eligible,eligible_current_role,backup,,2.0,direct,20260908_1821_tackles_direct,2026-10-07T10:47:48+00:00,2026-10-07T10:48:05+00:00
2026,5,401872988,2026-10-11,13:00,00-0040715,Cam Skattebo,NYG,WSH,RB,rushing_yards,43.6,21.6,74.5,,,eligible,eligible_current_role,starter,Active,1.0,direct_component_blend,20260908_1821_rushing_yards_blend,2026-10-07T10:47:48+00:00,2026-10-07T10:48:05+00:00
2026,5,401872988,2026-10-11,13:00,00-0040715,Cam Skattebo,NYG,WSH,RB,receiving_yards,14.9,-2.3,43.7,,,eligible,eligible_current_role,starter,Active,1.0,direct_component_blend,20260908_1821_receiving_yards_blend,2026-10-07T10:47:48+00:00,2026-10-07T10:48:05+00:00
2026,5,401872988,2026-10-11,13:00,00-0041028,Sonny Styles,WSH,NYG,LB,tackles,1.4,0.0,4.9,0.6546773935797492,0.3615162652807819,eligible,eligible_current_role,recent_defensive_participant,,,direct,20260908_1821_tackles_direct,2026-10-07T10:47:48+00:00,2026-10-07T10:48:05+00:00
2026,5,401872988,2026-10-11,13:00,00-0041040,Antonio Williams,WSH,NYG,WR,rushing_yards,0.0,-14.8,20.6,,,eligible,eligible_current_role,backup,Active,3.0,direct_component_blend,20260908_1821_rushing_yards_blend,2026-10-07T10:47:48+00:00,2026-10-07T10:48:05+00:00
2026,5,401872988,2026-10-11,13:00,00-0041040,Antonio Williams,WSH,NYG,WR,receiving_yards,6.3,-16.3,46.9,,,eligible,eligible_current_role,backup,Active,3.0,direct_component_blend,20260908_1821_receiving_yards_blend,2026-10-07T10:47:48+00:00,2026-10-07T10:48:05+00:00
2026,5,401872988,2026-10-11,13:00,00-0041042,Malachi Fields,NYG,WSH,WR,rushing_yards,0.0,-14.8,20.6,,,eligible,eligible_current_role,backup,Active,2.0,direct_component_blend,20260908_1821_rushing_yards_blend,2026-10-07T10:47:48+00:00,2026-10-07T10:48:05+00:00
2026,5,401872988,2026-10-11,13:00,00-0041042,Malachi Fields,NYG,WSH,WR,receiving_yards,8.9,-13.8,49.5,,,eligible,eligible_current_role,backup,Active,2.0,direct_component_blend,20260908_1821_receiving_yards_blend,2026-10-07T10:47:48+00:00,2026-10-07T10:48:05+00:00
2026,5,401872988,2026-10-11,13:00,00-0041074,Joshua Josephs,WSH,NYG,LB,tackles,1.6,0.0,5.1,0.7468494914914969,0.46637797640892065,eligible,eligible_current_role,backup,,2.0,direct,20260908_1821_tackles_direct,2026-10-07T10:47:48+00:00,2026-10-07T10:48:05+00:00
2026,5,401872988,2026-10-11,13:00,00-0041095,Bobby Jamison-Travis,NYG,WSH,DL,tackles,1.2,0.0,4.7,0.570023113909726,0.2795350021642009,eligible,eligible_current_role,backup,Active,2.0,direct,20260908_1821_tackles_direct,2026-10-07T10:47:48+00:00,2026-10-07T10:48:05+00:00
2026,5,401872988,2026-10-11,13:00,00-0041096,Kaytron Allen,WSH,NYG,RB,rushing_yards,12.9,-17.3,55.4,,,eligible,eligible_current_role,backup,Active,3.0,direct_component_blend,20260908_1821_rushing_yards_blend,2026-10-07T10:47:48+00:00,2026-10-07T10:48:05+00:00
2026,5,401872988,2026-10-11,13:00,00-0041096,Kaytron Allen,WSH,NYG,RB,receiving_yards,2.4,-20.3,42.9,,,eligible,eligible_current_role,backup,Active,3.0,direct_component_blend,20260908_1821_receiving_yards_blend,2026-10-07T10:47:48+00:00,2026-10-07T10:48:05+00:00
2026,5,401872988,2026-10-11,13:00,00-0041117,Athan Kaliakmanis,WSH,NYG,QB,rushing_yards,8.2,-9.4,32.8,,,eligible,eligible_current_role,backup,Active,3.0,direct_component_blend,20260908_1821_rushing_yards_blend,2026-10-07T10:47:48+00:00,2026-10-07T10:48:05+00:00
2026,5,401872988,2026-10-11,13:00,00-0041145,Dominic Zvada,NYG,WSH,K,kicking_points,7.2,0.7,14.7,,,eligible,eligible_current_role,starter,Active,1.0,component,20260908_1821_kicking_points_component,2026-10-07T10:47:48+00:00,2026-10-07T10:48:05+00:00
2026,5,401872988,2026-10-11,13:00,00-0041182,Drew Stevens,WSH,NYG,K,kicking_points,7.0,0.5,14.5,,,eligible,eligible_current_role,starter,Active,1.0,component,20260908_1821_kicking_points_component,2026-10-07T10:47:48+00:00,2026-10-07T10:48:05+00:00
2026,5,401872988,2026-10-11,13:00,00-0041462,Colton Hood,NYG,WSH,DB,tackles,2.2,0.0,6.1,0.8288931670673492,0.5876968695156972,eligible,eligible_current_role,backup,,2.0,direct,20260908_1821_tackles_direct,2026-10-07T10:47:48+00:00,2026-10-07T10:48:05+00:00
2026,5,401872988,2026-10-11,13:00,00-0041509,Arvell Reese,NYG,WSH,LB,tackles,1.4,0.0,5.0,0.6834798023966632,0.3921560443574481,eligible,eligible_current_role,recent_defensive_participant,Active,,direct,20260908_1821_tackles_direct,2026-10-07T10:47:48+00:00,2026-10-07T10:48:05+00:00
2026,5,401872989,2026-10-11,13:05,00-0030294,Tony Jefferson,LAC,DEN,DB,tackles,4.1,1.4,7.6,0.9585110085885951,0.8689538557160964,eligible,eligible_current_role,backup,,2.0,direct,20260908_1821_tackles_direct,2026-10-07T10:47:48+00:00,2026-10-07T10:48:05+00:00
2026,5,401872989,2026-10-11,13:05,00-0031040,Khalil Mack,LAC,DEN,LB,tackles,2.8,0.0,6.9,0.8951358200874306,0.7237325947397243,eligible,eligible_current_role,starter,,1.0,direct,20260908_1821_tackles_direct,2026-10-07T10:47:48+00:00,2026-10-07T10:48:05+00:00
2026,5,401872989,2026-10-11,13:05,00-0031898,Alex Singleton,DEN,LAC,LB,tackles,7.5,5.4,12.4,0.983495145631068,0.9631067961165048,eligible,eligible_current_role,recent_defensive_participant,Active,,direct,20260908_1821_tackles_direct,2026-10-07T10:47:48+00:00,2026-10-07T10:48:05+00:00
2026,5,401872989,2026-10-11,13:05,00-0032146,Bud Dupree,LAC,DEN,LB,tackles,1.2,0.0,3.7,0.5723927416665043,0.28182440445729223,eligible,eligible_current_role,backup,,2.0,direct,20260908_1821_tackles_direct,2026-10-07T10:47:48+00:00,2026-10-07T10:48:05+00:00
2026,5,401872989,2026-10-11,13:05,00-0032569,Wil Lutz,DEN,LAC,K,kicking_points,6.9,1.9,12.8,,,eligible,eligible_current_role,starter,Active,1.0,component,20260908_1821_kicking_points_component,2026-10-07T10:47:48+00:00,2026-10-07T10:48:05+00:00
2026,5,401872989,2026-10-11,13:05,00-0033297,D.J. Jones,DEN,LAC,DL,tackles,2.4,0.4,4.9,0.8515118246848423,0.6297567473423455,eligible,eligible_current_role,starter,,1.0,direct,20260908_1821_tackles_direct,2026-10-07T10:47:48+00:00,2026-10-07T10:48:05+00:00
2026,5,401872989,2026-10-11,13:05,00-0033546,Dalvin Tomlinson,LAC,DEN,DL,tackles,1.6,0.0,4.0,0.7396018896155204,0.4571208925631743,eligible,questionable_flag,backup,Questionable,2.0,direct,20260908_1821_tackles_direct,2026-10-07T10:47:48+00:00,2026-10-07T10:48:05+00:00
2026,5,401872989,2026-10-11,13:05,00-0033881,Evan Engram,DEN,LAC,TE,rushing_yards,0.0,-10.8,14.9,,,eligible,eligible_current_role,starter,Active,1.0,direct_component_blend,20260908_1821_rushing_yards_blend,2026-10-07T10:47:48+00:00,2026-10-07T10:48:05+00:00
2026,5,401872989,2026-10-11,13:05,00-0033881,Evan Engram,DEN,LAC,TE,receiving_yards,19.9,2.8,48.7,,,eligible,eligible_current_role,starter,Active,1.0,direct_component_blend,20260908_1821_receiving_yards_blend,2026-10-07T10:47:48+00:00,2026-10-07T10:48:05+00:00
2026,5,401872989,2026-10-11,13:05,00-0034272,Marquez Valdes-Scantling,LAC,DEN,WR,rushing_yards,0.0,-10.8,14.9,,,eligible,eligible_current_role,backup,,5.0,direct_component_blend,20260908_1821_rushing_yards_blend,2026-10-07T10:47:48+00:00,2026-10-07T10:48:05+00:00
2026,5,401872989,2026-10-11,13:05,00-0034272,Marquez Valdes-Scantling,LAC,DEN,WR,receiving_yards,19.3,-7.4,68.5,,,eligible,eligible_current_role,backup,,5.0,direct_component_blend,20260908_1821_receiving_yards_blend,2026-10-07T10:47:48+00:00,2026-10-07T10:48:05+00:00
2026,5,401872989,2026-10-11,13:05,00-0034348,Courtland Sutton,DEN,LAC,WR,rushing_yards,0.0,-10.8,14.9,,,eligible,eligible_current_role,backup,Active,2.0,direct_component_blend,20260908_1821_rushing_yards_blend,2026-10-07T10:47:48+00:00,2026-10-07T10:48:05+00:00
2026,5,401872989,2026-10-11,13:05,00-0034348,Courtland Sutton,DEN,LAC,WR,receiving_yards,53.8,27.2,103.0,,,eligible,eligible_current_role,backup,Active,2.0,direct_component_blend,20260908_1821_receiving_yards_blend,2026-10-07T10:47:48+00:00,2026-10-07T10:48:05+00:00
2026,5,401872989,2026-10-11,13:05,00-0034356,Donte Jackson,LAC,DEN,DB,tackles,2.2,0.1,5.0,0.8305248527487238,0.5906192069632475,eligible,questionable_flag,starter,Questionable,1.0,direct,20260908_1821_tackles_direct,2026-10-07T10:47:48+00:00,2026-10-07T10:48:05+00:00
2026,5,401872989,2026-10-11,13:05,00-0034790,Derwin James,LAC,DEN,DB,tackles,5.9,3.2,9.4,0.982942023871356,0.956668947660816,eligible,questionable_flag,starter,Questionable,1.0,direct,20260908_1821_tackles_direct,2026-10-07T10:47:48+00:00,2026-10-07T10:48:05+00:00
2026,5,401872989,2026-10-11,13:05,00-0035125,Alec Ingold,LAC,DEN,RB,rushing_yards,2.3,-8.5,17.3,,,eligible,eligible_current_role,starter,,1.0,direct_component_blend,20260908_1821_rushing_yards_blend,2026-10-07T10:47:48+00:00,2026-10-07T10:48:05+00:00
2026,5,401872989,2026-10-11,13:05,00-0035125,Alec Ingold,LAC,DEN,RB,receiving_yards,8.1,-9.0,36.9,,,eligible,eligible_current_role,starter,,1.0,direct_component_blend,20260908_1821_receiving_yards_blend,2026-10-07T10:47:48+00:00,2026-10-07T10:48:05+00:00
2026,5,401872989,2026-10-11,13:05,00-0035202,Del'Shawn Phillips,LAC,DEN,LB,tackles,1.8,0.0,4.3,0.7712045243637005,0.49589408894917236,eligible,eligible_current_role,recent_defensive_participant,,,direct,20260908_1821_tackles_direct,2026-10-07T10:47:48+00:00,2026-10-07T10:48:05+00:00
2026,5,401872989,2026-10-11,13:05,00-0035248,Zach Allen,DEN,LAC,DL,tackles,2.2,0.1,5.0,0.830013502800134,0.5897017830194292,eligible,eligible_current_role,starter,,1.0,direct,20260908_1821_tackles_direct,2026-10-07T10:47:48+00:00,2026-10-07T10:48:05+00:00
2026,5,401872989,2026-10-11,13:05,00-0035264,Jarrett Stidham,DEN,LAC,QB,rushing_yards,4.0,-6.7,19.1,,,eligible,eligible_current_role,backup,,2.0,direct_component_blend,20260908_1821_rushing_yards_blend,2026-10-07T10:47:48+00:00,2026-10-07T10:48:05+00:00
2026,5,401872989,2026-10-11,13:05,00-0035763,Malcolm Roach,DEN,LAC,DL,tackles,2.2,0.3,4.7,0.8325825543269003,0.5943258590654854,eligible,eligible_current_role,backup,,2.0,direct,20260908_1821_tackles_direct,2026-10-07T10:47:48+00:00,2026-10-07T10:48:05+00:00
2026,5,401872989,2026-10-11,13:05,00-0036158,J.K. Dobbins,DEN,LAC,RB,rushing_yards,52.6,30.6,83.5,,,eligible,eligible_current_role,starter,Active,1.0,direct_component_blend,20260908_1821_rushing_yards_blend,2026-10-07T10:47:48+00:00,2026-10-07T10:48:05+00:00
2026,5,401872989,2026-10-11,13:05,00-0036158,J.K. Dobbins,DEN,LAC,RB,receiving_yards,9.8,-7.4,38.6,,,eligible,eligible_current_role,starter,Active,1.0,direct_component_blend,20260908_1821_receiving_yards_blend,2026-10-07T10:47:48+00:00,2026-10-07T10:48:05+00:00
2026,5,401872989,2026-10-11,13:05,00-0036181,Teair Tart,LAC,DEN,DL,tackles,1.9,0.0,4.5,0.7867036680317523,0.5168605485751225,eligible,eligible_current_role,starter,,1.0,direct,20260908_1821_tackles_direct,2026-10-07T10:47:48+00:00,2026-10-07T10:48:05+00:00
2026,5,401872989,2026-10-11,13:05,00-0036221,Brandon Jones,DEN,LAC,DB,tackles,5.1,2.3,8.5,0.9805237695233795,0.932170476563143,eligible,eligible_current_role,starter,Active,1.0,direct,20260908_1821_tackles_direct,2026-10-07T10:47:48+00:00,2026-10-07T10:48:05+00:00
2026,5,401872989,2026-10-11,13:05,00-0036338,Troy Dye,LAC,DEN,LB,tackles,2.2,0.3,4.7,0.8284768132367395,0.5869535558820919,eligible,eligible_current_role,recent_defensive_participant,,,direct,20260908_1821_tackles_direct,2026-10-07T10:47:48+00:00,2026-10-07T10:48:05+00:00
2026,5,401872989,2026-10-11,13:05,00-0036355,Justin Herbert,LAC,DEN,QB,passing_yards,246.0,152.6,352.3,,,eligible,eligible_current_role,starter,Active,1.0,direct_component_blend,20260908_1821_passing_yards_blend,2026-10-07T10:47:48+00:00,2026-10-07T10:48:05+00:00
2026,5,401872989,2026-10-11,13:05,00-0036355,Justin Herbert,LAC,DEN,QB,passing_tds,1.558,,,0.8125,0.509871243422068,eligible,eligible_current_role,starter,Active,1.0,direct_component_blend,20260908_1821_passing_tds_blend,2026-10-07T10:47:48+00:00,2026-10-07T10:48:05+00:00
2026,5,401872989,2026-10-11,13:05,00-0036355,Justin Herbert,LAC,DEN,QB,rushing_yards,19.8,7.1,37.8,,,eligible,eligible_current_role,starter,Active,1.0,direct_component_blend,20260908_1821_rushing_yards_blend,2026-10-07T10:47:48+00:00,2026-10-07T10:48:05+00:00
2026,5,401872989,2026-10-11,13:05,00-0036422,Adam Trautman,DEN,LAC,TE,rushing_yards,0.0,-10.8,14.9,,,eligible,eligible_current_role,backup,,2.0,direct_component_blend,20260908_1821_rushing_yards_blend,2026-10-07T10:47:48+00:00,2026-10-07T10:48:05+00:00
2026,5,401872989,2026-10-11,13:05,00-0036422,Adam Trautman,DEN,LAC,TE,receiving_yards,13.0,-4.2,41.8,,,eligible,eligible_current_role,backup,,2.0,direct_component_blend,20260908_1821_receiving_yards_blend,2026-10-07T10:47:48+00:00,2026-10-07T10:48:05+00:00
2026,5,401872989,2026-10-11,13:05,00-0036428,Justin Strnad,DEN,LAC,LB,tackles,3.6,1.5,6.0,0.9342781467597258,0.8191179040698021,eligible,eligible_current_role,recent_defensive_participant,,,direct,20260908_1821_tackles_direct,2026-10-07T10:47:48+00:00,2026-10-07T10:48:05+00:00
2026,5,401872989,2026-10-11,13:05,00-0036564,Talanoa Hufanga,DEN,LAC,DB,tackles,5.6,2.9,9.1,0.9822757867754486,0.9495462788993333,eligible,eligible_current_role,starter,Active,1.0,direct,20260908_1821_tackles_direct,2026-10-07T10:47:48+00:00,2026-10-07T10:48:05+00:00
2026,5,401872989,2026-10-11,13:05,00-0036613,Jaylen Waddle,DEN,LAC,WR,rushing_yards,1.1,-9.6,16.1,,,eligible,eligible_current_role,starter,Active,1.0,direct_component_blend,20260908_1821_rushing_yards_blend,2026-10-07T10:47:48+00:00,2026-10-07T10:48:05+00:00
2026,5,401872989,2026-10-11,13:05,00-0036613,Jaylen Waddle,DEN,LAC,WR,receiving_yards,27.8,1.1,76.9,,,eligible,eligible_current_role,starter,Active,1.0,direct_component_blend,20260908_1821_receiving_yards_blend,2026-10-07T10:47:48+00:00,2026-10-07T10:48:05+00:00
2026,5,401872989,2026-10-11,13:05,00-0036683,Devon Key,DEN,LAC,DB,tackles,1.1,0.0,3.5,0.5548263292332822,0.26527150077521894,eligible,eligible_current_role,backup,,2.0,direct,20260908_1821_tackles_direct,2026-10-07T10:47:48+00:00,2026-10-07T10:48:05+00:00
2026,5,401872989,2026-10-11,13:05,00-0036727,Adam Prentice,DEN,LAC,RB,rushing_yards,2.2,-8.5,17.3,,,eligible,eligible_current_role,starter,Active,1.0,direct_component_blend,20260908_1821_rushing_yards_blend,2026-10-07T10:47:48+00:00,2026-10-07T10:48:05+00:00
2026,5,401872989,2026-10-11,13:05,00-0036727,Adam Prentice,DEN,LAC,RB,receiving_yards,4.8,-12.4,33.6,,,eligible,eligible_current_role,starter,Active,1.0,direct_component_blend,20260908_1821_receiving_yards_blend,2026-10-07T10:47:48+00:00,2026-10-07T10:48:05+00:00
2026,5,401872989,2026-10-11,13:05,00-0036874,Pat Surtain II,DEN,LAC,DB,tackles,3.4,0.8,6.9,0.9261294629995092,0.80461242525306,eligible,eligible_current_role,starter,Doubtful,1.0,direct,20260908_1821_tackles_direct,2026-10-07T10:47:48+00:00,2026-10-07T10:48:05+00:00
2026,5,401872989,2026-10-11,13:05,00-0036879,Sam Ehlinger,DEN,LAC,QB,rushing_yards,8.0,-4.8,25.9,,,eligible,eligible_current_role,backup,Active,3.0,direct_component_blend,20260908_1821_rushing_yards_blend,2026-10-07T10:47:48+00:00,2026-10-07T10:48:05+00:00
2026,5,401872989,2026-10-11,13:05,00-0036992,Elijah Molden,LAC,DEN,DB,tackles,4.1,1.8,6.7,0.9565488824832866,0.8642805415258383,eligible,eligible_current_role,starter,Active,1.0,direct,20260908_1821_tackles_direct,2026-10-07T10:47:48+00:00,2026-10-07T10:48:05+00:00
2026,5,401872989,2026-10-11,13:05,00-0037012,Trey Lance,LAC,DEN,QB,rushing_yards,7.3,-5.5,25.3,,,eligible,eligible_current_role,backup,Active,2.0,direct_component_blend,20260908_1821_rushing_yards_blend,2026-10-07T10:47:48+00:00,2026-10-07T10:48:05+00:00
2026,5,401872989,2026-10-11,13:05,00-0037085,Tyler Badie,DEN,LAC,RB,rushing_yards,3.0,-7.7,18.0,,,eligible,eligible_current_role,backup,Active,3.0,direct_component_blend,20260908_1821_rushing_yards_blend,2026-10-07T10:47:48+00:00,2026-10-07T10:48:05+00:00
2026,5,401872989,2026-10-11,13:05,00-0037085,Tyler Badie,DEN,LAC,RB,receiving_yards,5.5,-11.7,34.3,,,eligible,eligible_current_role,backup,Active,3.0,direct_component_blend,20260908_1821_receiving_yards_blend,2026-10-07T10:47:48+00:00,2026-10-07T10:48:05+00:00
2026,5,401872989,2026-10-11,13:05,00-0037224,Cameron Dicker,LAC,DEN,K,kicking_points,7.6,2.6,13.5,,,eligible,eligible_current_role,starter,Active,1.0,component,20260908_1821_kicking_points_component,2026-10-07T10:47:48+00:00,2026-10-07T10:48:05+00:00
2026,5,401872989,2026-10-11,13:05,00-0037249,Nik Bonitto,DEN,LAC,LB,tackles,2.3,0.4,4.8,0.8487525590601942,0.6244692938350936,eligible,eligible_current_role,starter,,1.0,direct,20260908_1821_tackles_direct,2026-10-07T10:47:48+00:00,2026-10-07T10:48:05+00:00
2026,5,401872989,2026-10-11,13:05,00-0037294,Jordan Jackson,DEN,LAC,DL,tackles,1.1,0.0,3.5,0.5536545796833758,0.2642011242632889,eligible,eligible_current_role,backup,,2.0,direct,20260908_1821_tackles_direct,2026-10-07T10:47:48+00:00,2026-10-07T10:48:05+00:00
2026,5,401872989,2026-10-11,13:05,00-0037320,Deane Leonard,LAC,DEN,DB,tackles,0.7,0.0,3.2,0.4164834553570421,0.14452098457395524,eligible,eligible_current_role,backup,,2.0,direct,20260908_1821_tackles_direct,2026-10-07T10:47:48+00:00,2026-10-07T10:48:05+00:00
2026,5,401872989,2026-10-11,13:05,00-0037384,Ja'Quan McMillian,DEN,LAC,DB,tackles,3.7,1.5,6.4,0.9409781466813915,0.8315575832929502,eligible,eligible_current_role,starter,,1.0,direct,20260908_1821_tackles_direct,2026-10-07T10:47:48+00:00,2026-10-07T10:48:05+00:00
2026,5,401872989,2026-10-11,13:05,00-0037752,Tycen Anderson,DEN,LAC,DB,tackles,1.7,0.0,4.2,0.7598512048213966,0.4818031340732134,eligible,eligible_current_role,backup,,3.0,direct,20260908_1821_tackles_direct,2026-10-07T10:47:48+00:00,2026-10-07T10:48:05+00:00
2026,5,401872989,2026-10-11,13:05,00-0037799,Dondrea Tillman,DEN,LAC,LB,tackles,1.8,0.0,4.3,0.770098228611164,0.4944942531262373,eligible,questionable_flag,backup,Questionable,2.0,direct,20260908_1821_tackles_direct,2026-10-07T10:47:48+00:00,2026-10-07T10:48:05+00:00
2026,5,401872989,2026-10-11,13:05,00-0038046,Charlie Kolar,LAC,DEN,TE,rushing_yards,0.0,-10.8,14.9,,,eligible,questionable_flag,starter,Questionable,1.0,direct_component_blend,20260908_1821_rushing_yards_blend,2026-10-07T10:47:48+00:00,2026-10-07T10:48:05+00:00
2026,5,401872989,2026-10-11,13:05,00-0038046,Charlie Kolar,LAC,DEN,TE,receiving_yards,6.5,-10.6,35.4,,,eligible,questionable_flag,starter,Questionable,1.0,direct_component_blend,20260908_1821_receiving_yards_blend,2026-10-07T10:47:48+00:00,2026-10-07T10:48:05+00:00
2026,5,401872989,2026-10-11,13:05,00-0038106,Eyioma Uwazurike,DEN,LAC,DL,tackles,2.0,0.1,4.6,0.8064417869398604,0.5489226895102196,eligible,eligible_current_role,starter,,1.0,direct,20260908_1821_tackles_direct,2026-10-07T10:47:48+00:00,2026-10-07T10:48:05+00:00
2026,5,401872989,2026-10-11,13:05,00-0038414,Kendall Williamson,LAC,DEN,DB,tackles,0.8,0.0,3.3,0.44327953262813374,0.18002869407561284,eligible,eligible_current_role,backup,,3.0,direct,20260908_1821_tackles_direct,2026-10-07T10:47:48+00:00,2026-10-07T10:48:05+00:00
2026,5,401872989,2026-10-11,13:05,00-0038454,Keaton Mitchell,LAC,DEN,RB,rushing_yards,19.8,-2.2,50.8,,,eligible,eligible_current_role,backup,Active,2.0,direct_component_blend,20260908_1821_rushing_yards_blend,2026-10-07T10:47:48+00:00,2026-10-07T10:48:05+00:00
2026,5,401872989,2026-10-11,13:05,00-0038454,Keaton Mitchell,LAC,DEN,RB,receiving_yards,5.1,-12.1,33.9,,,eligible,eligible_current_role,backup,Active,2.0,direct_component_blend,20260908_1821_receiving_yards_blend,2026-10-07T10:47:48+00:00,2026-10-07T10:48:05+00:00
2026,5,401872989,2026-10-11,13:05,00-0038544,Quentin Johnston,LAC,DEN,WR,rushing_yards,0.0,-10.7,15.1,,,eligible,eligible_current_role,backup,Active,2.0,direct_component_blend,20260908_1821_rushing_yards_blend,2026-10-07T10:47:48+00:00,2026-10-07T10:48:05+00:00
2026,5,401872989,2026-10-11,13:05,00-0038544,Quentin Johnston,LAC,DEN,WR,receiving_yards,39.0,12.4,88.2,,,eligible,eligible_current_role,backup,Active,2.0,direct_component_blend,20260908_1821_receiving_yards_blend,2026-10-07T10:47:48+00:00,2026-10-07T10:48:05+00:00
2026,5,401872989,2026-10-11,13:05,00-0038552,Riley Moss,DEN,LAC,DB,tackles,5.0,2.3,8.4,0.9802343731087302,0.929443007408742,eligible,questionable_flag,starter,Questionable,1.0,direct,20260908_1821_tackles_direct,2026-10-07T10:47:48+00:00,2026-10-07T10:48:05+00:00
2026,5,401872989,2026-10-11,13:05,00-0038553,Daiyan Henley,LAC,DEN,LB,tackles,6.7,3.8,10.7,0.983495145631068,0.9631067961165048,eligible,eligible_current_role,recent_defensive_participant,,,direct,20260908_1821_tackles_direct,2026-10-07T10:47:48+00:00,2026-10-07T10:48:05+00:00
2026,5,401872989,2026-10-11,13:05,00-0038573,Derius Davis,LAC,DEN,WR,rushing_yards,0.4,-10.3,15.4,,,eligible,eligible_current_role,backup,,6.0,direct_component_blend,20260908_1821_rushing_yards_blend,2026-10-07T10:47:48+00:00,2026-10-07T10:48:05+00:00
2026,5,401872989,2026-10-11,13:05,00-0038573,Derius Davis,LAC,DEN,WR,receiving_yards,1.0,-16.1,29.8,,,eligible,eligible_current_role,backup,,6.0,direct_component_blend,20260908_1821_receiving_yards_blend,2026-10-07T10:47:48+00:00,2026-10-07T10:48:05+00:00
2026,5,401872989,2026-10-11,13:05,00-0038605,JL Skinner,DEN,LAC,DB,tackles,0.6,0.0,3.1,0.39088263821532493,0.11445198836081474,eligible,eligible_current_role,backup,,2.0,direct,20260908_1821_tackles_direct,2026-10-07T10:47:48+00:00,2026-10-07T10:48:05+00:00
2026,5,401872989,2026-10-11,13:05,00-0038783,Nate Adkins,DEN,LAC,TE,rushing_yards,0.4,-10.3,15.5,,,eligible,eligible_current_role,backup,Active,3.0,direct_component_blend,20260908_1821_rushing_yards_blend,2026-10-07T10:47:48+00:00,2026-10-07T10:48:05+00:00
2026,5,401872989,2026-10-11,13:05,00-0038783,Nate Adkins,DEN,LAC,TE,receiving_yards,5.2,-12.0,34.0,,,eligible,eligible_current_role,backup,Active,3.0,direct_component_blend,20260908_1821_receiving_yards_blend,2026-10-07T10:47:48+00:00,2026-10-07T10:48:05+00:00
2026,5,401872989,2026-10-11,13:05,00-0038976,Marvin Mims Jr.,DEN,LAC,WR,rushing_yards,1.2,-9.5,16.2,,,eligible,eligible_current_role,backup,Active,4.0,direct_component_blend,20260908_1821_rushing_yards_blend,2026-10-07T10:47:48+00:00,2026-10-07T10:48:05+00:00
2026,5,401872989,2026-10-11,13:05,00-0038976,Marvin Mims Jr.,DEN,LAC,WR,receiving_yards,16.8,-9.8,66.0,,,eligible,eligible_current_role,backup,Active,4.0,direct_component_blend,20260908_1821_receiving_yards_blend,2026-10-07T10:47:48+00:00,2026-10-07T10:48:05+00:00
2026,5,401872989,2026-10-11,13:05,00-0039111,Tuli Tuipulotu,LAC,DEN,LB,tackles,3.1,0.2,7.2,0.9115965401295051,0.7685807343559539,eligible,eligible_current_role,starter,Active,1.0,direct,20260908_1821_tackles_direct,2026-10-07T10:47:48+00:00,2026-10-07T10:48:05+00:00
2026,5,401872989,2026-10-11,13:05,00-0039366,Tarheeb Still,LAC,DEN,DB,tackles,3.9,1.3,7.4,0.951312663004952,0.8520681848921796,eligible,eligible_current_role,starter,,1.0,direct,20260908_1821_tackles_direct,2026-10-07T10:47:48+00:00,2026-10-07T10:48:05+00:00
2026,5,401872989,2026-10-11,13:05,00-0039369,Cam Hart,LAC,DEN,DB,tackles,3.6,0.9,7.1,0.9365994316738356,0.8233715077352053,eligible,eligible_current_role,starter,,1.0,direct,20260908_1821_tackles_direct,2026-10-07T10:47:48+00:00,2026-10-07T10:48:05+00:00
2026,5,401872989,2026-10-11,13:05,00-0039371,Kris Abrams-Draine,DEN,LAC,DB,tackles,0.8,0.0,3.3,0.4566326385314995,0.1898067399939835,eligible,eligible_current_role,backup,,2.0,direct,20260908_1821_tackles_direct,2026-10-07T10:47:48+00:00,2026-10-07T10:48:05+00:00
2026,5,401872989,2026-10-11,13:05,00-0039391,Kimani Vidal,LAC,DEN,RB,rushing_yards,25.5,3.5,56.4,,,eligible,eligible_current_role,backup,Active,3.0,direct_component_blend,20260908_1821_rushing_yards_blend,2026-10-07T10:47:48+00:00,2026-10-07T10:48:05+00:00
2026,5,401872989,2026-10-11,13:05,00-0039391,Kimani Vidal,LAC,DEN,RB,receiving_yards,9.9,-7.2,38.7,,,eligible,eligible_current_role,backup,Active,3.0,direct_component_blend,20260908_1821_receiving_yards_blend,2026-10-07T10:47:48+00:00,2026-10-07T10:48:05+00:00
2026,5,401872989,2026-10-11,13:05,00-0039489,Hayden Rucci,LAC,DEN,TE,rushing_yards,0.0,-11.9,16.4,,,eligible,eligible_current_role,backup,,3.0,direct_component_blend,20260908_1821_rushing_yards_blend,2026-10-07T10:47:48+00:00,2026-10-07T10:48:05+00:00
2026,5,401872989,2026-10-11,13:05,00-0039489,Hayden Rucci,LAC,DEN,TE,receiving_yards,1.7,-16.9,33.7,,,eligible,eligible_current_role,backup,,3.0,direct_component_blend,20260908_1821_receiving_yards_blend,2026-10-07T10:47:48+00:00,2026-10-07T10:48:05+00:00
2026,5,401872989,2026-10-11,13:05,00-0039732,Bo Nix,DEN,LAC,QB,passing_yards,222.8,129.3,329.0,,,eligible,eligible_current_role,starter,Active,1.0,direct_component_blend,20260908_1821_passing_yards_blend,2026-10-07T10:47:48+00:00,2026-10-07T10:48:05+00:00
2026,5,401872989,2026-10-11,13:05,00-0039732,Bo Nix,DEN,LAC,QB,passing_tds,1.5,,,0.8125,0.5024570870175689,eligible,eligible_current_role,starter,Active,1.0,direct_component_blend,20260908_1821_passing_tds_blend,2026-10-07T10:47:48+00:00,2026-10-07T10:48:05+00:00
2026,5,401872989,2026-10-11,13:05,00-0039732,Bo Nix,DEN,LAC,QB,rushing_yards,16.5,3.7,34.4,,,eligible,eligible_current_role,starter,Active,1.0,direct_component_blend,20260908_1821_rushing_yards_blend,2026-10-07T10:47:48+00:00,2026-10-07T10:48:05+00:00
2026,5,401872989,2026-10-11,13:05,00-0039809,Jonah Elliss,DEN,LAC,LB,tackles,2.1,0.2,4.7,0.8225777411259511,0.576523869667275,eligible,eligible_current_role,starter,,1.0,direct,20260908_1821_tackles_direct,2026-10-07T10:47:48+00:00,2026-10-07T10:48:05+00:00
2026,5,401872989,2026-10-11,13:05,00-0039835,Justin Eboigbe,LAC,DEN,DL,tackles,1.7,0.0,4.1,0.7548500350691396,0.4757829241887223,eligible,eligible_current_role,starter,,1.0,direct,20260908_1821_tackles_direct,2026-10-07T10:47:48+00:00,2026-10-07T10:48:05+00:00
2026,5,401872989,2026-10-11,13:05,00-0039868,Troy Franklin,DEN,LAC,WR,rushing_yards,0.3,-10.4,15.3,,,eligible,eligible_current_role,backup,Active,5.0,direct_component_blend,20260908_1821_rushing_yards_blend,2026-10-07T10:47:48+00:00,2026-10-07T10:48:05+00:00
2026,5,401872989,2026-10-11,13:05,00-0039868,Troy Franklin,DEN,LAC,WR,receiving_yards,23.4,-3.3,72.6,,,eligible,eligible_current_role,backup,Active,5.0,direct_component_blend,20260908_1821_receiving_yards_blend,2026-10-07T10:47:48+00:00,2026-10-07T10:48:05+00:00
2026,5,401872989,2026-10-11,13:05,00-0039915,Ladd McConkey,LAC,DEN,WR,rushing_yards,0.0,-10.8,14.9,,,eligible,questionable_flag,starter,Questionable,1.0,direct_component_blend,20260908_1821_rushing_yards_blend,2026-10-07T10:47:48+00:00,2026-10-07T10:48:05+00:00
2026,5,401872989,2026-10-11,13:05,00-0039915,Ladd McConkey,LAC,DEN,WR,receiving_yards,43.7,26.5,72.5,,,eligible,questionable_flag,starter,Questionable,1.0,direct_component_blend,20260908_1821_receiving_yards_blend,2026-10-07T10:47:48+00:00,2026-10-07T10:48:05+00:00
2026,5,401872989,2026-10-11,13:05,00-0040134,Pat Bryant,DEN,LAC,WR,rushing_yards,0.8,-9.9,15.9,,,eligible,eligible_current_role,backup,Doubtful,3.0,direct_component_blend,20260908_1821_rushing_yards_blend,2026-10-07T10:47:48+00:00,2026-10-07T10:48:05+00:00
2026,5,401872989,2026-10-11,13:05,00-0040134,Pat Bryant,DEN,LAC,WR,receiving_yards,26.6,-0.0,75.8,,,eligible,eligible_current_role,backup,Doubtful,3.0,direct_component_blend,20260908_1821_receiving_yards_blend,2026-10-07T10:47:48+00:00,2026-10-07T10:48:05+00:00
2026,5,401872989,2026-10-11,13:05,00-0040144,Jamaree Caldwell,LAC,DEN,DL,tackles,1.8,0.0,4.2,0.7656831477684414,0.4889660205944853,eligible,eligible_current_role,starter,,1.0,direct,20260908_1821_tackles_direct,2026-10-07T10:47:48+00:00,2026-10-07T10:48:05+00:00
2026,5,401872989,2026-10-11,13:05,00-0040153,Sai'vion Jones,DEN,LAC,DL,tackles,1.0,0.0,4.5,0.5310732142891121,0.24479668257615503,eligible,eligible_current_role,backup,Active,2.0,direct,20260908_1821_tackles_direct,2026-10-07T10:47:48+00:00,2026-10-07T10:48:05+00:00
2026,5,401872989,2026-10-11,13:05,00-0040168,Que Robinson,DEN,LAC,LB,tackles,1.9,0.0,4.4,0.780593417033057,0.5080182289558153,eligible,eligible_current_role,backup,,2.0,direct,20260908_1821_tackles_direct,2026-10-07T10:47:48+00:00,2026-10-07T10:48:05+00:00
2026,5,401872989,2026-10-11,13:05,00-0040189,Oronde Gadsden II,LAC,DEN,TE,rushing_yards,0.0,-10.8,15.0,,,eligible,eligible_current_role,backup,Active,2.0,direct_component_blend,20260908_1821_rushing_yards_blend,2026-10-07T10:47:48+00:00,2026-10-07T10:48:05+00:00
2026,5,401872989,2026-10-11,13:05,00-0040189,Oronde Gadsden II,LAC,DEN,TE,receiving_yards,30.4,10.7,64.7,,,eligible,eligible_current_role,backup,Active,2.0,direct_component_blend,20260908_1821_receiving_yards_blend,2026-10-07T10:47:48+00:00,2026-10-07T10:48:05+00:00
2026,5,401872989,2026-10-11,13:05,00-0040221,R.J. Mickens,LAC,DEN,DB,tackles,2.0,0.0,4.8,0.7979615379350221,0.5349288980429266,eligible,eligible_current_role,backup,,3.0,direct,20260908_1821_tackles_direct,2026-10-07T10:47:48+00:00,2026-10-07T10:48:05+00:00
2026,5,401872989,2026-10-11,13:05,00-0040331,Patrick Herbert,LAC,DEN,TE,rushing_yards,0.0,-14.8,20.6,,,eligible,eligible_current_role,roster_only,,,direct_component_blend,20260908_1821_rushing_yards_blend,2026-10-07T10:47:48+00:00,2026-10-07T10:48:05+00:00
2026,5,401872989,2026-10-11,13:05,00-0040331,Patrick Herbert,LAC,DEN,TE,receiving_yards,4.6,-18.0,45.2,,,eligible,eligible_current_role,roster_only,,,direct_component_blend,20260908_1821_receiving_yards_blend,2026-10-07T10:47:48+00:00,2026-10-07T10:48:05+00:00
2026,5,401872989,2026-10-11,13:05,00-0040460,Marlowe Wax,LAC,DEN,LB,tackles,0.6,0.0,3.1,0.39088263821532493,0.11445198836081474,eligible,eligible_current_role,recent_defensive_participant,,,direct,20260908_1821_tackles_direct,2026-10-07T10:47:48+00:00,2026-10-07T10:48:05+00:00
2026,5,401872989,2026-10-11,13:05,00-0040464,DJ Uiagalelei,LAC,DEN,QB,rushing_yards,7.8,-9.8,32.5,,,eligible,eligible_current_role,backup,Active,3.0,direct_component_blend,20260908_1821_rushing_yards_blend,2026-10-07T10:47:48+00:00,2026-10-07T10:48:05+00:00
2026,5,401872989,2026-10-11,13:05,00-0040634,Jordan Turner,DEN,LAC,LB,tackles,1.0,0.0,3.7,0.5239634822771939,0.23908500842340602,eligible,eligible_current_role,recent_defensive_participant,,,direct,20260908_1821_tackles_direct,2026-10-07T10:47:48+00:00,2026-10-07T10:48:05+00:00
2026,5,401872989,2026-10-11,13:05,00-0040666,Omarion Hampton,LAC,DEN,RB,rushing_yards,51.7,29.7,82.7,,,eligible,eligible_current_role,starter,Active,1.0,direct_component_blend,20260908_1821_rushing_yards_blend,2026-10-07T10:47:48+00:00,2026-10-07T10:48:05+00:00
2026,5,401872989,2026-10-11,13:05,00-0040666,Omarion Hampton,LAC,DEN,RB,receiving_yards,25.2,8.0,54.0,,,eligible,eligible_current_role,starter,Active,1.0,direct_component_blend,20260908_1821_receiving_yards_blend,2026-10-07T10:47:48+00:00,2026-10-07T10:48:05+00:00
2026,5,401872989,2026-10-11,13:05,00-0040720,Jahdae Barron,DEN,LAC,DB,tackles,2.3,0.4,4.8,0.8440963708388133,0.6155209558809389,eligible,eligible_current_role,backup,,2.0,direct,20260908_1821_tackles_direct,2026-10-07T10:47:48+00:00,2026-10-07T10:48:05+00:00
2026,5,401872989,2026-10-11,13:05,00-0040727,Tre Harris,LAC,DEN,WR,rushing_yards,0.3,-10.4,15.4,,,eligible,eligible_current_role,backup,Active,3.0,direct_component_blend,20260908_1821_rushing_yards_blend,2026-10-07T10:47:48+00:00,2026-10-07T10:48:05+00:00
2026,5,401872989,2026-10-11,13:05,00-0040727,Tre Harris,LAC,DEN,WR,receiving_yards,18.1,1.0,46.9,,,eligible,eligible_current_role,backup,Active,3.0,direct_component_blend,20260908_1821_receiving_yards_blend,2026-10-07T10:47:48+00:00,2026-10-07T10:48:05+00:00
2026,5,401872989,2026-10-11,13:05,00-0040730,RJ Harvey,DEN,LAC,RB,rushing_yards,33.8,11.8,64.7,,,eligible,eligible_current_role,backup,Active,2.0,direct_component_blend,20260908_1821_rushing_yards_blend,2026-10-07T10:47:48+00:00,2026-10-07T10:48:05+00:00
2026,5,401872989,2026-10-11,13:05,00-0040730,RJ Harvey,DEN,LAC,RB,receiving_yards,23.3,6.1,52.1,,,eligible,eligible_current_role,backup,Active,2.0,direct_component_blend,20260908_1821_receiving_yards_blend,2026-10-07T10:47:48+00:00,2026-10-07T10:48:05+00:00
2026,5,401872989,2026-10-11,13:05,00-0041064,Genesis Smith,LAC,DEN,DB,tackles,2.1,0.0,6.1,0.8203857595023011,0.5726960173614687,eligible,eligible_current_role,backup,,2.0,direct,20260908_1821_tackles_direct,2026-10-07T10:47:48+00:00,2026-10-07T10:48:05+00:00
2026,5,401872989,2026-10-11,13:05,00-0041072,Nick Barrett,LAC,DEN,DL,tackles,1.2,0.0,4.7,0.5684380218997467,0.2780135734731195,eligible,eligible_current_role,backup,,2.0,direct,20260908_1821_tackles_direct,2026-10-07T10:47:48+00:00,2026-10-07T10:48:05+00:00
2026,5,401872989,2026-10-11,13:05,00-0041133,Dallen Bentley,DEN,LAC,TE,rushing_yards,0.0,-14.8,20.6,,,eligible,eligible_current_role,backup,Active,4.0,direct_component_blend,20260908_1821_rushing_yards_blend,2026-10-07T10:47:48+00:00,2026-10-07T10:48:05+00:00
2026,5,401872989,2026-10-11,13:05,00-0041133,Dallen Bentley,DEN,LAC,TE,receiving_yards,4.2,-18.5,44.7,,,eligible,eligible_current_role,backup,Active,4.0,direct_component_blend,20260908_1821_receiving_yards_blend,2026-10-07T10:47:48+00:00,2026-10-07T10:48:05+00:00
2026,5,401872989,2026-10-11,13:05,00-0041292,Kolbe Katsis,DEN,LAC,WR,rushing_yards,0.0,-14.8,20.6,,,eligible,eligible_current_role,roster_only,,,direct_component_blend,20260908_1821_rushing_yards_blend,2026-10-07T10:47:48+00:00,2026-10-07T10:48:05+00:00
2026,5,401872989,2026-10-11,13:05,00-0041292,Kolbe Katsis,DEN,LAC,WR,receiving_yards,7.0,-15.7,47.5,,,eligible,eligible_current_role,roster_only,,,direct_component_blend,20260908_1821_receiving_yards_blend,2026-10-07T10:47:48+00:00,2026-10-07T10:48:05+00:00
2026,5,401872989,2026-10-11,13:05,00-0041299,Cam Ross,DEN,LAC,WR,rushing_yards,0.0,-14.7,20.7,,,eligible,eligible_current_role,roster_only,,,direct_component_blend,20260908_1821_rushing_yards_blend,2026-10-07T10:47:48+00:00,2026-10-07T10:48:05+00:00
2026,5,401872989,2026-10-11,13:05,00-0041299,Cam Ross,DEN,LAC,WR,receiving_yards,7.4,-15.2,48.0,,,eligible,eligible_current_role,roster_only,,,direct_component_blend,20260908_1821_receiving_yards_blend,2026-10-07T10:47:48+00:00,2026-10-07T10:48:05+00:00
2026,5,401872989,2026-10-11,13:05,00-0041374,Sincere Brown,LAC,DEN,WR,rushing_yards,0.0,-14.8,20.7,,,eligible,eligible_current_role,roster_only,,,direct_component_blend,20260908_1821_rushing_yards_blend,2026-10-07T10:47:48+00:00,2026-10-07T10:48:05+00:00
2026,5,401872989,2026-10-11,13:05,00-0041374,Sincere Brown,LAC,DEN,WR,receiving_yards,6.9,-15.8,47.4,,,eligible,eligible_current_role,roster_only,,,direct_component_blend,20260908_1821_receiving_yards_blend,2026-10-07T10:47:48+00:00,2026-10-07T10:48:05+00:00
2026,5,401872989,2026-10-11,13:05,00-0041381,Rodney Shelley,LAC,DEN,DB,tackles,2.1,0.0,6.1,0.8203857595023011,0.5726960173614687,eligible,eligible_current_role,backup,,2.0,direct,20260908_1821_tackles_direct,2026-10-07T10:47:48+00:00,2026-10-07T10:48:05+00:00
2026,5,401872989,2026-10-11,13:05,00-0041544,Akheem Mesidor,LAC,DEN,LB,tackles,1.5,0.0,5.0,0.7078897227068324,0.419512547827846,eligible,eligible_current_role,backup,,2.0,direct,20260908_1821_tackles_direct,2026-10-07T10:47:48+00:00,2026-10-07T10:48:05+00:00
2026,5,401872989,2026-10-11,13:05,00-0041550,Brenen Thompson,LAC,DEN,WR,rushing_yards,0.0,-14.8,20.6,,,eligible,questionable_flag,backup,Questionable,4.0,direct_component_blend,20260908_1821_rushing_yards_blend,2026-10-07T10:47:48+00:00,2026-10-07T10:48:05+00:00
2026,5,401872989,2026-10-11,13:05,00-0041550,Brenen Thompson,LAC,DEN,WR,receiving_yards,6.4,-16.2,47.0,,,eligible,questionable_flag,backup,Questionable,4.0,direct_component_blend,20260908_1821_receiving_yards_blend,2026-10-07T10:47:48+00:00,2026-10-07T10:48:05+00:00
2026,5,401872989,2026-10-11,13:05,00-0041552,Tyler Onyedim,DEN,LAC,DL,tackles,1.2,0.0,4.7,0.5694421750277489,0.27897646892359884,eligible,eligible_current_role,backup,Active,3.0,direct,20260908_1821_tackles_direct,2026-10-07T10:47:48+00:00,2026-10-07T10:48:05+00:00
2026,5,401872990,2026-10-11,12:00,00-0028118,Tyrod Taylor,GB,CHI,QB,rushing_yards,16.9,4.1,34.8,,,eligible,eligible_current_role,backup,,2.0,direct_component_blend,20260908_1821_rushing_yards_blend,2026-10-07T10:47:48+00:00,2026-10-07T10:48:05+00:00
2026,5,401872990,2026-10-11,12:00,00-0028986,Case Keenum,CHI,GB,QB,rushing_yards,5.5,-5.2,20.6,,,eligible,eligible_current_role,backup,Active,3.0,direct_component_blend,20260908_1821_rushing_yards_blend,2026-10-07T10:47:48+00:00,2026-10-07T10:48:05+00:00
2026,5,401872990,2026-10-11,12:00,00-0031203,Cairo Santos,CHI,GB,K,kicking_points,7.6,3.1,12.9,,,eligible,eligible_current_role,starter,Active,1.0,component,20260908_1821_kicking_points_component,2026-10-07T10:47:48+00:00,2026-10-07T10:48:05+00:00
2026,5,401872990,2026-10-11,12:00,00-0031583,Grady Jarrett,CHI,GB,DL,tackles,3.0,1.0,5.4,0.9027756804633214,0.7439911149845234,eligible,eligible_current_role,starter,,1.0,direct,20260908_1821_tackles_direct,2026-10-07T10:47:48+00:00,2026-10-07T10:48:05+00:00
2026,5,401872990,2026-10-11,12:00,00-0032464,Kalif Raymond,CHI,GB,WR,rushing_yards,0.0,-10.8,15.0,,,eligible,eligible_current_role,backup,Active,3.0,direct_component_blend,20260908_1821_rushing_yards_blend,2026-10-07T10:47:48+00:00,2026-10-07T10:48:05+00:00
2026,5,401872990,2026-10-11,12:00,00-0032464,Kalif Raymond,CHI,GB,WR,receiving_yards,13.1,-4.1,41.9,,,eligible,eligible_current_role,backup,Active,3.0,direct_component_blend,20260908_1821_receiving_yards_blend,2026-10-07T10:47:48+00:00,2026-10-07T10:48:05+00:00
2026,5,401872990,2026-10-11,12:00,00-0033109,Javon Hargrave,GB,CHI,DL,tackles,2.5,0.6,5.0,0.8673967158341291,0.6614008869597617,eligible,eligible_current_role,starter,,1.0,direct,20260908_1821_tackles_direct,2026-10-07T10:47:48+00:00,2026-10-07T10:48:05+00:00
2026,5,401872990,2026-10-11,12:00,00-0033579,Xavier Woods,CHI,GB,DB,tackles,2.8,0.6,5.5,0.8902753898747753,0.7112882313603678,eligible,eligible_current_role,starter,,1.0,direct,20260908_1821_tackles_direct,2026-10-07T10:47:48+00:00,2026-10-07T10:48:05+00:00
2026,5,401872990,2026-10-11,12:00,00-0033858,Jonnu Smith,GB,CHI,TE,rushing_yards,4.3,-6.4,19.3,,,eligible,eligible_current_role,backup,Active,2.0,direct_component_blend,20260908_1821_rushing_yards_blend,2026-10-07T10:47:48+00:00,2026-10-07T10:48:05+00:00
2026,5,401872990,2026-10-11,12:00,00-0033858,Jonnu Smith,GB,CHI,TE,receiving_yards,16.7,-0.4,45.5,,,eligible,eligible_current_role,backup,Active,2.0,direct_component_blend,20260908_1821_receiving_yards_blend,2026-10-07T10:47:48+00:00,2026-10-07T10:48:05+00:00
2026,5,401872990,2026-10-11,12:00,00-0034320,Kentavius Street,CHI,GB,DL,tackles,2.0,0.1,4.5,0.7977882257138248,0.5346464098260062,eligible,eligible_current_role,starter,,1.0,direct,20260908_1821_tackles_direct,2026-10-07T10:47:48+00:00,2026-10-07T10:48:05+00:00
2026,5,401872990,2026-10-11,12:00,00-0034344,Marcus Davenport,CHI,GB,DL,tackles,1.9,0.0,4.4,0.7797837050838067,0.5069550239749243,eligible,eligible_current_role,recent_defensive_participant,,,direct,20260908_1821_tackles_direct,2026-10-07T10:47:48+00:00,2026-10-07T10:48:05+00:00
2026,5,401872990,2026-10-11,12:00,00-0034407,Ray-Ray McCloud,CHI,GB,WR,rushing_yards,0.0,-10.7,15.1,,,eligible,eligible_current_role,roster_only,,,direct_component_blend,20260908_1821_rushing_yards_blend,2026-10-07T10:47:48+00:00,2026-10-07T10:48:05+00:00
2026,5,401872990,2026-10-11,12:00,00-0034407,Ray-Ray McCloud,CHI,GB,WR,receiving_yards,10.8,-6.4,39.6,,,eligible,eligible_current_role,roster_only,,,direct_component_blend,20260908_1821_receiving_yards_blend,2026-10-07T10:47:48+00:00,2026-10-07T10:48:05+00:00
2026,5,401872990,2026-10-11,12:00,00-0034431,Zaire Franklin,GB,CHI,LB,tackles,6.8,4.0,11.0,0.983495145631068,0.9631067961165048,eligible,eligible_current_role,recent_defensive_participant,,,direct,20260908_1821_tackles_direct,2026-10-07T10:47:48+00:00,2026-10-07T10:48:05+00:00
2026,5,401872990,2026-10-11,12:00,00-0035133,Keisean Nixon,GB,CHI,DB,tackles,5.0,2.2,8.4,0.980113068079351,0.9283097348270729,eligible,eligible_current_role,starter,,1.0,direct,20260908_1821_tackles_direct,2026-10-07T10:47:48+00:00,2026-10-07T10:48:05+00:00
2026,5,401872990,2026-10-11,12:00,00-0035357,Cam Lewis,CHI,GB,DB,tackles,3.9,1.7,6.6,0.9489920040614223,0.8471572632214938,eligible,questionable_flag,starter,Questionable,1.0,direct,20260908_1821_tackles_direct,2026-10-07T10:47:48+00:00,2026-10-07T10:48:05+00:00
2026,5,401872990,2026-10-11,12:00,00-0035386,T.J. Edwards,CHI,GB,LB,tackles,7.3,4.9,11.9,0.983495145631068,0.9631067961165048,eligible,eligible_current_role,starter,,1.0,direct,20260908_1821_tackles_direct,2026-10-07T10:47:48+00:00,2026-10-07T10:48:05+00:00
2026,5,401872990,2026-10-11,12:00,00-0035525,Devin Bush,CHI,GB,LB,tackles,6.8,4.1,11.0,0.983495145631068,0.9631067961165048,eligible,eligible_current_role,starter,,1.0,direct,20260908_1821_tackles_direct,2026-10-07T10:47:48+00:00,2026-10-07T10:48:05+00:00
2026,5,401872990,2026-10-11,12:00,00-0035647,Montez Sweat,CHI,GB,DL,tackles,2.4,0.4,4.9,0.852425116743742,0.631519834856591,eligible,eligible_current_role,starter,,1.0,direct,20260908_1821_tackles_direct,2026-10-07T10:47:48+00:00,2026-10-07T10:48:05+00:00
2026,5,401872990,2026-10-11,12:00,00-0036264,Jordan Love,GB,CHI,QB,passing_yards,208.4,114.9,314.6,,,eligible,eligible_current_role,starter,Active,1.0,direct_component_blend,20260908_1821_passing_yards_blend,2026-10-07T10:47:48+00:00,2026-10-07T10:48:05+00:00
2026,5,401872990,2026-10-11,12:00,00-0036264,Jordan Love,GB,CHI,QB,passing_tds,1.465,,,0.8053931293836503,0.47043750739895457,eligible,eligible_current_role,starter,Active,1.0,direct_component_blend,20260908_1821_passing_tds_blend,2026-10-07T10:47:48+00:00,2026-10-07T10:48:05+00:00
2026,5,401872990,2026-10-11,12:00,00-0036264,Jordan Love,GB,CHI,QB,rushing_yards,10.0,-0.7,25.1,,,eligible,eligible_current_role,starter,Active,1.0,direct_component_blend,20260908_1821_rushing_yards_blend,2026-10-07T10:47:48+00:00,2026-10-07T10:48:05+00:00
2026,5,401872990,2026-10-11,12:00,00-0036275,D'Andre Swift,CHI,GB,RB,rushing_yards,59.0,37.0,89.9,,,eligible,eligible_current_role,starter,Active,1.0,direct_component_blend,20260908_1821_rushing_yards_blend,2026-10-07T10:47:48+00:00,2026-10-07T10:48:05+00:00
2026,5,401872990,2026-10-11,12:00,00-0036275,D'Andre Swift,CHI,GB,RB,receiving_yards,14.8,-2.4,43.6,,,eligible,eligible_current_role,starter,Active,1.0,direct_component_blend,20260908_1821_receiving_yards_blend,2026-10-07T10:47:48+00:00,2026-10-07T10:48:05+00:00
2026,5,401872990,2026-10-11,12:00,00-0036290,Cole Kmet,CHI,GB,TE,rushing_yards,0.0,-10.8,15.0,,,eligible,eligible_current_role,backup,Active,2.0,direct_component_blend,20260908_1821_rushing_yards_blend,2026-10-07T10:47:48+00:00,2026-10-07T10:48:05+00:00
2026,5,401872990,2026-10-11,12:00,00-0036290,Cole Kmet,CHI,GB,TE,receiving_yards,18.0,0.8,46.8,,,eligible,eligible_current_role,backup,Active,2.0,direct_component_blend,20260908_1821_receiving_yards_blend,2026-10-07T10:47:48+00:00,2026-10-07T10:48:05+00:00
2026,5,401872990,2026-10-11,12:00,00-0036292,Jaylon Johnson,CHI,GB,DB,tackles,2.7,0.5,5.4,0.8818633047022564,0.6922275027245975,eligible,eligible_current_role,starter,,1.0,direct,20260908_1821_tackles_direct,2026-10-07T10:47:48+00:00,2026-10-07T10:48:05+00:00
2026,5,401872990,2026-10-11,12:00,00-0036337,James Lynch,CHI,GB,DL,tackles,1.1,0.0,3.6,0.5597419779380712,0.2698071975539837,eligible,eligible_current_role,starter,Active,1.0,direct,20260908_1821_tackles_direct,2026-10-07T10:47:48+00:00,2026-10-07T10:48:05+00:00
2026,5,401872990,2026-10-11,12:00,00-0036366,Neville Gallimore,CHI,GB,DL,tackles,1.8,0.0,4.2,0.7672097440128388,0.49086705346302073,eligible,eligible_current_role,backup,,2.0,direct,20260908_1821_tackles_direct,2026-10-07T10:47:48+00:00,2026-10-07T10:48:05+00:00
2026,5,401872990,2026-10-11,12:00,00-0036388,Xavier McKinney,GB,CHI,DB,tackles,6.0,3.3,9.5,0.9831357245537782,0.9588136727298393,eligible,eligible_current_role,starter,,1.0,direct,20260908_1821_tackles_direct,2026-10-07T10:47:48+00:00,2026-10-07T10:48:05+00:00
2026,5,401872990,2026-10-11,12:00,00-0036480,Dayo Odeyingbo,CHI,GB,DL,tackles,2.0,0.0,4.8,0.7999346503214563,0.5381547272436807,eligible,eligible_current_role,backup,,2.0,direct,20260908_1821_tackles_direct,2026-10-07T10:47:48+00:00,2026-10-07T10:48:05+00:00
2026,5,401872990,2026-10-11,12:00,00-0036625,Benjamin St-Juste,GB,CHI,DB,tackles,2.8,0.7,5.6,0.8933856700393621,0.7192137861301301,eligible,eligible_current_role,backup,,2.0,direct,20260908_1821_tackles_direct,2026-10-07T10:47:48+00:00,2026-10-07T10:48:05+00:00
2026,5,401872990,2026-10-11,12:00,00-0036658,Isaiah McDuffie,GB,CHI,LB,tackles,5.0,3.0,7.4,0.9804631892037196,0.9315966748638799,eligible,eligible_current_role,recent_defensive_participant,,,direct,20260908_1821_tackles_direct,2026-10-07T10:47:48+00:00,2026-10-07T10:48:05+00:00
2026,5,401872990,2026-10-11,12:00,00-0037075,Devonte Wyatt,GB,CHI,DL,tackles,2.7,0.7,5.2,0.8844622200551381,0.6979954610147477,eligible,eligible_current_role,starter,Active,1.0,direct,20260908_1821_tackles_direct,2026-10-07T10:47:48+00:00,2026-10-07T10:48:05+00:00
2026,5,401872990,2026-10-11,12:00,00-0037091,Bo Melton,GB,CHI,WR,rushing_yards,1.1,-9.6,16.1,,,eligible,eligible_current_role,backup,,4.0,direct_component_blend,20260908_1821_rushing_yards_blend,2026-10-07T10:47:48+00:00,2026-10-07T10:48:05+00:00
2026,5,401872990,2026-10-11,12:00,00-0037091,Bo Melton,GB,CHI,WR,receiving_yards,12.6,-4.6,41.4,,,eligible,eligible_current_role,backup,,4.0,direct_component_blend,20260908_1821_receiving_yards_blend,2026-10-07T10:47:48+00:00,2026-10-07T10:48:05+00:00
2026,5,401872990,2026-10-11,12:00,00-0037094,Jonathan Ford,GB,CHI,DL,tackles,0.8,0.0,3.3,0.4597682752298336,0.19191874623736116,eligible,eligible_current_role,backup,,2.0,direct,20260908_1821_tackles_direct,2026-10-07T10:47:48+00:00,2026-10-07T10:48:05+00:00
2026,5,401872990,2026-10-11,12:00,00-0037096,Elijah Hicks,CHI,GB,DB,tackles,1.2,0.0,3.7,0.5732703812775943,0.28267690434236414,eligible,eligible_current_role,backup,,2.0,direct,20260908_1821_tackles_direct,2026-10-07T10:47:48+00:00,2026-10-07T10:48:05+00:00
2026,5,401872990,2026-10-11,12:00,00-0037109,Jack Sanborn,CHI,GB,LB,tackles,1.4,0.0,3.9,0.6863963607132435,0.39535561595598123,eligible,eligible_current_role,backup,,2.0,direct,20260908_1821_tackles_direct,2026-10-07T10:47:48+00:00,2026-10-07T10:48:05+00:00
2026,5,401872990,2026-10-11,12:00,00-0037129,Josh Blackwell,CHI,GB,DB,tackles,0.7,0.0,3.1,0.39614783390250924,0.12014834058768403,eligible,eligible_current_role,backup,,2.0,direct,20260908_1821_tackles_direct,2026-10-07T10:47:48+00:00,2026-10-07T10:48:05+00:00
2026,5,401872990,2026-10-11,12:00,00-0037271,D'Marco Jackson,CHI,GB,LB,tackles,1.2,0.0,3.7,0.5700703577611312,0.27958047117568985,eligible,eligible_current_role,starter,,1.0,direct,20260908_1821_tackles_direct,2026-10-07T10:47:48+00:00,2026-10-07T10:48:05+00:00
2026,5,401872990,2026-10-11,12:00,00-0037380,Kaden Davis,CHI,GB,WR,rushing_yards,0.0,-11.8,16.5,,,eligible,eligible_current_role,roster_only,,,direct_component_blend,20260908_1821_rushing_yards_blend,2026-10-07T10:47:48+00:00,2026-10-07T10:48:05+00:00
2026,5,401872990,2026-10-11,12:00,00-0037380,Kaden Davis,CHI,GB,WR,receiving_yards,3.1,-15.5,35.1,,,eligible,eligible_current_role,roster_only,,,direct_component_blend,20260908_1821_receiving_yards_blend,2026-10-07T10:47:48+00:00,2026-10-07T10:48:05+00:00
2026,5,401872990,2026-10-11,12:00,00-0037843,Daniel Hardy,CHI,GB,DL,tackles,0.7,0.0,3.2,0.4092334125928563,0.13558560393068286,eligible,eligible_current_role,backup,,3.0,direct,20260908_1821_tackles_direct,2026-10-07T10:47:48+00:00,2026-10-07T10:48:05+00:00
2026,5,401872990,2026-10-11,12:00,00-0038090,Skyy Moore,GB,CHI,WR,rushing_yards,0.6,-10.1,15.6,,,eligible,eligible_current_role,backup,Active,3.0,direct_component_blend,20260908_1821_rushing_yards_blend,2026-10-07T10:47:48+00:00,2026-10-07T10:48:05+00:00
2026,5,401872990,2026-10-11,12:00,00-0038090,Skyy Moore,GB,CHI,WR,receiving_yards,6.4,-10.8,35.2,,,eligible,eligible_current_role,backup,Active,3.0,direct_component_blend,20260908_1821_receiving_yards_blend,2026-10-07T10:47:48+00:00,2026-10-07T10:48:05+00:00
2026,5,401872990,2026-10-11,12:00,00-0038124,Christian Watson,GB,CHI,WR,rushing_yards,0.6,-10.1,15.7,,,eligible,eligible_current_role,starter,Active,1.0,direct_component_blend,20260908_1821_rushing_yards_blend,2026-10-07T10:47:48+00:00,2026-10-07T10:48:05+00:00
2026,5,401872990,2026-10-11,12:00,00-0038124,Christian Watson,GB,CHI,WR,receiving_yards,61.3,34.7,110.5,,,eligible,eligible_current_role,starter,Active,1.0,direct_component_blend,20260908_1821_receiving_yards_blend,2026-10-07T10:47:48+00:00,2026-10-07T10:48:05+00:00
2026,5,401872990,2026-10-11,12:00,00-0038398,Karl Brooks,GB,CHI,DL,tackles,2.3,0.3,5.1,0.85109098322087,0.6289465133273296,eligible,eligible_current_role,starter,Active,1.0,direct,20260908_1821_tackles_direct,2026-10-07T10:47:48+00:00,2026-10-07T10:48:05+00:00
2026,5,401872990,2026-10-11,12:00,00-0038408,Carrington Valentine,GB,CHI,DB,tackles,2.6,0.0,6.2,0.8768844947339719,0.6813809680239955,eligible,eligible_current_role,backup,,2.0,direct,20260908_1821_tackles_direct,2026-10-07T10:47:48+00:00,2026-10-07T10:48:05+00:00
2026,5,401872990,2026-10-11,12:00,00-0038416,Tyson Bagent,CHI,GB,QB,passing_yards,148.5,41.0,270.6,,,eligible,eligible_current_role,backup,Active,2.0,direct_component_blend,20260908_1821_passing_yards_blend,2026-10-07T10:47:48+00:00,2026-10-07T10:48:05+00:00
2026,5,401872990,2026-10-11,12:00,00-0038416,Tyson Bagent,CHI,GB,QB,passing_tds,0.291,,,0.18275453863574392,0.042806129772532855,eligible,eligible_current_role,backup,Active,2.0,direct_component_blend,20260908_1821_passing_tds_blend,2026-10-07T10:47:48+00:00,2026-10-07T10:48:05+00:00
2026,5,401872990,2026-10-11,12:00,00-0038416,Tyson Bagent,CHI,GB,QB,rushing_yards,5.6,-9.0,26.0,,,eligible,eligible_current_role,backup,Active,2.0,direct_component_blend,20260908_1821_rushing_yards_blend,2026-10-07T10:47:48+00:00,2026-10-07T10:48:05+00:00
2026,5,401872990,2026-10-11,12:00,00-0038463,Brenton Cox Jr.,GB,CHI,LB,tackles,1.4,0.0,3.8,0.6439974061043323,0.35058048425262095,eligible,eligible_current_role,backup,,2.0,direct,20260908_1821_tackles_direct,2026-10-07T10:47:48+00:00,2026-10-07T10:48:05+00:00
2026,5,401872990,2026-10-11,12:00,00-0038568,Clark Phillips III,CHI,GB,DB,tackles,0.8,0.0,3.5,0.42837964179165494,0.1597927148107823,eligible,eligible_current_role,backup,,2.0,direct,20260908_1821_tackles_direct,2026-10-07T10:47:48+00:00,2026-10-07T10:48:05+00:00
2026,5,401872990,2026-10-11,12:00,00-0038589,Josh Whyle,GB,CHI,TE,rushing_yards,0.0,-10.7,15.0,,,eligible,eligible_current_role,backup,,4.0,direct_component_blend,20260908_1821_rushing_yards_blend,2026-10-07T10:47:48+00:00,2026-10-07T10:48:05+00:00
2026,5,401872990,2026-10-11,12:00,00-0038589,Josh Whyle,GB,CHI,TE,receiving_yards,8.1,-9.1,36.9,,,eligible,eligible_current_role,backup,,4.0,direct_component_blend,20260908_1821_receiving_yards_blend,2026-10-07T10:47:48+00:00,2026-10-07T10:48:05+00:00
2026,5,401872990,2026-10-11,12:00,00-0038685,Chris Brooks,GB,CHI,RB,rushing_yards,9.4,-1.3,24.5,,,eligible,questionable_flag,backup,Questionable,3.0,direct_component_blend,20260908_1821_rushing_yards_blend,2026-10-07T10:47:48+00:00,2026-10-07T10:48:05+00:00
2026,5,401872990,2026-10-11,12:00,00-0038685,Chris Brooks,GB,CHI,RB,receiving_yards,5.5,-11.7,34.3,,,eligible,questionable_flag,backup,Questionable,3.0,direct_component_blend,20260908_1821_receiving_yards_blend,2026-10-07T10:47:48+00:00,2026-10-07T10:48:05+00:00
2026,5,401872990,2026-10-11,12:00,00-0038996,Tucker Kraft,GB,CHI,TE,rushing_yards,0.1,-10.6,15.2,,,eligible,eligible_current_role,starter,Active,1.0,direct_component_blend,20260908_1821_rushing_yards_blend,2026-10-07T10:47:48+00:00,2026-10-07T10:48:05+00:00
2026,5,401872990,2026-10-11,12:00,00-0038996,Tucker Kraft,GB,CHI,TE,receiving_yards,35.2,15.5,69.4,,,eligible,eligible_current_role,starter,Active,1.0,direct_component_blend,20260908_1821_receiving_yards_blend,2026-10-07T10:47:48+00:00,2026-10-07T10:48:05+00:00
2026,5,401872990,2026-10-11,12:00,00-0039021,Roschon Johnson,CHI,GB,RB,rushing_yards,4.5,-6.2,19.6,,,eligible,eligible_current_role,backup,Active,3.0,direct_component_blend,20260908_1821_rushing_yards_blend,2026-10-07T10:47:48+00:00,2026-10-07T10:48:05+00:00
2026,5,401872990,2026-10-11,12:00,00-0039021,Roschon Johnson,CHI,GB,RB,receiving_yards,0.7,-16.5,29.5,,,eligible,eligible_current_role,backup,Active,3.0,direct_component_blend,20260908_1821_receiving_yards_blend,2026-10-07T10:47:48+00:00,2026-10-07T10:48:05+00:00
2026,5,401872990,2026-10-11,12:00,00-0039071,Tyrique Stevenson,CHI,GB,DB,tackles,3.2,1.2,5.7,0.9168303639303678,0.7838696270739847,eligible,eligible_current_role,starter,Active,1.0,direct,20260908_1821_tackles_direct,2026-10-07T10:47:48+00:00,2026-10-07T10:48:05+00:00
2026,5,401872990,2026-10-11,12:00,00-0039112,Lukas Van Ness,GB,CHI,LB,tackles,2.9,0.9,5.3,0.8966904629074017,0.7277835114809164,eligible,eligible_current_role,starter,Active,1.0,direct,20260908_1821_tackles_direct,2026-10-07T10:47:48+00:00,2026-10-07T10:48:05+00:00
2026,5,401872990,2026-10-11,12:00,00-0039263,McCallan Castles,GB,CHI,TE,rushing_yards,0.1,-14.6,20.8,,,eligible,eligible_current_role,roster_only,,,direct_component_blend,20260908_1821_rushing_yards_blend,2026-10-07T10:47:48+00:00,2026-10-07T10:48:05+00:00
2026,5,401872990,2026-10-11,12:00,00-0039263,McCallan Castles,GB,CHI,TE,receiving_yards,3.9,-18.7,44.5,,,eligible,eligible_current_role,roster_only,,,direct_component_blend,20260908_1821_receiving_yards_blend,2026-10-07T10:47:48+00:00,2026-10-07T10:48:05+00:00
2026,5,401872990,2026-10-11,12:00,00-0039461,Jamree Kromah,CHI,GB,DL,tackles,1.0,0.0,4.5,0.552920003172986,0.26353220299603297,eligible,eligible_current_role,backup,Active,4.0,direct,20260908_1821_tackles_direct,2026-10-07T10:47:48+00:00,2026-10-07T10:48:05+00:00
2026,5,401872990,2026-10-11,12:00,00-0039811,MarShawn Lloyd,GB,CHI,RB,rushing_yards,19.0,-5.2,53.0,,,eligible,eligible_current_role,starter,Active,1.0,direct_component_blend,20260908_1821_rushing_yards_blend,2026-10-07T10:47:48+00:00,2026-10-07T10:48:05+00:00
2026,5,401872990,2026-10-11,12:00,00-0039811,MarShawn Lloyd,GB,CHI,RB,receiving_yards,5.2,-13.4,37.1,,,eligible,eligible_current_role,starter,Active,1.0,direct_component_blend,20260908_1821_receiving_yards_blend,2026-10-07T10:47:48+00:00,2026-10-07T10:48:05+00:00
2026,5,401872990,2026-10-11,12:00,00-0039812,Ty'Ron Hopper,GB,CHI,LB,tackles,1.1,0.0,3.5,0.5557072731286566,0.26607895623099703,eligible,eligible_current_role,recent_defensive_participant,,,direct,20260908_1821_tackles_direct,2026-10-07T10:47:48+00:00,2026-10-07T10:48:05+00:00
2026,5,401872990,2026-10-11,12:00,00-0039813,Evan Williams,GB,CHI,DB,tackles,5.1,2.4,8.6,0.9807434232839133,0.9342641450885503,eligible,eligible_current_role,starter,Active,1.0,direct,20260908_1821_tackles_direct,2026-10-07T10:47:48+00:00,2026-10-07T10:48:05+00:00
2026,5,401872990,2026-10-11,12:00,00-0039818,Kitan Oladapo,GB,CHI,DB,tackles,0.6,0.0,3.1,0.39088263821532493,0.11445198836081474,eligible,eligible_current_role,backup,,2.0,direct,20260908_1821_tackles_direct,2026-10-07T10:47:48+00:00,2026-10-07T10:48:05+00:00
2026,5,401872990,2026-10-11,12:00,00-0039831,Kamal Hadden,GB,CHI,DB,tackles,1.1,0.0,3.6,0.5650593050722253,0.27479706799593906,eligible,eligible_current_role,backup,,2.0,direct,20260908_1821_tackles_direct,2026-10-07T10:47:48+00:00,2026-10-07T10:48:05+00:00
2026,5,401872990,2026-10-11,12:00,00-0039840,Austin Booker,CHI,GB,DL,tackles,3.0,0.9,5.7,0.9046868183817982,0.7492032716514563,eligible,eligible_current_role,backup,,2.0,direct,20260908_1821_tackles_direct,2026-10-07T10:47:48+00:00,2026-10-07T10:48:05+00:00
2026,5,401872990,2026-10-11,12:00,00-0039867,Javon Bullard,GB,CHI,DB,tackles,4.7,2.0,8.2,0.9765936850846668,0.9152057519636436,eligible,eligible_current_role,starter,,1.0,direct,20260908_1821_tackles_direct,2026-10-07T10:47:48+00:00,2026-10-07T10:48:05+00:00
2026,5,401872990,2026-10-11,12:00,00-0039919,Rome Odunze,CHI,GB,WR,rushing_yards,0.0,-10.8,15.0,,,eligible,eligible_current_role,starter,Active,1.0,direct_component_blend,20260908_1821_rushing_yards_blend,2026-10-07T10:47:48+00:00,2026-10-07T10:48:05+00:00
2026,5,401872990,2026-10-11,12:00,00-0039919,Rome Odunze,CHI,GB,WR,receiving_yards,45.7,19.0,94.8,,,eligible,eligible_current_role,starter,Active,1.0,direct_component_blend,20260908_1821_receiving_yards_blend,2026-10-07T10:47:48+00:00,2026-10-07T10:48:05+00:00
2026,5,401872990,2026-10-11,12:00,00-0040010,Barryn Sorrell,GB,CHI,LB,tackles,1.1,0.0,3.6,0.5632960214898822,0.2731326523619836,eligible,eligible_current_role,starter,,1.0,direct,20260908_1821_tackles_direct,2026-10-07T10:47:48+00:00,2026-10-07T10:48:05+00:00
2026,5,401872990,2026-10-11,12:00,00-0040126,Colston Loveland,CHI,GB,TE,rushing_yards,0.0,-10.7,15.0,,,eligible,eligible_current_role,starter,Active,1.0,direct_component_blend,20260908_1821_rushing_yards_blend,2026-10-07T10:47:48+00:00,2026-10-07T10:48:05+00:00
2026,5,401872990,2026-10-11,12:00,00-0040126,Colston Loveland,CHI,GB,TE,receiving_yards,36.8,17.1,71.1,,,eligible,eligible_current_role,starter,Active,1.0,direct_component_blend,20260908_1821_receiving_yards_blend,2026-10-07T10:47:48+00:00,2026-10-07T10:48:05+00:00
2026,5,401872990,2026-10-11,12:00,00-0040142,Kaleb Johnson,GB,CHI,RB,rushing_yards,18.6,7.9,33.6,,,eligible,eligible_current_role,backup,Active,2.0,direct_component_blend,20260908_1821_rushing_yards_blend,2026-10-07T10:47:48+00:00,2026-10-07T10:48:05+00:00
2026,5,401872990,2026-10-11,12:00,00-0040142,Kaleb Johnson,GB,CHI,RB,receiving_yards,1.9,-15.3,30.7,,,eligible,eligible_current_role,backup,Active,2.0,direct_component_blend,20260908_1821_receiving_yards_blend,2026-10-07T10:47:48+00:00,2026-10-07T10:48:05+00:00
2026,5,401872990,2026-10-11,12:00,00-0040236,Kyle Monangai,CHI,GB,RB,rushing_yards,47.7,25.7,78.6,,,eligible,questionable_flag,backup,Questionable,2.0,direct_component_blend,20260908_1821_rushing_yards_blend,2026-10-07T10:47:48+00:00,2026-10-07T10:48:05+00:00
2026,5,401872990,2026-10-11,12:00,00-0040236,Kyle Monangai,CHI,GB,RB,receiving_yards,10.6,-6.6,39.4,,,eligible,questionable_flag,backup,Questionable,2.0,direct_component_blend,20260908_1821_receiving_yards_blend,2026-10-07T10:47:48+00:00,2026-10-07T10:48:05+00:00
2026,5,401872990,2026-10-11,12:00,00-0040277,Jahdae Walker,CHI,GB,WR,rushing_yards,0.0,-10.8,15.0,,,eligible,eligible_current_role,backup,,5.0,direct_component_blend,20260908_1821_rushing_yards_blend,2026-10-07T10:47:48+00:00,2026-10-07T10:48:05+00:00
2026,5,401872990,2026-10-11,12:00,00-0040277,Jahdae Walker,CHI,GB,WR,receiving_yards,13.8,-3.4,42.6,,,eligible,eligible_current_role,backup,,5.0,direct_component_blend,20260908_1821_receiving_yards_blend,2026-10-07T10:47:48+00:00,2026-10-07T10:48:05+00:00
2026,5,401872990,2026-10-11,12:00,00-0040598,Mark Redman,GB,CHI,TE,rushing_yards,0.0,-14.7,20.7,,,eligible,eligible_current_role,backup,,3.0,direct_component_blend,20260908_1821_rushing_yards_blend,2026-10-07T10:47:48+00:00,2026-10-07T10:48:05+00:00
2026,5,401872990,2026-10-11,12:00,00-0040598,Mark Redman,GB,CHI,TE,receiving_yards,4.2,-18.4,44.8,,,eligible,eligible_current_role,backup,,3.0,direct_component_blend,20260908_1821_receiving_yards_blend,2026-10-07T10:47:48+00:00,2026-10-07T10:48:05+00:00
2026,5,401872990,2026-10-11,12:00,00-0040667,Matthew Golden,GB,CHI,WR,rushing_yards,2.1,-8.6,17.1,,,eligible,eligible_current_role,backup,Active,2.0,direct_component_blend,20260908_1821_rushing_yards_blend,2026-10-07T10:47:48+00:00,2026-10-07T10:48:05+00:00
2026,5,401872990,2026-10-11,12:00,00-0040667,Matthew Golden,GB,CHI,WR,receiving_yards,22.0,4.8,50.8,,,eligible,eligible_current_role,backup,Active,2.0,direct_component_blend,20260908_1821_receiving_yards_blend,2026-10-07T10:47:48+00:00,2026-10-07T10:48:05+00:00
2026,5,401872990,2026-10-11,12:00,00-0040689,Anthony Campbell,GB,CHI,DL,tackles,1.0,0.0,4.5,0.5529430337802801,0.2635531505991298,eligible,questionable_flag,backup,Questionable,3.0,direct,20260908_1821_tackles_direct,2026-10-07T10:47:48+00:00,2026-10-07T10:48:05+00:00
2026,5,401872990,2026-10-11,12:00,00-0040735,Luther Burden III,CHI,GB,WR,rushing_yards,1.4,-9.4,16.4,,,eligible,eligible_current_role,backup,Active,2.0,direct_component_blend,20260908_1821_rushing_yards_blend,2026-10-07T10:47:48+00:00,2026-10-07T10:48:05+00:00
2026,5,401872990,2026-10-11,12:00,00-0040735,Luther Burden III,CHI,GB,WR,receiving_yards,41.3,14.7,90.5,,,eligible,eligible_current_role,backup,Active,2.0,direct_component_blend,20260908_1821_receiving_yards_blend,2026-10-07T10:47:48+00:00,2026-10-07T10:48:05+00:00
2026,5,401872990,2026-10-11,12:00,00-0040869,Chris McClellan,GB,CHI,DL,tackles,1.2,0.0,4.7,0.5704739692374896,0.27996921007234604,eligible,eligible_current_role,backup,,2.0,direct,20260908_1821_tackles_direct,2026-10-07T10:47:48+00:00,2026-10-07T10:48:05+00:00
2026,5,401872990,2026-10-11,12:00,00-0040877,Dani Dennis-Sutton,GB,CHI,LB,tackles,1.8,0.0,5.3,0.7667802755352713,0.4903311378653831,eligible,eligible_current_role,backup,,2.0,direct,20260908_1821_tackles_direct,2026-10-07T10:47:48+00:00,2026-10-07T10:48:05+00:00
2026,5,401872990,2026-10-11,12:00,00-0040899,Trey Smack,GB,CHI,K,kicking_points,7.6,1.1,15.1,,,eligible,eligible_current_role,starter,Active,1.0,component,20260908_1821_kicking_points_component,2026-10-07T10:47:48+00:00,2026-10-07T10:48:05+00:00
2026,5,401872990,2026-10-11,12:00,00-0040948,J. Michael Sturdivant,GB,CHI,WR,rushing_yards,0.1,-14.7,20.8,,,eligible,eligible_current_role,backup,,5.0,direct_component_blend,20260908_1821_rushing_yards_blend,2026-10-07T10:47:48+00:00,2026-10-07T10:48:05+00:00
2026,5,401872990,2026-10-11,12:00,00-0040948,J. Michael Sturdivant,GB,CHI,WR,receiving_yards,7.7,-14.9,48.3,,,eligible,eligible_current_role,backup,,5.0,direct_component_blend,20260908_1821_receiving_yards_blend,2026-10-07T10:47:48+00:00,2026-10-07T10:48:05+00:00
2026,5,401872990,2026-10-11,12:00,00-0041051,Zavion Thomas,CHI,GB,WR,rushing_yards,0.0,-14.8,20.6,,,eligible,eligible_current_role,backup,,4.0,direct_component_blend,20260908_1821_rushing_yards_blend,2026-10-07T10:47:48+00:00,2026-10-07T10:48:05+00:00
2026,5,401872990,2026-10-11,12:00,00-0041051,Zavion Thomas,CHI,GB,WR,receiving_yards,6.8,-15.8,47.4,,,eligible,eligible_current_role,backup,,4.0,direct_component_blend,20260908_1821_receiving_yards_blend,2026-10-07T10:47:48+00:00,2026-10-07T10:48:05+00:00
2026,5,401872990,2026-10-11,12:00,00-0041060,Malik Muhammad,CHI,GB,DB,tackles,2.3,0.0,6.2,0.8435364617492732,0.6144718529827577,eligible,eligible_current_role,backup,,2.0,direct,20260908_1821_tackles_direct,2026-10-07T10:47:48+00:00,2026-10-07T10:48:05+00:00
2026,5,401872990,2026-10-11,12:00,00-0041085,Keyshaun Elliott,CHI,GB,LB,tackles,1.7,0.0,5.2,0.759818911519559,0.4817639029535815,eligible,eligible_current_role,backup,,2.0,direct,20260908_1821_tackles_direct,2026-10-07T10:47:48+00:00,2026-10-07T10:48:05+00:00
2026,5,401872990,2026-10-11,12:00,00-0041110,Jordan van den Berg,CHI,GB,DL,tackles,1.2,0.0,4.7,0.571171341528733,0.2806421110628796,eligible,eligible_current_role,backup,,2.0,direct,20260908_1821_tackles_direct,2026-10-07T10:47:48+00:00,2026-10-07T10:48:05+00:00
2026,5,401872990,2026-10-11,12:00,00-0041171,Jayden Loving,CHI,GB,DL,tackles,1.2,0.0,4.7,0.5703996692336353,0.27989760889891624,eligible,eligible_current_role,backup,Active,3.0,direct,20260908_1821_tackles_direct,2026-10-07T10:47:48+00:00,2026-10-07T10:48:05+00:00
2026,5,401872990,2026-10-11,12:00,00-0041172,Miller Moss,CHI,GB,QB,rushing_yards,9.3,-8.2,34.0,,,eligible,eligible_current_role,roster_only,,,direct_component_blend,20260908_1821_rushing_yards_blend,2026-10-07T10:47:48+00:00,2026-10-07T10:48:05+00:00
2026,5,401872990,2026-10-11,12:00,00-0041175,Skyler Thomas,CHI,GB,DB,tackles,2.3,0.0,6.2,0.8441313073947389,0.6155864806837458,eligible,eligible_current_role,backup,,2.0,direct,20260908_1821_tackles_direct,2026-10-07T10:47:48+00:00,2026-10-07T10:48:05+00:00
2026,5,401872990,2026-10-11,12:00,00-0041265,Squirrel White,CHI,GB,WR,rushing_yards,0.1,-14.7,20.8,,,eligible,eligible_current_role,roster_only,,,direct_component_blend,20260908_1821_rushing_yards_blend,2026-10-07T10:47:48+00:00,2026-10-07T10:48:05+00:00
2026,5,401872990,2026-10-11,12:00,00-0041265,Squirrel White,CHI,GB,WR,receiving_yards,7.1,-15.6,47.7,,,eligible,eligible_current_role,roster_only,,,direct_component_blend,20260908_1821_receiving_yards_blend,2026-10-07T10:47:48+00:00,2026-10-07T10:48:05+00:00
2026,5,401872990,2026-10-11,12:00,00-0041470,Brandon Cisse,GB,CHI,DB,tackles,2.8,0.0,6.7,0.88858248770677,0.7072969727197542,eligible,questionable_flag,starter,Questionable,1.0,direct,20260908_1821_tackles_direct,2026-10-07T10:47:48+00:00,2026-10-07T10:48:05+00:00
2026,5,401872990,2026-10-11,12:00,00-0041538,Dillon Thieneman,CHI,GB,DB,tackles,3.1,0.3,7.0,0.9128548280312502,0.7722054825732595,eligible,eligible_current_role,starter,Active,1.0,direct,20260908_1821_tackles_direct,2026-10-07T10:47:48+00:00,2026-10-07T10:48:05+00:00
2026,5,401872990,2026-10-11,12:00,00-0041558,Sam Roush,CHI,GB,TE,rushing_yards,0.0,-14.8,20.6,,,eligible,eligible_current_role,backup,,3.0,direct_component_blend,20260908_1821_rushing_yards_blend,2026-10-07T10:47:48+00:00,2026-10-07T10:48:05+00:00
2026,5,401872990,2026-10-11,12:00,00-0041558,Sam Roush,CHI,GB,TE,receiving_yards,4.3,-18.3,44.9,,,eligible,eligible_current_role,backup,,3.0,direct_component_blend,20260908_1821_receiving_yards_blend,2026-10-07T10:47:48+00:00,2026-10-07T10:48:05+00:00
2026,5,401872991,2026-10-11,13:25,00-0031237,Teddy Bridgewater,DET,ARI,QB,rushing_yards,5.8,-4.9,20.9,,,eligible,eligible_current_role,roster_only,,,direct_component_blend,20260908_1821_rushing_yards_blend,2026-10-07T10:47:48+00:00,2026-10-07T10:48:05+00:00
2026,5,401872991,2026-10-11,13:25,00-0032803,Jalen Mills,DET,ARI,DB,tackles,3.1,0.9,5.8,0.9090724298481829,0.7614013950781771,eligible,eligible_current_role,recent_defensive_participant,,,direct,20260908_1821_tackles_direct,2026-10-07T10:47:48+00:00,2026-10-07T10:48:05+00:00
2026,5,401872991,2026-10-11,13:25,00-0033066,Andrew Billings,ARI,DET,DL,tackles,1.4,0.0,3.9,0.6538153398409772,0.36062524519475153,eligible,eligible_current_role,backup,,2.0,direct,20260908_1821_tackles_direct,2026-10-07T10:47:48+00:00,2026-10-07T10:48:05+00:00
2026,5,401872991,2026-10-11,13:25,00-0033106,Jared Goff,DET,ARI,QB,passing_yards,251.2,157.7,357.4,,,eligible,eligible_current_role,starter,Active,1.0,direct_component_blend,20260908_1821_passing_yards_blend,2026-10-07T10:47:48+00:00,2026-10-07T10:48:05+00:00
2026,5,401872991,2026-10-11,13:25,00-0033106,Jared Goff,DET,ARI,QB,passing_tds,1.94,,,0.8571428571428571,0.5535714285714286,eligible,eligible_current_role,starter,Active,1.0,direct_component_blend,20260908_1821_passing_tds_blend,2026-10-07T10:47:48+00:00,2026-10-07T10:48:05+00:00
2026,5,401872991,2026-10-11,13:25,00-0033106,Jared Goff,DET,ARI,QB,rushing_yards,4.1,-6.6,19.1,,,eligible,eligible_current_role,starter,Active,1.0,direct_component_blend,20260908_1821_rushing_yards_blend,2026-10-07T10:47:48+00:00,2026-10-07T10:48:05+00:00
2026,5,401872991,2026-10-11,13:25,00-0033119,Jacoby Brissett,ARI,DET,QB,passing_yards,205.4,112.0,311.7,,,eligible,eligible_current_role,starter,Active,1.0,direct_component_blend,20260908_1821_passing_yards_blend,2026-10-07T10:47:48+00:00,2026-10-07T10:48:05+00:00
2026,5,401872991,2026-10-11,13:25,00-0033119,Jacoby Brissett,ARI,DET,QB,passing_tds,1.188,,,0.6547619047619048,0.39285714285714285,eligible,eligible_current_role,starter,Active,1.0,direct_component_blend,20260908_1821_passing_tds_blend,2026-10-07T10:47:48+00:00,2026-10-07T10:48:05+00:00
2026,5,401872991,2026-10-11,13:25,00-0033119,Jacoby Brissett,ARI,DET,QB,rushing_yards,7.5,-3.2,22.6,,,eligible,eligible_current_role,starter,Active,1.0,direct_component_blend,20260908_1821_rushing_yards_blend,2026-10-07T10:47:48+00:00,2026-10-07T10:48:05+00:00
2026,5,401872991,2026-10-11,13:25,00-0033294,Chuck Clark,DET,ARI,DB,tackles,3.6,1.4,6.3,0.9366373329803723,0.8234414387089601,eligible,eligible_current_role,starter,Active,1.0,direct,20260908_1821_tackles_direct,2026-10-07T10:47:48+00:00,2026-10-07T10:48:05+00:00
2026,5,401872991,2026-10-11,13:25,00-0033307,Kendrick Bourne,ARI,DET,WR,rushing_yards,0.0,-10.8,15.0,,,eligible,eligible_current_role,backup,Active,3.0,direct_component_blend,20260908_1821_rushing_yards_blend,2026-10-07T10:47:48+00:00,2026-10-07T10:48:05+00:00
2026,5,401872991,2026-10-11,13:25,00-0033307,Kendrick Bourne,ARI,DET,WR,receiving_yards,17.6,0.4,46.4,,,eligible,eligible_current_role,backup,Active,3.0,direct_component_blend,20260908_1821_receiving_yards_blend,2026-10-07T10:47:48+00:00,2026-10-07T10:48:05+00:00
2026,5,401872991,2026-10-11,13:25,00-0033890,Budda Baker,ARI,DET,DB,tackles,6.8,4.4,10.5,0.983495145631068,0.9631067961165048,eligible,eligible_current_role,starter,Active,1.0,direct,20260908_1821_tackles_direct,2026-10-07T10:47:48+00:00,2026-10-07T10:48:05+00:00
2026,5,401872991,2026-10-11,13:25,00-0033949,Joshua Dobbs,DET,ARI,QB,rushing_yards,9.3,-3.4,27.3,,,eligible,eligible_current_role,backup,,2.0,direct_component_blend,20260908_1821_rushing_yards_blend,2026-10-07T10:47:48+00:00,2026-10-07T10:48:05+00:00
2026,5,401872991,2026-10-11,13:25,00-0034270,Tyler Conklin,DET,ARI,TE,rushing_yards,0.0,-10.7,15.1,,,eligible,eligible_current_role,backup,Active,4.0,direct_component_blend,20260908_1821_rushing_yards_blend,2026-10-07T10:47:48+00:00,2026-10-07T10:48:05+00:00
2026,5,401872991,2026-10-11,13:25,00-0034270,Tyler Conklin,DET,ARI,TE,receiving_yards,7.3,-9.9,36.1,,,eligible,eligible_current_role,backup,Active,4.0,direct_component_blend,20260908_1821_receiving_yards_blend,2026-10-07T10:47:48+00:00,2026-10-07T10:48:05+00:00
2026,5,401872991,2026-10-11,13:25,00-0034381,Josh Sweat,ARI,DET,LB,tackles,1.4,0.0,3.9,0.6763054999689349,0.38436295146635785,eligible,eligible_current_role,starter,Active,1.0,direct,20260908_1821_tackles_direct,2026-10-07T10:47:48+00:00,2026-10-07T10:48:05+00:00
2026,5,401872991,2026-10-11,13:25,00-0034384,D.J. Reed,DET,ARI,DB,tackles,4.7,2.0,8.2,0.9769116411123935,0.916083870439401,eligible,eligible_current_role,starter,Active,1.0,direct,20260908_1821_tackles_direct,2026-10-07T10:47:48+00:00,2026-10-07T10:48:05+00:00
2026,5,401872991,2026-10-11,13:25,00-0034440,Justin Jackson,DET,ARI,RB,rushing_yards,16.2,-14.1,58.7,,,eligible,eligible_current_role,roster_only,,,direct_component_blend,20260908_1821_rushing_yards_blend,2026-10-07T10:47:48+00:00,2026-10-07T10:48:05+00:00
2026,5,401872991,2026-10-11,13:25,00-0034440,Justin Jackson,DET,ARI,RB,receiving_yards,3.6,-19.0,44.2,,,eligible,eligible_current_role,roster_only,,,direct_component_blend,20260908_1821_receiving_yards_blend,2026-10-07T10:47:48+00:00,2026-10-07T10:48:05+00:00
2026,5,401872991,2026-10-11,13:25,00-0035144,Mack Wilson,ARI,DET,LB,tackles,6.0,3.1,10.0,0.9831606400178995,0.9590923412154871,eligible,eligible_current_role,starter,,1.0,direct,20260908_1821_tackles_direct,2026-10-07T10:47:48+00:00,2026-10-07T10:48:05+00:00
2026,5,401872991,2026-10-11,13:25,00-0035289,Gardner Minshew,ARI,DET,QB,rushing_yards,6.1,-4.6,21.2,,,eligible,eligible_current_role,backup,,2.0,direct_component_blend,20260908_1821_rushing_yards_blend,2026-10-07T10:47:48+00:00,2026-10-07T10:48:05+00:00
2026,5,401872991,2026-10-11,13:25,00-0035378,Andrew Wingard,ARI,DET,DB,tackles,4.5,1.8,8.0,0.972330365559542,0.9036876705386119,eligible,questionable_flag,starter,Questionable,1.0,direct,20260908_1821_tackles_direct,2026-10-07T10:47:48+00:00,2026-10-07T10:48:05+00:00
2026,5,401872991,2026-10-11,13:25,00-0035544,Tom Kennedy,DET,ARI,WR,rushing_yards,0.0,-10.7,15.0,,,eligible,eligible_current_role,backup,,4.0,direct_component_blend,20260908_1821_rushing_yards_blend,2026-10-07T10:47:48+00:00,2026-10-07T10:48:05+00:00
2026,5,401872991,2026-10-11,13:25,00-0035544,Tom Kennedy,DET,ARI,WR,receiving_yards,1.3,-15.8,30.1,,,eligible,eligible_current_role,backup,,4.0,direct_component_blend,20260908_1821_receiving_yards_blend,2026-10-07T10:47:48+00:00,2026-10-07T10:48:05+00:00
2026,5,401872991,2026-10-11,13:25,00-0035636,L.J. Collier,ARI,DET,DL,tackles,1.4,0.0,3.9,0.6806366474371274,0.3890545729797321,eligible,eligible_current_role,backup,,2.0,direct,20260908_1821_tackles_direct,2026-10-07T10:47:48+00:00,2026-10-07T10:48:05+00:00
2026,5,401872991,2026-10-11,13:25,00-0035637,Rock Ya-Sin,DET,ARI,DB,tackles,3.8,1.1,7.3,0.9437007011948245,0.8367623665110039,eligible,eligible_current_role,backup,Doubtful,2.0,direct,20260908_1821_tackles_direct,2026-10-07T10:47:48+00:00,2026-10-07T10:48:05+00:00
2026,5,401872991,2026-10-11,13:25,00-0035707,Devin White,DET,ARI,LB,tackles,7.3,4.9,11.9,0.983495145631068,0.9631067961165048,eligible,eligible_current_role,starter,Active,1.0,direct,20260908_1821_tackles_direct,2026-10-07T10:47:48+00:00,2026-10-07T10:48:05+00:00
2026,5,401872991,2026-10-11,13:25,00-0036124,Khalil Dorsey,DET,ARI,DB,tackles,0.8,0.0,3.2,0.42725825548501395,0.1583201626324028,eligible,eligible_current_role,backup,,3.0,direct,20260908_1821_tackles_direct,2026-10-07T10:47:48+00:00,2026-10-07T10:48:05+00:00
2026,5,401872991,2026-10-11,13:25,00-0036331,Devin Duvernay,ARI,DET,WR,rushing_yards,0.1,-10.6,15.1,,,eligible,eligible_current_role,backup,,6.0,direct_component_blend,20260908_1821_rushing_yards_blend,2026-10-07T10:47:48+00:00,2026-10-07T10:48:05+00:00
2026,5,401872991,2026-10-11,13:25,00-0036331,Devin Duvernay,ARI,DET,WR,receiving_yards,4.4,-12.8,33.2,,,eligible,eligible_current_role,backup,,6.0,direct_component_blend,20260908_1821_receiving_yards_blend,2026-10-07T10:47:48+00:00,2026-10-07T10:48:05+00:00
2026,5,401872991,2026-10-11,13:25,00-0036335,D.J. Wonnum,DET,ARI,LB,tackles,2.3,0.4,4.8,0.8479145461470637,0.6228749602499523,eligible,eligible_current_role,backup,Active,2.0,direct,20260908_1821_tackles_direct,2026-10-07T10:47:48+00:00,2026-10-07T10:48:05+00:00
2026,5,401872991,2026-10-11,13:25,00-0036568,Roy Lopez,ARI,DET,DL,tackles,2.0,0.1,4.5,0.8034405974156454,0.5439313975006028,eligible,eligible_current_role,starter,Active,1.0,direct,20260908_1821_tackles_direct,2026-10-07T10:47:48+00:00,2026-10-07T10:48:05+00:00
2026,5,401872991,2026-10-11,13:25,00-0036624,Alim McNeill,DET,ARI,DL,tackles,1.6,0.0,4.3,0.7395153534913803,0.45701489765378284,eligible,eligible_current_role,starter,,1.0,direct,20260908_1821_tackles_direct,2026-10-07T10:47:48+00:00,2026-10-07T10:48:05+00:00
2026,5,401872991,2026-10-11,13:25,00-0036646,Simi Fehoko,ARI,DET,WR,rushing_yards,0.0,-10.7,15.1,,,eligible,eligible_current_role,backup,,5.0,direct_component_blend,20260908_1821_rushing_yards_blend,2026-10-07T10:47:48+00:00,2026-10-07T10:48:05+00:00
2026,5,401872991,2026-10-11,13:25,00-0036646,Simi Fehoko,ARI,DET,WR,receiving_yards,5.0,-12.2,33.8,,,eligible,eligible_current_role,backup,,5.0,direct_component_blend,20260908_1821_receiving_yards_blend,2026-10-07T10:47:48+00:00,2026-10-07T10:48:05+00:00
2026,5,401872991,2026-10-11,13:25,00-0036716,Amen Ogbongbemiga,DET,ARI,LB,tackles,1.2,0.0,3.7,0.5708110208227922,0.28029424016979426,eligible,eligible_current_role,backup,,2.0,direct,20260908_1821_tackles_direct,2026-10-07T10:47:48+00:00,2026-10-07T10:48:05+00:00
2026,5,401872991,2026-10-11,13:25,00-0036754,Brock Wright,DET,ARI,TE,rushing_yards,0.0,-10.8,15.0,,,eligible,eligible_current_role,backup,,2.0,direct_component_blend,20260908_1821_rushing_yards_blend,2026-10-07T10:47:48+00:00,2026-10-07T10:48:05+00:00
2026,5,401872991,2026-10-11,13:25,00-0036754,Brock Wright,DET,ARI,TE,receiving_yards,16.8,-2.9,51.1,,,eligible,eligible_current_role,backup,,2.0,direct_component_blend,20260908_1821_receiving_yards_blend,2026-10-07T10:47:48+00:00,2026-10-07T10:48:05+00:00
2026,5,401872991,2026-10-11,13:25,00-0036933,Zaven Collins,ARI,DET,LB,tackles,2.7,0.8,5.2,0.8875917737023662,0.7050423720784885,eligible,eligible_current_role,starter,,1.0,direct,20260908_1821_tackles_direct,2026-10-07T10:47:48+00:00,2026-10-07T10:48:05+00:00
2026,5,401872991,2026-10-11,13:25,00-0036954,Levi Onwuzurike,DET,ARI,DL,tackles,2.2,0.1,5.0,0.8275331623299451,0.5852724103918254,eligible,eligible_current_role,backup,,2.0,direct,20260908_1821_tackles_direct,2026-10-07T10:47:48+00:00,2026-10-07T10:48:05+00:00
2026,5,401872991,2026-10-11,13:25,00-0036963,Amon-Ra St. Brown,DET,ARI,WR,rushing_yards,0.1,-10.6,15.1,,,eligible,eligible_current_role,starter,Active,1.0,direct_component_blend,20260908_1821_rushing_yards_blend,2026-10-07T10:47:48+00:00,2026-10-07T10:48:05+00:00
2026,5,401872991,2026-10-11,13:25,00-0036963,Amon-Ra St. Brown,DET,ARI,WR,receiving_yards,70.5,43.8,119.7,,,eligible,eligible_current_role,starter,Active,1.0,direct_component_blend,20260908_1821_receiving_yards_blend,2026-10-07T10:47:48+00:00,2026-10-07T10:48:05+00:00
2026,5,401872991,2026-10-11,13:25,00-0036964,Derrick Barnes,DET,ARI,LB,tackles,5.0,2.0,8.9,0.9801957272026646,0.9290813389662606,eligible,eligible_current_role,starter,Active,1.0,direct,20260908_1821_tackles_direct,2026-10-07T10:47:48+00:00,2026-10-07T10:48:05+00:00
2026,5,401872991,2026-10-11,13:25,00-0036995,Baron Browning,ARI,DET,LB,tackles,2.2,0.2,4.7,0.8266894781189557,0.5837735075272777,eligible,eligible_current_role,backup,,2.0,direct,20260908_1821_tackles_direct,2026-10-07T10:47:48+00:00,2026-10-07T10:48:05+00:00
2026,5,401872991,2026-10-11,13:25,00-0037157,Bam Knight,ARI,DET,RB,rushing_yards,15.8,-6.2,46.8,,,eligible,eligible_current_role,backup,,3.0,direct_component_blend,20260908_1821_rushing_yards_blend,2026-10-07T10:47:48+00:00,2026-10-07T10:48:05+00:00
2026,5,401872991,2026-10-11,13:25,00-0037157,Bam Knight,ARI,DET,RB,receiving_yards,5.5,-11.7,34.3,,,eligible,eligible_current_role,backup,,3.0,direct_component_blend,20260908_1821_receiving_yards_blend,2026-10-07T10:47:48+00:00,2026-10-07T10:48:05+00:00
2026,5,401872991,2026-10-11,13:25,00-0037236,Aidan Hutchinson,DET,ARI,DL,tackles,2.9,0.7,5.6,0.8972198736335043,0.7291710776471779,eligible,eligible_current_role,starter,,1.0,direct,20260908_1821_tackles_direct,2026-10-07T10:47:48+00:00,2026-10-07T10:48:05+00:00
2026,5,401872991,2026-10-11,13:25,00-0037240,Jameson Williams,DET,ARI,WR,rushing_yards,0.3,-10.4,15.4,,,eligible,eligible_current_role,backup,Active,2.0,direct_component_blend,20260908_1821_rushing_yards_blend,2026-10-07T10:47:48+00:00,2026-10-07T10:48:05+00:00
2026,5,401872991,2026-10-11,13:25,00-0037240,Jameson Williams,DET,ARI,WR,receiving_yards,49.6,23.0,98.8,,,eligible,eligible_current_role,backup,Active,2.0,direct_component_blend,20260908_1821_receiving_yards_blend,2026-10-07T10:47:48+00:00,2026-10-07T10:48:05+00:00
2026,5,401872991,2026-10-11,13:25,00-0037263,Tyler Allgeier,ARI,DET,RB,rushing_yards,30.2,8.2,61.1,,,eligible,eligible_current_role,backup,Active,2.0,direct_component_blend,20260908_1821_rushing_yards_blend,2026-10-07T10:47:48+00:00,2026-10-07T10:48:05+00:00
2026,5,401872991,2026-10-11,13:25,00-0037263,Tyler Allgeier,ARI,DET,RB,receiving_yards,5.2,-12.0,34.0,,,eligible,eligible_current_role,backup,Active,2.0,direct_component_blend,20260908_1821_receiving_yards_blend,2026-10-07T10:47:48+00:00,2026-10-07T10:48:05+00:00
2026,5,401872991,2026-10-11,13:25,00-0037277,Teagan Quitoriano,ARI,DET,TE,rushing_yards,0.0,-10.8,15.0,,,eligible,eligible_current_role,backup,Active,3.0,direct_component_blend,20260908_1821_rushing_yards_blend,2026-10-07T10:47:48+00:00,2026-10-07T10:48:05+00:00
2026,5,401872991,2026-10-11,13:25,00-0037277,Teagan Quitoriano,ARI,DET,TE,receiving_yards,5.8,-11.4,34.6,,,eligible,eligible_current_role,backup,Active,3.0,direct_component_blend,20260908_1821_receiving_yards_blend,2026-10-07T10:47:48+00:00,2026-10-07T10:48:05+00:00
2026,5,401872991,2026-10-11,13:25,00-0037289,Malcolm Rodriguez,DET,ARI,LB,tackles,2.8,0.8,5.2,0.8891394158159325,0.7085695251029991,eligible,eligible_current_role,backup,,2.0,direct,20260908_1821_tackles_direct,2026-10-07T10:47:48+00:00,2026-10-07T10:48:05+00:00
2026,5,401872991,2026-10-11,13:25,00-0037524,Tay Martin,DET,ARI,WR,rushing_yards,0.0,-10.7,15.0,,,eligible,eligible_current_role,backup,,5.0,direct_component_blend,20260908_1821_rushing_yards_blend,2026-10-07T10:47:48+00:00,2026-10-07T10:48:05+00:00
2026,5,401872991,2026-10-11,13:25,00-0037524,Tay Martin,DET,ARI,WR,receiving_yards,8.8,-8.3,37.6,,,eligible,eligible_current_role,backup,,5.0,direct_component_blend,20260908_1821_receiving_yards_blend,2026-10-07T10:47:48+00:00,2026-10-07T10:48:05+00:00
2026,5,401872991,2026-10-11,13:25,00-0037596,Jack Gibbens,ARI,DET,LB,tackles,5.7,2.7,9.7,0.9826065646340689,0.9530373851081755,eligible,eligible_current_role,starter,,1.0,direct,20260908_1821_tackles_direct,2026-10-07T10:47:48+00:00,2026-10-07T10:48:05+00:00
2026,5,401872991,2026-10-11,13:25,00-0037744,Trey McBride,ARI,DET,TE,rushing_yards,0.0,-10.7,15.0,,,eligible,eligible_current_role,starter,Active,1.0,direct_component_blend,20260908_1821_rushing_yards_blend,2026-10-07T10:47:48+00:00,2026-10-07T10:48:05+00:00
2026,5,401872991,2026-10-11,13:25,00-0037744,Trey McBride,ARI,DET,TE,receiving_yards,68.4,48.7,102.7,,,eligible,eligible_current_role,starter,Active,1.0,direct_component_blend,20260908_1821_receiving_yards_blend,2026-10-07T10:47:48+00:00,2026-10-07T10:48:05+00:00
2026,5,401872991,2026-10-11,13:25,00-0038125,Roger McCreary,DET,ARI,DB,tackles,3.0,0.9,5.8,0.9076576907494208,0.7574291737881816,eligible,eligible_current_role,starter,,1.0,direct,20260908_1821_tackles_direct,2026-10-07T10:47:48+00:00,2026-10-07T10:48:05+00:00
2026,5,401872991,2026-10-11,13:25,00-0038559,Michael Wilson,ARI,DET,WR,rushing_yards,0.0,-10.8,15.0,,,eligible,eligible_current_role,starter,Active,1.0,direct_component_blend,20260908_1821_rushing_yards_blend,2026-10-07T10:47:48+00:00,2026-10-07T10:48:05+00:00
2026,5,401872991,2026-10-11,13:25,00-0038559,Michael Wilson,ARI,DET,WR,receiving_yards,52.4,25.7,101.6,,,eligible,eligible_current_role,starter,Active,1.0,direct_component_blend,20260908_1821_receiving_yards_blend,2026-10-07T10:47:48+00:00,2026-10-07T10:48:05+00:00
2026,5,401872991,2026-10-11,13:25,00-0038567,Chad Ryland,ARI,DET,K,kicking_points,7.3,2.5,12.7,,,eligible,eligible_current_role,starter,Active,1.0,component,20260908_1821_kicking_points_component,2026-10-07T10:47:48+00:00,2026-10-07T10:48:05+00:00
2026,5,401872991,2026-10-11,13:25,00-0038623,Dante Stills,ARI,DET,DL,tackles,2.2,0.3,4.7,0.833527448178993,0.5960360015225485,eligible,eligible_current_role,starter,,1.0,direct,20260908_1821_tackles_direct,2026-10-07T10:47:48+00:00,2026-10-07T10:48:05+00:00
2026,5,401872991,2026-10-11,13:25,00-0038640,Jalen Brooks,ARI,DET,WR,rushing_yards,0.0,-10.8,15.0,,,eligible,eligible_current_role,backup,,4.0,direct_component_blend,20260908_1821_rushing_yards_blend,2026-10-07T10:47:48+00:00,2026-10-07T10:48:05+00:00
2026,5,401872991,2026-10-11,13:25,00-0038640,Jalen Brooks,ARI,DET,WR,receiving_yards,8.5,-8.7,37.3,,,eligible,eligible_current_role,backup,,4.0,direct_component_blend,20260908_1821_receiving_yards_blend,2026-10-07T10:47:48+00:00,2026-10-07T10:48:05+00:00
2026,5,401872991,2026-10-11,13:25,00-0038660,Trevor Nowaske,DET,ARI,LB,tackles,1.1,0.0,3.5,0.5571211270775046,0.26737977701604543,eligible,eligible_current_role,backup,,3.0,direct,20260908_1821_tackles_direct,2026-10-07T10:47:48+00:00,2026-10-07T10:48:05+00:00
2026,5,401872991,2026-10-11,13:25,00-0038663,Starling Thomas V,ARI,DET,DB,tackles,3.1,0.5,6.7,0.9126335851001603,0.7715658846115311,eligible,eligible_current_role,backup,Active,2.0,direct,20260908_1821_tackles_direct,2026-10-07T10:47:48+00:00,2026-10-07T10:48:05+00:00
2026,5,401872991,2026-10-11,13:25,00-0038782,Eku Leota,ARI,DET,LB,tackles,0.7,0.0,3.2,0.3987268418032184,0.12312177566531007,eligible,eligible_current_role,backup,,2.0,direct,20260908_1821_tackles_direct,2026-10-07T10:47:48+00:00,2026-10-07T10:48:05+00:00
2026,5,401872991,2026-10-11,13:25,00-0038820,Christian Izien,DET,ARI,DB,tackles,4.3,1.7,7.8,0.9670655063442154,0.8900380385250934,eligible,eligible_current_role,starter,Active,1.0,direct,20260908_1821_tackles_direct,2026-10-07T10:47:48+00:00,2026-10-07T10:48:05+00:00
2026,5,401872991,2026-10-11,13:25,00-0038896,Jacob Saylors,DET,ARI,RB,rushing_yards,0.9,-9.9,15.9,,,eligible,eligible_current_role,backup,,3.0,direct_component_blend,20260908_1821_rushing_yards_blend,2026-10-07T10:47:48+00:00,2026-10-07T10:48:05+00:00
2026,5,401872991,2026-10-11,13:25,00-0038896,Jacob Saylors,DET,ARI,RB,receiving_yards,0.5,-16.7,29.3,,,eligible,eligible_current_role,backup,,3.0,direct_component_blend,20260908_1821_receiving_yards_blend,2026-10-07T10:47:48+00:00,2026-10-07T10:48:05+00:00
2026,5,401872991,2026-10-11,13:25,00-0038940,Tyler Lacy,DET,ARI,DL,tackles,1.8,0.0,4.3,0.7681586412333149,0.4920542377959386,eligible,eligible_current_role,starter,,1.0,direct,20260908_1821_tackles_direct,2026-10-07T10:47:48+00:00,2026-10-07T10:48:05+00:00
2026,5,401872991,2026-10-11,13:25,00-0038984,Kei'Trel Clark,ARI,DET,DB,tackles,0.8,0.0,3.3,0.4589777571126539,0.19138468875360629,eligible,eligible_current_role,backup,,2.0,direct,20260908_1821_tackles_direct,2026-10-07T10:47:48+00:00,2026-10-07T10:48:05+00:00
2026,5,401872991,2026-10-11,13:25,00-0039007,Garrett Williams,ARI,DET,DB,tackles,2.8,0.6,5.5,0.8889313137113937,0.7080935873378911,eligible,eligible_current_role,starter,,1.0,direct,20260908_1821_tackles_direct,2026-10-07T10:47:48+00:00,2026-10-07T10:48:05+00:00
2026,5,401872991,2026-10-11,13:25,00-0039018,Jack Campbell,DET,ARI,LB,tackles,7.5,5.4,12.4,0.983495145631068,0.9631067961165048,eligible,eligible_current_role,starter,Active,1.0,direct,20260908_1821_tackles_direct,2026-10-07T10:47:48+00:00,2026-10-07T10:48:05+00:00
2026,5,401872991,2026-10-11,13:25,00-0039041,Elijah Higgins,ARI,DET,TE,rushing_yards,0.0,-10.8,15.0,,,eligible,eligible_current_role,backup,Active,2.0,direct_component_blend,20260908_1821_rushing_yards_blend,2026-10-07T10:47:48+00:00,2026-10-07T10:48:05+00:00
2026,5,401872991,2026-10-11,13:25,00-0039041,Elijah Higgins,ARI,DET,TE,receiving_yards,17.4,0.3,46.2,,,eligible,eligible_current_role,backup,Active,2.0,direct_component_blend,20260908_1821_receiving_yards_blend,2026-10-07T10:47:48+00:00,2026-10-07T10:48:05+00:00
2026,5,401872991,2026-10-11,13:25,00-0039065,Sam LaPorta,DET,ARI,TE,rushing_yards,0.0,-10.8,15.0,,,eligible,eligible_current_role,starter,Active,1.0,direct_component_blend,20260908_1821_rushing_yards_blend,2026-10-07T10:47:48+00:00,2026-10-07T10:48:05+00:00
2026,5,401872991,2026-10-11,13:25,00-0039065,Sam LaPorta,DET,ARI,TE,receiving_yards,42.8,23.1,77.0,,,eligible,eligible_current_role,starter,Active,1.0,direct_component_blend,20260908_1821_receiving_yards_blend,2026-10-07T10:47:48+00:00,2026-10-07T10:48:05+00:00
2026,5,401872991,2026-10-11,13:25,00-0039139,Jahmyr Gibbs,DET,ARI,RB,rushing_yards,60.5,38.5,91.4,,,eligible,eligible_current_role,starter,Active,1.0,direct_component_blend,20260908_1821_rushing_yards_blend,2026-10-07T10:47:48+00:00,2026-10-07T10:48:05+00:00
2026,5,401872991,2026-10-11,13:25,00-0039139,Jahmyr Gibbs,DET,ARI,RB,receiving_yards,32.1,14.9,60.9,,,eligible,eligible_current_role,starter,Active,1.0,direct_component_blend,20260908_1821_receiving_yards_blend,2026-10-07T10:47:48+00:00,2026-10-07T10:48:05+00:00
2026,5,401872991,2026-10-11,13:25,00-0039172,Jake Bates,DET,ARI,K,kicking_points,7.9,2.9,13.8,,,eligible,eligible_current_role,starter,Active,1.0,component,20260908_1821_kicking_points_component,2026-10-07T10:47:48+00:00,2026-10-07T10:48:05+00:00
2026,5,401872991,2026-10-11,13:25,00-0039239,Kalen King,ARI,DET,DB,tackles,0.7,0.0,4.7,0.419231544317281,0.1479808083667014,eligible,eligible_current_role,backup,,2.0,direct,20260908_1821_tackles_direct,2026-10-07T10:47:48+00:00,2026-10-07T10:48:05+00:00
2026,5,401872991,2026-10-11,13:25,00-0039364,Sione Vaki,DET,ARI,RB,rushing_yards,2.1,-8.6,17.1,,,eligible,eligible_current_role,backup,,2.0,direct_component_blend,20260908_1821_rushing_yards_blend,2026-10-07T10:47:48+00:00,2026-10-07T10:48:05+00:00
2026,5,401872991,2026-10-11,13:25,00-0039364,Sione Vaki,DET,ARI,RB,receiving_yards,2.0,-15.1,30.9,,,eligible,eligible_current_role,backup,,2.0,direct_component_blend,20260908_1821_receiving_yards_blend,2026-10-07T10:47:48+00:00,2026-10-07T10:48:05+00:00
2026,5,401872991,2026-10-11,13:25,00-0039396,Mekhi Wingo,DET,ARI,DL,tackles,1.4,0.0,3.9,0.6688386236058395,0.37636702352311013,eligible,eligible_current_role,backup,Active,2.0,direct,20260908_1821_tackles_direct,2026-10-07T10:47:48+00:00,2026-10-07T10:48:05+00:00
2026,5,401872991,2026-10-11,13:25,00-0039474,Lawrence Keys,DET,ARI,WR,rushing_yards,0.1,-14.6,20.8,,,eligible,eligible_current_role,roster_only,,,direct_component_blend,20260908_1821_rushing_yards_blend,2026-10-07T10:47:48+00:00,2026-10-07T10:48:05+00:00
2026,5,401872991,2026-10-11,13:25,00-0039474,Lawrence Keys,DET,ARI,WR,receiving_yards,6.8,-15.9,47.3,,,eligible,eligible_current_role,roster_only,,,direct_component_blend,20260908_1821_receiving_yards_blend,2026-10-07T10:47:48+00:00,2026-10-07T10:48:05+00:00
2026,5,401872991,2026-10-11,13:25,00-0039807,Max Melton,ARI,DET,DB,tackles,1.2,0.0,4.0,0.5723282046973244,0.28176181398940625,eligible,eligible_current_role,starter,,1.0,direct,20260908_1821_tackles_direct,2026-10-07T10:47:48+00:00,2026-10-07T10:48:05+00:00
2026,5,401872991,2026-10-11,13:25,00-0039849,Marvin Harrison Jr.,ARI,DET,WR,rushing_yards,0.0,-10.8,15.0,,,eligible,eligible_current_role,backup,Active,2.0,direct_component_blend,20260908_1821_rushing_yards_blend,2026-10-07T10:47:48+00:00,2026-10-07T10:48:05+00:00
2026,5,401872991,2026-10-11,13:25,00-0039849,Marvin Harrison Jr.,ARI,DET,WR,receiving_yards,23.8,6.7,52.6,,,eligible,eligible_current_role,backup,Active,2.0,direct_component_blend,20260908_1821_receiving_yards_blend,2026-10-07T10:47:48+00:00,2026-10-07T10:48:05+00:00
2026,5,401872991,2026-10-11,13:25,00-0039854,Darius Robinson,ARI,DET,DL,tackles,2.3,0.4,4.9,0.8511017561951633,0.6289672370665682,eligible,eligible_current_role,backup,,2.0,direct,20260908_1821_tackles_direct,2026-10-07T10:47:48+00:00,2026-10-07T10:48:05+00:00
2026,5,401872991,2026-10-11,13:25,00-0039862,Ennis Rakestraw Jr.,DET,ARI,DB,tackles,1.3,0.0,3.8,0.6091192085672108,0.31637201120918046,eligible,eligible_current_role,starter,,1.0,direct,20260908_1821_tackles_direct,2026-10-07T10:47:48+00:00,2026-10-07T10:48:05+00:00
2026,5,401872991,2026-10-11,13:25,00-0039864,Dadrion Taylor-Demerson,ARI,DET,DB,tackles,3.8,1.1,7.3,0.9458039558549951,0.8408482039078805,eligible,questionable_flag,backup,Questionable,2.0,direct,20260908_1821_tackles_direct,2026-10-07T10:47:48+00:00,2026-10-07T10:48:05+00:00
2026,5,401872991,2026-10-11,13:25,00-0040137,Jordan Burch,ARI,DET,LB,tackles,1.8,0.0,4.3,0.7680422966077768,0.49190844680638723,eligible,eligible_current_role,backup,,3.0,direct,20260908_1821_tackles_direct,2026-10-07T10:47:48+00:00,2026-10-07T10:48:05+00:00
2026,5,401872991,2026-10-11,13:25,00-0040195,Denzel Burke,ARI,DET,DB,tackles,3.8,1.1,7.3,0.9447713323114777,0.8388348933579259,eligible,eligible_current_role,starter,,1.0,direct,20260908_1821_tackles_direct,2026-10-07T10:47:48+00:00,2026-10-07T10:48:05+00:00
2026,5,401872991,2026-10-11,13:25,00-0040390,Jackson Meeks,DET,ARI,TE,rushing_yards,0.0,-14.8,20.6,,,eligible,eligible_current_role,backup,,3.0,direct_component_blend,20260908_1821_rushing_yards_blend,2026-10-07T10:47:48+00:00,2026-10-07T10:48:05+00:00
2026,5,401872991,2026-10-11,13:25,00-0040390,Jackson Meeks,DET,ARI,TE,receiving_yards,2.9,-19.7,43.5,,,eligible,eligible_current_role,backup,,3.0,direct_component_blend,20260908_1821_receiving_yards_blend,2026-10-07T10:47:48+00:00,2026-10-07T10:48:05+00:00
2026,5,401872991,2026-10-11,13:25,00-0040645,Cody Simon,ARI,DET,LB,tackles,6.0,3.1,10.0,0.9831775903837927,0.9592823042141382,eligible,eligible_current_role,backup,,2.0,direct,20260908_1821_tackles_direct,2026-10-07T10:47:48+00:00,2026-10-07T10:48:05+00:00
2026,5,401872991,2026-10-11,13:25,00-0040669,Isaac TeSlaa,DET,ARI,WR,rushing_yards,0.0,-10.8,15.0,,,eligible,eligible_current_role,backup,Active,3.0,direct_component_blend,20260908_1821_rushing_yards_blend,2026-10-07T10:47:48+00:00,2026-10-07T10:48:05+00:00
2026,5,401872991,2026-10-11,13:25,00-0040669,Isaac TeSlaa,DET,ARI,WR,receiving_yards,21.6,-5.1,70.7,,,eligible,eligible_current_role,backup,Active,3.0,direct_component_blend,20260908_1821_receiving_yards_blend,2026-10-07T10:47:48+00:00,2026-10-07T10:48:05+00:00
2026,5,401872991,2026-10-11,13:25,00-0040672,Tyleik Williams,DET,ARI,DL,tackles,1.6,0.0,4.0,0.7419390536655652,0.45999083301066407,eligible,eligible_current_role,starter,,1.0,direct,20260908_1821_tackles_direct,2026-10-07T10:47:48+00:00,2026-10-07T10:48:05+00:00
2026,5,401872991,2026-10-11,13:25,00-0040706,Walter Nolen,ARI,DET,DL,tackles,1.4,0.0,3.9,0.6742909363222407,0.38219419514319203,eligible,eligible_current_role,starter,Active,1.0,direct,20260908_1821_tackles_direct,2026-10-07T10:47:48+00:00,2026-10-07T10:48:05+00:00
2026,5,401872991,2026-10-11,13:25,00-0040761,Ahmed Hassanein,DET,ARI,DL,tackles,1.0,0.0,4.5,0.5423574191664661,0.2540754334345954,eligible,eligible_current_role,backup,Active,4.0,direct,20260908_1821_tackles_direct,2026-10-07T10:47:48+00:00,2026-10-07T10:48:05+00:00
2026,5,401872991,2026-10-11,13:25,00-0040914,Bishop Fitzgerald,DET,ARI,DB,tackles,2.3,0.0,6.2,0.839614650969084,0.6071771661745072,eligible,eligible_current_role,backup,Active,2.0,direct,20260908_1821_tackles_direct,2026-10-07T10:47:48+00:00,2026-10-07T10:48:05+00:00
2026,5,401872991,2026-10-11,13:25,00-0041027,Jeremiyah Love,ARI,DET,RB,rushing_yards,17.8,-12.5,60.3,,,eligible,questionable_flag,starter,Questionable,1.0,direct_component_blend,20260908_1821_rushing_yards_blend,2026-10-07T10:47:48+00:00,2026-10-07T10:48:05+00:00
2026,5,401872991,2026-10-11,13:25,00-0041027,Jeremiyah Love,ARI,DET,RB,receiving_yards,3.7,-18.9,44.3,,,eligible,questionable_flag,starter,Questionable,1.0,direct_component_blend,20260908_1821_receiving_yards_blend,2026-10-07T10:47:48+00:00,2026-10-07T10:48:05+00:00
2026,5,401872991,2026-10-11,13:25,00-0041070,Reggie Virgil,ARI,DET,WR,rushing_yards,0.1,-14.6,20.8,,,eligible,eligible_current_role,backup,Active,7.0,direct_component_blend,20260908_1821_rushing_yards_blend,2026-10-07T10:47:48+00:00,2026-10-07T10:48:05+00:00
2026,5,401872991,2026-10-11,13:25,00-0041070,Reggie Virgil,ARI,DET,WR,receiving_yards,6.6,-16.1,47.1,,,eligible,eligible_current_role,backup,Active,7.0,direct_component_blend,20260908_1821_receiving_yards_blend,2026-10-07T10:47:48+00:00,2026-10-07T10:48:05+00:00
2026,5,401872991,2026-10-11,13:25,00-0041093,Karson Sharar,ARI,DET,LB,tackles,1.4,0.0,5.0,0.6834056857601243,0.39207497418007065,eligible,eligible_current_role,backup,,2.0,direct,20260908_1821_tackles_direct,2026-10-07T10:47:48+00:00,2026-10-07T10:48:05+00:00
2026,5,401872991,2026-10-11,13:25,00-0041370,Wydett Williams Jr.,ARI,DET,DB,tackles,2.1,0.0,6.0,0.8136404912130887,0.5610736314138505,eligible,eligible_current_role,backup,,2.0,direct,20260908_1821_tackles_direct,2026-10-07T10:47:48+00:00,2026-10-07T10:48:05+00:00
2026,5,401872991,2026-10-11,13:25,00-0041441,Derrick Moore,DET,ARI,LB,tackles,1.6,0.0,5.0,0.7312137751049721,0.446934484739414,eligible,eligible_current_role,backup,,2.0,direct,20260908_1821_tackles_direct,2026-10-07T10:47:48+00:00,2026-10-07T10:48:05+00:00
2026,5,401872991,2026-10-11,13:25,00-0041442,Jimmy Rolder,DET,ARI,LB,tackles,1.5,0.0,5.0,0.7145076533169148,0.4271618478976374,eligible,eligible_current_role,backup,,2.0,direct,20260908_1821_tackles_direct,2026-10-07T10:47:48+00:00,2026-10-07T10:48:05+00:00
2026,5,401872991,2026-10-11,13:25,00-0041445,Keith Abney II,DET,ARI,DB,tackles,2.3,0.0,6.2,0.839614650969084,0.6071771661745072,eligible,eligible_current_role,backup,,2.0,direct,20260908_1821_tackles_direct,2026-10-07T10:47:48+00:00,2026-10-07T10:48:05+00:00
2026,5,401872991,2026-10-11,13:25,00-0041447,Skyler Gill-Howard,DET,ARI,DL,tackles,1.2,0.0,4.7,0.5676829640068,0.2772916435195883,eligible,eligible_current_role,backup,,3.0,direct,20260908_1821_tackles_direct,2026-10-07T10:47:48+00:00,2026-10-07T10:48:05+00:00
2026,5,401872991,2026-10-11,13:25,00-0041457,Miles Kitselman,DET,ARI,TE,rushing_yards,0.0,-14.7,20.7,,,eligible,eligible_current_role,roster_only,,,direct_component_blend,20260908_1821_rushing_yards_blend,2026-10-07T10:47:48+00:00,2026-10-07T10:48:05+00:00
2026,5,401872991,2026-10-11,13:25,00-0041457,Miles Kitselman,DET,ARI,TE,receiving_yards,4.3,-18.4,44.8,,,eligible,eligible_current_role,roster_only,,,direct_component_blend,20260908_1821_receiving_yards_blend,2026-10-07T10:47:48+00:00,2026-10-07T10:48:05+00:00
2026,5,401872991,2026-10-11,13:25,00-0041459,Eric O'Neill,DET,ARI,DL,tackles,1.1,0.0,4.7,0.5671021654907756,0.2767375532515397,eligible,eligible_current_role,backup,,3.0,direct,20260908_1821_tackles_direct,2026-10-07T10:47:48+00:00,2026-10-07T10:48:05+00:00
2026,5,401872991,2026-10-11,13:25,00-0041561,Carson Beck,ARI,DET,QB,rushing_yards,9.4,-8.1,34.1,,,eligible,eligible_current_role,backup,Active,3.0,direct_component_blend,20260908_1821_rushing_yards_blend,2026-10-07T10:47:48+00:00,2026-10-07T10:48:05+00:00
2026,5,401872992,2026-10-11,13:25,00-0029892,Kyle Juszczyk,SF,SEA,RB,rushing_yards,0.5,-10.2,15.5,,,eligible,eligible_current_role,starter,Doubtful,1.0,direct_component_blend,20260908_1821_rushing_yards_blend,2026-10-07T10:47:48+00:00,2026-10-07T10:48:05+00:00
2026,5,401872992,2026-10-11,13:25,00-0029892,Kyle Juszczyk,SF,SEA,RB,receiving_yards,11.4,-5.7,40.3,,,eligible,eligible_current_role,starter,Doubtful,1.0,direct_component_blend,20260908_1821_receiving_yards_blend,2026-10-07T10:47:48+00:00,2026-10-07T10:48:05+00:00
2026,5,401872992,2026-10-11,13:25,00-0031236,Brandin Cooks,SF,SEA,WR,rushing_yards,0.0,-10.7,15.1,,,eligible,eligible_current_role,backup,Active,3.0,direct_component_blend,20260908_1821_rushing_yards_blend,2026-10-07T10:47:48+00:00,2026-10-07T10:48:05+00:00
2026,5,401872992,2026-10-11,13:25,00-0031236,Brandin Cooks,SF,SEA,WR,receiving_yards,25.6,8.4,54.4,,,eligible,eligible_current_role,backup,Active,3.0,direct_component_blend,20260908_1821_receiving_yards_blend,2026-10-07T10:47:48+00:00,2026-10-07T10:48:05+00:00
2026,5,401872992,2026-10-11,13:25,00-0031408,Mike Evans,SF,SEA,WR,rushing_yards,0.0,-10.7,15.0,,,eligible,eligible_current_role,starter,Active,1.0,direct_component_blend,20260908_1821_rushing_yards_blend,2026-10-07T10:47:48+00:00,2026-10-07T10:48:05+00:00
2026,5,401872992,2026-10-11,13:25,00-0031408,Mike Evans,SF,SEA,WR,receiving_yards,54.0,27.3,103.2,,,eligible,eligible_current_role,starter,Active,1.0,direct_component_blend,20260908_1821_receiving_yards_blend,2026-10-07T10:47:48+00:00,2026-10-07T10:48:05+00:00
2026,5,401872992,2026-10-11,13:25,00-0031411,DeMarcus Lawrence,SEA,SF,LB,tackles,3.4,0.4,7.4,0.9243888001346783,0.8015934856841691,eligible,eligible_current_role,starter,,1.0,direct,20260908_1821_tackles_direct,2026-10-07T10:47:48+00:00,2026-10-07T10:48:05+00:00
2026,5,401872992,2026-10-11,13:25,00-0031492,Jason Myers,SEA,SF,K,kicking_points,7.8,2.8,13.7,,,eligible,eligible_current_role,starter,Active,1.0,component,20260908_1821_kicking_points_component,2026-10-07T10:47:48+00:00,2026-10-07T10:48:05+00:00
2026,5,401872992,2026-10-11,13:25,00-0031933,Leonard Williams,SEA,SF,DL,tackles,2.9,0.7,5.6,0.8970700988587494,0.7287781023754489,eligible,questionable_flag,starter,Questionable,1.0,direct,20260908_1821_tackles_direct,2026-10-07T10:47:48+00:00,2026-10-07T10:48:05+00:00
2026,5,401872992,2026-10-11,13:25,00-0032052,Dante Fowler Jr.,SEA,SF,LB,tackles,1.2,0.0,3.7,0.5751607927699877,0.28452161722782277,eligible,eligible_current_role,backup,,2.0,direct,20260908_1821_tackles_direct,2026-10-07T10:47:48+00:00,2026-10-07T10:48:05+00:00
2026,5,401872992,2026-10-11,13:25,00-0032387,Jarran Reed,SEA,SF,DL,tackles,2.2,0.3,4.7,0.8311249270224268,0.5916976849361156,eligible,eligible_current_role,starter,,1.0,direct,20260908_1821_tackles_direct,2026-10-07T10:47:48+00:00,2026-10-07T10:48:05+00:00
2026,5,401872992,2026-10-11,13:25,00-0032415,Matthew Judon,SF,SEA,LB,tackles,1.2,0.0,3.8,0.5827206164101641,0.29201561116553343,eligible,eligible_current_role,recent_defensive_participant,,,direct,20260908_1821_tackles_direct,2026-10-07T10:47:48+00:00,2026-10-07T10:48:05+00:00
2026,5,401872992,2026-10-11,13:25,00-0033280,Christian McCaffrey,SF,SEA,RB,rushing_yards,72.4,50.4,103.3,,,eligible,eligible_current_role,starter,Active,1.0,direct_component_blend,20260908_1821_rushing_yards_blend,2026-10-07T10:47:48+00:00,2026-10-07T10:48:05+00:00
2026,5,401872992,2026-10-11,13:25,00-0033280,Christian McCaffrey,SF,SEA,RB,receiving_yards,36.8,19.6,65.6,,,eligible,eligible_current_role,starter,Active,1.0,direct_component_blend,20260908_1821_receiving_yards_blend,2026-10-07T10:47:48+00:00,2026-10-07T10:48:05+00:00
2026,5,401872992,2026-10-11,13:25,00-0033288,George Kittle,SF,SEA,TE,rushing_yards,0.0,-10.8,15.0,,,eligible,eligible_current_role,starter,Active,1.0,direct_component_blend,20260908_1821_rushing_yards_blend,2026-10-07T10:47:48+00:00,2026-10-07T10:48:05+00:00
2026,5,401872992,2026-10-11,13:25,00-0033288,George Kittle,SF,SEA,TE,receiving_yards,52.3,32.6,86.6,,,eligible,eligible_current_role,starter,Active,1.0,direct_component_blend,20260908_1821_receiving_yards_blend,2026-10-07T10:47:48+00:00,2026-10-07T10:48:05+00:00
2026,5,401872992,2026-10-11,13:25,00-0033576,Eric Saubert,SEA,SF,TE,rushing_yards,0.0,-10.8,14.9,,,eligible,eligible_current_role,backup,,2.0,direct_component_blend,20260908_1821_rushing_yards_blend,2026-10-07T10:47:48+00:00,2026-10-07T10:48:05+00:00
2026,5,401872992,2026-10-11,13:25,00-0033576,Eric Saubert,SEA,SF,TE,receiving_yards,6.2,-11.0,35.0,,,eligible,eligible_current_role,backup,,2.0,direct_component_blend,20260908_1821_receiving_yards_blend,2026-10-07T10:47:48+00:00,2026-10-07T10:48:05+00:00
2026,5,401872992,2026-10-11,13:25,00-0033908,Cooper Kupp,SEA,SF,WR,rushing_yards,0.0,-10.8,15.0,,,eligible,eligible_current_role,backup,Active,3.0,direct_component_blend,20260908_1821_rushing_yards_blend,2026-10-07T10:47:48+00:00,2026-10-07T10:48:05+00:00
2026,5,401872992,2026-10-11,13:25,00-0033908,Cooper Kupp,SEA,SF,WR,receiving_yards,35.0,8.4,84.2,,,eligible,eligible_current_role,backup,Active,3.0,direct_component_blend,20260908_1821_receiving_yards_blend,2026-10-07T10:47:48+00:00,2026-10-07T10:48:05+00:00
2026,5,401872992,2026-10-11,13:25,00-0034173,Eddy Pineiro,SF,SEA,K,kicking_points,7.9,3.3,13.1,,,eligible,eligible_current_role,starter,Active,1.0,component,20260908_1821_kicking_points_component,2026-10-07T10:47:48+00:00,2026-10-07T10:48:05+00:00
2026,5,401872992,2026-10-11,13:25,00-0034350,Uchenna Nwosu,SEA,SF,LB,tackles,2.3,0.4,4.8,0.8488128469593719,0.6245841976784705,eligible,eligible_current_role,starter,,1.0,direct,20260908_1821_tackles_direct,2026-10-07T10:47:48+00:00,2026-10-07T10:48:05+00:00
2026,5,401872992,2026-10-11,13:25,00-0034391,Siran Neal,SF,SEA,DB,tackles,0.7,0.0,3.2,0.41018974586319373,0.13674841718885442,eligible,eligible_current_role,backup,,2.0,direct,20260908_1821_tackles_direct,2026-10-07T10:47:48+00:00,2026-10-07T10:48:05+00:00
2026,5,401872992,2026-10-11,13:25,00-0034807,Ogbo Okoronkwo,SF,SEA,DL,tackles,1.0,0.0,3.5,0.5534987877915247,0.26405912153293,eligible,eligible_current_role,backup,,2.0,direct,20260908_1821_tackles_direct,2026-10-07T10:47:48+00:00,2026-10-07T10:48:05+00:00
2026,5,401872992,2026-10-11,13:25,00-0034815,Fred Warner,SF,SEA,LB,tackles,5.2,2.2,9.2,0.9811244841191623,0.9379479317042264,eligible,eligible_current_role,starter,Active,1.0,direct,20260908_1821_tackles_direct,2026-10-07T10:47:48+00:00,2026-10-07T10:48:05+00:00
2026,5,401872992,2026-10-11,13:25,00-0034867,Malik Turner,SF,SEA,WR,rushing_yards,0.0,-10.7,15.0,,,eligible,eligible_current_role,roster_only,,,direct_component_blend,20260908_1821_rushing_yards_blend,2026-10-07T10:47:48+00:00,2026-10-07T10:48:05+00:00
2026,5,401872992,2026-10-11,13:25,00-0034867,Malik Turner,SF,SEA,WR,receiving_yards,3.3,-13.9,32.1,,,eligible,eligible_current_role,roster_only,,,direct_component_blend,20260908_1821_receiving_yards_blend,2026-10-07T10:47:48+00:00,2026-10-07T10:48:05+00:00
2026,5,401872992,2026-10-11,13:25,00-0034869,Sam Darnold,SEA,SF,QB,passing_yards,197.3,103.8,303.5,,,eligible,eligible_current_role,starter,Active,1.0,direct_component_blend,20260908_1821_passing_yards_blend,2026-10-07T10:47:48+00:00,2026-10-07T10:48:05+00:00
2026,5,401872992,2026-10-11,13:25,00-0034869,Sam Darnold,SEA,SF,QB,passing_tds,1.206,,,0.6547619047619048,0.39285714285714285,eligible,eligible_current_role,starter,Active,1.0,direct_component_blend,20260908_1821_passing_tds_blend,2026-10-07T10:47:48+00:00,2026-10-07T10:48:05+00:00
2026,5,401872992,2026-10-11,13:25,00-0034869,Sam Darnold,SEA,SF,QB,rushing_yards,6.9,-5.9,24.8,,,eligible,eligible_current_role,starter,Active,1.0,direct_component_blend,20260908_1821_rushing_yards_blend,2026-10-07T10:47:48+00:00,2026-10-07T10:48:05+00:00
2026,5,401872992,2026-10-11,13:25,00-0034974,Julian Love,SEA,SF,DB,tackles,5.5,2.8,8.9,0.9819091257427621,0.9457668033411841,eligible,eligible_current_role,starter,,1.0,direct,20260908_1821_tackles_direct,2026-10-07T10:47:48+00:00,2026-10-07T10:48:05+00:00
2026,5,401872992,2026-10-11,13:25,00-0034982,Dre Greenlaw,SF,SEA,LB,tackles,5.7,3.7,8.1,0.982575258403277,0.9527033581979162,eligible,eligible_current_role,starter,Active,1.0,direct,20260908_1821_tackles_direct,2026-10-07T10:47:48+00:00,2026-10-07T10:48:05+00:00
2026,5,401872992,2026-10-11,13:25,00-0035026,Kevin Givens,SF,SEA,DL,tackles,1.1,0.0,3.6,0.5599890579820046,0.270037126312972,eligible,eligible_current_role,recent_defensive_participant,,,direct,20260908_1821_tackles_direct,2026-10-07T10:47:48+00:00,2026-10-07T10:48:05+00:00
2026,5,401872992,2026-10-11,13:25,00-0035413,Luke Gifford,SF,SEA,LB,tackles,1.9,0.0,4.4,0.781772414562936,0.5095724236272805,eligible,eligible_current_role,backup,,2.0,direct,20260908_1821_tackles_direct,2026-10-07T10:47:48+00:00,2026-10-07T10:48:05+00:00
2026,5,401872992,2026-10-11,13:25,00-0035704,Drew Lock,SEA,SF,QB,rushing_yards,6.4,-4.4,21.4,,,eligible,eligible_current_role,backup,,2.0,direct_component_blend,20260908_1821_rushing_yards_blend,2026-10-07T10:47:48+00:00,2026-10-07T10:48:05+00:00
2026,5,401872992,2026-10-11,13:25,00-0035717,Nick Bosa,SF,SEA,DL,tackles,3.1,1.1,5.5,0.9090991464675752,0.7614767598879773,eligible,eligible_current_role,starter,Doubtful,1.0,direct,20260908_1821_tackles_direct,2026-10-07T10:47:48+00:00,2026-10-07T10:48:05+00:00
2026,5,401872992,2026-10-11,13:25,00-0035719,Deebo Samuel Sr.,SF,SEA,WR,rushing_yards,6.8,-3.9,21.8,,,eligible,eligible_current_role,backup,Active,2.0,direct_component_blend,20260908_1821_rushing_yards_blend,2026-10-07T10:47:48+00:00,2026-10-07T10:48:05+00:00
2026,5,401872992,2026-10-11,13:25,00-0035719,Deebo Samuel Sr.,SF,SEA,WR,receiving_yards,39.7,13.1,88.9,,,eligible,eligible_current_role,backup,Active,2.0,direct_component_blend,20260908_1821_receiving_yards_blend,2026-10-07T10:47:48+00:00,2026-10-07T10:48:05+00:00
2026,5,401872992,2026-10-11,13:25,00-0036329,Ashtyn Davis,SF,SEA,DB,tackles,4.3,1.6,7.7,0.9645203096707746,0.8836349905029889,eligible,eligible_current_role,backup,,3.0,direct,20260908_1821_tackles_direct,2026-10-07T10:47:48+00:00,2026-10-07T10:48:05+00:00
2026,5,401872992,2026-10-11,13:25,00-0036341,Khalid Kareem,SF,SEA,DL,tackles,1.1,0.0,3.6,0.5589634121634938,0.2690839012311256,eligible,eligible_current_role,backup,,3.0,direct,20260908_1821_tackles_direct,2026-10-07T10:47:48+00:00,2026-10-07T10:48:05+00:00
2026,5,401872992,2026-10-11,13:25,00-0036361,Trevon Diggs,SEA,SF,DB,tackles,1.9,0.0,5.5,0.7773218384769853,0.5037431373940748,eligible,eligible_current_role,recent_defensive_participant,,,direct,20260908_1821_tackles_direct,2026-10-07T10:47:48+00:00,2026-10-07T10:48:05+00:00
2026,5,401872992,2026-10-11,13:25,00-0036563,Deommodore Lenoir,SF,SEA,DB,tackles,3.9,1.2,7.4,0.9492859026635659,0.8477462814486341,eligible,eligible_current_role,starter,,1.0,direct,20260908_1821_tackles_direct,2026-10-07T10:47:48+00:00,2026-10-07T10:48:05+00:00
2026,5,401872992,2026-10-11,13:25,00-0036695,Naquan Jones,SF,SEA,DL,tackles,1.1,0.0,3.5,0.5578662117807417,0.26806773800282546,eligible,eligible_current_role,backup,,2.0,direct,20260908_1821_tackles_direct,2026-10-07T10:47:48+00:00,2026-10-07T10:48:05+00:00
2026,5,401872992,2026-10-11,13:25,00-0036844,Garret Wallow,SF,SEA,LB,tackles,0.7,0.0,3.2,0.4149723150972856,0.142635650198474,eligible,eligible_current_role,backup,,2.0,direct,20260908_1821_tackles_direct,2026-10-07T10:47:48+00:00,2026-10-07T10:48:05+00:00
2026,5,401872992,2026-10-11,13:25,00-0036887,Luke Farrell,SF,SEA,TE,rushing_yards,0.0,-10.8,14.9,,,eligible,eligible_current_role,backup,,2.0,direct_component_blend,20260908_1821_rushing_yards_blend,2026-10-07T10:47:48+00:00,2026-10-07T10:48:05+00:00
2026,5,401872992,2026-10-11,13:25,00-0036887,Luke Farrell,SF,SEA,TE,receiving_yards,4.0,-13.2,32.8,,,eligible,eligible_current_role,backup,,2.0,direct_component_blend,20260908_1821_receiving_yards_blend,2026-10-07T10:47:48+00:00,2026-10-07T10:48:05+00:00
2026,5,401872992,2026-10-11,13:25,00-0036942,Osa Odighizuwa,SF,SEA,DL,tackles,2.2,0.1,5.0,0.8302153407698867,0.5900637298908696,eligible,eligible_current_role,starter,,1.0,direct,20260908_1821_tackles_direct,2026-10-07T10:47:48+00:00,2026-10-07T10:48:05+00:00
2026,5,401872992,2026-10-11,13:25,00-0036972,Mac Jones,SF,SEA,QB,rushing_yards,4.7,-8.0,22.7,,,eligible,eligible_current_role,backup,,2.0,direct_component_blend,20260908_1821_rushing_yards_blend,2026-10-07T10:47:48+00:00,2026-10-07T10:48:05+00:00
2026,5,401872992,2026-10-11,13:25,00-0036994,Ernest Jones,SEA,SF,LB,tackles,6.9,4.2,11.2,0.983495145631068,0.9631067961165048,eligible,eligible_current_role,recent_defensive_participant,Active,,direct,20260908_1821_tackles_direct,2026-10-07T10:47:48+00:00,2026-10-07T10:48:05+00:00
2026,5,401872992,2026-10-11,13:25,00-0037003,Chazz Surratt,SEA,SF,LB,tackles,0.7,0.0,3.1,0.3933247980010308,0.11693183132029594,eligible,questionable_flag,recent_defensive_participant,Questionable,,direct,20260908_1821_tackles_direct,2026-10-07T10:47:48+00:00,2026-10-07T10:48:05+00:00
2026,5,401872992,2026-10-11,13:25,00-0037137,Josh Jobe,SEA,SF,DB,tackles,3.3,0.6,6.8,0.9183849280979407,0.7885228679893229,eligible,eligible_current_role,starter,,1.0,direct,20260908_1821_tackles_direct,2026-10-07T10:47:48+00:00,2026-10-07T10:48:05+00:00
2026,5,401872992,2026-10-11,13:25,00-0037323,Rodney Thomas,SEA,SF,DB,tackles,1.2,0.0,3.7,0.567939357933974,0.27753658601718945,eligible,eligible_current_role,backup,,2.0,direct,20260908_1821_tackles_direct,2026-10-07T10:47:48+00:00,2026-10-07T10:48:05+00:00
2026,5,401872992,2026-10-11,13:25,00-0037545,Rashid Shaheed,SEA,SF,WR,rushing_yards,2.2,-8.5,17.3,,,eligible,eligible_current_role,backup,Active,2.0,direct_component_blend,20260908_1821_rushing_yards_blend,2026-10-07T10:47:48+00:00,2026-10-07T10:48:05+00:00
2026,5,401872992,2026-10-11,13:25,00-0037545,Rashid Shaheed,SEA,SF,WR,receiving_yards,13.9,-3.3,42.7,,,eligible,eligible_current_role,backup,Active,2.0,direct_component_blend,20260908_1821_receiving_yards_blend,2026-10-07T10:47:48+00:00,2026-10-07T10:48:05+00:00
2026,5,401872992,2026-10-11,13:25,00-0037745,Velus Jones Jr.,SEA,SF,RB,rushing_yards,7.4,-3.3,22.4,,,eligible,eligible_current_role,backup,Active,3.0,direct_component_blend,20260908_1821_rushing_yards_blend,2026-10-07T10:47:48+00:00,2026-10-07T10:48:05+00:00
2026,5,401872992,2026-10-11,13:25,00-0037745,Velus Jones Jr.,SEA,SF,RB,receiving_yards,1.2,-15.9,30.0,,,eligible,eligible_current_role,backup,Active,3.0,direct_component_blend,20260908_1821_receiving_yards_blend,2026-10-07T10:47:48+00:00,2026-10-07T10:48:05+00:00
2026,5,401872992,2026-10-11,13:25,00-0037834,Brock Purdy,SF,SEA,QB,passing_yards,237.9,144.5,344.2,,,eligible,eligible_current_role,starter,Active,1.0,direct_component_blend,20260908_1821_passing_yards_blend,2026-10-07T10:47:48+00:00,2026-10-07T10:48:05+00:00
2026,5,401872992,2026-10-11,13:25,00-0037834,Brock Purdy,SF,SEA,QB,passing_tds,1.589,,,0.8125,0.5119047619047619,eligible,eligible_current_role,starter,Active,1.0,direct_component_blend,20260908_1821_passing_tds_blend,2026-10-07T10:47:48+00:00,2026-10-07T10:48:05+00:00
2026,5,401872992,2026-10-11,13:25,00-0037834,Brock Purdy,SF,SEA,QB,rushing_yards,13.6,0.8,31.5,,,eligible,eligible_current_role,starter,Active,1.0,direct_component_blend,20260908_1821_rushing_yards_blend,2026-10-07T10:47:48+00:00,2026-10-07T10:48:05+00:00
2026,5,401872992,2026-10-11,13:25,00-0038039,Jack Jones,SF,SEA,DB,tackles,4.2,1.5,7.7,0.9612011683721712,0.875454513392803,eligible,eligible_current_role,backup,,2.0,direct,20260908_1821_tackles_direct,2026-10-07T10:47:48+00:00,2026-10-07T10:48:05+00:00
2026,5,401872992,2026-10-11,13:25,00-0038488,Brady Russell,SEA,SF,RB,rushing_yards,0.8,-9.9,15.8,,,eligible,eligible_current_role,starter,,1.0,direct_component_blend,20260908_1821_rushing_yards_blend,2026-10-07T10:47:48+00:00,2026-10-07T10:48:05+00:00
2026,5,401872992,2026-10-11,13:25,00-0038488,Brady Russell,SEA,SF,RB,receiving_yards,2.8,-14.3,31.6,,,eligible,eligible_current_role,starter,,1.0,direct_component_blend,20260908_1821_receiving_yards_blend,2026-10-07T10:47:48+00:00,2026-10-07T10:48:05+00:00
2026,5,401872992,2026-10-11,13:25,00-0038543,Jaxon Smith-Njigba,SEA,SF,WR,rushing_yards,0.0,-10.7,15.1,,,eligible,eligible_current_role,starter,Active,1.0,direct_component_blend,20260908_1821_rushing_yards_blend,2026-10-07T10:47:48+00:00,2026-10-07T10:48:05+00:00
2026,5,401872992,2026-10-11,13:25,00-0038543,Jaxon Smith-Njigba,SEA,SF,WR,receiving_yards,69.4,42.8,118.6,,,eligible,eligible_current_role,starter,Active,1.0,direct_component_blend,20260908_1821_receiving_yards_blend,2026-10-07T10:47:48+00:00,2026-10-07T10:48:05+00:00
2026,5,401872992,2026-10-11,13:25,00-0038554,Ji'Ayir Brown,SF,SEA,DB,tackles,4.8,2.0,8.2,0.9775186384157508,0.9177682315385933,eligible,eligible_current_role,starter,,1.0,direct,20260908_1821_tackles_direct,2026-10-07T10:47:48+00:00,2026-10-07T10:48:05+00:00
2026,5,401872992,2026-10-11,13:25,00-0038591,Mike Morris,SEA,SF,DL,tackles,1.0,0.0,3.5,0.5533588416062198,0.2639316241198739,eligible,eligible_current_role,backup,,2.0,direct,20260908_1821_tackles_direct,2026-10-07T10:47:48+00:00,2026-10-07T10:48:05+00:00
2026,5,401872992,2026-10-11,13:25,00-0038643,Brayden Willis,SF,SEA,TE,rushing_yards,0.0,-10.8,15.0,,,eligible,eligible_current_role,backup,,3.0,direct_component_blend,20260908_1821_rushing_yards_blend,2026-10-07T10:47:48+00:00,2026-10-07T10:48:05+00:00
2026,5,401872992,2026-10-11,13:25,00-0038643,Brayden Willis,SF,SEA,TE,receiving_yards,0.3,-16.9,29.1,,,eligible,eligible_current_role,backup,,3.0,direct_component_blend,20260908_1821_receiving_yards_blend,2026-10-07T10:47:48+00:00,2026-10-07T10:48:05+00:00
2026,5,401872992,2026-10-11,13:25,00-0038694,Brandon Pili,SEA,SF,DL,tackles,1.0,0.0,3.5,0.5446697197263403,0.25612937977986716,eligible,eligible_current_role,backup,Active,2.0,direct,20260908_1821_tackles_direct,2026-10-07T10:47:48+00:00,2026-10-07T10:48:05+00:00
2026,5,401872992,2026-10-11,13:25,00-0038764,Patrick O'Connell,SEA,SF,LB,tackles,1.5,0.0,3.9,0.6908272213742683,0.4002517073170842,eligible,eligible_current_role,recent_defensive_participant,,,direct,20260908_1821_tackles_direct,2026-10-07T10:47:48+00:00,2026-10-07T10:48:05+00:00
2026,5,401872992,2026-10-11,13:25,00-0038765,Ty Okada,SEA,SF,DB,tackles,3.6,1.4,6.3,0.9372526968194381,0.824579035545856,eligible,questionable_flag,starter,Questionable,1.0,direct,20260908_1821_tackles_direct,2026-10-07T10:47:48+00:00,2026-10-07T10:48:05+00:00
2026,5,401872992,2026-10-11,13:25,00-0038797,Emanuel Wilson,SEA,SF,RB,rushing_yards,35.4,13.4,66.3,,,eligible,eligible_current_role,starter,Active,1.0,direct_component_blend,20260908_1821_rushing_yards_blend,2026-10-07T10:47:48+00:00,2026-10-07T10:48:05+00:00
2026,5,401872992,2026-10-11,13:25,00-0038797,Emanuel Wilson,SEA,SF,RB,receiving_yards,8.4,-8.7,37.2,,,eligible,eligible_current_role,starter,Active,1.0,direct_component_blend,20260908_1821_receiving_yards_blend,2026-10-07T10:47:48+00:00,2026-10-07T10:48:05+00:00
2026,5,401872992,2026-10-11,13:25,00-0038922,Drake Thomas,SEA,SF,LB,tackles,5.8,2.9,9.8,0.9828377522006863,0.955529458769482,eligible,eligible_current_role,recent_defensive_participant,Active,,direct,20260908_1821_tackles_direct,2026-10-07T10:47:48+00:00,2026-10-07T10:48:05+00:00
2026,5,401872992,2026-10-11,13:25,00-0039047,Derick Hall,SEA,SF,LB,tackles,2.1,0.2,4.6,0.8145275624612375,0.5625887951243085,eligible,eligible_current_role,backup,,2.0,direct,20260908_1821_tackles_direct,2026-10-07T10:47:48+00:00,2026-10-07T10:48:05+00:00
2026,5,401872992,2026-10-11,13:25,00-0039148,Keion White,SF,SEA,DL,tackles,1.8,0.0,4.3,0.7745318116428762,0.500140240702137,eligible,eligible_current_role,starter,Active,1.0,direct,20260908_1821_tackles_direct,2026-10-07T10:47:48+00:00,2026-10-07T10:48:05+00:00
2026,5,401872992,2026-10-11,13:25,00-0039169,Devon Witherspoon,SEA,SF,DB,tackles,5.8,3.2,9.3,0.9828057437327502,0.9551816625817238,eligible,eligible_current_role,starter,,1.0,direct,20260908_1821_tackles_direct,2026-10-07T10:47:48+00:00,2026-10-07T10:48:05+00:00
2026,5,401872992,2026-10-11,13:25,00-0039299,George Holani,SEA,SF,RB,rushing_yards,10.2,-11.8,41.1,,,eligible,eligible_current_role,backup,Active,2.0,direct_component_blend,20260908_1821_rushing_yards_blend,2026-10-07T10:47:48+00:00,2026-10-07T10:48:05+00:00
2026,5,401872992,2026-10-11,13:25,00-0039299,George Holani,SEA,SF,RB,receiving_yards,2.9,-14.3,31.7,,,eligible,eligible_current_role,backup,Active,2.0,direct_component_blend,20260908_1821_receiving_yards_blend,2026-10-07T10:47:48+00:00,2026-10-07T10:48:05+00:00
2026,5,401872992,2026-10-11,13:25,00-0039309,Byron Murphy II,SEA,SF,DL,tackles,3.1,0.9,5.8,0.9097887761360061,0.7634267068670477,eligible,eligible_current_role,starter,,1.0,direct,20260908_1821_tackles_direct,2026-10-07T10:47:48+00:00,2026-10-07T10:48:05+00:00
2026,5,401872992,2026-10-11,13:25,00-0039345,Renardo Green,SF,SEA,DB,tackles,4.1,1.4,7.6,0.9594895077052944,0.8713055439975501,eligible,eligible_current_role,starter,,1.0,direct,20260908_1821_tackles_direct,2026-10-07T10:47:48+00:00,2026-10-07T10:48:05+00:00
2026,5,401872992,2026-10-11,13:25,00-0039360,Malik Mustapha,SF,SEA,DB,tackles,5.2,2.5,8.6,0.9810298169187537,0.9370263889889495,eligible,eligible_current_role,backup,,2.0,direct,20260908_1821_tackles_direct,2026-10-07T10:47:48+00:00,2026-10-07T10:48:05+00:00
2026,5,401872992,2026-10-11,13:25,00-0039365,Jacob Cowing,SF,SEA,WR,rushing_yards,0.9,-9.8,16.0,,,eligible,eligible_current_role,backup,,4.0,direct_component_blend,20260908_1821_rushing_yards_blend,2026-10-07T10:47:48+00:00,2026-10-07T10:48:05+00:00
2026,5,401872992,2026-10-11,13:25,00-0039365,Jacob Cowing,SF,SEA,WR,receiving_yards,9.0,-8.2,37.8,,,eligible,eligible_current_role,backup,,4.0,direct_component_blend,20260908_1821_receiving_yards_blend,2026-10-07T10:47:48+00:00,2026-10-07T10:48:05+00:00
2026,5,401872992,2026-10-11,13:25,00-0039435,Tatum Bethune,SF,SEA,LB,tackles,6.7,3.8,10.8,0.983495145631068,0.9631067961165048,eligible,eligible_current_role,backup,Active,2.0,direct,20260908_1821_tackles_direct,2026-10-07T10:47:48+00:00,2026-10-07T10:48:05+00:00
2026,5,401872992,2026-10-11,13:25,00-0039793,AJ Barner,SEA,SF,TE,rushing_yards,0.2,-10.5,15.2,,,eligible,eligible_current_role,starter,Active,1.0,direct_component_blend,20260908_1821_rushing_yards_blend,2026-10-07T10:47:48+00:00,2026-10-07T10:48:05+00:00
2026,5,401872992,2026-10-11,13:25,00-0039793,AJ Barner,SEA,SF,TE,receiving_yards,29.4,9.7,63.7,,,eligible,eligible_current_role,starter,Active,1.0,direct_component_blend,20260908_1821_receiving_yards_blend,2026-10-07T10:47:48+00:00,2026-10-07T10:48:05+00:00
2026,5,401872992,2026-10-11,13:25,00-0039795,Nehemiah Pritchett,SEA,SF,DB,tackles,1.3,0.0,3.8,0.602756504470352,0.3103697839637433,eligible,eligible_current_role,backup,,2.0,direct,20260908_1821_tackles_direct,2026-10-07T10:47:48+00:00,2026-10-07T10:48:05+00:00
2026,5,401872992,2026-10-11,13:25,00-0039815,Tyrice Knight,SEA,SF,LB,tackles,2.1,0.2,4.6,0.8203829438665754,0.5726911167301566,eligible,eligible_current_role,recent_defensive_participant,,,direct,20260908_1821_tackles_direct,2026-10-07T10:47:48+00:00,2026-10-07T10:48:05+00:00
2026,5,401872992,2026-10-11,13:25,00-0040058,Nick Kallerup,SEA,SF,TE,rushing_yards,0.0,-10.8,14.9,,,eligible,eligible_current_role,backup,Active,4.0,direct_component_blend,20260908_1821_rushing_yards_blend,2026-10-07T10:47:48+00:00,2026-10-07T10:48:05+00:00
2026,5,401872992,2026-10-11,13:25,00-0040058,Nick Kallerup,SEA,SF,TE,receiving_yards,2.2,-15.0,31.0,,,eligible,eligible_current_role,backup,Active,4.0,direct_component_blend,20260908_1821_receiving_yards_blend,2026-10-07T10:47:48+00:00,2026-10-07T10:48:05+00:00
2026,5,401872992,2026-10-11,13:25,00-0040061,Connor O'Toole,SEA,SF,LB,tackles,1.1,0.0,3.6,0.563621139717489,0.2734388124340425,eligible,eligible_current_role,backup,,3.0,direct,20260908_1821_tackles_direct,2026-10-07T10:47:48+00:00,2026-10-07T10:48:05+00:00
2026,5,401872992,2026-10-11,13:25,00-0040152,Upton Stout,SF,SEA,DB,tackles,4.7,2.5,7.4,0.9768367965437316,0.9158769119424712,eligible,eligible_current_role,starter,Active,1.0,direct,20260908_1821_tackles_direct,2026-10-07T10:47:48+00:00,2026-10-07T10:48:05+00:00
2026,5,401872992,2026-10-11,13:25,00-0040172,Jordan Watkins,SF,SEA,WR,rushing_yards,0.0,-11.8,16.5,,,eligible,eligible_current_role,backup,,5.0,direct_component_blend,20260908_1821_rushing_yards_blend,2026-10-07T10:47:48+00:00,2026-10-07T10:48:05+00:00
2026,5,401872992,2026-10-11,13:25,00-0040172,Jordan Watkins,SF,SEA,WR,receiving_yards,7.4,-11.2,39.4,,,eligible,eligible_current_role,backup,,5.0,direct_component_blend,20260908_1821_receiving_yards_blend,2026-10-07T10:47:48+00:00,2026-10-07T10:48:05+00:00
2026,5,401872992,2026-10-11,13:25,00-0040177,Jordan James,SF,SEA,RB,rushing_yards,7.0,-23.3,49.5,,,eligible,eligible_current_role,backup,Active,3.0,direct_component_blend,20260908_1821_rushing_yards_blend,2026-10-07T10:47:48+00:00,2026-10-07T10:48:05+00:00
2026,5,401872992,2026-10-11,13:25,00-0040177,Jordan James,SF,SEA,RB,receiving_yards,0.9,-21.8,41.5,,,eligible,eligible_current_role,backup,Active,3.0,direct_component_blend,20260908_1821_receiving_yards_blend,2026-10-07T10:47:48+00:00,2026-10-07T10:48:05+00:00
2026,5,401872992,2026-10-11,13:25,00-0040185,Marques Sigle,SF,SEA,DB,tackles,1.1,0.0,3.5,0.5578125931670448,0.26801817373078984,eligible,eligible_current_role,starter,Doubtful,1.0,direct,20260908_1821_tackles_direct,2026-10-07T10:47:48+00:00,2026-10-07T10:48:05+00:00
2026,5,401872992,2026-10-11,13:25,00-0040560,Sebastian Valdez,SF,SEA,DL,tackles,1.1,0.0,4.6,0.5547990729074225,0.26524655553888005,eligible,eligible_current_role,backup,,3.0,direct,20260908_1821_tackles_direct,2026-10-07T10:47:48+00:00,2026-10-07T10:48:05+00:00
2026,5,401872992,2026-10-11,13:25,00-0040589,Kurtis Rourke,SF,SEA,QB,rushing_yards,8.5,-9.0,33.2,,,eligible,eligible_current_role,backup,Active,3.0,direct_component_blend,20260908_1821_rushing_yards_blend,2026-10-07T10:47:48+00:00,2026-10-07T10:48:05+00:00
2026,5,401872992,2026-10-11,13:25,00-0040621,Montorie Foster Jr,SEA,SF,WR,rushing_yards,0.0,-14.8,20.6,,,eligible,eligible_current_role,backup,Active,5.0,direct_component_blend,20260908_1821_rushing_yards_blend,2026-10-07T10:47:48+00:00,2026-10-07T10:48:05+00:00
2026,5,401872992,2026-10-11,13:25,00-0040621,Montorie Foster Jr,SEA,SF,WR,receiving_yards,6.3,-16.3,46.9,,,eligible,eligible_current_role,backup,Active,5.0,direct_component_blend,20260908_1821_receiving_yards_blend,2026-10-07T10:47:48+00:00,2026-10-07T10:48:05+00:00
2026,5,401872992,2026-10-11,13:25,00-0040647,Rylie Mills,SEA,SF,DL,tackles,0.9,0.0,3.7,0.5021780874097916,0.22220966997281658,eligible,eligible_current_role,backup,,2.0,direct,20260908_1821_tackles_direct,2026-10-07T10:47:48+00:00,2026-10-07T10:48:05+00:00
2026,5,401872992,2026-10-11,13:25,00-0040648,Tory Horton,SEA,SF,WR,rushing_yards,0.0,-10.8,15.0,,,eligible,eligible_current_role,backup,Active,4.0,direct_component_blend,20260908_1821_rushing_yards_blend,2026-10-07T10:47:48+00:00,2026-10-07T10:48:05+00:00
2026,5,401872992,2026-10-11,13:25,00-0040648,Tory Horton,SEA,SF,WR,receiving_yards,24.1,6.9,52.9,,,eligible,eligible_current_role,backup,Active,4.0,direct_component_blend,20260908_1821_receiving_yards_blend,2026-10-07T10:47:48+00:00,2026-10-07T10:48:05+00:00
2026,5,401872992,2026-10-11,13:25,00-0040673,Jalen Milroe,SEA,SF,QB,rushing_yards,2.5,-9.3,19.0,,,eligible,eligible_current_role,backup,Active,3.0,direct_component_blend,20260908_1821_rushing_yards_blend,2026-10-07T10:47:48+00:00,2026-10-07T10:48:05+00:00
2026,5,401872992,2026-10-11,13:25,00-0040733,Nick Emmanwori,SEA,SF,DB,tackles,5.8,3.1,9.2,0.9826643637750115,0.9536561797783449,eligible,eligible_current_role,starter,Active,1.0,direct,20260908_1821_tackles_direct,2026-10-07T10:47:48+00:00,2026-10-07T10:48:05+00:00
2026,5,401872992,2026-10-11,13:25,00-0040739,Elijah Arroyo,SEA,SF,TE,rushing_yards,0.0,-10.8,14.9,,,eligible,eligible_current_role,backup,Active,3.0,direct_component_blend,20260908_1821_rushing_yards_blend,2026-10-07T10:47:48+00:00,2026-10-07T10:48:05+00:00
2026,5,401872992,2026-10-11,13:25,00-0040739,Elijah Arroyo,SEA,SF,TE,receiving_yards,6.1,-11.1,34.9,,,eligible,eligible_current_role,backup,Active,3.0,direct_component_blend,20260908_1821_receiving_yards_blend,2026-10-07T10:47:48+00:00,2026-10-07T10:48:05+00:00
2026,5,401872992,2026-10-11,13:25,00-0040873,Julian Neal,SEA,SF,DB,tackles,2.2,0.0,6.1,0.8240378694354643,0.5790878690593322,eligible,eligible_current_role,backup,,2.0,direct,20260908_1821_tackles_direct,2026-10-07T10:47:48+00:00,2026-10-07T10:48:05+00:00
2026,5,401872992,2026-10-11,13:25,00-0040984,Dontae McMillan,SEA,SF,RB,rushing_yards,15.7,-14.6,58.2,,,eligible,eligible_current_role,roster_only,,,direct_component_blend,20260908_1821_rushing_yards_blend,2026-10-07T10:47:48+00:00,2026-10-07T10:48:05+00:00
2026,5,401872992,2026-10-11,13:25,00-0040984,Dontae McMillan,SEA,SF,RB,receiving_yards,4.0,-18.6,44.6,,,eligible,eligible_current_role,roster_only,,,direct_component_blend,20260908_1821_receiving_yards_blend,2026-10-07T10:47:48+00:00,2026-10-07T10:48:05+00:00
2026,5,401872992,2026-10-11,13:25,00-0041052,Kaelon Black,SF,SEA,RB,rushing_yards,12.7,-17.5,55.3,,,eligible,eligible_current_role,backup,Active,2.0,direct_component_blend,20260908_1821_rushing_yards_blend,2026-10-07T10:47:48+00:00,2026-10-07T10:48:05+00:00
2026,5,401872992,2026-10-11,13:25,00-0041052,Kaelon Black,SF,SEA,RB,receiving_yards,3.4,-19.3,43.9,,,eligible,eligible_current_role,backup,Active,2.0,direct_component_blend,20260908_1821_receiving_yards_blend,2026-10-07T10:47:48+00:00,2026-10-07T10:48:05+00:00
2026,5,401872992,2026-10-11,13:25,00-0041068,Ephesians Prysock,SF,SEA,DB,tackles,2.2,0.0,6.1,0.826486457833583,0.5834134005190225,eligible,eligible_current_role,backup,Active,2.0,direct,20260908_1821_tackles_direct,2026-10-07T10:47:48+00:00,2026-10-07T10:48:05+00:00
2026,5,401872992,2026-10-11,13:25,00-0041078,Jaden Dugger,SF,SEA,LB,tackles,2.1,0.0,5.7,0.8228576799758,0.5770145617778677,eligible,eligible_current_role,starter,Active,1.0,direct,20260908_1821_tackles_direct,2026-10-07T10:47:48+00:00,2026-10-07T10:48:05+00:00
2026,5,401872992,2026-10-11,13:25,00-0041178,Robert Henry Jr.,SEA,SF,RB,rushing_yards,16.0,-14.2,58.5,,,eligible,eligible_current_role,backup,Active,4.0,direct_component_blend,20260908_1821_rushing_yards_blend,2026-10-07T10:47:48+00:00,2026-10-07T10:48:05+00:00
2026,5,401872992,2026-10-11,13:25,00-0041178,Robert Henry Jr.,SEA,SF,RB,receiving_yards,4.3,-18.3,44.9,,,eligible,eligible_current_role,backup,Active,4.0,direct_component_blend,20260908_1821_receiving_yards_blend,2026-10-07T10:47:48+00:00,2026-10-07T10:48:05+00:00
2026,5,401872992,2026-10-11,13:25,00-0041363,James Thompson Jr.,SF,SEA,DL,tackles,1.2,0.0,4.8,0.5725677273785614,0.28199417981508673,eligible,eligible_current_role,recent_defensive_participant,,,direct,20260908_1821_tackles_direct,2026-10-07T10:47:48+00:00,2026-10-07T10:48:05+00:00
2026,5,401872992,2026-10-11,13:25,00-0041382,Avery Smith,SEA,SF,DB,tackles,1.9,0.0,5.9,0.7819560433356776,0.5098151430801083,eligible,eligible_current_role,backup,Active,3.0,direct,20260908_1821_tackles_direct,2026-10-07T10:47:48+00:00,2026-10-07T10:48:05+00:00
2026,5,401872992,2026-10-11,13:25,00-0041542,Malick Meiga,SEA,SF,WR,rushing_yards,0.0,-14.7,20.7,,,eligible,eligible_current_role,roster_only,,,direct_component_blend,20260908_1821_rushing_yards_blend,2026-10-07T10:47:48+00:00,2026-10-07T10:48:05+00:00
2026,5,401872992,2026-10-11,13:25,00-0041542,Malick Meiga,SEA,SF,WR,receiving_yards,6.7,-16.0,47.2,,,eligible,eligible_current_role,roster_only,,,direct_component_blend,20260908_1821_receiving_yards_blend,2026-10-07T10:47:48+00:00,2026-10-07T10:48:05+00:00
2026,5,401872992,2026-10-11,13:25,00-0041556,Romello Height,SF,SEA,DL,tackles,1.2,0.0,4.7,0.5710888193929448,0.2805624035672399,eligible,eligible_current_role,backup,Active,2.0,direct,20260908_1821_tackles_direct,2026-10-07T10:47:48+00:00,2026-10-07T10:48:05+00:00
2026,5,401872992,2026-10-11,13:25,00-0041557,Gracen Halton,SF,SEA,DL,tackles,1.4,0.0,4.9,0.6598924475893966,0.3669381359583125,eligible,eligible_current_role,starter,,1.0,direct,20260908_1821_tackles_direct,2026-10-07T10:47:48+00:00,2026-10-07T10:48:05+00:00
2026,5,401872992,2026-10-11,13:25,THO581952,James Thompson Jr.,SF,SEA,DT,tackles,1.2,0.0,4.8,0.5839447205064295,0.2932468967234452,eligible,eligible_current_role,backup,Doubtful,2.0,direct,20260908_1821_tackles_direct,2026-10-07T10:47:48+00:00,2026-10-07T10:48:05+00:00
2026,5,401872993,2026-10-11,20:20,00-0025565,Nick Folk,ATL,BAL,K,kicking_points,7.4,2.7,12.9,,,eligible,eligible_current_role,starter,Active,1.0,component,20260908_1821_kicking_points_component,2026-10-07T10:47:48+00:00,2026-10-07T10:48:05+00:00
2026,5,401872993,2026-10-11,20:20,00-0026190,Calais Campbell,BAL,ATL,DL,tackles,2.1,0.2,4.6,0.8186189345813798,0.5696290035870849,eligible,eligible_current_role,starter,,1.0,direct,20260908_1821_tackles_direct,2026-10-07T10:47:48+00:00,2026-10-07T10:48:05+00:00
2026,5,401872993,2026-10-11,20:20,00-0030070,John Jenkins,BAL,ATL,DL,tackles,1.7,0.0,4.2,0.7626163638919679,0.4851798839901379,eligible,eligible_current_role,backup,,2.0,direct,20260908_1821_tackles_direct,2026-10-07T10:47:48+00:00,2026-10-07T10:48:05+00:00
2026,5,401872993,2026-10-11,20:20,00-0031576,Za'Darius Smith,ATL,BAL,LB,tackles,1.8,0.0,4.2,0.7656583703268524,0.48893525610447064,eligible,questionable_flag,starter,Questionable,1.0,direct,20260908_1821_tackles_direct,2026-10-07T10:47:48+00:00,2026-10-07T10:48:05+00:00
2026,5,401872993,2026-10-11,20:20,00-0032392,Austin Hooper,ATL,BAL,TE,rushing_yards,0.0,-10.8,15.0,,,eligible,eligible_current_role,backup,Active,3.0,direct_component_blend,20260908_1821_rushing_yards_blend,2026-10-07T10:47:48+00:00,2026-10-07T10:48:05+00:00
2026,5,401872993,2026-10-11,20:20,00-0032392,Austin Hooper,ATL,BAL,TE,receiving_yards,16.0,-1.1,44.8,,,eligible,eligible_current_role,backup,Active,3.0,direct_component_blend,20260908_1821_receiving_yards_blend,2026-10-07T10:47:48+00:00,2026-10-07T10:48:05+00:00
2026,5,401872993,2026-10-11,20:20,00-0032398,Chris Moore,BAL,ATL,WR,rushing_yards,0.0,-10.8,15.0,,,eligible,questionable_flag,backup,Questionable,4.0,direct_component_blend,20260908_1821_rushing_yards_blend,2026-10-07T10:47:48+00:00,2026-10-07T10:48:05+00:00
2026,5,401872993,2026-10-11,20:20,00-0032398,Chris Moore,BAL,ATL,WR,receiving_yards,9.0,-8.1,37.8,,,eligible,questionable_flag,backup,Questionable,4.0,direct_component_blend,20260908_1821_receiving_yards_blend,2026-10-07T10:47:48+00:00,2026-10-07T10:48:05+00:00
2026,5,401872993,2026-10-11,20:20,00-0032764,Derrick Henry,BAL,ATL,RB,rushing_yards,98.5,76.5,129.4,,,eligible,eligible_current_role,starter,Active,1.0,direct_component_blend,20260908_1821_rushing_yards_blend,2026-10-07T10:47:48+00:00,2026-10-07T10:48:05+00:00
2026,5,401872993,2026-10-11,20:20,00-0032764,Derrick Henry,BAL,ATL,RB,receiving_yards,6.3,-10.9,35.1,,,eligible,eligible_current_role,starter,Active,1.0,direct_component_blend,20260908_1821_receiving_yards_blend,2026-10-07T10:47:48+00:00,2026-10-07T10:48:05+00:00
2026,5,401872993,2026-10-11,20:20,00-0033281,Marlon Humphrey,BAL,ATL,DB,tackles,3.7,1.0,7.2,0.941574486337159,0.8326897872664702,eligible,questionable_flag,starter,Questionable,1.0,direct,20260908_1821_tackles_direct,2026-10-07T10:47:48+00:00,2026-10-07T10:48:05+00:00
2026,5,401872993,2026-10-11,20:20,00-0033548,Chidobe Awuzie,BAL,ATL,DB,tackles,2.7,0.7,5.1,0.8817914571393239,0.6920691022955884,eligible,eligible_current_role,backup,,2.0,direct,20260908_1821_tackles_direct,2026-10-07T10:47:48+00:00,2026-10-07T10:48:05+00:00
2026,5,401872993,2026-10-11,20:20,00-0033662,Cooper Rush,ATL,BAL,QB,rushing_yards,4.2,-6.5,19.3,,,eligible,eligible_current_role,backup,Active,3.0,direct_component_blend,20260908_1821_rushing_yards_blend,2026-10-07T10:47:48+00:00,2026-10-07T10:48:05+00:00
2026,5,401872993,2026-10-11,20:20,00-0033935,Trey Hendrickson,BAL,ATL,LB,tackles,1.4,0.0,3.9,0.6806787512028928,0.38910037621679594,eligible,questionable_flag,starter,Questionable,1.0,direct,20260908_1821_tackles_direct,2026-10-07T10:47:48+00:00,2026-10-07T10:48:05+00:00
2026,5,401872993,2026-10-11,20:20,00-0033945,Samson Ebukam,ATL,BAL,DL,tackles,1.8,0.0,4.3,0.7739803302212189,0.49943269103597737,eligible,eligible_current_role,starter,Active,1.0,direct,20260908_1821_tackles_direct,2026-10-07T10:47:48+00:00,2026-10-07T10:48:05+00:00
2026,5,401872993,2026-10-11,20:20,00-0034639,Mike Ford,ATL,BAL,DB,tackles,0.7,0.0,3.2,0.41561608148776474,0.1434373433872494,eligible,eligible_current_role,backup,,2.0,direct,20260908_1821_tackles_direct,2026-10-07T10:47:48+00:00,2026-10-07T10:48:05+00:00
2026,5,401872993,2026-10-11,20:20,00-0034675,Jessie Bates,ATL,BAL,DB,tackles,5.6,2.9,9.1,0.982282165966449,0.9496128401106525,eligible,eligible_current_role,starter,Active,1.0,direct,20260908_1821_tackles_direct,2026-10-07T10:47:48+00:00,2026-10-07T10:48:05+00:00
2026,5,401872993,2026-10-11,20:20,00-0034753,Mark Andrews,BAL,ATL,TE,rushing_yards,0.6,-10.1,15.7,,,eligible,eligible_current_role,starter,Active,1.0,direct_component_blend,20260908_1821_rushing_yards_blend,2026-10-07T10:47:48+00:00,2026-10-07T10:48:05+00:00
2026,5,401872993,2026-10-11,20:20,00-0034753,Mark Andrews,BAL,ATL,TE,receiving_yards,46.9,29.8,75.7,,,eligible,eligible_current_role,starter,Active,1.0,direct_component_blend,20260908_1821_receiving_yards_blend,2026-10-07T10:47:48+00:00,2026-10-07T10:48:05+00:00
2026,5,401872993,2026-10-11,20:20,00-0034796,Lamar Jackson,BAL,ATL,QB,passing_yards,187.8,94.4,294.1,,,eligible,questionable_flag,starter,Questionable,1.0,direct_component_blend,20260908_1821_passing_yards_blend,2026-10-07T10:47:48+00:00,2026-10-07T10:48:05+00:00
2026,5,401872993,2026-10-11,20:20,00-0034796,Lamar Jackson,BAL,ATL,QB,passing_tds,1.589,,,0.8125,0.5119047619047619,eligible,questionable_flag,starter,Questionable,1.0,direct_component_blend,20260908_1821_passing_tds_blend,2026-10-07T10:47:48+00:00,2026-10-07T10:48:05+00:00
2026,5,401872993,2026-10-11,20:20,00-0034796,Lamar Jackson,BAL,ATL,QB,rushing_yards,28.8,16.0,46.7,,,eligible,questionable_flag,starter,Questionable,1.0,direct_component_blend,20260908_1821_rushing_yards_blend,2026-10-07T10:47:48+00:00,2026-10-07T10:48:05+00:00
2026,5,401872993,2026-10-11,20:20,00-0034801,Josh Woods,ATL,BAL,LB,tackles,1.1,0.0,3.5,0.5537218964797284,0.2642625053917072,eligible,eligible_current_role,recent_defensive_participant,,,direct,20260908_1821_tackles_direct,2026-10-07T10:47:48+00:00,2026-10-07T10:48:05+00:00
2026,5,401872993,2026-10-11,20:20,00-0034843,Mike Hughes,ATL,BAL,DB,tackles,2.5,0.0,6.1,0.8640400450541666,0.6545341557148792,eligible,eligible_current_role,starter,,1.0,direct,20260908_1821_tackles_direct,2026-10-07T10:47:48+00:00,2026-10-07T10:48:05+00:00
2026,5,401872993,2026-10-11,20:20,00-0034874,Roquan Smith,BAL,ATL,LB,tackles,7.0,4.4,11.3,0.983495145631068,0.9631067961165048,eligible,eligible_current_role,recent_defensive_participant,Active,,direct,20260908_1821_tackles_direct,2026-10-07T10:47:48+00:00,2026-10-07T10:48:05+00:00
2026,5,401872993,2026-10-11,20:20,00-0034975,Justice Hill,BAL,ATL,RB,rushing_yards,7.8,-2.9,22.9,,,eligible,eligible_current_role,backup,Active,2.0,direct_component_blend,20260908_1821_rushing_yards_blend,2026-10-07T10:47:48+00:00,2026-10-07T10:48:05+00:00
2026,5,401872993,2026-10-11,20:20,00-0034975,Justice Hill,BAL,ATL,RB,receiving_yards,7.4,-9.8,36.2,,,eligible,eligible_current_role,backup,Active,2.0,direct_component_blend,20260908_1821_receiving_yards_blend,2026-10-07T10:47:48+00:00,2026-10-07T10:48:05+00:00
2026,5,401872993,2026-10-11,20:20,00-0035208,Olamide Zaccheaus,ATL,BAL,WR,rushing_yards,0.0,-10.8,15.0,,,eligible,eligible_current_role,backup,Active,3.0,direct_component_blend,20260908_1821_rushing_yards_blend,2026-10-07T10:47:48+00:00,2026-10-07T10:48:05+00:00
2026,5,401872993,2026-10-11,20:20,00-0035208,Olamide Zaccheaus,ATL,BAL,WR,receiving_yards,22.7,5.6,51.5,,,eligible,eligible_current_role,backup,Active,3.0,direct_component_blend,20260908_1821_receiving_yards_blend,2026-10-07T10:47:48+00:00,2026-10-07T10:48:05+00:00
2026,5,401872993,2026-10-11,20:20,00-0035993,Tyler Huntley,BAL,ATL,QB,rushing_yards,21.3,8.6,39.3,,,eligible,eligible_current_role,backup,Active,2.0,direct_component_blend,20260908_1821_rushing_yards_blend,2026-10-07T10:47:48+00:00,2026-10-07T10:48:05+00:00
2026,5,401872993,2026-10-11,20:20,00-0036081,Broderick Washington,BAL,ATL,DL,tackles,1.8,0.0,4.3,0.7683299896169782,0.49226907107034534,eligible,eligible_current_role,backup,,2.0,direct,20260908_1821_tackles_direct,2026-10-07T10:47:48+00:00,2026-10-07T10:48:05+00:00
2026,5,401872993,2026-10-11,20:20,00-0036130,Nnamdi Madubuike,BAL,ATL,DL,tackles,2.4,0.5,4.9,0.8607332007685334,0.6478666191518783,eligible,eligible_current_role,starter,,1.0,direct,20260908_1821_tackles_direct,2026-10-07T10:47:48+00:00,2026-10-07T10:48:05+00:00
2026,5,401872993,2026-10-11,20:20,00-0036204,LaCale London,ATL,BAL,DL,tackles,2.0,0.1,4.5,0.804270148882292,0.5453067221550293,eligible,eligible_current_role,starter,,1.0,direct,20260908_1821_tackles_direct,2026-10-07T10:47:48+00:00,2026-10-07T10:48:05+00:00
2026,5,401872993,2026-10-11,20:20,00-0036212,Tua Tagovailoa,ATL,BAL,QB,rushing_yards,4.7,-6.1,19.7,,,eligible,eligible_current_role,backup,,2.0,direct_component_blend,20260908_1821_rushing_yards_blend,2026-10-07T10:47:48+00:00,2026-10-07T10:48:05+00:00
2026,5,401872993,2026-10-11,20:20,00-0036281,C.J. Henderson,ATL,BAL,DB,tackles,3.8,1.6,6.5,0.9458714295136822,0.8409802577540759,eligible,eligible_current_role,starter,,1.0,direct,20260908_1821_tackles_direct,2026-10-07T10:47:48+00:00,2026-10-07T10:48:05+00:00
2026,5,401872993,2026-10-11,20:20,00-0036302,Jaylinn Hawkins,BAL,ATL,DB,tackles,4.0,1.3,7.4,0.9519559075460203,0.8535491313932108,eligible,eligible_current_role,starter,,1.0,direct,20260908_1821_tackles_direct,2026-10-07T10:47:48+00:00,2026-10-07T10:48:05+00:00
2026,5,401872993,2026-10-11,20:20,00-0036395,K'Von Wallace,BAL,ATL,DB,tackles,3.5,1.3,6.2,0.9322099784406174,0.8153753137267785,eligible,eligible_current_role,backup,Active,2.0,direct,20260908_1821_tackles_direct,2026-10-07T10:47:48+00:00,2026-10-07T10:48:05+00:00
2026,5,401872993,2026-10-11,20:20,00-0036429,Charlie Woerner,ATL,BAL,TE,rushing_yards,0.0,-10.8,15.0,,,eligible,eligible_current_role,backup,,2.0,direct_component_blend,20260908_1821_rushing_yards_blend,2026-10-07T10:47:48+00:00,2026-10-07T10:48:05+00:00
2026,5,401872993,2026-10-11,20:20,00-0036429,Charlie Woerner,ATL,BAL,TE,receiving_yards,8.1,-9.0,36.9,,,eligible,eligible_current_role,backup,,2.0,direct_component_blend,20260908_1821_receiving_yards_blend,2026-10-07T10:47:48+00:00,2026-10-07T10:48:05+00:00
2026,5,401872993,2026-10-11,20:20,00-0036463,Chris Blair,ATL,BAL,WR,rushing_yards,0.0,-11.8,16.5,,,eligible,eligible_current_role,backup,,5.0,direct_component_blend,20260908_1821_rushing_yards_blend,2026-10-07T10:47:48+00:00,2026-10-07T10:48:05+00:00
2026,5,401872993,2026-10-11,20:20,00-0036463,Chris Blair,ATL,BAL,WR,receiving_yards,1.4,-17.2,33.4,,,eligible,eligible_current_role,backup,,5.0,direct_component_blend,20260908_1821_receiving_yards_blend,2026-10-07T10:47:48+00:00,2026-10-07T10:48:05+00:00
2026,5,401872993,2026-10-11,20:20,00-0036550,Rashod Bateman,BAL,ATL,WR,rushing_yards,0.0,-10.7,15.0,,,eligible,eligible_current_role,backup,Active,2.0,direct_component_blend,20260908_1821_rushing_yards_blend,2026-10-07T10:47:48+00:00,2026-10-07T10:48:05+00:00
2026,5,401872993,2026-10-11,20:20,00-0036550,Rashod Bateman,BAL,ATL,WR,receiving_yards,17.9,0.7,46.7,,,eligible,eligible_current_role,backup,Active,2.0,direct_component_blend,20260908_1821_receiving_yards_blend,2026-10-07T10:47:48+00:00,2026-10-07T10:48:05+00:00
2026,5,401872993,2026-10-11,20:20,00-0036970,Kyle Pitts,ATL,BAL,TE,rushing_yards,0.0,-10.8,15.0,,,eligible,eligible_current_role,starter,Active,1.0,direct_component_blend,20260908_1821_rushing_yards_blend,2026-10-07T10:47:48+00:00,2026-10-07T10:48:05+00:00
2026,5,401872993,2026-10-11,20:20,00-0036970,Kyle Pitts,ATL,BAL,TE,receiving_yards,48.8,29.1,83.0,,,eligible,eligible_current_role,starter,Active,1.0,direct_component_blend,20260908_1821_receiving_yards_blend,2026-10-07T10:47:48+00:00,2026-10-07T10:48:05+00:00
2026,5,401872993,2026-10-11,20:20,00-0036990,Divine Deablo,ATL,BAL,LB,tackles,6.3,3.3,10.3,0.983495145631068,0.9631067961165048,eligible,eligible_current_role,recent_defensive_participant,Active,,direct,20260908_1821_tackles_direct,2026-10-07T10:47:48+00:00,2026-10-07T10:48:05+00:00
2026,5,401872993,2026-10-11,20:20,00-0037238,Drake London,ATL,BAL,WR,rushing_yards,0.0,-10.7,15.1,,,eligible,eligible_current_role,starter,Active,1.0,direct_component_blend,20260908_1821_rushing_yards_blend,2026-10-07T10:47:48+00:00,2026-10-07T10:48:05+00:00
2026,5,401872993,2026-10-11,20:20,00-0037238,Drake London,ATL,BAL,WR,receiving_yards,62.6,36.0,111.8,,,eligible,eligible_current_role,starter,Active,1.0,direct_component_blend,20260908_1821_receiving_yards_blend,2026-10-07T10:47:48+00:00,2026-10-07T10:48:05+00:00
2026,5,401872993,2026-10-11,20:20,00-0037317,Nick Muse,ATL,BAL,TE,rushing_yards,0.0,-11.8,16.6,,,eligible,eligible_current_role,backup,,4.0,direct_component_blend,20260908_1821_rushing_yards_blend,2026-10-07T10:47:48+00:00,2026-10-07T10:48:05+00:00
2026,5,401872993,2026-10-11,20:20,00-0037317,Nick Muse,ATL,BAL,TE,receiving_yards,6.0,-12.6,37.9,,,eligible,eligible_current_role,backup,,4.0,direct_component_blend,20260908_1821_receiving_yards_blend,2026-10-07T10:47:48+00:00,2026-10-07T10:48:05+00:00
2026,5,401872993,2026-10-11,20:20,00-0037741,Jahan Dotson,ATL,BAL,WR,rushing_yards,0.0,-10.8,15.0,,,eligible,eligible_current_role,backup,Active,2.0,direct_component_blend,20260908_1821_rushing_yards_blend,2026-10-07T10:47:48+00:00,2026-10-07T10:48:05+00:00
2026,5,401872993,2026-10-11,20:20,00-0037741,Jahan Dotson,ATL,BAL,WR,receiving_yards,16.3,-0.8,45.1,,,eligible,eligible_current_role,backup,Active,2.0,direct_component_blend,20260908_1821_receiving_yards_blend,2026-10-07T10:47:48+00:00,2026-10-07T10:48:05+00:00
2026,5,401872993,2026-10-11,20:20,00-0037746,Brian Robinson,ATL,BAL,RB,rushing_yards,21.8,-0.2,52.8,,,eligible,eligible_current_role,backup,Active,2.0,direct_component_blend,20260908_1821_rushing_yards_blend,2026-10-07T10:47:48+00:00,2026-10-07T10:48:05+00:00
2026,5,401872993,2026-10-11,20:20,00-0037746,Brian Robinson,ATL,BAL,RB,receiving_yards,3.9,-13.3,32.7,,,eligible,eligible_current_role,backup,Active,2.0,direct_component_blend,20260908_1821_receiving_yards_blend,2026-10-07T10:47:48+00:00,2026-10-07T10:48:05+00:00
2026,5,401872993,2026-10-11,20:20,00-0037756,Travis Jones,BAL,ATL,DL,tackles,2.6,0.5,5.4,0.8771966138136705,0.6820533236775854,eligible,eligible_current_role,starter,,1.0,direct,20260908_1821_tackles_direct,2026-10-07T10:47:48+00:00,2026-10-07T10:48:05+00:00
2026,5,401872993,2026-10-11,20:20,00-0037815,Cameron Thomas,ATL,BAL,DL,tackles,1.4,0.0,3.9,0.660185433062975,0.3672443576849957,eligible,eligible_current_role,backup,,2.0,direct,20260908_1821_tackles_direct,2026-10-07T10:47:48+00:00,2026-10-07T10:48:05+00:00
2026,5,401872993,2026-10-11,20:20,00-0037823,Christian Harris,ATL,BAL,LB,tackles,1.1,0.0,3.5,0.557743353692873,0.26795418272450305,eligible,eligible_current_role,recent_defensive_participant,,,direct,20260908_1821_tackles_direct,2026-10-07T10:47:48+00:00,2026-10-07T10:48:05+00:00
2026,5,401872993,2026-10-11,20:20,00-0038038,Kyle Hamilton,BAL,ATL,DB,tackles,5.6,3.0,9.1,0.9823884409735024,0.9507260287598696,eligible,eligible_current_role,starter,,1.0,direct,20260908_1821_tackles_direct,2026-10-07T10:47:48+00:00,2026-10-07T10:48:05+00:00
2026,5,401872993,2026-10-11,20:20,00-0038504,Trenton Simpson,BAL,ATL,LB,tackles,4.3,2.2,6.7,0.9646246237786822,0.8838951212243146,eligible,eligible_current_role,recent_defensive_participant,Active,,direct,20260908_1821_tackles_direct,2026-10-07T10:47:48+00:00,2026-10-07T10:48:05+00:00
2026,5,401872993,2026-10-11,20:20,00-0038505,Tavius Robinson,BAL,ATL,LB,tackles,2.7,0.8,5.2,0.8878158450631874,0.7055512821820623,eligible,eligible_current_role,starter,,1.0,direct,20260908_1821_tackles_direct,2026-10-07T10:47:48+00:00,2026-10-07T10:48:05+00:00
2026,5,401872993,2026-10-11,20:20,00-0038542,Bijan Robinson,ATL,BAL,RB,rushing_yards,76.5,54.5,107.5,,,eligible,eligible_current_role,starter,Active,1.0,direct_component_blend,20260908_1821_rushing_yards_blend,2026-10-07T10:47:48+00:00,2026-10-07T10:48:05+00:00
2026,5,401872993,2026-10-11,20:20,00-0038542,Bijan Robinson,ATL,BAL,RB,receiving_yards,30.1,12.9,58.9,,,eligible,eligible_current_role,starter,Active,1.0,direct_component_blend,20260908_1821_receiving_yards_blend,2026-10-07T10:47:48+00:00,2026-10-07T10:48:05+00:00
2026,5,401872993,2026-10-11,20:20,00-0038580,Yasir Abdullah,ATL,BAL,LB,tackles,0.8,0.0,3.3,0.449670992839115,0.18517816505574616,eligible,eligible_current_role,backup,Active,3.0,direct,20260908_1821_tackles_direct,2026-10-07T10:47:48+00:00,2026-10-07T10:48:05+00:00
2026,5,401872993,2026-10-11,20:20,00-0038628,DeMarcco Hellams,ATL,BAL,DB,tackles,0.9,0.0,3.3,0.4696918887938577,0.19871581973976762,eligible,eligible_current_role,backup,,2.0,direct,20260908_1821_tackles_direct,2026-10-07T10:47:48+00:00,2026-10-07T10:48:05+00:00
2026,5,401872993,2026-10-11,20:20,00-0038980,Zach Harrison,ATL,BAL,DL,tackles,2.3,0.4,4.8,0.8478036409911219,0.6226643586911063,eligible,eligible_current_role,backup,,2.0,direct,20260908_1821_tackles_direct,2026-10-07T10:47:48+00:00,2026-10-07T10:48:05+00:00
2026,5,401872993,2026-10-11,20:20,00-0039002,Sydney Brown,ATL,BAL,DB,tackles,1.2,0.0,3.8,0.5812195304386312,0.2905125596426531,eligible,eligible_current_role,backup,,2.0,direct,20260908_1821_tackles_direct,2026-10-07T10:47:48+00:00,2026-10-07T10:48:05+00:00
2026,5,401872993,2026-10-11,20:20,00-0039064,Zay Flowers,BAL,ATL,WR,rushing_yards,2.0,-8.7,17.1,,,eligible,eligible_current_role,starter,Active,1.0,direct_component_blend,20260908_1821_rushing_yards_blend,2026-10-07T10:47:48+00:00,2026-10-07T10:48:05+00:00
2026,5,401872993,2026-10-11,20:20,00-0039064,Zay Flowers,BAL,ATL,WR,receiving_yards,61.3,34.6,110.5,,,eligible,eligible_current_role,starter,Active,1.0,direct_component_blend,20260908_1821_receiving_yards_blend,2026-10-07T10:47:48+00:00,2026-10-07T10:48:05+00:00
2026,5,401872993,2026-10-11,20:20,00-0039070,Gervon Dexter Sr.,ATL,BAL,DL,tackles,2.5,0.5,5.0,0.8639182221979239,0.6542868346446086,eligible,eligible_current_role,starter,Active,1.0,direct,20260908_1821_tackles_direct,2026-10-07T10:47:48+00:00,2026-10-07T10:48:05+00:00
2026,5,401872993,2026-10-11,20:20,00-0039232,Nate Wiggins,BAL,ATL,DB,tackles,3.7,1.1,7.2,0.9428258292197502,0.8350797576766664,eligible,eligible_current_role,starter,,1.0,direct,20260908_1821_tackles_direct,2026-10-07T10:47:48+00:00,2026-10-07T10:48:05+00:00
2026,5,401872993,2026-10-11,20:20,00-0039792,Devontez Walker,BAL,ATL,WR,rushing_yards,0.0,-10.7,15.0,,,eligible,eligible_current_role,backup,Active,3.0,direct_component_blend,20260908_1821_rushing_yards_blend,2026-10-07T10:47:48+00:00,2026-10-07T10:48:05+00:00
2026,5,401872993,2026-10-11,20:20,00-0039792,Devontez Walker,BAL,ATL,WR,receiving_yards,8.0,-9.2,36.8,,,eligible,eligible_current_role,backup,Active,3.0,direct_component_blend,20260908_1821_receiving_yards_blend,2026-10-07T10:47:48+00:00,2026-10-07T10:48:05+00:00
2026,5,401872993,2026-10-11,20:20,00-0039796,Rasheen Ali,BAL,ATL,RB,rushing_yards,1.3,-9.4,16.3,,,eligible,eligible_current_role,backup,,3.0,direct_component_blend,20260908_1821_rushing_yards_blend,2026-10-07T10:47:48+00:00,2026-10-07T10:48:05+00:00
2026,5,401872993,2026-10-11,20:20,00-0039796,Rasheen Ali,BAL,ATL,RB,receiving_yards,4.2,-13.0,33.0,,,eligible,eligible_current_role,backup,,3.0,direct_component_blend,20260908_1821_receiving_yards_blend,2026-10-07T10:47:48+00:00,2026-10-07T10:48:05+00:00
2026,5,401872993,2026-10-11,20:20,00-0039859,Brandon Dorlus,ATL,BAL,DL,tackles,1.4,0.0,3.9,0.6665437148490021,0.373932712084295,eligible,eligible_current_role,starter,,1.0,direct,20260908_1821_tackles_direct,2026-10-07T10:47:48+00:00,2026-10-07T10:48:05+00:00
2026,5,401872993,2026-10-11,20:20,00-0039889,Maason Smith,ATL,BAL,DL,tackles,1.3,0.0,3.8,0.6397997614642099,0.34634296330655934,eligible,eligible_current_role,backup,,2.0,direct,20260908_1821_tackles_direct,2026-10-07T10:47:48+00:00,2026-10-07T10:48:05+00:00
2026,5,401872993,2026-10-11,20:20,00-0039917,Michael Penix Jr.,ATL,BAL,QB,passing_yards,215.7,122.3,321.9,,,eligible,eligible_current_role,starter,Active,1.0,direct_component_blend,20260908_1821_passing_yards_blend,2026-10-07T10:47:48+00:00,2026-10-07T10:48:05+00:00
2026,5,401872993,2026-10-11,20:20,00-0039917,Michael Penix Jr.,ATL,BAL,QB,passing_tds,1.188,,,0.6547619047619048,0.39285714285714285,eligible,eligible_current_role,starter,Active,1.0,direct_component_blend,20260908_1821_passing_tds_blend,2026-10-07T10:47:48+00:00,2026-10-07T10:48:05+00:00
2026,5,401872993,2026-10-11,20:20,00-0039917,Michael Penix Jr.,ATL,BAL,QB,rushing_yards,3.7,-7.0,18.8,,,eligible,eligible_current_role,starter,Active,1.0,direct_component_blend,20260908_1821_rushing_yards_blend,2026-10-07T10:47:48+00:00,2026-10-07T10:48:05+00:00
2026,5,401872993,2026-10-11,20:20,00-0040056,Jared Ivey,ATL,BAL,LB,tackles,0.9,0.0,4.4,0.48770110257640226,0.2114998671026598,eligible,eligible_current_role,backup,Active,2.0,direct,20260908_1821_tackles_direct,2026-10-07T10:47:48+00:00,2026-10-07T10:48:05+00:00
2026,5,401872993,2026-10-11,20:20,00-0040069,Teddye Buchanan,BAL,ATL,LB,tackles,2.7,0.8,5.2,0.8869441066493171,0.7035747080528665,eligible,eligible_current_role,recent_defensive_participant,,,direct,20260908_1821_tackles_direct,2026-10-07T10:47:48+00:00,2026-10-07T10:48:05+00:00
2026,5,401872993,2026-10-11,20:20,00-0040074,Tyler Loop,BAL,ATL,K,kicking_points,7.5,3.0,12.8,,,eligible,eligible_current_role,starter,Active,1.0,component,20260908_1821_kicking_points_component,2026-10-07T10:47:48+00:00,2026-10-07T10:48:05+00:00
2026,5,401872993,2026-10-11,20:20,00-0040075,LaJohntay Wester,BAL,ATL,WR,rushing_yards,0.1,-10.6,15.1,,,eligible,eligible_current_role,backup,,5.0,direct_component_blend,20260908_1821_rushing_yards_blend,2026-10-07T10:47:48+00:00,2026-10-07T10:48:05+00:00
2026,5,401872993,2026-10-11,20:20,00-0040075,LaJohntay Wester,BAL,ATL,WR,receiving_yards,3.5,-13.7,32.3,,,eligible,eligible_current_role,backup,,5.0,direct_component_blend,20260908_1821_receiving_yards_blend,2026-10-07T10:47:48+00:00,2026-10-07T10:48:05+00:00
2026,5,401872993,2026-10-11,20:20,00-0040076,Aeneas Peebles,BAL,ATL,DL,tackles,0.6,0.0,3.1,0.39088263821532493,0.11445198836081474,eligible,eligible_current_role,backup,Active,2.0,direct,20260908_1821_tackles_direct,2026-10-07T10:47:48+00:00,2026-10-07T10:48:05+00:00
2026,5,401872993,2026-10-11,20:20,00-0040077,Robert Longerbeam,ATL,BAL,DB,tackles,1.1,0.0,5.0,0.5600413480974245,0.27008581070035237,eligible,eligible_current_role,backup,Active,3.0,direct,20260908_1821_tackles_direct,2026-10-07T10:47:48+00:00,2026-10-07T10:48:05+00:00
2026,5,401872993,2026-10-11,20:20,00-0040104,Keondre Jackson,BAL,ATL,DB,tackles,0.6,0.0,3.1,0.39088263821532493,0.11445198836081474,eligible,eligible_current_role,backup,,2.0,direct,20260908_1821_tackles_direct,2026-10-07T10:47:48+00:00,2026-10-07T10:48:05+00:00
2026,5,401872993,2026-10-11,20:20,00-0040148,Xavier Watts,ATL,BAL,DB,tackles,5.2,2.5,8.7,0.9811389035032293,0.9380886807044057,eligible,eligible_current_role,starter,Active,1.0,direct,20260908_1821_tackles_direct,2026-10-07T10:47:48+00:00,2026-10-07T10:48:05+00:00
2026,5,401872993,2026-10-11,20:20,00-0040156,Billy Bowman Jr.,ATL,BAL,DB,tackles,4.3,1.7,7.8,0.9669898106735894,0.8898458792701275,eligible,eligible_current_role,starter,,1.0,direct,20260908_1821_tackles_direct,2026-10-07T10:47:48+00:00,2026-10-07T10:48:05+00:00
2026,5,401872993,2026-10-11,20:20,00-0040636,Keyon Martin,BAL,ATL,DB,tackles,1.0,0.0,3.4,0.5349260558877031,0.2479350667137564,eligible,eligible_current_role,backup,,2.0,direct,20260908_1821_tackles_direct,2026-10-07T10:47:48+00:00,2026-10-07T10:48:05+00:00
2026,5,401872993,2026-10-11,20:20,00-0040688,Malaki Starks,BAL,ATL,DB,tackles,5.3,2.6,8.8,0.9815592653381959,0.9422385665345832,eligible,eligible_current_role,starter,,1.0,direct,20260908_1821_tackles_direct,2026-10-07T10:47:48+00:00,2026-10-07T10:48:05+00:00
2026,5,401872993,2026-10-11,20:20,00-0040722,Mike Green,BAL,ATL,LB,tackles,1.8,0.0,4.3,0.7709601861893804,0.4955844090939802,eligible,eligible_current_role,backup,,2.0,direct,20260908_1821_tackles_direct,2026-10-07T10:47:48+00:00,2026-10-07T10:48:05+00:00
2026,5,401872993,2026-10-11,20:20,00-0040876,Elijah Sarratt,BAL,ATL,WR,rushing_yards,0.0,-14.8,20.7,,,eligible,eligible_current_role,backup,Active,6.0,direct_component_blend,20260908_1821_rushing_yards_blend,2026-10-07T10:47:48+00:00,2026-10-07T10:48:05+00:00
2026,5,401872993,2026-10-11,20:20,00-0040876,Elijah Sarratt,BAL,ATL,WR,receiving_yards,6.9,-15.8,47.4,,,eligible,eligible_current_role,backup,Active,6.0,direct_component_blend,20260908_1821_receiving_yards_blend,2026-10-07T10:47:48+00:00,2026-10-07T10:48:05+00:00
2026,5,401872993,2026-10-11,20:20,00-0040879,Matthew Hibner,BAL,ATL,TE,rushing_yards,0.0,-14.8,20.6,,,eligible,eligible_current_role,backup,Active,2.0,direct_component_blend,20260908_1821_rushing_yards_blend,2026-10-07T10:47:48+00:00,2026-10-07T10:48:05+00:00
2026,5,401872993,2026-10-11,20:20,00-0040879,Matthew Hibner,BAL,ATL,TE,receiving_yards,7.3,-15.3,47.9,,,eligible,eligible_current_role,backup,Active,2.0,direct_component_blend,20260908_1821_receiving_yards_blend,2026-10-07T10:47:48+00:00,2026-10-07T10:48:05+00:00
2026,5,401872993,2026-10-11,20:20,00-0040885,Chandler Rivers,BAL,ATL,DB,tackles,1.9,0.0,5.8,0.7785922462597828,0.5053967087868277,eligible,eligible_current_role,backup,,3.0,direct,20260908_1821_tackles_direct,2026-10-07T10:47:48+00:00,2026-10-07T10:48:05+00:00
2026,5,401872993,2026-10-11,20:20,00-0040887,Josh Cuevas,BAL,ATL,TE,rushing_yards,0.0,-14.8,20.6,,,eligible,eligible_current_role,backup,,3.0,direct_component_blend,20260908_1821_rushing_yards_blend,2026-10-07T10:47:48+00:00,2026-10-07T10:48:05+00:00
2026,5,401872993,2026-10-11,20:20,00-0040887,Josh Cuevas,BAL,ATL,TE,receiving_yards,5.6,-17.0,46.2,,,eligible,eligible_current_role,backup,,3.0,direct_component_blend,20260908_1821_receiving_yards_blend,2026-10-07T10:47:48+00:00,2026-10-07T10:48:05+00:00
2026,5,401872993,2026-10-11,20:20,00-0040978,Ethan Burke,BAL,ATL,LB,tackles,1.2,0.0,4.8,0.5851058306560832,0.29441947379317907,eligible,eligible_current_role,backup,,3.0,direct,20260908_1821_tackles_direct,2026-10-07T10:47:48+00:00,2026-10-07T10:48:05+00:00
2026,5,401872993,2026-10-11,20:20,00-0040981,Joe Fagnano,BAL,ATL,QB,rushing_yards,9.7,-7.8,34.4,,,eligible,eligible_current_role,backup,Active,3.0,direct_component_blend,20260908_1821_rushing_yards_blend,2026-10-07T10:47:48+00:00,2026-10-07T10:48:05+00:00
2026,5,401872993,2026-10-11,20:20,00-0041044,Zachariah Branch,ATL,BAL,WR,rushing_yards,0.0,-14.8,20.6,,,eligible,eligible_current_role,backup,Active,4.0,direct_component_blend,20260908_1821_rushing_yards_blend,2026-10-07T10:47:48+00:00,2026-10-07T10:48:05+00:00
2026,5,401872993,2026-10-11,20:20,00-0041044,Zachariah Branch,ATL,BAL,WR,receiving_yards,6.5,-16.2,47.0,,,eligible,eligible_current_role,backup,Active,4.0,direct_component_blend,20260908_1821_receiving_yards_blend,2026-10-07T10:47:48+00:00,2026-10-07T10:48:05+00:00
2026,5,401872993,2026-10-11,20:20,00-0041066,Kendal Daniels,ATL,BAL,LB,tackles,1.3,0.0,4.9,0.6313271902519223,0.33789215116522975,eligible,eligible_current_role,recent_defensive_participant,Active,,direct,20260908_1821_tackles_direct,2026-10-07T10:47:48+00:00,2026-10-07T10:48:05+00:00
2026,5,401872993,2026-10-11,20:20,00-0041112,Harold Perkins Jr.,ATL,BAL,LB,tackles,1.3,0.0,4.9,0.6408094353630884,0.3473591387712486,eligible,eligible_current_role,recent_defensive_participant,,,direct,20260908_1821_tackles_direct,2026-10-07T10:47:48+00:00,2026-10-07T10:48:05+00:00
2026,5,401872993,2026-10-11,20:20,00-0041129,Jam Miller,ATL,BAL,RB,rushing_yards,14.4,-15.9,56.9,,,eligible,eligible_current_role,roster_only,,,direct_component_blend,20260908_1821_rushing_yards_blend,2026-10-07T10:47:48+00:00,2026-10-07T10:48:05+00:00
2026,5,401872993,2026-10-11,20:20,00-0041129,Jam Miller,ATL,BAL,RB,receiving_yards,3.8,-18.8,44.4,,,eligible,eligible_current_role,roster_only,,,direct_component_blend,20260908_1821_receiving_yards_blend,2026-10-07T10:47:48+00:00,2026-10-07T10:48:05+00:00
2026,5,401872993,2026-10-11,20:20,00-0041188,Malcolm DeWalt IV,ATL,BAL,DB,tackles,1.9,0.0,5.9,0.7815749886541344,0.509311664232468,eligible,eligible_current_role,backup,Active,3.0,direct,20260908_1821_tackles_direct,2026-10-07T10:47:48+00:00,2026-10-07T10:48:05+00:00
2026,5,401872993,2026-10-11,20:20,00-0041194,Jack Strand,ATL,BAL,QB,rushing_yards,8.7,-8.8,33.4,,,eligible,eligible_current_role,backup,Active,4.0,direct_component_blend,20260908_1821_rushing_yards_blend,2026-10-07T10:47:48+00:00,2026-10-07T10:48:05+00:00
2026,5,401872993,2026-10-11,20:20,00-0041469,Avieon Terrell,ATL,BAL,DB,tackles,2.2,0.0,6.1,0.8263312702212762,0.5831382885300405,eligible,eligible_current_role,backup,,2.0,direct,20260908_1821_tackles_direct,2026-10-07T10:47:48+00:00,2026-10-07T10:48:05+00:00
2026,5,401872993,2026-10-11,20:20,00-0041494,Zion Young,BAL,ATL,LB,tackles,1.6,0.0,5.0,0.7300435850611205,0.4455273932684937,eligible,eligible_current_role,backup,,2.0,direct,20260908_1821_tackles_direct,2026-10-07T10:47:48+00:00,2026-10-07T10:48:05+00:00
2026,5,401872994,2026-10-12,17:15,00-0026498,Matthew Stafford,LAR,BUF,QB,passing_yards,266.4,172.9,372.6,,,eligible,eligible_current_role,starter,Active,1.0,direct_component_blend,20260908_1821_passing_yards_blend,2026-10-07T10:47:48+00:00,2026-10-07T10:48:05+00:00
2026,5,401872994,2026-10-12,17:15,00-0026498,Matthew Stafford,LAR,BUF,QB,passing_tds,1.971,,,0.8571428571428571,0.5535714285714286,eligible,eligible_current_role,starter,Active,1.0,direct_component_blend,20260908_1821_passing_tds_blend,2026-10-07T10:47:48+00:00,2026-10-07T10:48:05+00:00
2026,5,401872994,2026-10-12,17:15,00-0026498,Matthew Stafford,LAR,BUF,QB,rushing_yards,3.6,-7.1,18.6,,,eligible,eligible_current_role,starter,Active,1.0,direct_component_blend,20260908_1821_rushing_yards_blend,2026-10-07T10:47:48+00:00,2026-10-07T10:48:05+00:00
2026,5,401872994,2026-10-12,17:15,00-0031381,Davante Adams,LAR,BUF,WR,rushing_yards,0.0,-10.8,15.0,,,eligible,eligible_current_role,backup,Active,2.0,direct_component_blend,20260908_1821_rushing_yards_blend,2026-10-07T10:47:48+00:00,2026-10-07T10:48:05+00:00
2026,5,401872994,2026-10-12,17:15,00-0031381,Davante Adams,LAR,BUF,WR,receiving_yards,51.8,25.1,100.9,,,eligible,eligible_current_role,backup,Active,2.0,direct_component_blend,20260908_1821_receiving_yards_blend,2026-10-07T10:47:48+00:00,2026-10-07T10:48:05+00:00
2026,5,401872994,2026-10-12,17:15,00-0031388,Aaron Donald,LAR,BUF,DL,tackles,1.3,0.0,4.8,0.6112972457904534,0.3184431119632222,eligible,questionable_flag,starter,Questionable,1.0,direct,20260908_1821_tackles_direct,2026-10-07T10:47:48+00:00,2026-10-07T10:48:05+00:00
2026,5,401872994,2026-10-12,17:15,00-0033110,Tyler Higbee,LAR,BUF,TE,rushing_yards,0.0,-10.8,15.0,,,eligible,eligible_current_role,backup,Active,2.0,direct_component_blend,20260908_1821_rushing_yards_blend,2026-10-07T10:47:48+00:00,2026-10-07T10:48:05+00:00
2026,5,401872994,2026-10-12,17:15,00-0033110,Tyler Higbee,LAR,BUF,TE,receiving_yards,21.6,4.4,50.4,,,eligible,eligible_current_role,backup,Active,2.0,direct_component_blend,20260908_1821_receiving_yards_blend,2026-10-07T10:47:48+00:00,2026-10-07T10:48:05+00:00
2026,5,401872994,2026-10-12,17:15,00-0034234,Poona Ford,LAR,BUF,DL,tackles,2.2,0.3,4.7,0.8302066965487107,0.5900482239272199,eligible,eligible_current_role,starter,,1.0,direct,20260908_1821_tackles_direct,2026-10-07T10:47:48+00:00,2026-10-07T10:48:05+00:00
2026,5,401872994,2026-10-12,17:15,00-0034577,Kyle Allen,BUF,LAR,QB,rushing_yards,4.1,-6.6,19.2,,,eligible,eligible_current_role,backup,,2.0,direct_component_blend,20260908_1821_rushing_yards_blend,2026-10-07T10:47:48+00:00,2026-10-07T10:48:05+00:00
2026,5,401872994,2026-10-12,17:15,00-0034827,DJ Moore,BUF,LAR,WR,rushing_yards,1.0,-9.7,16.1,,,eligible,questionable_flag,starter,Questionable,1.0,direct_component_blend,20260908_1821_rushing_yards_blend,2026-10-07T10:47:48+00:00,2026-10-07T10:48:05+00:00
2026,5,401872994,2026-10-12,17:15,00-0034827,DJ Moore,BUF,LAR,WR,receiving_yards,35.0,8.3,84.2,,,eligible,questionable_flag,starter,Questionable,1.0,direct_component_blend,20260908_1821_receiving_yards_blend,2026-10-07T10:47:48+00:00,2026-10-07T10:48:05+00:00
2026,5,401872994,2026-10-12,17:15,00-0034832,Bradley Chubb,BUF,LAR,LB,tackles,3.1,0.1,7.1,0.9079378983253352,0.7582130452163824,eligible,eligible_current_role,starter,,1.0,direct,20260908_1821_tackles_direct,2026-10-07T10:47:48+00:00,2026-10-07T10:48:05+00:00
2026,5,401872994,2026-10-12,17:15,00-0034857,Josh Allen,BUF,LAR,QB,passing_yards,205.3,111.8,311.5,,,eligible,eligible_current_role,starter,Active,1.0,direct_component_blend,20260908_1821_passing_yards_blend,2026-10-07T10:47:48+00:00,2026-10-07T10:48:05+00:00
2026,5,401872994,2026-10-12,17:15,00-0034857,Josh Allen,BUF,LAR,QB,passing_tds,1.464,,,0.8049529834350585,0.46863171866658154,eligible,eligible_current_role,starter,Active,1.0,direct_component_blend,20260908_1821_passing_tds_blend,2026-10-07T10:47:48+00:00,2026-10-07T10:48:05+00:00
2026,5,401872994,2026-10-12,17:15,00-0034857,Josh Allen,BUF,LAR,QB,rushing_yards,33.7,20.9,51.6,,,eligible,eligible_current_role,starter,Active,1.0,direct_component_blend,20260908_1821_rushing_yards_blend,2026-10-07T10:47:48+00:00,2026-10-07T10:48:05+00:00
2026,5,401872994,2026-10-12,17:15,00-0035230,Ed Oliver,BUF,LAR,DL,tackles,2.2,0.3,4.7,0.8347606423975902,0.5982756301904962,eligible,questionable_flag,starter,Questionable,1.0,direct,20260908_1821_tackles_direct,2026-10-07T10:47:48+00:00,2026-10-07T10:48:05+00:00
2026,5,401872994,2026-10-12,17:15,00-0035253,C.J. Gardner-Johnson,BUF,LAR,DB,tackles,4.4,1.7,7.9,0.9684224897909309,0.8935016089618114,eligible,eligible_current_role,starter,,1.0,direct,20260908_1821_tackles_direct,2026-10-07T10:47:48+00:00,2026-10-07T10:48:05+00:00
2026,5,401872994,2026-10-12,17:15,00-0035500,Greg Dortch,BUF,LAR,WR,rushing_yards,0.8,-9.9,15.8,,,eligible,eligible_current_role,backup,,5.0,direct_component_blend,20260908_1821_rushing_yards_blend,2026-10-07T10:47:48+00:00,2026-10-07T10:48:05+00:00
2026,5,401872994,2026-10-12,17:15,00-0035500,Greg Dortch,BUF,LAR,WR,receiving_yards,15.3,-11.4,64.4,,,eligible,eligible_current_role,backup,,5.0,direct_component_blend,20260908_1821_receiving_yards_blend,2026-10-07T10:47:48+00:00,2026-10-07T10:48:05+00:00
2026,5,401872994,2026-10-12,17:15,00-0035537,Ty Johnson,BUF,LAR,RB,rushing_yards,10.6,-11.4,41.5,,,eligible,eligible_current_role,backup,Active,2.0,direct_component_blend,20260908_1821_rushing_yards_blend,2026-10-07T10:47:48+00:00,2026-10-07T10:48:05+00:00
2026,5,401872994,2026-10-12,17:15,00-0035537,Ty Johnson,BUF,LAR,RB,receiving_yards,13.3,-3.9,42.1,,,eligible,eligible_current_role,backup,Active,2.0,direct_component_blend,20260908_1821_receiving_yards_blend,2026-10-07T10:47:48+00:00,2026-10-07T10:48:05+00:00
2026,5,401872994,2026-10-12,17:15,00-0035602,Alex Bachman,LAR,BUF,WR,rushing_yards,0.0,-10.7,15.1,,,eligible,eligible_current_role,backup,Active,7.0,direct_component_blend,20260908_1821_rushing_yards_blend,2026-10-07T10:47:48+00:00,2026-10-07T10:48:05+00:00
2026,5,401872994,2026-10-12,17:15,00-0035602,Alex Bachman,LAR,BUF,WR,receiving_yards,5.6,-11.5,34.4,,,eligible,eligible_current_role,backup,Active,7.0,direct_component_blend,20260908_1821_receiving_yards_blend,2026-10-07T10:47:48+00:00,2026-10-07T10:48:05+00:00
2026,5,401872994,2026-10-12,17:15,00-0035667,Greg Gaines,BUF,LAR,DL,tackles,1.3,0.0,3.8,0.6373797650150833,0.34391530759970285,eligible,eligible_current_role,backup,,2.0,direct,20260908_1821_tackles_direct,2026-10-07T10:47:48+00:00,2026-10-07T10:48:05+00:00
2026,5,401872994,2026-10-12,17:15,00-0035689,Dawson Knox,BUF,LAR,TE,rushing_yards,0.0,-10.7,15.0,,,eligible,eligible_current_role,backup,Active,2.0,direct_component_blend,20260908_1821_rushing_yards_blend,2026-10-07T10:47:48+00:00,2026-10-07T10:48:05+00:00
2026,5,401872994,2026-10-12,17:15,00-0035689,Dawson Knox,BUF,LAR,TE,receiving_yards,24.6,7.4,53.4,,,eligible,eligible_current_role,backup,Active,2.0,direct_component_blend,20260908_1821_receiving_yards_blend,2026-10-07T10:47:48+00:00,2026-10-07T10:48:05+00:00
2026,5,401872994,2026-10-12,17:15,00-0035933,Michael Hoecht,BUF,LAR,LB,tackles,2.7,0.7,5.2,0.8841385856061965,0.6972731012854502,eligible,eligible_current_role,backup,,2.0,direct,20260908_1821_tackles_direct,2026-10-07T10:47:48+00:00,2026-10-07T10:48:05+00:00
2026,5,401872994,2026-10-12,17:15,00-0036037,Sam Franklin Jr.,BUF,LAR,DB,tackles,0.7,0.0,3.1,0.3968911488243362,0.12100189997332275,eligible,eligible_current_role,backup,Active,2.0,direct,20260908_1821_tackles_direct,2026-10-07T10:47:48+00:00,2026-10-07T10:48:05+00:00
2026,5,401872994,2026-10-12,17:15,00-0036162,Tyler Bass,BUF,LAR,K,kicking_points,7.6,2.5,13.5,,,eligible,eligible_current_role,starter,Active,1.0,component,20260908_1821_kicking_points_component,2026-10-07T10:47:48+00:00,2026-10-07T10:48:05+00:00
2026,5,401872994,2026-10-12,17:15,00-0036237,Larrell Murchison,LAR,BUF,DL,tackles,0.7,0.0,3.2,0.4196757192160482,0.1485438242728443,eligible,eligible_current_role,backup,,3.0,direct,20260908_1821_tackles_direct,2026-10-07T10:47:48+00:00,2026-10-07T10:48:05+00:00
2026,5,401872994,2026-10-12,17:15,00-0036244,Colby Parkinson,LAR,BUF,TE,rushing_yards,0.0,-10.7,15.0,,,eligible,questionable_flag,starter,Questionable,1.0,direct_component_blend,20260908_1821_rushing_yards_blend,2026-10-07T10:47:48+00:00,2026-10-07T10:48:05+00:00
2026,5,401872994,2026-10-12,17:15,00-0036244,Colby Parkinson,LAR,BUF,TE,receiving_yards,34.4,14.7,68.6,,,eligible,questionable_flag,starter,Questionable,1.0,direct_component_blend,20260908_1821_receiving_yards_blend,2026-10-07T10:47:48+00:00,2026-10-07T10:48:05+00:00
2026,5,401872994,2026-10-12,17:15,00-0036349,Kam Curl,LAR,BUF,DB,tackles,6.0,3.4,9.5,0.9831731394537901,0.959232392517794,eligible,eligible_current_role,starter,,1.0,direct,20260908_1821_tackles_direct,2026-10-07T10:47:48+00:00,2026-10-07T10:48:05+00:00
2026,5,401872994,2026-10-12,17:15,00-0036378,Michael Danna,BUF,LAR,LB,tackles,1.8,0.0,4.3,0.7745132675277637,0.5001164241024718,eligible,eligible_current_role,backup,Active,3.0,direct,20260908_1821_tackles_direct,2026-10-07T10:47:48+00:00,2026-10-07T10:48:05+00:00
2026,5,401872994,2026-10-12,17:15,00-0036849,Tutu Atwell,LAR,BUF,WR,rushing_yards,0.0,-10.7,15.0,,,eligible,eligible_current_role,backup,Active,5.0,direct_component_blend,20260908_1821_rushing_yards_blend,2026-10-07T10:47:48+00:00,2026-10-07T10:48:05+00:00
2026,5,401872994,2026-10-12,17:15,00-0036849,Tutu Atwell,LAR,BUF,WR,receiving_yards,9.8,-7.4,38.6,,,eligible,eligible_current_role,backup,Active,5.0,direct_component_blend,20260908_1821_receiving_yards_blend,2026-10-07T10:47:48+00:00,2026-10-07T10:48:05+00:00
2026,5,401872994,2026-10-12,17:15,00-0036888,Damar Hamlin,BUF,LAR,DB,tackles,1.5,0.0,5.0,0.6898492354018377,0.39916735392161173,eligible,eligible_current_role,backup,Active,2.0,direct,20260908_1821_tackles_direct,2026-10-07T10:47:48+00:00,2026-10-07T10:48:05+00:00
2026,5,401872994,2026-10-12,17:15,00-0036914,Greg Rousseau,BUF,LAR,LB,tackles,2.7,0.0,6.8,0.8851486423322512,0.6995314842683935,eligible,eligible_current_role,starter,,1.0,direct,20260908_1821_tackles_direct,2026-10-07T10:47:48+00:00,2026-10-07T10:48:05+00:00
2026,5,401872994,2026-10-12,17:15,00-0036988,Josh Palmer,BUF,LAR,WR,rushing_yards,0.0,-10.8,15.0,,,eligible,eligible_current_role,backup,,4.0,direct_component_blend,20260908_1821_rushing_yards_blend,2026-10-07T10:47:48+00:00,2026-10-07T10:48:05+00:00
2026,5,401872994,2026-10-12,17:15,00-0036988,Josh Palmer,BUF,LAR,WR,receiving_yards,18.1,0.9,46.9,,,eligible,eligible_current_role,backup,,4.0,direct_component_blend,20260908_1821_receiving_yards_blend,2026-10-07T10:47:48+00:00,2026-10-07T10:48:05+00:00
2026,5,401872994,2026-10-12,17:15,00-0037034,Dee Alford,BUF,LAR,DB,tackles,3.5,1.3,6.2,0.9299605949206494,0.8113530814639299,eligible,questionable_flag,starter,Questionable,1.0,direct,20260908_1821_tackles_direct,2026-10-07T10:47:48+00:00,2026-10-07T10:48:05+00:00
2026,5,401872994,2026-10-12,17:15,00-0037191,Trent McDuffie,LAR,BUF,DB,tackles,3.2,1.1,6.0,0.9167756483738045,0.7837068216625627,eligible,eligible_current_role,starter,,1.0,direct,20260908_1821_tackles_direct,2026-10-07T10:47:48+00:00,2026-10-07T10:48:05+00:00
2026,5,401872994,2026-10-12,17:15,00-0037195,Jaylen Watson,LAR,BUF,DB,tackles,3.5,0.8,7.0,0.9303697962829105,0.8120811446919283,eligible,questionable_flag,starter,Questionable,1.0,direct,20260908_1821_tackles_direct,2026-10-07T10:47:48+00:00,2026-10-07T10:48:05+00:00
2026,5,401872994,2026-10-12,17:15,00-0037248,James Cook,BUF,LAR,RB,rushing_yards,75.0,53.0,105.9,,,eligible,eligible_current_role,starter,Active,1.0,direct_component_blend,20260908_1821_rushing_yards_blend,2026-10-07T10:47:48+00:00,2026-10-07T10:48:05+00:00
2026,5,401872994,2026-10-12,17:15,00-0037248,James Cook,BUF,LAR,RB,receiving_yards,13.9,-3.2,42.7,,,eligible,eligible_current_role,starter,Active,1.0,direct_component_blend,20260908_1821_receiving_yards_blend,2026-10-07T10:47:48+00:00,2026-10-07T10:48:05+00:00
2026,5,401872994,2026-10-12,17:15,00-0037254,Terrel Bernard,BUF,LAR,LB,tackles,4.2,2.1,6.6,0.9609568144327415,0.8748594093242997,eligible,eligible_current_role,recent_defensive_participant,,,direct,20260908_1821_tackles_direct,2026-10-07T10:47:48+00:00,2026-10-07T10:48:05+00:00
2026,5,401872994,2026-10-12,17:15,00-0037261,Khalil Shakir,BUF,LAR,WR,rushing_yards,0.0,-10.8,15.0,,,eligible,eligible_current_role,backup,Active,2.0,direct_component_blend,20260908_1821_rushing_yards_blend,2026-10-07T10:47:48+00:00,2026-10-07T10:48:05+00:00
2026,5,401872994,2026-10-12,17:15,00-0037261,Khalil Shakir,BUF,LAR,WR,receiving_yards,37.8,11.2,87.0,,,eligible,eligible_current_role,backup,Active,2.0,direct_component_blend,20260908_1821_receiving_yards_blend,2026-10-07T10:47:48+00:00,2026-10-07T10:48:05+00:00
2026,5,401872994,2026-10-12,17:15,00-0037288,Christian Benford,BUF,LAR,DB,tackles,3.2,0.6,6.8,0.9164331636662845,0.7826892433442809,eligible,questionable_flag,starter,Questionable,1.0,direct,20260908_1821_tackles_direct,2026-10-07T10:47:48+00:00,2026-10-07T10:48:05+00:00
2026,5,401872994,2026-10-12,17:15,00-0037587,Nate Landman,LAR,BUF,LB,tackles,6.1,3.1,10.1,0.9832704525162771,0.9603286295155297,eligible,eligible_current_role,recent_defensive_participant,Active,,direct,20260908_1821_tackles_direct,2026-10-07T10:47:48+00:00,2026-10-07T10:48:05+00:00
2026,5,401872994,2026-10-12,17:15,00-0037840,Kyren Williams,LAR,BUF,RB,rushing_yards,70.4,48.3,101.3,,,eligible,eligible_current_role,starter,Active,1.0,direct_component_blend,20260908_1821_rushing_yards_blend,2026-10-07T10:47:48+00:00,2026-10-07T10:48:05+00:00
2026,5,401872994,2026-10-12,17:15,00-0037840,Kyren Williams,LAR,BUF,RB,receiving_yards,16.4,-0.8,45.2,,,eligible,eligible_current_role,starter,Active,1.0,direct_component_blend,20260908_1821_receiving_yards_blend,2026-10-07T10:47:48+00:00,2026-10-07T10:48:05+00:00
2026,5,401872994,2026-10-12,17:15,00-0037841,Quentin Lake,LAR,BUF,DB,tackles,4.9,2.2,8.3,0.9798026429996874,0.9254351688051083,eligible,eligible_current_role,starter,,1.0,direct,20260908_1821_tackles_direct,2026-10-07T10:47:48+00:00,2026-10-07T10:48:05+00:00
2026,5,401872994,2026-10-12,17:15,00-0038557,Dorian Williams,BUF,LAR,LB,tackles,3.0,1.0,5.4,0.9033947371626013,0.7456728019658297,eligible,eligible_current_role,recent_defensive_participant,,,direct,20260908_1821_tackles_direct,2026-10-07T10:47:48+00:00,2026-10-07T10:48:05+00:00
2026,5,401872994,2026-10-12,17:15,00-0038933,Dalton Kincaid,BUF,LAR,TE,rushing_yards,0.0,-10.8,15.0,,,eligible,eligible_current_role,starter,Active,1.0,direct_component_blend,20260908_1821_rushing_yards_blend,2026-10-07T10:47:48+00:00,2026-10-07T10:48:05+00:00
2026,5,401872994,2026-10-12,17:15,00-0038933,Dalton Kincaid,BUF,LAR,TE,receiving_yards,27.3,10.1,56.1,,,eligible,eligible_current_role,starter,Active,1.0,direct_component_blend,20260908_1821_receiving_yards_blend,2026-10-07T10:47:48+00:00,2026-10-07T10:48:05+00:00
2026,5,401872994,2026-10-12,17:15,00-0039061,Desjuan Johnson,LAR,BUF,LB,tackles,2.0,0.1,4.5,0.7992159391243631,0.536977623805954,eligible,eligible_current_role,starter,,1.0,direct,20260908_1821_tackles_direct,2026-10-07T10:47:48+00:00,2026-10-07T10:48:05+00:00
2026,5,401872994,2026-10-12,17:15,00-0039074,Davis Allen,LAR,BUF,TE,rushing_yards,0.0,-10.8,15.0,,,eligible,eligible_current_role,backup,,3.0,direct_component_blend,20260908_1821_rushing_yards_blend,2026-10-07T10:47:48+00:00,2026-10-07T10:48:05+00:00
2026,5,401872994,2026-10-12,17:15,00-0039074,Davis Allen,LAR,BUF,TE,receiving_yards,13.3,-3.8,42.2,,,eligible,eligible_current_role,backup,,3.0,direct_component_blend,20260908_1821_receiving_yards_blend,2026-10-07T10:47:48+00:00,2026-10-07T10:48:05+00:00
2026,5,401872994,2026-10-12,17:15,00-0039075,Puka Nacua,LAR,BUF,WR,rushing_yards,1.1,-9.6,16.2,,,eligible,eligible_current_role,starter,Active,1.0,direct_component_blend,20260908_1821_rushing_yards_blend,2026-10-07T10:47:48+00:00,2026-10-07T10:48:05+00:00
2026,5,401872994,2026-10-12,17:15,00-0039075,Puka Nacua,LAR,BUF,WR,receiving_yards,76.1,49.5,125.3,,,eligible,eligible_current_role,starter,Active,1.0,direct_component_blend,20260908_1821_receiving_yards_blend,2026-10-07T10:47:48+00:00,2026-10-07T10:48:05+00:00
2026,5,401872994,2026-10-12,17:15,00-0039107,Stetson Bennett,LAR,BUF,QB,rushing_yards,9.0,-8.6,33.6,,,eligible,eligible_current_role,backup,,2.0,direct_component_blend,20260908_1821_rushing_yards_blend,2026-10-07T10:47:48+00:00,2026-10-07T10:48:05+00:00
2026,5,401872994,2026-10-12,17:15,00-0039137,Byron Young,LAR,BUF,LB,tackles,3.8,0.8,7.8,0.9445738625844156,0.8384515038938193,eligible,eligible_current_role,starter,,1.0,direct,20260908_1821_tackles_direct,2026-10-07T10:47:48+00:00,2026-10-07T10:48:05+00:00
2026,5,401872994,2026-10-12,17:15,00-0039138,Kobie Turner,LAR,BUF,DL,tackles,2.8,0.7,5.6,0.8928366143428832,0.7178050352538822,eligible,eligible_current_role,starter,,1.0,direct,20260908_1821_tackles_direct,2026-10-07T10:47:48+00:00,2026-10-07T10:48:05+00:00
2026,5,401872994,2026-10-12,17:15,00-0039151,Emmanuel Forbes,LAR,BUF,DB,tackles,3.0,0.4,6.5,0.9049913974301216,0.7500395906184188,eligible,eligible_current_role,backup,,2.0,direct,20260908_1821_tackles_direct,2026-10-07T10:47:48+00:00,2026-10-07T10:48:05+00:00
2026,5,401872994,2026-10-12,17:15,00-0039498,Harrison Mevis,LAR,BUF,K,kicking_points,8.1,3.6,13.4,,,eligible,eligible_current_role,starter,Active,1.0,component,20260908_1821_kicking_points_component,2026-10-07T10:47:48+00:00,2026-10-07T10:48:05+00:00
2026,5,401872994,2026-10-12,17:15,00-0039734,Braden Fiske,LAR,BUF,DL,tackles,1.2,0.0,3.7,0.5740460725554811,0.2834324446406545,eligible,eligible_current_role,backup,,2.0,direct,20260908_1821_tackles_direct,2026-10-07T10:47:48+00:00,2026-10-07T10:48:05+00:00
2026,5,401872994,2026-10-12,17:15,00-0039738,Blake Corum,LAR,BUF,RB,rushing_yards,34.8,12.8,65.7,,,eligible,eligible_current_role,backup,Active,2.0,direct_component_blend,20260908_1821_rushing_yards_blend,2026-10-07T10:47:48+00:00,2026-10-07T10:48:05+00:00
2026,5,401872994,2026-10-12,17:15,00-0039738,Blake Corum,LAR,BUF,RB,receiving_yards,4.2,-12.9,33.1,,,eligible,eligible_current_role,backup,Active,2.0,direct_component_blend,20260908_1821_receiving_yards_blend,2026-10-07T10:47:48+00:00,2026-10-07T10:48:05+00:00
2026,5,401872994,2026-10-12,17:15,00-0039749,Tyler Davis,LAR,BUF,DL,tackles,2.2,0.3,4.7,0.8272442501856094,0.5847586846904999,eligible,eligible_current_role,backup,,2.0,direct,20260908_1821_tackles_direct,2026-10-07T10:47:48+00:00,2026-10-07T10:48:05+00:00
2026,5,401872994,2026-10-12,17:15,00-0039751,Jordan Whittington,LAR,BUF,WR,rushing_yards,0.0,-10.8,15.0,,,eligible,eligible_current_role,backup,,3.0,direct_component_blend,20260908_1821_rushing_yards_blend,2026-10-07T10:47:48+00:00,2026-10-07T10:48:05+00:00
2026,5,401872994,2026-10-12,17:15,00-0039751,Jordan Whittington,LAR,BUF,WR,receiving_yards,6.1,-11.1,34.9,,,eligible,eligible_current_role,backup,,3.0,direct_component_blend,20260908_1821_receiving_yards_blend,2026-10-07T10:47:48+00:00,2026-10-07T10:48:05+00:00
2026,5,401872994,2026-10-12,17:15,00-0039772,Josh Wallace,LAR,BUF,DB,tackles,3.0,0.9,5.8,0.9063544645236229,0.7538017992237406,eligible,eligible_current_role,backup,Active,2.0,direct,20260908_1821_tackles_direct,2026-10-07T10:47:48+00:00,2026-10-07T10:48:05+00:00
2026,5,401872994,2026-10-12,17:15,00-0039774,Omar Speights,LAR,BUF,LB,tackles,4.6,1.6,8.6,0.9745444040494086,0.9096118750393533,eligible,eligible_current_role,recent_defensive_participant,,,direct,20260908_1821_tackles_direct,2026-10-07T10:47:48+00:00,2026-10-07T10:48:05+00:00
2026,5,401872994,2026-10-12,17:15,00-0039776,Jaylen McCollough,LAR,BUF,DB,tackles,3.6,0.9,7.1,0.9360037120300059,0.8222744048642266,eligible,eligible_current_role,backup,,2.0,direct,20260908_1821_tackles_direct,2026-10-07T10:47:48+00:00,2026-10-07T10:48:05+00:00
2026,5,401872994,2026-10-12,17:15,00-0039834,Kamren Kinchens,LAR,BUF,DB,tackles,4.5,2.3,7.2,0.9720855815543602,0.9030398241867049,eligible,eligible_current_role,starter,Active,1.0,direct,20260908_1821_tackles_direct,2026-10-07T10:47:48+00:00,2026-10-07T10:48:05+00:00
2026,5,401872994,2026-10-12,17:15,00-0039872,Cole Bishop,BUF,LAR,DB,tackles,5.5,2.8,8.9,0.9819076461848796,0.9457517286104153,eligible,eligible_current_role,starter,,1.0,direct,20260908_1821_tackles_direct,2026-10-07T10:47:48+00:00,2026-10-07T10:48:05+00:00
2026,5,401872994,2026-10-12,17:15,00-0039873,DeWayne Carter,BUF,LAR,DL,tackles,2.3,0.3,4.8,0.8401111121822165,0.6080954614235292,eligible,eligible_current_role,backup,,2.0,direct,20260908_1821_tackles_direct,2026-10-07T10:47:48+00:00,2026-10-07T10:48:05+00:00
2026,5,401872994,2026-10-12,17:15,00-0039875,Ray Davis,BUF,LAR,RB,rushing_yards,5.5,-5.2,20.5,,,eligible,eligible_current_role,backup,Active,3.0,direct_component_blend,20260908_1821_rushing_yards_blend,2026-10-07T10:47:48+00:00,2026-10-07T10:48:05+00:00
2026,5,401872994,2026-10-12,17:15,00-0039875,Ray Davis,BUF,LAR,RB,receiving_yards,2.7,-14.5,31.5,,,eligible,eligible_current_role,backup,Active,3.0,direct_component_blend,20260908_1821_receiving_yards_blend,2026-10-07T10:47:48+00:00,2026-10-07T10:48:05+00:00
2026,5,401872994,2026-10-12,17:15,00-0039879,Javon Solomon,BUF,LAR,LB,tackles,1.1,0.0,3.5,0.5570592135512337,0.26732268625712013,eligible,eligible_current_role,backup,,3.0,direct,20260908_1821_tackles_direct,2026-10-07T10:47:48+00:00,2026-10-07T10:48:05+00:00
2026,5,401872994,2026-10-12,17:15,00-0039901,Keon Coleman,BUF,LAR,WR,rushing_yards,0.0,-10.8,15.0,,,eligible,eligible_current_role,backup,Active,3.0,direct_component_blend,20260908_1821_rushing_yards_blend,2026-10-07T10:47:48+00:00,2026-10-07T10:48:05+00:00
2026,5,401872994,2026-10-12,17:15,00-0039901,Keon Coleman,BUF,LAR,WR,receiving_yards,29.6,2.9,78.7,,,eligible,eligible_current_role,backup,Active,3.0,direct_component_blend,20260908_1821_receiving_yards_blend,2026-10-07T10:47:48+00:00,2026-10-07T10:48:05+00:00
2026,5,401872994,2026-10-12,17:15,00-0040132,Landon Jackson,BUF,LAR,DL,tackles,0.7,0.0,4.2,0.41750207533320505,0.1457987051780696,eligible,eligible_current_role,backup,,2.0,direct,20260908_1821_tackles_direct,2026-10-07T10:47:48+00:00,2026-10-07T10:48:05+00:00
2026,5,401872994,2026-10-12,17:15,00-0040194,Jackson Hawes,BUF,LAR,TE,rushing_yards,0.0,-10.8,15.0,,,eligible,eligible_current_role,backup,,3.0,direct_component_blend,20260908_1821_rushing_yards_blend,2026-10-07T10:47:48+00:00,2026-10-07T10:48:05+00:00
2026,5,401872994,2026-10-12,17:15,00-0040194,Jackson Hawes,BUF,LAR,TE,receiving_yards,7.0,-10.2,35.8,,,eligible,eligible_current_role,backup,,3.0,direct_component_blend,20260908_1821_receiving_yards_blend,2026-10-07T10:47:48+00:00,2026-10-07T10:48:05+00:00
2026,5,401872994,2026-10-12,17:15,00-0040363,Keleki Latu,BUF,LAR,TE,rushing_yards,0.0,-11.8,16.5,,,eligible,eligible_current_role,backup,,4.0,direct_component_blend,20260908_1821_rushing_yards_blend,2026-10-07T10:47:48+00:00,2026-10-07T10:48:05+00:00
2026,5,401872994,2026-10-12,17:15,00-0040363,Keleki Latu,BUF,LAR,TE,receiving_yards,2.7,-16.0,34.6,,,eligible,eligible_current_role,backup,,4.0,direct_component_blend,20260908_1821_receiving_yards_blend,2026-10-07T10:47:48+00:00,2026-10-07T10:48:05+00:00
2026,5,401872994,2026-10-12,17:15,00-0040580,Josaiah Stewart,LAR,BUF,LB,tackles,1.3,0.0,3.8,0.6386354769686646,0.3451736006226563,eligible,eligible_current_role,backup,Active,2.0,direct,20260908_1821_tackles_direct,2026-10-07T10:47:48+00:00,2026-10-07T10:48:05+00:00
2026,5,401872994,2026-10-12,17:15,00-0040585,Ty Hamilton,LAR,BUF,DL,tackles,0.9,0.0,3.4,0.5118989665411294,0.2296247871269234,eligible,eligible_current_role,backup,,2.0,direct,20260908_1821_tackles_direct,2026-10-07T10:47:48+00:00,2026-10-07T10:48:05+00:00
2026,5,401872994,2026-10-12,17:15,00-0040590,Konata Mumpfield,LAR,BUF,WR,rushing_yards,0.0,-10.8,15.0,,,eligible,questionable_flag,backup,Questionable,4.0,direct_component_blend,20260908_1821_rushing_yards_blend,2026-10-07T10:47:48+00:00,2026-10-07T10:48:05+00:00
2026,5,401872994,2026-10-12,17:15,00-0040590,Konata Mumpfield,LAR,BUF,WR,receiving_yards,19.4,-7.3,68.6,,,eligible,questionable_flag,backup,Questionable,4.0,direct_component_blend,20260908_1821_receiving_yards_blend,2026-10-07T10:47:48+00:00,2026-10-07T10:48:05+00:00
2026,5,401872994,2026-10-12,17:15,00-0040709,Maxwell Hairston,BUF,LAR,DB,tackles,2.7,0.6,5.5,0.8864805389988598,0.7025272334508105,eligible,eligible_current_role,starter,,1.0,direct,20260908_1821_tackles_direct,2026-10-07T10:47:48+00:00,2026-10-07T10:48:05+00:00
2026,5,401872994,2026-10-12,17:15,00-0040710,Deone Walker,BUF,LAR,DL,tackles,2.5,0.5,5.0,0.8655737237146877,0.6576590431041095,eligible,eligible_current_role,starter,Active,1.0,direct,20260908_1821_tackles_direct,2026-10-07T10:47:48+00:00,2026-10-07T10:48:05+00:00
2026,5,401872994,2026-10-12,17:15,00-0040724,T.J. Sanders,BUF,LAR,DL,tackles,1.9,0.0,4.4,0.7845232407074381,0.5134255721564877,eligible,questionable_flag,starter,Questionable,1.0,direct,20260908_1821_tackles_direct,2026-10-07T10:47:48+00:00,2026-10-07T10:48:05+00:00
2026,5,401872994,2026-10-12,17:15,00-0040923,Maximus Pulley,LAR,BUF,DB,tackles,2.1,0.0,6.1,0.8199331947754608,0.5719088597676514,eligible,eligible_current_role,backup,Active,2.0,direct,20260908_1821_tackles_direct,2026-10-07T10:47:48+00:00,2026-10-07T10:48:05+00:00
2026,5,401872994,2026-10-12,17:15,00-0041036,TJ Parker,BUF,LAR,LB,tackles,1.6,0.0,5.1,0.752746536829816,0.4732836459046439,eligible,eligible_current_role,backup,,2.0,direct,20260908_1821_tackles_direct,2026-10-07T10:47:48+00:00,2026-10-07T10:48:05+00:00
2026,5,401872994,2026-10-12,17:15,00-0041086,Jalon Kilgore,BUF,LAR,DB,tackles,2.0,0.0,5.9,0.7889343347813955,0.5203959887148386,eligible,eligible_current_role,backup,Active,3.0,direct,20260908_1821_tackles_direct,2026-10-07T10:47:48+00:00,2026-10-07T10:48:05+00:00
2026,5,401872994,2026-10-12,17:15,00-0041391,Davison Igbinosun,BUF,LAR,DB,tackles,2.2,0.0,6.1,0.8281560042533612,0.5863814725022654,eligible,eligible_current_role,backup,Active,2.0,direct,20260908_1821_tackles_direct,2026-10-07T10:47:48+00:00,2026-10-07T10:48:05+00:00
2026,5,401872994,2026-10-12,17:15,00-0041399,CJ Daniels,LAR,BUF,WR,rushing_yards,0.1,-14.7,20.7,,,eligible,eligible_current_role,backup,Active,6.0,direct_component_blend,20260908_1821_rushing_yards_blend,2026-10-07T10:47:48+00:00,2026-10-07T10:48:05+00:00
2026,5,401872994,2026-10-12,17:15,00-0041399,CJ Daniels,LAR,BUF,WR,receiving_yards,7.4,-15.2,48.0,,,eligible,eligible_current_role,backup,Active,6.0,direct_component_blend,20260908_1821_receiving_yards_blend,2026-10-07T10:47:48+00:00,2026-10-07T10:48:05+00:00
2026,5,401872994,2026-10-12,17:15,00-0041404,Wesley Bailey,LAR,BUF,LB,tackles,1.7,0.0,5.2,0.7586950803287684,0.48040155050302025,eligible,eligible_current_role,backup,,2.0,direct,20260908_1821_tackles_direct,2026-10-07T10:47:48+00:00,2026-10-07T10:48:05+00:00
2026,5,401872994,2026-10-12,17:15,00-0041415,Dean Connors,LAR,BUF,RB,rushing_yards,11.5,-18.8,54.0,,,eligible,eligible_current_role,backup,Active,3.0,direct_component_blend,20260908_1821_rushing_yards_blend,2026-10-07T10:47:48+00:00,2026-10-07T10:48:05+00:00
2026,5,401872994,2026-10-12,17:15,00-0041415,Dean Connors,LAR,BUF,RB,receiving_yards,2.9,-19.7,43.5,,,eligible,eligible_current_role,backup,Active,3.0,direct_component_blend,20260908_1821_receiving_yards_blend,2026-10-07T10:47:48+00:00,2026-10-07T10:48:05+00:00
2026,5,401872994,2026-10-12,17:15,00-0041443,Skyler Bell,BUF,LAR,WR,rushing_yards,0.0,-14.7,20.7,,,eligible,eligible_current_role,backup,Active,6.0,direct_component_blend,20260908_1821_rushing_yards_blend,2026-10-07T10:47:48+00:00,2026-10-07T10:48:05+00:00
2026,5,401872994,2026-10-12,17:15,00-0041443,Skyler Bell,BUF,LAR,WR,receiving_yards,7.0,-15.7,47.5,,,eligible,eligible_current_role,backup,Active,6.0,direct_component_blend,20260908_1821_receiving_yards_blend,2026-10-07T10:47:48+00:00,2026-10-07T10:48:05+00:00
2026,5,401872994,2026-10-12,17:15,00-0041444,Kaleb Elarms-Orr,BUF,LAR,LB,tackles,1.4,0.0,4.9,0.6525491131642654,0.3593191398193564,eligible,eligible_current_role,recent_defensive_participant,,,direct,20260908_1821_tackles_direct,2026-10-07T10:47:48+00:00,2026-10-07T10:48:05+00:00
2026,5,401872994,2026-10-12,17:15,00-0041510,Max Klare,LAR,BUF,TE,rushing_yards,0.0,-14.8,20.7,,,eligible,eligible_current_role,backup,,4.0,direct_component_blend,20260908_1821_rushing_yards_blend,2026-10-07T10:47:48+00:00,2026-10-07T10:48:05+00:00
2026,5,401872994,2026-10-12,17:15,00-0041510,Max Klare,LAR,BUF,TE,receiving_yards,4.6,-18.1,45.1,,,eligible,eligible_current_role,backup,,4.0,direct_component_blend,20260908_1821_receiving_yards_blend,2026-10-07T10:47:48+00:00,2026-10-07T10:48:05+00:00
2026,5,401872994,2026-10-12,17:15,00-0041568,Ty Simpson,LAR,BUF,QB,rushing_yards,8.9,-8.7,33.5,,,eligible,eligible_current_role,backup,Active,3.0,direct_component_blend,20260908_1821_rushing_yards_blend,2026-10-07T10:47:48+00:00,2026-10-07T10:48:05+00:00
