season,week,game_id,game_date,game_time,player_id,player_name,team,opponent,position,target,projection,low,high,probability_1_plus,probability_2_plus,eligibility_status,eligibility_reason,role_status,injury_game_status,depth_rank,model_architecture,model_version,feature_asof,generated_at
2026,4,401872964,2026-10-01,20:15,00-0023459,Aaron Rodgers,PIT,CLE,QB,passing_yards,219.0,125.5,325.2,,,eligible,eligible_current_role,starter,Active,1.0,direct_component_blend,20260908_1821_passing_yards_blend,2026-09-30T11:26:54+00:00,2026-09-30T11:27:07+00:00
2026,4,401872964,2026-10-01,20:15,00-0023459,Aaron Rodgers,PIT,CLE,QB,passing_tds,1.611,,,0.8125,0.5119047619047619,eligible,eligible_current_role,starter,Active,1.0,direct_component_blend,20260908_1821_passing_tds_blend,2026-09-30T11:26:54+00:00,2026-09-30T11:27:07+00:00
2026,4,401872964,2026-10-01,20:15,00-0023459,Aaron Rodgers,PIT,CLE,QB,rushing_yards,6.1,-4.6,21.2,,,eligible,eligible_current_role,starter,Active,1.0,direct_component_blend,20260908_1821_rushing_yards_blend,2026-09-30T11:26:54+00:00,2026-09-30T11:27:07+00:00
2026,4,401872964,2026-10-01,20:15,00-0027969,Cameron Heyward,PIT,CLE,DL,tackles,3.2,1.2,5.7,0.9166603335638357,0.7833639177332369,eligible,eligible_current_role,starter,,1.0,direct,20260908_1821_tackles_direct,2026-09-30T11:26:54+00:00,2026-09-30T11:27:07+00:00
2026,4,401872964,2026-10-01,20:15,00-0031136,Chris Boswell,PIT,CLE,K,kicking_points,7.1,2.1,13.0,,,eligible,eligible_current_role,starter,Active,1.0,component,20260908_1821_kicking_points_component,2026-09-30T11:26:54+00:00,2026-09-30T11:27:07+00:00
2026,4,401872964,2026-10-01,20:15,00-0031595,Michael Burton,CLE,PIT,RB,rushing_yards,2.5,-8.2,17.6,,,eligible,eligible_current_role,starter,,1.0,direct_component_blend,20260908_1821_rushing_yards_blend,2026-09-30T11:26:54+00:00,2026-09-30T11:27:07+00:00
2026,4,401872964,2026-10-01,20:15,00-0031595,Michael Burton,CLE,PIT,RB,receiving_yards,3.3,-13.9,32.1,,,eligible,eligible_current_role,starter,,1.0,direct_component_blend,20260908_1821_receiving_yards_blend,2026-09-30T11:26:54+00:00,2026-09-30T11:27:07+00:00
2026,4,401872964,2026-10-01,20:15,00-0033055,Jalen Ramsey,PIT,CLE,DB,tackles,3.6,1.0,7.1,0.9382347574764237,0.8264032207296584,eligible,questionable_flag,starter,Questionable,1.0,direct,20260908_1821_tackles_direct,2026-09-30T11:26:54+00:00,2026-09-30T11:27:07+00:00
2026,4,401872964,2026-10-01,20:15,00-0033131,Maliek Collins,CLE,PIT,DL,tackles,1.7,0.0,4.1,0.7550046123566034,0.47596734478026975,eligible,eligible_current_role,starter,,1.0,direct,20260908_1821_tackles_direct,2026-09-30T11:26:54+00:00,2026-09-30T11:27:07+00:00
2026,4,401872964,2026-10-01,20:15,00-0033537,Deshaun Watson,CLE,PIT,QB,passing_yards,190.6,97.1,296.8,,,eligible,eligible_current_role,starter,Active,1.0,direct_component_blend,20260908_1821_passing_yards_blend,2026-09-30T11:26:54+00:00,2026-09-30T11:27:07+00:00
2026,4,401872964,2026-10-01,20:15,00-0033537,Deshaun Watson,CLE,PIT,QB,passing_tds,1.188,,,0.6547619047619048,0.39285714285714285,eligible,eligible_current_role,starter,Active,1.0,direct_component_blend,20260908_1821_passing_tds_blend,2026-09-30T11:26:54+00:00,2026-09-30T11:27:07+00:00
2026,4,401872964,2026-10-01,20:15,00-0033537,Deshaun Watson,CLE,PIT,QB,rushing_yards,17.1,4.3,35.0,,,eligible,eligible_current_role,starter,Active,1.0,direct_component_blend,20260908_1821_rushing_yards_blend,2026-09-30T11:26:54+00:00,2026-09-30T11:27:07+00:00
2026,4,401872964,2026-10-01,20:15,00-0033757,Robert Tonyan,PIT,CLE,TE,rushing_yards,0.0,-10.8,14.9,,,eligible,eligible_current_role,backup,,3.0,direct_component_blend,20260908_1821_rushing_yards_blend,2026-09-30T11:26:54+00:00,2026-09-30T11:27:07+00:00
2026,4,401872964,2026-10-01,20:15,00-0033757,Robert Tonyan,PIT,CLE,TE,receiving_yards,3.7,-13.5,32.5,,,eligible,eligible_current_role,backup,,3.0,direct_component_blend,20260908_1821_receiving_yards_blend,2026-09-30T11:26:54+00:00,2026-09-30T11:27:07+00:00
2026,4,401872964,2026-10-01,20:15,00-0033876,Derek Barnett,CLE,PIT,DL,tackles,1.1,0.0,3.6,0.5596022965539609,0.2696772951915408,eligible,eligible_current_role,backup,,2.0,direct,20260908_1821_tackles_direct,2026-09-30T11:26:54+00:00,2026-09-30T11:27:07+00:00
2026,4,401872964,2026-10-01,20:15,00-0033886,T.J. Watt,PIT,CLE,LB,tackles,3.5,0.6,7.6,0.9340528991860509,0.8187081720293374,eligible,eligible_current_role,starter,Active,1.0,direct,20260908_1821_tackles_direct,2026-09-30T11:26:54+00:00,2026-09-30T11:27:07+00:00
2026,4,401872964,2026-10-01,20:15,00-0033941,Rayshawn Jenkins,PIT,CLE,DB,tackles,3.0,1.0,5.5,0.9062531269432902,0.7535209906725916,eligible,eligible_current_role,starter,,1.0,direct,20260908_1821_tackles_direct,2026-09-30T11:26:54+00:00,2026-09-30T11:27:07+00:00
2026,4,401872964,2026-10-01,20:15,00-0034771,Mason Rudolph,PIT,CLE,QB,rushing_yards,3.6,-7.1,18.7,,,eligible,eligible_current_role,backup,,2.0,direct_component_blend,20260908_1821_rushing_yards_blend,2026-09-30T11:26:54+00:00,2026-09-30T11:27:07+00:00
2026,4,401872964,2026-10-01,20:15,00-0034810,Sebastian Joseph-Day,PIT,CLE,DL,tackles,1.7,0.0,4.1,0.7593477618347628,0.4811920663803756,eligible,eligible_current_role,backup,,2.0,direct,20260908_1821_tackles_direct,2026-09-30T11:26:54+00:00,2026-09-30T11:27:07+00:00
2026,4,401872964,2026-10-01,20:15,00-0034856,Denzel Ward,CLE,PIT,DB,tackles,3.4,0.8,6.9,0.9273488671211442,0.8067433078941465,eligible,eligible_current_role,starter,,1.0,direct,20260908_1821_tackles_direct,2026-09-30T11:26:54+00:00,2026-09-30T11:27:07+00:00
2026,4,401872964,2026-10-01,20:15,00-0035286,Cole Holcomb,PIT,CLE,LB,tackles,1.1,0.0,3.6,0.5588856700854565,0.2690117799265411,eligible,eligible_current_role,recent_defensive_participant,,,direct,20260908_1821_tackles_direct,2026-09-30T11:26:54+00:00,2026-09-30T11:27:07+00:00
2026,4,401872964,2026-10-01,20:15,00-0035594,Travis Homer,PIT,CLE,RB,rushing_yards,5.8,-4.9,20.8,,,eligible,eligible_current_role,backup,Active,3.0,direct_component_blend,20260908_1821_rushing_yards_blend,2026-09-30T11:26:54+00:00,2026-09-30T11:27:07+00:00
2026,4,401872964,2026-10-01,20:15,00-0035594,Travis Homer,PIT,CLE,RB,receiving_yards,0.5,-16.6,29.4,,,eligible,eligible_current_role,backup,Active,3.0,direct_component_blend,20260908_1821_receiving_yards_blend,2026-09-30T11:26:54+00:00,2026-09-30T11:27:07+00:00
2026,4,401872964,2026-10-01,20:15,00-0035640,DK Metcalf,PIT,CLE,WR,rushing_yards,0.0,-10.8,15.0,,,eligible,eligible_current_role,starter,Active,1.0,direct_component_blend,20260908_1821_rushing_yards_blend,2026-09-30T11:26:54+00:00,2026-09-30T11:27:07+00:00
2026,4,401872964,2026-10-01,20:15,00-0035640,DK Metcalf,PIT,CLE,WR,receiving_yards,59.4,32.7,108.6,,,eligible,eligible_current_role,starter,Active,1.0,direct_component_blend,20260908_1821_receiving_yards_blend,2026-09-30T11:26:54+00:00,2026-09-30T11:27:07+00:00
2026,4,401872964,2026-10-01,20:15,00-0035680,Quincy Williams,CLE,PIT,LB,tackles,6.7,3.8,10.8,0.983495145631068,0.9631067961165048,eligible,eligible_current_role,starter,Active,1.0,direct,20260908_1821_tackles_direct,2026-09-30T11:26:54+00:00,2026-09-30T11:27:07+00:00
2026,4,401872964,2026-10-01,20:15,00-0035699,Jamel Dean,PIT,CLE,DB,tackles,3.5,0.8,7.0,0.9291345243241417,0.8098881621861131,eligible,eligible_current_role,starter,Active,1.0,direct,20260908_1821_tackles_direct,2026-09-30T11:26:54+00:00,2026-09-30T11:27:07+00:00
2026,4,401872964,2026-10-01,20:15,00-0036139,Rico Dowdle,PIT,CLE,RB,rushing_yards,29.6,7.6,60.5,,,eligible,questionable_flag,backup,Questionable,2.0,direct_component_blend,20260908_1821_rushing_yards_blend,2026-09-30T11:26:54+00:00,2026-09-30T11:27:07+00:00
2026,4,401872964,2026-10-01,20:15,00-0036139,Rico Dowdle,PIT,CLE,RB,receiving_yards,12.9,-4.2,41.7,,,eligible,questionable_flag,backup,Questionable,2.0,direct_component_blend,20260908_1821_receiving_yards_blend,2026-09-30T11:26:54+00:00,2026-09-30T11:27:07+00:00
2026,4,401872964,2026-10-01,20:15,00-0036252,Michael Pittman,PIT,CLE,WR,rushing_yards,0.0,-10.8,15.0,,,eligible,eligible_current_role,backup,Active,2.0,direct_component_blend,20260908_1821_rushing_yards_blend,2026-09-30T11:26:54+00:00,2026-09-30T11:27:07+00:00
2026,4,401872964,2026-10-01,20:15,00-0036252,Michael Pittman,PIT,CLE,WR,receiving_yards,30.6,3.9,79.8,,,eligible,eligible_current_role,backup,Active,2.0,direct_component_blend,20260908_1821_receiving_yards_blend,2026-09-30T11:26:54+00:00,2026-09-30T11:27:07+00:00
2026,4,401872964,2026-10-01,20:15,00-0036282,Grant Delpit,CLE,PIT,DB,tackles,5.3,2.6,8.7,0.9813094590508669,0.9397613622128247,eligible,questionable_flag,starter,Questionable,1.0,direct,20260908_1821_tackles_direct,2026-09-30T11:26:54+00:00,2026-09-30T11:27:07+00:00
2026,4,401872964,2026-10-01,20:15,00-0036287,Noah Igbinoghene,CLE,PIT,DB,tackles,2.8,0.7,5.6,0.8951934013151022,0.7238820085730617,eligible,eligible_current_role,backup,,2.0,direct,20260908_1821_tackles_direct,2026-09-30T11:26:54+00:00,2026-09-30T11:27:07+00:00
2026,4,401872964,2026-10-01,20:15,00-0036306,Daniel Thomas,CLE,PIT,DB,tackles,2.8,0.7,5.6,0.8946455557494666,0.7224623656380141,eligible,eligible_current_role,backup,Active,3.0,direct,20260908_1821_tackles_direct,2026-09-30T11:26:54+00:00,2026-09-30T11:27:07+00:00
2026,4,401872964,2026-10-01,20:15,00-0036323,Patrick Queen,PIT,CLE,LB,tackles,6.5,3.5,10.5,0.983495145631068,0.9631067961165048,eligible,eligible_current_role,recent_defensive_participant,Active,,direct,20260908_1821_tackles_direct,2026-09-30T11:26:54+00:00,2026-09-30T11:27:07+00:00
2026,4,401872964,2026-10-01,20:15,00-0036333,Alex Highsmith,PIT,CLE,LB,tackles,3.8,0.8,7.8,0.9452381809618917,0.8397433403756479,eligible,eligible_current_role,starter,,1.0,direct,20260908_1821_tackles_direct,2026-09-30T11:26:54+00:00,2026-09-30T11:27:07+00:00
2026,4,401872964,2026-10-01,20:15,00-0036407,Jerry Jeudy,CLE,PIT,WR,rushing_yards,0.0,-10.8,15.0,,,eligible,eligible_current_role,backup,Active,3.0,direct_component_blend,20260908_1821_rushing_yards_blend,2026-09-30T11:26:54+00:00,2026-09-30T11:27:07+00:00
2026,4,401872964,2026-10-01,20:15,00-0036407,Jerry Jeudy,CLE,PIT,WR,receiving_yards,46.0,19.4,95.2,,,eligible,eligible_current_role,backup,Active,3.0,direct_component_blend,20260908_1821_receiving_yards_blend,2026-09-30T11:26:54+00:00,2026-09-30T11:27:07+00:00
2026,4,401872964,2026-10-01,20:15,00-0036504,Brandin Echols,PIT,CLE,DB,tackles,2.1,0.2,4.6,0.8205216098804603,0.572932515273279,eligible,questionable_flag,backup,Questionable,2.0,direct,20260908_1821_tackles_direct,2026-09-30T11:26:54+00:00,2026-09-30T11:27:07+00:00
2026,4,401872964,2026-10-01,20:15,00-0036617,Asante Samuel Jr.,PIT,CLE,DB,tackles,3.1,0.5,6.6,0.9095512367393973,0.7627540602762053,eligible,eligible_current_role,backup,,2.0,direct,20260908_1821_tackles_direct,2026-09-30T11:26:54+00:00,2026-09-30T11:27:07+00:00
2026,4,401872964,2026-10-01,20:15,00-0036630,Tylan Wallace,CLE,PIT,WR,rushing_yards,0.0,-10.8,15.0,,,eligible,questionable_flag,backup,Questionable,5.0,direct_component_blend,20260908_1821_rushing_yards_blend,2026-09-30T11:26:54+00:00,2026-09-30T11:27:07+00:00
2026,4,401872964,2026-10-01,20:15,00-0036630,Tylan Wallace,CLE,PIT,WR,receiving_yards,4.2,-13.0,33.0,,,eligible,questionable_flag,backup,Questionable,5.0,direct_component_blend,20260908_1821_receiving_yards_blend,2026-09-30T11:26:54+00:00,2026-09-30T11:27:07+00:00
2026,4,401872964,2026-10-01,20:15,00-0036862,Ben Skowronek,PIT,CLE,WR,rushing_yards,0.0,-10.8,14.9,,,eligible,eligible_current_role,backup,Active,5.0,direct_component_blend,20260908_1821_rushing_yards_blend,2026-09-30T11:26:54+00:00,2026-09-30T11:27:07+00:00
2026,4,401872964,2026-10-01,20:15,00-0036862,Ben Skowronek,PIT,CLE,WR,receiving_yards,1.7,-15.5,30.5,,,eligible,eligible_current_role,backup,Active,5.0,direct_component_blend,20260908_1821_receiving_yards_blend,2026-09-30T11:26:54+00:00,2026-09-30T11:27:07+00:00
2026,4,401872964,2026-10-01,20:15,00-0036894,Pat Freiermuth,PIT,CLE,TE,rushing_yards,0.0,-10.7,15.0,,,eligible,eligible_current_role,backup,Active,2.0,direct_component_blend,20260908_1821_rushing_yards_blend,2026-09-30T11:26:54+00:00,2026-09-30T11:27:07+00:00
2026,4,401872964,2026-10-01,20:15,00-0036894,Pat Freiermuth,PIT,CLE,TE,receiving_yards,27.3,7.6,61.6,,,eligible,eligible_current_role,backup,Active,2.0,direct_component_blend,20260908_1821_receiving_yards_blend,2026-09-30T11:26:54+00:00,2026-09-30T11:27:07+00:00
2026,4,401872964,2026-10-01,20:15,00-0036974,Tyson Campbell,CLE,PIT,DB,tackles,4.5,1.8,8.0,0.9728025686369038,0.9049413216464149,eligible,questionable_flag,starter,Questionable,1.0,direct,20260908_1821_tackles_direct,2026-09-30T11:26:54+00:00,2026-09-30T11:27:07+00:00
2026,4,401872964,2026-10-01,20:15,00-0037228,Jaylen Warren,PIT,CLE,RB,rushing_yards,48.3,26.3,79.2,,,eligible,eligible_current_role,starter,Active,1.0,direct_component_blend,20260908_1821_rushing_yards_blend,2026-09-30T11:26:54+00:00,2026-09-30T11:27:07+00:00
2026,4,401872964,2026-10-01,20:15,00-0037228,Jaylen Warren,PIT,CLE,RB,receiving_yards,10.2,-6.9,39.0,,,eligible,eligible_current_role,starter,Active,1.0,direct_component_blend,20260908_1821_receiving_yards_blend,2026-09-30T11:26:54+00:00,2026-09-30T11:27:07+00:00
2026,4,401872964,2026-10-01,20:15,00-0037665,Sam Williams,CLE,PIT,DL,tackles,1.3,0.0,3.8,0.6400360353628545,0.34658058379568235,eligible,eligible_current_role,backup,,2.0,direct,20260908_1821_tackles_direct,2026-09-30T11:26:54+00:00,2026-09-30T11:27:07+00:00
2026,4,401872964,2026-10-01,20:15,00-0038135,Jaquan Brisker,PIT,CLE,DB,tackles,5.9,3.2,9.4,0.9829658302235423,0.956930537753658,eligible,eligible_current_role,starter,,1.0,direct,20260908_1821_tackles_direct,2026-09-30T11:26:54+00:00,2026-09-30T11:27:07+00:00
2026,4,401872964,2026-10-01,20:15,00-0038409,Lew Nichols III,PIT,CLE,RB,rushing_yards,1.1,-10.6,17.7,,,eligible,eligible_current_role,roster_only,,,direct_component_blend,20260908_1821_rushing_yards_blend,2026-09-30T11:26:54+00:00,2026-09-30T11:27:07+00:00
2026,4,401872964,2026-10-01,20:15,00-0038409,Lew Nichols III,PIT,CLE,RB,receiving_yards,0.1,-18.5,32.1,,,eligible,eligible_current_role,roster_only,,,direct_component_blend,20260908_1821_receiving_yards_blend,2026-09-30T11:26:54+00:00,2026-09-30T11:27:07+00:00
2026,4,401872964,2026-10-01,20:15,00-0038428,Andre Szmyt,CLE,PIT,K,kicking_points,6.6,1.9,12.1,,,eligible,eligible_current_role,starter,Active,1.0,component,20260908_1821_kicking_points_component,2026-09-30T11:26:54+00:00,2026-09-30T11:27:07+00:00
2026,4,401872964,2026-10-01,20:15,00-0038558,Darnell Washington,PIT,CLE,TE,rushing_yards,0.0,-10.8,14.9,,,eligible,eligible_current_role,starter,Active,1.0,direct_component_blend,20260908_1821_rushing_yards_blend,2026-09-30T11:26:54+00:00,2026-09-30T11:27:07+00:00
2026,4,401872964,2026-10-01,20:15,00-0038558,Darnell Washington,PIT,CLE,TE,receiving_yards,13.1,-4.0,41.9,,,eligible,eligible_current_role,starter,Active,1.0,direct_component_blend,20260908_1821_receiving_yards_blend,2026-09-30T11:26:54+00:00,2026-09-30T11:27:07+00:00
2026,4,401872964,2026-10-01,20:15,00-0038565,Mekhi Blackmon,CLE,PIT,DB,tackles,3.5,0.8,7.0,0.9310003372058749,0.813206174793392,eligible,eligible_current_role,backup,Active,2.0,direct,20260908_1821_tackles_direct,2026-09-30T11:26:54+00:00,2026-09-30T11:27:07+00:00
2026,4,401872964,2026-10-01,20:15,00-0038574,Isaiah McGuire,CLE,PIT,DL,tackles,1.4,0.0,3.9,0.678681108825448,0.38693136125765204,eligible,eligible_current_role,starter,,1.0,direct,20260908_1821_tackles_direct,2026-09-30T11:26:54+00:00,2026-09-30T11:27:07+00:00
2026,4,401872964,2026-10-01,20:15,00-0038577,Nick Herbig,PIT,CLE,LB,tackles,2.0,0.1,4.5,0.8037540808433074,0.5444507412126719,eligible,eligible_current_role,backup,,2.0,direct,20260908_1821_tackles_direct,2026-09-30T11:26:54+00:00,2026-09-30T11:27:07+00:00
2026,4,401872964,2026-10-01,20:15,00-0038710,Blake Whiteheart,CLE,PIT,TE,rushing_yards,0.0,-10.8,14.9,,,eligible,eligible_current_role,backup,Active,2.0,direct_component_blend,20260908_1821_rushing_yards_blend,2026-09-30T11:26:54+00:00,2026-09-30T11:27:07+00:00
2026,4,401872964,2026-10-01,20:15,00-0038710,Blake Whiteheart,CLE,PIT,TE,receiving_yards,9.8,-7.4,38.6,,,eligible,eligible_current_role,backup,Active,2.0,direct_component_blend,20260908_1821_receiving_yards_blend,2026-09-30T11:26:54+00:00,2026-09-30T11:27:07+00:00
2026,4,401872964,2026-10-01,20:15,00-0038715,Ronnie Hickman Jr.,CLE,PIT,DB,tackles,5.3,2.6,8.8,0.9815824748001122,0.942470441454865,eligible,eligible_current_role,starter,Active,1.0,direct,20260908_1821_tackles_direct,2026-09-30T11:26:54+00:00,2026-09-30T11:27:07+00:00
2026,4,401872964,2026-10-01,20:15,00-0038794,Jaleel McLaughlin,CLE,PIT,RB,rushing_yards,17.6,-4.4,48.5,,,eligible,eligible_current_role,backup,Active,3.0,direct_component_blend,20260908_1821_rushing_yards_blend,2026-09-30T11:26:54+00:00,2026-09-30T11:27:07+00:00
2026,4,401872964,2026-10-01,20:15,00-0038794,Jaleel McLaughlin,CLE,PIT,RB,receiving_yards,4.2,-12.9,33.1,,,eligible,eligible_current_role,backup,Active,3.0,direct_component_blend,20260908_1821_receiving_yards_blend,2026-09-30T11:26:54+00:00,2026-09-30T11:27:07+00:00
2026,4,401872964,2026-10-01,20:15,00-0039110,Keeanu Benton,PIT,CLE,DL,tackles,2.4,0.5,4.9,0.8572905822917318,0.6410243447307088,eligible,eligible_current_role,starter,,1.0,direct,20260908_1821_tackles_direct,2026-09-30T11:26:54+00:00,2026-09-30T11:27:07+00:00
2026,4,401872964,2026-10-01,20:15,00-0039167,Joey Porter Jr.,PIT,CLE,DB,tackles,3.8,1.1,7.3,0.9443132151771512,0.8379462394310215,eligible,eligible_current_role,starter,Active,1.0,direct,20260908_1821_tackles_direct,2026-09-30T11:26:54+00:00,2026-09-30T11:27:07+00:00
2026,4,401872964,2026-10-01,20:15,00-0039275,Messiah Swinson,CLE,PIT,TE,rushing_yards,0.0,-14.8,20.6,,,eligible,eligible_current_role,roster_only,,,direct_component_blend,20260908_1821_rushing_yards_blend,2026-09-30T11:26:54+00:00,2026-09-30T11:27:07+00:00
2026,4,401872964,2026-10-01,20:15,00-0039275,Messiah Swinson,CLE,PIT,TE,receiving_yards,4.8,-17.8,45.4,,,eligible,eligible_current_role,roster_only,,,direct_component_blend,20260908_1821_receiving_yards_blend,2026-09-30T11:26:54+00:00,2026-09-30T11:27:07+00:00
2026,4,401872964,2026-10-01,20:15,00-0039417,Myles Harden,CLE,PIT,DB,tackles,3.2,0.6,6.7,0.9155368006855651,0.7800379634474122,eligible,eligible_current_role,starter,,1.0,direct,20260908_1821_tackles_direct,2026-09-30T11:26:54+00:00,2026-09-30T11:27:07+00:00
2026,4,401872964,2026-10-01,20:15,00-0039515,Winston Reid,CLE,PIT,LB,tackles,3.3,1.3,5.7,0.9201534410661284,0.7938833199393489,eligible,eligible_current_role,backup,,2.0,direct,20260908_1821_tackles_direct,2026-09-30T11:26:54+00:00,2026-09-30T11:27:07+00:00
2026,4,401872964,2026-10-01,20:15,00-0039739,Roman Wilson,PIT,CLE,WR,rushing_yards,0.0,-10.8,15.0,,,eligible,eligible_current_role,backup,Active,3.0,direct_component_blend,20260908_1821_rushing_yards_blend,2026-09-30T11:26:54+00:00,2026-09-30T11:27:07+00:00
2026,4,401872964,2026-10-01,20:15,00-0039739,Roman Wilson,PIT,CLE,WR,receiving_yards,10.1,-7.1,38.9,,,eligible,eligible_current_role,backup,Active,3.0,direct_component_blend,20260908_1821_receiving_yards_blend,2026-09-30T11:26:54+00:00,2026-09-30T11:27:07+00:00
2026,4,401872964,2026-10-01,20:15,00-0039741,Payton Wilson,PIT,CLE,LB,tackles,4.2,2.1,6.6,0.9609090220069059,0.8747431253794755,eligible,eligible_current_role,recent_defensive_participant,,,direct,20260908_1821_tackles_direct,2026-09-30T11:26:54+00:00,2026-09-30T11:27:07+00:00
2026,4,401872964,2026-10-01,20:15,00-0039852,Jared Verse,CLE,PIT,DL,tackles,3.1,0.9,5.8,0.9078115777380199,0.7578594929728881,eligible,eligible_current_role,starter,,1.0,direct,20260908_1821_tackles_direct,2026-09-30T11:26:54+00:00,2026-09-30T11:27:07+00:00
2026,4,401872964,2026-10-01,20:15,00-0039895,Mike Hall Jr.,CLE,PIT,DL,tackles,1.2,0.0,3.7,0.5744536828945827,0.28383024599677753,eligible,eligible_current_role,backup,,2.0,direct,20260908_1821_tackles_direct,2026-09-30T11:26:54+00:00,2026-09-30T11:27:07+00:00
2026,4,401872964,2026-10-01,20:15,00-0039920,Malachi Corley,CLE,PIT,WR,rushing_yards,2.9,-7.8,17.9,,,eligible,eligible_current_role,backup,,6.0,direct_component_blend,20260908_1821_rushing_yards_blend,2026-09-30T11:26:54+00:00,2026-09-30T11:27:07+00:00
2026,4,401872964,2026-10-01,20:15,00-0039920,Malachi Corley,CLE,PIT,WR,receiving_yards,10.6,-6.6,39.4,,,eligible,eligible_current_role,backup,,6.0,direct_component_blend,20260908_1821_receiving_yards_blend,2026-09-30T11:26:54+00:00,2026-09-30T11:27:07+00:00
2026,4,401872964,2026-10-01,20:15,00-0040160,Jack Sawyer,PIT,CLE,LB,tackles,1.9,0.0,4.4,0.7813790031715894,0.509053008997761,eligible,eligible_current_role,backup,,2.0,direct,20260908_1821_tackles_direct,2026-09-30T11:26:54+00:00,2026-09-30T11:27:07+00:00
2026,4,401872964,2026-10-01,20:15,00-0040188,Yahya Black,PIT,CLE,DL,tackles,1.8,0.0,4.3,0.7731856606788456,0.49841577880043253,eligible,eligible_current_role,backup,,2.0,direct,20260908_1821_tackles_direct,2026-09-30T11:26:54+00:00,2026-09-30T11:27:07+00:00
2026,4,401872964,2026-10-01,20:15,00-0040203,Will Howard,PIT,CLE,QB,rushing_yards,8.4,-9.2,33.1,,,eligible,eligible_current_role,backup,Active,3.0,direct_component_blend,20260908_1821_rushing_yards_blend,2026-09-30T11:26:54+00:00,2026-09-30T11:27:07+00:00
2026,4,401872964,2026-10-01,20:15,00-0040255,Adin Huntington,CLE,PIT,DL,tackles,1.1,0.0,3.6,0.5610130010297494,0.2709919922129045,eligible,eligible_current_role,backup,,2.0,direct,20260908_1821_tackles_direct,2026-09-30T11:26:54+00:00,2026-09-30T11:27:07+00:00
2026,4,401872964,2026-10-01,20:15,00-0040261,Easton Mascarenas-Arnold,CLE,PIT,LB,tackles,1.2,0.0,3.7,0.5701877331436666,0.27969346784048416,eligible,eligible_current_role,starter,,1.0,direct,20260908_1821_tackles_direct,2026-09-30T11:26:54+00:00,2026-09-30T11:27:07+00:00
2026,4,401872964,2026-10-01,20:15,00-0040263,Donovan McMillon,CLE,PIT,DB,tackles,0.8,0.0,3.3,0.4378158766982594,0.17246196329121166,eligible,eligible_current_role,backup,,2.0,direct,20260908_1821_tackles_direct,2026-09-30T11:26:54+00:00,2026-09-30T11:27:07+00:00
2026,4,401872964,2026-10-01,20:15,00-0040466,Raheim Sanders,CLE,PIT,RB,rushing_yards,20.4,-3.8,54.4,,,eligible,eligible_current_role,backup,Active,2.0,direct_component_blend,20260908_1821_rushing_yards_blend,2026-09-30T11:26:54+00:00,2026-09-30T11:27:07+00:00
2026,4,401872964,2026-10-01,20:15,00-0040466,Raheim Sanders,CLE,PIT,RB,receiving_yards,7.5,-11.1,39.5,,,eligible,eligible_current_role,backup,Active,2.0,direct_component_blend,20260908_1821_receiving_yards_blend,2026-09-30T11:26:54+00:00,2026-09-30T11:27:07+00:00
2026,4,401872964,2026-10-01,20:15,00-0040579,Carson Schwesinger,CLE,PIT,LB,tackles,8.1,6.6,13.5,0.983495145631068,0.9631067961165048,eligible,eligible_current_role,starter,Active,1.0,direct,20260908_1821_tackles_direct,2026-09-30T11:26:54+00:00,2026-09-30T11:27:07+00:00
2026,4,401872964,2026-10-01,20:15,00-0040663,Harold Fannin Jr.,CLE,PIT,TE,rushing_yards,0.3,-10.4,15.4,,,eligible,eligible_current_role,starter,Active,1.0,direct_component_blend,20260908_1821_rushing_yards_blend,2026-09-30T11:26:54+00:00,2026-09-30T11:27:07+00:00
2026,4,401872964,2026-10-01,20:15,00-0040663,Harold Fannin Jr.,CLE,PIT,TE,receiving_yards,43.5,23.9,77.8,,,eligible,eligible_current_role,starter,Active,1.0,direct_component_blend,20260908_1821_receiving_yards_blend,2026-09-30T11:26:54+00:00,2026-09-30T11:27:07+00:00
2026,4,401872964,2026-10-01,20:15,00-0040668,Shedeur Sanders,CLE,PIT,QB,rushing_yards,11.4,-1.4,29.3,,,eligible,eligible_current_role,backup,,2.0,direct_component_blend,20260908_1821_rushing_yards_blend,2026-09-30T11:26:54+00:00,2026-09-30T11:27:07+00:00
2026,4,401872964,2026-10-01,20:15,00-0040678,Derrick Harmon,PIT,CLE,DL,tackles,2.3,0.4,4.8,0.8464285615812323,0.6200608350172836,eligible,eligible_current_role,starter,,1.0,direct,20260908_1821_tackles_direct,2026-09-30T11:26:54+00:00,2026-09-30T11:27:07+00:00
2026,4,401872964,2026-10-01,20:15,00-0040685,Mason Graham,CLE,PIT,DL,tackles,2.8,0.7,5.5,0.8910008352280283,0.7131250236022864,eligible,eligible_current_role,starter,Active,1.0,direct,20260908_1821_tackles_direct,2026-09-30T11:26:54+00:00,2026-09-30T11:27:07+00:00
2026,4,401872964,2026-10-01,20:15,00-0040782,Isaiah Bond,CLE,PIT,WR,rushing_yards,0.2,-10.6,15.2,,,eligible,eligible_current_role,backup,,4.0,direct_component_blend,20260908_1821_rushing_yards_blend,2026-09-30T11:26:54+00:00,2026-09-30T11:27:07+00:00
2026,4,401872964,2026-10-01,20:15,00-0040782,Isaiah Bond,CLE,PIT,WR,receiving_yards,12.5,-4.7,41.3,,,eligible,eligible_current_role,backup,,4.0,direct_component_blend,20260908_1821_receiving_yards_blend,2026-09-30T11:26:54+00:00,2026-09-30T11:27:07+00:00
2026,4,401872964,2026-10-01,20:15,00-0040784,Quinshon Judkins,CLE,PIT,RB,rushing_yards,29.6,7.6,60.5,,,eligible,eligible_current_role,starter,Active,1.0,direct_component_blend,20260908_1821_rushing_yards_blend,2026-09-30T11:26:54+00:00,2026-09-30T11:27:07+00:00
2026,4,401872964,2026-10-01,20:15,00-0040784,Quinshon Judkins,CLE,PIT,RB,receiving_yards,12.1,-5.0,41.0,,,eligible,eligible_current_role,starter,Active,1.0,direct_component_blend,20260908_1821_receiving_yards_blend,2026-09-30T11:26:54+00:00,2026-09-30T11:27:07+00:00
2026,4,401872964,2026-10-01,20:15,00-0041037,Denzel Boston,CLE,PIT,WR,rushing_yards,0.0,-14.8,20.6,,,eligible,eligible_current_role,starter,Active,1.0,direct_component_blend,20260908_1821_rushing_yards_blend,2026-09-30T11:26:54+00:00,2026-09-30T11:27:07+00:00
2026,4,401872964,2026-10-01,20:15,00-0041037,Denzel Boston,CLE,PIT,WR,receiving_yards,15.7,-6.9,56.3,,,eligible,eligible_current_role,starter,Active,1.0,direct_component_blend,20260908_1821_receiving_yards_blend,2026-09-30T11:26:54+00:00,2026-09-30T11:27:07+00:00
2026,4,401872964,2026-10-01,20:15,00-0041075,Justin Jefferson,CLE,PIT,LB,tackles,1.6,0.0,5.1,0.735760674181562,0.45243422273473644,eligible,eligible_current_role,backup,Active,2.0,direct,20260908_1821_tackles_direct,2026-09-30T11:26:54+00:00,2026-09-30T11:27:07+00:00
2026,4,401872964,2026-10-01,20:15,00-0041092,Taylen Green,CLE,PIT,QB,rushing_yards,8.6,-8.9,33.3,,,eligible,eligible_current_role,backup,Active,3.0,direct_component_blend,20260908_1821_rushing_yards_blend,2026-09-30T11:26:54+00:00,2026-09-30T11:27:07+00:00
2026,4,401872964,2026-10-01,20:15,00-0041115,Toriano Pride Jr.,CLE,PIT,DB,tackles,2.1,0.0,6.1,0.8219815710491176,0.5754802603578139,eligible,eligible_current_role,backup,,2.0,direct,20260908_1821_tackles_direct,2026-09-30T11:26:54+00:00,2026-09-30T11:27:07+00:00
2026,4,401872964,2026-10-01,20:15,00-0041131,Carsen Ryan,CLE,PIT,TE,rushing_yards,0.0,-14.8,20.6,,,eligible,eligible_current_role,backup,,3.0,direct_component_blend,20260908_1821_rushing_yards_blend,2026-09-30T11:26:54+00:00,2026-09-30T11:27:07+00:00
2026,4,401872964,2026-10-01,20:15,00-0041131,Carsen Ryan,CLE,PIT,TE,receiving_yards,5.7,-16.9,46.3,,,eligible,eligible_current_role,backup,,3.0,direct_component_blend,20260908_1821_receiving_yards_blend,2026-09-30T11:26:54+00:00,2026-09-30T11:27:07+00:00
2026,4,401872964,2026-10-01,20:15,00-0041261,Kevin Jobity Jr.,PIT,CLE,DL,tackles,1.2,0.0,4.7,0.5697857825768369,0.27930669440638006,eligible,eligible_current_role,backup,Active,3.0,direct,20260908_1821_tackles_direct,2026-09-30T11:26:54+00:00,2026-09-30T11:27:07+00:00
2026,4,401872964,2026-10-01,20:15,00-0041393,Daylen Everette,PIT,CLE,DB,tackles,2.2,0.0,6.1,0.8235746125959122,0.5782731491321276,eligible,eligible_current_role,backup,,2.0,direct,20260908_1821_tackles_direct,2026-09-30T11:26:54+00:00,2026-09-30T11:27:07+00:00
2026,4,401872964,2026-10-01,20:15,00-0041397,Kaden Wetjen,PIT,CLE,WR,rushing_yards,0.0,-14.8,20.6,,,eligible,eligible_current_role,backup,,6.0,direct_component_blend,20260908_1821_rushing_yards_blend,2026-09-30T11:26:54+00:00,2026-09-30T11:27:07+00:00
2026,4,401872964,2026-10-01,20:15,00-0041397,Kaden Wetjen,PIT,CLE,WR,receiving_yards,5.3,-17.3,45.9,,,eligible,eligible_current_role,backup,,6.0,direct_component_blend,20260908_1821_receiving_yards_blend,2026-09-30T11:26:54+00:00,2026-09-30T11:27:07+00:00
2026,4,401872964,2026-10-01,20:15,00-0041398,Riley Nowakowski,PIT,CLE,RB,rushing_yards,11.0,-19.3,53.5,,,eligible,eligible_current_role,starter,,1.0,direct_component_blend,20260908_1821_rushing_yards_blend,2026-09-30T11:26:54+00:00,2026-09-30T11:27:07+00:00
2026,4,401872964,2026-10-01,20:15,00-0041398,Riley Nowakowski,PIT,CLE,RB,receiving_yards,3.2,-19.4,43.8,,,eligible,eligible_current_role,starter,,1.0,direct_component_blend,20260908_1821_receiving_yards_blend,2026-09-30T11:26:54+00:00,2026-09-30T11:27:07+00:00
2026,4,401872964,2026-10-01,20:15,00-0041401,Robert Spears-Jennings,PIT,CLE,DB,tackles,2.2,0.0,6.1,0.8235746125959122,0.5782731491321276,eligible,eligible_current_role,backup,,2.0,direct,20260908_1821_tackles_direct,2026-09-30T11:26:54+00:00,2026-09-30T11:27:07+00:00
2026,4,401872964,2026-10-01,20:15,00-0041471,Emmanuel McNeil-Warren,CLE,PIT,DB,tackles,2.1,0.0,6.1,0.8219815710491176,0.5754802603578139,eligible,eligible_current_role,backup,,2.0,direct,20260908_1821_tackles_direct,2026-09-30T11:26:54+00:00,2026-09-30T11:27:07+00:00
2026,4,401872964,2026-10-01,20:15,00-0041489,Germie Bernard,PIT,CLE,WR,rushing_yards,0.0,-14.8,20.6,,,eligible,eligible_current_role,backup,,4.0,direct_component_blend,20260908_1821_rushing_yards_blend,2026-09-30T11:26:54+00:00,2026-09-30T11:27:07+00:00
2026,4,401872964,2026-10-01,20:15,00-0041489,Germie Bernard,PIT,CLE,WR,receiving_yards,5.5,-17.1,46.1,,,eligible,eligible_current_role,backup,,4.0,direct_component_blend,20260908_1821_receiving_yards_blend,2026-09-30T11:26:54+00:00,2026-09-30T11:27:07+00:00
2026,4,401872964,2026-10-01,20:15,00-0041490,Eli Heidenreich,PIT,CLE,RB,rushing_yards,10.6,-19.7,53.1,,,eligible,eligible_current_role,backup,Active,4.0,direct_component_blend,20260908_1821_rushing_yards_blend,2026-09-30T11:26:54+00:00,2026-09-30T11:27:07+00:00
2026,4,401872964,2026-10-01,20:15,00-0041490,Eli Heidenreich,PIT,CLE,RB,receiving_yards,3.0,-19.6,43.6,,,eligible,eligible_current_role,backup,Active,4.0,direct_component_blend,20260908_1821_receiving_yards_blend,2026-09-30T11:26:54+00:00,2026-09-30T11:27:07+00:00
2026,4,401872964,2026-10-01,20:15,00-0041547,KC Concepcion,CLE,PIT,WR,rushing_yards,0.8,-13.9,21.5,,,eligible,eligible_current_role,backup,Active,2.0,direct_component_blend,20260908_1821_rushing_yards_blend,2026-09-30T11:26:54+00:00,2026-09-30T11:27:07+00:00
2026,4,401872964,2026-10-01,20:15,00-0041547,KC Concepcion,CLE,PIT,WR,receiving_yards,9.9,-12.7,50.5,,,eligible,eligible_current_role,backup,Active,2.0,direct_component_blend,20260908_1821_receiving_yards_blend,2026-09-30T11:26:54+00:00,2026-09-30T11:27:07+00:00
2026,4,401872964,2026-10-01,20:15,00-0041565,Drew Allar,PIT,CLE,QB,rushing_yards,8.4,-9.2,33.1,,,eligible,eligible_current_role,backup,Active,4.0,direct_component_blend,20260908_1821_rushing_yards_blend,2026-09-30T11:26:54+00:00,2026-09-30T11:27:07+00:00
2026,4,401872965,2026-10-04,14:30,00-0026836,Kenneth Harris,IND,WSH,CB,tackles,1.9,0.0,5.9,0.7866979213491881,0.5168514684619683,eligible,eligible_current_role,recent_defensive_participant,,,direct,20260908_1821_tackles_direct,2026-09-30T11:26:54+00:00,2026-09-30T11:27:07+00:00
2026,4,401872965,2026-10-04,14:30,00-0030279,Keenan Allen,IND,WSH,WR,rushing_yards,0.0,-10.8,15.0,,,eligible,eligible_current_role,backup,Active,2.0,direct_component_blend,20260908_1821_rushing_yards_blend,2026-09-30T11:26:54+00:00,2026-09-30T11:27:07+00:00
2026,4,401872965,2026-10-04,14:30,00-0030279,Keenan Allen,IND,WSH,WR,receiving_yards,26.8,0.2,76.0,,,eligible,eligible_current_role,backup,Active,2.0,direct_component_blend,20260908_1821_receiving_yards_blend,2026-09-30T11:26:54+00:00,2026-09-30T11:27:07+00:00
2026,4,401872965,2026-10-04,14:30,00-0031588,Stefon Diggs,WSH,IND,WR,rushing_yards,0.0,-10.8,15.0,,,eligible,eligible_current_role,backup,Active,2.0,direct_component_blend,20260908_1821_rushing_yards_blend,2026-09-30T11:26:54+00:00,2026-09-30T11:27:07+00:00
2026,4,401872965,2026-10-04,14:30,00-0031588,Stefon Diggs,WSH,IND,WR,receiving_yards,40.7,14.0,89.9,,,eligible,eligible_current_role,backup,Active,2.0,direct_component_blend,20260908_1821_receiving_yards_blend,2026-09-30T11:26:54+00:00,2026-09-30T11:27:07+00:00
2026,4,401872965,2026-10-04,14:30,00-0032268,Marcus Mariota,WSH,IND,QB,rushing_yards,17.9,5.1,35.8,,,eligible,eligible_current_role,backup,Active,2.0,direct_component_blend,20260908_1821_rushing_yards_blend,2026-09-30T11:26:54+00:00,2026-09-30T11:27:07+00:00
2026,4,401872965,2026-10-04,14:30,00-0032378,DeForest Buckner,IND,WSH,DL,tackles,3.4,1.4,5.8,0.9232077332693545,0.7995600175993025,eligible,eligible_current_role,starter,,1.0,direct,20260908_1821_tackles_direct,2026-09-30T11:26:54+00:00,2026-09-30T11:27:07+00:00
2026,4,401872965,2026-10-04,14:30,00-0032951,Laquon Treadwell,IND,WSH,WR,rushing_yards,0.0,-10.8,15.0,,,eligible,eligible_current_role,backup,Active,4.0,direct_component_blend,20260908_1821_rushing_yards_blend,2026-09-30T11:26:54+00:00,2026-09-30T11:27:07+00:00
2026,4,401872965,2026-10-04,14:30,00-0032951,Laquon Treadwell,IND,WSH,WR,receiving_yards,3.4,-13.8,32.2,,,eligible,eligible_current_role,backup,Active,4.0,direct_component_blend,20260908_1821_receiving_yards_blend,2026-09-30T11:26:54+00:00,2026-09-30T11:27:07+00:00
2026,4,401872965,2026-10-04,14:30,00-0033217,Mo Alie-Cox,IND,WSH,TE,rushing_yards,0.0,-10.8,15.0,,,eligible,eligible_current_role,backup,,2.0,direct_component_blend,20260908_1821_rushing_yards_blend,2026-09-30T11:26:54+00:00,2026-09-30T11:27:07+00:00
2026,4,401872965,2026-10-04,14:30,00-0033217,Mo Alie-Cox,IND,WSH,TE,receiving_yards,10.1,-7.0,38.9,,,eligible,eligible_current_role,backup,,2.0,direct_component_blend,20260908_1821_receiving_yards_blend,2026-09-30T11:26:54+00:00,2026-09-30T11:27:07+00:00
2026,4,401872965,2026-10-04,14:30,00-0033551,Rasul Douglas,WSH,IND,DB,tackles,4.2,1.5,7.7,0.9630208169115058,0.8799164673799608,eligible,eligible_current_role,starter,,1.0,direct,20260908_1821_tackles_direct,2026-09-30T11:26:54+00:00,2026-09-30T11:27:07+00:00
2026,4,401872965,2026-10-04,14:30,00-0033699,Austin Ekeler,WSH,IND,RB,rushing_yards,23.7,1.7,54.6,,,eligible,eligible_current_role,backup,Active,4.0,direct_component_blend,20260908_1821_rushing_yards_blend,2026-09-30T11:26:54+00:00,2026-09-30T11:27:07+00:00
2026,4,401872965,2026-10-04,14:30,00-0033699,Austin Ekeler,WSH,IND,RB,receiving_yards,19.3,2.2,48.1,,,eligible,eligible_current_role,backup,Active,4.0,direct_component_blend,20260908_1821_receiving_yards_blend,2026-09-30T11:26:54+00:00,2026-09-30T11:27:07+00:00
2026,4,401872965,2026-10-04,14:30,00-0033918,Fabian Moreau,WSH,IND,DB,tackles,2.3,0.4,4.8,0.8440305297044902,0.6153974888896443,eligible,eligible_current_role,starter,,1.0,direct,20260908_1821_tackles_direct,2026-09-30T11:26:54+00:00,2026-09-30T11:27:07+00:00
2026,4,401872965,2026-10-04,14:30,00-0033952,Grover Stewart,IND,WSH,DL,tackles,2.7,0.7,5.2,0.8843674274255385,0.6977837596463394,eligible,eligible_current_role,starter,,1.0,direct,20260908_1821_tackles_direct,2026-09-30T11:26:54+00:00,2026-09-30T11:27:07+00:00
2026,4,401872965,2026-10-04,14:30,00-0034302,Frankie Luvu,WSH,IND,LB,tackles,4.9,1.9,8.9,0.9798600466374734,0.9259640354774178,eligible,questionable_flag,recent_defensive_participant,Questionable,,direct,20260908_1821_tackles_direct,2026-09-30T11:26:54+00:00,2026-09-30T11:27:07+00:00
2026,4,401872965,2026-10-04,14:30,00-0034333,Daron Payne,WSH,IND,DL,tackles,2.5,0.6,5.0,0.868896205981667,0.6645014850267279,eligible,eligible_current_role,starter,,1.0,direct,20260908_1821_tackles_direct,2026-09-30T11:26:54+00:00,2026-09-30T11:27:07+00:00
2026,4,401872965,2026-10-04,14:30,00-0034373,Dorance Armstrong,WSH,IND,LB,tackles,1.7,0.0,4.1,0.7551161279462303,0.47610045485834057,eligible,eligible_current_role,starter,Active,1.0,direct,20260908_1821_tackles_direct,2026-09-30T11:26:54+00:00,2026-09-30T11:27:07+00:00
2026,4,401872965,2026-10-04,14:30,00-0034397,Tim Settle,WSH,IND,DL,tackles,1.6,0.0,4.1,0.7535076592729784,0.47418576087333647,eligible,eligible_current_role,starter,,1.0,direct,20260908_1821_tackles_direct,2026-09-30T11:26:54+00:00,2026-09-30T11:27:07+00:00
2026,4,401872965,2026-10-04,14:30,00-0034465,Jeremy Reaves,WSH,IND,DB,tackles,4.6,2.4,7.3,0.9745144897368337,0.9095310307513915,eligible,eligible_current_role,starter,Active,1.0,direct,20260908_1821_tackles_direct,2026-09-30T11:26:54+00:00,2026-09-30T11:27:07+00:00
2026,4,401872965,2026-10-04,14:30,00-0034485,Jonathan Owens,IND,WSH,DB,tackles,1.0,0.0,3.4,0.5329750681796559,0.24634204238994023,eligible,eligible_current_role,backup,,2.0,direct,20260908_1821_tackles_direct,2026-09-30T11:26:54+00:00,2026-09-30T11:27:07+00:00
2026,4,401872965,2026-10-04,14:30,00-0034573,Charvarius Ward,IND,WSH,DB,tackles,4.2,1.5,7.7,0.9630213902480418,0.87991788185633,eligible,eligible_current_role,starter,Active,1.0,direct,20260908_1821_tackles_direct,2026-09-30T11:26:54+00:00,2026-09-30T11:27:07+00:00
2026,4,401872965,2026-10-04,14:30,00-0034780,Isaac Yiadom,WSH,IND,DB,tackles,1.0,0.0,3.4,0.5220066064469129,0.2375308694809725,eligible,eligible_current_role,backup,,2.0,direct,20260908_1821_tackles_direct,2026-09-30T11:26:54+00:00,2026-09-30T11:27:07+00:00
2026,4,401872965,2026-10-04,14:30,00-0034825,Arden Key,IND,WSH,DL,tackles,1.6,0.0,4.1,0.7527437877124172,0.47328039206610356,eligible,eligible_current_role,starter,,1.0,direct,20260908_1821_tackles_direct,2026-09-30T11:26:54+00:00,2026-09-30T11:27:07+00:00
2026,4,401872965,2026-10-04,14:30,00-0035021,Ashton Dulin,IND,WSH,WR,rushing_yards,0.4,-10.3,15.5,,,eligible,questionable_flag,backup,Questionable,5.0,direct_component_blend,20260908_1821_rushing_yards_blend,2026-09-30T11:26:54+00:00,2026-09-30T11:27:07+00:00
2026,4,401872965,2026-10-04,14:30,00-0035021,Ashton Dulin,IND,WSH,WR,receiving_yards,3.7,-13.5,32.5,,,eligible,questionable_flag,backup,Questionable,5.0,direct_component_blend,20260908_1821_receiving_yards_blend,2026-09-30T11:26:54+00:00,2026-09-30T11:27:07+00:00
2026,4,401872965,2026-10-04,14:30,00-0035279,Charles Omenihu,WSH,IND,DL,tackles,1.5,0.0,3.9,0.6918422660542748,0.40137936669333435,eligible,eligible_current_role,backup,Active,2.0,direct,20260908_1821_tackles_direct,2026-09-30T11:26:54+00:00,2026-09-30T11:27:07+00:00
2026,4,401872965,2026-10-04,14:30,00-0035409,Shy Tuttle,WSH,IND,DL,tackles,1.0,0.0,3.5,0.5392755011746384,0.2515149015659372,eligible,eligible_current_role,backup,,2.0,direct,20260908_1821_tackles_direct,2026-09-30T11:26:54+00:00,2026-09-30T11:27:07+00:00
2026,4,401872965,2026-10-04,14:30,00-0035535,Darius Slayton,IND,WSH,WR,rushing_yards,0.0,-10.8,15.0,,,eligible,eligible_current_role,backup,Active,3.0,direct_component_blend,20260908_1821_rushing_yards_blend,2026-09-30T11:26:54+00:00,2026-09-30T11:27:07+00:00
2026,4,401872965,2026-10-04,14:30,00-0035535,Darius Slayton,IND,WSH,WR,receiving_yards,31.5,4.9,80.7,,,eligible,eligible_current_role,backup,Active,3.0,direct_component_blend,20260908_1821_receiving_yards_blend,2026-09-30T11:26:54+00:00,2026-09-30T11:27:07+00:00
2026,4,401872965,2026-10-04,14:30,00-0035659,Terry McLaurin,WSH,IND,WR,rushing_yards,0.0,-10.8,15.0,,,eligible,eligible_current_role,starter,Active,1.0,direct_component_blend,20260908_1821_rushing_yards_blend,2026-09-30T11:26:54+00:00,2026-09-30T11:27:07+00:00
2026,4,401872965,2026-10-04,14:30,00-0035659,Terry McLaurin,WSH,IND,WR,receiving_yards,60.4,33.7,109.6,,,eligible,eligible_current_role,starter,Active,1.0,direct_component_blend,20260908_1821_receiving_yards_blend,2026-09-30T11:26:54+00:00,2026-09-30T11:27:07+00:00
2026,4,401872965,2026-10-04,14:30,00-0035674,Jerry Tillery,IND,WSH,DL,tackles,1.4,0.0,3.9,0.6750766126402712,0.38303899374149386,eligible,eligible_current_role,backup,,2.0,direct,20260908_1821_tackles_direct,2026-09-30T11:26:54+00:00,2026-09-30T11:27:07+00:00
2026,4,401872965,2026-10-04,14:30,00-0035710,Daniel Jones,IND,WSH,QB,passing_yards,207.7,114.2,313.9,,,eligible,eligible_current_role,starter,Active,1.0,direct_component_blend,20260908_1821_passing_yards_blend,2026-09-30T11:26:54+00:00,2026-09-30T11:27:07+00:00
2026,4,401872965,2026-10-04,14:30,00-0035710,Daniel Jones,IND,WSH,QB,passing_tds,1.193,,,0.6547619047619048,0.39285714285714285,eligible,eligible_current_role,starter,Active,1.0,direct_component_blend,20260908_1821_passing_tds_blend,2026-09-30T11:26:54+00:00,2026-09-30T11:27:07+00:00
2026,4,401872965,2026-10-04,14:30,00-0035710,Daniel Jones,IND,WSH,QB,rushing_yards,12.3,1.6,27.3,,,eligible,eligible_current_role,starter,Active,1.0,direct_component_blend,20260908_1821_rushing_yards_blend,2026-09-30T11:26:54+00:00,2026-09-30T11:27:07+00:00
2026,4,401872965,2026-10-04,14:30,00-0036032,Sean McKeon,IND,WSH,TE,rushing_yards,0.0,-10.7,15.0,,,eligible,questionable_flag,roster_only,,,direct_component_blend,20260908_1821_rushing_yards_blend,2026-09-30T11:26:54+00:00,2026-09-30T11:27:07+00:00
2026,4,401872965,2026-10-04,14:30,00-0036032,Sean McKeon,IND,WSH,TE,receiving_yards,2.3,-14.8,31.2,,,eligible,questionable_flag,roster_only,,,direct_component_blend,20260908_1821_receiving_yards_blend,2026-09-30T11:26:54+00:00,2026-09-30T11:27:07+00:00
2026,4,401872965,2026-10-04,14:30,00-0036182,Nick Westbrook-Ikhine,IND,WSH,WR,rushing_yards,0.0,-10.8,15.0,,,eligible,eligible_current_role,roster_only,,,direct_component_blend,20260908_1821_rushing_yards_blend,2026-09-30T11:26:54+00:00,2026-09-30T11:27:07+00:00
2026,4,401872965,2026-10-04,14:30,00-0036182,Nick Westbrook-Ikhine,IND,WSH,WR,receiving_yards,10.7,-6.4,39.5,,,eligible,eligible_current_role,roster_only,,,direct_component_blend,20260908_1821_receiving_yards_blend,2026-09-30T11:26:54+00:00,2026-09-30T11:27:07+00:00
2026,4,401872965,2026-10-04,14:30,00-0036223,Jonathan Taylor,IND,WSH,RB,rushing_yards,87.7,65.7,118.6,,,eligible,eligible_current_role,starter,Active,1.0,direct_component_blend,20260908_1821_rushing_yards_blend,2026-09-30T11:26:54+00:00,2026-09-30T11:27:07+00:00
2026,4,401872965,2026-10-04,14:30,00-0036223,Jonathan Taylor,IND,WSH,RB,receiving_yards,19.6,2.4,48.4,,,eligible,eligible_current_role,starter,Active,1.0,direct_component_blend,20260908_1821_receiving_yards_blend,2026-09-30T11:26:54+00:00,2026-09-30T11:27:07+00:00
2026,4,401872965,2026-10-04,14:30,00-0036260,Javon Kinlaw,WSH,IND,DL,tackles,2.7,0.7,5.2,0.8836980727818511,0.6962917534398456,eligible,eligible_current_role,starter,Active,1.0,direct,20260908_1821_tackles_direct,2026-09-30T11:26:54+00:00,2026-09-30T11:27:07+00:00
2026,4,401872965,2026-10-04,14:30,00-0036286,K'Lavon Chaisson,WSH,IND,LB,tackles,2.2,0.3,4.7,0.8329292674359029,0.5949527755597034,eligible,eligible_current_role,backup,,2.0,direct,20260908_1821_tackles_direct,2026-09-30T11:26:54+00:00,2026-09-30T11:27:07+00:00
2026,4,401872965,2026-10-04,14:30,00-0036298,Akeem Davis-Gaither,IND,WSH,LB,tackles,6.1,3.1,10.1,0.9832834875540413,0.9604762816201737,eligible,eligible_current_role,starter,Active,1.0,direct,20260908_1821_tackles_direct,2026-09-30T11:26:54+00:00,2026-09-30T11:27:07+00:00
2026,4,401872965,2026-10-04,14:30,00-0036375,Amik Robertson,WSH,IND,DB,tackles,2.8,0.9,5.3,0.8941565304701076,0.7211987630275414,eligible,eligible_current_role,starter,,1.0,direct,20260908_1821_tackles_direct,2026-09-30T11:26:54+00:00,2026-09-30T11:27:07+00:00
2026,4,401872965,2026-10-04,14:30,00-0036626,Dyami Brown,WSH,IND,WR,rushing_yards,0.3,-10.4,15.4,,,eligible,eligible_current_role,backup,,4.0,direct_component_blend,20260908_1821_rushing_yards_blend,2026-09-30T11:26:54+00:00,2026-09-30T11:27:07+00:00
2026,4,401872965,2026-10-04,14:30,00-0036626,Dyami Brown,WSH,IND,WR,receiving_yards,7.2,-10.0,36.0,,,eligible,eligible_current_role,backup,,4.0,direct_component_blend,20260908_1821_receiving_yards_blend,2026-09-30T11:26:54+00:00,2026-09-30T11:27:07+00:00
2026,4,401872965,2026-10-04,14:30,00-0036628,John Bates,WSH,IND,TE,rushing_yards,0.0,-10.8,14.9,,,eligible,eligible_current_role,backup,,3.0,direct_component_blend,20260908_1821_rushing_yards_blend,2026-09-30T11:26:54+00:00,2026-09-30T11:27:07+00:00
2026,4,401872965,2026-10-04,14:30,00-0036628,John Bates,WSH,IND,TE,receiving_yards,7.1,-10.1,35.9,,,eligible,eligible_current_role,backup,,3.0,direct_component_blend,20260908_1821_receiving_yards_blend,2026-09-30T11:26:54+00:00,2026-09-30T11:27:07+00:00
2026,4,401872965,2026-10-04,14:30,00-0036629,Camryn Bynum,IND,WSH,DB,tackles,5.2,2.5,8.6,0.9810190179228298,0.9369215398515585,eligible,eligible_current_role,starter,,1.0,direct,20260908_1821_tackles_direct,2026-09-30T11:26:54+00:00,2026-09-30T11:27:07+00:00
2026,4,401872965,2026-10-04,14:30,00-0036940,Odafe Oweh,WSH,IND,LB,tackles,1.9,0.0,4.5,0.7868231881305463,0.5170494301485233,eligible,eligible_current_role,starter,,1.0,direct,20260908_1821_tackles_direct,2026-09-30T11:26:54+00:00,2026-09-30T11:27:07+00:00
2026,4,401872965,2026-10-04,14:30,00-0037190,Sauce Gardner,IND,WSH,DB,tackles,3.2,0.5,6.7,0.9131542673638794,0.7730726966399583,eligible,eligible_current_role,starter,,1.0,direct,20260908_1821_tackles_direct,2026-09-30T11:26:54+00:00,2026-09-30T11:27:07+00:00
2026,4,401872965,2026-10-04,14:30,00-0037256,Rachaad White,WSH,IND,RB,rushing_yards,25.9,3.9,56.8,,,eligible,eligible_current_role,backup,Active,2.0,direct_component_blend,20260908_1821_rushing_yards_blend,2026-09-30T11:26:54+00:00,2026-09-30T11:27:07+00:00
2026,4,401872965,2026-10-04,14:30,00-0037256,Rachaad White,WSH,IND,RB,receiving_yards,10.9,-6.2,39.8,,,eligible,eligible_current_role,backup,Active,2.0,direct_component_blend,20260908_1821_receiving_yards_blend,2026-09-30T11:26:54+00:00,2026-09-30T11:27:07+00:00
2026,4,401872965,2026-10-04,14:30,00-0037292,Andrew Ogletree,IND,WSH,TE,rushing_yards,0.0,-10.8,15.0,,,eligible,eligible_current_role,backup,Active,3.0,direct_component_blend,20260908_1821_rushing_yards_blend,2026-09-30T11:26:54+00:00,2026-09-30T11:27:07+00:00
2026,4,401872965,2026-10-04,14:30,00-0037292,Andrew Ogletree,IND,WSH,TE,receiving_yards,4.1,-13.0,33.0,,,eligible,eligible_current_role,backup,Active,3.0,direct_component_blend,20260908_1821_receiving_yards_blend,2026-09-30T11:26:54+00:00,2026-09-30T11:27:07+00:00
2026,4,401872965,2026-10-04,14:30,00-0037742,Treylon Burks,WSH,IND,WR,rushing_yards,0.0,-10.7,15.0,,,eligible,eligible_current_role,backup,,5.0,direct_component_blend,20260908_1821_rushing_yards_blend,2026-09-30T11:26:54+00:00,2026-09-30T11:27:07+00:00
2026,4,401872965,2026-10-04,14:30,00-0037742,Treylon Burks,WSH,IND,WR,receiving_yards,21.2,4.0,50.0,,,eligible,eligible_current_role,backup,,5.0,direct_component_blend,20260908_1821_receiving_yards_blend,2026-09-30T11:26:54+00:00,2026-09-30T11:27:07+00:00
2026,4,401872965,2026-10-04,14:30,00-0037753,Cam Taylor-Britt,IND,WSH,DB,tackles,2.2,0.1,5.0,0.8326784511583117,0.5944991883992449,eligible,eligible_current_role,backup,Active,2.0,direct,20260908_1821_tackles_direct,2026-09-30T11:26:54+00:00,2026-09-30T11:27:07+00:00
2026,4,401872965,2026-10-04,14:30,00-0037809,Chig Okonkwo,WSH,IND,TE,rushing_yards,0.0,-10.8,14.9,,,eligible,questionable_flag,starter,Questionable,1.0,direct_component_blend,20260908_1821_rushing_yards_blend,2026-09-30T11:26:54+00:00,2026-09-30T11:27:07+00:00
2026,4,401872965,2026-10-04,14:30,00-0037809,Chig Okonkwo,WSH,IND,TE,receiving_yards,25.1,5.4,59.3,,,eligible,questionable_flag,starter,Questionable,1.0,direct_component_blend,20260908_1821_receiving_yards_blend,2026-09-30T11:26:54+00:00,2026-09-30T11:27:07+00:00
2026,4,401872965,2026-10-04,14:30,00-0038100,Percy Butler,WSH,IND,DB,tackles,0.8,0.0,3.3,0.4379432514412524,0.17263641738432045,eligible,questionable_flag,backup,Questionable,2.0,direct,20260908_1821_tackles_direct,2026-09-30T11:26:54+00:00,2026-09-30T11:27:07+00:00
2026,4,401872965,2026-10-04,14:30,00-0038997,Josh Downs,IND,WSH,WR,rushing_yards,0.0,-10.7,15.1,,,eligible,eligible_current_role,starter,Active,1.0,direct_component_blend,20260908_1821_rushing_yards_blend,2026-09-30T11:26:54+00:00,2026-09-30T11:27:07+00:00
2026,4,401872965,2026-10-04,14:30,00-0038997,Josh Downs,IND,WSH,WR,receiving_yards,44.4,17.8,93.6,,,eligible,eligible_current_role,starter,Active,1.0,direct_component_blend,20260908_1821_receiving_yards_blend,2026-09-30T11:26:54+00:00,2026-09-30T11:27:07+00:00
2026,4,401872965,2026-10-04,14:30,00-0039031,Adetomiwa Adebawore,IND,WSH,DL,tackles,1.8,0.0,4.3,0.7712166352219677,0.49590944607084486,eligible,eligible_current_role,backup,,2.0,direct,20260908_1821_tackles_direct,2026-09-30T11:26:54+00:00,2026-09-30T11:27:07+00:00
2026,4,401872965,2026-10-04,14:30,00-0039149,Quan Martin,WSH,IND,DB,tackles,3.5,0.8,7.0,0.9312275591593383,0.8136125359725973,eligible,eligible_current_role,backup,,2.0,direct,20260908_1821_tackles_direct,2026-09-30T11:26:54+00:00,2026-09-30T11:27:07+00:00
2026,4,401872965,2026-10-04,14:30,00-0039164,Anthony Richardson,IND,WSH,QB,rushing_yards,14.8,2.0,32.8,,,eligible,eligible_current_role,backup,Active,2.0,direct_component_blend,20260908_1821_rushing_yards_blend,2026-09-30T11:26:54+00:00,2026-09-30T11:27:07+00:00
2026,4,401872965,2026-10-04,14:30,00-0039178,Austin Ajiake,IND,WSH,LB,tackles,1.1,0.0,3.6,0.563724478654848,0.2735361944026118,eligible,eligible_current_role,backup,Active,2.0,direct,20260908_1821_tackles_direct,2026-09-30T11:26:54+00:00,2026-09-30T11:27:07+00:00
2026,4,401872965,2026-10-04,14:30,00-0039340,Laiatu Latu,IND,WSH,DL,tackles,2.3,0.4,4.8,0.8495872738049337,0.6260626530989556,eligible,eligible_current_role,starter,Active,1.0,direct,20260908_1821_tackles_direct,2026-09-30T11:26:54+00:00,2026-09-30T11:27:07+00:00
2026,4,401872965,2026-10-04,14:30,00-0039355,Luke McCaffrey,WSH,IND,WR,rushing_yards,0.0,-10.8,14.9,,,eligible,eligible_current_role,backup,,7.0,direct_component_blend,20260908_1821_rushing_yards_blend,2026-09-30T11:26:54+00:00,2026-09-30T11:27:07+00:00
2026,4,401872965,2026-10-04,14:30,00-0039355,Luke McCaffrey,WSH,IND,WR,receiving_yards,4.1,-13.1,32.9,,,eligible,eligible_current_role,backup,,7.0,direct_component_blend,20260908_1821_receiving_yards_blend,2026-09-30T11:26:54+00:00,2026-09-30T11:27:07+00:00
2026,4,401872965,2026-10-04,14:30,00-0039377,Jaylon Carlies,IND,WSH,LB,tackles,0.9,0.0,3.4,0.5088337015598601,0.22726685878809333,eligible,eligible_current_role,starter,,1.0,direct,20260908_1821_tackles_direct,2026-09-30T11:26:54+00:00,2026-09-30T11:27:07+00:00
2026,4,401872965,2026-10-04,14:30,00-0039412,Javontae Jean-Baptiste,WSH,IND,LB,tackles,1.7,0.0,4.1,0.7566302942890145,0.47791323180685097,eligible,eligible_current_role,backup,Active,3.0,direct,20260908_1821_tackles_direct,2026-09-30T11:26:54+00:00,2026-09-30T11:27:07+00:00
2026,4,401872965,2026-10-04,14:30,00-0039576,Spencer Shrader,IND,WSH,K,kicking_points,7.3,2.2,13.1,,,eligible,eligible_current_role,starter,Active,1.0,component,20260908_1821_kicking_points_component,2026-09-30T11:26:54+00:00,2026-09-30T11:27:07+00:00
2026,4,401872965,2026-10-04,14:30,00-0039681,Tyler Owens,WSH,IND,DB,tackles,0.7,0.0,3.2,0.4197438224296863,0.1486302426938669,eligible,eligible_current_role,backup,Active,2.0,direct,20260908_1821_tackles_direct,2026-09-30T11:26:54+00:00,2026-09-30T11:27:07+00:00
2026,4,401872965,2026-10-04,14:30,00-0039686,Colson Yankoff,WSH,IND,TE,rushing_yards,0.0,-10.8,14.9,,,eligible,eligible_current_role,backup,Active,4.0,direct_component_blend,20260908_1821_rushing_yards_blend,2026-09-30T11:26:54+00:00,2026-09-30T11:27:07+00:00
2026,4,401872965,2026-10-04,14:30,00-0039686,Colson Yankoff,WSH,IND,TE,receiving_yards,2.6,-14.6,31.4,,,eligible,eligible_current_role,backup,Active,4.0,direct_component_blend,20260908_1821_receiving_yards_blend,2026-09-30T11:26:54+00:00,2026-09-30T11:27:07+00:00
2026,4,401872965,2026-10-04,14:30,00-0039816,Anthony Gould,IND,WSH,WR,rushing_yards,0.0,-10.8,15.0,,,eligible,eligible_current_role,backup,Active,7.0,direct_component_blend,20260908_1821_rushing_yards_blend,2026-09-30T11:26:54+00:00,2026-09-30T11:27:07+00:00
2026,4,401872965,2026-10-04,14:30,00-0039816,Anthony Gould,IND,WSH,WR,receiving_yards,1.4,-15.7,30.2,,,eligible,eligible_current_role,backup,Active,7.0,direct_component_blend,20260908_1821_receiving_yards_blend,2026-09-30T11:26:54+00:00,2026-09-30T11:27:07+00:00
2026,4,401872965,2026-10-04,14:30,00-0039898,Mike Sainristil,WSH,IND,DB,tackles,4.1,1.4,7.6,0.9581215772409164,0.8680218769851857,eligible,eligible_current_role,backup,,2.0,direct,20260908_1821_tackles_direct,2026-09-30T11:26:54+00:00,2026-09-30T11:27:07+00:00
2026,4,401872965,2026-10-04,14:30,00-0039910,Jayden Daniels,WSH,IND,QB,passing_yards,182.5,89.0,288.7,,,eligible,questionable_flag,starter,Questionable,1.0,direct_component_blend,20260908_1821_passing_yards_blend,2026-09-30T11:26:54+00:00,2026-09-30T11:27:07+00:00
2026,4,401872965,2026-10-04,14:30,00-0039910,Jayden Daniels,WSH,IND,QB,passing_tds,1.282,,,0.7001813744396851,0.39285714285714285,eligible,questionable_flag,starter,Questionable,1.0,direct_component_blend,20260908_1821_passing_tds_blend,2026-09-30T11:26:54+00:00,2026-09-30T11:27:07+00:00
2026,4,401872965,2026-10-04,14:30,00-0039910,Jayden Daniels,WSH,IND,QB,rushing_yards,33.3,20.5,51.3,,,eligible,questionable_flag,starter,Questionable,1.0,direct_component_blend,20260908_1821_rushing_yards_blend,2026-09-30T11:26:54+00:00,2026-09-30T11:27:07+00:00
2026,4,401872965,2026-10-04,14:30,00-0039912,Ben Sinnott,WSH,IND,TE,rushing_yards,0.0,-10.8,14.9,,,eligible,eligible_current_role,backup,,2.0,direct_component_blend,20260908_1821_rushing_yards_blend,2026-09-30T11:26:54+00:00,2026-09-30T11:27:07+00:00
2026,4,401872965,2026-10-04,14:30,00-0039912,Ben Sinnott,WSH,IND,TE,receiving_yards,12.6,-4.5,41.4,,,eligible,eligible_current_role,backup,,2.0,direct_component_blend,20260908_1821_receiving_yards_blend,2026-09-30T11:26:54+00:00,2026-09-30T11:27:07+00:00
2026,4,401872965,2026-10-04,14:30,00-0040128,Tyler Warren,IND,WSH,TE,rushing_yards,0.5,-10.2,15.6,,,eligible,eligible_current_role,starter,Active,1.0,direct_component_blend,20260908_1821_rushing_yards_blend,2026-09-30T11:26:54+00:00,2026-09-30T11:27:07+00:00
2026,4,401872965,2026-10-04,14:30,00-0040128,Tyler Warren,IND,WSH,TE,receiving_yards,39.0,19.3,73.2,,,eligible,eligible_current_role,starter,Active,1.0,direct_component_blend,20260908_1821_receiving_yards_blend,2026-09-30T11:26:54+00:00,2026-09-30T11:27:07+00:00
2026,4,401872965,2026-10-04,14:30,00-0040139,Justin Walley,IND,WSH,DB,tackles,2.9,0.1,6.8,0.9010808396684414,0.7394188731596741,eligible,eligible_current_role,starter,,1.0,direct,20260908_1821_tackles_direct,2026-09-30T11:26:54+00:00,2026-09-30T11:27:07+00:00
2026,4,401872965,2026-10-04,14:30,00-0040164,Jaylin Lane,WSH,IND,WR,rushing_yards,0.0,-10.8,14.9,,,eligible,eligible_current_role,backup,Active,6.0,direct_component_blend,20260908_1821_rushing_yards_blend,2026-09-30T11:26:54+00:00,2026-09-30T11:27:07+00:00
2026,4,401872965,2026-10-04,14:30,00-0040164,Jaylin Lane,WSH,IND,WR,receiving_yards,3.6,-13.6,32.4,,,eligible,eligible_current_role,backup,Active,6.0,direct_component_blend,20260908_1821_receiving_yards_blend,2026-09-30T11:26:54+00:00,2026-09-30T11:27:07+00:00
2026,4,401872965,2026-10-04,14:30,00-0040179,DJ Giddens,IND,WSH,RB,rushing_yards,11.5,0.8,26.6,,,eligible,eligible_current_role,backup,Active,3.0,direct_component_blend,20260908_1821_rushing_yards_blend,2026-09-30T11:26:54+00:00,2026-09-30T11:27:07+00:00
2026,4,401872965,2026-10-04,14:30,00-0040179,DJ Giddens,IND,WSH,RB,receiving_yards,1.0,-16.2,29.8,,,eligible,eligible_current_role,backup,Active,3.0,direct_component_blend,20260908_1821_receiving_yards_blend,2026-09-30T11:26:54+00:00,2026-09-30T11:27:07+00:00
2026,4,401872965,2026-10-04,14:30,00-0040206,Riley Leonard,IND,WSH,QB,rushing_yards,1.4,-9.3,16.5,,,eligible,eligible_current_role,backup,Active,3.0,direct_component_blend,20260908_1821_rushing_yards_blend,2026-09-30T11:26:54+00:00,2026-09-30T11:27:07+00:00
2026,4,401872965,2026-10-04,14:30,00-0040207,Tim Smith,IND,WSH,DL,tackles,1.0,0.0,4.5,0.5502882895449204,0.2611489472295504,eligible,eligible_current_role,backup,,3.0,direct,20260908_1821_tackles_direct,2026-09-30T11:26:54+00:00,2026-09-30T11:27:07+00:00
2026,4,401872965,2026-10-04,14:30,00-0040216,Kain Medrano,WSH,IND,LB,tackles,0.6,0.0,3.1,0.39088263821532493,0.11445198836081474,eligible,eligible_current_role,recent_defensive_participant,,,direct,20260908_1821_tackles_direct,2026-09-30T11:26:54+00:00,2026-09-30T11:27:07+00:00
2026,4,401872965,2026-10-04,14:30,00-0040235,Hunter Wohler,IND,WSH,DB,tackles,1.5,0.0,5.4,0.7253720104854474,0.4399436381418851,eligible,eligible_current_role,backup,,2.0,direct,20260908_1821_tackles_direct,2026-09-30T11:26:54+00:00,2026-09-30T11:27:07+00:00
2026,4,401872965,2026-10-04,14:30,00-0040242,Jacory Croskey-Merritt,WSH,IND,RB,rushing_yards,55.4,33.4,86.3,,,eligible,eligible_current_role,starter,Active,1.0,direct_component_blend,20260908_1821_rushing_yards_blend,2026-09-30T11:26:54+00:00,2026-09-30T11:27:07+00:00
2026,4,401872965,2026-10-04,14:30,00-0040242,Jacory Croskey-Merritt,WSH,IND,RB,receiving_yards,5.1,-12.1,33.9,,,eligible,eligible_current_role,starter,Active,1.0,direct_component_blend,20260908_1821_receiving_yards_blend,2026-09-30T11:26:54+00:00,2026-09-30T11:27:07+00:00
2026,4,401872965,2026-10-04,14:30,00-0040318,Ale Kaho,WSH,IND,LB,tackles,0.6,0.0,3.3,0.39088263821532493,0.11445198836081474,eligible,eligible_current_role,recent_defensive_participant,,,direct,20260908_1821_tackles_direct,2026-09-30T11:26:54+00:00,2026-09-30T11:27:07+00:00
2026,4,401872965,2026-10-04,14:30,00-0040352,Coleman Owen,IND,WSH,WR,rushing_yards,0.1,-11.7,16.6,,,eligible,eligible_current_role,roster_only,,,direct_component_blend,20260908_1821_rushing_yards_blend,2026-09-30T11:26:54+00:00,2026-09-30T11:27:07+00:00
2026,4,401872965,2026-10-04,14:30,00-0040352,Coleman Owen,IND,WSH,WR,receiving_yards,1.4,-17.2,33.4,,,eligible,eligible_current_role,roster_only,,,direct_component_blend,20260908_1821_receiving_yards_blend,2026-09-30T11:26:54+00:00,2026-09-30T11:27:07+00:00
2026,4,401872965,2026-10-04,14:30,00-0040552,Joshua Simon,WSH,IND,TE,rushing_yards,0.0,-14.8,20.6,,,eligible,eligible_current_role,roster_only,,,direct_component_blend,20260908_1821_rushing_yards_blend,2026-09-30T11:26:54+00:00,2026-09-30T11:27:07+00:00
2026,4,401872965,2026-10-04,14:30,00-0040552,Joshua Simon,WSH,IND,TE,receiving_yards,4.2,-18.4,44.8,,,eligible,eligible_current_role,roster_only,,,direct_component_blend,20260908_1821_receiving_yards_blend,2026-09-30T11:26:54+00:00,2026-09-30T11:27:07+00:00
2026,4,401872965,2026-10-04,14:30,00-0040744,Jaylahn Tuimoloau,IND,WSH,DL,tackles,0.8,0.0,3.3,0.44684967430209244,0.18332587626754462,eligible,eligible_current_role,backup,,2.0,direct,20260908_1821_tackles_direct,2026-09-30T11:26:54+00:00,2026-09-30T11:27:07+00:00
2026,4,401872965,2026-10-04,14:30,00-0040928,Kapena Gushiken,IND,WSH,DB,tackles,2.2,0.0,6.1,0.8273865542367436,0.5850116636207848,eligible,eligible_current_role,backup,,2.0,direct,20260908_1821_tackles_direct,2026-09-30T11:26:54+00:00,2026-09-30T11:27:07+00:00
2026,4,401872965,2026-10-04,14:30,00-0041028,Sonny Styles,WSH,IND,LB,tackles,1.3,0.0,4.9,0.6360615505902003,0.34259760701826514,eligible,eligible_current_role,recent_defensive_participant,,,direct,20260908_1821_tackles_direct,2026-09-30T11:26:54+00:00,2026-09-30T11:27:07+00:00
2026,4,401872965,2026-10-04,14:30,00-0041039,CJ Allen,IND,WSH,LB,tackles,1.6,0.0,5.1,0.738740389195915,0.4560665220602478,eligible,eligible_current_role,backup,,2.0,direct,20260908_1821_tackles_direct,2026-09-30T11:26:54+00:00,2026-09-30T11:27:07+00:00
2026,4,401872965,2026-10-04,14:30,00-0041040,Antonio Williams,WSH,IND,WR,rushing_yards,0.0,-14.8,20.6,,,eligible,eligible_current_role,backup,Active,3.0,direct_component_blend,20260908_1821_rushing_yards_blend,2026-09-30T11:26:54+00:00,2026-09-30T11:27:07+00:00
2026,4,401872965,2026-10-04,14:30,00-0041040,Antonio Williams,WSH,IND,WR,receiving_yards,7.3,-15.3,47.9,,,eligible,eligible_current_role,backup,Active,3.0,direct_component_blend,20260908_1821_receiving_yards_blend,2026-09-30T11:26:54+00:00,2026-09-30T11:27:07+00:00
2026,4,401872965,2026-10-04,14:30,00-0041043,A.J. Haulcy,IND,WSH,DB,tackles,3.0,0.2,6.9,0.90665577070495,0.7546377856414147,eligible,eligible_current_role,starter,Active,1.0,direct,20260908_1821_tackles_direct,2026-09-30T11:26:54+00:00,2026-09-30T11:27:07+00:00
2026,4,401872965,2026-10-04,14:30,00-0041074,Joshua Josephs,WSH,IND,LB,tackles,1.7,0.0,5.2,0.7563629909240319,0.4775924801190214,eligible,eligible_current_role,backup,,2.0,direct,20260908_1821_tackles_direct,2026-09-30T11:26:54+00:00,2026-09-30T11:27:07+00:00
2026,4,401872965,2026-10-04,14:30,00-0041080,George Gumbs Jr.,IND,WSH,DL,tackles,1.2,0.0,4.7,0.5686363220969608,0.27820347258159583,eligible,eligible_current_role,backup,Active,3.0,direct,20260908_1821_tackles_direct,2026-09-30T11:26:54+00:00,2026-09-30T11:27:07+00:00
2026,4,401872965,2026-10-04,14:30,00-0041096,Kaytron Allen,WSH,IND,RB,rushing_yards,11.0,-19.3,53.5,,,eligible,eligible_current_role,backup,Active,3.0,direct_component_blend,20260908_1821_rushing_yards_blend,2026-09-30T11:26:54+00:00,2026-09-30T11:27:07+00:00
2026,4,401872965,2026-10-04,14:30,00-0041096,Kaytron Allen,WSH,IND,RB,receiving_yards,3.0,-19.7,43.6,,,eligible,eligible_current_role,backup,Active,3.0,direct_component_blend,20260908_1821_receiving_yards_blend,2026-09-30T11:26:54+00:00,2026-09-30T11:27:07+00:00
2026,4,401872965,2026-10-04,14:30,00-0041111,Caden Curry,IND,WSH,DL,tackles,1.2,0.0,4.7,0.5701352671368294,0.2796429536621189,eligible,eligible_current_role,backup,,2.0,direct,20260908_1821_tackles_direct,2026-09-30T11:26:54+00:00,2026-09-30T11:27:07+00:00
2026,4,401872965,2026-10-04,14:30,00-0041117,Athan Kaliakmanis,WSH,IND,QB,rushing_yards,8.4,-9.2,33.1,,,eligible,eligible_current_role,backup,,3.0,direct_component_blend,20260908_1821_rushing_yards_blend,2026-09-30T11:26:54+00:00,2026-09-30T11:27:07+00:00
2026,4,401872965,2026-10-04,14:30,00-0041125,Seth McGowan,IND,WSH,RB,rushing_yards,14.2,-16.0,56.7,,,eligible,eligible_current_role,backup,Active,2.0,direct_component_blend,20260908_1821_rushing_yards_blend,2026-09-30T11:26:54+00:00,2026-09-30T11:27:07+00:00
2026,4,401872965,2026-10-04,14:30,00-0041125,Seth McGowan,IND,WSH,RB,receiving_yards,3.0,-19.6,43.6,,,eligible,eligible_current_role,backup,Active,2.0,direct_component_blend,20260908_1821_receiving_yards_blend,2026-09-30T11:26:54+00:00,2026-09-30T11:27:07+00:00
2026,4,401872965,2026-10-04,14:30,00-0041132,Deion Burks,IND,WSH,WR,rushing_yards,1.8,-12.9,22.5,,,eligible,eligible_current_role,backup,,6.0,direct_component_blend,20260908_1821_rushing_yards_blend,2026-09-30T11:26:54+00:00,2026-09-30T11:27:07+00:00
2026,4,401872965,2026-10-04,14:30,00-0041132,Deion Burks,IND,WSH,WR,receiving_yards,6.0,-16.6,46.6,,,eligible,eligible_current_role,backup,,6.0,direct_component_blend,20260908_1821_receiving_yards_blend,2026-09-30T11:26:54+00:00,2026-09-30T11:27:07+00:00
2026,4,401872965,2026-10-04,14:30,00-0041182,Drew Stevens,WSH,IND,K,kicking_points,7.2,0.7,14.7,,,eligible,eligible_current_role,starter,Active,1.0,component,20260908_1821_kicking_points_component,2026-09-30T11:26:54+00:00,2026-09-30T11:27:07+00:00
2026,4,401872965,2026-10-04,14:30,00-0041227,Tahj Chambers,IND,WSH,LB,tackles,1.6,0.0,5.1,0.738740389195915,0.4560665220602478,eligible,eligible_current_role,backup,,2.0,direct,20260908_1821_tackles_direct,2026-09-30T11:26:54+00:00,2026-09-30T11:27:07+00:00
2026,4,401872965,2026-10-04,14:30,00-0041518,Bryce Boettcher,IND,WSH,LB,tackles,2.1,0.0,5.6,0.8085036300513551,0.5523769078571724,eligible,eligible_current_role,starter,,1.0,direct,20260908_1821_tackles_direct,2026-09-30T11:26:54+00:00,2026-09-30T11:27:07+00:00
2026,4,401872966,2026-10-04,13:00,00-0031235,Odell Beckham Jr.,NYG,ARI,WR,rushing_yards,0.0,-14.8,20.6,,,eligible,eligible_current_role,roster_only,,,direct_component_blend,20260908_1821_rushing_yards_blend,2026-09-30T11:26:54+00:00,2026-09-30T11:27:07+00:00
2026,4,401872966,2026-10-04,13:00,00-0031235,Odell Beckham Jr.,NYG,ARI,WR,receiving_yards,6.5,-16.1,47.1,,,eligible,eligible_current_role,roster_only,,,direct_component_blend,20260908_1821_receiving_yards_blend,2026-09-30T11:26:54+00:00,2026-09-30T11:27:07+00:00
2026,4,401872966,2026-10-04,13:00,00-0031270,Shelby Harris,NYG,ARI,DL,tackles,2.3,0.2,5.1,0.8407026677254488,0.6091915820977172,eligible,eligible_current_role,starter,Active,1.0,direct,20260908_1821_tackles_direct,2026-09-30T11:26:54+00:00,2026-09-30T11:27:07+00:00
2026,4,401872966,2026-10-04,13:00,00-0031484,Chris Manhertz,NYG,ARI,TE,rushing_yards,0.0,-10.8,14.9,,,eligible,eligible_current_role,backup,,3.0,direct_component_blend,20260908_1821_rushing_yards_blend,2026-09-30T11:26:54+00:00,2026-09-30T11:27:07+00:00
2026,4,401872966,2026-10-04,13:00,00-0031484,Chris Manhertz,NYG,ARI,TE,receiving_yards,5.6,-11.6,34.4,,,eligible,eligible_current_role,backup,,3.0,direct_component_blend,20260908_1821_receiving_yards_blend,2026-09-30T11:26:54+00:00,2026-09-30T11:27:07+00:00
2026,4,401872966,2026-10-04,13:00,00-0031503,Jameis Winston,NYG,ARI,QB,passing_yards,202.5,109.1,308.8,,,eligible,eligible_current_role,starter,Active,1.0,direct_component_blend,20260908_1821_passing_yards_blend,2026-09-30T11:26:54+00:00,2026-09-30T11:27:07+00:00
2026,4,401872966,2026-10-04,13:00,00-0031503,Jameis Winston,NYG,ARI,QB,passing_tds,1.015,,,0.6547619047619048,0.29720808986441666,eligible,eligible_current_role,starter,Active,1.0,direct_component_blend,20260908_1821_passing_tds_blend,2026-09-30T11:26:54+00:00,2026-09-30T11:27:07+00:00
2026,4,401872966,2026-10-04,13:00,00-0031503,Jameis Winston,NYG,ARI,QB,rushing_yards,7.6,-5.2,25.5,,,eligible,eligible_current_role,starter,Active,1.0,direct_component_blend,20260908_1821_rushing_yards_blend,2026-09-30T11:26:54+00:00,2026-09-30T11:27:07+00:00
2026,4,401872966,2026-10-04,13:00,00-0032424,DJ Reader,NYG,ARI,DL,tackles,1.9,0.0,4.4,0.7786759500846322,0.5055059474565544,eligible,eligible_current_role,starter,,1.0,direct,20260908_1821_tackles_direct,2026-09-30T11:26:54+00:00,2026-09-30T11:27:07+00:00
2026,4,401872966,2026-10-04,13:00,00-0033066,Andrew Billings,ARI,NYG,DL,tackles,1.5,0.0,4.0,0.7074412194744779,0.4189978219357162,eligible,eligible_current_role,backup,Active,2.0,direct,20260908_1821_tackles_direct,2026-09-30T11:26:54+00:00,2026-09-30T11:27:07+00:00
2026,4,401872966,2026-10-04,13:00,00-0033119,Jacoby Brissett,ARI,NYG,QB,passing_yards,207.9,114.4,314.1,,,eligible,eligible_current_role,starter,Active,1.0,direct_component_blend,20260908_1821_passing_yards_blend,2026-09-30T11:26:54+00:00,2026-09-30T11:27:07+00:00
2026,4,401872966,2026-10-04,13:00,00-0033119,Jacoby Brissett,ARI,NYG,QB,passing_tds,1.188,,,0.6547619047619048,0.39285714285714285,eligible,eligible_current_role,starter,Active,1.0,direct_component_blend,20260908_1821_passing_tds_blend,2026-09-30T11:26:54+00:00,2026-09-30T11:27:07+00:00
2026,4,401872966,2026-10-04,13:00,00-0033119,Jacoby Brissett,ARI,NYG,QB,rushing_yards,7.4,-3.3,22.5,,,eligible,eligible_current_role,starter,Active,1.0,direct_component_blend,20260908_1821_rushing_yards_blend,2026-09-30T11:26:54+00:00,2026-09-30T11:27:07+00:00
2026,4,401872966,2026-10-04,13:00,00-0033307,Kendrick Bourne,ARI,NYG,WR,rushing_yards,0.0,-10.8,15.0,,,eligible,eligible_current_role,backup,Active,3.0,direct_component_blend,20260908_1821_rushing_yards_blend,2026-09-30T11:26:54+00:00,2026-09-30T11:27:07+00:00
2026,4,401872966,2026-10-04,13:00,00-0033307,Kendrick Bourne,ARI,NYG,WR,receiving_yards,18.6,1.5,47.4,,,eligible,eligible_current_role,backup,Active,3.0,direct_component_blend,20260908_1821_receiving_yards_blend,2026-09-30T11:26:54+00:00,2026-09-30T11:27:07+00:00
2026,4,401872966,2026-10-04,13:00,00-0033347,Josh Tupou,NYG,ARI,DL,tackles,1.5,0.0,3.9,0.7041950305026901,0.41528608526879557,eligible,eligible_current_role,backup,Active,3.0,direct,20260908_1821_tackles_direct,2026-09-30T11:26:54+00:00,2026-09-30T11:27:07+00:00
2026,4,401872966,2026-10-04,13:00,00-0033376,Patrick Ricard,NYG,ARI,RB,rushing_yards,2.2,-8.5,17.2,,,eligible,eligible_current_role,starter,,1.0,direct_component_blend,20260908_1821_rushing_yards_blend,2026-09-30T11:26:54+00:00,2026-09-30T11:27:07+00:00
2026,4,401872966,2026-10-04,13:00,00-0033376,Patrick Ricard,NYG,ARI,RB,receiving_yards,5.2,-12.0,34.0,,,eligible,eligible_current_role,starter,,1.0,direct_component_blend,20260908_1821_receiving_yards_blend,2026-09-30T11:26:54+00:00,2026-09-30T11:27:07+00:00
2026,4,401872966,2026-10-04,13:00,00-0033890,Budda Baker,ARI,NYG,DB,tackles,6.9,4.4,10.6,0.983495145631068,0.9631067961165048,eligible,eligible_current_role,starter,Active,1.0,direct,20260908_1821_tackles_direct,2026-09-30T11:26:54+00:00,2026-09-30T11:27:07+00:00
2026,4,401872966,2026-10-04,13:00,00-0034248,Elijah Campbell,NYG,ARI,DB,tackles,0.9,0.0,3.3,0.47064990178069827,0.1993811852361176,eligible,eligible_current_role,backup,,3.0,direct,20260908_1821_tackles_direct,2026-09-30T11:26:54+00:00,2026-09-30T11:27:07+00:00
2026,4,401872966,2026-10-04,13:00,00-0034381,Josh Sweat,ARI,NYG,LB,tackles,1.6,0.0,4.0,0.7301262424568769,0.44562667327500394,eligible,eligible_current_role,starter,,1.0,direct,20260908_1821_tackles_direct,2026-09-30T11:26:54+00:00,2026-09-30T11:27:07+00:00
2026,4,401872966,2026-10-04,13:00,00-0034419,Braxton Berrios,NYG,ARI,WR,rushing_yards,0.0,-10.7,15.0,,,eligible,eligible_current_role,backup,Active,4.0,direct_component_blend,20260908_1821_rushing_yards_blend,2026-09-30T11:26:54+00:00,2026-09-30T11:27:07+00:00
2026,4,401872966,2026-10-04,13:00,00-0034419,Braxton Berrios,NYG,ARI,WR,receiving_yards,3.6,-13.6,32.4,,,eligible,eligible_current_role,backup,Active,4.0,direct_component_blend,20260908_1821_receiving_yards_blend,2026-09-30T11:26:54+00:00,2026-09-30T11:27:07+00:00
2026,4,401872966,2026-10-04,13:00,00-0034673,Tremaine Edmunds,NYG,ARI,LB,tackles,6.7,3.8,10.8,0.983495145631068,0.9631067961165048,eligible,eligible_current_role,recent_defensive_participant,Active,,direct,20260908_1821_tackles_direct,2026-09-30T11:26:54+00:00,2026-09-30T11:27:07+00:00
2026,4,401872966,2026-10-04,13:00,00-0035144,Mack Wilson,ARI,NYG,LB,tackles,6.2,3.2,10.2,0.9833950188551537,0.9617478470502645,eligible,eligible_current_role,starter,Active,1.0,direct,20260908_1821_tackles_direct,2026-09-30T11:26:54+00:00,2026-09-30T11:27:07+00:00
2026,4,401872966,2026-10-04,13:00,00-0035250,Devin Singletary,NYG,ARI,RB,rushing_yards,26.5,4.5,57.4,,,eligible,eligible_current_role,backup,Active,4.0,direct_component_blend,20260908_1821_rushing_yards_blend,2026-09-30T11:26:54+00:00,2026-09-30T11:27:07+00:00
2026,4,401872966,2026-10-04,13:00,00-0035250,Devin Singletary,NYG,ARI,RB,receiving_yards,8.6,-8.6,37.4,,,eligible,eligible_current_role,backup,Active,4.0,direct_component_blend,20260908_1821_receiving_yards_blend,2026-09-30T11:26:54+00:00,2026-09-30T11:27:07+00:00
2026,4,401872966,2026-10-04,13:00,00-0035289,Gardner Minshew,ARI,NYG,QB,rushing_yards,6.2,-4.5,21.3,,,eligible,eligible_current_role,backup,,2.0,direct_component_blend,20260908_1821_rushing_yards_blend,2026-09-30T11:26:54+00:00,2026-09-30T11:27:07+00:00
2026,4,401872966,2026-10-04,13:00,00-0035378,Andrew Wingard,ARI,NYG,DB,tackles,5.1,2.4,8.5,0.9806544625359178,0.9334136765443174,eligible,eligible_current_role,starter,,1.0,direct,20260908_1821_tackles_direct,2026-09-30T11:26:54+00:00,2026-09-30T11:27:07+00:00
2026,4,401872966,2026-10-04,13:00,00-0035636,L.J. Collier,ARI,NYG,DL,tackles,1.5,0.0,4.0,0.7062610827246064,0.41764564466304854,eligible,eligible_current_role,backup,,2.0,direct,20260908_1821_tackles_direct,2026-09-30T11:26:54+00:00,2026-09-30T11:27:07+00:00
2026,4,401872966,2026-10-04,13:00,00-0036309,Darnell Mooney,NYG,ARI,WR,rushing_yards,0.5,-10.2,15.5,,,eligible,eligible_current_role,backup,Active,3.0,direct_component_blend,20260908_1821_rushing_yards_blend,2026-09-30T11:26:54+00:00,2026-09-30T11:27:07+00:00
2026,4,401872966,2026-10-04,13:00,00-0036309,Darnell Mooney,NYG,ARI,WR,receiving_yards,25.4,8.3,54.2,,,eligible,eligible_current_role,backup,Active,3.0,direct_component_blend,20260908_1821_receiving_yards_blend,2026-09-30T11:26:54+00:00,2026-09-30T11:27:07+00:00
2026,4,401872966,2026-10-04,13:00,00-0036331,Devin Duvernay,ARI,NYG,WR,rushing_yards,0.1,-10.6,15.1,,,eligible,eligible_current_role,backup,,6.0,direct_component_blend,20260908_1821_rushing_yards_blend,2026-09-30T11:26:54+00:00,2026-09-30T11:27:07+00:00
2026,4,401872966,2026-10-04,13:00,00-0036331,Devin Duvernay,ARI,NYG,WR,receiving_yards,4.9,-12.3,33.7,,,eligible,eligible_current_role,backup,,6.0,direct_component_blend,20260908_1821_receiving_yards_blend,2026-09-30T11:26:54+00:00,2026-09-30T11:27:07+00:00
2026,4,401872966,2026-10-04,13:00,00-0036502,Jason Pinnock,NYG,ARI,DB,tackles,1.8,0.0,4.3,0.7697654238927825,0.49407429989595025,eligible,eligible_current_role,backup,,2.0,direct,20260908_1821_tackles_direct,2026-09-30T11:26:54+00:00,2026-09-30T11:27:07+00:00
2026,4,401872966,2026-10-04,13:00,00-0036568,Roy Lopez,ARI,NYG,DL,tackles,2.1,0.2,4.6,0.8218170482541975,0.575192591819034,eligible,eligible_current_role,starter,Active,1.0,direct,20260908_1821_tackles_direct,2026-09-30T11:26:54+00:00,2026-09-30T11:27:07+00:00
2026,4,401872966,2026-10-04,13:00,00-0036587,Ar'Darius Washington,NYG,ARI,DB,tackles,1.5,0.0,4.0,0.7283671997236418,0.44351751690871344,eligible,eligible_current_role,backup,Active,2.0,direct,20260908_1821_tackles_direct,2026-09-30T11:26:54+00:00,2026-09-30T11:27:07+00:00
2026,4,401872966,2026-10-04,13:00,00-0036646,Simi Fehoko,ARI,NYG,WR,rushing_yards,0.0,-10.7,15.1,,,eligible,eligible_current_role,backup,,5.0,direct_component_blend,20260908_1821_rushing_yards_blend,2026-09-30T11:26:54+00:00,2026-09-30T11:27:07+00:00
2026,4,401872966,2026-10-04,13:00,00-0036646,Simi Fehoko,ARI,NYG,WR,receiving_yards,5.3,-11.9,34.1,,,eligible,eligible_current_role,backup,,5.0,direct_component_blend,20260908_1821_receiving_yards_blend,2026-09-30T11:26:54+00:00,2026-09-30T11:27:07+00:00
2026,4,401872966,2026-10-04,13:00,00-0036893,Najee Harris,NYG,ARI,RB,rushing_yards,28.0,6.0,58.9,,,eligible,eligible_current_role,backup,Active,2.0,direct_component_blend,20260908_1821_rushing_yards_blend,2026-09-30T11:26:54+00:00,2026-09-30T11:27:07+00:00
2026,4,401872966,2026-10-04,13:00,00-0036893,Najee Harris,NYG,ARI,RB,receiving_yards,6.5,-10.7,35.3,,,eligible,eligible_current_role,backup,Active,2.0,direct_component_blend,20260908_1821_receiving_yards_blend,2026-09-30T11:26:54+00:00,2026-09-30T11:27:07+00:00
2026,4,401872966,2026-10-04,13:00,00-0036933,Zaven Collins,ARI,NYG,LB,tackles,2.8,0.9,5.3,0.894302642129998,0.721575948124552,eligible,eligible_current_role,starter,,1.0,direct,20260908_1821_tackles_direct,2026-09-30T11:26:54+00:00,2026-09-30T11:27:07+00:00
2026,4,401872966,2026-10-04,13:00,00-0036982,Chauncey Golston,NYG,ARI,DL,tackles,2.1,0.2,4.6,0.8156697885913955,0.5645456508679659,eligible,eligible_current_role,starter,,1.0,direct,20260908_1821_tackles_direct,2026-09-30T11:26:54+00:00,2026-09-30T11:27:07+00:00
2026,4,401872966,2026-10-04,13:00,00-0036995,Baron Browning,ARI,NYG,LB,tackles,2.2,0.3,4.7,0.8362799457929683,0.6010469548022745,eligible,eligible_current_role,backup,,2.0,direct,20260908_1821_tackles_direct,2026-09-30T11:26:54+00:00,2026-09-30T11:27:07+00:00
2026,4,401872966,2026-10-04,13:00,00-0036996,Greg Newsome II,NYG,ARI,DB,tackles,3.3,0.6,6.8,0.9187452944460514,0.7896092963063731,eligible,eligible_current_role,starter,,1.0,direct,20260908_1821_tackles_direct,2026-09-30T11:26:54+00:00,2026-09-30T11:27:07+00:00
2026,4,401872966,2026-10-04,13:00,00-0036998,Jevon Holland,NYG,ARI,DB,tackles,5.1,2.4,8.6,0.9808834124915612,0.9356096074420027,eligible,eligible_current_role,starter,,1.0,direct,20260908_1821_tackles_direct,2026-09-30T11:26:54+00:00,2026-09-30T11:27:07+00:00
2026,4,401872966,2026-10-04,13:00,00-0037004,Hunter Long,ARI,NYG,TE,rushing_yards,0.0,-10.8,15.0,,,eligible,eligible_current_role,backup,,3.0,direct_component_blend,20260908_1821_rushing_yards_blend,2026-09-30T11:26:54+00:00,2026-09-30T11:27:07+00:00
2026,4,401872966,2026-10-04,13:00,00-0037004,Hunter Long,ARI,NYG,TE,receiving_yards,9.7,-7.5,38.5,,,eligible,eligible_current_role,backup,,3.0,direct_component_blend,20260908_1821_receiving_yards_blend,2026-09-30T11:26:54+00:00,2026-09-30T11:27:07+00:00
2026,4,401872966,2026-10-04,13:00,00-0037157,Bam Knight,ARI,NYG,RB,rushing_yards,15.7,-6.3,46.6,,,eligible,eligible_current_role,backup,,3.0,direct_component_blend,20260908_1821_rushing_yards_blend,2026-09-30T11:26:54+00:00,2026-09-30T11:27:07+00:00
2026,4,401872966,2026-10-04,13:00,00-0037157,Bam Knight,ARI,NYG,RB,receiving_yards,6.1,-11.1,34.9,,,eligible,eligible_current_role,backup,,3.0,direct_component_blend,20260908_1821_receiving_yards_blend,2026-09-30T11:26:54+00:00,2026-09-30T11:27:07+00:00
2026,4,401872966,2026-10-04,13:00,00-0037263,Tyler Allgeier,ARI,NYG,RB,rushing_yards,28.6,6.6,59.5,,,eligible,eligible_current_role,backup,Active,2.0,direct_component_blend,20260908_1821_rushing_yards_blend,2026-09-30T11:26:54+00:00,2026-09-30T11:27:07+00:00
2026,4,401872966,2026-10-04,13:00,00-0037263,Tyler Allgeier,ARI,NYG,RB,receiving_yards,5.6,-11.5,34.4,,,eligible,eligible_current_role,backup,Active,2.0,direct_component_blend,20260908_1821_receiving_yards_blend,2026-09-30T11:26:54+00:00,2026-09-30T11:27:07+00:00
2026,4,401872966,2026-10-04,13:00,00-0037596,Jack Gibbens,ARI,NYG,LB,tackles,5.9,2.9,9.9,0.9828577226134417,0.9557469204549572,eligible,eligible_current_role,starter,Active,1.0,direct,20260908_1821_tackles_direct,2026-09-30T11:26:54+00:00,2026-09-30T11:27:07+00:00
2026,4,401872966,2026-10-04,13:00,00-0037611,Kayvon Thibodeaux,NYG,ARI,LB,tackles,2.6,0.0,6.7,0.8766064486654567,0.6807828496985638,eligible,eligible_current_role,starter,,1.0,direct,20260908_1821_tackles_direct,2026-09-30T11:26:54+00:00,2026-09-30T11:27:07+00:00
2026,4,401872966,2026-10-04,13:00,00-0037744,Trey McBride,ARI,NYG,TE,rushing_yards,0.0,-10.8,15.0,,,eligible,eligible_current_role,starter,Active,1.0,direct_component_blend,20260908_1821_rushing_yards_blend,2026-09-30T11:26:54+00:00,2026-09-30T11:27:07+00:00
2026,4,401872966,2026-10-04,13:00,00-0037744,Trey McBride,ARI,NYG,TE,receiving_yards,58.1,38.5,92.4,,,eligible,eligible_current_role,starter,Active,1.0,direct_component_blend,20260908_1821_receiving_yards_blend,2026-09-30T11:26:54+00:00,2026-09-30T11:27:07+00:00
2026,4,401872966,2026-10-04,13:00,00-0037838,Isaiah Likely,NYG,ARI,TE,rushing_yards,0.0,-10.8,14.9,,,eligible,eligible_current_role,starter,Active,1.0,direct_component_blend,20260908_1821_rushing_yards_blend,2026-09-30T11:26:54+00:00,2026-09-30T11:27:07+00:00
2026,4,401872966,2026-10-04,13:00,00-0037838,Isaiah Likely,NYG,ARI,TE,receiving_yards,25.5,8.3,54.3,,,eligible,eligible_current_role,starter,Active,1.0,direct_component_blend,20260908_1821_receiving_yards_blend,2026-09-30T11:26:54+00:00,2026-09-30T11:27:07+00:00
2026,4,401872966,2026-10-04,13:00,00-0038399,Zaire Barnes,NYG,ARI,LB,tackles,1.0,0.0,3.5,0.5400107033299074,0.2521239137338943,eligible,eligible_current_role,recent_defensive_participant,,,direct,20260908_1821_tackles_direct,2026-09-30T11:26:54+00:00,2026-09-30T11:27:07+00:00
2026,4,401872966,2026-10-04,13:00,00-0038559,Michael Wilson,ARI,NYG,WR,rushing_yards,0.0,-10.8,15.0,,,eligible,eligible_current_role,starter,Active,1.0,direct_component_blend,20260908_1821_rushing_yards_blend,2026-09-30T11:26:54+00:00,2026-09-30T11:27:07+00:00
2026,4,401872966,2026-10-04,13:00,00-0038559,Michael Wilson,ARI,NYG,WR,receiving_yards,51.8,25.2,101.0,,,eligible,eligible_current_role,starter,Active,1.0,direct_component_blend,20260908_1821_receiving_yards_blend,2026-09-30T11:26:54+00:00,2026-09-30T11:27:07+00:00
2026,4,401872966,2026-10-04,13:00,00-0038567,Chad Ryland,ARI,NYG,K,kicking_points,7.0,2.2,12.4,,,eligible,eligible_current_role,starter,Active,1.0,component,20260908_1821_kicking_points_component,2026-09-30T11:26:54+00:00,2026-09-30T11:27:07+00:00
2026,4,401872966,2026-10-04,13:00,00-0038623,Dante Stills,ARI,NYG,DL,tackles,2.3,0.4,4.8,0.8438422747796744,0.6150446160239343,eligible,eligible_current_role,starter,,1.0,direct,20260908_1821_tackles_direct,2026-09-30T11:26:54+00:00,2026-09-30T11:27:07+00:00
2026,4,401872966,2026-10-04,13:00,00-0038640,Jalen Brooks,ARI,NYG,WR,rushing_yards,0.0,-10.8,15.0,,,eligible,eligible_current_role,backup,,4.0,direct_component_blend,20260908_1821_rushing_yards_blend,2026-09-30T11:26:54+00:00,2026-09-30T11:27:07+00:00
2026,4,401872966,2026-10-04,13:00,00-0038640,Jalen Brooks,ARI,NYG,WR,receiving_yards,9.9,-7.3,38.7,,,eligible,eligible_current_role,backup,,4.0,direct_component_blend,20260908_1821_receiving_yards_blend,2026-09-30T11:26:54+00:00,2026-09-30T11:27:07+00:00
2026,4,401872966,2026-10-04,13:00,00-0038663,Starling Thomas V,ARI,NYG,DB,tackles,3.4,0.7,6.9,0.9247879710648329,0.8022834549199428,eligible,eligible_current_role,backup,Active,2.0,direct,20260908_1821_tackles_direct,2026-09-30T11:26:54+00:00,2026-09-30T11:27:07+00:00
2026,4,401872966,2026-10-04,13:00,00-0038782,Eku Leota,ARI,NYG,LB,tackles,0.7,0.0,3.1,0.39200994364863123,0.11544728115504144,eligible,eligible_current_role,backup,,3.0,direct,20260908_1821_tackles_direct,2026-09-30T11:26:54+00:00,2026-09-30T11:27:07+00:00
2026,4,401872966,2026-10-04,13:00,00-0038984,Kei'Trel Clark,ARI,NYG,DB,tackles,1.0,0.0,3.4,0.5203680607134535,0.23623544944968491,eligible,eligible_current_role,backup,,2.0,direct,20260908_1821_tackles_direct,2026-09-30T11:26:54+00:00,2026-09-30T11:27:07+00:00
2026,4,401872966,2026-10-04,13:00,00-0038986,Nic Jones,NYG,ARI,DB,tackles,1.1,0.0,3.6,0.562307002967979,0.27220332373525336,eligible,eligible_current_role,backup,,2.0,direct,20260908_1821_tackles_direct,2026-09-30T11:26:54+00:00,2026-09-30T11:27:07+00:00
2026,4,401872966,2026-10-04,13:00,00-0039000,Deonte Banks,NYG,ARI,DB,tackles,3.0,0.9,5.8,0.9071256325002394,0.7559446223070622,eligible,questionable_flag,starter,Questionable,1.0,direct,20260908_1821_tackles_direct,2026-09-30T11:26:54+00:00,2026-09-30T11:27:07+00:00
2026,4,401872966,2026-10-04,13:00,00-0039007,Garrett Williams,ARI,NYG,DB,tackles,3.0,0.8,5.7,0.902398892534576,0.7429706295863739,eligible,eligible_current_role,starter,Active,1.0,direct,20260908_1821_tackles_direct,2026-09-30T11:26:54+00:00,2026-09-30T11:27:07+00:00
2026,4,401872966,2026-10-04,13:00,00-0039041,Elijah Higgins,ARI,NYG,TE,rushing_yards,0.0,-10.8,15.0,,,eligible,eligible_current_role,backup,,2.0,direct_component_blend,20260908_1821_rushing_yards_blend,2026-09-30T11:26:54+00:00,2026-09-30T11:27:07+00:00
2026,4,401872966,2026-10-04,13:00,00-0039041,Elijah Higgins,ARI,NYG,TE,receiving_yards,14.2,-3.0,43.0,,,eligible,eligible_current_role,backup,,2.0,direct_component_blend,20260908_1821_receiving_yards_blend,2026-09-30T11:26:54+00:00,2026-09-30T11:27:07+00:00
2026,4,401872966,2026-10-04,13:00,00-0039176,Basil Okoye,NYG,ARI,DL,tackles,1.1,0.0,3.5,0.556898948422821,0.26717495912754524,eligible,eligible_current_role,backup,,2.0,direct,20260908_1821_tackles_direct,2026-09-30T11:26:54+00:00,2026-09-30T11:27:07+00:00
2026,4,401872966,2026-10-04,13:00,00-0039239,Kalen King,ARI,NYG,DB,tackles,0.8,0.0,4.7,0.4404236449686533,0.17605209364648755,eligible,eligible_current_role,backup,,2.0,direct,20260908_1821_tackles_direct,2026-09-30T11:26:54+00:00,2026-09-30T11:27:07+00:00
2026,4,401872966,2026-10-04,13:00,00-0039337,Malik Nabers,NYG,ARI,WR,rushing_yards,0.0,-10.7,15.0,,,eligible,eligible_current_role,starter,Active,1.0,direct_component_blend,20260908_1821_rushing_yards_blend,2026-09-30T11:26:54+00:00,2026-09-30T11:27:07+00:00
2026,4,401872966,2026-10-04,13:00,00-0039337,Malik Nabers,NYG,ARI,WR,receiving_yards,61.9,35.2,111.1,,,eligible,eligible_current_role,starter,Active,1.0,direct_component_blend,20260908_1821_receiving_yards_blend,2026-09-30T11:26:54+00:00,2026-09-30T11:27:07+00:00
2026,4,401872966,2026-10-04,13:00,00-0039384,Tyrone Tracy Jr.,NYG,ARI,RB,rushing_yards,46.4,24.4,77.4,,,eligible,eligible_current_role,backup,,3.0,direct_component_blend,20260908_1821_rushing_yards_blend,2026-09-30T11:26:54+00:00,2026-09-30T11:27:07+00:00
2026,4,401872966,2026-10-04,13:00,00-0039384,Tyrone Tracy Jr.,NYG,ARI,RB,receiving_yards,11.8,-5.3,40.6,,,eligible,eligible_current_role,backup,,3.0,direct_component_blend,20260908_1821_receiving_yards_blend,2026-09-30T11:26:54+00:00,2026-09-30T11:27:07+00:00
2026,4,401872966,2026-10-04,13:00,00-0039807,Max Melton,ARI,NYG,DB,tackles,1.2,0.0,4.0,0.5785136073143092,0.28782199625710675,eligible,eligible_current_role,starter,Active,1.0,direct,20260908_1821_tackles_direct,2026-09-30T11:26:54+00:00,2026-09-30T11:27:07+00:00
2026,4,401872966,2026-10-04,13:00,00-0039821,Andru Phillips,NYG,ARI,DB,tackles,3.7,1.5,6.4,0.9419944594934557,0.8334897445927583,eligible,eligible_current_role,starter,,1.0,direct,20260908_1821_tackles_direct,2026-09-30T11:26:54+00:00,2026-09-30T11:27:07+00:00
2026,4,401872966,2026-10-04,13:00,00-0039847,Theo Johnson,NYG,ARI,TE,rushing_yards,0.0,-10.8,14.9,,,eligible,eligible_current_role,backup,,2.0,direct_component_blend,20260908_1821_rushing_yards_blend,2026-09-30T11:26:54+00:00,2026-09-30T11:27:07+00:00
2026,4,401872966,2026-10-04,13:00,00-0039847,Theo Johnson,NYG,ARI,TE,receiving_yards,29.3,9.6,63.6,,,eligible,eligible_current_role,backup,,2.0,direct_component_blend,20260908_1821_receiving_yards_blend,2026-09-30T11:26:54+00:00,2026-09-30T11:27:07+00:00
2026,4,401872966,2026-10-04,13:00,00-0039849,Marvin Harrison Jr.,ARI,NYG,WR,rushing_yards,0.0,-10.8,15.0,,,eligible,eligible_current_role,backup,Active,2.0,direct_component_blend,20260908_1821_rushing_yards_blend,2026-09-30T11:26:54+00:00,2026-09-30T11:27:07+00:00
2026,4,401872966,2026-10-04,13:00,00-0039849,Marvin Harrison Jr.,ARI,NYG,WR,receiving_yards,24.9,7.8,53.8,,,eligible,eligible_current_role,backup,Active,2.0,direct_component_blend,20260908_1821_receiving_yards_blend,2026-09-30T11:26:54+00:00,2026-09-30T11:27:07+00:00
2026,4,401872966,2026-10-04,13:00,00-0039854,Darius Robinson,ARI,NYG,DL,tackles,2.5,0.5,5.0,0.8633949946732192,0.6532260791641227,eligible,eligible_current_role,backup,,2.0,direct,20260908_1821_tackles_direct,2026-09-30T11:26:54+00:00,2026-09-30T11:27:07+00:00
2026,4,401872966,2026-10-04,13:00,00-0039861,Tyler Nubin,NYG,ARI,DB,tackles,5.0,2.3,8.4,0.9802524348030133,0.9296122406175418,eligible,questionable_flag,starter,Questionable,1.0,direct,20260908_1821_tackles_direct,2026-09-30T11:26:54+00:00,2026-09-30T11:27:07+00:00
2026,4,401872966,2026-10-04,13:00,00-0039864,Dadrion Taylor-Demerson,ARI,NYG,DB,tackles,4.1,1.4,7.5,0.9566809653430373,0.8645933974245452,eligible,questionable_flag,backup,Questionable,2.0,direct,20260908_1821_tackles_direct,2026-09-30T11:26:54+00:00,2026-09-30T11:27:07+00:00
2026,4,401872966,2026-10-04,13:00,00-0039923,J.J. McCarthy,NYG,ARI,QB,rushing_yards,14.8,2.0,32.7,,,eligible,eligible_current_role,backup,Active,2.0,direct_component_blend,20260908_1821_rushing_yards_blend,2026-09-30T11:26:54+00:00,2026-09-30T11:27:07+00:00
2026,4,401872966,2026-10-04,13:00,00-0040137,Jordan Burch,ARI,NYG,LB,tackles,1.9,0.0,4.4,0.7780224935318699,0.5046540977929069,eligible,eligible_current_role,backup,,2.0,direct,20260908_1821_tackles_direct,2026-09-30T11:26:54+00:00,2026-09-30T11:27:07+00:00
2026,4,401872966,2026-10-04,13:00,00-0040195,Denzel Burke,ARI,NYG,DB,tackles,4.0,1.3,7.5,0.9531525503894754,0.8563181704253118,eligible,eligible_current_role,starter,,1.0,direct,20260908_1821_tackles_direct,2026-09-30T11:26:54+00:00,2026-09-30T11:27:07+00:00
2026,4,401872966,2026-10-04,13:00,00-0040225,Thomas Fidone II,NYG,ARI,TE,rushing_yards,0.0,-11.8,16.6,,,eligible,eligible_current_role,backup,Active,4.0,direct_component_blend,20260908_1821_rushing_yards_blend,2026-09-30T11:26:54+00:00,2026-09-30T11:27:07+00:00
2026,4,401872966,2026-10-04,13:00,00-0040225,Thomas Fidone II,NYG,ARI,TE,receiving_yards,2.3,-16.3,34.3,,,eligible,eligible_current_role,backup,Active,4.0,direct_component_blend,20260908_1821_receiving_yards_blend,2026-09-30T11:26:54+00:00,2026-09-30T11:27:07+00:00
2026,4,401872966,2026-10-04,13:00,00-0040471,Nikko Reed,NYG,ARI,DB,tackles,0.8,0.0,3.6,0.464155788048428,0.1949026267127214,eligible,eligible_current_role,backup,,3.0,direct,20260908_1821_tackles_direct,2026-09-30T11:26:54+00:00,2026-09-30T11:27:07+00:00
2026,4,401872966,2026-10-04,13:00,00-0040645,Cody Simon,ARI,NYG,LB,tackles,6.0,3.0,10.0,0.9830958489302215,0.9583690455203414,eligible,eligible_current_role,backup,Active,2.0,direct,20260908_1821_tackles_direct,2026-09-30T11:26:54+00:00,2026-09-30T11:27:07+00:00
2026,4,401872966,2026-10-04,13:00,00-0040677,Abdul Carter,NYG,ARI,LB,tackles,3.5,0.5,7.5,0.9314443633910867,0.8140007361627013,eligible,eligible_current_role,starter,,1.0,direct,20260908_1821_tackles_direct,2026-09-30T11:26:54+00:00,2026-09-30T11:27:07+00:00
2026,4,401872966,2026-10-04,13:00,00-0040694,Darius Alexander,NYG,ARI,DL,tackles,1.7,0.0,4.2,0.7597723185497954,0.4817073083379461,eligible,eligible_current_role,backup,,2.0,direct,20260908_1821_tackles_direct,2026-09-30T11:26:54+00:00,2026-09-30T11:27:07+00:00
2026,4,401872966,2026-10-04,13:00,00-0040706,Walter Nolen,ARI,NYG,DL,tackles,1.5,0.0,4.0,0.7092651271631791,0.42109392713117855,eligible,eligible_current_role,starter,,1.0,direct,20260908_1821_tackles_direct,2026-09-30T11:26:54+00:00,2026-09-30T11:27:07+00:00
2026,4,401872966,2026-10-04,13:00,00-0040715,Cam Skattebo,NYG,ARI,RB,rushing_yards,44.1,22.1,75.1,,,eligible,eligible_current_role,starter,Active,1.0,direct_component_blend,20260908_1821_rushing_yards_blend,2026-09-30T11:26:54+00:00,2026-09-30T11:27:07+00:00
2026,4,401872966,2026-10-04,13:00,00-0040715,Cam Skattebo,NYG,ARI,RB,receiving_yards,15.7,-1.5,44.5,,,eligible,eligible_current_role,starter,Active,1.0,direct_component_blend,20260908_1821_receiving_yards_blend,2026-09-30T11:26:54+00:00,2026-09-30T11:27:07+00:00
2026,4,401872966,2026-10-04,13:00,00-0041027,Jeremiyah Love,ARI,NYG,RB,rushing_yards,18.9,-11.4,61.4,,,eligible,eligible_current_role,starter,Active,1.0,direct_component_blend,20260908_1821_rushing_yards_blend,2026-09-30T11:26:54+00:00,2026-09-30T11:27:07+00:00
2026,4,401872966,2026-10-04,13:00,00-0041027,Jeremiyah Love,ARI,NYG,RB,receiving_yards,4.9,-17.7,45.5,,,eligible,eligible_current_role,starter,Active,1.0,direct_component_blend,20260908_1821_receiving_yards_blend,2026-09-30T11:26:54+00:00,2026-09-30T11:27:07+00:00
2026,4,401872966,2026-10-04,13:00,00-0041042,Malachi Fields,NYG,ARI,WR,rushing_yards,0.0,-14.8,20.6,,,eligible,eligible_current_role,backup,Active,2.0,direct_component_blend,20260908_1821_rushing_yards_blend,2026-09-30T11:26:54+00:00,2026-09-30T11:27:07+00:00
2026,4,401872966,2026-10-04,13:00,00-0041042,Malachi Fields,NYG,ARI,WR,receiving_yards,8.8,-13.8,49.4,,,eligible,eligible_current_role,backup,Active,2.0,direct_component_blend,20260908_1821_receiving_yards_blend,2026-09-30T11:26:54+00:00,2026-09-30T11:27:07+00:00
2026,4,401872966,2026-10-04,13:00,00-0041070,Reggie Virgil,ARI,NYG,WR,rushing_yards,0.1,-14.6,20.8,,,eligible,eligible_current_role,backup,Active,7.0,direct_component_blend,20260908_1821_rushing_yards_blend,2026-09-30T11:26:54+00:00,2026-09-30T11:27:07+00:00
2026,4,401872966,2026-10-04,13:00,00-0041070,Reggie Virgil,ARI,NYG,WR,receiving_yards,7.2,-15.4,47.8,,,eligible,eligible_current_role,backup,Active,7.0,direct_component_blend,20260908_1821_receiving_yards_blend,2026-09-30T11:26:54+00:00,2026-09-30T11:27:07+00:00
2026,4,401872966,2026-10-04,13:00,00-0041093,Karson Sharar,ARI,NYG,LB,tackles,1.6,0.0,5.1,0.7539046728800538,0.4746573133702474,eligible,eligible_current_role,backup,,2.0,direct,20260908_1821_tackles_direct,2026-09-30T11:26:54+00:00,2026-09-30T11:27:07+00:00
2026,4,401872966,2026-10-04,13:00,00-0041095,Bobby Jamison-Travis,NYG,ARI,DL,tackles,1.2,0.0,4.7,0.5689290123199385,0.27848399067952123,eligible,eligible_current_role,backup,Active,2.0,direct,20260908_1821_tackles_direct,2026-09-30T11:26:54+00:00,2026-09-30T11:27:07+00:00
2026,4,401872966,2026-10-04,13:00,00-0041145,Dominic Zvada,NYG,ARI,K,kicking_points,7.2,0.8,14.8,,,eligible,eligible_current_role,starter,Active,1.0,component,20260908_1821_kicking_points_component,2026-09-30T11:26:54+00:00,2026-09-30T11:27:07+00:00
2026,4,401872966,2026-10-04,13:00,00-0041370,Wydett Williams Jr.,ARI,NYG,DB,tackles,2.3,0.0,6.2,0.8449994140853347,0.6172817719603186,eligible,eligible_current_role,backup,,2.0,direct,20260908_1821_tackles_direct,2026-09-30T11:26:54+00:00,2026-09-30T11:27:07+00:00
2026,4,401872966,2026-10-04,13:00,00-0041462,Colton Hood,NYG,ARI,DB,tackles,2.1,0.0,6.1,0.8199316640893659,0.5719061992277218,eligible,eligible_current_role,backup,,2.0,direct,20260908_1821_tackles_direct,2026-09-30T11:26:54+00:00,2026-09-30T11:27:07+00:00
2026,4,401872966,2026-10-04,13:00,00-0041509,Arvell Reese,NYG,ARI,LB,tackles,1.4,0.0,4.9,0.6624545011862675,0.36962180131810574,eligible,eligible_current_role,recent_defensive_participant,,,direct,20260908_1821_tackles_direct,2026-09-30T11:26:54+00:00,2026-09-30T11:27:07+00:00
2026,4,401872966,2026-10-04,13:00,00-0041561,Carson Beck,ARI,NYG,QB,rushing_yards,9.5,-8.1,34.2,,,eligible,eligible_current_role,backup,Active,3.0,direct_component_blend,20260908_1821_rushing_yards_blend,2026-09-30T11:26:54+00:00,2026-09-30T11:27:07+00:00
2026,4,401872967,2026-10-04,12:00,00-0027940,Von Miller,DAL,HOU,LB,tackles,1.4,0.0,3.9,0.658975768692203,0.3659811594761451,eligible,eligible_current_role,backup,,2.0,direct,20260908_1821_tackles_direct,2026-09-30T11:26:54+00:00,2026-09-30T11:27:07+00:00
2026,4,401872967,2026-10-04,12:00,00-0031364,Jadeveon Clowney,HOU,DAL,DL,tackles,1.9,0.0,4.4,0.7763862438070618,0.5025305983824017,eligible,questionable_flag,backup,Questionable,2.0,direct,20260908_1821_tackles_direct,2026-09-30T11:26:54+00:00,2026-09-30T11:27:07+00:00
2026,4,401872967,2026-10-04,12:00,00-0031565,Danielle Hunter,HOU,DAL,DL,tackles,2.9,0.9,5.4,0.8988759057768122,0.7335385440217654,eligible,eligible_current_role,starter,,1.0,direct,20260908_1821_tackles_direct,2026-09-30T11:26:54+00:00,2026-09-30T11:27:07+00:00
2026,4,401872967,2026-10-04,12:00,00-0032265,Mario Edwards,HOU,DAL,DL,tackles,1.2,0.0,3.7,0.5737742842799556,0.2831674956301405,eligible,questionable_flag,backup,Questionable,2.0,direct,20260908_1821_tackles_direct,2026-09-30T11:26:54+00:00,2026-09-30T11:27:07+00:00
2026,4,401872967,2026-10-04,12:00,00-0032726,Ka'imi Fairbairn,HOU,DAL,K,kicking_points,7.1,2.6,12.4,,,eligible,eligible_current_role,starter,Active,1.0,component,20260908_1821_kicking_points_component,2026-09-30T11:26:54+00:00,2026-09-30T11:27:07+00:00
2026,4,401872967,2026-10-04,12:00,00-0032759,Sheldon Rankins,HOU,DAL,DL,tackles,1.9,0.0,4.4,0.7779691919275766,0.504584709657375,eligible,eligible_current_role,starter,,1.0,direct,20260908_1821_tackles_direct,2026-09-30T11:26:54+00:00,2026-09-30T11:27:07+00:00
2026,4,401872967,2026-10-04,12:00,00-0033077,Dak Prescott,DAL,HOU,QB,passing_yards,251.3,157.8,357.5,,,eligible,eligible_current_role,starter,Active,1.0,direct_component_blend,20260908_1821_passing_yards_blend,2026-09-30T11:26:54+00:00,2026-09-30T11:27:07+00:00
2026,4,401872967,2026-10-04,12:00,00-0033077,Dak Prescott,DAL,HOU,QB,passing_tds,1.771,,,0.826425932146139,0.5242039980761007,eligible,eligible_current_role,starter,Active,1.0,direct_component_blend,20260908_1821_passing_tds_blend,2026-09-30T11:26:54+00:00,2026-09-30T11:27:07+00:00
2026,4,401872967,2026-10-04,12:00,00-0033077,Dak Prescott,DAL,HOU,QB,rushing_yards,14.2,1.4,32.1,,,eligible,eligible_current_role,starter,Active,1.0,direct_component_blend,20260908_1821_rushing_yards_blend,2026-09-30T11:26:54+00:00,2026-09-30T11:27:07+00:00
2026,4,401872967,2026-10-04,12:00,00-0033120,Kenny Clark,DAL,HOU,DL,tackles,2.8,0.7,5.6,0.8926280850092895,0.7172710946798176,eligible,eligible_current_role,starter,,1.0,direct,20260908_1821_tackles_direct,2026-09-30T11:26:54+00:00,2026-09-30T11:27:07+00:00
2026,4,401872967,2026-10-04,12:00,00-0033854,Dare Ogunbowale,HOU,DAL,RB,rushing_yards,3.8,-18.2,34.7,,,eligible,eligible_current_role,backup,Active,4.0,direct_component_blend,20260908_1821_rushing_yards_blend,2026-09-30T11:26:54+00:00,2026-09-30T11:27:07+00:00
2026,4,401872967,2026-10-04,12:00,00-0033854,Dare Ogunbowale,HOU,DAL,RB,receiving_yards,3.1,-14.1,31.9,,,eligible,eligible_current_role,backup,Active,4.0,direct_component_blend,20260908_1821_receiving_yards_blend,2026-09-30T11:26:54+00:00,2026-09-30T11:27:07+00:00
2026,4,401872967,2026-10-04,12:00,00-0033877,Malik Hooker,DAL,HOU,DB,tackles,3.3,0.7,6.8,0.9194702368999002,0.7918038780130567,eligible,questionable_flag,starter,Questionable,1.0,direct,20260908_1821_tackles_direct,2026-09-30T11:26:54+00:00,2026-09-30T11:27:07+00:00
2026,4,401872967,2026-10-04,12:00,00-0034278,Tremon Smith,HOU,DAL,DB,tackles,1.7,0.0,4.2,0.7643286167823056,0.4872883923407909,eligible,eligible_current_role,backup,,2.0,direct,20260908_1821_tackles_direct,2026-09-30T11:26:54+00:00,2026-09-30T11:27:07+00:00
2026,4,401872967,2026-10-04,12:00,00-0034383,Dalton Schultz,HOU,DAL,TE,rushing_yards,0.0,-10.8,15.0,,,eligible,eligible_current_role,starter,Active,1.0,direct_component_blend,20260908_1821_rushing_yards_blend,2026-09-30T11:26:54+00:00,2026-09-30T11:27:07+00:00
2026,4,401872967,2026-10-04,12:00,00-0034383,Dalton Schultz,HOU,DAL,TE,receiving_yards,34.5,14.8,68.7,,,eligible,eligible_current_role,starter,Active,1.0,direct_component_blend,20260908_1821_receiving_yards_blend,2026-09-30T11:26:54+00:00,2026-09-30T11:27:07+00:00
2026,4,401872967,2026-10-04,12:00,00-0034967,Rashan Gary,DAL,HOU,LB,tackles,2.1,0.2,4.6,0.8138002165654797,0.5613461572938562,eligible,eligible_current_role,starter,,1.0,direct,20260908_1821_tackles_direct,2026-09-30T11:26:54+00:00,2026-09-30T11:27:07+00:00
2026,4,401872967,2026-10-04,12:00,00-0034981,Foster Moreau,HOU,DAL,TE,rushing_yards,0.0,-10.8,15.0,,,eligible,eligible_current_role,backup,Active,2.0,direct_component_blend,20260908_1821_rushing_yards_blend,2026-09-30T11:26:54+00:00,2026-09-30T11:27:07+00:00
2026,4,401872967,2026-10-04,12:00,00-0034981,Foster Moreau,HOU,DAL,TE,receiving_yards,11.5,-5.7,40.3,,,eligible,eligible_current_role,backup,Active,2.0,direct_component_blend,20260908_1821_receiving_yards_blend,2026-09-30T11:26:54+00:00,2026-09-30T11:27:07+00:00
2026,4,401872967,2026-10-04,12:00,00-0035166,Azeez Al-Shaair,HOU,DAL,LB,tackles,6.8,4.0,11.0,0.983495145631068,0.9631067961165048,eligible,eligible_current_role,starter,Active,1.0,direct,20260908_1821_tackles_direct,2026-09-30T11:26:54+00:00,2026-09-30T11:27:07+00:00
2026,4,401872967,2026-10-04,12:00,00-0035639,Parris Campbell,DAL,HOU,WR,rushing_yards,0.0,-10.7,15.0,,,eligible,eligible_current_role,roster_only,,,direct_component_blend,20260908_1821_rushing_yards_blend,2026-09-30T11:26:54+00:00,2026-09-30T11:27:07+00:00
2026,4,401872967,2026-10-04,12:00,00-0035639,Parris Campbell,DAL,HOU,WR,receiving_yards,2.6,-14.5,31.4,,,eligible,eligible_current_role,roster_only,,,direct_component_blend,20260908_1821_receiving_yards_blend,2026-09-30T11:26:54+00:00,2026-09-30T11:27:07+00:00
2026,4,401872967,2026-10-04,12:00,00-0035685,David Montgomery,HOU,DAL,RB,rushing_yards,28.3,6.3,59.2,,,eligible,eligible_current_role,starter,Active,1.0,direct_component_blend,20260908_1821_rushing_yards_blend,2026-09-30T11:26:54+00:00,2026-09-30T11:27:07+00:00
2026,4,401872967,2026-10-04,12:00,00-0035685,David Montgomery,HOU,DAL,RB,receiving_yards,8.7,-8.4,37.5,,,eligible,eligible_current_role,starter,Active,1.0,direct_component_blend,20260908_1821_receiving_yards_blend,2026-09-30T11:26:54+00:00,2026-09-30T11:27:07+00:00
2026,4,401872967,2026-10-04,12:00,00-0035718,Quinnen Williams,DAL,HOU,DL,tackles,2.8,0.8,5.3,0.8925543966448922,0.7170825591019482,eligible,eligible_current_role,starter,,1.0,direct,20260908_1821_tackles_direct,2026-09-30T11:26:54+00:00,2026-09-30T11:27:07+00:00
2026,4,401872967,2026-10-04,12:00,00-0036358,CeeDee Lamb,DAL,HOU,WR,rushing_yards,0.7,-10.0,15.8,,,eligible,eligible_current_role,starter,Active,1.0,direct_component_blend,20260908_1821_rushing_yards_blend,2026-09-30T11:26:54+00:00,2026-09-30T11:27:07+00:00
2026,4,401872967,2026-10-04,12:00,00-0036358,CeeDee Lamb,DAL,HOU,WR,receiving_yards,68.8,42.1,118.0,,,eligible,eligible_current_role,starter,Active,1.0,direct_component_blend,20260908_1821_receiving_yards_blend,2026-09-30T11:26:54+00:00,2026-09-30T11:27:07+00:00
2026,4,401872967,2026-10-04,12:00,00-0036554,Nico Collins,HOU,DAL,WR,rushing_yards,1.2,-9.5,16.3,,,eligible,questionable_flag,starter,Questionable,1.0,direct_component_blend,20260908_1821_rushing_yards_blend,2026-09-30T11:26:54+00:00,2026-09-30T11:27:07+00:00
2026,4,401872967,2026-10-04,12:00,00-0036554,Nico Collins,HOU,DAL,WR,receiving_yards,54.3,27.7,103.5,,,eligible,questionable_flag,starter,Questionable,1.0,direct_component_blend,20260908_1821_receiving_yards_blend,2026-09-30T11:26:54+00:00,2026-09-30T11:27:07+00:00
2026,4,401872967,2026-10-04,12:00,00-0036556,Brevin Jordan,HOU,DAL,TE,rushing_yards,0.0,-10.8,15.0,,,eligible,eligible_current_role,backup,Active,5.0,direct_component_blend,20260908_1821_rushing_yards_blend,2026-09-30T11:26:54+00:00,2026-09-30T11:27:07+00:00
2026,4,401872967,2026-10-04,12:00,00-0036556,Brevin Jordan,HOU,DAL,TE,receiving_yards,10.8,-6.3,39.6,,,eligible,eligible_current_role,backup,Active,5.0,direct_component_blend,20260908_1821_receiving_yards_blend,2026-09-30T11:26:54+00:00,2026-09-30T11:27:07+00:00
2026,4,401872967,2026-10-04,12:00,00-0036728,Curtis Robinson,DAL,HOU,LB,tackles,5.1,2.0,9.0,0.9805706652568787,0.932615724608311,eligible,eligible_current_role,recent_defensive_participant,,,direct,20260908_1821_tackles_direct,2026-09-30T11:26:54+00:00,2026-09-30T11:27:07+00:00
2026,4,401872967,2026-10-04,12:00,00-0036883,Tommy Togiai,HOU,DAL,DL,tackles,3.2,1.3,5.7,0.9174324408319661,0.7856654366951866,eligible,eligible_current_role,starter,,1.0,direct,20260908_1821_tackles_direct,2026-09-30T11:26:54+00:00,2026-09-30T11:27:07+00:00
2026,4,401872967,2026-10-04,12:00,00-0036898,Davis Mills,HOU,DAL,QB,rushing_yards,6.3,-6.4,24.3,,,eligible,eligible_current_role,backup,,2.0,direct_component_blend,20260908_1821_rushing_yards_blend,2026-09-30T11:26:54+00:00,2026-09-30T11:27:07+00:00
2026,4,401872967,2026-10-04,12:00,00-0036997,Javonte Williams,DAL,HOU,RB,rushing_yards,47.1,25.1,78.0,,,eligible,eligible_current_role,starter,Active,1.0,direct_component_blend,20260908_1821_rushing_yards_blend,2026-09-30T11:26:54+00:00,2026-09-30T11:27:07+00:00
2026,4,401872967,2026-10-04,12:00,00-0036997,Javonte Williams,DAL,HOU,RB,receiving_yards,12.3,-4.8,41.1,,,eligible,eligible_current_role,starter,Active,1.0,direct_component_blend,20260908_1821_receiving_yards_blend,2026-09-30T11:26:54+00:00,2026-09-30T11:27:07+00:00
2026,4,401872967,2026-10-04,12:00,00-0037077,Sam Howell,DAL,HOU,QB,rushing_yards,10.7,-0.0,25.7,,,eligible,eligible_current_role,backup,,2.0,direct_component_blend,20260908_1821_rushing_yards_blend,2026-09-30T11:26:54+00:00,2026-09-30T11:27:07+00:00
2026,4,401872967,2026-10-04,12:00,00-0037082,Dominique Robinson,HOU,DAL,DL,tackles,1.2,0.0,3.7,0.5744568117163149,0.2838333016059091,eligible,eligible_current_role,backup,,2.0,direct,20260908_1821_tackles_direct,2026-09-30T11:26:54+00:00,2026-09-30T11:27:07+00:00
2026,4,401872967,2026-10-04,12:00,00-0037120,Tyler Goodson,DAL,HOU,RB,rushing_yards,10.1,-0.6,25.1,,,eligible,eligible_current_role,backup,Active,2.0,direct_component_blend,20260908_1821_rushing_yards_blend,2026-09-30T11:26:54+00:00,2026-09-30T11:27:07+00:00
2026,4,401872967,2026-10-04,12:00,00-0037120,Tyler Goodson,DAL,HOU,RB,receiving_yards,2.5,-14.7,31.3,,,eligible,eligible_current_role,backup,Active,2.0,direct_component_blend,20260908_1821_receiving_yards_blend,2026-09-30T11:26:54+00:00,2026-09-30T11:27:07+00:00
2026,4,401872967,2026-10-04,12:00,00-0037130,Reed Blankenship,HOU,DAL,DB,tackles,5.2,2.5,8.7,0.9811251475156639,0.9379544049420981,eligible,eligible_current_role,starter,,1.0,direct,20260908_1821_tackles_direct,2026-09-30T11:26:54+00:00,2026-09-30T11:27:07+00:00
2026,4,401872967,2026-10-04,12:00,00-0037237,Derek Stingley Jr.,HOU,DAL,DB,tackles,3.4,0.8,6.9,0.9270890075331076,0.8062880862989253,eligible,eligible_current_role,starter,,1.0,direct,20260908_1821_tackles_direct,2026-09-30T11:26:54+00:00,2026-09-30T11:27:07+00:00
2026,4,401872967,2026-10-04,12:00,00-0037246,Jalen Pitre,HOU,DAL,DB,tackles,5.6,2.9,9.1,0.9823156756327583,0.949962959667625,eligible,eligible_current_role,starter,,1.0,direct,20260908_1821_tackles_direct,2026-09-30T11:26:54+00:00,2026-09-30T11:27:07+00:00
2026,4,401872967,2026-10-04,12:00,00-0037247,George Pickens,DAL,HOU,WR,rushing_yards,0.0,-10.8,15.0,,,eligible,eligible_current_role,backup,Active,2.0,direct_component_blend,20260908_1821_rushing_yards_blend,2026-09-30T11:26:54+00:00,2026-09-30T11:27:07+00:00
2026,4,401872967,2026-10-04,12:00,00-0037247,George Pickens,DAL,HOU,WR,receiving_yards,52.9,26.3,102.1,,,eligible,eligible_current_role,backup,Active,2.0,direct_component_blend,20260908_1821_receiving_yards_blend,2026-09-30T11:26:54+00:00,2026-09-30T11:27:07+00:00
2026,4,401872967,2026-10-04,12:00,00-0037270,Otito Ogbonnia,DAL,HOU,DL,tackles,1.6,0.0,4.0,0.7362277385863876,0.4530020966989433,eligible,eligible_current_role,starter,,1.0,direct,20260908_1821_tackles_direct,2026-09-30T11:26:54+00:00,2026-09-30T11:27:07+00:00
2026,4,401872967,2026-10-04,12:00,00-0037275,DaRon Bland,DAL,HOU,DB,tackles,5.2,2.5,8.6,0.9810117427635022,0.9368509355454462,eligible,eligible_current_role,starter,,1.0,direct,20260908_1821_tackles_direct,2026-09-30T11:26:54+00:00,2026-09-30T11:27:07+00:00
2026,4,401872967,2026-10-04,12:00,00-0037310,James Houston,DAL,HOU,LB,tackles,1.5,0.0,4.0,0.7189288818807975,0.4323293497530349,eligible,eligible_current_role,backup,Active,3.0,direct,20260908_1821_tackles_direct,2026-09-30T11:26:54+00:00,2026-09-30T11:27:07+00:00
2026,4,401872967,2026-10-04,12:00,00-0037457,Jake Hansen,HOU,DAL,LB,tackles,1.1,0.0,3.5,0.5561096066942185,0.2664485075982896,eligible,eligible_current_role,starter,,1.0,direct,20260908_1821_tackles_direct,2026-09-30T11:26:54+00:00,2026-09-30T11:27:07+00:00
2026,4,401872967,2026-10-04,12:00,00-0037561,Markquese Bell,DAL,HOU,DB,tackles,3.1,1.0,5.9,0.9115170845727923,0.768352887200329,eligible,eligible_current_role,starter,Active,1.0,direct,20260908_1821_tackles_direct,2026-09-30T11:26:54+00:00,2026-09-30T11:27:07+00:00
2026,4,401872967,2026-10-04,12:00,00-0037692,Brandon Aubrey,DAL,HOU,K,kicking_points,7.6,3.1,12.9,,,eligible,eligible_current_role,starter,Active,1.0,component,20260908_1821_kicking_points_component,2026-09-30T11:26:54+00:00,2026-09-30T11:27:07+00:00
2026,4,401872967,2026-10-04,12:00,00-0037801,KaVontae Turpin,DAL,HOU,WR,rushing_yards,2.8,-7.9,17.8,,,eligible,eligible_current_role,backup,,4.0,direct_component_blend,20260908_1821_rushing_yards_blend,2026-09-30T11:26:54+00:00,2026-09-30T11:27:07+00:00
2026,4,401872967,2026-10-04,12:00,00-0037801,KaVontae Turpin,DAL,HOU,WR,receiving_yards,11.5,-5.7,40.3,,,eligible,eligible_current_role,backup,,4.0,direct_component_blend,20260908_1821_receiving_yards_blend,2026-09-30T11:26:54+00:00,2026-09-30T11:27:07+00:00
2026,4,401872967,2026-10-04,12:00,00-0037839,Cobie Durant,DAL,HOU,DB,tackles,2.7,0.1,6.3,0.8870671801849657,0.7038532245109056,eligible,eligible_current_role,starter,Doubtful,1.0,direct,20260908_1821_tackles_direct,2026-09-30T11:26:54+00:00,2026-09-30T11:27:07+00:00
2026,4,401872967,2026-10-04,12:00,00-0038041,Jake Ferguson,DAL,HOU,TE,rushing_yards,0.0,-10.8,15.0,,,eligible,eligible_current_role,starter,Active,1.0,direct_component_blend,20260908_1821_rushing_yards_blend,2026-09-30T11:26:54+00:00,2026-09-30T11:27:07+00:00
2026,4,401872967,2026-10-04,12:00,00-0038041,Jake Ferguson,DAL,HOU,TE,receiving_yards,20.7,3.6,49.5,,,eligible,eligible_current_role,starter,Active,1.0,direct_component_blend,20260908_1821_receiving_yards_blend,2026-09-30T11:26:54+00:00,2026-09-30T11:27:07+00:00
2026,4,401872967,2026-10-04,12:00,00-0038127,Logan Hall,HOU,DAL,DL,tackles,2.0,0.1,4.5,0.7978467879126684,0.534741847138287,eligible,eligible_current_role,backup,Active,2.0,direct,20260908_1821_tackles_direct,2026-09-30T11:26:54+00:00,2026-09-30T11:27:07+00:00
2026,4,401872967,2026-10-04,12:00,00-0038547,Luke Schoonmaker,DAL,HOU,TE,rushing_yards,0.0,-10.8,15.0,,,eligible,eligible_current_role,backup,,3.0,direct_component_blend,20260908_1821_rushing_yards_blend,2026-09-30T11:26:54+00:00,2026-09-30T11:27:07+00:00
2026,4,401872967,2026-10-04,12:00,00-0038547,Luke Schoonmaker,DAL,HOU,TE,receiving_yards,8.3,-8.8,37.2,,,eligible,eligible_current_role,backup,,3.0,direct_component_blend,20260908_1821_receiving_yards_blend,2026-09-30T11:26:54+00:00,2026-09-30T11:27:07+00:00
2026,4,401872967,2026-10-04,12:00,00-0038556,DeMarvion Overshown,DAL,HOU,LB,tackles,2.2,0.3,4.7,0.8313258764960482,0.5920592926271383,eligible,questionable_flag,recent_defensive_participant,Questionable,,direct,20260908_1821_tackles_direct,2026-09-30T11:26:54+00:00,2026-09-30T11:27:07+00:00
2026,4,401872967,2026-10-04,12:00,00-0038608,Kayshon Boutte,HOU,DAL,WR,rushing_yards,0.0,-10.8,15.0,,,eligible,eligible_current_role,backup,Active,3.0,direct_component_blend,20260908_1821_rushing_yards_blend,2026-09-30T11:26:54+00:00,2026-09-30T11:27:07+00:00
2026,4,401872967,2026-10-04,12:00,00-0038608,Kayshon Boutte,HOU,DAL,WR,receiving_yards,22.9,5.7,51.7,,,eligible,eligible_current_role,backup,Active,3.0,direct_component_blend,20260908_1821_receiving_yards_blend,2026-09-30T11:26:54+00:00,2026-09-30T11:27:07+00:00
2026,4,401872967,2026-10-04,12:00,00-0038618,Xavier Hutchinson,HOU,DAL,WR,rushing_yards,0.7,-10.0,15.8,,,eligible,eligible_current_role,backup,Active,2.0,direct_component_blend,20260908_1821_rushing_yards_blend,2026-09-30T11:26:54+00:00,2026-09-30T11:27:07+00:00
2026,4,401872967,2026-10-04,12:00,00-0038618,Xavier Hutchinson,HOU,DAL,WR,receiving_yards,17.9,0.8,46.7,,,eligible,eligible_current_role,backup,Active,2.0,direct_component_blend,20260908_1821_receiving_yards_blend,2026-09-30T11:26:54+00:00,2026-09-30T11:27:07+00:00
2026,4,401872967,2026-10-04,12:00,00-0038624,Ameer Speed,DAL,HOU,DB,tackles,0.7,0.0,3.2,0.4137055781879875,0.14106457938828104,eligible,eligible_current_role,backup,,2.0,direct,20260908_1821_tackles_direct,2026-09-30T11:26:54+00:00,2026-09-30T11:27:07+00:00
2026,4,401872967,2026-10-04,12:00,00-0038625,Dee Winters,DAL,HOU,LB,tackles,5.4,2.4,9.4,0.9818329859060413,0.9449927867197676,eligible,eligible_current_role,recent_defensive_participant,Active,,direct,20260908_1821_tackles_direct,2026-09-30T11:26:54+00:00,2026-09-30T11:27:07+00:00
2026,4,401872967,2026-10-04,12:00,00-0038705,Emari Demercado,DAL,HOU,RB,rushing_yards,19.1,-2.9,50.0,,,eligible,eligible_current_role,backup,Active,3.0,direct_component_blend,20260908_1821_rushing_yards_blend,2026-09-30T11:26:54+00:00,2026-09-30T11:27:07+00:00
2026,4,401872967,2026-10-04,12:00,00-0038705,Emari Demercado,DAL,HOU,RB,receiving_yards,9.6,-7.6,38.4,,,eligible,eligible_current_role,backup,Active,3.0,direct_component_blend,20260908_1821_receiving_yards_blend,2026-09-30T11:26:54+00:00,2026-09-30T11:27:07+00:00
2026,4,401872967,2026-10-04,12:00,00-0038728,Jared Wayne,HOU,DAL,WR,rushing_yards,0.0,-11.8,16.5,,,eligible,eligible_current_role,backup,Active,5.0,direct_component_blend,20260908_1821_rushing_yards_blend,2026-09-30T11:26:54+00:00,2026-09-30T11:27:07+00:00
2026,4,401872967,2026-10-04,12:00,00-0038728,Jared Wayne,HOU,DAL,WR,receiving_yards,13.3,-5.3,45.3,,,eligible,eligible_current_role,backup,Active,5.0,direct_component_blend,20260908_1821_receiving_yards_blend,2026-09-30T11:26:54+00:00,2026-09-30T11:27:07+00:00
2026,4,401872967,2026-10-04,12:00,00-0038738,Hunter Luepke,DAL,HOU,RB,rushing_yards,10.1,-11.9,41.1,,,eligible,eligible_current_role,starter,,1.0,direct_component_blend,20260908_1821_rushing_yards_blend,2026-09-30T11:26:54+00:00,2026-09-30T11:27:07+00:00
2026,4,401872967,2026-10-04,12:00,00-0038738,Hunter Luepke,DAL,HOU,RB,receiving_yards,7.5,-9.7,36.3,,,eligible,eligible_current_role,starter,,1.0,direct_component_blend,20260908_1821_receiving_yards_blend,2026-09-30T11:26:54+00:00,2026-09-30T11:27:07+00:00
2026,4,401872967,2026-10-04,12:00,00-0038742,Tyrus Wheat,DAL,HOU,LB,tackles,0.9,0.0,3.3,0.4809515353458382,0.20663973619027698,eligible,eligible_current_role,backup,,3.0,direct,20260908_1821_tackles_direct,2026-09-30T11:26:54+00:00,2026-09-30T11:27:07+00:00
2026,4,401872967,2026-10-04,12:00,00-0039062,Jonathan Mingo,DAL,HOU,WR,rushing_yards,0.0,-10.8,15.0,,,eligible,eligible_current_role,backup,,5.0,direct_component_blend,20260908_1821_rushing_yards_blend,2026-09-30T11:26:54+00:00,2026-09-30T11:27:07+00:00
2026,4,401872967,2026-10-04,12:00,00-0039062,Jonathan Mingo,DAL,HOU,WR,receiving_yards,5.2,-11.9,34.0,,,eligible,eligible_current_role,backup,,5.0,direct_component_blend,20260908_1821_receiving_yards_blend,2026-09-30T11:26:54+00:00,2026-09-30T11:27:07+00:00
2026,4,401872967,2026-10-04,12:00,00-0039108,Will Anderson Jr.,HOU,DAL,DL,tackles,2.4,0.4,4.9,0.8535314610424043,0.6336643871595922,eligible,eligible_current_role,starter,Active,1.0,direct,20260908_1821_tackles_direct,2026-09-30T11:26:54+00:00,2026-09-30T11:27:07+00:00
2026,4,401872967,2026-10-04,12:00,00-0039163,C.J. Stroud,HOU,DAL,QB,passing_yards,228.4,134.9,334.6,,,eligible,eligible_current_role,starter,Active,1.0,direct_component_blend,20260908_1821_passing_yards_blend,2026-09-30T11:26:54+00:00,2026-09-30T11:27:07+00:00
2026,4,401872967,2026-10-04,12:00,00-0039163,C.J. Stroud,HOU,DAL,QB,passing_tds,1.542,,,0.8125,0.5077936998463025,eligible,eligible_current_role,starter,Active,1.0,direct_component_blend,20260908_1821_passing_tds_blend,2026-09-30T11:26:54+00:00,2026-09-30T11:27:07+00:00
2026,4,401872967,2026-10-04,12:00,00-0039163,C.J. Stroud,HOU,DAL,QB,rushing_yards,13.7,1.0,31.7,,,eligible,eligible_current_role,starter,Active,1.0,direct_component_blend,20260908_1821_rushing_yards_blend,2026-09-30T11:26:54+00:00,2026-09-30T11:27:07+00:00
2026,4,401872967,2026-10-04,12:00,00-0039343,Kamari Lassiter,HOU,DAL,DB,tackles,4.8,2.1,8.3,0.9787131406199607,0.9211145701457921,eligible,eligible_current_role,starter,,1.0,direct,20260908_1821_tackles_direct,2026-09-30T11:26:54+00:00,2026-09-30T11:27:07+00:00
2026,4,401872967,2026-10-04,12:00,00-0039359,Cade Stover,HOU,DAL,TE,rushing_yards,0.3,-10.4,15.4,,,eligible,eligible_current_role,backup,,4.0,direct_component_blend,20260908_1821_rushing_yards_blend,2026-09-30T11:26:54+00:00,2026-09-30T11:27:07+00:00
2026,4,401872967,2026-10-04,12:00,00-0039359,Cade Stover,HOU,DAL,TE,receiving_yards,10.9,-6.3,39.7,,,eligible,eligible_current_role,backup,,4.0,direct_component_blend,20260908_1821_receiving_yards_blend,2026-09-30T11:26:54+00:00,2026-09-30T11:27:07+00:00
2026,4,401872967,2026-10-04,12:00,00-0039387,Caelen Carson,DAL,HOU,DB,tackles,2.3,0.4,4.8,0.8451427402315322,0.6176006750903056,eligible,eligible_current_role,backup,Active,3.0,direct,20260908_1821_tackles_direct,2026-09-30T11:26:54+00:00,2026-09-30T11:27:07+00:00
2026,4,401872967,2026-10-04,12:00,00-0039395,Jamal Hill,HOU,DAL,LB,tackles,0.9,0.0,3.4,0.5125324163519909,0.2301143480814781,eligible,eligible_current_role,backup,,2.0,direct,20260908_1821_tackles_direct,2026-09-30T11:26:54+00:00,2026-09-30T11:27:07+00:00
2026,4,401872967,2026-10-04,12:00,00-0039402,Jaden Crumedy,HOU,DAL,DL,tackles,1.7,0.0,4.1,0.7583700783229972,0.48000862519434545,eligible,eligible_current_role,backup,,3.0,direct,20260908_1821_tackles_direct,2026-09-30T11:26:54+00:00,2026-09-30T11:27:07+00:00
2026,4,401872967,2026-10-04,12:00,00-0039410,Ryan Flournoy,DAL,HOU,WR,rushing_yards,0.0,-10.8,15.0,,,eligible,eligible_current_role,backup,Active,3.0,direct_component_blend,20260908_1821_rushing_yards_blend,2026-09-30T11:26:54+00:00,2026-09-30T11:27:07+00:00
2026,4,401872967,2026-10-04,12:00,00-0039410,Ryan Flournoy,DAL,HOU,WR,receiving_yards,20.9,-5.8,70.0,,,eligible,eligible_current_role,backup,Active,3.0,direct_component_blend,20260908_1821_receiving_yards_blend,2026-09-30T11:26:54+00:00,2026-09-30T11:27:07+00:00
2026,4,401872967,2026-10-04,12:00,00-0039465,Reddy Steward,DAL,HOU,DB,tackles,3.7,1.6,6.4,0.9432850578852284,0.8359617606435612,eligible,eligible_current_role,recent_defensive_participant,,,direct,20260908_1821_tackles_direct,2026-09-30T11:26:54+00:00,2026-09-30T11:27:07+00:00
2026,4,401872967,2026-10-04,12:00,00-0039530,Brevyn Spann-Ford,DAL,HOU,TE,rushing_yards,0.0,-10.8,15.0,,,eligible,eligible_current_role,backup,,2.0,direct_component_blend,20260908_1821_rushing_yards_blend,2026-09-30T11:26:54+00:00,2026-09-30T11:27:07+00:00
2026,4,401872967,2026-10-04,12:00,00-0039530,Brevyn Spann-Ford,DAL,HOU,TE,receiving_yards,6.8,-10.3,35.7,,,eligible,eligible_current_role,backup,,2.0,direct_component_blend,20260908_1821_receiving_yards_blend,2026-09-30T11:26:54+00:00,2026-09-30T11:27:07+00:00
2026,4,401872967,2026-10-04,12:00,00-0039603,British Brooks,HOU,DAL,RB,rushing_yards,1.2,-9.5,16.3,,,eligible,eligible_current_role,backup,,3.0,direct_component_blend,20260908_1821_rushing_yards_blend,2026-09-30T11:26:54+00:00,2026-09-30T11:27:07+00:00
2026,4,401872967,2026-10-04,12:00,00-0039603,British Brooks,HOU,DAL,RB,receiving_yards,1.1,-16.0,29.9,,,eligible,eligible_current_role,backup,,3.0,direct_component_blend,20260908_1821_receiving_yards_blend,2026-09-30T11:26:54+00:00,2026-09-30T11:27:07+00:00
2026,4,401872967,2026-10-04,12:00,00-0039838,Calen Bullock,HOU,DAL,DB,tackles,3.9,1.2,7.4,0.9482933319079775,0.8457621512151874,eligible,eligible_current_role,starter,,1.0,direct,20260908_1821_tackles_direct,2026-09-30T11:26:54+00:00,2026-09-30T11:27:07+00:00
2026,4,401872967,2026-10-04,12:00,00-0040008,Shavon Revel Jr.,DAL,HOU,DB,tackles,3.6,1.0,7.1,0.9375121570706922,0.8250599395465833,eligible,questionable_flag,backup,Questionable,2.0,direct,20260908_1821_tackles_direct,2026-09-30T11:26:54+00:00,2026-09-30T11:27:07+00:00
2026,4,401872967,2026-10-04,12:00,00-0040011,Shemar James,DAL,HOU,LB,tackles,5.0,2.9,7.3,0.980126952926408,0.9284391612095048,eligible,eligible_current_role,recent_defensive_participant,,,direct,20260908_1821_tackles_direct,2026-09-30T11:26:54+00:00,2026-09-30T11:27:07+00:00
2026,4,401872967,2026-10-04,12:00,00-0040043,Justin Barron,DAL,HOU,LB,tackles,0.8,0.0,4.3,0.43299944601441065,0.16593286531669557,eligible,eligible_current_role,recent_defensive_participant,Active,,direct,20260908_1821_tackles_direct,2026-09-30T11:26:54+00:00,2026-09-30T11:27:07+00:00
2026,4,401872967,2026-10-04,12:00,00-0040045,Alijah Clark,DAL,HOU,DB,tackles,1.2,0.0,3.7,0.568425843539474,0.27800191511675626,eligible,eligible_current_role,backup,,2.0,direct,20260908_1821_tackles_direct,2026-09-30T11:26:54+00:00,2026-09-30T11:27:07+00:00
2026,4,401872967,2026-10-04,12:00,00-0040138,Jaylin Noel,HOU,DAL,WR,rushing_yards,1.3,-9.4,16.4,,,eligible,eligible_current_role,backup,Active,4.0,direct_component_blend,20260908_1821_rushing_yards_blend,2026-09-30T11:26:54+00:00,2026-09-30T11:27:07+00:00
2026,4,401872967,2026-10-04,12:00,00-0040138,Jaylin Noel,HOU,DAL,WR,receiving_yards,11.7,-5.5,40.5,,,eligible,eligible_current_role,backup,Active,4.0,direct_component_blend,20260908_1821_receiving_yards_blend,2026-09-30T11:26:54+00:00,2026-09-30T11:27:07+00:00
2026,4,401872967,2026-10-04,12:00,00-0040149,Jaylin Smith,HOU,DAL,DB,tackles,2.0,0.0,4.8,0.7994374211863899,0.5373401109580356,eligible,eligible_current_role,backup,,2.0,direct,20260908_1821_tackles_direct,2026-09-30T11:26:54+00:00,2026-09-30T11:27:07+00:00
2026,4,401872967,2026-10-04,12:00,00-0040583,Woody Marks,HOU,DAL,RB,rushing_yards,55.6,33.6,86.5,,,eligible,eligible_current_role,backup,Active,2.0,direct_component_blend,20260908_1821_rushing_yards_blend,2026-09-30T11:26:54+00:00,2026-09-30T11:27:07+00:00
2026,4,401872967,2026-10-04,12:00,00-0040583,Woody Marks,HOU,DAL,RB,receiving_yards,10.9,-6.2,39.7,,,eligible,eligible_current_role,backup,Active,2.0,direct_component_blend,20260908_1821_receiving_yards_blend,2026-09-30T11:26:54+00:00,2026-09-30T11:27:07+00:00
2026,4,401872967,2026-10-04,12:00,00-0040702,Mitch Van Vooren,DAL,HOU,TE,rushing_yards,0.0,-14.8,20.6,,,eligible,eligible_current_role,roster_only,,,direct_component_blend,20260908_1821_rushing_yards_blend,2026-09-30T11:26:54+00:00,2026-09-30T11:27:07+00:00
2026,4,401872967,2026-10-04,12:00,00-0040702,Mitch Van Vooren,DAL,HOU,TE,receiving_yards,4.0,-18.7,44.6,,,eligible,eligible_current_role,roster_only,,,direct_component_blend,20260908_1821_receiving_yards_blend,2026-09-30T11:26:54+00:00,2026-09-30T11:27:07+00:00
2026,4,401872967,2026-10-04,12:00,00-0040725,Donovan Ezeiruaku,DAL,HOU,LB,tackles,2.5,0.5,5.0,0.8648952942060777,0.6562741533818499,eligible,eligible_current_role,starter,,1.0,direct,20260908_1821_tackles_direct,2026-09-30T11:26:54+00:00,2026-09-30T11:27:07+00:00
2026,4,401872967,2026-10-04,12:00,00-0040865,Caleb Downs,DAL,HOU,DB,tackles,3.2,0.4,7.1,0.9154642935969769,0.7798242495555302,eligible,eligible_current_role,starter,Active,1.0,direct,20260908_1821_tackles_direct,2026-09-30T11:26:54+00:00,2026-09-30T11:27:07+00:00
2026,4,401872967,2026-10-04,12:00,00-0040872,Jaishawn Barham,DAL,HOU,LB,tackles,1.5,0.0,5.0,0.6987028904733136,0.4090608589998032,eligible,eligible_current_role,recent_defensive_participant,,,direct,20260908_1821_tackles_direct,2026-09-30T11:26:54+00:00,2026-09-30T11:27:07+00:00
2026,4,401872967,2026-10-04,12:00,00-0040880,LT Overton,DAL,HOU,DL,tackles,1.3,0.0,4.8,0.5963665806203544,0.30441316131946206,eligible,eligible_current_role,backup,,2.0,direct,20260908_1821_tackles_direct,2026-09-30T11:26:54+00:00,2026-09-30T11:27:07+00:00
2026,4,401872967,2026-10-04,12:00,00-0040930,Camden Brown,DAL,HOU,WR,rushing_yards,0.0,-14.7,20.7,,,eligible,eligible_current_role,backup,Active,6.0,direct_component_blend,20260908_1821_rushing_yards_blend,2026-09-30T11:26:54+00:00,2026-09-30T11:27:07+00:00
2026,4,401872967,2026-10-04,12:00,00-0040930,Camden Brown,DAL,HOU,WR,receiving_yards,6.7,-15.9,47.3,,,eligible,eligible_current_role,backup,Active,6.0,direct_component_blend,20260908_1821_receiving_yards_blend,2026-09-30T11:26:54+00:00,2026-09-30T11:27:07+00:00
2026,4,401872967,2026-10-04,12:00,00-0041305,Sabastian Harsh,HOU,DAL,DL,tackles,1.2,0.0,4.7,0.5698293424533282,0.27934858464973306,eligible,eligible_current_role,backup,,3.0,direct,20260908_1821_tackles_direct,2026-09-30T11:26:54+00:00,2026-09-30T11:27:07+00:00
2026,4,401872967,2026-10-04,12:00,00-0041313,Collin Wright,HOU,DAL,DB,tackles,2.0,0.0,5.9,0.7888184247963733,0.5202117450040465,eligible,eligible_current_role,backup,Active,3.0,direct,20260908_1821_tackles_direct,2026-09-30T11:26:54+00:00,2026-09-30T11:27:07+00:00
2026,4,401872967,2026-10-04,12:00,00-0041449,Aiden Fisher,HOU,DAL,LB,tackles,2.2,0.0,5.7,0.8291488884214055,0.5881538839295594,eligible,eligible_current_role,starter,,1.0,direct,20260908_1821_tackles_direct,2026-09-30T11:26:54+00:00,2026-09-30T11:27:07+00:00
2026,4,401872967,2026-10-04,12:00,00-0041465,Wade Woodaz,HOU,DAL,LB,tackles,1.7,0.0,5.2,0.7572508333940021,0.47865906728603635,eligible,eligible_current_role,backup,,2.0,direct,20260908_1821_tackles_direct,2026-09-30T11:26:54+00:00,2026-09-30T11:27:07+00:00
2026,4,401872967,2026-10-04,12:00,00-0041466,Kamari Ramsey,HOU,DAL,DB,tackles,2.3,0.0,6.2,0.8413555227220774,0.6104037352576535,eligible,eligible_current_role,backup,,2.0,direct,20260908_1821_tackles_direct,2026-09-30T11:26:54+00:00,2026-09-30T11:27:07+00:00
2026,4,401872967,2026-10-04,12:00,00-0041467,Lewis Bond,HOU,DAL,WR,rushing_yards,0.0,-14.8,20.6,,,eligible,eligible_current_role,roster_only,,,direct_component_blend,20260908_1821_rushing_yards_blend,2026-09-30T11:26:54+00:00,2026-09-30T11:27:07+00:00
2026,4,401872967,2026-10-04,12:00,00-0041467,Lewis Bond,HOU,DAL,WR,receiving_yards,6.0,-16.7,46.5,,,eligible,eligible_current_role,roster_only,,,direct_component_blend,20260908_1821_receiving_yards_blend,2026-09-30T11:26:54+00:00,2026-09-30T11:27:07+00:00
2026,4,401872967,2026-10-04,12:00,00-0041472,Marlin Klein,HOU,DAL,TE,rushing_yards,0.0,-14.8,20.6,,,eligible,eligible_current_role,backup,,3.0,direct_component_blend,20260908_1821_rushing_yards_blend,2026-09-30T11:26:54+00:00,2026-09-30T11:27:07+00:00
2026,4,401872967,2026-10-04,12:00,00-0041472,Marlin Klein,HOU,DAL,TE,receiving_yards,4.6,-18.1,45.1,,,eligible,eligible_current_role,backup,,3.0,direct_component_blend,20260908_1821_receiving_yards_blend,2026-09-30T11:26:54+00:00,2026-09-30T11:27:07+00:00
2026,4,401872967,2026-10-04,12:00,00-0041537,Malachi Lawrence,DAL,HOU,LB,tackles,1.8,0.0,5.3,0.7653568932375565,0.48856116217944695,eligible,eligible_current_role,backup,,2.0,direct,20260908_1821_tackles_direct,2026-09-30T11:26:54+00:00,2026-09-30T11:27:07+00:00
2026,4,401872968,2026-10-04,13:00,00-0028118,Tyrod Taylor,GB,TB,QB,rushing_yards,13.6,0.8,31.6,,,eligible,eligible_current_role,backup,,2.0,direct_component_blend,20260908_1821_rushing_yards_blend,2026-09-30T11:26:54+00:00,2026-09-30T11:27:07+00:00
2026,4,401872968,2026-10-04,13:00,00-0031957,Rakeem Nunez-Roches,TB,GB,DL,tackles,1.4,0.0,3.9,0.6612446072742045,0.36835282582031015,eligible,eligible_current_role,backup,Active,3.0,direct,20260908_1821_tackles_direct,2026-09-30T11:26:54+00:00,2026-09-30T11:27:07+00:00
2026,4,401872968,2026-10-04,13:00,00-0032399,Miles Killebrew,TB,GB,DB,tackles,0.7,0.0,3.2,0.40799529601485734,0.13408725276563865,eligible,eligible_current_role,backup,,2.0,direct,20260908_1821_tackles_direct,2026-09-30T11:26:54+00:00,2026-09-30T11:27:07+00:00
2026,4,401872968,2026-10-04,13:00,00-0032889,A'Shawn Robinson,TB,GB,DL,tackles,3.5,1.3,6.2,0.9303032931628198,0.8119627112425245,eligible,eligible_current_role,starter,,1.0,direct,20260908_1821_tackles_direct,2026-09-30T11:26:54+00:00,2026-09-30T11:27:07+00:00
2026,4,401872968,2026-10-04,13:00,00-0033109,Javon Hargrave,GB,TB,DL,tackles,2.5,0.5,5.0,0.8634002785354382,0.6532367792870932,eligible,eligible_current_role,starter,,1.0,direct,20260908_1821_tackles_direct,2026-09-30T11:26:54+00:00,2026-09-30T11:27:07+00:00
2026,4,401872968,2026-10-04,13:00,00-0033858,Jonnu Smith,GB,TB,TE,rushing_yards,3.8,-7.0,18.8,,,eligible,eligible_current_role,backup,Active,2.0,direct_component_blend,20260908_1821_rushing_yards_blend,2026-09-30T11:26:54+00:00,2026-09-30T11:27:07+00:00
2026,4,401872968,2026-10-04,13:00,00-0033858,Jonnu Smith,GB,TB,TE,receiving_yards,17.0,-0.2,45.8,,,eligible,eligible_current_role,backup,Active,2.0,direct_component_blend,20260908_1821_receiving_yards_blend,2026-09-30T11:26:54+00:00,2026-09-30T11:27:07+00:00
2026,4,401872968,2026-10-04,13:00,00-0033914,Alex Anzalone,TB,GB,LB,tackles,4.9,1.9,8.9,0.9798626539905585,0.9259880858993637,eligible,eligible_current_role,recent_defensive_participant,,,direct,20260908_1821_tackles_direct,2026-09-30T11:26:54+00:00,2026-09-30T11:27:07+00:00
2026,4,401872968,2026-10-04,13:00,00-0033921,Chris Godwin Jr.,TB,GB,WR,rushing_yards,0.8,-9.9,15.8,,,eligible,eligible_current_role,backup,Active,2.0,direct_component_blend,20260908_1821_rushing_yards_blend,2026-09-30T11:26:54+00:00,2026-09-30T11:27:07+00:00
2026,4,401872968,2026-10-04,13:00,00-0033921,Chris Godwin Jr.,TB,GB,WR,receiving_yards,53.1,26.5,102.3,,,eligible,eligible_current_role,backup,Active,2.0,direct_component_blend,20260908_1821_receiving_yards_blend,2026-09-30T11:26:54+00:00,2026-09-30T11:27:07+00:00
2026,4,401872968,2026-10-04,13:00,00-0033964,Al-Quadin Muhammad,TB,GB,LB,tackles,1.6,0.0,4.1,0.7526650159507409,0.4731871721295041,eligible,eligible_current_role,backup,,2.0,direct,20260908_1821_tackles_direct,2026-09-30T11:26:54+00:00,2026-09-30T11:27:07+00:00
2026,4,401872968,2026-10-04,13:00,00-0034431,Zaire Franklin,GB,TB,LB,tackles,6.8,3.9,10.9,0.983495145631068,0.9631067961165048,eligible,eligible_current_role,recent_defensive_participant,Active,,direct,20260908_1821_tackles_direct,2026-09-30T11:26:54+00:00,2026-09-30T11:27:07+00:00
2026,4,401872968,2026-10-04,13:00,00-0034773,Vita Vea,TB,GB,DL,tackles,2.4,0.3,5.1,0.8527857040740002,0.6322177408772764,eligible,eligible_current_role,starter,,1.0,direct,20260908_1821_tackles_direct,2026-09-30T11:26:54+00:00,2026-09-30T11:27:07+00:00
2026,4,401872968,2026-10-04,13:00,00-0035133,Keisean Nixon,GB,TB,DB,tackles,5.0,2.2,8.4,0.9801319251653919,0.9284855276315929,eligible,eligible_current_role,starter,,1.0,direct,20260908_1821_tackles_direct,2026-09-30T11:26:54+00:00,2026-09-30T11:27:07+00:00
2026,4,401872968,2026-10-04,13:00,00-0035254,Anthony Nelson,TB,GB,LB,tackles,1.2,0.0,3.7,0.5746268955306371,0.2839994533049964,eligible,eligible_current_role,backup,Active,2.0,direct,20260908_1821_tackles_direct,2026-09-30T11:26:54+00:00,2026-09-30T11:27:07+00:00
2026,4,401872968,2026-10-04,13:00,00-0035358,Chase McLaughlin,TB,GB,K,kicking_points,7.1,2.0,12.9,,,eligible,eligible_current_role,starter,Active,1.0,component,20260908_1821_kicking_points_component,2026-09-30T11:26:54+00:00,2026-09-30T11:27:07+00:00
2026,4,401872968,2026-10-04,13:00,00-0035942,Christian Rozeboom,TB,GB,LB,tackles,6.8,3.9,10.9,0.983495145631068,0.9631067961165048,eligible,eligible_current_role,recent_defensive_participant,,,direct,20260908_1821_tackles_direct,2026-09-30T11:26:54+00:00,2026-09-30T11:27:07+00:00
2026,4,401872968,2026-10-04,13:00,00-0036264,Jordan Love,GB,TB,QB,passing_yards,223.0,129.5,329.2,,,eligible,eligible_current_role,starter,Active,1.0,direct_component_blend,20260908_1821_passing_yards_blend,2026-09-30T11:26:54+00:00,2026-09-30T11:27:07+00:00
2026,4,401872968,2026-10-04,13:00,00-0036264,Jordan Love,GB,TB,QB,passing_tds,1.547,,,0.8125,0.5084047880334023,eligible,eligible_current_role,starter,Active,1.0,direct_component_blend,20260908_1821_passing_tds_blend,2026-09-30T11:26:54+00:00,2026-09-30T11:27:07+00:00
2026,4,401872968,2026-10-04,13:00,00-0036264,Jordan Love,GB,TB,QB,rushing_yards,8.2,-2.5,23.3,,,eligible,eligible_current_role,starter,Active,1.0,direct_component_blend,20260908_1821_rushing_yards_blend,2026-09-30T11:26:54+00:00,2026-09-30T11:27:07+00:00
2026,4,401872968,2026-10-04,13:00,00-0036388,Xavier McKinney,GB,TB,DB,tackles,6.0,3.3,9.5,0.9831215757478502,0.9586557178252438,eligible,eligible_current_role,starter,Active,1.0,direct,20260908_1821_tackles_direct,2026-09-30T11:26:54+00:00,2026-09-30T11:27:07+00:00
2026,4,401872968,2026-10-04,13:00,00-0036411,Antoine Winfield Jr.,TB,GB,DB,tackles,5.7,3.0,9.1,0.9824261629219079,0.9511231427075525,eligible,eligible_current_role,starter,,1.0,direct,20260908_1821_tackles_direct,2026-09-30T11:26:54+00:00,2026-09-30T11:27:07+00:00
2026,4,401872968,2026-10-04,13:00,00-0036625,Benjamin St-Juste,GB,TB,DB,tackles,2.8,0.7,5.6,0.8933953956031258,0.7192387776069579,eligible,eligible_current_role,backup,,2.0,direct,20260908_1821_tackles_direct,2026-09-30T11:26:54+00:00,2026-09-30T11:27:07+00:00
2026,4,401872968,2026-10-04,13:00,00-0036658,Isaiah McDuffie,GB,TB,LB,tackles,5.1,3.0,7.5,0.9807593896203761,0.934417154415009,eligible,eligible_current_role,recent_defensive_participant,,,direct,20260908_1821_tackles_direct,2026-09-30T11:26:54+00:00,2026-09-30T11:27:07+00:00
2026,4,401872968,2026-10-04,13:00,00-0036919,Kenny Gainwell,TB,GB,RB,rushing_yards,26.0,4.0,56.9,,,eligible,eligible_current_role,backup,Active,2.0,direct_component_blend,20260908_1821_rushing_yards_blend,2026-09-30T11:26:54+00:00,2026-09-30T11:27:07+00:00
2026,4,401872968,2026-10-04,13:00,00-0036919,Kenny Gainwell,TB,GB,RB,receiving_yards,18.4,1.2,47.2,,,eligible,eligible_current_role,backup,Active,2.0,direct_component_blend,20260908_1821_receiving_yards_blend,2026-09-30T11:26:54+00:00,2026-09-30T11:27:07+00:00
2026,4,401872968,2026-10-04,13:00,00-0036993,Ifeatu Melifonwu,TB,GB,DB,tackles,3.4,0.7,6.9,0.9249040066572055,0.8024842822467005,eligible,eligible_current_role,backup,Active,2.0,direct,20260908_1821_tackles_direct,2026-09-30T11:26:54+00:00,2026-09-30T11:27:07+00:00
2026,4,401872968,2026-10-04,13:00,00-0037075,Devonte Wyatt,GB,TB,DL,tackles,2.7,0.7,5.1,0.8810861081382326,0.6905170102773004,eligible,eligible_current_role,starter,,1.0,direct,20260908_1821_tackles_direct,2026-09-30T11:26:54+00:00,2026-09-30T11:27:07+00:00
2026,4,401872968,2026-10-04,13:00,00-0037091,Bo Melton,GB,TB,WR,rushing_yards,0.7,-10.0,15.8,,,eligible,eligible_current_role,backup,Active,5.0,direct_component_blend,20260908_1821_rushing_yards_blend,2026-09-30T11:26:54+00:00,2026-09-30T11:27:07+00:00
2026,4,401872968,2026-10-04,13:00,00-0037091,Bo Melton,GB,TB,WR,receiving_yards,11.8,-5.3,40.6,,,eligible,eligible_current_role,backup,Active,5.0,direct_component_blend,20260908_1821_receiving_yards_blend,2026-09-30T11:26:54+00:00,2026-09-30T11:27:07+00:00
2026,4,401872968,2026-10-04,13:00,00-0037094,Jonathan Ford,GB,TB,DL,tackles,0.8,0.0,3.3,0.45939928099984517,0.19166932658129068,eligible,eligible_current_role,backup,,2.0,direct,20260908_1821_tackles_direct,2026-09-30T11:26:54+00:00,2026-09-30T11:27:07+00:00
2026,4,401872968,2026-10-04,13:00,00-0037268,Zyon McCollum,TB,GB,DB,tackles,3.6,0.9,7.1,0.9368421752316181,0.8238196606370498,eligible,eligible_current_role,starter,,1.0,direct,20260908_1821_tackles_direct,2026-09-30T11:26:54+00:00,2026-09-30T11:27:07+00:00
2026,4,401872968,2026-10-04,13:00,00-0037311,Ko Kieft,TB,GB,TE,rushing_yards,0.0,-10.8,15.0,,,eligible,eligible_current_role,backup,,3.0,direct_component_blend,20260908_1821_rushing_yards_blend,2026-09-30T11:26:54+00:00,2026-09-30T11:27:07+00:00
2026,4,401872968,2026-10-04,13:00,00-0037311,Ko Kieft,TB,GB,TE,receiving_yards,2.9,-14.3,31.7,,,eligible,eligible_current_role,backup,,3.0,direct_component_blend,20260908_1821_receiving_yards_blend,2026-09-30T11:26:54+00:00,2026-09-30T11:27:07+00:00
2026,4,401872968,2026-10-04,13:00,00-0038090,Skyy Moore,GB,TB,WR,rushing_yards,0.4,-10.3,15.5,,,eligible,eligible_current_role,backup,Active,4.0,direct_component_blend,20260908_1821_rushing_yards_blend,2026-09-30T11:26:54+00:00,2026-09-30T11:27:07+00:00
2026,4,401872968,2026-10-04,13:00,00-0038090,Skyy Moore,GB,TB,WR,receiving_yards,6.3,-10.9,35.1,,,eligible,eligible_current_role,backup,Active,4.0,direct_component_blend,20260908_1821_receiving_yards_blend,2026-09-30T11:26:54+00:00,2026-09-30T11:27:07+00:00
2026,4,401872968,2026-10-04,13:00,00-0038124,Christian Watson,GB,TB,WR,rushing_yards,0.2,-10.5,15.3,,,eligible,eligible_current_role,starter,Active,1.0,direct_component_blend,20260908_1821_rushing_yards_blend,2026-09-30T11:26:54+00:00,2026-09-30T11:27:07+00:00
2026,4,401872968,2026-10-04,13:00,00-0038124,Christian Watson,GB,TB,WR,receiving_yards,50.7,24.1,99.9,,,eligible,eligible_current_role,starter,Active,1.0,direct_component_blend,20260908_1821_receiving_yards_blend,2026-09-30T11:26:54+00:00,2026-09-30T11:27:07+00:00
2026,4,401872968,2026-10-04,13:00,00-0038129,Cade Otton,TB,GB,TE,rushing_yards,0.0,-10.8,15.0,,,eligible,eligible_current_role,starter,Active,1.0,direct_component_blend,20260908_1821_rushing_yards_blend,2026-09-30T11:26:54+00:00,2026-09-30T11:27:07+00:00
2026,4,401872968,2026-10-04,13:00,00-0038129,Cade Otton,TB,GB,TE,receiving_yards,28.9,11.7,57.7,,,eligible,eligible_current_role,starter,Active,1.0,direct_component_blend,20260908_1821_receiving_yards_blend,2026-09-30T11:26:54+00:00,2026-09-30T11:27:07+00:00
2026,4,401872968,2026-10-04,13:00,00-0038398,Karl Brooks,GB,TB,DL,tackles,2.3,0.2,5.1,0.8492172994942494,0.6253557660929514,eligible,eligible_current_role,starter,,1.0,direct,20260908_1821_tackles_direct,2026-09-30T11:26:54+00:00,2026-09-30T11:27:07+00:00
2026,4,401872968,2026-10-04,13:00,00-0038408,Carrington Valentine,GB,TB,DB,tackles,2.6,0.0,6.2,0.8776854347912697,0.6831083336269685,eligible,eligible_current_role,backup,,2.0,direct,20260908_1821_tackles_direct,2026-09-30T11:26:54+00:00,2026-09-30T11:27:07+00:00
2026,4,401872968,2026-10-04,13:00,00-0038463,Brenton Cox Jr.,GB,TB,LB,tackles,1.3,0.0,3.8,0.6333040565828102,0.33985181789933383,eligible,eligible_current_role,backup,,2.0,direct,20260908_1821_tackles_direct,2026-09-30T11:26:54+00:00,2026-09-30T11:27:07+00:00
2026,4,401872968,2026-10-04,13:00,00-0038589,Josh Whyle,GB,TB,TE,rushing_yards,0.0,-10.8,15.0,,,eligible,eligible_current_role,backup,,4.0,direct_component_blend,20260908_1821_rushing_yards_blend,2026-09-30T11:26:54+00:00,2026-09-30T11:27:07+00:00
2026,4,401872968,2026-10-04,13:00,00-0038589,Josh Whyle,GB,TB,TE,receiving_yards,8.2,-8.9,37.0,,,eligible,eligible_current_role,backup,,4.0,direct_component_blend,20260908_1821_receiving_yards_blend,2026-09-30T11:26:54+00:00,2026-09-30T11:27:07+00:00
2026,4,401872968,2026-10-04,13:00,00-0038685,Chris Brooks,GB,TB,RB,rushing_yards,6.9,-3.8,22.0,,,eligible,eligible_current_role,backup,Active,3.0,direct_component_blend,20260908_1821_rushing_yards_blend,2026-09-30T11:26:54+00:00,2026-09-30T11:27:07+00:00
2026,4,401872968,2026-10-04,13:00,00-0038685,Chris Brooks,GB,TB,RB,receiving_yards,6.4,-10.8,35.2,,,eligible,eligible_current_role,backup,Active,3.0,direct_component_blend,20260908_1821_receiving_yards_blend,2026-09-30T11:26:54+00:00,2026-09-30T11:27:07+00:00
2026,4,401872968,2026-10-04,13:00,00-0038951,Sean Tucker,TB,GB,RB,rushing_yards,14.5,-7.5,45.4,,,eligible,eligible_current_role,backup,Active,3.0,direct_component_blend,20260908_1821_rushing_yards_blend,2026-09-30T11:26:54+00:00,2026-09-30T11:27:07+00:00
2026,4,401872968,2026-10-04,13:00,00-0038951,Sean Tucker,TB,GB,RB,receiving_yards,1.6,-15.6,30.4,,,eligible,eligible_current_role,backup,Active,3.0,direct_component_blend,20260908_1821_receiving_yards_blend,2026-09-30T11:26:54+00:00,2026-09-30T11:27:07+00:00
2026,4,401872968,2026-10-04,13:00,00-0038996,Tucker Kraft,GB,TB,TE,rushing_yards,0.0,-10.8,15.0,,,eligible,eligible_current_role,starter,Active,1.0,direct_component_blend,20260908_1821_rushing_yards_blend,2026-09-30T11:26:54+00:00,2026-09-30T11:27:07+00:00
2026,4,401872968,2026-10-04,13:00,00-0038996,Tucker Kraft,GB,TB,TE,receiving_yards,35.6,15.9,69.9,,,eligible,eligible_current_role,starter,Active,1.0,direct_component_blend,20260908_1821_receiving_yards_blend,2026-09-30T11:26:54+00:00,2026-09-30T11:27:07+00:00
2026,4,401872968,2026-10-04,13:00,00-0039049,SirVocea Dennis,TB,GB,LB,tackles,5.7,2.7,9.7,0.9824829347489418,0.9517228229599716,eligible,eligible_current_role,recent_defensive_participant,Active,,direct,20260908_1821_tackles_direct,2026-09-30T11:26:54+00:00,2026-09-30T11:27:07+00:00
2026,4,401872968,2026-10-04,13:00,00-0039050,Payne Durham,TB,GB,TE,rushing_yards,0.0,-10.8,15.0,,,eligible,eligible_current_role,backup,,2.0,direct_component_blend,20260908_1821_rushing_yards_blend,2026-09-30T11:26:54+00:00,2026-09-30T11:27:07+00:00
2026,4,401872968,2026-10-04,13:00,00-0039050,Payne Durham,TB,GB,TE,receiving_yards,2.6,-14.6,31.4,,,eligible,eligible_current_role,backup,,2.0,direct_component_blend,20260908_1821_receiving_yards_blend,2026-09-30T11:26:54+00:00,2026-09-30T11:27:07+00:00
2026,4,401872968,2026-10-04,13:00,00-0039063,Calijah Kancey,TB,GB,DL,tackles,1.4,0.0,3.9,0.6537182962702771,0.3605250330646905,eligible,eligible_current_role,starter,,1.0,direct,20260908_1821_tackles_direct,2026-09-30T11:26:54+00:00,2026-09-30T11:27:07+00:00
2026,4,401872968,2026-10-04,13:00,00-0039068,Yaya Diaby,TB,GB,LB,tackles,2.9,0.0,7.0,0.8989674151655358,0.7337810934559756,eligible,eligible_current_role,starter,,1.0,direct,20260908_1821_tackles_direct,2026-09-30T11:26:54+00:00,2026-09-30T11:27:07+00:00
2026,4,401872968,2026-10-04,13:00,00-0039112,Lukas Van Ness,GB,TB,LB,tackles,2.9,0.9,5.3,0.8963518877732984,0.7268982862520222,eligible,eligible_current_role,starter,,1.0,direct,20260908_1821_tackles_direct,2026-09-30T11:26:54+00:00,2026-09-30T11:27:07+00:00
2026,4,401872968,2026-10-04,13:00,00-0039146,Jayden Reed,GB,TB,WR,rushing_yards,2.1,-8.6,17.2,,,eligible,eligible_current_role,backup,Doubtful,3.0,direct_component_blend,20260908_1821_rushing_yards_blend,2026-09-30T11:26:54+00:00,2026-09-30T11:27:07+00:00
2026,4,401872968,2026-10-04,13:00,00-0039146,Jayden Reed,GB,TB,WR,receiving_yards,35.4,8.7,84.6,,,eligible,eligible_current_role,backup,Doubtful,3.0,direct_component_blend,20260908_1821_receiving_yards_blend,2026-09-30T11:26:54+00:00,2026-09-30T11:27:07+00:00
2026,4,401872968,2026-10-04,13:00,00-0039263,McCallan Castles,GB,TB,TE,rushing_yards,0.0,-14.7,20.7,,,eligible,eligible_current_role,roster_only,,,direct_component_blend,20260908_1821_rushing_yards_blend,2026-09-30T11:26:54+00:00,2026-09-30T11:27:07+00:00
2026,4,401872968,2026-10-04,13:00,00-0039263,McCallan Castles,GB,TB,TE,receiving_yards,4.1,-18.5,44.7,,,eligible,eligible_current_role,roster_only,,,direct_component_blend,20260908_1821_receiving_yards_blend,2026-09-30T11:26:54+00:00,2026-09-30T11:27:07+00:00
2026,4,401872968,2026-10-04,13:00,00-0039361,Bucky Irving,TB,GB,RB,rushing_yards,64.3,42.3,95.2,,,eligible,eligible_current_role,starter,Active,1.0,direct_component_blend,20260908_1821_rushing_yards_blend,2026-09-30T11:26:54+00:00,2026-09-30T11:27:07+00:00
2026,4,401872968,2026-10-04,13:00,00-0039361,Bucky Irving,TB,GB,RB,receiving_yards,17.1,-0.0,45.9,,,eligible,eligible_current_role,starter,Active,1.0,direct_component_blend,20260908_1821_receiving_yards_blend,2026-09-30T11:26:54+00:00,2026-09-30T11:27:07+00:00
2026,4,401872968,2026-10-04,13:00,00-0039589,Kameron Johnson,TB,GB,WR,rushing_yards,0.1,-10.6,15.1,,,eligible,eligible_current_role,backup,,5.0,direct_component_blend,20260908_1821_rushing_yards_blend,2026-09-30T11:26:54+00:00,2026-09-30T11:27:07+00:00
2026,4,401872968,2026-10-04,13:00,00-0039589,Kameron Johnson,TB,GB,WR,receiving_yards,0.8,-16.4,29.6,,,eligible,eligible_current_role,backup,,5.0,direct_component_blend,20260908_1821_receiving_yards_blend,2026-09-30T11:26:54+00:00,2026-09-30T11:27:07+00:00
2026,4,401872968,2026-10-04,13:00,00-0039811,MarShawn Lloyd,GB,TB,RB,rushing_yards,15.8,-8.4,49.8,,,eligible,eligible_current_role,backup,Active,2.0,direct_component_blend,20260908_1821_rushing_yards_blend,2026-09-30T11:26:54+00:00,2026-09-30T11:27:07+00:00
2026,4,401872968,2026-10-04,13:00,00-0039811,MarShawn Lloyd,GB,TB,RB,receiving_yards,5.0,-13.6,36.9,,,eligible,eligible_current_role,backup,Active,2.0,direct_component_blend,20260908_1821_receiving_yards_blend,2026-09-30T11:26:54+00:00,2026-09-30T11:27:07+00:00
2026,4,401872968,2026-10-04,13:00,00-0039812,Ty'Ron Hopper,GB,TB,LB,tackles,1.1,0.0,3.6,0.5595776118147548,0.2696543448420856,eligible,eligible_current_role,recent_defensive_participant,,,direct,20260908_1821_tackles_direct,2026-09-30T11:26:54+00:00,2026-09-30T11:27:07+00:00
2026,4,401872968,2026-10-04,13:00,00-0039813,Evan Williams,GB,TB,DB,tackles,5.1,2.4,8.5,0.9807110115255525,0.9339538835608515,eligible,eligible_current_role,starter,Active,1.0,direct,20260908_1821_tackles_direct,2026-09-30T11:26:54+00:00,2026-09-30T11:27:07+00:00
2026,4,401872968,2026-10-04,13:00,00-0039818,Kitan Oladapo,GB,TB,DB,tackles,0.6,0.0,3.1,0.39088263821532493,0.11445198836081474,eligible,eligible_current_role,backup,,2.0,direct,20260908_1821_tackles_direct,2026-09-30T11:26:54+00:00,2026-09-30T11:27:07+00:00
2026,4,401872968,2026-10-04,13:00,00-0039831,Kamal Hadden,GB,TB,DB,tackles,1.1,0.0,3.6,0.5653523783037401,0.27507464967085177,eligible,eligible_current_role,backup,,2.0,direct,20260908_1821_tackles_direct,2026-09-30T11:26:54+00:00,2026-09-30T11:27:07+00:00
2026,4,401872968,2026-10-04,13:00,00-0039846,Tykee Smith,TB,GB,DB,tackles,4.2,2.0,6.9,0.9622313953576458,0.8779740782932313,eligible,eligible_current_role,starter,Active,1.0,direct,20260908_1821_tackles_direct,2026-09-30T11:26:54+00:00,2026-09-30T11:27:07+00:00
2026,4,401872968,2026-10-04,13:00,00-0039850,Edgerrin Cooper,GB,TB,LB,tackles,6.6,3.6,10.6,0.983495145631068,0.9631067961165048,eligible,questionable_flag,recent_defensive_participant,Questionable,,direct,20260908_1821_tackles_direct,2026-09-30T11:26:54+00:00,2026-09-30T11:27:07+00:00
2026,4,401872968,2026-10-04,13:00,00-0039867,Javon Bullard,GB,TB,DB,tackles,4.7,2.0,8.2,0.9766164120260737,0.9152684243852708,eligible,eligible_current_role,starter,,1.0,direct,20260908_1821_tackles_direct,2026-09-30T11:26:54+00:00,2026-09-30T11:27:07+00:00
2026,4,401872968,2026-10-04,13:00,00-0040010,Barryn Sorrell,GB,TB,LB,tackles,1.1,0.0,3.6,0.5652830198096662,0.2750089331064452,eligible,eligible_current_role,starter,,1.0,direct,20260908_1821_tackles_direct,2026-09-30T11:26:54+00:00,2026-09-30T11:27:07+00:00
2026,4,401872968,2026-10-04,13:00,00-0040016,Warren Brinson,GB,TB,DL,tackles,1.6,0.0,4.0,0.7425224274777439,0.4611638438904616,eligible,questionable_flag,backup,Questionable,2.0,direct,20260908_1821_tackles_direct,2026-09-30T11:26:54+00:00,2026-09-30T11:27:07+00:00
2026,4,401872968,2026-10-04,13:00,00-0040089,Kevin Knowles,TB,GB,DB,tackles,1.2,0.0,4.0,0.5750916399832979,0.2844539320182839,eligible,eligible_current_role,backup,,2.0,direct,20260908_1821_tackles_direct,2026-09-30T11:26:54+00:00,2026-09-30T11:27:07+00:00
2026,4,401872968,2026-10-04,13:00,00-0040129,Emeka Egbuka,TB,GB,WR,rushing_yards,0.1,-10.6,15.2,,,eligible,eligible_current_role,starter,Active,1.0,direct_component_blend,20260908_1821_rushing_yards_blend,2026-09-30T11:26:54+00:00,2026-09-30T11:27:07+00:00
2026,4,401872968,2026-10-04,13:00,00-0040129,Emeka Egbuka,TB,GB,WR,receiving_yards,56.5,29.9,105.7,,,eligible,eligible_current_role,starter,Active,1.0,direct_component_blend,20260908_1821_receiving_yards_blend,2026-09-30T11:26:54+00:00,2026-09-30T11:27:07+00:00
2026,4,401872968,2026-10-04,13:00,00-0040142,Kaleb Johnson,GB,TB,RB,rushing_yards,11.0,0.3,26.0,,,eligible,eligible_current_role,starter,Active,1.0,direct_component_blend,20260908_1821_rushing_yards_blend,2026-09-30T11:26:54+00:00,2026-09-30T11:27:07+00:00
2026,4,401872968,2026-10-04,13:00,00-0040142,Kaleb Johnson,GB,TB,RB,receiving_yards,2.1,-15.1,30.9,,,eligible,eligible_current_role,starter,Active,1.0,direct_component_blend,20260908_1821_receiving_yards_blend,2026-09-30T11:26:54+00:00,2026-09-30T11:27:07+00:00
2026,4,401872968,2026-10-04,13:00,00-0040143,Jacob Parrish,TB,GB,DB,tackles,4.9,2.2,8.4,0.9799355618990421,0.9266616079009999,eligible,eligible_current_role,starter,Active,1.0,direct,20260908_1821_tackles_direct,2026-09-30T11:26:54+00:00,2026-09-30T11:27:07+00:00
2026,4,401872968,2026-10-04,13:00,00-0040158,David Walker,TB,GB,LB,tackles,1.1,0.0,4.6,0.5553131785535371,0.2657174472957624,eligible,eligible_current_role,backup,,3.0,direct,20260908_1821_tackles_direct,2026-09-30T11:26:54+00:00,2026-09-30T11:27:07+00:00
2026,4,401872968,2026-10-04,13:00,00-0040183,Elijah Roberts,TB,GB,DL,tackles,1.5,0.0,3.9,0.6966474645745016,0.4067485266080917,eligible,eligible_current_role,backup,,2.0,direct,20260908_1821_tackles_direct,2026-09-30T11:26:54+00:00,2026-09-30T11:27:07+00:00
2026,4,401872968,2026-10-04,13:00,00-0040237,Tez Johnson,TB,GB,WR,rushing_yards,0.3,-10.4,15.4,,,eligible,eligible_current_role,backup,Active,4.0,direct_component_blend,20260908_1821_rushing_yards_blend,2026-09-30T11:26:54+00:00,2026-09-30T11:27:07+00:00
2026,4,401872968,2026-10-04,13:00,00-0040237,Tez Johnson,TB,GB,WR,receiving_yards,8.9,-8.2,37.7,,,eligible,eligible_current_role,backup,Active,4.0,direct_component_blend,20260908_1821_receiving_yards_blend,2026-09-30T11:26:54+00:00,2026-09-30T11:27:07+00:00
2026,4,401872968,2026-10-04,13:00,00-0040384,Elijah Simmons,TB,GB,DL,tackles,0.9,0.0,3.4,0.4998735116924017,0.22047835055754345,eligible,eligible_current_role,backup,Active,2.0,direct,20260908_1821_tackles_direct,2026-09-30T11:26:54+00:00,2026-09-30T11:27:07+00:00
2026,4,401872968,2026-10-04,13:00,00-0040429,Josh Williams,TB,GB,RB,rushing_yards,4.5,-7.3,21.0,,,eligible,eligible_current_role,roster_only,,,direct_component_blend,20260908_1821_rushing_yards_blend,2026-09-30T11:26:54+00:00,2026-09-30T11:27:07+00:00
2026,4,401872968,2026-10-04,13:00,00-0040429,Josh Williams,TB,GB,RB,receiving_yards,0.4,-18.2,32.3,,,eligible,eligible_current_role,roster_only,,,direct_component_blend,20260908_1821_receiving_yards_blend,2026-09-30T11:26:54+00:00,2026-09-30T11:27:07+00:00
2026,4,401872968,2026-10-04,13:00,00-0040598,Mark Redman,GB,TB,TE,rushing_yards,0.0,-14.7,20.7,,,eligible,eligible_current_role,backup,,3.0,direct_component_blend,20260908_1821_rushing_yards_blend,2026-09-30T11:26:54+00:00,2026-09-30T11:27:07+00:00
2026,4,401872968,2026-10-04,13:00,00-0040598,Mark Redman,GB,TB,TE,receiving_yards,4.4,-18.3,44.9,,,eligible,eligible_current_role,backup,,3.0,direct_component_blend,20260908_1821_receiving_yards_blend,2026-09-30T11:26:54+00:00,2026-09-30T11:27:07+00:00
2026,4,401872968,2026-10-04,13:00,00-0040667,Matthew Golden,GB,TB,WR,rushing_yards,1.1,-9.7,16.1,,,eligible,eligible_current_role,backup,Active,2.0,direct_component_blend,20260908_1821_rushing_yards_blend,2026-09-30T11:26:54+00:00,2026-09-30T11:27:07+00:00
2026,4,401872968,2026-10-04,13:00,00-0040667,Matthew Golden,GB,TB,WR,receiving_yards,20.8,3.6,49.6,,,eligible,eligible_current_role,backup,Active,2.0,direct_component_blend,20260908_1821_receiving_yards_blend,2026-09-30T11:26:54+00:00,2026-09-30T11:27:07+00:00
2026,4,401872968,2026-10-04,13:00,00-0040689,Anthony Campbell,GB,TB,DL,tackles,1.0,0.0,4.5,0.5477052463271106,0.2588297584753393,eligible,questionable_flag,backup,Questionable,3.0,direct,20260908_1821_tackles_direct,2026-09-30T11:26:54+00:00,2026-09-30T11:27:07+00:00
2026,4,401872968,2026-10-04,13:00,00-0040747,Benjamin Morrison,TB,GB,DB,tackles,3.6,1.0,7.1,0.9375413635890676,0.8251141199713983,eligible,eligible_current_role,starter,,1.0,direct,20260908_1821_tackles_direct,2026-09-30T11:26:54+00:00,2026-09-30T11:27:07+00:00
2026,4,401872968,2026-10-04,13:00,00-0040869,Chris McClellan,GB,TB,DL,tackles,1.2,0.0,4.7,0.5683261186967254,0.27790646610122166,eligible,eligible_current_role,backup,,2.0,direct,20260908_1821_tackles_direct,2026-09-30T11:26:54+00:00,2026-09-30T11:27:07+00:00
2026,4,401872968,2026-10-04,13:00,00-0040877,Dani Dennis-Sutton,GB,TB,LB,tackles,1.8,0.0,5.3,0.7680448423297659,0.4919116361516642,eligible,eligible_current_role,backup,,2.0,direct,20260908_1821_tackles_direct,2026-09-30T11:26:54+00:00,2026-09-30T11:27:07+00:00
2026,4,401872968,2026-10-04,13:00,00-0040899,Trey Smack,GB,TB,K,kicking_points,7.3,0.8,14.8,,,eligible,eligible_current_role,starter,Active,1.0,component,20260908_1821_kicking_points_component,2026-09-30T11:26:54+00:00,2026-09-30T11:27:07+00:00
2026,4,401872968,2026-10-04,13:00,00-0040948,J. Michael Sturdivant,GB,TB,WR,rushing_yards,0.0,-14.7,20.7,,,eligible,eligible_current_role,backup,Active,6.0,direct_component_blend,20260908_1821_rushing_yards_blend,2026-09-30T11:26:54+00:00,2026-09-30T11:27:07+00:00
2026,4,401872968,2026-10-04,13:00,00-0040948,J. Michael Sturdivant,GB,TB,WR,receiving_yards,6.9,-15.8,47.4,,,eligible,eligible_current_role,backup,Active,6.0,direct_component_blend,20260908_1821_receiving_yards_blend,2026-09-30T11:26:54+00:00,2026-09-30T11:27:07+00:00
2026,4,401872968,2026-10-04,13:00,00-0041031,Rueben Bain Jr.,TB,GB,LB,tackles,1.9,0.0,5.5,0.7870607208171873,0.5174249948061781,eligible,questionable_flag,starter,Questionable,1.0,direct,20260908_1821_tackles_direct,2026-09-30T11:26:54+00:00,2026-09-30T11:27:07+00:00
2026,4,401872968,2026-10-04,13:00,00-0041048,Ted Hurst III,TB,GB,WR,rushing_yards,0.0,-14.8,20.6,,,eligible,eligible_current_role,backup,Active,3.0,direct_component_blend,20260908_1821_rushing_yards_blend,2026-09-30T11:26:54+00:00,2026-09-30T11:27:07+00:00
2026,4,401872968,2026-10-04,13:00,00-0041048,Ted Hurst III,TB,GB,WR,receiving_yards,7.5,-15.1,48.1,,,eligible,eligible_current_role,backup,Active,3.0,direct_component_blend,20260908_1821_receiving_yards_blend,2026-09-30T11:26:54+00:00,2026-09-30T11:27:07+00:00
2026,4,401872968,2026-10-04,13:00,00-0041057,Keionte Scott,TB,GB,DB,tackles,2.1,0.0,6.1,0.8216794062018759,0.5749520345706551,eligible,eligible_current_role,backup,,2.0,direct,20260908_1821_tackles_direct,2026-09-30T11:26:54+00:00,2026-09-30T11:27:07+00:00
2026,4,401872968,2026-10-04,13:00,00-0041079,DeMonte Capehart,TB,GB,DL,tackles,1.2,0.0,4.7,0.5689692358533076,0.2785225626794948,eligible,eligible_current_role,backup,Active,2.0,direct,20260908_1821_tackles_direct,2026-09-30T11:26:54+00:00,2026-09-30T11:27:07+00:00
2026,4,401872968,2026-10-04,13:00,00-0041094,Bauer Sharp,TB,GB,TE,rushing_yards,0.0,-14.8,20.6,,,eligible,eligible_current_role,backup,,4.0,direct_component_blend,20260908_1821_rushing_yards_blend,2026-09-30T11:26:54+00:00,2026-09-30T11:27:07+00:00
2026,4,401872968,2026-10-04,13:00,00-0041094,Bauer Sharp,TB,GB,TE,receiving_yards,5.0,-17.6,45.6,,,eligible,eligible_current_role,backup,,4.0,direct_component_blend,20260908_1821_receiving_yards_blend,2026-09-30T11:26:54+00:00,2026-09-30T11:27:07+00:00
2026,4,401872968,2026-10-04,13:00,00-0041139,Damon Bankston,GB,TB,RB,rushing_yards,15.1,-15.1,57.6,,,eligible,eligible_current_role,roster_only,,,direct_component_blend,20260908_1821_rushing_yards_blend,2026-09-30T11:26:54+00:00,2026-09-30T11:27:07+00:00
2026,4,401872968,2026-10-04,13:00,00-0041139,Damon Bankston,GB,TB,RB,receiving_yards,3.6,-19.0,44.2,,,eligible,eligible_current_role,roster_only,,,direct_component_blend,20260908_1821_receiving_yards_blend,2026-09-30T11:26:54+00:00,2026-09-30T11:27:07+00:00
2026,4,401872968,2026-10-04,13:00,00-0041251,Jalon Daniels,TB,GB,QB,passing_yards,105.1,-75.4,310.2,,,eligible,eligible_current_role,backup,Active,2.0,direct_component_blend,20260908_1821_passing_yards_blend,2026-09-30T11:26:54+00:00,2026-09-30T11:27:07+00:00
2026,4,401872968,2026-10-04,13:00,00-0041251,Jalon Daniels,TB,GB,QB,passing_tds,0.233,,,0.15545606435865242,0.029538119578469014,eligible,eligible_current_role,backup,Active,2.0,direct_component_blend,20260908_1821_passing_tds_blend,2026-09-30T11:26:54+00:00,2026-09-30T11:27:07+00:00
2026,4,401872968,2026-10-04,13:00,00-0041251,Jalon Daniels,TB,GB,QB,rushing_yards,11.8,-12.0,45.3,,,eligible,eligible_current_role,backup,Active,2.0,direct_component_blend,20260908_1821_rushing_yards_blend,2026-09-30T11:26:54+00:00,2026-09-30T11:27:07+00:00
2026,4,401872968,2026-10-04,13:00,00-0041253,Ayden Garnes,TB,GB,DB,tackles,2.1,0.0,6.1,0.8216794062018759,0.5749520345706551,eligible,eligible_current_role,backup,Active,2.0,direct,20260908_1821_tackles_direct,2026-09-30T11:26:54+00:00,2026-09-30T11:27:07+00:00
2026,4,401872968,2026-10-04,13:00,00-0041470,Brandon Cisse,GB,TB,DB,tackles,3.0,0.2,6.9,0.9054459997388814,0.7512907860599143,eligible,eligible_current_role,starter,,1.0,direct,20260908_1821_tackles_direct,2026-09-30T11:26:54+00:00,2026-09-30T11:27:07+00:00
2026,4,401872968,2026-10-04,13:00,00-0041502,Josiah Trotter,TB,GB,LB,tackles,1.2,0.0,4.8,0.5825530870200112,0.29184748948409384,eligible,questionable_flag,recent_defensive_participant,Questionable,,direct,20260908_1821_tackles_direct,2026-09-30T11:26:54+00:00,2026-09-30T11:27:07+00:00
2026,4,401872969,2026-10-04,13:00,00-0026158,Joe Flacco,CIN,JAX,QB,rushing_yards,4.0,-6.8,19.0,,,eligible,eligible_current_role,backup,,2.0,direct_component_blend,20260908_1821_rushing_yards_blend,2026-09-30T11:26:54+00:00,2026-09-30T11:27:07+00:00
2026,4,401872969,2026-10-04,13:00,00-0026300,Josh Johnson,CIN,JAX,QB,rushing_yards,7.7,-3.0,22.8,,,eligible,eligible_current_role,roster_only,,,direct_component_blend,20260908_1821_rushing_yards_blend,2026-09-30T11:26:54+00:00,2026-09-30T11:27:07+00:00
2026,4,401872969,2026-10-04,13:00,00-0032104,Ameer Abdullah,JAX,CIN,RB,rushing_yards,9.4,-1.3,24.5,,,eligible,eligible_current_role,backup,Active,4.0,direct_component_blend,20260908_1821_rushing_yards_blend,2026-09-30T11:26:54+00:00,2026-09-30T11:27:07+00:00
2026,4,401872969,2026-10-04,13:00,00-0032104,Ameer Abdullah,JAX,CIN,RB,receiving_yards,3.7,-13.5,32.5,,,eligible,eligible_current_role,backup,Active,4.0,direct_component_blend,20260908_1821_receiving_yards_blend,2026-09-30T11:26:54+00:00,2026-09-30T11:27:07+00:00
2026,4,401872969,2026-10-04,13:00,00-0032164,Arik Armstead,JAX,CIN,DL,tackles,1.7,0.0,4.2,0.7645439372677098,0.48755450250765114,eligible,eligible_current_role,starter,,1.0,direct,20260908_1821_tackles_direct,2026-09-30T11:26:54+00:00,2026-09-30T11:27:07+00:00
2026,4,401872969,2026-10-04,13:00,00-0033038,Eric Murray,JAX,CIN,DB,tackles,4.6,1.9,8.0,0.973527840825595,0.9068770920856412,eligible,eligible_current_role,starter,,1.0,direct,20260908_1821_tackles_direct,2026-09-30T11:26:54+00:00,2026-09-30T11:27:07+00:00
2026,4,401872969,2026-10-04,13:00,00-0033319,Nick Mullens,JAX,CIN,QB,rushing_yards,4.5,-8.3,22.4,,,eligible,eligible_current_role,roster_only,,,direct_component_blend,20260908_1821_rushing_yards_blend,2026-09-30T11:26:54+00:00,2026-09-30T11:27:07+00:00
2026,4,401872969,2026-10-04,13:00,00-0033523,Jonathan Allen,CIN,JAX,DL,tackles,3.3,1.1,6.0,0.9191734290968416,0.7909038980359425,eligible,eligible_current_role,starter,Active,1.0,direct,20260908_1821_tackles_direct,2026-09-30T11:26:54+00:00,2026-09-30T11:27:07+00:00
2026,4,401872969,2026-10-04,13:00,00-0033526,Samaje Perine,CIN,JAX,RB,rushing_yards,16.0,-6.0,46.9,,,eligible,eligible_current_role,backup,Active,2.0,direct_component_blend,20260908_1821_rushing_yards_blend,2026-09-30T11:26:54+00:00,2026-09-30T11:27:07+00:00
2026,4,401872969,2026-10-04,13:00,00-0033526,Samaje Perine,CIN,JAX,RB,receiving_yards,8.0,-9.2,36.8,,,eligible,eligible_current_role,backup,Active,2.0,direct_component_blend,20260908_1821_receiving_yards_blend,2026-09-30T11:26:54+00:00,2026-09-30T11:27:07+00:00
2026,4,401872969,2026-10-04,13:00,00-0033928,Jourdan Lewis,JAX,CIN,DB,tackles,3.5,1.3,6.2,0.9289649285479021,0.8095882036665886,eligible,eligible_current_role,starter,,1.0,direct,20260908_1821_tackles_direct,2026-09-30T11:26:54+00:00,2026-09-30T11:27:07+00:00
2026,4,401872969,2026-10-04,13:00,00-0034413,Foyesade Oluokun,JAX,CIN,LB,tackles,7.5,5.4,12.3,0.983495145631068,0.9631067961165048,eligible,eligible_current_role,starter,Active,1.0,direct,20260908_1821_tackles_direct,2026-09-30T11:26:54+00:00,2026-09-30T11:27:07+00:00
2026,4,401872969,2026-10-04,13:00,00-0034473,Dennis Gardeck,JAX,CIN,LB,tackles,2.1,0.2,4.6,0.8122425211700252,0.558693865737656,eligible,eligible_current_role,starter,,1.0,direct,20260908_1821_tackles_direct,2026-09-30T11:26:54+00:00,2026-09-30T11:27:07+00:00
2026,4,401872969,2026-10-04,13:00,00-0034613,Tanner Hudson,CIN,JAX,TE,rushing_yards,0.0,-10.8,15.0,,,eligible,eligible_current_role,backup,Active,4.0,direct_component_blend,20260908_1821_rushing_yards_blend,2026-09-30T11:26:54+00:00,2026-09-30T11:27:07+00:00
2026,4,401872969,2026-10-04,13:00,00-0034613,Tanner Hudson,CIN,JAX,TE,receiving_yards,9.4,-7.8,38.2,,,eligible,eligible_current_role,backup,Active,4.0,direct_component_blend,20260908_1821_receiving_yards_blend,2026-09-30T11:26:54+00:00,2026-09-30T11:27:07+00:00
2026,4,401872969,2026-10-04,13:00,00-0034657,Matt Dickerson,JAX,CIN,DL,tackles,1.6,0.0,4.1,0.7542773422642943,0.4751005736661152,eligible,eligible_current_role,backup,,2.0,direct,20260908_1821_tackles_direct,2026-09-30T11:26:54+00:00,2026-09-30T11:27:07+00:00
2026,4,401872969,2026-10-04,13:00,00-0034754,Oren Burks,CIN,JAX,LB,tackles,2.3,0.3,4.8,0.8394282562335134,0.6068327759701813,eligible,eligible_current_role,starter,,1.0,direct,20260908_1821_tackles_direct,2026-09-30T11:26:54+00:00,2026-09-30T11:27:07+00:00
2026,4,401872969,2026-10-04,13:00,00-0034800,B.J. Hill,CIN,JAX,DL,tackles,1.8,0.0,4.3,0.7731820923249002,0.4984112195232391,eligible,questionable_flag,backup,Questionable,2.0,direct,20260908_1821_tackles_direct,2026-09-30T11:26:54+00:00,2026-09-30T11:27:07+00:00
2026,4,401872969,2026-10-04,13:00,00-0034829,Mike Gesicki,CIN,JAX,TE,rushing_yards,0.0,-10.8,15.0,,,eligible,eligible_current_role,starter,Active,1.0,direct_component_blend,20260908_1821_rushing_yards_blend,2026-09-30T11:26:54+00:00,2026-09-30T11:27:07+00:00
2026,4,401872969,2026-10-04,13:00,00-0034829,Mike Gesicki,CIN,JAX,TE,receiving_yards,19.4,2.2,48.2,,,eligible,eligible_current_role,starter,Active,1.0,direct_component_blend,20260908_1821_receiving_yards_blend,2026-09-30T11:26:54+00:00,2026-09-30T11:27:07+00:00
2026,4,401872969,2026-10-04,13:00,00-0034960,Jakobi Meyers,JAX,CIN,WR,rushing_yards,0.7,-10.0,15.7,,,eligible,eligible_current_role,backup,Active,2.0,direct_component_blend,20260908_1821_rushing_yards_blend,2026-09-30T11:26:54+00:00,2026-09-30T11:27:07+00:00
2026,4,401872969,2026-10-04,13:00,00-0034960,Jakobi Meyers,JAX,CIN,WR,receiving_yards,49.3,22.7,98.5,,,eligible,eligible_current_role,backup,Active,2.0,direct_component_blend,20260908_1821_receiving_yards_blend,2026-09-30T11:26:54+00:00,2026-09-30T11:27:07+00:00
2026,4,401872969,2026-10-04,13:00,00-0035240,Jahlani Tavai,JAX,CIN,LB,tackles,4.4,2.3,6.7,0.96734201789968,0.8907409128593493,eligible,eligible_current_role,backup,,2.0,direct,20260908_1821_tackles_direct,2026-09-30T11:26:54+00:00,2026-09-30T11:27:07+00:00
2026,4,401872969,2026-10-04,13:00,00-0035363,Joe Giles-Harris,CIN,JAX,LB,tackles,2.3,0.3,4.8,0.8418567495649728,0.6113361113620313,eligible,eligible_current_role,backup,,2.0,direct,20260908_1821_tackles_direct,2026-09-30T11:26:54+00:00,2026-09-30T11:27:07+00:00
2026,4,401872969,2026-10-04,13:00,00-0035631,Drew Sample,CIN,JAX,TE,rushing_yards,0.0,-10.8,15.0,,,eligible,eligible_current_role,backup,Active,2.0,direct_component_blend,20260908_1821_rushing_yards_blend,2026-09-30T11:26:54+00:00,2026-09-30T11:27:07+00:00
2026,4,401872969,2026-10-04,13:00,00-0035631,Drew Sample,CIN,JAX,TE,receiving_yards,9.3,-7.9,38.1,,,eligible,eligible_current_role,backup,Active,2.0,direct_component_blend,20260908_1821_receiving_yards_blend,2026-09-30T11:26:54+00:00,2026-09-30T11:27:07+00:00
2026,4,401872969,2026-10-04,13:00,00-0035642,Josh Hines-Allen,JAX,CIN,DL,tackles,2.9,0.7,5.6,0.896694051026985,0.7277929018680237,eligible,eligible_current_role,starter,,1.0,direct,20260908_1821_tackles_direct,2026-09-30T11:26:54+00:00,2026-09-30T11:27:07+00:00
2026,4,401872969,2026-10-04,13:00,00-0035683,Dexter Lawrence,CIN,JAX,DL,tackles,2.4,0.3,5.2,0.8554378797243065,0.6373826724071714,eligible,eligible_current_role,starter,,1.0,direct,20260908_1821_tackles_direct,2026-09-30T11:26:54+00:00,2026-09-30T11:27:07+00:00
2026,4,401872969,2026-10-04,13:00,00-0036231,Kyle Dugger,CIN,JAX,DB,tackles,4.0,1.4,7.5,0.9560727507164665,0.8631547953280391,eligible,eligible_current_role,backup,,2.0,direct,20260908_1821_tackles_direct,2026-09-30T11:26:54+00:00,2026-09-30T11:27:07+00:00
2026,4,401872969,2026-10-04,13:00,00-0036262,DaVon Hamilton,JAX,CIN,DL,tackles,2.2,0.3,4.7,0.8359752867774968,0.6004901579687464,eligible,eligible_current_role,starter,Active,1.0,direct,20260908_1821_tackles_direct,2026-09-30T11:26:54+00:00,2026-09-30T11:27:07+00:00
2026,4,401872969,2026-10-04,13:00,00-0036410,Tee Higgins,CIN,JAX,WR,rushing_yards,0.0,-10.8,15.0,,,eligible,eligible_current_role,backup,Active,2.0,direct_component_blend,20260908_1821_rushing_yards_blend,2026-09-30T11:26:54+00:00,2026-09-30T11:27:07+00:00
2026,4,401872969,2026-10-04,13:00,00-0036410,Tee Higgins,CIN,JAX,WR,receiving_yards,49.0,22.3,98.2,,,eligible,eligible_current_role,backup,Active,2.0,direct_component_blend,20260908_1821_receiving_yards_blend,2026-09-30T11:26:54+00:00,2026-09-30T11:27:07+00:00
2026,4,401872969,2026-10-04,13:00,00-0036442,Joe Burrow,CIN,JAX,QB,passing_yards,262.2,168.7,368.4,,,eligible,eligible_current_role,starter,Active,1.0,direct_component_blend,20260908_1821_passing_yards_blend,2026-09-30T11:26:54+00:00,2026-09-30T11:27:07+00:00
2026,4,401872969,2026-10-04,13:00,00-0036442,Joe Burrow,CIN,JAX,QB,passing_tds,1.982,,,0.8571428571428571,0.5535714285714286,eligible,eligible_current_role,starter,Active,1.0,direct_component_blend,20260908_1821_passing_tds_blend,2026-09-30T11:26:54+00:00,2026-09-30T11:27:07+00:00
2026,4,401872969,2026-10-04,13:00,00-0036442,Joe Burrow,CIN,JAX,QB,rushing_yards,7.8,-5.0,25.7,,,eligible,eligible_current_role,starter,Active,1.0,direct_component_blend,20260908_1821_rushing_yards_blend,2026-09-30T11:26:54+00:00,2026-09-30T11:27:07+00:00
2026,4,401872969,2026-10-04,13:00,00-0036590,Quintin Morris,JAX,CIN,TE,rushing_yards,0.0,-10.8,15.0,,,eligible,eligible_current_role,backup,,3.0,direct_component_blend,20260908_1821_rushing_yards_blend,2026-09-30T11:26:54+00:00,2026-09-30T11:27:07+00:00
2026,4,401872969,2026-10-04,13:00,00-0036590,Quintin Morris,JAX,CIN,TE,receiving_yards,2.8,-14.4,31.6,,,eligible,eligible_current_role,backup,,3.0,direct_component_blend,20260908_1821_receiving_yards_blend,2026-09-30T11:26:54+00:00,2026-09-30T11:27:07+00:00
2026,4,401872969,2026-10-04,13:00,00-0036642,Tedarrell Slaton,CIN,JAX,DL,tackles,2.0,0.1,4.5,0.8035332314873876,0.5440848145185827,eligible,eligible_current_role,backup,,2.0,direct,20260908_1821_tackles_direct,2026-09-30T11:26:54+00:00,2026-09-30T11:27:07+00:00
2026,4,401872969,2026-10-04,13:00,00-0036854,Evan McPherson,CIN,JAX,K,kicking_points,7.9,2.9,13.8,,,eligible,eligible_current_role,starter,Active,1.0,component,20260908_1821_kicking_points_component,2026-09-30T11:26:54+00:00,2026-09-30T11:27:07+00:00
2026,4,401872969,2026-10-04,13:00,00-0036900,Ja'Marr Chase,CIN,JAX,WR,rushing_yards,0.2,-10.5,15.3,,,eligible,eligible_current_role,starter,Active,1.0,direct_component_blend,20260908_1821_rushing_yards_blend,2026-09-30T11:26:54+00:00,2026-09-30T11:27:07+00:00
2026,4,401872969,2026-10-04,13:00,00-0036900,Ja'Marr Chase,CIN,JAX,WR,receiving_yards,102.1,75.5,151.3,,,eligible,eligible_current_role,starter,Active,1.0,direct_component_blend,20260908_1821_receiving_yards_blend,2026-09-30T11:26:54+00:00,2026-09-30T11:27:07+00:00
2026,4,401872969,2026-10-04,13:00,00-0036971,Trevor Lawrence,JAX,CIN,QB,passing_yards,234.1,140.6,340.3,,,eligible,eligible_current_role,starter,Active,1.0,direct_component_blend,20260908_1821_passing_yards_blend,2026-09-30T11:26:54+00:00,2026-09-30T11:27:07+00:00
2026,4,401872969,2026-10-04,13:00,00-0036971,Trevor Lawrence,JAX,CIN,QB,passing_tds,1.3,,,0.7118289300588461,0.39285714285714285,eligible,eligible_current_role,starter,Active,1.0,direct_component_blend,20260908_1821_passing_tds_blend,2026-09-30T11:26:54+00:00,2026-09-30T11:27:07+00:00
2026,4,401872969,2026-10-04,13:00,00-0036971,Trevor Lawrence,JAX,CIN,QB,rushing_yards,17.5,4.8,35.5,,,eligible,eligible_current_role,starter,Active,1.0,direct_component_blend,20260908_1821_rushing_yards_blend,2026-09-30T11:26:54+00:00,2026-09-30T11:27:07+00:00
2026,4,401872969,2026-10-04,13:00,00-0037193,Bryan Cook,CIN,JAX,DB,tackles,5.0,2.3,8.5,0.980338856978172,0.9304237969526785,eligible,eligible_current_role,starter,Active,1.0,direct,20260908_1821_tackles_direct,2026-09-30T11:26:54+00:00,2026-09-30T11:27:07+00:00
2026,4,401872969,2026-10-04,13:00,00-0037235,Travon Walker,JAX,CIN,DL,tackles,2.9,0.7,5.6,0.8971331045762849,0.7289433746049803,eligible,eligible_current_role,starter,,1.0,direct,20260908_1821_tackles_direct,2026-09-30T11:26:54+00:00,2026-09-30T11:27:07+00:00
2026,4,401872969,2026-10-04,13:00,00-0037313,Montaric Brown,JAX,CIN,DB,tackles,4.2,1.5,7.7,0.9631852351252299,0.880322329192396,eligible,eligible_current_role,starter,,1.0,direct,20260908_1821_tackles_direct,2026-09-30T11:26:54+00:00,2026-09-30T11:27:07+00:00
2026,4,401872969,2026-10-04,13:00,00-0037743,Daxton Hill,CIN,JAX,DB,tackles,4.6,1.9,8.1,0.9739343848717638,0.9079677198141493,eligible,eligible_current_role,starter,Active,1.0,direct,20260908_1821_tackles_direct,2026-09-30T11:26:54+00:00,2026-09-30T11:27:07+00:00
2026,4,401872969,2026-10-04,13:00,00-0038133,Boye Mafe,CIN,JAX,DL,tackles,2.1,0.2,4.6,0.8135292951795619,0.560883982916515,eligible,eligible_current_role,starter,,1.0,direct,20260908_1821_tackles_direct,2026-09-30T11:26:54+00:00,2026-09-30T11:27:07+00:00
2026,4,401872969,2026-10-04,13:00,00-0038546,Myles Murphy,CIN,JAX,DL,tackles,2.5,0.6,5.0,0.8706770729653157,0.6682111129092931,eligible,eligible_current_role,starter,,1.0,direct,20260908_1821_tackles_direct,2026-09-30T11:26:54+00:00,2026-09-30T11:27:07+00:00
2026,4,401872969,2026-10-04,13:00,00-0038549,DJ Turner II,CIN,JAX,DB,tackles,3.2,1.1,6.0,0.9169465634258707,0.7842155941392992,eligible,eligible_current_role,starter,,1.0,direct,20260908_1821_tackles_direct,2026-09-30T11:26:54+00:00,2026-09-30T11:27:07+00:00
2026,4,401872969,2026-10-04,13:00,00-0038560,Jordan Battle,CIN,JAX,DB,tackles,6.2,3.5,9.7,0.9833605709885234,0.9613535070397147,eligible,eligible_current_role,starter,,1.0,direct,20260908_1821_tackles_direct,2026-09-30T11:26:54+00:00,2026-09-30T11:27:07+00:00
2026,4,401872969,2026-10-04,13:00,00-0038570,Ventrell Miller,JAX,CIN,LB,tackles,1.1,0.0,3.6,0.5611752052012307,0.2711435500745797,eligible,eligible_current_role,starter,,1.0,direct,20260908_1821_tackles_direct,2026-09-30T11:26:54+00:00,2026-09-30T11:27:07+00:00
2026,4,401872969,2026-10-04,13:00,00-0038596,Antonio Johnson,JAX,CIN,DB,tackles,3.8,1.6,6.5,0.9464605949554277,0.8421359699609745,eligible,eligible_current_role,starter,,1.0,direct,20260908_1821_tackles_direct,2026-09-30T11:26:54+00:00,2026-09-30T11:27:07+00:00
2026,4,401872969,2026-10-04,13:00,00-0038597,Chase Brown,CIN,JAX,RB,rushing_yards,53.6,31.6,84.5,,,eligible,eligible_current_role,starter,Active,1.0,direct_component_blend,20260908_1821_rushing_yards_blend,2026-09-30T11:26:54+00:00,2026-09-30T11:27:07+00:00
2026,4,401872969,2026-10-04,13:00,00-0038597,Chase Brown,CIN,JAX,RB,receiving_yards,19.7,2.5,48.5,,,eligible,eligible_current_role,starter,Active,1.0,direct_component_blend,20260908_1821_receiving_yards_blend,2026-09-30T11:26:54+00:00,2026-09-30T11:27:07+00:00
2026,4,401872969,2026-10-04,13:00,00-0038606,Parker Washington,JAX,CIN,WR,rushing_yards,0.2,-10.5,15.2,,,eligible,eligible_current_role,starter,Active,1.0,direct_component_blend,20260908_1821_rushing_yards_blend,2026-09-30T11:26:54+00:00,2026-09-30T11:27:07+00:00
2026,4,401872969,2026-10-04,13:00,00-0038606,Parker Washington,JAX,CIN,WR,receiving_yards,45.3,18.7,94.5,,,eligible,eligible_current_role,starter,Active,1.0,direct_component_blend,20260908_1821_receiving_yards_blend,2026-09-30T11:26:54+00:00,2026-09-30T11:27:07+00:00
2026,4,401872969,2026-10-04,13:00,00-0038611,Chris Rodriguez Jr.,JAX,CIN,RB,rushing_yards,38.4,16.4,69.3,,,eligible,eligible_current_role,backup,Active,2.0,direct_component_blend,20260908_1821_rushing_yards_blend,2026-09-30T11:26:54+00:00,2026-09-30T11:27:07+00:00
2026,4,401872969,2026-10-04,13:00,00-0038611,Chris Rodriguez Jr.,JAX,CIN,RB,receiving_yards,5.0,-12.2,33.8,,,eligible,eligible_current_role,backup,Active,2.0,direct_component_blend,20260908_1821_receiving_yards_blend,2026-09-30T11:26:54+00:00,2026-09-30T11:27:07+00:00
2026,4,401872969,2026-10-04,13:00,00-0038616,Christian Braswell,JAX,CIN,DB,tackles,1.2,0.0,3.7,0.572081429726353,0.28152260545969743,eligible,eligible_current_role,backup,,2.0,direct,20260908_1821_tackles_direct,2026-09-30T11:26:54+00:00,2026-09-30T11:27:07+00:00
2026,4,401872969,2026-10-04,13:00,00-0038642,D.J. Ivey,CIN,JAX,DB,tackles,3.5,1.3,6.2,0.9292811241083876,0.8101476659195345,eligible,eligible_current_role,backup,,2.0,direct,20260908_1821_tackles_direct,2026-09-30T11:26:54+00:00,2026-09-30T11:27:07+00:00
2026,4,401872969,2026-10-04,13:00,00-0038839,Mitchell Tinsley,CIN,JAX,WR,rushing_yards,0.0,-10.7,15.0,,,eligible,eligible_current_role,backup,Active,5.0,direct_component_blend,20260908_1821_rushing_yards_blend,2026-09-30T11:26:54+00:00,2026-09-30T11:27:07+00:00
2026,4,401872969,2026-10-04,13:00,00-0038839,Mitchell Tinsley,CIN,JAX,WR,receiving_yards,14.2,-12.4,63.4,,,eligible,eligible_current_role,backup,Active,5.0,direct_component_blend,20260908_1821_receiving_yards_blend,2026-09-30T11:26:54+00:00,2026-09-30T11:27:07+00:00
2026,4,401872969,2026-10-04,13:00,00-0038935,Brenton Strange,JAX,CIN,TE,rushing_yards,0.0,-10.8,15.0,,,eligible,eligible_current_role,starter,Active,1.0,direct_component_blend,20260908_1821_rushing_yards_blend,2026-09-30T11:26:54+00:00,2026-09-30T11:27:07+00:00
2026,4,401872969,2026-10-04,13:00,00-0038935,Brenton Strange,JAX,CIN,TE,receiving_yards,31.0,11.3,65.2,,,eligible,eligible_current_role,starter,Active,1.0,direct_component_blend,20260908_1821_receiving_yards_blend,2026-09-30T11:26:54+00:00,2026-09-30T11:27:07+00:00
2026,4,401872969,2026-10-04,13:00,00-0039313,Swayze Bozeman,CIN,JAX,LB,tackles,0.9,0.0,3.3,0.4816130674266694,0.20711240020804328,eligible,eligible_current_role,backup,,2.0,direct,20260908_1821_tackles_direct,2026-09-30T11:26:54+00:00,2026-09-30T11:27:07+00:00
2026,4,401872969,2026-10-04,13:00,00-0039353,Jarrian Jones,JAX,CIN,DB,tackles,2.8,0.2,6.4,0.8953439003058009,0.7242727541758623,eligible,eligible_current_role,backup,,2.0,direct,20260908_1821_tackles_direct,2026-09-30T11:26:54+00:00,2026-09-30T11:27:07+00:00
2026,4,401872969,2026-10-04,13:00,00-0039375,Josh Newton,CIN,JAX,DB,tackles,2.0,0.0,4.5,0.7906072985583782,0.523061811044508,eligible,eligible_current_role,backup,Active,2.0,direct,20260908_1821_tackles_direct,2026-09-30T11:26:54+00:00,2026-09-30T11:27:07+00:00
2026,4,401872969,2026-10-04,13:00,00-0039409,Cam Little,JAX,CIN,K,kicking_points,7.6,3.1,12.9,,,eligible,eligible_current_role,starter,Active,1.0,component,20260908_1821_kicking_points_component,2026-09-30T11:26:54+00:00,2026-09-30T11:27:07+00:00
2026,4,401872969,2026-10-04,13:00,00-0039534,Carter Bradley,JAX,CIN,QB,rushing_yards,9.2,-8.4,33.8,,,eligible,eligible_current_role,roster_only,,,direct_component_blend,20260908_1821_rushing_yards_blend,2026-09-30T11:26:54+00:00,2026-09-30T11:27:07+00:00
2026,4,401872969,2026-10-04,13:00,00-0039632,PJ Jules,CIN,JAX,DB,tackles,0.9,0.0,3.3,0.4827392689208403,0.2079189040720628,eligible,eligible_current_role,backup,,2.0,direct,20260908_1821_tackles_direct,2026-09-30T11:26:54+00:00,2026-09-30T11:27:07+00:00
2026,4,401872969,2026-10-04,13:00,00-0039733,Ruke Orhorhoro,JAX,CIN,DL,tackles,1.4,0.0,3.9,0.6640327968593032,0.37128162872991777,eligible,eligible_current_role,backup,,3.0,direct,20260908_1821_tackles_direct,2026-09-30T11:26:54+00:00,2026-09-30T11:27:07+00:00
2026,4,401872969,2026-10-04,13:00,00-0039752,Cedric Johnson,CIN,JAX,DL,tackles,2.0,0.1,4.5,0.8042299496065012,0.5452399997006474,eligible,eligible_current_role,backup,Active,3.0,direct,20260908_1821_tackles_direct,2026-09-30T11:26:54+00:00,2026-09-30T11:27:07+00:00
2026,4,401872969,2026-10-04,13:00,00-0039814,Erick All,CIN,JAX,TE,rushing_yards,0.0,-10.8,15.0,,,eligible,eligible_current_role,backup,Active,3.0,direct_component_blend,20260908_1821_rushing_yards_blend,2026-09-30T11:26:54+00:00,2026-09-30T11:27:07+00:00
2026,4,401872969,2026-10-04,13:00,00-0039814,Erick All,CIN,JAX,TE,receiving_yards,7.8,-9.3,36.6,,,eligible,eligible_current_role,backup,Active,3.0,direct_component_blend,20260908_1821_receiving_yards_blend,2026-09-30T11:26:54+00:00,2026-09-30T11:27:07+00:00
2026,4,401872969,2026-10-04,13:00,00-0039893,Brian Thomas Jr.,JAX,CIN,WR,rushing_yards,0.1,-10.6,15.1,,,eligible,eligible_current_role,backup,Active,3.0,direct_component_blend,20260908_1821_rushing_yards_blend,2026-09-30T11:26:54+00:00,2026-09-30T11:27:07+00:00
2026,4,401872969,2026-10-04,13:00,00-0039893,Brian Thomas Jr.,JAX,CIN,WR,receiving_yards,45.7,19.0,94.9,,,eligible,eligible_current_role,backup,Active,3.0,direct_component_blend,20260908_1821_receiving_yards_blend,2026-09-30T11:26:54+00:00,2026-09-30T11:27:07+00:00
2026,4,401872969,2026-10-04,13:00,00-0039908,Kris Jenkins,CIN,JAX,DL,tackles,2.2,0.2,4.7,0.8239276471262102,0.578893918947758,eligible,eligible_current_role,backup,,3.0,direct,20260908_1821_tackles_direct,2026-09-30T11:26:54+00:00,2026-09-30T11:27:07+00:00
2026,4,401872969,2026-10-04,13:00,00-0040145,Caleb Ransaw,JAX,CIN,DB,tackles,1.3,0.0,5.3,0.6320571325941348,0.33861488889721214,eligible,eligible_current_role,backup,,2.0,direct,20260908_1821_tackles_direct,2026-09-30T11:26:54+00:00,2026-09-30T11:27:07+00:00
2026,4,401872969,2026-10-04,13:00,00-0040157,Barrett Carter,CIN,JAX,LB,tackles,6.3,3.4,10.4,0.983495145631068,0.9631067961165048,eligible,eligible_current_role,starter,Active,1.0,direct,20260908_1821_tackles_direct,2026-09-30T11:26:54+00:00,2026-09-30T11:27:07+00:00
2026,4,401872969,2026-10-04,13:00,00-0040208,Tahj Brooks,CIN,JAX,RB,rushing_yards,5.3,-16.8,36.2,,,eligible,eligible_current_role,backup,,3.0,direct_component_blend,20260908_1821_rushing_yards_blend,2026-09-30T11:26:54+00:00,2026-09-30T11:27:07+00:00
2026,4,401872969,2026-10-04,13:00,00-0040208,Tahj Brooks,CIN,JAX,RB,receiving_yards,1.9,-15.3,30.7,,,eligible,eligible_current_role,backup,,3.0,direct_component_blend,20260908_1821_receiving_yards_blend,2026-09-30T11:26:54+00:00,2026-09-30T11:27:07+00:00
2026,4,401872969,2026-10-04,13:00,00-0040213,Rayuan Lane III,JAX,CIN,DB,tackles,0.9,0.0,3.3,0.48436497486586394,0.209087202579211,eligible,eligible_current_role,backup,,2.0,direct,20260908_1821_tackles_direct,2026-09-30T11:26:54+00:00,2026-09-30T11:27:07+00:00
2026,4,401872969,2026-10-04,13:00,00-0040234,Quinn Ewers,JAX,CIN,QB,rushing_yards,5.6,-8.4,25.4,,,eligible,eligible_current_role,backup,Active,2.0,direct_component_blend,20260908_1821_rushing_yards_blend,2026-09-30T11:26:54+00:00,2026-09-30T11:27:07+00:00
2026,4,401872969,2026-10-04,13:00,00-0040238,LeQuint Allen Jr.,JAX,CIN,RB,rushing_yards,4.6,-17.4,35.6,,,eligible,eligible_current_role,backup,Active,3.0,direct_component_blend,20260908_1821_rushing_yards_blend,2026-09-30T11:26:54+00:00,2026-09-30T11:27:07+00:00
2026,4,401872969,2026-10-04,13:00,00-0040238,LeQuint Allen Jr.,JAX,CIN,RB,receiving_yards,3.0,-14.2,31.8,,,eligible,eligible_current_role,backup,Active,3.0,direct_component_blend,20260908_1821_receiving_yards_blend,2026-09-30T11:26:54+00:00,2026-09-30T11:27:07+00:00
2026,4,401872969,2026-10-04,13:00,00-0040326,Branson Combs,JAX,CIN,LB,tackles,0.7,0.0,3.2,0.4111293177920022,0.1378955096270463,eligible,eligible_current_role,backup,,2.0,direct,20260908_1821_tackles_direct,2026-09-30T11:26:54+00:00,2026-09-30T11:27:07+00:00
2026,4,401872969,2026-10-04,13:00,00-0040342,Danny Striggow,JAX,CIN,DL,tackles,0.8,0.0,3.3,0.43642518265969565,0.17056326184810822,eligible,eligible_current_role,backup,,2.0,direct,20260908_1821_tackles_direct,2026-09-30T11:26:54+00:00,2026-09-30T11:27:07+00:00
2026,4,401872969,2026-10-04,13:00,00-0040718,Travis Hunter,JAX,CIN,WR,rushing_yards,0.2,-10.5,15.3,,,eligible,eligible_current_role,starter,Active,1.0,direct_component_blend,20260908_1821_rushing_yards_blend,2026-09-30T11:26:54+00:00,2026-09-30T11:27:07+00:00
2026,4,401872969,2026-10-04,13:00,00-0040718,Travis Hunter,JAX,CIN,WR,receiving_yards,38.9,12.2,88.0,,,eligible,eligible_current_role,starter,Active,1.0,direct_component_blend,20260908_1821_receiving_yards_blend,2026-09-30T11:26:54+00:00,2026-09-30T11:27:07+00:00
2026,4,401872969,2026-10-04,13:00,00-0040719,Bhayshul Tuten,JAX,CIN,RB,rushing_yards,17.7,-4.3,48.6,,,eligible,eligible_current_role,starter,Active,1.0,direct_component_blend,20260908_1821_rushing_yards_blend,2026-09-30T11:26:54+00:00,2026-09-30T11:27:07+00:00
2026,4,401872969,2026-10-04,13:00,00-0040719,Bhayshul Tuten,JAX,CIN,RB,receiving_yards,4.6,-12.5,33.4,,,eligible,eligible_current_role,starter,Active,1.0,direct_component_blend,20260908_1821_receiving_yards_blend,2026-09-30T11:26:54+00:00,2026-09-30T11:27:07+00:00
2026,4,401872969,2026-10-04,13:00,00-0040723,Jack Kiser,JAX,CIN,LB,tackles,1.8,0.0,4.2,0.7656897744684609,0.488974249011112,eligible,eligible_current_role,backup,Active,2.0,direct,20260908_1821_tackles_direct,2026-09-30T11:26:54+00:00,2026-09-30T11:27:07+00:00
2026,4,401872969,2026-10-04,13:00,00-0040738,Demetrius Knight Jr.,CIN,JAX,LB,tackles,5.3,3.2,7.7,0.9814032401784725,0.9406874443119052,eligible,eligible_current_role,starter,,1.0,direct,20260908_1821_tackles_direct,2026-09-30T11:26:54+00:00,2026-09-30T11:27:07+00:00
2026,4,401872969,2026-10-04,13:00,00-0040756,Shemar Stewart,CIN,JAX,DL,tackles,1.8,0.0,4.2,0.7667163413611567,0.4902514315257873,eligible,eligible_current_role,backup,,2.0,direct,20260908_1821_tackles_direct,2026-09-30T11:26:54+00:00,2026-09-30T11:27:07+00:00
2026,4,401872969,2026-10-04,13:00,00-0040785,Dohnte Meyers,CIN,JAX,WR,rushing_yards,0.9,-13.8,21.6,,,eligible,eligible_current_role,backup,,4.0,direct_component_blend,20260908_1821_rushing_yards_blend,2026-09-30T11:26:54+00:00,2026-09-30T11:27:07+00:00
2026,4,401872969,2026-10-04,13:00,00-0040785,Dohnte Meyers,CIN,JAX,WR,receiving_yards,7.5,-15.2,48.1,,,eligible,eligible_current_role,backup,,4.0,direct_component_blend,20260908_1821_receiving_yards_blend,2026-09-30T11:26:54+00:00,2026-09-30T11:27:07+00:00
2026,4,401872969,2026-10-04,13:00,00-0041045,Albert Regis,JAX,CIN,DL,tackles,1.2,0.0,4.7,0.5703435811810099,0.27984356982662206,eligible,questionable_flag,backup,Questionable,2.0,direct,20260908_1821_tackles_direct,2026-09-30T11:26:54+00:00,2026-09-30T11:27:07+00:00
2026,4,401872969,2026-10-04,13:00,00-0041055,Jalen Huskey,JAX,CIN,DB,tackles,1.9,0.0,5.8,0.7781943723639793,0.5048779486597494,eligible,eligible_current_role,backup,Active,3.0,direct,20260908_1821_tackles_direct,2026-09-30T11:26:54+00:00,2026-09-30T11:27:07+00:00
2026,4,401872969,2026-10-04,13:00,00-0041059,Wesley Williams,JAX,CIN,DL,tackles,1.2,0.0,4.7,0.570366193416752,0.2798653547958337,eligible,eligible_current_role,backup,Active,3.0,direct,20260908_1821_tackles_direct,2026-09-30T11:26:54+00:00,2026-09-30T11:27:07+00:00
2026,4,401872969,2026-10-04,13:00,00-0041084,Tanner Koziol,JAX,CIN,TE,rushing_yards,0.0,-14.8,20.6,,,eligible,eligible_current_role,backup,Active,4.0,direct_component_blend,20260908_1821_rushing_yards_blend,2026-09-30T11:26:54+00:00,2026-09-30T11:27:07+00:00
2026,4,401872969,2026-10-04,13:00,00-0041084,Tanner Koziol,JAX,CIN,TE,receiving_yards,4.0,-18.6,44.6,,,eligible,eligible_current_role,backup,Active,4.0,direct_component_blend,20260908_1821_receiving_yards_blend,2026-09-30T11:26:54+00:00,2026-09-30T11:27:07+00:00
2026,4,401872969,2026-10-04,13:00,00-0041100,Josh Cameron,JAX,CIN,WR,rushing_yards,0.0,-14.8,20.6,,,eligible,eligible_current_role,backup,Active,4.0,direct_component_blend,20260908_1821_rushing_yards_blend,2026-09-30T11:26:54+00:00,2026-09-30T11:27:07+00:00
2026,4,401872969,2026-10-04,13:00,00-0041100,Josh Cameron,JAX,CIN,WR,receiving_yards,7.2,-15.4,47.8,,,eligible,eligible_current_role,backup,Active,4.0,direct_component_blend,20260908_1821_receiving_yards_blend,2026-09-30T11:26:54+00:00,2026-09-30T11:27:07+00:00
2026,4,401872969,2026-10-04,13:00,00-0041106,C.J. Williams,JAX,CIN,WR,rushing_yards,0.0,-14.7,20.7,,,eligible,eligible_current_role,backup,Active,6.0,direct_component_blend,20260908_1821_rushing_yards_blend,2026-09-30T11:26:54+00:00,2026-09-30T11:27:07+00:00
2026,4,401872969,2026-10-04,13:00,00-0041106,C.J. Williams,JAX,CIN,WR,receiving_yards,6.8,-15.9,47.3,,,eligible,eligible_current_role,backup,Active,6.0,direct_component_blend,20260908_1821_receiving_yards_blend,2026-09-30T11:26:54+00:00,2026-09-30T11:27:07+00:00
2026,4,401872969,2026-10-04,13:00,00-0041116,Jack Endries,CIN,JAX,TE,rushing_yards,0.0,-14.8,20.6,,,eligible,eligible_current_role,backup,Active,5.0,direct_component_blend,20260908_1821_rushing_yards_blend,2026-09-30T11:26:54+00:00,2026-09-30T11:27:07+00:00
2026,4,401872969,2026-10-04,13:00,00-0041116,Jack Endries,CIN,JAX,TE,receiving_yards,3.9,-18.7,44.5,,,eligible,eligible_current_role,backup,Active,5.0,direct_component_blend,20260908_1821_receiving_yards_blend,2026-09-30T11:26:54+00:00,2026-09-30T11:27:07+00:00
2026,4,401872969,2026-10-04,13:00,00-0041118,Landon Robinson,CIN,JAX,DL,tackles,1.2,0.0,4.7,0.5690933294057231,0.27864159345762957,eligible,eligible_current_role,backup,Active,3.0,direct,20260908_1821_tackles_direct,2026-09-30T11:26:54+00:00,2026-09-30T11:27:07+00:00
2026,4,401872969,2026-10-04,13:00,00-0041206,Alex Bullock,JAX,CIN,WR,rushing_yards,0.0,-14.7,20.7,,,eligible,eligible_current_role,roster_only,,,direct_component_blend,20260908_1821_rushing_yards_blend,2026-09-30T11:26:54+00:00,2026-09-30T11:27:07+00:00
2026,4,401872969,2026-10-04,13:00,00-0041206,Alex Bullock,JAX,CIN,WR,receiving_yards,6.7,-15.9,47.3,,,eligible,eligible_current_role,roster_only,,,direct_component_blend,20260908_1821_receiving_yards_blend,2026-09-30T11:26:54+00:00,2026-09-30T11:27:07+00:00
2026,4,401872969,2026-10-04,13:00,00-0041218,Bryan Thomas Jr.,JAX,CIN,DL,tackles,1.2,0.0,4.7,0.5719382334858297,0.2813838894883968,eligible,eligible_current_role,backup,,2.0,direct,20260908_1821_tackles_direct,2026-09-30T11:26:54+00:00,2026-09-30T11:27:07+00:00
2026,4,401872969,2026-10-04,13:00,00-0041464,Tacario Davis,CIN,JAX,DB,tackles,3.1,0.3,7.0,0.9109512668262265,0.7667338708596964,eligible,eligible_current_role,starter,,1.0,direct,20260908_1821_tackles_direct,2026-09-30T11:26:54+00:00,2026-09-30T11:27:07+00:00
2026,4,401872969,2026-10-04,13:00,00-0041503,Nate Boerkircher,JAX,CIN,TE,rushing_yards,0.0,-14.8,20.6,,,eligible,eligible_current_role,backup,,2.0,direct_component_blend,20260908_1821_rushing_yards_blend,2026-09-30T11:26:54+00:00,2026-09-30T11:27:07+00:00
2026,4,401872969,2026-10-04,13:00,00-0041503,Nate Boerkircher,JAX,CIN,TE,receiving_yards,6.6,-16.0,47.2,,,eligible,eligible_current_role,backup,,2.0,direct_component_blend,20260908_1821_receiving_yards_blend,2026-09-30T11:26:54+00:00,2026-09-30T11:27:07+00:00
2026,4,401872969,2026-10-04,13:00,00-0041546,Cashius Howell,CIN,JAX,DL,tackles,1.2,0.0,4.7,0.5706075613556177,0.2800979940014354,eligible,eligible_current_role,backup,,2.0,direct,20260908_1821_tackles_direct,2026-09-30T11:26:54+00:00,2026-09-30T11:27:07+00:00
2026,4,401872970,2026-10-04,13:00,00-0026498,Matthew Stafford,LAR,PHI,QB,passing_yards,249.0,155.5,355.2,,,eligible,eligible_current_role,starter,Active,1.0,direct_component_blend,20260908_1821_passing_yards_blend,2026-09-30T11:26:54+00:00,2026-09-30T11:27:07+00:00
2026,4,401872970,2026-10-04,13:00,00-0026498,Matthew Stafford,LAR,PHI,QB,passing_tds,1.652,,,0.8125,0.5119047619047619,eligible,eligible_current_role,starter,Active,1.0,direct_component_blend,20260908_1821_passing_tds_blend,2026-09-30T11:26:54+00:00,2026-09-30T11:27:07+00:00
2026,4,401872970,2026-10-04,13:00,00-0026498,Matthew Stafford,LAR,PHI,QB,rushing_yards,3.4,-7.3,18.4,,,eligible,eligible_current_role,starter,Active,1.0,direct_component_blend,20260908_1821_rushing_yards_blend,2026-09-30T11:26:54+00:00,2026-09-30T11:27:07+00:00
2026,4,401872970,2026-10-04,13:00,00-0027973,Andy Dalton,PHI,LAR,QB,rushing_yards,4.8,-5.9,19.9,,,eligible,eligible_current_role,backup,,2.0,direct_component_blend,20260908_1821_rushing_yards_blend,2026-09-30T11:26:54+00:00,2026-09-30T11:27:07+00:00
2026,4,401872970,2026-10-04,13:00,00-0030061,Zach Ertz,PHI,LAR,TE,rushing_yards,0.0,-10.8,15.0,,,eligible,eligible_current_role,backup,Active,2.0,direct_component_blend,20260908_1821_rushing_yards_blend,2026-09-30T11:26:54+00:00,2026-09-30T11:27:07+00:00
2026,4,401872970,2026-10-04,13:00,00-0030061,Zach Ertz,PHI,LAR,TE,receiving_yards,25.8,6.1,60.1,,,eligible,eligible_current_role,backup,Active,2.0,direct_component_blend,20260908_1821_receiving_yards_blend,2026-09-30T11:26:54+00:00,2026-09-30T11:27:07+00:00
2026,4,401872970,2026-10-04,13:00,00-0031381,Davante Adams,LAR,PHI,WR,rushing_yards,0.0,-10.8,14.9,,,eligible,eligible_current_role,backup,Active,2.0,direct_component_blend,20260908_1821_rushing_yards_blend,2026-09-30T11:26:54+00:00,2026-09-30T11:27:07+00:00
2026,4,401872970,2026-10-04,13:00,00-0031381,Davante Adams,LAR,PHI,WR,receiving_yards,44.5,17.9,93.7,,,eligible,eligible_current_role,backup,Active,2.0,direct_component_blend,20260908_1821_receiving_yards_blend,2026-09-30T11:26:54+00:00,2026-09-30T11:27:07+00:00
2026,4,401872970,2026-10-04,13:00,00-0031388,Aaron Donald,LAR,PHI,DL,tackles,1.3,0.0,4.9,0.6372229583558857,0.34375838925353847,eligible,eligible_current_role,starter,,1.0,direct,20260908_1821_tackles_direct,2026-09-30T11:26:54+00:00,2026-09-30T11:27:07+00:00
2026,4,401872970,2026-10-04,13:00,00-0032580,Jonathan Jones,PHI,LAR,DB,tackles,3.8,1.1,7.3,0.9455636493991094,0.8403783979378334,eligible,eligible_current_role,backup,,2.0,direct,20260908_1821_tackles_direct,2026-09-30T11:26:54+00:00,2026-09-30T11:27:07+00:00
2026,4,401872970,2026-10-04,13:00,00-0033110,Tyler Higbee,LAR,PHI,TE,rushing_yards,0.0,-10.8,14.9,,,eligible,eligible_current_role,backup,Active,4.0,direct_component_blend,20260908_1821_rushing_yards_blend,2026-09-30T11:26:54+00:00,2026-09-30T11:27:07+00:00
2026,4,401872970,2026-10-04,13:00,00-0033110,Tyler Higbee,LAR,PHI,TE,receiving_yards,18.3,1.2,47.1,,,eligible,eligible_current_role,backup,Active,4.0,direct_component_blend,20260908_1821_receiving_yards_blend,2026-09-30T11:26:54+00:00,2026-09-30T11:27:07+00:00
2026,4,401872970,2026-10-04,13:00,00-0033246,Johnny Mundt,PHI,LAR,TE,rushing_yards,0.0,-10.8,15.0,,,eligible,eligible_current_role,backup,Active,3.0,direct_component_blend,20260908_1821_rushing_yards_blend,2026-09-30T11:26:54+00:00,2026-09-30T11:27:07+00:00
2026,4,401872970,2026-10-04,13:00,00-0033246,Johnny Mundt,PHI,LAR,TE,receiving_yards,7.9,-9.3,36.7,,,eligible,eligible_current_role,backup,Active,3.0,direct_component_blend,20260908_1821_receiving_yards_blend,2026-09-30T11:26:54+00:00,2026-09-30T11:27:07+00:00
2026,4,401872970,2026-10-04,13:00,00-0033393,Kenny Moore II,PHI,LAR,DB,tackles,4.0,1.3,7.4,0.9522125847787702,0.8541415397548167,eligible,eligible_current_role,backup,Active,2.0,direct,20260908_1821_tackles_direct,2026-09-30T11:26:54+00:00,2026-09-30T11:27:07+00:00
2026,4,401872970,2026-10-04,13:00,00-0033787,Jake Elliott,PHI,LAR,K,kicking_points,7.6,2.5,13.5,,,eligible,eligible_current_role,starter,Active,1.0,component,20260908_1821_kicking_points_component,2026-09-30T11:26:54+00:00,2026-09-30T11:27:07+00:00
2026,4,401872970,2026-10-04,13:00,00-0034234,Poona Ford,LAR,PHI,DL,tackles,2.2,0.3,4.7,0.8291486652189438,0.5881534848730773,eligible,eligible_current_role,starter,,1.0,direct,20260908_1821_tackles_direct,2026-09-30T11:26:54+00:00,2026-09-30T11:27:07+00:00
2026,4,401872970,2026-10-04,13:00,00-0034351,Dallas Goedert,PHI,LAR,TE,rushing_yards,0.0,-10.8,15.0,,,eligible,eligible_current_role,starter,Doubtful,1.0,direct_component_blend,20260908_1821_rushing_yards_blend,2026-09-30T11:26:54+00:00,2026-09-30T11:27:07+00:00
2026,4,401872970,2026-10-04,13:00,00-0034351,Dallas Goedert,PHI,LAR,TE,receiving_yards,40.4,20.7,74.7,,,eligible,eligible_current_role,starter,Doubtful,1.0,direct_component_blend,20260908_1821_receiving_yards_blend,2026-09-30T11:26:54+00:00,2026-09-30T11:27:07+00:00
2026,4,401872970,2026-10-04,13:00,00-0034844,Saquon Barkley,PHI,LAR,RB,rushing_yards,65.9,43.9,96.8,,,eligible,eligible_current_role,starter,Active,1.0,direct_component_blend,20260908_1821_rushing_yards_blend,2026-09-30T11:26:54+00:00,2026-09-30T11:27:07+00:00
2026,4,401872970,2026-10-04,13:00,00-0034844,Saquon Barkley,PHI,LAR,RB,receiving_yards,12.0,-5.1,40.9,,,eligible,eligible_current_role,starter,Active,1.0,direct_component_blend,20260908_1821_receiving_yards_blend,2026-09-30T11:26:54+00:00,2026-09-30T11:27:07+00:00
2026,4,401872970,2026-10-04,13:00,00-0034993,Marcus Epps,PHI,LAR,DB,tackles,4.6,1.9,8.0,0.9738664282413358,0.9077851321232638,eligible,eligible_current_role,starter,,1.0,direct,20260908_1821_tackles_direct,2026-09-30T11:26:54+00:00,2026-09-30T11:27:07+00:00
2026,4,401872970,2026-10-04,13:00,00-0035662,Marquise Brown,PHI,LAR,WR,rushing_yards,1.6,-9.1,16.6,,,eligible,questionable_flag,backup,Questionable,4.0,direct_component_blend,20260908_1821_rushing_yards_blend,2026-09-30T11:26:54+00:00,2026-09-30T11:27:07+00:00
2026,4,401872970,2026-10-04,13:00,00-0035662,Marquise Brown,PHI,LAR,WR,receiving_yards,18.9,1.7,47.7,,,eligible,questionable_flag,backup,Questionable,4.0,direct_component_blend,20260908_1821_receiving_yards_blend,2026-09-30T11:26:54+00:00,2026-09-30T11:27:07+00:00
2026,4,401872970,2026-10-04,13:00,00-0036224,Jonathan Greenard,PHI,LAR,LB,tackles,2.4,0.4,4.9,0.8532147831339219,0.6330495463641458,eligible,eligible_current_role,starter,Active,1.0,direct,20260908_1821_tackles_direct,2026-09-30T11:26:54+00:00,2026-09-30T11:27:07+00:00
2026,4,401872970,2026-10-04,13:00,00-0036244,Colby Parkinson,LAR,PHI,TE,rushing_yards,0.0,-10.8,14.9,,,eligible,questionable_flag,starter,Questionable,1.0,direct_component_blend,20260908_1821_rushing_yards_blend,2026-09-30T11:26:54+00:00,2026-09-30T11:27:07+00:00
2026,4,401872970,2026-10-04,13:00,00-0036244,Colby Parkinson,LAR,PHI,TE,receiving_yards,25.0,5.3,59.2,,,eligible,questionable_flag,starter,Questionable,1.0,direct_component_blend,20260908_1821_receiving_yards_blend,2026-09-30T11:26:54+00:00,2026-09-30T11:27:07+00:00
2026,4,401872970,2026-10-04,13:00,00-0036349,Kam Curl,LAR,PHI,DB,tackles,6.0,3.4,9.5,0.9831608161854724,0.9590943139353053,eligible,eligible_current_role,starter,Active,1.0,direct,20260908_1821_tackles_direct,2026-09-30T11:26:54+00:00,2026-09-30T11:27:07+00:00
2026,4,401872970,2026-10-04,13:00,00-0036389,Jalen Hurts,PHI,LAR,QB,passing_yards,191.4,97.9,297.6,,,eligible,eligible_current_role,starter,Active,1.0,direct_component_blend,20260908_1821_passing_yards_blend,2026-09-30T11:26:54+00:00,2026-09-30T11:27:07+00:00
2026,4,401872970,2026-10-04,13:00,00-0036389,Jalen Hurts,PHI,LAR,QB,passing_tds,1.188,,,0.6547619047619048,0.39285714285714285,eligible,eligible_current_role,starter,Active,1.0,direct_component_blend,20260908_1821_passing_tds_blend,2026-09-30T11:26:54+00:00,2026-09-30T11:27:07+00:00
2026,4,401872970,2026-10-04,13:00,00-0036389,Jalen Hurts,PHI,LAR,QB,rushing_yards,32.3,19.5,50.3,,,eligible,eligible_current_role,starter,Active,1.0,direct_component_blend,20260908_1821_rushing_yards_blend,2026-09-30T11:26:54+00:00,2026-09-30T11:27:07+00:00
2026,4,401872970,2026-10-04,13:00,00-0036418,Zack Baun,PHI,LAR,LB,tackles,6.6,3.6,10.6,0.983495145631068,0.9631067961165048,eligible,eligible_current_role,recent_defensive_participant,Active,,direct,20260908_1821_tackles_direct,2026-09-30T11:26:54+00:00,2026-09-30T11:27:07+00:00
2026,4,401872970,2026-10-04,13:00,00-0036501,Michael Carter II,PHI,LAR,DB,tackles,1.9,0.0,4.4,0.7771785872557778,0.5035571954861098,eligible,eligible_current_role,backup,,2.0,direct,20260908_1821_tackles_direct,2026-09-30T11:26:54+00:00,2026-09-30T11:27:07+00:00
2026,4,401872970,2026-10-04,13:00,00-0036849,Tutu Atwell,LAR,PHI,WR,rushing_yards,0.0,-10.8,15.0,,,eligible,eligible_current_role,backup,Active,6.0,direct_component_blend,20260908_1821_rushing_yards_blend,2026-09-30T11:26:54+00:00,2026-09-30T11:27:07+00:00
2026,4,401872970,2026-10-04,13:00,00-0036849,Tutu Atwell,LAR,PHI,WR,receiving_yards,9.1,-8.1,37.9,,,eligible,eligible_current_role,backup,Active,6.0,direct_component_blend,20260908_1821_receiving_yards_blend,2026-09-30T11:26:54+00:00,2026-09-30T11:27:07+00:00
2026,4,401872970,2026-10-04,13:00,00-0036912,DeVonta Smith,PHI,LAR,WR,rushing_yards,0.0,-10.8,15.0,,,eligible,eligible_current_role,starter,Active,1.0,direct_component_blend,20260908_1821_rushing_yards_blend,2026-09-30T11:26:54+00:00,2026-09-30T11:27:07+00:00
2026,4,401872970,2026-10-04,13:00,00-0036912,DeVonta Smith,PHI,LAR,WR,receiving_yards,53.2,26.6,102.4,,,eligible,eligible_current_role,starter,Active,1.0,direct_component_blend,20260908_1821_receiving_yards_blend,2026-09-30T11:26:54+00:00,2026-09-30T11:27:07+00:00
2026,4,401872970,2026-10-04,13:00,00-0036980,Elijah Moore,PHI,LAR,WR,rushing_yards,0.6,-10.1,15.6,,,eligible,eligible_current_role,backup,Active,6.0,direct_component_blend,20260908_1821_rushing_yards_blend,2026-09-30T11:26:54+00:00,2026-09-30T11:27:07+00:00
2026,4,401872970,2026-10-04,13:00,00-0036980,Elijah Moore,PHI,LAR,WR,receiving_yards,10.9,-6.3,39.7,,,eligible,eligible_current_role,backup,Active,6.0,direct_component_blend,20260908_1821_receiving_yards_blend,2026-09-30T11:26:54+00:00,2026-09-30T11:27:07+00:00
2026,4,401872970,2026-10-04,13:00,00-0037073,Jordan Davis,PHI,LAR,DL,tackles,3.3,1.3,5.7,0.9198571683703441,0.7929802174903796,eligible,eligible_current_role,starter,,1.0,direct,20260908_1821_tackles_direct,2026-09-30T11:26:54+00:00,2026-09-30T11:27:07+00:00
2026,4,401872970,2026-10-04,13:00,00-0037079,Riq Woolen,PHI,LAR,DB,tackles,2.9,0.7,5.6,0.8968008645367513,0.7280725280545053,eligible,eligible_current_role,starter,,1.0,direct,20260908_1821_tackles_direct,2026-09-30T11:26:54+00:00,2026-09-30T11:27:07+00:00
2026,4,401872970,2026-10-04,13:00,00-0037132,Britain Covey,PHI,LAR,WR,rushing_yards,0.0,-10.7,15.0,,,eligible,eligible_current_role,backup,,7.0,direct_component_blend,20260908_1821_rushing_yards_blend,2026-09-30T11:26:54+00:00,2026-09-30T11:27:07+00:00
2026,4,401872970,2026-10-04,13:00,00-0037132,Britain Covey,PHI,LAR,WR,receiving_yards,0.3,-16.8,29.1,,,eligible,eligible_current_role,backup,,7.0,direct_component_blend,20260908_1821_receiving_yards_blend,2026-09-30T11:26:54+00:00,2026-09-30T11:27:07+00:00
2026,4,401872970,2026-10-04,13:00,00-0037191,Trent McDuffie,LAR,PHI,DB,tackles,3.2,1.0,5.9,0.9157485917387777,0.7806628539241095,eligible,eligible_current_role,starter,,1.0,direct,20260908_1821_tackles_direct,2026-09-30T11:26:54+00:00,2026-09-30T11:27:07+00:00
2026,4,401872970,2026-10-04,13:00,00-0037195,Jaylen Watson,LAR,PHI,DB,tackles,3.7,1.0,7.2,0.939594839251312,0.8289476231217016,eligible,eligible_current_role,starter,Doubtful,1.0,direct,20260908_1821_tackles_direct,2026-09-30T11:26:54+00:00,2026-09-30T11:27:07+00:00
2026,4,401872970,2026-10-04,13:00,00-0037587,Nate Landman,LAR,PHI,LB,tackles,6.3,3.4,10.3,0.983495145631068,0.9631067961165048,eligible,eligible_current_role,recent_defensive_participant,Active,,direct,20260908_1821_tackles_direct,2026-09-30T11:26:54+00:00,2026-09-30T11:27:07+00:00
2026,4,401872970,2026-10-04,13:00,00-0037840,Kyren Williams,LAR,PHI,RB,rushing_yards,69.9,47.9,100.8,,,eligible,eligible_current_role,starter,Active,1.0,direct_component_blend,20260908_1821_rushing_yards_blend,2026-09-30T11:26:54+00:00,2026-09-30T11:27:07+00:00
2026,4,401872970,2026-10-04,13:00,00-0037840,Kyren Williams,LAR,PHI,RB,receiving_yards,20.0,2.8,48.8,,,eligible,eligible_current_role,starter,Active,1.0,direct_component_blend,20260908_1821_receiving_yards_blend,2026-09-30T11:26:54+00:00,2026-09-30T11:27:07+00:00
2026,4,401872970,2026-10-04,13:00,00-0037841,Quentin Lake,LAR,PHI,DB,tackles,4.9,2.2,8.3,0.979704815231381,0.9245366131331291,eligible,eligible_current_role,starter,Active,1.0,direct,20260908_1821_tackles_direct,2026-09-30T11:26:54+00:00,2026-09-30T11:27:07+00:00
2026,4,401872970,2026-10-04,13:00,00-0038116,Arnold Ebiketie,PHI,LAR,LB,tackles,1.1,0.0,3.6,0.5662945980449736,0.2759688889617296,eligible,eligible_current_role,backup,,3.0,direct,20260908_1821_tackles_direct,2026-09-30T11:26:54+00:00,2026-09-30T11:27:07+00:00
2026,4,401872970,2026-10-04,13:00,00-0038359,Xavier Smith,LAR,PHI,WR,rushing_yards,0.0,-10.8,14.9,,,eligible,eligible_current_role,backup,,5.0,direct_component_blend,20260908_1821_rushing_yards_blend,2026-09-30T11:26:54+00:00,2026-09-30T11:27:07+00:00
2026,4,401872970,2026-10-04,13:00,00-0038359,Xavier Smith,LAR,PHI,WR,receiving_yards,18.1,0.9,46.9,,,eligible,eligible_current_role,backup,,5.0,direct_component_blend,20260908_1821_receiving_yards_blend,2026-09-30T11:26:54+00:00,2026-09-30T11:27:07+00:00
2026,4,401872970,2026-10-04,13:00,00-0038386,Jalen Carter,PHI,LAR,DL,tackles,2.5,0.4,5.2,0.8626468703708547,0.6517135483539422,eligible,eligible_current_role,starter,Active,1.0,direct,20260908_1821_tackles_direct,2026-09-30T11:26:54+00:00,2026-09-30T11:27:07+00:00
2026,4,401872970,2026-10-04,13:00,00-0038393,Dontayvion Wicks,PHI,LAR,WR,rushing_yards,0.0,-10.8,15.0,,,eligible,eligible_current_role,backup,Active,2.0,direct_component_blend,20260908_1821_rushing_yards_blend,2026-09-30T11:26:54+00:00,2026-09-30T11:27:07+00:00
2026,4,401872970,2026-10-04,13:00,00-0038393,Dontayvion Wicks,PHI,LAR,WR,receiving_yards,15.2,-2.0,44.0,,,eligible,eligible_current_role,backup,Active,2.0,direct_component_blend,20260908_1821_receiving_yards_blend,2026-09-30T11:26:54+00:00,2026-09-30T11:27:07+00:00
2026,4,401872970,2026-10-04,13:00,00-0038412,Moro Ojomo,PHI,LAR,DL,tackles,2.2,0.1,5.0,0.8280604317501592,0.5862111525738346,eligible,eligible_current_role,starter,,1.0,direct,20260908_1821_tackles_direct,2026-09-30T11:26:54+00:00,2026-09-30T11:27:07+00:00
2026,4,401872970,2026-10-04,13:00,00-0038498,E.J. Jenkins,PHI,LAR,TE,rushing_yards,0.0,-11.9,16.5,,,eligible,eligible_current_role,backup,,4.0,direct_component_blend,20260908_1821_rushing_yards_blend,2026-09-30T11:26:54+00:00,2026-09-30T11:27:07+00:00
2026,4,401872970,2026-10-04,13:00,00-0038498,E.J. Jenkins,PHI,LAR,TE,receiving_yards,3.7,-14.9,35.6,,,eligible,eligible_current_role,backup,,4.0,direct_component_blend,20260908_1821_receiving_yards_blend,2026-09-30T11:26:54+00:00,2026-09-30T11:27:07+00:00
2026,4,401872970,2026-10-04,13:00,00-0038555,Tank Bigsby,PHI,LAR,RB,rushing_yards,12.8,-9.2,43.7,,,eligible,eligible_current_role,backup,Active,2.0,direct_component_blend,20260908_1821_rushing_yards_blend,2026-09-30T11:26:54+00:00,2026-09-30T11:27:07+00:00
2026,4,401872970,2026-10-04,13:00,00-0038555,Tank Bigsby,PHI,LAR,RB,receiving_yards,2.4,-14.7,31.2,,,eligible,eligible_current_role,backup,Active,2.0,direct_component_blend,20260908_1821_receiving_yards_blend,2026-09-30T11:26:54+00:00,2026-09-30T11:27:07+00:00
2026,4,401872970,2026-10-04,13:00,00-0038978,Byron Young,PHI,LAR,DL,tackles,1.7,0.0,4.1,0.7564214036120342,0.47766254573410705,eligible,eligible_current_role,backup,,2.0,direct,20260908_1821_tackles_direct,2026-09-30T11:26:54+00:00,2026-09-30T11:27:07+00:00
2026,4,401872970,2026-10-04,13:00,00-0039013,Nolan Smith,PHI,LAR,LB,tackles,2.5,0.5,5.0,0.862787676072641,0.6519978512817761,eligible,eligible_current_role,starter,,1.0,direct,20260908_1821_tackles_direct,2026-09-30T11:26:54+00:00,2026-09-30T11:27:07+00:00
2026,4,401872970,2026-10-04,13:00,00-0039061,Desjuan Johnson,LAR,PHI,LB,tackles,1.9,0.0,4.5,0.7868786997717747,0.5171371780942541,eligible,eligible_current_role,starter,,1.0,direct,20260908_1821_tackles_direct,2026-09-30T11:26:54+00:00,2026-09-30T11:27:07+00:00
2026,4,401872970,2026-10-04,13:00,00-0039074,Davis Allen,LAR,PHI,TE,rushing_yards,0.0,-10.8,14.9,,,eligible,eligible_current_role,backup,,3.0,direct_component_blend,20260908_1821_rushing_yards_blend,2026-09-30T11:26:54+00:00,2026-09-30T11:27:07+00:00
2026,4,401872970,2026-10-04,13:00,00-0039074,Davis Allen,LAR,PHI,TE,receiving_yards,12.8,-4.4,41.6,,,eligible,eligible_current_role,backup,,3.0,direct_component_blend,20260908_1821_receiving_yards_blend,2026-09-30T11:26:54+00:00,2026-09-30T11:27:07+00:00
2026,4,401872970,2026-10-04,13:00,00-0039075,Puka Nacua,LAR,PHI,WR,rushing_yards,0.9,-9.8,15.9,,,eligible,questionable_flag,starter,Questionable,1.0,direct_component_blend,20260908_1821_rushing_yards_blend,2026-09-30T11:26:54+00:00,2026-09-30T11:27:07+00:00
2026,4,401872970,2026-10-04,13:00,00-0039075,Puka Nacua,LAR,PHI,WR,receiving_yards,59.2,32.5,108.3,,,eligible,questionable_flag,starter,Questionable,1.0,direct_component_blend,20260908_1821_receiving_yards_blend,2026-09-30T11:26:54+00:00,2026-09-30T11:27:07+00:00
2026,4,401872970,2026-10-04,13:00,00-0039107,Stetson Bennett,LAR,PHI,QB,rushing_yards,8.6,-9.0,33.2,,,eligible,eligible_current_role,backup,,2.0,direct_component_blend,20260908_1821_rushing_yards_blend,2026-09-30T11:26:54+00:00,2026-09-30T11:27:07+00:00
2026,4,401872970,2026-10-04,13:00,00-0039137,Byron Young,LAR,PHI,LB,tackles,3.8,0.8,7.8,0.9447454885673099,0.8387846881954534,eligible,eligible_current_role,starter,,1.0,direct,20260908_1821_tackles_direct,2026-09-30T11:26:54+00:00,2026-09-30T11:27:07+00:00
2026,4,401872970,2026-10-04,13:00,00-0039138,Kobie Turner,LAR,PHI,DL,tackles,2.8,0.7,5.6,0.8924433335942379,0.7167985401217243,eligible,eligible_current_role,starter,,1.0,direct,20260908_1821_tackles_direct,2026-09-30T11:26:54+00:00,2026-09-30T11:27:07+00:00
2026,4,401872970,2026-10-04,13:00,00-0039140,Kelee Ringo,PHI,LAR,DB,tackles,1.1,0.0,3.6,0.5603704569819519,0.2703924183750097,eligible,eligible_current_role,backup,,2.0,direct,20260908_1821_tackles_direct,2026-09-30T11:26:54+00:00,2026-09-30T11:27:07+00:00
2026,4,401872970,2026-10-04,13:00,00-0039151,Emmanuel Forbes,LAR,PHI,DB,tackles,3.0,0.4,6.6,0.9055459304177689,0.7515662983932146,eligible,eligible_current_role,backup,,2.0,direct,20260908_1821_tackles_direct,2026-09-30T11:26:54+00:00,2026-09-30T11:27:07+00:00
2026,4,401872970,2026-10-04,13:00,00-0039498,Harrison Mevis,LAR,PHI,K,kicking_points,7.7,3.2,12.9,,,eligible,eligible_current_role,starter,Active,1.0,component,20260908_1821_kicking_points_component,2026-09-30T11:26:54+00:00,2026-09-30T11:27:07+00:00
2026,4,401872970,2026-10-04,13:00,00-0039734,Braden Fiske,LAR,PHI,DL,tackles,1.2,0.0,3.7,0.5769376909992785,0.28626614668925787,eligible,eligible_current_role,backup,,2.0,direct,20260908_1821_tackles_direct,2026-09-30T11:26:54+00:00,2026-09-30T11:27:07+00:00
2026,4,401872970,2026-10-04,13:00,00-0039738,Blake Corum,LAR,PHI,RB,rushing_yards,32.9,10.9,63.8,,,eligible,eligible_current_role,backup,Active,2.0,direct_component_blend,20260908_1821_rushing_yards_blend,2026-09-30T11:26:54+00:00,2026-09-30T11:27:07+00:00
2026,4,401872970,2026-10-04,13:00,00-0039738,Blake Corum,LAR,PHI,RB,receiving_yards,4.4,-12.7,33.3,,,eligible,eligible_current_role,backup,Active,2.0,direct_component_blend,20260908_1821_receiving_yards_blend,2026-09-30T11:26:54+00:00,2026-09-30T11:27:07+00:00
2026,4,401872970,2026-10-04,13:00,00-0039740,Jalyx Hunt,PHI,LAR,LB,tackles,3.0,1.0,5.4,0.904079379075587,0.7475400323039771,eligible,eligible_current_role,backup,,2.0,direct,20260908_1821_tackles_direct,2026-09-30T11:26:54+00:00,2026-09-30T11:27:07+00:00
2026,4,401872970,2026-10-04,13:00,00-0039746,Will Shipley,PHI,LAR,RB,rushing_yards,4.7,-6.0,19.8,,,eligible,eligible_current_role,backup,Active,3.0,direct_component_blend,20260908_1821_rushing_yards_blend,2026-09-30T11:26:54+00:00,2026-09-30T11:27:07+00:00
2026,4,401872970,2026-10-04,13:00,00-0039746,Will Shipley,PHI,LAR,RB,receiving_yards,3.0,-14.1,31.9,,,eligible,eligible_current_role,backup,Active,3.0,direct_component_blend,20260908_1821_receiving_yards_blend,2026-09-30T11:26:54+00:00,2026-09-30T11:27:07+00:00
2026,4,401872970,2026-10-04,13:00,00-0039749,Tyler Davis,LAR,PHI,DL,tackles,2.2,0.3,4.7,0.8288268539342543,0.5875784167781986,eligible,eligible_current_role,backup,,2.0,direct,20260908_1821_tackles_direct,2026-09-30T11:26:54+00:00,2026-09-30T11:27:07+00:00
2026,4,401872970,2026-10-04,13:00,00-0039751,Jordan Whittington,LAR,PHI,WR,rushing_yards,0.0,-10.8,14.9,,,eligible,eligible_current_role,backup,Active,3.0,direct_component_blend,20260908_1821_rushing_yards_blend,2026-09-30T11:26:54+00:00,2026-09-30T11:27:07+00:00
2026,4,401872970,2026-10-04,13:00,00-0039751,Jordan Whittington,LAR,PHI,WR,receiving_yards,5.7,-11.5,34.5,,,eligible,eligible_current_role,backup,Active,3.0,direct_component_blend,20260908_1821_receiving_yards_blend,2026-09-30T11:26:54+00:00,2026-09-30T11:27:07+00:00
2026,4,401872970,2026-10-04,13:00,00-0039772,Josh Wallace,LAR,PHI,DB,tackles,3.0,0.9,5.8,0.9053448660787689,0.751012131587295,eligible,eligible_current_role,backup,,2.0,direct,20260908_1821_tackles_direct,2026-09-30T11:26:54+00:00,2026-09-30T11:27:07+00:00
2026,4,401872970,2026-10-04,13:00,00-0039774,Omar Speights,LAR,PHI,LB,tackles,5.0,2.0,8.9,0.9802025680293889,0.9291453161097919,eligible,eligible_current_role,recent_defensive_participant,,,direct,20260908_1821_tackles_direct,2026-09-30T11:26:54+00:00,2026-09-30T11:27:07+00:00
2026,4,401872970,2026-10-04,13:00,00-0039776,Jaylen McCollough,LAR,PHI,DB,tackles,3.5,0.9,7.0,0.9317719874247273,0.8145882405422141,eligible,eligible_current_role,backup,,2.0,direct,20260908_1821_tackles_direct,2026-09-30T11:26:54+00:00,2026-09-30T11:27:07+00:00
2026,4,401872970,2026-10-04,13:00,00-0039826,Jeremiah Trotter Jr.,PHI,LAR,LB,tackles,1.1,0.0,3.6,0.5596015074036899,0.26967656145932417,eligible,eligible_current_role,recent_defensive_participant,,,direct,20260908_1821_tackles_direct,2026-09-30T11:26:54+00:00,2026-09-30T11:27:07+00:00
2026,4,401872970,2026-10-04,13:00,00-0039834,Kamren Kinchens,LAR,PHI,DB,tackles,4.2,2.0,6.9,0.9623024019023676,0.8781483698838171,eligible,questionable_flag,starter,Questionable,1.0,direct,20260908_1821_tackles_direct,2026-09-30T11:26:54+00:00,2026-09-30T11:27:07+00:00
2026,4,401872970,2026-10-04,13:00,00-0039841,Cooper DeJean,PHI,LAR,DB,tackles,5.2,2.5,8.7,0.9811031259317357,0.9377396395282491,eligible,eligible_current_role,starter,,1.0,direct,20260908_1821_tackles_direct,2026-09-30T11:26:54+00:00,2026-09-30T11:27:07+00:00
2026,4,401872970,2026-10-04,13:00,00-0039888,Quinyon Mitchell,PHI,LAR,DB,tackles,3.2,0.6,6.7,0.9157878106097095,0.7807786740440779,eligible,eligible_current_role,starter,,1.0,direct,20260908_1821_tackles_direct,2026-09-30T11:26:54+00:00,2026-09-30T11:27:07+00:00
2026,4,401872970,2026-10-04,13:00,00-0040024,Darius Cooper,PHI,LAR,WR,rushing_yards,0.0,-10.8,15.0,,,eligible,eligible_current_role,backup,Active,5.0,direct_component_blend,20260908_1821_rushing_yards_blend,2026-09-30T11:26:54+00:00,2026-09-30T11:27:07+00:00
2026,4,401872970,2026-10-04,13:00,00-0040024,Darius Cooper,PHI,LAR,WR,receiving_yards,8.2,-9.0,37.0,,,eligible,eligible_current_role,backup,Active,5.0,direct_component_blend,20260908_1821_receiving_yards_blend,2026-09-30T11:26:54+00:00,2026-09-30T11:27:07+00:00
2026,4,401872970,2026-10-04,13:00,00-0040071,Mac McWilliams,PHI,LAR,DB,tackles,1.2,0.0,4.0,0.5849425638375578,0.2942543199488348,eligible,eligible_current_role,backup,,3.0,direct,20260908_1821_tackles_direct,2026-09-30T11:26:54+00:00,2026-09-30T11:27:07+00:00
2026,4,401872970,2026-10-04,13:00,00-0040580,Josaiah Stewart,LAR,PHI,LB,tackles,1.4,0.0,3.9,0.660821450461496,0.36790970383358945,eligible,eligible_current_role,backup,,2.0,direct,20260908_1821_tackles_direct,2026-09-30T11:26:54+00:00,2026-09-30T11:27:07+00:00
2026,4,401872970,2026-10-04,13:00,00-0040585,Ty Hamilton,LAR,PHI,DL,tackles,0.9,0.0,3.4,0.5042314674077439,0.22376082054028662,eligible,eligible_current_role,backup,,2.0,direct,20260908_1821_tackles_direct,2026-09-30T11:26:54+00:00,2026-09-30T11:27:07+00:00
2026,4,401872970,2026-10-04,13:00,00-0040590,Konata Mumpfield,LAR,PHI,WR,rushing_yards,0.0,-10.8,15.0,,,eligible,eligible_current_role,backup,Active,4.0,direct_component_blend,20260908_1821_rushing_yards_blend,2026-09-30T11:26:54+00:00,2026-09-30T11:27:07+00:00
2026,4,401872970,2026-10-04,13:00,00-0040590,Konata Mumpfield,LAR,PHI,WR,receiving_yards,19.3,-7.3,68.5,,,eligible,eligible_current_role,backup,Active,4.0,direct_component_blend,20260908_1821_receiving_yards_blend,2026-09-30T11:26:54+00:00,2026-09-30T11:27:07+00:00
2026,4,401872970,2026-10-04,13:00,00-0040613,Shaun Dolac,LAR,PHI,LB,tackles,0.8,0.0,3.3,0.4555439867517647,0.1890774496516226,eligible,eligible_current_role,recent_defensive_participant,,,direct,20260908_1821_tackles_direct,2026-09-30T11:26:54+00:00,2026-09-30T11:27:07+00:00
2026,4,401872970,2026-10-04,13:00,00-0040662,Ty Robinson,PHI,LAR,DL,tackles,0.6,0.0,3.4,0.39088263821532493,0.11445198836081474,eligible,eligible_current_role,backup,,2.0,direct,20260908_1821_tackles_direct,2026-09-30T11:26:54+00:00,2026-09-30T11:27:07+00:00
2026,4,401872970,2026-10-04,13:00,00-0040708,Jihaad Campbell,PHI,LAR,LB,tackles,4.3,2.3,6.7,0.966797506350404,0.8893581884644768,eligible,eligible_current_role,recent_defensive_participant,Active,,direct,20260908_1821_tackles_direct,2026-09-30T11:26:54+00:00,2026-09-30T11:27:07+00:00
2026,4,401872970,2026-10-04,13:00,00-0040737,Terrance Ferguson,LAR,PHI,TE,rushing_yards,0.0,-10.8,14.9,,,eligible,eligible_current_role,backup,Doubtful,2.0,direct_component_blend,20260908_1821_rushing_yards_blend,2026-09-30T11:26:54+00:00,2026-09-30T11:27:07+00:00
2026,4,401872970,2026-10-04,13:00,00-0040737,Terrance Ferguson,LAR,PHI,TE,receiving_yards,16.8,-0.3,45.6,,,eligible,eligible_current_role,backup,Doubtful,2.0,direct_component_blend,20260908_1821_receiving_yards_blend,2026-09-30T11:26:54+00:00,2026-09-30T11:27:07+00:00
2026,4,401872970,2026-10-04,13:00,00-0040749,Andrew Mukuba,PHI,LAR,DB,tackles,3.6,1.0,7.1,0.9382366652361949,0.8264067749310849,eligible,eligible_current_role,starter,Active,1.0,direct,20260908_1821_tackles_direct,2026-09-30T11:26:54+00:00,2026-09-30T11:27:07+00:00
2026,4,401872970,2026-10-04,13:00,00-0040867,Makai Lemon,PHI,LAR,WR,rushing_yards,0.0,-14.7,20.7,,,eligible,eligible_current_role,backup,Active,3.0,direct_component_blend,20260908_1821_rushing_yards_blend,2026-09-30T11:26:54+00:00,2026-09-30T11:27:07+00:00
2026,4,401872970,2026-10-04,13:00,00-0040867,Makai Lemon,PHI,LAR,WR,receiving_yards,6.2,-16.4,46.8,,,eligible,eligible_current_role,backup,Active,3.0,direct_component_blend,20260908_1821_receiving_yards_blend,2026-09-30T11:26:54+00:00,2026-09-30T11:27:07+00:00
2026,4,401872970,2026-10-04,13:00,00-0040923,Maximus Pulley,LAR,PHI,DB,tackles,2.2,0.0,6.1,0.8287249539707361,0.5873964441296551,eligible,eligible_current_role,backup,Active,2.0,direct,20260908_1821_tackles_direct,2026-09-30T11:26:54+00:00,2026-09-30T11:27:07+00:00
2026,4,401872970,2026-10-04,13:00,00-0041399,CJ Daniels,LAR,PHI,WR,rushing_yards,0.0,-14.7,20.7,,,eligible,eligible_current_role,backup,Active,7.0,direct_component_blend,20260908_1821_rushing_yards_blend,2026-09-30T11:26:54+00:00,2026-09-30T11:27:07+00:00
2026,4,401872970,2026-10-04,13:00,00-0041399,CJ Daniels,LAR,PHI,WR,receiving_yards,6.8,-15.9,47.3,,,eligible,eligible_current_role,backup,Active,7.0,direct_component_blend,20260908_1821_receiving_yards_blend,2026-09-30T11:26:54+00:00,2026-09-30T11:27:07+00:00
2026,4,401872970,2026-10-04,13:00,00-0041404,Wesley Bailey,LAR,PHI,LB,tackles,1.7,0.0,5.3,0.7640716509340207,0.48697109497069474,eligible,eligible_current_role,backup,,2.0,direct,20260908_1821_tackles_direct,2026-09-30T11:26:54+00:00,2026-09-30T11:27:07+00:00
2026,4,401872970,2026-10-04,13:00,00-0041415,Dean Connors,LAR,PHI,RB,rushing_yards,10.9,-19.4,53.4,,,eligible,eligible_current_role,backup,Active,3.0,direct_component_blend,20260908_1821_rushing_yards_blend,2026-09-30T11:26:54+00:00,2026-09-30T11:27:07+00:00
2026,4,401872970,2026-10-04,13:00,00-0041415,Dean Connors,LAR,PHI,RB,receiving_yards,2.9,-19.7,43.5,,,eligible,eligible_current_role,backup,Active,3.0,direct_component_blend,20260908_1821_receiving_yards_blend,2026-09-30T11:26:54+00:00,2026-09-30T11:27:07+00:00
2026,4,401872970,2026-10-04,13:00,00-0041510,Max Klare,LAR,PHI,TE,rushing_yards,0.0,-14.8,20.6,,,eligible,eligible_current_role,backup,,5.0,direct_component_blend,20260908_1821_rushing_yards_blend,2026-09-30T11:26:54+00:00,2026-09-30T11:27:07+00:00
2026,4,401872970,2026-10-04,13:00,00-0041510,Max Klare,LAR,PHI,TE,receiving_yards,3.8,-18.9,44.3,,,eligible,eligible_current_role,backup,,5.0,direct_component_blend,20260908_1821_receiving_yards_blend,2026-09-30T11:26:54+00:00,2026-09-30T11:27:07+00:00
2026,4,401872970,2026-10-04,13:00,00-0041568,Ty Simpson,LAR,PHI,QB,rushing_yards,8.4,-9.1,33.1,,,eligible,eligible_current_role,backup,Active,3.0,direct_component_blend,20260908_1821_rushing_yards_blend,2026-09-30T11:26:54+00:00,2026-09-30T11:27:07+00:00
2026,4,401872971,2026-10-04,13:00,00-0031054,DaQuan Jones,NE,BUF,DL,tackles,1.8,0.0,4.3,0.772363937491463,0.4973675173944465,eligible,eligible_current_role,backup,,2.0,direct,20260908_1821_tackles_direct,2026-09-30T11:26:54+00:00,2026-09-30T11:27:07+00:00
2026,4,401872971,2026-10-04,13:00,00-0033090,Hunter Henry,NE,BUF,TE,rushing_yards,0.0,-10.8,14.9,,,eligible,eligible_current_role,starter,Active,1.0,direct_component_blend,20260908_1821_rushing_yards_blend,2026-09-30T11:26:54+00:00,2026-09-30T11:27:07+00:00
2026,4,401872971,2026-10-04,13:00,00-0033090,Hunter Henry,NE,BUF,TE,receiving_yards,32.4,12.7,66.6,,,eligible,eligible_current_role,starter,Active,1.0,direct_component_blend,20260908_1821_receiving_yards_blend,2026-09-30T11:26:54+00:00,2026-09-30T11:27:07+00:00
2026,4,401872971,2026-10-04,13:00,00-0033132,Kevin Byard,NE,BUF,DB,tackles,5.6,2.9,9.1,0.9822775955474002,0.9495651489050098,eligible,eligible_current_role,starter,,1.0,direct,20260908_1821_tackles_direct,2026-09-30T11:26:54+00:00,2026-09-30T11:27:07+00:00
2026,4,401872971,2026-10-04,13:00,00-0033555,Mack Hollins,NE,BUF,WR,rushing_yards,0.0,-10.8,15.0,,,eligible,eligible_current_role,backup,Active,3.0,direct_component_blend,20260908_1821_rushing_yards_blend,2026-09-30T11:26:54+00:00,2026-09-30T11:27:07+00:00
2026,4,401872971,2026-10-04,13:00,00-0033555,Mack Hollins,NE,BUF,WR,receiving_yards,37.6,10.9,86.8,,,eligible,eligible_current_role,backup,Active,3.0,direct_component_blend,20260908_1821_receiving_yards_blend,2026-09-30T11:26:54+00:00,2026-09-30T11:27:07+00:00
2026,4,401872971,2026-10-04,13:00,00-0034577,Kyle Allen,BUF,NE,QB,rushing_yards,4.3,-6.4,19.4,,,eligible,eligible_current_role,backup,,2.0,direct_component_blend,20260908_1821_rushing_yards_blend,2026-09-30T11:26:54+00:00,2026-09-30T11:27:07+00:00
2026,4,401872971,2026-10-04,13:00,00-0034720,Robert Spillane,NE,BUF,LB,tackles,5.9,2.9,9.9,0.9828600023534126,0.9557717680610568,eligible,eligible_current_role,recent_defensive_participant,,,direct,20260908_1821_tackles_direct,2026-09-30T11:26:54+00:00,2026-09-30T11:27:07+00:00
2026,4,401872971,2026-10-04,13:00,00-0034778,Carlton Davis III,NE,BUF,DB,tackles,3.8,1.6,6.5,0.9438141962594289,0.8369813642979687,eligible,eligible_current_role,starter,Active,1.0,direct,20260908_1821_tackles_direct,2026-09-30T11:26:54+00:00,2026-09-30T11:27:07+00:00
2026,4,401872971,2026-10-04,13:00,00-0034827,DJ Moore,BUF,NE,WR,rushing_yards,0.9,-9.8,15.9,,,eligible,eligible_current_role,starter,Active,1.0,direct_component_blend,20260908_1821_rushing_yards_blend,2026-09-30T11:26:54+00:00,2026-09-30T11:27:07+00:00
2026,4,401872971,2026-10-04,13:00,00-0034827,DJ Moore,BUF,NE,WR,receiving_yards,38.3,11.7,87.5,,,eligible,eligible_current_role,starter,Active,1.0,direct_component_blend,20260908_1821_receiving_yards_blend,2026-09-30T11:26:54+00:00,2026-09-30T11:27:07+00:00
2026,4,401872971,2026-10-04,13:00,00-0034832,Bradley Chubb,BUF,NE,LB,tackles,3.0,0.1,7.1,0.9066612994592443,0.7546531402686448,eligible,eligible_current_role,starter,Active,1.0,direct,20260908_1821_tackles_direct,2026-09-30T11:26:54+00:00,2026-09-30T11:27:07+00:00
2026,4,401872971,2026-10-04,13:00,00-0034857,Josh Allen,BUF,NE,QB,passing_yards,190.0,96.6,296.3,,,eligible,questionable_flag,starter,Questionable,1.0,direct_component_blend,20260908_1821_passing_yards_blend,2026-09-30T11:26:54+00:00,2026-09-30T11:27:07+00:00
2026,4,401872971,2026-10-04,13:00,00-0034857,Josh Allen,BUF,NE,QB,passing_tds,1.464,,,0.8049529834350585,0.46863171866658154,eligible,questionable_flag,starter,Questionable,1.0,direct_component_blend,20260908_1821_passing_tds_blend,2026-09-30T11:26:54+00:00,2026-09-30T11:27:07+00:00
2026,4,401872971,2026-10-04,13:00,00-0034857,Josh Allen,BUF,NE,QB,rushing_yards,34.7,22.0,52.7,,,eligible,questionable_flag,starter,Questionable,1.0,direct_component_blend,20260908_1821_rushing_yards_blend,2026-09-30T11:26:54+00:00,2026-09-30T11:27:07+00:00
2026,4,401872971,2026-10-04,13:00,00-0034971,Jalen Hurd,NE,BUF,WR,rushing_yards,0.0,-14.7,20.7,,,eligible,eligible_current_role,roster_only,,,direct_component_blend,20260908_1821_rushing_yards_blend,2026-09-30T11:26:54+00:00,2026-09-30T11:27:07+00:00
2026,4,401872971,2026-10-04,13:00,00-0034971,Jalen Hurd,NE,BUF,WR,receiving_yards,6.6,-16.0,47.2,,,eligible,eligible_current_role,roster_only,,,direct_component_blend,20260908_1821_receiving_yards_blend,2026-09-30T11:26:54+00:00,2026-09-30T11:27:07+00:00
2026,4,401872971,2026-10-04,13:00,00-0035230,Ed Oliver,BUF,NE,DL,tackles,2.1,0.2,4.6,0.8184260349421757,0.569295136230072,eligible,eligible_current_role,starter,Active,1.0,direct,20260908_1821_tackles_direct,2026-09-30T11:26:54+00:00,2026-09-30T11:27:07+00:00
2026,4,401872971,2026-10-04,13:00,00-0035253,C.J. Gardner-Johnson,BUF,NE,DB,tackles,4.4,1.7,7.8,0.9679854830037288,0.8923822668063349,eligible,eligible_current_role,starter,,1.0,direct,20260908_1821_tackles_direct,2026-09-30T11:26:54+00:00,2026-09-30T11:27:07+00:00
2026,4,401872971,2026-10-04,13:00,00-0035500,Greg Dortch,BUF,NE,WR,rushing_yards,0.8,-9.9,15.9,,,eligible,eligible_current_role,backup,Active,5.0,direct_component_blend,20260908_1821_rushing_yards_blend,2026-09-30T11:26:54+00:00,2026-09-30T11:27:07+00:00
2026,4,401872971,2026-10-04,13:00,00-0035500,Greg Dortch,BUF,NE,WR,receiving_yards,14.6,-12.1,63.8,,,eligible,eligible_current_role,backup,Active,5.0,direct_component_blend,20260908_1821_receiving_yards_blend,2026-09-30T11:26:54+00:00,2026-09-30T11:27:07+00:00
2026,4,401872971,2026-10-04,13:00,00-0035537,Ty Johnson,BUF,NE,RB,rushing_yards,10.7,-11.3,41.6,,,eligible,eligible_current_role,backup,Active,2.0,direct_component_blend,20260908_1821_rushing_yards_blend,2026-09-30T11:26:54+00:00,2026-09-30T11:27:07+00:00
2026,4,401872971,2026-10-04,13:00,00-0035537,Ty Johnson,BUF,NE,RB,receiving_yards,14.2,-3.0,43.0,,,eligible,eligible_current_role,backup,Active,2.0,direct_component_blend,20260908_1821_receiving_yards_blend,2026-09-30T11:26:54+00:00,2026-09-30T11:27:07+00:00
2026,4,401872971,2026-10-04,13:00,00-0035667,Greg Gaines,BUF,NE,DL,tackles,1.3,0.0,3.8,0.6335452625519316,0.34009142775076845,eligible,eligible_current_role,backup,,2.0,direct,20260908_1821_tackles_direct,2026-09-30T11:26:54+00:00,2026-09-30T11:27:07+00:00
2026,4,401872971,2026-10-04,13:00,00-0035678,Dre'Mont Jones,NE,BUF,LB,tackles,2.4,0.0,6.5,0.8565684902856983,0.6396016675030123,eligible,questionable_flag,starter,Questionable,1.0,direct,20260908_1821_tackles_direct,2026-09-30T11:26:54+00:00,2026-09-30T11:27:07+00:00
2026,4,401872971,2026-10-04,13:00,00-0035689,Dawson Knox,BUF,NE,TE,rushing_yards,0.0,-10.7,15.0,,,eligible,eligible_current_role,backup,Active,2.0,direct_component_blend,20260908_1821_rushing_yards_blend,2026-09-30T11:26:54+00:00,2026-09-30T11:27:07+00:00
2026,4,401872971,2026-10-04,13:00,00-0035689,Dawson Knox,BUF,NE,TE,receiving_yards,24.6,7.4,53.4,,,eligible,eligible_current_role,backup,Active,2.0,direct_component_blend,20260908_1821_receiving_yards_blend,2026-09-30T11:26:54+00:00,2026-09-30T11:27:07+00:00
2026,4,401872971,2026-10-04,13:00,00-0035933,Michael Hoecht,BUF,NE,LB,tackles,2.6,0.7,5.1,0.8782526178294975,0.6843355619306091,eligible,eligible_current_role,backup,,2.0,direct,20260908_1821_tackles_direct,2026-09-30T11:26:54+00:00,2026-09-30T11:27:07+00:00
2026,4,401872971,2026-10-04,13:00,00-0036037,Sam Franklin Jr.,BUF,NE,DB,tackles,0.7,0.0,3.1,0.39651081605343125,0.12056481136288744,eligible,eligible_current_role,backup,,2.0,direct,20260908_1821_tackles_direct,2026-09-30T11:26:54+00:00,2026-09-30T11:27:07+00:00
2026,4,401872971,2026-10-04,13:00,00-0036162,Tyler Bass,BUF,NE,K,kicking_points,7.8,2.7,13.6,,,eligible,eligible_current_role,starter,Active,1.0,component,20260908_1821_kicking_points_component,2026-09-30T11:26:54+00:00,2026-09-30T11:27:07+00:00
2026,4,401872971,2026-10-04,13:00,00-0036187,Reggie Gilliam,NE,BUF,RB,rushing_yards,2.2,-8.6,17.2,,,eligible,eligible_current_role,starter,Active,1.0,direct_component_blend,20260908_1821_rushing_yards_blend,2026-09-30T11:26:54+00:00,2026-09-30T11:27:07+00:00
2026,4,401872971,2026-10-04,13:00,00-0036187,Reggie Gilliam,NE,BUF,RB,receiving_yards,3.0,-14.2,31.8,,,eligible,eligible_current_role,starter,Active,1.0,direct_component_blend,20260908_1821_receiving_yards_blend,2026-09-30T11:26:54+00:00,2026-09-30T11:27:07+00:00
2026,4,401872971,2026-10-04,13:00,00-0036378,Michael Danna,BUF,NE,LB,tackles,1.8,0.0,4.3,0.769166807498822,0.4933202695251677,eligible,eligible_current_role,backup,Active,3.0,direct,20260908_1821_tackles_direct,2026-09-30T11:26:54+00:00,2026-09-30T11:27:07+00:00
2026,4,401872971,2026-10-04,13:00,00-0036813,Christian Elliss,NE,BUF,LB,tackles,4.8,1.8,8.8,0.9783105118228226,0.91998181335393,eligible,eligible_current_role,recent_defensive_participant,,,direct,20260908_1821_tackles_direct,2026-09-30T11:26:54+00:00,2026-09-30T11:27:07+00:00
2026,4,401872971,2026-10-04,13:00,00-0036875,Rhamondre Stevenson,NE,BUF,RB,rushing_yards,35.3,13.3,66.2,,,eligible,eligible_current_role,starter,Active,1.0,direct_component_blend,20260908_1821_rushing_yards_blend,2026-09-30T11:26:54+00:00,2026-09-30T11:27:07+00:00
2026,4,401872971,2026-10-04,13:00,00-0036875,Rhamondre Stevenson,NE,BUF,RB,receiving_yards,16.8,-0.3,45.6,,,eligible,eligible_current_role,starter,Active,1.0,direct_component_blend,20260908_1821_receiving_yards_blend,2026-09-30T11:26:54+00:00,2026-09-30T11:27:07+00:00
2026,4,401872971,2026-10-04,13:00,00-0036888,Damar Hamlin,BUF,NE,DB,tackles,1.4,0.0,5.0,0.6795826098545191,0.38790915062755704,eligible,eligible_current_role,backup,,2.0,direct,20260908_1821_tackles_direct,2026-09-30T11:26:54+00:00,2026-09-30T11:27:07+00:00
2026,4,401872971,2026-10-04,13:00,00-0036914,Greg Rousseau,BUF,NE,LB,tackles,2.7,0.0,6.8,0.8818901905355853,0.6922867916563935,eligible,eligible_current_role,starter,Active,1.0,direct,20260908_1821_tackles_direct,2026-09-30T11:26:54+00:00,2026-09-30T11:27:07+00:00
2026,4,401872971,2026-10-04,13:00,00-0036916,Milton Williams,NE,BUF,DL,tackles,1.6,0.0,4.1,0.7504677935686794,0.4705976667189502,eligible,eligible_current_role,starter,,1.0,direct,20260908_1821_tackles_direct,2026-09-30T11:26:54+00:00,2026-09-30T11:27:07+00:00
2026,4,401872971,2026-10-04,13:00,00-0036981,Christian Barmore,NE,BUF,DL,tackles,1.9,0.0,4.7,0.7766466859408745,0.5028676895735347,eligible,questionable_flag,starter,Questionable,1.0,direct,20260908_1821_tackles_direct,2026-09-30T11:26:54+00:00,2026-09-30T11:27:07+00:00
2026,4,401872971,2026-10-04,13:00,00-0036988,Josh Palmer,BUF,NE,WR,rushing_yards,0.0,-10.7,15.0,,,eligible,eligible_current_role,backup,,4.0,direct_component_blend,20260908_1821_rushing_yards_blend,2026-09-30T11:26:54+00:00,2026-09-30T11:27:07+00:00
2026,4,401872971,2026-10-04,13:00,00-0036988,Josh Palmer,BUF,NE,WR,receiving_yards,17.4,0.3,46.2,,,eligible,eligible_current_role,backup,,4.0,direct_component_blend,20260908_1821_receiving_yards_blend,2026-09-30T11:26:54+00:00,2026-09-30T11:27:07+00:00
2026,4,401872971,2026-10-04,13:00,00-0037034,Dee Alford,BUF,NE,DB,tackles,3.9,1.7,6.6,0.9502918785879036,0.8497286021662404,eligible,eligible_current_role,starter,,1.0,direct,20260908_1821_tackles_direct,2026-09-30T11:26:54+00:00,2026-09-30T11:27:07+00:00
2026,4,401872971,2026-10-04,13:00,00-0037248,James Cook,BUF,NE,RB,rushing_yards,73.7,51.7,104.6,,,eligible,eligible_current_role,starter,Active,1.0,direct_component_blend,20260908_1821_rushing_yards_blend,2026-09-30T11:26:54+00:00,2026-09-30T11:27:07+00:00
2026,4,401872971,2026-10-04,13:00,00-0037248,James Cook,BUF,NE,RB,receiving_yards,14.1,-3.1,42.9,,,eligible,eligible_current_role,starter,Active,1.0,direct_component_blend,20260908_1821_receiving_yards_blend,2026-09-30T11:26:54+00:00,2026-09-30T11:27:07+00:00
2026,4,401872971,2026-10-04,13:00,00-0037253,Marcus Jones,NE,BUF,DB,tackles,3.3,1.1,6.0,0.9185637827025221,0.7890617068751657,eligible,eligible_current_role,starter,,1.0,direct,20260908_1821_tackles_direct,2026-09-30T11:26:54+00:00,2026-09-30T11:27:07+00:00
2026,4,401872971,2026-10-04,13:00,00-0037254,Terrel Bernard,BUF,NE,LB,tackles,4.2,2.1,6.6,0.9608483550868202,0.8745955684053549,eligible,eligible_current_role,recent_defensive_participant,Active,,direct,20260908_1821_tackles_direct,2026-09-30T11:26:54+00:00,2026-09-30T11:27:07+00:00
2026,4,401872971,2026-10-04,13:00,00-0037261,Khalil Shakir,BUF,NE,WR,rushing_yards,0.0,-10.8,15.0,,,eligible,eligible_current_role,backup,Active,2.0,direct_component_blend,20260908_1821_rushing_yards_blend,2026-09-30T11:26:54+00:00,2026-09-30T11:27:07+00:00
2026,4,401872971,2026-10-04,13:00,00-0037261,Khalil Shakir,BUF,NE,WR,receiving_yards,33.4,6.7,82.6,,,eligible,eligible_current_role,backup,Active,2.0,direct_component_blend,20260908_1821_receiving_yards_blend,2026-09-30T11:26:54+00:00,2026-09-30T11:27:07+00:00
2026,4,401872971,2026-10-04,13:00,00-0037288,Christian Benford,BUF,NE,DB,tackles,3.3,0.7,6.8,0.9207473283698046,0.7953614951589912,eligible,questionable_flag,starter,Questionable,1.0,direct,20260908_1821_tackles_direct,2026-09-30T11:26:54+00:00,2026-09-30T11:27:07+00:00
2026,4,401872971,2026-10-04,13:00,00-0037493,Mike Brown,NE,BUF,DB,tackles,0.8,0.0,3.3,0.43496978525005664,0.16858797757197963,eligible,eligible_current_role,recent_defensive_participant,,,direct,20260908_1821_tackles_direct,2026-09-30T11:26:54+00:00,2026-09-30T11:27:07+00:00
2026,4,401872971,2026-10-04,13:00,00-0037617,Hassan Haskins,NE,BUF,RB,rushing_yards,9.0,-1.7,24.0,,,eligible,eligible_current_role,roster_only,,,direct_component_blend,20260908_1821_rushing_yards_blend,2026-09-30T11:26:54+00:00,2026-09-30T11:27:07+00:00
2026,4,401872971,2026-10-04,13:00,00-0037617,Hassan Haskins,NE,BUF,RB,receiving_yards,4.0,-13.2,32.8,,,eligible,eligible_current_role,roster_only,,,direct_component_blend,20260908_1821_receiving_yards_blend,2026-09-30T11:26:54+00:00,2026-09-30T11:27:07+00:00
2026,4,401872971,2026-10-04,13:00,00-0037711,Jeremiah Pharms Jr.,NE,BUF,DL,tackles,1.1,0.0,3.6,0.5634017158401408,0.2732321474394294,eligible,eligible_current_role,recent_defensive_participant,,,direct,20260908_1821_tackles_direct,2026-09-30T11:26:54+00:00,2026-09-30T11:27:07+00:00
2026,4,401872971,2026-10-04,13:00,00-0037816,Romeo Doubs,NE,BUF,WR,rushing_yards,0.0,-10.8,15.0,,,eligible,eligible_current_role,starter,Active,1.0,direct_component_blend,20260908_1821_rushing_yards_blend,2026-09-30T11:26:54+00:00,2026-09-30T11:27:07+00:00
2026,4,401872971,2026-10-04,13:00,00-0037816,Romeo Doubs,NE,BUF,WR,receiving_yards,36.3,9.7,85.5,,,eligible,eligible_current_role,starter,Active,1.0,direct_component_blend,20260908_1821_receiving_yards_blend,2026-09-30T11:26:54+00:00,2026-09-30T11:27:07+00:00
2026,4,401872971,2026-10-04,13:00,00-0038476,Tommy DeVito,NE,BUF,QB,rushing_yards,10.5,-2.3,28.4,,,eligible,eligible_current_role,backup,,2.0,direct_component_blend,20260908_1821_rushing_yards_blend,2026-09-30T11:26:54+00:00,2026-09-30T11:27:07+00:00
2026,4,401872971,2026-10-04,13:00,00-0038557,Dorian Williams,BUF,NE,LB,tackles,2.9,0.9,5.4,0.8996636025581652,0.7356305766180236,eligible,eligible_current_role,recent_defensive_participant,Active,,direct,20260908_1821_tackles_direct,2026-09-30T11:26:54+00:00,2026-09-30T11:27:07+00:00
2026,4,401872971,2026-10-04,13:00,00-0038564,Cameron Latu,NE,BUF,TE,rushing_yards,0.0,-10.8,15.0,,,eligible,eligible_current_role,backup,,3.0,direct_component_blend,20260908_1821_rushing_yards_blend,2026-09-30T11:26:54+00:00,2026-09-30T11:27:07+00:00
2026,4,401872971,2026-10-04,13:00,00-0038564,Cameron Latu,NE,BUF,TE,receiving_yards,5.4,-11.7,34.3,,,eligible,eligible_current_role,backup,,3.0,direct_component_blend,20260908_1821_receiving_yards_blend,2026-09-30T11:26:54+00:00,2026-09-30T11:27:07+00:00
2026,4,401872971,2026-10-04,13:00,00-0038621,DeMario Douglas,NE,BUF,WR,rushing_yards,0.4,-10.3,15.5,,,eligible,eligible_current_role,backup,Active,2.0,direct_component_blend,20260908_1821_rushing_yards_blend,2026-09-30T11:26:54+00:00,2026-09-30T11:27:07+00:00
2026,4,401872971,2026-10-04,13:00,00-0038621,DeMario Douglas,NE,BUF,WR,receiving_yards,10.4,-6.7,39.2,,,eligible,eligible_current_role,backup,Active,2.0,direct_component_blend,20260908_1821_receiving_yards_blend,2026-09-30T11:26:54+00:00,2026-09-30T11:27:07+00:00
2026,4,401872971,2026-10-04,13:00,00-0038653,Cory Durden,NE,BUF,DL,tackles,1.9,0.0,4.4,0.7771770073008228,0.5035551452642679,eligible,eligible_current_role,starter,,1.0,direct,20260908_1821_tackles_direct,2026-09-30T11:26:54+00:00,2026-09-30T11:27:07+00:00
2026,4,401872971,2026-10-04,13:00,00-0038933,Dalton Kincaid,BUF,NE,TE,rushing_yards,0.0,-10.8,15.0,,,eligible,eligible_current_role,starter,Active,1.0,direct_component_blend,20260908_1821_rushing_yards_blend,2026-09-30T11:26:54+00:00,2026-09-30T11:27:07+00:00
2026,4,401872971,2026-10-04,13:00,00-0038933,Dalton Kincaid,BUF,NE,TE,receiving_yards,27.4,10.3,56.3,,,eligible,eligible_current_role,starter,Active,1.0,direct_component_blend,20260908_1821_receiving_yards_blend,2026-09-30T11:26:54+00:00,2026-09-30T11:27:07+00:00
2026,4,401872971,2026-10-04,13:00,00-0039053,Jose Ramirez,NE,BUF,LB,tackles,1.2,0.0,4.0,0.5731200384492642,0.282530691887944,eligible,eligible_current_role,backup,,2.0,direct,20260908_1821_tackles_direct,2026-09-30T11:26:54+00:00,2026-09-30T11:27:07+00:00
2026,4,401872971,2026-10-04,13:00,00-0039147,Christian Gonzalez,NE,BUF,DB,tackles,4.0,1.4,7.5,0.9554139225169231,0.8616022912167907,eligible,eligible_current_role,starter,,1.0,direct,20260908_1821_tackles_direct,2026-09-30T11:26:54+00:00,2026-09-30T11:27:07+00:00
2026,4,401872971,2026-10-04,13:00,00-0039289,Leonard Taylor III,NE,BUF,DL,tackles,1.1,0.0,3.6,0.5655270430266925,0.2752402097249887,eligible,eligible_current_role,backup,Active,2.0,direct,20260908_1821_tackles_direct,2026-09-30T11:26:54+00:00,2026-09-30T11:27:07+00:00
2026,4,401872971,2026-10-04,13:00,00-0039770,Charles Woods,NE,BUF,DB,tackles,2.0,0.1,4.5,0.792536067420939,0.5261506201325986,eligible,eligible_current_role,backup,,2.0,direct,20260908_1821_tackles_direct,2026-09-30T11:26:54+00:00,2026-09-30T11:27:07+00:00
2026,4,401872971,2026-10-04,13:00,00-0039829,Darius Muasau,NE,BUF,LB,tackles,4.4,2.4,6.8,0.969274864707919,0.8956958720560877,eligible,eligible_current_role,recent_defensive_participant,,,direct,20260908_1821_tackles_direct,2026-09-30T11:26:54+00:00,2026-09-30T11:27:07+00:00
2026,4,401872971,2026-10-04,13:00,00-0039851,Drake Maye,NE,BUF,QB,passing_yards,227.4,133.9,333.6,,,eligible,eligible_current_role,starter,Active,1.0,direct_component_blend,20260908_1821_passing_yards_blend,2026-09-30T11:26:54+00:00,2026-09-30T11:27:07+00:00
2026,4,401872971,2026-10-04,13:00,00-0039851,Drake Maye,NE,BUF,QB,passing_tds,1.323,,,0.7260782573902662,0.39285714285714285,eligible,eligible_current_role,starter,Active,1.0,direct_component_blend,20260908_1821_passing_tds_blend,2026-09-30T11:26:54+00:00,2026-09-30T11:27:07+00:00
2026,4,401872971,2026-10-04,13:00,00-0039851,Drake Maye,NE,BUF,QB,rushing_yards,19.5,6.8,37.5,,,eligible,eligible_current_role,starter,Active,1.0,direct_component_blend,20260908_1821_rushing_yards_blend,2026-09-30T11:26:54+00:00,2026-09-30T11:27:07+00:00
2026,4,401872971,2026-10-04,13:00,00-0039872,Cole Bishop,BUF,NE,DB,tackles,5.5,2.8,9.0,0.9820178718133841,0.946878543497141,eligible,eligible_current_role,starter,Active,1.0,direct,20260908_1821_tackles_direct,2026-09-30T11:26:54+00:00,2026-09-30T11:27:07+00:00
2026,4,401872971,2026-10-04,13:00,00-0039873,DeWayne Carter,BUF,NE,DL,tackles,2.3,0.3,4.8,0.8387575855771638,0.6055953325157484,eligible,eligible_current_role,backup,,2.0,direct,20260908_1821_tackles_direct,2026-09-30T11:26:54+00:00,2026-09-30T11:27:07+00:00
2026,4,401872971,2026-10-04,13:00,00-0039875,Ray Davis,BUF,NE,RB,rushing_yards,5.8,-4.9,20.8,,,eligible,eligible_current_role,backup,Active,3.0,direct_component_blend,20260908_1821_rushing_yards_blend,2026-09-30T11:26:54+00:00,2026-09-30T11:27:07+00:00
2026,4,401872971,2026-10-04,13:00,00-0039875,Ray Davis,BUF,NE,RB,receiving_yards,2.4,-14.7,31.3,,,eligible,eligible_current_role,backup,Active,3.0,direct_component_blend,20260908_1821_receiving_yards_blend,2026-09-30T11:26:54+00:00,2026-09-30T11:27:07+00:00
2026,4,401872971,2026-10-04,13:00,00-0039879,Javon Solomon,BUF,NE,LB,tackles,1.0,0.0,3.5,0.5481891510370213,0.25926273361720376,eligible,eligible_current_role,backup,,3.0,direct,20260908_1821_tackles_direct,2026-09-30T11:26:54+00:00,2026-09-30T11:27:07+00:00
2026,4,401872971,2026-10-04,13:00,00-0039901,Keon Coleman,BUF,NE,WR,rushing_yards,0.0,-10.8,15.0,,,eligible,eligible_current_role,backup,Active,3.0,direct_component_blend,20260908_1821_rushing_yards_blend,2026-09-30T11:26:54+00:00,2026-09-30T11:27:07+00:00
2026,4,401872971,2026-10-04,13:00,00-0039901,Keon Coleman,BUF,NE,WR,receiving_yards,26.2,-0.4,75.4,,,eligible,eligible_current_role,backup,Active,3.0,direct_component_blend,20260908_1821_receiving_yards_blend,2026-09-30T11:26:54+00:00,2026-09-30T11:27:07+00:00
2026,4,401872971,2026-10-04,13:00,00-0040131,Kyle Williams,NE,BUF,WR,rushing_yards,0.0,-10.8,15.0,,,eligible,eligible_current_role,backup,Active,4.0,direct_component_blend,20260908_1821_rushing_yards_blend,2026-09-30T11:26:54+00:00,2026-09-30T11:27:07+00:00
2026,4,401872971,2026-10-04,13:00,00-0040131,Kyle Williams,NE,BUF,WR,receiving_yards,22.9,5.8,51.7,,,eligible,eligible_current_role,backup,Active,4.0,direct_component_blend,20260908_1821_receiving_yards_blend,2026-09-30T11:26:54+00:00,2026-09-30T11:27:07+00:00
2026,4,401872971,2026-10-04,13:00,00-0040132,Landon Jackson,BUF,NE,DL,tackles,0.7,0.0,4.3,0.42004268247524423,0.14900977146568817,eligible,eligible_current_role,backup,,2.0,direct,20260908_1821_tackles_direct,2026-09-30T11:26:54+00:00,2026-09-30T11:27:07+00:00
2026,4,401872971,2026-10-04,13:00,00-0040171,Joshua Farmer,NE,BUF,DL,tackles,1.0,0.0,3.4,0.5236897369706285,0.2388671386153232,eligible,eligible_current_role,backup,,3.0,direct,20260908_1821_tackles_direct,2026-09-30T11:26:54+00:00,2026-09-30T11:27:07+00:00
2026,4,401872971,2026-10-04,13:00,00-0040194,Jackson Hawes,BUF,NE,TE,rushing_yards,0.0,-10.8,15.0,,,eligible,eligible_current_role,backup,,3.0,direct_component_blend,20260908_1821_rushing_yards_blend,2026-09-30T11:26:54+00:00,2026-09-30T11:27:07+00:00
2026,4,401872971,2026-10-04,13:00,00-0040194,Jackson Hawes,BUF,NE,TE,receiving_yards,6.0,-11.2,34.8,,,eligible,eligible_current_role,backup,,3.0,direct_component_blend,20260908_1821_receiving_yards_blend,2026-09-30T11:26:54+00:00,2026-09-30T11:27:07+00:00
2026,4,401872971,2026-10-04,13:00,00-0040200,Andy Borregales,NE,BUF,K,kicking_points,7.7,3.1,12.9,,,eligible,eligible_current_role,starter,Active,1.0,component,20260908_1821_kicking_points_component,2026-09-30T11:26:54+00:00,2026-09-30T11:27:07+00:00
2026,4,401872971,2026-10-04,13:00,00-0040204,Jaylen Reed,NE,BUF,DB,tackles,3.9,1.5,6.9,0.9504962178158809,0.8501959087645085,eligible,eligible_current_role,backup,Active,2.0,direct,20260908_1821_tackles_direct,2026-09-30T11:26:54+00:00,2026-09-30T11:27:07+00:00
2026,4,401872971,2026-10-04,13:00,00-0040363,Keleki Latu,BUF,NE,TE,rushing_yards,0.0,-11.8,16.5,,,eligible,eligible_current_role,backup,,4.0,direct_component_blend,20260908_1821_rushing_yards_blend,2026-09-30T11:26:54+00:00,2026-09-30T11:27:07+00:00
2026,4,401872971,2026-10-04,13:00,00-0040363,Keleki Latu,BUF,NE,TE,receiving_yards,2.4,-16.2,34.4,,,eligible,eligible_current_role,backup,,4.0,direct_component_blend,20260908_1821_receiving_yards_blend,2026-09-30T11:26:54+00:00,2026-09-30T11:27:07+00:00
2026,4,401872971,2026-10-04,13:00,00-0040556,Corey Kiner,NE,BUF,RB,rushing_yards,12.2,-12.0,46.2,,,eligible,eligible_current_role,backup,,3.0,direct_component_blend,20260908_1821_rushing_yards_blend,2026-09-30T11:26:54+00:00,2026-09-30T11:27:07+00:00
2026,4,401872971,2026-10-04,13:00,00-0040556,Corey Kiner,NE,BUF,RB,receiving_yards,1.5,-17.2,33.4,,,eligible,eligible_current_role,backup,,3.0,direct_component_blend,20260908_1821_receiving_yards_blend,2026-09-30T11:26:54+00:00,2026-09-30T11:27:07+00:00
2026,4,401872971,2026-10-04,13:00,00-0040563,Efton Chism III,NE,BUF,WR,rushing_yards,0.0,-10.8,15.0,,,eligible,eligible_current_role,backup,,5.0,direct_component_blend,20260908_1821_rushing_yards_blend,2026-09-30T11:26:54+00:00,2026-09-30T11:27:07+00:00
2026,4,401872971,2026-10-04,13:00,00-0040563,Efton Chism III,NE,BUF,WR,receiving_yards,8.8,-8.4,37.6,,,eligible,eligible_current_role,backup,,5.0,direct_component_blend,20260908_1821_receiving_yards_blend,2026-09-30T11:26:54+00:00,2026-09-30T11:27:07+00:00
2026,4,401872971,2026-10-04,13:00,00-0040568,Lan Larison,NE,BUF,RB,rushing_yards,9.1,-21.1,51.6,,,eligible,eligible_current_role,roster_only,,,direct_component_blend,20260908_1821_rushing_yards_blend,2026-09-30T11:26:54+00:00,2026-09-30T11:27:07+00:00
2026,4,401872971,2026-10-04,13:00,00-0040568,Lan Larison,NE,BUF,RB,receiving_yards,1.9,-20.8,42.4,,,eligible,eligible_current_role,roster_only,,,direct_component_blend,20260908_1821_receiving_yards_blend,2026-09-30T11:26:54+00:00,2026-09-30T11:27:07+00:00
2026,4,401872971,2026-10-04,13:00,00-0040574,Elijah Ponder,NE,BUF,LB,tackles,2.7,0.8,5.2,0.8850300754924559,0.6992657829825759,eligible,eligible_current_role,starter,,1.0,direct,20260908_1821_tackles_direct,2026-09-30T11:26:54+00:00,2026-09-30T11:27:07+00:00
2026,4,401872971,2026-10-04,13:00,00-0040709,Maxwell Hairston,BUF,NE,DB,tackles,2.7,0.6,5.5,0.8844663569741834,0.6980047023439818,eligible,eligible_current_role,starter,,1.0,direct,20260908_1821_tackles_direct,2026-09-30T11:26:54+00:00,2026-09-30T11:27:07+00:00
2026,4,401872971,2026-10-04,13:00,00-0040710,Deone Walker,BUF,NE,DL,tackles,2.4,0.5,4.9,0.8597034928107591,0.6458096214284798,eligible,eligible_current_role,starter,,1.0,direct,20260908_1821_tackles_direct,2026-09-30T11:26:54+00:00,2026-09-30T11:27:07+00:00
2026,4,401872971,2026-10-04,13:00,00-0040716,Craig Woodson,NE,BUF,DB,tackles,4.3,1.6,7.8,0.9651025070302571,0.8850892883518229,eligible,questionable_flag,starter,Questionable,1.0,direct,20260908_1821_tackles_direct,2026-09-30T11:26:54+00:00,2026-09-30T11:27:07+00:00
2026,4,401872971,2026-10-04,13:00,00-0040724,T.J. Sanders,BUF,NE,DL,tackles,2.0,0.1,4.5,0.7935188848308248,0.5277309262673621,eligible,eligible_current_role,starter,Doubtful,1.0,direct,20260908_1821_tackles_direct,2026-09-30T11:26:54+00:00,2026-09-30T11:27:07+00:00
2026,4,401872971,2026-10-04,13:00,00-0040734,TreVeyon Henderson,NE,BUF,RB,rushing_yards,48.9,26.9,79.8,,,eligible,eligible_current_role,backup,Active,2.0,direct_component_blend,20260908_1821_rushing_yards_blend,2026-09-30T11:26:54+00:00,2026-09-30T11:27:07+00:00
2026,4,401872971,2026-10-04,13:00,00-0040734,TreVeyon Henderson,NE,BUF,RB,receiving_yards,9.2,-8.0,38.0,,,eligible,eligible_current_role,backup,Active,2.0,direct_component_blend,20260908_1821_receiving_yards_blend,2026-09-30T11:26:54+00:00,2026-09-30T11:27:07+00:00
2026,4,401872971,2026-10-04,13:00,00-0041036,TJ Parker,BUF,NE,LB,tackles,1.5,0.0,5.0,0.7298708803497344,0.44532001164593077,eligible,eligible_current_role,backup,,2.0,direct,20260908_1821_tackles_direct,2026-09-30T11:26:54+00:00,2026-09-30T11:27:07+00:00
2026,4,401872971,2026-10-04,13:00,00-0041086,Jalon Kilgore,BUF,NE,DB,tackles,2.0,0.0,5.9,0.7927434984755999,0.5264837956084891,eligible,eligible_current_role,backup,Active,3.0,direct,20260908_1821_tackles_direct,2026-09-30T11:26:54+00:00,2026-09-30T11:27:07+00:00
2026,4,401872971,2026-10-04,13:00,00-0041088,Karon Prunty,NE,BUF,DB,tackles,2.3,0.0,6.3,0.8459058551761551,0.6190748593328563,eligible,eligible_current_role,backup,,2.0,direct,20260908_1821_tackles_direct,2026-09-30T11:26:54+00:00,2026-09-30T11:27:07+00:00
2026,4,401872971,2026-10-04,13:00,00-0041109,Namdi Obiazor,NE,BUF,LB,tackles,1.5,0.0,5.0,0.694936918582606,0.4048313611094545,eligible,eligible_current_role,recent_defensive_participant,,,direct,20260908_1821_tackles_direct,2026-09-30T11:26:54+00:00,2026-09-30T11:27:07+00:00
2026,4,401872971,2026-10-04,13:00,00-0041123,Behren Morton,NE,BUF,QB,rushing_yards,8.4,-9.2,33.1,,,eligible,eligible_current_role,backup,Active,3.0,direct_component_blend,20260908_1821_rushing_yards_blend,2026-09-30T11:26:54+00:00,2026-09-30T11:27:07+00:00
2026,4,401872971,2026-10-04,13:00,00-0041314,Tanner Arkin,NE,BUF,TE,rushing_yards,0.0,-14.8,20.6,,,eligible,eligible_current_role,backup,,4.0,direct_component_blend,20260908_1821_rushing_yards_blend,2026-09-30T11:26:54+00:00,2026-09-30T11:27:07+00:00
2026,4,401872971,2026-10-04,13:00,00-0041314,Tanner Arkin,NE,BUF,TE,receiving_yards,3.8,-18.8,44.4,,,eligible,eligible_current_role,backup,,4.0,direct_component_blend,20260908_1821_receiving_yards_blend,2026-09-30T11:26:54+00:00,2026-09-30T11:27:07+00:00
2026,4,401872971,2026-10-04,13:00,00-0041316,Channing Canada,NE,BUF,DB,tackles,2.0,0.0,6.0,0.8008600514897604,0.5396738879859615,eligible,eligible_current_role,backup,,3.0,direct,20260908_1821_tackles_direct,2026-09-30T11:26:54+00:00,2026-09-30T11:27:07+00:00
2026,4,401872971,2026-10-04,13:00,00-0041391,Davison Igbinosun,BUF,NE,DB,tackles,2.3,0.0,6.2,0.8399634990537684,0.6078222698783545,eligible,eligible_current_role,backup,,2.0,direct,20260908_1821_tackles_direct,2026-09-30T11:26:54+00:00,2026-09-30T11:27:07+00:00
2026,4,401872971,2026-10-04,13:00,00-0041395,Eli Raridon,NE,BUF,TE,rushing_yards,0.0,-14.8,20.6,,,eligible,questionable_flag,backup,Questionable,2.0,direct_component_blend,20260908_1821_rushing_yards_blend,2026-09-30T11:26:54+00:00,2026-09-30T11:27:07+00:00
2026,4,401872971,2026-10-04,13:00,00-0041395,Eli Raridon,NE,BUF,TE,receiving_yards,6.0,-16.6,46.6,,,eligible,questionable_flag,backup,Questionable,2.0,direct_component_blend,20260908_1821_receiving_yards_blend,2026-09-30T11:26:54+00:00,2026-09-30T11:27:07+00:00
2026,4,401872971,2026-10-04,13:00,00-0041443,Skyler Bell,BUF,NE,WR,rushing_yards,0.1,-14.7,20.7,,,eligible,eligible_current_role,backup,Active,6.0,direct_component_blend,20260908_1821_rushing_yards_blend,2026-09-30T11:26:54+00:00,2026-09-30T11:27:07+00:00
2026,4,401872971,2026-10-04,13:00,00-0041443,Skyler Bell,BUF,NE,WR,receiving_yards,6.2,-16.4,46.8,,,eligible,eligible_current_role,backup,Active,6.0,direct_component_blend,20260908_1821_receiving_yards_blend,2026-09-30T11:26:54+00:00,2026-09-30T11:27:07+00:00
2026,4,401872971,2026-10-04,13:00,00-0041444,Kaleb Elarms-Orr,BUF,NE,LB,tackles,1.3,0.0,4.9,0.616732269770017,0.32364829975369624,eligible,eligible_current_role,recent_defensive_participant,,,direct,20260908_1821_tackles_direct,2026-09-30T11:26:54+00:00,2026-09-30T11:27:07+00:00
2026,4,401872971,2026-10-04,13:00,00-0041455,Erick Hunter,NE,BUF,LB,tackles,1.5,0.0,5.0,0.694936918582606,0.4048313611094545,eligible,eligible_current_role,recent_defensive_participant,,,direct,20260908_1821_tackles_direct,2026-09-30T11:26:54+00:00,2026-09-30T11:27:07+00:00
2026,4,401872971,2026-10-04,13:00,00-0041569,Gabe Jacas,NE,BUF,LB,tackles,1.7,0.0,5.2,0.7633156166945634,0.48603932716706777,eligible,eligible_current_role,backup,,2.0,direct,20260908_1821_tackles_direct,2026-09-30T11:26:54+00:00,2026-09-30T11:27:07+00:00
2026,4,401872972,2026-10-04,12:00,00-0028986,Case Keenum,CHI,NYJ,QB,rushing_yards,5.4,-5.3,20.4,,,eligible,eligible_current_role,backup,Active,2.0,direct_component_blend,20260908_1821_rushing_yards_blend,2026-09-30T11:26:54+00:00,2026-09-30T11:27:07+00:00
2026,4,401872972,2026-10-04,12:00,00-0029607,Demario Davis,NYJ,CHI,LB,tackles,6.7,3.8,10.7,0.983495145631068,0.9631067961165048,eligible,eligible_current_role,starter,Active,1.0,direct,20260908_1821_tackles_direct,2026-09-30T11:26:54+00:00,2026-09-30T11:27:07+00:00
2026,4,401872972,2026-10-04,12:00,00-0030565,Geno Smith,NYJ,CHI,QB,passing_yards,200.0,106.5,306.2,,,eligible,eligible_current_role,starter,Active,1.0,direct_component_blend,20260908_1821_passing_yards_blend,2026-09-30T11:26:54+00:00,2026-09-30T11:27:07+00:00
2026,4,401872972,2026-10-04,12:00,00-0030565,Geno Smith,NYJ,CHI,QB,passing_tds,1.038,,,0.6547619047619048,0.31242752998182305,eligible,eligible_current_role,starter,Active,1.0,direct_component_blend,20260908_1821_passing_tds_blend,2026-09-30T11:26:54+00:00,2026-09-30T11:27:07+00:00
2026,4,401872972,2026-10-04,12:00,00-0030565,Geno Smith,NYJ,CHI,QB,rushing_yards,8.3,-2.4,23.3,,,eligible,eligible_current_role,starter,Active,1.0,direct_component_blend,20260908_1821_rushing_yards_blend,2026-09-30T11:26:54+00:00,2026-09-30T11:27:07+00:00
2026,4,401872972,2026-10-04,12:00,00-0031203,Cairo Santos,CHI,NYJ,K,kicking_points,7.9,3.3,13.1,,,eligible,eligible_current_role,starter,Active,1.0,component,20260908_1821_kicking_points_component,2026-09-30T11:26:54+00:00,2026-09-30T11:27:07+00:00
2026,4,401872972,2026-10-04,12:00,00-0031583,Grady Jarrett,CHI,NYJ,DL,tackles,2.9,1.0,5.4,0.9010925033321991,0.7394501814342664,eligible,eligible_current_role,starter,,1.0,direct,20260908_1821_tackles_direct,2026-09-30T11:26:54+00:00,2026-09-30T11:27:07+00:00
2026,4,401872972,2026-10-04,12:00,00-0032385,Sterling Shepard,NYJ,CHI,WR,rushing_yards,0.2,-10.5,15.3,,,eligible,eligible_current_role,roster_only,Active,,direct_component_blend,20260908_1821_rushing_yards_blend,2026-09-30T11:26:54+00:00,2026-09-30T11:27:07+00:00
2026,4,401872972,2026-10-04,12:00,00-0032385,Sterling Shepard,NYJ,CHI,WR,receiving_yards,16.4,-0.7,45.2,,,eligible,eligible_current_role,roster_only,Active,,direct_component_blend,20260908_1821_receiving_yards_blend,2026-09-30T11:26:54+00:00,2026-09-30T11:27:07+00:00
2026,4,401872972,2026-10-04,12:00,00-0032464,Kalif Raymond,CHI,NYJ,WR,rushing_yards,0.0,-10.8,15.0,,,eligible,eligible_current_role,backup,Active,3.0,direct_component_blend,20260908_1821_rushing_yards_blend,2026-09-30T11:26:54+00:00,2026-09-30T11:27:07+00:00
2026,4,401872972,2026-10-04,12:00,00-0032464,Kalif Raymond,CHI,NYJ,WR,receiving_yards,14.5,-2.7,43.3,,,eligible,eligible_current_role,backup,Active,3.0,direct_component_blend,20260908_1821_receiving_yards_blend,2026-09-30T11:26:54+00:00,2026-09-30T11:27:07+00:00
2026,4,401872972,2026-10-04,12:00,00-0033579,Xavier Woods,CHI,NYJ,DB,tackles,2.7,0.6,5.5,0.8879772941438335,0.7059183320309653,eligible,eligible_current_role,starter,,1.0,direct,20260908_1821_tackles_direct,2026-09-30T11:26:54+00:00,2026-09-30T11:27:07+00:00
2026,4,401872972,2026-10-04,12:00,00-0034320,Kentavius Street,CHI,NYJ,DL,tackles,2.0,0.1,4.5,0.792122451167324,0.5254868439455341,eligible,eligible_current_role,starter,,1.0,direct,20260908_1821_tackles_direct,2026-09-30T11:26:54+00:00,2026-09-30T11:27:07+00:00
2026,4,401872972,2026-10-04,12:00,00-0034407,Ray-Ray McCloud,CHI,NYJ,WR,rushing_yards,0.0,-10.7,15.1,,,eligible,eligible_current_role,roster_only,,,direct_component_blend,20260908_1821_rushing_yards_blend,2026-09-30T11:26:54+00:00,2026-09-30T11:27:07+00:00
2026,4,401872972,2026-10-04,12:00,00-0034407,Ray-Ray McCloud,CHI,NYJ,WR,receiving_yards,11.1,-6.0,39.9,,,eligible,eligible_current_role,roster_only,,,direct_component_blend,20260908_1821_receiving_yards_blend,2026-09-30T11:26:54+00:00,2026-09-30T11:27:07+00:00
2026,4,401872972,2026-10-04,12:00,00-0034782,Harrison Phillips,NYJ,CHI,DL,tackles,3.2,1.2,5.7,0.9162817073016336,0.7822400521866546,eligible,eligible_current_role,starter,,1.0,direct,20260908_1821_tackles_direct,2026-09-30T11:26:54+00:00,2026-09-30T11:27:07+00:00
2026,4,401872972,2026-10-04,12:00,00-0034789,Minkah Fitzpatrick,NYJ,CHI,DB,tackles,4.9,2.2,8.3,0.9797177254489534,0.9246549982713013,eligible,questionable_flag,starter,Questionable,1.0,direct,20260908_1821_tackles_direct,2026-09-30T11:26:54+00:00,2026-09-30T11:27:07+00:00
2026,4,401872972,2026-10-04,12:00,00-0034794,Jason Sanders,NYJ,CHI,K,kicking_points,6.6,2.0,11.8,,,eligible,eligible_current_role,starter,Active,1.0,component,20260908_1821_kicking_points_component,2026-09-30T11:26:54+00:00,2026-09-30T11:27:07+00:00
2026,4,401872972,2026-10-04,12:00,00-0034959,Andrew Beck,NYJ,CHI,RB,rushing_yards,1.5,-9.3,16.5,,,eligible,eligible_current_role,backup,,5.0,direct_component_blend,20260908_1821_rushing_yards_blend,2026-09-30T11:26:54+00:00,2026-09-30T11:27:07+00:00
2026,4,401872972,2026-10-04,12:00,00-0034959,Andrew Beck,NYJ,CHI,RB,receiving_yards,2.7,-14.4,31.5,,,eligible,eligible_current_role,backup,,5.0,direct_component_blend,20260908_1821_receiving_yards_blend,2026-09-30T11:26:54+00:00,2026-09-30T11:27:07+00:00
2026,4,401872972,2026-10-04,12:00,00-0035357,Cam Lewis,CHI,NYJ,DB,tackles,3.9,1.7,6.6,0.948237162708954,0.8456503030419065,eligible,questionable_flag,starter,Questionable,1.0,direct,20260908_1821_tackles_direct,2026-09-30T11:26:54+00:00,2026-09-30T11:27:07+00:00
2026,4,401872972,2026-10-04,12:00,00-0035386,T.J. Edwards,CHI,NYJ,LB,tackles,7.2,4.9,11.8,0.983495145631068,0.9631067961165048,eligible,eligible_current_role,starter,Active,1.0,direct,20260908_1821_tackles_direct,2026-09-30T11:26:54+00:00,2026-09-30T11:27:07+00:00
2026,4,401872972,2026-10-04,12:00,00-0035525,Devin Bush,CHI,NYJ,LB,tackles,6.8,4.0,11.0,0.983495145631068,0.9631067961165048,eligible,eligible_current_role,starter,Active,1.0,direct,20260908_1821_tackles_direct,2026-09-30T11:26:54+00:00,2026-09-30T11:27:07+00:00
2026,4,401872972,2026-10-04,12:00,00-0035617,Troy Reeder,NYJ,CHI,LB,tackles,1.4,0.0,3.9,0.6789553007767144,0.38722857402494,eligible,eligible_current_role,backup,,2.0,direct,20260908_1821_tackles_direct,2026-09-30T11:26:54+00:00,2026-09-30T11:27:07+00:00
2026,4,401872972,2026-10-04,12:00,00-0035647,Montez Sweat,CHI,NYJ,DL,tackles,2.3,0.4,4.8,0.8481461134422876,0.6233149901184464,eligible,eligible_current_role,starter,,1.0,direct,20260908_1821_tackles_direct,2026-09-30T11:26:54+00:00,2026-09-30T11:27:07+00:00
2026,4,401872972,2026-10-04,12:00,00-0036275,D'Andre Swift,CHI,NYJ,RB,rushing_yards,59.7,37.7,90.6,,,eligible,eligible_current_role,starter,Active,1.0,direct_component_blend,20260908_1821_rushing_yards_blend,2026-09-30T11:26:54+00:00,2026-09-30T11:27:07+00:00
2026,4,401872972,2026-10-04,12:00,00-0036275,D'Andre Swift,CHI,NYJ,RB,receiving_yards,15.3,-1.9,44.1,,,eligible,eligible_current_role,starter,Active,1.0,direct_component_blend,20260908_1821_receiving_yards_blend,2026-09-30T11:26:54+00:00,2026-09-30T11:27:07+00:00
2026,4,401872972,2026-10-04,12:00,00-0036290,Cole Kmet,CHI,NYJ,TE,rushing_yards,0.0,-10.8,15.0,,,eligible,eligible_current_role,backup,Active,2.0,direct_component_blend,20260908_1821_rushing_yards_blend,2026-09-30T11:26:54+00:00,2026-09-30T11:27:07+00:00
2026,4,401872972,2026-10-04,12:00,00-0036290,Cole Kmet,CHI,NYJ,TE,receiving_yards,19.9,2.8,48.7,,,eligible,eligible_current_role,backup,Active,2.0,direct_component_blend,20260908_1821_receiving_yards_blend,2026-09-30T11:26:54+00:00,2026-09-30T11:27:07+00:00
2026,4,401872972,2026-10-04,12:00,00-0036292,Jaylon Johnson,CHI,NYJ,DB,tackles,2.6,0.5,5.4,0.878807969134204,0.6855404289424226,eligible,eligible_current_role,starter,,1.0,direct,20260908_1821_tackles_direct,2026-09-30T11:26:54+00:00,2026-09-30T11:27:07+00:00
2026,4,401872972,2026-10-04,12:00,00-0036337,James Lynch,CHI,NYJ,DL,tackles,1.1,0.0,3.5,0.5560804034603282,0.26642166735106043,eligible,eligible_current_role,starter,,1.0,direct,20260908_1821_tackles_direct,2026-09-30T11:26:54+00:00,2026-09-30T11:27:07+00:00
2026,4,401872972,2026-10-04,12:00,00-0036366,Neville Gallimore,CHI,NYJ,DL,tackles,1.8,0.0,4.2,0.7663782076840218,0.489830202498635,eligible,eligible_current_role,backup,,2.0,direct,20260908_1821_tackles_direct,2026-09-30T11:26:54+00:00,2026-09-30T11:27:07+00:00
2026,4,401872972,2026-10-04,12:00,00-0036480,Dayo Odeyingbo,CHI,NYJ,DL,tackles,2.0,0.0,4.8,0.7976350688154813,0.5343968884909598,eligible,eligible_current_role,backup,,2.0,direct,20260908_1821_tackles_direct,2026-09-30T11:26:54+00:00,2026-09-30T11:27:07+00:00
2026,4,401872972,2026-10-04,12:00,00-0036500,Jamien Sherwood,NYJ,CHI,LB,tackles,7.3,5.0,12.0,0.983495145631068,0.9631067961165048,eligible,eligible_current_role,starter,Active,1.0,direct,20260908_1821_tackles_direct,2026-09-30T11:26:54+00:00,2026-09-30T11:27:07+00:00
2026,4,401872972,2026-10-04,12:00,00-0036788,Jack Heflin,NYJ,CHI,DL,tackles,1.0,0.0,3.7,0.5167537735916444,0.23339693618949992,eligible,eligible_current_role,backup,,3.0,direct,20260908_1821_tackles_direct,2026-09-30T11:26:54+00:00,2026-09-30T11:27:07+00:00
2026,4,401872972,2026-10-04,12:00,00-0036842,Kene Nwangwu,NYJ,CHI,RB,rushing_yards,9.7,-1.0,24.7,,,eligible,questionable_flag,backup,Questionable,4.0,direct_component_blend,20260908_1821_rushing_yards_blend,2026-09-30T11:26:54+00:00,2026-09-30T11:27:07+00:00
2026,4,401872972,2026-10-04,12:00,00-0036842,Kene Nwangwu,NYJ,CHI,RB,receiving_yards,2.1,-15.0,30.9,,,eligible,questionable_flag,backup,Questionable,4.0,direct_component_blend,20260908_1821_receiving_yards_blend,2026-09-30T11:26:54+00:00,2026-09-30T11:27:07+00:00
2026,4,401872972,2026-10-04,12:00,00-0036902,Joseph Ossai,NYJ,CHI,LB,tackles,3.0,0.1,7.1,0.904770900909854,0.7494339898035332,eligible,eligible_current_role,backup,Active,3.0,direct,20260908_1821_tackles_direct,2026-09-30T11:26:54+00:00,2026-09-30T11:27:07+00:00
2026,4,401872972,2026-10-04,12:00,00-0036941,Andre Cisco,NYJ,CHI,DB,tackles,4.0,1.3,7.5,0.9547609954108078,0.8600695661830852,eligible,eligible_current_role,backup,,2.0,direct,20260908_1821_tackles_direct,2026-09-30T11:26:54+00:00,2026-09-30T11:27:07+00:00
2026,4,401872972,2026-10-04,12:00,00-0036986,Nahshon Wright,NYJ,CHI,DB,tackles,4.0,1.3,7.4,0.9517181711021937,0.8530011825682968,eligible,eligible_current_role,backup,Active,2.0,direct,20260908_1821_tackles_direct,2026-09-30T11:26:54+00:00,2026-09-30T11:27:07+00:00
2026,4,401872972,2026-10-04,12:00,00-0036987,Brandon Stephens,NYJ,CHI,DB,tackles,4.1,1.4,7.6,0.9582061753913406,0.8682241455904659,eligible,eligible_current_role,starter,,1.0,direct,20260908_1821_tackles_direct,2026-09-30T11:26:54+00:00,2026-09-30T11:27:07+00:00
2026,4,401872972,2026-10-04,12:00,00-0037083,Kingsley Enagbare,NYJ,CHI,LB,tackles,3.2,0.3,7.2,0.9150351180819765,0.7785615299828592,eligible,eligible_current_role,starter,,1.0,direct,20260908_1821_tackles_direct,2026-09-30T11:26:54+00:00,2026-09-30T11:27:07+00:00
2026,4,401872972,2026-10-04,12:00,00-0037096,Elijah Hicks,CHI,NYJ,DB,tackles,1.2,0.0,3.7,0.5695506595028911,0.27908068780498213,eligible,eligible_current_role,backup,,2.0,direct,20260908_1821_tackles_direct,2026-09-30T11:26:54+00:00,2026-09-30T11:27:07+00:00
2026,4,401872972,2026-10-04,12:00,00-0037109,Jack Sanborn,CHI,NYJ,LB,tackles,1.4,0.0,3.9,0.6789251926947464,0.38719593032090494,eligible,eligible_current_role,backup,,2.0,direct,20260908_1821_tackles_direct,2026-09-30T11:26:54+00:00,2026-09-30T11:27:07+00:00
2026,4,401872972,2026-10-04,12:00,00-0037129,Josh Blackwell,CHI,NYJ,DB,tackles,0.7,0.0,3.1,0.39088263821532493,0.11445198836081474,eligible,eligible_current_role,backup,,2.0,direct,20260908_1821_tackles_direct,2026-09-30T11:26:54+00:00,2026-09-30T11:27:07+00:00
2026,4,401872972,2026-10-04,12:00,00-0037271,D'Marco Jackson,CHI,NYJ,LB,tackles,1.2,0.0,3.7,0.5677517369814997,0.27735732446676586,eligible,eligible_current_role,starter,,1.0,direct,20260908_1821_tackles_direct,2026-09-30T11:26:54+00:00,2026-09-30T11:27:07+00:00
2026,4,401872972,2026-10-04,12:00,00-0037380,Kaden Davis,CHI,NYJ,WR,rushing_yards,0.0,-11.8,16.5,,,eligible,eligible_current_role,roster_only,,,direct_component_blend,20260908_1821_rushing_yards_blend,2026-09-30T11:26:54+00:00,2026-09-30T11:27:07+00:00
2026,4,401872972,2026-10-04,12:00,00-0037380,Kaden Davis,CHI,NYJ,WR,receiving_yards,3.2,-15.4,35.1,,,eligible,eligible_current_role,roster_only,,,direct_component_blend,20260908_1821_receiving_yards_blend,2026-09-30T11:26:54+00:00,2026-09-30T11:27:07+00:00
2026,4,401872972,2026-10-04,12:00,00-0037740,Garrett Wilson,NYJ,CHI,WR,rushing_yards,0.0,-10.7,15.0,,,eligible,eligible_current_role,starter,Active,1.0,direct_component_blend,20260908_1821_rushing_yards_blend,2026-09-30T11:26:54+00:00,2026-09-30T11:27:07+00:00
2026,4,401872972,2026-10-04,12:00,00-0037740,Garrett Wilson,NYJ,CHI,WR,receiving_yards,50.8,24.1,99.9,,,eligible,eligible_current_role,starter,Active,1.0,direct_component_blend,20260908_1821_receiving_yards_blend,2026-09-30T11:26:54+00:00,2026-09-30T11:27:07+00:00
2026,4,401872972,2026-10-04,12:00,00-0037755,Jelani Woods,NYJ,CHI,TE,rushing_yards,0.0,-10.8,14.9,,,eligible,eligible_current_role,backup,,4.0,direct_component_blend,20260908_1821_rushing_yards_blend,2026-09-30T11:26:54+00:00,2026-09-30T11:27:07+00:00
2026,4,401872972,2026-10-04,12:00,00-0037755,Jelani Woods,NYJ,CHI,TE,receiving_yards,10.7,-6.5,39.5,,,eligible,eligible_current_role,backup,,4.0,direct_component_blend,20260908_1821_receiving_yards_blend,2026-09-30T11:26:54+00:00,2026-09-30T11:27:07+00:00
2026,4,401872972,2026-10-04,12:00,00-0037805,Jeremy Ruckert,NYJ,CHI,TE,rushing_yards,0.0,-10.8,14.9,,,eligible,eligible_current_role,backup,,3.0,direct_component_blend,20260908_1821_rushing_yards_blend,2026-09-30T11:26:54+00:00,2026-09-30T11:27:07+00:00
2026,4,401872972,2026-10-04,12:00,00-0037805,Jeremy Ruckert,NYJ,CHI,TE,receiving_yards,14.6,-2.6,43.4,,,eligible,eligible_current_role,backup,,3.0,direct_component_blend,20260908_1821_receiving_yards_blend,2026-09-30T11:26:54+00:00,2026-09-30T11:27:07+00:00
2026,4,401872972,2026-10-04,12:00,00-0037843,Daniel Hardy,CHI,NYJ,DL,tackles,0.7,0.0,3.2,0.40369548661843857,0.12894537795446803,eligible,eligible_current_role,backup,,3.0,direct,20260908_1821_tackles_direct,2026-09-30T11:26:54+00:00,2026-09-30T11:27:07+00:00
2026,4,401872972,2026-10-04,12:00,00-0038120,Breece Hall,NYJ,CHI,RB,rushing_yards,56.9,34.9,87.9,,,eligible,questionable_flag,starter,Questionable,1.0,direct_component_blend,20260908_1821_rushing_yards_blend,2026-09-30T11:26:54+00:00,2026-09-30T11:27:07+00:00
2026,4,401872972,2026-10-04,12:00,00-0038120,Breece Hall,NYJ,CHI,RB,receiving_yards,15.5,-1.7,44.3,,,eligible,questionable_flag,starter,Questionable,1.0,direct_component_blend,20260908_1821_receiving_yards_blend,2026-09-30T11:26:54+00:00,2026-09-30T11:27:07+00:00
2026,4,401872972,2026-10-04,12:00,00-0038123,Dane Belton,NYJ,CHI,DB,tackles,6.1,3.4,9.6,0.9832147061351317,0.9596993541508623,eligible,eligible_current_role,starter,,1.0,direct,20260908_1821_tackles_direct,2026-09-30T11:26:54+00:00,2026-09-30T11:27:07+00:00
2026,4,401872972,2026-10-04,12:00,00-0038416,Tyson Bagent,CHI,NYJ,QB,rushing_yards,3.8,-6.9,18.8,,,eligible,eligible_current_role,backup,Active,3.0,direct_component_blend,20260908_1821_rushing_yards_blend,2026-09-30T11:26:54+00:00,2026-09-30T11:27:07+00:00
2026,4,401872972,2026-10-04,12:00,00-0038568,Clark Phillips III,CHI,NYJ,DB,tackles,0.8,0.0,3.5,0.42726920319764455,0.15833450510953617,eligible,eligible_current_role,backup,,2.0,direct,20260908_1821_tackles_direct,2026-09-30T11:26:54+00:00,2026-09-30T11:27:07+00:00
2026,4,401872972,2026-10-04,12:00,00-0039021,Roschon Johnson,CHI,NYJ,RB,rushing_yards,3.3,-7.4,18.3,,,eligible,eligible_current_role,backup,,3.0,direct_component_blend,20260908_1821_rushing_yards_blend,2026-09-30T11:26:54+00:00,2026-09-30T11:27:07+00:00
2026,4,401872972,2026-10-04,12:00,00-0039021,Roschon Johnson,CHI,NYJ,RB,receiving_yards,0.7,-16.5,29.5,,,eligible,eligible_current_role,backup,,3.0,direct_component_blend,20260908_1821_receiving_yards_blend,2026-09-30T11:26:54+00:00,2026-09-30T11:27:07+00:00
2026,4,401872972,2026-10-04,12:00,00-0039071,Tyrique Stevenson,CHI,NYJ,DB,tackles,3.2,1.2,5.6,0.914821111678639,0.7779333243991857,eligible,eligible_current_role,starter,Active,1.0,direct,20260908_1821_tackles_direct,2026-09-30T11:26:54+00:00,2026-09-30T11:27:07+00:00
2026,4,401872972,2026-10-04,12:00,00-0039142,Will McDonald IV,NYJ,CHI,LB,tackles,2.5,0.0,6.6,0.8675378609894075,0.6616918598847081,eligible,eligible_current_role,starter,,1.0,direct,20260908_1821_tackles_direct,2026-09-30T11:26:54+00:00,2026-09-30T11:27:07+00:00
2026,4,401872972,2026-10-04,12:00,00-0039152,Will Levis,NYJ,CHI,QB,rushing_yards,9.1,-3.6,27.1,,,eligible,eligible_current_role,roster_only,,,direct_component_blend,20260908_1821_rushing_yards_blend,2026-09-30T11:26:54+00:00,2026-09-30T11:27:07+00:00
2026,4,401872972,2026-10-04,12:00,00-0039284,Braiden McGregor,NYJ,CHI,LB,tackles,2.1,0.2,4.6,0.814320550209344,0.5622348516567524,eligible,eligible_current_role,backup,,2.0,direct,20260908_1821_tackles_direct,2026-09-30T11:26:54+00:00,2026-09-30T11:27:07+00:00
2026,4,401872972,2026-10-04,12:00,00-0039347,Trevin Wallace,NYJ,CHI,LB,tackles,4.8,1.8,8.8,0.9792681479845926,0.9226843052712664,eligible,eligible_current_role,backup,,2.0,direct,20260908_1821_tackles_direct,2026-09-30T11:26:54+00:00,2026-09-30T11:27:07+00:00
2026,4,401872972,2026-10-04,12:00,00-0039372,Jarvis Brownlee Jr.,NYJ,CHI,DB,tackles,4.1,1.9,6.8,0.9594762676036405,0.8712736269541539,eligible,eligible_current_role,starter,,1.0,direct,20260908_1821_tackles_direct,2026-09-30T11:26:54+00:00,2026-09-30T11:27:07+00:00
2026,4,401872972,2026-10-04,12:00,00-0039431,Jowon Briggs,NYJ,CHI,DL,tackles,2.4,0.3,5.2,0.8608313350225988,0.648063127501238,eligible,eligible_current_role,backup,,2.0,direct,20260908_1821_tackles_direct,2026-09-30T11:26:54+00:00,2026-09-30T11:27:07+00:00
2026,4,401872972,2026-10-04,12:00,00-0039451,Isaiah Williams,NYJ,CHI,WR,rushing_yards,1.3,-9.5,16.3,,,eligible,eligible_current_role,backup,Active,3.0,direct_component_blend,20260908_1821_rushing_yards_blend,2026-09-30T11:26:54+00:00,2026-09-30T11:27:07+00:00
2026,4,401872972,2026-10-04,12:00,00-0039451,Isaiah Williams,NYJ,CHI,WR,receiving_yards,16.5,-10.1,65.7,,,eligible,eligible_current_role,backup,Active,3.0,direct_component_blend,20260908_1821_receiving_yards_blend,2026-09-30T11:26:54+00:00,2026-09-30T11:27:07+00:00
2026,4,401872972,2026-10-04,12:00,00-0039461,Jamree Kromah,CHI,NYJ,DL,tackles,1.0,0.0,4.5,0.5525064233095568,0.2631562997141283,eligible,eligible_current_role,backup,Active,4.0,direct,20260908_1821_tackles_direct,2026-09-30T11:26:54+00:00,2026-09-30T11:27:07+00:00
2026,4,401872972,2026-10-04,12:00,00-0039789,Qwan'tez Stiggers,NYJ,CHI,DB,tackles,4.1,1.4,7.6,0.9580108187653493,0.867757219392753,eligible,eligible_current_role,backup,Active,2.0,direct,20260908_1821_tackles_direct,2026-09-30T11:26:54+00:00,2026-09-30T11:27:07+00:00
2026,4,401872972,2026-10-04,12:00,00-0039794,Braelon Allen,NYJ,CHI,RB,rushing_yards,21.3,-0.7,52.2,,,eligible,eligible_current_role,backup,Active,2.0,direct_component_blend,20260908_1821_rushing_yards_blend,2026-09-30T11:26:54+00:00,2026-09-30T11:27:07+00:00
2026,4,401872972,2026-10-04,12:00,00-0039794,Braelon Allen,NYJ,CHI,RB,receiving_yards,5.0,-12.1,33.8,,,eligible,eligible_current_role,backup,Active,2.0,direct_component_blend,20260908_1821_receiving_yards_blend,2026-09-30T11:26:54+00:00,2026-09-30T11:27:07+00:00
2026,4,401872972,2026-10-04,12:00,00-0039798,Isaiah Davis,NYJ,CHI,RB,rushing_yards,14.1,-7.9,45.0,,,eligible,eligible_current_role,backup,Active,3.0,direct_component_blend,20260908_1821_rushing_yards_blend,2026-09-30T11:26:54+00:00,2026-09-30T11:27:07+00:00
2026,4,401872972,2026-10-04,12:00,00-0039798,Isaiah Davis,NYJ,CHI,RB,receiving_yards,4.7,-12.5,33.5,,,eligible,eligible_current_role,backup,Active,3.0,direct_component_blend,20260908_1821_receiving_yards_blend,2026-09-30T11:26:54+00:00,2026-09-30T11:27:07+00:00
2026,4,401872972,2026-10-04,12:00,00-0039840,Austin Booker,CHI,NYJ,DL,tackles,3.0,0.9,5.7,0.9054651438530844,0.7513435537602817,eligible,eligible_current_role,backup,,2.0,direct,20260908_1821_tackles_direct,2026-09-30T11:26:54+00:00,2026-09-30T11:27:07+00:00
2026,4,401872972,2026-10-04,12:00,00-0039886,T'Vondre Sweat,NYJ,CHI,DL,tackles,2.5,0.5,5.0,0.864036824194583,0.6545276151385986,eligible,eligible_current_role,starter,,1.0,direct,20260908_1821_tackles_direct,2026-09-30T11:26:54+00:00,2026-09-30T11:27:07+00:00
2026,4,401872972,2026-10-04,12:00,00-0039890,Adonai Mitchell,NYJ,CHI,WR,rushing_yards,0.0,-10.8,15.0,,,eligible,questionable_flag,backup,Questionable,2.0,direct_component_blend,20260908_1821_rushing_yards_blend,2026-09-30T11:26:54+00:00,2026-09-30T11:27:07+00:00
2026,4,401872972,2026-10-04,12:00,00-0039890,Adonai Mitchell,NYJ,CHI,WR,receiving_yards,36.9,10.3,86.1,,,eligible,questionable_flag,backup,Questionable,2.0,direct_component_blend,20260908_1821_receiving_yards_blend,2026-09-30T11:26:54+00:00,2026-09-30T11:27:07+00:00
2026,4,401872972,2026-10-04,12:00,00-0039918,Caleb Williams,CHI,NYJ,QB,passing_yards,217.6,124.1,323.8,,,eligible,eligible_current_role,starter,Doubtful,1.0,direct_component_blend,20260908_1821_passing_yards_blend,2026-09-30T11:26:54+00:00,2026-09-30T11:27:07+00:00
2026,4,401872972,2026-10-04,12:00,00-0039918,Caleb Williams,CHI,NYJ,QB,passing_tds,1.666,,,0.8125,0.5119047619047619,eligible,eligible_current_role,starter,Doubtful,1.0,direct_component_blend,20260908_1821_passing_tds_blend,2026-09-30T11:26:54+00:00,2026-09-30T11:27:07+00:00
2026,4,401872972,2026-10-04,12:00,00-0039918,Caleb Williams,CHI,NYJ,QB,rushing_yards,22.2,9.4,40.1,,,eligible,eligible_current_role,starter,Doubtful,1.0,direct_component_blend,20260908_1821_rushing_yards_blend,2026-09-30T11:26:54+00:00,2026-09-30T11:27:07+00:00
2026,4,401872972,2026-10-04,12:00,00-0039919,Rome Odunze,CHI,NYJ,WR,rushing_yards,0.0,-10.8,15.0,,,eligible,eligible_current_role,starter,Active,1.0,direct_component_blend,20260908_1821_rushing_yards_blend,2026-09-30T11:26:54+00:00,2026-09-30T11:27:07+00:00
2026,4,401872972,2026-10-04,12:00,00-0039919,Rome Odunze,CHI,NYJ,WR,receiving_yards,48.5,21.8,97.7,,,eligible,eligible_current_role,starter,Active,1.0,direct_component_blend,20260908_1821_receiving_yards_blend,2026-09-30T11:26:54+00:00,2026-09-30T11:27:07+00:00
2026,4,401872972,2026-10-04,12:00,00-0040126,Colston Loveland,CHI,NYJ,TE,rushing_yards,0.0,-10.7,15.0,,,eligible,eligible_current_role,starter,Active,1.0,direct_component_blend,20260908_1821_rushing_yards_blend,2026-09-30T11:26:54+00:00,2026-09-30T11:27:07+00:00
2026,4,401872972,2026-10-04,12:00,00-0040126,Colston Loveland,CHI,NYJ,TE,receiving_yards,37.5,17.8,71.8,,,eligible,eligible_current_role,starter,Active,1.0,direct_component_blend,20260908_1821_receiving_yards_blend,2026-09-30T11:26:54+00:00,2026-09-30T11:27:07+00:00
2026,4,401872972,2026-10-04,12:00,00-0040133,Azareye'h Thomas,NYJ,CHI,DB,tackles,3.8,1.1,7.3,0.9447669831158755,0.8388264438065738,eligible,eligible_current_role,starter,,1.0,direct,20260908_1821_tackles_direct,2026-09-30T11:26:54+00:00,2026-09-30T11:27:07+00:00
2026,4,401872972,2026-10-04,12:00,00-0040165,Malachi Moore,NYJ,CHI,DB,tackles,5.2,2.5,8.6,0.9809860085980402,0.9366013911869933,eligible,eligible_current_role,backup,,2.0,direct,20260908_1821_tackles_direct,2026-09-30T11:26:54+00:00,2026-09-30T11:27:07+00:00
2026,4,401872972,2026-10-04,12:00,00-0040186,Francisco Mauigoa,NYJ,CHI,LB,tackles,2.9,0.9,5.3,0.8957421604614945,0.7253083487079937,eligible,questionable_flag,starter,Questionable,1.0,direct,20260908_1821_tackles_direct,2026-09-30T11:26:54+00:00,2026-09-30T11:27:07+00:00
2026,4,401872972,2026-10-04,12:00,00-0040236,Kyle Monangai,CHI,NYJ,RB,rushing_yards,47.7,25.7,78.6,,,eligible,eligible_current_role,backup,Active,2.0,direct_component_blend,20260908_1821_rushing_yards_blend,2026-09-30T11:26:54+00:00,2026-09-30T11:27:07+00:00
2026,4,401872972,2026-10-04,12:00,00-0040236,Kyle Monangai,CHI,NYJ,RB,receiving_yards,11.8,-5.4,40.6,,,eligible,eligible_current_role,backup,Active,2.0,direct_component_blend,20260908_1821_receiving_yards_blend,2026-09-30T11:26:54+00:00,2026-09-30T11:27:07+00:00
2026,4,401872972,2026-10-04,12:00,00-0040277,Jahdae Walker,CHI,NYJ,WR,rushing_yards,0.0,-10.8,15.0,,,eligible,eligible_current_role,backup,,5.0,direct_component_blend,20260908_1821_rushing_yards_blend,2026-09-30T11:26:54+00:00,2026-09-30T11:27:07+00:00
2026,4,401872972,2026-10-04,12:00,00-0040277,Jahdae Walker,CHI,NYJ,WR,receiving_yards,14.3,-2.9,43.1,,,eligible,eligible_current_role,backup,,5.0,direct_component_blend,20260908_1821_receiving_yards_blend,2026-09-30T11:26:54+00:00,2026-09-30T11:27:07+00:00
2026,4,401872972,2026-10-04,12:00,00-0040405,Jamaal Pritchett,NYJ,CHI,WR,rushing_yards,0.0,-14.8,20.6,,,eligible,eligible_current_role,backup,Active,5.0,direct_component_blend,20260908_1821_rushing_yards_blend,2026-09-30T11:26:54+00:00,2026-09-30T11:27:07+00:00
2026,4,401872972,2026-10-04,12:00,00-0040405,Jamaal Pritchett,NYJ,CHI,WR,receiving_yards,6.0,-16.6,46.6,,,eligible,eligible_current_role,backup,Active,5.0,direct_component_blend,20260908_1821_receiving_yards_blend,2026-09-30T11:26:54+00:00,2026-09-30T11:27:07+00:00
2026,4,401872972,2026-10-04,12:00,00-0040735,Luther Burden III,CHI,NYJ,WR,rushing_yards,1.1,-9.6,16.2,,,eligible,eligible_current_role,backup,Active,2.0,direct_component_blend,20260908_1821_rushing_yards_blend,2026-09-30T11:26:54+00:00,2026-09-30T11:27:07+00:00
2026,4,401872972,2026-10-04,12:00,00-0040735,Luther Burden III,CHI,NYJ,WR,receiving_yards,42.7,16.0,91.9,,,eligible,eligible_current_role,backup,Active,2.0,direct_component_blend,20260908_1821_receiving_yards_blend,2026-09-30T11:26:54+00:00,2026-09-30T11:27:07+00:00
2026,4,401872972,2026-10-04,12:00,00-0040736,Mason Taylor,NYJ,CHI,TE,rushing_yards,0.0,-10.8,14.9,,,eligible,questionable_flag,backup,Questionable,2.0,direct_component_blend,20260908_1821_rushing_yards_blend,2026-09-30T11:26:54+00:00,2026-09-30T11:27:07+00:00
2026,4,401872972,2026-10-04,12:00,00-0040736,Mason Taylor,NYJ,CHI,TE,receiving_yards,24.2,4.5,58.4,,,eligible,questionable_flag,backup,Questionable,2.0,direct_component_blend,20260908_1821_receiving_yards_blend,2026-09-30T11:26:54+00:00,2026-09-30T11:27:07+00:00
2026,4,401872972,2026-10-04,12:00,00-0040937,Dominic Richardson,NYJ,CHI,RB,rushing_yards,15.3,-15.0,57.8,,,eligible,eligible_current_role,roster_only,,,direct_component_blend,20260908_1821_rushing_yards_blend,2026-09-30T11:26:54+00:00,2026-09-30T11:27:07+00:00
2026,4,401872972,2026-10-04,12:00,00-0040937,Dominic Richardson,NYJ,CHI,RB,receiving_yards,2.7,-19.9,43.3,,,eligible,eligible_current_role,roster_only,,,direct_component_blend,20260908_1821_receiving_yards_blend,2026-09-30T11:26:54+00:00,2026-09-30T11:27:07+00:00
2026,4,401872972,2026-10-04,12:00,00-0041026,David Bailey,NYJ,CHI,LB,tackles,1.7,0.0,5.2,0.7586189568822111,0.48030947541454677,eligible,eligible_current_role,backup,Active,2.0,direct,20260908_1821_tackles_direct,2026-09-30T11:26:54+00:00,2026-09-30T11:27:07+00:00
2026,4,401872972,2026-10-04,12:00,00-0041032,Kenyon Sadiq,NYJ,CHI,TE,rushing_yards,0.0,-14.7,20.7,,,eligible,eligible_current_role,starter,Active,1.0,direct_component_blend,20260908_1821_rushing_yards_blend,2026-09-30T11:26:54+00:00,2026-09-30T11:27:07+00:00
2026,4,401872972,2026-10-04,12:00,00-0041032,Kenyon Sadiq,NYJ,CHI,TE,receiving_yards,7.3,-15.3,47.9,,,eligible,eligible_current_role,starter,Active,1.0,direct_component_blend,20260908_1821_receiving_yards_blend,2026-09-30T11:26:54+00:00,2026-09-30T11:27:07+00:00
2026,4,401872972,2026-10-04,12:00,00-0041038,D'Angelo Ponds,NYJ,CHI,DB,tackles,2.1,0.0,6.1,0.8205493205720938,0.572980767910138,eligible,eligible_current_role,backup,,2.0,direct,20260908_1821_tackles_direct,2026-09-30T11:26:54+00:00,2026-09-30T11:27:07+00:00
2026,4,401872972,2026-10-04,12:00,00-0041051,Zavion Thomas,CHI,NYJ,WR,rushing_yards,0.0,-14.8,20.6,,,eligible,eligible_current_role,backup,,4.0,direct_component_blend,20260908_1821_rushing_yards_blend,2026-09-30T11:26:54+00:00,2026-09-30T11:27:07+00:00
2026,4,401872972,2026-10-04,12:00,00-0041051,Zavion Thomas,CHI,NYJ,WR,receiving_yards,7.1,-15.6,47.6,,,eligible,eligible_current_role,backup,,4.0,direct_component_blend,20260908_1821_receiving_yards_blend,2026-09-30T11:26:54+00:00,2026-09-30T11:27:07+00:00
2026,4,401872972,2026-10-04,12:00,00-0041056,Cade Klubnik,NYJ,CHI,QB,rushing_yards,8.9,-8.6,33.6,,,eligible,eligible_current_role,backup,,2.0,direct_component_blend,20260908_1821_rushing_yards_blend,2026-09-30T11:26:54+00:00,2026-09-30T11:27:07+00:00
2026,4,401872972,2026-10-04,12:00,00-0041060,Malik Muhammad,CHI,NYJ,DB,tackles,2.2,0.0,6.2,0.8362999432685805,0.6010835212609758,eligible,eligible_current_role,backup,Active,2.0,direct,20260908_1821_tackles_direct,2026-09-30T11:26:54+00:00,2026-09-30T11:27:07+00:00
2026,4,401872972,2026-10-04,12:00,00-0041085,Keyshaun Elliott,CHI,NYJ,LB,tackles,1.7,0.0,5.1,0.7550013042718934,0.4759633969303007,eligible,eligible_current_role,backup,,2.0,direct,20260908_1821_tackles_direct,2026-09-30T11:26:54+00:00,2026-09-30T11:27:07+00:00
2026,4,401872972,2026-10-04,12:00,00-0041110,Jordan van den Berg,CHI,NYJ,DL,tackles,1.2,0.0,4.7,0.5701568050483143,0.27966368926309493,eligible,eligible_current_role,backup,,2.0,direct,20260908_1821_tackles_direct,2026-09-30T11:26:54+00:00,2026-09-30T11:27:07+00:00
2026,4,401872972,2026-10-04,12:00,00-0041171,Jayden Loving,CHI,NYJ,DL,tackles,1.2,0.0,4.7,0.5707793695715874,0.2802637023698142,eligible,eligible_current_role,backup,Active,3.0,direct,20260908_1821_tackles_direct,2026-09-30T11:26:54+00:00,2026-09-30T11:27:07+00:00
2026,4,401872972,2026-10-04,12:00,00-0041172,Miller Moss,CHI,NYJ,QB,rushing_yards,9.2,-8.4,33.8,,,eligible,eligible_current_role,roster_only,,,direct_component_blend,20260908_1821_rushing_yards_blend,2026-09-30T11:26:54+00:00,2026-09-30T11:27:07+00:00
2026,4,401872972,2026-10-04,12:00,00-0041175,Skyler Thomas,CHI,NYJ,DB,tackles,2.2,0.0,6.2,0.8367815690038845,0.6019649059267947,eligible,eligible_current_role,backup,,2.0,direct,20260908_1821_tackles_direct,2026-09-30T11:26:54+00:00,2026-09-30T11:27:07+00:00
2026,4,401872972,2026-10-04,12:00,00-0041265,Squirrel White,CHI,NYJ,WR,rushing_yards,0.1,-14.7,20.8,,,eligible,eligible_current_role,roster_only,,,direct_component_blend,20260908_1821_rushing_yards_blend,2026-09-30T11:26:54+00:00,2026-09-30T11:27:07+00:00
2026,4,401872972,2026-10-04,12:00,00-0041265,Squirrel White,CHI,NYJ,WR,receiving_yards,7.3,-15.4,47.9,,,eligible,eligible_current_role,roster_only,,,direct_component_blend,20260908_1821_receiving_yards_blend,2026-09-30T11:26:54+00:00,2026-09-30T11:27:07+00:00
2026,4,401872972,2026-10-04,12:00,00-0041267,Malik McClain,NYJ,CHI,WR,rushing_yards,0.0,-14.8,20.6,,,eligible,eligible_current_role,backup,,4.0,direct_component_blend,20260908_1821_rushing_yards_blend,2026-09-30T11:26:54+00:00,2026-09-30T11:27:07+00:00
2026,4,401872972,2026-10-04,12:00,00-0041267,Malik McClain,NYJ,CHI,WR,receiving_yards,6.0,-16.6,46.6,,,eligible,eligible_current_role,backup,,4.0,direct_component_blend,20260908_1821_receiving_yards_blend,2026-09-30T11:26:54+00:00,2026-09-30T11:27:07+00:00
2026,4,401872972,2026-10-04,12:00,00-0041538,Dillon Thieneman,CHI,NYJ,DB,tackles,3.1,0.2,7.0,0.9093256917427747,0.7621163500728652,eligible,eligible_current_role,starter,,1.0,direct,20260908_1821_tackles_direct,2026-09-30T11:26:54+00:00,2026-09-30T11:27:07+00:00
2026,4,401872972,2026-10-04,12:00,00-0041549,Darrell Jackson Jr.,NYJ,CHI,DL,tackles,1.2,0.0,4.7,0.570162207341393,0.2796688905469383,eligible,eligible_current_role,backup,,2.0,direct,20260908_1821_tackles_direct,2026-09-30T11:26:54+00:00,2026-09-30T11:27:07+00:00
2026,4,401872972,2026-10-04,12:00,00-0041558,Sam Roush,CHI,NYJ,TE,rushing_yards,0.0,-14.8,20.6,,,eligible,eligible_current_role,backup,Active,3.0,direct_component_blend,20260908_1821_rushing_yards_blend,2026-09-30T11:26:54+00:00,2026-09-30T11:27:07+00:00
2026,4,401872972,2026-10-04,12:00,00-0041558,Sam Roush,CHI,NYJ,TE,receiving_yards,4.5,-18.1,45.1,,,eligible,eligible_current_role,backup,Active,3.0,direct_component_blend,20260908_1821_receiving_yards_blend,2026-09-30T11:26:54+00:00,2026-09-30T11:27:07+00:00
2026,4,401872972,2026-10-04,12:00,00-0041577,Connor Hulstein,NYJ,CHI,TE,rushing_yards,0.0,-14.8,20.6,,,eligible,eligible_current_role,roster_only,,,direct_component_blend,20260908_1821_rushing_yards_blend,2026-09-30T11:26:54+00:00,2026-09-30T11:27:07+00:00
2026,4,401872972,2026-10-04,12:00,00-0041577,Connor Hulstein,NYJ,CHI,TE,receiving_yards,3.2,-19.4,43.8,,,eligible,eligible_current_role,roster_only,,,direct_component_blend,20260908_1821_receiving_yards_blend,2026-09-30T11:26:54+00:00,2026-09-30T11:27:07+00:00
2026,4,401872973,2026-10-04,13:00,00-0026190,Calais Campbell,BAL,TEN,DL,tackles,2.1,0.2,4.6,0.8130557697819368,0.5600770663405179,eligible,eligible_current_role,starter,,1.0,direct,20260908_1821_tackles_direct,2026-09-30T11:26:54+00:00,2026-09-30T11:27:07+00:00
2026,4,401872973,2026-10-04,13:00,00-0030070,John Jenkins,BAL,TEN,DL,tackles,1.7,0.0,4.2,0.760398866226395,0.48246917018122565,eligible,eligible_current_role,backup,,2.0,direct,20260908_1821_tackles_direct,2026-09-30T11:26:54+00:00,2026-09-30T11:27:07+00:00
2026,4,401872973,2026-10-04,13:00,00-0032398,Chris Moore,BAL,TEN,WR,rushing_yards,0.0,-10.8,15.0,,,eligible,eligible_current_role,backup,Active,4.0,direct_component_blend,20260908_1821_rushing_yards_blend,2026-09-30T11:26:54+00:00,2026-09-30T11:27:07+00:00
2026,4,401872973,2026-10-04,13:00,00-0032398,Chris Moore,BAL,TEN,WR,receiving_yards,9.8,-7.4,38.6,,,eligible,eligible_current_role,backup,Active,4.0,direct_component_blend,20260908_1821_receiving_yards_blend,2026-09-30T11:26:54+00:00,2026-09-30T11:27:07+00:00
2026,4,401872973,2026-10-04,13:00,00-0032764,Derrick Henry,BAL,TEN,RB,rushing_yards,97.5,75.5,128.4,,,eligible,eligible_current_role,starter,Active,1.0,direct_component_blend,20260908_1821_rushing_yards_blend,2026-09-30T11:26:54+00:00,2026-09-30T11:27:07+00:00
2026,4,401872973,2026-10-04,13:00,00-0032764,Derrick Henry,BAL,TEN,RB,receiving_yards,7.0,-10.2,35.8,,,eligible,eligible_current_role,starter,Active,1.0,direct_component_blend,20260908_1821_receiving_yards_blend,2026-09-30T11:26:54+00:00,2026-09-30T11:27:07+00:00
2026,4,401872973,2026-10-04,13:00,00-0033281,Marlon Humphrey,BAL,TEN,DB,tackles,3.8,1.2,7.3,0.9470811437008222,0.8433584392651412,eligible,eligible_current_role,starter,,1.0,direct,20260908_1821_tackles_direct,2026-09-30T11:26:54+00:00,2026-09-30T11:27:07+00:00
2026,4,401872973,2026-10-04,13:00,00-0033548,Chidobe Awuzie,BAL,TEN,DB,tackles,2.6,0.7,5.1,0.8783869612592569,0.6846267330722386,eligible,eligible_current_role,backup,,2.0,direct,20260908_1821_tackles_direct,2026-09-30T11:26:54+00:00,2026-09-30T11:27:07+00:00
2026,4,401872973,2026-10-04,13:00,00-0033869,Mitchell Trubisky,TEN,BAL,QB,rushing_yards,4.7,-6.0,19.7,,,eligible,eligible_current_role,backup,,2.0,direct_component_blend,20260908_1821_rushing_yards_blend,2026-09-30T11:26:54+00:00,2026-09-30T11:27:07+00:00
2026,4,401872973,2026-10-04,13:00,00-0033870,Solomon Thomas,TEN,BAL,DL,tackles,1.2,0.0,3.7,0.573751772065029,0.283145560622326,eligible,eligible_current_role,backup,Active,2.0,direct,20260908_1821_tackles_direct,2026-09-30T11:26:54+00:00,2026-09-30T11:27:07+00:00
2026,4,401872973,2026-10-04,13:00,00-0033935,Trey Hendrickson,BAL,TEN,LB,tackles,1.5,0.0,4.0,0.7232793319745208,0.4374596027143159,eligible,eligible_current_role,starter,Active,1.0,direct,20260908_1821_tackles_direct,2026-09-30T11:26:54+00:00,2026-09-30T11:27:07+00:00
2026,4,401872973,2026-10-04,13:00,00-0034163,Jacob Martin,TEN,BAL,DL,tackles,2.2,0.1,5.0,0.8281482669046676,0.5863676818827539,eligible,eligible_current_role,backup,,2.0,direct,20260908_1821_tackles_direct,2026-09-30T11:26:54+00:00,2026-09-30T11:27:07+00:00
2026,4,401872973,2026-10-04,13:00,00-0034753,Mark Andrews,BAL,TEN,TE,rushing_yards,0.4,-10.3,15.4,,,eligible,eligible_current_role,starter,Active,1.0,direct_component_blend,20260908_1821_rushing_yards_blend,2026-09-30T11:26:54+00:00,2026-09-30T11:27:07+00:00
2026,4,401872973,2026-10-04,13:00,00-0034753,Mark Andrews,BAL,TEN,TE,receiving_yards,36.9,19.7,65.7,,,eligible,eligible_current_role,starter,Active,1.0,direct_component_blend,20260908_1821_receiving_yards_blend,2026-09-30T11:26:54+00:00,2026-09-30T11:27:07+00:00
2026,4,401872973,2026-10-04,13:00,00-0034796,Lamar Jackson,BAL,TEN,QB,passing_yards,189.7,96.2,295.9,,,eligible,eligible_current_role,starter,Active,1.0,direct_component_blend,20260908_1821_passing_yards_blend,2026-09-30T11:26:54+00:00,2026-09-30T11:27:07+00:00
2026,4,401872973,2026-10-04,13:00,00-0034796,Lamar Jackson,BAL,TEN,QB,passing_tds,1.589,,,0.8125,0.5119047619047619,eligible,eligible_current_role,starter,Active,1.0,direct_component_blend,20260908_1821_passing_tds_blend,2026-09-30T11:26:54+00:00,2026-09-30T11:27:07+00:00
2026,4,401872973,2026-10-04,13:00,00-0034796,Lamar Jackson,BAL,TEN,QB,rushing_yards,30.4,17.6,48.3,,,eligible,eligible_current_role,starter,Active,1.0,direct_component_blend,20260908_1821_rushing_yards_blend,2026-09-30T11:26:54+00:00,2026-09-30T11:27:07+00:00
2026,4,401872973,2026-10-04,13:00,00-0034798,Durham Smythe,BAL,TEN,TE,rushing_yards,0.0,-10.8,15.0,,,eligible,eligible_current_role,backup,,2.0,direct_component_blend,20260908_1821_rushing_yards_blend,2026-09-30T11:26:54+00:00,2026-09-30T11:27:07+00:00
2026,4,401872973,2026-10-04,13:00,00-0034798,Durham Smythe,BAL,TEN,TE,receiving_yards,5.7,-11.4,34.5,,,eligible,eligible_current_role,backup,,2.0,direct_component_blend,20260908_1821_receiving_yards_blend,2026-09-30T11:26:54+00:00,2026-09-30T11:27:07+00:00
2026,4,401872973,2026-10-04,13:00,00-0034805,John Franklin-Myers,TEN,BAL,DL,tackles,1.3,0.0,3.8,0.6087439653048613,0.316016043174271,eligible,eligible_current_role,starter,,1.0,direct,20260908_1821_tackles_direct,2026-09-30T11:26:54+00:00,2026-09-30T11:27:07+00:00
2026,4,401872973,2026-10-04,13:00,00-0034837,Calvin Ridley,TEN,BAL,WR,rushing_yards,0.0,-10.7,15.1,,,eligible,eligible_current_role,backup,Active,4.0,direct_component_blend,20260908_1821_rushing_yards_blend,2026-09-30T11:26:54+00:00,2026-09-30T11:27:07+00:00
2026,4,401872973,2026-10-04,13:00,00-0034837,Calvin Ridley,TEN,BAL,WR,receiving_yards,25.0,-1.7,74.1,,,eligible,eligible_current_role,backup,Active,4.0,direct_component_blend,20260908_1821_receiving_yards_blend,2026-09-30T11:26:54+00:00,2026-09-30T11:27:07+00:00
2026,4,401872973,2026-10-04,13:00,00-0034874,Roquan Smith,BAL,TEN,LB,tackles,6.9,4.3,11.2,0.983495145631068,0.9631067961165048,eligible,eligible_current_role,recent_defensive_participant,Active,,direct,20260908_1821_tackles_direct,2026-09-30T11:26:54+00:00,2026-09-30T11:27:07+00:00
2026,4,401872973,2026-10-04,13:00,00-0034975,Justice Hill,BAL,TEN,RB,rushing_yards,8.2,-2.5,23.3,,,eligible,eligible_current_role,backup,Active,2.0,direct_component_blend,20260908_1821_rushing_yards_blend,2026-09-30T11:26:54+00:00,2026-09-30T11:27:07+00:00
2026,4,401872973,2026-10-04,13:00,00-0034975,Justice Hill,BAL,TEN,RB,receiving_yards,7.4,-9.8,36.2,,,eligible,eligible_current_role,backup,Active,2.0,direct_component_blend,20260908_1821_receiving_yards_blend,2026-09-30T11:26:54+00:00,2026-09-30T11:27:07+00:00
2026,4,401872973,2026-10-04,13:00,00-0035192,Joey Slye,TEN,BAL,K,kicking_points,6.7,2.1,11.9,,,eligible,eligible_current_role,starter,Active,1.0,component,20260908_1821_kicking_points_component,2026-09-30T11:26:54+00:00,2026-09-30T11:27:07+00:00
2026,4,401872973,2026-10-04,13:00,00-0035261,Tony Pollard,TEN,BAL,RB,rushing_yards,49.2,27.2,80.1,,,eligible,eligible_current_role,starter,Active,1.0,direct_component_blend,20260908_1821_rushing_yards_blend,2026-09-30T11:26:54+00:00,2026-09-30T11:27:07+00:00
2026,4,401872973,2026-10-04,13:00,00-0035261,Tony Pollard,TEN,BAL,RB,receiving_yards,10.6,-6.6,39.4,,,eligible,eligible_current_role,starter,Active,1.0,direct_component_blend,20260908_1821_receiving_yards_blend,2026-09-30T11:26:54+00:00,2026-09-30T11:27:07+00:00
2026,4,401872973,2026-10-04,13:00,00-0035632,Amani Hooker,TEN,BAL,DB,tackles,4.7,2.0,8.2,0.9771308679340993,0.9166909854756649,eligible,eligible_current_role,starter,,1.0,direct,20260908_1821_tackles_direct,2026-09-30T11:26:54+00:00,2026-09-30T11:27:07+00:00
2026,4,401872973,2026-10-04,13:00,00-0035643,Jeffery Simmons,TEN,BAL,DL,tackles,3.6,1.4,6.3,0.9358890562757706,0.8220636894735315,eligible,eligible_current_role,starter,,1.0,direct,20260908_1821_tackles_direct,2026-09-30T11:26:54+00:00,2026-09-30T11:27:07+00:00
2026,4,401872973,2026-10-04,13:00,00-0035672,Cody Barton,TEN,BAL,LB,tackles,4.9,1.9,8.9,0.9797703131481883,0.9251378363057573,eligible,eligible_current_role,backup,,2.0,direct,20260908_1821_tackles_direct,2026-09-30T11:26:54+00:00,2026-09-30T11:27:07+00:00
2026,4,401872973,2026-10-04,13:00,00-0035993,Tyler Huntley,BAL,TEN,QB,rushing_yards,23.3,10.6,41.3,,,eligible,eligible_current_role,backup,,2.0,direct_component_blend,20260908_1821_rushing_yards_blend,2026-09-30T11:26:54+00:00,2026-09-30T11:27:07+00:00
2026,4,401872973,2026-10-04,13:00,00-0036081,Broderick Washington,BAL,TEN,DL,tackles,1.8,0.0,4.2,0.7660756758969314,0.4894537801134649,eligible,eligible_current_role,backup,,2.0,direct,20260908_1821_tackles_direct,2026-09-30T11:26:54+00:00,2026-09-30T11:27:07+00:00
2026,4,401872973,2026-10-04,13:00,00-0036130,Nnamdi Madubuike,BAL,TEN,DL,tackles,2.4,0.4,4.9,0.852758876535498,0.6321657817285271,eligible,eligible_current_role,starter,Active,1.0,direct,20260908_1821_tackles_direct,2026-09-30T11:26:54+00:00,2026-09-30T11:27:07+00:00
2026,4,401872973,2026-10-04,13:00,00-0036266,Jordan Elliott,TEN,BAL,DL,tackles,1.7,0.0,4.2,0.76183396603785,0.4842209064888381,eligible,eligible_current_role,starter,,1.0,direct,20260908_1821_tackles_direct,2026-09-30T11:26:54+00:00,2026-09-30T11:27:07+00:00
2026,4,401872973,2026-10-04,13:00,00-0036302,Jaylinn Hawkins,BAL,TEN,DB,tackles,3.9,1.2,7.4,0.9480037457915568,0.8451859971165658,eligible,eligible_current_role,starter,,1.0,direct,20260908_1821_tackles_direct,2026-09-30T11:26:54+00:00,2026-09-30T11:27:07+00:00
2026,4,401872973,2026-10-04,13:00,00-0036421,Terrell Burgess,TEN,BAL,DB,tackles,1.2,0.0,3.7,0.5720730886386742,0.2815145235387978,eligible,eligible_current_role,backup,,3.0,direct,20260908_1821_tackles_direct,2026-09-30T11:26:54+00:00,2026-09-30T11:27:07+00:00
2026,4,401872973,2026-10-04,13:00,00-0036550,Rashod Bateman,BAL,TEN,WR,rushing_yards,0.0,-10.7,15.0,,,eligible,eligible_current_role,backup,Active,2.0,direct_component_blend,20260908_1821_rushing_yards_blend,2026-09-30T11:26:54+00:00,2026-09-30T11:27:07+00:00
2026,4,401872973,2026-10-04,13:00,00-0036550,Rashod Bateman,BAL,TEN,WR,receiving_yards,18.8,1.6,47.6,,,eligible,eligible_current_role,backup,Active,2.0,direct_component_blend,20260908_1821_receiving_yards_blend,2026-09-30T11:26:54+00:00,2026-09-30T11:27:07+00:00
2026,4,401872973,2026-10-04,13:00,00-0036876,Kylen Granson,TEN,BAL,TE,rushing_yards,0.0,-10.8,14.9,,,eligible,eligible_current_role,backup,Active,4.0,direct_component_blend,20260908_1821_rushing_yards_blend,2026-09-30T11:26:54+00:00,2026-09-30T11:27:07+00:00
2026,4,401872973,2026-10-04,13:00,00-0036876,Kylen Granson,TEN,BAL,TE,receiving_yards,6.0,-11.2,34.8,,,eligible,eligible_current_role,backup,Active,4.0,direct_component_blend,20260908_1821_receiving_yards_blend,2026-09-30T11:26:54+00:00,2026-09-30T11:27:07+00:00
2026,4,401872973,2026-10-04,13:00,00-0036924,Michael Carter,TEN,BAL,RB,rushing_yards,21.6,-0.4,52.5,,,eligible,eligible_current_role,backup,Active,5.0,direct_component_blend,20260908_1821_rushing_yards_blend,2026-09-30T11:26:54+00:00,2026-09-30T11:27:07+00:00
2026,4,401872973,2026-10-04,13:00,00-0036924,Michael Carter,TEN,BAL,RB,receiving_yards,12.9,-4.3,41.7,,,eligible,eligible_current_role,backup,Active,5.0,direct_component_blend,20260908_1821_receiving_yards_blend,2026-09-30T11:26:54+00:00,2026-09-30T11:27:07+00:00
2026,4,401872973,2026-10-04,13:00,00-0037155,Tony Adams,TEN,BAL,DB,tackles,3.8,1.6,6.5,0.9473492786310657,0.8438883316662804,eligible,eligible_current_role,backup,,2.0,direct,20260908_1821_tackles_direct,2026-09-30T11:26:54+00:00,2026-09-30T11:27:07+00:00
2026,4,401872973,2026-10-04,13:00,00-0037594,Julius Chestnut,TEN,BAL,RB,rushing_yards,1.3,-9.4,16.3,,,eligible,eligible_current_role,backup,,4.0,direct_component_blend,20260908_1821_rushing_yards_blend,2026-09-30T11:26:54+00:00,2026-09-30T11:27:07+00:00
2026,4,401872973,2026-10-04,13:00,00-0037594,Julius Chestnut,TEN,BAL,RB,receiving_yards,0.2,-17.0,29.0,,,eligible,eligible_current_role,backup,,4.0,direct_component_blend,20260908_1821_receiving_yards_blend,2026-09-30T11:26:54+00:00,2026-09-30T11:27:07+00:00
2026,4,401872973,2026-10-04,13:00,00-0037663,Jermaine Johnson II,TEN,BAL,LB,tackles,2.6,0.6,5.0,0.8723396160900436,0.6717014310088271,eligible,eligible_current_role,starter,,1.0,direct,20260908_1821_tackles_direct,2026-09-30T11:26:54+00:00,2026-09-30T11:27:07+00:00
2026,4,401872973,2026-10-04,13:00,00-0037756,Travis Jones,BAL,TEN,DL,tackles,2.5,0.4,5.3,0.871635765903876,0.6702205430999627,eligible,eligible_current_role,starter,,1.0,direct,20260908_1821_tackles_direct,2026-09-30T11:26:54+00:00,2026-09-30T11:27:07+00:00
2026,4,401872973,2026-10-04,13:00,00-0037758,Cordale Flott,TEN,BAL,DB,tackles,2.7,0.1,6.3,0.8860441500867013,0.701543446880189,eligible,eligible_current_role,starter,Active,1.0,direct,20260908_1821_tackles_direct,2026-09-30T11:26:54+00:00,2026-09-30T11:27:07+00:00
2026,4,401872973,2026-10-04,13:00,00-0038038,Kyle Hamilton,BAL,TEN,DB,tackles,5.5,2.8,9.0,0.9821129004180584,0.9478562703976752,eligible,eligible_current_role,starter,Active,1.0,direct,20260908_1821_tackles_direct,2026-09-30T11:26:54+00:00,2026-09-30T11:27:07+00:00
2026,4,401872973,2026-10-04,13:00,00-0038115,Daniel Bellinger,TEN,BAL,TE,rushing_yards,0.0,-10.8,14.9,,,eligible,eligible_current_role,backup,Active,2.0,direct_component_blend,20260908_1821_rushing_yards_blend,2026-09-30T11:26:54+00:00,2026-09-30T11:27:07+00:00
2026,4,401872973,2026-10-04,13:00,00-0038115,Daniel Bellinger,TEN,BAL,TE,receiving_yards,22.1,5.0,50.9,,,eligible,eligible_current_role,backup,Active,2.0,direct_component_blend,20260908_1821_receiving_yards_blend,2026-09-30T11:26:54+00:00,2026-09-30T11:27:07+00:00
2026,4,401872973,2026-10-04,13:00,00-0038117,Wan'Dale Robinson,TEN,BAL,WR,rushing_yards,0.0,-10.7,15.1,,,eligible,eligible_current_role,backup,Active,2.0,direct_component_blend,20260908_1821_rushing_yards_blend,2026-09-30T11:26:54+00:00,2026-09-30T11:27:07+00:00
2026,4,401872973,2026-10-04,13:00,00-0038117,Wan'Dale Robinson,TEN,BAL,WR,receiving_yards,36.1,9.5,85.3,,,eligible,eligible_current_role,backup,Active,2.0,direct_component_blend,20260908_1821_receiving_yards_blend,2026-09-30T11:26:54+00:00,2026-09-30T11:27:07+00:00
2026,4,401872973,2026-10-04,13:00,00-0038121,Alontae Taylor,TEN,BAL,DB,tackles,5.0,2.3,8.4,0.9801653283251565,0.9287972628877211,eligible,eligible_current_role,starter,,1.0,direct,20260908_1821_tackles_direct,2026-09-30T11:26:54+00:00,2026-09-30T11:27:07+00:00
2026,4,401872973,2026-10-04,13:00,00-0038407,Jaylon Jones,TEN,BAL,DB,tackles,1.4,0.0,3.9,0.6561387166372898,0.36303006347472655,eligible,eligible_current_role,backup,Active,2.0,direct,20260908_1821_tackles_direct,2026-09-30T11:26:54+00:00,2026-09-30T11:27:07+00:00
2026,4,401872973,2026-10-04,13:00,00-0038504,Trenton Simpson,BAL,TEN,LB,tackles,4.1,2.1,6.5,0.9579422986813816,0.8675935803737603,eligible,eligible_current_role,recent_defensive_participant,,,direct,20260908_1821_tackles_direct,2026-09-30T11:26:54+00:00,2026-09-30T11:27:07+00:00
2026,4,401872973,2026-10-04,13:00,00-0038505,Tavius Robinson,BAL,TEN,LB,tackles,2.7,0.7,5.2,0.8823605696829098,0.6933253527125227,eligible,eligible_current_role,starter,,1.0,direct,20260908_1821_tackles_direct,2026-09-30T11:26:54+00:00,2026-09-30T11:27:07+00:00
2026,4,401872973,2026-10-04,13:00,00-0038514,Truman Jones,TEN,BAL,DL,tackles,1.1,0.0,3.6,0.5668187674265291,0.27646757355349677,eligible,eligible_current_role,backup,,3.0,direct,20260908_1821_tackles_direct,2026-09-30T11:26:54+00:00,2026-09-30T11:27:07+00:00
2026,4,401872973,2026-10-04,13:00,00-0038620,Erick Hallett,TEN,BAL,DB,tackles,4.2,1.3,8.0,0.9608284283983235,0.8745471144297009,eligible,eligible_current_role,backup,Active,2.0,direct,20260908_1821_tackles_direct,2026-09-30T11:26:54+00:00,2026-09-30T11:27:07+00:00
2026,4,401872973,2026-10-04,13:00,00-0038891,Shedrick Jackson,BAL,TEN,WR,rushing_yards,0.1,-10.6,15.1,,,eligible,eligible_current_role,roster_only,,,direct_component_blend,20260908_1821_rushing_yards_blend,2026-09-30T11:26:54+00:00,2026-09-30T11:27:07+00:00
2026,4,401872973,2026-10-04,13:00,00-0038891,Shedrick Jackson,BAL,TEN,WR,receiving_yards,8.8,-8.4,37.6,,,eligible,eligible_current_role,roster_only,,,direct_component_blend,20260908_1821_receiving_yards_blend,2026-09-30T11:26:54+00:00,2026-09-30T11:27:07+00:00
2026,4,401872973,2026-10-04,13:00,00-0039032,Tyjae Spears,TEN,BAL,RB,rushing_yards,20.5,-1.5,51.4,,,eligible,eligible_current_role,backup,Active,2.0,direct_component_blend,20260908_1821_rushing_yards_blend,2026-09-30T11:26:54+00:00,2026-09-30T11:27:07+00:00
2026,4,401872973,2026-10-04,13:00,00-0039032,Tyjae Spears,TEN,BAL,RB,receiving_yards,17.5,0.4,46.4,,,eligible,eligible_current_role,backup,Active,2.0,direct_component_blend,20260908_1821_receiving_yards_blend,2026-09-30T11:26:54+00:00,2026-09-30T11:27:07+00:00
2026,4,401872973,2026-10-04,13:00,00-0039064,Zay Flowers,BAL,TEN,WR,rushing_yards,2.3,-8.4,17.3,,,eligible,eligible_current_role,starter,Active,1.0,direct_component_blend,20260908_1821_rushing_yards_blend,2026-09-30T11:26:54+00:00,2026-09-30T11:27:07+00:00
2026,4,401872973,2026-10-04,13:00,00-0039064,Zay Flowers,BAL,TEN,WR,receiving_yards,63.0,36.3,112.2,,,eligible,eligible_current_role,starter,Active,1.0,direct_component_blend,20260908_1821_receiving_yards_blend,2026-09-30T11:26:54+00:00,2026-09-30T11:27:07+00:00
2026,4,401872973,2026-10-04,13:00,00-0039232,Nate Wiggins,BAL,TEN,DB,tackles,3.6,1.0,7.2,0.9389624824167198,0.8277619882881203,eligible,eligible_current_role,starter,,1.0,direct,20260908_1821_tackles_direct,2026-09-30T11:26:54+00:00,2026-09-30T11:27:07+00:00
2026,4,401872973,2026-10-04,13:00,00-0039430,James Williams,TEN,BAL,LB,tackles,1.2,0.0,3.8,0.5826481609953748,0.2919428880682313,eligible,eligible_current_role,starter,Active,1.0,direct,20260908_1821_tackles_direct,2026-09-30T11:26:54+00:00,2026-09-30T11:27:07+00:00
2026,4,401872973,2026-10-04,13:00,00-0039648,David Martin-Robinson,TEN,BAL,TE,rushing_yards,0.0,-10.8,14.9,,,eligible,eligible_current_role,backup,,3.0,direct_component_blend,20260908_1821_rushing_yards_blend,2026-09-30T11:26:54+00:00,2026-09-30T11:27:07+00:00
2026,4,401872973,2026-10-04,13:00,00-0039648,David Martin-Robinson,TEN,BAL,TE,receiving_yards,3.2,-14.0,32.0,,,eligible,eligible_current_role,backup,,3.0,direct_component_blend,20260908_1821_receiving_yards_blend,2026-09-30T11:26:54+00:00,2026-09-30T11:27:07+00:00
2026,4,401872973,2026-10-04,13:00,00-0039792,Devontez Walker,BAL,TEN,WR,rushing_yards,0.0,-10.7,15.0,,,eligible,eligible_current_role,backup,Active,3.0,direct_component_blend,20260908_1821_rushing_yards_blend,2026-09-30T11:26:54+00:00,2026-09-30T11:27:07+00:00
2026,4,401872973,2026-10-04,13:00,00-0039792,Devontez Walker,BAL,TEN,WR,receiving_yards,7.9,-9.2,36.7,,,eligible,eligible_current_role,backup,Active,3.0,direct_component_blend,20260908_1821_receiving_yards_blend,2026-09-30T11:26:54+00:00,2026-09-30T11:27:07+00:00
2026,4,401872973,2026-10-04,13:00,00-0039796,Rasheen Ali,BAL,TEN,RB,rushing_yards,1.3,-9.4,16.4,,,eligible,eligible_current_role,backup,,3.0,direct_component_blend,20260908_1821_rushing_yards_blend,2026-09-30T11:26:54+00:00,2026-09-30T11:27:07+00:00
2026,4,401872973,2026-10-04,13:00,00-0039796,Rasheen Ali,BAL,TEN,RB,receiving_yards,4.1,-13.1,32.9,,,eligible,eligible_current_role,backup,,3.0,direct_component_blend,20260908_1821_receiving_yards_blend,2026-09-30T11:26:54+00:00,2026-09-30T11:27:07+00:00
2026,4,401872973,2026-10-04,13:00,00-0039858,Cedric Gray,TEN,BAL,LB,tackles,8.0,6.3,13.3,0.983495145631068,0.9631067961165048,eligible,eligible_current_role,starter,,1.0,direct,20260908_1821_tackles_direct,2026-09-30T11:26:54+00:00,2026-09-30T11:27:07+00:00
2026,4,401872973,2026-10-04,13:00,00-0040020,Micah Robinson,TEN,BAL,DB,tackles,0.7,0.0,3.2,0.40491158307892067,0.13038995746906212,eligible,eligible_current_role,backup,Active,2.0,direct,20260908_1821_tackles_direct,2026-09-30T11:26:54+00:00,2026-09-30T11:27:07+00:00
2026,4,401872973,2026-10-04,13:00,00-0040041,Nazir Stackhouse,TEN,BAL,DL,tackles,0.8,0.0,3.3,0.4499848598362579,0.1853850635703115,eligible,eligible_current_role,backup,,2.0,direct,20260908_1821_tackles_direct,2026-09-30T11:26:54+00:00,2026-09-30T11:27:07+00:00
2026,4,401872973,2026-10-04,13:00,00-0040069,Teddye Buchanan,BAL,TEN,LB,tackles,2.7,0.8,5.2,0.8863892441294188,0.7023212380522352,eligible,eligible_current_role,recent_defensive_participant,Active,,direct,20260908_1821_tackles_direct,2026-09-30T11:26:54+00:00,2026-09-30T11:27:07+00:00
2026,4,401872973,2026-10-04,13:00,00-0040074,Tyler Loop,BAL,TEN,K,kicking_points,7.7,3.2,13.0,,,eligible,eligible_current_role,starter,Active,1.0,component,20260908_1821_kicking_points_component,2026-09-30T11:26:54+00:00,2026-09-30T11:27:07+00:00
2026,4,401872973,2026-10-04,13:00,00-0040075,LaJohntay Wester,BAL,TEN,WR,rushing_yards,0.1,-10.6,15.1,,,eligible,eligible_current_role,backup,Active,5.0,direct_component_blend,20260908_1821_rushing_yards_blend,2026-09-30T11:26:54+00:00,2026-09-30T11:27:07+00:00
2026,4,401872973,2026-10-04,13:00,00-0040075,LaJohntay Wester,BAL,TEN,WR,receiving_yards,3.7,-13.5,32.5,,,eligible,eligible_current_role,backup,Active,5.0,direct_component_blend,20260908_1821_receiving_yards_blend,2026-09-30T11:26:54+00:00,2026-09-30T11:27:07+00:00
2026,4,401872973,2026-10-04,13:00,00-0040076,Aeneas Peebles,BAL,TEN,DL,tackles,0.6,0.0,3.1,0.39088263821532493,0.11445198836081474,eligible,eligible_current_role,backup,Active,2.0,direct,20260908_1821_tackles_direct,2026-09-30T11:26:54+00:00,2026-09-30T11:27:07+00:00
2026,4,401872973,2026-10-04,13:00,00-0040104,Keondre Jackson,BAL,TEN,DB,tackles,0.6,0.0,3.1,0.39088263821532493,0.11445198836081474,eligible,eligible_current_role,backup,,2.0,direct,20260908_1821_tackles_direct,2026-09-30T11:26:54+00:00,2026-09-30T11:27:07+00:00
2026,4,401872973,2026-10-04,13:00,00-0040141,Kevin Winston Jr.,TEN,BAL,DB,tackles,3.4,1.2,6.1,0.9230073153496047,0.799216130589848,eligible,eligible_current_role,starter,,1.0,direct,20260908_1821_tackles_direct,2026-09-30T11:26:54+00:00,2026-09-30T11:27:07+00:00
2026,4,401872973,2026-10-04,13:00,00-0040170,Elic Ayomanor,TEN,BAL,WR,rushing_yards,0.0,-10.8,15.0,,,eligible,eligible_current_role,backup,Active,3.0,direct_component_blend,20260908_1821_rushing_yards_blend,2026-09-30T11:26:54+00:00,2026-09-30T11:27:07+00:00
2026,4,401872973,2026-10-04,13:00,00-0040170,Elic Ayomanor,TEN,BAL,WR,receiving_yards,31.2,4.6,80.4,,,eligible,eligible_current_role,backup,Active,3.0,direct_component_blend,20260908_1821_receiving_yards_blend,2026-09-30T11:26:54+00:00,2026-09-30T11:27:07+00:00
2026,4,401872973,2026-10-04,13:00,00-0040201,Marcus Harris,TEN,BAL,DB,tackles,2.6,0.0,6.2,0.8752288000658625,0.6778308854284841,eligible,eligible_current_role,starter,Active,1.0,direct,20260908_1821_tackles_direct,2026-09-30T11:26:54+00:00,2026-09-30T11:27:07+00:00
2026,4,401872973,2026-10-04,13:00,00-0040584,Gunnar Helm,TEN,BAL,TE,rushing_yards,0.0,-10.8,14.9,,,eligible,eligible_current_role,starter,Active,1.0,direct_component_blend,20260908_1821_rushing_yards_blend,2026-09-30T11:26:54+00:00,2026-09-30T11:27:07+00:00
2026,4,401872973,2026-10-04,13:00,00-0040584,Gunnar Helm,TEN,BAL,TE,receiving_yards,17.8,0.7,46.6,,,eligible,eligible_current_role,starter,Active,1.0,direct_component_blend,20260908_1821_receiving_yards_blend,2026-09-30T11:26:54+00:00,2026-09-30T11:27:07+00:00
2026,4,401872973,2026-10-04,13:00,00-0040636,Keyon Martin,BAL,TEN,DB,tackles,1.0,0.0,3.4,0.526768240188215,0.24132598335248776,eligible,eligible_current_role,backup,,2.0,direct,20260908_1821_tackles_direct,2026-09-30T11:26:54+00:00,2026-09-30T11:27:07+00:00
2026,4,401872973,2026-10-04,13:00,00-0040676,Cam Ward,TEN,BAL,QB,passing_yards,215.4,121.9,321.6,,,eligible,eligible_current_role,starter,Active,1.0,direct_component_blend,20260908_1821_passing_yards_blend,2026-09-30T11:26:54+00:00,2026-09-30T11:27:07+00:00
2026,4,401872973,2026-10-04,13:00,00-0040676,Cam Ward,TEN,BAL,QB,passing_tds,1.188,,,0.6547619047619048,0.39285714285714285,eligible,eligible_current_role,starter,Active,1.0,direct_component_blend,20260908_1821_passing_tds_blend,2026-09-30T11:26:54+00:00,2026-09-30T11:27:07+00:00
2026,4,401872973,2026-10-04,13:00,00-0040676,Cam Ward,TEN,BAL,QB,rushing_yards,8.2,-4.6,26.1,,,eligible,eligible_current_role,starter,Active,1.0,direct_component_blend,20260908_1821_rushing_yards_blend,2026-09-30T11:26:54+00:00,2026-09-30T11:27:07+00:00
2026,4,401872973,2026-10-04,13:00,00-0040688,Malaki Starks,BAL,TEN,DB,tackles,5.2,2.5,8.6,0.9810063793596586,0.936798900662609,eligible,eligible_current_role,starter,Active,1.0,direct,20260908_1821_tackles_direct,2026-09-30T11:26:54+00:00,2026-09-30T11:27:07+00:00
2026,4,401872973,2026-10-04,13:00,00-0040705,Chimere Dike,TEN,BAL,WR,rushing_yards,0.8,-9.9,15.9,,,eligible,eligible_current_role,backup,,5.0,direct_component_blend,20260908_1821_rushing_yards_blend,2026-09-30T11:26:54+00:00,2026-09-30T11:27:07+00:00
2026,4,401872973,2026-10-04,13:00,00-0040705,Chimere Dike,TEN,BAL,WR,receiving_yards,29.4,2.7,78.6,,,eligible,eligible_current_role,backup,,5.0,direct_component_blend,20260908_1821_receiving_yards_blend,2026-09-30T11:26:54+00:00,2026-09-30T11:27:07+00:00
2026,4,401872973,2026-10-04,13:00,00-0040722,Mike Green,BAL,TEN,LB,tackles,1.8,0.0,4.3,0.7679639957444603,0.49181036453879784,eligible,eligible_current_role,backup,,2.0,direct,20260908_1821_tackles_direct,2026-09-30T11:26:54+00:00,2026-09-30T11:27:07+00:00
2026,4,401872973,2026-10-04,13:00,00-0040752,Oluwafemi Oladejo,TEN,BAL,LB,tackles,1.8,0.0,4.3,0.7737846614275394,0.499182010626675,eligible,eligible_current_role,backup,,3.0,direct,20260908_1821_tackles_direct,2026-09-30T11:26:54+00:00,2026-09-30T11:27:07+00:00
2026,4,401872973,2026-10-04,13:00,00-0040876,Elijah Sarratt,BAL,TEN,WR,rushing_yards,0.1,-14.7,20.7,,,eligible,eligible_current_role,backup,Active,6.0,direct_component_blend,20260908_1821_rushing_yards_blend,2026-09-30T11:26:54+00:00,2026-09-30T11:27:07+00:00
2026,4,401872973,2026-10-04,13:00,00-0040876,Elijah Sarratt,BAL,TEN,WR,receiving_yards,7.6,-15.1,48.1,,,eligible,eligible_current_role,backup,Active,6.0,direct_component_blend,20260908_1821_receiving_yards_blend,2026-09-30T11:26:54+00:00,2026-09-30T11:27:07+00:00
2026,4,401872973,2026-10-04,13:00,00-0040879,Matthew Hibner,BAL,TEN,TE,rushing_yards,0.0,-14.8,20.6,,,eligible,eligible_current_role,backup,,3.0,direct_component_blend,20260908_1821_rushing_yards_blend,2026-09-30T11:26:54+00:00,2026-09-30T11:27:07+00:00
2026,4,401872973,2026-10-04,13:00,00-0040879,Matthew Hibner,BAL,TEN,TE,receiving_yards,5.7,-16.9,46.3,,,eligible,eligible_current_role,backup,,3.0,direct_component_blend,20260908_1821_receiving_yards_blend,2026-09-30T11:26:54+00:00,2026-09-30T11:27:07+00:00
2026,4,401872973,2026-10-04,13:00,00-0040885,Chandler Rivers,BAL,TEN,DB,tackles,1.9,0.0,5.8,0.7771886927689375,0.5035703091614846,eligible,eligible_current_role,backup,,3.0,direct,20260908_1821_tackles_direct,2026-09-30T11:26:54+00:00,2026-09-30T11:27:07+00:00
2026,4,401872973,2026-10-04,13:00,00-0040886,Nicholas Singleton,TEN,BAL,RB,rushing_yards,13.7,-16.6,56.2,,,eligible,eligible_current_role,backup,Active,3.0,direct_component_blend,20260908_1821_rushing_yards_blend,2026-09-30T11:26:54+00:00,2026-09-30T11:27:07+00:00
2026,4,401872973,2026-10-04,13:00,00-0040886,Nicholas Singleton,TEN,BAL,RB,receiving_yards,3.1,-19.5,43.7,,,eligible,eligible_current_role,backup,Active,3.0,direct_component_blend,20260908_1821_receiving_yards_blend,2026-09-30T11:26:54+00:00,2026-09-30T11:27:07+00:00
2026,4,401872973,2026-10-04,13:00,00-0040887,Josh Cuevas,BAL,TEN,TE,rushing_yards,0.0,-14.8,20.6,,,eligible,eligible_current_role,backup,,4.0,direct_component_blend,20260908_1821_rushing_yards_blend,2026-09-30T11:26:54+00:00,2026-09-30T11:27:07+00:00
2026,4,401872973,2026-10-04,13:00,00-0040887,Josh Cuevas,BAL,TEN,TE,receiving_yards,4.8,-17.8,45.4,,,eligible,eligible_current_role,backup,,4.0,direct_component_blend,20260908_1821_receiving_yards_blend,2026-09-30T11:26:54+00:00,2026-09-30T11:27:07+00:00
2026,4,401872973,2026-10-04,13:00,00-0040892,Jackie Marshall,TEN,BAL,DL,tackles,1.2,0.0,4.7,0.569674659426135,0.2791998579267785,eligible,eligible_current_role,backup,Active,3.0,direct,20260908_1821_tackles_direct,2026-09-30T11:26:54+00:00,2026-09-30T11:27:07+00:00
2026,4,401872973,2026-10-04,13:00,00-0040978,Ethan Burke,BAL,TEN,LB,tackles,1.2,0.0,4.8,0.575464239797518,0.2848188081789143,eligible,eligible_current_role,backup,,3.0,direct,20260908_1821_tackles_direct,2026-09-30T11:26:54+00:00,2026-09-30T11:27:07+00:00
2026,4,401872973,2026-10-04,13:00,00-0040981,Joe Fagnano,BAL,TEN,QB,rushing_yards,9.8,-7.8,34.4,,,eligible,eligible_current_role,backup,Active,3.0,direct_component_blend,20260908_1821_rushing_yards_blend,2026-09-30T11:26:54+00:00,2026-09-30T11:27:07+00:00
2026,4,401872973,2026-10-04,13:00,00-0041438,Carnell Tate,TEN,BAL,WR,rushing_yards,0.0,-14.8,20.6,,,eligible,eligible_current_role,starter,Active,1.0,direct_component_blend,20260908_1821_rushing_yards_blend,2026-09-30T11:26:54+00:00,2026-09-30T11:27:07+00:00
2026,4,401872973,2026-10-04,13:00,00-0041438,Carnell Tate,TEN,BAL,WR,receiving_yards,13.8,-8.9,54.4,,,eligible,eligible_current_role,starter,Active,1.0,direct_component_blend,20260908_1821_receiving_yards_blend,2026-09-30T11:26:54+00:00,2026-09-30T11:27:07+00:00
2026,4,401872973,2026-10-04,13:00,00-0041479,Anthony Hill Jr.,TEN,BAL,LB,tackles,2.2,0.0,5.7,0.8235889049459619,0.5782982675658828,eligible,eligible_current_role,starter,,1.0,direct,20260908_1821_tackles_direct,2026-09-30T11:26:54+00:00,2026-09-30T11:27:07+00:00
2026,4,401872973,2026-10-04,13:00,00-0041494,Zion Young,BAL,TEN,LB,tackles,1.5,0.0,5.0,0.7120065030982818,0.42425891439444263,eligible,eligible_current_role,backup,Active,2.0,direct,20260908_1821_tackles_direct,2026-09-30T11:26:54+00:00,2026-09-30T11:27:07+00:00
2026,4,401872973,2026-10-04,13:00,00-0041508,Keldric Faulk,TEN,BAL,LB,tackles,1.7,0.0,5.1,0.7549738692727209,0.4759306579974793,eligible,eligible_current_role,backup,,2.0,direct,20260908_1821_tackles_direct,2026-09-30T11:26:54+00:00,2026-09-30T11:27:07+00:00
2026,4,401872974,2026-10-04,15:05,00-0029606,Harrison Smith,MIN,MIA,DB,tackles,5.0,2.3,8.4,0.980255566161932,0.9296415937840687,eligible,eligible_current_role,starter,,1.0,direct,20260908_1821_tackles_direct,2026-09-30T11:26:54+00:00,2026-09-30T11:27:07+00:00
2026,4,401872974,2026-10-04,15:05,00-0030035,Adam Thielen,MIN,MIA,WR,rushing_yards,0.0,-10.8,15.0,,,eligible,eligible_current_role,roster_only,,,direct_component_blend,20260908_1821_rushing_yards_blend,2026-09-30T11:26:54+00:00,2026-09-30T11:27:07+00:00
2026,4,401872974,2026-10-04,15:05,00-0030035,Adam Thielen,MIN,MIA,WR,receiving_yards,23.3,6.1,52.1,,,eligible,eligible_current_role,roster_only,,,direct_component_blend,20260908_1821_receiving_yards_blend,2026-09-30T11:26:54+00:00,2026-09-30T11:27:07+00:00
2026,4,401872974,2026-10-04,15:05,00-0031360,Kyle Van Noy,MIN,MIA,LB,tackles,1.7,0.0,4.1,0.7584590475526761,0.4801161415018197,eligible,eligible_current_role,backup,Active,2.0,direct,20260908_1821_tackles_direct,2026-09-30T11:26:54+00:00,2026-09-30T11:27:07+00:00
2026,4,401872974,2026-10-04,15:05,00-0032918,C.J. Ham,MIN,MIA,RB,rushing_yards,1.4,-9.3,16.4,,,eligible,eligible_current_role,roster_only,,,direct_component_blend,20260908_1821_rushing_yards_blend,2026-09-30T11:26:54+00:00,2026-09-30T11:27:07+00:00
2026,4,401872974,2026-10-04,15:05,00-0032918,C.J. Ham,MIN,MIA,RB,receiving_yards,5.5,-11.7,34.3,,,eligible,eligible_current_role,roster_only,,,direct_component_blend,20260908_1821_receiving_yards_blend,2026-09-30T11:26:54+00:00,2026-09-30T11:27:07+00:00
2026,4,401872974,2026-10-04,15:05,00-0032950,Carson Wentz,MIN,MIA,QB,rushing_yards,7.9,-4.8,25.9,,,eligible,eligible_current_role,backup,,2.0,direct_component_blend,20260908_1821_rushing_yards_blend,2026-09-30T11:26:54+00:00,2026-09-30T11:27:07+00:00
2026,4,401872974,2026-10-04,15:05,00-0033293,Aaron Jones,MIN,MIA,RB,rushing_yards,56.8,34.8,87.8,,,eligible,eligible_current_role,starter,Active,1.0,direct_component_blend,20260908_1821_rushing_yards_blend,2026-09-30T11:26:54+00:00,2026-09-30T11:27:07+00:00
2026,4,401872974,2026-10-04,15:05,00-0033293,Aaron Jones,MIN,MIA,RB,receiving_yards,16.8,-0.4,45.6,,,eligible,eligible_current_role,starter,Active,1.0,direct_component_blend,20260908_1821_receiving_yards_blend,2026-09-30T11:26:54+00:00,2026-09-30T11:27:07+00:00
2026,4,401872974,2026-10-04,15:05,00-0033336,Eric Wilson,MIN,MIA,LB,tackles,5.3,2.3,9.3,0.9814087689580899,0.940742184789577,eligible,eligible_current_role,recent_defensive_participant,Active,,direct,20260908_1821_tackles_direct,2026-09-30T11:26:54+00:00,2026-09-30T11:27:07+00:00
2026,4,401872974,2026-10-04,15:05,00-0034285,Zach Sieler,MIA,MIN,DL,tackles,2.7,0.6,5.5,0.8866299362696495,0.7028645379560197,eligible,eligible_current_role,starter,,1.0,direct,20260908_1821_tackles_direct,2026-09-30T11:26:54+00:00,2026-09-30T11:27:07+00:00
2026,4,401872974,2026-10-04,15:05,00-0035228,Kyler Murray,MIN,MIA,QB,passing_yards,206.3,112.8,312.5,,,eligible,eligible_current_role,starter,Active,1.0,direct_component_blend,20260908_1821_passing_yards_blend,2026-09-30T11:26:54+00:00,2026-09-30T11:27:07+00:00
2026,4,401872974,2026-10-04,15:05,00-0035228,Kyler Murray,MIN,MIA,QB,passing_tds,1.464,,,0.8049529834350585,0.46863171866658154,eligible,eligible_current_role,starter,Active,1.0,direct_component_blend,20260908_1821_passing_tds_blend,2026-09-30T11:26:54+00:00,2026-09-30T11:27:07+00:00
2026,4,401872974,2026-10-04,15:05,00-0035228,Kyler Murray,MIN,MIA,QB,rushing_yards,20.1,7.3,38.0,,,eligible,eligible_current_role,starter,Active,1.0,direct_component_blend,20260908_1821_rushing_yards_blend,2026-09-30T11:26:54+00:00,2026-09-30T11:27:07+00:00
2026,4,401872974,2026-10-04,15:05,00-0035229,T.J. Hockenson,MIN,MIA,TE,rushing_yards,0.0,-10.8,15.0,,,eligible,eligible_current_role,starter,Active,1.0,direct_component_blend,20260908_1821_rushing_yards_blend,2026-09-30T11:26:54+00:00,2026-09-30T11:27:07+00:00
2026,4,401872974,2026-10-04,15:05,00-0035229,T.J. Hockenson,MIN,MIA,TE,receiving_yards,34.6,17.5,63.4,,,eligible,eligible_current_role,starter,Active,1.0,direct_component_blend,20260908_1821_receiving_yards_blend,2026-09-30T11:26:54+00:00,2026-09-30T11:27:07+00:00
2026,4,401872974,2026-10-04,15:05,00-0035236,Byron Murphy,MIN,MIA,DB,tackles,3.9,1.2,7.4,0.9479150104576084,0.845009694239126,eligible,eligible_current_role,starter,,1.0,direct,20260908_1821_tackles_direct,2026-09-30T11:26:54+00:00,2026-09-30T11:27:07+00:00
2026,4,401872974,2026-10-04,15:05,00-0035272,Andrew Van Ginkel,MIN,MIA,LB,tackles,4.6,1.6,8.6,0.9739152264284179,0.9079162328842437,eligible,eligible_current_role,starter,,1.0,direct,20260908_1821_tackles_direct,2026-09-30T11:26:54+00:00,2026-09-30T11:27:07+00:00
2026,4,401872974,2026-10-04,15:05,00-0035276,Blake Cashman,MIN,MIA,LB,tackles,6.4,3.4,10.4,0.983495145631068,0.9631067961165048,eligible,eligible_current_role,recent_defensive_participant,Active,,direct,20260908_1821_tackles_direct,2026-09-30T11:26:54+00:00,2026-09-30T11:27:07+00:00
2026,4,401872974,2026-10-04,15:05,00-0035692,Clelin Ferrell,MIA,MIN,DL,tackles,2.0,0.1,4.5,0.7933368389031745,0.5274378815955806,eligible,eligible_current_role,recent_defensive_participant,,,direct,20260908_1821_tackles_direct,2026-09-30T11:26:54+00:00,2026-09-30T11:27:07+00:00
2026,4,401872974,2026-10-04,15:05,00-0035795,James Pierre,MIN,MIA,DB,tackles,4.4,1.7,7.9,0.969625292265335,0.8966022777088021,eligible,eligible_current_role,starter,,1.0,direct,20260908_1821_tackles_direct,2026-09-30T11:26:54+00:00,2026-09-30T11:27:07+00:00
2026,4,401872974,2026-10-04,15:05,00-0036159,Joshua Uche,MIA,MIN,LB,tackles,1.3,0.0,3.8,0.6185460308600509,0.32539720779776443,eligible,eligible_current_role,starter,,1.0,direct,20260908_1821_tackles_direct,2026-09-30T11:26:54+00:00,2026-09-30T11:27:07+00:00
2026,4,401872974,2026-10-04,15:05,00-0036222,Isaiah Rodgers,MIN,MIA,DB,tackles,4.0,1.3,7.5,0.9537796085910384,0.857776593878157,eligible,eligible_current_role,starter,Active,1.0,direct,20260908_1821_tackles_direct,2026-09-30T11:26:54+00:00,2026-09-30T11:27:07+00:00
2026,4,401872974,2026-10-04,15:05,00-0036259,Jauan Jennings,MIN,MIA,WR,rushing_yards,0.0,-10.8,15.0,,,eligible,eligible_current_role,backup,Active,3.0,direct_component_blend,20260908_1821_rushing_yards_blend,2026-09-30T11:26:54+00:00,2026-09-30T11:27:07+00:00
2026,4,401872974,2026-10-04,15:05,00-0036259,Jauan Jennings,MIN,MIA,WR,receiving_yards,26.6,-0.1,75.8,,,eligible,eligible_current_role,backup,Active,3.0,direct_component_blend,20260908_1821_receiving_yards_blend,2026-09-30T11:26:54+00:00,2026-09-30T11:27:07+00:00
2026,4,401872974,2026-10-04,15:05,00-0036322,Justin Jefferson,MIN,MIA,WR,rushing_yards,0.0,-10.8,14.9,,,eligible,questionable_flag,starter,Questionable,1.0,direct_component_blend,20260908_1821_rushing_yards_blend,2026-09-30T11:26:54+00:00,2026-09-30T11:27:07+00:00
2026,4,401872974,2026-10-04,15:05,00-0036322,Justin Jefferson,MIN,MIA,WR,receiving_yards,65.9,39.3,115.1,,,eligible,questionable_flag,starter,Questionable,1.0,direct_component_blend,20260908_1821_receiving_yards_blend,2026-09-30T11:26:54+00:00,2026-09-30T11:27:07+00:00
2026,4,401872974,2026-10-04,15:05,00-0036348,Josh Metellus,MIN,MIA,DB,tackles,5.8,3.1,9.3,0.9827754513224586,0.954853352328027,eligible,eligible_current_role,starter,Active,1.0,direct,20260908_1821_tackles_direct,2026-09-30T11:26:54+00:00,2026-09-30T11:27:07+00:00
2026,4,401872974,2026-10-04,15:05,00-0036362,Willie Gay Jr.,MIA,MIN,LB,tackles,3.0,1.1,5.5,0.9076638169513503,0.7574462965707486,eligible,eligible_current_role,starter,,1.0,direct,20260908_1821_tackles_direct,2026-09-30T11:26:54+00:00,2026-09-30T11:27:07+00:00
2026,4,401872974,2026-10-04,15:05,00-0036409,Jordyn Brooks,MIA,MIN,LB,tackles,7.3,5.0,12.0,0.983495145631068,0.9631067961165048,eligible,eligible_current_role,starter,Active,1.0,direct,20260908_1821_tackles_direct,2026-09-30T11:26:54+00:00,2026-09-30T11:27:07+00:00
2026,4,401872974,2026-10-04,15:05,00-0036425,DeeJay Dallas,MIN,MIA,RB,rushing_yards,8.7,-2.0,23.7,,,eligible,eligible_current_role,backup,Active,2.0,direct_component_blend,20260908_1821_rushing_yards_blend,2026-09-30T11:26:54+00:00,2026-09-30T11:27:07+00:00
2026,4,401872974,2026-10-04,15:05,00-0036425,DeeJay Dallas,MIN,MIA,RB,receiving_yards,1.8,-15.4,30.6,,,eligible,eligible_current_role,backup,Active,2.0,direct_component_blend,20260908_1821_receiving_yards_blend,2026-09-30T11:26:54+00:00,2026-09-30T11:27:07+00:00
2026,4,401872974,2026-10-04,15:05,00-0036677,Zayne Anderson,MIA,MIN,DB,tackles,0.9,0.0,3.4,0.5057296031277497,0.22489763504585814,eligible,eligible_current_role,starter,,1.0,direct,20260908_1821_tackles_direct,2026-09-30T11:26:54+00:00,2026-09-30T11:27:07+00:00
2026,4,401872974,2026-10-04,15:05,00-0036682,Malik Herring,MIA,MIN,DL,tackles,0.9,0.0,3.3,0.4824190029817808,0.20768931744318553,eligible,eligible_current_role,backup,,2.0,direct,20260908_1821_tackles_direct,2026-09-30T11:26:54+00:00,2026-09-30T11:27:07+00:00
2026,4,401872974,2026-10-04,15:05,00-0036755,Jaret Patterson,MIN,MIA,RB,rushing_yards,26.1,4.1,57.0,,,eligible,eligible_current_role,roster_only,,,direct_component_blend,20260908_1821_rushing_yards_blend,2026-09-30T11:26:54+00:00,2026-09-30T11:27:07+00:00
2026,4,401872974,2026-10-04,15:05,00-0036755,Jaret Patterson,MIN,MIA,RB,receiving_yards,3.6,-13.6,32.4,,,eligible,eligible_current_role,roster_only,,,direct_component_blend,20260908_1821_receiving_yards_blend,2026-09-30T11:26:54+00:00,2026-09-30T11:27:07+00:00
2026,4,401872974,2026-10-04,15:05,00-0036816,Riley Patterson,MIA,MIN,K,kicking_points,6.7,2.0,12.1,,,eligible,eligible_current_role,starter,Active,1.0,component,20260908_1821_kicking_points_component,2026-09-30T11:26:54+00:00,2026-09-30T11:27:07+00:00
2026,4,401872974,2026-10-04,15:05,00-0037252,Greg Dulcich,MIA,MIN,TE,rushing_yards,0.0,-10.7,15.0,,,eligible,eligible_current_role,starter,Active,1.0,direct_component_blend,20260908_1821_rushing_yards_blend,2026-09-30T11:26:54+00:00,2026-09-30T11:27:07+00:00
2026,4,401872974,2026-10-04,15:05,00-0037252,Greg Dulcich,MIA,MIN,TE,receiving_yards,28.9,11.8,57.7,,,eligible,eligible_current_role,starter,Active,1.0,direct_component_blend,20260908_1821_receiving_yards_blend,2026-09-30T11:26:54+00:00,2026-09-30T11:27:07+00:00
2026,4,401872974,2026-10-04,15:05,00-0037267,Jerome Ford,MIN,MIA,RB,rushing_yards,7.4,-3.3,22.5,,,eligible,eligible_current_role,roster_only,,,direct_component_blend,20260908_1821_rushing_yards_blend,2026-09-30T11:26:54+00:00,2026-09-30T11:27:07+00:00
2026,4,401872974,2026-10-04,15:05,00-0037267,Jerome Ford,MIN,MIA,RB,receiving_yards,4.5,-12.7,33.3,,,eligible,eligible_current_role,roster_only,,,direct_component_blend,20260908_1821_receiving_yards_blend,2026-09-30T11:26:54+00:00,2026-09-30T11:27:07+00:00
2026,4,401872974,2026-10-04,15:05,00-0037301,Theo Jackson,MIN,MIA,DB,tackles,3.0,0.9,5.8,0.9060710967087889,0.7530170303924721,eligible,eligible_current_role,backup,,2.0,direct,20260908_1821_tackles_direct,2026-09-30T11:26:54+00:00,2026-09-30T11:27:07+00:00
2026,4,401872974,2026-10-04,15:05,00-0037666,Jalen Tolbert,MIA,MIN,WR,rushing_yards,0.0,-10.8,15.0,,,eligible,eligible_current_role,backup,Active,5.0,direct_component_blend,20260908_1821_rushing_yards_blend,2026-09-30T11:26:54+00:00,2026-09-30T11:27:07+00:00
2026,4,401872974,2026-10-04,15:05,00-0037666,Jalen Tolbert,MIA,MIN,WR,receiving_yards,22.2,5.0,51.0,,,eligible,eligible_current_role,backup,Active,5.0,direct_component_blend,20260908_1821_receiving_yards_blend,2026-09-30T11:26:54+00:00,2026-09-30T11:27:07+00:00
2026,4,401872974,2026-10-04,15:05,00-0038128,Malik Willis,MIA,MIN,QB,passing_yards,154.8,61.3,261.0,,,eligible,eligible_current_role,starter,Active,1.0,direct_component_blend,20260908_1821_passing_yards_blend,2026-09-30T11:26:54+00:00,2026-09-30T11:27:07+00:00
2026,4,401872974,2026-10-04,15:05,00-0038128,Malik Willis,MIA,MIN,QB,passing_tds,0.808,,,0.557499653786751,0.24316567932639707,eligible,eligible_current_role,starter,Active,1.0,direct_component_blend,20260908_1821_passing_tds_blend,2026-09-30T11:26:54+00:00,2026-09-30T11:27:07+00:00
2026,4,401872974,2026-10-04,15:05,00-0038128,Malik Willis,MIA,MIN,QB,rushing_yards,21.1,8.3,39.1,,,eligible,eligible_current_role,starter,Active,1.0,direct_component_blend,20260908_1821_rushing_yards_blend,2026-09-30T11:26:54+00:00,2026-09-30T11:27:07+00:00
2026,4,401872974,2026-10-04,15:05,00-0038429,Liam Anderson,MIA,MIN,LB,tackles,0.7,0.0,4.2,0.4121062946487127,0.13909318024785722,eligible,eligible_current_role,recent_defensive_participant,,,direct,20260908_1821_tackles_direct,2026-09-30T11:26:54+00:00,2026-09-30T11:27:07+00:00
2026,4,401872974,2026-10-04,15:05,00-0038521,Reese Taylor,MIA,MIN,DB,tackles,0.6,0.0,3.4,0.39088263821532493,0.11445198836081474,eligible,eligible_current_role,backup,,2.0,direct,20260908_1821_tackles_direct,2026-09-30T11:26:54+00:00,2026-09-30T11:27:07+00:00
2026,4,401872974,2026-10-04,15:05,00-0038578,Jay Ward,MIN,MIA,DB,tackles,3.0,0.9,5.8,0.9051980100445693,0.7506078097379327,eligible,eligible_current_role,backup,,2.0,direct,20260908_1821_tackles_direct,2026-09-30T11:26:54+00:00,2026-09-30T11:27:07+00:00
2026,4,401872974,2026-10-04,15:05,00-0038603,Rob Beal Jr.,MIA,MIN,DL,tackles,1.6,0.0,4.0,0.7363658418759843,0.4531701129687924,eligible,questionable_flag,backup,Questionable,2.0,direct,20260908_1821_tackles_direct,2026-09-30T11:26:54+00:00,2026-09-30T11:27:07+00:00
2026,4,401872974,2026-10-04,15:05,00-0038635,Andre Jones Jr.,MIA,MIN,LB,tackles,1.7,0.0,4.2,0.7627306337129565,0.4853201780656,eligible,eligible_current_role,backup,,3.0,direct,20260908_1821_tackles_direct,2026-09-30T11:26:54+00:00,2026-09-30T11:27:07+00:00
2026,4,401872974,2026-10-04,15:05,00-0038778,Jalen Redmond,MIN,MIA,DL,tackles,2.9,0.8,5.7,0.8998248248642116,0.7360599446850438,eligible,eligible_current_role,starter,,1.0,direct,20260908_1821_tackles_direct,2026-09-30T11:26:54+00:00,2026-09-30T11:27:07+00:00
2026,4,401872974,2026-10-04,15:05,00-0038807,Ivan Pace Jr.,MIN,MIA,LB,tackles,1.1,0.0,3.6,0.5663800205333526,0.2760500993157062,eligible,eligible_current_role,recent_defensive_participant,Active,,direct,20260908_1821_tackles_direct,2026-09-30T11:26:54+00:00,2026-09-30T11:27:07+00:00
2026,4,401872974,2026-10-04,15:05,00-0038824,Ryan Miller,MIA,MIN,WR,rushing_yards,0.0,-10.8,15.0,,,eligible,eligible_current_role,backup,Active,6.0,direct_component_blend,20260908_1821_rushing_yards_blend,2026-09-30T11:26:54+00:00,2026-09-30T11:27:07+00:00
2026,4,401872974,2026-10-04,15:05,00-0038824,Ryan Miller,MIA,MIN,WR,receiving_yards,6.7,-10.5,35.5,,,eligible,eligible_current_role,backup,Active,6.0,direct_component_blend,20260908_1821_receiving_yards_blend,2026-09-30T11:26:54+00:00,2026-09-30T11:27:07+00:00
2026,4,401872974,2026-10-04,15:05,00-0038890,Shaka Heyward,MIA,MIN,LB,tackles,1.8,0.0,4.3,0.7717589834664691,0.4965978997705557,eligible,eligible_current_role,backup,,2.0,direct,20260908_1821_tackles_direct,2026-09-30T11:26:54+00:00,2026-09-30T11:27:07+00:00
2026,4,401872974,2026-10-04,15:05,00-0038994,Jordan Addison,MIN,MIA,WR,rushing_yards,2.4,-8.3,17.4,,,eligible,eligible_current_role,backup,Active,2.0,direct_component_blend,20260908_1821_rushing_yards_blend,2026-09-30T11:26:54+00:00,2026-09-30T11:27:07+00:00
2026,4,401872974,2026-10-04,15:05,00-0038994,Jordan Addison,MIN,MIA,WR,receiving_yards,31.1,13.9,59.9,,,eligible,eligible_current_role,backup,Active,2.0,direct_component_blend,20260908_1821_receiving_yards_blend,2026-09-30T11:26:54+00:00,2026-09-30T11:27:07+00:00
2026,4,401872974,2026-10-04,15:05,00-0039156,Julius Brents,MIA,MIN,DB,tackles,4.1,1.9,6.8,0.9578282497694488,0.8673213617614961,eligible,eligible_current_role,starter,Active,1.0,direct,20260908_1821_tackles_direct,2026-09-30T11:26:54+00:00,2026-09-30T11:27:07+00:00
2026,4,401872974,2026-10-04,15:05,00-0039383,Jaylin Simpson,MIA,MIN,DB,tackles,0.8,0.0,4.7,0.43355382510845364,0.16667770419214925,eligible,eligible_current_role,backup,,2.0,direct,20260908_1821_tackles_direct,2026-09-30T11:26:54+00:00,2026-09-30T11:27:07+00:00
2026,4,401872974,2026-10-04,15:05,00-0039390,Marcellas Dial Jr.,MIA,MIN,DB,tackles,3.0,0.9,5.8,0.9072661315755198,0.7563361537983605,eligible,eligible_current_role,backup,Active,2.0,direct,20260908_1821_tackles_direct,2026-09-30T11:26:54+00:00,2026-09-30T11:27:07+00:00
2026,4,401872974,2026-10-04,15:05,00-0039404,Will Reichard,MIN,MIA,K,kicking_points,7.1,2.6,12.4,,,eligible,eligible_current_role,starter,Active,1.0,component,20260908_1821_kicking_points_component,2026-09-30T11:26:54+00:00,2026-09-30T11:27:07+00:00
2026,4,401872974,2026-10-04,15:05,00-0039421,Levi Drake Rodriguez,MIN,MIA,DL,tackles,2.4,0.5,4.9,0.8569222792629062,0.6402981736370442,eligible,eligible_current_role,starter,,1.0,direct,20260908_1821_tackles_direct,2026-09-30T11:26:54+00:00,2026-09-30T11:27:07+00:00
2026,4,401872974,2026-10-04,15:05,00-0039532,Julius Wood,MIA,MIN,DB,tackles,1.2,0.0,4.0,0.5699362857256954,0.2794514544593816,eligible,eligible_current_role,backup,,2.0,direct,20260908_1821_tackles_direct,2026-09-30T11:26:54+00:00,2026-09-30T11:27:07+00:00
2026,4,401872974,2026-10-04,15:05,00-0039710,Jeshaun Jones,MIN,MIA,WR,rushing_yards,0.0,-14.7,20.7,,,eligible,eligible_current_role,backup,Active,6.0,direct_component_blend,20260908_1821_rushing_yards_blend,2026-09-30T11:26:54+00:00,2026-09-30T11:27:07+00:00
2026,4,401872974,2026-10-04,15:05,00-0039710,Jeshaun Jones,MIN,MIA,WR,receiving_yards,6.1,-16.6,46.7,,,eligible,eligible_current_role,backup,Active,6.0,direct_component_blend,20260908_1821_receiving_yards_blend,2026-09-30T11:26:54+00:00,2026-09-30T11:27:07+00:00
2026,4,401872974,2026-10-04,15:05,00-0039718,Bo Richter,MIN,MIA,LB,tackles,0.8,0.0,3.3,0.4492421673469449,0.18489575738725608,eligible,eligible_current_role,backup,,3.0,direct,20260908_1821_tackles_direct,2026-09-30T11:26:54+00:00,2026-09-30T11:27:07+00:00
2026,4,401872974,2026-10-04,15:05,00-0039874,Jaylen Wright,MIA,MIN,RB,rushing_yards,23.1,1.1,54.0,,,eligible,questionable_flag,starter,Questionable,1.0,direct_component_blend,20260908_1821_rushing_yards_blend,2026-09-30T11:26:54+00:00,2026-09-30T11:27:07+00:00
2026,4,401872974,2026-10-04,15:05,00-0039874,Jaylen Wright,MIA,MIN,RB,receiving_yards,4.0,-13.2,32.8,,,eligible,questionable_flag,starter,Questionable,1.0,direct_component_blend,20260908_1821_receiving_yards_blend,2026-09-30T11:26:54+00:00,2026-09-30T11:27:07+00:00
2026,4,401872974,2026-10-04,15:05,00-0039880,Malik Washington,MIA,MIN,WR,rushing_yards,2.0,-8.7,17.0,,,eligible,eligible_current_role,starter,Active,1.0,direct_component_blend,20260908_1821_rushing_yards_blend,2026-09-30T11:26:54+00:00,2026-09-30T11:27:07+00:00
2026,4,401872974,2026-10-04,15:05,00-0039880,Malik Washington,MIA,MIN,WR,receiving_yards,24.4,7.2,53.2,,,eligible,eligible_current_role,starter,Active,1.0,direct_component_blend,20260908_1821_receiving_yards_blend,2026-09-30T11:26:54+00:00,2026-09-30T11:27:07+00:00
2026,4,401872974,2026-10-04,15:05,00-0039911,Chop Robinson,MIA,MIN,LB,tackles,1.8,0.0,4.3,0.7725641134127187,0.49762257382109254,eligible,eligible_current_role,starter,Active,1.0,direct,20260908_1821_tackles_direct,2026-09-30T11:26:54+00:00,2026-09-30T11:27:07+00:00
2026,4,401872974,2026-10-04,15:05,00-0039924,Dallas Turner,MIN,MIA,LB,tackles,3.1,0.2,7.2,0.9103940088205175,0.7651453395508736,eligible,eligible_current_role,starter,,1.0,direct,20260908_1821_tackles_direct,2026-09-30T11:26:54+00:00,2026-09-30T11:27:07+00:00
2026,4,401872974,2026-10-04,15:05,00-0040014,Kyle McCord,MIA,MIN,QB,rushing_yards,8.9,-8.7,33.6,,,eligible,eligible_current_role,backup,,2.0,direct_component_blend,20260908_1821_rushing_yards_blend,2026-09-30T11:26:54+00:00,2026-09-30T11:27:07+00:00
2026,4,401872974,2026-10-04,15:05,00-0040066,Jackson Woodard,MIA,MIN,LB,tackles,0.8,0.0,4.3,0.4361281450705859,0.17015914382119318,eligible,eligible_current_role,backup,,2.0,direct,20260908_1821_tackles_direct,2026-09-30T11:26:54+00:00,2026-09-30T11:27:07+00:00
2026,4,401872974,2026-10-04,15:05,00-0040154,Tai Felton,MIN,MIA,WR,rushing_yards,0.0,-10.8,15.0,,,eligible,eligible_current_role,backup,,4.0,direct_component_blend,20260908_1821_rushing_yards_blend,2026-09-30T11:26:54+00:00,2026-09-30T11:27:07+00:00
2026,4,401872974,2026-10-04,15:05,00-0040154,Tai Felton,MIN,MIA,WR,receiving_yards,1.8,-15.4,30.6,,,eligible,eligible_current_role,backup,,4.0,direct_component_blend,20260908_1821_receiving_yards_blend,2026-09-30T11:26:54+00:00,2026-09-30T11:27:07+00:00
2026,4,401872974,2026-10-04,15:05,00-0040173,Tyrion Ingram-Dawkins,MIN,MIA,DL,tackles,0.9,0.0,3.3,0.4751658353580989,0.20253964654302262,eligible,eligible_current_role,backup,,2.0,direct,20260908_1821_tackles_direct,2026-09-30T11:26:54+00:00,2026-09-30T11:27:07+00:00
2026,4,401872974,2026-10-04,15:05,00-0040175,Jordan Phillips,MIA,MIN,DL,tackles,1.6,0.0,4.1,0.7533210645818034,0.4739643691420582,eligible,eligible_current_role,recent_defensive_participant,,,direct,20260908_1821_tackles_direct,2026-09-30T11:26:54+00:00,2026-09-30T11:27:07+00:00
2026,4,401872974,2026-10-04,15:05,00-0040178,Jason Marshall Jr.,MIA,MIN,DB,tackles,4.1,1.4,7.6,0.958617187445448,0.869208349492285,eligible,eligible_current_role,starter,,1.0,direct,20260908_1821_tackles_direct,2026-09-30T11:26:54+00:00,2026-09-30T11:27:07+00:00
2026,4,401872974,2026-10-04,15:05,00-0040182,Dante Trader Jr.,MIA,MIN,DB,tackles,2.8,0.6,5.5,0.8889100968090174,0.7080450926458425,eligible,eligible_current_role,backup,,2.0,direct,20260908_1821_tackles_direct,2026-09-30T11:26:54+00:00,2026-09-30T11:27:07+00:00
2026,4,401872974,2026-10-04,15:05,00-0040198,Ollie Gordon II,MIA,MIN,RB,rushing_yards,10.3,-0.4,25.3,,,eligible,eligible_current_role,backup,Active,2.0,direct_component_blend,20260908_1821_rushing_yards_blend,2026-09-30T11:26:54+00:00,2026-09-30T11:27:07+00:00
2026,4,401872974,2026-10-04,15:05,00-0040198,Ollie Gordon II,MIA,MIN,RB,receiving_yards,3.4,-13.8,32.2,,,eligible,eligible_current_role,backup,Active,2.0,direct_component_blend,20260908_1821_receiving_yards_blend,2026-09-30T11:26:54+00:00,2026-09-30T11:27:07+00:00
2026,4,401872974,2026-10-04,15:05,00-0040215,Gavin Bartholomew,MIN,MIA,TE,rushing_yards,0.0,-14.8,20.6,,,eligible,eligible_current_role,backup,,2.0,direct_component_blend,20260908_1821_rushing_yards_blend,2026-09-30T11:26:54+00:00,2026-09-30T11:27:07+00:00
2026,4,401872974,2026-10-04,15:05,00-0040215,Gavin Bartholomew,MIN,MIA,TE,receiving_yards,8.3,-14.4,48.9,,,eligible,eligible_current_role,backup,,2.0,direct_component_blend,20260908_1821_receiving_yards_blend,2026-09-30T11:26:54+00:00,2026-09-30T11:27:07+00:00
2026,4,401872974,2026-10-04,15:05,00-0040248,Zeek Biggers,MIA,MIN,DL,tackles,2.0,0.1,4.5,0.7952667656374636,0.5305521389112208,eligible,eligible_current_role,backup,,2.0,direct,20260908_1821_tackles_direct,2026-09-30T11:26:54+00:00,2026-09-30T11:27:07+00:00
2026,4,401872974,2026-10-04,15:05,00-0040398,Brady Cook,MIA,MIN,QB,rushing_yards,7.9,-4.9,25.8,,,eligible,eligible_current_role,backup,Active,3.0,direct_component_blend,20260908_1821_rushing_yards_blend,2026-09-30T11:26:54+00:00,2026-09-30T11:27:07+00:00
2026,4,401872974,2026-10-04,15:05,00-0040494,Max Brosmer,MIN,MIA,QB,rushing_yards,3.2,-7.5,18.2,,,eligible,eligible_current_role,backup,Active,3.0,direct_component_blend,20260908_1821_rushing_yards_blend,2026-09-30T11:26:54+00:00,2026-09-30T11:27:07+00:00
2026,4,401872974,2026-10-04,15:05,00-0040496,Chaz Chambliss,MIN,MIA,LB,tackles,0.7,0.0,3.1,0.39102428812726736,0.11445198836081474,eligible,eligible_current_role,backup,,2.0,direct,20260908_1821_tackles_direct,2026-09-30T11:26:54+00:00,2026-09-30T11:27:07+00:00
2026,4,401872974,2026-10-04,15:05,00-0040498,Dontae Fleming,MIN,MIA,WR,rushing_yards,0.0,-14.7,20.7,,,eligible,eligible_current_role,roster_only,,,direct_component_blend,20260908_1821_rushing_yards_blend,2026-09-30T11:26:54+00:00,2026-09-30T11:27:07+00:00
2026,4,401872974,2026-10-04,15:05,00-0040498,Dontae Fleming,MIN,MIA,WR,receiving_yards,6.0,-29.7,74.6,,,eligible,eligible_current_role,roster_only,,,direct_component_blend,20260908_1821_receiving_yards_blend,2026-09-30T11:26:54+00:00,2026-09-30T11:27:07+00:00
2026,4,401872974,2026-10-04,15:05,00-0040504,Bryson Nesbit,MIN,MIA,TE,rushing_yards,0.0,-14.8,20.6,,,eligible,eligible_current_role,roster_only,,,direct_component_blend,20260908_1821_rushing_yards_blend,2026-09-30T11:26:54+00:00,2026-09-30T11:27:07+00:00
2026,4,401872974,2026-10-04,15:05,00-0040504,Bryson Nesbit,MIN,MIA,TE,receiving_yards,5.9,-16.7,46.5,,,eligible,eligible_current_role,roster_only,,,direct_component_blend,20260908_1821_receiving_yards_blend,2026-09-30T11:26:54+00:00,2026-09-30T11:27:07+00:00
2026,4,401872974,2026-10-04,15:05,00-0040506,Myles Price,MIN,MIA,WR,rushing_yards,0.0,-10.7,15.0,,,eligible,eligible_current_role,backup,,5.0,direct_component_blend,20260908_1821_rushing_yards_blend,2026-09-30T11:26:54+00:00,2026-09-30T11:27:07+00:00
2026,4,401872974,2026-10-04,15:05,00-0040506,Myles Price,MIN,MIA,WR,receiving_yards,0.5,-16.7,29.3,,,eligible,eligible_current_role,backup,,5.0,direct_component_blend,20260908_1821_receiving_yards_blend,2026-09-30T11:26:54+00:00,2026-09-30T11:27:07+00:00
2026,4,401872974,2026-10-04,15:05,00-0040507,Zemaiah Vaughn,MIN,MIA,DB,tackles,1.5,0.0,5.4,0.6948549660998428,0.40473967259461907,eligible,eligible_current_role,backup,Active,2.0,direct,20260908_1821_tackles_direct,2026-09-30T11:26:54+00:00,2026-09-30T11:27:07+00:00
2026,4,401872974,2026-10-04,15:05,00-0040624,Elijah Williams,MIN,MIA,DL,tackles,0.8,0.0,3.2,0.4337559209148792,0.16694966080614979,eligible,eligible_current_role,backup,Active,2.0,direct,20260908_1821_tackles_direct,2026-09-30T11:26:54+00:00,2026-09-30T11:27:07+00:00
2026,4,401872974,2026-10-04,15:05,00-0041033,Caleb Banks,MIN,MIA,DL,tackles,1.4,0.0,4.9,0.6600744819478349,0.3671283737781954,eligible,eligible_current_role,starter,,1.0,direct,20260908_1821_tackles_direct,2026-09-30T11:26:54+00:00,2026-09-30T11:27:07+00:00
2026,4,401872974,2026-10-04,15:05,00-0041046,Domonique Orange,MIN,MIA,DL,tackles,1.2,0.0,4.7,0.5715212574408064,0.2809803343924401,eligible,eligible_current_role,backup,,2.0,direct,20260908_1821_tackles_direct,2026-09-30T11:26:54+00:00,2026-09-30T11:27:07+00:00
2026,4,401872974,2026-10-04,15:05,00-0041054,Jakobe Thomas,MIN,MIA,DB,tackles,2.0,0.0,5.9,0.7889134351964977,0.5203627636099838,eligible,eligible_current_role,backup,Active,3.0,direct,20260908_1821_tackles_direct,2026-09-30T11:26:54+00:00,2026-09-30T11:27:07+00:00
2026,4,401872974,2026-10-04,15:05,00-0041077,Justin Joly,MIA,MIN,TE,rushing_yards,0.0,-14.7,20.7,,,eligible,eligible_current_role,backup,Active,4.0,direct_component_blend,20260908_1821_rushing_yards_blend,2026-09-30T11:26:54+00:00,2026-09-30T11:27:07+00:00
2026,4,401872974,2026-10-04,15:05,00-0041077,Justin Joly,MIA,MIN,TE,receiving_yards,5.0,-17.6,45.6,,,eligible,eligible_current_role,backup,Active,4.0,direct_component_blend,20260908_1821_receiving_yards_blend,2026-09-30T11:26:54+00:00,2026-09-30T11:27:07+00:00
2026,4,401872974,2026-10-04,15:05,00-0041081,Max Bredeson,MIN,MIA,RB,rushing_yards,11.4,-18.9,53.9,,,eligible,eligible_current_role,starter,,1.0,direct_component_blend,20260908_1821_rushing_yards_blend,2026-09-30T11:26:54+00:00,2026-09-30T11:27:07+00:00
2026,4,401872974,2026-10-04,15:05,00-0041081,Max Bredeson,MIN,MIA,RB,receiving_yards,2.5,-20.1,43.1,,,eligible,eligible_current_role,starter,,1.0,direct_component_blend,20260908_1821_receiving_yards_blend,2026-09-30T11:26:54+00:00,2026-09-30T11:27:07+00:00
2026,4,401872974,2026-10-04,15:05,00-0041104,Demond Claiborne,MIN,MIA,RB,rushing_yards,11.5,-18.8,54.0,,,eligible,eligible_current_role,backup,,3.0,direct_component_blend,20260908_1821_rushing_yards_blend,2026-09-30T11:26:54+00:00,2026-09-30T11:27:07+00:00
2026,4,401872974,2026-10-04,15:05,00-0041104,Demond Claiborne,MIN,MIA,RB,receiving_yards,2.4,-20.2,43.0,,,eligible,eligible_current_role,backup,,3.0,direct_component_blend,20260908_1821_receiving_yards_blend,2026-09-30T11:26:54+00:00,2026-09-30T11:27:07+00:00
2026,4,401872974,2026-10-04,15:05,00-0041161,Le'Veon Moss,MIA,MIN,RB,rushing_yards,14.8,-15.5,57.3,,,eligible,eligible_current_role,roster_only,,,direct_component_blend,20260908_1821_rushing_yards_blend,2026-09-30T11:26:54+00:00,2026-09-30T11:27:07+00:00
2026,4,401872974,2026-10-04,15:05,00-0041161,Le'Veon Moss,MIA,MIN,RB,receiving_yards,4.0,-18.7,44.5,,,eligible,eligible_current_role,roster_only,,,direct_component_blend,20260908_1821_receiving_yards_blend,2026-09-30T11:26:54+00:00,2026-09-30T11:27:07+00:00
2026,4,401872974,2026-10-04,15:05,00-0041342,Dillon Bell,MIN,MIA,WR,rushing_yards,0.0,-14.7,20.7,,,eligible,eligible_current_role,roster_only,,,direct_component_blend,20260908_1821_rushing_yards_blend,2026-09-30T11:26:54+00:00,2026-09-30T11:27:07+00:00
2026,4,401872974,2026-10-04,15:05,00-0041342,Dillon Bell,MIN,MIA,WR,receiving_yards,6.0,-16.6,46.6,,,eligible,eligible_current_role,roster_only,,,direct_component_blend,20260908_1821_receiving_yards_blend,2026-09-30T11:26:54+00:00,2026-09-30T11:27:07+00:00
2026,4,401872974,2026-10-04,15:05,00-0041354,Jacob Thomas,MIN,MIA,DB,tackles,1.9,0.0,5.9,0.7882818931366847,0.5193596719603075,eligible,eligible_current_role,backup,,3.0,direct,20260908_1821_tackles_direct,2026-09-30T11:26:54+00:00,2026-09-30T11:27:07+00:00
2026,4,401872974,2026-10-04,15:05,00-0041436,DJ Herman,MIA,MIN,RB,rushing_yards,14.7,-15.6,57.2,,,eligible,eligible_current_role,starter,,1.0,direct_component_blend,20260908_1821_rushing_yards_blend,2026-09-30T11:26:54+00:00,2026-09-30T11:27:07+00:00
2026,4,401872974,2026-10-04,15:05,00-0041436,DJ Herman,MIA,MIN,RB,receiving_yards,6.8,-15.9,47.4,,,eligible,eligible_current_role,starter,,1.0,direct_component_blend,20260908_1821_receiving_yards_blend,2026-09-30T11:26:54+00:00,2026-09-30T11:27:07+00:00
2026,4,401872974,2026-10-04,15:05,00-0041495,Jake Golday,MIN,MIA,LB,tackles,1.3,0.0,4.9,0.6334971591120644,0.34004363388330444,eligible,eligible_current_role,recent_defensive_participant,,,direct,20260908_1821_tackles_direct,2026-09-30T11:26:54+00:00,2026-09-30T11:27:07+00:00
2026,4,401872974,2026-10-04,15:05,00-0041522,Jacob Rodriguez,MIA,MIN,LB,tackles,2.3,0.0,5.8,0.8435219486854024,0.6144446854982596,eligible,eligible_current_role,starter,Active,1.0,direct,20260908_1821_tackles_direct,2026-09-30T11:26:54+00:00,2026-09-30T11:27:07+00:00
2026,4,401872974,2026-10-04,15:05,00-0041523,Caleb Douglas,MIA,MIN,WR,rushing_yards,0.0,-14.8,20.6,,,eligible,questionable_flag,backup,Questionable,2.0,direct_component_blend,20260908_1821_rushing_yards_blend,2026-09-30T11:26:54+00:00,2026-09-30T11:27:07+00:00
2026,4,401872974,2026-10-04,15:05,00-0041523,Caleb Douglas,MIA,MIN,WR,receiving_yards,10.6,-12.0,51.2,,,eligible,questionable_flag,backup,Questionable,2.0,direct_component_blend,20260908_1821_receiving_yards_blend,2026-09-30T11:26:54+00:00,2026-09-30T11:27:07+00:00
2026,4,401872974,2026-10-04,15:05,00-0041524,Will Kacmarek,MIA,MIN,TE,rushing_yards,0.0,-14.8,20.6,,,eligible,eligible_current_role,backup,,2.0,direct_component_blend,20260908_1821_rushing_yards_blend,2026-09-30T11:26:54+00:00,2026-09-30T11:27:07+00:00
2026,4,401872974,2026-10-04,15:05,00-0041524,Will Kacmarek,MIA,MIN,TE,receiving_yards,7.8,-14.8,48.4,,,eligible,eligible_current_role,backup,,2.0,direct_component_blend,20260908_1821_receiving_yards_blend,2026-09-30T11:26:54+00:00,2026-09-30T11:27:07+00:00
2026,4,401872974,2026-10-04,15:05,00-0041525,Chris Bell,MIA,MIN,WR,rushing_yards,0.0,-14.8,20.6,,,eligible,eligible_current_role,backup,Active,3.0,direct_component_blend,20260908_1821_rushing_yards_blend,2026-09-30T11:26:54+00:00,2026-09-30T11:27:07+00:00
2026,4,401872974,2026-10-04,15:05,00-0041525,Chris Bell,MIA,MIN,WR,receiving_yards,7.2,-15.4,47.8,,,eligible,eligible_current_role,backup,Active,3.0,direct_component_blend,20260908_1821_receiving_yards_blend,2026-09-30T11:26:54+00:00,2026-09-30T11:27:07+00:00
2026,4,401872974,2026-10-04,15:05,00-0041528,Michael Taaffe,MIA,MIN,DB,tackles,3.0,0.2,6.9,0.9074230344345288,0.7567738127681987,eligible,eligible_current_role,starter,,1.0,direct,20260908_1821_tackles_direct,2026-09-30T11:26:54+00:00,2026-09-30T11:27:07+00:00
2026,4,401872974,2026-10-04,15:05,00-0041529,Kevin Coleman Jr.,MIA,MIN,WR,rushing_yards,0.0,-14.8,20.6,,,eligible,eligible_current_role,backup,Active,4.0,direct_component_blend,20260908_1821_rushing_yards_blend,2026-09-30T11:26:54+00:00,2026-09-30T11:27:07+00:00
2026,4,401872974,2026-10-04,15:05,00-0041529,Kevin Coleman Jr.,MIA,MIN,WR,receiving_yards,7.2,-15.5,47.8,,,eligible,eligible_current_role,backup,Active,4.0,direct_component_blend,20260908_1821_receiving_yards_blend,2026-09-30T11:26:54+00:00,2026-09-30T11:27:07+00:00
2026,4,401872974,2026-10-04,15:05,00-0041531,Max Llewellyn,MIA,MIN,DL,tackles,1.2,0.0,4.8,0.5748175639794537,0.2841858252779572,eligible,eligible_current_role,recent_defensive_participant,,,direct,20260908_1821_tackles_direct,2026-09-30T11:26:54+00:00,2026-09-30T11:27:07+00:00
2026,4,401872974,2026-10-04,15:05,00-0041533,Chris Johnson,MIA,MIN,DB,tackles,3.0,0.2,6.9,0.9074230344345288,0.7567738127681987,eligible,eligible_current_role,starter,,1.0,direct,20260908_1821_tackles_direct,2026-09-30T11:26:54+00:00,2026-09-30T11:27:07+00:00
2026,4,401872974,2026-10-04,15:05,00-0041579,Seydou Traore,MIA,MIN,TE,rushing_yards,0.0,-14.7,20.7,,,eligible,eligible_current_role,backup,Active,3.0,direct_component_blend,20260908_1821_rushing_yards_blend,2026-09-30T11:26:54+00:00,2026-09-30T11:27:07+00:00
2026,4,401872974,2026-10-04,15:05,00-0041579,Seydou Traore,MIA,MIN,TE,receiving_yards,5.0,-17.6,45.6,,,eligible,eligible_current_role,backup,Active,3.0,direct_component_blend,20260908_1821_receiving_yards_blend,2026-09-30T11:26:54+00:00,2026-09-30T11:27:07+00:00
2026,4,401872975,2026-10-04,13:25,00-0029892,Kyle Juszczyk,SF,DEN,RB,rushing_yards,0.4,-10.3,15.4,,,eligible,eligible_current_role,starter,,1.0,direct_component_blend,20260908_1821_rushing_yards_blend,2026-09-30T11:26:54+00:00,2026-09-30T11:27:07+00:00
2026,4,401872975,2026-10-04,13:25,00-0029892,Kyle Juszczyk,SF,DEN,RB,receiving_yards,12.3,-4.9,41.1,,,eligible,eligible_current_role,starter,,1.0,direct_component_blend,20260908_1821_receiving_yards_blend,2026-09-30T11:26:54+00:00,2026-09-30T11:27:07+00:00
2026,4,401872975,2026-10-04,13:25,00-0031408,Mike Evans,SF,DEN,WR,rushing_yards,0.0,-10.7,15.0,,,eligible,questionable_flag,starter,Questionable,1.0,direct_component_blend,20260908_1821_rushing_yards_blend,2026-09-30T11:26:54+00:00,2026-09-30T11:27:07+00:00
2026,4,401872975,2026-10-04,13:25,00-0031408,Mike Evans,SF,DEN,WR,receiving_yards,55.8,29.1,104.9,,,eligible,questionable_flag,starter,Questionable,1.0,direct_component_blend,20260908_1821_receiving_yards_blend,2026-09-30T11:26:54+00:00,2026-09-30T11:27:07+00:00
2026,4,401872975,2026-10-04,13:25,00-0031898,Alex Singleton,DEN,SF,LB,tackles,7.3,5.0,12.0,0.983495145631068,0.9631067961165048,eligible,eligible_current_role,recent_defensive_participant,Active,,direct,20260908_1821_tackles_direct,2026-09-30T11:26:54+00:00,2026-09-30T11:27:07+00:00
2026,4,401872975,2026-10-04,13:25,00-0032569,Wil Lutz,DEN,SF,K,kicking_points,7.0,1.9,12.8,,,eligible,eligible_current_role,starter,Active,1.0,component,20260908_1821_kicking_points_component,2026-09-30T11:26:54+00:00,2026-09-30T11:27:07+00:00
2026,4,401872975,2026-10-04,13:25,00-0033280,Christian McCaffrey,SF,DEN,RB,rushing_yards,65.8,43.8,96.7,,,eligible,eligible_current_role,starter,Active,1.0,direct_component_blend,20260908_1821_rushing_yards_blend,2026-09-30T11:26:54+00:00,2026-09-30T11:27:07+00:00
2026,4,401872975,2026-10-04,13:25,00-0033280,Christian McCaffrey,SF,DEN,RB,receiving_yards,38.4,21.3,67.3,,,eligible,eligible_current_role,starter,Active,1.0,direct_component_blend,20260908_1821_receiving_yards_blend,2026-09-30T11:26:54+00:00,2026-09-30T11:27:07+00:00
2026,4,401872975,2026-10-04,13:25,00-0033288,George Kittle,SF,DEN,TE,rushing_yards,0.0,-10.8,15.0,,,eligible,eligible_current_role,starter,Active,1.0,direct_component_blend,20260908_1821_rushing_yards_blend,2026-09-30T11:26:54+00:00,2026-09-30T11:27:07+00:00
2026,4,401872975,2026-10-04,13:25,00-0033288,George Kittle,SF,DEN,TE,receiving_yards,54.1,34.4,88.3,,,eligible,eligible_current_role,starter,Active,1.0,direct_component_blend,20260908_1821_receiving_yards_blend,2026-09-30T11:26:54+00:00,2026-09-30T11:27:07+00:00
2026,4,401872975,2026-10-04,13:25,00-0033297,D.J. Jones,DEN,SF,DL,tackles,2.3,0.4,4.8,0.8451675752915726,0.6176559517001571,eligible,eligible_current_role,starter,,1.0,direct,20260908_1821_tackles_direct,2026-09-30T11:26:54+00:00,2026-09-30T11:27:07+00:00
2026,4,401872975,2026-10-04,13:25,00-0033881,Evan Engram,DEN,SF,TE,rushing_yards,0.0,-10.8,14.9,,,eligible,eligible_current_role,starter,Active,1.0,direct_component_blend,20260908_1821_rushing_yards_blend,2026-09-30T11:26:54+00:00,2026-09-30T11:27:07+00:00
2026,4,401872975,2026-10-04,13:25,00-0033881,Evan Engram,DEN,SF,TE,receiving_yards,20.7,3.6,49.6,,,eligible,eligible_current_role,starter,Active,1.0,direct_component_blend,20260908_1821_receiving_yards_blend,2026-09-30T11:26:54+00:00,2026-09-30T11:27:07+00:00
2026,4,401872975,2026-10-04,13:25,00-0034173,Eddy Pineiro,SF,DEN,K,kicking_points,8.0,3.4,13.2,,,eligible,eligible_current_role,starter,Active,1.0,component,20260908_1821_kicking_points_component,2026-09-30T11:26:54+00:00,2026-09-30T11:27:07+00:00
2026,4,401872975,2026-10-04,13:25,00-0034348,Courtland Sutton,DEN,SF,WR,rushing_yards,0.0,-10.8,14.9,,,eligible,eligible_current_role,backup,Active,2.0,direct_component_blend,20260908_1821_rushing_yards_blend,2026-09-30T11:26:54+00:00,2026-09-30T11:27:07+00:00
2026,4,401872975,2026-10-04,13:25,00-0034348,Courtland Sutton,DEN,SF,WR,receiving_yards,55.4,28.8,104.6,,,eligible,eligible_current_role,backup,Active,2.0,direct_component_blend,20260908_1821_receiving_yards_blend,2026-09-30T11:26:54+00:00,2026-09-30T11:27:07+00:00
2026,4,401872975,2026-10-04,13:25,00-0034391,Siran Neal,SF,DEN,DB,tackles,0.6,0.0,3.1,0.39088263821532493,0.11445198836081474,eligible,eligible_current_role,backup,,2.0,direct,20260908_1821_tackles_direct,2026-09-30T11:26:54+00:00,2026-09-30T11:27:07+00:00
2026,4,401872975,2026-10-04,13:25,00-0034807,Ogbo Okoronkwo,SF,DEN,DL,tackles,1.1,0.0,3.5,0.5577581231275388,0.2679678313854977,eligible,eligible_current_role,backup,,2.0,direct,20260908_1821_tackles_direct,2026-09-30T11:26:54+00:00,2026-09-30T11:27:07+00:00
2026,4,401872975,2026-10-04,13:25,00-0034815,Fred Warner,SF,DEN,LB,tackles,5.1,2.1,9.1,0.9806998801671123,0.9338474357971602,eligible,eligible_current_role,starter,Active,1.0,direct,20260908_1821_tackles_direct,2026-09-30T11:26:54+00:00,2026-09-30T11:27:07+00:00
2026,4,401872975,2026-10-04,13:25,00-0034854,KhaDarel Hodge,SF,DEN,WR,rushing_yards,0.0,-10.8,14.9,,,eligible,eligible_current_role,backup,Active,3.0,direct_component_blend,20260908_1821_rushing_yards_blend,2026-09-30T11:26:54+00:00,2026-09-30T11:27:07+00:00
2026,4,401872975,2026-10-04,13:25,00-0034854,KhaDarel Hodge,SF,DEN,WR,receiving_yards,3.9,-13.2,32.7,,,eligible,eligible_current_role,backup,Active,3.0,direct_component_blend,20260908_1821_receiving_yards_blend,2026-09-30T11:26:54+00:00,2026-09-30T11:27:07+00:00
2026,4,401872975,2026-10-04,13:25,00-0034982,Dre Greenlaw,SF,DEN,LB,tackles,5.0,2.9,7.4,0.9803304841695422,0.9303450397689047,eligible,questionable_flag,starter,Questionable,1.0,direct,20260908_1821_tackles_direct,2026-09-30T11:26:54+00:00,2026-09-30T11:27:07+00:00
2026,4,401872975,2026-10-04,13:25,00-0035026,Kevin Givens,SF,DEN,DL,tackles,1.1,0.0,3.5,0.5567654089712979,0.26705192644801534,eligible,eligible_current_role,recent_defensive_participant,,,direct,20260908_1821_tackles_direct,2026-09-30T11:26:54+00:00,2026-09-30T11:27:07+00:00
2026,4,401872975,2026-10-04,13:25,00-0035248,Zach Allen,DEN,SF,DL,tackles,2.2,0.1,5.0,0.8250486036819993,0.5808694359126274,eligible,eligible_current_role,starter,Active,1.0,direct,20260908_1821_tackles_direct,2026-09-30T11:26:54+00:00,2026-09-30T11:27:07+00:00
2026,4,401872975,2026-10-04,13:25,00-0035264,Jarrett Stidham,DEN,SF,QB,rushing_yards,4.0,-6.7,19.1,,,eligible,eligible_current_role,backup,,2.0,direct_component_blend,20260908_1821_rushing_yards_blend,2026-09-30T11:26:54+00:00,2026-09-30T11:27:07+00:00
2026,4,401872975,2026-10-04,13:25,00-0035406,Lil'Jordan Humphrey,DEN,SF,WR,rushing_yards,0.0,-10.8,14.9,,,eligible,eligible_current_role,backup,Active,6.0,direct_component_blend,20260908_1821_rushing_yards_blend,2026-09-30T11:26:54+00:00,2026-09-30T11:27:07+00:00
2026,4,401872975,2026-10-04,13:25,00-0035406,Lil'Jordan Humphrey,DEN,SF,WR,receiving_yards,17.5,0.4,46.3,,,eligible,eligible_current_role,backup,Active,6.0,direct_component_blend,20260908_1821_receiving_yards_blend,2026-09-30T11:26:54+00:00,2026-09-30T11:27:07+00:00
2026,4,401872975,2026-10-04,13:25,00-0035413,Luke Gifford,SF,DEN,LB,tackles,1.8,0.0,4.3,0.7746330943492794,0.5002703504002637,eligible,eligible_current_role,backup,,2.0,direct,20260908_1821_tackles_direct,2026-09-30T11:26:54+00:00,2026-09-30T11:27:07+00:00
2026,4,401872975,2026-10-04,13:25,00-0035719,Deebo Samuel Sr.,SF,DEN,WR,rushing_yards,6.0,-4.7,21.1,,,eligible,eligible_current_role,backup,Active,2.0,direct_component_blend,20260908_1821_rushing_yards_blend,2026-09-30T11:26:54+00:00,2026-09-30T11:27:07+00:00
2026,4,401872975,2026-10-04,13:25,00-0035719,Deebo Samuel Sr.,SF,DEN,WR,receiving_yards,43.3,16.6,92.5,,,eligible,eligible_current_role,backup,Active,2.0,direct_component_blend,20260908_1821_receiving_yards_blend,2026-09-30T11:26:54+00:00,2026-09-30T11:27:07+00:00
2026,4,401872975,2026-10-04,13:25,00-0035763,Malcolm Roach,DEN,SF,DL,tackles,2.2,0.3,4.7,0.8299136400738139,0.5895227879944438,eligible,eligible_current_role,backup,,2.0,direct,20260908_1821_tackles_direct,2026-09-30T11:26:54+00:00,2026-09-30T11:27:07+00:00
2026,4,401872975,2026-10-04,13:25,00-0036158,J.K. Dobbins,DEN,SF,RB,rushing_yards,55.8,33.8,86.7,,,eligible,eligible_current_role,starter,Active,1.0,direct_component_blend,20260908_1821_rushing_yards_blend,2026-09-30T11:26:54+00:00,2026-09-30T11:27:07+00:00
2026,4,401872975,2026-10-04,13:25,00-0036158,J.K. Dobbins,DEN,SF,RB,receiving_yards,9.9,-7.3,38.7,,,eligible,eligible_current_role,starter,Active,1.0,direct_component_blend,20260908_1821_receiving_yards_blend,2026-09-30T11:26:54+00:00,2026-09-30T11:27:07+00:00
2026,4,401872975,2026-10-04,13:25,00-0036221,Brandon Jones,DEN,SF,DB,tackles,5.0,2.3,8.4,0.9802122962588382,0.9292363286790288,eligible,eligible_current_role,starter,Active,1.0,direct,20260908_1821_tackles_direct,2026-09-30T11:26:54+00:00,2026-09-30T11:27:07+00:00
2026,4,401872975,2026-10-04,13:25,00-0036329,Ashtyn Davis,SF,DEN,DB,tackles,4.0,1.3,7.5,0.9549557927474571,0.8605262400070952,eligible,eligible_current_role,backup,,3.0,direct,20260908_1821_tackles_direct,2026-09-30T11:26:54+00:00,2026-09-30T11:27:07+00:00
2026,4,401872975,2026-10-04,13:25,00-0036341,Khalid Kareem,SF,DEN,DL,tackles,1.1,0.0,3.5,0.5580411851207079,0.26822954180617264,eligible,eligible_current_role,backup,,3.0,direct,20260908_1821_tackles_direct,2026-09-30T11:26:54+00:00,2026-09-30T11:27:07+00:00
2026,4,401872975,2026-10-04,13:25,00-0036422,Adam Trautman,DEN,SF,TE,rushing_yards,0.0,-10.8,14.9,,,eligible,eligible_current_role,backup,Active,2.0,direct_component_blend,20260908_1821_rushing_yards_blend,2026-09-30T11:26:54+00:00,2026-09-30T11:27:07+00:00
2026,4,401872975,2026-10-04,13:25,00-0036422,Adam Trautman,DEN,SF,TE,receiving_yards,13.6,-3.6,42.4,,,eligible,eligible_current_role,backup,Active,2.0,direct_component_blend,20260908_1821_receiving_yards_blend,2026-09-30T11:26:54+00:00,2026-09-30T11:27:07+00:00
2026,4,401872975,2026-10-04,13:25,00-0036428,Justin Strnad,DEN,SF,LB,tackles,3.4,1.4,5.8,0.92625285131892,0.8048274379030725,eligible,eligible_current_role,recent_defensive_participant,,,direct,20260908_1821_tackles_direct,2026-09-30T11:26:54+00:00,2026-09-30T11:27:07+00:00
2026,4,401872975,2026-10-04,13:25,00-0036563,Deommodore Lenoir,SF,DEN,DB,tackles,3.7,1.1,7.2,0.9428599611230503,0.8351452203620527,eligible,eligible_current_role,starter,,1.0,direct,20260908_1821_tackles_direct,2026-09-30T11:26:54+00:00,2026-09-30T11:27:07+00:00
2026,4,401872975,2026-10-04,13:25,00-0036564,Talanoa Hufanga,DEN,SF,DB,tackles,5.4,2.7,8.9,0.9818212555723439,0.9448738531651848,eligible,eligible_current_role,starter,Active,1.0,direct,20260908_1821_tackles_direct,2026-09-30T11:26:54+00:00,2026-09-30T11:27:07+00:00
2026,4,401872975,2026-10-04,13:25,00-0036613,Jaylen Waddle,DEN,SF,WR,rushing_yards,1.1,-9.6,16.1,,,eligible,questionable_flag,starter,Questionable,1.0,direct_component_blend,20260908_1821_rushing_yards_blend,2026-09-30T11:26:54+00:00,2026-09-30T11:27:07+00:00
2026,4,401872975,2026-10-04,13:25,00-0036613,Jaylen Waddle,DEN,SF,WR,receiving_yards,27.9,1.3,77.1,,,eligible,questionable_flag,starter,Questionable,1.0,direct_component_blend,20260908_1821_receiving_yards_blend,2026-09-30T11:26:54+00:00,2026-09-30T11:27:07+00:00
2026,4,401872975,2026-10-04,13:25,00-0036683,Devon Key,DEN,SF,DB,tackles,1.0,0.0,3.5,0.5529641646359325,0.2635723716714843,eligible,eligible_current_role,backup,,2.0,direct,20260908_1821_tackles_direct,2026-09-30T11:26:54+00:00,2026-09-30T11:27:07+00:00
2026,4,401872975,2026-10-04,13:25,00-0036695,Naquan Jones,SF,DEN,DL,tackles,1.1,0.0,3.6,0.5586805947212209,0.26882162028200723,eligible,eligible_current_role,backup,Active,2.0,direct,20260908_1821_tackles_direct,2026-09-30T11:26:54+00:00,2026-09-30T11:27:07+00:00
2026,4,401872975,2026-10-04,13:25,00-0036727,Adam Prentice,DEN,SF,RB,rushing_yards,2.5,-8.2,17.6,,,eligible,eligible_current_role,roster_only,,,direct_component_blend,20260908_1821_rushing_yards_blend,2026-09-30T11:26:54+00:00,2026-09-30T11:27:07+00:00
2026,4,401872975,2026-10-04,13:25,00-0036727,Adam Prentice,DEN,SF,RB,receiving_yards,3.9,-13.2,32.7,,,eligible,eligible_current_role,roster_only,,,direct_component_blend,20260908_1821_receiving_yards_blend,2026-09-30T11:26:54+00:00,2026-09-30T11:27:07+00:00
2026,4,401872975,2026-10-04,13:25,00-0036844,Garret Wallow,SF,DEN,LB,tackles,0.7,0.0,3.2,0.39933900521105536,0.12383249311516256,eligible,eligible_current_role,backup,,2.0,direct,20260908_1821_tackles_direct,2026-09-30T11:26:54+00:00,2026-09-30T11:27:07+00:00
2026,4,401872975,2026-10-04,13:25,00-0036874,Pat Surtain II,DEN,SF,DB,tackles,3.4,0.7,6.9,0.9231014502389799,0.7993776096845427,eligible,eligible_current_role,starter,,1.0,direct,20260908_1821_tackles_direct,2026-09-30T11:26:54+00:00,2026-09-30T11:27:07+00:00
2026,4,401872975,2026-10-04,13:25,00-0036879,Sam Ehlinger,DEN,SF,QB,rushing_yards,8.0,-4.8,26.0,,,eligible,eligible_current_role,backup,Active,3.0,direct_component_blend,20260908_1821_rushing_yards_blend,2026-09-30T11:26:54+00:00,2026-09-30T11:27:07+00:00
2026,4,401872975,2026-10-04,13:25,00-0036887,Luke Farrell,SF,DEN,TE,rushing_yards,0.0,-10.8,15.0,,,eligible,eligible_current_role,backup,,2.0,direct_component_blend,20260908_1821_rushing_yards_blend,2026-09-30T11:26:54+00:00,2026-09-30T11:27:07+00:00
2026,4,401872975,2026-10-04,13:25,00-0036887,Luke Farrell,SF,DEN,TE,receiving_yards,4.6,-12.6,33.4,,,eligible,eligible_current_role,backup,,2.0,direct_component_blend,20260908_1821_receiving_yards_blend,2026-09-30T11:26:54+00:00,2026-09-30T11:27:07+00:00
2026,4,401872975,2026-10-04,13:25,00-0036942,Osa Odighizuwa,SF,DEN,DL,tackles,2.2,0.1,5.0,0.8266729873240941,0.5837442485881619,eligible,eligible_current_role,starter,,1.0,direct,20260908_1821_tackles_direct,2026-09-30T11:26:54+00:00,2026-09-30T11:27:07+00:00
2026,4,401872975,2026-10-04,13:25,00-0036972,Mac Jones,SF,DEN,QB,rushing_yards,4.9,-7.9,22.8,,,eligible,eligible_current_role,backup,,2.0,direct_component_blend,20260908_1821_rushing_yards_blend,2026-09-30T11:26:54+00:00,2026-09-30T11:27:07+00:00
2026,4,401872975,2026-10-04,13:25,00-0037085,Tyler Badie,DEN,SF,RB,rushing_yards,2.7,-8.0,17.7,,,eligible,eligible_current_role,backup,Active,3.0,direct_component_blend,20260908_1821_rushing_yards_blend,2026-09-30T11:26:54+00:00,2026-09-30T11:27:07+00:00
2026,4,401872975,2026-10-04,13:25,00-0037085,Tyler Badie,DEN,SF,RB,receiving_yards,5.6,-11.6,34.4,,,eligible,eligible_current_role,backup,Active,3.0,direct_component_blend,20260908_1821_receiving_yards_blend,2026-09-30T11:26:54+00:00,2026-09-30T11:27:07+00:00
2026,4,401872975,2026-10-04,13:25,00-0037249,Nik Bonitto,DEN,SF,LB,tackles,2.2,0.3,4.8,0.8381384764778389,0.6044553969897253,eligible,eligible_current_role,starter,,1.0,direct,20260908_1821_tackles_direct,2026-09-30T11:26:54+00:00,2026-09-30T11:27:07+00:00
2026,4,401872975,2026-10-04,13:25,00-0037294,Jordan Jackson,DEN,SF,DL,tackles,1.1,0.0,3.5,0.55373292297268,0.26427256091952317,eligible,eligible_current_role,backup,Active,2.0,direct,20260908_1821_tackles_direct,2026-09-30T11:26:54+00:00,2026-09-30T11:27:07+00:00
2026,4,401872975,2026-10-04,13:25,00-0037384,Ja'Quan McMillian,DEN,SF,DB,tackles,3.6,1.4,6.3,0.9379496853835195,0.8258725856751449,eligible,eligible_current_role,starter,,1.0,direct,20260908_1821_tackles_direct,2026-09-30T11:26:54+00:00,2026-09-30T11:27:07+00:00
2026,4,401872975,2026-10-04,13:25,00-0037752,Tycen Anderson,DEN,SF,DB,tackles,1.7,0.0,4.2,0.7601392605096602,0.48215328299740917,eligible,eligible_current_role,backup,,3.0,direct,20260908_1821_tackles_direct,2026-09-30T11:26:54+00:00,2026-09-30T11:27:07+00:00
2026,4,401872975,2026-10-04,13:25,00-0037799,Dondrea Tillman,DEN,SF,LB,tackles,1.9,0.0,4.4,0.7796747281086241,0.5068121889002523,eligible,eligible_current_role,backup,,2.0,direct,20260908_1821_tackles_direct,2026-09-30T11:26:54+00:00,2026-09-30T11:27:07+00:00
2026,4,401872975,2026-10-04,13:25,00-0037834,Brock Purdy,SF,DEN,QB,passing_yards,237.9,144.4,344.1,,,eligible,eligible_current_role,starter,Active,1.0,direct_component_blend,20260908_1821_passing_yards_blend,2026-09-30T11:26:54+00:00,2026-09-30T11:27:07+00:00
2026,4,401872975,2026-10-04,13:25,00-0037834,Brock Purdy,SF,DEN,QB,passing_tds,1.689,,,0.8125,0.5119047619047619,eligible,eligible_current_role,starter,Active,1.0,direct_component_blend,20260908_1821_passing_tds_blend,2026-09-30T11:26:54+00:00,2026-09-30T11:27:07+00:00
2026,4,401872975,2026-10-04,13:25,00-0037834,Brock Purdy,SF,DEN,QB,rushing_yards,13.8,1.0,31.7,,,eligible,eligible_current_role,starter,Active,1.0,direct_component_blend,20260908_1821_rushing_yards_blend,2026-09-30T11:26:54+00:00,2026-09-30T11:27:07+00:00
2026,4,401872975,2026-10-04,13:25,00-0038039,Jack Jones,SF,DEN,DB,tackles,4.0,1.3,7.5,0.9533354608748403,0.8567430552980212,eligible,eligible_current_role,backup,Active,2.0,direct,20260908_1821_tackles_direct,2026-09-30T11:26:54+00:00,2026-09-30T11:27:07+00:00
2026,4,401872975,2026-10-04,13:25,00-0038106,Eyioma Uwazurike,DEN,SF,DL,tackles,2.0,0.1,4.5,0.8004750186291621,0.5390413234472211,eligible,eligible_current_role,starter,,1.0,direct,20260908_1821_tackles_direct,2026-09-30T11:26:54+00:00,2026-09-30T11:27:07+00:00
2026,4,401872975,2026-10-04,13:25,00-0038552,Riley Moss,DEN,SF,DB,tackles,5.3,2.5,8.7,0.9812798185561658,0.9394696132698305,eligible,eligible_current_role,starter,,1.0,direct,20260908_1821_tackles_direct,2026-09-30T11:26:54+00:00,2026-09-30T11:27:07+00:00
2026,4,401872975,2026-10-04,13:25,00-0038554,Ji'Ayir Brown,SF,DEN,DB,tackles,4.6,1.9,8.0,0.9736254517714604,0.9071385830352596,eligible,eligible_current_role,starter,,1.0,direct,20260908_1821_tackles_direct,2026-09-30T11:26:54+00:00,2026-09-30T11:27:07+00:00
2026,4,401872975,2026-10-04,13:25,00-0038575,Viliami Fehoko Jr.,SF,DEN,DL,tackles,1.0,0.0,4.5,0.5532950756493794,0.26387354988733036,eligible,eligible_current_role,backup,,3.0,direct,20260908_1821_tackles_direct,2026-09-30T11:26:54+00:00,2026-09-30T11:27:07+00:00
2026,4,401872975,2026-10-04,13:25,00-0038605,JL Skinner,DEN,SF,DB,tackles,0.6,0.0,3.1,0.39088263821532493,0.11445198836081474,eligible,eligible_current_role,backup,,2.0,direct,20260908_1821_tackles_direct,2026-09-30T11:26:54+00:00,2026-09-30T11:27:07+00:00
2026,4,401872975,2026-10-04,13:25,00-0038643,Brayden Willis,SF,DEN,TE,rushing_yards,0.0,-10.7,15.0,,,eligible,eligible_current_role,backup,,3.0,direct_component_blend,20260908_1821_rushing_yards_blend,2026-09-30T11:26:54+00:00,2026-09-30T11:27:07+00:00
2026,4,401872975,2026-10-04,13:25,00-0038643,Brayden Willis,SF,DEN,TE,receiving_yards,0.6,-16.6,29.4,,,eligible,eligible_current_role,backup,,3.0,direct_component_blend,20260908_1821_receiving_yards_blend,2026-09-30T11:26:54+00:00,2026-09-30T11:27:07+00:00
2026,4,401872975,2026-10-04,13:25,00-0038783,Nate Adkins,DEN,SF,TE,rushing_yards,0.4,-10.3,15.5,,,eligible,eligible_current_role,backup,Active,3.0,direct_component_blend,20260908_1821_rushing_yards_blend,2026-09-30T11:26:54+00:00,2026-09-30T11:27:07+00:00
2026,4,401872975,2026-10-04,13:25,00-0038783,Nate Adkins,DEN,SF,TE,receiving_yards,5.3,-11.9,34.1,,,eligible,eligible_current_role,backup,Active,3.0,direct_component_blend,20260908_1821_receiving_yards_blend,2026-09-30T11:26:54+00:00,2026-09-30T11:27:07+00:00
2026,4,401872975,2026-10-04,13:25,00-0038976,Marvin Mims Jr.,DEN,SF,WR,rushing_yards,1.2,-9.5,16.2,,,eligible,questionable_flag,backup,Questionable,4.0,direct_component_blend,20260908_1821_rushing_yards_blend,2026-09-30T11:26:54+00:00,2026-09-30T11:27:07+00:00
2026,4,401872975,2026-10-04,13:25,00-0038976,Marvin Mims Jr.,DEN,SF,WR,receiving_yards,15.4,-11.3,64.6,,,eligible,questionable_flag,backup,Questionable,4.0,direct_component_blend,20260908_1821_receiving_yards_blend,2026-09-30T11:26:54+00:00,2026-09-30T11:27:07+00:00
2026,4,401872975,2026-10-04,13:25,00-0039148,Keion White,SF,DEN,DL,tackles,1.8,0.0,4.3,0.7691862990692124,0.4933447944591243,eligible,eligible_current_role,starter,,1.0,direct,20260908_1821_tackles_direct,2026-09-30T11:26:54+00:00,2026-09-30T11:27:07+00:00
2026,4,401872975,2026-10-04,13:25,00-0039345,Renardo Green,SF,DEN,DB,tackles,4.0,1.3,7.5,0.9538528300822363,0.8579472306760341,eligible,eligible_current_role,starter,Active,1.0,direct,20260908_1821_tackles_direct,2026-09-30T11:26:54+00:00,2026-09-30T11:27:07+00:00
2026,4,401872975,2026-10-04,13:25,00-0039360,Malik Mustapha,SF,DEN,DB,tackles,5.1,2.4,8.5,0.980625837286178,0.9331407543669239,eligible,eligible_current_role,backup,,2.0,direct,20260908_1821_tackles_direct,2026-09-30T11:26:54+00:00,2026-09-30T11:27:07+00:00
2026,4,401872975,2026-10-04,13:25,00-0039365,Jacob Cowing,SF,DEN,WR,rushing_yards,0.3,-10.5,15.3,,,eligible,eligible_current_role,backup,Active,4.0,direct_component_blend,20260908_1821_rushing_yards_blend,2026-09-30T11:26:54+00:00,2026-09-30T11:27:07+00:00
2026,4,401872975,2026-10-04,13:25,00-0039365,Jacob Cowing,SF,DEN,WR,receiving_yards,10.2,-7.0,39.0,,,eligible,eligible_current_role,backup,Active,4.0,direct_component_blend,20260908_1821_receiving_yards_blend,2026-09-30T11:26:54+00:00,2026-09-30T11:27:07+00:00
2026,4,401872975,2026-10-04,13:25,00-0039371,Kris Abrams-Draine,DEN,SF,DB,tackles,0.8,0.0,3.3,0.4551676050285575,0.1888257851793693,eligible,eligible_current_role,backup,,2.0,direct,20260908_1821_tackles_direct,2026-09-30T11:26:54+00:00,2026-09-30T11:27:07+00:00
2026,4,401872975,2026-10-04,13:25,00-0039435,Tatum Bethune,SF,DEN,LB,tackles,6.5,3.5,10.5,0.983495145631068,0.9631067961165048,eligible,eligible_current_role,backup,Active,2.0,direct,20260908_1821_tackles_direct,2026-09-30T11:26:54+00:00,2026-09-30T11:27:07+00:00
2026,4,401872975,2026-10-04,13:25,00-0039732,Bo Nix,DEN,SF,QB,passing_yards,216.3,122.9,322.6,,,eligible,eligible_current_role,starter,Active,1.0,direct_component_blend,20260908_1821_passing_yards_blend,2026-09-30T11:26:54+00:00,2026-09-30T11:27:07+00:00
2026,4,401872975,2026-10-04,13:25,00-0039732,Bo Nix,DEN,SF,QB,passing_tds,1.464,,,0.8049529834350585,0.46863171866658154,eligible,eligible_current_role,starter,Active,1.0,direct_component_blend,20260908_1821_passing_tds_blend,2026-09-30T11:26:54+00:00,2026-09-30T11:27:07+00:00
2026,4,401872975,2026-10-04,13:25,00-0039732,Bo Nix,DEN,SF,QB,rushing_yards,16.7,4.0,34.7,,,eligible,eligible_current_role,starter,Active,1.0,direct_component_blend,20260908_1821_rushing_yards_blend,2026-09-30T11:26:54+00:00,2026-09-30T11:27:07+00:00
2026,4,401872975,2026-10-04,13:25,00-0039809,Jonah Elliss,DEN,SF,LB,tackles,2.1,0.2,4.6,0.8169016909196264,0.5666636007856012,eligible,eligible_current_role,starter,,1.0,direct,20260908_1821_tackles_direct,2026-09-30T11:26:54+00:00,2026-09-30T11:27:07+00:00
2026,4,401872975,2026-10-04,13:25,00-0039868,Troy Franklin,DEN,SF,WR,rushing_yards,0.3,-10.4,15.3,,,eligible,eligible_current_role,backup,Active,5.0,direct_component_blend,20260908_1821_rushing_yards_blend,2026-09-30T11:26:54+00:00,2026-09-30T11:27:07+00:00
2026,4,401872975,2026-10-04,13:25,00-0039868,Troy Franklin,DEN,SF,WR,receiving_yards,23.6,-3.1,72.8,,,eligible,eligible_current_role,backup,Active,5.0,direct_component_blend,20260908_1821_receiving_yards_blend,2026-09-30T11:26:54+00:00,2026-09-30T11:27:07+00:00
2026,4,401872975,2026-10-04,13:25,00-0040134,Pat Bryant,DEN,SF,WR,rushing_yards,0.8,-9.9,15.9,,,eligible,eligible_current_role,backup,Active,3.0,direct_component_blend,20260908_1821_rushing_yards_blend,2026-09-30T11:26:54+00:00,2026-09-30T11:27:07+00:00
2026,4,401872975,2026-10-04,13:25,00-0040134,Pat Bryant,DEN,SF,WR,receiving_yards,26.4,-0.2,75.6,,,eligible,eligible_current_role,backup,Active,3.0,direct_component_blend,20260908_1821_receiving_yards_blend,2026-09-30T11:26:54+00:00,2026-09-30T11:27:07+00:00
2026,4,401872975,2026-10-04,13:25,00-0040152,Upton Stout,SF,DEN,DB,tackles,4.5,2.3,7.2,0.9721030174689957,0.9030859247237115,eligible,eligible_current_role,starter,,1.0,direct,20260908_1821_tackles_direct,2026-09-30T11:26:54+00:00,2026-09-30T11:27:07+00:00
2026,4,401872975,2026-10-04,13:25,00-0040153,Sai'vion Jones,DEN,SF,DL,tackles,1.0,0.0,4.5,0.531680666651645,0.24528946322111211,eligible,eligible_current_role,backup,Active,2.0,direct,20260908_1821_tackles_direct,2026-09-30T11:26:54+00:00,2026-09-30T11:27:07+00:00
2026,4,401872975,2026-10-04,13:25,00-0040168,Que Robinson,DEN,SF,LB,tackles,1.9,0.0,4.4,0.7753456288832989,0.501187130386319,eligible,eligible_current_role,backup,,2.0,direct,20260908_1821_tackles_direct,2026-09-30T11:26:54+00:00,2026-09-30T11:27:07+00:00
2026,4,401872975,2026-10-04,13:25,00-0040172,Jordan Watkins,SF,DEN,WR,rushing_yards,0.0,-11.8,16.5,,,eligible,eligible_current_role,backup,Active,5.0,direct_component_blend,20260908_1821_rushing_yards_blend,2026-09-30T11:26:54+00:00,2026-09-30T11:27:07+00:00
2026,4,401872975,2026-10-04,13:25,00-0040172,Jordan Watkins,SF,DEN,WR,receiving_yards,7.6,-11.0,39.6,,,eligible,eligible_current_role,backup,Active,5.0,direct_component_blend,20260908_1821_receiving_yards_blend,2026-09-30T11:26:54+00:00,2026-09-30T11:27:07+00:00
2026,4,401872975,2026-10-04,13:25,00-0040177,Jordan James,SF,DEN,RB,rushing_yards,6.8,-23.4,49.3,,,eligible,eligible_current_role,backup,,3.0,direct_component_blend,20260908_1821_rushing_yards_blend,2026-09-30T11:26:54+00:00,2026-09-30T11:27:07+00:00
2026,4,401872975,2026-10-04,13:25,00-0040177,Jordan James,SF,DEN,RB,receiving_yards,1.1,-21.6,41.6,,,eligible,eligible_current_role,backup,,3.0,direct_component_blend,20260908_1821_receiving_yards_blend,2026-09-30T11:26:54+00:00,2026-09-30T11:27:07+00:00
2026,4,401872975,2026-10-04,13:25,00-0040185,Marques Sigle,SF,DEN,DB,tackles,1.0,0.0,3.5,0.5369339209273755,0.24958275902481977,eligible,eligible_current_role,starter,,1.0,direct,20260908_1821_tackles_direct,2026-09-30T11:26:54+00:00,2026-09-30T11:27:07+00:00
2026,4,401872975,2026-10-04,13:25,00-0040560,Sebastian Valdez,SF,DEN,DL,tackles,1.0,0.0,4.5,0.5528120698289357,0.2634340528570826,eligible,eligible_current_role,recent_defensive_participant,,,direct,20260908_1821_tackles_direct,2026-09-30T11:26:54+00:00,2026-09-30T11:27:07+00:00
2026,4,401872975,2026-10-04,13:25,00-0040589,Kurtis Rourke,SF,DEN,QB,rushing_yards,8.7,-8.9,33.3,,,eligible,eligible_current_role,backup,Active,3.0,direct_component_blend,20260908_1821_rushing_yards_blend,2026-09-30T11:26:54+00:00,2026-09-30T11:27:07+00:00
2026,4,401872975,2026-10-04,13:25,00-0040634,Jordan Turner,DEN,SF,LB,tackles,0.9,0.0,3.7,0.5056871246967305,0.22486534211896542,eligible,eligible_current_role,recent_defensive_participant,,,direct,20260908_1821_tackles_direct,2026-09-30T11:26:54+00:00,2026-09-30T11:27:07+00:00
2026,4,401872975,2026-10-04,13:25,00-0040720,Jahdae Barron,DEN,SF,DB,tackles,2.2,0.3,4.7,0.8373381087579098,0.6029850776569988,eligible,eligible_current_role,backup,,2.0,direct,20260908_1821_tackles_direct,2026-09-30T11:26:54+00:00,2026-09-30T11:27:07+00:00
2026,4,401872975,2026-10-04,13:25,00-0040730,RJ Harvey,DEN,SF,RB,rushing_yards,34.0,12.0,64.9,,,eligible,eligible_current_role,backup,Active,2.0,direct_component_blend,20260908_1821_rushing_yards_blend,2026-09-30T11:26:54+00:00,2026-09-30T11:27:07+00:00
2026,4,401872975,2026-10-04,13:25,00-0040730,RJ Harvey,DEN,SF,RB,receiving_yards,24.3,7.1,53.1,,,eligible,eligible_current_role,backup,Active,2.0,direct_component_blend,20260908_1821_receiving_yards_blend,2026-09-30T11:26:54+00:00,2026-09-30T11:27:07+00:00
2026,4,401872975,2026-10-04,13:25,00-0041052,Kaelon Black,SF,DEN,RB,rushing_yards,12.7,-17.6,55.2,,,eligible,eligible_current_role,backup,Active,2.0,direct_component_blend,20260908_1821_rushing_yards_blend,2026-09-30T11:26:54+00:00,2026-09-30T11:27:07+00:00
2026,4,401872975,2026-10-04,13:25,00-0041052,Kaelon Black,SF,DEN,RB,receiving_yards,3.8,-18.8,44.4,,,eligible,eligible_current_role,backup,Active,2.0,direct_component_blend,20260908_1821_receiving_yards_blend,2026-09-30T11:26:54+00:00,2026-09-30T11:27:07+00:00
2026,4,401872975,2026-10-04,13:25,00-0041068,Ephesians Prysock,SF,DEN,DB,tackles,2.1,0.0,6.1,0.8175984471458296,0.5678649498662952,eligible,eligible_current_role,backup,Active,2.0,direct,20260908_1821_tackles_direct,2026-09-30T11:26:54+00:00,2026-09-30T11:27:07+00:00
2026,4,401872975,2026-10-04,13:25,00-0041078,Jaden Dugger,SF,DEN,LB,tackles,2.0,0.0,5.5,0.7927057408824919,0.526423135091837,eligible,eligible_current_role,starter,,1.0,direct,20260908_1821_tackles_direct,2026-09-30T11:26:54+00:00,2026-09-30T11:27:07+00:00
2026,4,401872975,2026-10-04,13:25,00-0041133,Dallen Bentley,DEN,SF,TE,rushing_yards,0.0,-14.8,20.6,,,eligible,eligible_current_role,backup,Active,4.0,direct_component_blend,20260908_1821_rushing_yards_blend,2026-09-30T11:26:54+00:00,2026-09-30T11:27:07+00:00
2026,4,401872975,2026-10-04,13:25,00-0041133,Dallen Bentley,DEN,SF,TE,receiving_yards,4.3,-18.4,44.8,,,eligible,eligible_current_role,backup,Active,4.0,direct_component_blend,20260908_1821_receiving_yards_blend,2026-09-30T11:26:54+00:00,2026-09-30T11:27:07+00:00
2026,4,401872975,2026-10-04,13:25,00-0041292,Kolbe Katsis,DEN,SF,WR,rushing_yards,0.0,-14.8,20.6,,,eligible,eligible_current_role,roster_only,,,direct_component_blend,20260908_1821_rushing_yards_blend,2026-09-30T11:26:54+00:00,2026-09-30T11:27:07+00:00
2026,4,401872975,2026-10-04,13:25,00-0041292,Kolbe Katsis,DEN,SF,WR,receiving_yards,6.7,-15.9,47.3,,,eligible,eligible_current_role,roster_only,,,direct_component_blend,20260908_1821_receiving_yards_blend,2026-09-30T11:26:54+00:00,2026-09-30T11:27:07+00:00
2026,4,401872975,2026-10-04,13:25,00-0041363,James Thompson Jr.,SF,DEN,DL,tackles,1.2,0.0,4.7,0.5706270592231335,0.28011679487645946,eligible,eligible_current_role,recent_defensive_participant,,,direct,20260908_1821_tackles_direct,2026-09-30T11:26:54+00:00,2026-09-30T11:27:07+00:00
2026,4,401872975,2026-10-04,13:25,00-0041552,Tyler Onyedim,DEN,SF,DL,tackles,1.2,0.0,4.7,0.5678523789883353,0.2774534685589163,eligible,eligible_current_role,backup,Active,3.0,direct,20260908_1821_tackles_direct,2026-09-30T11:26:54+00:00,2026-09-30T11:27:07+00:00
2026,4,401872975,2026-10-04,13:25,00-0041556,Romello Height,SF,DEN,DL,tackles,1.1,0.0,4.7,0.566780332682181,0.27643097810568257,eligible,questionable_flag,backup,Questionable,2.0,direct,20260908_1821_tackles_direct,2026-09-30T11:26:54+00:00,2026-09-30T11:27:07+00:00
2026,4,401872975,2026-10-04,13:25,00-0041557,Gracen Halton,SF,DEN,DL,tackles,1.3,0.0,4.9,0.6326939509212097,0.3392462378062842,eligible,questionable_flag,starter,Questionable,1.0,direct,20260908_1821_tackles_direct,2026-09-30T11:26:54+00:00,2026-09-30T11:27:07+00:00
2026,4,401872976,2026-10-04,13:25,00-0029604,Kirk Cousins,LV,KC,QB,passing_yards,210.8,117.3,317.0,,,eligible,eligible_current_role,starter,Active,1.0,direct_component_blend,20260908_1821_passing_yards_blend,2026-09-30T11:26:54+00:00,2026-09-30T11:27:07+00:00
2026,4,401872976,2026-10-04,13:25,00-0029604,Kirk Cousins,LV,KC,QB,passing_tds,1.761,,,0.8243614031241617,0.5223301030664328,eligible,eligible_current_role,starter,Active,1.0,direct_component_blend,20260908_1821_passing_tds_blend,2026-09-30T11:26:54+00:00,2026-09-30T11:27:07+00:00
2026,4,401872976,2026-10-04,13:25,00-0029604,Kirk Cousins,LV,KC,QB,rushing_yards,3.5,-7.2,18.5,,,eligible,eligible_current_role,starter,Active,1.0,direct_component_blend,20260908_1821_rushing_yards_blend,2026-09-30T11:26:54+00:00,2026-09-30T11:27:07+00:00
2026,4,401872976,2026-10-04,13:25,00-0030506,Travis Kelce,KC,LV,TE,rushing_yards,0.0,-10.8,14.9,,,eligible,eligible_current_role,starter,Active,1.0,direct_component_blend,20260908_1821_rushing_yards_blend,2026-09-30T11:26:54+00:00,2026-09-30T11:27:07+00:00
2026,4,401872976,2026-10-04,13:25,00-0030506,Travis Kelce,KC,LV,TE,receiving_yards,42.7,23.0,76.9,,,eligible,eligible_current_role,starter,Active,1.0,direct_component_blend,20260908_1821_receiving_yards_blend,2026-09-30T11:26:54+00:00,2026-09-30T11:27:07+00:00
2026,4,401872976,2026-10-04,13:25,00-0032762,Chris Jones,KC,LV,DL,tackles,1.7,0.0,4.1,0.7589283235169678,0.4806838311605647,eligible,eligible_current_role,starter,Active,1.0,direct,20260908_1821_tackles_direct,2026-09-30T11:26:54+00:00,2026-09-30T11:27:07+00:00
2026,4,401872976,2026-10-04,13:25,00-0033303,Harrison Butker,KC,LV,K,kicking_points,6.8,2.1,12.3,,,eligible,eligible_current_role,starter,Active,1.0,component,20260908_1821_kicking_points_component,2026-09-30T11:26:54+00:00,2026-09-30T11:27:07+00:00
2026,4,401872976,2026-10-04,13:25,00-0033381,Adam Butler,LV,KC,DL,tackles,1.8,0.0,4.3,0.772368060128998,0.4973727683200689,eligible,eligible_current_role,starter,,1.0,direct,20260908_1821_tackles_direct,2026-09-30T11:26:54+00:00,2026-09-30T11:27:07+00:00
2026,4,401872976,2026-10-04,13:25,00-0033873,Patrick Mahomes,KC,LV,QB,passing_yards,219.8,126.3,326.0,,,eligible,eligible_current_role,starter,Active,1.0,direct_component_blend,20260908_1821_passing_yards_blend,2026-09-30T11:26:54+00:00,2026-09-30T11:27:07+00:00
2026,4,401872976,2026-10-04,13:25,00-0033873,Patrick Mahomes,KC,LV,QB,passing_tds,1.788,,,0.8299908929431188,0.5274649874772768,eligible,eligible_current_role,starter,Active,1.0,direct_component_blend,20260908_1821_passing_tds_blend,2026-09-30T11:26:54+00:00,2026-09-30T11:27:07+00:00
2026,4,401872976,2026-10-04,13:25,00-0033873,Patrick Mahomes,KC,LV,QB,rushing_yards,17.5,4.7,35.4,,,eligible,eligible_current_role,starter,Active,1.0,direct_component_blend,20260908_1821_rushing_yards_blend,2026-09-30T11:26:54+00:00,2026-09-30T11:27:07+00:00
2026,4,401872976,2026-10-04,13:25,00-0034275,Foley Fatukasi,LV,KC,DL,tackles,1.2,0.0,3.7,0.5678344013369082,0.27743629201991654,eligible,eligible_current_role,backup,Active,2.0,direct,20260908_1821_tackles_direct,2026-09-30T11:26:54+00:00,2026-09-30T11:27:07+00:00
2026,4,401872976,2026-10-04,13:25,00-0034365,Ian Thomas,LV,KC,TE,rushing_yards,0.0,-10.8,14.9,,,eligible,eligible_current_role,backup,,3.0,direct_component_blend,20260908_1821_rushing_yards_blend,2026-09-30T11:26:54+00:00,2026-09-30T11:27:07+00:00
2026,4,401872976,2026-10-04,13:25,00-0034365,Ian Thomas,LV,KC,TE,receiving_yards,6.6,-10.6,35.4,,,eligible,eligible_current_role,backup,,3.0,direct_component_blend,20260908_1821_receiving_yards_blend,2026-09-30T11:26:54+00:00,2026-09-30T11:27:07+00:00
2026,4,401872976,2026-10-04,13:25,00-0034376,Taron Johnson,LV,KC,DB,tackles,4.5,2.3,7.2,0.972509590419409,0.9041628833965638,eligible,eligible_current_role,starter,,1.0,direct,20260908_1821_tackles_direct,2026-09-30T11:26:54+00:00,2026-09-30T11:27:07+00:00
2026,4,401872976,2026-10-04,13:25,00-0034973,Maxx Crosby,LV,KC,DL,tackles,3.7,1.5,6.4,0.9395502079396808,0.8288637898587468,eligible,eligible_current_role,starter,,1.0,direct,20260908_1821_tackles_direct,2026-09-30T11:26:54+00:00,2026-09-30T11:27:07+00:00
2026,4,401872976,2026-10-04,13:25,00-0035262,Drue Tranquill,KC,LV,LB,tackles,6.6,3.6,10.6,0.983495145631068,0.9631067961165048,eligible,eligible_current_role,starter,,1.0,direct,20260908_1821_tackles_direct,2026-09-30T11:26:54+00:00,2026-09-30T11:27:07+00:00
2026,4,401872976,2026-10-04,13:25,00-0035269,Matt Gay,LV,KC,K,kicking_points,7.0,1.9,12.9,,,eligible,eligible_current_role,starter,Active,1.0,component,20260908_1821_kicking_points_component,2026-09-30T11:26:54+00:00,2026-09-30T11:27:07+00:00
2026,4,401872976,2026-10-04,13:25,00-0035345,Chris Myarick,LV,KC,TE,rushing_yards,0.0,-10.7,15.0,,,eligible,eligible_current_role,roster_only,,,direct_component_blend,20260908_1821_rushing_yards_blend,2026-09-30T11:26:54+00:00,2026-09-30T11:27:07+00:00
2026,4,401872976,2026-10-04,13:25,00-0035345,Chris Myarick,LV,KC,TE,receiving_yards,1.8,-15.3,30.7,,,eligible,eligible_current_role,roster_only,,,direct_component_blend,20260908_1821_receiving_yards_blend,2026-09-30T11:26:54+00:00,2026-09-30T11:27:07+00:00
2026,4,401872976,2026-10-04,13:25,00-0035891,Cody White,LV,KC,WR,rushing_yards,0.0,-10.8,15.0,,,eligible,eligible_current_role,backup,Active,3.0,direct_component_blend,20260908_1821_rushing_yards_blend,2026-09-30T11:26:54+00:00,2026-09-30T11:27:07+00:00
2026,4,401872976,2026-10-04,13:25,00-0035891,Cody White,LV,KC,WR,receiving_yards,4.6,-12.6,33.4,,,eligible,eligible_current_role,backup,Active,3.0,direct_component_blend,20260908_1821_receiving_yards_blend,2026-09-30T11:26:54+00:00,2026-09-30T11:27:07+00:00
2026,4,401872976,2026-10-04,13:25,00-0036293,Jeremy Chinn,LV,KC,DB,tackles,6.2,3.5,9.7,0.9833773705622507,0.9615456367642801,eligible,eligible_current_role,starter,,1.0,direct,20260908_1821_tackles_direct,2026-09-30T11:26:54+00:00,2026-09-30T11:27:07+00:00
2026,4,401872976,2026-10-04,13:25,00-0036374,L'Jarius Sneed,KC,LV,DB,tackles,4.6,1.9,8.0,0.9734034208409653,0.9065441167411241,eligible,eligible_current_role,starter,Active,1.0,direct,20260908_1821_tackles_direct,2026-09-30T11:26:54+00:00,2026-09-30T11:27:07+00:00
2026,4,401872976,2026-10-04,13:25,00-0036380,Alohi Gilman,KC,LV,DB,tackles,4.8,2.1,8.2,0.9780244801806681,0.919180090660717,eligible,eligible_current_role,starter,,1.0,direct,20260908_1821_tackles_direct,2026-09-30T11:26:54+00:00,2026-09-30T11:27:07+00:00
2026,4,401872976,2026-10-04,13:25,00-0036416,Kristian Fulton,KC,LV,DB,tackles,3.2,1.0,5.9,0.9136040518255522,0.774378715695776,eligible,eligible_current_role,backup,,2.0,direct,20260908_1821_tackles_direct,2026-09-30T11:26:54+00:00,2026-09-30T11:27:07+00:00
2026,4,401872976,2026-10-04,13:25,00-0036423,Albert Okwuegbunam,LV,KC,TE,rushing_yards,0.0,-10.8,14.9,,,eligible,eligible_current_role,roster_only,,,direct_component_blend,20260908_1821_rushing_yards_blend,2026-09-30T11:26:54+00:00,2026-09-30T11:27:07+00:00
2026,4,401872976,2026-10-04,13:25,00-0036423,Albert Okwuegbunam,LV,KC,TE,receiving_yards,18.5,1.3,47.3,,,eligible,eligible_current_role,roster_only,,,direct_component_blend,20260908_1821_receiving_yards_blend,2026-09-30T11:26:54+00:00,2026-09-30T11:27:07+00:00
2026,4,401872976,2026-10-04,13:25,00-0036479,Kwity Paye,LV,KC,DL,tackles,2.2,0.3,4.7,0.8328948099884199,0.5948904399499564,eligible,eligible_current_role,starter,Active,1.0,direct,20260908_1821_tackles_direct,2026-09-30T11:26:54+00:00,2026-09-30T11:27:07+00:00
2026,4,401872976,2026-10-04,13:25,00-0036621,Nick Bolton,KC,LV,LB,tackles,7.3,5.0,11.9,0.983495145631068,0.9631067961165048,eligible,eligible_current_role,starter,Active,1.0,direct,20260908_1821_tackles_direct,2026-09-30T11:26:54+00:00,2026-09-30T11:27:07+00:00
2026,4,401872976,2026-10-04,13:25,00-0036637,Noah Gray,KC,LV,TE,rushing_yards,0.0,-10.8,14.9,,,eligible,eligible_current_role,backup,Active,2.0,direct_component_blend,20260908_1821_rushing_yards_blend,2026-09-30T11:26:54+00:00,2026-09-30T11:27:07+00:00
2026,4,401872976,2026-10-04,13:25,00-0036637,Noah Gray,KC,LV,TE,receiving_yards,11.1,-6.1,39.9,,,eligible,eligible_current_role,backup,Active,2.0,direct_component_blend,20260908_1821_receiving_yards_blend,2026-09-30T11:26:54+00:00,2026-09-30T11:27:07+00:00
2026,4,401872976,2026-10-04,13:25,00-0036901,Eric Stokes,LV,KC,DB,tackles,3.4,0.8,6.9,0.9262078714578316,0.8047490417028208,eligible,eligible_current_role,starter,,1.0,direct,20260908_1821_tackles_direct,2026-09-30T11:26:54+00:00,2026-09-30T11:27:07+00:00
2026,4,401872976,2026-10-04,13:25,00-0036909,Khyiris Tonga,KC,LV,DL,tackles,1.6,0.0,4.1,0.7501220828123266,0.470192110072672,eligible,eligible_current_role,starter,,1.0,direct,20260908_1821_tackles_direct,2026-09-30T11:26:54+00:00,2026-09-30T11:27:07+00:00
2026,4,401872976,2026-10-04,13:25,00-0036922,Patrick Johnson,LV,KC,LB,tackles,1.3,0.0,3.8,0.6088386533196706,0.3161058437536035,eligible,eligible_current_role,backup,,2.0,direct,20260908_1821_tackles_direct,2026-09-30T11:26:54+00:00,2026-09-30T11:27:07+00:00
2026,4,401872976,2026-10-04,13:25,00-0036945,Justin Fields,KC,LV,QB,rushing_yards,35.5,22.7,53.4,,,eligible,eligible_current_role,backup,,2.0,direct_component_blend,20260908_1821_rushing_yards_blend,2026-09-30T11:26:54+00:00,2026-09-30T11:27:07+00:00
2026,4,401872976,2026-10-04,13:25,00-0036989,Malcolm Koonce,LV,KC,DL,tackles,1.7,0.0,4.1,0.7571288595310912,0.47851233045738206,eligible,eligible_current_role,backup,,2.0,direct,20260908_1821_tackles_direct,2026-09-30T11:26:54+00:00,2026-09-30T11:27:07+00:00
2026,4,401872976,2026-10-04,13:25,00-0037074,Quay Walker,LV,KC,LB,tackles,6.9,4.1,11.1,0.983495145631068,0.9631067961165048,eligible,eligible_current_role,recent_defensive_participant,Active,,direct,20260908_1821_tackles_direct,2026-09-30T11:26:54+00:00,2026-09-30T11:27:07+00:00
2026,4,401872976,2026-10-04,13:25,00-0037093,Dareke Young,LV,KC,WR,rushing_yards,0.0,-10.7,15.0,,,eligible,eligible_current_role,backup,Active,4.0,direct_component_blend,20260908_1821_rushing_yards_blend,2026-09-30T11:26:54+00:00,2026-09-30T11:27:07+00:00
2026,4,401872976,2026-10-04,13:25,00-0037093,Dareke Young,LV,KC,WR,receiving_yards,3.9,-13.3,32.7,,,eligible,eligible_current_role,backup,Active,4.0,direct_component_blend,20260908_1821_receiving_yards_blend,2026-09-30T11:26:54+00:00,2026-09-30T11:27:07+00:00
2026,4,401872976,2026-10-04,13:25,00-0037192,George Karlaftis,KC,LV,DL,tackles,2.2,0.2,5.0,0.8380912650352004,0.6043685620238378,eligible,eligible_current_role,starter,,1.0,direct,20260908_1821_tackles_direct,2026-09-30T11:26:54+00:00,2026-09-30T11:27:07+00:00
2026,4,401872976,2026-10-04,13:25,00-0037208,Jack Cochrane,KC,LV,LB,tackles,1.0,0.0,3.4,0.5205438158156926,0.23637414302555737,eligible,eligible_current_role,backup,,2.0,direct,20260908_1821_tackles_direct,2026-09-30T11:26:54+00:00,2026-09-30T11:27:07+00:00
2026,4,401872976,2026-10-04,13:25,00-0037262,Thomas Booker,LV,KC,DL,tackles,2.2,0.2,4.7,0.824338072986022,0.5796164466114374,eligible,eligible_current_role,backup,,2.0,direct,20260908_1821_tackles_direct,2026-09-30T11:26:54+00:00,2026-09-30T11:27:07+00:00
2026,4,401872976,2026-10-04,13:25,00-0037291,Jalen Nailor,LV,KC,WR,rushing_yards,0.0,-10.8,15.0,,,eligible,eligible_current_role,backup,Active,2.0,direct_component_blend,20260908_1821_rushing_yards_blend,2026-09-30T11:26:54+00:00,2026-09-30T11:27:07+00:00
2026,4,401872976,2026-10-04,13:25,00-0037291,Jalen Nailor,LV,KC,WR,receiving_yards,16.8,-0.3,45.6,,,eligible,eligible_current_role,backup,Active,2.0,direct_component_blend,20260908_1821_receiving_yards_blend,2026-09-30T11:26:54+00:00,2026-09-30T11:27:07+00:00
2026,4,401872976,2026-10-04,13:25,00-0037304,Connor Heyward,LV,KC,RB,rushing_yards,6.8,-15.2,37.7,,,eligible,eligible_current_role,starter,,1.0,direct_component_blend,20260908_1821_rushing_yards_blend,2026-09-30T11:26:54+00:00,2026-09-30T11:27:07+00:00
2026,4,401872976,2026-10-04,13:25,00-0037304,Connor Heyward,LV,KC,RB,receiving_yards,1.7,-15.4,30.5,,,eligible,eligible_current_role,starter,,1.0,direct_component_blend,20260908_1821_receiving_yards_blend,2026-09-30T11:26:54+00:00,2026-09-30T11:27:07+00:00
2026,4,401872976,2026-10-04,13:25,00-0037324,Chris Oladokun,KC,LV,QB,rushing_yards,6.2,-5.5,22.8,,,eligible,eligible_current_role,roster_only,,,direct_component_blend,20260908_1821_rushing_yards_blend,2026-09-30T11:26:54+00:00,2026-09-30T11:27:07+00:00
2026,4,401872976,2026-10-04,13:25,00-0037461,Tristin McCollum,LV,KC,DB,tackles,1.6,0.0,4.3,0.7515995675285314,0.47192892221103916,eligible,eligible_current_role,backup,,3.0,direct,20260908_1821_tackles_direct,2026-09-30T11:26:54+00:00,2026-09-30T11:27:07+00:00
2026,4,401872976,2026-10-04,13:25,00-0037512,Isaiah Pola-Mao,LV,KC,DB,tackles,4.3,1.6,7.8,0.9666148608848701,0.8888956387023595,eligible,eligible_current_role,backup,,2.0,direct,20260908_1821_tackles_direct,2026-09-30T11:26:54+00:00,2026-09-30T11:27:07+00:00
2026,4,401872976,2026-10-04,13:25,00-0037615,Nakobe Dean,LV,KC,LB,tackles,3.6,1.6,6.0,0.934893622801597,0.8202401649529519,eligible,eligible_current_role,recent_defensive_participant,Active,,direct,20260908_1821_tackles_direct,2026-09-30T11:26:54+00:00,2026-09-30T11:27:07+00:00
2026,4,401872976,2026-10-04,13:25,00-0038104,Tyquan Thornton,KC,LV,WR,rushing_yards,0.0,-10.7,15.0,,,eligible,eligible_current_role,backup,Active,3.0,direct_component_blend,20260908_1821_rushing_yards_blend,2026-09-30T11:26:54+00:00,2026-09-30T11:27:07+00:00
2026,4,401872976,2026-10-04,13:25,00-0038104,Tyquan Thornton,KC,LV,WR,receiving_yards,18.1,1.0,46.9,,,eligible,eligible_current_role,backup,Active,3.0,direct_component_blend,20260908_1821_receiving_yards_blend,2026-09-30T11:26:54+00:00,2026-09-30T11:27:07+00:00
2026,4,401872976,2026-10-04,13:25,00-0038134,Kenneth Walker III,KC,LV,RB,rushing_yards,49.1,27.1,80.0,,,eligible,eligible_current_role,starter,Active,1.0,direct_component_blend,20260908_1821_rushing_yards_blend,2026-09-30T11:26:54+00:00,2026-09-30T11:27:07+00:00
2026,4,401872976,2026-10-04,13:25,00-0038134,Kenneth Walker III,KC,LV,RB,receiving_yards,13.9,-3.2,42.7,,,eligible,eligible_current_role,starter,Active,1.0,direct_component_blend,20260908_1821_receiving_yards_blend,2026-09-30T11:26:54+00:00,2026-09-30T11:27:07+00:00
2026,4,401872976,2026-10-04,13:25,00-0038145,Thomas Odukoya,KC,LV,TE,rushing_yards,0.0,-14.8,20.6,,,eligible,eligible_current_role,roster_only,,,direct_component_blend,20260908_1821_rushing_yards_blend,2026-09-30T11:26:54+00:00,2026-09-30T11:27:07+00:00
2026,4,401872976,2026-10-04,13:25,00-0038145,Thomas Odukoya,KC,LV,TE,receiving_yards,2.0,-20.7,42.5,,,eligible,eligible_current_role,roster_only,,,direct_component_blend,20260908_1821_receiving_yards_blend,2026-09-30T11:26:54+00:00,2026-09-30T11:27:07+00:00
2026,4,401872976,2026-10-04,13:25,00-0038489,Ben VanSumeren,KC,LV,RB,rushing_yards,2.0,-8.7,17.0,,,eligible,eligible_current_role,starter,,1.0,direct_component_blend,20260908_1821_rushing_yards_blend,2026-09-30T11:26:54+00:00,2026-09-30T11:27:07+00:00
2026,4,401872976,2026-10-04,13:25,00-0038489,Ben VanSumeren,KC,LV,RB,receiving_yards,0.8,-16.4,29.6,,,eligible,eligible_current_role,starter,,1.0,direct_component_blend,20260908_1821_receiving_yards_blend,2026-09-30T11:26:54+00:00,2026-09-30T11:27:07+00:00
2026,4,401872976,2026-10-04,13:25,00-0038519,Nikko Remigio,KC,LV,WR,rushing_yards,0.0,-10.7,15.0,,,eligible,eligible_current_role,backup,,6.0,direct_component_blend,20260908_1821_rushing_yards_blend,2026-09-30T11:26:54+00:00,2026-09-30T11:27:07+00:00
2026,4,401872976,2026-10-04,13:25,00-0038519,Nikko Remigio,KC,LV,WR,receiving_yards,2.1,-15.1,30.9,,,eligible,eligible_current_role,backup,,6.0,direct_component_blend,20260908_1821_receiving_yards_blend,2026-09-30T11:26:54+00:00,2026-09-30T11:27:07+00:00
2026,4,401872976,2026-10-04,13:25,00-0038563,Tre Tucker,LV,KC,WR,rushing_yards,2.2,-8.5,17.3,,,eligible,eligible_current_role,starter,Active,1.0,direct_component_blend,20260908_1821_rushing_yards_blend,2026-09-30T11:26:54+00:00,2026-09-30T11:27:07+00:00
2026,4,401872976,2026-10-04,13:25,00-0038563,Tre Tucker,LV,KC,WR,receiving_yards,49.9,23.2,99.0,,,eligible,eligible_current_role,starter,Active,1.0,direct_component_blend,20260908_1821_receiving_yards_blend,2026-09-30T11:26:54+00:00,2026-09-30T11:27:07+00:00
2026,4,401872976,2026-10-04,13:25,00-0038579,Aidan O'Connell,LV,KC,QB,rushing_yards,9.5,-3.3,27.5,,,eligible,questionable_flag,backup,Questionable,3.0,direct_component_blend,20260908_1821_rushing_yards_blend,2026-09-30T11:26:54+00:00,2026-09-30T11:27:07+00:00
2026,4,401872976,2026-10-04,13:25,00-0038594,Darrell Luter Jr.,LV,KC,DB,tackles,3.4,0.7,6.9,0.92423599013801,0.8013297169685037,eligible,eligible_current_role,backup,Active,3.0,direct,20260908_1821_tackles_direct,2026-09-30T11:26:54+00:00,2026-09-30T11:27:07+00:00
2026,4,401872976,2026-10-04,13:25,00-0038647,Ronnie Bell,LV,KC,WR,rushing_yards,0.0,-10.8,15.0,,,eligible,eligible_current_role,roster_only,,,direct_component_blend,20260908_1821_rushing_yards_blend,2026-09-30T11:26:54+00:00,2026-09-30T11:27:07+00:00
2026,4,401872976,2026-10-04,13:25,00-0038647,Ronnie Bell,LV,KC,WR,receiving_yards,4.2,-13.0,33.0,,,eligible,eligible_current_role,roster_only,,,direct_component_blend,20260908_1821_receiving_yards_blend,2026-09-30T11:26:54+00:00,2026-09-30T11:27:07+00:00
2026,4,401872976,2026-10-04,13:25,00-0038982,Chamarri Conner,KC,LV,DB,tackles,5.4,2.7,8.9,0.9818447504444948,0.9451121506234692,eligible,questionable_flag,starter,Questionable,1.0,direct,20260908_1821_tackles_direct,2026-09-30T11:26:54+00:00,2026-09-30T11:27:07+00:00
2026,4,401872976,2026-10-04,13:25,00-0039006,Felix Anudike-Uzomah,KC,LV,DL,tackles,1.6,0.0,4.1,0.7542469016098994,0.475064344305618,eligible,eligible_current_role,starter,Active,1.0,direct,20260908_1821_tackles_direct,2026-09-30T11:26:54+00:00,2026-09-30T11:27:07+00:00
2026,4,401872976,2026-10-04,13:25,00-0039066,Michael Mayer,LV,KC,TE,rushing_yards,0.0,-10.8,15.0,,,eligible,eligible_current_role,backup,Active,2.0,direct_component_blend,20260908_1821_rushing_yards_blend,2026-09-30T11:26:54+00:00,2026-09-30T11:27:07+00:00
2026,4,401872976,2026-10-04,13:25,00-0039066,Michael Mayer,LV,KC,TE,receiving_yards,27.3,7.6,61.5,,,eligible,eligible_current_role,backup,Active,2.0,direct_component_blend,20260908_1821_receiving_yards_blend,2026-09-30T11:26:54+00:00,2026-09-30T11:27:07+00:00
2026,4,401872976,2026-10-04,13:25,00-0039067,Rashee Rice,KC,LV,WR,rushing_yards,0.1,-10.6,15.1,,,eligible,eligible_current_role,starter,Active,1.0,direct_component_blend,20260908_1821_rushing_yards_blend,2026-09-30T11:26:54+00:00,2026-09-30T11:27:07+00:00
2026,4,401872976,2026-10-04,13:25,00-0039067,Rashee Rice,KC,LV,WR,receiving_yards,65.5,38.8,114.7,,,eligible,eligible_current_role,starter,Active,1.0,direct_component_blend,20260908_1821_receiving_yards_blend,2026-09-30T11:26:54+00:00,2026-09-30T11:27:07+00:00
2026,4,401872976,2026-10-04,13:25,00-0039324,Christian Roland-Wallace,KC,LV,DB,tackles,3.0,0.8,5.7,0.9035615507150319,0.7461270366138679,eligible,eligible_current_role,backup,,2.0,direct,20260908_1821_tackles_direct,2026-09-30T11:26:54+00:00,2026-09-30T11:27:07+00:00
2026,4,401872976,2026-10-04,13:25,00-0039338,Brock Bowers,LV,KC,TE,rushing_yards,0.0,-10.7,15.0,,,eligible,eligible_current_role,starter,Active,1.0,direct_component_blend,20260908_1821_rushing_yards_blend,2026-09-30T11:26:54+00:00,2026-09-30T11:27:07+00:00
2026,4,401872976,2026-10-04,13:25,00-0039338,Brock Bowers,LV,KC,TE,receiving_yards,46.3,26.6,80.6,,,eligible,eligible_current_role,starter,Active,1.0,direct_component_blend,20260908_1821_receiving_yards_blend,2026-09-30T11:26:54+00:00,2026-09-30T11:27:07+00:00
2026,4,401872976,2026-10-04,13:25,00-0039374,Tommy Eichenberg,LV,KC,LB,tackles,1.6,0.0,4.0,0.7438279934506498,0.4628960758901595,eligible,eligible_current_role,recent_defensive_participant,,,direct,20260908_1821_tackles_direct,2026-09-30T11:26:54+00:00,2026-09-30T11:27:07+00:00
2026,4,401872976,2026-10-04,13:25,00-0039407,Dylan Laube,LV,KC,RB,rushing_yards,1.3,-9.4,16.3,,,eligible,eligible_current_role,backup,,3.0,direct_component_blend,20260908_1821_rushing_yards_blend,2026-09-30T11:26:54+00:00,2026-09-30T11:27:07+00:00
2026,4,401872976,2026-10-04,13:25,00-0039407,Dylan Laube,LV,KC,RB,receiving_yards,0.2,-17.0,29.0,,,eligible,eligible_current_role,backup,,3.0,direct_component_blend,20260908_1821_receiving_yards_blend,2026-09-30T11:26:54+00:00,2026-09-30T11:27:07+00:00
2026,4,401872976,2026-10-04,13:25,00-0039423,Jonah Laulu,LV,KC,DL,tackles,2.9,0.8,5.7,0.8997894800578484,0.7359657797214942,eligible,eligible_current_role,starter,,1.0,direct,20260908_1821_tackles_direct,2026-09-30T11:26:54+00:00,2026-09-30T11:27:07+00:00
2026,4,401872976,2026-10-04,13:25,00-0039433,Marcus Harris,KC,LV,DL,tackles,1.0,0.0,4.5,0.5333546184998655,0.2466513381799633,eligible,eligible_current_role,recent_defensive_participant,,,direct,20260908_1821_tackles_direct,2026-09-30T11:26:54+00:00,2026-09-30T11:27:07+00:00
2026,4,401872976,2026-10-04,13:25,00-0039824,Jared Wiley,KC,LV,TE,rushing_yards,0.0,-11.9,16.5,,,eligible,eligible_current_role,backup,Active,4.0,direct_component_blend,20260908_1821_rushing_yards_blend,2026-09-30T11:26:54+00:00,2026-09-30T11:27:07+00:00
2026,4,401872976,2026-10-04,13:25,00-0039824,Jared Wiley,KC,LV,TE,receiving_yards,3.5,-15.2,35.4,,,eligible,eligible_current_role,backup,Active,4.0,direct_component_blend,20260908_1821_receiving_yards_blend,2026-09-30T11:26:54+00:00,2026-09-30T11:27:07+00:00
2026,4,401872976,2026-10-04,13:25,00-0039825,Jaden Hicks,KC,LV,DB,tackles,2.4,0.3,5.2,0.8563345396376614,0.6391416500314054,eligible,eligible_current_role,backup,Active,2.0,direct,20260908_1821_tackles_direct,2026-09-30T11:26:54+00:00,2026-09-30T11:27:07+00:00
2026,4,401872976,2026-10-04,13:25,00-0039894,Xavier Worthy,KC,LV,WR,rushing_yards,2.6,-8.1,17.6,,,eligible,eligible_current_role,backup,Active,2.0,direct_component_blend,20260908_1821_rushing_yards_blend,2026-09-30T11:26:54+00:00,2026-09-30T11:27:07+00:00
2026,4,401872976,2026-10-04,13:25,00-0039894,Xavier Worthy,KC,LV,WR,receiving_yards,30.5,13.4,59.3,,,eligible,eligible_current_role,backup,Active,2.0,direct_component_blend,20260908_1821_receiving_yards_blend,2026-09-30T11:26:54+00:00,2026-09-30T11:27:07+00:00
2026,4,401872976,2026-10-04,13:25,00-0040072,Jeffrey Bassa,KC,LV,LB,tackles,1.2,0.0,3.7,0.5728006194499672,0.28222029015268385,eligible,eligible_current_role,starter,,1.0,direct,20260908_1821_tackles_direct,2026-09-30T11:26:54+00:00,2026-09-30T11:27:07+00:00
2026,4,401872976,2026-10-04,13:25,00-0040078,Brashard Smith,KC,LV,RB,rushing_yards,2.4,-8.3,17.4,,,eligible,eligible_current_role,backup,,3.0,direct_component_blend,20260908_1821_rushing_yards_blend,2026-09-30T11:26:54+00:00,2026-09-30T11:27:07+00:00
2026,4,401872976,2026-10-04,13:25,00-0040078,Brashard Smith,KC,LV,RB,receiving_yards,3.9,-13.3,32.7,,,eligible,eligible_current_role,backup,,3.0,direct_component_blend,20260908_1821_receiving_yards_blend,2026-09-30T11:26:54+00:00,2026-09-30T11:27:07+00:00
2026,4,401872976,2026-10-04,13:25,00-0040081,Jake Briningstool,KC,LV,TE,rushing_yards,0.0,-14.8,20.6,,,eligible,eligible_current_role,backup,,3.0,direct_component_blend,20260908_1821_rushing_yards_blend,2026-09-30T11:26:54+00:00,2026-09-30T11:27:07+00:00
2026,4,401872976,2026-10-04,13:25,00-0040081,Jake Briningstool,KC,LV,TE,receiving_yards,4.9,-17.7,45.5,,,eligible,eligible_current_role,backup,,3.0,direct_component_blend,20260908_1821_receiving_yards_blend,2026-09-30T11:26:54+00:00,2026-09-30T11:27:07+00:00
2026,4,401872976,2026-10-04,13:25,00-0040122,Ashton Jeanty,LV,KC,RB,rushing_yards,71.9,49.9,102.8,,,eligible,eligible_current_role,starter,Active,1.0,direct_component_blend,20260908_1821_rushing_yards_blend,2026-09-30T11:26:54+00:00,2026-09-30T11:27:07+00:00
2026,4,401872976,2026-10-04,13:25,00-0040122,Ashton Jeanty,LV,KC,RB,receiving_yards,22.2,5.0,51.0,,,eligible,eligible_current_role,starter,Active,1.0,direct_component_blend,20260908_1821_receiving_yards_blend,2026-09-30T11:26:54+00:00,2026-09-30T11:27:07+00:00
2026,4,401872976,2026-10-04,13:25,00-0040169,Tonka Hemingway,LV,KC,DL,tackles,1.5,0.0,4.0,0.7049389446113544,0.416134557386796,eligible,eligible_current_role,starter,,1.0,direct,20260908_1821_tackles_direct,2026-09-30T11:26:54+00:00,2026-09-30T11:27:07+00:00
2026,4,401872976,2026-10-04,13:25,00-0040199,JJ Pegues,LV,KC,DL,tackles,1.2,0.0,3.7,0.5742276747652405,0.28360961021365066,eligible,eligible_current_role,backup,Active,2.0,direct,20260908_1821_tackles_direct,2026-09-30T11:26:54+00:00,2026-09-30T11:27:07+00:00
2026,4,401872976,2026-10-04,13:25,00-0040640,Ashton Gillotte,KC,LV,DL,tackles,2.1,0.2,4.6,0.8219188970426033,0.5753706577645947,eligible,eligible_current_role,backup,,2.0,direct,20260908_1821_tackles_direct,2026-09-30T11:26:54+00:00,2026-09-30T11:27:07+00:00
2026,4,401872976,2026-10-04,13:25,00-0040641,Darien Porter,LV,KC,DB,tackles,3.5,0.9,7.0,0.9323596141673043,0.8156446470240067,eligible,eligible_current_role,backup,Active,2.0,direct,20260908_1821_tackles_direct,2026-09-30T11:26:54+00:00,2026-09-30T11:27:07+00:00
2026,4,401872976,2026-10-04,13:25,00-0040646,Jalen Royals,KC,LV,WR,rushing_yards,0.0,-11.9,16.5,,,eligible,eligible_current_role,backup,Active,4.0,direct_component_blend,20260908_1821_rushing_yards_blend,2026-09-30T11:26:54+00:00,2026-09-30T11:27:07+00:00
2026,4,401872976,2026-10-04,13:25,00-0040646,Jalen Royals,KC,LV,WR,receiving_yards,3.1,-15.5,35.1,,,eligible,eligible_current_role,backup,Active,4.0,direct_component_blend,20260908_1821_receiving_yards_blend,2026-09-30T11:26:54+00:00,2026-09-30T11:27:07+00:00
2026,4,401872976,2026-10-04,13:25,00-0040670,Nohl Williams,KC,LV,DB,tackles,4.4,1.7,7.8,0.967944323155993,0.8922770346601199,eligible,eligible_current_role,starter,,1.0,direct,20260908_1821_tackles_direct,2026-09-30T11:26:54+00:00,2026-09-30T11:27:07+00:00
2026,4,401872976,2026-10-04,13:25,00-0040868,Treydan Stukes,LV,KC,DB,tackles,2.8,0.0,6.7,0.8890788970911873,0.7084310627240425,eligible,questionable_flag,starter,Questionable,1.0,direct,20260908_1821_tackles_direct,2026-09-30T11:26:54+00:00,2026-09-30T11:27:07+00:00
2026,4,401872976,2026-10-04,13:25,00-0040878,Mike Washington Jr.,LV,KC,RB,rushing_yards,14.1,-16.1,56.7,,,eligible,eligible_current_role,backup,Active,2.0,direct_component_blend,20260908_1821_rushing_yards_blend,2026-09-30T11:26:54+00:00,2026-09-30T11:27:07+00:00
2026,4,401872976,2026-10-04,13:25,00-0040878,Mike Washington Jr.,LV,KC,RB,receiving_yards,2.7,-19.9,43.3,,,eligible,eligible_current_role,backup,Active,2.0,direct_component_blend,20260908_1821_receiving_yards_blend,2026-09-30T11:26:54+00:00,2026-09-30T11:27:07+00:00
2026,4,401872976,2026-10-04,13:25,00-0040883,Dalton Johnson,LV,KC,DB,tackles,2.2,0.0,6.2,0.8312961905234352,0.592005858514369,eligible,eligible_current_role,backup,Active,2.0,direct,20260908_1821_tackles_direct,2026-09-30T11:26:54+00:00,2026-09-30T11:27:07+00:00
2026,4,401872976,2026-10-04,13:25,00-0040889,Hezekiah Masses,LV,KC,DB,tackles,3.0,0.2,6.9,0.905755273250372,0.7521440209200556,eligible,eligible_current_role,starter,Active,1.0,direct,20260908_1821_tackles_direct,2026-09-30T11:26:54+00:00,2026-09-30T11:27:07+00:00
2026,4,401872976,2026-10-04,13:25,00-0040890,Cyrus Allen,KC,LV,WR,rushing_yards,0.0,-14.8,20.6,,,eligible,eligible_current_role,backup,Active,5.0,direct_component_blend,20260908_1821_rushing_yards_blend,2026-09-30T11:26:54+00:00,2026-09-30T11:27:07+00:00
2026,4,401872976,2026-10-04,13:25,00-0040890,Cyrus Allen,KC,LV,WR,receiving_yards,6.3,-16.4,46.9,,,eligible,eligible_current_role,backup,Active,5.0,direct_component_blend,20260908_1821_receiving_yards_blend,2026-09-30T11:26:54+00:00,2026-09-30T11:27:07+00:00
2026,4,401872976,2026-10-04,13:25,00-0040894,Malik Benson,LV,KC,WR,rushing_yards,0.0,-14.7,20.7,,,eligible,eligible_current_role,backup,,5.0,direct_component_blend,20260908_1821_rushing_yards_blend,2026-09-30T11:26:54+00:00,2026-09-30T11:27:07+00:00
2026,4,401872976,2026-10-04,13:25,00-0040894,Malik Benson,LV,KC,WR,receiving_yards,5.8,-16.9,46.4,,,eligible,eligible_current_role,backup,,5.0,direct_component_blend,20260908_1821_receiving_yards_blend,2026-09-30T11:26:54+00:00,2026-09-30T11:27:07+00:00
2026,4,401872976,2026-10-04,13:25,00-0040906,Garrett Nussmeier,KC,LV,QB,rushing_yards,8.7,-8.9,33.4,,,eligible,eligible_current_role,backup,Active,3.0,direct_component_blend,20260908_1821_rushing_yards_blend,2026-09-30T11:26:54+00:00,2026-09-30T11:27:07+00:00
2026,4,401872976,2026-10-04,13:25,00-0040957,Xavier Nwankpa,KC,LV,DB,tackles,2.2,0.0,6.1,0.8251925383880224,0.5811235907829778,eligible,eligible_current_role,backup,,2.0,direct,20260908_1821_tackles_direct,2026-09-30T11:26:54+00:00,2026-09-30T11:27:07+00:00
2026,4,401872976,2026-10-04,13:25,00-0040964,EJ Smith,KC,LV,RB,rushing_yards,14.3,-15.9,56.8,,,eligible,eligible_current_role,roster_only,,,direct_component_blend,20260908_1821_rushing_yards_blend,2026-09-30T11:26:54+00:00,2026-09-30T11:27:07+00:00
2026,4,401872976,2026-10-04,13:25,00-0040964,EJ Smith,KC,LV,RB,receiving_yards,3.2,-19.4,43.8,,,eligible,eligible_current_role,roster_only,,,direct_component_blend,20260908_1821_receiving_yards_blend,2026-09-30T11:26:54+00:00,2026-09-30T11:27:07+00:00
2026,4,401872976,2026-10-04,13:25,00-0041004,Chase Roberts,LV,KC,WR,rushing_yards,0.1,-14.6,20.8,,,eligible,eligible_current_role,roster_only,,,direct_component_blend,20260908_1821_rushing_yards_blend,2026-09-30T11:26:54+00:00,2026-09-30T11:27:07+00:00
2026,4,401872976,2026-10-04,13:25,00-0041004,Chase Roberts,LV,KC,WR,receiving_yards,6.0,-16.6,46.6,,,eligible,eligible_current_role,roster_only,,,direct_component_blend,20260908_1821_receiving_yards_blend,2026-09-30T11:26:54+00:00,2026-09-30T11:27:07+00:00
2026,4,401872976,2026-10-04,13:25,00-0041013,Emmett Johnson,KC,LV,RB,rushing_yards,13.9,-16.3,56.4,,,eligible,eligible_current_role,backup,Active,2.0,direct_component_blend,20260908_1821_rushing_yards_blend,2026-09-30T11:26:54+00:00,2026-09-30T11:27:07+00:00
2026,4,401872976,2026-10-04,13:25,00-0041013,Emmett Johnson,KC,LV,RB,receiving_yards,3.9,-18.7,44.5,,,eligible,eligible_current_role,backup,Active,2.0,direct_component_blend,20260908_1821_receiving_yards_blend,2026-09-30T11:26:54+00:00,2026-09-30T11:27:07+00:00
2026,4,401872976,2026-10-04,13:25,00-0041256,Jack Pyburn,KC,LV,LB,tackles,1.3,0.0,4.8,0.6060814579226887,0.31349746218932795,eligible,eligible_current_role,backup,Active,3.0,direct,20260908_1821_tackles_direct,2026-09-30T11:26:54+00:00,2026-09-30T11:27:07+00:00
2026,4,401872976,2026-10-04,13:25,00-0041358,Bryson Eason,KC,LV,DL,tackles,1.2,0.0,4.7,0.5682258001653407,0.2778104806291384,eligible,eligible_current_role,backup,Active,2.0,direct,20260908_1821_tackles_direct,2026-09-30T11:26:54+00:00,2026-09-30T11:27:07+00:00
2026,4,401872976,2026-10-04,13:25,00-0041497,Jadon Canady,KC,LV,DB,tackles,2.2,0.0,6.1,0.8251925383880224,0.5811235907829778,eligible,eligible_current_role,backup,,2.0,direct,20260908_1821_tackles_direct,2026-09-30T11:26:54+00:00,2026-09-30T11:27:07+00:00
2026,4,401872976,2026-10-04,13:25,00-0041501,R Mason Thomas,KC,LV,DL,tackles,1.2,0.0,4.7,0.5685884219265688,0.27815759030907605,eligible,eligible_current_role,backup,,2.0,direct,20260908_1821_tackles_direct,2026-09-30T11:26:54+00:00,2026-09-30T11:27:07+00:00
2026,4,401872976,2026-10-04,13:25,00-0041543,Mansoor Delane,KC,LV,DB,tackles,3.0,0.2,6.9,0.9041991915668275,0.7478676017668945,eligible,eligible_current_role,starter,Active,1.0,direct,20260908_1821_tackles_direct,2026-09-30T11:26:54+00:00,2026-09-30T11:27:07+00:00
2026,4,401872976,2026-10-04,13:25,00-0041545,Peter Woods,KC,LV,DL,tackles,1.2,0.0,4.7,0.5682258001653407,0.2778104806291384,eligible,eligible_current_role,backup,,2.0,direct,20260908_1821_tackles_direct,2026-09-30T11:26:54+00:00,2026-09-30T11:27:07+00:00
2026,4,401872976,2026-10-04,13:25,00-0041562,Fernando Mendoza,LV,KC,QB,rushing_yards,8.9,-8.7,33.6,,,eligible,eligible_current_role,backup,Active,2.0,direct_component_blend,20260908_1821_rushing_yards_blend,2026-09-30T11:26:54+00:00,2026-09-30T11:27:07+00:00
2026,4,401872976,2026-10-04,13:25,00-0041563,Jermod McCoy,LV,KC,DB,tackles,2.2,0.0,6.2,0.8312961905234352,0.592005858514369,eligible,eligible_current_role,backup,,2.0,direct,20260908_1821_tackles_direct,2026-09-30T11:26:54+00:00,2026-09-30T11:27:07+00:00
2026,4,401872977,2026-10-04,13:25,00-0030294,Tony Jefferson,LAC,SEA,DB,tackles,4.1,1.4,7.6,0.9595163688252923,0.8713703045217529,eligible,eligible_current_role,backup,,2.0,direct,20260908_1821_tackles_direct,2026-09-30T11:26:54+00:00,2026-09-30T11:27:07+00:00
2026,4,401872977,2026-10-04,13:25,00-0031040,Khalil Mack,LAC,SEA,LB,tackles,2.9,0.0,6.9,0.8967977477961571,0.7280643663811265,eligible,eligible_current_role,starter,,1.0,direct,20260908_1821_tackles_direct,2026-09-30T11:26:54+00:00,2026-09-30T11:27:07+00:00
2026,4,401872977,2026-10-04,13:25,00-0031411,DeMarcus Lawrence,SEA,LAC,LB,tackles,3.4,0.4,7.4,0.9247138353389801,0.8021552065540005,eligible,eligible_current_role,starter,,1.0,direct,20260908_1821_tackles_direct,2026-09-30T11:26:54+00:00,2026-09-30T11:27:07+00:00
2026,4,401872977,2026-10-04,13:25,00-0031492,Jason Myers,SEA,LAC,K,kicking_points,7.6,2.5,13.4,,,eligible,eligible_current_role,starter,Active,1.0,component,20260908_1821_kicking_points_component,2026-09-30T11:26:54+00:00,2026-09-30T11:27:07+00:00
2026,4,401872977,2026-10-04,13:25,00-0031933,Leonard Williams,SEA,LAC,DL,tackles,3.1,1.0,5.8,0.9106976336384977,0.7660101256535107,eligible,eligible_current_role,starter,,1.0,direct,20260908_1821_tackles_direct,2026-09-30T11:26:54+00:00,2026-09-30T11:27:07+00:00
2026,4,401872977,2026-10-04,13:25,00-0032052,Dante Fowler Jr.,SEA,LAC,LB,tackles,1.2,0.0,3.7,0.5720390229059105,0.2814815185855628,eligible,eligible_current_role,backup,,2.0,direct,20260908_1821_tackles_direct,2026-09-30T11:26:54+00:00,2026-09-30T11:27:07+00:00
2026,4,401872977,2026-10-04,13:25,00-0032146,Bud Dupree,LAC,SEA,LB,tackles,1.2,0.0,3.8,0.5867342384467409,0.29566662831942164,eligible,eligible_current_role,backup,,2.0,direct,20260908_1821_tackles_direct,2026-09-30T11:26:54+00:00,2026-09-30T11:27:07+00:00
2026,4,401872977,2026-10-04,13:25,00-0032387,Jarran Reed,SEA,LAC,DL,tackles,2.2,0.3,4.7,0.8294834674442123,0.5887523786396884,eligible,eligible_current_role,starter,,1.0,direct,20260908_1821_tackles_direct,2026-09-30T11:26:54+00:00,2026-09-30T11:27:07+00:00
2026,4,401872977,2026-10-04,13:25,00-0033546,Dalvin Tomlinson,LAC,SEA,DL,tackles,1.6,0.0,4.0,0.7456380314812694,0.464977394747168,eligible,questionable_flag,backup,Questionable,2.0,direct,20260908_1821_tackles_direct,2026-09-30T11:26:54+00:00,2026-09-30T11:27:07+00:00
2026,4,401872977,2026-10-04,13:25,00-0033576,Eric Saubert,SEA,LAC,TE,rushing_yards,0.0,-10.8,15.0,,,eligible,eligible_current_role,backup,,2.0,direct_component_blend,20260908_1821_rushing_yards_blend,2026-09-30T11:26:54+00:00,2026-09-30T11:27:07+00:00
2026,4,401872977,2026-10-04,13:25,00-0033576,Eric Saubert,SEA,LAC,TE,receiving_yards,6.3,-10.9,35.1,,,eligible,eligible_current_role,backup,,2.0,direct_component_blend,20260908_1821_receiving_yards_blend,2026-09-30T11:26:54+00:00,2026-09-30T11:27:07+00:00
2026,4,401872977,2026-10-04,13:25,00-0033908,Cooper Kupp,SEA,LAC,WR,rushing_yards,0.0,-10.8,15.0,,,eligible,eligible_current_role,backup,Active,3.0,direct_component_blend,20260908_1821_rushing_yards_blend,2026-09-30T11:26:54+00:00,2026-09-30T11:27:07+00:00
2026,4,401872977,2026-10-04,13:25,00-0033908,Cooper Kupp,SEA,LAC,WR,receiving_yards,33.1,6.4,82.2,,,eligible,eligible_current_role,backup,Active,3.0,direct_component_blend,20260908_1821_receiving_yards_blend,2026-09-30T11:26:54+00:00,2026-09-30T11:27:07+00:00
2026,4,401872977,2026-10-04,13:25,00-0034272,Marquez Valdes-Scantling,LAC,SEA,WR,rushing_yards,0.0,-10.8,15.0,,,eligible,eligible_current_role,backup,Active,5.0,direct_component_blend,20260908_1821_rushing_yards_blend,2026-09-30T11:26:54+00:00,2026-09-30T11:27:07+00:00
2026,4,401872977,2026-10-04,13:25,00-0034272,Marquez Valdes-Scantling,LAC,SEA,WR,receiving_yards,18.8,-7.9,67.9,,,eligible,eligible_current_role,backup,Active,5.0,direct_component_blend,20260908_1821_receiving_yards_blend,2026-09-30T11:26:54+00:00,2026-09-30T11:27:07+00:00
2026,4,401872977,2026-10-04,13:25,00-0034350,Uchenna Nwosu,SEA,LAC,LB,tackles,2.3,0.4,4.8,0.850262516397945,0.6273554997263965,eligible,eligible_current_role,starter,,1.0,direct,20260908_1821_tackles_direct,2026-09-30T11:26:54+00:00,2026-09-30T11:27:07+00:00
2026,4,401872977,2026-10-04,13:25,00-0034356,Donte Jackson,LAC,SEA,DB,tackles,2.3,0.2,5.1,0.8396043106809925,0.6071580556148091,eligible,questionable_flag,starter,Questionable,1.0,direct,20260908_1821_tackles_direct,2026-09-30T11:26:54+00:00,2026-09-30T11:27:07+00:00
2026,4,401872977,2026-10-04,13:25,00-0034790,Derwin James,LAC,SEA,DB,tackles,6.3,3.6,9.8,0.983495145631068,0.9629721424870225,eligible,eligible_current_role,starter,Active,1.0,direct,20260908_1821_tackles_direct,2026-09-30T11:26:54+00:00,2026-09-30T11:27:07+00:00
2026,4,401872977,2026-10-04,13:25,00-0034869,Sam Darnold,SEA,LAC,QB,passing_yards,209.7,116.2,315.9,,,eligible,eligible_current_role,starter,Active,1.0,direct_component_blend,20260908_1821_passing_yards_blend,2026-09-30T11:26:54+00:00,2026-09-30T11:27:07+00:00
2026,4,401872977,2026-10-04,13:25,00-0034869,Sam Darnold,SEA,LAC,QB,passing_tds,1.225,,,0.6624490300196868,0.39285714285714285,eligible,eligible_current_role,starter,Active,1.0,direct_component_blend,20260908_1821_passing_tds_blend,2026-09-30T11:26:54+00:00,2026-09-30T11:27:07+00:00
2026,4,401872977,2026-10-04,13:25,00-0034869,Sam Darnold,SEA,LAC,QB,rushing_yards,7.0,-5.8,25.0,,,eligible,eligible_current_role,starter,Active,1.0,direct_component_blend,20260908_1821_rushing_yards_blend,2026-09-30T11:26:54+00:00,2026-09-30T11:27:07+00:00
2026,4,401872977,2026-10-04,13:25,00-0034974,Julian Love,SEA,LAC,DB,tackles,5.2,2.5,8.6,0.9809939329277989,0.9366782000104981,eligible,questionable_flag,starter,Questionable,1.0,direct,20260908_1821_tackles_direct,2026-09-30T11:26:54+00:00,2026-09-30T11:27:07+00:00
2026,4,401872977,2026-10-04,13:25,00-0035125,Alec Ingold,LAC,SEA,RB,rushing_yards,1.8,-8.9,16.9,,,eligible,eligible_current_role,starter,,1.0,direct_component_blend,20260908_1821_rushing_yards_blend,2026-09-30T11:26:54+00:00,2026-09-30T11:27:07+00:00
2026,4,401872977,2026-10-04,13:25,00-0035125,Alec Ingold,LAC,SEA,RB,receiving_yards,6.2,-11.0,35.0,,,eligible,eligible_current_role,starter,,1.0,direct_component_blend,20260908_1821_receiving_yards_blend,2026-09-30T11:26:54+00:00,2026-09-30T11:27:07+00:00
2026,4,401872977,2026-10-04,13:25,00-0035202,Del'Shawn Phillips,LAC,SEA,LB,tackles,1.8,0.0,4.3,0.768746035763045,0.4927912840463849,eligible,eligible_current_role,recent_defensive_participant,,,direct,20260908_1821_tackles_direct,2026-09-30T11:26:54+00:00,2026-09-30T11:27:07+00:00
2026,4,401872977,2026-10-04,13:25,00-0035704,Drew Lock,SEA,LAC,QB,rushing_yards,7.0,-3.7,22.0,,,eligible,eligible_current_role,backup,Active,2.0,direct_component_blend,20260908_1821_rushing_yards_blend,2026-09-30T11:26:54+00:00,2026-09-30T11:27:07+00:00
2026,4,401872977,2026-10-04,13:25,00-0036181,Teair Tart,LAC,SEA,DL,tackles,2.0,0.1,4.5,0.7956732421503704,0.5312102036060559,eligible,eligible_current_role,starter,,1.0,direct,20260908_1821_tackles_direct,2026-09-30T11:26:54+00:00,2026-09-30T11:27:07+00:00
2026,4,401872977,2026-10-04,13:25,00-0036338,Troy Dye,LAC,SEA,LB,tackles,2.3,0.4,4.8,0.8429595675301059,0.6133929420129451,eligible,eligible_current_role,recent_defensive_participant,,,direct,20260908_1821_tackles_direct,2026-09-30T11:26:54+00:00,2026-09-30T11:27:07+00:00
2026,4,401872977,2026-10-04,13:25,00-0036355,Justin Herbert,LAC,SEA,QB,passing_yards,229.5,136.0,335.7,,,eligible,eligible_current_role,starter,Active,1.0,direct_component_blend,20260908_1821_passing_yards_blend,2026-09-30T11:26:54+00:00,2026-09-30T11:27:07+00:00
2026,4,401872977,2026-10-04,13:25,00-0036355,Justin Herbert,LAC,SEA,QB,passing_tds,1.464,,,0.8049529834350585,0.46863171866658154,eligible,eligible_current_role,starter,Active,1.0,direct_component_blend,20260908_1821_passing_tds_blend,2026-09-30T11:26:54+00:00,2026-09-30T11:27:07+00:00
2026,4,401872977,2026-10-04,13:25,00-0036355,Justin Herbert,LAC,SEA,QB,rushing_yards,20.6,7.8,38.5,,,eligible,eligible_current_role,starter,Active,1.0,direct_component_blend,20260908_1821_rushing_yards_blend,2026-09-30T11:26:54+00:00,2026-09-30T11:27:07+00:00
2026,4,401872977,2026-10-04,13:25,00-0036992,Elijah Molden,LAC,SEA,DB,tackles,3.7,1.5,6.4,0.9413802770720477,0.8323205901280476,eligible,questionable_flag,starter,Questionable,1.0,direct,20260908_1821_tackles_direct,2026-09-30T11:26:54+00:00,2026-09-30T11:27:07+00:00
2026,4,401872977,2026-10-04,13:25,00-0036994,Ernest Jones,SEA,LAC,LB,tackles,6.8,4.0,11.0,0.983495145631068,0.9631067961165048,eligible,eligible_current_role,recent_defensive_participant,Active,,direct,20260908_1821_tackles_direct,2026-09-30T11:26:54+00:00,2026-09-30T11:27:07+00:00
2026,4,401872977,2026-10-04,13:25,00-0037003,Chazz Surratt,SEA,LAC,LB,tackles,0.7,0.0,3.2,0.4023780457682579,0.12738897688525685,eligible,eligible_current_role,recent_defensive_participant,,,direct,20260908_1821_tackles_direct,2026-09-30T11:26:54+00:00,2026-09-30T11:27:07+00:00
2026,4,401872977,2026-10-04,13:25,00-0037012,Trey Lance,LAC,SEA,QB,rushing_yards,7.7,-5.0,25.7,,,eligible,eligible_current_role,backup,Active,2.0,direct_component_blend,20260908_1821_rushing_yards_blend,2026-09-30T11:26:54+00:00,2026-09-30T11:27:07+00:00
2026,4,401872977,2026-10-04,13:25,00-0037137,Josh Jobe,SEA,LAC,DB,tackles,3.3,0.6,6.8,0.9181608373925518,0.7878487692967018,eligible,eligible_current_role,starter,,1.0,direct,20260908_1821_tackles_direct,2026-09-30T11:26:54+00:00,2026-09-30T11:27:07+00:00
2026,4,401872977,2026-10-04,13:25,00-0037224,Cameron Dicker,LAC,SEA,K,kicking_points,7.0,1.9,12.8,,,eligible,eligible_current_role,starter,Active,1.0,component,20260908_1821_kicking_points_component,2026-09-30T11:26:54+00:00,2026-09-30T11:27:07+00:00
2026,4,401872977,2026-10-04,13:25,00-0037320,Deane Leonard,LAC,SEA,DB,tackles,0.8,0.0,3.3,0.4505318769153817,0.18574605305235495,eligible,eligible_current_role,backup,Active,2.0,direct,20260908_1821_tackles_direct,2026-09-30T11:26:54+00:00,2026-09-30T11:27:07+00:00
2026,4,401872977,2026-10-04,13:25,00-0037323,Rodney Thomas,SEA,LAC,DB,tackles,1.2,0.0,3.7,0.5675217428602071,0.2771377294310278,eligible,eligible_current_role,backup,Active,2.0,direct,20260908_1821_tackles_direct,2026-09-30T11:26:54+00:00,2026-09-30T11:27:07+00:00
2026,4,401872977,2026-10-04,13:25,00-0037545,Rashid Shaheed,SEA,LAC,WR,rushing_yards,1.3,-9.4,16.4,,,eligible,eligible_current_role,backup,Active,2.0,direct_component_blend,20260908_1821_rushing_yards_blend,2026-09-30T11:26:54+00:00,2026-09-30T11:27:07+00:00
2026,4,401872977,2026-10-04,13:25,00-0037545,Rashid Shaheed,SEA,LAC,WR,receiving_yards,14.2,-3.0,43.0,,,eligible,eligible_current_role,backup,Active,2.0,direct_component_blend,20260908_1821_receiving_yards_blend,2026-09-30T11:26:54+00:00,2026-09-30T11:27:07+00:00
2026,4,401872977,2026-10-04,13:25,00-0037745,Velus Jones Jr.,SEA,LAC,RB,rushing_yards,7.7,-3.0,22.8,,,eligible,eligible_current_role,roster_only,,,direct_component_blend,20260908_1821_rushing_yards_blend,2026-09-30T11:26:54+00:00,2026-09-30T11:27:07+00:00
2026,4,401872977,2026-10-04,13:25,00-0037745,Velus Jones Jr.,SEA,LAC,RB,receiving_yards,0.9,-16.2,29.7,,,eligible,eligible_current_role,roster_only,,,direct_component_blend,20260908_1821_receiving_yards_blend,2026-09-30T11:26:54+00:00,2026-09-30T11:27:07+00:00
2026,4,401872977,2026-10-04,13:25,00-0038046,Charlie Kolar,LAC,SEA,TE,rushing_yards,0.0,-10.8,14.9,,,eligible,eligible_current_role,starter,Doubtful,1.0,direct_component_blend,20260908_1821_rushing_yards_blend,2026-09-30T11:26:54+00:00,2026-09-30T11:27:07+00:00
2026,4,401872977,2026-10-04,13:25,00-0038046,Charlie Kolar,LAC,SEA,TE,receiving_yards,7.0,-10.1,35.8,,,eligible,eligible_current_role,starter,Doubtful,1.0,direct_component_blend,20260908_1821_receiving_yards_blend,2026-09-30T11:26:54+00:00,2026-09-30T11:27:07+00:00
2026,4,401872977,2026-10-04,13:25,00-0038414,Kendall Williamson,LAC,SEA,DB,tackles,0.9,0.0,3.3,0.47277036242217146,0.20085970750944984,eligible,eligible_current_role,backup,,3.0,direct,20260908_1821_tackles_direct,2026-09-30T11:26:54+00:00,2026-09-30T11:27:07+00:00
2026,4,401872977,2026-10-04,13:25,00-0038454,Keaton Mitchell,LAC,SEA,RB,rushing_yards,21.6,-0.4,52.6,,,eligible,eligible_current_role,backup,Active,2.0,direct_component_blend,20260908_1821_rushing_yards_blend,2026-09-30T11:26:54+00:00,2026-09-30T11:27:07+00:00
2026,4,401872977,2026-10-04,13:25,00-0038454,Keaton Mitchell,LAC,SEA,RB,receiving_yards,4.0,-13.2,32.8,,,eligible,eligible_current_role,backup,Active,2.0,direct_component_blend,20260908_1821_receiving_yards_blend,2026-09-30T11:26:54+00:00,2026-09-30T11:27:07+00:00
2026,4,401872977,2026-10-04,13:25,00-0038488,Brady Russell,SEA,LAC,RB,rushing_yards,0.5,-10.2,15.5,,,eligible,eligible_current_role,starter,Active,1.0,direct_component_blend,20260908_1821_rushing_yards_blend,2026-09-30T11:26:54+00:00,2026-09-30T11:27:07+00:00
2026,4,401872977,2026-10-04,13:25,00-0038488,Brady Russell,SEA,LAC,RB,receiving_yards,2.4,-14.8,31.2,,,eligible,eligible_current_role,starter,Active,1.0,direct_component_blend,20260908_1821_receiving_yards_blend,2026-09-30T11:26:54+00:00,2026-09-30T11:27:07+00:00
2026,4,401872977,2026-10-04,13:25,00-0038543,Jaxon Smith-Njigba,SEA,LAC,WR,rushing_yards,0.1,-10.6,15.1,,,eligible,eligible_current_role,starter,Active,1.0,direct_component_blend,20260908_1821_rushing_yards_blend,2026-09-30T11:26:54+00:00,2026-09-30T11:27:07+00:00
2026,4,401872977,2026-10-04,13:25,00-0038543,Jaxon Smith-Njigba,SEA,LAC,WR,receiving_yards,64.0,37.4,113.2,,,eligible,eligible_current_role,starter,Active,1.0,direct_component_blend,20260908_1821_receiving_yards_blend,2026-09-30T11:26:54+00:00,2026-09-30T11:27:07+00:00
2026,4,401872977,2026-10-04,13:25,00-0038544,Quentin Johnston,LAC,SEA,WR,rushing_yards,0.5,-10.2,15.5,,,eligible,eligible_current_role,backup,Active,2.0,direct_component_blend,20260908_1821_rushing_yards_blend,2026-09-30T11:26:54+00:00,2026-09-30T11:27:07+00:00
2026,4,401872977,2026-10-04,13:25,00-0038544,Quentin Johnston,LAC,SEA,WR,receiving_yards,38.3,11.6,87.4,,,eligible,eligible_current_role,backup,Active,2.0,direct_component_blend,20260908_1821_receiving_yards_blend,2026-09-30T11:26:54+00:00,2026-09-30T11:27:07+00:00
2026,4,401872977,2026-10-04,13:25,00-0038553,Daiyan Henley,LAC,SEA,LB,tackles,6.7,3.8,10.7,0.983495145631068,0.9631067961165048,eligible,eligible_current_role,recent_defensive_participant,,,direct,20260908_1821_tackles_direct,2026-09-30T11:26:54+00:00,2026-09-30T11:27:07+00:00
2026,4,401872977,2026-10-04,13:25,00-0038573,Derius Davis,LAC,SEA,WR,rushing_yards,0.4,-10.3,15.5,,,eligible,eligible_current_role,backup,,6.0,direct_component_blend,20260908_1821_rushing_yards_blend,2026-09-30T11:26:54+00:00,2026-09-30T11:27:07+00:00
2026,4,401872977,2026-10-04,13:25,00-0038573,Derius Davis,LAC,SEA,WR,receiving_yards,0.8,-16.4,29.6,,,eligible,eligible_current_role,backup,,6.0,direct_component_blend,20260908_1821_receiving_yards_blend,2026-09-30T11:26:54+00:00,2026-09-30T11:27:07+00:00
2026,4,401872977,2026-10-04,13:25,00-0038591,Mike Morris,SEA,LAC,DL,tackles,1.1,0.0,3.5,0.554015438057355,0.264530323044602,eligible,eligible_current_role,backup,,2.0,direct,20260908_1821_tackles_direct,2026-09-30T11:26:54+00:00,2026-09-30T11:27:07+00:00
2026,4,401872977,2026-10-04,13:25,00-0038694,Brandon Pili,SEA,LAC,DL,tackles,1.0,0.0,3.5,0.5456906696497663,0.25703460043392967,eligible,questionable_flag,backup,Questionable,2.0,direct,20260908_1821_tackles_direct,2026-09-30T11:26:54+00:00,2026-09-30T11:27:07+00:00
2026,4,401872977,2026-10-04,13:25,00-0038764,Patrick O'Connell,SEA,LAC,LB,tackles,1.4,0.0,3.9,0.659173868738555,0.36618782502552855,eligible,eligible_current_role,recent_defensive_participant,,,direct,20260908_1821_tackles_direct,2026-09-30T11:26:54+00:00,2026-09-30T11:27:07+00:00
2026,4,401872977,2026-10-04,13:25,00-0038765,Ty Okada,SEA,LAC,DB,tackles,3.6,1.5,6.4,0.9389454655046545,0.8277301462250458,eligible,questionable_flag,starter,Questionable,1.0,direct,20260908_1821_tackles_direct,2026-09-30T11:26:54+00:00,2026-09-30T11:27:07+00:00
2026,4,401872977,2026-10-04,13:25,00-0038797,Emanuel Wilson,SEA,LAC,RB,rushing_yards,29.9,7.9,60.8,,,eligible,eligible_current_role,backup,Active,2.0,direct_component_blend,20260908_1821_rushing_yards_blend,2026-09-30T11:26:54+00:00,2026-09-30T11:27:07+00:00
2026,4,401872977,2026-10-04,13:25,00-0038797,Emanuel Wilson,SEA,LAC,RB,receiving_yards,4.5,-12.7,33.3,,,eligible,eligible_current_role,backup,Active,2.0,direct_component_blend,20260908_1821_receiving_yards_blend,2026-09-30T11:26:54+00:00,2026-09-30T11:27:07+00:00
2026,4,401872977,2026-10-04,13:25,00-0038866,AJ Finley,SEA,LAC,DB,tackles,0.8,0.0,3.3,0.4587896285840306,0.19125775264934874,eligible,eligible_current_role,backup,,2.0,direct,20260908_1821_tackles_direct,2026-09-30T11:26:54+00:00,2026-09-30T11:27:07+00:00
2026,4,401872977,2026-10-04,13:25,00-0038922,Drake Thomas,SEA,LAC,LB,tackles,5.7,2.8,9.7,0.9826148118151256,0.9531255116135643,eligible,eligible_current_role,recent_defensive_participant,,,direct,20260908_1821_tackles_direct,2026-09-30T11:26:54+00:00,2026-09-30T11:27:07+00:00
2026,4,401872977,2026-10-04,13:25,00-0039047,Derick Hall,SEA,LAC,LB,tackles,2.0,0.1,4.5,0.8029475962202499,0.5431155923041089,eligible,eligible_current_role,backup,,2.0,direct,20260908_1821_tackles_direct,2026-09-30T11:26:54+00:00,2026-09-30T11:27:07+00:00
2026,4,401872977,2026-10-04,13:25,00-0039111,Tuli Tuipulotu,LAC,SEA,LB,tackles,3.1,0.2,7.2,0.9122128709387713,0.7703523057299162,eligible,eligible_current_role,starter,Active,1.0,direct,20260908_1821_tackles_direct,2026-09-30T11:26:54+00:00,2026-09-30T11:27:07+00:00
2026,4,401872977,2026-10-04,13:25,00-0039169,Devon Witherspoon,SEA,LAC,DB,tackles,5.8,3.2,9.3,0.9828057437327502,0.9551816625817238,eligible,eligible_current_role,starter,,1.0,direct,20260908_1821_tackles_direct,2026-09-30T11:26:54+00:00,2026-09-30T11:27:07+00:00
2026,4,401872977,2026-10-04,13:25,00-0039299,George Holani,SEA,LAC,RB,rushing_yards,9.9,-12.1,40.8,,,eligible,eligible_current_role,backup,Active,3.0,direct_component_blend,20260908_1821_rushing_yards_blend,2026-09-30T11:26:54+00:00,2026-09-30T11:27:07+00:00
2026,4,401872977,2026-10-04,13:25,00-0039299,George Holani,SEA,LAC,RB,receiving_yards,2.7,-14.5,31.5,,,eligible,eligible_current_role,backup,Active,3.0,direct_component_blend,20260908_1821_receiving_yards_blend,2026-09-30T11:26:54+00:00,2026-09-30T11:27:07+00:00
2026,4,401872977,2026-10-04,13:25,00-0039309,Byron Murphy II,SEA,LAC,DL,tackles,3.1,0.9,5.8,0.9101885377862373,0.7645611062673464,eligible,eligible_current_role,starter,,1.0,direct,20260908_1821_tackles_direct,2026-09-30T11:26:54+00:00,2026-09-30T11:27:07+00:00
2026,4,401872977,2026-10-04,13:25,00-0039366,Tarheeb Still,LAC,SEA,DB,tackles,4.0,1.3,7.4,0.951628166126953,0.8527939198643251,eligible,eligible_current_role,starter,,1.0,direct,20260908_1821_tackles_direct,2026-09-30T11:26:54+00:00,2026-09-30T11:27:07+00:00
2026,4,401872977,2026-10-04,13:25,00-0039369,Cam Hart,LAC,SEA,DB,tackles,3.6,1.0,7.1,0.9380832289154367,0.8261210505851974,eligible,eligible_current_role,starter,,1.0,direct,20260908_1821_tackles_direct,2026-09-30T11:26:54+00:00,2026-09-30T11:27:07+00:00
2026,4,401872977,2026-10-04,13:25,00-0039391,Kimani Vidal,LAC,SEA,RB,rushing_yards,26.3,4.3,57.2,,,eligible,eligible_current_role,backup,,3.0,direct_component_blend,20260908_1821_rushing_yards_blend,2026-09-30T11:26:54+00:00,2026-09-30T11:27:07+00:00
2026,4,401872977,2026-10-04,13:25,00-0039391,Kimani Vidal,LAC,SEA,RB,receiving_yards,9.4,-7.8,38.2,,,eligible,eligible_current_role,backup,,3.0,direct_component_blend,20260908_1821_receiving_yards_blend,2026-09-30T11:26:54+00:00,2026-09-30T11:27:07+00:00
2026,4,401872977,2026-10-04,13:25,00-0039489,Hayden Rucci,LAC,SEA,TE,rushing_yards,0.0,-11.9,16.4,,,eligible,eligible_current_role,backup,,3.0,direct_component_blend,20260908_1821_rushing_yards_blend,2026-09-30T11:26:54+00:00,2026-09-30T11:27:07+00:00
2026,4,401872977,2026-10-04,13:25,00-0039489,Hayden Rucci,LAC,SEA,TE,receiving_yards,1.7,-17.0,33.6,,,eligible,eligible_current_role,backup,,3.0,direct_component_blend,20260908_1821_receiving_yards_blend,2026-09-30T11:26:54+00:00,2026-09-30T11:27:07+00:00
2026,4,401872977,2026-10-04,13:25,00-0039793,AJ Barner,SEA,LAC,TE,rushing_yards,0.3,-10.4,15.3,,,eligible,eligible_current_role,starter,Active,1.0,direct_component_blend,20260908_1821_rushing_yards_blend,2026-09-30T11:26:54+00:00,2026-09-30T11:27:07+00:00
2026,4,401872977,2026-10-04,13:25,00-0039793,AJ Barner,SEA,LAC,TE,receiving_yards,29.1,9.4,63.3,,,eligible,eligible_current_role,starter,Active,1.0,direct_component_blend,20260908_1821_receiving_yards_blend,2026-09-30T11:26:54+00:00,2026-09-30T11:27:07+00:00
2026,4,401872977,2026-10-04,13:25,00-0039795,Nehemiah Pritchett,SEA,LAC,DB,tackles,1.2,0.0,3.8,0.5898119940449112,0.2983761832193637,eligible,eligible_current_role,backup,,2.0,direct,20260908_1821_tackles_direct,2026-09-30T11:26:54+00:00,2026-09-30T11:27:07+00:00
2026,4,401872977,2026-10-04,13:25,00-0039815,Tyrice Knight,SEA,LAC,LB,tackles,2.1,0.2,4.6,0.8140461021353869,0.5617659426293953,eligible,eligible_current_role,recent_defensive_participant,,,direct,20260908_1821_tackles_direct,2026-09-30T11:26:54+00:00,2026-09-30T11:27:07+00:00
2026,4,401872977,2026-10-04,13:25,00-0039835,Justin Eboigbe,LAC,SEA,DL,tackles,1.8,0.0,4.2,0.7675783941192773,0.4913277718340929,eligible,eligible_current_role,starter,,1.0,direct,20260908_1821_tackles_direct,2026-09-30T11:26:54+00:00,2026-09-30T11:27:07+00:00
2026,4,401872977,2026-10-04,13:25,00-0039915,Ladd McConkey,LAC,SEA,WR,rushing_yards,0.0,-10.8,15.0,,,eligible,eligible_current_role,starter,Active,1.0,direct_component_blend,20260908_1821_rushing_yards_blend,2026-09-30T11:26:54+00:00,2026-09-30T11:27:07+00:00
2026,4,401872977,2026-10-04,13:25,00-0039915,Ladd McConkey,LAC,SEA,WR,receiving_yards,45.7,28.5,74.5,,,eligible,eligible_current_role,starter,Active,1.0,direct_component_blend,20260908_1821_receiving_yards_blend,2026-09-30T11:26:54+00:00,2026-09-30T11:27:07+00:00
2026,4,401872977,2026-10-04,13:25,00-0040058,Nick Kallerup,SEA,LAC,TE,rushing_yards,0.0,-10.8,15.0,,,eligible,eligible_current_role,backup,,4.0,direct_component_blend,20260908_1821_rushing_yards_blend,2026-09-30T11:26:54+00:00,2026-09-30T11:27:07+00:00
2026,4,401872977,2026-10-04,13:25,00-0040058,Nick Kallerup,SEA,LAC,TE,receiving_yards,2.3,-14.9,31.1,,,eligible,eligible_current_role,backup,,4.0,direct_component_blend,20260908_1821_receiving_yards_blend,2026-09-30T11:26:54+00:00,2026-09-30T11:27:07+00:00
2026,4,401872977,2026-10-04,13:25,00-0040061,Connor O'Toole,SEA,LAC,LB,tackles,1.1,0.0,3.6,0.5620248338188023,0.2719387402739331,eligible,eligible_current_role,backup,Active,3.0,direct,20260908_1821_tackles_direct,2026-09-30T11:26:54+00:00,2026-09-30T11:27:07+00:00
2026,4,401872977,2026-10-04,13:25,00-0040144,Jamaree Caldwell,LAC,SEA,DL,tackles,1.8,0.0,4.3,0.7697179708514357,0.494014464189738,eligible,eligible_current_role,starter,,1.0,direct,20260908_1821_tackles_direct,2026-09-30T11:26:54+00:00,2026-09-30T11:27:07+00:00
2026,4,401872977,2026-10-04,13:25,00-0040189,Oronde Gadsden II,LAC,SEA,TE,rushing_yards,0.0,-10.8,14.9,,,eligible,eligible_current_role,backup,Active,2.0,direct_component_blend,20260908_1821_rushing_yards_blend,2026-09-30T11:26:54+00:00,2026-09-30T11:27:07+00:00
2026,4,401872977,2026-10-04,13:25,00-0040189,Oronde Gadsden II,LAC,SEA,TE,receiving_yards,30.1,10.4,64.3,,,eligible,eligible_current_role,backup,Active,2.0,direct_component_blend,20260908_1821_receiving_yards_blend,2026-09-30T11:26:54+00:00,2026-09-30T11:27:07+00:00
2026,4,401872977,2026-10-04,13:25,00-0040221,R.J. Mickens,LAC,SEA,DB,tackles,2.0,0.0,4.8,0.7988641842189492,0.5364023935792772,eligible,eligible_current_role,backup,,3.0,direct,20260908_1821_tackles_direct,2026-09-30T11:26:54+00:00,2026-09-30T11:27:07+00:00
2026,4,401872977,2026-10-04,13:25,00-0040331,Patrick Herbert,LAC,SEA,TE,rushing_yards,0.0,-14.8,20.6,,,eligible,eligible_current_role,roster_only,,,direct_component_blend,20260908_1821_rushing_yards_blend,2026-09-30T11:26:54+00:00,2026-09-30T11:27:07+00:00
2026,4,401872977,2026-10-04,13:25,00-0040331,Patrick Herbert,LAC,SEA,TE,receiving_yards,3.9,-18.7,44.5,,,eligible,eligible_current_role,roster_only,,,direct_component_blend,20260908_1821_receiving_yards_blend,2026-09-30T11:26:54+00:00,2026-09-30T11:27:07+00:00
2026,4,401872977,2026-10-04,13:25,00-0040464,DJ Uiagalelei,LAC,SEA,QB,rushing_yards,8.1,-9.5,32.8,,,eligible,eligible_current_role,backup,Active,3.0,direct_component_blend,20260908_1821_rushing_yards_blend,2026-09-30T11:26:54+00:00,2026-09-30T11:27:07+00:00
2026,4,401872977,2026-10-04,13:25,00-0040621,Montorie Foster Jr,SEA,LAC,WR,rushing_yards,0.0,-14.8,20.6,,,eligible,eligible_current_role,backup,Active,5.0,direct_component_blend,20260908_1821_rushing_yards_blend,2026-09-30T11:26:54+00:00,2026-09-30T11:27:07+00:00
2026,4,401872977,2026-10-04,13:25,00-0040621,Montorie Foster Jr,SEA,LAC,WR,receiving_yards,6.4,-16.3,47.0,,,eligible,eligible_current_role,backup,Active,5.0,direct_component_blend,20260908_1821_receiving_yards_blend,2026-09-30T11:26:54+00:00,2026-09-30T11:27:07+00:00
2026,4,401872977,2026-10-04,13:25,00-0040647,Rylie Mills,SEA,LAC,DL,tackles,0.9,0.0,3.7,0.49916779379650866,0.21995019788616077,eligible,eligible_current_role,backup,,2.0,direct,20260908_1821_tackles_direct,2026-09-30T11:26:54+00:00,2026-09-30T11:27:07+00:00
2026,4,401872977,2026-10-04,13:25,00-0040648,Tory Horton,SEA,LAC,WR,rushing_yards,0.0,-10.8,15.0,,,eligible,eligible_current_role,backup,Active,4.0,direct_component_blend,20260908_1821_rushing_yards_blend,2026-09-30T11:26:54+00:00,2026-09-30T11:27:07+00:00
2026,4,401872977,2026-10-04,13:25,00-0040648,Tory Horton,SEA,LAC,WR,receiving_yards,24.5,7.3,53.3,,,eligible,eligible_current_role,backup,Active,4.0,direct_component_blend,20260908_1821_receiving_yards_blend,2026-09-30T11:26:54+00:00,2026-09-30T11:27:07+00:00
2026,4,401872977,2026-10-04,13:25,00-0040666,Omarion Hampton,LAC,SEA,RB,rushing_yards,50.2,28.2,81.1,,,eligible,eligible_current_role,starter,Active,1.0,direct_component_blend,20260908_1821_rushing_yards_blend,2026-09-30T11:26:54+00:00,2026-09-30T11:27:07+00:00
2026,4,401872977,2026-10-04,13:25,00-0040666,Omarion Hampton,LAC,SEA,RB,receiving_yards,20.4,3.2,49.2,,,eligible,eligible_current_role,starter,Active,1.0,direct_component_blend,20260908_1821_receiving_yards_blend,2026-09-30T11:26:54+00:00,2026-09-30T11:27:07+00:00
2026,4,401872977,2026-10-04,13:25,00-0040673,Jalen Milroe,SEA,LAC,QB,rushing_yards,3.0,-8.7,19.6,,,eligible,eligible_current_role,backup,Active,3.0,direct_component_blend,20260908_1821_rushing_yards_blend,2026-09-30T11:26:54+00:00,2026-09-30T11:27:07+00:00
2026,4,401872977,2026-10-04,13:25,00-0040727,Tre Harris,LAC,SEA,WR,rushing_yards,0.5,-10.2,15.5,,,eligible,eligible_current_role,backup,Active,3.0,direct_component_blend,20260908_1821_rushing_yards_blend,2026-09-30T11:26:54+00:00,2026-09-30T11:27:07+00:00
2026,4,401872977,2026-10-04,13:25,00-0040727,Tre Harris,LAC,SEA,WR,receiving_yards,18.9,1.7,47.7,,,eligible,eligible_current_role,backup,Active,3.0,direct_component_blend,20260908_1821_receiving_yards_blend,2026-09-30T11:26:54+00:00,2026-09-30T11:27:07+00:00
2026,4,401872977,2026-10-04,13:25,00-0040733,Nick Emmanwori,SEA,LAC,DB,tackles,5.7,3.1,9.2,0.9826256874881459,0.9532418099690597,eligible,eligible_current_role,starter,Active,1.0,direct,20260908_1821_tackles_direct,2026-09-30T11:26:54+00:00,2026-09-30T11:27:07+00:00
2026,4,401872977,2026-10-04,13:25,00-0040739,Elijah Arroyo,SEA,LAC,TE,rushing_yards,0.0,-10.8,15.0,,,eligible,eligible_current_role,backup,Active,3.0,direct_component_blend,20260908_1821_rushing_yards_blend,2026-09-30T11:26:54+00:00,2026-09-30T11:27:07+00:00
2026,4,401872977,2026-10-04,13:25,00-0040739,Elijah Arroyo,SEA,LAC,TE,receiving_yards,6.1,-11.0,34.9,,,eligible,eligible_current_role,backup,Active,3.0,direct_component_blend,20260908_1821_receiving_yards_blend,2026-09-30T11:26:54+00:00,2026-09-30T11:27:07+00:00
2026,4,401872977,2026-10-04,13:25,00-0040873,Julian Neal,SEA,LAC,DB,tackles,2.1,0.0,6.1,0.8229486347351649,0.5771740822221209,eligible,eligible_current_role,backup,,2.0,direct,20260908_1821_tackles_direct,2026-09-30T11:26:54+00:00,2026-09-30T11:27:07+00:00
2026,4,401872977,2026-10-04,13:25,00-0041064,Genesis Smith,LAC,SEA,DB,tackles,2.2,0.0,6.1,0.8267235706979249,0.5838340013053168,eligible,eligible_current_role,backup,,2.0,direct,20260908_1821_tackles_direct,2026-09-30T11:26:54+00:00,2026-09-30T11:27:07+00:00
2026,4,401872977,2026-10-04,13:25,00-0041072,Nick Barrett,LAC,SEA,DL,tackles,1.2,0.0,4.7,0.5711552456104576,0.28062656242844725,eligible,eligible_current_role,backup,,2.0,direct,20260908_1821_tackles_direct,2026-09-30T11:26:54+00:00,2026-09-30T11:27:07+00:00
2026,4,401872977,2026-10-04,13:25,00-0041374,Sincere Brown,LAC,SEA,WR,rushing_yards,0.0,-14.7,20.7,,,eligible,eligible_current_role,roster_only,,,direct_component_blend,20260908_1821_rushing_yards_blend,2026-09-30T11:26:54+00:00,2026-09-30T11:27:07+00:00
2026,4,401872977,2026-10-04,13:25,00-0041374,Sincere Brown,LAC,SEA,WR,receiving_yards,6.4,-16.2,47.0,,,eligible,eligible_current_role,roster_only,,,direct_component_blend,20260908_1821_receiving_yards_blend,2026-09-30T11:26:54+00:00,2026-09-30T11:27:07+00:00
2026,4,401872977,2026-10-04,13:25,00-0041381,Rodney Shelley,LAC,SEA,DB,tackles,2.2,0.0,6.1,0.8267235706979249,0.5838340013053168,eligible,eligible_current_role,backup,Active,2.0,direct,20260908_1821_tackles_direct,2026-09-30T11:26:54+00:00,2026-09-30T11:27:07+00:00
2026,4,401872977,2026-10-04,13:25,00-0041382,Avery Smith,SEA,LAC,DB,tackles,1.9,0.0,5.9,0.7793900302203445,0.5064393270458887,eligible,eligible_current_role,backup,Active,3.0,direct,20260908_1821_tackles_direct,2026-09-30T11:26:54+00:00,2026-09-30T11:27:07+00:00
2026,4,401872977,2026-10-04,13:25,00-0041512,Jadarian Price,SEA,LAC,RB,rushing_yards,20.3,-10.0,62.8,,,eligible,eligible_current_role,starter,Active,1.0,direct_component_blend,20260908_1821_rushing_yards_blend,2026-09-30T11:26:54+00:00,2026-09-30T11:27:07+00:00
2026,4,401872977,2026-10-04,13:25,00-0041512,Jadarian Price,SEA,LAC,RB,receiving_yards,6.1,-16.5,46.7,,,eligible,eligible_current_role,starter,Active,1.0,direct_component_blend,20260908_1821_receiving_yards_blend,2026-09-30T11:26:54+00:00,2026-09-30T11:27:07+00:00
2026,4,401872977,2026-10-04,13:25,00-0041542,Malick Meiga,SEA,LAC,WR,rushing_yards,0.0,-14.7,20.7,,,eligible,eligible_current_role,roster_only,,,direct_component_blend,20260908_1821_rushing_yards_blend,2026-09-30T11:26:54+00:00,2026-09-30T11:27:07+00:00
2026,4,401872977,2026-10-04,13:25,00-0041542,Malick Meiga,SEA,LAC,WR,receiving_yards,6.7,-15.9,47.3,,,eligible,eligible_current_role,roster_only,,,direct_component_blend,20260908_1821_receiving_yards_blend,2026-09-30T11:26:54+00:00,2026-09-30T11:27:07+00:00
2026,4,401872977,2026-10-04,13:25,00-0041544,Akheem Mesidor,LAC,SEA,LB,tackles,1.6,0.0,5.1,0.7497548276802458,0.46976183497069396,eligible,eligible_current_role,backup,,2.0,direct,20260908_1821_tackles_direct,2026-09-30T11:26:54+00:00,2026-09-30T11:27:07+00:00
2026,4,401872977,2026-10-04,13:25,00-0041550,Brenen Thompson,LAC,SEA,WR,rushing_yards,0.0,-14.8,20.6,,,eligible,questionable_flag,backup,Questionable,4.0,direct_component_blend,20260908_1821_rushing_yards_blend,2026-09-30T11:26:54+00:00,2026-09-30T11:27:07+00:00
2026,4,401872977,2026-10-04,13:25,00-0041550,Brenen Thompson,LAC,SEA,WR,receiving_yards,5.9,-16.8,46.4,,,eligible,questionable_flag,backup,Questionable,4.0,direct_component_blend,20260908_1821_receiving_yards_blend,2026-09-30T11:26:54+00:00,2026-09-30T11:27:07+00:00
2026,4,401872978,2026-10-04,20:20,00-0031237,Teddy Bridgewater,DET,CAR,QB,rushing_yards,6.0,-4.8,21.0,,,eligible,eligible_current_role,roster_only,,,direct_component_blend,20260908_1821_rushing_yards_blend,2026-09-30T11:26:54+00:00,2026-09-30T11:27:07+00:00
2026,4,401872978,2026-10-04,20:20,00-0031610,Darren Waller,CAR,DET,TE,rushing_yards,0.0,-10.8,15.0,,,eligible,eligible_current_role,backup,Active,2.0,direct_component_blend,20260908_1821_rushing_yards_blend,2026-09-30T11:26:54+00:00,2026-09-30T11:27:07+00:00
2026,4,401872978,2026-10-04,20:20,00-0031610,Darren Waller,CAR,DET,TE,receiving_yards,22.2,2.5,56.4,,,eligible,eligible_current_role,backup,Active,2.0,direct_component_blend,20260908_1821_receiving_yards_blend,2026-09-30T11:26:54+00:00,2026-09-30T11:27:07+00:00
2026,4,401872978,2026-10-04,20:20,00-0033106,Jared Goff,DET,CAR,QB,passing_yards,242.9,149.4,349.1,,,eligible,eligible_current_role,starter,Active,1.0,direct_component_blend,20260908_1821_passing_yards_blend,2026-09-30T11:26:54+00:00,2026-09-30T11:27:07+00:00
2026,4,401872978,2026-10-04,20:20,00-0033106,Jared Goff,DET,CAR,QB,passing_tds,1.654,,,0.8125,0.5119047619047619,eligible,eligible_current_role,starter,Active,1.0,direct_component_blend,20260908_1821_passing_tds_blend,2026-09-30T11:26:54+00:00,2026-09-30T11:27:07+00:00
2026,4,401872978,2026-10-04,20:20,00-0033106,Jared Goff,DET,CAR,QB,rushing_yards,4.2,-6.5,19.3,,,eligible,eligible_current_role,starter,Active,1.0,direct_component_blend,20260908_1821_rushing_yards_blend,2026-09-30T11:26:54+00:00,2026-09-30T11:27:07+00:00
2026,4,401872978,2026-10-04,20:20,00-0033294,Chuck Clark,DET,CAR,DB,tackles,3.7,1.5,6.4,0.942024525295144,0.8335470965400535,eligible,eligible_current_role,starter,Active,1.0,direct,20260908_1821_tackles_direct,2026-09-30T11:26:54+00:00,2026-09-30T11:27:07+00:00
2026,4,401872978,2026-10-04,20:20,00-0033589,David Moore,CAR,DET,WR,rushing_yards,0.2,-10.5,15.2,,,eligible,eligible_current_role,roster_only,,,direct_component_blend,20260908_1821_rushing_yards_blend,2026-09-30T11:26:54+00:00,2026-09-30T11:27:07+00:00
2026,4,401872978,2026-10-04,20:20,00-0033589,David Moore,CAR,DET,WR,receiving_yards,4.0,-13.2,32.8,,,eligible,eligible_current_role,roster_only,,,direct_component_blend,20260908_1821_receiving_yards_blend,2026-09-30T11:26:54+00:00,2026-09-30T11:27:07+00:00
2026,4,401872978,2026-10-04,20:20,00-0033949,Joshua Dobbs,DET,CAR,QB,rushing_yards,9.9,-2.9,27.9,,,eligible,eligible_current_role,backup,,2.0,direct_component_blend,20260908_1821_rushing_yards_blend,2026-09-30T11:26:54+00:00,2026-09-30T11:27:07+00:00
2026,4,401872978,2026-10-04,20:20,00-0034270,Tyler Conklin,DET,CAR,TE,rushing_yards,0.0,-10.7,15.1,,,eligible,eligible_current_role,backup,Active,4.0,direct_component_blend,20260908_1821_rushing_yards_blend,2026-09-30T11:26:54+00:00,2026-09-30T11:27:07+00:00
2026,4,401872978,2026-10-04,20:20,00-0034270,Tyler Conklin,DET,CAR,TE,receiving_yards,7.1,-10.0,35.9,,,eligible,eligible_current_role,backup,Active,4.0,direct_component_blend,20260908_1821_receiving_yards_blend,2026-09-30T11:26:54+00:00,2026-09-30T11:27:07+00:00
2026,4,401872978,2026-10-04,20:20,00-0034384,D.J. Reed,DET,CAR,DB,tackles,4.8,2.1,8.2,0.9778500013629284,0.9186922461642245,eligible,eligible_current_role,starter,,1.0,direct,20260908_1821_tackles_direct,2026-09-30T11:26:54+00:00,2026-09-30T11:27:07+00:00
2026,4,401872978,2026-10-04,20:20,00-0034440,Justin Jackson,DET,CAR,RB,rushing_yards,17.2,-13.1,59.7,,,eligible,eligible_current_role,roster_only,,,direct_component_blend,20260908_1821_rushing_yards_blend,2026-09-30T11:26:54+00:00,2026-09-30T11:27:07+00:00
2026,4,401872978,2026-10-04,20:20,00-0034440,Justin Jackson,DET,CAR,RB,receiving_yards,3.5,-19.1,44.1,,,eligible,eligible_current_role,roster_only,,,direct_component_blend,20260908_1821_receiving_yards_blend,2026-09-30T11:26:54+00:00,2026-09-30T11:27:07+00:00
2026,4,401872978,2026-10-04,20:20,00-0035251,Will Grier,CAR,DET,QB,rushing_yards,9.8,-4.3,29.5,,,eligible,eligible_current_role,roster_only,,,direct_component_blend,20260908_1821_rushing_yards_blend,2026-09-30T11:26:54+00:00,2026-09-30T11:27:07+00:00
2026,4,401872978,2026-10-04,20:20,00-0035277,Mike Jackson,CAR,DET,DB,tackles,3.6,1.0,7.1,0.9374138606847342,0.8248776615070147,eligible,questionable_flag,starter,Questionable,1.0,direct,20260908_1821_tackles_direct,2026-09-30T11:26:54+00:00,2026-09-30T11:27:07+00:00
2026,4,401872978,2026-10-04,20:20,00-0035352,Tyrel Dodson,CAR,DET,LB,tackles,6.2,3.2,10.2,0.9834076548511834,0.9618928655232643,eligible,eligible_current_role,recent_defensive_participant,,,direct,20260908_1821_tackles_direct,2026-09-30T11:26:54+00:00,2026-09-30T11:27:07+00:00
2026,4,401872978,2026-10-04,20:20,00-0035544,Tom Kennedy,DET,CAR,WR,rushing_yards,0.0,-10.7,15.0,,,eligible,eligible_current_role,backup,,4.0,direct_component_blend,20260908_1821_rushing_yards_blend,2026-09-30T11:26:54+00:00,2026-09-30T11:27:07+00:00
2026,4,401872978,2026-10-04,20:20,00-0035544,Tom Kennedy,DET,CAR,WR,receiving_yards,1.1,-16.1,29.9,,,eligible,eligible_current_role,backup,,4.0,direct_component_blend,20260908_1821_receiving_yards_blend,2026-09-30T11:26:54+00:00,2026-09-30T11:27:07+00:00
2026,4,401872978,2026-10-04,20:20,00-0035637,Rock Ya-Sin,DET,CAR,DB,tackles,3.8,1.1,7.3,0.9453053761917309,0.8398743358565964,eligible,eligible_current_role,backup,,2.0,direct,20260908_1821_tackles_direct,2026-09-30T11:26:54+00:00,2026-09-30T11:27:07+00:00
2026,4,401872978,2026-10-04,20:20,00-0035669,Nick Scott,CAR,DET,DB,tackles,4.7,2.0,8.2,0.9763289892756822,0.9144768750028994,eligible,questionable_flag,starter,Questionable,1.0,direct,20260908_1821_tackles_direct,2026-09-30T11:26:54+00:00,2026-09-30T11:27:07+00:00
2026,4,401872978,2026-10-04,20:20,00-0035687,Bobby Okereke,CAR,DET,LB,tackles,7.0,4.3,11.3,0.983495145631068,0.9631067961165048,eligible,eligible_current_role,recent_defensive_participant,Active,,direct,20260908_1821_tackles_direct,2026-09-30T11:26:54+00:00,2026-09-30T11:27:07+00:00
2026,4,401872978,2026-10-04,20:20,00-0035707,Devin White,DET,CAR,LB,tackles,7.4,5.2,12.1,0.983495145631068,0.9631067961165048,eligible,eligible_current_role,starter,Active,1.0,direct,20260908_1821_tackles_direct,2026-09-30T11:26:54+00:00,2026-09-30T11:27:07+00:00
2026,4,401872978,2026-10-04,20:20,00-0036124,Khalil Dorsey,DET,CAR,DB,tackles,0.8,0.0,3.3,0.4559866439698114,0.18937374052575576,eligible,eligible_current_role,backup,,3.0,direct,20260908_1821_tackles_direct,2026-09-30T11:26:54+00:00,2026-09-30T11:27:07+00:00
2026,4,401872978,2026-10-04,20:20,00-0036220,Derrick Brown,CAR,DET,DL,tackles,3.4,1.2,6.1,0.9238201250245014,0.8006128986311943,eligible,eligible_current_role,starter,,1.0,direct,20260908_1821_tackles_direct,2026-09-30T11:26:54+00:00,2026-09-30T11:27:07+00:00
2026,4,401872978,2026-10-04,20:20,00-0036265,AJ Dillon,CAR,DET,RB,rushing_yards,19.2,8.5,34.3,,,eligible,eligible_current_role,backup,Active,2.0,direct_component_blend,20260908_1821_rushing_yards_blend,2026-09-30T11:26:54+00:00,2026-09-30T11:27:07+00:00
2026,4,401872978,2026-10-04,20:20,00-0036265,AJ Dillon,CAR,DET,RB,receiving_yards,2.7,-14.4,31.5,,,eligible,eligible_current_role,backup,Active,2.0,direct_component_blend,20260908_1821_receiving_yards_blend,2026-09-30T11:26:54+00:00,2026-09-30T11:27:07+00:00
2026,4,401872978,2026-10-04,20:20,00-0036305,Trevis Gipson,CAR,DET,LB,tackles,1.6,0.0,4.0,0.745898427164953,0.46527792785032257,eligible,eligible_current_role,backup,Active,2.0,direct,20260908_1821_tackles_direct,2026-09-30T11:26:54+00:00,2026-09-30T11:27:07+00:00
2026,4,401872978,2026-10-04,20:20,00-0036335,D.J. Wonnum,DET,CAR,LB,tackles,2.4,0.4,4.9,0.8514158798778277,0.629571906352914,eligible,eligible_current_role,backup,,2.0,direct,20260908_1821_tackles_direct,2026-09-30T11:26:54+00:00,2026-09-30T11:27:07+00:00
2026,4,401872978,2026-10-04,20:20,00-0036356,Isaiah Simmons,CAR,DET,DB,tackles,0.8,0.0,3.3,0.4407114269365639,0.17645067496729655,eligible,eligible_current_role,backup,Active,3.0,direct,20260908_1821_tackles_direct,2026-09-30T11:26:54+00:00,2026-09-30T11:27:07+00:00
2026,4,401872978,2026-10-04,20:20,00-0036555,Chuba Hubbard,CAR,DET,RB,rushing_yards,35.2,13.2,66.2,,,eligible,eligible_current_role,starter,Active,1.0,direct_component_blend,20260908_1821_rushing_yards_blend,2026-09-30T11:26:54+00:00,2026-09-30T11:27:07+00:00
2026,4,401872978,2026-10-04,20:20,00-0036555,Chuba Hubbard,CAR,DET,RB,receiving_yards,12.5,-4.7,41.3,,,eligible,eligible_current_role,starter,Active,1.0,direct_component_blend,20260908_1821_receiving_yards_blend,2026-09-30T11:26:54+00:00,2026-09-30T11:27:07+00:00
2026,4,401872978,2026-10-04,20:20,00-0036624,Alim McNeill,DET,CAR,DL,tackles,1.6,0.0,4.3,0.7414792036039075,0.4594250512915077,eligible,eligible_current_role,starter,,1.0,direct,20260908_1821_tackles_direct,2026-09-30T11:26:54+00:00,2026-09-30T11:27:07+00:00
2026,4,401872978,2026-10-04,20:20,00-0036754,Brock Wright,DET,CAR,TE,rushing_yards,0.0,-10.8,15.0,,,eligible,eligible_current_role,backup,,2.0,direct_component_blend,20260908_1821_rushing_yards_blend,2026-09-30T11:26:54+00:00,2026-09-30T11:27:07+00:00
2026,4,401872978,2026-10-04,20:20,00-0036754,Brock Wright,DET,CAR,TE,receiving_yards,16.2,-3.5,50.4,,,eligible,eligible_current_role,backup,,2.0,direct_component_blend,20260908_1821_receiving_yards_blend,2026-09-30T11:26:54+00:00,2026-09-30T11:27:07+00:00
2026,4,401872978,2026-10-04,20:20,00-0036825,Feleipe Franks,CAR,DET,TE,rushing_yards,0.0,-10.8,15.0,,,eligible,eligible_current_role,backup,,4.0,direct_component_blend,20260908_1821_rushing_yards_blend,2026-09-30T11:26:54+00:00,2026-09-30T11:27:07+00:00
2026,4,401872978,2026-10-04,20:20,00-0036825,Feleipe Franks,CAR,DET,TE,receiving_yards,1.5,-15.7,30.3,,,eligible,eligible_current_role,backup,,4.0,direct_component_blend,20260908_1821_receiving_yards_blend,2026-09-30T11:26:54+00:00,2026-09-30T11:27:07+00:00
2026,4,401872978,2026-10-04,20:20,00-0036903,Bobby Brown III,CAR,DET,DL,tackles,2.2,0.2,4.7,0.8249140131526183,0.5806318821095702,eligible,eligible_current_role,starter,Active,1.0,direct,20260908_1821_tackles_direct,2026-09-30T11:26:54+00:00,2026-09-30T11:27:07+00:00
2026,4,401872978,2026-10-04,20:20,00-0036934,Jaelan Phillips,CAR,DET,LB,tackles,3.2,0.2,7.2,0.9131504633425794,0.7730616684506227,eligible,eligible_current_role,starter,Active,1.0,direct,20260908_1821_tackles_direct,2026-09-30T11:26:54+00:00,2026-09-30T11:27:07+00:00
2026,4,401872978,2026-10-04,20:20,00-0036954,Levi Onwuzurike,DET,CAR,DL,tackles,2.2,0.1,5.0,0.830609350149735,0.5907709467087049,eligible,eligible_current_role,backup,,2.0,direct,20260908_1821_tackles_direct,2026-09-30T11:26:54+00:00,2026-09-30T11:27:07+00:00
2026,4,401872978,2026-10-04,20:20,00-0036962,Tre'von Moehrig,CAR,DET,DB,tackles,5.2,2.5,8.6,0.9809730503536515,0.9364758536356499,eligible,eligible_current_role,starter,,1.0,direct,20260908_1821_tackles_direct,2026-09-30T11:26:54+00:00,2026-09-30T11:27:07+00:00
2026,4,401872978,2026-10-04,20:20,00-0036963,Amon-Ra St. Brown,DET,CAR,WR,rushing_yards,0.1,-10.6,15.2,,,eligible,eligible_current_role,starter,Active,1.0,direct_component_blend,20260908_1821_rushing_yards_blend,2026-09-30T11:26:54+00:00,2026-09-30T11:27:07+00:00
2026,4,401872978,2026-10-04,20:20,00-0036963,Amon-Ra St. Brown,DET,CAR,WR,receiving_yards,68.4,41.7,117.5,,,eligible,eligible_current_role,starter,Active,1.0,direct_component_blend,20260908_1821_receiving_yards_blend,2026-09-30T11:26:54+00:00,2026-09-30T11:27:07+00:00
2026,4,401872978,2026-10-04,20:20,00-0036964,Derrick Barnes,DET,CAR,LB,tackles,5.0,2.0,9.0,0.9803300473733945,0.9303409319100265,eligible,eligible_current_role,starter,Active,1.0,direct,20260908_1821_tackles_direct,2026-09-30T11:26:54+00:00,2026-09-30T11:27:07+00:00
2026,4,401872978,2026-10-04,20:20,00-0037005,Tommy Tremble,CAR,DET,TE,rushing_yards,0.0,-10.8,14.9,,,eligible,eligible_current_role,starter,,1.0,direct_component_blend,20260908_1821_rushing_yards_blend,2026-09-30T11:26:54+00:00,2026-09-30T11:27:07+00:00
2026,4,401872978,2026-10-04,20:20,00-0037005,Tommy Tremble,CAR,DET,TE,receiving_yards,12.9,-4.3,41.7,,,eligible,eligible_current_role,starter,,1.0,direct_component_blend,20260908_1821_receiving_yards_blend,2026-09-30T11:26:54+00:00,2026-09-30T11:27:07+00:00
2026,4,401872978,2026-10-04,20:20,00-0037007,Patrick Jones II,CAR,DET,LB,tackles,2.7,0.7,5.2,0.884446403558851,0.697960130834761,eligible,eligible_current_role,starter,Active,1.0,direct,20260908_1821_tackles_direct,2026-09-30T11:26:54+00:00,2026-09-30T11:27:07+00:00
2026,4,401872978,2026-10-04,20:20,00-0037179,Jeremiah Moon,CAR,DET,LB,tackles,0.8,0.0,3.3,0.44561562717622755,0.1825199145226041,eligible,eligible_current_role,recent_defensive_participant,,,direct,20260908_1821_tackles_direct,2026-09-30T11:26:54+00:00,2026-09-30T11:27:07+00:00
2026,4,401872978,2026-10-04,20:20,00-0037236,Aidan Hutchinson,DET,CAR,DL,tackles,3.1,0.9,5.8,0.908827167624929,0.7607101493359297,eligible,eligible_current_role,starter,,1.0,direct,20260908_1821_tackles_direct,2026-09-30T11:26:54+00:00,2026-09-30T11:27:07+00:00
2026,4,401872978,2026-10-04,20:20,00-0037240,Jameson Williams,DET,CAR,WR,rushing_yards,0.3,-10.4,15.4,,,eligible,eligible_current_role,backup,Active,2.0,direct_component_blend,20260908_1821_rushing_yards_blend,2026-09-30T11:26:54+00:00,2026-09-30T11:27:07+00:00
2026,4,401872978,2026-10-04,20:20,00-0037240,Jameson Williams,DET,CAR,WR,receiving_yards,47.7,21.0,96.9,,,eligible,eligible_current_role,backup,Active,2.0,direct_component_blend,20260908_1821_receiving_yards_blend,2026-09-30T11:26:54+00:00,2026-09-30T11:27:07+00:00
2026,4,401872978,2026-10-04,20:20,00-0037244,Devin Lloyd,CAR,DET,LB,tackles,4.6,1.6,8.6,0.9740193498275989,0.9081961661628126,eligible,questionable_flag,recent_defensive_participant,Questionable,,direct,20260908_1821_tackles_direct,2026-09-30T11:26:54+00:00,2026-09-30T11:27:07+00:00
2026,4,401872978,2026-10-04,20:20,00-0037289,Malcolm Rodriguez,DET,CAR,LB,tackles,2.8,0.8,5.3,0.8912378888622243,0.713726767984721,eligible,eligible_current_role,backup,,2.0,direct,20260908_1821_tackles_direct,2026-09-30T11:26:54+00:00,2026-09-30T11:27:07+00:00
2026,4,401872978,2026-10-04,20:20,00-0037356,Ben Stille,DET,CAR,DL,tackles,1.2,0.0,3.7,0.5772819681683627,0.28660534472903176,eligible,eligible_current_role,recent_defensive_participant,,,direct,20260908_1821_tackles_direct,2026-09-30T11:26:54+00:00,2026-09-30T11:27:07+00:00
2026,4,401872978,2026-10-04,20:20,00-0037524,Tay Martin,DET,CAR,WR,rushing_yards,0.0,-10.7,15.0,,,eligible,eligible_current_role,backup,,5.0,direct_component_blend,20260908_1821_rushing_yards_blend,2026-09-30T11:26:54+00:00,2026-09-30T11:27:07+00:00
2026,4,401872978,2026-10-04,20:20,00-0037524,Tay Martin,DET,CAR,WR,receiving_yards,8.7,-8.5,37.5,,,eligible,eligible_current_role,backup,,5.0,direct_component_blend,20260908_1821_receiving_yards_blend,2026-09-30T11:26:54+00:00,2026-09-30T11:27:07+00:00
2026,4,401872978,2026-10-04,20:20,00-0037614,John Metchie III,CAR,DET,WR,rushing_yards,0.0,-10.7,15.0,,,eligible,eligible_current_role,backup,,5.0,direct_component_blend,20260908_1821_rushing_yards_blend,2026-09-30T11:26:54+00:00,2026-09-30T11:27:07+00:00
2026,4,401872978,2026-10-04,20:20,00-0037614,John Metchie III,CAR,DET,WR,receiving_yards,21.5,-5.1,70.7,,,eligible,eligible_current_role,backup,,5.0,direct_component_blend,20260908_1821_receiving_yards_blend,2026-09-30T11:26:54+00:00,2026-09-30T11:27:07+00:00
2026,4,401872978,2026-10-04,20:20,00-0038101,Akayleb Evans,CAR,DET,DB,tackles,0.9,0.0,3.4,0.4993482252847301,0.22008514120338418,eligible,eligible_current_role,backup,,2.0,direct,20260908_1821_tackles_direct,2026-09-30T11:26:54+00:00,2026-09-30T11:27:07+00:00
2026,4,401872978,2026-10-04,20:20,00-0038102,Kenny Pickett,CAR,DET,QB,rushing_yards,7.9,-2.8,23.0,,,eligible,eligible_current_role,backup,,2.0,direct_component_blend,20260908_1821_rushing_yards_blend,2026-09-30T11:26:54+00:00,2026-09-30T11:27:07+00:00
2026,4,401872978,2026-10-04,20:20,00-0038125,Roger McCreary,DET,CAR,DB,tackles,3.1,1.0,5.9,0.912433305193834,0.7709877272820398,eligible,eligible_current_role,starter,,1.0,direct,20260908_1821_tackles_direct,2026-09-30T11:26:54+00:00,2026-09-30T11:27:07+00:00
2026,4,401872978,2026-10-04,20:20,00-0038660,Trevor Nowaske,DET,CAR,LB,tackles,1.1,0.0,3.6,0.5666714138588932,0.2763272968645325,eligible,eligible_current_role,backup,,3.0,direct,20260908_1821_tackles_direct,2026-09-30T11:26:54+00:00,2026-09-30T11:27:07+00:00
2026,4,401872978,2026-10-04,20:20,00-0038791,Thomas Incoom,CAR,DET,LB,tackles,0.9,0.0,3.4,0.49288315007138817,0.21528830049663128,eligible,eligible_current_role,backup,,3.0,direct,20260908_1821_tackles_direct,2026-09-30T11:26:54+00:00,2026-09-30T11:27:07+00:00
2026,4,401872978,2026-10-04,20:20,00-0038820,Christian Izien,DET,CAR,DB,tackles,4.4,1.7,7.9,0.9698851727964866,0.8972761245796826,eligible,eligible_current_role,starter,Active,1.0,direct,20260908_1821_tackles_direct,2026-09-30T11:26:54+00:00,2026-09-30T11:27:07+00:00
2026,4,401872978,2026-10-04,20:20,00-0038840,Brycen Tremayne,CAR,DET,WR,rushing_yards,0.0,-10.8,15.0,,,eligible,eligible_current_role,backup,,4.0,direct_component_blend,20260908_1821_rushing_yards_blend,2026-09-30T11:26:54+00:00,2026-09-30T11:27:07+00:00
2026,4,401872978,2026-10-04,20:20,00-0038840,Brycen Tremayne,CAR,DET,WR,receiving_yards,4.9,-12.3,33.7,,,eligible,eligible_current_role,backup,,4.0,direct_component_blend,20260908_1821_receiving_yards_blend,2026-09-30T11:26:54+00:00,2026-09-30T11:27:07+00:00
2026,4,401872978,2026-10-04,20:20,00-0038896,Jacob Saylors,DET,CAR,RB,rushing_yards,0.9,-9.8,15.9,,,eligible,eligible_current_role,backup,,3.0,direct_component_blend,20260908_1821_rushing_yards_blend,2026-09-30T11:26:54+00:00,2026-09-30T11:27:07+00:00
2026,4,401872978,2026-10-04,20:20,00-0038896,Jacob Saylors,DET,CAR,RB,receiving_yards,0.4,-16.8,29.2,,,eligible,eligible_current_role,backup,,3.0,direct_component_blend,20260908_1821_receiving_yards_blend,2026-09-30T11:26:54+00:00,2026-09-30T11:27:07+00:00
2026,4,401872978,2026-10-04,20:20,00-0038940,Tyler Lacy,DET,CAR,DL,tackles,1.8,0.0,4.3,0.7696929967300562,0.4939829775291299,eligible,eligible_current_role,starter,,1.0,direct,20260908_1821_tackles_direct,2026-09-30T11:26:54+00:00,2026-09-30T11:27:07+00:00
2026,4,401872978,2026-10-04,20:20,00-0039018,Jack Campbell,DET,CAR,LB,tackles,7.5,5.4,12.4,0.983495145631068,0.9631067961165048,eligible,eligible_current_role,starter,,1.0,direct,20260908_1821_tackles_direct,2026-09-30T11:26:54+00:00,2026-09-30T11:27:07+00:00
2026,4,401872978,2026-10-04,20:20,00-0039065,Sam LaPorta,DET,CAR,TE,rushing_yards,0.0,-10.8,15.0,,,eligible,eligible_current_role,starter,Active,1.0,direct_component_blend,20260908_1821_rushing_yards_blend,2026-09-30T11:26:54+00:00,2026-09-30T11:27:07+00:00
2026,4,401872978,2026-10-04,20:20,00-0039065,Sam LaPorta,DET,CAR,TE,receiving_yards,42.3,22.6,76.5,,,eligible,eligible_current_role,starter,Active,1.0,direct_component_blend,20260908_1821_receiving_yards_blend,2026-09-30T11:26:54+00:00,2026-09-30T11:27:07+00:00
2026,4,401872978,2026-10-04,20:20,00-0039139,Jahmyr Gibbs,DET,CAR,RB,rushing_yards,60.5,38.4,91.4,,,eligible,eligible_current_role,starter,Active,1.0,direct_component_blend,20260908_1821_rushing_yards_blend,2026-09-30T11:26:54+00:00,2026-09-30T11:27:07+00:00
2026,4,401872978,2026-10-04,20:20,00-0039139,Jahmyr Gibbs,DET,CAR,RB,receiving_yards,31.1,14.0,59.9,,,eligible,eligible_current_role,starter,Active,1.0,direct_component_blend,20260908_1821_receiving_yards_blend,2026-09-30T11:26:54+00:00,2026-09-30T11:27:07+00:00
2026,4,401872978,2026-10-04,20:20,00-0039150,Bryce Young,CAR,DET,QB,passing_yards,198.3,104.9,304.6,,,eligible,eligible_current_role,starter,Active,1.0,direct_component_blend,20260908_1821_passing_yards_blend,2026-09-30T11:26:54+00:00,2026-09-30T11:27:07+00:00
2026,4,401872978,2026-10-04,20:20,00-0039150,Bryce Young,CAR,DET,QB,passing_tds,1.271,,,0.6931947886361065,0.39285714285714285,eligible,eligible_current_role,starter,Active,1.0,direct_component_blend,20260908_1821_passing_tds_blend,2026-09-30T11:26:54+00:00,2026-09-30T11:27:07+00:00
2026,4,401872978,2026-10-04,20:20,00-0039150,Bryce Young,CAR,DET,QB,rushing_yards,17.4,4.6,35.4,,,eligible,eligible_current_role,starter,Active,1.0,direct_component_blend,20260908_1821_rushing_yards_blend,2026-09-30T11:26:54+00:00,2026-09-30T11:27:07+00:00
2026,4,401872978,2026-10-04,20:20,00-0039172,Jake Bates,DET,CAR,K,kicking_points,7.7,2.6,13.5,,,eligible,eligible_current_role,starter,Active,1.0,component,20260908_1821_kicking_points_component,2026-09-30T11:26:54+00:00,2026-09-30T11:27:07+00:00
2026,4,401872978,2026-10-04,20:20,00-0039342,Xavier Legette,CAR,DET,WR,rushing_yards,0.0,-10.8,15.0,,,eligible,questionable_flag,backup,Questionable,3.0,direct_component_blend,20260908_1821_rushing_yards_blend,2026-09-30T11:26:54+00:00,2026-09-30T11:27:07+00:00
2026,4,401872978,2026-10-04,20:20,00-0039342,Xavier Legette,CAR,DET,WR,receiving_yards,19.3,2.1,48.1,,,eligible,questionable_flag,backup,Questionable,3.0,direct_component_blend,20260908_1821_receiving_yards_blend,2026-09-30T11:26:54+00:00,2026-09-30T11:27:07+00:00
2026,4,401872978,2026-10-04,20:20,00-0039356,Ja'Tavion Sanders,CAR,DET,TE,rushing_yards,0.0,-10.8,14.9,,,eligible,eligible_current_role,backup,Active,5.0,direct_component_blend,20260908_1821_rushing_yards_blend,2026-09-30T11:26:54+00:00,2026-09-30T11:27:07+00:00
2026,4,401872978,2026-10-04,20:20,00-0039356,Ja'Tavion Sanders,CAR,DET,TE,receiving_yards,6.2,-11.0,35.0,,,eligible,eligible_current_role,backup,Active,5.0,direct_component_blend,20260908_1821_receiving_yards_blend,2026-09-30T11:26:54+00:00,2026-09-30T11:27:07+00:00
2026,4,401872978,2026-10-04,20:20,00-0039364,Sione Vaki,DET,CAR,RB,rushing_yards,2.3,-8.4,17.4,,,eligible,eligible_current_role,backup,,2.0,direct_component_blend,20260908_1821_rushing_yards_blend,2026-09-30T11:26:54+00:00,2026-09-30T11:27:07+00:00
2026,4,401872978,2026-10-04,20:20,00-0039364,Sione Vaki,DET,CAR,RB,receiving_yards,1.3,-15.8,30.1,,,eligible,eligible_current_role,backup,,2.0,direct_component_blend,20260908_1821_receiving_yards_blend,2026-09-30T11:26:54+00:00,2026-09-30T11:27:07+00:00
2026,4,401872978,2026-10-04,20:20,00-0039380,Chau Smith-Wade,CAR,DET,DB,tackles,3.8,1.2,7.3,0.9465137746605408,0.8422405229328701,eligible,eligible_current_role,starter,,1.0,direct,20260908_1821_tackles_direct,2026-09-30T11:26:54+00:00,2026-09-30T11:27:07+00:00
2026,4,401872978,2026-10-04,20:20,00-0039396,Mekhi Wingo,DET,CAR,DL,tackles,1.4,0.0,3.9,0.6628167476301463,0.3700023136088289,eligible,eligible_current_role,backup,Active,2.0,direct,20260908_1821_tackles_direct,2026-09-30T11:26:54+00:00,2026-09-30T11:27:07+00:00
2026,4,401872978,2026-10-04,20:20,00-0039491,Jalen Coker,CAR,DET,WR,rushing_yards,0.0,-10.8,15.0,,,eligible,questionable_flag,backup,Questionable,2.0,direct_component_blend,20260908_1821_rushing_yards_blend,2026-09-30T11:26:54+00:00,2026-09-30T11:27:07+00:00
2026,4,401872978,2026-10-04,20:20,00-0039491,Jalen Coker,CAR,DET,WR,receiving_yards,33.8,16.7,62.6,,,eligible,questionable_flag,backup,Questionable,2.0,direct_component_blend,20260908_1821_receiving_yards_blend,2026-09-30T11:26:54+00:00,2026-09-30T11:27:07+00:00
2026,4,401872978,2026-10-04,20:20,00-0039862,Ennis Rakestraw Jr.,DET,CAR,DB,tackles,1.3,0.0,3.8,0.5987234705854383,0.30660198117595316,eligible,eligible_current_role,starter,Active,1.0,direct,20260908_1821_tackles_direct,2026-09-30T11:26:54+00:00,2026-09-30T11:27:07+00:00
2026,4,401872978,2026-10-04,20:20,00-0040124,Tetairoa McMillan,CAR,DET,WR,rushing_yards,0.0,-10.8,15.0,,,eligible,eligible_current_role,starter,Active,1.0,direct_component_blend,20260908_1821_rushing_yards_blend,2026-09-30T11:26:54+00:00,2026-09-30T11:27:07+00:00
2026,4,401872978,2026-10-04,20:20,00-0040124,Tetairoa McMillan,CAR,DET,WR,receiving_yards,46.7,20.1,95.9,,,eligible,eligible_current_role,starter,Active,1.0,direct_component_blend,20260908_1821_receiving_yards_blend,2026-09-30T11:26:54+00:00,2026-09-30T11:27:07+00:00
2026,4,401872978,2026-10-04,20:20,00-0040136,Princely Umanmielen,CAR,DET,LB,tackles,1.7,0.0,4.1,0.754623948448066,0.4755133762738345,eligible,eligible_current_role,backup,,2.0,direct,20260908_1821_tackles_direct,2026-09-30T11:26:54+00:00,2026-09-30T11:27:07+00:00
2026,4,401872978,2026-10-04,20:20,00-0040159,Lathan Ransom,CAR,DET,DB,tackles,1.8,0.0,4.5,0.7663389659558304,0.4897813520692767,eligible,eligible_current_role,backup,,2.0,direct,20260908_1821_tackles_direct,2026-09-30T11:26:54+00:00,2026-09-30T11:27:07+00:00
2026,4,401872978,2026-10-04,20:20,00-0040174,Cam Jackson,CAR,DET,DL,tackles,1.1,0.0,3.9,0.5628372032655428,0.27270114756215,eligible,eligible_current_role,backup,Active,2.0,direct,20260908_1821_tackles_direct,2026-09-30T11:26:54+00:00,2026-09-30T11:27:07+00:00
2026,4,401872978,2026-10-04,20:20,00-0040187,Mitchell Evans,CAR,DET,TE,rushing_yards,0.0,-10.7,15.1,,,eligible,eligible_current_role,backup,,3.0,direct_component_blend,20260908_1821_rushing_yards_blend,2026-09-30T11:26:54+00:00,2026-09-30T11:27:07+00:00
2026,4,401872978,2026-10-04,20:20,00-0040187,Mitchell Evans,CAR,DET,TE,receiving_yards,10.5,-6.7,39.3,,,eligible,eligible_current_role,backup,,3.0,direct_component_blend,20260908_1821_receiving_yards_blend,2026-09-30T11:26:54+00:00,2026-09-30T11:27:07+00:00
2026,4,401872978,2026-10-04,20:20,00-0040279,Ryan Fitzgerald,CAR,DET,K,kicking_points,7.2,2.5,12.7,,,eligible,eligible_current_role,starter,Active,1.0,component,20260908_1821_kicking_points_component,2026-09-30T11:26:54+00:00,2026-09-30T11:27:07+00:00
2026,4,401872978,2026-10-04,20:20,00-0040390,Jackson Meeks,DET,CAR,TE,rushing_yards,0.0,-14.8,20.6,,,eligible,eligible_current_role,backup,,3.0,direct_component_blend,20260908_1821_rushing_yards_blend,2026-09-30T11:26:54+00:00,2026-09-30T11:27:07+00:00
2026,4,401872978,2026-10-04,20:20,00-0040390,Jackson Meeks,DET,CAR,TE,receiving_yards,2.8,-19.9,43.3,,,eligible,eligible_current_role,backup,,3.0,direct_component_blend,20260908_1821_receiving_yards_blend,2026-09-30T11:26:54+00:00,2026-09-30T11:27:07+00:00
2026,4,401872978,2026-10-04,20:20,00-0040394,Anthony Tyus III,CAR,DET,RB,rushing_yards,11.5,-18.8,54.0,,,eligible,eligible_current_role,roster_only,,,direct_component_blend,20260908_1821_rushing_yards_blend,2026-09-30T11:26:54+00:00,2026-09-30T11:27:07+00:00
2026,4,401872978,2026-10-04,20:20,00-0040394,Anthony Tyus III,CAR,DET,RB,receiving_yards,2.1,-20.6,42.6,,,eligible,eligible_current_role,roster_only,,,direct_component_blend,20260908_1821_receiving_yards_blend,2026-09-30T11:26:54+00:00,2026-09-30T11:27:07+00:00
2026,4,401872978,2026-10-04,20:20,00-0040458,TeRah Edwards,CAR,DET,DL,tackles,1.0,0.0,4.5,0.5498435619408313,0.2607482416106197,eligible,eligible_current_role,backup,,2.0,direct,20260908_1821_tackles_direct,2026-09-30T11:26:54+00:00,2026-09-30T11:27:07+00:00
2026,4,401872978,2026-10-04,20:20,00-0040669,Isaac TeSlaa,DET,CAR,WR,rushing_yards,0.0,-10.8,15.0,,,eligible,eligible_current_role,backup,Active,3.0,direct_component_blend,20260908_1821_rushing_yards_blend,2026-09-30T11:26:54+00:00,2026-09-30T11:27:07+00:00
2026,4,401872978,2026-10-04,20:20,00-0040669,Isaac TeSlaa,DET,CAR,WR,receiving_yards,19.6,-7.1,68.8,,,eligible,eligible_current_role,backup,Active,3.0,direct_component_blend,20260908_1821_receiving_yards_blend,2026-09-30T11:26:54+00:00,2026-09-30T11:27:07+00:00
2026,4,401872978,2026-10-04,20:20,00-0040672,Tyleik Williams,DET,CAR,DL,tackles,1.6,0.0,4.0,0.7431268651579872,0.462093472352853,eligible,eligible_current_role,starter,,1.0,direct,20260908_1821_tackles_direct,2026-09-30T11:26:54+00:00,2026-09-30T11:27:07+00:00
2026,4,401872978,2026-10-04,20:20,00-0040761,Ahmed Hassanein,DET,CAR,DL,tackles,1.0,0.0,4.5,0.5511198943974254,0.2618998104008796,eligible,eligible_current_role,backup,Active,4.0,direct,20260908_1821_tackles_direct,2026-09-30T11:26:54+00:00,2026-09-30T11:27:07+00:00
2026,4,401872978,2026-10-04,20:20,00-0040914,Bishop Fitzgerald,DET,CAR,DB,tackles,2.3,0.0,6.2,0.8434040466659152,0.614224028806858,eligible,eligible_current_role,backup,Active,2.0,direct,20260908_1821_tackles_direct,2026-09-30T11:26:54+00:00,2026-09-30T11:27:07+00:00
2026,4,401872978,2026-10-04,20:20,00-0041063,Will Lee III,CAR,DET,DB,tackles,3.1,0.2,7.0,0.9087001656538684,0.760352641336714,eligible,eligible_current_role,starter,,1.0,direct,20260908_1821_tackles_direct,2026-09-30T11:26:54+00:00,2026-09-30T11:27:07+00:00
2026,4,401872978,2026-10-04,20:20,00-0041076,Zakee Wheatley,CAR,DET,DB,tackles,2.2,0.0,6.2,0.8377852346854429,0.6038060065853588,eligible,eligible_current_role,backup,,2.0,direct,20260908_1821_tackles_direct,2026-09-30T11:26:54+00:00,2026-09-30T11:27:07+00:00
2026,4,401872978,2026-10-04,20:20,00-0041119,Jackson Kuwatch,CAR,DET,LB,tackles,1.4,0.0,4.9,0.672279040019295,0.3800367845526621,eligible,eligible_current_role,recent_defensive_participant,,,direct,20260908_1821_tackles_direct,2026-09-30T11:26:54+00:00,2026-09-30T11:27:07+00:00
2026,4,401872978,2026-10-04,20:20,00-0041148,Aaron Hall,CAR,DET,DL,tackles,1.2,0.0,4.7,0.5687754315190904,0.2783367629651869,eligible,eligible_current_role,backup,,2.0,direct,20260908_1821_tackles_direct,2026-09-30T11:26:54+00:00,2026-09-30T11:27:07+00:00
2026,4,401872978,2026-10-04,20:20,00-0041149,Haynes King,CAR,DET,QB,rushing_yards,8.7,-8.8,33.4,,,eligible,eligible_current_role,backup,Active,3.0,direct_component_blend,20260908_1821_rushing_yards_blend,2026-09-30T11:26:54+00:00,2026-09-30T11:27:07+00:00
2026,4,401872978,2026-10-04,20:20,00-0041441,Derrick Moore,DET,CAR,LB,tackles,1.6,0.0,5.1,0.7477619392251271,0.4674368965679633,eligible,eligible_current_role,backup,,2.0,direct,20260908_1821_tackles_direct,2026-09-30T11:26:54+00:00,2026-09-30T11:27:07+00:00
2026,4,401872978,2026-10-04,20:20,00-0041442,Jimmy Rolder,DET,CAR,LB,tackles,1.6,0.0,5.1,0.7477619392251271,0.4674368965679633,eligible,eligible_current_role,backup,Active,2.0,direct,20260908_1821_tackles_direct,2026-09-30T11:26:54+00:00,2026-09-30T11:27:07+00:00
2026,4,401872978,2026-10-04,20:20,00-0041445,Keith Abney II,DET,CAR,DB,tackles,2.3,0.0,6.2,0.8434040466659152,0.614224028806858,eligible,eligible_current_role,backup,Active,2.0,direct,20260908_1821_tackles_direct,2026-09-30T11:26:54+00:00,2026-09-30T11:27:07+00:00
2026,4,401872978,2026-10-04,20:20,00-0041447,Skyler Gill-Howard,DET,CAR,DL,tackles,1.2,0.0,4.7,0.5696481767738081,0.27917440266558446,eligible,eligible_current_role,backup,,3.0,direct,20260908_1821_tackles_direct,2026-09-30T11:26:54+00:00,2026-09-30T11:27:07+00:00
2026,4,401872978,2026-10-04,20:20,00-0041457,Miles Kitselman,DET,CAR,TE,rushing_yards,0.0,-14.7,20.7,,,eligible,eligible_current_role,roster_only,,,direct_component_blend,20260908_1821_rushing_yards_blend,2026-09-30T11:26:54+00:00,2026-09-30T11:27:07+00:00
2026,4,401872978,2026-10-04,20:20,00-0041457,Miles Kitselman,DET,CAR,TE,receiving_yards,4.1,-18.6,44.7,,,eligible,eligible_current_role,roster_only,,,direct_component_blend,20260908_1821_receiving_yards_blend,2026-09-30T11:26:54+00:00,2026-09-30T11:27:07+00:00
2026,4,401872978,2026-10-04,20:20,00-0041459,Eric O'Neill,DET,CAR,DL,tackles,1.2,0.0,4.7,0.5690609588643271,0.27861053885701803,eligible,eligible_current_role,backup,,3.0,direct,20260908_1821_tackles_direct,2026-09-30T11:26:54+00:00,2026-09-30T11:27:07+00:00
2026,4,401872978,2026-10-04,20:20,00-0041478,Lee Hunter,CAR,DET,DL,tackles,1.3,0.0,4.9,0.6283435723483102,0.3349483333153175,eligible,eligible_current_role,starter,,1.0,direct,20260908_1821_tackles_direct,2026-09-30T11:26:54+00:00,2026-09-30T11:27:07+00:00
2026,4,401872979,2026-10-05,19:15,00-0025565,Nick Folk,ATL,NO,K,kicking_points,6.9,2.2,12.3,,,eligible,eligible_current_role,starter,Active,1.0,component,20260908_1821_kicking_points_component,2026-09-30T11:26:54+00:00,2026-09-30T11:27:07+00:00
2026,4,401872979,2026-10-05,19:15,00-0027962,Cameron Jordan,NO,ATL,LB,tackles,2.1,0.2,4.6,0.8203979383993506,0.5727172152864121,eligible,eligible_current_role,starter,,1.0,direct,20260908_1821_tackles_direct,2026-09-30T11:26:54+00:00,2026-09-30T11:27:07+00:00
2026,4,401872979,2026-10-05,19:15,00-0031576,Za'Darius Smith,ATL,NO,LB,tackles,1.8,0.0,4.3,0.7717617743409746,0.4966014461952874,eligible,eligible_current_role,starter,,1.0,direct,20260908_1821_tackles_direct,2026-09-30T11:26:54+00:00,2026-09-30T11:27:07+00:00
2026,4,401872979,2026-10-05,19:15,00-0032392,Austin Hooper,ATL,NO,TE,rushing_yards,0.0,-10.8,15.0,,,eligible,eligible_current_role,backup,Active,3.0,direct_component_blend,20260908_1821_rushing_yards_blend,2026-09-30T11:26:54+00:00,2026-09-30T11:27:07+00:00
2026,4,401872979,2026-10-05,19:15,00-0032392,Austin Hooper,ATL,NO,TE,receiving_yards,14.7,-2.5,43.5,,,eligible,eligible_current_role,backup,Active,3.0,direct_component_blend,20260908_1821_receiving_yards_blend,2026-09-30T11:26:54+00:00,2026-09-30T11:27:07+00:00
2026,4,401872979,2026-10-05,19:15,00-0033662,Cooper Rush,ATL,NO,QB,rushing_yards,4.4,-6.3,19.4,,,eligible,eligible_current_role,backup,Active,3.0,direct_component_blend,20260908_1821_rushing_yards_blend,2026-09-30T11:26:54+00:00,2026-09-30T11:27:07+00:00
2026,4,401872979,2026-10-05,19:15,00-0033860,Davon Godchaux,NO,ATL,DL,tackles,1.9,0.0,4.4,0.7772019835974736,0.5035875571298096,eligible,eligible_current_role,backup,,2.0,direct,20260908_1821_tackles_direct,2026-09-30T11:26:54+00:00,2026-09-30T11:27:07+00:00
2026,4,401872979,2026-10-05,19:15,00-0033906,Alvin Kamara,NO,ATL,RB,rushing_yards,28.6,6.6,59.5,,,eligible,eligible_current_role,backup,Active,2.0,direct_component_blend,20260908_1821_rushing_yards_blend,2026-09-30T11:26:54+00:00,2026-09-30T11:27:07+00:00
2026,4,401872979,2026-10-05,19:15,00-0033906,Alvin Kamara,NO,ATL,RB,receiving_yards,11.4,-5.8,40.2,,,eligible,eligible_current_role,backup,Active,2.0,direct_component_blend,20260908_1821_receiving_yards_blend,2026-09-30T11:26:54+00:00,2026-09-30T11:27:07+00:00
2026,4,401872979,2026-10-05,19:15,00-0033945,Samson Ebukam,ATL,NO,DL,tackles,1.8,0.0,4.3,0.773113703594431,0.49832385152358727,eligible,questionable_flag,starter,Questionable,1.0,direct,20260908_1821_tackles_direct,2026-09-30T11:26:54+00:00,2026-09-30T11:27:07+00:00
2026,4,401872979,2026-10-05,19:15,00-0034161,Daniel Carlson,NO,ATL,K,kicking_points,7.5,2.8,13.0,,,eligible,eligible_current_role,starter,Active,1.0,component,20260908_1821_kicking_points_component,2026-09-30T11:26:54+00:00,2026-09-30T11:27:07+00:00
2026,4,401872979,2026-10-05,19:15,00-0034361,Justin Reid,NO,ATL,DB,tackles,5.5,3.2,8.1,0.9818987911619158,0.945661536015988,eligible,eligible_current_role,starter,,1.0,direct,20260908_1821_tackles_direct,2026-09-30T11:26:54+00:00,2026-09-30T11:27:07+00:00
2026,4,401872979,2026-10-05,19:15,00-0034639,Mike Ford,ATL,NO,DB,tackles,0.7,0.0,3.2,0.4071755335837262,0.1330995735977618,eligible,eligible_current_role,backup,,2.0,direct,20260908_1821_tackles_direct,2026-09-30T11:26:54+00:00,2026-09-30T11:27:07+00:00
2026,4,401872979,2026-10-05,19:15,00-0034675,Jessie Bates,ATL,NO,DB,tackles,5.5,2.8,9.0,0.9820285583835822,0.9469882013446425,eligible,eligible_current_role,starter,Active,1.0,direct,20260908_1821_tackles_direct,2026-09-30T11:26:54+00:00,2026-09-30T11:27:07+00:00
2026,4,401872979,2026-10-05,19:15,00-0034760,Nathan Shepherd,NO,ATL,DL,tackles,2.4,0.5,4.9,0.8569136039278763,0.6402810821936882,eligible,eligible_current_role,starter,Active,1.0,direct,20260908_1821_tackles_direct,2026-09-30T11:26:54+00:00,2026-09-30T11:27:07+00:00
2026,4,401872979,2026-10-05,19:15,00-0034801,Josh Woods,ATL,NO,LB,tackles,1.0,0.0,3.5,0.5518045494414324,0.26251953615564977,eligible,eligible_current_role,recent_defensive_participant,,,direct,20260908_1821_tackles_direct,2026-09-30T11:26:54+00:00,2026-09-30T11:27:07+00:00
2026,4,401872979,2026-10-05,19:15,00-0034843,Mike Hughes,ATL,NO,DB,tackles,2.4,0.0,6.0,0.862108821039232,0.6506287507544232,eligible,eligible_current_role,starter,,1.0,direct,20260908_1821_tackles_direct,2026-09-30T11:26:54+00:00,2026-09-30T11:27:07+00:00
2026,4,401872979,2026-10-05,19:15,00-0035208,Olamide Zaccheaus,ATL,NO,WR,rushing_yards,0.0,-10.8,15.0,,,eligible,eligible_current_role,backup,Active,3.0,direct_component_blend,20260908_1821_rushing_yards_blend,2026-09-30T11:26:54+00:00,2026-09-30T11:27:07+00:00
2026,4,401872979,2026-10-05,19:15,00-0035208,Olamide Zaccheaus,ATL,NO,WR,receiving_yards,21.7,4.6,50.5,,,eligible,eligible_current_role,backup,Active,3.0,direct_component_blend,20260908_1821_receiving_yards_blend,2026-09-30T11:26:54+00:00,2026-09-30T11:27:07+00:00
2026,4,401872979,2026-10-05,19:15,00-0035316,Kaden Elliss,NO,ATL,LB,tackles,6.1,3.1,10.1,0.9832301494524974,0.9598733308244817,eligible,eligible_current_role,recent_defensive_participant,,,direct,20260908_1821_tackles_direct,2026-09-30T11:26:54+00:00,2026-09-30T11:27:07+00:00
2026,4,401872979,2026-10-05,19:15,00-0035402,Carl Granderson,NO,ATL,LB,tackles,2.7,0.8,5.2,0.8877659294570027,0.705437862787616,eligible,eligible_current_role,starter,Active,1.0,direct,20260908_1821_tackles_direct,2026-09-30T11:26:54+00:00,2026-09-30T11:27:07+00:00
2026,4,401872979,2026-10-05,19:15,00-0035644,Noah Fant,NO,ATL,TE,rushing_yards,0.0,-10.8,14.9,,,eligible,eligible_current_role,backup,Active,2.0,direct_component_blend,20260908_1821_rushing_yards_blend,2026-09-30T11:26:54+00:00,2026-09-30T11:27:07+00:00
2026,4,401872979,2026-10-05,19:15,00-0035644,Noah Fant,NO,ATL,TE,receiving_yards,11.4,-5.7,40.2,,,eligible,eligible_current_role,backup,Active,2.0,direct_component_blend,20260908_1821_receiving_yards_blend,2026-09-30T11:26:54+00:00,2026-09-30T11:27:07+00:00
2026,4,401872979,2026-10-05,19:15,00-0036040,Juwan Johnson,NO,ATL,TE,rushing_yards,0.0,-10.8,14.9,,,eligible,eligible_current_role,starter,Active,1.0,direct_component_blend,20260908_1821_rushing_yards_blend,2026-09-30T11:26:54+00:00,2026-09-30T11:27:07+00:00
2026,4,401872979,2026-10-05,19:15,00-0036040,Juwan Johnson,NO,ATL,TE,receiving_yards,35.4,15.7,69.7,,,eligible,eligible_current_role,starter,Active,1.0,direct_component_blend,20260908_1821_receiving_yards_blend,2026-09-30T11:26:54+00:00,2026-09-30T11:27:07+00:00
2026,4,401872979,2026-10-05,19:15,00-0036193,Anfernee Jennings,NO,ATL,LB,tackles,2.5,0.6,5.0,0.8672253606918918,0.6610478806580699,eligible,questionable_flag,backup,Questionable,2.0,direct,20260908_1821_tackles_direct,2026-09-30T11:26:54+00:00,2026-09-30T11:27:07+00:00
2026,4,401872979,2026-10-05,19:15,00-0036204,LaCale London,ATL,NO,DL,tackles,1.9,0.0,4.5,0.786843050853713,0.5170808258684267,eligible,eligible_current_role,starter,,1.0,direct,20260908_1821_tackles_direct,2026-09-30T11:26:54+00:00,2026-09-30T11:27:07+00:00
2026,4,401872979,2026-10-05,19:15,00-0036212,Tua Tagovailoa,ATL,NO,QB,rushing_yards,4.9,-5.8,19.9,,,eligible,eligible_current_role,backup,Active,2.0,direct_component_blend,20260908_1821_rushing_yards_blend,2026-09-30T11:26:54+00:00,2026-09-30T11:27:07+00:00
2026,4,401872979,2026-10-05,19:15,00-0036253,Julian Blackmon,NO,ATL,DB,tackles,4.6,1.9,8.1,0.974670778305013,0.909953655537071,eligible,eligible_current_role,starter,,1.0,direct,20260908_1821_tackles_direct,2026-09-30T11:26:54+00:00,2026-09-30T11:27:07+00:00
2026,4,401872979,2026-10-05,19:15,00-0036281,C.J. Henderson,ATL,NO,DB,tackles,3.7,1.6,6.4,0.9432740931673614,0.8359406704443815,eligible,eligible_current_role,starter,Active,1.0,direct,20260908_1821_tackles_direct,2026-09-30T11:26:54+00:00,2026-09-30T11:27:07+00:00
2026,4,401872979,2026-10-05,19:15,00-0036321,Chase Young,NO,ATL,LB,tackles,2.6,0.7,5.1,0.8774016007426916,0.6824954425254859,eligible,eligible_current_role,starter,Active,1.0,direct,20260908_1821_tackles_direct,2026-09-30T11:26:54+00:00,2026-09-30T11:27:07+00:00
2026,4,401872979,2026-10-05,19:15,00-0036429,Charlie Woerner,ATL,NO,TE,rushing_yards,0.0,-10.8,15.0,,,eligible,eligible_current_role,backup,,2.0,direct_component_blend,20260908_1821_rushing_yards_blend,2026-09-30T11:26:54+00:00,2026-09-30T11:27:07+00:00
2026,4,401872979,2026-10-05,19:15,00-0036429,Charlie Woerner,ATL,NO,TE,receiving_yards,7.3,-9.9,36.1,,,eligible,eligible_current_role,backup,,2.0,direct_component_blend,20260908_1821_receiving_yards_blend,2026-09-30T11:26:54+00:00,2026-09-30T11:27:07+00:00
2026,4,401872979,2026-10-05,19:15,00-0036463,Chris Blair,ATL,NO,WR,rushing_yards,0.0,-11.8,16.5,,,eligible,eligible_current_role,backup,,5.0,direct_component_blend,20260908_1821_rushing_yards_blend,2026-09-30T11:26:54+00:00,2026-09-30T11:27:07+00:00
2026,4,401872979,2026-10-05,19:15,00-0036463,Chris Blair,ATL,NO,WR,receiving_yards,1.2,-17.4,33.1,,,eligible,eligible_current_role,backup,,5.0,direct_component_blend,20260908_1821_receiving_yards_blend,2026-09-30T11:26:54+00:00,2026-09-30T11:27:07+00:00
2026,4,401872979,2026-10-05,19:15,00-0036867,Chris Rumph II,NO,ATL,LB,tackles,1.7,0.0,4.1,0.7572550046143067,0.4786640865076385,eligible,eligible_current_role,backup,,3.0,direct,20260908_1821_tackles_direct,2026-09-30T11:26:54+00:00,2026-09-30T11:27:07+00:00
2026,4,401872979,2026-10-05,19:15,00-0036927,Pete Werner,NO,ATL,LB,tackles,3.3,1.3,5.8,0.9221424095411199,0.7977359498156604,eligible,questionable_flag,recent_defensive_participant,Questionable,,direct,20260908_1821_tackles_direct,2026-09-30T11:26:54+00:00,2026-09-30T11:27:07+00:00
2026,4,401872979,2026-10-05,19:15,00-0036970,Kyle Pitts,ATL,NO,TE,rushing_yards,0.0,-10.8,15.0,,,eligible,eligible_current_role,starter,Active,1.0,direct_component_blend,20260908_1821_rushing_yards_blend,2026-09-30T11:26:54+00:00,2026-09-30T11:27:07+00:00
2026,4,401872979,2026-10-05,19:15,00-0036970,Kyle Pitts,ATL,NO,TE,receiving_yards,45.8,26.2,80.1,,,eligible,eligible_current_role,starter,Active,1.0,direct_component_blend,20260908_1821_receiving_yards_blend,2026-09-30T11:26:54+00:00,2026-09-30T11:27:07+00:00
2026,4,401872979,2026-10-05,19:15,00-0036990,Divine Deablo,ATL,NO,LB,tackles,6.1,3.1,10.1,0.9832593467744324,0.9602029851496808,eligible,eligible_current_role,recent_defensive_participant,,,direct,20260908_1821_tackles_direct,2026-09-30T11:26:54+00:00,2026-09-30T11:27:07+00:00
2026,4,401872979,2026-10-05,19:15,00-0037013,Zach Wilson,NO,ATL,QB,rushing_yards,5.1,-5.6,20.2,,,eligible,eligible_current_role,backup,Active,3.0,direct_component_blend,20260908_1821_rushing_yards_blend,2026-09-30T11:26:54+00:00,2026-09-30T11:27:07+00:00
2026,4,401872979,2026-10-05,19:15,00-0037231,Kevin Austin Jr.,NO,ATL,WR,rushing_yards,0.0,-10.8,15.0,,,eligible,eligible_current_role,roster_only,,,direct_component_blend,20260908_1821_rushing_yards_blend,2026-09-30T11:26:54+00:00,2026-09-30T11:27:07+00:00
2026,4,401872979,2026-10-05,19:15,00-0037231,Kevin Austin Jr.,NO,ATL,WR,receiving_yards,24.0,-2.6,73.2,,,eligible,eligible_current_role,roster_only,,,direct_component_blend,20260908_1821_receiving_yards_blend,2026-09-30T11:26:54+00:00,2026-09-30T11:27:07+00:00
2026,4,401872979,2026-10-05,19:15,00-0037238,Drake London,ATL,NO,WR,rushing_yards,0.2,-10.5,15.2,,,eligible,eligible_current_role,starter,Active,1.0,direct_component_blend,20260908_1821_rushing_yards_blend,2026-09-30T11:26:54+00:00,2026-09-30T11:27:07+00:00
2026,4,401872979,2026-10-05,19:15,00-0037238,Drake London,ATL,NO,WR,receiving_yards,54.4,27.8,103.6,,,eligible,eligible_current_role,starter,Active,1.0,direct_component_blend,20260908_1821_receiving_yards_blend,2026-09-30T11:26:54+00:00,2026-09-30T11:27:07+00:00
2026,4,401872979,2026-10-05,19:15,00-0037239,Chris Olave,NO,ATL,WR,rushing_yards,0.0,-10.8,14.9,,,eligible,eligible_current_role,starter,Active,1.0,direct_component_blend,20260908_1821_rushing_yards_blend,2026-09-30T11:26:54+00:00,2026-09-30T11:27:07+00:00
2026,4,401872979,2026-10-05,19:15,00-0037239,Chris Olave,NO,ATL,WR,receiving_yards,65.5,38.9,114.7,,,eligible,eligible_current_role,starter,Active,1.0,direct_component_blend,20260908_1821_receiving_yards_blend,2026-09-30T11:26:54+00:00,2026-09-30T11:27:07+00:00
2026,4,401872979,2026-10-05,19:15,00-0037250,Martin Emerson,NO,ATL,DB,tackles,2.8,0.2,6.4,0.8955723131795079,0.7248664146732016,eligible,questionable_flag,backup,Questionable,2.0,direct,20260908_1821_tackles_direct,2026-09-30T11:26:54+00:00,2026-09-30T11:27:07+00:00
2026,4,401872979,2026-10-05,19:15,00-0037283,John Ridgeway,NO,ATL,DL,tackles,1.5,0.0,4.0,0.7092359475108521,0.42106033227477796,eligible,eligible_current_role,backup,Active,3.0,direct,20260908_1821_tackles_direct,2026-09-30T11:26:54+00:00,2026-09-30T11:27:07+00:00
2026,4,401872979,2026-10-05,19:15,00-0037317,Nick Muse,ATL,NO,TE,rushing_yards,0.0,-11.7,16.6,,,eligible,eligible_current_role,backup,Active,4.0,direct_component_blend,20260908_1821_rushing_yards_blend,2026-09-30T11:26:54+00:00,2026-09-30T11:27:07+00:00
2026,4,401872979,2026-10-05,19:15,00-0037317,Nick Muse,ATL,NO,TE,receiving_yards,5.5,-13.1,37.5,,,eligible,eligible_current_role,backup,Active,4.0,direct_component_blend,20260908_1821_receiving_yards_blend,2026-09-30T11:26:54+00:00,2026-09-30T11:27:07+00:00
2026,4,401872979,2026-10-05,19:15,00-0037741,Jahan Dotson,ATL,NO,WR,rushing_yards,0.0,-10.8,15.0,,,eligible,eligible_current_role,backup,Active,2.0,direct_component_blend,20260908_1821_rushing_yards_blend,2026-09-30T11:26:54+00:00,2026-09-30T11:27:07+00:00
2026,4,401872979,2026-10-05,19:15,00-0037741,Jahan Dotson,ATL,NO,WR,receiving_yards,14.4,-2.8,43.2,,,eligible,eligible_current_role,backup,Active,2.0,direct_component_blend,20260908_1821_receiving_yards_blend,2026-09-30T11:26:54+00:00,2026-09-30T11:27:07+00:00
2026,4,401872979,2026-10-05,19:15,00-0037746,Brian Robinson,ATL,NO,RB,rushing_yards,21.1,-0.9,52.0,,,eligible,eligible_current_role,backup,Active,2.0,direct_component_blend,20260908_1821_rushing_yards_blend,2026-09-30T11:26:54+00:00,2026-09-30T11:27:07+00:00
2026,4,401872979,2026-10-05,19:15,00-0037746,Brian Robinson,ATL,NO,RB,receiving_yards,3.0,-14.2,31.8,,,eligible,eligible_current_role,backup,Active,2.0,direct_component_blend,20260908_1821_receiving_yards_blend,2026-09-30T11:26:54+00:00,2026-09-30T11:27:07+00:00
2026,4,401872979,2026-10-05,19:15,00-0037815,Cameron Thomas,ATL,NO,DL,tackles,1.3,0.0,3.8,0.6141871440884216,0.3212041972592936,eligible,eligible_current_role,backup,,2.0,direct,20260908_1821_tackles_direct,2026-09-30T11:26:54+00:00,2026-09-30T11:27:07+00:00
2026,4,401872979,2026-10-05,19:15,00-0037823,Christian Harris,ATL,NO,LB,tackles,1.0,0.0,3.5,0.5377709448037924,0.2502721112748723,eligible,eligible_current_role,recent_defensive_participant,,,direct,20260908_1821_tackles_direct,2026-09-30T11:26:54+00:00,2026-09-30T11:27:07+00:00
2026,4,401872979,2026-10-05,19:15,00-0038387,Colby Wooden,NO,ATL,DL,tackles,2.5,0.5,5.0,0.8645450427955461,0.6555607854247761,eligible,eligible_current_role,backup,,2.0,direct,20260908_1821_tackles_direct,2026-09-30T11:26:54+00:00,2026-09-30T11:27:07+00:00
2026,4,401872979,2026-10-05,19:15,00-0038541,Tyree Wilson,NO,ATL,LB,tackles,2.3,0.4,4.8,0.848533403276601,0.6240518330722155,eligible,eligible_current_role,backup,Active,2.0,direct,20260908_1821_tackles_direct,2026-09-30T11:26:54+00:00,2026-09-30T11:27:07+00:00
2026,4,401872979,2026-10-05,19:15,00-0038542,Bijan Robinson,ATL,NO,RB,rushing_yards,82.7,60.7,113.6,,,eligible,eligible_current_role,starter,Active,1.0,direct_component_blend,20260908_1821_rushing_yards_blend,2026-09-30T11:26:54+00:00,2026-09-30T11:27:07+00:00
2026,4,401872979,2026-10-05,19:15,00-0038542,Bijan Robinson,ATL,NO,RB,receiving_yards,31.2,14.0,60.0,,,eligible,eligible_current_role,starter,Active,1.0,direct_component_blend,20260908_1821_receiving_yards_blend,2026-09-30T11:26:54+00:00,2026-09-30T11:27:07+00:00
2026,4,401872979,2026-10-05,19:15,00-0038551,Kendre Miller,NO,ATL,RB,rushing_yards,14.9,-7.1,45.9,,,eligible,eligible_current_role,backup,Active,3.0,direct_component_blend,20260908_1821_rushing_yards_blend,2026-09-30T11:26:54+00:00,2026-09-30T11:27:07+00:00
2026,4,401872979,2026-10-05,19:15,00-0038551,Kendre Miller,NO,ATL,RB,receiving_yards,2.4,-14.8,31.2,,,eligible,eligible_current_role,backup,Active,3.0,direct_component_blend,20260908_1821_receiving_yards_blend,2026-09-30T11:26:54+00:00,2026-09-30T11:27:07+00:00
2026,4,401872979,2026-10-05,19:15,00-0038580,Yasir Abdullah,ATL,NO,LB,tackles,0.8,0.0,3.3,0.43577612528598175,0.16968087065436735,eligible,eligible_current_role,backup,,3.0,direct,20260908_1821_tackles_direct,2026-09-30T11:26:54+00:00,2026-09-30T11:27:07+00:00
2026,4,401872979,2026-10-05,19:15,00-0038588,Jordan Howden,NO,ATL,DB,tackles,1.4,0.0,5.0,0.6589483396078695,0.36595255061732046,eligible,eligible_current_role,backup,,2.0,direct,20260908_1821_tackles_direct,2026-09-30T11:26:54+00:00,2026-09-30T11:27:07+00:00
2026,4,401872979,2026-10-05,19:15,00-0038628,DeMarcco Hellams,ATL,NO,DB,tackles,0.8,0.0,3.3,0.44644023739576777,0.1830581863813841,eligible,eligible_current_role,backup,,2.0,direct,20260908_1821_tackles_direct,2026-09-30T11:26:54+00:00,2026-09-30T11:27:07+00:00
2026,4,401872979,2026-10-05,19:15,00-0038740,Jalen Cropper,NO,ATL,WR,rushing_yards,0.0,-11.7,16.6,,,eligible,eligible_current_role,roster_only,,,direct_component_blend,20260908_1821_rushing_yards_blend,2026-09-30T11:26:54+00:00,2026-09-30T11:27:07+00:00
2026,4,401872979,2026-10-05,19:15,00-0038740,Jalen Cropper,NO,ATL,WR,receiving_yards,3.0,-15.7,34.9,,,eligible,eligible_current_role,roster_only,,,direct_component_blend,20260908_1821_receiving_yards_blend,2026-09-30T11:26:54+00:00,2026-09-30T11:27:07+00:00
2026,4,401872979,2026-10-05,19:15,00-0038980,Zach Harrison,ATL,NO,DL,tackles,2.2,0.3,4.7,0.8352614667534435,0.5991876915344447,eligible,eligible_current_role,backup,Active,2.0,direct,20260908_1821_tackles_direct,2026-09-30T11:26:54+00:00,2026-09-30T11:27:07+00:00
2026,4,401872979,2026-10-05,19:15,00-0039002,Sydney Brown,ATL,NO,DB,tackles,1.2,0.0,3.7,0.5726517323041848,0.2820757184176312,eligible,eligible_current_role,backup,,2.0,direct,20260908_1821_tackles_direct,2026-09-30T11:26:54+00:00,2026-09-30T11:27:07+00:00
2026,4,401872979,2026-10-05,19:15,00-0039070,Gervon Dexter Sr.,ATL,NO,DL,tackles,2.4,0.4,4.9,0.8541750307520167,0.634916355033565,eligible,eligible_current_role,starter,,1.0,direct,20260908_1821_tackles_direct,2026-09-30T11:26:54+00:00,2026-09-30T11:27:07+00:00
2026,4,401872979,2026-10-05,19:15,00-0039357,Decamerion Richardson,NO,ATL,DB,tackles,0.6,0.0,3.1,0.39088263821532493,0.11445198836081474,eligible,eligible_current_role,backup,,3.0,direct,20260908_1821_tackles_direct,2026-09-30T11:26:54+00:00,2026-09-30T11:27:07+00:00
2026,4,401872979,2026-10-05,19:15,00-0039376,Spencer Rattler,NO,ATL,QB,rushing_yards,9.8,-0.9,24.8,,,eligible,eligible_current_role,backup,,2.0,direct_component_blend,20260908_1821_rushing_yards_blend,2026-09-30T11:26:54+00:00,2026-09-30T11:27:07+00:00
2026,4,401872979,2026-10-05,19:15,00-0039401,Khristian Boyd,NO,ATL,DL,tackles,1.1,0.0,3.6,0.5628491810362053,0.27271240398638585,eligible,eligible_current_role,backup,,4.0,direct,20260908_1821_tackles_direct,2026-09-30T11:26:54+00:00,2026-09-30T11:27:07+00:00
2026,4,401872979,2026-10-05,19:15,00-0039424,Devaughn Vele,NO,ATL,WR,rushing_yards,0.0,-10.8,15.0,,,eligible,eligible_current_role,backup,Active,2.0,direct_component_blend,20260908_1821_rushing_yards_blend,2026-09-30T11:26:54+00:00,2026-09-30T11:27:07+00:00
2026,4,401872979,2026-10-05,19:15,00-0039424,Devaughn Vele,NO,ATL,WR,receiving_yards,33.7,7.1,82.9,,,eligible,eligible_current_role,backup,Active,2.0,direct_component_blend,20260908_1821_receiving_yards_blend,2026-09-30T11:26:54+00:00,2026-09-30T11:27:07+00:00
2026,4,401872979,2026-10-05,19:15,00-0039518,Treyton Welch,NO,ATL,TE,rushing_yards,0.0,-14.8,20.6,,,eligible,eligible_current_role,backup,Active,4.0,direct_component_blend,20260908_1821_rushing_yards_blend,2026-09-30T11:26:54+00:00,2026-09-30T11:27:07+00:00
2026,4,401872979,2026-10-05,19:15,00-0039518,Treyton Welch,NO,ATL,TE,receiving_yards,3.8,-18.8,44.4,,,eligible,eligible_current_role,backup,Active,4.0,direct_component_blend,20260908_1821_receiving_yards_blend,2026-09-30T11:26:54+00:00,2026-09-30T11:27:07+00:00
2026,4,401872979,2026-10-05,19:15,00-0039725,Jayden Price,NO,ATL,DB,tackles,1.1,0.0,5.0,0.5585818911405963,0.2687301415386541,eligible,eligible_current_role,backup,,3.0,direct,20260908_1821_tackles_direct,2026-09-30T11:26:54+00:00,2026-09-30T11:27:07+00:00
2026,4,401872979,2026-10-05,19:15,00-0039859,Brandon Dorlus,ATL,NO,DL,tackles,1.4,0.0,3.9,0.6527043124138248,0.3594790564822544,eligible,eligible_current_role,starter,Active,1.0,direct,20260908_1821_tackles_direct,2026-09-30T11:26:54+00:00,2026-09-30T11:27:07+00:00
2026,4,401872979,2026-10-05,19:15,00-0039860,Kool-Aid McKinstry,NO,ATL,DB,tackles,4.1,1.4,7.6,0.9572441266698474,0.8659300989815569,eligible,eligible_current_role,starter,,1.0,direct,20260908_1821_tackles_direct,2026-09-30T11:26:54+00:00,2026-09-30T11:27:07+00:00
2026,4,401872979,2026-10-05,19:15,00-0039889,Maason Smith,ATL,NO,DL,tackles,1.3,0.0,3.8,0.6180919985758512,0.32495885065931684,eligible,eligible_current_role,backup,,2.0,direct,20260908_1821_tackles_direct,2026-09-30T11:26:54+00:00,2026-09-30T11:27:07+00:00
2026,4,401872979,2026-10-05,19:15,00-0039907,Ja'Lynn Polk,NO,ATL,WR,rushing_yards,0.0,-10.7,15.0,,,eligible,eligible_current_role,roster_only,,,direct_component_blend,20260908_1821_rushing_yards_blend,2026-09-30T11:26:54+00:00,2026-09-30T11:27:07+00:00
2026,4,401872979,2026-10-05,19:15,00-0039907,Ja'Lynn Polk,NO,ATL,WR,receiving_yards,8.6,-8.5,37.4,,,eligible,eligible_current_role,roster_only,,,direct_component_blend,20260908_1821_receiving_yards_blend,2026-09-30T11:26:54+00:00,2026-09-30T11:27:07+00:00
2026,4,401872979,2026-10-05,19:15,00-0039917,Michael Penix Jr.,ATL,NO,QB,passing_yards,197.5,104.0,303.7,,,eligible,eligible_current_role,starter,Active,1.0,direct_component_blend,20260908_1821_passing_yards_blend,2026-09-30T11:26:54+00:00,2026-09-30T11:27:07+00:00
2026,4,401872979,2026-10-05,19:15,00-0039917,Michael Penix Jr.,ATL,NO,QB,passing_tds,1.188,,,0.6547619047619048,0.39285714285714285,eligible,eligible_current_role,starter,Active,1.0,direct_component_blend,20260908_1821_passing_tds_blend,2026-09-30T11:26:54+00:00,2026-09-30T11:27:07+00:00
2026,4,401872979,2026-10-05,19:15,00-0039917,Michael Penix Jr.,ATL,NO,QB,rushing_yards,3.9,-6.8,19.0,,,eligible,eligible_current_role,starter,Active,1.0,direct_component_blend,20260908_1821_rushing_yards_blend,2026-09-30T11:26:54+00:00,2026-09-30T11:27:07+00:00
2026,4,401872979,2026-10-05,19:15,00-0040056,Jared Ivey,ATL,NO,LB,tackles,1.0,0.0,4.5,0.5197259734610761,0.23572928302271628,eligible,eligible_current_role,backup,,2.0,direct,20260908_1821_tackles_direct,2026-09-30T11:26:54+00:00,2026-09-30T11:27:07+00:00
2026,4,401872979,2026-10-05,19:15,00-0040077,Robert Longerbeam,ATL,NO,DB,tackles,1.1,0.0,5.0,0.5572543976007427,0.2675027059508016,eligible,eligible_current_role,backup,Active,3.0,direct,20260908_1821_tackles_direct,2026-09-30T11:26:54+00:00,2026-09-30T11:27:07+00:00
2026,4,401872979,2026-10-05,19:15,00-0040148,Xavier Watts,ATL,NO,DB,tackles,5.2,2.5,8.6,0.9809879028633307,0.9366197491911549,eligible,eligible_current_role,starter,Active,1.0,direct,20260908_1821_tackles_direct,2026-09-30T11:26:54+00:00,2026-09-30T11:27:07+00:00
2026,4,401872979,2026-10-05,19:15,00-0040155,Danny Stutsman,NO,ATL,LB,tackles,3.0,1.1,5.5,0.9065314990536716,0.7542927961308237,eligible,eligible_current_role,recent_defensive_participant,,,direct,20260908_1821_tackles_direct,2026-09-30T11:26:54+00:00,2026-09-30T11:27:07+00:00
2026,4,401872979,2026-10-05,19:15,00-0040156,Billy Bowman Jr.,ATL,NO,DB,tackles,4.2,1.6,7.7,0.963686885710418,0.8815634646974043,eligible,eligible_current_role,starter,Active,1.0,direct,20260908_1821_tackles_direct,2026-09-30T11:26:54+00:00,2026-09-30T11:27:07+00:00
2026,4,401872979,2026-10-05,19:15,00-0040166,Quincy Riley,NO,ATL,DB,tackles,2.8,0.2,6.3,0.8903290037098855,0.7114237375491139,eligible,eligible_current_role,starter,,1.0,direct,20260908_1821_tackles_direct,2026-09-30T11:26:54+00:00,2026-09-30T11:27:07+00:00
2026,4,401872979,2026-10-05,19:15,00-0040202,Devin Neal,NO,ATL,RB,rushing_yards,23.6,1.6,54.5,,,eligible,eligible_current_role,roster_only,,,direct_component_blend,20260908_1821_rushing_yards_blend,2026-09-30T11:26:54+00:00,2026-09-30T11:27:07+00:00
2026,4,401872979,2026-10-05,19:15,00-0040202,Devin Neal,NO,ATL,RB,receiving_yards,6.9,-10.2,35.7,,,eligible,eligible_current_role,roster_only,,,direct_component_blend,20260908_1821_receiving_yards_blend,2026-09-30T11:26:54+00:00,2026-09-30T11:27:07+00:00
2026,4,401872979,2026-10-05,19:15,00-0040293,Michael Reid,NO,ATL,DB,tackles,1.4,0.0,5.3,0.6605111086099529,0.3675849492662345,eligible,eligible_current_role,backup,,2.0,direct,20260908_1821_tackles_direct,2026-09-30T11:26:54+00:00,2026-09-30T11:27:07+00:00
2026,4,401872979,2026-10-05,19:15,00-0040642,Vernon Broughton,NO,ATL,DL,tackles,2.2,0.2,5.0,0.8376468289153823,0.6035517659286159,eligible,eligible_current_role,starter,,1.0,direct,20260908_1821_tackles_direct,2026-09-30T11:26:54+00:00,2026-09-30T11:27:07+00:00
2026,4,401872979,2026-10-05,19:15,00-0040643,Jonas Sanker,NO,ATL,DB,tackles,5.0,2.3,8.4,0.9801998297771793,0.9291197050741878,eligible,eligible_current_role,starter,Active,1.0,direct,20260908_1821_tackles_direct,2026-09-30T11:26:54+00:00,2026-09-30T11:27:07+00:00
2026,4,401872979,2026-10-05,19:15,00-0040743,Tyler Shough,NO,ATL,QB,passing_yards,211.3,117.8,317.5,,,eligible,eligible_current_role,starter,Active,1.0,direct_component_blend,20260908_1821_passing_yards_blend,2026-09-30T11:26:54+00:00,2026-09-30T11:27:07+00:00
2026,4,401872979,2026-10-05,19:15,00-0040743,Tyler Shough,NO,ATL,QB,passing_tds,1.37,,,0.7547028319945412,0.39285714285714285,eligible,eligible_current_role,starter,Active,1.0,direct_component_blend,20260908_1821_passing_tds_blend,2026-09-30T11:26:54+00:00,2026-09-30T11:27:07+00:00
2026,4,401872979,2026-10-05,19:15,00-0040743,Tyler Shough,NO,ATL,QB,rushing_yards,17.5,4.7,35.5,,,eligible,eligible_current_role,starter,Active,1.0,direct_component_blend,20260908_1821_rushing_yards_blend,2026-09-30T11:26:54+00:00,2026-09-30T11:27:07+00:00
2026,4,401872979,2026-10-05,19:15,00-0041041,Oscar Delp,NO,ATL,TE,rushing_yards,0.0,-14.8,20.6,,,eligible,eligible_current_role,backup,Active,3.0,direct_component_blend,20260908_1821_rushing_yards_blend,2026-09-30T11:26:54+00:00,2026-09-30T11:27:07+00:00
2026,4,401872979,2026-10-05,19:15,00-0041041,Oscar Delp,NO,ATL,TE,receiving_yards,4.6,-18.0,45.2,,,eligible,eligible_current_role,backup,Active,3.0,direct_component_blend,20260908_1821_receiving_yards_blend,2026-09-30T11:26:54+00:00,2026-09-30T11:27:07+00:00
2026,4,401872979,2026-10-05,19:15,00-0041044,Zachariah Branch,ATL,NO,WR,rushing_yards,0.0,-14.8,20.6,,,eligible,eligible_current_role,backup,Active,4.0,direct_component_blend,20260908_1821_rushing_yards_blend,2026-09-30T11:26:54+00:00,2026-09-30T11:27:07+00:00
2026,4,401872979,2026-10-05,19:15,00-0041044,Zachariah Branch,ATL,NO,WR,receiving_yards,6.0,-16.6,46.6,,,eligible,eligible_current_role,backup,Active,4.0,direct_component_blend,20260908_1821_receiving_yards_blend,2026-09-30T11:26:54+00:00,2026-09-30T11:27:07+00:00
2026,4,401872979,2026-10-05,19:15,00-0041066,Kendal Daniels,ATL,NO,LB,tackles,1.3,0.0,4.8,0.6040565376722372,0.3115903730649813,eligible,eligible_current_role,recent_defensive_participant,,,direct,20260908_1821_tackles_direct,2026-09-30T11:26:54+00:00,2026-09-30T11:27:07+00:00
2026,4,401872979,2026-10-05,19:15,00-0041067,Bryce Lance,NO,ATL,WR,rushing_yards,0.0,-14.8,20.6,,,eligible,eligible_current_role,backup,,3.0,direct_component_blend,20260908_1821_rushing_yards_blend,2026-09-30T11:26:54+00:00,2026-09-30T11:27:07+00:00
2026,4,401872979,2026-10-05,19:15,00-0041067,Bryce Lance,NO,ATL,WR,receiving_yards,6.1,-16.5,46.7,,,eligible,eligible_current_role,backup,,3.0,direct_component_blend,20260908_1821_receiving_yards_blend,2026-09-30T11:26:54+00:00,2026-09-30T11:27:07+00:00
2026,4,401872979,2026-10-05,19:15,00-0041099,Barion Brown,NO,ATL,WR,rushing_yards,0.3,-14.4,21.0,,,eligible,questionable_flag,backup,Questionable,4.0,direct_component_blend,20260908_1821_rushing_yards_blend,2026-09-30T11:26:54+00:00,2026-09-30T11:27:07+00:00
2026,4,401872979,2026-10-05,19:15,00-0041099,Barion Brown,NO,ATL,WR,receiving_yards,5.9,-16.7,46.5,,,eligible,questionable_flag,backup,Questionable,4.0,direct_component_blend,20260908_1821_receiving_yards_blend,2026-09-30T11:26:54+00:00,2026-09-30T11:27:07+00:00
2026,4,401872979,2026-10-05,19:15,00-0041112,Harold Perkins Jr.,ATL,NO,LB,tackles,1.3,0.0,4.8,0.6040565376722372,0.3115903730649813,eligible,eligible_current_role,recent_defensive_participant,,,direct,20260908_1821_tackles_direct,2026-09-30T11:26:54+00:00,2026-09-30T11:27:07+00:00
2026,4,401872979,2026-10-05,19:15,00-0041188,Malcolm DeWalt IV,ATL,NO,DB,tackles,2.1,0.0,6.1,0.8197561949898228,0.5716012914592884,eligible,eligible_current_role,backup,Active,2.0,direct,20260908_1821_tackles_direct,2026-09-30T11:26:54+00:00,2026-09-30T11:27:07+00:00
2026,4,401872979,2026-10-05,19:15,00-0041194,Jack Strand,ATL,NO,QB,rushing_yards,9.1,-8.4,33.8,,,eligible,eligible_current_role,backup,Active,4.0,direct_component_blend,20260908_1821_rushing_yards_blend,2026-09-30T11:26:54+00:00,2026-09-30T11:27:07+00:00
2026,4,401872979,2026-10-05,19:15,00-0041326,CJ Donaldson,NO,ATL,RB,rushing_yards,13.4,-16.8,55.9,,,eligible,eligible_current_role,backup,,4.0,direct_component_blend,20260908_1821_rushing_yards_blend,2026-09-30T11:26:54+00:00,2026-09-30T11:27:07+00:00
2026,4,401872979,2026-10-05,19:15,00-0041326,CJ Donaldson,NO,ATL,RB,receiving_yards,3.3,-19.4,43.8,,,eligible,eligible_current_role,backup,,4.0,direct_component_blend,20260908_1821_receiving_yards_blend,2026-09-30T11:26:54+00:00,2026-09-30T11:27:07+00:00
2026,4,401872979,2026-10-05,19:15,00-0041390,Christen Miller,NO,ATL,DL,tackles,1.2,0.0,4.7,0.5682936223320533,0.2778753698630138,eligible,questionable_flag,backup,Questionable,3.0,direct,20260908_1821_tackles_direct,2026-09-30T11:26:54+00:00,2026-09-30T11:27:07+00:00
2026,4,401872979,2026-10-05,19:15,00-0041469,Avieon Terrell,ATL,NO,DB,tackles,1.9,0.0,5.9,0.7794042162870672,0.5064578963063897,eligible,eligible_current_role,backup,,3.0,direct,20260908_1821_tackles_direct,2026-09-30T11:26:54+00:00,2026-09-30T11:27:07+00:00
