player_id,player_name,team_name,start_year,end_year,runner_runs_tot,runner_runs_XB,runner_runs_SBX,N_runner_moved,runner_runs_XB_swipe,runner_runs_XB_snipe,runner_runs_XB_freeze,N_runner_moved_XB,runner_runs_SB2,runner_runs_SB3,simple_stolen_on_running_act_SB2,simple_stolen_on_running_act_SB3,N_runner_moved_SBX
682998,"Carroll, Corbin",AZ,2026,2026,8.63565096622317,6.3127407164270375,2.3229102497961325,96,7.852487973910673,-0.76080297731752,-0.7789442801661158,73,1.201609827395909,1.1213004224002234,7.393153782245482,5.259510593933425,23
677951,"Witt Jr., Bobby",KC,2026,2026,7.199107583390969,3.926590009766664,3.272517573624305,105,5.416189717641175,-0.7971863171267577,-0.6924133907477534,66,2.223407357771897,1.0491102158524093,15.11378659774118,4.927100418089419,39
681082,"Stott, Bryson",PHI,2026,2026,6.91926645867049,3.342213301931994,3.5770531567384967,68,4.846083641779413,0.0,-1.503870339847421,48,3.327834026587862,0.2492191301506339,13.492147846908953,0.99212449894516,20
802415,"Simpson, Chandler",TB,2026,2026,6.705422862249893,4.927573986853627,1.7778488753962658,99,6.84835478736306,-1.5297781939093094,-0.3910026066001231,59,1.6453023529078323,0.1325465224884305,13.475242347400336,2.696119694583088,40
691718,"Crow-Armstrong, Pete",CHC,2026,2026,5.745696303471208,3.078565885153058,2.667130418318149,85,3.809633554468307,0.0,-0.7310676693152485,50,2.250466599959387,0.4166638183587601,14.35571514089507,2.991244255048501,35
665862,"Chisholm Jr., Jazz",NYY,2026,2026,5.53538851171774,2.155446945355827,3.379941566361913,71,2.948163521003568,0.0,-0.7927165756477412,32,1.3752480104512916,2.004693555910622,11.141632227650083,9.727028970392029,39
701538,"Merrill, Jackson",SD,2026,2026,5.3009003270042685,3.0128483096726986,2.28805201733157,65,4.081657976159169,0.0,-1.06880966648647,45,2.240337838079796,0.0477141792517739,11.05573004976856,-0.0679889973026844,20
663538,"Hoerner, Nico",CHC,2026,2026,5.281089519815403,1.7946896227501554,3.4863998970652474,67,3.612829341231429,-0.7843062605988174,-1.0338334578824568,43,3.1370253559567134,0.3493745411085321,13.10652773104603,1.304589469181099,24
672640,"Lopez, Otto",MIA,2026,2026,5.11972360028467,2.13718089807692,2.98254270220775,97,5.065491324452303,-1.642935335291012,-1.2853750910843722,66,2.5802421173914776,0.4023005848162704,14.39842886979042,1.5965611143428506,31
664983,"McCarthy, Jake",COL,2026,2026,5.113814798444058,3.8900541598049623,1.2237606386390951,96,6.517731859102137,-2.304284361491802,-0.3233933378053722,63,0.7550576589838507,0.4687029796552451,10.069983156547352,3.3196308313397824,33
804606,"Griffin, Konnor",PIT,2026,2026,5.05809261844618,2.715008278741241,2.3430843397049395,43,3.207012515959786,0.0,-0.4920042372185446,27,2.195545964888076,0.1475383748168629,10.841050936215478,0.6471733553220944,16
683083,"Nuñez, Nasim",WSH,2026,2026,4.926071980323673,0.2119946430069305,4.714077337316743,63,2.375263212813892,-1.5531005735814152,-0.610167996225547,22,4.119903843273513,0.5941734940432303,21.659643774578477,5.236267227431985,41
621020,"Swanson, Dansby",CHC,2026,2026,4.091001528505077,2.184564605589218,1.90643692291586,57,3.5555188925506003,-0.7689219809508107,-0.6020323060105718,43,1.8221334281225865,0.0843034947932738,8.199628071756779,0.1291591283917934,14
805808,"McGonigle, Kevin",DET,2026,2026,4.072834825017914,2.803316177893721,1.2695186471241924,76,5.623375308506772,-0.753451817702564,-2.066607312910486,63,1.4484069534193582,-0.1788883062951657,3.803253108321374,-1.2121622935636422,13
802139,"Wetherholt, JJ",STL,2026,2026,3.993328389992374,1.9864272414856847,2.0069011485066888,62,3.881408729169401,0.0,-1.8949814876837143,47,1.9757738150973556,0.0311273334093338,6.965320106483386,-0.1270912644968217,15
694497,"Carter, Evan",TEX,2026,2026,3.943119708997104,1.7063653086918404,2.2367544003052635,49,2.4858181056224127,0.0,-0.7794527969305715,34,1.7131489999506229,0.5236054003546405,7.333700501620616,2.404677350728952,15
665923,"Ruiz, Esteury",MIA,2026,2026,3.935953313214828,1.2443935770223498,2.6915597361924783,55,1.9173598229416464,0.0,-0.672966245919297,21,0.7770975505448541,1.914462185647625,10.21792486316337,9.38791928189029,34
608070,"Ramírez, José",CLE,2026,2026,3.8850511360692046,1.7304545558110862,2.154596580258118,72,3.0848526921608928,-0.7620226017898752,-0.5923755345599316,46,1.1162271389723604,1.0383694412857571,8.332886139741923,5.000142868567361,26
701807,"Benge, Carson",NYM,2026,2026,3.843450563408176,1.9900936098554352,1.8533569535527403,57,3.2602627496593506,0.0,-1.270169139803916,39,1.7667503091680357,0.0866066443847057,7.131173904687588,0.17343942798936,18
666152,"Hamilton, David",MIL,2026,2026,3.64345648032254,1.8058555150277644,1.837600965294776,52,2.293010310849835,0.0,-0.4871547958220704,29,1.0974068218345334,0.7401941434602409,8.49060842381742,3.5371676087312576,23
682928,"Abrams, CJ",WSH,2026,2026,3.5488514500690758,0.717568750310128,2.831282699758947,73,3.592886893148564,-0.8479504072118214,-2.0273677356266147,47,2.5654558866820736,0.2658268130768735,13.446089909368048,0.9800987384699252,26
683953,"Bazzana, Travis",CLE,2026,2026,3.459744899033039,2.1066617978409314,1.3530831011921072,50,3.013752092933266,0.0,-0.9070902950923352,29,0.2452438883592279,1.1078392128328796,3.374589693788061,5.212255184522493,21
680776,"Duran, Jarren",BOS,2026,2026,3.407929074710224,2.6553628131977294,0.7525662615124947,58,3.881684320074594,-0.7517558518345966,-0.474565655042268,39,0.8172244785261151,-0.0646582170136207,6.054416902973036,-0.5825272453413801,19
607208,"Turner, Trea",PHI,2026,2026,3.397366048879924,1.159133006531689,2.2382330423482357,61,2.5581769796821496,0.0,-1.3990439731504605,42,1.7814228849181082,0.4568101574301271,7.324075423750864,1.962561472178248,19
677594,"Rodríguez, Julio",SEA,2026,2026,3.2913861818230226,1.2498290373029175,2.0415571445201053,63,2.744793292572288,-0.7845414956197305,-0.7104227596496397,42,1.9757657098607075,0.0657914346593977,9.98698846548724,1.3305568489912103,21
665833,"Cruz, Oneil",PIT,2026,2026,3.262718521997692,0.5028864191290306,2.759832102868661,55,2.490493661082305,-1.5183170694867536,-0.4692901724665212,27,2.491856077759076,0.2679760251095872,15.08141836006875,1.0893401065210382,28
803011,"Antonacci, Sam",CWS,2026,2026,3.249990439256516,2.524130802568308,0.7258596366882083,70,4.55636469291328,-0.8131609785959885,-1.2190729117489834,48,0.6300635791682831,0.0957960575199251,5.309933224895764,0.0494544278494526,22
669003,"Mitchell, Garrett",MIL,2026,2026,3.1692883022731198,2.944260080161802,0.2250282221113172,59,3.866364162758933,0.0,-0.9221040825971304,46,0.3635348539780394,-0.1385066318667221,3.344584189487188,-1.030896355744807,13
807712,"Keaschall, Luke",MIN,2026,2026,3.016791802293265,3.5998969922047515,-0.5831051899114862,70,4.458559849821247,0.0,-0.858662857616494,50,-0.0981121956573631,-0.484992994254123,1.9126323552927729,-1.550664077639387,20
667472,"Myers, Dane",CIN,2026,2026,3.0127358143346634,0.9872674435192004,2.025468370815463,34,1.4323842210790212,0.0,-0.4451167775598214,22,2.1357450205633266,-0.1102766497478647,9.13827770792598,-0.7561860094782933,12
686611,"Crews, Dylan",WSH,2026,2026,2.834186867070219,1.3770416416088778,1.4571452254613413,41,2.3197249901271064,0.0,-0.9426833485182284,33,1.517926463555693,-0.060781238094352,5.837470298640828,-0.4687681098135884,8
665161,"Peña, Jeremy",HOU,2026,2026,2.7718062897355207,1.6271999472185783,1.1446063425169426,53,3.387941013425689,-0.9864549460923464,-0.7742861201147637,42,1.0444072231503785,0.1001991193665636,3.6371131518664095,0.0641733835130352,11
680869,"Gelof, Zack",ATH,2026,2026,2.747872886932652,1.6313570404112472,1.116515846521405,45,2.8472194767459573,-0.7592466438238646,-0.4566157925108454,36,1.4392850463653235,-0.3227691998439191,5.273043186334969,-0.4794763689635948,9
683002,"Henderson, Gunnar",BAL,2026,2026,2.641091295157529,3.949697523098235,-1.308606227940706,57,4.680233027777204,0.0,-0.7305355046789697,45,-1.3881410764693352,0.0795348485286291,-4.547742988879588,0.1356994570693191,12
696285,"Young, Jacob",WSH,2026,2026,2.624346440087427,2.1429346730635275,0.4814117670238997,53,2.5800969835417464,0.0,-0.4371623104782181,36,-0.0432877154132619,0.5246994824371606,2.513623713193502,2.417368239793407,17
641343,"Bauers, Jake",MIL,2026,2026,2.568435612037813,2.8635500611777185,-0.2951144491399054,61,3.987108661351865,0.0,-1.1235586001741462,48,0.2455858713008959,-0.540700320440801,1.0652595990086389,-0.6443174133217877,13
622761,"Mateo, Jorge",TB,2026,2026,2.5622193894324004,0.8937326462407478,1.6684867431916526,44,1.8372866278651452,-0.7936333349306269,-0.1499206466937707,25,0.7448035940658918,0.923683149125761,6.673064257458372,4.490243821109074,19
701358,"Smith, Cam",HOU,2026,2026,2.506843272813612,3.5363129421120494,-1.029469669298438,49,3.763299030021767,0.0,-0.2269860879097172,33,-0.953039339420721,-0.0764303298777171,0.7846635286922969,-0.5604779580144755,16
690993,"Keith, Colt",DET,2026,2026,2.427019046968063,1.9364476815178044,0.4905713654502585,39,2.8235053265099945,0.0,-0.8870576449921904,35,0.5769379676021941,-0.0863666021519356,0.7533570959031227,-0.5476471503003812,4
670764,"Walls, Taylor",TB,2026,2026,2.4132408654092607,0.2551735703328222,2.158067295076439,69,3.450122441085637,-2.3399069928086487,-0.8550418779441653,47,1.0512910839654204,1.1067762111110175,6.865246414201665,5.284475868052765,22
805999,"Ewing, A.J.",NYM,2026,2026,2.369195540904838,0.7036280465431278,1.665567494361711,49,1.4036568285192308,0.0,-0.7000287819761029,23,1.3785478313607744,0.2870196630009357,10.186491478400466,1.219602133544999,26
691023,"Walker, Jordan",STL,2026,2026,2.332968706511332,0.9383629217292546,1.394605784782077,70,3.04740853389578,0.0,-2.109045612166524,48,1.8300770708666012,-0.4354712860845247,9.813266884346948,-1.300268771256511,22
665750,"Taveras, Leody",BAL,2026,2026,2.233931772773954,2.2887185082656867,-0.0547867354917329,50,3.80041785880115,-0.7644084631958816,-0.7472908873395822,40,-0.1816769779763914,0.1268902424846583,0.7062202437466438,0.4657158831129749,10
669016,"Marsh, Brandon",PHI,2026,2026,2.125463574277414,0.978494531310296,1.1469690429671178,43,1.736079301042176,0.0,-0.7575847697318799,32,1.1306672990803597,0.0163017438867574,3.8614200502320792,-0.1231428000022142,11
806198,"Pratt, Cooper",MIL,2026,2026,2.1117107712129046,1.1437706544867912,0.9679401167261136,27,1.6708076985957312,0.0,-0.5270370441089405,15,1.0431455352610055,-0.0752054185348919,6.810500158160447,-0.4530071750326408,12
668904,"Lewis, Royce",MIN,2026,2026,2.016179400773079,0.9398780461646444,1.0763013546084343,43,1.8543560316515375,0.0,-0.914477985486894,30,0.8017203554059708,0.2745809992024639,5.020105075405849,1.1486936808107964,13
686475,"Tolbert, Tyler",KC,2026,2026,1.9666581052466787,0.0319853063061054,1.9346727989405728,40,1.2481641475469774,-0.751342273918186,-0.4648365673226858,16,1.2497584385081386,0.6849143604324345,9.00955080035454,4.46643470482787,24
691026,"Winn, Masyn",STL,2026,2026,1.9459210401897589,0.9910907367143648,0.9548303034753942,38,2.003891036024044,0.0,-1.0128002993096783,31,0.6653338505585085,0.2894964529168851,0.2822878236938332,1.2238555886511642,7
592885,"Yelich, Christian",MIL,2026,2026,1.9403820394082607,0.7548734510162683,1.1855085883919925,40,2.289098099514748,-0.8905853913799835,-0.643639257118496,32,0.722917958161144,0.4625906302308482,1.3180703789156238,1.94632815004803,8
668227,"Arozarena, Randy",SEA,2026,2026,1.915002527925335,0.6770630372679518,1.2379394906573833,66,2.6745360099665323,0.0,-1.9974729726985805,43,1.03792193573902,0.2000175549183631,5.845031870153413,0.6443227826801937,23
677942,"Alexander, Blaze",BAL,2026,2026,1.891325603300943,1.5229082913311691,0.3684173119697734,38,2.2152760224129797,0.0,-0.6923677310818103,28,0.4757847923022535,-0.10736748033248,2.9053012082715823,-0.7430767015443459,10
668715,"Steer, Spencer",CIN,2026,2026,1.8793231343425556,1.5277746406973176,0.3515484936452377,29,1.9229045552242767,0.0,-0.3951299145269593,27,0.3799031125487173,-0.0283546189034794,-0.8372507238589719,-0.466100293691813,2
678662,"Tovar, Ezequiel",COL,2026,2026,1.8537693316052617,1.2539770975682305,0.5997922340370315,31,1.8928702223798424,0.0,-0.6388931248116123,27,0.7041923959488178,-0.104400161911786,1.7864890861638385,-0.7707840912250128,4
671976,"Peters, Tristan",CWS,2026,2026,1.8426448510895383,1.527801059992797,0.3148437910967415,47,2.6859067103446503,-0.7509821884028056,-0.4071234619490483,37,1.279704392987075,-0.9648606018903338,3.502825051621285,-2.6460488586061173,10
664728,"Isbel, Kyle",KC,2026,2026,1.821205082538752,1.0574975507522923,0.76370753178646,23,1.302568764827338,0.0,-0.2450712140750455,18,0.8069493597977448,-0.0432418280112845,2.62943031750507,-0.2887040222074902,5
694249,"Carrigg, Cole",COL,2026,2026,1.818510850704328,2.0710113892996747,-0.2525005385953465,41,2.7119369958741126,0.0,-0.6409256065744383,31,-0.5431280989294097,0.2906275603340627,-0.2480409639204521,1.357340370393758,10
657041,"Thomas, Lane",ATL,2026,2026,1.7573901816872168,1.1559038548291571,0.6014863268580598,44,2.6249500909135524,-0.9144880102742816,-0.5545582258101132,34,0.6348383008969999,-0.0333519740389396,4.182930136493711,-0.3490864358843065,10
669364,"Edwards, Xavier",MIA,2026,2026,1.7383287292653002,1.1132032566560386,0.6251254726092618,64,3.498553250032652,-1.5193837302918587,-0.8659662630847538,45,0.7194865429397884,-0.0943610703305263,5.374735116079809,-0.7831727681232452,19
813841,"Cox, Jonah",SF,2026,2026,1.700258634702353,0.2514326412999528,1.4488259934024,14,0.4532159974735837,0.0,-0.2017833561736309,6,1.2927137990960325,0.1561121943063678,5.950970194463401,0.7528106561858514,8
672724,"Peraza, Oswald",LAA,2026,2026,1.683557522760844,1.008730982747785,0.6748265400130588,34,1.685118545653414,0.0,-0.676387562905629,20,0.0955933675216821,0.5792331724913767,2.1394005536335547,2.6441544418223497,14
695506,"Caglianone, Jac",KC,2026,2026,1.658425331910754,1.793956912878939,-0.135531580968185,54,3.4579098197320475,-0.7777326146729826,-0.8862202921801255,46,-0.0192114296822832,-0.1163201512859015,0.1202622107016798,-0.7613129670694629,8
665019,"Clemens, Kody",MIN,2026,2026,1.6519686956028388,1.2446923724566097,0.407276323146229,52,3.5101188929196177,-1.5528671334013973,-0.7125593870616113,42,0.1272150605188852,0.2800612626273434,0.6014519793736263,0.9512624629944152,10
823550,"Song, Sung-Mun",SD,2026,2026,1.625555977020411,0.6490274273229301,0.9765285496974808,25,0.8619268490079939,0.0,-0.2128994216850637,10,1.066164184147368,-0.0896356344498873,7.136052267329294,0.7072689965751883,15
669707,"Triolo, Jared",PIT,2026,2026,1.5686852915379648,0.6784551701556751,0.8902301213822896,29,1.4721824195584836,0.0,-0.7937272494028085,20,0.7782235868823475,0.1120065344999424,3.18470933575168,0.4409793746280173,9
643396,"Kiner-Falefa, Isiah",BOS,2026,2026,1.5567485028125048,1.0305869201293785,0.5261615826831262,22,1.3014630021207434,0.0,-0.2708760819913651,12,0.811576996281844,-0.2854154135987178,3.962443356489079,-0.2374655431779204,10
690984,"Halpin, Petey",CLE,2026,2026,1.478073243238673,0.2250265082811847,1.2530467349574883,18,0.6606394659664636,0.0,-0.4356129576852788,11,1.124910754327542,0.1281359806299461,4.63805329379811,0.4970217457440079,7
642350,"Siri, Jose",LAA,2026,2026,1.4771444333057715,0.4140801391366975,1.0630642941690742,16,0.7767774091585424,0.0,-0.3626972700218449,10,0.9197554001550404,0.1433088940140335,3.793684101698803,0.6116299776934363,6
656537,"Hill, Derek",PHI,2026,2026,1.437025642620331,0.3383871558868423,1.0986384867334886,31,1.7269253012578565,-0.8822007425212042,-0.5063374028498098,15,0.5515781703593461,0.5470603163741434,5.561066167625475,2.5406862987133145,16
670231,"Rave, John",KC,2026,2026,1.394488236226748,0.687561022768362,0.7069272134583858,16,0.7797091942198503,0.0,-0.0921481714514884,12,0.5265106252916066,0.1804165881667792,2.361297660599916,0.8826002796210447,4
545121,"Vargas, Ildemaro",AZ,2026,2026,1.3859734727536326,1.0863502519815835,0.299623220772049,36,2.2295070318135446,0.0,-1.1431567798319602,33,0.404290042763881,-0.1046668219918319,-0.8357581450136848,-0.8317620730748387,3
593428,"Bogaerts, Xander",SD,2026,2026,1.3735284642034098,-1.0338742661091116,2.4074027303125214,45,1.685179212905242,-1.6226967091725517,-1.0963567698418024,25,1.9246286250236957,0.4827741052888249,8.619190503799794,2.099989074512557,20
660271,"Ohtani, Shohei",LAD,2026,2026,1.368740000471716,1.6265911863102644,-0.2578511858385484,61,4.156871080259611,-0.7515289460688117,-1.7787509478805337,47,-0.126989621824389,-0.1308615640141594,-0.2198206668863866,-1.083578391177732,14
682829,"De La Cruz, Elly",CIN,2026,2026,1.3578664405740588,1.7123776145944498,-0.354511174020391,79,4.808708366059227,-1.5828537332851085,-1.5134770181796693,52,-0.6011700763002311,0.2466589022798401,3.667256557262558,0.9703357319778436,27
682622,"Marte, Noelvi",CIN,2026,2026,1.3453016635572068,0.2721973579125476,1.0731043056446592,17,0.4441432539043088,0.0,-0.1719458959917612,11,0.7348246437243897,0.3382796619202693,2.643511556672862,1.5404148183705413,6
808982,"Lee, Jung Hoo",SF,2026,2026,1.3390239411223246,-0.4526572631314577,1.7916812042537822,59,3.245397113606884,-2.335600842536043,-1.362453534202299,49,1.840488448025953,-0.0488072437721712,6.33439135480694,-0.8865969197279088,10
810938,"Williamson, Ben",TB,2026,2026,1.2916299715167172,0.7539392702938663,0.537690701222851,24,1.2722481276234991,0.0,-0.5183088573296327,17,0.6154515573847071,-0.0777608561618561,3.248935573871078,-0.4598056915975896,7
703607,"Bolte, Henry",ATH,2026,2026,1.284289945205468,1.83861123246998,-0.554321287264512,49,3.059252729970816,0.0,-1.2206414975008348,27,0.0348472035525312,-0.5891684908170436,5.037984644123022,-1.9189519807014028,22
668804,"Reynolds, Bryan",PIT,2026,2026,1.2614728554252834,0.6754702523724574,0.5860026030528259,62,2.932662364033598,-0.7502923242845758,-1.5068997873765655,56,0.7577104459794987,-0.1717078429266728,-0.4527956668714547,-1.195383069672879,6
666211,"Trammell, Taylor",HOU,2026,2026,1.2608173377929612,1.0529980828619845,0.2078192549309769,24,1.884744722595462,0.0,-0.8317466397334776,19,0.0349683720713785,0.1728508828595983,0.3570361778060555,0.792792494005788,5
650333,"Arraez, Luis",PHI,2026,2026,1.256285090728528,0.4322375334578237,0.8240475572707043,64,3.887684699761781,-1.5376333187935411,-1.9178138475104156,55,1.3780647653235794,-0.5540172080528749,2.3841490304108763,-1.7667748006653123,9
545341,"Grichuk, Randal",CWS,2026,2026,1.2249796198539038,1.3977006833202132,-0.1727210634663095,23,1.860499571358156,0.0,-0.4627988880379426,23,-0.1085605082254792,-0.0641605552408303,-1.1315116915962584,-0.4654938872423497,0
685133,"Meckler, Wade",LAA,2026,2026,1.224039473919644,0.4669411560752546,0.7570983178443893,31,1.3353639468396612,0.0,-0.8684227907644065,23,0.6001274069592423,0.156970910885147,2.556280832355758,0.5861021443041149,8
699912,"Fernandez, Jose",AZ,2026,2026,1.2126606122457506,0.6330129100479436,0.579647702197807,26,1.4762887497826689,0.0,-0.843275839734725,16,0.6394018995375702,-0.059754197339763,4.385816538446281,-0.4758301584726976,10
679845,"Loftin, Nick",KC,2026,2026,1.2115452263679465,0.6896981800101042,0.5218470463578422,51,2.561496050772754,-0.7957106099182332,-1.0760872608444172,47,0.6727991252008069,-0.1509520788429654,1.732138365219448,-1.040360640539752,4
683357,"Caissie, Owen",MIA,2026,2026,1.2033359081782469,0.9691128601669718,0.2342230480112751,24,1.3422494911406055,0.0,-0.3731366309736339,19,0.3257313827991909,-0.0915083347879158,0.9784885578983264,-0.5808021427923126,5
691723,"Mayo, Coby",BAL,2026,2026,1.1987357650162875,1.0877920382709212,0.1109437267453663,31,1.7533134166648756,0.0,-0.6655213783939546,26,0.2579125681807371,-0.1469688414353708,0.7153029069020557,-0.8974709424500424,5
672761,"Pérez, Wenceel",DET,2026,2026,1.1727839615155382,1.5449075621090815,-0.3721236005935432,21,1.602834472950167,0.0,-0.0579269108410852,16,0.0710682735335651,-0.4431918741271085,0.9500043778400664,-1.0962991355003686,5
683146,"Baty, Brett",NYM,2026,2026,1.1693939914081977,1.0331421311987374,0.1362518602094601,38,1.8721041953487816,0.0,-0.8389620641500454,32,0.1975981914550796,-0.0613463312456193,-0.0172305728954385,-0.4588359886497383,6
573262,"Yastrzemski, Mike",ATL,2026,2026,1.1565165718786965,1.2436317682149651,-0.0871151963362686,31,2.2435727363068816,0.0,-0.999940968091916,31,-0.0109878806952944,-0.0761273156409742,-2.0262679514288724,-0.5307269933645461,0
695578,"Wood, James",WSH,2026,2026,1.1481582229904936,0.2594083896002213,0.8887498333902724,62,3.0672958320866,-0.7578618690623015,-2.050025573424078,46,0.7948038064686977,0.0939460269215748,3.8854474160641,0.0943567543444575,16
678391,"Vivas, Jorbit",WSH,2026,2026,1.1442360047788591,1.2722893201232155,-0.1280533153443564,31,2.1414016997231267,0.0,-0.8691123795999108,27,-0.0202945812853157,-0.1077587340590405,-0.6801424354370517,-0.8390578275440032,4
678246,"Vargas, Miguel",CWS,2026,2026,1.1423376807000092,0.2075610168608315,0.9347766638391776,69,3.5905031274629624,-2.3427908071757617,-1.0401513034263687,56,0.4736315150438835,0.4611451487952939,1.6045029364261696,1.9615155410476897,13
699393,"Ramírez, Pedro",CHC,2026,2026,1.1202770633798107,0.4627296356209638,0.6575474277588469,19,1.0487653632070653,0.0,-0.5860357275861013,12,0.6860680067812611,-0.0285205790224139,3.725356718570984,-0.2953143226868528,7
703520,"Bateman, Brett",TOR,2026,2026,1.116129773815525,0.7676107108162205,0.3485190629993045,17,1.2512134966615092,0.0,-0.4836027858452887,15,0.3628205974754541,-0.0143015344761496,1.2669432705877168,-0.0977042578112971,2
691720,"Karros, Kyle",COL,2026,2026,1.1109146596879882,0.4436999465065152,0.6672147131814731,43,2.6844865687044086,-0.8078604645989494,-1.432926157598944,38,0.3988052441028097,0.2684094690786631,-0.530553554297823,1.0554384660948952,5
642215,"Wilson, Weston",SEA,2026,2026,1.1017729496597062,0.4049052252195893,0.6968677244401169,13,0.541123679239929,0.0,-0.1362184540203396,9,0.7210938415374702,-0.0242261170973533,3.2848653157839336,-0.2710419086601209,4
701675,"Church, Nathan",STL,2026,2026,1.0929071138281596,1.3379378102804416,-0.2450306964522818,47,2.611406121856828,-0.7602544027593878,-0.5132139088169987,34,-0.3675800355569957,0.1225493391047145,0.9125159361382592,0.3672891229884067,13
686217,"Frelick, Sal",MIL,2026,2026,1.0895573754712693,1.484339027801824,-0.3947816523305546,30,1.974183706156083,0.0,-0.4898446783542591,24,-0.5037826932804492,0.1090010409498945,-1.85981329070534,0.3703292664650011,6
702616,"Holliday, Jackson",BAL,2026,2026,1.0885010684690233,1.110149811651982,-0.0216487431829587,29,2.139400891291658,0.0,-1.0292510796396763,21,-0.1582262890241635,0.1365775458412048,-0.6092160860890676,0.488335362635129,8
664702,"Straw, Myles",TOR,2026,2026,1.084396798846578,0.8454774460986337,0.2389193527479444,35,2.4146336352678888,-0.7537251303043665,-0.8154310588648885,29,0.5888153298823623,-0.3498959771344177,1.4756891053910723,-0.6920069576829764,6
701350,"Anthony, Roman",BOS,2026,2026,1.0791886094709882,0.8047222094078827,0.2744664000631053,14,1.110318424236613,0.0,-0.3055962148287303,12,0.2906769231393574,-0.016210523076252,0.526905996078459,-0.2130230733098337,2
702332,"Durbin, Caleb",BOS,2026,2026,1.0756431384801035,1.440518634754952,-0.3648754962748485,65,3.0771188180129974,-0.8813439364043969,-0.7552562468536494,42,-1.6106963708461473,1.2458208745712984,-2.088658786725053,6.045290531799133,23
808975,"Kim, Hyeseong",LAD,2026,2026,1.0309137837514115,0.7707634663770522,0.2601503173743597,18,1.0983891574505114,0.0,-0.3276256910734592,13,0.2851184340453274,-0.0249681166709676,1.9333724564260608,-0.1487890823914332,5
681546,"Outman, James",DET,2026,2026,1.0069564945387384,1.141885679907568,-0.1349291853688296,20,1.267217039202262,0.0,-0.125331359294694,13,0.3897764207664086,-0.5247056061352382,2.3235134400593878,-1.5169563880541472,7
702222,"Crawford, Justin",PHI,2026,2026,1.0019017864735116,0.618676180518726,0.3832256059547856,47,2.526602866424054,-0.7682921636621483,-1.1396345222431803,31,0.5070538206271158,-0.1238282146723299,5.474626851276499,-0.8493507309940451,16
693304,"Gonzales, Nick",PIT,2026,2026,0.9999736927827896,1.0361771995532014,-0.0362035067704119,45,3.209051076019921,-0.7900555684540452,-1.3828183080126746,40,0.0650684889895529,-0.1012719957599649,-1.90555965674699,-0.8184356136468609,5
687529,"McCray, Grant",SF,2026,2026,0.9978103263291744,0.4845056563143011,0.5133046700148735,11,0.5816318003687924,0.0,-0.0971261440544912,8,0.5396900604312219,-0.0263853904163483,2.370223635454073,-0.1579309318791175,3
696135,"Watson, Kahlil",CLE,2026,2026,0.9879345421255598,0.3165655074499099,0.6713690346756498,15,0.5966559095344643,0.0,-0.2800904020845544,5,0.530215674847572,0.1411533598280777,3.423991608037883,1.9091526037194304,10
663968,"Mangum, Jake",PIT,2026,2026,0.9858825994880756,1.6706146921948268,-0.6847320927067513,56,2.846215018278958,0.0,-1.1756003260841317,35,-0.2781320003462846,-0.4066000923604667,2.983611058669404,-1.0542993163869991,21
665877,"Fermín, José",STL,2026,2026,0.9750602280413296,0.214537725563699,0.7605225024776308,29,1.284960362443891,0.0,-1.070422636880192,21,0.6232133395061904,0.13730916297144,2.9695464853242908,0.5256453352667941,8
681393,"Norby, Connor",COL,2026,2026,0.967695178145733,0.6758994997897749,0.291795678355958,26,0.9988338050560632,0.0,-0.3229343052662883,17,-0.0564908444377548,0.3482865227937129,0.8767425290618803,1.6641329782286522,9
687363,"Scott II, Victor",STL,2026,2026,0.9540321778777804,0.5680437125808071,0.3859884652969731,28,0.9945032406915292,0.0,-0.426459528110722,16,0.2273520179442741,0.1586364473526988,3.5938126695997643,0.7058846227774211,12
592663,"Realmuto, J.T.",PHI,2026,2026,0.9360061760296242,1.256273180101227,-0.3202670040716028,33,1.914020900718615,0.0,-0.6577477206173875,30,-0.2242130218459469,-0.0960539822256559,-1.6815116217744444,-0.6986883438050386,3
695734,"Lile, Daylen",WSH,2026,2026,0.92123764819724,2.673222045543457,-1.7519843973462177,66,4.253107597465896,0.0,-1.5798855519224382,51,-1.3836323310128478,-0.3683520663333701,-2.560694774109517,-0.8704530689153225,15
686894,"Wiemer, Joey",WSH,2026,2026,0.912376438274388,0.7656845271955962,0.1466919110787917,7,0.7675071388913005,0.0,-0.0018226116957042,6,0.1575960170940805,-0.0109041060152888,0.3854028035175147,-0.178320761591867,1
687957,"Harris, Dustin",SD,2026,2026,0.9043414001735172,0.1872572604988659,0.7170841396746513,13,0.375073740675304,0.0,-0.1878164801764381,6,0.7434881781206498,-0.0264040384459985,4.259686579750502,-0.1777819686535975,7
690924,"Fulford, Braxton",COL,2026,2026,0.9038008646978388,0.1957731535741499,0.7080277111236889,11,0.2807601333923942,0.0,-0.0849869798182442,7,0.7479825880530342,-0.0399548769293454,3.3261697461352737,-0.2547204300928443,4
571970,"Muncy, Max",LAD,2026,2026,0.9016836137691568,0.9373706137692762,-0.0356870000001195,36,2.373731576519837,0.0,-1.4363609627505598,35,0.0817808959550463,-0.1174678959551657,-1.383410171800331,-0.7046311705870898,1
682997,"Callihan, Tyler",PIT,2026,2026,0.9016051798232976,0.7641713046016833,0.1374338752216143,7,0.7897462892659052,0.0,-0.0255749846642218,6,0.1473429289927186,-0.0099090537711043,0.4261108662665105,-0.0917115922093158,1
666160,"Moniak, Mickey",COL,2026,2026,0.8992334558595485,1.8992975762528248,-1.0000641203932763,33,2.7289150019753725,0.0,-0.8296174257225463,30,-0.9117142370050432,-0.0883498833882327,-4.073570307601033,-0.6492387932832977,3
596103,"Slater, Austin",TB,2026,2026,0.8965868885800214,0.2191452859497706,0.6774416026302508,9,0.2946805134491884,0.0,-0.0755352274994178,5,0.6938130684169319,-0.0163714657866811,3.0066646044456022,-0.1144177932123469,4
660710,"Durán, Rodolfo",SD,2026,2026,0.882143439462099,0.9295244979113488,-0.0473810584492497,10,0.9467023118867254,0.0,-0.0171778139753766,10,-0.0322992682775819,-0.0150817901716678,-0.6402656173251935,-0.0916257792413776,0
671218,"Ramos, Heliot",NYY,2026,2026,0.8750503579046564,0.8215959397103897,0.0534544181942666,36,1.6001097524753884,0.0,-0.7785138127649989,31,-0.0663291916343854,0.1197836098286521,-1.0395482129744404,0.3472018807527654,5
663604,"Lockridge, Brandon",MIL,2026,2026,0.8599305519134959,0.2767715594368088,0.583158992476687,15,0.5778309625059036,0.0,-0.3010594030690948,8,0.6372153003019025,-0.0540563078252153,3.2237166093621767,-0.3659729534352453,7
805367,"Meidroth, Chase",CWS,2026,2026,0.8580455178603961,1.0463999365667225,-0.1883544187063264,40,2.4668054333400256,0.0,-1.4204054967733033,38,-0.0214533732988847,-0.1669010454074417,-4.185200785948628,-1.268554135101181,2
677649,"Duran, Ezequiel",TEX,2026,2026,0.8539207026683153,0.6945819116722467,0.1593387909960686,50,2.260730939263431,-0.8349556398679244,-0.7311933877232601,37,0.3263106803761347,-0.1669718893800655,2.6462108112693707,-1.1472126857806615,13
680700,"Palacios, Richie",TB,2026,2026,0.8419459496497638,0.8688721838251684,-0.0269262341754046,36,1.7049267953689964,0.0,-0.8360546115438281,22,0.4927714580091193,-0.519697692184524,4.163787860817767,-1.5436253671916114,14
694671,"Langford, Wyatt",TEX,2026,2026,0.8116917574447284,-0.0641579560587294,0.8758497135034579,39,1.7606295678260702,-0.787958326783433,-1.0368291971013668,27,1.4046802974669594,-0.528830583963502,5.926373863483739,-1.587211925987602,12
666971,"Gurriel Jr., Lourdes",AZ,2026,2026,0.7932704244975141,0.7772630919970018,0.0160073325005122,15,1.1301841337966798,0.0,-0.3529210417996781,14,-0.152394223560806,0.1684015560613183,-1.5976833556292347,0.7249219788697042,1
682668,"Acuña, Luisangel",CWS,2026,2026,0.7811692478777734,0.2221187065069691,0.5590505413708043,32,1.2817114122600717,-0.9284140677714235,-0.1311786379816784,12,0.2521999729665187,0.3068505684042859,4.74204063692128,2.5553526598397043,20
680474,"Schuemann, Max",NYY,2026,2026,0.7725397653068931,1.1411896494496807,-0.3686498841427876,18,1.1627490938940768,0.0,-0.021559444444396,13,-0.3069368720079973,-0.0617130121347902,0.2727921805133829,-0.4087423786973629,5
596115,"Story, Trevor",BOS,2026,2026,0.7477444098050151,0.4557020123699976,0.2920423974350175,21,1.387662791857791,0.0,-0.931960779487794,19,0.3323334206287425,-0.0402910231937249,0.8605095110006586,-0.2946426110885193,2
682657,"Martínez, Angel",CLE,2026,2026,0.7453429540827486,0.8994350947937202,-0.1540921407109715,46,2.2740520979450207,-0.7629321744760265,-0.6116848286752741,32,-0.5185330891642899,0.3644409484533182,0.6549711296250499,1.5160206935667344,14
606466,"Marte, Ketel",AZ,2026,2026,0.7364682837270791,0.4947570300708775,0.2417112536562015,44,1.8754553119889303,0.0,-1.3806982819180529,40,-0.032995605551735,0.2747068592079364,-3.360452489451132,1.0006826209157662,4
669701,"Smith, Josh",TOR,2026,2026,0.7290834300226987,0.3834591734903548,0.3456242565323439,18,1.264911046937831,-0.770277543279425,-0.1111743301680509,13,0.3629601158923466,-0.0173358593600027,1.601860651050929,-0.1332370545066673,5
596146,"Kepler, Max",AZ,2026,2026,0.7238378023535473,0.8296526291153543,-0.105814826761807,9,1.0125106760600164,0.0,-0.1828580469446619,9,-0.0946573394541786,-0.0111574873076283,-1.157768601393338,-0.1085665382659355,0
607043,"Nimmo, Brandon",TEX,2026,2026,0.7148791716505776,0.8969391476262969,-0.1820599759757193,42,2.4809805053273006,0.0,-1.584041357701004,37,0.0364080572555325,-0.2184680332312519,-1.8328034919751637,-1.3340967987705885,5
664954,"Sullivan, Brett",COL,2026,2026,0.7147491868645337,0.9929038514440748,-0.2781546645795411,17,1.5431506934198465,0.0,-0.5502468419757719,15,-0.2997219912180757,0.0215673266385345,-1.242827655944062,-0.0373340266500785,2
694374,"Tawa, Tim",AZ,2026,2026,0.7092474650241235,-0.498525598430534,1.2077730634546575,18,0.6697629334215173,0.0,-1.1682885318520515,11,1.2845751848791378,-0.0768021214244803,4.305829752212838,-0.530704203133602,7
681297,"Cowser, Colton",BAL,2026,2026,0.6781084721165879,1.0871137232747796,-0.4090052511581917,32,1.553357738387654,0.0,-0.4662440151128745,20,0.0785970891226298,-0.4876023402808214,2.217960364002878,-1.3787811415531794,12
678009,"Meadows, Parker",DET,2026,2026,0.6682288787774495,0.2984940760912749,0.3697348026861746,8,0.3039067270131386,0.0,-0.0054126509218636,6,0.3861925404530548,-0.0164577377668801,1.690259123993621,-0.0943304754793288,2
681047,"Franklin, Christian",BAL,2026,2026,0.6673980600166756,0.3207418827695468,0.3466561772471287,5,0.4002364141960542,0.0,-0.0794945314265075,3,0.3583304144949677,-0.011674237247839,1.660747957719017,-0.0824883795197564,2
695508,"Cauley, Cam",TEX,2026,2026,0.662435825622539,0.6848876336811908,-0.0224518080586518,6,0.80379524627907,0.0,-0.1189076125978793,6,-0.0008666397494147,-0.021585168309237,-0.4195067661730367,-0.1362144233949628,0
805347,"Jarvis, Jim",ATL,2026,2026,0.6486508463142753,0.6577670774197458,-0.0091162311054705,10,0.7332266689592118,0.0,-0.0754595915394659,10,0.0026148352999327,-0.0117310664054033,-0.8213344069244838,-0.172979954479728,0
701785,"Culpepper, Kaelen",MIN,2026,2026,0.6475662442260618,0.4707324452503841,0.1768337989756776,8,1.0774391344353855,0.0,-0.6067066891850015,7,0.2124805549442538,-0.0356467559685762,0.2442939215028846,-0.2139748684142263,1
670032,"Lopez, Nicky",TEX,2026,2026,0.6289240096415933,1.4826485902156452,-0.8537245805740519,24,1.891607964601546,0.0,-0.4089593743859006,17,-1.006795838403969,0.1530712578299172,-2.328944079604814,0.6791886042896658,7
701305,"Dezenzo, Zach",HOU,2026,2026,0.6198148353050912,0.4876279422524007,0.1321868930526903,12,0.5955095667253448,0.0,-0.1078816244729442,11,0.1613200067641316,-0.0291331137114412,0.344380167182572,-0.1750557486534578,1
691728,"Veen, Zac",COL,2026,2026,0.6103482114883738,0.4349572822342551,0.1753909292541187,7,0.4466443216598687,0.0,-0.0116870394256135,6,0.1849260461219915,-0.0095351168678728,0.8393474831455604,-0.0547341714202559,1
701162,"Malgeri, Ben",DET,2026,2026,0.6033387931547878,0.1447758855259273,0.4585629076288604,10,0.4076246159565544,0.0,-0.262848730430627,7,0.2832942065760692,0.1752687010527911,0.9109659316004964,0.8211688354517305,3
665487,"Tatis Jr., Fernando",SD,2026,2026,0.6001022460697122,1.5307327793480183,-0.9306305332783064,94,4.4239614037224095,-1.517007635764117,-1.3762209886102743,58,-0.5883151071224584,-0.342315426155848,3.761766884367014,1.7358761088988766,36
687093,"Grissom, Vaughn",LAA,2026,2026,0.592649956001124,0.5963896118959743,-0.0037396558948502,29,1.5959728151177568,0.0,-0.9995832032217828,28,0.074028872777431,-0.0777685286722811,-1.6100264237771262,-0.6222678640048164,1
670770,"Friedl, TJ",CIN,2026,2026,0.5748773070637848,0.4179337718335976,0.1569435352301872,17,0.7429493120258969,0.0,-0.3250155401922993,12,0.1843660469800263,-0.0274225117498391,0.6918674174549408,-0.2953889893340297,5
677950,"Thomas, Alek",LAD,2026,2026,0.5679130813980838,0.0679584391087281,0.4999546422893556,15,1.0647346953384602,-0.8041809171390262,-0.192595339090706,12,0.530138888258909,-0.0301842459695533,2.418184347321975,-0.2095560311556804,3
680757,"Kwan, Steven",CLE,2026,2026,0.5512216849942876,0.9684584461761918,-0.4172367611819042,52,3.64858636059354,-0.7697102209113548,-1.9104176935059929,45,-0.2127427422107102,-0.2044940189711942,-3.2070587335110647,-1.4227593115222787,7
687221,"Rushing, Dalton",LAD,2026,2026,0.5397706939630105,0.6907474828184719,-0.1509767888554614,23,1.4721476835788316,0.0,-0.7814002007603594,23,-0.0987976154846072,-0.0521791733708542,-1.6415471779277098,-0.3441448610947988,0
682987,"Jones, Spencer",NYY,2026,2026,0.5378188537075339,0.833984741111047,-0.2961658874035132,27,1.6538434273751408,0.0,-0.8198586862640935,18,0.2484096771029514,-0.5445755645064646,2.4863867565125704,-1.6005169038750091,9
691783,"Lawlar, Jordan",AZ,2026,2026,0.5346921260533647,0.4447729687606457,0.0899191572927189,8,0.4473292499109323,0.0,-0.0025562811502865,4,0.109778612534108,-0.019859455241389,1.620216680109834,-0.1165596218633869,4
672016,"Clarke, Denzel",ATH,2026,2026,0.5338949016832045,0.1894888472115658,0.3444060544716386,4,0.1976678760369672,0.0,-0.0081790288254013,2,0.3664439784018564,-0.0220379239302178,1.595006831870925,-0.1463158716858578,2
806068,"Emerson, Colt",SEA,2026,2026,0.5315306349642577,1.1266072526755195,-0.5950766177112619,20,1.4179544092407703,0.0,-0.2913471565652512,16,-0.538615803147836,-0.0564608145634256,-1.1803110376991024,-0.3245661734645421,4
668723,"Vilade, Ryan",TB,2026,2026,0.5244537732625231,0.6932022284139775,-0.1687484551514544,18,1.6862304837940243,-0.7543822648890173,-0.2386459904910297,15,-0.1255128554413823,-0.0432355997100719,-0.1162903019375471,-0.2809767370661224,3
695670,"Ford, Harry",WSH,2026,2026,0.518385524260562,0.2125363002074075,0.3058492240531543,8,0.4200774910799215,0.0,-0.207541190872514,6,0.3281457794745501,-0.0222965554213956,1.3358581783414794,-0.1735591603982126,2
640492,"Azócar, José",ATL,2026,2026,0.5084337535495572,0.3467090063697029,0.1617247471798543,4,0.3646775046845542,0.0,-0.0179684983148512,3,0.1699489342659019,-0.0082241870860476,0.7217173680834563,-0.059611874821704,1
678489,"Barrosa, Jorge",HOU,2026,2026,0.5080327375275604,0.6082665477330089,-0.1002338102054485,23,0.946083562061517,0.0,-0.3378170143285077,19,-0.0261230620837624,-0.0741107481216861,-0.2034791566328422,-0.4385560712912019,4
543760,"Semien, Marcus",NYM,2026,2026,0.5001837757230319,0.9881460848734608,-0.4879623091504289,35,2.1691142035182955,0.0,-1.180968118644834,26,-0.6233090283362435,0.1353467191858145,-1.6712210781793295,0.5120799498079474,9
694378,"Gonzalez, Jacob",PIT,2026,2026,0.4996688038454561,0.602169389379585,-0.1025005855341289,18,0.8416162968053695,0.0,-0.2394469074257846,15,-0.2340076641890482,0.1315070786549193,-0.8324504786144071,0.6067260975528286,3
682729,"Clase, Jonatan",TOR,2026,2026,0.4979688752869038,0.5015006218092131,-0.0035317465223092,3,0.5038045835893351,0.0,-0.002303961780122,3,-0.0032405392428199,-0.0002912072794892,-0.1344000282491623,-0.0021942696126553,0
681987,"Eaton, Nate",BOS,2026,2026,0.4979195312365992,0.1220706790871403,0.3758488521494589,4,0.1295874336252592,0.0,-0.0075167545381188,2,0.3821693408410501,-0.0063204886915911,1.6675909358018786,-0.0406775962348555,2
666969,"García, Adolis",PHI,2026,2026,0.4961336348196733,0.0136447707775549,0.4824888640421183,19,0.5592608061850083,0.0,-0.5456160354074533,16,0.5139262833209248,-0.0314374192788063,1.6148760486335714,-0.248569566580947,3
663697,"India, Jonathan",KC,2026,2026,0.4953048835401312,0.4240211987567849,0.0712836847833462,5,0.7052665756575731,0.0,-0.2812453769007881,4,0.0803928162742445,-0.0091091314908982,-0.0657207059862527,-0.0563754568193582,1
660844,"Rivas, Leo",SEA,2026,2026,0.4889321258826372,0.8024703805792736,-0.3135382546966364,12,0.8797625013376116,0.0,-0.077292120758338,10,-0.3114126762940074,-0.0021255784026288,-0.8453093504062503,-0.0972096275347293,2
691019,"Teel, Kyle",CWS,2026,2026,0.4821298617057974,0.4891907561695458,-0.0070608944637483,4,0.509948940638486,0.0,-0.0207581844689401,4,0.0206001702301528,-0.0276610646939012,-0.1453143407689789,-0.1912026207261924,0
641555,"Escarra, J.C.",NYY,2026,2026,0.479759440616506,0.5054749048966722,-0.0257154642801662,10,0.6468451196476143,0.0,-0.1413702147509421,10,-0.0159218984753466,-0.0097935658048195,-0.3215688242838558,-0.063935774909811,0
650489,"Castro, Willi",COL,2026,2026,0.4633800225058616,-0.4712733908261194,0.934653413331981,47,1.968892967910426,-0.8364119783585245,-1.6037543803780214,34,0.6362667066784878,0.2983867066534936,3.151549041563036,1.2405107618589204,13
695238,"Wagner, Will",SD,2026,2026,0.455901098232934,0.4577891249087046,-0.0018880266757706,4,0.7112745188714591,0.0,-0.2534853939627544,4,0.0054258907472638,-0.0073139174230345,-0.5548145582655967,-0.06990428228754,0
669477,"Schmitt, Casey",SF,2026,2026,0.4547455209140192,-0.4666364545367501,0.9213819754507694,34,1.350902510852414,-0.7509728855000213,-1.066566079889143,25,1.006304660063884,-0.0849226846131145,4.623692136680704,-0.5659522448179385,9
695600,"Jensen, Carter",KC,2026,2026,0.4505577569832497,1.1810469652865263,-0.7304892083032768,46,3.051196122119762,-0.8058837016023004,-1.0642654552309356,44,-0.7934284873929687,0.0629392790896919,-5.792819311745137,0.1642643804018195,2
669743,"Call, Alex",LAD,2026,2026,0.4500653612249414,1.386354121987449,-0.9362887607625074,25,1.6079313993975124,0.0,-0.2215772774100632,22,-0.4149011859562555,-0.5213875748062521,-1.72287730574903,-1.5021266934250193,3
665052,"Conine, Griffin",MIA,2026,2026,0.4431614371296778,0.2318980205832165,0.2112634165464613,18,0.8262945278192612,0.0,-0.5943965072360443,16,0.276375423862793,-0.0651120073163316,-0.491109106447288,-0.3975112898581924,2
687749,"Bowen, Jase",SD,2026,2026,0.439041049265782,0.1231479882734163,0.3158930609923657,17,0.9083854891686224,-0.7579693645692441,-0.0272681363259618,12,0.3819015928552474,-0.0660085318628816,1.6105435861377173,0.8280840359515544,5
645302,"Robles, Victor",SEA,2026,2026,0.4384484017348797,0.2854000700898563,0.1530483316450234,24,0.9335901399425977,0.0,-0.6481900698527409,12,-0.3953638674489736,0.5484121990939971,0.8040722079760019,2.681859331806914,12
693307,"Dingler, Dillon",DET,2026,2026,0.4290936489099974,0.8954000912978216,-0.4663064423878242,48,3.0252138594558176,-0.9382557703315066,-1.1915579978264874,48,-0.4302325126112989,-0.0360739297765253,-5.315117727816471,-0.4366977948308159,0
672820,"Sosa, Lenyn",TOR,2026,2026,0.394263669465699,0.4047307935249646,-0.0104671240592656,9,0.6718824182474047,0.0,-0.26715162472244,9,0.0138181782265322,-0.0242853022857978,-0.6058990548242297,-0.1983806049119666,0
702176,"Roden, Alan",MIN,2026,2026,0.3932236119114184,0.4448652067629249,-0.0516415948515064,7,0.5787214575068688,0.0,-0.1338562507439437,7,-0.0489002265455599,-0.0027413683059465,-0.7748332229058971,-0.038603977382509,0
669369,"Johnson, Bryce",SD,2026,2026,0.3906327581653709,0.2816323254566427,0.1090004327087281,9,0.3229902387172813,0.0,-0.0413579132606385,5,0.1137115118330565,-0.0047110791243284,1.3166391029770594,-0.0354245472739717,4
621043,"Correa, Carlos",HOU,2026,2026,0.3847428366948265,0.3423813194940331,0.0423615172007934,16,1.0704168632890816,0.0,-0.7280355437950489,15,0.08371825692945,-0.0413567397286565,-0.4762563717714234,-0.3078564647685361,1
663368,"Perkins, Blake",MIL,2026,2026,0.379835683021694,0.0742381481133916,0.3055975349083024,13,0.6350255826144241,0.0,-0.5607874345010325,11,0.1389048685949404,0.1666926663133618,0.4221264757107542,0.7481912997590806,2
663457,"Nootbaar, Lars",AZ,2026,2026,0.3759820930415843,0.0952634129154347,0.2807186801261496,20,0.8816308639807159,0.0,-0.786367451065281,18,0.3390168925568557,-0.0582982124307059,0.153750866668704,-0.46697087819952,2
667670,"Rooker, Brent",ATH,2026,2026,0.373840443232775,0.2581537491613957,0.1156866940713792,6,0.4076877505891857,0.0,-0.1495340014277901,5,0.1322751942155506,-0.0165885001441714,0.0895884705081512,-0.1768276404495436,1
694377,"Yorke, Nick",PIT,2026,2026,0.3661245995610069,0.1932925857404229,0.172832013820584,6,0.4047054460276291,0.0,-0.2114128602872062,5,0.1954458075951962,-0.0226137937746122,0.5989079157322287,-0.1443364164528415,1
666310,"Naylor, Bo",MIL,2026,2026,0.3584065153905337,0.4106486820947025,-0.0522421667041688,3,0.461369458723497,0.0,-0.0507207766287944,3,-0.0489762513326071,-0.0032659153715616,-0.9602519235065544,-0.03782287979561,0
694673,"Ortiz, Abimelec",WSH,2026,2026,0.3534420948870475,0.4328537368701787,-0.0794116419831312,10,0.8395457553051299,0.0,-0.4066920184349512,10,-0.0429852221085274,-0.0364264198746037,-0.9305551215875804,-0.2133456774011071,0
620443,"Torrens, Luis",NYM,2026,2026,0.3518812196746896,0.3001169435756372,0.0517642760990524,18,1.0710401362176931,0.0,-0.770923192642056,17,0.0706623405496246,-0.0188980644505722,-0.4936746706458045,-0.2476919449801828,1
683679,"Rodriguez, Jesus",SF,2026,2026,0.3501387935814848,0.6715019233081664,-0.3213631297266816,8,0.936001107316232,0.0,-0.2644991840080657,6,-0.3205603333633025,-0.000802796363379,-0.6445413986473649,-0.0519900635630551,2
690976,"Freeland, Alex",LAD,2026,2026,0.3488772304558197,0.1368158686964887,0.212061361759331,19,1.1714870259833523,0.0,-1.0346711572868637,17,0.2892647775984522,-0.0772034158391212,-0.2455804541322672,-0.5309508246296293,2
663330,"Jones, Jahmai",BOS,2026,2026,0.3486852850295044,0.576526051673076,-0.2278407666435715,15,0.6601310019341426,0.0,-0.0836049502610667,11,-0.5579354059885352,0.3300946393449636,-2.3647803682695896,1.5355643401461812,4
703601,"Clark, Max",DET,2026,2026,0.3470523735058471,0.2248011925266814,0.1222511809791657,11,1.0322881930143752,0.0,-0.8074870004876938,10,0.1652242855842697,-0.0429731046051039,0.3202542381486017,-0.3376808859025445,1
691277,"De Los Santos, Deyvison",MIA,2026,2026,0.3405387269634435,0.3727421041856975,-0.0322033772222539,2,0.3755315110914446,0.0,-0.0027894069057471,2,-0.0308712872759841,-0.0013320899462697,-0.2377387853860296,-0.0080710867587588,0
669065,"Stowers, Kyle",MIA,2026,2026,0.3339247546416188,0.637113563522399,-0.3031888088807801,25,2.044518733705172,0.0,-1.4074051701827723,25,-0.2138849970933326,-0.0893038117874473,-3.025183069866288,-0.6684870971075171,0
671155,"Johnson, Ivan",CIN,2026,2026,0.327608968095312,-0.0076191921290934,0.3352281602244054,2,0.0,0.0,-0.0076191921290934,0,0.1685587180559822,0.1666694421684232,0.6716253855417439,0.8159992539361607,2
676391,"Clement, Ernie",TOR,2026,2026,0.3247451323641602,-0.2823009094630327,0.607046041827193,51,3.0310412152228707,-1.5083721152920333,-1.8049700093938688,45,0.7608944610319652,-0.1538484192047725,0.293436626302319,-1.0361775317881847,6
624641,"Sosa, Edmundo",PHI,2026,2026,0.3064000948114742,0.3484651048439046,-0.0420650100324304,12,0.6327295957985731,0.0,-0.2842644909546684,11,-0.003269943177089,-0.0387950668553413,-1.246330042653021,-0.4065477366514813,1
668709,"Bleday, JJ",CIN,2026,2026,0.3047584213762234,0.9189742353031664,-0.614215813926943,33,2.0472728691669784,0.0,-1.1282986338638124,28,-0.5120681486091689,-0.1021476653177739,-2.971174128432625,-0.7435530863294398,5
676609,"Caballero, José",NYY,2026,2026,0.2940086281029619,1.7768284552448244,-1.4828198271418624,65,2.1374904615841577,0.0,-0.3606620063393334,29,-0.4054413446550668,-1.0773784824867956,6.066787943009164,0.3691980539483499,36
694410,"Groover, LuJames",AZ,2026,2026,0.2927737535963796,0.3302574734149477,-0.0374837198185682,4,0.3361275804359014,0.0,-0.0058701070209536,4,-0.0276586511494755,-0.0098250686690926,-0.3195837120778148,-0.1030638088749875,0
662139,"Varsho, Daulton",HOU,2026,2026,0.2885559517359771,-0.5362621552928665,0.8248181070288436,41,2.3122980583210246,-1.548377103474165,-1.3001831101397268,35,0.9461938839234344,-0.1213757768945908,3.3036151617438234,-0.8796424985844334,6
695020,"Murray, Tanner",CWS,2026,2026,0.2881424128950468,0.338196806811827,-0.0500543939167801,2,0.346697280530347,0.0,-0.0085004737185199,2,-0.0488602974440835,-0.0011940964726966,-0.4004537988445807,-0.0129419945618846,0
669326,"Teodosio, Bryce",LAA,2026,2026,0.2837279802482649,-0.0951829267521481,0.3789109070004131,3,0.0057622351463078,0.0,-0.1009451618984559,1,0.4000702944335589,-0.0211593874331459,1.8372251386187448,-0.1313674935095743,2
663586,"Riley, Austin",ATL,2026,2026,0.2796298159457075,-0.2841959253063684,0.563825741252076,50,2.101753450478257,-0.7868365242249076,-1.599112851559717,42,0.6990210452369332,-0.1351953039848575,1.9557034226528232,-0.9820005518211944,8
664040,"Lowe, Brandon",PIT,2026,2026,0.2721644066088851,0.5785331438477569,-0.3063687372388718,45,2.224183000293278,0.0,-1.6456498564455202,44,-0.1183225511698471,-0.1880461860690247,-4.013335647831488,-1.2952023900146343,1
686780,"Pagés, Pedro",STL,2026,2026,0.2697236224421937,-0.0314240985182273,0.3011477209604211,14,0.6837142487358767,0.0,-0.7151383472541041,12,0.1416023351606143,0.1595453857998067,0.0550999029178015,0.6464722310179638,2
657656,"Laureano, Ramón",SD,2026,2026,0.26802619005335,0.1535883186485592,0.1144378714047908,23,0.6510600341180323,0.0,-0.497471715469473,15,-0.2202337762322869,0.3346716476370776,0.1337726425628771,1.5532154032218732,8
683766,"Koss, Christian",SF,2026,2026,0.2655411990947857,0.3188272826487882,-0.0532860835540024,16,0.6017597160619137,0.0,-0.2829324334131254,13,-0.0007836973740511,-0.0525023861799513,-0.0342061479259777,-0.3879179868680988,3
805779,"Wilson, Jacob",ATH,2026,2026,0.2622127519121374,-0.2014674111619668,0.4636801630741042,26,1.2693615299587138,0.0,-1.4708289411206803,22,0.2285100500414092,0.2351701130326951,-0.4249005737891937,0.9569510927590332,4
664238,"Moore, Dylan",PHI,2026,2026,0.2585233558665461,0.0871448637322438,0.1713784921343022,3,0.0871448637322438,0.0,0.0,2,0.1820828246328566,-0.0107043324985543,0.8429504253923168,-0.0648417378567935,1
666181,"Benson, Will",CIN,2026,2026,0.2543713202698563,0.5293387319458701,-0.2749674116760138,7,0.842923864239899,0.0,-0.3135851322940289,5,-0.2493387962632668,-0.0256286154127469,-0.4421283437882613,-0.157596594047705,2
669392,"Taylor, Samad",SD,2026,2026,0.2482658603505905,0.2999877459330123,-0.0517218855824217,17,0.7031185806502778,0.0,-0.4031308347172654,10,-0.03641478360088,-0.0153071019815417,1.492264836176447,-0.1179343865640425,7
670042,"Raley, Luke",SEA,2026,2026,0.2475159641873399,1.0777511245971056,-0.8302351604097657,22,1.8074745738051687,0.0,-0.7297234492080633,19,-0.7854807106268467,-0.044754449782919,-2.911006631941375,-0.3299062194735348,3
694388,"Loperfido, Joey",HOU,2026,2026,0.233180144901668,0.7510439161222443,-0.5178637712205763,10,0.8771640660645278,0.0,-0.1261201499422835,9,-0.4724986466693919,-0.0453651245511845,-1.7566825142705995,-0.2813297522057293,1
801126,"Rodden, Brock",SEA,2026,2026,0.229293960339822,0.0447912309656443,0.1845027293741776,6,0.121160332075706,0.0,-0.0763691011100616,5,0.1812919349162373,0.0032107944579402,0.734366664863537,-0.010650282876399,1
815873,"Keys, Sean",TOR,2026,2026,0.2229771158760198,0.220831708231173,0.0021454076448468,3,0.2342845534329455,0.0,-0.0134528452017724,3,0.002174845351647,-2.94377068002e-05,-0.2177476917011238,-0.0187834783881566,0
692216,"Kayfus, CJ",CLE,2026,2026,0.2119113692606408,0.2101724121211639,0.0017389571394769,4,0.2397592126609016,0.0,-0.0295868005397377,4,0.0062503194283282,-0.0045113622888512,-0.186441961742471,-0.033874782466309,0
678011,"Seigler, Anthony",BOS,2026,2026,0.2068133351827826,0.0727209324814895,0.1340924027012931,17,0.5202551989730151,0.0,-0.4475342664915255,15,-0.173360784582516,0.3074531872838091,-1.963915880407212,1.4787926000487652,2
672012,"Black, Tyler",MIL,2026,2026,0.2015453450946774,0.1846074069031368,0.0169379381915406,3,0.184898049943076,0.0,-0.0002906430399391,3,0.0369665363112525,-0.0200285981197119,-0.0497464518324315,-0.115166320825571,0
666931,"Oliva, Jared",SF,2026,2026,0.2008759462438219,0.0,0.2008759462438219,1,0.0,0.0,0.0,0,0.2008759462438219,0.0,0.9654374433539694,0.0,1
677588,"Tena, José",WSH,2026,2026,0.2006614775241353,1.2542891343738185,-1.0536276568496832,30,1.7811302934218127,0.0,-0.526841159047994,22,-1.0163543700900193,-0.0372732867596643,-2.2441843762965585,-0.3632212568647011,8
668930,"Turang, Brice",MIL,2026,2026,0.1999322907819454,0.8169875731586926,-0.6170552823767472,65,3.2486220129016274,-0.7591924030176521,-1.672442036725282,49,-0.4202058608442434,-0.1968494215325037,-0.4097798262168074,-0.2234394619370313,16
624424,"Conforto, Michael",CHC,2026,2026,0.1982622716376472,0.1143489095122546,0.0839133621253925,16,0.7290387004607048,0.0,-0.6146897909484501,15,0.1728827175729399,-0.0889693554475473,-0.5673245850069785,-0.5836810770190034,1
694197,"Genao, Angel",CLE,2026,2026,0.1900164808396277,0.2530911870253247,-0.063074706185697,8,0.4768835801846694,0.0,-0.2237923931593447,8,-0.0397259116486068,-0.0233487945370901,-0.8259514411605173,-0.1719541207231683,0
660162,"Moncada, Yoán",LAA,2026,2026,0.1857913684349677,0.048841675819156,0.1369496926158117,5,0.4518341690516897,0.0,-0.4029924932325336,4,0.1543028533541694,-0.0173531607383577,0.0537023965600112,-0.1848655264622525,1
664068,"Kingery, Scott",CHC,2026,2026,0.1810258927083399,0.1994270514421279,-0.018401158733788,1,0.1994270514421279,0.0,0.0,1,-0.0159557322548922,-0.0024454264788957,-0.1453443857338981,-0.02146096595161,0
691002,"Morales, Yohandy",WSH,2026,2026,0.1758460623814936,0.2085590625272512,-0.0327130001457576,2,0.210353831623217,0.0,-0.0017947690959658,2,-0.0201922782789066,-0.0125207218668509,-0.1325448280567729,-0.1055960573473299,0
695391,"Harris, Brett",SF,2026,2026,0.1750190440692542,0.1807835013969319,-0.0057644573276776,1,0.1807835013969319,0.0,0.0,1,-0.00549187600719,-0.0002725813204876,-0.0919909120353178,-0.004078274805516,0
805904,"Cole, Zach",HOU,2026,2026,0.1739836060245309,0.1833734549126344,-0.0093898488881035,2,0.1836887282783265,0.0,-0.000315273365692,2,-0.0057554608504365,-0.003634388037667,-0.0901355843800208,-0.024356374356789,0
807726,"Peck, John",DET,2026,2026,0.1736680696052347,0.2048999301574592,-0.0312318605522244,2,0.2063064420323261,0.0,-0.0014065118748668,2,-0.0273572356821656,-0.0038746248700588,-0.1779906500471116,-0.0274628687875821,0
678225,"Bae, Jihwan",MIL,2026,2026,0.1731885650337578,0.0,0.1731885650337578,1,0.0,0.0,0.0,0,0.1811191256428145,-0.0079305606090567,0.8815899989045569,-0.0735724849102545,1
805672,"Price, Collin",HOU,2026,2026,0.1723436626535067,-0.0319073606984666,0.2042510233519733,3,0.0071911405588021,0.0,-0.0390985012572688,2,0.210282687677599,-0.0060316643256255,0.9834453764546364,-0.0335913083468132,1
701649,"Triantos, James",CHC,2026,2026,0.1696425149086212,0.1642866488572271,0.0053558660513941,1,0.1643970501950633,0.0,-0.0001104013378362,1,0.0053558660513941,0.0,-0.0786978099314009,0.0,0
623205,"Velazquez, Andrew",KC,2026,2026,0.1682701882390864,0.0,0.1682701882390864,1,0.0,0.0,0.0,0,0.1684339439158768,-0.0001637556767904,0.7203801540217689,-0.0009366584965156,1
688363,"Pauley, Graham",MIA,2026,2026,0.1552775998563367,0.501013094083913,-0.3457354942275763,13,0.8556459739713174,0.0,-0.3546328798874043,11,-0.4510857117667925,0.1053502175392161,-1.795464289728489,0.4875501200044159,2
621439,"Buxton, Byron",MIN,2026,2026,0.151434518940263,-0.5456181680588462,0.6970526869991093,37,2.6030036390131186,-2.342497808058674,-0.8061239990132913,33,0.7836396817848819,-0.086586994785773,2.128416479313335,-0.6483382283525507,4
669899,"Ward, Ryan",LAD,2026,2026,0.1513479421709496,0.187023488779491,-0.0356755466085413,4,0.1871406864708202,0.0,-0.0001171976913292,4,-0.0336631399154106,-0.0020124066931306,-0.321631491979772,-0.0260794708877518,0
677060,"Stevens, Chad",COL,2026,2026,0.1512558951475293,0.1920966091315678,-0.0408407139840384,1,0.1920966091315678,0.0,0.0,1,-0.0413400029033837,0.0004992889193452,-0.4353657483245041,-0.0033408636359226,0
641933,"O'Neill, Tyler",BAL,2026,2026,0.1466883477432744,0.120122285725004,0.0265660620182703,18,1.0047360489507955,0.0,-0.8846137632257918,17,0.0820822241482095,-0.0555161621299392,-0.7603267979403933,-0.3756828266257789,1
683748,"Mesa Jr., Victor",TB,2026,2026,0.1387955800599708,0.1134597299589671,0.0253358501010037,22,1.3505019404413958,-0.8103183939474106,-0.4267238165350181,15,0.0673238617562833,-0.0419880116552796,1.99854194334823,-0.2824685782330393,7
687282,"Rincones Jr., Gabriel",PHI,2026,2026,0.1379971376855293,0.1400245526836589,-0.0020274149981296,5,0.1998287565368181,0.0,-0.0598042038531591,5,0.0002085097270282,-0.0022359247251578,-0.0434303443500252,-0.0328728146037588,0
806956,"Salas, Ethan",SD,2026,2026,0.1361437410761125,0.1361437410761125,0.0,1,0.1361437410761125,0.0,0.0,1,0.0,0.0,0.0,0.0,0
686554,"Dunn, Oliver",TB,2026,2026,0.1313668877148459,0.1339723349759495,-0.0026054472611036,1,0.2250437308141708,0.0,-0.0910713958382213,1,0.0,-0.0026054472611036,0.0,-0.0144418331225305,0
656413,"Fairchild, Stuart",CLE,2026,2026,0.129316599276292,0.0202895441290625,0.1090270551472294,4,0.1785879116527815,0.0,-0.158298367523719,3,0.1234312813706036,-0.0144042262233742,0.3902049774264116,-0.0851058897028641,1
814430,"Callahan, Brett",DET,2026,2026,0.1291652090497722,0.1837565679169486,-0.0545913588671764,3,0.4038759840763176,0.0,-0.2201194161593689,3,-0.0498593297589745,-0.0047320291082018,-0.5615994377851263,-0.0306507961158965,0
691373,"Garcia, Jhostynxon",PIT,2026,2026,0.1272043006007658,0.1580510360654395,-0.0308467354646737,2,0.1771798234078092,0.0,-0.0191287873423696,2,-0.0270696045214163,-0.0037771309432574,-0.5162603032041908,-0.0265290449820984,0
680574,"McLain, Matt",CIN,2026,2026,0.1233915122915776,-0.9899496012300766,1.1133411135216542,49,2.076344904763702,-1.6341071571172996,-1.4321873488764794,32,0.5797721393730589,0.5335689741485954,3.973847799414743,2.418065092381826,17
687637,"Beavers, Dylan",BAL,2026,2026,0.1223552713907631,1.1404697847213672,-1.018114513330604,36,2.136821393824943,0.0,-0.9963516091035765,27,-1.1301799019462462,0.1120653886156424,-1.9339789270764545,0.4187108715432162,9
660670,"Acuña Jr., Ronald",ATL,2026,2026,0.1223539507975116,0.1022189845948175,0.020134966202694,60,2.0193273259350826,-0.793230748949553,-1.1238775923907116,35,-0.6723222762469081,0.6924572424496024,3.254943658333981,3.1908835843906425,25
668942,"Rojas, Josh",KC,2026,2026,0.1212605769681743,0.223686304497245,-0.1024257275290707,7,0.4868328961158349,0.0,-0.2631465916185899,7,-0.0980791069906659,-0.0043466205384047,-1.0463945353164072,-0.0572464298382676,0
691740,"Susac, Daniel",SF,2026,2026,0.1193141754940115,0.19217337917909,-0.0728592036850784,12,1.304561225711139,0.0,-1.112387846532049,9,-0.0430312015447689,-0.0298280021403095,0.4722533933345597,-0.2871573207261515,3
543807,"Springer, George",TOR,2026,2026,0.1169095973725211,0.1008855196118569,0.0160240777606641,47,1.9538474153051184,-0.8184403044755323,-1.03452159121773,38,0.3778489976843358,-0.3618249199236721,0.8376749020626573,-0.7320920085735655,9
663616,"Larnach, Trevor",MIN,2026,2026,0.1098538794466017,1.2682867259210018,-1.1584328464744,41,2.3848516272475897,0.0,-1.116564901326588,38,-0.9356429594994244,-0.2227898869749762,-4.717177825213475,-1.3922799283872425,3
669384,"Delgado, Raynel",HOU,2026,2026,0.1087046348411867,0.1532435952031504,-0.0445389603619637,2,0.1560636692936601,0.0,-0.0028200740905096,2,-0.0225860208264704,-0.0219529395354932,-0.2527911314751143,-0.1138509495632093,0
805346,"Ross, Ben",MIN,2026,2026,0.1077741525400836,0.1077741525400836,0.0,1,0.1077741525400836,0.0,0.0,1,0.0,0.0,0.0,0.0,0
695257,"Cook, Billy",PIT,2026,2026,0.1069127058414375,-0.1893990618244257,0.2963117676658632,10,0.4623401221631474,0.0,-0.6517391839875731,5,0.3472723984989065,-0.0509606308330431,2.705843925966533,-0.3493135889500839,5
666139,"Lowe, Josh",LAA,2026,2026,0.0988989204765943,-0.6454769590212776,0.7443758794978719,16,0.2459233122318558,-0.7759448213996517,-0.1154554498534819,8,0.6522760210072255,0.0920998584906464,2.962480159274336,0.3015951976411624,8
600869,"Candelario, Jeimer",LAA,2026,2026,0.0984206810056429,0.1151471565048982,-0.0167264754992553,3,0.1174138891915586,0.0,-0.0022667326866604,3,-0.0045878418616511,-0.0121386336376041,-0.1023652613765348,-0.0655775555508404,0
663494,"Torres, Bryan",STL,2026,2026,0.0958585775348722,-0.0387127440079102,0.1345713215427824,9,0.4603223341288576,0.0,-0.4990350781367678,8,0.1441167351859471,-0.0095454136431646,0.0919321117236428,-0.0951116339355163,1
641820,"Mancini, Trey",LAA,2026,2026,0.0928238745488096,0.1327229152192052,-0.0398990406703955,2,0.1347211239604761,0.0,-0.0019982087412708,2,-0.0342111966073981,-0.0056878440629973,-0.2844589897496491,-0.0387387060260563,0
687515,"Thomas, Colby",ATH,2026,2026,0.084765769313541,0.6714052949807807,-0.5866395256672396,8,0.7328945306194371,0.0,-0.0614892356386564,7,-0.5306429550201417,-0.0559965706470979,-1.834114797625592,-0.3159464553667065,1
686765,"Sogard, Nick",BOS,2026,2026,0.0824558486982461,0.2778197818491165,-0.1953639331508703,19,1.4746769824614376,-0.766022507730639,-0.4308346928816822,19,-0.1166823610632308,-0.0786815720876393,-1.7966094245188344,-0.5180818245084227,0
800050,"DeLauter, Chase",CLE,2026,2026,0.077010669206152,-0.3060181931785727,0.3830288623847248,56,2.796329727442188,-1.5617631266735628,-1.5405847939471968,48,0.7691664873245205,-0.3861376249397958,-0.2929859148408167,-1.0809983516323036,8
676914,"Schneider, Davis",TOR,2026,2026,0.0745074693351511,0.0833907905772769,-0.0088833212421258,11,0.5983233020659947,0.0,-0.5149325114887179,10,0.0316146292450626,-0.0404979504871884,-0.671824376437269,-0.2549618874541682,1
686797,"Lee, Brooks",MIN,2026,2026,0.0623015501131151,0.547839694406446,-0.4855381442933308,41,1.4712397415542926,0.0,-0.9234000471478464,32,-0.4122706840766338,-0.0732674602166971,-1.092997534579402,-0.6976077189844597,9
805805,"Jenkins, Walker",MIN,2026,2026,0.0540763097447112,0.3140088244317797,-0.2599325146870684,5,0.3140195866239942,0.0,-1.07621922145e-05,3,-0.2560075003753586,-0.0039250143117099,-0.0899601171679261,-0.0224019794530286,2
502054,"Pham, Tommy",CWS,2026,2026,0.0534180167075852,0.0536794453914176,-0.0002614286838324,1,0.0536794453914176,0.0,0.0,1,0.0,-0.0002614286838324,0.0,-0.0019981576812686,0
699115,"Jorge, Carlos",CIN,2026,2026,0.0532181127707804,0.0532181127707804,0.0,1,0.0589115465477783,0.0,-0.0056934337769978,1,0.0,0.0,0.0,0.0,0
666185,"Carlson, Dylan",CHC,2026,2026,0.0528325828054002,0.0617442296684932,-0.008911646863093,1,0.0617442296684932,0.0,0.0,1,-0.0018103873590434,-0.0071012595040495,-0.0222788492422978,-0.0372889789457494,0
806367,"Hill, Turner",SF,2026,2026,0.048602291310168,0.3584007237527122,-0.3097984324425442,10,0.4087565939779403,0.0,-0.0503558702252281,8,-0.2824762966384894,-0.0273221358040548,-0.5416279701810446,-0.1988042632021326,2
670242,"Wallner, Matt",MIN,2026,2026,0.0481897958097355,0.1842985700058543,-0.1361087741961188,4,0.2818752612681772,0.0,-0.0975766912623228,4,-0.0851808357471275,-0.0509279384489913,-1.1028140779056843,-0.3014877572633968,0
682877,"Brito, Juan",CIN,2026,2026,0.0472706709458259,0.0718518414690056,-0.0245811705231796,8,0.3311148301279319,0.0,-0.2592629886589263,8,-0.0167763719745276,-0.0078047985486519,-0.268038192861493,-0.0575969369521108,0
656484,"Gray, Tristan",MIN,2026,2026,0.0464126783010156,-0.1781382414067059,0.2245509197077215,8,0.2652324583149829,0.0,-0.4433706997216889,6,0.2612272516261343,-0.0366763319184127,0.5706453890954942,-0.2424829821890817,2
807727,"McAdoo, Charles",TOR,2026,2026,0.0461082662953136,-0.1228771442991988,0.1689854105945125,7,0.2417737928799145,0.0,-0.3646509371791134,6,0.1724213995696751,-0.0034359889751625,0.5264677859750837,-0.1158007018493849,1
668670,"Rogers, Jake",CWS,2026,2026,0.0394921576153161,-0.0915753552590135,0.1310675128743297,11,0.4282859090031569,0.0,-0.5198612642621705,10,0.1438754249897828,-0.0128079121154531,-0.2114445471662525,-0.097600706331535,1
672580,"Garcia, Maikel",KC,2026,2026,0.0344456857696551,1.5477427976830056,-1.5132971119133505,47,2.003587600807952,0.0,-0.4558448031249468,37,-1.8218815401481905,0.3085844282348397,-5.081928707713167,1.335075714416389,10
828599,"Spence, Lucas",HOU,2026,2026,0.0337337905211519,0.0897469167461027,-0.0560131262249508,1,0.2074385776684009,0.0,-0.1176916609222981,1,-0.0457977973447784,-0.0102153288801723,-0.4755315980989396,-0.0722517376953819,0
665926,"Giménez, Andrés",TOR,2026,2026,0.0313096858529953,-1.3794573864937616,1.410767072346757,34,0.8177498902262056,-0.9056024638172064,-1.2916048129027609,19,0.6768982497214432,0.7338688226253145,3.9987886132518273,3.385323186927449,15
811965,"Kuroda-Grauer, Joshua",ATH,2026,2026,0.0308637442764806,0.1276405752908317,-0.096776831014351,8,0.5734253206217242,0.0,-0.4457847453308926,8,-0.0552465730029576,-0.0415302580113933,-0.848234571555389,-0.3026054199620815,0
694371,"Troy, Tommy",AZ,2026,2026,0.0292233249605701,-0.2870384140327677,0.3162617389933378,10,0.5730901996427504,0.0,-0.8601286136755181,8,0.3361823867292233,-0.0199206477358854,1.0729959837752037,-0.1624653078241519,2
666624,"Morel, Christopher",NYM,2026,2026,0.0271262223832473,0.0862327197667283,-0.059106497383481,4,0.0970349631483725,0.0,-0.0108022433816442,4,-0.0521336827638673,-0.0069728146196136,-0.6123455672088792,-0.0657929321421832,0
678760,"Leonard, Eddys",SF,2026,2026,0.0255600996042136,0.0025755238975857,0.0229845757066278,1,0.0064720772746815,0.0,-0.0038965533770957,1,0.0258352911161242,-0.0028507154094963,0.0120483717987612,-0.0237899189400763,0
663662,"Cameron, Daz",TOR,2026,2026,0.0253236049241968,0.0264068334760858,-0.001083228551889,2,0.1119495655979794,0.0,-0.0855427321218935,2,1.9913335786e-05,-0.0011031418876751,-0.0322965142675377,-0.0061046461562803,0
680737,"Helman, Michael",TEX,2026,2026,0.0231594636579477,0.0329299349451704,-0.0097704712872227,2,0.0637170796086596,0.0,-0.0307871446634891,2,-0.0047532900759314,-0.0050171812112912,-0.0501860503688588,-0.0290564843083677,0
669911,"Toglia, Michael",CIN,2026,2026,0.0214073275816381,0.0224424463712948,-0.0010351187896566,2,0.0381004343742348,0.0,-0.01565798800294,2,0.0,-0.0010351187896566,0.0,-0.0072155699388656,0
669242,"Edman, Tommy",LAD,2026,2026,0.0176202049759076,0.3497417034733724,-0.3321214984974648,33,1.5856270329953908,0.0,-1.2358853295220182,24,-0.4981542691637333,0.1660327706662684,-0.6263490341451831,0.5632243948793488,9
700652,"Piper, Kenny",TB,2026,2026,0.0159515127116713,0.0269193365511325,-0.0109678238394612,1,0.0273219487074885,0.0,-0.000402612156356,1,-0.0014097264002379,-0.0095580974392233,-0.0112324471070323,-0.0486927072917722,0
641584,"Fraley, Jake",TB,2026,2026,0.0095979080356146,-0.0557958812399552,0.0653937892755699,11,0.3136579491711617,0.0,-0.3694538304111169,7,0.1125030670810198,-0.0471092778054498,1.3768320023613827,-0.3173908074529037,4
693409,"Prieto, César",STL,2026,2026,0.0095557626318268,0.0526846549177107,-0.0431288922858839,1,0.0529103376295361,0.0,-0.0002256827118253,1,-0.0377267100714111,-0.0054021822144727,-0.4257114860436353,-0.0332030747117311,0
669699,"Shewmake, Braden",MIL,2026,2026,0.0040330529115899,-0.1142402147065744,0.1182732676181643,5,0.0137995502754325,0.0,-0.1280397649820069,4,-0.0567460949127095,0.1750193625308738,-0.6107354426061926,0.8353311504738548,1
665856,"Camargo, Jair",ATL,2026,2026,0.0018571978916311,0.0022017812126504,-0.0003445833210192,1,0.0038941233439364,0.0,-0.001692342131286,1,0.0,-0.0003445833210192,0.0,-0.0055822190305464,0
621550,"Wisdom, Patrick",SEA,2026,2026,-0.0002004743224047,-0.0082520221619693,0.0080515478395645,2,0.0021643444002309,0.0,-0.0104163665622002,2,0.0101862474138162,-0.0021346995742516,-0.1251012149046661,-0.0308486757748421,0
682848,"Rodríguez, Endy",PIT,2026,2026,-0.0007349919905176,-0.7960065945748954,0.7952716025843778,17,0.5207157407442435,-0.870574125369792,-0.446148209949347,12,0.6409008739288701,0.1543707286555074,2.228047383234074,0.6594089779099606,5
814439,"Waldschmidt, Ryan",AZ,2026,2026,-0.0021779733567139,0.5742185470678587,-0.5763965204245727,33,1.217853768541029,0.0,-0.6436352214731701,22,-0.7193134744286321,0.1429169540040595,-0.3575268022736079,0.54272387046793,11
660644,"Bruján, Vidal",NYM,2026,2026,-0.0044194345637798,0.000122105685651,-0.0045415402494309,1,0.000122105685651,0.0,0.0,1,0.0,-0.0045415402494309,0.0,-0.0623759853358682,0
682515,"Porter, Logan",LAA,2026,2026,-0.0053847554212016,0.0217596967586262,-0.0271444521798278,2,0.022282097024497,0.0,-0.0005224002658708,2,-0.0087343807029715,-0.0184100714768562,-0.0700056217048032,-0.0976489102852183,0
623168,"Heineman, Tyler",LAA,2026,2026,-0.0153640769036809,-0.1047595051861205,0.0893954282824396,7,0.2196610117761062,0.0,-0.3244205169622266,6,0.1009451782119955,-0.011549749929556,-0.4615279649168424,-0.0709630057703956,1
676551,"Hicklen, Brewer",ATL,2026,2026,-0.024063398972386,0.03671501418244,-0.0607784131548261,5,0.3732436243045494,0.0,-0.3365286101221093,5,-0.0265386937722672,-0.0342397193825588,-0.3209340693061644,-0.1947117770238506,0
642020,"Robinson, Chuckie",LAD,2026,2026,-0.0242650011573038,-0.0101980279205749,-0.0140669732367289,1,0.006349067990965,0.0,-0.01654709591154,1,-0.0130101158232678,-0.001056857413461,-0.0894485646841606,-0.0107846198524212,0
621566,"Olson, Matt",ATL,2026,2026,-0.0248539147237947,0.0044888979349645,-0.0293428126587593,53,2.784626776453783,-0.9749967635530076,-1.8051411149658103,51,0.1384404250900716,-0.1677832377488309,-1.6382994991316857,-1.085076718903412,2
571657,"Farmer, Kyle",ATL,2026,2026,-0.0250585442599416,-0.0060753320532446,-0.018983212206697,1,0.0052182906186357,0.0,-0.0112936226718804,1,-0.0023110217106158,-0.0166721904960811,-0.0723162587255908,-0.0930314625598722,0
664059,"Haggerty, Sam",TEX,2026,2026,-0.0276636053887242,0.0467064139120719,-0.0743700193007962,5,0.0540225066431538,0.0,-0.0073160927310818,2,-0.0618824900871839,-0.0124875292136121,0.5007709125053548,-0.0854809002644528,3
694376,"Whitcomb, Shay",SF,2026,2026,-0.0279156174637282,0.0028710322283024,-0.0307866496920307,3,0.0718405794871977,0.0,-0.0689695472588952,3,-0.0299330001395141,-0.0008536495525165,-0.4237704268578041,-0.006070579570194,0
666176,"Adell, Jo",CLE,2026,2026,-0.0337389986660142,0.1058826463940582,-0.1396216450600725,35,1.8945825349226628,0.0,-1.7886998885286052,33,-0.0114416049035079,-0.1281800401565645,-2.969427239358221,-0.8650217777316989,2
691858,"Serna, Jared",MIA,2026,2026,-0.0343399318201135,-0.0463408377677063,0.0120009059475927,1,0.0019728499401663,0.0,-0.0483136877078727,1,0.0122747818068599,-0.0002738758592671,-0.0272441054133376,-0.0024447420629876,0
592206,"Castellanos, Nick",SD,2026,2026,-0.0357682128030613,-0.1492256908124637,0.1134574780094024,5,0.2509183639802426,0.0,-0.4001440547927063,4,0.1572316894866932,-0.0437742114772908,0.500958821210673,-0.2467958457062544,1
571771,"Hernández, Enrique",LAD,2026,2026,-0.0412525161407631,0.0028975440562588,-0.044150060197022,1,0.0175439554296667,0.0,-0.0146464113734079,1,-0.0382195180407516,-0.0059305421562703,-0.4377676943901709,-0.0366965883035408,0
672695,"Perdomo, Geraldo",AZ,2026,2026,-0.0450269550252375,-0.0401975402325107,-0.0048294147927267,75,3.2891957016245725,-1.8257943640811591,-1.5035988777759246,50,0.5545184333877549,-0.5593478481804816,5.658754173783947,-1.890080773544508,25
663624,"Mountcastle, Ryan",BAL,2026,2026,-0.047424512331174,-0.0024657637567916,-0.0449587485743824,1,0.0025641944213119,0.0,-0.0050299581781035,1,-0.0406434115484739,-0.0043153370259084,-0.3740660260635256,-0.0623983668077377,0
671083,"Kennedy, Buddy",SF,2026,2026,-0.0497859065332179,-0.0138322343892894,-0.0359536721439284,2,0.0318387945854386,0.0,-0.0456710289747281,2,-0.0281330117887826,-0.0078206603551458,-0.2596204809248248,-0.0451536119119873,0
682641,"Matos, Luis",MIL,2026,2026,-0.052010094983942,-0.0456240350784004,-0.0063860599055415,1,0.1559490314497967,0.0,-0.2015730665281972,1,-0.0029515970800401,-0.0034344628255014,-0.1002685536869499,-0.0226682208812894,0
682988,"Locklear, Tyler",AZ,2026,2026,-0.05275979987255,-0.0469188057756334,-0.0058409940969165,2,0.1332129657124225,0.0,-0.180131771488056,2,0.0044776913452462,-0.0103186854421627,-0.155596646839116,-0.0862965134031947,0
694224,"Gonzalez, Gabriel",MIN,2026,2026,-0.0543524457908775,-0.0512719735299062,-0.0030804722609712,1,0.0181389764505792,0.0,-0.0694109499804855,1,-0.000267100569192,-0.0028133716917791,-0.0656773353029427,-0.0182247186843116,0
678545,"Basabe, Osleivis",SF,2026,2026,-0.0653324021139076,0.0585960921577374,-0.123928494271645,7,0.1604966798932951,0.0,-0.1019005877355576,4,-0.0872170005401129,-0.0367114937315321,0.257621685920226,-0.2031196876863936,3
649966,"Urías, Luis",TOR,2026,2026,-0.0653532295393754,-0.0108931913005399,-0.0544600382388355,4,0.0195961505095991,0.0,-0.030489341810139,4,-0.0497354893902424,-0.0047245488485931,-0.5456955350917848,-0.0463834364293625,0
804668,"Flores Jr., Rafael",PIT,2026,2026,-0.0668405882709409,0.0068147606513278,-0.0736553489222687,3,0.1497421291577877,0.0,-0.1429273685064599,3,-0.0362310221890367,-0.0374243267332319,-0.513768229644006,-0.2094474513838372,0
624428,"Frazier, Adam",LAA,2026,2026,-0.0702544018393985,0.3601839444207591,-0.4304383462601576,12,0.631218895333706,0.0,-0.2710349509129469,9,-0.3926190681608748,-0.0378192780992828,-1.7477080177707207,-0.2569703572383326,3
695491,"Báez, Joshua",STL,2026,2026,-0.0733577485743977,-0.4502010734420821,0.3768433248676843,7,0.0172524864871384,0.0,-0.4674535599292205,5,0.3958840965827698,-0.0190407717150855,1.5734934499514672,-0.1104046818296108,2
672569,"Campero, Gustavo",LAA,2026,2026,-0.0756006747511967,-0.0832407887886718,0.007640114037475,1,0.0019728499401663,0.0,-0.0852136387288381,1,0.0072722380382606,0.0003678759992143,-0.1385484269447166,-0.0061054413597139,0
676369,"Velázquez, Nelson",HOU,2026,2026,-0.08323383030931,-0.0269473691877783,-0.0562864611215316,6,0.0756720665299514,0.0,-0.1026194357177297,6,-0.0459323088525021,-0.0103541522690295,-0.471583801419676,-0.0720706631660429,0
691182,"Amador, Adael",COL,2026,2026,-0.0875138613732283,0.0024029552394644,-0.0899168166126927,2,0.0722198387157973,0.0,-0.0698168834763329,2,-0.0688262562038305,-0.0210905604088622,-0.5427604627838456,-0.17439490018075,0
694362,"Dunn, Blake",CIN,2026,2026,-0.102362915975615,0.231254586201624,-0.333617502177239,20,0.4570365144399226,0.0,-0.2257819282382986,12,-0.7078415137484851,0.3742240115712459,-1.144866483386651,1.7237990321112118,8
572233,"Walker, Christian",HOU,2026,2026,-0.1085899055596445,0.1827277679175586,-0.2913176734772032,39,1.4592074715167644,-0.7511060963273768,-0.5253736072718295,39,-0.1472302353147667,-0.1440874381624365,-4.023726925886909,-0.910291603296898,0
676356,"DeLuca, Jonny",TB,2026,2026,-0.1090036473837008,1.1241931753491174,-1.2331968227328185,38,1.3998599035053632,0.0,-0.2756667281562456,20,-1.4825657364476337,0.2493689137148157,-0.0236602719433362,1.1407267518439217,18
683011,"Volpe, Anthony",NYY,2026,2026,-0.1109631953995318,1.0834877410357884,-1.1944509364353202,30,2.0614122114189577,-0.7685462227504297,-0.2093782476327397,19,-1.344068803519178,0.1496178670838573,-1.5007324308422008,0.649815730291518,11
700250,"Rice, Ben",NYY,2026,2026,-0.1132287444994205,-0.4814228153644898,0.3681940708650693,43,2.2589639932501027,-0.8851997952840012,-1.8551870133305903,40,0.2803317468648963,0.087862324000173,-2.2070782533140902,0.1782020977003533,3
682818,"Piñango, Yohendrick",TOR,2026,2026,-0.1141933163726505,0.3106336107115886,-0.4248269270842391,12,0.5561498787329268,0.0,-0.2455162680213381,10,-0.3708296807090859,-0.0539972463751531,-1.509970968814421,-0.4127548850192611,2
681909,"Dean, Justin",CHC,2026,2026,-0.1182735518703468,-0.1123241612712168,-0.0059493905991299,2,0.1742050938450496,0.0,-0.2865292551162665,2,0.0001943016639419,-0.0061436922630719,-0.1209772334504072,-0.0350019273903764,0
606192,"Hernández, Teoscar",LAD,2026,2026,-0.1198585276391304,0.4800587656866369,-0.5999172933257674,34,2.676436257232344,-0.7990245001278345,-1.3973529914178726,32,-0.4874993994265969,-0.1124178938991704,-3.1878720620164964,-0.7827586346662154,2
699024,"Bernal, Leo",STL,2026,2026,-0.1212530006973236,-0.0816896388032869,-0.0395633618940366,2,0.0924068109884366,0.0,-0.1740964497917236,2,-0.0266948725766172,-0.0128684893174194,-0.4292860036847953,-0.0792785790391716,0
691176,"Domínguez, Jasson",NYY,2026,2026,-0.1343045961336759,-0.8769717900962667,0.7426671939625907,21,0.5477705154945868,-0.8008918847473842,-0.6238504208434692,13,0.3929729768975865,0.3496942170650041,2.2367862459951637,1.6806953923833614,8
687551,"Gilbert, Drew",SF,2026,2026,-0.1387551735405497,0.9603673500829668,-1.0991225236235167,33,1.816524747322125,0.0,-0.8561573972391583,30,-1.0165111829296485,-0.0826113406938686,-5.380151170791391,-0.5187056835514978,3
670097,"Short, Zack",NYM,2026,2026,-0.1430724101448474,-0.0997813722365761,-0.0432910379082713,3,0.0221758492810997,0.0,-0.1219572215176758,3,-0.0299048877682157,-0.0133861501400556,-0.4437135481528427,-0.0727303825294236,0
700246,"Williams, Carson",TB,2026,2026,-0.143352373395493,0.3095519282486704,-0.4529043016441634,7,0.4670500095660023,0.0,-0.1574980813173318,6,-0.4520695952807868,-0.0008347063633766,-1.128787413890004,-0.004510366082308,1
695720,"White, Tommy",ATH,2026,2026,-0.1455255916408048,0.3709599854761881,-0.5164855771169929,10,0.5141920826664887,0.0,-0.1432320971903005,9,-0.4807541511750338,-0.0357314259419589,-1.6987615063105732,-0.197698751214437,1
606992,"Haase, Eric",SF,2026,2026,-0.1461819404924741,-0.0783290106221211,-0.067852929870353,3,0.0084117689971142,0.0,-0.0867407796192353,3,-0.0691148259015551,0.0012618960312021,-0.6650535573837589,-0.0388231116342674,0
663837,"Vierling, Matt",DET,2026,2026,-0.1513271589300686,0.111734158586347,-0.2630613175164156,29,1.3163913881510123,-0.9126359052899242,-0.2920213242747411,23,-0.2165602508766815,-0.0465010666397342,0.0819519115937533,-0.4721738743215647,6
668885,"Martin, Austin",MIN,2026,2026,-0.1520215975825133,-0.2595436779290951,0.1075220803465817,42,1.886818683541479,-1.515582597764403,-0.6307797637061712,27,0.1962379275947326,-0.0887158472481501,3.812382804979824,-0.7292085241637773,15
673490,"Kim, Ha-Seong",ATL,2026,2026,-0.1523201169698109,-0.5241160863391361,0.3717959693693251,7,0.33295938638725,-0.8120458506414625,-0.0450296220849235,5,0.3844500450963198,-0.0126540757269946,1.7759973319840645,-0.1163035797432344,2
669087,"Huff, Sam",BAL,2026,2026,-0.1532391345535615,-0.1360222877134996,-0.0172168468400619,1,0.0019728499401663,0.0,-0.137995137653666,1,-0.0045724386129228,-0.012644408227139,-0.0505305957678517,-0.0751486310175858,0
640459,"Navarreto, Brian",MIA,2026,2026,-0.1554946072575943,-0.135282573908665,-0.0202120333489293,3,0.0110280617259749,0.0,-0.1463106356346399,3,-0.0163883577787559,-0.0038236755701733,-0.143777610744034,-0.0381208805119171,0
691781,"House, Brady",WSH,2026,2026,-0.1665757281249844,-0.5764709528706481,0.4098952247456637,24,1.115966105277311,-0.8506571712576605,-0.8417798868902987,21,0.474460738434574,-0.0645655136889103,0.9275038524434356,-0.4611149430001274,3
694208,"Ballesteros, Moisés",LAA,2026,2026,-0.1672258508794265,-0.1871394829975569,0.0199136321181303,13,0.6782429577218724,0.0,-0.8653824407194289,12,0.0633131264608855,-0.0433994943427552,-1.3509512547207332,-0.3201067351668461,1
677956,"Hinds, Rece",BAL,2026,2026,-0.1738882003388611,-0.1348687194846454,-0.0390194808542157,4,0.0191719071788946,0.0,-0.1540406266635401,4,-0.0170331082765519,-0.0219863725776637,-0.1559313545920871,-0.1322737774878132,0
608324,"Bregman, Alex",CHC,2026,2026,-0.1759033523991434,0.7883634968632771,-0.9642668492624206,42,2.8088811113553382,0.0,-2.02051761449206,38,-0.8499848896263468,-0.114281959636074,-5.014379211531316,-0.9166291359350892,4
608701,"Refsnyder, Rob",SEA,2026,2026,-0.1763201639813277,-0.0773044567012312,-0.0990157072800964,4,0.0633145312775513,0.0,-0.1406189879787825,4,-0.0922477485329505,-0.0067679587471459,-0.7389808929764083,-0.0634786823950952,0
691016,"Soderstrom, Tyler",ATH,2026,2026,-0.1868928915412647,0.0147287576546662,-0.201621649195931,44,2.5051991308878008,-1.551579256722062,-0.9388911165110732,43,-0.1181185378890346,-0.0835031113068963,-2.6788010751550404,-0.6942368087092348,1
677595,"Mauricio, Ronny",NYM,2026,2026,-0.1887449141005782,-0.1261221209137507,-0.0626227931868274,1,0.0019728499401663,0.0,-0.1280949708539171,1,-0.0560976598355725,-0.0065251333512548,-0.3834435855224393,-0.0441679256881801,0
691785,"Mayer, Marcelo",BOS,2026,2026,-0.1896831623644597,-0.1941382203956597,0.0044550580312,16,0.5636004262295919,0.0,-0.7577386466252516,15,0.0659228866244744,-0.0614678285932744,-0.8102231777085078,-0.4173259228796259,1
663611,"Madrigal, Nick",LAA,2026,2026,-0.1903510818826833,0.183992161632893,-0.3743432435155764,7,0.2161530588608819,0.0,-0.0321608972279889,5,-0.3673707907086898,-0.0069724528068864,-0.9876273366290398,-0.056855077388228,2
691788,"Mack, Joe",MIA,2026,2026,-0.2048177134713348,-0.1073450862095891,-0.0974726272617456,15,0.7830127850373715,0.0,-0.8903578712469608,15,-0.042919246253863,-0.0545533810078825,-2.038792708847114,-0.3682917305221457,0
644433,"Tromp, Chadwick",BAL,2026,2026,-0.2080287025662048,-0.2002180650575059,-0.0078106375086988,1,0.0096464412208165,0.0,-0.2098645062783225,1,0.000241079599749,-0.0080517171084478,-0.0990719088737868,-0.0841555992628974,0
650968,"Pozo, Yohel",BAL,2026,2026,-0.2199334405440589,-0.1818440099467124,-0.0380894305973465,2,0.0787812547533991,0.0,-0.2606252647001116,2,-0.0351558966797415,-0.0029335339176049,-0.3923934014778821,-0.0461608227079953,0
664731,"Higgins, P.J.",CIN,2026,2026,-0.2213258979493218,-0.1977563343845442,-0.0235695635647775,1,0.0019728499401663,0.0,-0.1997291843247106,1,-0.0167146632246829,-0.0068549003400946,-0.3178800739881205,-0.0480215192451967,0
663698,"Bart, Joey",CWS,2026,2026,-0.2261046300703817,-0.0831013853095579,-0.1430032447608238,5,0.1387108751502343,0.0,-0.2218122604597922,5,-0.1289825570016421,-0.0140206877591816,-1.3970369841444312,-0.116677642289398,0
665561,"Marchán, Rafael",PHI,2026,2026,-0.2264153068576122,-0.1549398034618541,-0.0714755033957581,1,0.2256518095488589,0.0,-0.380591613010713,1,-0.0643806251468677,-0.0070948782488904,-0.6661080896667427,-0.0429436698876357,0
605141,"Betts, Mookie",LAD,2026,2026,-0.2276517339077336,0.5289711873966791,-0.7566229213044128,31,1.6595237446783406,0.0,-1.1305525572816613,28,-0.2775807939878325,-0.4790421273165803,-3.27065012259498,-1.3499517584956309,3
665861,"Rivero, Sebastián",LAA,2026,2026,-0.2291994713196591,-0.1945102143099052,-0.0346892570097538,1,0.0052182906186357,0.0,-0.199728504928541,1,-0.0445912862340851,0.0099020292243313,-0.4751443282499545,-0.0395904978114226,0
680718,"Barger, Addison",TOR,2026,2026,-0.2404669149178515,-0.2367793628499592,-0.0036875520678922,1,0.0019728499401663,0.0,-0.2387522127901256,1,-0.0164563534708421,0.0127688014029498,-0.1077387708734634,-0.0075759837929491,0
656577,"Jackson, Alex",MIN,2026,2026,-0.2419661954230669,-0.194276976207973,-0.0476892192150938,6,0.3815966385565228,0.0,-0.575873614764496,6,-0.0233270843971093,-0.0243621348179844,-0.4337588815456267,-0.2151077097832976,0
646240,"Devers, Rafael",SF,2026,2026,-0.2455899212396521,0.1729424981862027,-0.4185324194258549,53,2.8185579875293234,0.0,-2.64561548934312,53,-0.2613213319504326,-0.157211087475422,-4.332708434458663,-0.992927491162956,0
678577,"Perez, Junior",CWS,2026,2026,-0.2489008807541733,0.2225776322627821,-0.4714785130169554,3,0.2346812470402645,0.0,-0.0121036147774823,2,-0.4503888129215489,-0.0210897000954065,-1.0889039870556354,-0.1115699594899642,1
690022,"Ritter, Ryan",COL,2026,2026,-0.2542229542127712,-0.1975886268779275,-0.0566343273348436,1,0.0052182906186357,0.0,-0.2028069174965633,1,-0.0234573566296772,-0.0331769707051664,-0.2719686369273487,-0.1755661376358309,0
669397,"Allen, Nick",HOU,2026,2026,-0.2554360429262066,-0.2960842008195379,0.0406481578933312,18,1.067326209225246,-0.9332095604698392,-0.4302008495749443,17,0.1240378332359073,-0.083389675342576,-0.2107036402454321,-0.5714255708359103,1
694192,"Chourio, Jackson",MIL,2026,2026,-0.255572739079174,-0.236236735041698,-0.019336004037476,61,2.70544724001625,-1.6413080285157986,-1.3003759465421485,46,0.3559716218256061,-0.3753076258630819,2.3284575189797088,-0.9976468168391998,15
642851,"Wynns, Austin",TEX,2026,2026,-0.2558525824004968,-0.1524022160985214,-0.1034503663019753,2,0.1463977560263213,0.0,-0.2987999721248427,2,-0.0963210544511722,-0.0071293118508031,-0.948623491633912,-0.0415110063638707,0
703492,"Morabito, Nick",NYM,2026,2026,-0.25723212759876,-0.0032785427315922,-0.2539535848671677,2,0.0,0.0,-0.0032785427315922,0,-0.2538641732411483,-8.94116260194e-05,-0.1388648258985585,-0.0492086811618828,2
687263,"Neto, Zach",LAA,2026,2026,-0.2577233826552864,-0.2808767503912005,0.023153367735914,85,3.4189553063797127,-2.283575430648328,-1.4162566261225864,56,-0.9975965925664704,1.0207499603023849,1.0359845085169694,4.71286992618213,29
672613,"Alfonzo, Eliezer",LAD,2026,2026,-0.2585354500599398,-0.2426018789362178,-0.0159335711237219,1,0.005368285863513,0.0,-0.2479701647997308,1,-0.0110805725546921,-0.0048529985690298,-0.1071609650438294,-0.0349862301528747,0
663853,"Gonzalez, Romy",BOS,2026,2026,-0.2612716112754284,0.0442102286053509,-0.3054818398807793,6,0.0747109209731302,0.0,-0.0305006923677792,4,0.1647520855868655,-0.4702339254676449,0.4913183282705667,-1.124908474523444,2
805300,"Marsee, Jakob",MIA,2026,2026,-0.2734535957469168,1.3647128417031031,-1.63816643745002,63,3.158574991265421,-0.7622926259446686,-1.0315695236176483,43,-1.1752592584710615,-0.4629071789789583,-2.7271308071664717,1.1804485174926505,20
665506,"Pache, Cristian",NYM,2026,2026,-0.2736110531389407,-0.2676768959549495,-0.0059341571839912,1,0.0118068131006094,0.0,-0.2794837090555588,1,-0.0031493300012336,-0.0027848271827576,-0.0716213702318153,-0.0265426938947774,0
595879,"Báez, Javier",DET,2026,2026,-0.2786771402084144,0.5246485200153089,-0.8033256602237233,25,1.777944757592503,-0.92387563373539,-0.3294206038418042,22,-0.3109879610250345,-0.4923376991986887,-1.340102491872828,-1.3186450162432295,3
663656,"Tucker, Kyle",LAD,2026,2026,-0.2811404587788533,-1.4115564641485718,1.1304160053697183,49,2.2976172577256277,-1.5695644580559072,-2.139609263818292,41,1.047763011373586,0.0826529939961332,2.0099314262794934,0.2467732484364524,8
669221,"Murphy, Sean",ATL,2026,2026,-0.2904376105734598,-0.2139319848956189,-0.0765056256778408,4,0.3408352717445652,0.0,-0.5547672566401841,4,-0.0547866592763522,-0.0217189664014886,-0.5411147381999236,-0.147670117782379,0
691011,"Romo, Drew",CWS,2026,2026,-0.2909726102458205,-0.3761771884245838,0.0852045781787633,9,0.3344664808951483,0.0,-0.7106436693197323,8,0.1249423219389593,-0.0397377437601959,-0.2424937305906966,-0.331395401893608,1
592450,"Judge, Aaron",NYY,2026,2026,-0.2935757028292153,0.2759321349982088,-0.5695078378274242,22,0.7830010265698271,0.0,-0.5070688915716183,15,-0.5690862710690222,-0.000421566758402,-0.2304472418594506,-0.1436465731104299,7
695336,"Saggese, Thomas",STL,2026,2026,-0.2938080113617137,-0.1590912627644158,-0.1347167485972979,18,1.104353969892807,-0.8150678867704375,-0.4483773458867858,15,-0.100584713187951,-0.0341320354093469,0.2409623298202841,-0.2103596796668433,3
593871,"Polanco, Jorge",NYM,2026,2026,-0.3099925210636625,-0.2805060582332546,-0.0294864628304078,4,0.1669216727135021,0.0,-0.4474277309467567,4,-0.00381473762636,-0.0256717252040477,-0.5339603438598188,-0.1507026850716704,0
691594,"Sanoja, Javier",MIA,2026,2026,-0.3111555875306893,-0.0263667022271077,-0.2847888853035816,53,2.539791720567153,-1.708201824736415,-0.8579565980578453,43,-0.1364662552717552,-0.1483226300318258,-1.0687435940636243,0.1287273195052255,10
694514,"Thompson, Sterlin",COL,2026,2026,-0.3184519030983754,-0.2911909772184979,-0.0272609258798775,6,0.4163600262483127,0.0,-0.7075510034668104,6,-0.0084471106002348,-0.0188138152796427,-0.5488549361976025,-0.1191280255898967,0
675961,"Williams, Alika",ATH,2026,2026,-0.3220845630971325,0.0573419987417681,-0.3794265618389006,24,0.9949484620320932,0.0,-0.9376064632903244,22,-0.3223434156827791,-0.0570831461561215,-0.9891560930114748,-0.4424181752388099,2
699625,"Crooks, Jimmy",STL,2026,2026,-0.3283025978686242,-0.2200528499472552,-0.108249747921369,8,0.0584741535065593,0.0,-0.2785270034538145,8,-0.1010299849156371,-0.0072197630057319,-1.0553379040644724,-0.0474314503809753,0
687231,"Hernaiz, Darell",ATH,2026,2026,-0.3325744654666922,-0.4314076723507771,0.0988332068840849,11,0.7515143552799772,-0.825634612056891,-0.3572874155738634,10,0.1406112743098965,-0.0417780674258115,-0.0756263303634758,-0.2577252091319107,1
669127,"Langeliers, Shea",ATH,2026,2026,-0.3357782995949334,-0.0060087124660396,-0.3297695871288938,30,1.483970958248169,0.0,-1.4899796707142086,27,-0.2771705122236474,-0.0525990749052462,-2.132098663136175,-0.5051764778591478,3
680728,"Del Castillo, Adrian",AZ,2026,2026,-0.3462859114614335,-0.3554133409913858,0.0091274295299522,5,0.08914559148831,0.0,-0.4445589324796957,4,0.0777822801467897,-0.0686548506168374,-0.8911728789441747,-0.4081610396328212,1
695681,"Moore, Christian",LAA,2026,2026,-0.3464148739248929,-0.0190278302172275,-0.3273870437076654,4,0.032680441051022,0.0,-0.0517082712682495,2,-0.3216443069346238,-0.0057427367730415,-0.642851660212725,-0.0966057844734211,2
457705,"McCutchen, Andrew",TEX,2026,2026,-0.3528347899340227,-0.3382111045773664,-0.0146236853566562,3,0.1195461380839267,0.0,-0.4577572426612931,3,-0.0090026891344592,-0.005620996222197,-0.4545782273490552,-0.050341646246876,0
655316,"Monasterio, Andruw",BOS,2026,2026,-0.3558941650107511,0.3263576903354605,-0.6822518553462117,38,1.599053631410447,-0.7935549221780833,-0.4791410188969032,30,-0.2601645961183381,-0.4220872592278734,-0.4182470218254703,-1.0464325770842429,8
687597,"Beck, Jordan",COL,2026,2026,-0.357090712495022,0.4791176897167101,-0.8362084022117321,12,0.6933200743680142,0.0,-0.214202384651304,9,-0.3227477790374342,-0.5134606231742977,-1.1286789869223406,-1.3671344950193478,3
682985,"Greene, Riley",DET,2026,2026,-0.3582646848389628,-0.0636359201058045,-0.2946287647331583,47,2.167634213811125,-0.8164941554329674,-1.4147759784839622,42,-0.3731029487028655,0.0784741839697074,-3.4922649528432146,0.2005072238297352,5
642201,"White, Eli",BOS,2026,2026,-0.3622152723684703,-0.2577970053277677,-0.1044182670407025,27,1.1466989392430718,-0.8872773003292295,-0.51721864424161,20,-0.0507226587459703,-0.0536956082947323,1.243718771190131,-0.499604909877461,7
701852,"Cavanaugh, Drew",SF,2026,2026,-0.3635949137346221,-0.1766669314623248,-0.1869279822722972,4,0.2703522159813629,0.0,-0.4470191474436877,4,-0.1265573584123894,-0.0603706238599078,-1.5327194120304763,-0.4193653710947603,0
682663,"Ramírez, Agustín",MIA,2026,2026,-0.364711855385307,0.3647276092129935,-0.7294394645983006,19,1.1091125157953052,0.0,-0.7443849065823115,15,-0.3939752387767891,-0.3354642258215115,-1.7348936335345473,-0.5371418147104746,4
681807,"Fry, David",CLE,2026,2026,-0.3694221619604922,-0.2363063663186612,-0.1331157956418311,9,0.5563700068174855,0.0,-0.7926763731361467,9,-0.1055255824345045,-0.0275902132073265,-1.5559640764525182,-0.2419140134247949,0
661531,"Serven, Brian",ATH,2026,2026,-0.3722153639461611,-0.3303359397116285,-0.0418794242345326,1,0.0019728499401663,0.0,-0.3323087896517949,1,-0.0145210418205137,-0.0273583824140189,-0.2987257476742259,-0.1613183234387727,0
543510,"McCann, James",AZ,2026,2026,-0.3775554874299623,-0.2682946114566688,-0.1092608759732935,8,0.4074063266399539,0.0,-0.6757009380966228,8,-0.0819074281713385,-0.0273534478019549,-1.0770382346601253,-0.1688896780138142,0
519317,"Stanton, Giancarlo",NYY,2026,2026,-0.3794096809632242,-0.5405481239576574,0.1611384429944332,5,0.1497390193992811,0.0,-0.6902871433569385,4,0.1700613511851585,-0.0089229081907252,0.5432009790152726,-0.0760467140662649,1
518595,"d'Arnaud, Travis",LAA,2026,2026,-0.3800852224396903,-0.3223608307892791,-0.0577243916504111,4,0.0071383780009294,0.0,-0.3294992087902086,4,-0.0539981450757418,-0.0037262465746693,-0.5342156433566981,-0.0372073598291476,0
664056,"Bader, Harrison",SF,2026,2026,-0.3802645687095669,-0.34471632663311,-0.0355482420764568,9,0.2483636120337907,0.0,-0.5930799386669008,9,-0.0332053920841539,-0.0023428499923029,-0.5311701767189805,-0.116196452571944,0
676724,"Young, Jared",NYM,2026,2026,-0.3919635545370855,-0.0836012000507841,-0.3083623544863013,27,1.9006240436853967,-0.8395755673276991,-1.1446496764084813,24,-0.2084788161727995,-0.0998835383135015,-1.8938078148202624,-0.686808332386867,3
687859,"Johnston, Troy",COL,2026,2026,-0.3993145723897865,0.4676387860436707,-0.8669533584334572,46,2.160847435404721,-0.7564998842675701,-0.9367087650934802,39,-1.1905303682390502,0.3235770098055933,-4.349005925405585,1.380558372458326,7
806146,"Lombard Jr., George",NYY,2026,2026,-0.4231359393422542,0.0772240110514682,-0.5003599503937225,14,1.0203165503202622,-0.7561134169057016,-0.1869791223630925,12,-0.3892477392350778,-0.1111122111586446,-1.34795123099365,-0.5907434142315741,2
701762,"Kurtz, Nick",ATH,2026,2026,-0.4260072697681416,-0.7988253492234264,0.3728180794552848,35,1.4537626936054313,-0.9364843104658296,-1.316103732363029,28,0.3245840738641694,0.0482340055911153,-0.3072511746120812,-0.0492340375456233,7
677870,"Jiménez, Leo",MIA,2026,2026,-0.4305299241902251,-0.4155285582590173,-0.0150013659312078,14,0.7584017828214142,-0.7959800608169619,-0.3779502802634695,13,0.0048101824906579,-0.0198115484218657,-1.2470825401495655,-0.2085749476940913,1
682927,"Simon, Ronny",PIT,2026,2026,-0.437146973912958,-0.6190336078133158,0.1818866339003578,6,0.2048218107143957,-0.7773098710825869,-0.0465455474451247,5,0.1872687803275052,-0.0053821464271473,0.643970891089997,-0.0476314763405694,1
694384,"Schanuel, Nolan",LAA,2026,2026,-0.4380008458194776,-0.3133819837671162,-0.1246188620523614,37,2.5487650564920346,-0.8140949827569415,-2.04805205750221,36,-0.0837125402954292,-0.0409063217569322,-3.5625973397284474,-0.5586971960480587,1
502671,"Goldschmidt, Paul",NYY,2026,2026,-0.4511425246955823,-0.3845493188820809,-0.0665932058135013,21,0.6242335540800245,0.0,-1.0087828729621056,20,-0.1706273698004841,0.1040341639869827,-2.3935648360795425,0.3719056624848659,1
807799,"Yoshida, Masataka",BOS,2026,2026,-0.4522105929910198,-0.6312272343936542,0.1790166414026344,23,0.3768413828790114,0.0,-1.0080686172726658,21,0.2582843427648847,-0.0792677013622502,-0.6689657231356118,-0.5704462659433778,2
696030,"Osuna, Alejandro",TEX,2026,2026,-0.4556294873545194,0.028354023205438,-0.4839835105599574,19,1.2372029983726252,-0.7815002119503619,-0.4273487632168251,14,-0.6642106725679456,0.1802271620079884,-2.7333167765564967,0.7575330234177673,5
693459,"Fedko, Kyler",MIN,2026,2026,-0.4616286388929319,0.0,-0.4616286388929319,1,0.0,0.0,0.0,0,-0.4613761002695125,-0.0002525386234194,-1.1575412976869648,-0.0064641388280296,1
650391,"Jiménez, Eloy",TOR,2026,2026,-0.4628670553080043,-0.4214257126454198,-0.0414413426625844,1,0.1239526957033513,0.0,-0.5453784083487712,1,-0.0348740509263237,-0.0065672917362606,-0.2449584328586833,-0.0379012172131802,0
641487,"Crawford, J.P.",SEA,2026,2026,-0.4651062594025659,0.5033809577926383,-0.968487217195204,17,1.048603886819946,0.0,-0.5452229290273076,16,-0.3432144045692201,-0.6252728126259841,-4.505150344450902,-2.126363391054882,1
672356,"Arias, Gabriel",CHC,2026,2026,-0.4654314253283876,-0.9074244523029028,0.4419930269745153,11,0.4693967475104943,-0.9262487701511934,-0.4505724296622033,8,0.2953549292656665,0.1466380977088487,0.4145281653848195,0.6665052803099829,3
683227,"Freeman, Cody",TEX,2026,2026,-0.4728831285593419,-0.1269713637950739,-0.345911764764268,6,0.1415375229196258,0.0,-0.2685088867146998,4,-0.3211183586798748,-0.0247934060843931,-0.7476834809097583,-0.1886654979806776,2
656582,"Joe, Connor",SEA,2026,2026,-0.4836627810384366,-0.6819086937340445,0.1982459126956079,6,0.3907047293685681,-0.9980271500598336,-0.0745862730427789,5,0.2153461282928416,-0.0171002155972337,0.6650901936138427,-0.1047048151470541,1
665953,"Chaparro, Andrés",WSH,2026,2026,-0.4863967610678089,-0.3720643488544327,-0.1143324122133761,11,0.6403175406293149,0.0,-1.0123818894837475,11,-0.0801578906298031,-0.034174521583573,-1.2855018068159514,-0.2459295647622211,0
669357,"Gorman, Nolan",STL,2026,2026,-0.4880525009686601,-0.386198023069298,-0.101854477899362,10,0.5023976592090645,0.0,-0.8885956822783626,10,-0.082821987969833,-0.019032489929529,-1.669355144001791,-0.1727397297699916,0
695490,"Arroyo, Edwin",CIN,2026,2026,-0.4931109443043342,-0.1640890109623893,-0.3290219333419448,13,1.010726994891778,-0.7511752979288772,-0.4236407079252901,11,-0.3010942985974932,-0.0279276347444517,-1.2745890643525335,-0.276858442230924,2
678218,"Valenzuela, Brandon",TOR,2026,2026,-0.4976840678490211,-0.2910117366485217,-0.2066723312004993,14,0.7991264599372176,0.0,-1.0901381965857395,14,-0.1368682318273924,-0.069804099373107,-2.548838147181427,-0.4890616897812635,0
669720,"Hays, Austin",SD,2026,2026,-0.502513567252636,-0.022958676236727,-0.4795548910159089,4,0.1086543447940302,0.0,-0.1316130210307573,3,-0.4793782506418619,-0.0001766403740469,-1.5287839788657525,-0.0831581809067988,1
672515,"Moreno, Gabriel",AZ,2026,2026,-0.5095170093204515,-0.6056173478952125,0.0961003385747609,45,1.3521748671631786,0.0,-1.9577922150583909,40,0.1431781307882673,-0.0470777922135063,-0.8821121367016115,-0.8533765870436478,5
677592,"Pereira, Everson",STL,2026,2026,-0.5161840184801263,-0.2381077315449892,-0.278076286935137,7,0.0421398255338285,0.0,-0.2802475570788177,5,-0.2627940919312528,-0.0152821950038841,-0.7286317183767378,-0.1607944145156848,2
641598,"Garver, Mitch",SEA,2026,2026,-0.5198707013545575,-0.500219921795996,-0.0196507795585615,8,0.2980657905310333,0.0,-0.7982857123270293,7,0.0282022433686446,-0.0478530229272061,-0.7007124688848398,-0.3208830052938289,1
686527,"Canzone, Dominic",SEA,2026,2026,-0.5249175330623528,-0.3094746771537375,-0.2154428559086152,26,1.2096874244481162,0.0,-1.5191621016018535,23,-0.1753363705251308,-0.0401064853834844,-1.9040388772892127,-0.4455112221063846,3
641355,"Bellinger, Cody",NYY,2026,2026,-0.5287453916373035,1.5336844850261084,-2.062429876663412,53,3.9439257256597577,-1.5208778527993263,-0.889363387834322,42,-2.1649274230326334,0.1024975463692219,-5.983860961020072,0.062645741536786,11
699013,"Valdez, Esmerlyn",PIT,2026,2026,-0.5288308110316793,-0.4074316285853506,-0.1213991824463285,17,0.3791255833656406,0.0,-0.7865572119509914,17,-0.0819080067639687,-0.0394911756823598,-1.502681579605947,-0.3027576978081564,0
680664,"Valencia, Eduardo",DET,2026,2026,-0.5327130442183092,-0.4723753793994187,-0.0603376648188905,5,0.3477973025048561,0.0,-0.820172681904275,5,-0.0385022811028601,-0.0218353837160303,-0.4719236760408306,-0.143942890784717,0
663647,"Hayes, Ke'Bryan",CIN,2026,2026,-0.5341785476924606,-0.0483895937282119,-0.4857889539642487,7,0.4117313778795788,0.0,-0.4601209716077907,6,-0.0008043898493964,-0.4849845641148523,-0.9916102621291224,-1.260896372297336,1
678882,"Rafaela, Ceddanne",BOS,2026,2026,-0.5389721712980566,1.318913324738681,-1.8578854960367377,79,4.615727959708016,-2.4163030689051284,-0.8805115660642052,53,-1.430502054896871,-0.4273834411398662,1.096525404838467,-1.2049275624817497,26
602104,"Urías, Ramón",STL,2026,2026,-0.5447881364596987,-0.0269489663200999,-0.5178391701395987,10,0.2813446384932341,0.0,-0.308293604813334,9,-0.5080362971867798,-0.0098028729528187,-1.725798552561913,-0.0904888456145938,1
666023,"Fermin, Freddy",SD,2026,2026,-0.5466615382588296,-0.1134101227242025,-0.433251415534627,16,0.8963178628584134,-0.8099128778698648,-0.1998151077127512,14,-0.4104208530502638,-0.0228305624843631,-1.6157710248671426,-0.2158161015656693,2
681624,"Pages, Andy",LAD,2026,2026,-0.5694939484973656,0.1897484933250044,-0.75924244182237,63,2.9823658958184667,-1.521952340024893,-1.270665062468568,45,-1.0574688530269956,0.2982264112046261,-0.9437567172305305,1.2370055050317046,18
645305,"Sánchez, Ali",NYY,2026,2026,-0.5751509996185092,0.0062390604257395,-0.5813900600442489,4,0.3637705753326395,0.0,-0.3575315149069,3,-0.5111819904480079,-0.0702080695962407,-1.7015412949983408,-0.3915410288102156,1
643376,"Jansen, Danny",TEX,2026,2026,-0.5964600909356035,-0.293993447092519,-0.3024666438430844,11,0.3084141272474502,0.0,-0.6024075743399692,9,-0.2744106355592907,-0.0280560082837937,-0.6658936669845406,-0.1673818968343913,2
669394,"Burger, Jake",TEX,2026,2026,-0.6032053603038066,-0.2170969276692644,-0.386108432634542,32,1.0709290724958254,0.0,-1.2880260001650894,29,-0.3090164972681324,-0.0770919353664097,-2.537921990594896,-0.5236952085601633,3
682674,"Bericoto, Victor",SF,2026,2026,-0.613004137925107,-0.1509033212686796,-0.4621008166564273,5,0.0194636037281526,0.0,-0.1703669249968323,4,-0.4348646508048557,-0.0272361658515715,-1.0952382632487532,-0.145352636145926,1
682634,"Alcántara, Kevin",CHC,2026,2026,-0.6143075246985051,-0.5871945112008511,-0.027113013497654,3,0.1267260579476758,0.0,-0.7139205691485269,3,-0.0186189031538042,-0.0084941103438497,-0.4375728931440078,-0.0563432258025404,0
679822,"Foscue, Justin",TEX,2026,2026,-0.6162528443155073,0.0467320436094529,-0.6629848879249602,9,0.7420322350060774,0.0,-0.6953001913966245,8,-0.5741643853136745,-0.0888205026112854,-2.335465202107029,-0.5251736493390241,1
700337,"Quero, Edgar",CWS,2026,2026,-0.6493918562832286,-0.6470498669735335,-0.0023419893096951,4,0.163497430864137,0.0,-0.8105472978376704,3,0.022179866152341,-0.0245218554620362,-0.748458684189719,-0.2584021400786278,1
666397,"Julien, Edouard",COL,2026,2026,-0.67460044497919,-0.2000779837179058,-0.4745224612612841,28,1.700528740922452,-0.874364738283756,-1.0262419863566017,23,-0.4144775296479303,-0.0600449316133537,-2.323323665323552,-0.4417887204196547,5
596117,"Stubbs, Garrett",PHI,2026,2026,-0.6784629948101365,-0.6473857786679686,-0.0310772161421678,3,0.1720855116696096,-0.8164289957124977,-0.0030422946250807,3,-0.022756977526286,-0.0083202386158817,-0.4870093045897977,-0.0589071873298195,0
656305,"Chapman, Matt",SF,2026,2026,-0.6902292002476568,0.0843897163949544,-0.7746189166426112,31,1.4568503917749036,0.0,-1.372460675379949,30,-0.6975931794372566,-0.0770257372053546,-4.248956163574715,-0.4573487351117059,1
621438,"Taylor, Tyrone",CHC,2026,2026,-0.6937312263001112,-0.6131531257433865,-0.0805781005567247,25,0.9618543903735072,-0.8729956469524893,-0.702011869164404,21,-0.0311561696372479,-0.049421930919477,-0.2927478187412247,-0.4758437979968613,4
680977,"Donovan, Brendan",SEA,2026,2026,-0.6953272245250605,0.2183124766674458,-0.9136397011925064,13,0.6272308916514234,0.0,-0.4089184149839776,10,-1.0504310955566445,0.136791394364138,-4.1963935879488,0.4793901493208636,3
691907,"Cheng, Tsung-Che",BOS,2026,2026,-0.7008808807849114,-0.1974848120960606,-0.5033960686888508,5,0.1320662104428213,0.0,-0.3295510225388819,4,-0.5030394874944702,-0.0003565811943804,-1.5017325704705051,-0.0185561169211889,1
543877,"Vázquez, Christian",HOU,2026,2026,-0.7275152006008814,-1.1602818480200463,0.4327666474191651,10,0.1470896820032664,0.0,-1.3073715300233129,7,-0.1257166292699548,0.5584832766891198,-1.783967295687251,2.537191706256227,3
669134,"Campusano, Luis",SD,2026,2026,-0.7351253137255027,-0.66299020179952,-0.0721351119259827,11,0.6828612805109592,-0.904417436117456,-0.4414340461930232,11,-0.0499614034454604,-0.0221737084805223,-1.1937295921329187,-0.2790622493659991,0
542303,"Ozuna, Marcell",PIT,2026,2026,-0.7474089441075067,-0.5802344173772939,-0.1671745267302128,7,0.1618533428241841,0.0,-0.7420877602014779,7,-0.1393987339896027,-0.02777579274061,-1.5987266451626008,-0.2320973784398356,0
665489,"Guerrero Jr., Vladimir",TOR,2026,2026,-0.7507885256899812,-0.612334842525954,-0.1384536831640271,52,3.0655446684899785,-0.7690408178811268,-2.9088386931348063,46,0.0065975210672747,-0.145051204231302,-1.9096099334455443,-0.9478449362465512,6
669224,"Wells, Austin",NYY,2026,2026,-0.7564840804732562,-0.912378275771772,0.1558941952985156,17,0.5134105758592368,0.0,-1.4257888516310084,15,0.2232704049266482,-0.0673762096281324,-0.6263647600775003,-0.5098694882408502,2
592626,"Pederson, Joc",TEX,2026,2026,-0.7647788272689423,-0.8866461604958983,0.121867333226956,24,1.3901957965943277,-0.8552212101364783,-1.4216207469537483,22,0.1763175647148712,-0.0544502314879152,-1.413865994187829,-0.3977298179429977,2
676475,"Burleson, Alec",STL,2026,2026,-0.7787402623361782,-0.6117146571340883,-0.1670256052020898,49,2.027002064071688,0.0,-2.638716721205777,45,-0.0126353017377402,-0.1543903034643493,-1.5836996472925322,-1.0370790113551318,4
643289,"Dubón, Mauricio",ATL,2026,2026,-0.7835053722409077,-0.748485453960038,-0.0350199182808696,47,2.725924666161013,-2.2772620711203606,-1.1971480490006907,42,0.0399589718328154,-0.074978890113685,-1.4941599345723775,-0.6608485632150576,5
681481,"Carpenter, Kerry",DET,2026,2026,-0.7938777402177509,-0.5190503135188441,-0.2748274266989068,10,0.3084836372069864,0.0,-0.8275339507258306,10,-0.2303739341240701,-0.0444534925748366,-2.4435483482670355,-0.3174383601634834,0
670156,"Mastrobuoni, Miles",SEA,2026,2026,-0.7991967775060955,-0.8030292814013155,0.0038325038952198,3,0.0153984862134658,-0.7585257588717348,-0.0599020087430465,3,0.0141473712920006,-0.0103148673967807,-0.1578294449677798,-0.0589793038794963,0
642708,"Rosario, Amed",NYY,2026,2026,-0.8003664272938136,-0.4041584144332304,-0.3962080128605831,9,0.1931214417416464,0.0,-0.5972798561748767,7,-0.3628976803341007,-0.0333103325264823,-1.3091785750813585,-0.3249074077806297,2
669398,"Workman, Gage",SD,2026,2026,-0.831333823460783,-0.8492731936010245,0.0179393701402415,3,0.0340065781826557,-0.8762238816102426,-0.0070558901734375,3,0.0191454421631456,-0.0012060720229041,-0.197667190762231,-0.0215937950132718,0
702284,"Young, Cole",SEA,2026,2026,-0.8556907425160702,1.0318076290452096,-1.88749837156128,53,3.0118021203686247,-0.7913432003969079,-1.1886512909265083,47,-1.8059315723708445,-0.0815667991904355,-8.015794292641298,-0.6735736976488251,6
543309,"Higashioka, Kyle",TEX,2026,2026,-0.8592816337732188,-0.7586154162238877,-0.100666217549331,6,0.0800201615422635,0.0,-0.8386355777661513,6,-0.0708015014618042,-0.0298647160875268,-1.3353755529428293,-0.1838468795616716,0
686668,"Doyle, Brenton",CWS,2026,2026,-0.86035586275044,-1.53267380367414,0.6723179409237001,27,0.6950852637500966,-1.5526077815531831,-0.6751512858710528,13,0.7280436094415905,-0.0557256685178906,6.378091648641071,-0.3619279785175461,14
676439,"Feduccia, Hunter",LAD,2026,2026,-0.880755220978738,-0.8459613253159756,-0.0347938956627624,17,0.7079897918215043,-0.8515748394842719,-0.7023762776532079,17,-0.0026935910223745,-0.0321003046403878,-1.3225809726182165,-0.2332918811631673,0
807713,"Shaw, Matt",CHC,2026,2026,-0.8890710785843003,-0.5142667267194487,-0.3748043518648516,20,1.288660674219111,-1.5851419776430111,-0.2177854232955481,15,-0.3768076409187737,0.0020032890539221,-0.1248877699927354,-0.1621722007657191,5
682177,"Schneemann, Daniel",CLE,2026,2026,-0.8936528813369746,-0.609749097580251,-0.2839037837567236,27,1.4463105444839384,-1.582013045827063,-0.4740465962371262,21,-0.4010490992842834,0.1171453155275596,-0.7732324752027927,0.504121772788366,6
691777,"Muncy, Max",ATH,2026,2026,-0.90720437374171,-0.8256026181160585,-0.0816017556256517,19,0.5139689057419896,0.0,-1.3395715238580483,15,-0.0301775116067927,-0.051424244018859,-0.2079668843131358,-0.3716395007330356,4
670224,"Misner, Kameron",KC,2026,2026,-0.914934821209592,-0.7912405106612733,-0.1236943105483188,4,0.0,-0.7815762535373891,-0.0096642571238842,1,-0.1077099741426337,-0.0159843364056849,0.400763213335225,-0.0963588336572007,3
595978,"Hedges, Austin",CLE,2026,2026,-0.9330890772064324,-0.8137149005515449,-0.1193741766548874,11,0.4305663123635411,0.0,-1.2442812129150862,10,-0.316621055716364,0.1972468790614766,-2.904644484193977,0.7464892755305569,1
664761,"Bohm, Alec",PHI,2026,2026,-0.9335959263338298,-1.0314625878898256,0.0978666615559958,35,1.0983573246393017,0.0,-2.129819912529126,33,0.0456743751515015,0.0521922864044943,-2.7377173709388,0.0510577379351916,2
656976,"Smith, Pavin",AZ,2026,2026,-0.9358877881044294,-1.0328086569698884,0.0969208688654589,5,0.0744500339309757,-0.8947010390290957,-0.2125576518717684,4,0.1082992258640705,-0.0113783569986115,-0.0584401211490738,-0.0893961974698604,1
665742,"Soto, Juan",NYM,2026,2026,-0.948034722616772,-0.5071746463613944,-0.4408600762553776,30,1.4930613409511346,-0.777287768484853,-1.222948218827676,24,-0.5725046924492181,0.1316446161938405,-2.7557758938914403,0.4543902555654928,6
650859,"Rengifo, Luis",SD,2026,2026,-0.955233122231652,-0.1337643956415606,-0.8214687265900913,32,1.5437137027331695,-0.7857215911385119,-0.8917565072362186,25,-0.7410479980996306,-0.0804207284904606,-2.069809846857201,-0.649889776955705,7
656716,"McKinstry, Zach",DET,2026,2026,-0.9562352495306958,1.1423969794060669,-2.0986322289367627,45,3.308665796323236,-1.534582290946055,-0.6316865259711142,35,-1.6090837141303456,-0.4895485148064172,-4.390466164219442,-1.399406640452954,10
663743,"Fortes, Nick",TB,2026,2026,-0.9594436768383646,-0.8630948484882568,-0.0963488283501078,27,0.9955064358837628,0.0,-1.8586012843720192,26,-0.0476865076857752,-0.0486623206643325,-1.436808266859983,-0.4125106619059958,1
624431,"Trevino, Jose",CIN,2026,2026,-0.9630646263816636,-0.4551213884918184,-0.5079432378898452,3,0.0258716550930075,0.0,-0.4809930435848258,2,-0.5057927635232611,-0.0021504743665841,-2.0244059464667146,-0.0400247013335499,1
641857,"McMahon, Ryan",NYY,2026,2026,-0.9712685463813884,-0.4806282650759337,-0.4906402813054545,21,0.8067026111628459,-0.8824463752799616,-0.4048845009588185,16,-0.8724168777930211,0.3817765964875667,-3.4068106456264493,1.6993671840080775,5
680779,"Davis, Henry",PIT,2026,2026,-0.9763227310062754,-0.8152766119990041,-0.1610461190072713,17,0.8312790275968442,-0.9192697461206926,-0.7272858934751558,14,-0.3143696513479377,0.1533235323406663,-1.903464663590048,0.6614219756945819,3
681715,"Hernández, Heriberto",MIA,2026,2026,-0.9966236467567462,-0.5724572326238947,-0.4241664141328514,28,0.8685185558948185,-0.7601013734301936,-0.6808744150885196,19,-0.3215359240584234,-0.1026304900744281,-0.1046630946342199,-0.6132230035094842,9
668800,"Knizner, Andrew",SF,2026,2026,-0.997484340746412,-0.9663959428312012,-0.0310883979152107,3,0.2203478181307251,-0.9085225655726455,-0.2782211953892806,3,-0.0254586749422079,-0.0056297229730028,-0.3256979970005525,-0.0335086709889573,0
663993,"Lowe, Nathaniel",CLE,2026,2026,-1.016647460848262,-0.90804812744903,-0.1085993333992322,22,0.9402335525245928,0.0,-1.848281679973622,22,-0.0841124096747956,-0.0244869237244366,-1.999693364461799,-0.3853325014604451,0
518692,"Freeman, Freddie",LAD,2026,2026,-1.019604980518265,-1.2555460492676715,0.2359410687494064,60,2.635542884143354,-1.7243744544790802,-2.166714478931947,56,0.3843197504223868,-0.1483786816729802,-1.7783333077159131,-1.1046224905841062,4
686948,"Baldwin, Drake",ATL,2026,2026,-1.0246193736952305,-0.8335473780396121,-0.1910719956556182,30,1.81186587298695,0.0,-2.64541325102656,28,-0.1117495005333797,-0.0793224951222384,-3.920849698179863,-0.6189912214828927,2
694728,"Matthews, Brice",HOU,2026,2026,-1.0318466241550526,0.3372623809553112,-1.3691090051103638,20,0.8959592686709628,0.0,-0.5586968877156516,13,-1.549159728045799,0.1800507229354349,-3.727461427358125,0.8019144104330583,7
609280,"Andujar, Miguel",SD,2026,2026,-1.0327435908230431,0.0570447549864651,-1.0897883458095083,25,1.1370501537284798,0.0,-1.0800053987420144,20,-1.002535106362776,-0.0872532394467318,-2.1811802813749126,-0.6404793266648654,5
663728,"Raleigh, Cal",SEA,2026,2026,-1.0562290572012365,-0.6925451700745583,-0.363683887126678,19,1.0440375477047563,0.0,-1.7365827177793145,16,-0.4718846160341308,0.1082007289074526,-3.4126351149888614,0.3614440091015528,3
668952,"Kreidler, Ryan",MIN,2026,2026,-1.0578395156698206,-0.8782848936844526,-0.1795546219853681,22,1.0396314308077266,-1.616606434434262,-0.3013098900579174,16,-0.7380421579490865,0.5584875359637181,-2.1332894724438893,2.731228145140167,6
666464,"Encarnacion, Jerar",SF,2026,2026,-1.0638425581625546,-1.0515669031613522,-0.0122756550012024,2,0.0029493553516267,-0.9474159966444368,-0.1071002618685418,2,-0.0118304585393752,-0.0004451964618271,-0.2125908019127451,-0.0047277120734457,0
650559,"De La Cruz, Bryan",PHI,2026,2026,-1.065557429062444,-0.9096982234977264,-0.1558592055647174,5,0.0762907164889177,-0.8517919467810049,-0.1341969932056392,5,-0.1347886619606656,-0.0210705436040518,-1.114112881688545,-0.1191674045665564,0
665966,"Narváez, Carlos",BAL,2026,2026,-1.0694318817097983,-1.108036044454471,0.0386041627446726,18,0.5560825679017312,-0.9508892443305652,-0.7132293680256367,17,-0.0954022530797765,0.1340064158244492,-1.5602099758900867,0.5949827698830292,1
665804,"Amaya, Miguel",CHC,2026,2026,-1.082750485431677,-0.9474322130551194,-0.1353182723765575,12,0.4739424984053308,0.0,-1.42137471146045,12,-0.072512096401265,-0.0628061759752924,-1.5199331833154337,-0.3699462522970855,0
679529,"Torkelson, Spencer",DET,2026,2026,-1.1021905448554103,-0.2511018307334591,-0.8510887141219513,31,1.2122832096327478,0.0,-1.463385040366207,30,-0.6620272054644903,-0.1890615086574615,-3.846362979057306,-1.309528018924963,1
640902,"Pereda, Jhonny",SEA,2026,2026,-1.1032207975576471,-1.094777932888826,-0.0084428646688209,4,0.1679834535218091,-0.9828907561918876,-0.2798706302187475,4,0.0060826418092724,-0.0145255064780933,-0.873838180428695,-0.1106913417544767,0
669289,"Espinal, Santiago",LAD,2026,2026,-1.1100847572958792,-1.1032929185375366,-0.0067918387583424,5,0.0406884137122298,-0.754280123724622,-0.3897012085251445,5,0.0058401063566428,-0.0126319451149853,-0.1698145839152408,-0.0909486574088288,0
664774,"Wade Jr., LaMonte",HOU,2026,2026,-1.1108513599199357,-0.9925753796030602,-0.1182759803168754,9,0.4834203206719641,-0.79708343351424,-0.6789122667607843,9,-0.0825039596122032,-0.0357720207046722,-1.342908748526784,-0.201784562129265,0
687605,"Pinckney, Andrew",WSH,2026,2026,-1.120629185891653,-0.860899368303165,-0.259729817588488,5,0.0822222110593694,-0.7531279905368571,-0.1899935888256774,3,-0.2578006095002418,-0.0019292080882462,-0.2828786707861945,-0.0312584159620807,2
687952,"Encarnacion-Strand, Christian",BAL,2026,2026,-1.1292537873499984,-0.7416020270302488,-0.3876517603197496,8,0.0807303983457455,0.0,-0.8223324253759944,6,-0.3597911311204567,-0.0278606291992929,-0.9839036486031107,-0.2227460788219223,2
545361,"Trout, Mike",LAA,2026,2026,-1.1439327457527344,-2.1998650254442667,1.0559322796915322,45,1.9903438739851564,-2.441250741610112,-1.748958157819312,37,0.997956595788768,0.057975683902764,1.9551142410775728,-0.073657311395875,8
683734,"Vaughn, Andrew",MIL,2026,2026,-1.157444103834543,-0.7862507295478256,-0.3711933742867176,23,0.9480059581701176,0.0,-1.7342566877179428,23,-0.299183559557155,-0.0720098147295625,-3.1485400117997133,-0.5736415118762171,0
664770,"Lukes, Nathan",TOR,2026,2026,-1.1663345895976962,-0.458180474015208,-0.7081541155824881,24,1.330508565221852,0.0,-1.78868903923706,23,-0.6803798692376651,-0.0277742463448226,-4.202636578308553,-0.304274500979909,1
660821,"Sánchez, Jesús",TOR,2026,2026,-1.172401000547834,-0.7464154103168743,-0.4259855902309598,22,0.9651099758576877,-0.7838305377982884,-0.927694848376273,20,-0.3779133988714708,-0.048072191359489,-1.6176536008832687,-0.4452318595782707,2
699302,"Rodríguez, Héctor",CIN,2026,2026,-1.173222203406237,-0.9967237625316642,-0.1764984408745727,9,0.7266122947132543,-1.6779457440111427,-0.0453903132337756,9,-0.1264324077204651,-0.0500660331541075,-1.4634454808307888,-0.2675202298751584,0
669004,"Melendez, MJ",NYM,2026,2026,-1.1791543946454903,-0.1640606307620499,-1.0150937638834403,9,0.5066562900902563,0.0,-0.6707169208523062,7,-0.9732019161439018,-0.0418918477395387,-3.1184451122979007,-0.2536638895627062,2
666126,"Cortes, Carlos",ATH,2026,2026,-1.1924141402378745,-1.237735849098045,0.0453217088601705,20,0.9049287013026354,-1.64040390782984,-0.5022606425708404,19,0.0546032247406134,-0.0092815158804429,-2.028521273209006,-0.1951760029776859,1
800325,"Lara, Luis",MIL,2026,2026,-1.1949924901208826,-1.2768688903502978,0.0818764002294152,21,1.1443292352716854,-1.5321589745085444,-0.8890391511134388,17,0.1158324497678081,-0.0339560495383927,0.9185452846194934,-0.3159028404154627,4
682626,"Alvarez, Francisco",NYM,2026,2026,-1.2012981858053955,-0.593090532327294,-0.6082076534781014,19,0.9487895251408316,-0.9216601654766532,-0.6202198919914722,18,-0.5363812125739165,-0.071826440904185,-3.067664312417903,-0.5382399549722354,1
672284,"Kelenic, Jarred",TEX,2026,2026,-1.2172463550476422,-0.7530063433210665,-0.4642400117265756,4,0.2284628098414268,-0.7678592221327039,-0.2136099310297894,3,-0.4598034810450961,-0.0044365306814795,-1.3392366789737813,-0.0662448130140359,1
668901,"Vientos, Mark",NYM,2026,2026,-1.2305043406319345,-1.0630285073380608,-0.1674758332938736,10,0.2123443584002149,-0.794861810007795,-0.4805110557304809,10,-0.1204625814018309,-0.0470132518920427,-1.4593048771890245,-0.2980347801684619,0
622268,"Walton, Donovan",ATH,2026,2026,-1.238527436670292,-0.3068251323682923,-0.9317023043019996,27,0.7061250184577851,0.0,-1.0129501508260774,24,-0.92404318063432,-0.0076591236676795,-3.5507308001209266,-0.319024939039815,3
677800,"Abreu, Wilyer",BOS,2026,2026,-1.2533092520039977,-0.295088805685713,-0.9582204463182844,48,1.7895198789407727,-0.7538279536788948,-1.330780730947591,34,-1.0213375304223355,0.0631170841040518,-1.6918579991519664,0.0147563151190087,14
657757,"Sheets, Gavin",SD,2026,2026,-1.27158502956542,-1.4541766300053365,0.1825916004399161,24,0.984405788589983,-0.9382557703315066,-1.5003266482638131,22,0.2296443327590815,-0.0470527323191653,-0.4389056847235615,-0.4106491909401342,2
670623,"Paredes, Isaac",HOU,2026,2026,-1.272413695876219,-0.9147389533597068,-0.3576747425165125,35,0.9973411173351934,0.0,-1.9120800706949,35,-0.2903564867011766,-0.0673182558153357,-4.420024286169363,-0.6562120560302367,0
678554,"Mead, Curtis",BOS,2026,2026,-1.2771404644915358,-0.5998025770365034,-0.6773378874550324,29,1.5901352553722046,-0.7849010110668907,-1.4050368213418178,25,-0.6357646379000901,-0.0415732495549424,-2.3302662669927177,-0.4051091503978379,4
686452,"Millas, Drew",WSH,2026,2026,-1.3613333487390338,-0.8488926692168937,-0.5124406795221402,9,0.568099856122086,-0.8176818675579998,-0.5993106577809799,8,-0.4937165430191601,-0.01872413650298,-2.103125456301324,-0.1636295390441175,1
645277,"Albies, Ozzie",ATL,2026,2026,-1.3855549715250006,-0.0306850594335534,-1.3548699120914471,47,2.5386360699071613,-0.8672683816348261,-1.7020527477058884,42,-1.2493718828050795,-0.1054980292863679,-5.563637829612152,-0.7624474394463838,5
596019,"Lindor, Francisco",NYM,2026,2026,-1.4071463005731846,0.2467879815847433,-1.653934282157928,39,2.0432728241114484,-0.7698449719002494,-1.0266398706264552,33,-1.612386386639013,-0.0415478955189154,-5.20326388443952,-0.3907646639011515,6
673237,"Diaz, Yainer",HOU,2026,2026,-1.4375677819317567,-0.7891073122976019,-0.6484604696341548,15,0.3809754506265906,0.0,-1.170082762924192,14,-0.5818020878344344,-0.0666583817997203,-2.7520438463033527,-0.4118800759441787,1
673357,"Robert Jr., Luis",BAL,2026,2026,-1.4456297814111403,-0.2125988305846037,-1.233030950826537,16,0.9342065666198854,0.0,-1.146805397204489,12,-1.1888984111606102,-0.0441325396659265,-3.4576827988830074,-0.2893309578383051,4
642086,"Smith, Dominic",ATL,2026,2026,-1.4527318886541585,-1.349224142580447,-0.1035077460737115,17,1.1737829471353447,-0.844249220084447,-1.678757869631345,17,-0.0400330512890988,-0.0634746947846126,-1.9166554839204384,-0.539356194474521,0
664023,"Happ, Ian",CHC,2026,2026,-1.4850807556313468,-1.2756517987719107,-0.209428956859436,42,2.3563890699617285,-1.5626755337240723,-2.069365335009566,39,-0.1267033083354848,-0.0827256485239511,-2.64212096237566,-0.6486540517340332,3
680777,"Jeffers, Ryan",MIN,2026,2026,-1.4986731407730662,-1.3712144006503268,-0.1274587401227393,26,1.6391453416825716,-0.7923571794011254,-2.218002562931773,26,-0.0679307706968148,-0.0595279694259244,-2.010320819798865,-0.5310926606890332,0
514888,"Altuve, Jose",HOU,2026,2026,-1.515900896538413,-0.1548342471043507,-1.3610666494340626,37,1.805219121506616,-0.7535863590108041,-1.2064670096001628,29,-1.455532293501194,0.0944656440671311,-4.642236412077059,0.2077970599216002,8
641680,"Heim, Jonah",ATH,2026,2026,-1.5209694195510206,-1.1943613666023762,-0.3266080529486443,14,0.5477091710285069,0.0,-1.742070537630883,14,-0.2186912586732366,-0.1079167942754078,-2.3112777902024595,-0.7102748265265373,0
596142,"Sánchez, Gary",MIL,2026,2026,-1.543624730146722,-1.2201694112496535,-0.3234553188970684,13,0.3428226846261188,0.0,-1.5629920958757726,13,-0.2791779482526718,-0.0442773706443966,-2.5359681673511507,-0.3515932098571471,0
553993,"Suárez, Eugenio",CIN,2026,2026,-1.5714660600360073,-0.679299726003786,-0.8921663340322212,24,1.015263742147943,-0.933831212535549,-0.7607322556161796,23,-0.7905824212386448,-0.1015839127935763,-5.227518102625119,-0.6751647399802759,1
687401,"Ortiz, Joey",MIL,2026,2026,-1.5746944064063697,-0.9309549458932918,-0.643739460513078,35,1.301738208535274,-0.9031469946263256,-1.32954615980224,24,-0.7861997122848551,0.1424602517717771,-0.6421160110878086,0.3491857216993999,11
695731,"Montgomery, Braden",CWS,2026,2026,-1.579078863884971,0.0867229693869484,-1.6658018332719198,30,1.5269468202604104,-0.7866535866211635,-0.6535702642522986,24,-1.582002882537374,-0.0837989507345459,-4.42101754751349,-0.623204304939534,6
553869,"Díaz, Elias",TEX,2026,2026,-1.5823538661444645,-1.4540280008737951,-0.1283258652706694,10,0.0932916692592999,-0.9769980442599224,-0.5703216258731726,10,-0.0951962633670961,-0.0331296019035732,-1.0798048264194196,-0.2140122473079561,0
669257,"Smith, Will",LAD,2026,2026,-1.588338138227016,-1.3510432841950686,-0.2372948540319475,15,0.4445548991336316,-0.8650322774947264,-0.9305659058339736,15,-0.1806417940887673,-0.0566530599431802,-2.044551765555525,-0.388207718204951,0
669236,"Jackson, Jeremiah",BAL,2026,2026,-1.5922529293620802,-0.2701826608731972,-1.322070268488883,16,0.4356310594139171,0.0,-0.7058137202871141,12,-1.2484233630097197,-0.0736469054791633,-3.4368950939437,-0.4533361910667419,4
691458,"Jordan, Blaze",STL,2026,2026,-1.5969133223155707,-1.4492673750957366,-0.1476459472198341,16,0.767068272801074,-1.8565777597084607,-0.3597578881883502,16,-0.1263077399720769,-0.0213382072477571,-1.7895102985270854,-0.1372138444733242,0
673962,"Jung, Josh",TEX,2026,2026,-1.6031145408959753,-1.41107714767953,-0.1920373932164451,34,1.058984680555089,-0.7690110127088762,-1.7010508155257429,33,-0.2704640547066017,0.0784266614901564,-3.973634689543308,0.2174700969671459,1
687462,"Horwitz, Spencer",PIT,2026,2026,-1.6553368536132087,-1.645652509375982,-0.0096843442372268,24,1.3050524969175212,-0.8132162554697865,-2.1374887508237173,22,-0.1646423422678001,0.1549579980305732,-3.9002892778895033,0.5574627560171879,2
656775,"Mullins, Cedric",TB,2026,2026,-1.6561533476635335,-0.355554193017697,-1.3005991546458366,35,1.056522765982195,-0.8433641866855274,-0.5687127723143647,18,-1.2044918063985943,-0.0961073482472424,0.8361016217986371,-0.7066738783807102,17
668939,"Rutschman, Adley",BOS,2026,2026,-1.671732594981506,-1.3729984690637205,-0.2987341259177858,24,0.9359748617827006,-1.6628195516396849,-0.6461537792067362,24,-0.2599475331358944,-0.0387865927818912,-3.223889010288564,-0.4184743046983719,0
700932,"Manzardo, Kyle",CLE,2026,2026,-1.6725330214189371,-1.423599641584863,-0.248933379834074,21,0.6374680746325802,-0.8092969037528535,-1.25177081246459,21,-0.2171403846740781,-0.0317929951599958,-2.857421245581943,-0.2792667026836206,0
686681,"Massey, Michael",KC,2026,2026,-1.697370347829796,-1.850912087731389,0.1535417399015927,34,1.6377794150908036,-2.427883917831307,-1.0608075849908856,32,-0.1197206927673419,0.2732624326689346,-2.374924938124483,1.2430404358726463,2
606115,"Arcia, Orlando",MIN,2026,2026,-1.698269462239733,-1.127304868524585,-0.5709645937151481,4,0.0792714223978223,-0.8642778475874078,-0.3422984433350001,3,-0.5566891319518573,-0.0142754617632907,-2.0157347896123072,-0.1006925904173831,1
643217,"Benintendi, Andrew",CWS,2026,2026,-1.7065288882390957,-1.549511532371138,-0.1570173558679575,33,1.778772140121177,-1.7626531847148623,-1.5656304877774532,33,-0.1426541125966277,-0.0143632432713297,-2.7385619861848816,-0.6078633852222286,0
701398,"Stewart, Sal",CIN,2026,2026,-1.721042085939449,-2.348511591789049,0.6274695058495999,47,1.1432728814492847,-1.7446514824083237,-1.7471329908300102,32,0.6058942828574067,0.0215752229921937,2.270889325147114,1.0233739045527466,15
630105,"Cronenworth, Jake",SD,2026,2026,-1.7554747804596538,-1.2425976030022987,-0.512877177457355,23,1.225851421336526,-1.7191340250050813,-0.7493149993337432,18,-0.449718683936144,-0.0631584935212111,-1.4223387830566236,-0.4140669494475971,5
676694,"Meyers, Jake",HOU,2026,2026,-1.7678062696185333,-0.4636740500043694,-1.3041322196141638,14,0.9330326834725295,-0.796797683041103,-0.5999090504357959,10,-1.4700042472495511,0.1658720276353871,-4.7024112065082,0.630665041370976,4
608369,"Seager, Corey",TEX,2026,2026,-1.7741758036806177,-1.0962297716056246,-0.6779460320749932,21,0.5542284331193962,0.0,-1.6504582047250214,20,-0.5849100309282623,-0.0930360011467309,-3.8639676208869744,-0.6802716413029135,1
672960,"Okamoto, Kazuma",TOR,2026,2026,-1.8108127851885565,-1.610449665327324,-0.2003631198612321,36,1.5374212761121695,-0.8740256193149828,-2.2738453221245103,35,-0.1358762929188225,-0.0644868269424095,-3.218789646591505,-0.5448993635001631,1
500743,"Rojas, Miguel",LAD,2026,2026,-1.8193074018174495,-0.7214172439467658,-1.097890157870684,19,0.6912339490631333,-0.84941718104718,-0.5632340119627192,17,-0.6270512106897738,-0.4708389471809103,-3.120539308830949,-1.2893811763033216,2
516782,"Marte, Starling",KC,2026,2026,-1.8298759825500093,-1.3284981564966254,-0.501377826053384,12,0.1304533982327265,-0.8403409196081616,-0.6186106351211906,7,-0.8595768035647943,0.3581989775114102,-2.6729936196129693,1.7052585088753862,5
663886,"Stephenson, Tyler",CIN,2026,2026,-1.8597977284480984,-1.0690011757272635,-0.7907965527208346,21,0.4368254367342329,0.0,-1.5058266124614963,20,-0.6898456611645114,-0.1009508915563225,-4.541063827832667,-0.6563356372676921,1
681508,"Gasper, Mickey",BOS,2026,2026,-1.8645129793152888,-1.318598098821944,-0.5459148804933448,18,0.3981329273334459,-0.8732561840740388,-0.8434748420813513,17,-0.5078280818560141,-0.0380867986373307,-2.9857587305125595,-0.3067132815656952,1
808959,"Murakami, Munetaka",CWS,2026,2026,-1.8745775963618647,0.0890754271491127,-1.9636530235109773,29,1.3958794172623874,0.0,-1.3068039901132753,24,-1.8623867997136856,-0.1012662237972912,-7.02873229566295,-0.8645828009255212,5
656555,"Hoskins, Rhys",CLE,2026,2026,-1.875394360760124,-1.7774648188271331,-0.0979295419329903,21,0.762941966435058,-1.6710412785157702,-0.8693655067464195,20,-0.0331018118751478,-0.0648277300578424,-1.6768665313293505,-0.5076410576885715,1
657136,"Wong, Connor",BOS,2026,2026,-1.878345750901983,-1.858676994329589,-0.0196687565723939,20,0.3816834046053925,-1.764833369701701,-0.4755270292332814,16,0.0562170266863117,-0.0758857832587057,-0.0006227846959177,-0.4509472876722022,4
672386,"Kirk, Alejandro",TOR,2026,2026,-1.884791961892091,-1.708638172119632,-0.176153789772459,6,0.0393360016215791,0.0,-1.7479741737412111,6,-0.1367038243423748,-0.0394499654300841,-1.7832596805518368,-0.3141271172179773,0
677587,"Rocchio, Brayan",CLE,2026,2026,-1.8918851576092368,-0.977860298040529,-0.9140248595687076,54,2.2862024266746888,-2.350930739657768,-0.9131319850574496,37,-0.7647603953508846,-0.1492644642178233,-0.5856613382643433,-0.0569328349038795,17
608348,"Kelly, Carson",CHC,2026,2026,-1.91666845899696,-1.558595451263688,-0.3580730077332716,25,0.6167505078564899,-0.8391004295401687,-1.3362455295800082,25,-0.2535846726880882,-0.1044883350451832,-3.5199597316634184,-0.7441064543978216,0
671277,"García Jr., Luis",NYY,2026,2026,-1.9191599955264935,-1.0399445038313282,-0.8792154916951656,34,1.6685041128914433,-0.8440413110231526,-1.8644073056996195,30,-1.1496260828151792,0.2704105911200137,-6.051830223081522,1.0136832815874728,4
624585,"Soler, Jorge",LAA,2026,2026,-1.9892561544069136,-1.8411444277886249,-0.1481117266182889,16,0.6132647619110221,-0.8936458077187592,-1.5607633819808877,16,-0.0693945634570095,-0.0787171631612793,-1.8368226644573364,-0.5868179635431238,0
647304,"Naylor, Josh",SEA,2026,2026,-1.9972737377487533,-5.193644328563595,3.196370590814841,60,0.8562449509811584,-3.517268718985589,-2.5326205605591627,35,3.0560379024843165,0.1403326883305249,13.27465007378504,1.4489495888178645,25
650490,"Díaz, Yandy",TB,2026,2026,-1.9983760782761224,-1.6312632280261978,-0.3671128502499245,52,2.8455668504533107,-0.7743637585626606,-3.702466319916848,50,-0.1946907026372857,-0.172422147612639,-4.922689716532463,-1.167618264840763,2
694203,"Guzman, Denzer",LAA,2026,2026,-2.022785045636987,-0.4919395579206291,-1.5308454877163578,18,0.37041190068562,0.0,-0.8623514586062492,12,-1.4679838119323965,-0.0628616757839617,-4.129979645446344,-0.4869659105207614,6
695657,"Montgomery, Colson",CWS,2026,2026,-2.0473990114811795,-1.5958716945226137,-0.4515273169585659,34,1.636767431337906,-1.792606831787495,-1.4400322940730244,32,-0.4267698788604849,-0.024757438098081,-3.421842670262352,-0.4797740773069635,2
671056,"Herrera, Iván",STL,2026,2026,-2.0515002147786694,-3.418631366572297,1.367131151793627,54,1.963242065836308,-2.754476954055507,-2.627396478353098,46,1.3258998995022182,0.0412312522914091,2.125936252819159,-0.213080090460616,8
686469,"Pasquantino, Vinnie",KC,2026,2026,-2.0610503853342834,-2.5640231597844974,0.5029727744502137,37,1.3797805049854943,-1.735019262225982,-2.2087844025440093,33,0.5396572839892939,-0.0366845095390806,0.4995407398091115,-0.4955208066124563,4
681351,"O'Hoppe, Logan",TEX,2026,2026,-2.076364217873856,-1.9388400514356023,-0.1375241664382536,11,0.4556951739288636,-0.9299459309914204,-1.4645892943730456,11,-0.0920504863386918,-0.0454736800995617,-1.4669082010311032,-0.3496674894430303,0
643446,"McNeil, Jeff",ATH,2026,2026,-2.11472186386871,-1.7447735097524122,-0.3699483541162983,30,1.1819773672681226,-1.6050946233893884,-1.3216562536311467,23,-0.1773857010469798,-0.1925626530693187,-2.0820730616529444,0.0487494391030852,7
694212,"Basallo, Samuel",BAL,2026,2026,-2.118861836309802,-1.948171158665444,-0.1706906776443586,15,0.6712043126833533,-0.7847770295772685,-1.8345984417715289,15,-0.151024411322091,-0.0196662663222675,-2.691770791607777,-0.37389156155864,0
701678,"Lee, Hao-Yu",DET,2026,2026,-2.170427284822443,-1.4913188003918647,-0.6791084844305781,27,1.2067282751605968,-1.6905157539234592,-1.0075313216290025,23,-0.6265309708595349,-0.052577513571043,-2.1827713229105488,-0.4062705727242274,4
671739,"Harris II, Michael",ATL,2026,2026,-2.1782033784464767,-1.0240950282097887,-1.1541083502366882,49,2.125322614196784,-1.621214231610064,-1.5282034107965077,36,-1.2073615982333217,0.0532532479966332,-2.876290425775513,-0.0461559338014064,13
672275,"Bailey, Patrick",CLE,2026,2026,-2.2103452849292533,-2.5046986991524736,0.2943534142232203,17,0.5956883759487452,-2.4050753660906565,-0.6953117090105626,14,0.3281665287276432,-0.0338131145044228,0.1317542489080925,-0.3249978252439291,3
691406,"Caminero, Junior",TB,2026,2026,-2.241787182612008,-1.0671359381664869,-1.1746512444455206,37,1.6497609475321218,-0.8225960707787232,-1.894300814919885,34,-1.0910176765072397,-0.0836335679382808,-6.889540591438961,-0.7114848223536907,3
671732,"Butler, Lawrence",ATH,2026,2026,-2.3041811488772925,-0.9282410400362736,-1.3759401088410188,44,2.196352335043534,-1.7609794577921294,-1.3636139172876776,33,-1.264296719260095,-0.111643389580924,-3.563735385360258,0.4761395204384293,11
642715,"Adames, Willy",SF,2026,2026,-2.31045512501948,-2.2631848619481936,-0.0472702630712859,46,1.6781094099599134,-2.528805785548753,-1.4124884863593548,39,0.0029017777440728,-0.0501720408153587,-0.3303207586236267,-0.5661654191284498,7
666182,"Bichette, Bo",NYM,2026,2026,-2.38659714231661,-1.317489642817671,-1.0691074994989394,46,2.538234813698199,-0.8897819654053793,-2.9659424911104897,42,-0.8865289037960268,-0.182578595702912,-5.070977426323321,-1.3815436308102684,4
663757,"Grisham, Trent",NYY,2026,2026,-2.391137202881871,-2.1268251505194624,-0.2643120523624087,39,2.209822727273697,-2.3490995976940257,-1.987548280099133,29,-0.1902437968026959,-0.0740682555597131,-0.7878967291729227,-0.7219733993409613,10
671289,"Freeman, Tyler",COL,2026,2026,-2.391464452338866,-1.1870341183342743,-1.204430334004592,24,0.717522565284002,-0.8774133747576341,-1.027143308860642,16,-1.120757168746092,-0.0836731652584997,-2.201193421087233,-0.5986639239609425,8
656941,"Schwarber, Kyle",PHI,2026,2026,-2.499615586537276,-2.075603301502684,-0.4240122850345923,29,1.458087377529987,-1.6108631770677269,-1.9228275019649437,26,-0.3017114043161525,-0.1223008807184398,-4.859030911939054,0.3091513344471609,3
571448,"Arenado, Nolan",AZ,2026,2026,-2.584025128223905,-2.892485032491109,0.3084599042672042,32,1.1818049167787237,-1.8614421416873732,-2.21284780758246,29,0.3456145309236154,-0.037154626656411,0.0354810754268971,-0.499006335169418,3
661388,"Contreras, William",MIL,2026,2026,-2.662301805604873,-1.3411532126897767,-1.3211485929150963,35,1.544179571380352,0.0,-2.8853327840701293,32,-1.1580375637418716,-0.163111029173225,-7.53516352981739,-1.1076558985259977,3
696100,"Goodman, Hunter",COL,2026,2026,-2.701398422800577,-1.737736938919838,-0.9636614838807388,41,2.030850361229095,-1.6071137489460816,-2.161473551202852,35,-0.8948713129587044,-0.068790170922035,-3.4658331601580508,-0.6637507331028687,6
805811,"Eldridge, Bryce",SF,2026,2026,-2.771567704401732,-2.7944922828086733,0.0229245784069415,30,0.7233331533176901,-0.8531113954627132,-2.664714040663649,29,0.1233535781759995,-0.1004289997690581,-2.309260701459848,-0.809285810543695,1
521692,"Perez, Salvador",KC,2026,2026,-2.9102630340741458,-2.955202203091104,0.0449391690169581,29,0.4498376498108752,0.0,-3.40503985290198,27,0.1327134670436739,-0.0877742980267159,-1.640485527631321,-0.6038531858732634,2
683737,"Busch, Michael",CHC,2026,2026,-2.9290701177357104,-2.330819770373604,-0.5982503473621062,40,1.1629519817722629,-1.648577693223988,-1.8451940589218805,38,-0.4857642488708809,-0.1124860984912254,-4.249276843668096,-0.899877538172879,2
656811,"O'Hearn, Ryan",PIT,2026,2026,-3.1245759207664245,-2.8534830454752025,-0.271092875291222,24,0.6824571435085948,-0.9382557703315066,-2.5976844186522894,24,-0.199015845146629,-0.072077030144593,-3.100100141075819,-0.5877511325501735,0
664034,"France, Ty",SD,2026,2026,-3.125231111295962,-2.3360999225164183,-0.789131188779544,30,0.7906143121330862,-1.600708742510664,-1.5260054921388393,29,-0.698589181946716,-0.0905420068328279,-5.4533624510801095,-0.5760255223537173,1
605170,"Caratini, Victor",MIN,2026,2026,-3.204686297590405,-2.8660776360727462,-0.3386086615176586,13,0.4089858767556119,-0.8892062253460646,-2.385857287482294,13,-0.2791621779368166,-0.0594464835808419,-3.264074927087747,-0.4303309998210997,0
673548,"Suzuki, Seiya",CHC,2026,2026,-3.2104556390319305,-3.033733491114123,-0.1767221479178077,45,1.272864835864674,-1.660178093488147,-2.646420233490649,44,-0.0210616271964977,-0.1556605207213101,-3.349847634461022,-1.09001001901342,1
575929,"Contreras, Willson",BOS,2026,2026,-3.2342761612086344,-1.954204484384381,-1.2800716768242526,43,2.099619103961313,-2.4091469723400576,-1.644676616005638,37,-1.146268582813814,-0.1338030940104384,-5.453653208299082,-0.9405987318028288,6
666018,"Aranda, Jonathan",TB,2026,2026,-3.2910945122790927,-2.3700333282388875,-0.9210611840402052,35,1.2049711019933194,-0.8680030746929828,-2.7070013555392234,34,-0.7731644619584485,-0.1478967220817571,-6.024650419873033,-1.0617822898303972,1
547180,"Harper, Bryce",PHI,2026,2026,-3.338972505744046,-1.5045595250245087,-1.8344129807195373,61,3.3245176823859914,-2.542599906585689,-2.286477300824811,52,-1.6674213806968996,-0.166991600022638,-7.075223805469832,0.1175253306514054,9
624413,"Alonso, Pete",BAL,2026,2026,-3.5795968619426324,-3.054620835615914,-0.5249760263267184,33,1.3955668727794337,-1.75545309078885,-2.694734617606497,29,-0.3885870323906845,-0.1363889939360334,-3.9748532309037694,-0.9067267614709312,4
605137,"Bell, Josh",MIN,2026,2026,-3.626735642694804,-3.3042243305531227,-0.322511312141681,35,1.4699992315695547,-1.8765115406630133,-2.8977120214596632,35,-0.2422231309231022,-0.0802881812185785,-3.8913440975428655,-0.6453892231985452,0
686555,"Collins, Isaac",KC,2026,2026,-3.717476171138526,-1.7322038731666616,-1.9852722979718644,54,2.5089586087885314,-3.289167081630148,-0.9519954003250464,42,-1.884584866107184,-0.1006874318646816,-4.224527909516724,-0.6485953482096759,12
621493,"Ward, Taylor",SEA,2026,2026,-4.205335773851658,-2.7527207960748394,-1.4526149777768185,53,2.051179815318162,-2.418545964770869,-2.385354646622133,47,-1.272334588018011,-0.1802803897588082,-7.73494617802628,-1.182467002961801,6
650402,"Torres, Gleyber",DET,2026,2026,-4.248258343868437,-4.168115918183657,-0.0801424256847792,28,1.4909647298895004,-4.143776085272271,-1.5153045628008854,27,-0.0223219989843932,-0.0578204267003858,-2.086861549614517,-0.4236186216984647,1
670541,"Alvarez, Yordan",HOU,2026,2026,-4.526024463678669,-3.782979565963638,-0.7430448977150313,39,1.2061459552211706,-0.8621253527237511,-4.127000168461057,37,-0.0776180822989766,-0.6654268154160546,-5.20083428205708,-2.585626231675865,2
660688,"Ruiz, Keibert",WSH,2026,2026,-4.643986953886332,-4.301126114698977,-0.3428608391873545,22,0.7234978233337613,-2.7338505166955427,-2.290773421337194,22,-0.2473990896545751,-0.0954617495327794,-3.4408015965845875,-0.6492367735477256,0
592518,"Machado, Manny",SD,2026,2026,-4.809725319803407,-3.683594169711705,-1.1261311500917028,47,1.5440771896468175,-2.852307634922576,-2.375363724435946,44,-0.6953347427903023,-0.4307964073014005,-5.750561471717698,-1.269755640891712,3
681198,"Rumfield, TJ",COL,2026,2026,-5.317043863457377,-4.184900679336944,-1.1321431841204324,43,1.6358473238139732,0.0,-5.820748003150915,42,-0.3090522608897555,-0.8230909232306761,-4.747327499435408,-3.384007629778317,1
689414,"Hicks, Liam",TB,2026,2026,-5.4594896525324055,-5.378198170068949,-0.0812914824634561,30,1.6603770740232275,-4.310119454303175,-2.728455789789003,26,0.2220311817263379,-0.303322664189794,-2.1999507357203854,-0.536980253644942,4
