"last_name, first_name","player_id","year","player_age","p_game","p_formatted_ip","pa","ab","hit","single","double","triple","home_run","strikeout","walk","k_percent","bb_percent","batting_avg","slg_percent","on_base_percent","on_base_plus_slg","xba","xslg","woba","xwoba","xobp","xiso","avg_swing_speed","fast_swing_rate","blasts_contact","blasts_swing","squared_up_contact","squared_up_swing","avg_swing_length","swords","attack_angle","attack_direction","ideal_angle_rate","vertical_swing_path","exit_velocity_avg","launch_angle_avg","sweet_spot_percent","barrel_batted_rate","hard_hit_percent","avg_best_speed","avg_hyper_speed","whiff_percent","swing_percent"
"Thornton, Trent",663423,2023,29,"27","31.1",125,119,30,18,7,0,5,26,6,20.8,4.8,".252",".437",".288","0.725",".225",".371",".310",".275",".263",".146","71.8",22,11.6,9.1,33.3,26.2,"7.4",2,12.7,-7.3,52.4,30.6,"85.9","14.9",32.3,4.3,29,"74.541244894","92.718846344",22,47.6
"Green, Chad",643338,2020,29,"22","25.2",100,90,13,7,1,0,5,32,8,32,8,".144",".322",".212","0.534",".160",".318",".222",".230",".226",".159",,,,,,,,,,,,,"87.7","15.4",28.3,8.3,26.7,"78.219917","92.700129322",31.2,52
"Clarke, Taylor",664199,2023,30,"58","59.0",266,234,71,47,11,1,12,65,24,24.4,9,".303",".513",".371","0.884",".246",".474",".376",".344",".325",".228","71.5",24.4,12.5,9.1,31.3,22.7,"7.5",2,12.1,-4,61.9,32.3,"89.6","19.8",36.4,12.7,41.6,"78.229226977","94.730639942",27.7,50.3
"Nola, Aaron",605400,2020,27,"12","71.1",289,263,54,33,12,0,9,96,23,33.2,8,".205",".354",".273","0.627",".222",".354",".272",".283",".289",".132",,,,,,,,,,,,,"88.3","8.6",34.5,5.4,38.1,"76.996211205","93.982298795",31.2,47.1
"Kolek, Stephen",663568,2024,27,"42","46.2",211,195,59,46,9,0,4,39,12,18.5,5.7,".303",".410",".352","0.762",".280",".416",".336",".333",".331",".136","70.5",16.6,12.8,10.4,33.3,27,"6.9",5,4.1,9.7,42.2,32.4,"88.1","3.6",30.8,3.8,41,"76.118934211","94.213670921",21.1,49.3
"Kerkering, Orion",689147,2024,23,"64","63.0",257,229,51,37,12,0,2,74,17,28.8,6.6,".223",".301",".297","0.598",".219",".329",".271",".282",".294",".110","70.6",17.5,10.3,7.5,31.5,23,"7.3",8,8.5,0.9,48.2,33.2,"87.3","5.4",32.3,5.1,33.5,"76.377573846","93.15931271",27.8,45.4
"Snell, Blake",605483,2023,30,"32","180.0",742,636,115,78,22,0,15,234,99,31.5,13.3,".181",".286",".293","0.579",".205",".352",".266",".301",".316",".147","71.9",23.7,11.1,7.3,29.9,19.6,"7.6",15,12.7,-4.2,47.4,33.7,"87.2","10.6",37,7.4,33.8,"75.667264472","93.364914171",37.3,42.9
"Márquez, Germán",608566,2022,27,"31","181.2",779,704,185,106,44,5,30,150,63,19.3,8.1,".263",".467",".324","0.791",".254",".438",".341",".330",".319",".184",,,,,,,,,,,,,"90.5","9.1",35.8,7.1,47.2,"80.242384122","94.974977437",23.2,49.7
"Banks, Tanner",621383,2022,30,"35","53.0",217,197,42,32,5,0,5,49,18,22.6,8.3,".213",".315",".281","0.596",".251",".395",".268",".315",".317",".145",,,,,,,,,,,,,"88.1","9.6",33.6,7.4,40.9,"76.169052838","94.10124277",19.3,49.7
"Whitlock, Garrett",676477,2022,26,"31","78.1",311,293,65,40,14,1,10,82,15,26.4,4.8,".222",".379",".260","0.639",".224",".375",".278",".278",".264",".151",,,,,,,,,,,,,"88.8","15.3",35.2,8,39,"77.538331981","94.179059623",29.6,51.3
"Lovelady, Richard",663992,2024,28,"35","34.1",147,132,34,25,6,0,3,26,11,17.7,7.5,".258",".371",".322","0.693",".264",".420",".304",".329",".328",".156","72",26.3,19.9,15.4,35.8,27.6,"7.2",2,7.5,1.3,46.9,33.8,"89.5","7.6",31.5,8.3,46.3,"77.189113019","95.201703019",23.6,48.9
"Rogers, Trevor",669432,2023,25,"4","18.0",79,70,16,13,1,0,2,19,6,24.1,7.6,".229",".329",".316","0.645",".214",".397",".292",".308",".304",".183",,,,,,,,,,,,,"86.3","7.5",35.3,7.8,33.3,"73.2056248","93.7373372",27.2,47.9
"Bednar, David",670280,2024,29,"62","57.2",262,227,54,33,12,0,9,58,28,22.1,10.7,".238",".410",".327","0.737",".226",".422",".319",".324",".319",".196","71.8",24.5,12,8.8,30.7,22.5,"7.2",6,9.9,-1.5,65.2,30.2,"90.2","17.9",30.8,9.3,39.5,"79.970762235","94.462997235",27.6,50.9
"Strickland, Hunter",519326,2024,35,"72","73.1",294,266,56,33,12,1,10,57,24,19.4,8.2,".211",".376",".280","0.656",".211",".395",".286",".294",".280",".185","72",27.6,11.8,9.1,32.3,25,"7.5",3,11.7,-6.7,56.1,32.1,"88.9","21.7",30.3,9,35.5,"79.214987429","93.43494201",22.8,47
"Civale, Aaron",650644,2023,28,"23","122.1",504,463,109,75,21,1,12,116,33,23,6.5,".235",".363",".293","0.656",".240",".386",".288",".299",".297",".147","71.8",25.6,13,10.2,31.9,25.2,"7.4",8,13.2,-3.7,57.6,31.8,"89","16",33.5,6.6,36.4,"78.321917907","94.02557481",22.7,46.9
"Suarez, Robert",663158,2023,32,"26","27.2",108,97,15,9,2,0,4,24,10,22.2,9.3,".155",".299",".231","0.530",".214",".366",".222",".278",".288",".152","71.5",21.2,8.7,6.3,28.3,20.6,"7.2",0,7.2,3.3,42.3,34.2,"88.1","9.5",25.7,6.8,36.5,"78.087812703","93.165961757",26.2,49.2
"Jewell, Jake",657228,2021,28,"10","10.0",51,46,18,11,2,0,5,10,5,19.6,9.8,".391",".761",".451","1.212",".302",".497",".503",".377",".371",".195",,,,,,,,,,,,,"84.9","11.9",38.9,11.1,36.1,"72.019060556","93.448577429",28.4,50.7
"Weathers, Ryan",677960,2021,21,"30","94.2",401,362,101,62,19,0,20,72,30,18,7.5,".279",".497",".338","0.835",".269",".473",".356",".346",".330",".204",,,,,,,,,,,,,"90.3","12",34.1,8.4,43.2,"79.741483655","94.725092007",18.9,44.8
"Wicks, Jordan",696136,2023,23,"7","34.2",147,131,33,19,9,0,5,24,11,16.3,7.5,".252",".435",".306","0.741",".251",".407",".317",".312",".308",".156","72.2",24.8,12.5,9.7,33.7,26.1,"7.3",1,10.2,-2.3,54.2,34.7,"88.1","7.4",30.4,6.3,33,"78.138655455","93.112259908",23.3,46.3
"Kikuchi, Yusei",579328,2020,29,"9","47.0",194,172,41,26,11,1,3,47,20,24.2,10.3,".238",".366",".314","0.680",".227",".319",".299",".282",".305",".092",,,,,,,,,,,,,"89.4","4.3",29.1,3.9,36.2,"79.08295125","94.18261",29.7,46.5
"Burr, Ryan",621114,2021,27,"34","36.2",151,125,28,22,3,0,3,33,21,21.9,13.9,".224",".320",".336","0.656",".223",".330",".298",".308",".341",".107",,,,,,,,,,,,,"91.1","5",25,3.1,47.9,"81.068584348","95.326552609",24.1,44
"Sadler, Casey",594987,2021,30,"42","40.1",145,133,19,15,2,1,1,37,10,25.5,6.9,".143",".195",".207","0.402",".196",".277",".185",".243",".256",".081",,,,,,,,,,,,,"85.4","3.5",18.6,3.1,30.9,"73.45431898","92.780250928",23.7,44.2
"Anderson, Drew",623454,2021,27,"9","22.0",91,84,20,17,2,0,1,9,6,9.9,6.6,".238",".298",".297","0.595",".250",".411",".267",".313",".307",".161",,,,,,,,,,,,,"89.7","17.4",28,5.3,37.3,"80.211683784","93.848754595",19.1,46
"Ponce de Leon, Daniel",594965,2020,28,"9","32.2",143,121,23,11,3,1,8,45,20,31.5,14,".190",".430",".315","0.745",".223",".424",".323",".338",".342",".202",,,,,,,,,,,,,"88.6","21.4",31.6,9.2,40.8,"77.435585263","94.069405467",31.4,46.3
"Hernández, Elieser",622694,2020,25,"6","25.2",106,99,21,11,5,0,5,34,5,32.1,4.7,".212",".414",".264","0.678",".214",".370",".290",".278",".267",".156",,,,,,,,,,,,,"91.8","16.6",33.8,7.7,38.5,"83.211245","94.723056719",29.1,51.7
"Germán, Domingo",593334,2024,31,"7","20.2",100,84,25,19,2,0,4,18,13,18,13,".298",".464",".404","0.868",".267",".447",".379",".362",".378",".181","71.6",19.5,11.9,9.8,32.1,26.2,"7.6",1,13.9,-10.8,55.5,33.6,"88.9","23.7",34.8,7.6,36.4,"79.012760606","93.518192273",20.3,48.8
"Hernández, Daysbel",678226,2024,27,"16","18.0",74,63,10,9,1,0,0,26,10,35.1,13.5,".159",".175",".284","0.459",".168",".230",".221",".246",".292",".062","70.4",14.6,7.3,5.1,17.7,12.4,"7.3",7,9.9,-0.4,45.3,32.8,"85.2","19.5",27,2.7,27,"73.804452778","92.388933333",34.8,47.9
"Then, Juan",672730,2023,23,"9","11.0",48,46,14,9,2,0,3,5,2,10.4,4.2,".304",".543",".333","0.876",".295",".473",".372",".343",".324",".179",,,,,,,,,,,,,"91.4","-1.8",24.4,4.9,43.9,"83.559484286","94.363753659",20.3,41.3
"Garabito, Gerson",642520,2024,28,"18","26.1",115,96,23,16,3,0,4,22,12,19.1,10.4,".240",".396",".342","0.738",".273",".519",".326",".388",".375",".246","71.2",21.4,11.4,9.4,27.2,22.4,"7.2",8,9.6,-0.3,55.7,31.5,"87.7","16.6",44.2,11.7,35.1,"75.973876316","93.825125867",20.8,44.9
"Steele, Justin",657006,2024,28,"24","134.2",555,506,111,76,23,0,12,135,37,24.3,6.7,".219",".336",".276","0.612",".212",".317",".271",".265",".271",".105","71.8",24.4,10.2,7.9,28,21.8,"7.2",19,7.7,2.4,48.1,33.3,"86.9","12.3",30.9,4.2,33.2,"75.731326576","93.083319918",23.7,51.5
"Sulser, Cole",642121,2022,32,"39","34.0",149,132,39,25,8,0,6,38,16,25.5,10.7,".295",".492",".372","0.864",".264",".480",".374",".354",".344",".216",,,,,,,,,,,,,"90.2","13.9",40,8.4,43.2,"79.681103043","94.739890543",30.9,49.6
"Greinke, Zack",425844,2023,39,"30","142.1",593,561,158,106,25,2,25,97,23,16.4,3.9,".282",".467",".312","0.779",".286",".484",".332",".344",".318",".199","71.2",20.5,17,14.3,37.8,31.7,"7.3",1,9.9,-0.9,54.7,32.2,"89.6","11.9",32.6,7.7,38.8,"79.099913176","94.182767312",17.3,46.8
"Hernández, Jonathan",642546,2023,26,"33","31.2",147,125,35,25,5,1,4,34,15,23.1,10.2,".280",".432",".370","0.802",".239",".427",".348",".339",".342",".189","71.2",18.2,19,14.5,40.5,30.9,"7.6",0,12.9,-7.4,56.4,32.5,"88.6","10.9",30.9,10.6,40.4,"76.245600652","94.607047473",30,43.9
"Eovaldi, Nathan",543135,2022,32,"20","109.1",460,435,115,73,21,0,21,103,20,22.4,4.3,".264",".457",".297","0.754",".255",".462",".325",".323",".289",".207",,,,,,,,,,,,,"89.7","10.7",34.2,10.7,45.2,"78.377621807","94.918410663",25.2,52.4
"Perdomo, Angel",622780,2021,27,"19","17.0",79,60,12,6,2,0,4,28,16,35.4,20.3,".200",".433",".380","0.813",".177",".429",".350",".343",".363",".252",,,,,,,,,,,,,"90.9","15.5",27.3,18.2,42.4,"80.499960625","95.339332813",33.3,40.7
"Thielbar, Caleb",573204,2024,37,"59","47.1",216,188,50,35,9,0,6,53,24,24.5,11.1,".266",".410",".344","0.754",".233",".399",".327",".316",".319",".165","70.2",12.9,12.2,9.3,30,22.8,"7.2",5,10.6,-2.5,54.2,31,"88.3","16.2",34.5,10.1,33.8,"77.094068116","93.819488613",24.7,48.4
"Boyle, Joe",671212,2024,24,"13","47.2",226,179,42,31,6,1,4,56,40,24.8,17.7,".235",".346",".382","0.728",".214",".330",".334",".323",".366",".116","70.4",20,9.4,6.9,31.1,22.8,"7.1",8,7.4,2.5,50.7,31.9,"88.2","16.2",32.5,4,40.5,"77.449081746","93.74519008",30.2,39.4
"Williams, Devin",642207,2023,28,"61","58.2",231,202,26,16,6,0,4,87,28,37.7,12.1,".129",".218",".238","0.456",".168",".289",".214",".255",".273",".121","71.7",24,8.7,5.3,24.3,14.6,"7.6",7,13.5,-7.9,48,33.9,"85.9","8.9",35.7,7,29.6,"74.738557895","92.523990965",41.8,46.9
"Buttó, José",676130,2024,26,"30","74.0",294,246,41,26,9,0,6,79,38,26.9,12.9,".167",".276",".287","0.563",".190",".334",".260",".294",".309",".144","72.1",26.6,14.4,10,31.2,21.6,"7.5",13,11.5,-4.1,53.7,32.7,"88.7","15.9",30.2,7.6,37.8,"78.053468953","93.911438421",32,43.8
"Mills, Wyatt",670090,2022,27,"27","29.1",128,107,26,18,5,2,1,26,13,20.3,10.2,".243",".355",".346","0.701",".251",".385",".309",".325",".354",".135",,,,,,,,,,,,,"85.2","12.9",35.7,4.8,31,"73.818232683","92.324680488",28,47.5
"Buttó, José",676130,2023,25,"9","42.0",179,156,33,26,3,1,3,38,23,21.2,12.8,".212",".301",".313","0.614",".235",".343",".281",".306",".333",".108","72",23.6,14.4,10.2,34,24.1,"7.4",1,12.2,-4.7,56.5,32.6,"90","15.5",25.4,2.5,44.1,"79.256981724","94.803524224",28.8,45.4
"López, Jorge",605347,2024,31,"52","53.0",216,196,46,31,9,0,6,50,18,23.1,8.3,".235",".372",".306","0.678",".218",".384",".298",".298",".290",".166","71.1",19.6,14.8,11.5,40.5,31.5,"7.3",8,9.6,-1.1,50.4,32,"88.7","9.1",28.1,8.2,39.7,"77.330596389","94.215008042",23.1,43.3
"Bubic, Kris",663460,2023,25,"3","16.0",68,65,19,15,3,0,1,16,2,23.5,2.9,".292",".385",".324","0.709",".263",".415",".310",".309",".296",".152",,,,,,,,,,,,,"91.7","8.8",26.5,6.1,44.9,"81.1225175","95.589874167",28.7,54.2
"Borucki, Ryan",621366,2020,26,"21","16.2",73,60,12,8,3,0,1,21,12,28.8,16.4,".200",".300",".329","0.629",".196",".308",".284",".286",".325",".113",,,,,,,,,,,,,"88.2","15.5",35,7.5,32.5,"77.62815","93.515838",32.2,44.4
"Llovera, Mauricio",661440,2023,27,"30","35.0",160,139,36,26,7,0,3,29,15,18.1,9.4,".259",".374",".344","0.718",".267",".439",".312",".341",".354",".173","71.6",25.9,15.6,13.4,35.9,30.8,"7.3",2,8.7,0.4,47.3,32.1,"89.5","9.1",29.5,6.3,41.1,"78.890293571","94.360238018",17.7,42.8
"Cishek, Steve",518553,2020,34,"22","20.0",93,78,21,12,5,0,4,21,9,22.6,9.7,".269",".487",".366","0.853",".257",".451",".365",".365",".364",".194",,,,,,,,,,,,,"89.2","18.6",37.3,11.9,40.7,"77.869717931","94.538793793",27,40.6
"Singer, Brady",663903,2020,23,"12","64.1",263,236,52,37,6,1,8,61,23,23.2,8.7,".220",".356",".293","0.649",".231",".368",".285",".301",".306",".137",,,,,,,,,,,,,"88.5","9",28.8,4.5,40.1,"77.398455843","94.126124972",24.2,42
"Germán, Domingo",593334,2021,28,"22","98.1",410,380,89,53,16,3,17,98,27,23.9,6.6,".234",".426",".288","0.714",".234",".426",".306",".310",".289",".192",,,,,,,,,,,,,"89.4","14.7",34.3,7.8,39.2,"78.834008652","94.131471844",30.2,50.3
"Chargois, JT",608638,2021,30,"56","53.2",216,188,38,22,10,1,5,53,20,24.5,9.3,".202",".346",".296","0.642",".220",".370",".279",".298",".313",".150",,,,,,,,,,,,,"89.2","12.2",34.3,7.3,36.5,"79.223644559","93.854828963",27.4,45.9
"Trivino, Lou",642152,2022,30,"64","53.2",250,222,64,46,11,1,6,67,24,26.8,9.6,".288",".428",".368","0.796",".253",".403",".349",".326",".337",".149",,,,,,,,,,,,,"88.7","6.8",32.9,7.1,47.1,"75.420814868","95.278375",27.8,47.5
"Turnbull, Spencer",605513,2021,28,"9","50.0",201,182,37,27,7,1,2,44,12,21.9,6,".203",".286",".270","0.556",".202",".326",".250",".270",".272",".124",,,,,,,,,,,,,"88.2","6.2",27.9,5,33.6,"77.915644638","93.260753333",23.3,49.3
"Priester, Quinn",682990,2024,23,"11","49.2",221,202,56,42,6,1,7,33,14,14.9,6.3,".277",".421",".330","0.751",".269",".414",".327",".328",".326",".145","72.1",24.9,15.7,12.3,35.6,28,"7.4",7,11,-3.2,53.5,32.5,"89.3","5.9",28.1,4.1,46.2,"77.731858214","94.649414226",22.2,50.1
"Bradish, Kyle",680694,2024,27,"8","39.1",163,144,27,17,6,2,2,53,15,32.5,9.2,".188",".299",".278","0.577",".177",".295",".261",".259",".269",".118","70.8",18.6,8.9,6.9,24.2,18.6,"7.3",7,9.5,0.5,45.3,32.3,"84.8","3.1",31.9,6.6,28.6,"73.161206222","92.295026556",26.9,42
"Hunter, Tommy",488984,2023,36,"14","23.2",106,98,28,16,5,1,6,20,5,18.9,4.7,".286",".541",".330","0.871",".248",".525",".367",".345",".296",".276",,,,,,,,,,,,,"88.6","6.4",34.2,12.7,43,"76.68430825","94.453676203",18,51.5
"Suter, Brent",608718,2020,30,"16","31.2",129,123,30,23,3,0,4,38,5,29.5,3.9,".244",".366",".279","0.645",".219",".346",".280",".265",".256",".127",,,,,,,,,,,,,"84.5","6.5",30.6,4.7,30.6,"71.365023095","93.031964458",31.1,47.3
"Kazmir, Scott",431148,2021,37,"5","11.1",55,48,15,9,3,0,3,10,6,18.2,10.9,".313",".563",".389","0.952",".289",".589",".398",".401",".368",".300",,,,,,,,,,,,,"92.1","10.9",36.8,13.2,50,"80.175154211","96.088532368",20.6,49.3
"Abreu, Albert",656061,2022,26,"33","38.2",172,144,35,25,5,0,5,38,22,22.1,12.8,".243",".382",".351","0.733",".236",".396",".328",".333",".348",".160",,,,,,,,,,,,,"87.6","2.9",36.7,5.5,35.8,"75.690379623","93.919208019",27,41.9
"Fedde, Erick",607200,2020,27,"11","50.1",222,195,47,28,9,0,10,28,22,12.6,9.9,".241",".441",".326","0.767",".278",".467",".328",".357",".360",".189",,,,,,,,,,,,,"89.6","2.5",29,8.3,39.6,"78.413971084","94.515513273",15.3,41.6
"Bender, Anthony",669622,2024,29,"59","53.0",228,204,50,35,11,1,3,59,18,25.9,7.9,".245",".353",".317","0.670",".229",".341",".296",".290",".303",".113","71",19.4,13.3,11,30.4,25.1,"7.3",7,9.5,-1.3,51.7,32.8,"87.7","8.7",32,4.8,40.8,"75.789157808","93.922491164",22.2,42.9
"Suter, Brent",608718,2023,33,"57","69.1",292,261,65,49,11,2,3,55,25,18.8,8.6,".249",".341",".320","0.661",".228",".320",".294",".281",".301",".092","70.9",19.9,16.2,12.2,32.5,24.4,"7.3",2,10.2,-1.4,46.2,30.3,"84","11.9",28.7,3.3,26.3,"71.878234752","92.1555801",22.2,44.3
"Feyereisen, J.P.",656420,2022,29,"22","24.1",86,81,7,7,0,0,0,25,5,29.1,5.8,".086",".086",".140","0.226",".187",".360",".112",".258",".234",".174",,,,,,,,,,,,,"89.4","24.9",23.2,7.1,39.3,"78.9533025","93.991868036",33.5,51.2
"Akin, Keegan",669211,2024,29,"66","78.2",313,285,55,31,13,2,9,97,19,31,6.1,".193",".347",".244","0.591",".180",".320",".255",".248",".237",".140","70.7",16.5,11.2,8,31.4,22.5,"7.2",8,9.2,0.4,49.5,32,"88.3","18.5",29.7,7.7,37.4,"77.430605158","93.834416667",30,47.2
"Steele, Justin",657006,2021,25,"20","57.0",248,215,50,30,8,0,12,59,27,23.8,10.9,".233",".437",".332","0.769",".223",".372",".332",".309",".324",".149",,,,,,,,,,,,,"87.9","8.3",29.3,5.7,35,"76.972087273","93.447311699",27.6,44.4
"Detmers, Reid",672282,2022,22,"25","129.0",539,477,110,68,27,2,13,122,46,22.6,8.5,".231",".377",".305","0.682",".242",".402",".300",".317",".318",".160",,,,,,,,,,,,,"89.3","16.7",39.9,8,38.6,"79.42641674","93.829833352",25.5,48.3
"Familia, Jeurys",544727,2021,31,"65","59.1",262,230,57,34,13,0,10,72,27,27.5,10.3,".248",".435",".332","0.767",".225",".356",".330",".297",".312",".131",,,,,,,,,,,,,"88.1","4.9",30.6,6.3,39.4,"76.679050633","93.935707707",28.4,47.8
"Díaz, Edwin",621242,2021,27,"63","62.2",257,221,43,30,9,1,3,89,23,34.6,8.9,".195",".285",".295","0.580",".172",".270",".264",".253",".276",".098",,,,,,,,,,,,,"87.6","17.2",33.8,5.1,26.5,"77.796261364","92.771592576",35.1,50.2
"Pivetta, Nick",601713,2022,29,"33","179.2",773,691,175,111,36,1,27,175,73,22.6,9.4,".253",".425",".327","0.752",".246",".451",".330",".336",".322",".205",,,,,,,,,,,,,"90.7","15.2",36.3,9,45.6,"80.450207336","94.88258417",23.5,47.6
"Rogers, Tyler",643511,2022,31,"68","75.2",319,288,73,50,17,3,3,49,23,15.4,7.2,".253",".365",".318","0.683",".241",".340",".302",".290",".307",".100",,,,,,,,,,,,,"84.2","1.4",27.8,3.7,32.8,"71.191696891","92.568390798",19.5,44.8
"Skubal, Tarik",669373,2022,25,"21","117.2",477,438,104,65,28,2,9,117,32,24.5,6.7,".237",".372",".288","0.660",".232",".369",".289",".288",".285",".137",,,,,,,,,,,,,"89.3","11.3",31.2,5.5,39.4,"78.788169938","94.172134798",26.4,50.7
"Young, Alex",622065,2024,30,"17","15.2",68,61,15,9,3,1,2,15,7,22.1,10.3,".246",".426",".324","0.750",".256",".406",".327",".326",".333",".150","71.8",21.4,13.9,9.4,34.2,23.1,"8",0,16.5,-11.1,56.4,34.9,"88.4","12.2",30.4,6.5,47.8,"76.908942609","94.06068413",31.7,46.1
"Thompson, Zach",605507,2021,27,"26","75.0",315,278,63,36,19,2,6,66,28,21,8.9,".227",".374",".301","0.675",".220",".368",".293",".294",".297",".148",,,,,,,,,,,,,"87.6","13.9",28.4,6.9,34.4,"76.431275094","93.479085755",26.5,48.7
"Sherfy, James",642073,2021,29,"14","15.0",63,55,12,9,0,0,3,12,4,19,6.3,".218",".382",".290","0.672",".241",".416",".293",".317",".311",".175",,,,,,,,,,,,,"87.3","16.1",31.1,6.7,24.4,"78.333165","92.140182045",22.9,41.7
"Hendriks, Liam",521230,2021,32,"69","71.0",267,258,45,30,4,0,11,113,7,42.3,2.6,".174",".318",".199","0.517",".165",".321",".220",".218",".190",".156",,,,,,,,,,,,,"89.8","19.4",26.9,9.7,40.1,"79.306024085","94.509763191",38,57.2
"Garcia, Luis",677651,2023,26,"6","27.0",115,103,25,13,8,1,3,31,10,27,8.7,".243",".427",".316","0.743",".238",".406",".322",".314",".311",".169",,,,,,,,,,,,,"86.8","22.1",32.9,6.8,32.9,"75.336960556","93.173472083",31,49.9
"Misiewicz, Anthony",664948,2020,25,"21","20.0",83,76,20,12,6,0,2,25,6,30.1,7.2,".263",".421",".325","0.746",".243",".356",".320",".290",".308",".113",,,,,,,,,,,,,"89.5","22.3",39.2,2,41.2,"78.549196667","94.327625833",31.6,46.3
"Williamson, Brandon",682227,2023,25,"23","117.0",491,447,111,66,26,1,18,98,39,20,7.9,".248",".432",".311","0.743",".260",".449",".321",".334",".322",".189","72",26.6,13.8,10.9,34.3,27.2,"7.2",4,7.7,1.1,52,31.8,"90.1","17.2",35.8,8.2,41.2,"80.073373333","94.384521379",22.1,46.6
"Peralta, Freddy",642547,2021,25,"28","144.1",580,510,84,45,23,2,14,195,56,33.6,9.7,".165",".300",".261","0.561",".171",".296",".252",".255",".267",".125",,,,,,,,,,,,,"86.6","21.4",33.3,6,31.8,"75.491273974","92.848436603",34.2,45.6
"Taillon, Jameson",592791,2021,29,"29","144.1",603,547,130,78,27,1,24,140,44,23.2,7.3,".238",".422",".299","0.721",".226",".406",".309",".305",".291",".181",,,,,,,,,,,,,"88.9","20.9",33.9,8.2,40.4,"78.104083561","94.067212738",26.5,50.8
"Brasier, Ryan",518489,2024,36,"29","28.0",110,101,22,13,5,1,3,25,5,22.7,4.5,".218",".376",".248","0.624",".246",".414",".265",".295",".276",".168","72.1",28,13.2,10.6,33.3,26.7,"7.3",3,11,-2.1,57.1,33.2,"90.7","16.6",35,7.5,43.8,"81.447909231","94.554402051",22.3,56.4
"Cueto, Johnny",456501,2020,34,"12","63.1",277,246,61,38,12,2,9,56,26,20.2,9.4,".248",".423",".325","0.748",".260",".417",".324",".336",".340",".156",,,,,,,,,,,,,"87.9","13",34.4,5.7,33.9,"77.153333789","93.34431836",19.9,45.2
"Pérez, Martín",527048,2020,29,"12","62.0",262,229,55,31,16,0,8,46,28,17.6,10.7,".240",".415",".330","0.745",".250",".422",".325",".334",".340",".172",,,,,,,,,,,,,"86.3","14.3",34.6,7.6,29.2,"75.493130333","92.55774838",22.1,43.3
"Urquidy, José",664353,2022,27,"29","164.1",681,630,154,91,33,1,29,134,38,19.7,5.6,".244",".438",".292","0.730",".255",".465",".316",".333",".305",".210",,,,,,,,,,,,,"89.7","17.2",34.7,9.4,40.8,"79.048289799","94.325262048",22.3,52
"Wood, Alex",622072,2024,33,"9","39.1",186,158,51,32,13,0,6,33,19,17.7,10.2,".323",".519",".408","0.927",".298",".492",".398",".388",".392",".195","71.9",22.5,22.6,18.6,36.9,30.4,"7.3",2,8,1.4,50.5,32.2,"92.3","14.5",41.1,8.5,48.8,"82.281355556","95.94021792",20.7,42.2
"Vesia, Alex",681911,2021,25,"41","40.0",161,135,17,6,5,0,6,54,22,33.5,13.7,".126",".296",".255","0.551",".140",".318",".241",".261",".269",".178",,,,,,,,,,,,,"87.6","23.5",33.7,10.8,34.9,"77.107419286","93.160243133",38.1,48.4
"Farrell, Luke",608652,2022,31,"6","15.0",70,63,18,12,3,0,3,14,7,20,10,".286",".476",".357","0.833",".291",".491",".363",".370",".363",".200",,,,,,,,,,,,,"91.2","19",42.9,8.2,42.9,"81.205515833","95.19226625",17.3,38.6
"McGough, Scott",543518,2023,33,"63","70.1",301,266,60,31,15,0,14,86,30,28.6,10,".226",".440",".306","0.746",".235",".416",".318",".319",".316",".180","72.2",25.8,20.9,15.3,34.5,25.3,"7.5",4,11.5,-5.4,51.6,32.3,"91.3","10.5",30.1,10.4,48.6,"80.605606374","95.733735249",32,47.7
"Smith, Joe",501925,2022,38,"34","27.1",122,111,33,21,4,1,7,17,9,13.9,7.4,".297",".541",".352","0.893",".273",".503",".380",".355",".330",".230",,,,,,,,,,,,,"89.3","4",29.5,10.5,42.1,"77.826315106","94.36530234",17.9,49.8
"Hammer, JD",670456,2021,26,"20","20.0",94,81,21,15,3,0,3,22,11,23.4,11.7,".259",".407",".362","0.769",".222",".345",".336",".301",".329",".123",,,,,,,,,,,,,"92","15.1",28.8,5.1,50.8,"83.801688333","94.874151356",24.4,41.5
"Scherzer, Max",453286,2022,37,"23","145.1",565,523,108,75,20,0,13,173,24,30.6,4.2,".207",".319",".254","0.573",".200",".352",".254",".268",".252",".151",,,,,,,,,,,,,"87.8","21.3",32.2,8.4,33.9,"76.73944477","93.468018937",30.6,52.2
"Houser, Adrian",605288,2022,29,"22","102.2",454,400,103,69,24,2,8,69,46,15.2,10.1,".258",".388",".333","0.721",".270",".435",".317",".344",".348",".165",,,,,,,,,,,,,"88.7","10.3",32.6,5.6,41.5,"76.789386807","94.513509428",17.1,43.1
"Guenther, Sean",674944,2024,28,"17","21.0",73,69,9,6,2,1,0,12,2,16.4,2.7,".130",".188",".178","0.366",".199",".278",".167",".236",".243",".079","71.7",24,13.1,11,39.3,33,"7.5",3,11.2,-5.9,52,31.9,"88.6","3.4",21.1,1.8,31.6,"79.72687069","93.011526667",19,47.7
"Jansen, Kenley",445276,2023,35,"51","44.2",188,169,40,26,9,0,5,52,17,27.7,9,".237",".379",".314","0.693",".202",".355",".303",".280",".283",".153","72.2",29.4,6.3,4.6,31.6,22.9,"7.4",2,11.9,-3.1,62.4,31.2,"89.8","28.6",29.9,6.8,35.9,"80.87029931","93.556746609",29,52.1
"Cessa, Luis",570666,2023,31,"7","26.0",132,116,46,30,11,2,3,11,12,8.3,9.1,".397",".603",".450","1.053",".371",".561",".446",".433",".437",".189",,,,,,,,,,,,,"91.8","13.2",44.4,7.4,46.3,"81.29199963","95.686700467",14.6,47.3
"Gordon, Tanner",685299,2024,26,"8","34.1",160,149,53,31,9,3,10,26,6,16.3,3.8,".356",".658",".386","1.044",".306",".514",".440",".368",".340",".208","71.7",23.2,13.1,10.9,32.9,27.5,"7.3",1,9.1,-1.4,45.1,31.6,"90.2","15.9",34.4,8,36.8,"80.273597377","94.303805328",18.8,54.2
"Chapman, Aroldis",547973,2021,33,"61","56.1",243,198,36,19,8,0,9,97,38,39.9,15.6,".182",".359",".320","0.679",".171",".367",".300",".301",".313",".196",,,,,,,,,,,,,"88","12.1",38.1,16.2,40,"75.093242885","94.539752816",39.6,44.2
"Urquidy, José",664353,2023,28,"16","63.0",275,247,65,41,12,1,11,45,25,16.4,9.1,".263",".453",".335","0.788",".254",".429",".340",".332",".328",".175","71.8",25.2,9.9,7.8,27.2,21.3,"7.4",3,11.8,-4,60.5,30.7,"86.6","17.4",37.9,8.9,34,"75.045406667","93.081307833",25,51.4
"Nova, Iván",467100,2020,33,"4","19.0",88,79,22,14,4,0,4,9,9,10.2,10.2,".278",".481",".352","0.833",".315",".585",".358",".412",".386",".270",,,,,,,,,,,,,"90.2","6",28.6,10,41.4,"79.677311471","94.699447463",19.6,50.4
"Lauer, Eric",641778,2020,25,"4","11.0",61,49,17,10,5,0,2,12,9,19.7,14.8,".347",".571",".459","1.030",".298",".524",".438",".410",".422",".226",,,,,,,,,,,,,"88.6","23.4",47.4,7.9,36.8,"78.36215","93.628020526",28.8,42.6
"Phillips, Evan",623465,2020,25,"14","14.1",68,56,14,13,0,0,1,20,9,29.4,13.2,".250",".304",".382","0.686",".214",".295",".322",".307",".355",".081",,,,,,,,,,,,,"85.1","14.9",36.1,2.8,36.1,"73.130387778","92.816819143",26.8,39.4
"Thorpe, Drew",689672,2024,23,"9","44.1",190,165,35,16,11,0,8,25,21,13.2,11.1,".212",".424",".302","0.726",".238",".440",".315",".336",".325",".202","71.6",24.6,17,13,36.1,27.6,"7.6",3,14.3,-10.4,49.5,31.9,"87.4","16.1",34.5,7,37.3,"75.101293662","93.96069617",23.9,45.9
"Coulombe, Danny",543056,2023,33,"61","51.1",210,195,45,35,6,0,4,58,12,27.6,5.7,".231",".323",".282","0.605",".217",".343",".269",".270",".270",".126","70",12.7,17.6,12.7,43.5,31.4,"7.1",7,8.5,-1.3,53.4,31.4,"85.6","13.7",26.8,5.8,30.4,"73.855585735","92.774530741",29.8,46.5
"Kopech, Michael",656629,2022,26,"25","119.1",494,429,85,52,17,1,15,105,57,21.3,11.5,".198",".347",".294","0.641",".214",".388",".286",".312",".310",".174",,,,,,,,,,,,,"89.9","18.3",28.9,8.8,41.6,"79.838848282","94.314329509",24.2,44.8
"Neris, Héctor",593576,2021,32,"74","74.1",310,272,55,31,11,1,12,98,32,31.6,10.3,".202",".382",".294","0.676",".183",".328",".292",".270",".280",".145",,,,,,,,,,,,,"86.6","11.7",27.3,6.3,35.8,"74.201082299","93.562702701",34.4,49.4
"McClanahan, Shane",663556,2021,24,"25","123.1",517,476,120,83,23,0,14,141,37,27.3,7.2,".252",".389",".309","0.698",".256",".436",".304",".326",".313",".180",,,,,,,,,,,,,"91.7","8.5",36.8,10.7,45.7,"80.852535212","95.640838697",32.1,50.2
"Britton, Zack",502154,2020,32,"20","19.0",76,69,12,8,4,0,0,16,7,21.1,9.2,".174",".232",".250","0.482",".190",".271",".222",".248",".267",".081",,,,,,,,,,,,,"87.4","-6.8",20.8,3.8,32.1,"77.814251538","92.624901569",26,45.3
"Musgrove, Joe",605397,2023,30,"17","97.1",399,365,90,63,17,0,10,97,21,24.3,5.3,".247",".375",".301","0.676",".223",".345",".295",".275",".279",".123","71.3",16.9,16,12.9,37,29.8,"7.4",2,10.6,-2.7,48.4,34.2,"87.5","11.1",32.4,5.1,33.5,"76.963213382","93.134513137",26,49.4
"De Jong, Chase",608328,2021,27,"9","43.2",196,175,49,20,15,3,11,39,19,19.9,9.7,".280",".589",".354","0.943",".268",".569",".391",".382",".343",".301",,,,,,,,,,,,,"91.1","17.1",38,13.1,46.7,"80.796822206","95.063055441",22.2,47.1
"Jones, Nate",518858,2021,35,"20","19.0",87,73,16,7,2,0,7,14,12,16.1,13.8,".219",".534",".333","0.867",".248",".515",".349",".360",".360",".267",,,,,,,,,,,,,"90.1","18.4",38.3,11.7,46.7,"79.415133667","94.853269667",27.3,52.1
"Bido, Osvaldo",674370,2023,27,"16","50.2",236,204,55,42,8,1,4,48,21,20.3,8.9,".270",".377",".356","0.733",".273",".384",".326",".334",".361",".111","71.9",21.4,10.7,8.2,26.8,20.4,"7.4",3,10.6,-0.7,53.6,32.5,"87.5","17.4",37.1,4.4,37.1,"76.658021646","93.273107134",22.7,45
"Gilbert, Logan",669302,2023,26,"32","190.2",770,724,169,102,36,2,29,189,36,24.5,4.7,".233",".409",".270","0.679",".238",".411",".290",".295",".275",".173","71.7",22.1,15.6,11.8,35.2,26.6,"7.4",14,11.1,-3.2,49.5,32.5,"90.5","13.6",35,9,44.6,"80.44648539","94.746169145",26.4,52.2
"Rodriguez, Eduardo",593958,2023,30,"26","152.2",621,563,128,86,25,2,15,143,48,23,7.7,".227",".359",".289","0.648",".243",".402",".284",".311",".307",".159","72.1",27.4,15.6,12.2,32.4,25.3,"7.3",13,7.7,2.6,46.8,34.1,"88.6","13.8",31.4,7.5,38.5,"76.990684623","94.247869548",23.8,47.8
"Anderson, Chase",502624,2023,35,"19","86.1",372,329,90,60,11,2,17,64,33,17.2,8.9,".274",".474",".350","0.824",".253",".440",".355",".337",".334",".187","71.8",25.1,10.7,8.5,30.5,24.3,"7.3",1,10.3,-4.1,57.4,32.7,"87.4","16.3",39.6,8.2,31.7,"76.521858485","93.166581629",21.6,46.2
"France, J.P.",641585,2023,28,"24","136.1",581,524,138,98,20,1,19,101,47,17.4,8.1,".263",".414",".322","0.736",".264",".462",".319",".340",".325",".198","71.8",24.1,16.4,13.2,36.1,29,"7.4",2,12.3,-3.6,53.9,31.2,"89.6","13.1",33.9,8.1,38.7,"79.324354233","94.108334569",21.9,44.9
"Kerr, Ray",678061,2024,29,"10","22.1",103,92,29,17,8,0,4,27,7,26.2,6.8,".315",".533",".379","0.912",".250",".448",".390",".346",".328",".198","70.9",14.9,18.4,12.2,40.8,27,"7.5",3,12.4,-6.2,48.6,32.6,"90.6","15.5",50,12.1,45.5,"80.028974375","95.36998746",35.5,48.6
"Santana, Ervin",429722,2021,38,"38","65.1",277,251,65,38,16,2,9,52,22,18.8,7.9,".259",".446",".321","0.767",".269",".528",".328",".364",".332",".259",,,,,,,,,,,,,"90.2","13.8",38.8,10.9,43.8,"79.637052424","94.887154596",24.7,48
"Bielak, Brandon",656232,2021,25,"28","50.0",218,189,48,34,9,0,5,46,21,21.1,9.6,".254",".381",".333","0.714",".242",".369",".314",".308",".324",".127",,,,,,,,,,,,,"87.2","10.4",33.8,4.7,34.5,"75.50995726","93.538613904",25.3,46.9
"Detwiler, Ross",446321,2022,36,"30","26.1",122,108,31,19,7,0,5,28,10,23,8.2,".287",".491",".361","0.852",".274",".455",".364",".351",".356",".180",,,,,,,,,,,,,"89.9","13.4",40.7,8.6,40.7,"79.61495","94.157921235",23,48
"Bradford, Cody",674003,2023,25,"20","56.0",234,216,56,28,15,2,11,51,12,21.8,5.1,".259",".500",".296","0.796",".240",".477",".333",".325",".284",".238","71.7",22.5,16.4,13.1,31.6,25.2,"7.2",4,8.4,0.3,47.7,30.8,"90.9","19.6",37.1,11.8,43.5,"80.275544643","95.10417494",22.1,48.9
"Hernández, Carlos",672578,2020,23,"5","14.2",67,60,19,12,3,0,4,13,6,19.4,9,".317",".567",".388","0.955",".308",".553",".405",".399",".380",".245",,,,,,,,,,,,,"91.6","15.3",31.9,12.8,46.8,"81.61405875","95.455287872",25.4,46.3
"Oviedo, Johan",670912,2022,24,"21","56.0",242,216,49,35,8,1,5,54,23,22.3,9.5,".227",".343",".310","0.653",".206",".331",".293",".280",".291",".126",,,,,,,,,,,,,"87.3","10.6",25.3,6.2,37.7,"75.855020741","93.429729074",24.8,48.2
"Allard, Kolby",663465,2024,26,"7","27.0",117,109,34,23,4,2,5,23,8,19.7,6.8,".312",".523",".359","0.882",".245",".437",".378",".319",".297",".192","72.2",26.8,15.5,12.1,33.1,25.8,"7.4",1,9.9,-4.6,55.3,32.8,"88.9","15.7",27.9,8.1,40.7,"77.15425907","94.426629767",21.6,48.9
"Yates, Kirby",489446,2024,37,"61","61.2",237,203,23,15,5,0,3,85,28,35.9,11.8,".113",".182",".225","0.407",".146",".218",".186",".215",".253",".073","71.2",21.6,10,6.6,24.9,16.5,"7.2",9,8.5,1,44,33,"87.5","15.2",16.5,4.1,33.1,"77.038917869","93.213497355",33.6,49.3
"Zerpa, Angel",672582,2022,22,"3","11.0",44,41,9,7,0,0,2,3,3,6.8,6.8,".220",".366",".273","0.639",".320",".572",".282",".401",".367",".252",,,,,,,,,,,,,"93.1","12.8",26.3,10.5,55.3,"83.730601579","96.71708",10.3,42.8
"Miller, Bobby",676272,2023,24,"22","124.1",505,464,105,68,22,3,12,119,32,23.6,6.3,".226",".364",".283","0.647",".227",".360",".283",".288",".288",".133","71.2",22.5,12.6,9,36.9,26.3,"7.2",8,9.4,-3,46.6,32.7,"88.3","10.3",33.3,6,37.6,"77.304123023","93.812180058",26.8,48.2
"Cecconi, Slade",677944,2023,24,"7","27.0",111,104,27,14,8,1,4,20,4,18,3.6,".260",".471",".297","0.768",".257",".496",".325",".335",".295",".239","71.6",20.6,17,14.3,40.8,34.3,"7.2",2,9.6,-1,53.1,32,"91","14.8",35.3,10.6,47.1,"81.253281667","94.965638929",18.3,48.3
"Anderson, Ian",666120,2020,22,"6","32.1",138,122,21,16,4,0,1,41,14,29.7,10.1,".172",".230",".268","0.498",".182",".232",".234",".241",".277",".050",,,,,,,,,,,,,"86.7","8.9",18.5,1.2,32.1,"74.324595","93.539334",28.9,43.1
"Rogers, Josh",642028,2024,29,"6","11.0",50,43,15,10,4,0,1,3,3,6,6,".349",".512",".400","0.912",".349",".539",".382",".406",".411",".191","71.6",22.9,16.4,14.3,37.7,32.9,"7.4",0,12.8,-7.9,64.3,31.4,"89.3","20.4",35.7,4.8,42.9,"78.890379524","94.047266905",12.7,46.5
"Curry, Xzavion",675540,2023,24,"41","95.0",404,367,98,62,22,2,12,67,30,16.6,7.4,".267",".436",".323","0.759",".271",".474",".326",".342",".327",".204","71.9",23.3,16.7,12.9,43.8,34,"7.4",6,10.1,0,57,32.1,"91.7","19.6",38.4,7.5,45.2,"82.894754671","94.836293069",20.8,48.9
"Kennedy, Brett",664028,2023,28,"5","18.0",83,69,19,9,7,2,1,9,7,10.8,8.4,".275",".478",".354","0.832",".258",".413",".352",".340",".351",".156","71.1",16.1,14.5,11.8,40.8,33.3,"7",0,7.3,2.7,41.9,32.3,"89.5","13.3",35.9,6.3,35.9,"80.061585","93.658080159",18.5,43.5
"Foster, Matt",641582,2022,27,"48","45.0",193,174,43,30,7,0,6,42,17,21.8,8.8,".247",".391",".313","0.704",".249",".409",".308",".317",".318",".159",,,,,,,,,,,,,"88.2","20.4",39.6,6,33.6,"77.546812424","93.398500379",21,50.3
"Lawrence, Casey",596271,2022,34,"6","18.0",79,73,23,14,4,0,5,11,4,13.9,5.1,".315",".575",".354","0.929",".287",".527",".396",".366",".330",".241",,,,,,,,,,,,,"86.5","11.3",38.1,12.7,36.5,"73.687409032","93.748777049",15.8,51.2
"Hendriks, Liam",521230,2020,31,"24","25.1",92,87,14,11,2,0,1,37,3,40.2,3.3,".161",".218",".187","0.405",".212",".324",".173",".240",".237",".112",,,,,,,,,,,,,"90.2","17.2",38.5,3.8,32.7,"81.3643688","93.895631",36.1,56.2
"Miller, Shelby",571946,2021,30,"13","12.2",62,49,16,11,1,1,3,8,11,12.9,17.7,".327",".571",".452","1.023",".272",".461",".433",".382",".409",".190",,,,,,,,,,,,,"90.9","16.1",31,7.1,38.1,"82.83942","93.94658",23.7,43.2
"Rodríguez, Manuel",655889,2021,24,"20","17.2",83,70,18,11,4,0,3,16,12,19.3,14.5,".257",".443",".373","0.816",".247",".394",".353",".338",".365",".148",,,,,,,,,,,,,"86.1","5.8",29.6,7.4,37,"74.117054074","93.095462222",25.2,45
"Knebel, Corey",608349,2021,29,"27","25.2",101,91,16,11,3,0,2,30,9,29.7,8.9,".176",".275",".248","0.523",".195",".314",".229",".259",".270",".119",,,,,,,,,,,,,"90.1","12.2",35.5,4.8,27.4,"81.771852581","93.701057869",31.1,49.1
"Marte, José",665896,2022,26,"11","11.0",58,40,8,5,0,1,2,15,18,25.9,31,".200",".400",".448","0.848",".244",".441",".389",".415",".479",".196",,,,,,,,,,,,,"91.8","24.8",44,8,60,"82.540461538","95.9949664",27.1,36.2
"Nelson, Ryne",669194,2022,24,"3","18.1",69,62,9,4,2,1,2,16,6,23.2,8.7,".145",".306",".217","0.523",".177",".314",".224",".241",".246",".137",,,,,,,,,,,,,"89.6","25.8",27.7,6.4,36.2,"80.680324167","93.690793404",23.6,43.5
"Martin, Davis",663436,2022,25,"14","63.1",269,243,63,39,15,1,8,48,19,17.8,7.1,".259",".428",".320","0.748",".263",".442",".325",".335",".326",".179",,,,,,,,,,,,,"89.1","17.1",34.3,7.1,38.1,"78.228051429","94.197536308",24.2,51.5
"Criswell, Cooper",681867,2024,27,"26","99.1",424,377,103,69,22,2,10,73,31,17.2,7.3,".273",".422",".333","0.755",".260",".409",".327",".324",".324",".149","71.9",25,15.6,13.2,32.3,27.3,"7.3",12,9.8,-2.6,51,35.6,"89.3","9.7",33.2,7,37.4,"78.440882949","94.249624744",17.2,44.6
"Head, Louis",545343,2022,32,"28","28.2",138,117,32,15,13,0,4,26,15,18.8,10.9,".274",".487",".380","0.867",".243",".411",".376",".338",".353",".168",,,,,,,,,,,,,"91","18.2",37.4,5.5,42.9,"82.016215333","94.634616222",23.4,46.9
"Martinez, Carlos",593372,2021,29,"16","82.1",363,313,77,50,17,2,8,57,36,15.7,9.9,".246",".390",".343","0.733",".273",".469",".321",".367",".369",".196",,,,,,,,,,,,,"89.8","8.4",30.9,8.5,42.5,"78.790926142","94.831210435",18.8,46.2
"Avila, Nick",687014,2024,26,"8","11.2",55,50,17,7,7,1,2,14,3,25.5,5.5,".340",".640",".364","1.004",".330",".554",".413",".413",".371",".224","70.8",15.3,15.6,11.8,37.5,28.2,"7.2",0,7.3,3.1,48.2,35.1,"94.6","17.7",55.3,13.2,65.8,"88.271445263","96.466132973",22.8,50.7
"deGrom, Jacob",594798,2020,32,"12","68.0",268,248,47,28,12,0,7,104,18,38.8,6.7,".190",".323",".243","0.566",".194",".332",".246",".256",".247",".138",,,,,,,,,,,,,"88.2","11.6",30.1,9.6,33.6,"77.995876806","93.342833889",41,54.1
"Martinez, Justin",679885,2023,21,"10","10.0",57,44,13,8,2,1,2,14,11,24.6,19.3,".295",".523",".456","0.979",".240",".396",".420",".363",".414",".156","69.9",12.1,10.9,7.6,34.8,24.2,"7.3",0,10,-2.4,45.5,32.1,"84.7","8.3",36.7,3.3,33.3,"70.757874","93.433665",33,39.8
"Chatwood, Tyler",543022,2020,30,"5","18.2",86,76,22,12,8,0,2,25,9,29.1,10.5,".289",".474",".360","0.834",".272",".447",".357",".347",".348",".175",,,,,,,,,,,,,"90.2","8.7",44.2,9.6,42.3,"80.277245385","94.306076154",29.3,44.1
"Oviedo, Johan",670912,2023,25,"32","177.2",781,678,161,96,41,5,19,158,83,20.2,10.6,".237",".397",".330","0.727",".245",".407",".319",".330",".339",".162","71.7",22.7,13.4,10.4,31.5,24.4,"7.5",13,11.5,-3.3,51.2,32.7,"88.6","11.9",32.2,7.6,40.2,"77.184773602","94.173687869",26,46.5
"Mize, Casey",663554,2020,23,"7","28.1",133,115,29,17,5,0,7,26,13,19.5,9.8,".252",".478",".353","0.831",".293",".547",".359",".402",".389",".254",,,,,,,,,,,,,"88.6","11.2",38.2,13.5,42.7,"76.251580227","94.5073625",23.6,46.8
"Whitlock, Garrett",676477,2024,28,"4","18.1",75,66,14,9,4,0,1,17,7,22.7,9.3,".212",".318",".297","0.615",".249",".399",".278",".325",".331",".151","71.8",17.7,12,10.4,31.3,27.1,"7.2",4,9.7,-3.4,51,34.5,"89.4","10.6",44,6,36,"79.309856667","94.016792708",17,45.8
"Dugger, Robert",667498,2021,25,"12","25.2",121,105,34,22,6,2,4,19,12,15.7,9.9,".324",".533",".392","0.925",".292",".467",".391",".361",".366",".175",,,,,,,,,,,,,"91.2","16.2",38.6,5.7,40.9,"82.555355","94.550692529",23.9,46.2
"Lange, Alex",656638,2023,27,"67","66.0",288,232,43,25,12,0,6,79,45,27.4,15.6,".185",".315",".328","0.643",".202",".308",".294",".303",".343",".107","71.7",26.5,14.4,9.4,33.1,21.5,"7.7",4,15.4,-10.7,48.6,34.1,"88.6","8.5",33.1,7,36.3,"77.063817051","94.166499103",39.1,41
"Hill, Rich",448179,2020,40,"8","38.2",156,137,28,20,5,0,3,31,17,19.9,10.9,".204",".307",".295","0.602",".256",".446",".272",".342",".341",".190",,,,,,,,,,,,,"86.8","15.7",34.6,9.3,29.9,"75.632346226","93.039661887",15.9,42.6
"Turnbull, Spencer",605513,2023,30,"7","31.0",145,127,37,22,10,0,5,24,15,16.6,10.3,".291",".488",".379","0.867",".285",".479",".376",".372",".373",".195",,,,,,,,,,,,,"88.4","9.6",35.9,8.7,36.9,"77.376548039","93.969568515",21.9,45.2
"Montgomery, Jordan",656756,2020,27,"10","44.0",193,181,48,31,9,1,7,47,9,24.4,4.7,".265",".442",".307","0.749",".249",".404",".321",".304",".293",".154",,,,,,,,,,,,,"84.6","11.5",33.6,6,29.9,"71.276990909","92.997012576",28.2,49.9
"Floro, Dylan",571670,2023,32,"62","56.2",248,227,70,54,12,1,3,58,17,23.4,6.9,".308",".410",".363","0.773",".252",".341",".335",".286",".311",".089","70.8",15.1,11.6,8.9,32.1,24.7,"7",3,6.7,5.6,43.8,31.4,"87.1","5.2",32.4,2.9,37.1,"75.578762706","93.377427515",24,46
"Iglesias, Raisel",628452,2023,33,"58","55.2",231,214,51,35,9,0,7,68,15,29.4,6.5,".238",".379",".286","0.665",".219",".376",".285",".276",".268",".157","71.4",23.2,9.5,6.8,28.4,20.3,"7.4",4,13.1,-6.1,56.5,33.7,"88.8","12.5",35.8,6.8,37.8,"78.013517432","93.903349252",32.7,53.4
"Sheffield, Justus",656954,2020,24,"10","55.1",232,207,52,45,5,0,2,48,20,20.7,8.6,".251",".304",".323","0.627",".256",".366",".285",".312",".330",".110",,,,,,,,,,,,,"90.7","9.6",29.8,3.7,46.6,"80.59685575","94.837836875",19.9,44
"Allen, Logan",663531,2020,23,"3","10.2",49,41,12,8,3,0,1,7,7,14.3,14.3,".293",".439",".408","0.847",".252",".399",".375",".348",".377",".147",,,,,,,,,,,,,"90.2","10.6",32.4,5.9,32.4,"80.556012941","94.178359091",24.3,37.6
"Vesia, Alex",681911,2022,26,"63","54.1",227,198,37,29,6,0,2,79,24,34.8,10.6,".187",".247",".280","0.527",".188",".303",".244",".264",".281",".116",,,,,,,,,,,,,"87","17.4",35.2,6.6,34.4,"75.677023333","93.387031167",34,48.6
"Abreu, Bryan",650556,2023,26,"72","72.0",287,248,44,29,9,0,6,100,31,34.8,10.8,".177",".286",".274","0.560",".191",".339",".255",".280",".286",".149","71.5",19,14,8.9,30.8,19.6,"7.4",5,10.2,-1.5,49.4,31.6,"89.9","14.4",36.6,9.8,34,"80.589149605","93.964533377",39.8,44.8
"Warren, Austin",681810,2024,28,"6","10.2",42,37,9,7,1,0,1,7,5,16.7,11.9,".243",".351",".333","0.684",".249",".433",".308",".341",".339",".183","68.4",10.1,9.2,7.6,27.7,22.8,"7",1,7.1,3.7,39.2,32.2,"84.3","11.4",33.3,6.7,26.7,"71.880104","92.341588333",19.3,48
"Pruitt, Austin",643493,2022,32,"39","55.1",224,212,48,25,12,0,11,38,9,17,4,".226",".439",".259","0.698",".242",".437",".299",".311",".277",".195",,,,,,,,,,,,,"88","12.9",30.1,9.7,34.1,"77.073789091","93.465914716",24.8,50.8
"Waldichuk, Ken",686610,2022,24,"7","34.2",146,131,32,14,12,1,5,33,10,22.6,6.8,".244",".466",".315","0.781",".242",".449",".337",".332",".314",".208",,,,,,,,,,,,,"88.7","16.9",33.3,12.1,39.4,"76.684482653","94.568587143",25.5,50.9
"Basso, Brady",669620,2024,26,"7","22.1",93,87,23,19,1,0,3,19,5,20.4,5.4,".264",".379",".301","0.680",".248",".396",".297",".298",".287",".148","70.5",16.1,7.8,6,36.5,28.2,"7.2",1,7.3,2.5,48.3,33.4,"89.6","15",33.3,7.2,42,"81.117781143","93.402275362",24.1,46.3
"Voth, Austin",608723,2023,31,"25","34.2",160,140,39,27,5,1,6,34,15,21.3,9.4,".279",".457",".358","0.815",".241",".393",".352",".315",".325",".152","71.7",25,27.8,17.9,50,32.1,"7.2",0,7,3.5,60.7,34,"88.4","17.3",31.5,5.6,35.2,"77.863921852","93.685382243",24,47.8
"Darvish, Yu",506433,2024,37,"16","81.2",331,300,65,39,13,1,12,78,22,23.6,6.6,".217",".387",".274","0.661",".226",".392",".286",".298",".286",".166","71.5",21.8,11.2,8.5,32.5,24.6,"7.6",4,14.3,-8.6,54.4,33.8,"89.4","17.1",32,7.5,39.9,"79.064280619","94.154535022",25.6,51.5
"Harvey, Matt",518774,2021,32,"28","127.2",582,536,160,104,33,4,19,95,37,16.3,6.4,".299",".481",".348","0.829",".284",".479",".355",".351",".336",".196",,,,,,,,,,,,,"89.5","13.3",36.4,7.9,40.9,"78.820426091","94.314553841",19.1,48
"Thielbar, Caleb",573204,2020,33,"17","20.0",82,73,14,12,2,0,0,22,9,26.8,11,".192",".219",".280","0.499",".207",".312",".236",".276",".294",".105",,,,,,,,,,,,,"85.1","22.4",35.3,3.9,25.5,"75.2668584","91.664986939",29.5,49.3
"Springs, Jeffrey",605488,2020,27,"16","20.1",99,90,30,17,8,0,5,28,7,28.3,7.1,".333",".589",".384","0.973",".271",".491",".405",".345",".327",".221",,,,,,,,,,,,,"86.5","15.2",41.3,12.7,36.5,"73.711112581","93.670309355",37.6,48.6
"Kim, Kwang Hyun",547942,2020,31,"8","39.0",154,142,28,16,9,0,3,24,12,15.6,7.8,".197",".324",".260","0.584",".255",".380",".251",".300",".313",".126",,,,,,,,,,,,,"87.1","7.8",31.4,4.2,31.4,"76.468731525","93.024305932",18.3,45.4
"Giolito, Lucas",608337,2022,27,"30","161.2",698,628,171,107,37,3,24,177,61,25.4,8.7,".272",".455",".338","0.793",".249",".413",".344",".323",".319",".164",,,,,,,,,,,,,"88.8","12.6",37.9,7.5,39,"77.642930485","94.18580163",28.5,47.4
"Jefferies, Daulton",641726,2022,26,"8","39.1",172,161,46,29,13,0,4,28,8,16.3,4.7,".286",".441",".326","0.767",".247",".423",".333",".309",".290",".176",,,,,,,,,,,,,"89.2","11",34.3,8.2,38.8,"78.461316119","94.130182256",22.7,47.6
"Zeuch, T.J.",643615,2020,24,"3","11.1",47,43,9,5,3,0,1,3,4,6.4,8.5,".209",".349",".277","0.626",".296",".395",".274",".333",".356",".099",,,,,,,,,,,,,"89.7","5.8",25,2.5,40,"77.526384","95.119367",15.2,42.7
"Kershaw, Clayton",477132,2022,34,"22","126.1",493,465,96,69,16,1,10,137,23,27.8,4.7,".206",".310",".246","0.556",".210",".317",".245",".250",".249",".107",,,,,,,,,,,,,"87.1","11.6",30.5,4.2,33.2,"75.648121098","93.343688991",29.1,50.8
"Anderson, Nick",623433,2024,33,"37","35.2",153,135,35,18,11,0,6,29,15,19,9.8,".259",".474",".333","0.807",".267",".473",".344",".353",".343",".207","70.9",18.8,11.9,9.2,35.1,27.1,"7.2",1,10,-0.2,48.6,31.4,"89.2","15.2",37,7.4,38,"78.729160926","93.902136852",23.4,44.7
"Little, Brendon",663893,2024,27,"49","45.2",193,172,41,29,5,0,7,36,19,18.7,9.8,".238",".390",".318","0.708",".250",".384",".309",".318",".329",".134","72.5",28,12.4,9.1,36.3,26.5,"7.3",11,9.6,0.4,64.4,32.6,"87.9","-6.9",21.9,5.8,38,"76.889222985","93.614875414",29.7,46
"Rodriguez, Eduardo",593958,2022,29,"17","91.0",391,352,87,57,17,1,12,72,34,18.4,8.7,".247",".403",".316","0.719",".246",".408",".317",".318",".315",".163",,,,,,,,,,,,,"87.5","12.6",30.7,7.1,36,"76.334861439","93.344346871",18.1,47
"Rogers, Trevor",669432,2022,24,"23","107.0",477,423,116,65,35,1,15,106,45,22.2,9.4,".274",".468",".348","0.816",".262",".438",".354",".341",".340",".176",,,,,,,,,,,,,"88.4","12.1",35.5,7.5,37.4,"76.804210126","94.176952082",25.8,49
"Wells, Tyler",669330,2024,29,"3","15.1",67,64,18,10,4,1,3,13,3,19.4,4.5,".281",".516",".313","0.829",".313",".626",".353",".410",".344",".313","72.5",20.3,20,16.2,33.3,27,"7.6",1,12.7,-6.6,63.5,29.2,"89.9","17",37.3,11.8,45.1,"77.833022692","95.39068098",27.2,52.5
"Jiménez, Dany",666204,2023,29,"25","23.1",94,77,11,6,2,0,3,21,14,22.3,14.9,".143",".286",".269","0.555",".183",".361",".248",".302",".314",".178","69.7",13.8,12.5,8.8,41.1,28.7,"7.6",1,17,-14.4,42.5,31.8,"89.1","27",35.6,8.5,33.9,"79.431421724","93.52388807",27.5,37.7
"Antone, Tejay",622088,2021,27,"23","33.2",127,112,17,12,2,0,3,42,12,33.1,9.4,".152",".250",".252","0.502",".190",".344",".232",".283",".286",".154",,,,,,,,,,,,,"87.7","12.1",31.4,10,37.1,"75.623075429","93.94431",33.5,41.2
"Henry, Tommy",674072,2022,24,"9","47.0",205,179,47,29,8,0,10,36,21,17.6,10.2,".263",".475",".348","0.823",".249",".449",".357",".340",".336",".201",,,,,,,,,,,,,"90","13.7",36.6,9,39.3,"79.412763239","94.678987394",23.4,49.2
"Kerr, Ray",678061,2023,28,"22","27.0",114,103,25,11,6,3,5,35,9,30.7,7.9,".243",".505",".310","0.815",".251",".455",".341",".331",".318",".204","70.9",20.2,17.1,11.3,31.7,21,"7.4",2,11.8,-3.1,45.2,33.7,"87.8","14.8",39.1,11.6,46.4,"74.258690882","94.820858529",32.2,47.3
"Peterson, David",656849,2020,24,"10","49.2",205,178,36,22,9,0,5,40,24,19.5,11.7,".202",".337",".307","0.644",".229",".388",".290",".321",".331",".159",,,,,,,,,,,,,"87.4","13",29.7,7.2,33.3,"76.464163088","93.302320667",26.1,42.5
"Effross, Scott",664123,2022,28,"60","56.2",229,210,45,35,6,1,3,62,15,27.1,6.6,".214",".295",".269","0.564",".203",".316",".247",".252",".260",".113",,,,,,,,,,,,,"87.3","8.7",30,4,37.3,"75.945554189","93.36780723",23.9,47.2
"Castillo, Diego",650895,2021,27,"61","58.1",233,206,40,25,6,0,9,75,17,32.2,7.3,".194",".354",".268","0.622",".188",".319",".268",".260",".265",".131",,,,,,,,,,,,,"88.3","10.9",26.5,8.1,38.2,"76.356870909","94.305405076",32.8,48.2
"Johnson, Pierce",572955,2024,33,"58","56.1",236,209,48,33,8,1,6,67,25,28.4,10.6,".230",".364",".318","0.682",".221",".375",".302",".304",".310",".154","71.5",24.5,12.6,9.4,33.5,25.2,"7.4",9,10,-1.7,51.6,33.3,"89.4","11.7",33.8,8.5,39.4,"79.001409296","94.027184296",28.1,45.1
"Montero, Rafael",606160,2020,29,"17","17.2",72,63,12,5,4,1,2,19,6,26.4,8.3,".190",".381",".271","0.652",".241",".475",".283",".339",".317",".235",,,,,,,,,,,,,"88.2","23",44.4,15.6,44.4,"75.906160455","94.597414545",25,45.7
"Woods Richardson, Simeon",680573,2024,23,"28","133.2",569,509,125,87,21,1,16,117,48,20.6,8.4,".246",".385",".310","0.695",".236",".406",".305",".315",".306",".170","71.5",21.3,12,9.4,30.7,24.2,"7.3",14,10,-1.4,51.4,31.3,"88.4","18.5",35.7,8.2,36.2,"78.06318392","93.54377801",22.3,49.8
"Karinchak, James",675916,2021,25,"60","55.1",235,199,35,19,6,1,9,78,32,33.2,13.6,".176",".352",".294","0.646",".182",".340",".287",".294",".304",".158",,,,,,,,,,,,,"90.1","18.4",31.7,8.9,40.7,"80.24076","94.358126583",31.7,43.7
"Madero, Luís",650347,2021,24,"6","12.0",56,47,13,2,6,2,3,4,8,7.1,14.3,".277",".681",".393","1.074",".230",".578",".435",".386",".354",".348",,,,,,,,,,,,,"88.7","29.9",30.2,16.3,39.5,"77.898875909","93.875753488",15.3,39.7
"Martinez, Seth",661527,2022,27,"29","38.2",155,139,26,21,2,0,3,38,14,24.5,9,".187",".266",".266","0.532",".200",".319",".242",".266",".278",".119",,,,,,,,,,,,,"86.6","15.4",27.5,5.9,32.4,"75.2928094","92.9992861",25.5,47.6
"Stephenson, Robert",596112,2023,30,"60","52.1",201,182,30,14,8,0,8,77,16,38.3,8,".165",".341",".230","0.571",".179",".363",".243",".260",".245",".184","71.2",19.2,6.8,3.2,24.3,11.5,"7.9",8,17.7,-13.8,48.7,32.7,"87","19.4",31.5,13,32.4,"75.278738704","93.543032991",46.6,53.7
"Hanifee, Brenan",669724,2024,26,"21","29.1",120,114,27,19,4,2,2,23,6,19.2,5,".237",".360",".275","0.635",".237",".349",".277",".275",".276",".112","72.2",32.5,10.2,8.6,25.9,21.8,"7.2",2,8.7,-0.6,56.9,32.8,"86.1","4.8",27.5,4.4,36.3,"73.991411957","93.210307363",17.7,49.2
"Bassitt, Chris",605135,2024,35,"31","171.0",758,667,180,132,29,1,18,168,70,22.2,9.2,".270",".397",".352","0.749",".254",".407",".331",".330",".339",".153","71.2",19.6,14.4,11.6,30.6,24.6,"7.1",14,8.2,1.5,41.3,31.8,"87.8","14.3",36.3,7.5,37.1,"75.64419492","94.077816493",21.7,45
"Robertson, Nick",687798,2023,24,"18","22.1",106,95,30,18,7,2,3,26,9,24.5,8.5,".316",".526",".371","0.897",".261",".417",".375",".326",".327",".157","71.2",17.6,14.9,10.8,35.1,25.5,"7.2",3,9.7,-0.3,53.9,32.8,"90.4","8.7",35.7,8.6,47.1,"79.426485143","95.070368571",29.8,50.5
"Ramírez, Yohan",670990,2023,28,"31","38.1",176,147,39,32,3,1,3,35,17,19.9,9.7,".265",".361",".381","0.742",".236",".342",".335",".318",".356",".106","70.1",16.2,10,8.8,35,30.9,"7.2",1,7.6,-1.4,47.1,34.3,"86.8","3.7",24.8,4.4,31.9,"76.120490175","92.872536549",20.6,40.2
"Mantiply, Joe",573009,2023,32,"35","39.0",157,148,35,20,9,2,4,28,9,17.8,5.7,".236",".405",".280","0.685",".245",".435",".292",".309",".289",".189","72.4",27,11.7,9.5,35.1,28.5,"7.4",2,9.9,-2,54.7,34,"87.7","7.1",28.3,9.2,35.8,"76.512844833","93.591291513",23.2,49.7
"Walden, Marcus",519393,2020,31,"15","13.1",71,62,23,12,3,3,5,10,9,14.1,12.7,".371",".758",".451","1.209",".363",".701",".495",".479",".444",".337",,,,,,,,,,,,,"94.1","11.2",42.3,13.5,53.8,"84.468594615","96.653632308",18.4,47.7
"Kilian, Caleb",668873,2024,27,"2","10.2",48,41,11,7,2,0,2,7,6,14.6,12.5,".268",".463",".362","0.825",".259",".547",".360",".385",".354",".288","71.7",21.9,16.4,13.7,34.4,28.8,"7.3",1,8.1,-0.3,45.2,32.4,"89.1","11.6",40,14.3,37.1,"78.674156471","94.225684848",20.2,50.3
"Oswalt, Corey",621261,2020,26,"4","13.0",55,52,14,4,7,0,3,11,2,20,3.6,".269",".577",".309","0.886",".261",".577",".368",".365",".302",".316",,,,,,,,,,,,,"91.1","18.8",34.1,17.1,48.8,"80.979617143","95.312229024",29.4,45.7
"Maton, Phil",664208,2021,28,"65","66.2",297,254,65,36,21,2,6,85,32,28.6,10.8,".256",".425",".347","0.772",".205",".345",".335",".295",".307",".140",,,,,,,,,,,,,"88","12.9",37.4,7.5,32.8,"77.69705954","93.329690116",34.8,49.2
"Moore, Matt",519043,2023,34,"50","52.2",218,198,46,28,10,1,7,60,15,27.5,6.9,".232",".399",".295","0.694",".212",".372",".296",".282",".279",".160","70.8",19.9,10.3,7.1,29.5,20.4,"7.3",8,10.1,-1.4,47.9,32.5,"88.4","16.4",32.1,7.9,36.7,"78.358668529","93.347734296",28.2,53.1
"Kowar, Jackson",663804,2023,26,"23","28.0",137,116,34,23,7,0,4,29,20,21.2,14.6,".293",".457",".401","0.858",".243",".361",".377",".326",".359",".119","71.2",19.5,11.5,8.5,29.9,22,"7.5",5,9.4,-3.2,48.3,33.3,"87.9","13.1",34.5,5.7,34.5,"77.443011628","93.26703",26.3,44.2
"Ureña, José",570632,2024,32,"33","109.0",463,414,105,72,19,1,13,70,39,15.1,8.4,".254",".399",".321","0.720",".256",".420",".314",".327",".325",".165","71.9",22.1,15.2,11.8,35,27.3,"7.5",5,12.8,-4.2,52.9,33.7,"89","9.8",26,7.7,39.7,"77.39789546","94.465225677",23.1,47
"Curtiss, John",595928,2020,27,"17","25.0",99,94,21,15,3,0,3,25,3,25.3,3,".223",".351",".263","0.614",".236",".405",".267",".293",".275",".169",,,,,,,,,,,,,"92","15.5",33.3,7.2,42,"83.357860882","94.727254559",24.4,55.5
"Houck, Tanner",656557,2022,26,"32","60.0",247,217,49,40,6,0,3,56,22,22.7,8.9,".226",".295",".313","0.608",".240",".364",".274",".307",".327",".124",,,,,,,,,,,,,"89.7","4.5",33.7,4.9,39.3,"79.6253495","94.087922579",29.2,46.9
"Winckowski, Josh",670174,2023,25,"60","84.1",367,333,89,65,15,0,9,82,31,22.3,8.4,".267",".393",".335","0.728",".240",".373",".319",".301",".311",".133","70.6",15.7,6.5,5,30.2,23,"7.2",6,8.3,1.3,44.1,33.1,"89.4","8.7",30.3,6.4,41,"79.12233576","93.985863",26.2,49.4
"Howard, Spencer",675921,2020,23,"6","24.1",113,100,30,20,3,1,6,23,10,20.4,8.8,".300",".530",".363","0.893",".248",".417",".376",".322",".320",".169",,,,,,,,,,,,,"87.1","12.7",35.4,5.1,32.9,"75.777566923","93.34197026",25.6,48.1
"Woodruff, Brandon",605540,2020,27,"13","73.2",293,270,55,37,8,1,9,91,18,31.1,6.1,".204",".341",".263","0.604",".198",".339",".264",".264",".259",".141",,,,,,,,,,,,,"86.7","13.3",26.1,7.2,33.9,"74.869262273","93.347296343",28.9,48.3
"Wilson, Steven",621051,2022,27,"50","53.0",214,188,36,21,8,0,7,53,20,24.8,9.3,".191",".346",".277","0.623",".185",".331",".277",".272",".274",".146",,,,,,,,,,,,,"87.6","26",33.3,7.2,35.5,"76.838637647","93.243910667",28.6,47.3
"Cabrera, Edward",665795,2022,24,"14","71.2",291,249,44,27,7,0,10,75,33,25.8,11.3,".177",".325",".296","0.621",".208",".373",".284",".312",".323",".165",,,,,,,,,,,,,"86.7","12.7",32.8,8.6,33.3,"74.958914","93.207243647",31.3,44.1
"Steckenrider, Drew",608716,2021,30,"62","67.2",267,243,52,33,14,0,5,58,17,21.7,6.4,".214",".333",".274","0.607",".228",".370",".264",".287",".288",".142",,,,,,,,,,,,,"90.7","16.5",31.4,5.3,38.3,"82.101887234","94.110184545",20.5,49.8
"Heasley, Jonathan",669169,2021,24,"3","14.2",59,54,15,7,5,0,3,6,3,10.2,5.1,".278",".537",".339","0.876",".288",".584",".371",".395",".348",".297",,,,,,,,,,,,,"92.2","15.7",22.9,12.5,56.3,"80.205814167","96.869828958",12.5,44.8
"Williams, Trevor",592866,2024,32,"13","66.2",260,238,51,39,8,1,3,59,18,22.7,6.9,".214",".294",".265","0.559",".216",".357",".248",".284",".272",".141","72.1",25.7,14.6,11.4,32.4,25.3,"7.3",4,9.6,-1.6,47.2,34.2,"89.4","13.4",31.7,6.6,39.3,"79.537256264","93.835962143",22.5,46.7
"Snider, Collin",676092,2023,27,"20","20.1",95,81,24,16,5,0,3,11,13,11.6,13.7,".296",".469",".389","0.858",".280",".431",".373",".355",".376",".151","71.7",23.4,8.2,7.4,30.6,27.7,"7.2",1,7.7,1.4,55.3,33.5,"86.6","5.9",31,4.2,28.2,"76.26023","92.463362143",17.7,40.1
"James, Josh",657624,2020,27,"13","17.1",83,64,15,7,4,0,4,21,17,25.3,20.5,".234",".484",".410","0.894",".253",".508",".390",".407",".424",".255",,,,,,,,,,,,,"85.4","16.4",46.5,16.3,30.2,"73.861267727","92.713750698",30.6,35.6
"Slegers, Aaron",642083,2020,27,"11","26.0",101,93,18,16,1,0,1,19,5,18.8,5,".194",".237",".250","0.487",".232",".328",".213",".267",".286",".096",,,,,,,,,,,,,"86.1","5.6",25.3,2.7,28,"75.032954324","92.678043014",22.3,54.5
"Kilome, Franklyn",642584,2020,25,"4","11.1",58,47,14,6,3,0,5,13,9,22.4,15.5,".298",".681",".421","1.102",".274",".568",".455",".412",".401",".294",,,,,,,,,,,,,"89.7","16.9",37.1,17.1,45.7,"76.122458824","95.794386176",30.2,41.9
"Kelly, Joe",523260,2020,32,"12","10.0",42,34,8,5,3,0,0,9,7,21.4,16.7,".235",".324",".357","0.681",".239",".302",".310",".319",".369",".063",,,,,,,,,,,,,"88.2","-3.6",30.8,0,34.6,"79.17844","92.656893077",27.5,40.4
"Elledge, Seth",676220,2021,25,"11","11.2",52,43,13,8,4,0,1,11,7,21.2,13.5,".302",".465",".404","0.869",".256",".406",".376",".339",".366",".150",,,,,,,,,,,,,"89.9","13.1",36.4,9.1,39.4,"80.083978824","94.297340909",27.6,39.4
"Javier, Cristian",664299,2021,24,"36","101.1",424,361,67,39,11,1,16,130,53,30.7,12.5,".186",".355",".300","0.655",".217",".418",".291",".326",".328",".202",,,,,,,,,,,,,"90.6","22.5",36.8,9.8,43.2,"80.440466174","94.782976957",31.7,45.1
"Estévez, Carlos",608032,2021,28,"64","61.2",270,242,71,49,13,1,8,60,21,22.2,7.8,".293",".455",".349","0.804",".251",".413",".345",".318",".313",".162",,,,,,,,,,,,,"90.5","12.9",33.2,7.5,39.6,"81.02691087","94.325384645",24.7,49.9
"Pagán, Emilio",641941,2021,30,"67","63.1",263,242,56,21,18,1,16,69,18,26.2,6.8,".231",".512",".289","0.801",".222",".493",".336",".327",".281",".270",,,,,,,,,,,,,"90.4","26.5",42,13.8,45.4,"80.341121839","94.650556264",29.7,52.5
"Curtiss, John",595928,2023,30,"15","19.2",81,72,17,12,2,0,3,16,8,19.8,9.9,".236",".389",".309","0.698",".197",".371",".304",".281",".274",".174","71.8",20,22.2,13.3,22.2,13.3,"7.6",2,13.5,-4.8,46.7,35.1,"90.9","18.6",29.8,5.3,43.9,"81.57741069","94.667655263",24.1,45.5
"Yarbrough, Ryan",642232,2022,30,"20","80.0",355,319,88,57,19,0,12,61,22,17.2,6.2,".276",".448",".342","0.790",".252",".432",".345",".329",".321",".180",,,,,,,,,,,,,"85.1","17.2",32.6,7.3,31,"72.32290619","92.893902778",22.2,50.3
"Castillo, Luis",622491,2024,31,"30","175.1",719,663,158,95,36,2,25,175,47,24.3,6.5,".238",".412",".293","0.705",".243",".422",".305",".313",".298",".179","71.3",19,13.4,10.1,32,24.1,"7.2",25,8.3,0.2,48.8,32,"89.7","16.3",37,8.5,41.9,"78.938131564","94.546516728",25.9,50.6
"Keller, Mitch",656605,2021,25,"23","100.2",470,407,131,90,29,2,10,92,49,19.6,10.4,".322",".477",".400","0.877",".285",".459",".379",".361",".369",".174",,,,,,,,,,,,,"91.5","11.5",40.1,6.8,47.5,"82.504029748","94.946510347",20.7,46.1
"Quintana, Jose",500779,2022,33,"32","165.2",679,626,154,110,35,1,8,137,47,20.2,6.9,".246",".343",".301","0.644",".256",".388",".286",".307",".311",".132",,,,,,,,,,,,,"86.5","9.9",34.4,5.5,35.8,"74.438826914","93.299908909",24,47.9
"Harrison, Kyle",690986,2024,22,"24","124.1",532,476,125,81,25,1,18,118,42,22.2,7.9,".263",".433",".328","0.761",".255",".444",".330",".341",".325",".190","71.4",22.6,17.3,13.2,37.1,28.3,"7.2",9,7.8,2,47.9,31.2,"90.7","14.9",34.2,10.1,44.1,"80.405098066","94.933663315",23.6,46.2
"Hudson, Daniel",543339,2022,35,"25","24.1",97,88,17,13,3,0,1,30,5,30.9,5.2,".193",".261",".250","0.511",".212",".305",".232",".260",".270",".092",,,,,,,,,,,,,"88.3","8.3",31.7,3.3,36.7,"77.331636552","93.76651",33.8,51.7
"Coulombe, Danny",543056,2021,31,"29","34.1",139,131,35,22,8,0,5,33,7,23.7,5,".267",".443",".304","0.747",".228",".394",".317",".283",".267",".166",,,,,,,,,,,,,"90","10.4",34.3,7.1,39.4,"79.851203673","94.373280206",23.7,52.7
"Estévez, Carlos",608032,2022,29,"62","57.0",235,209,44,26,9,2,7,54,23,23,9.8,".211",".373",".289","0.662",".237",".417",".290",".318",".315",".180",,,,,,,,,,,,,"89.6","17.6",38.2,7.6,38.9,"78.645185455","94.618619351",22.1,50.1
"Abbott, Andrew",671096,2023,24,"21","109.1",459,409,100,59,24,1,16,120,44,26.1,9.6,".244",".425",".316","0.741",".223",".399",".320",".306",".299",".176","71.6",21.7,15,11.6,31,23.9,"7.3",13,9.3,-1.8,48.5,31.3,"91.2","21.6",36.7,9.2,42.5,"82.090583241","94.483927172",25.6,46.8
"Javier, Cristian",664299,2022,25,"30","148.2",585,524,89,53,18,1,17,194,52,33.2,8.9,".170",".305",".252","0.557",".169",".301",".251",".249",".252",".132",,,,,,,,,,,,,"88.4","25.4",31.2,7.2,33.6,"78.619212378","93.183498502",30.4,49.2
"Montgomery, Jordan",656756,2021,28,"30","157.1",661,600,150,110,21,0,19,162,51,24.5,7.7,".250",".380",".308","0.688",".245",".412",".299",".313",".304",".167",,,,,,,,,,,,,"87.9","12.1",35.4,7.4,36.5,"76.20211733","93.84232457",29.2,50.4
"Altavilla, Dan",656186,2020,27,"22","20.1",89,77,18,8,7,0,3,24,12,27,13.5,".234",".442",".337","0.779",".255",".491",".338",".365",".356",".235",,,,,,,,,,,,,"91.1","17.4",39.6,9.4,39.6,"82.342765185","94.426490189",31.6,42.7
"Rogers, Josh",642028,2022,27,"16","26.1",113,101,24,15,3,0,6,12,11,10.6,9.7,".238",".446",".313","0.759",".250",".479",".331",".346",".324",".229",,,,,,,,,,,,,"88.6","21.7",30,8.9,38.9,"77.679346222","93.932277191",14.5,47.7
"Anderson, Chase",502624,2024,36,"29","58.1",255,227,55,32,11,0,12,42,21,16.5,8.2,".242",".449",".315","0.764",".239",".443",".329",".332",".317",".205","71.7",25.4,14,10.8,33.8,26.1,"7.5",2,11.9,-5.6,51.5,31.8,"86.5","20",33,8.5,33,"74.790460426","93.132957701",23.8,46.4
"Sewald, Paul",623149,2022,32,"65","64.0",243,219,32,18,4,0,10,72,18,29.6,7.4,".146",".301",".223","0.524",".187",".328",".228",".255",".260",".142",,,,,,,,,,,,,"86.3","20.6",33.6,9.4,33.6,"74.987985946","92.984555782",34,49.2
"Zuber, Tyler",676604,2021,26,"31","27.1",123,104,26,16,4,0,6,25,17,20.3,13.8,".250",".462",".358","0.820",".285",".558",".351",".403",".389",".274",,,,,,,,,,,,,"90.3","19.9",42.5,13.8,43.8,"79.801421","94.667713375",26.7,44.5
"Lodolo, Nick",666157,2024,26,"21","115.1",493,437,101,62,26,0,13,122,37,24.7,7.5,".231",".380",".316","0.696",".223",".361",".309",".301",".309",".138","71.8",25.6,14.9,11.1,34.3,25.7,"7.4",17,9.9,-1.9,48.8,32.9,"89.2","11.8",32.6,8.2,38,"78.487758854","94.164027252",28.1,46.4
"Thompson, Keegan",624522,2021,26,"32","53.1",243,206,48,30,9,0,9,55,31,22.6,12.8,".233",".408",".338","0.746",".248",".445",".326",".350",".354",".197",,,,,,,,,,,,,"90.1","12.9",33.1,9.1,44.2,"79.239974737","94.876114238",23.9,46.7
"Ray, Robbie",592662,2024,32,"7","30.2",129,106,20,11,3,0,6,43,15,33.3,11.6,".189",".387",".320","0.707",".179",".361",".316",".304",".313",".182","71.4",19.8,9.4,6.2,23.3,15.2,"7.3",8,11.7,-5.8,49,32.1,"86.8","19.2",34.4,9.4,35.9,"74.853164688","93.415278906",36,48.9
"Wrobleski, Justin",680736,2024,23,"8","36.1",154,137,34,16,9,0,9,26,16,16.9,10.4,".248",".511",".331","0.842",".276",".534",".361",".381",".356",".258","71.2",20.7,18.1,14.1,38.3,29.9,"7",1,6.8,4.4,47.7,31.7,"90","21.7",44.1,11.7,36.9,"79.894842182","94.253606727",22.3,46.1
"Mushinski, Parker",656786,2023,27,"14","14.2",69,61,19,10,4,0,5,15,4,21.7,5.8,".311",".623",".391","1.014",".241",".482",".428",".350",".329",".241","71.9",26.1,14.3,11.6,32.1,26.1,"7.3",3,12.7,-5.2,63.8,33,"90.4","8.9",30.4,13,43.5,"79.703840435","94.669153043",22.6,48.6
"Suárez, Albert",544150,2024,34,"32","133.2",565,510,130,78,34,1,17,108,43,19.1,7.6,".255",".425",".314","0.739",".241",".420",".320",".316",".303",".179","71.5",21.1,11.9,9,32.7,24.8,"7.3",10,11,-1.1,53.3,30.8,"88.8","17",38,7.1,38.4,"78.437722921","93.664169109",24.6,50.4
"Neris, Héctor",593576,2022,33,"70","65.1",263,239,49,32,13,1,3,79,17,30,6.5,".205",".305",".275","0.580",".215",".365",".262",".288",".284",".150",,,,,,,,,,,,,"89.7","16.6",36,6.8,44.7,"78.486400375","94.827788239",30.5,49.5
"Cosgrove, Tom",676680,2024,28,"18","14.2",76,65,23,18,2,0,3,15,6,19.7,7.9,".354",".523",".440","0.963",".259",".403",".421",".341",".358",".144","71.1",19.8,12.1,9.9,31.8,25.9,"7.1",0,8.5,-1,42,31,"86.6","14.5",30,4,38,"74.1543324","93.7176726",18.9,44.3
"Gutierrez, Vladimir",661269,2022,26,"10","36.2",179,147,46,21,14,3,8,29,24,16.2,13.4,".313",".612",".425","1.037",".255",".471",".437",".369",".377",".217",,,,,,,,,,,,,"89.3","18.6",37.5,9.2,42.5,"78.278813833","94.457549832",18,42.3
"Biddle, Jesse",592145,2021,29,"8","10.2",51,38,10,8,1,0,1,11,8,21.6,15.7,".263",".368",".400","0.768",".190",".324",".345",".332",".359",".134",,,,,,,,,,,,,"89.2","8.1",33.3,10,30,"79.944643571","93.604604286",20.8,38.7
"Ureña, José",570632,2022,30,"21","97.0",432,382,109,80,17,1,11,63,43,14.6,10,".285",".421",".354","0.775",".270",".440",".340",".344",".344",".170",,,,,,,,,,,,,"88.2","7.3",33.2,6.8,38.5,"76.827337267","93.826458012",19.5,46.7
"Manoah, Alek",666201,2024,26,"5","24.1",103,90,17,10,2,0,5,26,8,25.2,7.8,".189",".378",".282","0.660",".212",".414",".291",".316",".302",".202","70.7",11.7,13.9,10.4,32.8,24.5,"7.2",4,11.8,-2.6,54,32.6,"88.6","16.3",35.4,10.8,35.4,"78.062978788","93.795717077",28.2,47.7
"Bivens, Spencer",702352,2024,30,"27","48.2",202,188,47,31,7,0,9,37,11,18.3,5.4,".250",".431",".294","0.725",".242",".438",".311",".314",".287",".196","71.5",23.4,15.2,12.5,34.6,28.3,"7.3",4,10.8,-1.2,50.5,33.9,"88.7","8.7",28.1,7.8,36.6,"78.225030526","93.736214211",18.7,46
"Sheffield, Justus",656954,2021,25,"21","80.1",385,332,105,67,24,0,14,63,43,16.4,11.2,".316",".515",".398","0.913",".296",".529",".390",".394",".384",".233",,,,,,,,,,,,,"92.9","10.2",32.1,11.7,47.1,"82.84125637","96.083897658",19.8,44.3
"King, Michael",650633,2023,28,"49","104.2",431,390,88,63,13,2,10,127,32,29.5,7.4,".226",".346",".292","0.638",".225",".367",".281",".290",".291",".142","71.1",21.9,14.1,10.3,33.9,24.8,"7.4",7,11.4,-3.6,45,32.1,"86.8","12.5",36.7,7.1,33.3,"75.062077803","93.303324394",29.4,42.5
"Hollowell, Gavin",668970,2023,25,"26","33.2",154,130,31,17,5,1,8,32,18,20.8,11.7,".238",".477",".357","0.834",".249",".448",".360",".356",".367",".199","71.1",21.3,11.1,8.4,28.9,21.9,"7",2,8.2,1.2,46.1,31.6,"86.6","20",37.8,8.2,35.7,"74.819953265","93.405662165",25.5,46.2
"Curtiss, John",595928,2021,28,"41","44.1",187,172,42,27,8,1,6,44,12,23.5,6.4,".244",".407",".296","0.703",".247",".404",".303",".306",".299",".157",,,,,,,,,,,,,"91.6","16.8",33.1,6.2,43.8,"82.774014923","94.837502326",27.2,49.6
"Ottavino, Adam",493603,2021,35,"69","62.0",277,230,55,34,16,0,5,71,36,25.6,13,".239",".374",".356","0.730",".206",".319",".324",".298",".330",".113",,,,,,,,,,,,,"86.1","11.8",31.9,4.9,30.1,"74.845149125","92.637994625",28,40.5
"Kremer, Dean",665152,2023,27,"32","172.2",735,673,171,117,26,1,27,157,55,21.4,7.5,".254",".416",".314","0.730",".264",".458",".317",".338",".324",".194","71.7",24.7,11.2,8.7,28.2,21.9,"7.3",6,9,0.7,54.1,32.3,"89.7","12.7",36.9,8.9,40.3,"79.052297752","94.393783895",24,47.7
"Severino, Luis",622663,2023,29,"19","89.1",417,375,113,66,22,2,23,79,34,18.9,8.2,".301",".555",".366","0.921",".281",".498",".390",".365",".349",".217","71.8",24.2,13.4,10.8,29.4,23.7,"7.3",5,9.1,0.3,49.4,32.7,"90.2","13.6",37.9,10.4,45,"79.671218108","94.773724493",20.8,51.5
"Schmidt, Clarke",657376,2022,26,"29","57.2",236,207,46,31,10,0,5,56,23,23.7,9.7,".222",".343",".305","0.648",".218",".370",".285",".293",".302",".152",,,,,,,,,,,,,"89.1","13.5",34.2,9.7,37.4,"78.765151711","93.884151523",26.6,46.9
"Brebbia, John",605154,2021,31,"18","18.1",87,79,25,14,7,0,4,22,4,25.3,4.6,".316",".557",".360","0.917",".240",".417",".379",".294",".290",".178",,,,,,,,,,,,,"89.8","19.6",40.7,6.8,35.6,"80.988202414","93.663492586",23.2,54.5
"Díaz, Jhonathan",646242,2021,24,"3","13.0",59,50,11,6,4,0,1,9,7,15.3,11.9,".220",".360",".322","0.682",".266",".429",".302",".356",".367",".164",,,,,,,,,,,,,"86.5","10.3",40.5,9.5,33.3,"75.817690476","92.638279286",20,46.4
"Mantiply, Joe",573009,2024,33,"75","59.2",243,225,52,33,14,4,1,53,18,21.8,7.4,".231",".342",".288","0.630",".227",".384",".265",".284",".285",".157","71.4",18.9,14.8,11,34.1,25.2,"7.5",9,11.9,-5.9,52.6,34.5,"88.1","5.4",26.2,7.6,41.9,"76.265567024","94.272291557",27.5,52.8
"Kittredge, Andrew",552640,2022,32,"17","20.0",75,73,15,8,3,0,4,14,2,18.7,2.7,".205",".411",".227","0.638",".212",".398",".274",".271",".233",".185",,,,,,,,,,,,,"88.4","11.5",25.4,8.5,35.6,"78.070197","93.602792881",25.8,56.7
"Winkler, Dan",595465,2020,30,"18","18.1",76,63,11,8,0,0,3,18,11,23.7,14.5,".175",".317",".307","0.624",".221",".400",".286",".335",".349",".179",,,,,,,,,,,,,"85.5","15.4",39.1,8.7,32.6,"72.270585","93.507661395",27.4,48.8
"Buttrey, Ty",621142,2020,27,"27","26.1",112,99,28,16,7,1,4,18,9,16.1,8,".283",".495",".342","0.837",".269",".449",".344",".324",".330",".181",,,,,,,,,,,,,"90.1","5.5",34.5,7.1,41.7,"80.4886","94.340379639",20,47.9
"Cueto, Johnny",456501,2021,35,"22","114.2",490,445,127,83,23,6,15,98,30,20,6.1,".285",".465",".335","0.800",".276",".457",".342",".339",".327",".181",,,,,,,,,,,,,"88.6","14.1",35.8,6.4,38,"77.811140814","93.820999475",22.8,50.4
"Peralta, Freddy",642547,2022,26,"18","78.0",317,284,54,36,10,2,6,86,27,27.1,8.5,".190",".303",".266","0.569",".188",".307",".256",".259",".266",".119",,,,,,,,,,,,,"87.1","16.9",31.3,3.5,31.3,"76.1205713","93.119958392",29.9,44
"Montas, Frankie",593423,2024,31,"30","150.2",655,576,140,87,28,1,24,148,66,22.6,10.1,".243",".420",".325","0.745",".244",".438",".325",".336",".327",".193","72.2",26.9,14,10.7,28.5,21.9,"7.4",15,10.3,-1.3,52.4,33.3,"89.3","13.5",36.2,9.2,43.1,"77.762357972","94.576313396",24.9,48.7
"Gray, Jon",592351,2023,31,"29","157.1",656,582,149,110,16,1,22,142,54,21.6,8.2,".256",".400",".325","0.725",".256",".419",".317",".325",".327",".163","71.6",25.6,15.4,11.4,37.8,28,"7.3",11,8.9,0.3,45.7,32.3,"89.4","13.4",35.5,6.4,39.5,"78.991165586","94.126791486",26.4,50.8
"Garrett, Amir",607237,2020,28,"21","18.1",69,62,10,6,0,0,4,26,7,37.7,10.1,".161",".355",".246","0.601",".187",".365",".262",".279",".269",".179",,,,,,,,,,,,,"89.1","13.8",25,11.1,41.7,"77.782485556","94.229236667",43.7,42.1
"Bolton, Cody",675989,2024,26,"17","18.2",83,73,18,11,3,1,3,17,9,20.5,10.8,".247",".438",".325","0.763",".232",".388",".330",".310",".314",".156","71.8",23.2,10.8,8.1,29.7,22.2,"7.3",1,8.2,0,55.6,34.2,"87","15.1",33.3,7,35.1,"75.299181379","93.526030877",24.8,42.6
"Zerpa, Angel",672582,2024,24,"60","53.2",240,216,59,44,8,1,6,49,20,20.4,8.3,".273",".403",".339","0.742",".259",".420",".323",".328",".328",".161","70.4",12.2,12,10.1,36,30.4,"6.9",2,5.1,6.6,42.3,33.1,"90.3","2.8",27.8,7.1,43.8,"80.144588072","94.736351394",16,43.3
"Yacabonis, Jimmy",642231,2022,30,"14","14.0",73,61,20,10,6,0,4,21,10,28.8,13.7,".328",".623",".438","1.061",".273",".551",".452",".406",".392",".279",,,,,,,,,,,,,"91.3","18.9",50,22.5,42.5,"81.45455","94.810041",26.7,34.6
"Snider, Collin",676092,2024,28,"42","41.2",169,156,36,23,8,0,5,47,13,27.8,7.7,".231",".378",".290","0.668",".249",".410",".288",".312",".307",".162","70.8",19,12.2,8.8,26.3,19,"7.1",5,8.7,-0.8,47.8,31.7,"85.7","16.7",37.6,10.1,36.7,"72.702452407","93.378800187",30.2,52.4
"Soroka, Michael",647336,2023,25,"7","32.1",145,128,36,19,8,0,9,29,12,20,8.3,".281",".555",".361","0.916",".267",".486",".389",".361",".348",".219","71.2",18.2,16.7,12.1,39.6,28.8,"7.3",3,9.6,-0.4,53,31.3,"87.3","12.9",38,11,34,"75.610231837","93.616636837",23.5,45.3
"Romano, Jordan",605447,2023,30,"59","59.0",248,220,48,32,9,1,6,72,24,29,9.7,".218",".350",".301","0.651",".211",".362",".281",".283",".295",".151","70.7",19,11.9,7.9,41.7,27.8,"7.2",3,8.3,0.5,54,30,"89","16.6",34,7.3,36.7,"78.43683027","93.983183716",35.9,50.3
"Miller, Bryce",682243,2024,25,"31","180.1",704,654,131,84,25,1,21,171,45,24.3,6.4,".200",".338",".254","0.592",".226",".414",".260",".301",".279",".188","71.9",24.6,12.3,9.6,33.5,26.1,"7.2",21,9.3,-0.7,55.7,31.7,"90.3","16.3",32.8,9.7,41.2,"80.650222167","94.328141625",24.4,48.9
"Muñoz, Andrés",662253,2024,25,"60","59.1",232,202,31,22,3,0,6,77,26,33.2,11.2,".153",".257",".259","0.516",".177",".312",".233",".269",".282",".135","70.1",14.3,10.7,6.7,32.6,20.5,"7.5",16,10.3,-5.1,45.9,33.2,"86.3","1.5",31,8.7,33.3,"74.798663968","92.94803352",39.8,45.4
"Hill, Rich",448179,2023,43,"32","146.1",660,587,165,94,44,4,23,129,58,19.5,8.8,".281",".487",".351","0.838",".275",".479",".359",".357",".347",".204","71.6",21.9,17.5,14.5,37.5,31.1,"7.2",6,8.8,-0.3,52.1,30.8,"89.4","14.3",37.3,10.1,39.9,"78.850617598","94.135267838",19.3,45.4
"Patton, Spencer",607359,2023,35,"12","12.1",55,47,13,6,3,1,3,7,6,12.7,10.9,".277",".574",".345","0.919",".286",".579",".372",".394",".363",".293","70.4",14.3,13.2,10.2,34.2,26.5,"7.1",1,5.7,2.5,34.7,30.2,"89.6","23.2",40.5,14.3,42.9,"79.570764286","94.034015952",19.1,45.9
"Porcello, Rick",519144,2020,31,"12","59.0",261,244,74,53,15,1,5,54,15,20.7,5.7,".303",".434",".349","0.783",".292",".466",".340",".348",".339",".174",,,,,,,,,,,,,"87.2","16.4",35.3,8.4,36.8,"74.969895638","93.762452941",15.5,48.4
"Yamaguchi, Shun",685493,2020,32,"17","25.2",120,99,28,15,5,2,6,26,17,21.7,14.2,".283",".556",".392","0.948",".232",".416",".398",".338",".352",".184",,,,,,,,,,,,,"89.1","12.5",26.7,8,37.3,"78.163724722","94.226062639",28,49
"Gausman, Kevin",592332,2020,29,"12","59.2",245,226,50,30,10,2,8,79,16,32.2,6.5,".221",".389",".270","0.659",".228",".385",".283",".290",".280",".157",,,,,,,,,,,,,"88","13.1",34.2,7.4,36.9,"76.682279595","93.725435608",33.1,50.9
"Yardley, Eric",642233,2021,30,"17","18.2",89,74,24,13,8,0,3,5,10,5.6,11.2,".324",".554",".420","0.974",".274",".467",".408",".365",".379",".193",,,,,,,,,,,,,"85.6","0.5",26.8,7,40.8,"69.872071429","94.737332143",11.9,40
"Borucki, Ryan",621366,2024,30,"14","11.0",51,45,14,9,3,0,2,13,4,25.5,7.8,".311",".511",".380","0.891",".310",".546",".385",".401",".379",".236","71.5",20.8,23.1,17,38.5,28.3,"7.5",1,11.3,-4.5,49.1,31.9,"89.1","5.4",42.4,12.1,33.3,"78.611337333","93.834587",34.5,50
"Abad, Fernando",472551,2021,35,"16","17.2",82,75,23,15,6,1,1,10,7,12.2,8.5,".307",".453",".366","0.819",".279",".408",".350",".327",".340",".129",,,,,,,,,,,,,"87.6","10.5",27.7,4.6,36.9,"76.634505938","93.33635",13.7,43.8
"Machado, Andrés",600921,2023,30,"44","50.0",207,188,53,32,9,0,12,43,13,20.8,6.3,".282",".521",".328","0.849",".283",".516",".356",".356",".329",".234","71.4",23.1,13.8,10.4,26.3,19.8,"7.3",5,9.6,0.1,53.8,32.3,"87.8","10.1",38.7,11.3,39.3,"75.614672329","94.157285655",24,50.6
"Vest, Will",676684,2023,28,"48","48.1",199,185,40,27,9,1,3,56,13,28.1,6.5,".216",".324",".268","0.592",".225",".364",".259",".277",".276",".140","70.7",19,6.2,4.8,33,25.4,"6.9",2,5.8,6.9,41.3,32.9,"90.2","11",35.7,5.4,45,"80.106366923","94.698587132",24.3,47.6
"Keuchel, Dallas",572971,2022,34,"14","60.2",303,269,94,59,21,3,11,45,31,14.9,10.2,".349",".572",".413","0.985",".288",".474",".419",".359",".359",".187",,,,,,,,,,,,,"88.8","5.5",39.6,8.8,39.2,"77.907522281","93.97665511",22.5,45.1
"Adam, Jason",592094,2021,29,"12","10.2",50,41,10,5,4,0,1,19,6,38,12,".244",".415",".380","0.795",".166",".305",".354",".290",".316",".139",,,,,,,,,,,,,"87","18.4",31.8,9.1,36.4,"74.721514545","93.648026364",34,43.1
"Castro, Miguel",612434,2021,26,"69","70.1",303,254,48,34,7,0,7,77,43,25.4,14.2,".189",".299",".320","0.619",".207",".351",".286",".313",".336",".144",,,,,,,,,,,,,"86","8.5",34.5,6.8,33.9,"73.682177955","93.182147371",32.6,41.8
"Devenski, Chris",606965,2022,31,"13","14.2",67,62,21,10,6,2,3,12,1,17.9,1.5,".339",".645",".343","0.988",".270",".510",".406",".351",".292",".240",,,,,,,,,,,,,"91.7","15.4",37.7,15.1,49.1,"82.405314815","95.196106604",26.6,51.5
"Hudson, Bryan",663542,2024,27,"43","62.1",231,208,28,13,7,1,7,62,17,26.8,7.4,".135",".279",".209","0.488",".195",".342",".218",".273",".266",".147","71.2",20.5,12.3,9.7,27.6,21.8,"7",7,4.9,5.5,38.3,33.8,"87.8","14.2",35.8,6.8,36.5,"76.378445676","93.743675068",21.5,47.7
"Garrett, Amir",607237,2022,30,"60","45.1",196,158,28,20,6,2,0,49,32,25,16.3,".177",".241",".332","0.573",".191",".285",".276",".296",".343",".094",,,,,,,,,,,,,"88.3","17.8",30.9,6.4,30,"77.774597778","93.572094815",26.9,42.5
"Thompson, Zack",668868,2022,24,"22","34.2",136,122,20,14,3,0,3,27,14,19.9,10.3,".164",".262",".250","0.512",".230",".361",".235",".300",".310",".131",,,,,,,,,,,,,"87","5.4",30.5,6.3,37.9,"75.433960638","93.381720538",17.6,46.4
"Marsh, Alec",679525,2023,25,"17","74.1",342,290,77,39,17,5,16,85,39,24.9,11.4,".266",".524",".369","0.893",".255",".495",".381",".369",".360",".240","72",29.2,16.4,11.9,36.4,26.4,"7.5",12,12,-2.8,52.2,32.8,"89.7","14.2",40.4,9.6,41.8,"79.174797941","94.346829314",29.6,45.5
"Legumina, Casey",668984,2023,26,"11","12.2",61,52,16,7,6,0,3,11,9,18,14.8,".308",".596",".410","1.006",".240",".391",".425",".332",".352",".151","73.2",60,20,20,20,20,"7.4",0,5.4,-6.3,60,34.7,"85.4","4.5",24.4,4.9,34.1,"72.543241429","93.327246341",22.8,43.7
"Rodón, Carlos",607074,2022,29,"31","178.0",710,649,131,87,31,1,12,237,52,33.4,7.3,".202",".308",".263","0.571",".196",".319",".255",".257",".258",".123",,,,,,,,,,,,,"89","19.4",33.6,6.5,39.8,"79.131004203","93.698768499",31.2,49.8
"Barnes, Jacob",606930,2020,30,"18","18.0",78,69,19,13,5,0,1,24,4,30.8,5.1,".275",".391",".325","0.716",".247",".432",".310",".323",".306",".184",,,,,,,,,,,,,"90.2","12.8",41.7,6.3,47.9,"80.63386","94.627657021",33.6,48.2
"King, John",667463,2022,27,"39","51.1",222,205,61,49,6,1,5,30,14,13.5,6.3,".298",".410",".344","0.754",".278",".420",".326",".321",".326",".142",,,,,,,,,,,,,"90.7","0.2",24.9,6.2,44.6,"79.804229767","95.168030174",19.9,49.5
"Greene, Hunter",668881,2024,24,"26","150.1",611,526,96,62,19,3,12,169,57,27.7,9.3,".183",".298",".283","0.581",".188",".314",".265",".276",".289",".126","71.5",20.3,7.4,5.4,25.1,18.4,"7.3",24,9.5,-1.5,48.9,31,"87.3","20.8",29,5.2,32.5,"76.321243094","93.167150497",29.7,50.6
"Civale, Aaron",650644,2021,26,"21","124.1",498,458,108,63,18,4,23,99,31,19.9,6.2,".236",".443",".288","0.731",".258",".462",".311",".333",".309",".204",,,,,,,,,,,,,"88.3","12.1",33.8,8.2,39.3,"76.4232305","94.277432417",21.4,47.4
"Chafin, Andrew",605177,2021,31,"71","68.2",266,242,45,33,7,1,4,64,19,24.1,7.1,".186",".273",".248","0.521",".204",".340",".231",".272",".268",".136",,,,,,,,,,,,,"87.7","12.7",31.5,6.1,33.7,"77.030864659","93.223669375",25.9,50.1
"Kelly, Merrill",518876,2021,32,"27","158.0",667,612,163,107,31,4,21,130,41,19.5,6.1,".266",".433",".315","0.748",".266",".436",".319",".324",".315",".170",,,,,,,,,,,,,"89","12.9",33.1,6.3,39.6,"78.355076255","94.143832227",20.6,49.2
"Williams, Trevor",592866,2022,30,"30","89.2",372,344,87,58,15,2,12,84,23,22.6,6.2,".253",".413",".307","0.720",".231",".407",".314",".301",".287",".176",,,,,,,,,,,,,"87.8","18.3",33.3,7.7,37.2,"76.198450625","93.735487227",23.9,48.8
"Webb, Logan",657277,2022,25,"32","192.1",787,726,174,122,38,3,11,163,49,20.7,6.2,".240",".346",".293","0.639",".248",".378",".283",".300",".301",".130",,,,,,,,,,,,,"88.9","3.1",29.3,5.5,39,"78.053770216","94.043291367",24.1,47.3
"Saalfrank, Andrew",685314,2023,25,"10","10.1",41,37,7,7,0,0,0,6,4,14.6,9.8,".189",".189",".268","0.457",".265",".325",".207",".290",".337",".060","71.5",14.9,18.9,13.5,35.8,25.7,"7.5",3,11.8,-3.4,60.8,35.3,"86.7","-4.3",25.8,0,48.4,"73.0302525","94.621302258",31.4,55.1
"Anderson, Tyler",542881,2024,34,"31","179.1",765,681,158,99,32,3,24,142,73,18.6,9.5,".232",".394",".311","0.705",".244",".423",".308",".326",".322",".179","72.1",24.5,12.8,9.3,33,23.8,"7.5",12,13.6,-7.5,50.8,30.8,"87.2","17.6",34.1,7.9,33,"76.273537333","93.1219435",27.8,49.3
"Cousins, Jake",664776,2024,29,"37","38.0",155,130,20,13,1,1,5,53,20,34.2,12.9,".154",".292",".290","0.582",".184",".327",".268",".295",".315",".144","69.8",11.9,11.1,8,25,17.9,"7.5",14,14.2,-11.5,36.8,32.9,"86.2","14.1",31.2,7.8,33.8,"73.749845526","93.3060275",35.8,43.3
"Arihara, Kohei",685503,2021,28,"10","40.2",178,160,45,18,14,2,11,24,13,13.5,7.3,".281",".600",".348","0.948",".296",".611",".395",".412",".363",".316",,,,,,,,,,,,,"91.7","11.7",41.6,13.9,49.6,"81.410378955","95.597487687",18.6,43.2
"Reyes, Alex",621052,2020,25,"15","19.2",86,71,14,10,3,0,1,27,14,31.4,16.3,".197",".282",".329","0.611",".185",".316",".281",".288",".320",".130",,,,,,,,,,,,,"86.3","21.2",35.6,8.9,28.9,"75.929288636","92.547942558",34.6,43.9
"Ryan, Joe",657746,2024,28,"23","135.0",538,507,110,61,24,6,19,147,23,27.3,4.3,".217",".400",".257","0.657",".207",".365",".282",".268",".248",".158","71.2",21.4,10.9,8.1,29.4,21.9,"7.2",17,9.8,-1.7,52.6,30.6,"88.3","18.5",33.6,8.5,36.6,"77.148522833","93.914347298",26.6,50.9
"Alvarado, José",621237,2024,29,"66","61.2",258,228,49,33,8,2,6,63,28,24.4,10.9,".215",".346",".302","0.648",".234",".374",".288",".311",".320",".141","71.4",22.1,13.1,9.4,32.3,23.1,"7.3",1,11.3,-4.1,55.3,33.8,"89.5","12.6",31.3,6.6,41,"78.485103659","94.479599877",28.4,46.6
"Tepera, Ryan",572193,2022,34,"59","57.1",232,208,42,27,8,0,7,47,20,20.3,8.6,".202",".341",".277","0.618",".218",".363",".270",".285",".293",".145",,,,,,,,,,,,,"87.4","16.1",30.1,5.5,28.2,"77.816471111","92.519816149",30.7,46.7
"Booser, Cam",592155,2024,32,"43","42.2",183,164,41,29,6,1,5,43,16,23.5,8.7,".250",".390",".311","0.701",".227",".389",".304",".298",".294",".162","70.7",18.6,11.8,8.5,35.5,25.5,"7.3",4,11.1,-3.1,59.1,31.9,"88.6","20.6",38.7,8.1,36.3,"78.02345459","93.842475574",28.9,52.8
"Sborz, Josh",622250,2022,28,"19","22.1",100,88,25,15,6,0,4,32,11,32,11,".284",".489",".360","0.849",".266",".452",".364",".343",".345",".186",,,,,,,,,,,,,"92.1","18.8",43.9,10.5,47.4,"82.850164138","95.06927",35.3,43.9
"Eovaldi, Nathan",543135,2020,30,"9","48.1",199,187,51,31,10,2,8,52,7,26.1,3.5,".273",".476",".313","0.789",".253",".430",".336",".314",".295",".176",,,,,,,,,,,,,"90.1","8.6",31.6,8.8,39.7,"80.262470152","94.391919924",28.1,53.3
"King, John",667463,2021,26,"27","46.0",193,176,41,31,6,1,3,40,12,20.7,6.2,".233",".330",".297","0.627",".227",".335",".276",".280",".292",".107",,,,,,,,,,,,,"88.5","-0.9",30.7,3.6,39.4,"77.949598529","93.670002074",26.1,50.6
"Stratton, Hunter",676702,2024,27,"36","37.2",158,145,37,26,8,0,3,33,7,20.9,4.4,".255",".372",".303","0.675",".230",".363",".297",".286",".280",".133","71.5",23.9,14,10.8,29.5,22.7,"7.3",3,10.7,-3,56.6,31.6,"87.3","19.4",32.2,6.1,31.3,"76.05360375","93.397733694",27.4,52.3
"Hudson, Dakota",641712,2020,25,"8","39.0",151,135,24,15,4,0,5,31,15,20.5,9.9,".178",".319",".265","0.584",".221",".357",".257",".293",".304",".136",,,,,,,,,,,,,"89.1","8.2",26,4.8,40.4,"78.465470769","94.106156019",22,47
"Matz, Steven",571927,2022,31,"15","48.0",207,195,50,32,10,0,8,54,10,26.1,4.8,".256",".431",".300","0.731",".253",".394",".318",".302",".296",".141",,,,,,,,,,,,,"88.4","13.9",39.7,9.2,36.2,"77.569625352","93.699135603",27.6,49.5
"Cuas, Jose",621016,2024,30,"13","16.1",83,67,19,13,1,1,4,17,10,20.5,12,".284",".507",".410","0.917",".263",".523",".394",".393",".393",".260","71.4",19.8,13.7,10.4,42.5,32.3,"7.1",1,7.5,3.5,52.1,32.8,"92.8","15.6",35.3,11.8,43.1,"84.869879231","94.905666078",28.4,44.2
"Gsellman, Robert",607229,2021,27,"17","28.2",119,109,27,18,6,0,3,17,7,14.3,5.9,".248",".385",".305","0.690",".278",".432",".302",".335",".333",".154",,,,,,,,,,,,,"86.3","7.4",30.4,5.4,31.5,"74.489542609","93.191242308",22.2,50.6
"Richards, Garrett",572070,2020,32,"14","51.1",213,193,47,29,10,1,7,46,17,21.6,8,".244",".415",".310","0.725",".247",".446",".313",".327",".313",".199",,,,,,,,,,,,,"89.8","14.6",37.2,8.8,35.1,"80.637716027","93.78769226",26.1,47.1
"Leiter Jr., Mark",643410,2023,32,"69","64.1",269,233,48,27,12,2,7,77,24,28.6,8.9,".206",".365",".299","0.664",".224",".387",".293",".312",".316",".163","72.4",30.3,15.7,11.4,33.1,24,"7.5",2,12.6,-7.3,50.9,33.2,"88.2","10.2",33.1,8.8,39.4,"76.14347975","94.247950314",32.3,44.3
"Jiménez, Joe",641729,2020,25,"25","22.2",101,88,25,13,5,0,7,22,6,21.8,5.9,".284",".580",".356","0.936",".274",".517",".390",".376",".355",".243",,,,,,,,,,,,,"92.1","17.2",38.2,10.3,50,"83.109755588","94.989268955",26.4,50.6
"Stratton, Chris",608717,2024,33,"57","58.1",257,214,53,33,13,2,5,44,33,17.1,12.8,".248",".397",".348","0.745",".251",".411",".326",".345",".357",".160","71.6",19.6,15.2,12.4,35.7,29.2,"7.3",7,10,-0.5,60.9,32.4,"87.1","11",39,8.5,37.9,"75.071382841","93.608085455",20.6,42.9
"Howard, Spencer",675921,2021,24,"19","49.2",229,197,53,35,7,4,7,52,27,22.7,11.8,".269",".452",".362","0.814",".245",".404",".352",".330",".343",".160",,,,,,,,,,,,,"88.2","16.7",36.1,7.5,35.4,"77.590095479","93.557407241",25.2,44.9
"Crochet, Garrett",676979,2021,22,"54","54.1",230,197,42,32,7,1,2,65,27,28.3,11.7,".213",".289",".308","0.597",".212",".318",".269",".281",".308",".106",,,,,,,,,,,,,"88.8","14.2",36.8,4.4,39,"78.396418636","93.815186718",28.9,44.6
"Hall, DL",669084,2023,24,"18","19.1",81,76,18,11,5,0,2,23,5,28.4,6.2,".237",".382",".284","0.666",".214",".336",".289",".264",".263",".122","70.4",13.2,12.5,8.8,25,17.5,"6.9",4,4.7,4.9,45.2,30,"84.3","10.7",28.3,7.5,26.4,"71.844431923","92.642236275",30.3,50.7
"Sampson, Adrian",592716,2022,30,"21","104.1",428,399,101,71,18,2,10,73,27,17.1,6.3,".253",".383",".304","0.687",".263",".430",".302",".324",".313",".168",,,,,,,,,,,,,"87.9","13.6",36.2,6.7,35.9,"77.060339691","93.5168225",21.3,48.2
"Wentz, Joey",666214,2023,25,"25","105.2",492,444,131,78,26,2,25,98,47,19.9,9.6,".295",".532",".362","0.894",".271",".504",".380",".362",".341",".233","71.2",19.4,16.2,11.9,37.3,27.4,"7.4",6,10.8,-5.2,49.2,32.6,"89.9","17.4",36.6,11.5,41.5,"78.993358439","94.633444798",25.5,47.8
"Romano, Jordan",605447,2020,27,"15","14.2",57,52,8,5,1,0,2,21,5,36.8,8.8,".154",".288",".228","0.516",".174",".328",".230",".254",".246",".154",,,,,,,,,,,,,"92.3","-0.5",25.8,9.7,51.6,"84.346276875","94.887779355",43.8,47.3
"Johnson, Pierce",572955,2023,32,"67","62.2",277,245,63,39,14,0,10,90,30,32.5,10.8,".257",".437",".337","0.774",".233",".379",".335",".305",".315",".147","70",12.5,10.3,6.8,33.3,22.2,"7.4",8,10.2,-2.9,51.1,32.7,"90.7","13.1",43.9,6.4,47.1,"81.235819231","94.529324551",33.1,46.8
"Assad, Javier",665871,2024,26,"29","147.0",638,562,143,91,30,2,20,124,63,19.4,9.9,".254",".422",".333","0.755",".259",".445",".330",".344",".338",".186","72",27.3,14.7,12.3,35.5,29.8,"7.2",16,8.7,0.9,49.1,32.5,"89.1","13.3",36,8.8,39.8,"78.304060092","94.272452936",17.9,42.5
"Cabrera, Edward",665795,2024,26,"20","96.1",417,361,82,54,12,1,15,107,49,25.7,11.8,".227",".391",".326","0.717",".241",".423",".317",".337",".338",".183","72.3",26.9,14.5,10.8,28.6,21.3,"7.4",20,11.6,-3.8,50,33.8,"89.7","10",32.4,8.6,45.7,"78.09417746","94.921917421",28,45.5
"Diekman, Jake",518617,2020,33,"21","21.1",84,70,8,7,0,0,1,31,12,36.9,14.3,".114",".157",".253","0.410",".133",".245",".202",".240",".270",".112",,,,,,,,,,,,,"86","6.7",20,7.5,42.5,"71.800423158","94.221457368",40.8,44.4
"Cobb, Alex",502171,2022,34,"28","149.2",631,580,152,119,24,0,9,151,43,23.9,6.8,".262",".350",".315","0.665",".234",".338",".296",".279",".290",".104",,,,,,,,,,,,,"89.2","1.8",26.3,3.7,41.1,"78.451360236","94.153661087",24.9,45
"Payamps, Joel",606303,2021,27,"37","50.1",205,190,44,28,10,0,6,38,14,18.5,6.8,".232",".379",".288","0.667",".213",".343",".286",".268",".271",".130",,,,,,,,,,,,,"86.3","13.9",28.9,5.3,30.3,"74.821998533","92.840038267",23,48.9
"Minter, A.J.",621345,2023,29,"70","64.2",260,237,56,41,8,1,6,82,21,31.5,8.1,".236",".354",".296","0.650",".215",".362",".283",".282",".281",".147","71.8",23.3,11.1,7.6,20.5,14,"7.4",2,9.4,-0.4,54.7,31.5,"87.9","17.7",36.9,7,36.3,"76.785325844","93.554433399",31.4,50.4
"Mlodzinski, Carmen",669387,2023,24,"35","36.0",152,131,28,21,4,0,3,34,18,22.4,11.8,".214",".313",".309","0.622",".239",".361",".279",".309",".333",".122","70.9",20,10.9,8.6,27.7,21.7,"7.2",2,6.9,2.4,50.3,32.1,"88.7","10.5",35.4,4,41.4,"77.2524072","94.159690808",21.4,45.4
"Mayza, Tim",641835,2023,31,"69","53.1",215,199,50,36,12,0,2,53,15,24.7,7,".251",".342",".302","0.644",".250",".355",".279",".285",".302",".105","71.6",19.5,11.8,9.4,33.3,26.6,"7.1",0,5.8,3.1,43.8,34.6,"87.3","1.9",28.6,4.1,39.5,"74.285697361","94.271990556",22.9,43.8
"Sanmartin, Reiver",665665,2022,26,"45","57.0",256,225,66,43,13,2,8,47,29,18.4,11.3,".293",".476",".373","0.849",".227",".392",".367",".309",".314",".166",,,,,,,,,,,,,"86","4.6",29.4,7.2,35.6,"73.033671461","93.519635367",25.7,45.6
"Scott, Tanner",656945,2020,25,"25","20.2",86,73,12,9,2,0,1,23,10,26.7,11.6,".164",".233",".291","0.524",".203",".297",".251",".290",".323",".094",,,,,,,,,,,,,"85.1","4.4",28,4,30,"72.8719172","92.7509018",35.9,42
"Winder, Josh",680739,2023,26,"19","34.2",147,131,35,21,9,2,3,28,14,19,9.5,".267",".435",".333","0.768",".246",".447",".331",".336",".320",".200","71.9",26.5,14.7,12.2,36.8,30.6,"7.5",4,12.3,-4.4,59.7,33.2,"91","13.1",32.4,8.6,43.8,"80.758923774","95.218280857",20.3,48.5
"Nance, Tommy",667297,2024,33,"20","22.0",93,81,18,11,4,1,2,19,9,20.4,9.7,".222",".370",".304","0.674",".248",".418",".288",".329",".334",".171","71.2",22.8,17.4,13,39.1,29.3,"7.5",5,11,0,51.2,31,"87.3","7.9",39.1,12.5,35.9,"76.03967","93.384388871",26.4,43.5
"Hicks, Jordan",663855,2024,27,"29","109.2",481,423,112,75,23,2,12,96,47,20,9.8,".265",".414",".349","0.763",".251",".425",".336",".338",".338",".174","71.5",20.4,14.9,11.4,34.5,26.4,"7.5",8,12.1,-4.9,47.7,34.1,"89.6","8.9",34.7,9.4,42.2,"78.413726111","94.634853364",24.6,44.3
"Wesneski, Hayden",669713,2024,26,"28","67.2",283,260,56,34,10,0,12,67,21,23.7,7.4,".215",".392",".279","0.671",".232",".434",".293",".318",".295",".202","71.8",25.8,13.8,11,32.1,25.6,"7.4",19,10.3,-2.9,58.4,32.3,"87.6","10.8",32.6,9.3,36.8,"75.673705104","93.85465901",25.7,45.6
"Newsome, Ljay",664714,2020,23,"5","15.2",68,66,20,10,5,1,4,9,1,13.2,1.5,".303",".591",".324","0.915",".259",".431",".381",".305",".281",".172",,,,,,,,,,,,,"87.7","17",28.1,7,40.4,"76.530467931","93.681333333",21.6,52.5
"Berroa, Prelander",672860,2024,24,"17","19.0",83,69,15,9,4,0,2,26,13,31.3,15.7,".217",".362",".349","0.711",".131",".215",".318",".236",".278",".083","71.1",16.3,6.2,4.3,17.5,12.1,"7.7",6,14.4,-9.3,44,33.1,"84.4","21.1",25.6,4.7,18.6,"74.777498182","91.421739535",34.4,46
"Law, Derek",571882,2021,30,"9","15.0",67,58,16,10,3,1,2,14,8,20.9,11.9,".276",".466",".358","0.824",".258",".448",".353",".349",".347",".190",,,,,,,,,,,,,"89.9","10.8",35.6,8.9,42.2,"79.876777727","94.185632727",34.3,47.9
"Szapucki, Thomas",663378,2022,26,"11","15.0",67,60,19,5,8,0,6,18,7,26.9,10.4,".317",".750",".388","1.138",".252",".526",".474",".365",".330",".274",,,,,,,,,,,,,"93.2","18.6",45.2,14.3,52.4,"85.235346667","95.525485952",24.2,45.4
"Severino, Luis",622663,2024,30,"31","182.0",761,684,166,118,23,2,23,161,60,21.2,7.9,".243",".383",".313","0.696",".239",".381",".308",".307",".310",".142","71.6",22.6,10.8,8.6,28.3,22.4,"7.1",26,7.4,2.3,51.2,32.2,"87.1","12.7",30.4,5.7,35.6,"75.272418577","93.515669191",22,50.6
"Lawrence, Justin",664875,2021,26,"19","16.2",86,63,21,16,5,0,0,17,19,19.8,22.1,".333",".413",".471","0.884",".241",".344",".390",".354",".414",".104",,,,,,,,,,,,,"91.2","6.9",36,4,42,"82.774690833","94.27235",25.7,34.7
"Peralta, Wily",503449,2021,32,"19","93.2",402,352,87,55,17,3,12,58,38,14.4,9.5,".247",".415",".323","0.738",".253",".429",".319",".335",".333",".176",,,,,,,,,,,,,"89.1","8.7",30.9,7.3,38.2,"77.879246014","94.340995593",21.3,45.2
"Jackson, Andre",656578,2023,27,"19","61.1",257,231,52,29,11,1,11,57,22,22.2,8.6,".225",".424",".296","0.720",".265",".480",".310",".352",".333",".216","71.5",20.8,13.1,9.9,36.6,27.6,"7.3",4,11.6,-4.5,54.4,32,"90.8","14.5",39.2,10.8,44.3,"81.077767159","94.835657841",24.4,48.3
"Neal, Zach",594943,2023,34,"14","27.0",124,107,30,13,9,0,8,25,14,20.2,11.3,".280",".589",".374","0.963",".296",".569",".403",".405",".387",".274","71.9",21.7,14.4,11.1,27.4,21.2,"7.5",3,12.8,-3.5,53.4,33.3,"87.7","12.3",49.4,12,41,"74.15568439","94.70369122",23.1,49.6
"Alcala, Jorge",660896,2023,27,"11","17.1",75,63,14,6,3,0,5,16,10,21.3,13.3,".222",".508",".333","0.841",".217",".475",".356",".366",".341",".259","71.2",36.4,0,0,16.7,9.1,"7.1",0,5.8,1.8,45.5,33.7,"86.4","14.5",31.3,16.7,33.3,"73.325245833","94.05921383",25.4,40.8
"DeSclafani, Anthony",543101,2020,30,"9","33.2",158,136,41,25,8,1,7,25,16,15.8,10.1,".301",".529",".380","0.909",".285",".509",".384",".378",".369",".224",,,,,,,,,,,,,"89.6","11",36,11.4,46.5,"78.933170877","94.490017965",23.4,44
"Dobnak, Randy",677976,2020,25,"10","46.2",200,180,50,40,7,0,3,27,13,13.5,6.5,".278",".367",".338","0.705",".261",".377",".313",".311",".324",".117",,,,,,,,,,,,,"87.8","1.2",26.6,5.2,40.9,"75.1416852","94.450353356",20.7,47.9
"Eovaldi, Nathan",543135,2021,31,"32","182.1",764,719,182,109,54,4,15,195,35,25.5,4.6,".253",".402",".294","0.696",".235",".373",".298",".285",".278",".137",,,,,,,,,,,,,"88","12.8",37,6.3,36.4,"76.964025856","93.6398384",25.9,51.6
"Chavez, Jesse",445926,2023,39,"36","34.2",144,128,26,19,4,1,2,39,12,27.1,8.3,".203",".297",".285","0.582",".231",".341",".263",".292",".310",".110","71",17.2,14.3,13.8,46.4,44.8,"6.9",0,5.8,2.4,41.4,33.1,"87.1","7.2",33.3,3.3,33.3,"76.766142889","92.870256742",28.3,41.3
"Toussaint, Touki",657053,2024,28,"11","23.0",117,97,35,24,6,2,3,26,18,22.2,15.4,".361",".557",".462","1.019",".270",".418",".437",".364",".392",".149","72.1",23.5,13.5,10.1,28.6,21.2,"7.7",1,16,-11.2,50.8,35.1,"88.8","7.7",40.3,5.6,38.9,"79.021804167","93.321083611",27.5,41.5
"Mushinski, Parker",656786,2024,28,"10","11.0",50,43,11,7,3,0,1,3,5,6,10,".256",".395",".340","0.735",".327",".435",".323",".376",".407",".108","72.5",38.7,13.2,11.3,43.4,37.1,"7.5",1,10,-2.9,54.8,33.4,"87.4","17.1",34.1,0,31.7,"78.195469","92.3415115",16.3,44.3
"Littell, Zack",641793,2023,27,"28","90.0",379,360,94,60,20,1,13,74,12,19.5,3.2,".261",".431",".291","0.722",".268",".441",".308",".317",".298",".173","71.8",22.9,15.7,12.7,32.8,26.5,"7.3",5,10.7,-1.3,47.9,31.8,"89.6","12.8",33.9,8.3,41.9,"79.017141259","94.340082281",21,53.4
"Stanek, Ryne",592773,2020,28,"9","10.0",48,40,11,7,1,0,3,11,8,22.9,16.7,".275",".525",".396","0.921",".233",".489",".388",".361",".361",".256",,,,,,,,,,,,,"89.8","20.2",27.6,13.8,44.8,"78.044285714","95.186490357",33.7,47.1
"Kopech, Michael",656629,2021,25,"44","69.1",285,257,54,34,7,4,9,103,24,36.1,8.4,".210",".374",".277","0.651",".181",".330",".280",".260",".256",".149",,,,,,,,,,,,,"88.3","18.6",31.2,8.9,35.7,"78.178539868","93.445508411",32.8,46.5
"Loáisiga, Jonathan",642528,2021,26,"57","70.2",283,260,56,46,6,1,3,69,16,24.4,5.7,".215",".281",".267","0.548",".186",".256",".245",".230",".242",".069",,,,,,,,,,,,,"84","1.5",20.5,3.1,24.1,"71.895815208","92.203125393",27.8,53
"Mayza, Tim",641835,2024,32,"50","42.2",195,175,54,35,12,2,5,28,15,14.4,7.7,".309",".486",".359","0.845",".282",".474",".358",".349",".339",".192","71.7",22.2,15.2,12.8,35,29.3,"7.1",1,7.2,4.7,49.2,32.3,"88.3","9.2",42.4,9.3,38.4,"77.397422838","93.76203585",17.5,44.5
"Brogdon, Connor",641401,2020,25,"9","11.1",44,39,5,1,1,0,3,17,5,38.6,11.4,".128",".385",".227","0.612",".160",".283",".252",".235",".255",".124",,,,,,,,,,,,,"90.1","17",22.7,9.1,45.5,"79.129818182","94.900273636",32.6,51.6
"Foltynewicz, Mike",592314,2021,29,"28","139.0",586,535,139,68,34,2,35,97,36,16.6,6.1,".260",".527",".316","0.843",".261",".500",".355",".351",".319",".239",,,,,,,,,,,,,"89.8","16.1",37.2,9.2,43,"78.83503621","94.822570228",18.3,47.4
"Valdez, Phillips",570488,2021,29,"28","40.0",177,147,35,26,5,0,4,35,19,19.8,10.7,".238",".354",".347","0.701",".247",".384",".312",".330",".355",".138",,,,,,,,,,,,,"88.3","5",27.6,6,36.2,"76.469802632","94.220576053",23,42
"Shreve, Chasen",592741,2021,30,"57","56.1",235,203,43,24,12,0,7,45,28,19.1,11.9,".212",".374",".306","0.680",".208",".371",".298",".302",".308",".163",,,,,,,,,,,,,"88","16.7",34.2,6.8,30.4,"78.823233875","92.673656415",24.3,48
"Ryan, Joe",657746,2023,27,"29","161.2",672,626,155,92,30,1,32,197,34,29.3,5.1,".248",".452",".290","0.742",".220",".409",".316",".292",".267",".190","72.1",26.1,12.3,9.1,26.6,19.7,"7.2",5,10,-1.7,53.1,30.4,"90","20.4",34,8.7,41.6,"79.798987488","94.412337442",26.8,55.1
"Vásquez, Randy",681190,2023,24,"11","37.2",166,142,30,18,7,0,5,33,18,19.9,10.8,".211",".366",".315","0.681",".266",".445",".303",".354",".363",".179","71",20.5,9.9,8.2,27,22.2,"7.3",1,11.1,-1.3,52,30.8,"86.9","13.4",36.4,6.4,38.2,"74.038227091","93.944955505",17.9,46
"Okert, Steven",595345,2023,31,"64","58.2",247,218,50,26,14,1,9,73,24,29.6,9.7,".229",".427",".310","0.737",".216",".398",".319",".305",".299",".182","71.5",21.4,15.8,11.2,32.4,23,"7.4",3,12,-6.2,46.4,32.2,"88.2","23.5",43.2,9.5,34.5,"77.366805","93.579871042",30.7,47.6
"Ramírez, Erasmo",541640,2024,34,"13","20.2",85,73,12,6,1,0,5,15,10,17.6,11.8,".164",".384",".271","0.655",".197",".442",".282",".322",".302",".245","72.3",25.8,12,9.4,36,28.1,"7.4",3,12,-1.5,68,31.6,"88","17.9",32.2,15.3,32.2,"78.473914667","92.818081525",23.4,46.7
"Overton, Connor",656818,2022,28,"6","33.0",124,112,21,17,3,0,1,14,11,11.3,8.9,".188",".241",".258","0.499",".240",".359",".230",".296",".307",".120",,,,,,,,,,,,,"90.2","16.2",26.3,3,41.4,"80.990929","93.944837677",16.3,44.6
"Luetge, Lucas",476595,2023,36,"12","13.2",65,56,17,14,1,0,2,14,7,21.5,10.8,".304",".429",".385","0.814",".287",".412",".357",".346",".371",".125","69.9",21.7,5.3,4.3,15.8,13,"7.5",0,13,-15.4,56.5,37.1,"85.8","11.7",34.9,2.3,27.9,"75.812687727","92.083130233",21,48.3
"Kelly, Merrill",518876,2020,31,"5","31.1",125,119,26,15,6,0,5,29,5,23.2,4,".218",".395",".256","0.651",".244",".436",".275",".304",".281",".192",,,,,,,,,,,,,"88.5","13.3",36.7,11.1,40,"76.663023409","94.35112625",23.5,45.9
"Stephens, Jackson",623451,2022,28,"39","53.2",235,206,49,37,9,0,3,47,23,20,9.8,".238",".325",".322","0.647",".250",".378",".286",".310",".333",".129",,,,,,,,,,,,,"87","8.8",33.3,4.9,32.1,"76.325581875","92.90057525",22.1,48.9
"Finnegan, Kyle",640448,2024,32,"65","63.2",271,245,61,45,4,3,9,60,24,22.1,8.9,".249",".400",".315","0.715",".259",".430",".309",".327",".325",".171","71.7",22.3,14.5,11.3,32.3,25.1,"7.1",4,6.7,3.9,49.1,31.7,"91.3","10.6",31.6,7,48.1,"80.415694946","95.621577135",23.1,53.2
"Payamps, Joel",606303,2022,28,"41","55.2",241,220,60,42,9,2,7,41,16,17,6.6,".273",".427",".325","0.752",".242",".411",".325",".308",".301",".169",,,,,,,,,,,,,"89","6.5",29.7,7.7,43.4,"77.545487191","94.390634831",22.6,47
"Carrasco, Carlos",471911,2022,35,"29","152.0",645,593,161,105,38,1,17,152,41,23.6,6.4,".272",".425",".326","0.751",".252",".418",".327",".316",".309",".166",,,,,,,,,,,,,"88.4","9.7",35.2,7,39.5,"76.28136711","94.446088119",27.7,52.1
"Gasser, Robert",688107,2024,25,"5","28.0",114,106,28,25,1,0,2,16,1,14,0.9,".264",".330",".283","0.613",".251",".337",".268",".270",".272",".086","71.4",24.7,9.6,7.7,35.6,28.6,"7.3",3,9.6,-2.1,48.4,32.8,"86","14.3",34,2.1,24.5,"75.184460435","92.472510549",21.6,52.1
"Farmer, Buck",571656,2024,33,"61","71.0",299,260,56,31,17,1,7,70,29,23.4,9.7,".215",".369",".309","0.678",".236",".404",".293",".317",".327",".168","71.3",22.1,13,9.8,30.3,22.8,"7.5",9,12,-5.2,53.9,32.5,"88.3","18.1",36.8,8.3,35.8,"77.568256211","93.605760895",26.1,45.9
"Fernández, Junior",658551,2022,25,"16","18.2",84,70,18,13,2,0,3,14,12,16.7,14.3,".257",".414",".373","0.787",".219",".321",".352",".306",".342",".103",,,,,,,,,,,,,"86.5","1.7",26.8,3.6,35.7,"75.054820714","93.13982",26.7,45
"Ramirez, Nick",598286,2023,33,"32","40.2",172,160,41,28,11,1,1,28,9,16.3,5.2,".256",".356",".298","0.654",".258",".399",".286",".306",".301",".141","71.4",25.8,13,9.7,38,28.2,"7.6",3,14.1,-5.7,53.2,33.1,"85.8","7.5",36.6,6,28.4,"74.679746119","92.475416767",24.1,46.7
"Mella, Keury",622492,2020,26,"11","10.0",42,38,10,7,2,0,1,10,3,23.8,7.1,".263",".395",".310","0.705",".245",".412",".293",".312",".308",".167",,,,,,,,,,,,,"91.6","11.6",37.9,13.8,48.3,"81.995403333","95.60940069",23.7,48.1
"Hill, Garrett",682051,2022,26,"17","60.1",263,229,53,35,10,0,8,40,29,15.2,11,".231",".380",".327","0.707",".266",".481",".316",".363",".357",".215",,,,,,,,,,,,,"88.8","18.7",36.8,9.5,39.5,"77.997008511","94.031085213",19.6,46
"Okert, Steven",595345,2024,32,"44","35.1",160,139,37,23,7,1,6,33,16,20.6,10,".266",".460",".352","0.812",".226",".399",".347",".313",".321",".173","71",22.8,11.8,9.2,30.3,23.7,"7.4",4,11.7,-5.5,56.1,32.7,"85.5","19.7",37,8.3,29.6,"74.045914231","92.501172981",23.6,45.5
"Puk, A.J.",640462,2024,29,"62","71.1",294,262,51,28,17,1,5,88,28,29.9,9.5,".195",".324",".276","0.600",".198",".301",".265",".262",".280",".103","71",20.3,8.3,5.9,28.7,20.5,"7.3",14,9.5,-2.6,47.8,32,"86.2","16.8",35.2,4,33.5,"74.536264828","92.955833678",31.8,49.3
"Kim, Kwang Hyun",547942,2021,32,"27","106.2",452,405,98,70,15,1,12,80,39,17.7,8.6,".242",".373",".313","0.686",".249",".427",".300",".326",".320",".179",,,,,,,,,,,,,"88","9.2",32.5,7,35.9,"77.05052638","93.592469969",22,44.1
"Brebbia, John",605154,2023,33,"40","38.1",161,144,31,17,7,1,6,47,14,29.2,8.7,".215",".403",".280","0.683",".208",".389",".287",".282",".274",".181","70.6",18.3,13,9.9,38.9,29.6,"7.2",1,9.3,0.1,50.7,31.8,"90.7","21.3",31,10,44,"81.2441848","94.4502274",27.4,47.6
"Gott, Trevor",641627,2020,27,"15","11.2",57,48,13,2,3,1,7,8,8,14,14,".271",".813",".386","1.199",".265",".633",".477",".422",".383",".368",,,,,,,,,,,,,"93.7","28.2",47.5,17.5,50,"85.6424855","95.934305641",24.7,39.2
"deGrom, Jacob",594798,2021,33,"15","92.0",324,310,40,19,13,2,6,146,11,45.1,3.4,".129",".242",".160","0.402",".143",".253",".174",".191",".178",".111",,,,,,,,,,,,,"87.7","13.7",30.1,6.6,36.7,"76.156049639","93.827051928",41.7,55.7
"Crismatt, Nabil",622503,2021,26,"45","81.1",351,317,87,61,16,0,10,71,24,20.2,6.8,".274",".420",".341","0.761",".246",".400",".330",".314",".315",".154",,,,,,,,,,,,,"88.9","10",29.4,6.9,34.3,"78.723939672","93.684150988",26,46.8
"Wilson, Bryse",669060,2024,26,"34","104.2",442,405,102,71,9,2,20,82,31,18.6,7,".252",".432",".311","0.743",".275",".486",".323",".355",".332",".212","71.9",24.6,16.9,13.6,34.6,27.9,"7.3",8,9,1.2,54.1,33.4,"89.7","16.7",37.5,9.2,44.3,"78.447193333","94.771325015",20.8,48.3
"Bickford, Phil",641360,2021,25,"57","51.1",207,183,36,23,5,1,7,59,19,28.5,9.2,".197",".350",".280","0.630",".206",".355",".263",".272",".290",".149",,,,,,,,,,,,,"90.4","12.1",23.8,7.9,39.7,"80.84754371","94.312064715",29.8,50.6
"Sánchez, Sixto",664350,2020,21,"7","39.0",158,144,36,30,3,0,3,33,11,20.9,7,".250",".333",".310","0.643",".211",".321",".284",".267",".277",".110",,,,,,,,,,,,,"87.8","4.3",21.4,5.4,38.4,"76.3501525","93.824864554",25.1,53.5
"Jackson, Jay",543351,2023,35,"25","29.2",116,105,18,11,3,0,4,27,9,23.3,7.8,".171",".314",".243","0.557",".215",".387",".239",".284",".283",".172","71.3",21.1,11.5,8.3,28.1,20.3,"7.6",6,13.6,-8.6,52.6,32,"87","18.2",29.1,7.6,35.4,"75.644634359","93.151009231",30.4,49
"Paxton, James",572020,2024,35,"21","100.1",437,379,95,63,18,2,12,73,50,16.7,11.4,".251",".404",".336","0.740",".253",".416",".324",".339",".341",".164","71.4",21.1,15.9,13.1,35.6,29.5,"7.1",14,8.4,0.6,48.8,30.8,"90.5","16",32.6,8,43.1,"80.362296013","94.558863072",21.1,47.2
"Canning, Griffin",656288,2024,28,"32","171.2",739,656,174,112,28,3,31,130,66,17.6,8.9,".265",".459",".334","0.793",".257",".449",".341",".338",".328",".191","72.2",26.8,14.7,11.3,36.1,27.8,"7.4",26,11.1,-3.1,55,32.2,"90.5","14.3",32.4,8.6,41.9,"80.443886517","94.700505891",24.5,48.4
"Toussaint, Touki",657053,2023,27,"20","87.0",384,310,69,49,9,1,10,85,57,22.1,14.8,".223",".355",".349","0.704",".248",".410",".317",".351",".374",".162","71.6",23.3,14.5,11.2,32.8,25.3,"7.5",5,12.4,-5.4,53.7,33.8,"89.1","7",34,7.7,39.6,"78.377955","94.19691645",25.2,40.1
"Anderson, Tyler",542881,2022,32,"30","178.2",707,657,145,94,31,6,14,138,34,19.5,4.8,".221",".350",".267","0.617",".226",".368",".271",".281",".273",".143",,,,,,,,,,,,,"85","16.9",34.2,4.9,28.5,"73.22844707","92.353431738",24.3,52.7
"Ross, Joe",605452,2021,28,"20","108.0",460,413,98,64,17,0,17,109,34,23.7,7.4,".237",".402",".306","0.708",".242",".416",".305",".315",".312",".174",,,,,,,,,,,,,"87.6","12.2",34.6,8.4,37.2,"75.788991776","93.752968086",25.4,46.3
"Megill, Trevor",656730,2024,30,"48","46.1",183,165,33,26,3,0,4,50,14,27.3,7.7,".200",".291",".264","0.555",".208",".344",".239",".268",".274",".136","70.7",16.7,8.3,6.1,34.6,25.5,"7.2",9,8.1,2.4,53.4,30.3,"91.2","19",36.4,7.6,42.4,"82.625340339","94.490318205",29.7,52.4
"Alzolay, Adbert",640470,2020,25,"6","21.1",87,71,12,8,2,1,1,29,13,33.3,14.9,".169",".268",".299","0.567",".183",".278",".263",".286",".319",".095",,,,,,,,,,,,,"89.2","9.9",36.4,4.5,38.6,"78.569328182","94.167777727",27.5,43.2
"Latz, Jacob",656641,2024,28,"46","43.2",192,162,39,29,4,0,6,40,27,20.8,14.1,".241",".377",".349","0.726",".240",".433",".318",".342",".351",".194","70.9",17.8,10.8,7.8,30.2,21.8,"7.3",7,10.6,-2.5,61.7,30,"88","18.9",30.6,8.9,40.3,"76.565029344","93.997906281",28.3,47.4
"Yarbrough, Ryan",642232,2021,29,"30","155.0",653,610,163,99,37,2,25,117,27,17.9,4.1,".267",".457",".307","0.764",".266",".436",".325",".321",".307",".170",,,,,,,,,,,,,"84.8","17.3",37.6,7.8,28.2,"72.605645569","92.517574959",21.1,48.8
"Lambert, Peter",663567,2023,26,"25","87.1",375,341,93,49,17,9,18,71,28,18.9,7.5,".273",".534",".336","0.870",".262",".507",".367",".355",".326",".245","72",27.9,17,13.5,37.8,30.1,"7.2",5,9.2,-1,53.8,32.4,"90.8","14.6",32.1,11.1,45.8,"80.886906324","94.866375646",21.6,47.5
"Bradley, Taj",671737,2023,22,"23","104.2",460,416,106,55,25,3,23,129,39,28,8.5,".255",".495",".317","0.812",".238",".443",".344",".323",".305",".205","71.9",27,13.9,11.1,31.9,25.6,"7.1",2,9,1.1,42.6,32.5,"91.2","17.1",37.5,10.7,46.4,"80.567778552","95.264802586",25,50.7
"Alcantara, Sandy",645261,2020,24,"7","42.0",172,155,35,23,8,0,4,39,15,22.7,8.7,".226",".355",".298","0.653",".243",".386",".288",".309",".314",".143",,,,,,,,,,,,,"88.3","6.8",32.5,6,38.5,"77.375533793","93.65474431",24,48.5
"Bundy, Dylan",605164,2020,27,"11","65.2",267,245,51,30,14,2,5,72,17,27,6.4,".208",".343",".271","0.614",".215",".333",".268",".270",".277",".119",,,,,,,,,,,,,"87","14.5",30.6,4.6,32.9,"75.951830235","93.090558935",29.3,45
"Sims, Lucas",608371,2021,27,"47","47.0",195,170,34,17,11,0,6,76,18,39,9.2,".200",".371",".287","0.658",".166",".303",".281",".247",".258",".137",,,,,,,,,,,,,"86.5","20.4",44.3,6.2,35.1,"74.598447292","93.26246",35.4,43.7
"Rodriguez, Eduardo",593958,2024,31,"10","50.0",224,202,56,33,14,1,8,47,19,21,8.5,".277",".475",".341","0.816",".272",".491",".350",".358",".338",".219","71.9",26.9,15.1,11.7,34.3,26.6,"7.2",5,7.7,3.2,51.6,31.8,"88.7","14.5",39.5,10.8,42,"76.894034675","94.55394487",22.4,46.4
"Kershaw, Clayton",477132,2023,35,"24","131.2",523,479,100,62,19,0,19,137,40,26.2,7.6,".209",".367",".273","0.640",".228",".393",".280",".298",".291",".166","73",34.4,19.5,14.9,36.6,27.9,"7.5",3,12.8,-6.9,56.3,34.4,"89","11.8",34.7,9,39.1,"77.970437953","94.209900469",28.1,49.6
"Battenfield, Peyton",685410,2023,25,"7","34.2",146,133,34,19,8,0,7,27,12,18.5,8.2,".256",".474",".315","0.789",".277",".541",".336",".375",".338",".264",,,,,,,,,,,,,"93.5","14.6",36.4,14,50.5,"85.020688333","95.86235757",24.7,49.9
"Springs, Jeffrey",605488,2023,30,"3","16.0",55,50,4,3,0,0,1,24,4,43.6,7.3,".080",".140",".148","0.288",".149",".213",".138",".195",".212",".064",,,,,,,,,,,,,"88.1","15",26.9,3.8,30.8,"78.902636923","92.880554231",37,43.6
"Duffy, Danny",518633,2020,31,"12","56.1",242,213,53,33,10,0,10,57,22,23.6,9.1,".249",".437",".320","0.757",".248",".441",".324",".331",".322",".194",,,,,,,,,,,,,"88.7","19.6",32.9,7.5,36,"77.840288987","93.989484013",25.6,46.3
"Walker, Josh",677020,2023,28,"14","10.0",48,42,12,9,1,0,2,12,6,25,12.5,".286",".452",".375","0.827",".234",".453",".362",".339",".330",".219","71.9",33.3,11.1,8.3,33.3,25,"7.2",2,8.9,4,50,35.1,"90.7","22.5",46.7,6.7,46.7,"81.643402667","94.240791667",27.5,49.8
"Bello, Brayan",678394,2022,23,"13","57.1",268,238,75,55,17,2,1,55,27,20.5,10.1,".315",".416",".388","0.804",".244",".358",".355",".305",".326",".114",,,,,,,,,,,,,"88","5.3",32.1,5.4,37.5,"76.418751429","93.892554451",26,45.9
"Estrada, Jeremiah",669093,2023,24,"12","10.2",56,43,12,6,2,0,4,13,12,23.2,21.4,".279",".605",".429","1.034",".317",".726",".426",".477",".458",".409",,,,,,,,,,,,,"96.6","17.1",51.6,19.4,71,"89.846331875","97.987570645",24.6,48.1
"Shoemaker, Matt",533167,2020,33,"6","28.2",115,105,22,11,3,0,8,26,9,22.6,7.8,".210",".467",".272","0.739",".246",".490",".312",".341",".306",".244",,,,,,,,,,,,,"87.7","7.2",35,10,38.8,"76.5518545","93.58336519",28.1,48.7
"Hartwig, Grant",701643,2023,25,"28","35.1",158,136,34,22,8,1,3,30,15,19,9.5,".250",".390",".348","0.738",".243",".382",".325",".321",".342",".139","71.7",23.4,10.8,9,30.9,25.7,"7.2",7,8.3,1.9,49.1,32.9,"87.1","8.7",34.6,6.5,36.4,"75.324396415","93.473362642",20.5,42.7
"Anderson, Shaun",641312,2024,29,"6","16.1",85,82,34,21,9,1,3,10,1,11.8,1.2,".415",".659",".424","1.083",".334",".561",".458",".388",".348",".227","71.7",22.4,17.5,15.5,50.5,44.8,"7.2",2,9.9,0.5,54.3,32.1,"91.6","15.7",42.5,11,41.1,"83.506315833","94.509590972",13.6,51.2
"Santos, Antonio",665733,2021,24,"7","11.1",46,41,9,5,3,0,1,10,5,21.7,10.9,".220",".366",".304","0.670",".227",".329",".295",".288",".311",".102",,,,,,,,,,,,,"85.6","12",25.8,3.2,29,"73.95279","92.932731935",18.3,40.3
"Schwellenbach, Spencer",680885,2024,24,"21","123.2",500,468,106,61,27,4,14,127,23,25.4,4.6,".226",".391",".271","0.662",".238",".380",".286",".291",".282",".142","71.5",20.5,13.9,10.3,28,20.8,"7.4",17,10.6,-2.8,46.6,33.3,"87.6","11.7",35.2,4.9,39.8,"75.644253882","93.853559824",27.4,53.1
"Bradley, Archie",605151,2022,29,"21","18.2",78,71,17,13,3,0,1,15,7,19.2,9,".239",".324",".308","0.632",".225",".398",".279",".298",".296",".173",,,,,,,,,,,,,"87.3","4.2",30.4,7.1,32.1,"77.2357825","92.807020182",20.3,45.2
"Lively, Ben",594902,2023,31,"19","88.2",383,355,96,60,14,2,20,79,25,20.6,6.5,".270",".490",".324","0.814",".265",".474",".348",".341",".319",".209","70.9",14.5,14.3,11.9,44.4,37,"7.1",3,9.5,0.5,53.6,31.4,"89.1","14.3",38.4,8.3,36.2,"78.678613796","93.973515839",20.7,45.4
"Crismatt, Nabil",622503,2023,28,"8","13.0",65,57,19,13,3,0,3,12,7,18.5,10.8,".333",".544",".415","0.959",".232",".392",".413",".319",".326",".161","72.8",33.3,33.3,16.7,50,25,"7.9",1,20.1,-16.6,33.3,33.2,"86.6","3.2",28.9,8.9,35.6,"74.530228636","93.765856136",32.5,43.5
"De Jong, Chase",608328,2023,29,"6","11.1",60,49,18,7,5,0,6,7,6,11.7,10,".367",".837",".433","1.270",".303",".629",".501",".416",".384",".326",,,,,,,,,,,,,"90.1","22.2",46.7,15.6,37.8,"81.14383","94.03881",20.8,47.1
"Means, John",607644,2024,31,"4","20.2",80,76,16,9,4,1,2,16,2,20,2.5,".211",".368",".237","0.605",".260",".479",".259",".333",".291",".219","72.8",27.7,21.2,15.6,37.5,27.7,"7.6",3,15.1,-9.7,58.2,31.1,"90.9","26.5",39.3,6.6,52.5,"80.289118667","95.433425167",26.3,48.8
"Nardi, Andrew",677053,2024,25,"59","49.2",210,188,44,24,11,2,7,70,18,33.3,8.6,".234",".426",".301","0.727",".194",".332",".312",".265",".266",".138","70.4",14.9,11,7.9,25,17.9,"7.1",8,8.6,1.4,49.3,30.5,"88.2","21.5",33.9,7.4,34.7,"77.755849492","93.378505085",31.1,51.8
"Andriese, Matt",542882,2021,31,"34","48.1",222,201,65,48,8,2,7,50,13,22.5,5.9,".323",".488",".371","0.859",".286",".467",".367",".347",".337",".181",,,,,,,,,,,,,"91.3","12.2",34.8,6.5,45.2,"80.733196447","95.362951579",22.7,48
"Adam, Jason",592094,2020,28,"13","13.2",58,50,9,4,2,1,2,21,8,36.2,13.8,".180",".380",".293","0.673",".164",".273",".295",".258",".279",".109",,,,,,,,,,,,,"84.9","16.8",24.1,3.4,24.1,"74.024867857","91.895744643",41.7,44.2
"Detmers, Reid",672282,2024,24,"17","87.1",391,348,98,57,20,3,18,109,38,27.9,9.7,".282",".511",".353","0.864",".226",".408",".370",".315",".306",".182","71.6",22.1,12.5,9.3,33,24.5,"7.4",17,10.7,-3.1,50.4,31.4,"89.9","16.2",34.3,10.7,39.3,"80.195033","94.042631125",29.2,48.9
"Bass, Anthony",542914,2020,32,"26","25.2",100,90,17,11,4,0,2,21,9,21,9,".189",".300",".263","0.563",".172",".260",".242",".223",".248",".088",,,,,,,,,,,,,"89.3","4.4",15.7,2.9,38.6,"79.142501176","93.898158676",28,43.6
"Reid-Foley, Sean",656887,2024,28,"23","21.2",90,75,13,11,2,0,0,25,14,27.8,15.6,".173",".200",".300","0.500",".201",".251",".243",".273",".323",".051","70.5",17.6,13.6,9.9,32,23.2,"6.9",5,5.1,7.3,40.8,30.9,"88.9","6.9",19.6,0,39.2,"77.100226923","94.776466863",29.4,44.2
"Odorizzi, Jake",543606,2020,30,"4","13.2",60,55,16,9,3,0,4,12,3,20,5,".291",".564",".339","0.903",".310",".601",".380",".404",".357",".290",,,,,,,,,,,,,"90.1","15.5",41.9,16.3,39.5,"79.940718095","94.46775881",19.9,48.1
"Barraclough, Kyle",607457,2021,31,"10","13.0",60,49,12,7,1,0,4,18,8,30,13.3,".245",".510",".367","0.877",".191",".377",".373",".323",".329",".186",,,,,,,,,,,,,"87.5","20.6",37.5,12.5,28.1,"76.265218125","93.627673548",30.8,43.7
"Romero, JoJo",668941,2024,27,"65","59.0",243,220,52,33,11,0,8,51,16,21,6.6,".236",".395",".302","0.697",".267",".465",".305",".346",".329",".198","71.6",22.3,20.6,16.2,43.7,34.4,"7.4",9,9.7,-1.8,52.5,32.7,"89.9","7.9",34.5,10.5,39.8,"79.342751566","94.412021758",25.4,43.7
"Quantrill, Cal",615698,2020,25,"18","32.0",135,122,31,23,4,0,4,31,8,23,5.9,".254",".385",".316","0.701",".249",".416",".305",".316",".312",".167",,,,,,,,,,,,,"86.1","12.5",29.3,7.6,31.5,"74.954602","92.699257528",24.8,44.8
"Parker, Blake",453284,2020,35,"14","16.0",69,59,12,7,2,1,2,25,9,36.2,13,".203",".373",".304","0.677",".192",".315",".285",".262",".295",".123",,,,,,,,,,,,,"88","16.1",37.1,5.7,37.1,"77.441057778","93.820054",29.2,43.5
"Cousins, Jake",664776,2022,27,"12","13.1",59,49,10,4,5,0,1,21,8,35.6,13.6,".204",".367",".339","0.706",".183",".295",".313",".281",".321",".112",,,,,,,,,,,,,"83.2","13.2",35.7,7.1,32.1,"70.179664286","92.400097143",42.4,44.2
"Bradish, Kyle",680694,2023,26,"30","168.2",671,615,132,90,27,1,14,168,44,25,6.6,".215",".330",".275","0.605",".235",".391",".268",".300",".295",".155","71.6",22.7,12.6,9.4,34.5,25.9,"7.2",13,8.6,3.3,46.6,33.7,"90","6.6",33.3,6.9,42,"80.023999375","94.268400156",26,45.8
"Estévez, Carlos",608032,2023,30,"63","62.1",281,244,62,45,10,0,7,78,31,27.8,11,".254",".381",".350","0.731",".232",".385",".320",".312",".331",".153","71.4",20.5,11.9,9,26,19.7,"7",2,7.5,3.3,50.9,30.1,"90.4","20.4",33.5,6.6,44.3,"80.181386265","94.71135103",27.5,51.9
"Evans, Demarcus",663770,2021,24,"25","26.1",120,101,24,14,6,0,4,33,16,27.5,13.3,".238",".416",".345","0.761",".205",".336",".333",".295",".317",".131",,,,,,,,,,,,,"89.5","27.6",41.4,4.3,30,"81.976429143","92.744491014",28.2,46.9
"Kremer, Dean",665152,2020,24,"4","18.2",83,70,15,6,6,3,0,22,12,26.5,14.5,".214",".386",".325","0.711",".223",".435",".311",".334",".333",".212",,,,,,,,,,,,,"90.8","14.5",40.8,8.2,46.9,"83.0190756","93.967193061",26.4,42.8
"Kahnle, Tommy",592454,2024,34,"50","42.2",179,158,30,16,9,0,5,46,19,25.7,10.6,".190",".342",".285","0.627",".201",".335",".278",".285",".295",".134","71.8",22.2,11.9,7.7,27.2,17.7,"7.7",6,16.1,-11,48.6,32.7,"86.2","3.7",24.1,6.3,32.1,"74.119513636","93.096771",36,47.7
"Musgrove, Joe",605397,2021,28,"32","181.1",748,667,142,89,27,4,22,203,54,27.1,7.2,".213",".364",".287","0.651",".233",".392",".284",".305",".305",".159",,,,,,,,,,,,,"87.8","11.6",33.8,7.2,38.5,"76.746073648","93.540208734",30,46.9
"Flexen, Chris",623167,2021,26,"31","179.2",741,690,185,127,34,5,19,125,40,16.9,5.4,".268",".414",".309","0.723",".258",".433",".311",".319",".301",".175",,,,,,,,,,,,,"89.5","11.5",33.9,6.3,38.1,"79.435135442","94.030639187",19.3,49.8
"Abreu, Albert",656061,2023,27,"45","59.0",268,225,52,31,12,0,9,61,35,22.8,13.1,".231",".404",".348","0.752",".222",".397",".332",".329",".342",".175","71.5",18.7,11.7,8.9,38.3,29.3,"7.3",3,10,0.1,50.4,33,"89","12.6",27.9,7.3,41.8,"78.352102683","94.046799387",26.3,42
"Akin, Keegan",669211,2020,25,"8","25.2",116,103,27,16,8,0,3,35,10,30.2,8.6,".262",".427",".328","0.755",".246",".413",".325",".322",".320",".167",,,,,,,,,,,,,"91.4","17.9",38.6,8.6,50,"81.810382","95.203475217",28.5,49.2
"Cahill, Trevor",502239,2020,32,"11","25.0",105,87,16,9,4,0,3,31,13,29.5,12.4,".184",".333",".298","0.631",".216",".375",".282",".313",".326",".159",,,,,,,,,,,,,"87.5","19.6",33.9,10.2,35.6,"76.032575862","93.62193193",28.4,38.6
"Ortega, Oliver",661383,2023,26,"10","14.2",62,54,11,8,1,0,2,14,6,22.6,9.7,".204",".333",".290","0.623",".179",".325",".278",".266",".270",".147","73",41,17.1,11.5,34.1,23,"7.8",0,15.7,-10.1,44.3,34.7,"88.7","21.5",22,4.9,34.1,"79.2621375","93.373581026",30.3,45.6
"Alexander, Tyler",641302,2021,26,"41","106.1",451,415,106,68,20,2,16,87,28,19.3,6.2,".255",".429",".306","0.735",".246",".438",".315",".320",".299",".192",,,,,,,,,,,,,"88.4","18",33.4,8.4,39.2,"76.686645636","94.176182879",20,50
"Hoeing, Bryan",663773,2023,26,"33","70.2",304,274,71,32,24,2,13,53,25,17.4,8.2,".259",".504",".322","0.826",".265",".488",".347",".348",".329",".223","72.1",24.3,17.7,14.1,40.8,32.4,"7.5",1,11.2,-1.7,58.9,33.8,"90.5","10.5",35.3,9.4,44.2,"80.389107658","94.647689009",21.9,43.8
"Jackson, Zach",667427,2023,28,"19","18.0",80,69,18,15,2,0,1,23,10,28.7,12.5,".261",".333",".354","0.687",".217",".329",".313",".292",".316",".112",,,,,,,,,,,,,"86.5","25.6",36.2,4.3,29.8,"75.86429087","92.612547391",27.7,42.7
"Alvarez, Jose",501625,2022,33,"21","15.1",76,63,17,10,3,1,3,15,9,19.7,11.8,".270",".492",".378","0.870",".297",".551",".375",".406",".401",".254",,,,,,,,,,,,,"86.9","6.9",42.9,12.2,32.7,"74.818587083","93.725985319",23.3,47.3
"Jacob, Alek",689690,2024,26,"7","14.2",57,52,9,7,0,1,1,19,2,33.3,3.5,".173",".269",".228","0.497",".219",".311",".222",".268",".274",".092","72.1",29.6,17.5,12.3,31.6,22.2,"7.2",0,12.4,-6.4,44.4,32.4,"85.2","21",41.2,2.9,32.4,"73.483201176","92.451634706",32.3,40.1
"Iglesias, Raisel",628452,2024,34,"66","69.1",259,238,38,27,5,2,4,68,13,26.3,5,".160",".248",".211","0.459",".195",".302",".200",".239",".244",".107","71.5",20.1,11.7,8.1,33.3,23,"7.4",8,11.8,-3.7,47.5,33.9,"86","14.2",25.7,4,30.9,"74.387969302","92.798374269",31.5,52.3
"Jansen, Kenley",445276,2021,33,"69","69.0",278,236,36,25,7,0,4,86,36,30.9,12.9,".153",".233",".268","0.501",".177",".273",".229",".260",".293",".096",,,,,,,,,,,,,"84","19.8",30.1,4.6,26.1,"72.205826711","91.97660245",33.3,50.1
"Hembree, Heath",592390,2021,32,"60","58.0",243,217,45,23,10,0,12,83,24,34.2,9.9,".207",".419",".292","0.711",".185",".354",".306",".276",".273",".169",,,,,,,,,,,,,"89.2","23.4",29.9,10.4,41,"78.915142537","93.863133835",27.7,48.3
"Treinen, Blake",595014,2024,36,"50","46.2",184,170,33,19,9,0,5,56,11,30.4,6,".194",".335",".250","0.585",".187",".304",".257",".246",".245",".117","71.2",22.3,9.7,7.5,27.4,21.2,"7.3",13,10.2,-3.5,50,32.4,"87.6","14",23.5,5.2,33.9,"76.513433684","93.467248053",27.9,48.2
"Manaea, Sean",640455,2023,31,"37","117.2",499,444,104,66,19,5,14,128,42,25.7,8.4,".234",".394",".309","0.703",".239",".401",".306",".313",".313",".163","71.1",17.2,12.1,9.6,31.7,25.1,"7.1",9,7.3,2.4,46.6,30.7,"89.4","13",35.8,8.7,36.4,"78.988561887","94.09059224",24.2,49.8
"Maeda, Kenta",628317,2021,33,"21","106.1",453,411,106,68,20,2,16,113,32,24.9,7.1,".258",".433",".322","0.755",".229",".385",".325",".298",".295",".156",,,,,,,,,,,,,"87.7","15",36,6.3,36.3,"76.149998792","93.737631717",29.4,49.6
"Overton, Connor",656818,2023,29,"3","11.0",55,47,19,10,4,2,3,9,7,16.4,12.7,".404",".766",".473","1.239",".282",".529",".506",".381",".369",".247",,,,,,,,,,,,,"90.3","12.9",43.6,15.4,35.9,"82.0832855","93.889631282",26.6,47
"Dayton, Grant",594795,2020,32,"18","27.1",117,103,22,14,4,0,4,32,11,27.4,9.4,".214",".369",".293","0.662",".212",".416",".286",".303",".292",".204",,,,,,,,,,,,,"87.4","20.3",31.5,9.6,31.5,"77.294870556","92.931156944",29.2,48.2
"Jackson, Luke",592426,2023,31,"33","33.1",143,126,26,16,6,1,3,43,15,30.1,10.5,".206",".341",".294","0.635",".199",".345",".276",".282",".291",".146","71.8",23.7,13.9,9.6,35.2,24.3,"7.3",6,8.5,-1.1,52,33.6,"88.8","7.7",29.8,8.3,40.5,"77.798236667","94.044697381",30.4,49
"Blalock, Bradley",687134,2024,23,"7","30.2",147,126,35,20,10,1,4,20,20,13.6,13.6,".278",".468",".381","0.849",".292",".502",".371",".389",".394",".210","71.7",24.5,18.4,14.4,37.4,29.3,"7.3",1,10.4,1.2,51.5,31.8,"90.5","14.3",42.5,10.4,47.2,"79.473810943","95.306191714",20.6,46.6
"Adam, Jason",592094,2024,32,"74","73.2",282,251,40,26,8,1,5,81,23,28.7,8.2,".159",".259",".245","0.504",".204",".350",".224",".283",".287",".146","71.9",24.8,13.5,8.6,33.6,21.3,"7.5",9,13.5,-7.3,57.6,30.2,"88.5","13.8",29.7,6.4,37.8,"77.075266941","94.095814556",38.4,50.3
"Fleming, Josh",676596,2021,25,"26","104.1",448,410,110,76,22,1,11,65,31,14.5,6.9,".268",".407",".324","0.731",".272",".433",".313",".330",".328",".160",,,,,,,,,,,,,"87.5","2.9",30.1,6.6,35,"75.838363372","93.669652391",19.5,49.4
"Ottavino, Adam",493603,2023,37,"66","61.2",261,221,46,31,8,0,7,62,29,23.8,11.1,".208",".339",".320","0.659",".209",".330",".294",".293",".322",".120","71.3",22.7,14.3,11.3,42,33.3,"7.3",4,9,-0.6,53.3,31.8,"88.6","7.2",24.1,3.7,40.7,"77.409981875","94.077359188",26.1,41.9
"Greinke, Zack",425844,2022,38,"26","137.0",585,549,157,113,30,0,14,73,27,12.5,4.6,".286",".417",".320","0.737",".282",".455",".321",".339",".321",".172",,,,,,,,,,,,,"88.9","12.6",34.4,6.8,39.6,"78.554945625","93.738299354",17.4,46.2
"Stewart, Brock",592779,2024,32,"16","15.2",67,59,15,10,3,0,2,20,8,29.9,11.9,".254",".407",".343","0.750",".240",".369",".331",".314",".331",".129","70.3",14.4,15.3,10.6,27.8,19.2,"6.9",2,7.6,3.2,48.1,32.6,"91.2","15.6",48.7,2.6,59,"78.9947535","96.962948718",30.4,50.4
"Stewart, Kohl",640464,2021,26,"4","13.2",64,55,17,13,2,0,2,11,6,17.2,9.4,".309",".455",".397","0.852",".270",".446",".373",".356",".363",".176",,,,,,,,,,,,,"91.8","8.4",28.9,8.9,48.9,"82.257589091","95.250056818",21.2,41.8
"Flaherty, Jack",656427,2024,28,"28","162.0",649,605,135,88,18,5,24,194,38,29.9,5.9,".223",".388",".273","0.661",".232",".389",".288",".296",".283",".157","71.4",23,13.3,9.3,32.5,22.8,"7.5",24,11.2,-4.8,46.7,33.4,"88.4","14",36.1,7.7,35.9,"77.445862362","93.776478992",32.1,46.2
"Reid-Foley, Sean",656887,2022,26,"7","10.0",44,36,7,2,3,1,1,8,7,18.2,15.9,".194",".417",".341","0.758",".160",".284",".336",".281",".313",".124",,,,,,,,,,,,,"85","20.3",28.6,3.6,35.7,"72.434977143","92.775558929",31.9,46.4
"McCullers Jr., Lance",621121,2022,28,"8","47.2",195,172,37,24,9,0,4,50,22,25.6,11.3,".215",".337",".303","0.640",".226",".351",".287",".297",".312",".125",,,,,,,,,,,,,"87.7","8",26.8,4.9,32.5,"76.911619016","93.269571066",27.1,43.2
"García, Yimi",554340,2023,32,"73","66.0",282,257,67,47,11,1,8,79,15,28,5.3,".261",".405",".315","0.720",".234",".366",".312",".291",".292",".132","71.5",21.1,13.5,9.2,30.2,20.5,"7.2",9,8.7,1.8,49.2,32.3,"87","10.7",31.9,6.6,35.2,"74.900477865","93.538766798",31.3,48.2
"Gant, John",607231,2020,27,"17","15.0",61,54,9,8,1,0,0,18,7,29.5,11.5,".167",".185",".262","0.447",".196",".276",".216",".261",".290",".081",,,,,,,,,,,,,"89","5.2",22.2,2.8,47.2,"77.932423529","94.589700294",32.7,44.6
"Bieber, Shane",669456,2022,27,"31","200.0",791,747,172,123,29,2,18,198,36,25,4.6,".230",".347",".266","0.613",".243",".398",".269",".294",".279",".155",,,,,,,,,,,,,"89.9","10",32.4,7.2,43.1,"79.516670909","94.359625491",29.7,49.7
"Foley, Jason",671345,2022,26,"60","60.1",256,242,72,61,8,1,2,43,11,16.8,4.3,".298",".364",".333","0.697",".265",".378",".309",".300",".302",".113",,,,,,,,,,,,,"90.7","3.2",26,4.5,42.5,"80.295863232","95.034346142",16.7,50.5
"Lugo, Seth",607625,2021,31,"46","46.1",195,173,41,26,8,1,6,55,19,28.2,9.7,".237",".399",".313","0.712",".245",".404",".305",".314",".321",".158",,,,,,,,,,,,,"89.2","9.7",37.5,8.3,38.3,"78.700990508","94.074874701",31.1,47.1
"Milone, Tommy",543548,2021,34,"6","14.0",65,62,20,11,5,1,3,17,3,26.2,4.6,".323",".581",".354","0.935",".291",".467",".393",".343",".324",".176",,,,,,,,,,,,,"87.2","7.5",40,8.9,40,"75.438188261","93.963715778",27.6,48.1
"Miller, Shelby",571946,2024,33,"51","55.2",225,203,41,22,10,0,9,49,13,21.8,5.8,".202",".384",".262","0.646",".221",".398",".280",".303",".284",".177","70.3",15.5,14.2,10.9,36.9,28.4,"7.1",9,8.1,0.4,54.6,30.4,"91.1","16.8",31,7.6,41.1,"82.009808481","94.576932468",24.3,49.3
"Gray, Jon",592351,2020,28,"8","39.0",174,160,45,27,10,2,6,22,11,12.6,6.3,".281",".481",".333","0.814",".295",".494",".347",".362",".348",".199",,,,,,,,,,,,,"90.3","15.9",38.1,7.9,46,"80.688760571","94.375783165",22,47
"Stripling, Ross",548389,2021,31,"24","101.1",431,395,99,53,21,2,23,94,30,21.8,7,".251",".489",".305","0.794",".251",".467",".335",".337",".310",".216",,,,,,,,,,,,,"90","17.2",33.4,10.2,40.3,"79.309254161","94.580603199",24.1,47.3
"Vines, Darius",670241,2024,26,"4","13.2",66,59,21,13,4,0,4,9,4,13.6,6.1,".356",".627",".394","1.021",".325",".537",".427",".385",".367",".212","72.4",25.9,21.1,17,36.7,29.5,"7.7",1,15.6,-9.5,54.5,31.2,"88.3","17.7",32.7,9.6,48.1,"75.315944615","94.870004038",22.3,50.6
"Carrasco, Carlos",471911,2023,36,"20","90.0",417,371,115,71,24,2,18,66,38,15.8,9.1,".310",".531",".381","0.912",".300",".520",".390",".385",".374",".219","72.7",31.4,24.7,18.8,44.3,33.7,"7.6",3,12.5,-6.7,53.3,34.5,"91.5","8.7",37.5,10.7,48.2,"80.853173312","95.654389642",24.7,46.9
"Kelly, Merrill",518876,2022,33,"33","200.1",804,739,167,104,40,2,21,177,61,22,7.6,".226",".371",".286","0.657",".229",".397",".289",".299",".290",".168",,,,,,,,,,,,,"88.5","14",31.2,8.3,36.5,"77.983406942","93.653412973",23.6,48.5
"Shreve, Chasen",592741,2022,31,"25","26.1",114,103,27,19,2,0,6,29,10,25.4,8.8,".262",".456",".325","0.781",".259",".461",".336",".341",".326",".202",,,,,,,,,,,,,"89.5","14.9",37.3,12,40,"78.43728973","94.340579595",29,45.8
"Fujinami, Shintaro",660261,2023,29,"64","79.0",357,302,73,44,18,2,9,83,45,23.2,12.6,".242",".404",".350","0.754",".237",".411",".332",".334",".347",".175","71.5",21.9,11.6,8.4,28.3,20.7,"7.3",3,8.5,0.4,45.6,33.1,"90.4","13.9",33.3,7.7,44.6,"79.712802523","94.937518281",30.1,45.4
"Morán, Jovani",663558,2023,26,"43","42.1",184,155,35,26,3,3,3,48,27,26.1,14.7,".226",".342",".341","0.683",".208",".327",".307",".296",".326",".119","72.1",23.1,23.8,12.8,42.9,23.1,"7.7",0,16.1,-13.6,43.6,34.7,"86.2","15.1",32.1,6.4,27.5,"74.957443269","92.705976923",37,42.1
"Davis, Austin",656354,2022,29,"52","56.0",264,221,57,41,9,2,5,64,33,24.2,12.5,".258",".385",".363","0.748",".239",".384",".333",".333",".350",".145",,,,,,,,,,,,,"86.5","16.9",37,7.4,30.9,"74.796585696","93.134258038",26.4,45.7
"Clippard, Tyler",461325,2021,36,"26","25.1",111,95,22,13,5,1,3,21,11,18.9,9.9,".232",".400",".327","0.727",".252",".502",".315",".359",".345",".250",,,,,,,,,,,,,"88.1","23.5",36.8,11.8,38.2,"77.317284865","93.459086622",24.3,46.1
"Berríos, José",621244,2020,26,"12","63.0",271,240,57,39,9,1,8,68,26,25.1,9.6,".237",".383",".317","0.700",".248",".400",".307",".322",".328",".152",,,,,,,,,,,,,"88.7","14",33.3,6.3,39.7,"77.429804186","94.264088947",27.5,45.9
"Rainey, Tanner",663432,2020,27,"20","20.1",75,67,8,2,2,0,4,32,7,42.7,9.3,".119",".328",".213","0.541",".183",".357",".231",".272",".271",".174",,,,,,,,,,,,,"91.2","18.5",34.3,11.4,45.7,"81.811366471","95.053337647",47.3,50.2
"Liberatore, Matthew",669461,2022,22,"9","34.2",161,138,42,23,12,2,5,28,18,17.4,11.2,".304",".529",".384","0.913",".266",".479",".391",".363",".354",".213",,,,,,,,,,,,,"91.2","16.4",38.6,8.8,48.2,"81.096600357","95.174757411",21.6,44.2
"Kirby, George",669923,2023,25,"31","190.2",757,727,179,122,28,7,22,172,19,22.7,2.5,".246",".395",".270","0.665",".258",".427",".284",".305",".282",".170","71.6",23.7,11.2,8.3,28.7,21.4,"7.1",3,7.5,3.9,48.9,32.1,"89.2","12.4",32,7.5,40.9,"78.350455269","94.249794794",22.9,54.5
"Arano, Víctor",644364,2022,27,"43","42.0",187,169,47,35,7,0,5,44,12,23.5,6.4,".278",".408",".339","0.747",".234",".379",".329",".299",".299",".145",,,,,,,,,,,,,"85.8","6.4",32.3,5.5,35.4,"73.192333175","93.272533095",29.2,50.4
"White, Brendan",686839,2023,24,"33","40.2",177,155,40,28,8,0,4,44,15,24.9,8.5,".258",".387",".341","0.728",".247",".403",".322",".326",".335",".155","71.6",23.5,18,13.1,44.1,32,"7.4",4,7.5,2.2,54.9,34.8,"90.3","5.6",33.6,7.1,41.7,"79.904834717","94.842112925",29.2,48.3
"Singer, Brady",663903,2024,27,"32","179.2",762,693,175,116,34,3,22,170,54,22.3,7.1,".253",".405",".315","0.720",".265",".437",".316",".336",".327",".172","71.7",25.2,16.3,12.6,36.4,28.2,"7.4",29,10.7,-2.9,47.8,34,"88.9","8.9",35.6,8,41.7,"77.275001577","94.431135896",25.1,44.7
"Berríos, José",621244,2021,27,"32","192.0",781,714,159,94,40,3,22,204,45,26.1,5.8,".223",".380",".281","0.661",".238",".412",".286",".312",".298",".173",,,,,,,,,,,,,"88.4","12.4",36.6,9.1,38.3,"76.730793307","94.151290078",23.7,47
"Lauer, Eric",641778,2023,28,"10","46.2",211,185,54,26,12,0,16,43,24,20.4,11.4,".292",".616",".370","0.986",".299",".575",".411",".405",".378",".275","74.5",48.7,16.1,12.8,38.7,30.8,"7.6",0,10,-1.3,66.7,32.5,"91.7","21.8",41,13.9,45.1,"82.100517639","95.026071875",22,46.9
"King, Michael",650633,2020,25,"9","26.2",121,108,30,18,6,1,5,26,11,21.5,9.1,".278",".491",".355","0.846",".251",".429",".363",".334",".332",".178",,,,,,,,,,,,,"87","16.3",30.5,6.1,31.7,"76.404953415","92.901881358",21.3,44
"Adams, Austin",613534,2023,32,"24","17.1",81,68,16,14,1,0,1,22,8,27.2,9.9,".235",".294",".358","0.652",".197",".308",".306",".295",".326",".111","71.9",27.3,11.1,9.1,27.8,22.7,"7.2",2,3.3,5.5,40.9,33.2,"84.3","15.1",32.6,4.3,32.6,"71.769286957","92.476018696",29.3,45.3
"O'Day, Darren",503285,2022,39,"28","21.2",94,80,19,10,5,1,3,26,10,27.7,10.6,".237",".438",".319","0.757",".196",".316",".317",".267",".291",".120",,,,,,,,,,,,,"85.6","18.6",31.6,5.3,33.3,"74.247487931","92.595002982",28.1,51.7
"Wittgren, Nick",621295,2020,29,"25","23.2",98,86,18,9,5,0,4,28,6,28.6,6.1,".209",".407",".299","0.706",".241",".464",".300",".333",".327",".223",,,,,,,,,,,,,"89.3","14.2",42.4,10.2,37.3,"79.265958621","93.945088966",30.2,47.5
"Anderson, Tyler",542881,2021,31,"31","167.0",703,648,170,107,30,6,27,134,38,19.1,5.4,".262",".452",".301","0.753",".254",".428",".319",".315",".296",".174",,,,,,,,,,,,,"87","18.2",35.7,8.5,33,"75.112696758","93.471536654",23.1,54.2
"González, Chi Chi",592346,2021,29,"24","101.2",448,409,127,72,35,2,18,56,28,12.5,6.3,".311",".538",".362","0.900",".305",".544",".381",".385",".358",".238",,,,,,,,,,,,,"90.2","11.7",39.9,8.9,45,"79.206984571","94.968648257",16.4,48.5
"Quijada, José",650671,2024,28,"22","19.1",84,63,12,10,1,0,1,24,17,28.6,20.2,".190",".254",".373","0.627",".215",".358",".305",".345",".393",".144","70.3",19.2,9.1,6.2,27.3,18.5,"6.6",3,4.4,8.8,42.5,29.8,"90.7","24.2",46.3,4.9,39,"81.784026","94.38315575",33.7,47
"López, Reynaldo",625643,2024,30,"26","135.2",543,492,108,74,22,2,10,148,42,27.3,7.7,".220",".333",".280","0.613",".238",".402",".271",".310",".301",".163","71.1",19.7,13.1,9.8,32.9,24.5,"7.3",22,8.7,-0.6,45.2,33.4,"89.8","13.8",37.3,8.8,42.2,"79.439650977","94.317767471",27.5,49
"Finnegan, Kyle",640448,2021,29,"68","66.0",294,255,64,44,10,1,9,68,34,23.1,11.6,".251",".404",".344","0.748",".217",".366",".324",".300",".315",".148",,,,,,,,,,,,,"88.9","9",29.1,7.4,39.2,"77.28061413","94.353336885",25,47.6
"Zimmer, Kyle",622092,2021,29,"52","54.0",223,189,46,31,8,0,7,46,30,20.6,13.5,".243",".397",".341","0.738",".227",".404",".321",".335",".335",".177",,,,,,,,,,,,,"89.1","10.7",26.5,9.5,38.1,"78.295620139","94.240153472",25,43.7
"Rodriguez, Eduardo",593958,2021,28,"32","157.2",675,622,172,111,41,1,19,185,47,27.4,7,".277",".437",".328","0.765",".229",".369",".330",".288",".285",".140",,,,,,,,,,,,,"86.5","12.3",37.4,6.8,33.6,"74.680898539","93.136941396",26.3,48.7
"Hill, Tim",657612,2023,33,"48","44.1",202,178,59,42,9,1,7,26,14,12.9,6.9,".331",".511",".395","0.906",".274",".429",".390",".342",".347",".156","70.2",20.3,16.7,15.3,31.5,28.8,"6.6",1,1.1,14.3,25.4,33,"89.9","1.9",21.8,5.1,44.2,"78.493449079","95.204223377",15,50.1
"Meyer, Max",676974,2024,25,"11","57.0",248,225,62,28,18,2,14,46,19,18.5,7.7,".276",".560",".339","0.899",".239",".461",".381",".335",".307",".222","72.6",32.6,17.3,13.4,34.9,27.1,"7.5",9,11.7,-3.7,51.9,33.2,"90.6","10.1",27.2,13.9,47.8,"78.957991111","95.543548944",23.9,47.5
"Faedo, Alex",656412,2024,28,"37","57.1",246,210,49,31,9,0,9,55,28,22.4,11.4,".233",".405",".328","0.733",".248",".391",".322",".327",".342",".143","70.5",16.6,10.7,7.6,33.8,24.2,"7.5",10,12.1,-5.8,55.8,32.1,"88.3","14.8",39.4,6.3,34.4,"77.90499359","93.483902692",31.1,47.9
"Pressly, Ryan",519151,2023,34,"65","65.1",268,246,54,37,8,1,8,74,16,27.6,6,".220",".358",".265","0.623",".234",".401",".269",".292",".279",".168","71.7",24.6,22.6,15.7,39.8,27.7,"7.4",3,10.9,-1.3,46.1,33.3,"91.3","6.7",27.7,9,43.5,"81.468727865","95.09487774",31.4,50.7
"Pérez, Cionel",672335,2022,26,"66","57.2",234,209,46,38,6,0,2,55,21,23.5,9,".220",".278",".291","0.569",".237",".373",".257",".299",".307",".137",,,,,,,,,,,,,"89.1","5.1",33.1,6.4,39.5,"78.683599359","93.876634129",27.3,47.6
"Francis, Bowden",670102,2023,27,"20","36.1",136,126,22,14,3,0,5,35,8,25.7,5.9,".175",".317",".228","0.545",".215",".402",".238",".295",".270",".187","70.9",16.9,11.8,9.2,26.5,20.8,"7.2",4,10.3,-2.6,53.1,31,"90","18",35.9,10.9,41.3,"80.045582391","94.268477473",23.2,49.5
"Fry, Jace",605240,2020,26,"18","19.2",83,71,16,10,3,0,3,24,12,28.9,14.5,".225",".394",".337","0.731",".228",".366",".314",".307",".339",".138",,,,,,,,,,,,,"90.5","9.2",38.3,6.4,44.7,"80.7004625","94.316578723",34.8,40.7
"Holland, Derek",502706,2020,33,"12","40.2",179,161,42,21,9,0,12,45,15,25.1,8.4,".261",".540",".335","0.875",".275",".555",".369",".383",".348",".281",,,,,,,,,,,,,"92.5","16",35.3,14.7,48.3,"82.522439474","96.003809561",26.5,43
"Norris, Daniel",596057,2022,29,"41","58.2",249,214,45,21,12,1,11,66,28,26.5,11.2,".210",".430",".321","0.751",".225",".403",".331",".327",".334",".178",,,,,,,,,,,,,"89.1","12",32.4,10.8,40.5,"78.147133514","94.202098367",31.4,43.1
"Skenes, Paul",694973,2024,22,"23","133.0",514,475,94,69,14,1,10,170,32,33.1,6.2,".198",".295",".257","0.552",".191",".302",".247",".250",".252",".111","70.9",20.1,9.3,6.8,27.6,20,"7.4",17,9.8,-1.8,45.7,33.3,"87.8","8.4",27.8,5.2,36.3,"76.618528618","93.629853102",28.7,49.8
"Neverauskas, Dovydas",596720,2020,27,"17","19.0",89,79,24,14,5,0,5,23,10,25.8,11.2,".304",".557",".382","0.939",".264",".475",".398",".355",".348",".210",,,,,,,,,,,,,"90.8","12.3",35.7,8.9,48.2,"81.114818929","94.893726727",32.5,42.2
"Peacock, Matt",676840,2022,28,"9","10.0",46,42,12,10,1,0,1,6,4,13,8.7,".286",".381",".348","0.729",".257",".387",".324",".314",".323",".130",,,,,,,,,,,,,"87.9","2",30.6,5.6,36.1,"77.421604444","93.367112",22.1,51.7
"Mills, Alec",621219,2021,29,"32","119.0",517,470,137,94,27,0,16,87,34,16.8,6.6,".291",".451",".347","0.798",".277",".430",".343",".334",".334",".154",,,,,,,,,,,,,"88.3","7.8",33.2,4.9,39.3,"77.083020524","93.926398766",18.7,46
"Norwood, James",656803,2022,28,"20","17.1",85,76,24,19,3,0,2,22,9,25.9,10.6,".316",".434",".388","0.822",".255",".416",".364",".330",".334",".162",,,,,,,,,,,,,"91.5","18.9",46.3,3.7,46.3,"81.434561481","95.146210926",29.3,53.5
"Kelly, Joe",523260,2024,36,"35","32.0",143,119,31,21,6,0,4,35,16,24.5,11.2,".261",".412",".369","0.781",".233",".417",".344",".345",".351",".184","70.4",19.1,11.9,9,30.8,23.4,"7.1",2,7.2,2.3,46.3,33.1,"88.7","8",33.7,12.8,43,"77.07031093","94.621151294",22.4,46.2
"Crawford, Kutter",676710,2023,27,"31","129.1",527,484,107,62,26,2,17,135,36,25.6,6.8,".221",".388",".281","0.669",".205",".380",".290",".281",".266",".175","72",24.2,10.8,8.1,26,19.4,"7.3",7,10.7,-2.2,56.9,31.2,"87.8","20.4",30.5,7.7,35.3,"76.355210455","93.712169573",26.8,52.4
"Tropeano, Nick",607374,2020,29,"7","15.2",66,60,14,7,6,0,1,19,4,28.8,6.1,".233",".383",".292","0.675",".244",".428",".294",".317",".302",".184",,,,,,,,,,,,,"92.3","16.8",39,7.3,43.9,"83.465331","95.0927885",33.3,44.6
"Castillo, Diego",650895,2024,30,"7","10.0",43,34,8,7,0,1,0,6,8,14,18.6,".235",".294",".372","0.666",".230",".283",".309",".310",".370",".053","71",19.7,16.4,13.6,30.9,25.8,"7.4",0,9.7,-2.3,51.5,33.4,"89","18.3",13.8,0,37.9,"77.230588","94.712046897",18.4,42.9
"Dobnak, Randy",677976,2021,26,"14","50.2",228,213,66,37,17,1,11,27,12,11.8,5.3,".310",".554",".348","0.902",".316",".545",".380",".388",".357",".229",,,,,,,,,,,,,"91.7","2.3",31,10.2,55.6,"79.65568587","96.681196467",17.4,47.3
"Bumgarner, Madison",518516,2020,30,"9","41.2",190,170,47,22,12,0,13,30,13,15.8,6.8,".276",".576",".347","0.923",".302",".608",".383",".409",".370",".306",,,,,,,,,,,,,"89.5","17.3",37.6,14.9,40.4,"78.889719296","94.348475532",17.4,49.4
"Strickland, Hunter",519326,2022,33,"66","62.1",284,241,61,34,18,1,8,60,33,21.1,11.6,".253",".436",".356","0.792",".251",".457",".346",".355",".356",".207",,,,,,,,,,,,,"89.8","17.6",38,9.8,37.9,"79.362571209","94.284068132",28.3,47.3
"Holloway, Jordan",656548,2021,25,"13","36.0",158,130,23,12,7,1,3,36,26,22.8,16.5,".177",".315",".310","0.625",".199",".362",".284",".311",".330",".163",,,,,,,,,,,,,"88.5","15.2",31.3,8.3,31.3,"79.213065208","92.978901875",27.2,40.4
"Díaz, Alexis",664747,2022,25,"59","63.2",255,213,28,20,3,0,5,83,33,32.5,12.9,".131",".216",".260","0.476",".160",".296",".223",".266",".287",".136",,,,,,,,,,,,,"86.7","21",31.3,7.5,33.1,"75.777010455","92.855222672",36.5,49.1
"Soroka, Michael",647336,2024,26,"25","79.2",347,294,66,40,9,4,13,84,44,24.2,12.7,".224",".415",".328","0.743",".234",".407",".324",".332",".338",".173","71",19.7,12.6,9.7,26.7,20.6,"7.3",9,11.2,-3.6,52.1,31.9,"87.6","15.8",34.7,9.7,35.2,"75.630787547","93.882228531",24.8,43.3
"Rodríguez, Yariel",684320,2024,27,"21","86.2",368,323,74,46,16,1,11,85,40,23.1,10.9,".229",".387",".319","0.706",".228",".372",".312",".310",".319",".144","71.8",24.7,12.1,9.3,29.5,22.6,"7.4",11,10.4,-2.7,49.1,31.7,"87.8","16.8",28.9,6.3,37.2,"76.520751261","93.720160549",25.7,45.4
"Webb, Logan",657277,2021,24,"27","148.1",596,546,128,95,22,2,9,158,36,26.5,6,".234",".332",".290","0.622",".226",".335",".274",".278",".284",".108",,,,,,,,,,,,,"88.1","-0.5",28.2,5.6,38.8,"76.488039278","94.013392268",28.7,46.6
"Alcantara, Sandy",645261,2021,25,"33","205.2",837,768,171,107,40,3,21,201,50,24,6,".223",".365",".278","0.643",".228",".374",".279",".289",".284",".146",,,,,,,,,,,,,"87.6","4.5",29.9,6.1,39.4,"75.365831333","93.983632175",27.5,53.3
"Wilson, Justin",458677,2020,32,"23","19.2",86,75,18,16,1,0,1,23,9,26.7,10.5,".240",".293",".329","0.622",".217",".325",".282",".285",".309",".108",,,,,,,,,,,,,"84.5","13.1",28.3,5.7,28.3,"72.680153846","92.388535882",24.7,49.3
"Pepiot, Ryan",686752,2023,25,"8","42.0",159,151,27,13,7,0,7,38,5,23.9,3.1,".179",".364",".220","0.584",".219",".374",".251",".274",".258",".155","71",20.9,11.5,8.4,31.6,23,"7.3",7,10.3,-3.5,56.1,32.4,"86.7","20",31.9,8.8,27.4,"75.626502727","93.036786789",27.9,50.5
"Sandoval, Patrick",663776,2022,25,"27","148.2",638,565,139,109,19,3,8,151,60,23.7,9.4,".246",".333",".322","0.655",".244",".365",".294",".308",".322",".121",,,,,,,,,,,,,"87.3","11.4",31.6,5.7,34,"76.418262961","93.079175728",29.6,48.2
"Vespi, Nick",663989,2022,26,"25","26.1",112,102,29,17,6,1,5,28,8,25,7.1,".284",".510",".339","0.849",".286",".499",".361",".358",".342",".214",,,,,,,,,,,,,"87.7","10",44,10.7,40,"76.014713947","93.994057733",31.7,48.9
"Underwood Jr., Duane",621249,2021,26,"43","72.2",320,285,77,49,17,2,9,65,27,20.3,8.4,".270",".439",".338","0.777",".272",".448",".333",".345",".343",".176",,,,,,,,,,,,,"89.3","8.8",36.6,7.6,42.9,"78.54086027","94.212978507",23.8,45.4
"Clarke, Taylor",664199,2020,27,"12","43.1",183,161,35,18,9,0,8,40,21,21.9,11.5,".217",".422",".306","0.728",".242",".460",".310",".337",".329",".219",,,,,,,,,,,,,"89.8","16.1",32,9.8,39.3,"79.591749833","94.126438833",22.3,43.4
"Wieck, Brad",623364,2021,29,"15","17.0",71,61,10,7,3,0,0,28,10,39.4,14.1,".164",".213",".282","0.495",".162",".273",".237",".255",".280",".111",,,,,,,,,,,,,"91.6","16.5",36.4,6.1,39.4,"83.365245294","94.606028788",28,40.3
"Wells, Tyler",669330,2022,27,"23","103.2",423,389,90,55,18,1,16,76,28,18,6.6,".231",".406",".285","0.691",".229",".421",".301",".307",".284",".192",,,,,,,,,,,,,"88.3","19.1",30.9,7.9,39.1,"76.957543694","93.90766086",25.1,50.6
"Rodriguez, Carlos",692230,2024,22,"3","12.1",57,52,19,14,1,1,3,9,3,15.8,5.3,".365",".596",".393","0.989",".325",".502",".418",".381",".361",".177","70.6",17.5,10.3,8.7,32.2,27.2,"7.4",1,14.1,-10.2,53.4,32.7,"87.4","17.9",46.7,4.4,37.8,"76.670374545","93.102164318",19.3,48.9
"Berríos, José",621244,2024,30,"32","192.1",786,714,168,112,21,4,31,153,54,19.5,6.9,".235",".406",".300","0.706",".262",".447",".308",".336",".325",".185","71.8",24.2,15.1,12.3,36.1,29.3,"7.3",26,9.7,-1.5,51.4,32.9,"89.6","13.4",36.3,7.8,41.8,"79.087839143","94.188449928",21.1,46.7
"Lamet, Dinelson",659275,2020,27,"12","69.0",267,242,39,25,9,0,5,93,20,34.8,7.5,".161",".260",".236","0.496",".186",".317",".225",".259",".260",".130",,,,,,,,,,,,,"88.7","16.9",34.7,7.3,40,"77.445168667","94.21267604",32.7,47.4
"Tepera, Ryan",572193,2020,32,"21","20.2",89,75,17,12,3,0,2,31,12,34.8,13.5,".227",".347",".337","0.684",".211",".309",".308",".298",".332",".098",,,,,,,,,,,,,"90.3","10.9",44.4,4.4,37.8,"79.959096667","94.649914286",43.7,45.3
"Holmes, Clay",605280,2023,30,"66","63.0",262,234,51,39,9,1,2,71,23,27.1,8.8,".218",".291",".294","0.585",".206",".290",".265",".262",".284",".084","71.6",20.7,15.3,12.4,40.9,33.1,"7.3",1,10.5,-0.8,50.9,33.1,"89.5","-3.4",23,2.4,43,"78.759462892","94.387747152",26.2,43.9
"Manoah, Alek",666201,2022,24,"31","196.2",786,713,144,97,30,1,16,180,51,22.9,6.5,".202",".314",".268","0.582",".224",".352",".261",".286",".289",".128",,,,,,,,,,,,,"87.5","16.9",33,5.4,31.5,"77.162472322","92.941560807",24.9,49.5
"Valdez, Framber",664285,2024,30,"28","176.1",703,634,140,102,24,1,13,169,55,24,7.8,".221",".323",".287","0.610",".232",".349",".272",".292",".299",".117","72.1",27.7,16,11.9,38.9,28.8,"7.4",20,11.4,-3,51.5,34.4,"90.2","0.4",26,5.3,45,"80.000726364","94.620557662",27.2,45
"Odorizzi, Jake",543606,2022,32,"22","106.1",453,411,106,77,13,2,14,86,35,19,7.7,".258",".401",".319","0.720",".258",".420",".315",".322",".319",".162",,,,,,,,,,,,,"87.8","19.8",36.8,7.3,33.1,"77.473569878","93.153239756",22.2,50.1
"Melancon, Mark",453343,2020,35,"23","22.2",95,84,22,20,1,0,1,14,7,14.7,7.4,".262",".310",".330","0.640",".247",".352",".276",".287",".318",".105",,,,,,,,,,,,,"88.9","-0.6",26.4,4.2,34.7,"79.687082857","93.257845942",19.7,47.1
"Wilson, Justin",458677,2024,36,"60","46.2",209,192,55,35,10,0,10,51,13,24.4,6.2,".286",".495",".335","0.830",".239",".446",".354",".317",".294",".207","72",24.3,12.9,9.7,28,21,"7.1",8,5.8,5.3,46.6,32.7,"88.6","17.8",35.7,11.2,41.3,"76.709771268","94.558569007",25.1,55.1
"Medina, Luis",665622,2024,25,"8","40.0",180,156,43,29,10,0,4,32,20,17.8,11.1,".276",".417",".356","0.773",".254",".415",".336",".335",".340",".161","71.8",24.1,13.7,11.4,30.2,25.1,"7.4",4,9.9,-2.9,47.5,32.4,"89.5","16.3",31.5,8.7,44.9,"77.675197969","94.833622677",19.2,48.5
"Karinchak, James",675916,2023,27,"44","39.0",171,135,24,13,4,1,6,52,28,30.4,16.4,".178",".356",".322","0.678",".199",".378",".300",".328",".347",".179","70.1",16.5,11.5,8.9,27.9,21.5,"7.2",3,10,1.7,54.4,29.3,"90.4","20.7",38.6,12.5,38.6,"81.019822273","94.233027816",29.8,40.8
"Crichton, Stefan",592233,2021,29,"31","23.1",117,99,33,23,7,0,3,17,12,14.5,10.3,".333",".495",".419","0.914",".256",".395",".386",".349",".366",".139",,,,,,,,,,,,,"90.5","15.1",22.6,6,45.2,"79.678272619","95.156454643",15.4,43.4
"Vest, Will",676684,2024,29,"69","70.1",289,261,61,48,9,1,3,63,18,21.8,6.2,".234",".310",".285","0.595",".261",".384",".261",".310",".316",".123","70.5",15.1,10.8,8.3,33.3,25.7,"6.9",5,4.5,7.1,38.2,32.2,"88.4","7.4",36.6,2.9,38,"77.72099951","93.836313088",24.3,49.9
"Fulmer, Michael",605242,2023,30,"58","57.0",237,204,48,28,13,0,7,65,28,27.4,11.8,".235",".402",".329","0.731",".236",".377",".320",".319",".336",".141","71.4",28.4,11.6,7.3,24.6,15.6,"7.5",5,11.6,-4,56.9,32.2,"86.4","15.4",37.3,6.3,30.3,"74.989243521","92.916518592",33.5,46.2
"Swanson, Erik",657024,2023,29,"69","66.2",262,240,52,35,8,1,8,75,21,28.6,8,".217",".358",".280","0.638",".199",".364",".280",".274",".263",".165","71.7",23.1,12.9,8.8,29,19.8,"7.3",2,11.4,-3.2,47.8,31.1,"89.2","17.1",31.3,6,40.4,"78.590354756","94.143308232",32.6,50.4
"Ray, Robbie",592662,2022,30,"32","189.0",775,705,163,97,29,5,32,212,62,27.4,8,".231",".423",".299","0.722",".222",".388",".315",".299",".291",".166",,,,,,,,,,,,,"89.7","14.7",34,7.9,39.1,"79.38448151","94.312919224",30,51.5
"Adam, Jason",592094,2022,30,"67","63.1",237,211,31,22,3,1,5,75,17,31.6,7.2,".147",".242",".229","0.471",".163",".263",".213",".228",".243",".100",,,,,,,,,,,,,"85.2","14.4",29,5.1,27.5,"74.511050435","91.985168986",38.8,49.8
"Almonte, Yency",622075,2021,27,"48","47.2",217,181,47,27,10,1,9,47,29,21.7,13.4,".260",".475",".369","0.844",".248",".433",".361",".351",".364",".185",,,,,,,,,,,,,"87.3","13.9",32.8,8.8,35,"76.416140147","93.168488088",26.6,42.7
"Eovaldi, Nathan",543135,2023,33,"25","144.0",577,521,117,70,27,5,15,132,47,22.9,8.1,".225",".382",".295","0.677",".232",".399",".296",".307",".302",".167","72.8",32,14.7,11.3,33.3,25.8,"7.4",7,12.4,-3.7,46.9,32.8,"88.9","6.4",30.1,7.9,43.1,"77.314907795","94.415751825",26.4,47.8
"Junis, Jakob",596001,2020,27,"8","25.1",114,105,35,23,5,0,7,19,6,16.7,5.3,".333",".581",".377","0.958",".287",".507",".401",".357",".336",".220",,,,,,,,,,,,,"88.9","12.6",34.5,8,35.6,"77.805623721","94.149680814",20.3,48.7
"Keller, Brad",641745,2020,24,"9","54.2",215,193,39,35,2,0,2,35,17,16.3,7.9,".202",".244",".270","0.514",".270",".396",".236",".322",".334",".126",,,,,,,,,,,,,"89.2","7.5",32.9,3.7,39.1,"79.168217342","93.762296646",19.3,46.6
"Abreu, Bryan",650556,2024,27,"78","78.1",325,285,59,39,10,1,9,103,32,31.7,9.8,".207",".344",".299","0.643",".196",".337",".288",".284",".291",".141","71.2",17.2,12.9,9.1,32.3,22.9,"7.4",16,11,-2.4,54.7,31.5,"90.4","16",32.1,8.7,38,"81.143034674","94.097664645",34,46.2
"Lambert, Jimmy",669424,2023,28,"35","37.2",172,150,41,19,11,1,10,41,20,23.8,11.6,".273",".560",".363","0.923",".270",".497",".385",".363",".360",".227","71.3",20.2,20.9,15.7,35.8,27,"7.5",2,13,-8.9,40.4,33.1,"91.1","18.3",40,12.7,46.4,"79.735016296","95.85720963",27.1,45.2
"Núñez, Dedniel",673380,2024,28,"25","35.0",135,127,24,16,5,0,3,48,8,35.6,5.9,".189",".299",".237","0.536",".182",".322",".234",".242",".230",".140","71.5",22.4,10.4,7.1,26.8,18.3,"7.5",8,10.8,-4.5,54.4,30.6,"88.7","10.1",26.6,10.1,38,"76.682341795","94.547358974",34.7,57.6
"Chatwood, Tyler",543022,2021,31,"32","32.0",145,120,26,18,6,0,2,38,21,26.2,14.5,".217",".317",".352","0.669",".221",".356",".308",".324",".356",".135",,,,,,,,,,,,,"90.2","6.1",32.9,8.5,43.9,"79.352819024","94.99659679",31.4,40.9
"Freeland, Kyle",607536,2021,28,"23","120.2",515,469,133,85,28,0,20,105,38,20.4,7.4,".284",".471",".342","0.813",".242",".420",".349",".315",".304",".178",,,,,,,,,,,,,"88.4","11.4",34.5,8.2,35.3,"77.517810387","93.669716713",21.6,46.2
"Wentz, Joey",666214,2022,24,"7","32.2",135,118,23,12,7,2,2,27,13,20,9.6,".195",".339",".274","0.613",".210",".357",".270",".298",".296",".147",,,,,,,,,,,,,"88.8","12.9",31.9,7.4,35.1,"78.17766587","93.899797717",21.8,45.4
"Stanek, Ryne",592773,2023,31,"55","50.2",213,190,42,26,8,0,8,51,21,23.9,9.9,".221",".389",".300","0.689",".218",".407",".300",".310",".300",".189","71.7",22.9,9.7,7.1,28.2,20.7,"7.4",3,12,-2.1,65,30.5,"90.1","22.5",32.9,7.1,44.3,"80.460036714","94.168075429",30.7,52.4
"Brice, Austin",592169,2021,29,"13","13.2",64,53,14,8,4,0,2,12,7,18.8,10.9,".264",".453",".391","0.844",".224",".433",".371",".350",".357",".210",,,,,,,,,,,,,"93.1","16.9",22,9.8,51.2,"85.736972381","95.269247073",20.7,44.2
"Civale, Aaron",650644,2020,25,"12","74.0",312,291,82,51,17,3,11,69,16,22.1,5.1,".282",".474",".324","0.798",".265",".436",".339",".322",".309",".171",,,,,,,,,,,,,"87.1","10.4",36.6,6.7,33.5,"75.989788288","93.101253964",24.9,45.5
"Poppen, Sean",664092,2021,27,"24","22.2",110,98,31,23,3,3,2,26,9,23.6,8.2,".316",".469",".391","0.860",".277",".444",".367",".346",".356",".167",,,,,,,,,,,,,"89.6","7.2",38.9,6.9,48.6,"77.4584925","95.113280833",25.9,40.9
"Gaddis, Hunter",683769,2024,26,"78","74.2",278,259,43,23,14,2,4,66,14,23.7,5,".166",".282",".219","0.501",".198",".343",".220",".260",".250",".145","71.5",21.6,9.5,7.2,29.5,22.4,"7.4",7,11.2,-3,60.3,30.5,"88.5","18.8",29.9,5.7,36.6,"78.24385866","93.411744536",25,51.6
"Brasier, Ryan",518489,2023,35,"59","59.2",239,213,42,30,9,0,3,56,20,23.4,8.4,".197",".282",".272","0.554",".227",".348",".248",".292",".305",".122","70.6",19.7,10.8,8.1,31.5,23.7,"7.2",7,10.5,-1.7,45.1,33.7,"89.5","12.8",31.3,3.8,42.5,"79.365490375","94.120214214",25.1,51.2
"Hill, Rich",448179,2022,42,"26","124.1",526,484,125,77,27,6,15,109,37,20.7,7,".258",".432",".316","0.748",".239",".422",".325",".315",".299",".183",,,,,,,,,,,,,"88.2","14.9",31.6,8.2,34,"77.422953459","93.666610461",22,47.4
"Freeland, Kyle",607536,2024,31,"21","113.1",490,460,134,84,23,5,22,85,26,17.3,5.3,".291",".507",".329","0.836",".274",".488",".357",".345",".314",".214","72.4",28.5,14.5,12.5,33.4,28.7,"7.4",16,10.5,-2.7,52.6,33.9,"90.3","15.2",34.7,10.6,40.7,"79.590418883","94.84659904",17.1,50
"Peralta, Freddy",642547,2024,28,"32","173.2",725,639,143,92,24,1,26,200,68,27.6,9.4,".224",".387",".307","0.694",".222",".386",".305",".307",".306",".165","71.1",20.3,11.7,8.3,27.9,19.8,"7.2",25,9.7,-2.2,46,31.9,"87.6","17.3",35.3,8.7,36.9,"75.95026724","93.640809751",31.1,46.9
"Lynch IV, Daniel",663738,2022,25,"27","131.2",600,535,155,109,24,1,21,122,52,20.3,8.7,".290",".456",".355","0.811",".275",".465",".352",".348",".342",".190",,,,,,,,,,,,,"91.2","12.8",33.7,8.8,47.7,"80.584255481","95.400197788",25.4,49.9
"Kilian, Caleb",668873,2022,25,"3","11.1",56,42,11,7,4,0,0,9,12,16.1,21.4,".262",".357",".429","0.786",".216",".307",".355",".327",".398",".091",,,,,,,,,,,,,"91.1","7.2",20.6,2.9,44.1,"80.104719412","95.53371303",16.7,40.9
"Crawford, Kutter",676710,2022,26,"21","77.1",334,301,81,48,21,0,12,77,29,23.1,8.7,".269",".458",".335","0.793",".253",".458",".344",".336",".321",".205",,,,,,,,,,,,,"89.7","17.1",42,8.8,38.9,"78.846047946","94.533380313",25.6,47.7
"Keller, Brad",641745,2024,28,"16","41.1",192,175,48,28,11,0,9,32,15,16.7,7.8,".274",".491",".339","0.830",".246",".457",".358",".337",".313",".211","71.5",20.8,15.4,12.4,35.3,28.5,"7.4",3,10,-1,57,32.9,"88.6","8.8",30.1,10.5,39.2,"77.014369718","94.317402908",21.1,46
"Warren, Austin",681810,2021,25,"16","20.1",84,78,16,11,4,1,0,20,5,23.8,6,".205",".282",".262","0.544",".196",".308",".243",".252",".257",".112",,,,,,,,,,,,,"88.3","10",22.4,5.2,39.7,"76.311507778","94.178177963",27.9,45.8
"Kershaw, Clayton",477132,2021,33,"22","121.2",488,460,103,65,22,1,15,144,21,29.5,4.3,".224",".374",".262","0.636",".217",".376",".274",".275",".256",".159",,,,,,,,,,,,,"88.1","9.8",31.7,6.9,37.3,"76.229571484","94.123290032",34.7,50.7
"Lakins, Travis",664042,2021,27,"24","28.0",123,104,23,17,2,0,4,24,17,19.5,13.8,".221",".356",".333","0.689",".249",".457",".308",".354",".357",".208",,,,,,,,,,,,,"89.2","14",35.8,7.4,32.1,"79.06816425","93.929478481",25.7,44.3
"Blanco, Ronel",669854,2024,30,"30","167.1",676,599,114,63,26,3,22,166,68,24.6,10.1,".190",".354",".273","0.627",".224",".398",".276",".311",".305",".174","71.8",26.3,13,9.4,30.7,22.2,"7.5",17,13.5,-6.3,54.7,31.4,"88.7","16.4",30.1,9.3,35.5,"78.14814367","93.702377385",29,48.6
"Kuhl, Chad",641771,2022,29,"27","137.0",617,546,155,93,31,6,25,110,58,17.8,9.4,".284",".500",".355","0.855",".269",".482",".368",".355",".342",".213",,,,,,,,,,,,,"90.5","15.8",36,9.7,44.6,"79.624909136","95.09870475",23.6,45.5
"Ruiz, José",614179,2022,27,"63","60.2",265,229,53,31,12,1,9,68,33,25.7,12.5,".231",".410",".325","0.735",".227",".424",".323",".325",".321",".197",,,,,,,,,,,,,"89.1","12.8",32.3,8.5,47,"77.738176341","94.62496628",29.4,44.8
"Moronta, Reyes",606625,2022,29,"39","37.2",161,140,30,19,5,1,5,38,18,23.6,11.2,".214",".371",".311","0.682",".190",".337",".301",".283",".294",".147",,,,,,,,,,,,,"86.4","23.4",33,6.8,35,"74.2159484","93.3748374",27.1,44.9
"Urías, Julio",628711,2020,23,"11","55.0",224,205,45,33,7,0,5,45,18,20.1,8,".220",".327",".281","0.608",".217",".366",".269",".286",".282",".149",,,,,,,,,,,,,"87.1","21.7",32.9,5,28.6,"76.528918228","92.859624241",26,49.6
"Pallante, Andre",669467,2023,24,"62","68.0",302,266,76,54,16,0,6,43,30,14.2,9.9,".286",".414",".362","0.776",".255",".356",".341",".312",".336",".101","70.1",12.9,14.1,12.1,38.9,33.2,"6.9",2,3.8,7.6,35.3,34.4,"89","-11.6",19.5,3.5,41.6,"77.543855714","94.411945179",18.2,45.3
"Odorizzi, Jake",543606,2021,31,"24","104.2",441,399,97,58,20,3,16,91,34,20.6,7.7,".243",".429",".307","0.736",".248",".452",".316",".329",".311",".204",,,,,,,,,,,,,"89.7","17.2",31.3,9.3,39.3,"79.322149613","94.334875243",21.9,48.9
"Tonkin, Michael",543859,2024,34,"57","79.1",340,297,70,49,14,1,6,85,30,25,8.8,".236",".350",".318","0.668",".251",".399",".296",".324",".333",".148","71.3",17.7,10.9,8.6,29.8,23.5,"7.3",13,10.3,-2.7,53.9,32.5,"88","12.5",35.9,7.4,35,"76.903440926","93.662756111",23.7,47.2
"Adam, Jason",592094,2023,31,"56","54.1",222,193,35,19,8,1,7,69,20,31.1,9,".181",".342",".288","0.630",".215",".407",".283",".320",".317",".192","70.8",20.5,10.7,7.1,33.3,22.3,"7.2",1,11.8,-2,56.3,30,"87.2","14.4",30.6,12.1,39.5,"74.798043226","93.949121626",34.4,45.9
"Cimber, Adam",643256,2023,32,"22","20.2",95,83,25,17,2,0,6,12,7,12.6,7.4,".301",".542",".379","0.921",".292",".486",".393",".374",".374",".195",,,,,,,,,,,,,"90.5","9.1",36.1,6.9,47.2,"79.931365143","95.048769286",14.9,46.8
"White, Mitch",669952,2021,26,"21","46.2",197,177,38,25,7,0,6,49,17,24.9,8.6,".215",".356",".281","0.637",".243",".379",".276",".300",".306",".136",,,,,,,,,,,,,"88.7","9.3",31.3,7.6,37.4,"77.622355231","94.059175116",23.3,49
"Weathers, Ryan",677960,2024,24,"16","86.2",367,331,78,49,18,0,11,80,24,21.8,6.5,".236",".390",".303","0.693",".240",".412",".303",".318",".308",".172","71.7",27.1,13,9.9,34.8,26.4,"7.3",9,9.2,-0.9,47.9,32.6,"89.5","10.4",32.7,8.3,38.2,"78.779545952","94.321363147",26.1,46.4
"Cisnero, José",542585,2024,35,"15","15.2",74,62,18,12,2,0,4,17,8,23,10.8,".290",".516",".384","0.900",".268",".476",".387",".373",".368",".209","71.4",17.2,14.5,11.1,28.9,22.2,"7.3",1,7.6,0.4,49.5,33.4,"88","14.8",31.9,8.5,40.4,"75.629629565","94.471597174",25.7,46
"Lauer, Eric",641778,2021,26,"24","118.2",489,438,94,65,12,1,16,117,41,23.9,8.4,".215",".356",".284","0.640",".226",".403",".280",".304",".295",".177",,,,,,,,,,,,,"89.8","18.2",37.1,8.2,37.1,"80.05412882","93.94686109",24.2,48.6
"Ginkel, Kevin",656464,2023,29,"60","65.1",255,226,41,23,15,0,3,70,24,27.5,9.4,".181",".288",".263","0.551",".197",".336",".246",".273",".278",".140","71.5",25.4,14.6,10.3,29.2,20.5,"7.2",12,8.5,0.3,48.6,32,"88","9.5",32.1,7.5,37.1,"76.81440675","93.68903327",31.2,46.8
"Barria, Jaime",642545,2022,25,"35","79.1",316,290,63,37,12,3,11,54,19,17.1,6,".217",".393",".272","0.665",".241",".437",".290",".316",".294",".196",,,,,,,,,,,,,"88.3","16.3",30.8,10,35.8,"77.787227179","93.537908675",23.3,51.2
"Adon, Joan",672851,2024,25,"8","10.2",48,41,12,9,1,0,2,6,4,12.5,8.3,".293",".463",".362","0.825",".255",".398",".357",".342",".344",".142","71.2",18.2,14.3,12.1,35.7,30.3,"7.3",1,9.3,1.2,59.1,32.6,"84","-3.6",24.3,8.1,29.7,"69.961371111","93.101360556",15.2,44.4
"Burrows, Beau",663366,2021,24,"6","11.0",58,44,16,5,5,1,5,8,10,13.8,17.2,".364",".864",".448","1.312",".337",".795",".502",".476",".429",".458",,,,,,,,,,,,,"93","27",47.5,17.5,42.5,"84.7414315","95.30292225",17.7,46.4
"Neidert, Nick",663734,2021,24,"8","35.2",157,126,31,19,8,0,4,21,23,13.4,14.6,".246",".405",".378","0.783",".258",".445",".345",".370",".390",".187",,,,,,,,,,,,,"88.9","17.9",33.3,8.3,36.1,"78.236839245","93.958075048",19.1,46.3
"Harvey, Hunter",640451,2024,29,"49","50.2",219,197,51,26,19,1,5,55,16,25.1,7.3,".259",".442",".330","0.772",".276",".465",".333",".349",".345",".190","71.4",23.4,14.8,10.9,29.6,21.7,"7.2",13,8.3,2,47.1,32.4,"90.4","10.9",37.8,9.1,48.3,"79.357152958","95.304975106",27.1,51.3
"Stephan, Trevor",663986,2021,25,"43","63.1",282,247,58,30,13,0,15,75,31,26.6,11,".235",".470",".326","0.796",".236",".476",".340",".347",".330",".240",,,,,,,,,,,,,"89.7","16.5",40.5,15.6,42.8,"78.793868023","94.555136628",30.2,47.4
"Mazza, Chris",607391,2021,31,"14","27.1",112,101,26,18,4,1,3,21,7,18.8,6.3,".257",".406",".313","0.719",".238",".412",".306",".307",".297",".174",,,,,,,,,,,,,"85.5","18.2",30.5,8.5,28,"74.080399512","92.434897317",28.4,50.4
"Falter, Bailey",663559,2021,24,"22","33.2",139,130,34,24,4,1,5,34,6,24.5,4.3,".262",".423",".302","0.725",".244",".381",".311",".292",".287",".137",,,,,,,,,,,,,"88.9","15.4",35.1,6.2,37.1,"79.84975","93.068727526",23.3,48.2
"Workman, Brandon",519443,2020,31,"21","19.2",101,88,31,21,5,1,4,23,13,22.8,12.9,".352",".568",".436","1.004",".292",".534",".423",".387",".384",".242",,,,,,,,,,,,,"90.1","3.2",32.3,12.3,49.2,"78.800739063","95.380503125",26,42.8
"Woo, Bryan",693433,2023,23,"18","87.2",371,331,75,48,12,2,13,93,31,25.1,8.4,".227",".393",".305","0.698",".217",".352",".305",".289",".297",".136","71.8",25.5,7,5.2,27,20,"6.8",4,5.2,7.2,44.8,31.9,"87.4","13.9",32.5,6.3,33.8,"76.283120168","93.342257722",28.1,50.9
"Pérez, Cionel",672335,2023,27,"65","53.1",247,212,56,44,10,0,2,44,27,17.8,10.9,".264",".340",".357","0.697",".240",".342",".311",".304",".336",".102","71.4",20.1,7.7,6,30.8,23.9,"7.1",5,6,3.1,41,32.8,"89.2","1.5",21.5,2.9,41.9,"77.698215952","94.507534048",20,46.2
"Mlodzinski, Carmen",669387,2024,25,"40","50.2",209,184,41,30,8,0,3,46,19,22,9.1,".223",".315",".297","0.612",".226",".341",".272",".288",".303",".115","70.8",14.8,9.7,7.3,32.1,23.9,"7.2",10,8.2,-0.5,46.5,31.7,"89.3","12.9",29.6,2.8,35.2,"79.432965571","93.818028357",26.1,48.2
"Rodríguez, Joely",570257,2020,28,"12","12.2",52,46,8,5,3,0,0,17,5,32.7,9.6,".174",".239",".255","0.494",".213",".346",".228",".281",".290",".133",,,,,,,,,,,,,"88.9","7.1",33.3,10,43.3,"78.950339333","93.950674138",26.3,40.6
"Manning, Matt",666159,2023,25,"15","78.0",316,283,60,38,9,2,11,50,21,15.8,6.6,".212",".375",".274","0.649",".262",".502",".281",".353",".322",".240","72.1",27.8,18.3,14.8,38.9,31.5,"7.3",2,8.8,-0.9,53.4,32.1,"90.9","16.9",33.5,10.9,43.9,"81.289962185","94.692669244",18.8,46.8
"Keller, Mitch",656605,2024,28,"31","178.0",773,697,182,110,38,11,23,166,50,21.5,6.5,".261",".446",".321","0.767",".246",".415",".331",".322",".311",".169","71.1",18.5,12.9,10.5,33.9,27.5,"7.1",23,7.3,2.2,49.2,32,"88.8","12.4",38,7.2,39.3,"77.859026134","94.078079089",21.5,47.6
"Minor, Mike",501985,2021,33,"28","158.2",669,619,156,91,35,4,26,149,41,22.3,6.1,".252",".447",".303","0.750",".241",".449",".321",".319",".293",".208",,,,,,,,,,,,,"88.5","16.5",35,9.3,35.9,"77.666560598","93.731220726",24.4,48.7
"Bleier, Richard",542947,2020,33,"21","16.2",67,62,14,9,5,0,0,11,4,16.4,6,".226",".306",".284","0.590",".264",".360",".257",".297",".319",".096",,,,,,,,,,,,,"86","-4.5",27.5,2,35.3,"73.1389604","93.5193592",17.8,49.1
"Peguero, Elvis",665625,2023,26,"59","61.1",252,221,49,40,4,1,4,54,26,21.4,10.3,".222",".303",".313","0.616",".236",".347",".280",".303",".327",".111","72.9",33.3,13.8,10,39.4,28.7,"7.5",4,9.5,-2.7,57.3,35,"89","2.1",30.4,3,38.1,"78.13722869","94.042018452",31.3,46.5
"Anderson, Chase",502624,2022,34,"9","24.0",103,83,17,10,4,0,3,23,15,22.3,14.6,".205",".361",".340","0.701",".195",".313",".316",".308",".342",".118",,,,,,,,,,,,,"84.2","9.3",29,6.5,38.7,"69.266460323","93.735680323",22.4,44.4
"Thompson, Keegan",624522,2023,28,"19","28.2",125,103,20,14,4,0,2,26,19,20.8,15.2,".194",".291",".320","0.611",".211",".369",".282",".321",".338",".159","72",25,19.4,13.6,25.8,18.2,"7.4",1,12.1,-5.4,65.9,33.1,"88.9","14.5",34.2,5.1,44.3,"78.250061795","94.202470779",26.6,42.6
"Bauer, Trevor",545333,2021,30,"17","107.2",432,390,71,36,14,2,19,137,37,31.7,8.6,".182",".374",".258","0.632",".193",".390",".274",".286",".268",".196",,,,,,,,,,,,,"90.3","19.2",34.9,10.6,42.4,"80.028364841","94.612066892",30.3,45.7
"Kennedy, Ian",453178,2023,38,"16","16.1",75,65,16,9,3,0,4,21,7,28,9.3,".246",".477",".333","0.810",".230",".402",".347",".323",".323",".173","70.9",17.9,25,17.9,46.4,33.3,"7.2",3,9,-1.7,53.8,34.8,"90.9","18.9",33.3,8.9,51.1,"80.0659","95.867832444",34,47.8
"Ellis, Chris",595939,2021,28,"7","29.1",121,105,21,14,4,0,3,23,14,19,11.6,".200",".324",".306","0.630",".261",".453",".284",".353",".358",".192",,,,,,,,,,,,,"92.6","23",41.5,12.2,52.4,"82.819780732","96.011889383",25.9,46.5
"Treinen, Blake",595014,2021,33,"72","72.1",286,257,46,37,4,0,5,85,25,29.7,8.7,".179",".253",".259","0.512",".190",".273",".233",".249",".269",".084",,,,,,,,,,,,,"83.3","10.4",20.2,2.3,27.2,"69.733031395","92.438669244",29.3,48.9
"Jameson, Drey",686753,2022,24,"4","24.1",98,90,20,14,4,0,2,24,7,24.5,7.1,".222",".333",".286","0.619",".265",".430",".277",".331",".325",".165",,,,,,,,,,,,,"88.9","3.2",30.3,7.6,48.5,"77.616328182","94.419639394",26.7,48.8
"Festa, Matt",670036,2024,31,"19","23.2",100,90,21,12,6,1,2,24,8,24,8,".233",".389",".300","0.689",".256",".386",".296",".309",".321",".130","71.2",21.8,10.5,7.8,23.1,17.1,"7",3,7,3.1,46.6,30.8,"86.3","26.5",29.9,6,34.3,"74.304525152","93.189386515",26.2,55.6
"Herget, Jimmy",623474,2023,29,"29","29.0",127,117,33,16,10,0,7,26,8,20.5,6.3,".282",".547",".339","0.886",".246",".465",".367",".322",".306",".219","72.1",26.7,15.1,12.9,29.1,24.8,"7.5",3,13,-4.7,45.5,33.5,"89.3","21.8",45.1,9.9,38.5,"78.83518913","94.155218462",20.4,47.2
"Joyce, Ben",690829,2024,23,"31","34.2",142,124,26,23,2,0,1,33,14,23.2,9.9,".210",".250",".310","0.560",".208",".299",".263",".284",".308",".091","70.6",15.9,8.9,6.3,28.4,20.1,"7",4,4.9,5.6,41.8,31.7,"87.2","0.2",25.3,4.4,37.4,"74.868110889","93.832791556",29,49.7
"Guerrero, Luis",692285,2024,23,"9","10.0",36,33,6,5,1,0,0,9,2,25,5.6,".182",".212",".222","0.434",".191",".270",".196",".255",".247",".080","70.8",19.3,14.6,10.5,29.3,21.1,"7.1",1,7.4,2.8,57.9,30.7,"86.3","18.9",28,8,36,"74.318491667","93.1510175",26.6,48.1
"Uceta, Edwin",670955,2024,26,"30","41.2",159,149,26,18,6,0,2,57,8,35.8,5,".174",".255",".222","0.477",".184",".263",".213",".222",".231",".078","71.5",23.4,8.5,5.6,25.6,16.8,"7.4",4,12,-4.8,61.1,31,"87.3","20.7",32.3,3.2,31.2,"76.943605652","93.000901648",34,51.6
"Weissert, Greg",669711,2022,27,"12","11.1",48,41,6,4,1,0,1,11,5,22.9,10.4,".146",".244",".271","0.515",".165",".310",".245",".275",".289",".145",,,,,,,,,,,,,"83.9","16.8",30,3.3,26.7,"71.217961333","92.575717586",19.7,40.9
"Pop, Zach",647315,2023,26,"15","13.2",56,50,11,6,1,0,4,14,6,25,10.7,".220",".480",".304","0.784",".249",".505",".334",".358",".330",".256",,,,,,,,,,,,,"91.9","10.1",38.9,8.3,44.4,"82.267411667","95.187726389",26.9,46.7
"Almonte, Yency",622075,2022,28,"33","35.1",135,120,18,12,4,0,2,33,10,24.4,7.4,".150",".233",".237","0.470",".201",".306",".215",".268",".287",".105",,,,,,,,,,,,,"83.4","11.1",30.7,4.5,25,"70.463103182","92.297405517",33.5,46.1
"Zerpa, Angel",672582,2023,23,"15","42.2",182,169,46,28,11,0,7,36,8,19.8,4.4,".272",".462",".319","0.781",".260",".438",".335",".322",".308",".178","71.6",22.6,13.4,10.8,34.1,27.5,"7.2",1,8.4,2.7,44.9,33.2,"90.4","6.4",30.6,8.2,45.5,"79.838697727","94.965371527",19.9,49.6
"Watkins, Spenser",657093,2022,29,"23","105.1",459,423,119,82,25,1,11,63,30,13.7,6.5,".281",".423",".333","0.756",".284",".461",".331",".346",".336",".177",,,,,,,,,,,,,"90","11.6",37.6,7.2,37.6,"80.476829889","93.995237744",19.7,47.6
"Hall, DL",669084,2024,25,"13","43.0",197,170,48,37,5,0,6,44,21,22.3,10.7,".282",".418",".372","0.790",".236",".398",".350",".327",".333",".162","71.5",22.4,15.1,11.8,29.1,22.7,"7.5",6,10.3,-3.1,51,33.2,"87.3","14",28.3,8.7,37.8,"75.073509194","93.863195285",23.6,43.4
"Sánchez, Cristopher",650911,2022,25,"15","40.0",177,156,38,24,9,0,5,35,17,19.8,9.6,".244",".397",".333","0.730",".241",".396",".323",".321",".332",".155",,,,,,,,,,,,,"87.9","4.9",30.6,6.6,38,"76.912517333","93.513299244",19.1,45.2
"Selman, Sam",572125,2021,30,"25","25.0",110,90,20,14,3,0,3,19,12,17.3,10.9,".222",".356",".336","0.692",".242",".396",".305",".338",".360",".155",,,,,,,,,,,,,"84.1","25.5",39.2,5.4,27,"72.00631","92.156221216",20.4,47.6
"McGough, Scott",543518,2024,34,"26","32.2",150,124,34,16,10,2,6,25,21,16.7,14,".274",".532",".373","0.905",".256",".506",".382",".370",".361",".250","71.8",26.9,14.3,10.8,32.7,24.7,"7.4",3,11,-3.1,51.6,33.9,"90.8","13.2",34,11.7,41.7,"81.219632885","94.634885049",25.5,48.9
"Montgomery, Jordan",656756,2024,31,"25","117.0",532,478,149,92,40,3,14,83,44,15.6,8.3,".312",".496",".369","0.865",".284",".452",".370",".350",".348",".167","72",25.5,17.1,12.9,37.9,28.6,"7.6",20,13.6,-6.8,54.9,33.3,"88.6","12.2",36.6,6,41,"77.212722234","94.218289135",26.9,49.6
"Megill, Trevor",656730,2022,28,"39","45.0",196,177,50,37,9,0,4,49,17,25,8.7,".282",".401",".347","0.748",".269",".469",".330",".349",".336",".200",,,,,,,,,,,,,"92.2","9.5",38,8.5,48.1,"82.55463375","95.69114625",25.3,50.1
"Taillon, Jameson",592791,2022,30,"32","177.1",728,684,168,97,42,3,26,151,32,20.7,4.4,".246",".430",".283","0.713",".259",".446",".308",".321",".296",".187",,,,,,,,,,,,,"88.5","14.5",34.5,8.3,36.2,"77.238196617","94.010264444",23.1,49.1
"Kuhnel, Joel",669270,2023,28,"9","13.0",58,52,16,11,3,0,2,3,5,5.2,8.6,".308",".481",".379","0.860",".320",".512",".368",".388",".391",".193","71.6",22.1,23.6,19.1,36.4,29.4,"7.3",0,8.5,3.1,60.3,31.7,"88.7","0.2",32.7,4.1,44.9,"76.293534167","94.774635",19,51.3
"Paredes, Enoli",660600,2020,24,"22","20.2",90,76,18,14,2,1,1,20,11,22.2,12.2,".237",".329",".337","0.666",".285",".409",".301",".359",".384",".124",,,,,,,,,,,,,"89.4","13.1",39.7,5.2,37.9,"78.21239069","94.600267719",32.3,43.6
"Martin, Chris",455119,2020,34,"19","18.0",66,62,8,6,1,0,1,20,3,30.3,4.5,".129",".194",".182","0.376",".231",".423",".164",".296",".278",".192",,,,,,,,,,,,,"89.5","10.6",33.3,9.5,42.9,"79.09914381","94.260915854",26.4,52.5
"Saucedo, Tayler",642048,2024,31,"53","38.2",166,146,35,26,4,2,3,38,18,22.9,10.8,".240",".356",".331","0.687",".211",".308",".301",".276",".307",".097","71.9",24.9,11.3,8.5,32.7,24.4,"7.5",8,12.1,-4.4,54.5,32.6,"85.2","7.3",25.9,4.6,27.8,"73.522157963","92.556282336",28.1,46
"Minter, A.J.",621345,2021,27,"61","52.1",221,195,44,25,16,1,2,57,20,25.8,9,".226",".349",".295","0.644",".208",".323",".282",".269",".280",".115",,,,,,,,,,,,,"86.7","11.8",31,4.2,35.2,"74.709862857","93.372801071",31.3,49.5
"Phillips, Connor",683175,2023,22,"5","20.2",96,82,18,12,1,0,5,26,13,27.1,13.5,".220",".415",".333","0.748",".216",".408",".329",".327",".330",".192","71.9",25.4,14.4,11.2,32.7,25.4,"7.2",2,8.6,0,53,33,"89.1","21.7",33.9,10.7,41.1,"76.640396786","94.882857143",23,42.3
"Farmer, Buck",571656,2020,29,"23","21.1",89,82,20,14,3,0,3,14,5,15.7,5.6,".244",".390",".284","0.674",".270",".451",".290",".345",".319",".181",,,,,,,,,,,,,"90.2","7",30,8.6,41.4,"79.997766176","94.363779412",19.9,48.7
"Iglesias, Raisel",628452,2022,32,"67","62.0",246,226,46,31,10,0,5,78,14,31.7,5.7,".204",".314",".258","0.572",".212",".377",".253",".280",".267",".165",,,,,,,,,,,,,"87.3","17.5",39.1,10.6,33.8,"75.750745467","93.512690067",34,51.7
"Herget, Jimmy",623474,2021,27,"18","18.2",78,70,20,12,6,1,1,20,4,25.6,5.1,".286",".443",".346","0.789",".245",".346",".335",".293",".312",".102",,,,,,,,,,,,,"86.3","8.4",35.3,3.9,31.4,"74.536976","93.0404336",31.5,43.5
"Waldichuk, Ken",686610,2023,25,"35","141.0",639,550,149,84,39,2,24,132,71,20.7,11.1,".271",".480",".360","0.840",".239",".423",".361",".332",".334",".183","71.4",20.7,13.4,10,32.2,24,"7.3",8,10.3,-2.1,49.8,31.7,"88.3","14.5",34.7,7.7,38.5,"77.103488815","93.79839827",25.1,47.5
"Webb, Jacob",657097,2020,26,"8","10.0",40,35,7,6,1,0,0,10,5,25,12.5,".200",".229",".300","0.529",".223",".304",".239",".276",".320",".080",,,,,,,,,,,,,"89.8","9.3",20,4,36,"81.476602308","93.5383252",32.9,48.8
"Barnes, Charlie",656212,2021,25,"9","38.0",175,152,46,31,11,0,4,20,16,11.4,9.1,".303",".454",".382","0.836",".282",".499",".364",".373",".364",".217",,,,,,,,,,,,,"90.5","16.1",37,6.7,40,"80.427961667","94.556972273",16.9,45
"Head, Louis",545343,2021,31,"27","35.0",134,120,21,16,3,0,2,32,9,23.9,6.7,".175",".250",".246","0.496",".187",".344",".225",".267",".258",".157",,,,,,,,,,,,,"87.4","24.6",22.2,10,27.8,"76.508222889","93.199523",25.5,50.9
"Dolis, Rafael",503569,2020,32,"24","24.0",100,83,16,11,4,0,1,31,14,31,14,".193",".277",".316","0.593",".172",".312",".277",".281",".300",".140",,,,,,,,,,,,,"85.4","9",24.1,7.4,27.8,"74.3987128","92.382584694",30.1,41.8
"Canning, Griffin",656288,2020,24,"11","56.1",238,210,54,33,11,2,8,56,23,23.5,9.7,".257",".443",".328","0.771",".232",".422",".330",".320",".311",".190",,,,,,,,,,,,,"88.9","18.9",30.4,8.9,34.2,"78.665578571","93.665709221",27.4,45.1
"Voth, Austin",608723,2022,30,"41","101.2",442,403,111,76,21,0,14,90,31,20.4,7,".275",".432",".329","0.761",".255",".441",".331",".330",".314",".187",,,,,,,,,,,,,"88.4","16.6",37.2,8.5,37.2,"77.548343354","93.740784286",24.6,47.9
"Winn, Keaton",676775,2024,26,"12","55.1",238,209,56,32,10,5,9,48,20,20.2,8.4,".268",".493",".338","0.831",".269",".487",".354",".361",".343",".218","71.7",25.4,17.6,13.3,36.4,27.5,"7.4",3,10.6,-2.9,52.3,32.8,"93.1","8.7",34.5,8.5,50.6,"83.763880641","96.123965",25.2,52.5
"Gutierrez, Vladimir",661269,2021,25,"22","114.0",496,437,115,67,26,2,20,88,46,17.7,9.3,".263",".469",".336","0.805",".245",".425",".345",".327",".321",".180",,,,,,,,,,,,,"88.9","13.7",28,8.4,38.7,"77.883288728","94.195567139",23.6,46.4
"Poppen, Sean",664092,2022,28,"29","28.2",120,102,27,15,6,1,5,22,12,18.3,10,".265",".490",".336","0.826",".219",".373",".342",".295",".305",".154",,,,,,,,,,,,,"89.1","16.6",35.3,7.1,36.5,"79.430733659","93.5045",16,42.8
"McGowin, Kyle",641851,2021,29,"27","30.0",128,112,21,12,4,0,5,35,14,27.3,10.9,".188",".357",".289","0.646",".196",".330",".283",".280",".296",".135",,,,,,,,,,,,,"85.8","20.2",31.2,6.5,32.5,"74.58184359","92.625837922",27.8,45.8
"Brooks, Aaron",605156,2024,34,"5","26.2",119,107,33,22,7,0,4,12,8,10.1,6.7,".308",".486",".353","0.839",".304",".535",".358",".391",".357",".231","72",23.5,20,16.5,46.4,38.2,"7.4",5,9.9,-0.5,50.6,33.5,"91.5","11.1",31.6,10.2,48,"81.709383673","95.233301959",19.9,49.9
"Coleman, Dylan",669395,2023,26,"23","18.1",96,69,18,12,3,0,3,21,19,21.9,19.8,".261",".435",".438","0.873",".233",".373",".384",".359",".419",".140","72.4",31.5,14.5,11,23.6,17.8,"7.6",1,12,-4.7,47.9,32.4,"85.4","19.6",39.2,7.8,33.3,"73.326838846","92.939285098",31.4,36.6
"Hughes, Brandon",676714,2023,27,"17","13.2",63,53,14,10,2,0,2,17,8,27,12.7,".264",".415",".371","0.786",".259",".451",".343",".352",".367",".192",,,,,,,,,,,,,"90","14.8",43.2,8.1,37.8,"80.871832778","93.909173429",37.1,43.9
"Kelly, Merrill",518876,2024,35,"13","73.2",300,277,67,39,16,1,11,63,19,21,6.3,".242",".426",".294","0.720",".262",".483",".311",".345",".313",".221","72.7",30.6,14.2,11.4,32.3,25.9,"7.5",7,11.6,-3.5,59.2,34.9,"90.5","11",33.5,10.7,40.9,"80.356688571","94.677066333",21.3,48.2
"Weber, Ryan",543901,2022,31,"5","10.2",37,36,6,4,1,0,1,3,1,8.1,2.7,".167",".278",".189","0.467",".299",".444",".204",".330",".318",".145",,,,,,,,,,,,,"90","6.3",30.3,6.1,42.4,"80.377201176","94.119054242",10.5,44.9
"Smeltzer, Devin",656970,2023,27,"9","22.1",100,92,29,16,6,0,7,16,4,16,4,".315",".609",".370","0.979",".304",".613",".413",".409",".360",".309","72",25.6,17.1,14,42.9,34.9,"7.3",0,12.1,-3.9,62.8,33,"90.9","18.3",40.8,11.8,47.4,"80.409739211","95.116525",19.3,47.4
"Hutchison, Drew",571800,2022,31,"28","105.1",464,417,114,80,17,2,15,68,42,14.7,9.1,".273",".432",".341","0.773",".276",".477",".338",".358",".346",".201",,,,,,,,,,,,,"90.3","14.3",35.5,8.8,40.9,"80.095455376","94.582127428",20,47.7
"Sale, Chris",519242,2021,32,"9","42.2",183,167,45,33,5,1,6,52,12,28.4,6.6,".269",".419",".333","0.752",".232",".352",".326",".291",".299",".120",,,,,,,,,,,,,"84.6","5.7",32.2,3.5,32.2,"71.698002982","92.802369123",27.7,48.5
"Coulombe, Danny",543056,2024,34,"33","29.2",107,102,15,9,3,0,3,32,5,29.9,4.7,".147",".265",".187","0.452",".213",".365",".199",".271",".250",".153","71.3",17.6,14.5,11.2,33.6,25.9,"7.3",1,10.5,-3.1,51.8,33.3,"90.3","11.8",27.1,5.7,47.1,"79.797467143","95.036747681",24,44.6
"Johnson, Pierce",572955,2022,31,"15","14.1",64,56,14,11,2,0,1,21,8,32.8,12.5,".250",".339",".344","0.683",".193",".266",".310",".260",".294",".073",,,,,,,,,,,,,"86.8","9.9",25.7,0,40,"75.619447778","93.190325429",28,42.1
"Llovera, Mauricio",661440,2022,26,"17","16.1",72,64,14,9,3,0,2,20,8,27.8,11.1,".219",".359",".306","0.665",".173",".320",".292",".258",".265",".147",,,,,,,,,,,,,"83.9","10.7",27.3,9.1,20.5,"73.952005","91.435921628",30.1,47.7
"Stripling, Ross",548389,2020,30,"12","49.1",220,199,56,32,10,1,13,40,18,18.2,8.2,".281",".538",".344","0.882",".295",".545",".373",".384",".357",".250",,,,,,,,,,,,,"91.2","12.3",37.9,10.6,39.1,"82.255938333","94.656446",18.8,43.1
"Brigham, Jeff",656257,2023,31,"37","37.2",160,136,26,13,4,0,9,42,18,26.3,11.3,".191",".419",".306","0.725",".212",".424",".317",".329",".325",".212","71.5",19.4,9.6,8.1,28.8,24.2,"7.1",0,12.2,-1.8,64.5,31.4,"90","20.6",33.7,11.6,34.7,"80.272843191","94.070005851",27.9,45.3
"Rodriguez, Jefry",622446,2021,27,"14","24.1",112,94,25,18,1,0,6,20,17,17.9,15.2,".266",".468",".384","0.852",".270",".473",".371",".375",".387",".204",,,,,,,,,,,,,"90.4","19.9",32.4,8.1,40.5,"79.436447297","94.893155405",20.3,45.4
"Chacín, Jhoulys",468504,2022,34,"35","47.1",219,195,55,29,18,1,7,37,21,16.9,9.6,".282",".492",".356","0.848",".254",".448",".367",".340",".332",".194",,,,,,,,,,,,,"89.7","12",37.7,8.2,41.5,"79.520775063","94.198778153",21.1,45.9
"Bummer, Aaron",607481,2022,28,"32","26.2",117,104,30,25,3,0,2,30,10,25.6,8.5,".288",".375",".359","0.734",".254",".358",".328",".308",".329",".104",,,,,,,,,,,,,"90.2","-3.5",30.7,6.7,45.3,"78.862135946","95.234822162",28,38.3
"Blackburn, Paul",621112,2023,29,"21","103.2",464,409,117,81,22,3,11,104,43,22.4,9.3,".286",".435",".352","0.787",".259",".414",".340",".325",".331",".155","71.7",23.3,13,9.8,31.9,24,"7.5",10,12.5,-4.1,54.4,33.8,"87.2","12.2",38,5.8,33.2,"75.914154103","93.276282179",23.8,45.7
"Soto, Gregory",642397,2021,26,"62","63.2",276,232,46,32,7,0,7,76,40,27.5,14.5,".198",".319",".316","0.635",".197",".334",".285",".294",".317",".137",,,,,,,,,,,,,"89.1","11.1",26.4,6.9,35.8,"78.491599744","94.114600256",31.3,45.2
"Holmes, Clay",605280,2024,31,"67","63.0",271,242,60,44,12,0,4,68,22,25.1,8.1,".248",".347",".315","0.662",".224",".335",".292",".284",".295",".112","71.5",24.4,12.2,8.8,31,22.2,"7.5",9,11.5,-4.4,51.6,32.2,"88.8","0.3",24.2,5.6,36.5,"78.056312727","94.037651657",30.2,44.9
"López, Pablo",641154,2023,27,"32","194.0",801,738,176,121,26,5,24,234,48,29.2,6,".238",".385",".292","0.677",".213",".343",".294",".270",".269",".130","71.4",23.3,11.2,8.1,30.2,21.8,"7.3",23,10.5,-0.6,48.2,33.4,"87.1","12.6",32.4,6.3,34.8,"75.934517778","93.235848194",30.3,51.7
"Doyle, Tommy",656382,2023,27,"15","23.2",103,90,23,12,5,1,5,18,13,17.5,12.6,".256",".500",".350","0.850",".275",".484",".364",".368",".367",".209","72.9",32.7,19,13.6,36.2,25.9,"7.7",2,14.4,-9.6,48.3,33.6,"90.6","13.2",33.3,11.1,43.1,"79.637014444","95.129142639",29.7,49.7
"Smith-Shawver, AJ",700363,2023,20,"6","25.1",105,93,17,9,1,0,7,20,11,19,10.5,".183",".419",".276","0.695",".201",".396",".301",".301",".292",".195","71.1",24.2,18.5,15.2,40.7,33.3,"7.4",0,13.3,-4.6,57.6,31.4,"90.3","19.3",30.1,9.6,35.6,"81.671752432","93.720931507",21.8,45.4
"López, Pablo",641154,2020,24,"11","57.1",240,217,50,33,13,0,4,59,18,24.6,7.5,".230",".346",".292","0.638",".216",".337",".278",".275",".282",".122",,,,,,,,,,,,,"85.7","6.7",31.1,4.3,32.3,"73.64785675","92.8843835",26.6,50.7
"Doval, Camilo",666808,2023,25,"69","67.2",281,244,51,38,10,0,3,87,26,31,9.3,".209",".287",".304","0.591",".201",".306",".262",".266",".297",".104","71.2",17.9,11.3,7.9,32.3,22.6,"7.1",5,9.6,-1,52.1,32.6,"88.9","8",26.9,5,41.3,"77.396166456","94.413793228",33.3,47.8
"Little, Luke",681432,2024,23,"30","26.0",109,86,15,10,4,0,1,28,18,25.7,16.5,".174",".256",".339","0.595",".186",".273",".282",".296",".349",".088","70.7",14.6,13.6,10.7,38.3,30.1,"6.9",4,5.7,6,42.7,30.9,"87.4","-1.6",15.3,3.4,40.7,"75.721074138","93.68350431",26.8,35.8
"Newsome, Ljay",664714,2021,24,"7","14.2",70,63,20,10,5,0,5,16,4,22.9,5.7,".317",".635",".353","0.988",".266",".549",".405",".357",".309",".283",,,,,,,,,,,,,"92","16.5",49,12.2,46.9,"82.606353333","95.53163625",23,55.1
"Cease, Dylan",656302,2024,28,"33","189.1",762,684,137,84,34,1,18,224,65,29.4,8.5,".200",".332",".269","0.601",".209",".367",".266",".286",".278",".158","71.3",22.8,12,8.3,32.2,22.2,"7.4",34,11.3,-3.4,54.9,31.3,"89","14.1",32.4,8.5,38.6,"78.282702241","94.084709267",32.4,48.2
"Brazobán, Huascar",623211,2024,34,"39","51.2",217,189,38,30,3,3,2,51,25,23.5,11.5,".201",".280",".304","0.584",".224",".323",".269",".300",".324",".099","71.8",22,6.1,4.4,19.4,14,"7.7",8,13.9,-8.8,52.2,33.1,"82.3","10.4",33.3,4.3,24.6,"69.777538551","91.723285328",30,48.5
"Lamet, Dinelson",659275,2022,29,"32","32.1",149,124,30,17,8,1,4,45,19,30.2,12.8,".242",".419",".356","0.775",".229",".417",".342",".336",".345",".188",,,,,,,,,,,,,"90.5","15.6",42,9.9,44.4,"80.799018","94.867712278",39.7,44.1
"Foster, Matt",641582,2020,25,"23","28.2",109,99,16,9,5,0,2,31,9,28.4,8.3,".162",".273",".231","0.504",".241",".450",".226",".324",".305",".208",,,,,,,,,,,,,"87.2","17.8",44.9,11.6,39.1,"75.518214706","93.552790746",30.3,48.4
"Sandlin, Nick",680704,2024,27,"68","57.2",246,207,46,26,8,0,12,68,27,27.6,11,".222",".435",".325","0.760",".221",".425",".328",".330",".327",".205","71.4",18.5,17.5,11.9,33.6,22.8,"7.7",7,14.2,-10.6,51.8,32.5,"91.3","18.3",29,11,42.8,"81.073197324","95.121476028",33.7,47.1
"Tepera, Ryan",572193,2021,33,"65","61.1",241,213,35,22,7,2,4,74,20,30.7,8.3,".164",".272",".245","0.517",".168",".286",".230",".249",".254",".119",,,,,,,,,,,,,"87.3","14.7",27.3,8.4,35,"76.343707429","93.168553071",35.1,48.9
"Walker, Taijuan",592836,2022,29,"29","157.1",649,596,143,100,27,1,15,132,45,20.3,6.9,".240",".364",".299","0.663",".245",".414",".293",".313",".305",".169",,,,,,,,,,,,,"89.3","11.3",33.7,7.3,40.6,"78.839771783","94.008313978",23.6,47.3
"Cleavinger, Garrett",664076,2021,27,"22","18.0",85,69,20,14,2,0,4,21,13,24.7,15.3,".290",".493",".405","0.898",".223",".406",".384",".340",".354",".183",,,,,,,,,,,,,"89.2","9.7",24,6,46,"77.4924504","94.812186939",25.7,39.3
"Borucki, Ryan",621366,2022,28,"32","25.1",111,97,24,15,3,0,6,21,11,18.9,9.9,".247",".464",".336","0.800",".279",".486",".350",".370",".364",".207",,,,,,,,,,,,,"88.1","8.1",32.5,10.4,45.5,"75.552126842","94.469658421",26.4,47.5
"Jameson, Drey",686753,2023,25,"15","40.2",174,154,40,28,6,0,6,37,18,21.3,10.3,".260",".416",".339","0.755",".249",".506",".330",".356",".330",".257",,,,,,,,,,,,,"92","11.9",33.9,13.6,47.5,"81.972548136","95.568070763",30,46
"Krehbiel, Joey",607216,2022,29,"56","57.2",244,219,53,29,15,0,9,45,18,18.4,7.4,".242",".434",".303","0.737",".243",".423",".317",".316",".306",".180",,,,,,,,,,,,,"86.8","13.4",32.6,7.3,33.7,"75.02276427","93.303641011",22.2,46.2
"Vest, Will",676684,2021,26,"32","35.0",156,132,38,23,13,0,2,27,18,17.3,11.5,".288",".432",".381","0.813",".285",".416",".355",".352",".378",".132",,,,,,,,,,,,,"89.9","10",38,5.6,37,"79.853906226","94.132322358",22.8,47
"Pepiot, Ryan",686752,2024,26,"26","130.0",539,481,102,65,18,2,17,142,48,26.3,8.9,".212",".364",".292","0.656",".214",".379",".290",".298",".294",".165","71.7",24,11.6,8.3,31.7,22.6,"7.2",26,9.6,0.5,55.8,30.9,"89.3","19.1",31.4,9.1,37.2,"79.441531647","93.814038824",29.9,48
"Cyr, Tyler",664202,2022,29,"12","13.1",55,49,11,7,2,0,2,16,5,29.1,9.1,".224",".388",".309","0.697",".252",".395",".309",".323",".334",".143",,,,,,,,,,,,,"93.6","11.7",30.3,9.1,54.5,"84.167369412","96.621303333",26.2,47.8
"Pérez, Martín",527048,2023,32,"35","141.2",608,547,150,103,24,2,21,93,49,15.3,8.1,".274",".441",".336","0.777",".267",".446",".335",".336",".330",".179","71.3",25.7,13.5,11.3,35,29.2,"7.4",0,9.8,-0.8,47.2,32.5,"89","10.9",33.1,7.6,37.2,"78.339075442","93.950532389",17.5,45.3
"García, Jarlín",606424,2020,27,"19","18.1",74,61,11,9,2,0,0,14,8,18.9,10.8,".180",".213",".284","0.497",".222",".320",".230",".285",".321",".099",,,,,,,,,,,,,"88.3","12.5",28,4,36,"78.439298","93.0973074",15.8,40.1
"Scrubb, Andre",668687,2021,26,"18","19.2",86,70,15,9,1,0,5,21,14,24.4,16.3,".214",".443",".337","0.780",".249",".507",".336",".376",".370",".258",,,,,,,,,,,,,"89","22.3",41.2,13.7,37.3,"79.152300769","93.50553",28.7,36.4
"Lucchesi, Joey",664192,2024,31,"2","10.1",46,37,8,4,3,0,1,7,8,15.2,17.4,".216",".378",".356","0.734",".264",".467",".330",".380",".394",".204","73",31.3,22,19.4,35.6,31.3,"7.2",1,9,3.4,50.7,33.4,"94.9","11.8",29,9.7,54.8,"86.337135333","96.97477069",12.7,44.1
"Burke, Sean",680732,2024,24,"4","19.0",76,69,12,5,5,0,2,22,7,28.9,9.2,".174",".333",".250","0.583",".241",".399",".258",".312",".311",".158","70.8",13.3,11.2,8.1,33.7,24.4,"7.2",3,11.5,-3,51.9,31.6,"90.3","20.8",34,8.5,40.4,"81.316180417","93.76043383",28.8,49.5
"Paddack, Chris",663978,2024,28,"17","88.1",384,360,102,72,16,0,14,79,21,20.6,5.5,".283",".444",".323","0.767",".270",".480",".332",".342",".312",".210","71.4",23.6,17.8,14,37.8,29.8,"7.3",15,9.9,-0.6,54.1,31,"90.4","14.3",40.6,9.9,43.1,"79.362526643","95.101850323",24,49.4
"Barlow, Scott",605130,2021,28,"71","74.1",306,274,61,40,17,0,4,91,28,29.7,9.2,".223",".328",".297","0.625",".210",".356",".275",".282",".286",".146",,,,,,,,,,,,,"88.3","14.6",33.5,8.1,36.8,"77.769648495","93.532555081",35,46.2
"Herrin, Tim",682120,2024,27,"75","65.2",257,225,39,28,9,0,2,68,25,26.5,9.7,".173",".240",".270","0.510",".206",".330",".236",".285",".298",".124","70.8",15.9,10.5,7.6,28.9,21,"7.4",8,11.3,-4.6,47.6,33.3,"86.9","7.4",28.3,6.9,36.5,"75.234465128","93.348866",29.3,47
"Dugger, Robert",667498,2020,24,"4","10.2",56,53,21,6,9,1,5,4,3,7.1,5.4,".396",".887",".429","1.316",".341",".749",".536",".462",".376",".409",,,,,,,,,,,,,"93.1","22.2",34.7,18.4,51,"84.6849876","95.996038571",11.3,45.8
"Thompson, Ryan",657044,2021,29,"36","34.0",134,123,26,14,8,1,3,37,9,27.6,6.7,".211",".366",".276","0.642",".218",".404",".274",".293",".283",".186",,,,,,,,,,,,,"86.1","7.2",33.7,10.5,36,"73.371363488","93.494405059",27.2,50.3
"King, Michael",650633,2022,27,"34","51.0",199,182,35,24,7,1,3,66,16,33.2,8,".192",".291",".256","0.547",".208",".324",".241",".269",".276",".115",,,,,,,,,,,,,"86.2","8.4",35.9,6.8,36.5,"74.07917931","93.235066609",36.3,45.5
"Fishman, Jake",670288,2022,27,"7","11.0",48,45,13,8,5,0,0,6,0,12.5,0,".289",".400",".333","0.733",".283",".386",".324",".317",".329",".104",,,,,,,,,,,,,"89.2","7.5",33.3,5.1,38.5,"79.579471579","93.529953421",12.9,49.7
"Warren, Art",605521,2021,28,"26","21.0",82,72,11,7,3,0,1,34,8,41.5,9.8,".153",".236",".247","0.483",".135",".202",".218",".201",".231",".067",,,,,,,,,,,,,"85.8","19.9",33.3,2.6,28.2,"74.873332105","92.491847838",40.9,52.1
"Kowar, Jackson",663804,2021,24,"9","30.1",154,128,43,25,11,0,7,29,20,18.8,13,".336",".586",".422","1.008",".295",".531",".422",".398",".395",".235",,,,,,,,,,,,,"92.8","14.6",42.7,11.7,52.4,"83.090741346","96.184759515",24.4,42.8
"Morán, Jovani",663558,2022,25,"31","40.2",164,145,25,17,8,0,0,54,18,32.9,11,".172",".228",".262","0.490",".164",".257",".229",".237",".255",".093",,,,,,,,,,,,,"85","7.4",23.9,5.4,28.3,"73.369016957","92.445520761",38.9,46.7
"Doval, Camilo",666808,2024,26,"62","59.0",271,224,54,32,15,2,5,78,39,28.8,14.4,".241",".393",".353","0.746",".182",".319",".327",".288",".310",".137","71.2",22.1,15.7,10.3,33.2,21.8,"7.6",11,11.3,-5.6,43.9,33.6,"89.5","-0.2",27.6,8.6,42.8,"77.661772838","94.940437415",34.3,43.6
"Long, Sam",669674,2024,28,"43","42.2",176,156,34,23,6,0,5,44,17,25,9.7,".218",".353",".297","0.650",".236",".409",".286",".316",".314",".173","71.4",18.3,8.5,6.2,33.3,24.6,"7.3",3,10.3,-3.8,54.3,32.3,"87.5","10.2",30.7,7.9,33.3,"76.673077321","93.262469911",27.8,47.6
"Sulser, Beau",676641,2022,28,"10","22.1",99,88,24,11,9,1,3,19,9,19.2,9.1,".273",".500",".343","0.843",".211",".370",".355",".286",".291",".158",,,,,,,,,,,,,"86.6","9",31.4,5.7,37.1,"73.570615143","93.850488571",20.9,50.6
"Gott, Trevor",641627,2022,29,"45","45.2",186,171,35,19,8,0,8,44,12,23.7,6.5,".205",".392",".269","0.661",".200",".342",".290",".269",".264",".143",,,,,,,,,,,,,"86.7","13.3",33.1,7.9,31.5,"75.512360159","92.986160794",25.7,46.5
"Cuas, Jose",621016,2022,28,"47","37.2",180,148,39,27,10,0,2,34,24,18.9,13.3,".264",".372",".385","0.757",".241",".339",".340",".324",".370",".098",,,,,,,,,,,,,"85.8","5.2",31,3.4,34.5,"73.145547586","93.340394348",25.3,43.7
"Gonzales, Marco",594835,2020,28,"11","69.2",277,266,59,38,13,0,8,64,7,23.1,2.5,".222",".361",".253","0.614",".243",".430",".265",".301",".273",".187",,,,,,,,,,,,,"86.6","17.6",36.6,8.4,34.3,"75.196540909","93.023268939",19.8,47.8
"Santillan, Tony",663574,2021,24,"26","43.1",190,157,34,21,4,2,7,56,21,29.5,11.1,".217",".401",".328","0.729",".203",".357",".318",".307",".321",".154",,,,,,,,,,,,,"89.1","17.9",34,7.5,37.7,"78.515007885","94.016275825",32.7,42.6
"Woo, Bryan",693433,2024,24,"22","121.1",472,454,96,67,15,0,14,101,13,21.4,2.8,".211",".337",".237","0.574",".220",".351",".249",".263",".246",".131","71.1",17.1,12,9.2,36.2,27.8,"7",12,7.1,2.9,46.9,31.6,"88.8","15.6",29.9,4.8,35.2,"78.763161534","93.508315157",23.6,53.3
"Tomlin, Josh",458708,2021,36,"35","49.1",218,211,69,44,13,2,10,37,5,17,2.3,".327",".550",".344","0.894",".291",".496",".377",".345",".310",".205",,,,,,,,,,,,,"89.1","18.1",38.3,8.6,39.4,"78.80140092","93.826665202",23.5,54.3
"Brogdon, Connor",641401,2022,27,"47","44.0",188,174,44,29,8,1,6,50,11,26.6,5.9,".253",".414",".299","0.713",".223",".360",".310",".277",".272",".138",,,,,,,,,,,,,"87.4","18.8",36.5,6.3,29.4,"76.362694754","93.188675984",33,52.1
"Wittgren, Nick",621295,2023,32,"27","29.0",128,114,30,18,10,0,2,18,11,14.1,8.6,".263",".404",".344","0.748",".255",".413",".329",".330",".336",".158","71.8",24.2,13.8,12.1,34.5,30.3,"7.4",2,10.8,-1.3,57.6,33.5,"88.6","9.7",34.4,7.3,34.4,"78.129556042","93.714724375",15.4,48.1
"Wantz, Andrew",681806,2023,27,"27","39.1",160,142,28,17,4,3,4,33,15,20.6,9.4,".197",".352",".275","0.627",".238",".399",".272",".312",".313",".161","71.6",26.2,10.8,8.4,27.7,21.5,"7.4",6,10.1,-3,61.7,29.6,"85.1","20.3",28.8,8.1,31.5,"72.359705536","93.090521532",26.3,48.5
"Perdomo, Luis",606131,2020,27,"10","17.1",74,64,13,6,4,0,3,16,10,21.6,13.5,".203",".406",".311","0.717",".227",".361",".313",".314",".333",".134",,,,,,,,,,,,,"89","3.8",22.9,6.3,37.5,"78.871054583","93.706834894",26.4,43.8
"López, Jorge",605347,2022,29,"67","71.0",298,257,53,40,6,3,4,72,31,24.2,10.4,".206",".300",".306","0.606",".208",".324",".270",".283",".310",".116",,,,,,,,,,,,,"87.3","1.7",29.8,4.8,33,"76.268351613","93.290178973",24.4,46.9
"Shaw, Bryan",543766,2021,33,"81","77.1",334,294,69,45,13,1,10,71,38,21.3,11.4,".235",".388",".324","0.712",".246",".403",".313",".326",".334",".158",,,,,,,,,,,,,"88.8","8.5",36.2,7.1,38.4,"78.031474685","93.92478",25.8,48.3
"Ramírez, Yohan",670990,2024,29,"38","45.0",208,175,49,34,9,2,4,45,17,21.6,8.2,".280",".423",".379","0.802",".250",".390",".351",".331",".354",".140","71.6",20.9,10,7.8,28.9,22.5,"7.3",7,10.4,-3.1,50.8,33.2,"88.5","12.2",29.9,6.7,34.3,"77.597401538","93.79945093",24.8,42.1
"Pagán, Emilio",641941,2022,31,"59","63.0",274,245,60,33,14,1,12,84,26,30.7,9.5,".245",".457",".319","0.776",".228",".416",".334",".312",".303",".189",,,,,,,,,,,,,"89.6","12.7",35,9.8,44.8,"78.792548642","94.666518137",30.8,51.7
"Cuas, Jose",621016,2023,29,"72","65.1",292,249,63,43,10,2,8,71,35,24.3,12,".253",".406",".360","0.766",".251",".446",".339",".352",".358",".196","70.5",18,11.3,8.2,33.3,24.2,"7",5,6,3.3,37.6,33.2,"89.9","10.1",36.3,11.7,41.3,"79.528946517","94.366915281",29.7,45.5
"Barnes, Jacob",606930,2022,32,"23","22.1",97,85,23,12,8,0,3,12,9,12.4,9.3,".271",".471",".354","0.825",".260",".452",".360",".347",".345",".192",,,,,,,,,,,,,"90","6.6",29.7,6.8,43.2,"80.640021351","93.912340822",21,48.8
"Akin, Keegan",669211,2022,27,"45","81.2",329,304,69,44,15,0,10,77,20,23.4,6.1,".227",".375",".275","0.650",".240",".393",".284",".299",".289",".152",,,,,,,,,,,,,"87.8","7.9",35.7,6.5,37.4,"75.703341416","94.054993628",26,53
"Jackson, Jay",543351,2024,36,"20","26.1",114,105,28,16,4,1,7,29,9,25.4,7.9,".267",".524",".325","0.849",".254",".460",".362",".336",".313",".206","71.7",22.3,10.8,8.4,28.1,21.8,"7.5",4,12.8,-6,60.9,31.5,"88.3","16",42.1,10.5,42.1,"77.270649474","93.731681316",25.7,49
"Hall, DL",669084,2022,23,"11","13.2",64,57,17,14,3,0,0,19,6,29.7,9.4,".298",".351",".359","0.710",".212",".262",".317",".251",".283",".050",,,,,,,,,,,,,"83.3","12.7",35.9,2.6,17.9,"72.2700875","91.587384872",29.1,49.8
"Murfee, Penn",682171,2023,29,"16","14.0",58,46,5,3,1,0,1,16,10,27.6,17.2,".109",".196",".281","0.477",".204",".283",".213",".284",".357",".079",,,,,,,,,,,,,"82.8","9.3",35.5,3.2,25.8,"70.444426","91.663957333",33,48.9
"Scott, Tanner",656945,2024,29,"72","72.0",294,251,45,35,7,0,3,84,36,28.6,12.2,".179",".243",".285","0.528",".200",".298",".241",".273",".303",".098","71.9",24.1,6,4.1,23.7,16.1,"7.2",11,6.5,3.2,41.8,34,"84.3","11.1",30.4,4.7,27.5,"71.83934775","92.406937563",32.7,51.8
"Rodríguez, Elvin",660730,2022,24,"7","29.2",143,127,42,22,7,1,12,25,15,17.5,10.5,".331",".685",".406","1.091",".282",".569",".458",".396",".364",".287",,,,,,,,,,,,,"92.9","17.8",33.3,14.7,51,"83.2961594","96.060031818",16.9,44.4
"Martin, Brett",656685,2022,27,"55","50.0",212,192,50,32,14,0,4,40,18,18.9,8.5,".260",".396",".322","0.718",".252",".396",".310",".307",".315",".144",,,,,,,,,,,,,"89.5","6.4",32.5,5.2,39.6,"79.16628","94.12793875",24.8,50.5
"McGee, Jake",459429,2020,33,"24","20.1",79,75,14,7,4,1,2,33,3,41.8,3.8,".187",".347",".218","0.565",".185",".347",".240",".242",".216",".162",,,,,,,,,,,,,"92.3","20.8",32.6,9.3,48.8,"83.52446619","95.224480952",34.2,59
"Díaz, Edwin",621242,2022,28,"61","62.0",235,213,34,28,3,0,3,118,18,50.2,7.7,".160",".216",".230","0.446",".148",".214",".205",".205",".223",".065",,,,,,,,,,,,,"85.5","10.4",34,4.1,38.1,"72.599353125","93.266256211",50.1,51.8
"Strzelecki, Peter",657265,2023,28,"37","37.0",163,141,33,22,8,0,3,37,12,22.7,7.4,".234",".355",".327","0.682",".233",".391",".303",".316",".326",".159","73.7",30,25,20,50,40,"7",0,4.9,-1.3,50,31.7,"89.1","14.7",34,7.5,36.8,"79.79585","93.35481381",26.6,45.5
"Jax, Griffin",643377,2022,27,"65","72.1",290,264,56,40,7,2,7,78,20,26.9,6.9,".212",".333",".273","0.606",".220",".371",".265",".284",".282",".151",,,,,,,,,,,,,"88.1","10.6",33.9,6.9,37,"77.378324894","93.555997647",29.6,48.8
"Corbin, Patrick",571578,2023,33,"32","180.0",790,717,210,142,34,1,33,124,57,15.7,7.2,".293",".481",".344","0.825",".298",".520",".353",".373",".351",".222","72.3",26.6,16.5,12.9,37.2,29.2,"7.5",13,12.4,-4.2,50,33.6,"90.7","11.7",37.9,9.3,44,"80.192000808","94.927415572",21.4,45.7
"Taylor, Blake",642130,2022,26,"19","16.0",74,64,15,12,2,0,1,9,9,12.2,12.2,".234",".313",".338","0.651",".254",".364",".299",".324",".355",".110",,,,,,,,,,,,,"86.1","8.2",38.2,5.5,32.7,"74.684931786","92.959148909",20.1,45.6
"Bloss, Jake",814005,2024,23,"3","11.2",55,51,16,9,1,1,5,11,3,20,5.5,".314",".667",".352","1.019",".269",".541",".428",".364",".310",".272","71.7",25.7,10,7.6,22.5,17.1,"7.4",0,11,-6.7,56.2,30.6,"86.9","19.3",45,15,30,"75.7182255","93.17500975",23.4,52.1
"Smith, Drew",622098,2024,30,"19","17.2",79,68,18,11,4,1,2,23,9,29.1,11.4,".265",".441",".342","0.783",".228",".404",".337",".325",".325",".176","71.9",25,14.3,10,31,21.7,"7.3",2,10.6,-0.9,61.7,29.9,"91.6","24.9",38.3,10.6,38.3,"82.677485217","94.755003478",31,53
"Mize, Casey",663554,2022,25,"2","10.0",45,43,13,8,1,3,1,4,2,8.9,4.4,".302",".535",".333","0.868",".279",".545",".369",".364",".311",".266",,,,,,,,,,,,,"92","17.4",25.6,10.3,41,"82.556205263","95.318739737",11.8,45
"Miller, Tyson",668338,2022,26,"4","10.2",56,46,16,12,3,0,1,8,8,14.3,14.3,".348",".478",".464","0.942",".265",".397",".418",".360",".396",".131",,,,,,,,,,,,,"83","7.2",39.5,2.6,28.9,"70.563225263","91.960997368",21.8,44.3
"Ferguson, Caleb",657571,2022,25,"37","34.2",142,123,23,14,8,0,1,37,17,26.1,12,".187",".276",".296","0.572",".195",".291",".265",".274",".303",".096",,,,,,,,,,,,,"84.8","13.8",36,3.5,30.2,"73.100424884","92.400628588",27.3,47.4
"Wacha, Michael",608379,2020,28,"8","34.0",156,147,46,24,11,2,9,37,7,23.7,4.5,".313",".599",".353","0.952",".258",".456",".398",".326",".301",".198",,,,,,,,,,,,,"87.9","15.2",38.2,8.2,43.6,"75.613061296","94.394045888",24.8,50.9
"Ohtani, Shohei",660271,2021,26,"23","130.1",533,473,98,60,23,0,15,156,44,29.3,8.3,".207",".351",".286","0.637",".202",".348",".279",".282",".285",".145",,,,,,,,,,,,,"88.4","11.7",31.9,7.1,39.9,"76.761769308","94.113869591",28.9,48
"Gsellman, Robert",607229,2022,28,"8","15.1",64,61,17,9,6,0,2,9,3,14.1,4.7,".279",".475",".313","0.788",".314",".581",".340",".396",".346",".267",,,,,,,,,,,,,"90.2","10.9",38.5,13.5,50,"79.338033462","95.129951154",24.3,49.8
"Verlander, Justin",434378,2023,40,"27","162.1",669,615,139,89,30,2,18,144,45,21.5,6.7,".226",".369",".283","0.652",".225",".394",".284",".295",".284",".169","71.6",25.2,14.1,11.2,32.3,25.8,"7.3",13,10.7,-0.7,60,30.6,"90","18.9",30.5,8.2,41.3,"79.990406017","94.269512972",22.5,49.6
"Rogers, Trevor",669432,2020,22,"7","28.0",130,113,32,17,10,0,5,39,13,30,10,".283",".504",".362","0.866",".217",".339",".368",".289",".305",".122",,,,,,,,,,,,,"87.3","10",30.3,5.3,39.5,"75.106906579","93.818843816",30.1,46.8
"Cahill, Trevor",502239,2021,33,"9","37.0",166,147,42,31,6,1,4,32,14,19.3,8.4,".286",".422",".345","0.767",".263",".441",".332",".334",".327",".178",,,,,,,,,,,,,"88.3","6.9",30.3,6.7,40.3,"76.926351034","94.009479224",22.9,44.1
"Smith, Chad",663385,2022,27,"15","18.0",85,67,16,10,3,1,2,23,15,27.1,17.6,".239",".403",".388","0.791",".178",".299",".355",".306",".347",".121",,,,,,,,,,,,,"88","4.8",22.2,6.7,37.8,"76.577769545","93.753259091",32.3,38.6
"Castro, Miguel",612434,2020,25,"26","24.2",115,101,28,19,4,1,4,38,13,33,11.3,".277",".455",".365","0.820",".222",".347",".357",".299",".317",".125",,,,,,,,,,,,,"91","5.5",30.2,4.8,46,"81.22961625","95.059935238",30.9,46.3
"Smith, Drew",622098,2023,29,"62","56.1",244,208,50,26,13,4,7,60,29,24.6,11.9,".240",".442",".344","0.786",".221",".398",".341",".323",".329",".178","72",26.7,9,6.7,27.7,20.4,"7.3",3,9.9,-3.5,56.4,30.5,"89.5","22.7",38,10.7,39.3,"79.453139467","93.8532688",26,46.5
"Jax, Griffin",643377,2023,28,"71","65.1",274,250,58,42,9,2,5,68,19,24.8,6.9,".232",".344",".297","0.641",".212",".315",".283",".265",".279",".102","70.8",16.9,12.7,9.2,28.9,21,"7.1",6,7.9,0.7,51.8,31.7,"86.8","6.9",29,3.3,33.3,"75.185339111","93.195495722",26.6,48.1
"Rucinski, Drew",607968,2023,34,"4","18.0",95,78,27,17,5,0,5,6,14,6.3,14.7,".346",".603",".442","1.045",".310",".501",".439",".404",".421",".192",,,,,,,,,,,,,"88.6","13.1",29.7,9.5,43.2,"78.53293973","93.735041507",21.8,40.6
"Bielak, Brandon",656232,2024,28,"16","29.2",140,125,39,24,9,1,5,14,13,10,9.3,".312",".520",".386","0.906",".294",".527",".391",".390",".370",".233","72.3",24.5,14.4,12,35.9,29.9,"7.5",3,11.4,-3.7,63,31.9,"89.2","15.4",36,9.9,38.7,"79.096870714","94.021383243",17.2,45.7
"Lynn, Lance",458681,2024,37,"23","117.1",511,458,113,75,21,1,16,109,44,21.3,8.6,".247",".402",".316","0.718",".257",".461",".314",".342",".325",".204","71.8",24.8,12.3,9.5,30.3,23.4,"7.1",15,8.2,3.3,55.4,31.8,"88.9","17",37,10.5,39.3,"77.577234686","94.259379457",24.1,48.4
"Olson, Reese",681857,2024,24,"22","112.1",465,421,100,70,21,2,7,101,33,21.7,7.1,".238",".347",".295","0.642",".245",".366",".282",".299",".304",".121","71.7",22.3,15.9,11.7,37.5,27.7,"7.6",17,12.7,-7.2,53.7,34.1,"90.2","8.9",31.2,5.5,43.7,"79.959587346","94.564723498",28.7,47.3
"Wicks, Jordan",696136,2024,24,"11","46.0",212,189,55,35,10,1,9,42,20,19.8,9.4,".291",".497",".365","0.862",".265",".465",".373",".352",".342",".200","71.2",21.3,13.1,10.6,32.2,26.1,"7.3",6,9.5,-1.3,46.5,33,"89.4","14.9",35.8,8.8,39.9,"78.570555616","94.331509178",23.4,50.2
"Beede, Tyler",595881,2022,29,"31","61.1",285,250,71,47,16,1,7,39,29,13.7,10.2,".284",".440",".368","0.808",".270",".427",".353",".344",".356",".157",,,,,,,,,,,,,"88.7","9.1",30.7,5.2,42.5,"77.532664095","94.205091",20.3,44.2
"Ross, Joe",605452,2024,31,"25","74.0",321,287,72,55,10,0,7,66,29,20.6,9,".251",".359",".319","0.678",".238",".395",".299",".312",".309",".157","72.1",25.4,14.2,10.6,35.1,26,"7.4",10,11.1,-3.9,49.5,32.9,"88.7","16.7",30.8,8,38.8,"77.828361081","93.973218468",27.1,49.4
"Castillo, Diego",650895,2020,26,"22","21.2",89,77,12,6,3,0,3,23,11,25.8,12.4,".156",".312",".270","0.582",".177",".274",".262",".262",".288",".097",,,,,,,,,,,,,"84.4","4.3",25.9,5.6,27.8,"72.887020741","92.082226415",38,42.8
"Gonsolin, Tony",664062,2023,29,"20","103.0",435,381,86,52,15,0,19,82,40,18.9,9.2,".226",".415",".307","0.722",".268",".513",".312",".365",".345",".245","72.1",30,18.1,14.2,35.7,28.1,"7.4",4,11.7,-4.6,51.7,32.4,"90.2","16.2",35.9,11.4,41.8,"80.064225855","94.496690495",21.5,49.4
"Finnegan, Kyle",640448,2023,31,"67","69.1",288,260,66,44,11,0,11,63,24,21.9,8.3,".254",".423",".318","0.741",".260",".442",".320",".330",".324",".183","71.8",28.2,15,11.5,35.6,27.3,"7.2",5,7,4.3,45.9,32.3,"92.2","9.4",34,8.5,47.5,"81.82415268","95.998433351",24.8,49.5
"Lucchesi, Joey",664192,2023,30,"9","46.2",195,175,44,27,13,0,4,32,17,16.4,8.7,".251",".394",".325","0.719",".267",".476",".316",".352",".339",".210","72.7",34.1,18.7,15.5,34.6,28.7,"7.3",1,8.1,3.3,46.5,31.9,"88.8","12.3",34,10.4,38.2,"76.992813286","94.404763813",17.4,43.8
"Lopez, Jacob",682052,2024,26,"4","10.1",46,37,5,2,1,0,2,8,7,17.4,15.2,".135",".324",".304","0.628",".160",".328",".291",".303",".324",".168","71.7",25.4,8.3,6.8,39.6,32.2,"7.6",2,13,-6.5,54.2,33,"88.3","31.4",31,10.3,27.6,"80.803357333","92.090125172",23.2,38.8
"Peralta, Luis",678821,2024,23,"15","12.1",49,40,7,6,1,0,0,14,5,28.6,10.2,".175",".200",".292","0.492",".197",".259",".238",".277",".315",".063","71.7",26.1,10.5,8.7,24.6,20.3,"7.1",1,6.3,5.3,46.4,32.5,"91.2","14.7",39.3,0,35.7,"84.181178571","93.448092593",17.8,40.3
"Ryan, Ryder",656924,2024,29,"15","20.2",93,78,21,13,5,1,2,17,9,18.3,9.7,".269",".436",".359","0.795",".267",".458",".346",".360",".361",".191","72.6",27.4,17.6,14.5,36.3,29.8,"7.7",3,13.3,-6.4,61.3,34.5,"90.2","15.9",36.5,11.1,44.4,"79.664268065","94.773042295",23.5,52.6
"Cabrera, Edward",665795,2021,23,"7","26.1",120,97,24,12,5,1,6,28,19,23.3,15.8,".247",".505",".392","0.897",".276",".532",".387",".411",".415",".256",,,,,,,,,,,,,"90.3","8.5",42,11.6,47.8,"79.063358824","95.283464478",27.3,44.8
"Zeuch, T.J.",643615,2022,26,"3","10.2",64,53,24,18,1,0,5,5,7,7.8,10.9,".453",".755",".531","1.286",".334",".588",".539",".437",".435",".254",,,,,,,,,,,,,"91.2","8.3",36.7,12.2,46.9,"82.113816","94.710072653",15.9,42.8
"Romo, Sergio",489265,2020,37,"24","20.0",87,76,16,10,3,0,3,23,7,26.4,8,".211",".368",".299","0.667",".220",".373",".294",".304",".311",".153",,,,,,,,,,,,,"86.6","21.1",40.7,5.6,33.3,"76.440703704","92.344844259",28.6,44.2
"Suero, Wander",593833,2021,29,"45","42.2",190,169,45,24,10,0,11,44,15,23.2,7.9,".266",".521",".337","0.858",".261",".494",".361",".353",".333",".234",,,,,,,,,,,,,"89","18.9",37,10.2,43.3,"77.239476719","94.637742677",25.5,49.5
"Uceta, Edwin",670955,2022,24,"10","17.0",73,65,14,8,4,0,2,13,7,17.8,9.6,".215",".369",".301","0.670",".226",".349",".299",".296",".311",".123",,,,,,,,,,,,,"86.9","13.8",21.2,5.8,38.5,"75.757330385","93.056290192",24.8,45.5
"Wick, Rowan",592858,2020,27,"19","17.1",74,68,18,11,6,0,1,20,6,27,8.1,".265",".397",".324","0.721",".255",".429",".310",".320",".316",".173",,,,,,,,,,,,,"90.1","16",37.5,10.4,39.6,"80.024437083","94.353599375",25.4,46.7
"Stephens, Jackson",623451,2023,29,"5","12.0",52,46,13,11,1,0,1,11,5,21.2,9.6,".283",".370",".353","0.723",".239",".332",".322",".290",".314",".094","70.8",27,11.9,9,32.8,24.7,"7",1,8,2.5,46.1,31,"86.8","13.9",38.9,2.8,41.7,"74.865157647","93.636142647",25.5,48.7
"Ashcraft, Graham",668933,2022,24,"19","105.0",464,423,119,89,19,0,11,71,30,15.3,6.5,".281",".404",".338","0.742",".263",".386",".326",".313",".322",".123",,,,,,,,,,,,,"86.9","3.8",31,4.8,36.3,"75.438467062","93.255382465",18.6,49.4
"Moore, Matt",519043,2022,33,"63","74.0",304,262,49,35,8,3,3,83,38,27.3,12.5,".187",".275",".289","0.564",".186",".300",".257",".266",".289",".114",,,,,,,,,,,,,"87.7","15.2",24.7,4.4,31.3,"77.224230556","93.122969218",31.3,50.7
"Santana, Dennis",642701,2020,24,"12","17.0",73,64,15,9,2,0,4,18,7,24.7,9.6,".234",".453",".329","0.782",".257",".447",".338",".348",".348",".190",,,,,,,,,,,,,"85.3","11.3",47.8,8.7,32.6,"73.123346522","93.005083111",28.3,42.3
"Lange, Alex",656638,2022,26,"71","63.1",271,231,47,34,6,2,5,82,31,30.3,11.4,".203",".312",".309","0.621",".199",".313",".282",".282",".307",".114",,,,,,,,,,,,,"86.1","4.9",26.1,5.2,35.9,"73.882087162","93.308956327",44.1,44.3
"Thompson, Zack",668868,2024,26,"5","17.0",83,74,24,14,4,0,6,20,8,24.1,9.6,".324",".622",".398","1.020",".252",".446",".432",".340",".334",".194","70.3",16.1,17.4,13.8,29,23,"7.2",1,7.5,-1.2,54,32,"89","17.7",33.3,13,40.7,"77.126957778","94.78644",24,47.3
"Thornburg, Tyler",592804,2022,33,"14","19.0",87,74,16,12,3,0,1,14,11,16.1,12.6,".216",".297",".322","0.619",".192",".317",".285",".285",".304",".125",,,,,,,,,,,,,"88.6","21.3",24.6,1.6,36.1,"78.460965484","93.654040656",20.8,41.2
"Chavez, Jesse",445926,2024,40,"46","63.1",264,241,60,38,11,1,10,55,19,20.8,7.2,".249",".427",".304","0.731",".260",".419",".315",".321",".315",".159","71.7",18.9,14,11.8,32.2,27.1,"7.2",2,7.9,1.9,52.9,33.2,"87.3","11.1",37.6,6.3,35.4,"75.526857447","93.66962262",17,42.3
"Vincent, Nick",543883,2020,33,"21","22.1",92,85,23,12,6,0,5,17,6,18.5,6.5,".271",".518",".326","0.844",".288",".538",".357",".373",".342",".250",,,,,,,,,,,,,"90.5","15",38.2,13.2,47.1,"79.307409706","95.4042625",21.1,49.8
"Ellard, Fraser",686642,2024,26,"25","24.0",101,85,18,12,3,0,3,26,12,25.7,11.9,".212",".353",".307","0.660",".238",".378",".280",".308",".336",".140","71.2",21.1,11.9,9,31,23.5,"7.1",3,6.4,2.1,50.6,33,"90.1","11",35.5,6.5,40.3,"80.226913548","94.274328387",25.5,42.6
"Peters, Dillon",596071,2021,28,"6","26.2",117,106,26,14,8,2,2,23,10,19.7,8.5,".245",".415",".316","0.731",".242",".422",".316",".321",".313",".180",,,,,,,,,,,,,"88.6","10.7",30.1,9.6,41,"77.473991667","94.205644578",24.5,51.7
"Glasnow, Tyler",607192,2023,29,"21","120.0",485,444,93,61,16,3,13,162,37,33.4,7.6,".209",".347",".270","0.617",".213",".397",".270",".292",".275",".184","71.2",22.4,13.7,9.7,33.4,23.8,"7.3",15,9.8,-0.8,50.7,31.9,"90.4","5.8",33.3,11.6,44.6,"79.670819645","95.026014982",35.4,48.6
"Rodón, Carlos",607074,2023,30,"14","64.1",286,249,65,36,14,0,15,64,28,22.4,9.8,".261",".498",".340","0.838",".250",".478",".357",".352",".335",".228","71.8",22.9,10.9,8.2,30.1,22.7,"7.2",9,8.9,1.1,55.5,30.3,"91.6","22.1",37.6,12.2,41.8,"82.470750319","94.827768032",26.3,53.4
"Thornton, Trent",663423,2022,28,"32","46.0",189,169,40,27,6,0,7,37,17,19.6,9,".237",".396",".307","0.703",".268",".476",".309",".353",".339",".209",,,,,,,,,,,,,"90.1","19.2",37.3,6.7,44.8,"80.163447761","94.289500149",20.6,45.3
"Corbin, Patrick",571578,2020,30,"11","65.2",295,276,85,57,16,2,10,60,18,20.3,6.1,".308",".489",".349","0.838",".289",".469",".357",".343",".331",".180",,,,,,,,,,,,,"90.7","11.9",32.3,6.5,44.2,"80.567643519","94.923821302",23.6,50.4
"Wood, Alex",622072,2020,29,"9","12.2",65,56,17,9,6,0,2,15,6,23.1,9.2,".304",".518",".400","0.918",".266",".401",".391",".338",".367",".135",,,,,,,,,,,,,"86.3","13.7",39,4.9,26.8,"77.030426667","91.897185122",28.7,45.7
"Nelson, Nick",656793,2022,26,"47","68.2",306,257,66,46,17,2,1,69,36,22.5,11.8,".257",".350",".346","0.696",".225",".338",".311",".303",".325",".113",,,,,,,,,,,,,"87.6","15.1",33,3.6,32.5,"76.84214449","93.218411837",28.7,46.8
"Harvey, Hunter",640451,2023,28,"57","60.2",235,217,44,30,7,0,7,67,13,28.5,5.5,".203",".332",".251","0.583",".220",".384",".252",".284",".270",".164","71.3",25.2,9.7,7.6,28.2,22.1,"7.2",2,8.7,1.9,48.1,31.2,"89.6","11.7",32,8.5,41.2,"79.113678684","94.366785592",26.3,50.9
"Jeffress, Jeremy",502026,2020,32,"22","23.1",88,73,10,8,1,0,1,17,12,19.3,13.6,".137",".192",".273","0.465",".248",".364",".223",".328",".366",".116",,,,,,,,,,,,,"89.9","2.9",29.8,3.5,45.6,"79.635065517","94.47807",24.4,38.5
"Soto, Gregory",642397,2022,27,"64","60.1",263,218,49,34,12,1,2,60,34,22.8,12.9,".225",".317",".344","0.661",".219",".360",".302",".315",".340",".142",,,,,,,,,,,,,"91.4","7.7",34,6.2,43.2,"81.89783125","94.978462188",25.9,47
"Bieber, Shane",669456,2024,29,"2","12.0",45,44,10,6,4,0,0,20,1,44.4,2.2,".227",".318",".244","0.562",".228",".365",".244",".264",".245",".137",,,,,,,,,,,,,"88.5","7.1",45.8,4.2,41.7,"77.024256667","94.201522083",36.7,47.6
"Whitley, Kodi",676831,2022,27,"14","12.2",59,47,11,7,2,0,2,12,9,20.3,15.3,".234",".404",".373","0.777",".273",".471",".347",".383",".404",".198",,,,,,,,,,,,,"90.2","15.7",33.3,8.3,38.9,"79.915199444","94.522247778",25.8,48.5
"Tapia, Domingo",593619,2023,31,"15","17.2",75,62,13,8,3,0,2,14,12,18.7,16,".210",".355",".347","0.702",".220",".313",".313",".306",".355",".094",,,,,,,,,,,,,"87.5","13.9",29.2,6.3,39.6,"75.458522917","93.834249792",26.6,43.7
"Arrieta, Jake",453562,2021,35,"24","98.2",469,410,131,80,26,1,24,83,44,17.7,9.4,".320",".563",".388","0.951",".281",".509",".400",".372",".358",".228",,,,,,,,,,,,,"90.9","9.1",37.2,9.2,44.3,"80.778125663","94.896493012",18.3,43.5
"Teheran, Julio",527054,2023,32,"14","71.2",288,268,68,39,14,2,13,50,13,17.4,4.5,".254",".466",".296","0.762",".263",".469",".324",".335",".308",".206","73.2",33.9,20.1,16.4,35.8,29.1,"7.3",2,9,-0.1,55.2,33.1,"89.8","14.7",39.4,10,42.1,"79.052229818","94.533562864",20.6,48.1
"Teheran, Julio",527054,2020,29,"10","31.1",149,128,39,21,5,1,12,20,16,13.4,10.7,".305",".641",".383","1.024",".319",".627",".421",".429",".398",".308",,,,,,,,,,,,,"89","15.5",42.3,12.6,38.7,"78.275199818","93.91657156",14.6,44.4
"Jax, Griffin",643377,2024,29,"72","71.0",276,256,47,33,7,3,4,95,15,34.4,5.4,".184",".281",".234","0.515",".186",".312",".227",".244",".236",".126","70.9",15.6,13.7,8.8,33.9,21.8,"7.3",22,9,0.6,54,31.8,"88.2","6.3",23.9,8,38.7,"77.101383951","93.862430186",37.8,52.1
"Price, David",456034,2021,35,"39","73.2",326,290,79,51,19,1,8,58,26,17.8,8,".272",".428",".339","0.767",".252",".385",".330",".312",".322",".133",,,,,,,,,,,,,"86.8","8.3",32.1,5.1,35,"74.61383681","93.540651861",21.2,48.9
"Berríos, José",621244,2022,28,"32","172.0",753,692,199,135,34,1,29,149,45,19.8,6,".288",".465",".340","0.805",".274",".483",".350",".350",".329",".208",,,,,,,,,,,,,"90","13.9",36.3,9.5,43.8,"79.057235","94.764961466",21.3,48.6
"Rucker, Michael",621074,2022,28,"41","54.2",229,207,50,35,6,1,8,50,20,21.8,8.7,".242",".396",".306","0.702",".228",".389",".308",".301",".296",".161",,,,,,,,,,,,,"89.8","13.4",27,8.2,38.3,"79.725563506","94.205432745",25.8,48.4
"Junis, Jakob",596001,2021,28,"16","39.1",168,154,43,29,7,0,7,41,12,24.4,7.1,".279",".461",".327","0.788",".276",".509",".336",".356",".326",".232",,,,,,,,,,,,,"91.2","11.6",39.1,12.2,43.5,"81.058057586","95.206961652",25.4,45.1
"Mayza, Tim",641835,2022,30,"63","48.2",193,177,42,28,6,1,7,44,12,22.8,6.2,".237",".401",".286","0.687",".258",".423",".295",".316",".308",".165",,,,,,,,,,,,,"88.6","0.2",34.6,7.4,39,"76.056493433","94.699342481",23.4,45.6
"Alexy, A.J.",669935,2021,23,"5","23.0",97,78,13,7,2,0,4,17,17,17.5,17.5,".167",".346",".320","0.666",".276",".496",".300",".395",".409",".220",,,,,,,,,,,,,"87.6","22.7",40.3,9.7,32.3,"76.820598333","93.252453",22,43.9
"Valdez, Framber",664285,2021,27,"22","134.2",572,501,110,81,16,1,12,125,58,21.9,10.1,".220",".327",".313","0.640",".227",".346",".288",".302",".321",".119",,,,,,,,,,,,,"90.8","-5.5",21.4,5.8,44.4,"80.442401862","94.90935976",26.3,42.4
"Kauffmann, Karl",666154,2023,25,"11","35.0",158,135,42,26,11,0,5,16,16,10.1,10.1,".311",".504",".392","0.896",".302",".538",".384",".400",".389",".236","72.9",32.5,14,12.3,36,31.6,"7.3",2,9.6,-0.1,62.3,34.7,"93.4","12.5",36.1,9,49.2,"85.298930164","95.724048099",17.2,45
"Castillo, Max",666721,2023,24,"7","20.1",89,75,20,13,4,1,2,10,9,11.2,10.1,".267",".427",".364","0.791",".306",".448",".342",".370",".397",".143","72.8",28.3,20,17.4,40,34.8,"7.4",0,11.6,-0.9,50,34.9,"88.4","12.6",29.9,7.5,40.3,"76.603598788","94.361611818",16.2,48.8
"Reed, Jake",596082,2021,28,"10","10.0",43,40,10,8,1,0,1,10,2,23.3,4.7,".250",".350",".286","0.636",".251",".444",".268",".304",".287",".193",,,,,,,,,,,,,"90.5","14",41.9,9.7,35.5,"80.366155333","94.821354333",26.7,46.9
"Means, John",607644,2021,28,"26","146.2",590,557,125,73,21,1,30,134,26,22.7,4.4,".224",".427",".263","0.690",".235",".445",".294",".308",".275",".210",,,,,,,,,,,,,"87.9","20.3",37.1,10.1,37.8,"76.212260806","93.845537607",25.4,50.5
"Gallegos, Giovanny",606149,2023,31,"56","55.0",229,214,54,30,13,0,11,59,12,25.8,5.2,".252",".467",".291","0.758",".247",".453",".322",".315",".286",".206","70.5",12.4,12.5,8.7,36.6,25.5,"7.4",2,12.7,-5.3,49.1,32.3,"90.5","16.3",38.6,10.1,46.2,"80.313157436","94.854441667",36.2,51.9
"Wright, Kyle",657140,2020,24,"8","38.0",168,144,35,22,6,0,7,30,24,17.9,14.3,".243",".431",".351","0.782",".282",".512",".340",".386",".385",".229",,,,,,,,,,,,,"87.1","10.1",40.4,7.9,36.8,"75.025298036","93.727160982",23.9,43.7
"Johnson, Pierce",572955,2021,30,"63","58.2",244,214,47,27,14,0,6,77,27,31.6,11.1,".220",".369",".307","0.676",".203",".345",".292",".286",".297",".142",,,,,,,,,,,,,"89.1","17.4",36,7.2,35.3,"80.062837826","93.257119562",30.3,44.9
"Englert, Mason",669438,2023,23,"31","56.0",253,230,67,39,14,2,12,41,17,16.2,6.7,".291",".526",".343","0.869",".305",".537",".368",".384",".358",".232","73.2",31.9,10.5,8.5,23.7,19.1,"7.6",1,13.6,-7.3,44.7,31.4,"91.4","15.7",38.9,9.8,44.6,"81.579043298","95.155365508",23.6,51.3
"Manoah, Alek",666201,2023,25,"19","87.1",415,346,93,59,17,2,15,79,59,19,14.2,".269",".460",".388","0.848",".262",".471",".370",".373",".383",".209","71.6",27.4,15.9,12.4,30.3,23.7,"7.4",2,11.5,-3.9,50,31.6,"89.5","16.3",33.6,9,44.8,"78.083411053","94.912594528",21.8,45.4
"Arrieta, Jake",453562,2020,34,"9","44.1",190,171,51,36,9,0,6,32,16,16.8,8.4,".298",".456",".358","0.814",".290",".454",".351",".358",".355",".165",,,,,,,,,,,,,"88.9","6.7",35.5,7.8,38.3,"77.831902899","94.159655145",18.9,41.3
"Pérez, Martín",527048,2022,31,"32","196.1",821,738,178,130,37,0,11,169,69,20.6,8.4,".241",".336",".310","0.646",".241",".359",".289",".299",".311",".118",,,,,,,,,,,,,"88.2","8.1",30.9,4.3,34.9,"77.422939036","93.581278732",21,44.5
"Raley, Brooks",548384,2023,35,"66","54.2",236,203,44,29,11,0,4,61,25,25.8,10.6,".217",".330",".319","0.649",".209",".327",".289",".286",".313",".118","71.6",19.8,12.7,9.3,24.6,17.9,"7.7",3,14.8,-8.2,54.3,33.7,"85.8","15.7",31.3,4.9,29.2,"73.900633944","92.883279155",29.3,43.4
"Mejía, J.C.",650496,2021,24,"17","52.1",238,210,60,33,14,0,13,47,24,19.7,10.1,".286",".538",".367","0.905",".281",".485",".385",".369",".363",".204",,,,,,,,,,,,,"91","8",31.1,8.5,45.7,"80.563328025","95.08486179",20.8,45.6
"Arihara, Kohei",685503,2022,29,"5","20.0",108,93,36,20,12,0,4,14,11,13,10.2,".387",".645",".467","1.112",".312",".527",".475",".402",".403",".216",,,,,,,,,,,,,"90.1","6.7",33.8,10,43.8,"78.608815526","94.945374211",21.6,47.4
"Sabrowski, Erik",681870,2024,26,"8","12.2",47,43,6,5,1,0,0,19,4,40.4,8.5,".140",".163",".213","0.376",".150",".194",".179",".196",".223",".044","71.1",19.5,7.7,5.7,24.6,18.4,"7.2",4,7.2,-2.7,48.3,31.5,"88.6","20.8",29.2,0,33.3,"78.9673025","93.275564583",29,50.5
"Gustave, Jandel",594311,2022,29,"27","28.0",120,106,25,20,1,0,4,27,11,22.5,9.2,".236",".358",".317","0.675",".224",".387",".302",".311",".311",".163",,,,,,,,,,,,,"90.8","10.7",28.7,6.3,43.8,"80.1793315","95.120748625",17.2,46.1
"Gonzalez, Gio",461829,2020,34,"12","31.2",153,131,40,30,4,0,6,34,19,22.2,12.4,".305",".473",".401","0.874",".275",".427",".382",".356",".376",".152",,,,,,,,,,,,,"86.3","10.9",39.2,7.2,33,"74.964848958","92.833782813",32.4,39.5
"Stashak, Cody",664054,2020,26,"11","15.0",57,54,11,5,4,0,2,17,3,29.8,5.3,".204",".389",".246","0.635",".225",".455",".271",".306",".266",".230",,,,,,,,,,,,,"89.6","17.1",37.8,13.5,37.8,"79.009077895","94.631984324",29.9,52.5
"Alexander, Tyler",641302,2024,29,"23","107.2",455,419,110,66,20,1,23,90,24,19.8,5.3,".263",".480",".307","0.787",".256",".474",".335",".335",".304",".218","72",25.2,14.8,11.8,35.1,28.1,"7.2",5,10.3,-1.5,56.6,30.3,"88.4","21",36.6,9.8,37.2,"77.467554182","93.866581333",20.1,50
"Lorenzen, Michael",547179,2022,30,"18","97.2",411,362,81,52,18,0,11,85,44,20.7,10.7,".224",".365",".314","0.679",".230",".375",".303",".308",".320",".145",,,,,,,,,,,,,"88.1","9.7",29.9,6.8,37.1,"76.970787986","93.714049097",25.2,47.6
"Mazza, Chris",607391,2020,30,"9","30.0",136,118,34,25,6,0,3,29,15,21.3,11,".288",".415",".375","0.790",".296",".463",".348",".370",".382",".167",,,,,,,,,,,,,"86.4","17",44.4,5.6,31.1,"75.689251556","92.627069438",28.8,47.8
"Almonte, Yency",622075,2024,30,"17","15.2",67,56,9,6,1,1,1,20,8,29.9,11.9,".161",".268",".284","0.552",".195",".317",".249",".286",".313",".122","71.5",19.8,8.1,6.2,25.8,19.8,"7.4",5,12.7,-3.8,45.7,33.1,"84.5","14.5",32.4,8.1,32.4,"72.425972632","92.640866486",30.9,41.2
"Doval, Camilo",666808,2022,24,"68","67.2",286,248,54,38,11,1,4,80,30,28,10.5,".218",".319",".305","0.624",".200",".296",".278",".269",".294",".096",,,,,,,,,,,,,"85.9","-0.8",30.6,4.6,36.4,"73.328857326","93.301219532",30.7,47
"Doval, Camilo",666808,2021,23,"29","27.0",109,99,19,13,2,0,4,37,9,33.9,8.3,".192",".333",".266","0.599",".195",".330",".257",".259",".269",".136",,,,,,,,,,,,,"87.5","9.6",32.3,8.1,33.9,"77.16118129","93.076813443",33.5,44.9
"Stroman, Marcus",573186,2022,31,"25","138.2",569,525,123,81,25,1,16,119,36,20.9,6.3,".234",".377",".287","0.664",".252",".400",".291",".310",".305",".148",,,,,,,,,,,,,"89","7",32,6.6,40.7,"77.846592759","94.278064236",22.4,45.9
"Stroman, Marcus",573186,2021,30,"33","179.0",729,665,161,118,23,3,17,158,43,21.7,5.9,".242",".362",".292","0.654",".258",".420",".284",".318",".309",".162",,,,,,,,,,,,,"89.1","6.3",33.6,6.5,42,"77.468444661","94.596511195",26.8,48.5
"Feltner, Ryan",663372,2023,26,"10","43.1",201,170,45,34,8,1,2,38,28,18.9,13.9,".265",".359",".373","0.732",".252",".367",".331",".332",".365",".115","71.6",22.6,6,4.8,24,19.4,"7.1",0,8.3,0.4,53.2,32.1,"86.1","13.7",33.8,4.5,29.3,"74.102836364","93.03714053",21.5,44.3
"Strzelecki, Peter",657265,2022,27,"30","35.0",148,127,28,18,8,0,2,40,15,27,10.1,".220",".331",".301","0.632",".214",".359",".277",".286",".298",".146",,,,,,,,,,,,,"88.1","16.5",41.3,7.6,38,"76.662447556","93.873236",31.1,46.3
"Guerra, Javy",642770,2022,26,"18","18.0",82,69,16,9,4,0,3,10,11,12.2,13.4,".232",".420",".346","0.766",".268",".458",".331",".359",".376",".190",,,,,,,,,,,,,"91.2","15.4",38.3,8.3,45,"82.07891","94.720321525",17.7,42.7
"Greene, Hunter",668881,2022,22,"24","125.2",531,469,104,59,21,0,24,164,48,30.9,9,".222",".420",".305","0.725",".218",".401",".318",".311",".303",".183",,,,,,,,,,,,,"89.7","20.7",35.6,9.4,40.1,"79.380686169","94.284722541",32,48.8
"Lugo, Seth",607625,2022,32,"62","65.0",272,249,58,40,9,0,9,69,18,25.4,6.6,".233",".378",".290","0.668",".230",".380",".292",".292",".289",".150",,,,,,,,,,,,,"88.5","10.9",30.2,8.2,33,"78.197917667","93.475523944",23.3,42.6
"Holman, Grant",680880,2024,24,"18","15.2",73,63,17,13,3,0,1,16,9,21.9,12.3,".270",".365",".370","0.735",".226",".302",".327",".289",".332",".076","70.9",19.3,7.2,5,30.1,21,"7.1",1,9.5,2.6,48.7,31.5,"84.3","17.1",29.8,0,25.5,"72.176527917","92.355334894",28.5,46.9
"Kolarek, Adam",592473,2022,33,"15","17.2",79,68,20,15,3,1,1,9,8,11.4,10.1,".294",".412",".392","0.804",".254",".385",".359",".334",".358",".131",,,,,,,,,,,,,"87.5","0.5",25.4,5.1,39,"74.861676","94.262807458",11.7,42.9
"Covey, Dylan",592229,2023,31,"29","43.0",191,170,48,37,5,1,5,30,17,15.7,8.9,".282",".412",".351","0.763",".285",".409",".332",".338",".356",".125","71",15.7,12.5,10.5,29.7,24.8,"7.1",3,6.3,5.9,48.4,34.5,"87.8","7.6",31,4.2,37.3,"75.672090145","93.981446496",15.9,46.9
"Hughes, Jared",453172,2020,34,"18","22.1",109,90,23,14,6,0,3,21,14,19.3,12.8,".256",".422",".385","0.807",".227",".368",".353",".328",".362",".140",,,,,,,,,,,,,"84.6","2.4",20.3,7.2,33.3,"71.371848571","93.116009565",32.1,45.4
"Smyly, Drew",592767,2022,33,"22","106.1",447,415,101,60,24,1,16,91,26,20.4,5.8,".243",".422",".295","0.717",".246",".426",".312",".317",".300",".180",,,,,,,,,,,,,"86.7","16.3",34.5,8.6,35.6,"74.529814268","93.537693185",26,52
"Suter, Brent",608718,2024,34,"47","65.2",270,253,63,41,11,1,10,50,12,18.5,4.4,".249",".419",".289","0.708",".268",".423",".305",".318",".308",".154","71.2",19.9,12,9.7,32.7,26.4,"7.2",8,8.9,1.2,43.8,31.3,"86.1","13.8",33.7,7.3,30.2,"74.757662549","92.793075567",20.2,49.8
"Pérez, Cionel",672335,2021,25,"25","24.0",111,90,21,13,2,1,5,25,20,22.5,18,".233",".444",".369","0.813",".205",".362",".351",".317",".347",".157",,,,,,,,,,,,,"89.6","11.3",24.2,6.1,42.4,"78.899413636","94.442875303",30.3,39.2
"Ramirez, Nick",598286,2021,31,"13","20.1",91,83,23,16,5,0,2,14,7,15.4,7.7,".277",".410",".330","0.740",".254",".374",".312",".299",".313",".120",,,,,,,,,,,,,"87.9","10.5",38.6,4.3,34.3,"77.952069714","92.948665714",21.2,48.1
"Falter, Bailey",663559,2023,26,"18","80.2",347,326,94,59,17,1,17,60,20,17.3,5.8,".288",".503",".329","0.832",".276",".472",".354",".339",".318",".196","71.8",24.6,14.3,11.5,32.5,26.2,"7.3",5,10.6,-4,52.8,32.1,"89.6","14.8",34.1,9,39.3,"78.959150153","94.357570992",18.3,50.6
"Stroman, Marcus",573186,2024,33,"30","154.2",675,603,167,116,28,4,19,113,60,16.7,8.9,".277",".431",".349","0.780",".268",".437",".341",".343",".341",".169","72.1",24.4,16.3,13.5,34.4,28.5,"7.4",19,10.5,-1.4,56.2,33.5,"89.3","9.9",35.5,6.7,40.2,"78.437503663","94.344487814",20.4,43.9
"Domínguez, Seranthony",622554,2024,29,"63","58.2",255,231,52,31,8,1,12,68,21,26.7,8.2,".225",".424",".294","0.718",".208",".414",".312",".303",".279",".207","71.5",23,8.2,6.3,27.5,21.1,"7.4",9,9.6,-2.2,50.4,32.2,"86.9","16.3",35.4,12.2,32.9,"75.348082346","93.230323272",26.4,47.4
"Williams, Trevor",592866,2021,29,"23","91.0",405,366,105,66,25,3,11,90,31,22.2,7.7,".287",".462",".347","0.809",".259",".420",".348",".325",".321",".161",,,,,,,,,,,,,"89.2","10.8",34.3,7.1,37.9,"78.168134307","94.23577708",24.1,48.9
"Honeywell, Brent",641703,2024,29,"20","37.2",150,132,32,21,8,0,3,18,12,12,8,".242",".371",".311","0.682",".281",".437",".300",".345",".348",".156","70.2",14.7,14.1,12.2,35,30.3,"7.1",4,6.1,3.5,47.9,32.2,"88.3","14",39,5.1,39.8,"77.165601207","93.884121293",15.3,46.2
"Reid-Foley, Sean",656887,2021,25,"12","20.2",92,83,22,14,5,0,3,26,9,28.3,9.8,".265",".434",".337","0.771",".243",".423",".326",".313",".317",".181",,,,,,,,,,,,,"90.6","14.5",38.6,10.5,49.1,"80.510475","94.810894821",28.9,46.6
"Smith, Will",519293,2021,31,"71","68.0",283,248,49,22,14,2,11,87,28,30.7,9.9,".198",".403",".290","0.693",".192",".357",".297",".284",".286",".165",,,,,,,,,,,,,"88.7","20.7",36.8,9.2,41.1,"77.47488561","94.192457853",33.2,47.7
"Weems, Jordan",607179,2023,30,"51","54.2",232,196,38,18,10,1,9,60,28,25.9,12.1,".194",".393",".300","0.693",".221",".430",".294",".320",".325",".209","71.5",20,13.5,9.8,34.2,24.7,"7.3",5,8.6,0.7,55.3,31.9,"89.9","16",36.2,11.3,38.3,"79.22853087","94.579723551",27,44.3
"Wingenter, Trey",622259,2023,29,"17","17.0",76,65,16,10,4,0,2,22,7,28.9,9.2,".246",".400",".342","0.742",".205",".393",".327",".308",".308",".188","71.5",20.4,7.1,5.4,28.6,21.5,"7.4",1,9.8,-4.3,46.2,32.9,"91.1","12.3",27.3,6.8,43.2,"81.874322273","94.684073864",31.8,48.9
"Civale, Aaron",650644,2024,29,"31","161.0",689,627,158,98,31,0,29,149,52,21.6,7.5,".252",".440",".314","0.754",".241",".408",".327",".315",".306",".166","71.6",22.7,14.1,11.2,33.6,26.6,"7.4",13,11.6,-3.9,55.7,30.6,"89.4","17.2",36.5,7.3,39.4,"79.152007238","94.002413711",21.9,45.2
"Heaney, Andrew",571760,2020,29,"12","66.2",279,256,63,39,14,1,9,70,19,25.1,6.8,".246",".414",".301","0.715",".249",".445",".306",".321",".305",".195",,,,,,,,,,,,,"88.6","16.3",36.2,7.4,39.4,"77.671291809","93.87947738",27.9,50.5
"Chapman, Aroldis",547973,2022,34,"43","36.1",160,128,24,15,5,0,4,43,28,26.9,17.5,".188",".320",".333","0.653",".211",".368",".301",".326",".354",".157",,,,,,,,,,,,,"87.5","16.6",35.6,6.9,34.5,"76.614179773","93.282376437",33.8,41.4
"Gausman, Kevin",592332,2023,32,"31","185.0",763,700,163,100,43,1,19,237,55,31.1,7.2,".233",".379",".291","0.670",".231",".406",".292",".303",".291",".176","72.1",25.9,11.9,8.3,29.1,20.4,"7.4",8,10.8,-3.6,44.6,34.6,"89.4","12.3",36.9,9.9,43.3,"77.897586061","94.803198308",28.9,49.3
"Thompson, Ryan",657044,2020,28,"25","26.1",114,106,29,21,4,0,4,23,8,20.2,7,".274",".425",".325","0.750",".230",".342",".324",".278",".284",".112",,,,,,,,,,,,,"87.1","0.3",28.9,4.8,41,"74.68892619","93.87716747",22.1,45.3
"Phillips, Evan",623465,2021,26,"8","13.1",58,52,11,8,2,0,1,11,5,19,8.6,".212",".308",".293","0.601",".278",".406",".263",".329",".353",".128",,,,,,,,,,,,,"89.2","8.8",46.3,4.9,39,"77.416755714","94.799193171",22.7,52.5
"Taylor, Josh",657031,2021,28,"61","47.2",209,183,45,35,8,0,2,60,23,28.7,11,".246",".322",".340","0.662",".246",".380",".295",".316",".340",".134",,,,,,,,,,,,,"88.5","12",37.4,8.9,44.7,"76.258489836","94.64800877",34,49.4
"Stashak, Cody",664054,2022,28,"11","16.1",65,64,16,10,5,0,1,15,0,23.1,0,".250",".375",".246","0.621",".241",".400",".265",".275",".240",".159",,,,,,,,,,,,,"87.9","23.7",38,4,44,"76.9659576","93.5870106",28,55.1
"Rodríguez, Richard",593144,2021,31,"64","64.1",251,239,50,29,11,2,8,42,10,16.7,4,".209",".372",".247","0.619",".240",".480",".264",".320",".277",".240",,,,,,,,,,,,,"91.5","22.9",31.5,9.1,44.2,"82.85369899","94.582324924",20.2,52.9
"Bellozo, Valente",678368,2024,24,"13","68.2",295,270,69,39,14,1,15,44,21,14.9,7.1,".256",".481",".312","0.793",".247",".497",".338",".347",".308",".249","72.4",30.5,18.4,14.9,40.2,32.5,"7.4",3,12.1,-4.4,59.1,31,"90","22.2",34.2,11,42.1,"79.517869823","94.499034159",19.5,45.4
"Jax, Griffin",643377,2021,26,"18","82.0",360,320,82,38,21,0,23,65,29,18.1,8.1,".256",".537",".322","0.859",".247",".536",".358",".361",".316",".290",,,,,,,,,,,,,"90.8","19.8",33,12.6,43.7,"80.114459846","95.190341885",21.4,48.3
"McCullers Jr., Lance",621121,2021,27,"28","162.1",684,596,122,80,26,3,13,185,76,27,11.1,".205",".324",".305","0.629",".205",".314",".283",".284",".305",".109",,,,,,,,,,,,,"89.8","5.1",25.9,5.3,40.7,"79.44787034","94.33949129",30.2,41.6
"Miley, Wade",489119,2023,36,"23","120.1",490,443,99,60,22,1,16,79,38,16.1,7.8,".223",".386",".287","0.673",".249",".420",".293",".319",".312",".170","72.3",29.3,9.8,8,29.1,23.7,"7.4",6,10.8,-2.1,59.2,33.4,"87.3","10.8",30,7.6,31.3,"76.41179978","93.147683664",19.1,45.1
"Rogers, Trevor",669432,2024,26,"25","124.1",562,491,140,86,37,3,14,97,56,17.3,10,".285",".458",".357","0.815",".272",".442",".350",".349",".350",".171","72.2",26.2,16.8,13.5,34.6,28,"7.4",12,10.3,-1.1,53.9,32.8,"90.7","10.4",33.3,8.4,44.4,"80.391399303","94.92394505",20.9,46.2
"Boyd, Matthew",571510,2022,31,"10","13.1",53,43,5,5,0,0,0,13,8,24.5,15.1,".116",".116",".269","0.385",".189",".275",".175",".260",".329",".086",,,,,,,,,,,,,"82.3","15.8",32.3,3.2,19.4,"70.003333333","91.706129655",30,46.9
"Richards, Trevor",670950,2020,27,"9","32.0",150,137,44,30,8,0,6,27,11,18,7.3,".321",".511",".369","0.880",".276",".452",".375",".335",".329",".176",,,,,,,,,,,,,"89.3","18.4",37.5,8.9,42.9,"78.545240556","94.404333704",25.5,52.4
"Wojciechowski, Asher",592879,2020,31,"10","37.0",168,146,45,25,9,0,11,31,15,18.5,8.9,".308",".596",".367","0.963",".272",".502",".399",".362",".342",".230",,,,,,,,,,,,,"88.3","20.3",40.3,7.6,33.6,"78.330442881","93.300485593",25.6,46.4
"Flaherty, Jack",656427,2021,25,"17","78.1",322,286,57,34,11,0,12,85,26,26.4,8.1,".199",".364",".278","0.642",".240",".462",".280",".337",".318",".222",,,,,,,,,,,,,"89.8","13.4",38,9.3,41.5,"78.758709804","94.646929557",28.1,44.8
"Thorpe, Lewis",626929,2020,24,"7","16.1",77,67,24,16,4,0,4,10,10,13,13,".358",".597",".442","1.039",".304",".550",".441",".404",".394",".246",,,,,,,,,,,,,"86.3","18.2",43.9,12.3,33.3,"74.624257143","93.018451429",20.7,44.5
"Anderson, Tyler",542881,2020,30,"13","59.2",260,227,58,35,16,2,5,41,25,15.8,9.6,".256",".410",".336","0.746",".263",".418",".325",".334",".343",".156",,,,,,,,,,,,,"86.8","21.6",39.5,5.8,31.1,"76.293347204","92.692784355",24.5,45.7
"García, Jarlín",606424,2022,29,"58","65.0",270,248,60,38,11,1,10,56,18,20.7,6.7,".242",".415",".295","0.710",".245",".446",".308",".321",".300",".201",,,,,,,,,,,,,"88.8","16.7",31.3,10.8,41.5,"77.771411979","94.01728099",24.8,48.4
"Garrett, Braxton",666129,2021,23,"8","34.0",159,132,42,31,8,0,3,32,20,20.1,12.6,".318",".447",".413","0.860",".294",".447",".377",".372",".395",".154",,,,,,,,,,,,,"89","12.3",39,6.7,39,"78.156606","94.363199293",21.8,44.9
"García, Luis",472610,2021,34,"34","33.1",135,124,25,17,6,0,2,34,8,25.2,5.9,".202",".298",".252","0.550",".227",".386",".239",".285",".277",".159",,,,,,,,,,,,,"89.8","8.7",30.4,6.5,45.7,"78.853148261","94.93809044",32.1,49.1
"Gaddis, Hunter",683769,2023,25,"11","42.0",182,161,41,23,11,1,6,24,14,13.2,7.7,".255",".447",".324","0.771",".230",".399",".331",".307",".304",".169","71.1",14.8,13.9,12.5,32.9,29.5,"7.2",0,10.7,-1.6,60.2,30.6,"89.3","23.4",35,5.7,35,"79.702619571","93.747651295",17.1,47.8
"Bleier, Richard",542947,2023,36,"27","30.2",132,121,37,26,6,0,5,16,5,12.1,3.8,".306",".479",".346","0.825",".270",".452",".352",".331",".318",".183","70.6",17.3,16.4,13.3,31.1,25.3,"7.2",1,9.6,-0.9,42.7,33.6,"88.6","5.8",27.8,7.4,39.8,"76.742897925","94.60789581",17.9,55.3
"Wheeler, Zack",554430,2020,30,"11","71.0",288,264,67,48,16,0,3,53,16,18.4,5.6,".254",".348",".314","0.662",".249",".348",".291",".292",".309",".099",,,,,,,,,,,,,"85.7","3.8",30.7,3.8,34,"73.20301619","93.138928469",22.6,52.9
"González, Victor",624647,2021,25,"44","35.1",155,131,32,23,6,0,3,33,19,21.3,12.3,".244",".359",".351","0.710",".251",".372",".313",".324",".356",".122",,,,,,,,,,,,,"82.4","3.3",35,6,26,"68.465374694","92.265073571",28.7,45.6
"Armstrong, Shawn",542888,2022,31,"50","61.2",270,242,66,42,17,0,7,66,18,24.4,6.7,".273",".430",".327","0.757",".226",".367",".326",".286",".288",".141",,,,,,,,,,,,,"87.4","10.6",31.3,7.7,33.5,"76.304341222","93.339182833",26.1,53.8
"Holder, Jonathan",656547,2020,27,"18","21.2",101,89,25,16,6,0,3,14,11,13.9,10.9,".281",".449",".356","0.805",".250",".449",".345",".334",".329",".200",,,,,,,,,,,,,"86.9","8.2",31.6,7.9,39.5,"75.051595789","93.464626579",24.1,48.1
"Bazardo, Eduard",660825,2022,26,"12","16.1",65,59,12,6,2,0,4,11,4,16.9,6.2,".203",".441",".277","0.718",".245",".387",".312",".312",".314",".142",,,,,,,,,,,,,"87.4","15.6",29.2,6.3,31.3,"76.541875","93.200097708",27,47
"Leclerc, José",600917,2022,28,"39","47.2",198,172,33,18,10,0,5,54,21,27.3,10.6,".192",".337",".288","0.625",".189",".330",".280",".280",".287",".142",,,,,,,,,,,,,"86.6","24.2",27.5,6.7,32.5,"75.3846315","92.865641583",37.4,48.2
"McKenzie, Triston",663474,2024,26,"16","75.2",340,288,69,39,10,1,19,74,49,21.8,14.4,".240",".479",".351","0.830",".237",".488",".359",".360",".349",".251","71.8",24,16.7,13.3,36.6,29.2,"7.5",8,12.4,-5.8,55.8,31.7,"90.7","20",31.6,13,41.9,"80.739328131","94.829605352",23.1,42.5
"Morton, Charlie",450203,2023,39,"30","163.1",716,615,150,103,30,3,14,183,83,25.6,11.6,".244",".371",".344","0.715",".244",".403",".318",".330",".345",".158","72",26.7,15.4,10.8,35.5,25.1,"7.5",10,11.9,-5.9,51.8,34,"88.9","9.9",36.8,7.8,39.1,"77.30793493","94.400073953",32.2,42.9
"Fulmer, Carson",608334,2023,29,"3","10.0",39,34,6,3,1,1,1,6,4,15.4,10.3,".176",".353",".282","0.635",".205",".447",".281",".327",".307",".242","72.8",31.7,16.7,13.3,35.4,28.3,"7.6",1,14.7,-4,48.3,35.3,"87.8","8.3",28.6,10.7,39.3,"76.081059286","93.77683",20.9,42.7
"Archer, Chris",502042,2022,33,"25","102.2",437,381,87,49,26,0,12,84,48,19.2,11,".228",".391",".317","0.708",".260",".430",".312",".343",".347",".170",,,,,,,,,,,,,"89.5","11",34.2,8.6,44.5,"78.387605973","94.627218624",24.2,44.6
"Wittgren, Nick",621295,2022,31,"29","29.0",134,117,35,25,7,2,1,17,10,12.7,7.5,".299",".419",".368","0.787",".268",".393",".346",".327",".344",".125",,,,,,,,,,,,,"89","14.2",30.1,1,34,"79.544010784","93.525885347",17.2,47.2
"Widener, Taylor",642203,2020,25,"12","20.0",88,73,14,6,2,1,5,22,12,25,13.6,".192",".452",".330","0.782",".205",".413",".334",".329",".340",".209",,,,,,,,,,,,,"86.8","15.6",29.4,9.8,37.3,"75.584803077","93.106511961",29.6,44.5
"Peralta, Wandy",593974,2020,28,"25","27.1",114,100,22,17,0,2,3,25,11,21.9,9.6,".220",".350",".307","0.657",".242",".377",".291",".321",".334",".135",,,,,,,,,,,,,"85.6","6.3",32.9,3.9,30.3,"74.925613243","92.275540685",28.9,47.5
"Gray, Sonny",543243,2022,32,"24","119.2",488,441,99,69,16,3,11,117,36,24,7.4,".224",".349",".290","0.639",".238",".375",".283",".299",".302",".137",,,,,,,,,,,,,"88.1","12.1",33.1,5.5,39.8,"76.435358659","94.008990244",22.1,43.4
"Montgomery, Jordan",656756,2022,29,"32","178.1",724,677,159,102,34,2,21,158,36,21.8,5,".235",".384",".281","0.665",".256",".407",".291",".310",".301",".152",,,,,,,,,,,,,"88.5","9.8",34.1,7.1,37.5,"77.803436381","93.693936452",27.5,50.6
"Freeland, Kyle",607536,2023,30,"29","155.2",677,624,187,122,30,6,29,94,42,13.9,6.2,".300",".506",".342","0.848",".290",".520",".360",".364",".335",".230","72.6",32.6,15.6,13.3,36.2,30.8,"7.3",8,9.9,-1.7,53.8,33,"90.2","14.3",35,8.7,43.5,"79.780080451","94.648559793",17.2,51
"Hamilton, Ian",641656,2023,28,"39","58.0",239,209,45,33,9,1,2,69,26,28.9,10.9,".215",".297",".310","0.607",".217",".321",".275",".290",".314",".104","71.3",18,11.3,7.2,29.8,19.1,"7.6",2,13.2,-7.1,46.4,33.6,"86","4.8",31.2,5.7,36.9,"72.831428028","93.681482199",34.6,47.5
"Bautista, Félix",642585,2022,27,"65","65.2",253,227,38,24,7,0,7,88,23,34.8,9.1,".167",".291",".245","0.536",".184",".297",".240",".252",".262",".113",,,,,,,,,,,,,"86.8","14.7",32.6,8.5,36.9,"74.718440286","93.417917929",33.6,50.3
"Sands, Cole",663485,2024,26,"62","71.1",292,267,59,43,10,0,6,85,12,29.1,4.1,".221",".326",".265","0.591",".223",".388",".259",".290",".271",".165","71.2",17.9,10,7.5,30.4,22.9,"7.2",10,9.4,-0.2,52.5,32.1,"89","17.6",32.8,6.3,37,"78.639076774","93.957956183",26.6,50.5
"Houck, Tanner",656557,2024,28,"30","178.2",743,674,156,118,27,0,11,154,48,20.7,6.5,".231",".320",".296","0.616",".256",".394",".276",".318",".319",".139","71.5",22.5,15.9,12.5,36.8,29,"7.4",17,11,-3,50.9,34.6,"89.4","3.8",30.2,5.7,41.8,"78.489312385","94.430703969",22.6,46.8
"Rodriguez, Grayson",680570,2024,24,"20","116.2",491,449,109,68,24,2,15,130,36,26.5,7.3,".243",".405",".305","0.710",".229",".396",".310",".303",".293",".167","71.4",21.8,13.1,9.5,32.1,23.4,"7.3",17,10.1,-1,45.2,31,"89.2","13.4",36.9,7.8,39.7,"78.512590063","94.106694844",30,50.2
"Peterson, David",656849,2023,27,"27","111.0",492,432,124,87,17,4,16,128,50,26,10.2,".287",".456",".367","0.823",".260",".430",".357",".339",".343",".170","72.4",31.9,17.8,12.7,31,22,"7.4",14,9.5,0.7,49.4,32.4,"90","5.3",34.4,8.1,44.5,"78.230617763","95.247518383",29.5,45.9
"Herget, Jimmy",623474,2024,30,"8","12.1",52,49,13,8,3,0,2,15,3,28.8,5.8,".265",".449",".308","0.757",".207",".365",".327",".273",".253",".158","70.8",18.4,12.5,9.2,28.1,20.7,"7.6",1,14.7,-9.1,60.9,32.4,"83.9","22.6",26.5,8.8,26.5,"70.350251765","92.724955",27.8,51.3
"Lyles, Jordan",543475,2023,32,"31","177.2",748,689,176,87,48,2,39,120,45,16,6,".255",".501",".305","0.806",".260",".483",".340",".339",".310",".223","72.7",32.2,15.9,12.9,33.3,27.1,"7.6",7,14.4,-7.5,57.7,33,"89","19.8",34.6,9.9,35.5,"78.646858035","93.749665333",20.1,48.1
"Sauer, Matt",669422,2024,25,"14","16.1",84,71,23,15,4,1,3,9,11,10.7,13.1,".324",".535",".417","0.952",".257",".483",".408",".367",".364",".226","71.4",23.1,7,6,30.4,26.1,"7.3",1,10.8,-4.6,57.5,31.3,"90.2","20.6",33.3,9.5,42.9,"81.27310375","93.931096349",15.9,48
"Montas, Frankie",593423,2021,28,"32","187.0",778,707,164,108,33,3,20,207,57,26.6,7.3,".232",".372",".294","0.666",".231",".404",".290",".305",".295",".174",,,,,,,,,,,,,"89.3","11.6",34.4,8.7,42.3,"77.996835422","94.578879859",29.6,50.5
"DeSclafani, Anthony",543101,2023,33,"19","99.2",419,388,105,64,25,1,15,79,20,18.9,4.8,".271",".456",".311","0.767",".282",".492",".328",".348",".322",".210","72.3",32.6,20.6,15.2,38.2,28.3,"7.4",0,10.4,-1.3,50,34,"90.1","11.4",34.6,8.3,45.1,"78.587614774","95.105318387",20.3,46.7
"Sawamura, Hirokazu",617228,2022,34,"49","50.2",221,189,45,34,7,0,4,40,27,18.1,12.2,".238",".339",".326","0.665",".249",".409",".294",".324",".337",".160",,,,,,,,,,,,,"88.9","8.8",32.5,7.1,44.8,"77.512073026","94.580836908",25.2,48.3
"Sampson, Adrian",592716,2021,29,"10","35.1",145,130,30,16,6,0,8,28,8,19.3,5.5,".231",".462",".306","0.768",".236",".474",".329",".339",".310",".238",,,,,,,,,,,,,"89.1","14.2",31.1,11.7,42.7,"77.678274118","94.615068824",21.3,50
"Arrighetti, Spencer",681293,2024,24,"29","145.0",632,557,139,85,32,1,21,171,65,27.1,10.3,".250",".424",".334","0.758",".227",".393",".332",".314",".315",".166","71.6",25.5,12.1,9.1,30.8,23.2,"7.4",21,11.8,-4,51.1,31.7,"88.9","16.4",38.3,7.7,39.8,"77.934348615","94.124621851",27.7,47.2
"Farmer, Buck",571656,2022,31,"44","47.0",199,171,36,25,9,0,2,54,25,27.1,12.6,".211",".298",".313","0.611",".209",".325",".280",".290",".314",".116",,,,,,,,,,,,,"88.2","14.4",29.4,5,40,"77.105088947","93.938383363",31.2,45.4
"Maeda, Kenta",628317,2020,32,"11","66.2",248,238,40,26,4,1,9,80,10,32.3,4,".168",".307",".202","0.509",".208",".350",".219",".257",".240",".142",,,,,,,,,,,,,"85.3","10.8",31,7,24.7,"74.312775844","92.194825425",34.9,52.6
"Schmidt, Clarke",657376,2024,28,"16","85.1",353,309,71,50,11,2,8,93,30,26.3,8.5,".230",".356",".312","0.668",".224",".360",".296",".304",".312",".136","71.7",27,12.7,9.2,29.7,21.6,"7.2",6,8.8,0.3,50.9,31.8,"89.1","16",31.7,5.9,38,"78.87294578","93.864991613",29.4,44.2
"García, Yimi",554340,2020,29,"14","15.0",60,55,9,6,3,0,0,19,5,31.7,8.3,".164",".218",".233","0.451",".194",".311",".208",".256",".262",".117",,,,,,,,,,,,,"88.3","18",25,5.6,30.6,"78.109852222","93.800304571",29.2,46.9
"Hearn, Taylor",621368,2022,27,"31","100.0",449,400,107,66,29,1,11,97,43,21.6,9.6,".268",".427",".342","0.769",".261",".434",".337",".340",".338",".174",,,,,,,,,,,,,"89.5","15.1",38.6,9.8,40.2,"78.646760662","94.444467252",22.2,48.1
"Brault, Steven",643230,2021,29,"7","27.2",127,113,33,19,7,4,3,19,12,15,9.4,".292",".504",".365","0.869",".270",".515",".366",".366",".346",".245",,,,,,,,,,,,,"89.1","10.5",30.5,9.5,44.2,"77.317645652","94.611090217",20.6,48.8
"Martin, Corbin",656686,2021,25,"5","16.0",86,68,23,12,5,1,5,13,14,15.1,16.3,".338",".662",".452","1.114",".311",".644",".461",".449",".432",".333",,,,,,,,,,,,,"93.8","16.5",39.7,13.8,51.7,"85.052222143","96.217830182",19.4,45.3
"Cano, Yennier",666974,2024,30,"70","60.0",249,223,54,38,9,1,6,65,24,26.1,9.6,".242",".372",".317","0.689",".232",".369",".303",".303",".310",".137","71.7",23.7,13.4,9.8,29.8,21.8,"7.4",4,9.7,0.4,53.1,34.1,"89.9","-1.9",25.8,6.3,43.4,"79.027180127","94.694487325",27.7,48.4
"Lynch IV, Daniel",663738,2021,24,"15","68.0",311,271,80,54,15,2,9,55,31,17.7,10,".295",".465",".371","0.836",".281",".493",".360",".375",".364",".212",,,,,,,,,,,,,"90.7","14.5",33.5,10.4,44.3,"79.380462545","95.435745068",25.9,47.7
"Mayers, Mike",594577,2020,28,"29","30.0",121,111,18,12,4,0,2,43,9,35.5,7.4,".162",".252",".231","0.483",".170",".298",".219",".239",".239",".127",,,,,,,,,,,,,"89","20.1",32.4,5.9,38.2,"79.274225588","93.595444478",35.5,45.1
"Ruiz, José",614179,2023,28,"38","44.1",207,178,52,32,9,1,10,39,21,18.8,10.1,".292",".522",".382","0.904",".265",".458",".385",".353",".359",".193","71.9",18.5,20,14.8,35,25.9,"7.6",1,10.4,-4.1,40.7,34.7,"89","13.2",39.7,8.5,36.2,"79.078778592","93.699931702",29.5,45.9
"Phillips, Tyler",663969,2024,26,"8","36.2",160,150,45,29,7,0,9,28,7,17.5,4.4,".300",".527",".338","0.865",".289",".530",".369",".373",".330",".241","72.2",27.8,16.7,13.2,34,26.7,"7.4",3,12.2,-4.8,53.1,34,"88.9","12.7",38.2,13.8,40.7,"76.732659032","94.808056748",21.7,52.6
"Hudson, Dakota",641712,2024,29,"18","89.0",404,346,99,69,19,0,11,49,50,12.1,12.4,".286",".436",".382","0.818",".289",".459",".360",".374",".386",".170","72.2",26.4,17.2,14.1,43.6,35.7,"7.5",5,12,-4.6,52.4,33.8,"89.9","7.6",31.7,6.3,42,"78.864896622","94.869387534",18.6,42.1
"Gallen, Zac",668678,2021,25,"23","121.1",523,463,108,65,22,2,19,139,49,26.6,9.4,".233",".413",".312","0.725",".227",".387",".313",".307",".307",".160",,,,,,,,,,,,,"89.2","12.3",32.7,7.9,43,"78.810645679","94.106073611",23.6,44.3
"Jiménez, Dany",666204,2022,28,"34","34.1",145,126,23,18,3,0,2,34,18,23.4,12.4,".183",".254",".283","0.537",".195",".313",".237",".263",".294",".118",,,,,,,,,,,,,"89.4","16.2",26.9,4.3,43,"79.881801064","93.824351935",35,41.9
"Quantrill, Cal",615698,2023,28,"19","99.2",444,398,111,74,22,4,11,58,35,13.1,7.9,".279",".437",".345","0.782",".285",".489",".339",".364",".354",".204","71.3",20.3,14,11,30.2,23.8,"7.4",3,10.3,-1.3,58.6,31.6,"87.9","13.4",37.2,8.4,39.2,"76.12958117","94.010311696",18.9,47
"Musgrove, Joe",605397,2020,27,"8","39.2",166,146,33,18,9,1,5,55,16,33.1,9.6,".226",".404",".307","0.711",".195",".309",".308",".275",".287",".114",,,,,,,,,,,,,"85.1","12.4",32.3,5.4,32.3,"73.233508478","92.559280879",33,46.4
"Bednar, David",670280,2023,28,"66","67.1",277,247,53,36,12,2,3,80,21,28.9,7.6,".215",".316",".281","0.597",".193",".325",".259",".263",".266",".132","71.6",23,11.5,8.3,30.8,22.2,"7.2",6,9.3,0.5,57.1,29.2,"88","15.6",29.5,5.2,40.5,"76.900823176","93.665319353",32.8,54.1
"Davies, Zach",605200,2020,27,"12","69.1",276,255,55,37,8,1,9,63,19,22.8,6.9,".216",".361",".269","0.630",".268",".475",".273",".344",".320",".207",,,,,,,,,,,,,"87.5","14.6",36.1,10.3,36.6,"76.024619043","93.652096862",25.5,41.7
"Rasmussen, Drew",656876,2020,24,"12","15.1",71,62,17,11,3,0,3,21,9,29.6,12.7,".274",".468",".366","0.834",".208",".306",".361",".282",".309",".098",,,,,,,,,,,,,"86.8","2.7",34.1,4.9,29.3,"77.519243333","92.203828293",32,42.4
"Baz, Shane",669358,2022,23,"6","27.0",117,107,27,17,4,1,5,30,9,25.6,7.7,".252",".449",".316","0.765",".241",".417",".333",".316",".306",".176",,,,,,,,,,,,,"91.1","12",36.4,7.8,51.9,"80.480668718","95.807764805",30.6,47.1
"Zuber, Tyler",676604,2020,25,"23","22.0",99,76,15,10,1,0,4,30,20,30.3,20.2,".197",".368",".367","0.735",".217",".415",".330",".355",".384",".197",,,,,,,,,,,,,"88.9","11",43.8,8.3,39.6,"77.301154167","94.749811064",25.6,38.8
"Soroka, Michael",647336,2020,22,"3","13.2",57,49,11,10,1,0,0,8,7,14,12.3,".224",".245",".333","0.578",".275",".370",".275",".340",".378",".095",,,,,,,,,,,,,"88","3.9",26.8,2.4,34.1,"77.5996055","93.26801575",22.6,46.7
"de Geus, Brett",676969,2021,23,"47","50.0",238,201,62,43,10,3,6,41,25,17.2,10.5,".308",".478",".401","0.879",".280",".428",".379",".359",".380",".148",,,,,,,,,,,,,"89.7","5",35.4,6.1,38.4,"79.156268889","94.204553889",17.8,43.2
"McHugh, Collin",543521,2021,34,"37","64.0",247,232,48,37,6,2,3,74,12,30,4.9,".207",".289",".252","0.541",".201",".289",".236",".234",".246",".089",,,,,,,,,,,,,"86.7","15.6",30.8,2.5,29.6,"75.556105","92.965325897",31.4,48.8
"Romano, Jordan",605447,2021,28,"62","63.0",253,226,41,26,8,0,7,85,25,33.6,9.9,".181",".310",".266","0.576",".170",".298",".257",".251",".255",".128",,,,,,,,,,,,,"89.1","12.3",25.4,9.2,33.8,"78.351422254","93.993889078",31.8,49.8
"Kelley, Trevor",665001,2023,30,"10","15.1",69,61,16,7,5,0,4,11,6,15.9,8.7,".262",".541",".348","0.889",".246",".477",".373",".346",".334",".231","73.2",16.7,30.8,22.2,53.8,38.9,"7.6",0,12.7,-7.4,55.6,34.2,"87.5","14.3",40,10,46,"75.4195236","93.869827",23.3,42.6
"García, Jarlín",606424,2021,28,"58","68.2",269,245,48,21,18,0,9,68,18,25.3,6.7,".196",".380",".256","0.636",".217",".371",".269",".281",".277",".154",,,,,,,,,,,,,"89.7","12.6",35.4,7.2,40.3,"78.955383258","94.382465112",22.6,46.8
"Corbin, Patrick",571578,2022,32,"31","152.2",713,655,210,143,35,5,27,128,49,18,6.9,".321",".513",".374","0.887",".300",".530",".383",".381",".356",".230",,,,,,,,,,,,,"90.8","11.5",40.1,11,45,"80.234807519","95.073503499",20.9,47.4
"Clevinger, Mike",605182,2022,31,"23","114.1",485,437,102,65,16,1,20,91,35,18.8,7.2,".233",".412",".304","0.716",".247",".451",".314",".335",".318",".204",,,,,,,,,,,,,"88.2","18.8",36.7,9.5,39.1,"76.68348104","94.011377623",24.3,48.2
"Weaver, Luke",596133,2023,29,"29","123.2",563,515,155,83,40,3,29,109,40,19.4,7.1,".301",".559",".353","0.912",".282",".501",".385",".358",".337",".219","72.2",26.1,14.9,11.3,30.1,22.9,"7.1",6,9,-0.3,53.1,31.7,"89.3","15.4",40.2,9.8,42,"78.04239848","94.508679902",21.6,47.3
"Richards, Garrett",572070,2022,34,"32","42.2",185,168,44,28,12,1,3,36,13,19.5,7,".262",".399",".324","0.723",".254",".422",".318",".322",".318",".168",,,,,,,,,,,,,"89.3","8.7",31.6,7.5,39.1,"79.515638358","93.764665639",26,50.6
"Nelson, Kyle",669459,2024,27,"11","10.2",42,37,8,5,1,0,2,8,4,19,9.5,".216",".405",".286","0.691",".311",".502",".289",".365",".369",".191","72.3",28.9,15.8,13.3,34.2,28.9,"7.8",0,18.4,-9.7,51.1,34.7,"91","16.2",40,6.7,53.3,"79.6126","95.550509",23,51
"Williams, Taylor",592865,2020,28,"15","14.2",67,57,14,10,3,0,1,20,7,29.9,10.4,".246",".351",".358","0.709",".208",".378",".317",".312",".328",".170",,,,,,,,,,,,,"89.3","11.9",27,8.1,40.5,"77.390587222","95.044207222",31.9,42.6
"Darvish, Yu",506433,2020,33,"12","76.0",297,280,59,40,12,2,5,93,14,31.3,4.7,".211",".321",".253","0.574",".228",".346",".250",".269",".269",".118",,,,,,,,,,,,,"88.7","11.9",36.9,6.4,34.2,"78.651437283","93.49421",32.1,49.7
"Bruihl, Justin",677865,2022,25,"24","23.2",100,87,22,15,2,1,4,13,6,13,6,".253",".437",".320","0.757",".245",".393",".322",".303",".313",".148",,,,,,,,,,,,,"86.2","15.2",33.3,6.4,24.4,"76.072907568","92.150115811",24.9,53.1
"Milone, Tommy",543548,2020,33,"9","39.0",181,170,55,30,12,4,9,40,6,22.1,3.3,".324",".600",".350","0.950",".273",".485",".395",".334",".303",".213",,,,,,,,,,,,,"89.2","18.1",34.6,6,36.1,"79.126346","93.697362308",27.7,48.6
"Plutko, Adam",592644,2020,28,"10","27.2",116,107,30,17,8,0,5,15,7,12.9,6,".280",".495",".330","0.825",".270",".468",".352",".339",".321",".198",,,,,,,,,,,,,"88.7","22.4",35.5,7.5,33.3,"78.679341522","93.523017692",23.3,52.9
"Wilson, Bryse",669060,2020,22,"6","15.2",73,63,18,13,2,1,2,15,9,20.5,12.3,".286",".444",".384","0.828",".255",".466",".363",".357",".357",".211",,,,,,,,,,,,,"89.7","11.2",37.5,12.5,41.7,"78.92695625","94.335338333",21.2,46.6
"Scott, Christian",681035,2024,25,"9","47.1",197,180,45,29,7,1,8,39,12,19.8,6.1,".250",".433",".303","0.736",".244",".443",".318",".321",".298",".200","71.7",21.8,11.5,9.2,30.2,24.3,"7.2",7,8.1,1.2,53.4,30.1,"89.2","22.1",37.1,10.5,35.7,"78.550568451","94.142890704",21.6,51.2
"Rogers, Taylor",573124,2024,33,"64","60.0",249,224,53,32,13,1,7,64,22,25.7,8.8,".237",".397",".309","0.706",".213",".338",".309",".282",".290",".125","70.3",15,9.7,7.6,30.1,23.8,"7.3",8,10.6,-4.6,43.2,32.1,"86.7","12.3",32.3,6.2,32.9,"74.55486025","93.4377415",23.3,42.5
"Grove, Michael",675627,2023,26,"18","69.0",302,280,83,53,15,3,12,73,19,24.2,6.3,".296",".500",".348","0.848",".269",".472",".363",".342",".323",".203","73",31.4,18.9,13.5,36.9,26.3,"7.6",6,15.4,-10.9,53.8,33.4,"90","12.6",40.6,9.2,42,"78.955299231","94.87688744",27.2,49.5
"Wilson, Bryse",669060,2023,25,"53","76.2",314,284,60,33,16,2,9,61,22,19.4,7,".211",".377",".271","0.648",".242",".411",".281",".308",".299",".169","72",29.5,11.8,10.1,27.4,23.5,"7.2",4,8.5,1.4,57.1,33.3,"88.6","16.9",36.7,7,35.8,"78.110094018","93.617053973",18.5,48.7
"Cleavinger, Garrett",664076,2023,29,"15","12.0",48,41,6,3,1,0,2,14,6,29.2,12.5,".146",".317",".271","0.588",".175",".402",".267",".306",".295",".227",,,,,,,,,,,,,"87","10.4",37,11.1,25.9,"76.485915","93.256586296",26.1,41.7
"Roark, Tanner",543699,2020,33,"11","47.2",220,194,60,31,13,2,14,41,23,18.6,10.5,".309",".613",".386","0.999",".280",".544",".417",".383",".361",".265",,,,,,,,,,,,,"89.2","18",36.4,13,42.9,"78.045116316","94.365690395",26.6,44.3
"Sims, Lucas",608371,2020,26,"20","25.2",104,89,13,6,4,0,3,34,12,32.7,11.5,".146",".292",".269","0.561",".133",".209",".257",".229",".259",".076",,,,,,,,,,,,,"87.3","18.8",20,1.8,34.5,"76.777138889","93.009383148",35,39.4
"Chapman, Aroldis",547973,2020,32,"13","11.2",45,40,6,2,1,1,2,22,4,48.9,8.9,".150",".375",".244","0.619",".159",".307",".268",".252",".253",".148",,,,,,,,,,,,,"83.1","24.7",38.9,11.1,27.8,"71.425923333","91.95429",41.6,50.8
"Heasley, Jonathan",669169,2022,25,"21","104.0",465,404,108,64,22,3,19,70,47,15.1,10.1,".267",".478",".346","0.824",".263",".471",".355",".355",".346",".208",,,,,,,,,,,,,"90.2","14.9",34.8,9.4,45.3,"80.213360175","94.532852111",19.3,46
"Lambert, Jimmy",669424,2022,27,"42","47.0",204,176,40,27,8,1,4,45,24,22.1,11.8,".227",".352",".320","0.672",".196",".319",".301",".277",".294",".123",,,,,,,,,,,,,"86.7","17.8",32.1,4.5,32.8,"75.43836403","93.046199398",25.8,48.4
"Crick, Kyle",605195,2021,28,"27","24.1",107,80,14,12,2,0,0,21,19,19.6,17.8,".175",".200",".358","0.558",".216",".323",".281",".335",".390",".107",,,,,,,,,,,,,"84.4","16.5",29,3.2,22.6,"73.691393667","91.549194167",27.6,40.1
"Kittredge, Andrew",552640,2024,34,"74","70.2",287,263,60,37,12,1,10,67,20,23.3,7,".228",".395",".280","0.675",".247",".424",".289",".313",".299",".177","71.7",24,12.2,9,35.5,26.2,"7.4",12,12.1,-4.2,58.2,33.2,"88.9","11.8",33,8.5,39.5,"78.235916364","94.033771218",27.8,53.5
"Banda, Anthony",607455,2022,28,"32","26.2",135,119,43,30,9,0,4,30,13,22.2,9.6,".361",".538",".430","0.968",".272",".437",".415",".341",".352",".165",,,,,,,,,,,,,"84.9","15.1",44.4,6.7,32.2,"71.570184","93.087101333",21,47.5
"Miller, Mason",695243,2024,25,"55","65.0",249,225,36,25,5,0,6,104,21,41.8,8.4,".160",".262",".233","0.495",".149",".233",".218",".210",".226",".084","70.4",15.8,7.9,4.9,23.3,14.4,"7.1",12,7.3,3,46.2,30.8,"86.1","17.9",28.5,5.7,32.5,"74.737690484","92.801441301",40.1,52.3
"Hunter, Tommy",488984,2020,33,"24","24.2",102,92,22,13,6,1,2,25,6,24.5,5.9,".239",".391",".307","0.698",".296",".449",".305",".353",".359",".153",,,,,,,,,,,,,"90.6","13.3",35.3,8.8,45.6,"79.266354375","95.271494531",25.4,45.1
"Long, Sam",669674,2021,25,"12","40.2",176,156,37,21,10,1,5,38,15,21.6,8.5,".237",".410",".313","0.723",".232",".400",".313",".314",".310",".169",,,,,,,,,,,,,"88.7","15.1",32.5,5.8,36.7,"78.586053667","93.588172333",21.4,47.8
"Alvarado, José",621237,2022,27,"59","51.0",214,187,38,27,8,1,2,81,24,37.9,11.2,".203",".289",".296","0.585",".186",".282",".259",".250",".281",".097",,,,,,,,,,,,,"87.2","3",30.6,6.5,34.3,"75.897555741","93.410228879",38.4,46.7
"Stewart, Brock",592779,2023,31,"28","27.2",109,97,19,14,4,0,1,39,11,35.8,10.1,".196",".268",".284","0.552",".182",".287",".242",".242",".273",".104","68.6",10,7.7,5,7.7,5,"6.7",0,4.4,5.5,30,31.7,"88.3","15",34.5,3.4,31,"78.548301071","93.075705179",41.5,51
"Goody, Nick",580792,2020,28,"17","11.0",55,46,14,6,3,2,3,13,8,23.6,14.5,".304",".652",".400","1.052",".253",".491",".430",".365",".359",".237",,,,,,,,,,,,,"86.1","15.2",38.2,11.8,26.5,"74.980082941","92.570886765",23.6,44.7
"Martinez, Seth",661527,2024,29,"44","52.2",222,199,49,29,12,1,7,36,18,16.2,8.1,".246",".422",".321","0.743",".243",".397",".323",".316",".319",".154","71.3",20.8,19.6,15.4,39.2,30.8,"7.4",6,11.4,-3.5,50,32.8,"88.4","16.4",31.1,6.7,40.2,"77.583805625","93.891014214",23,45.7
"Colomé, Alex",517008,2022,33,"53","47.0",215,190,57,34,16,2,5,32,22,14.9,10.2,".300",".484",".369","0.853",".286",".499",".366",".368",".359",".213",,,,,,,,,,,,,"90.2","1.4",38.1,10,46.9,"79.334615875","95.042442075",20.1,46.5
"Menez, Conner",669214,2020,25,"7","11.1",45,38,6,2,2,0,2,8,5,17.8,11.1,".158",".368",".273","0.641",".214",".361",".282",".307",".324",".146",,,,,,,,,,,,,"85.1","28.4",25.8,6.5,16.1,"75.390732","91.723723448",20,47.3
"Kershaw, Clayton",477132,2024,36,"7","30.0",133,119,36,26,7,1,2,24,9,18,6.8,".303",".429",".353","0.782",".285",".412",".336",".332",".343",".128","72.5",30.1,19.5,15.7,34.5,27.8,"7.6",5,13.6,-7.8,57.4,33.4,"90.4","14.1",38.8,4.1,40.8,"79.444124082","94.903124433",21.7,50.2
"Bielak, Brandon",656232,2022,26,"5","12.1",54,47,11,8,1,0,2,12,4,22.2,7.4,".234",".383",".333","0.716",".215",".394",".322",".317",".317",".179",,,,,,,,,,,,,"88.7","10.9",14.3,11.4,40,"77.62995","94.180986286",19.8,42.5
"Erceg, Lucas",668674,2023,28,"50","55.0",251,208,51,31,18,1,1,68,36,27.1,14.3,".245",".356",".371","0.727",".204",".305",".328",".298",".337",".102","70.7",20.1,8.9,6.7,25.9,19.6,"7.1",4,7.3,3.3,38.3,34.1,"86","7.9",34,6.4,33.3,"74.335598451","92.859649858",28.4,41.5
"Hand, Brad",543272,2022,32,"55","45.0",198,166,37,26,8,1,2,38,23,19.2,11.6,".223",".319",".335","0.654",".232",".376",".297",".326",".349",".144",,,,,,,,,,,,,"87.2","14.3",32.8,5.3,26.9,"77.465203333","92.528128333",18.5,40.4
"Richardson, Lyon",680689,2023,23,"4","16.2",81,66,17,8,3,0,6,12,15,14.8,18.5,".258",".576",".395","0.971",".267",".563",".411",".411",".403",".296","71.6",21.7,14,11.6,33.6,27.9,"7.3",2,10.8,-1,55,32.8,"88.3","10.3",29.6,16.7,42.6,"76.652054074","94.039308704",17.8,44.1
"Varland, Gus",681402,2024,27,"26","26.1",115,106,30,22,5,1,2,27,8,23.5,7,".283",".406",".339","0.745",".242",".364",".324",".292",".302",".122","71.4",17.6,12.1,9.1,31.2,23.5,"7.1",4,8,3.2,44.9,32.8,"89.5","13.4",38,5.1,39.2,"79.55487641","93.923339351",24.5,47.5
"Castellanos, Humberto",528748,2021,23,"14","45.2",196,173,48,31,9,1,7,29,15,14.8,7.7,".277",".462",".342","0.804",".238",".416",".347",".317",".307",".178",,,,,,,,,,,,,"87.9","13.2",29.5,7.4,34.2,"76.693579167","93.657754931",15.1,44.6
"Irvin, Jake",663623,2024,27,"33","187.2",769,710,173,103,38,3,29,156,52,20.3,6.8,".244",".428",".299","0.727",".249",".440",".314",".323",".304",".192","71.8",24.5,13.7,10.8,33,26.1,"7.2",16,9.2,0.6,50.6,31.6,"88.8","11.4",33,9.2,39.1,"77.537675273","94.341422273",22.3,48.5
"Velasquez, Vince",592826,2022,30,"27","75.1",319,289,68,36,21,0,11,69,25,21.6,7.8,".235",".422",".299","0.721",".240",".477",".314",".336",".304",".237",,,,,,,,,,,,,"91.9","19.6",35,13,44.4,"82.784380364","95.021077591",25.2,48.5
"Ortiz, Luis",682847,2024,25,"37","135.2",556,500,109,68,21,4,16,107,42,19.2,7.6,".218",".372",".288","0.660",".238",".433",".287",".324",".309",".194","71.7",23.7,11.9,9.5,31.5,25.2,"7.3",13,8.3,-0.5,49.2,32.6,"89","13.9",34.9,8.8,37.7,"78.240775528","94.10121864",21,48.1
"Pagán, Emilio",641941,2023,32,"66","69.1",273,248,45,26,12,2,5,65,21,23.8,7.7,".181",".306",".246","0.552",".216",".406",".241",".296",".281",".190","71.5",22.8,6.9,5.2,29.9,22.4,"7.2",0,8.5,0.2,51.3,31.3,"90.6","19.9",34.4,7.5,45.2,"81.320294565","94.544762228",24.4,54.6
"Minor, Mike",501985,2022,34,"19","98.0",455,405,120,71,25,0,24,76,40,16.7,8.8,".296",".536",".367","0.903",".253",".437",".385",".331",".329",".184",,,,,,,,,,,,,"88.2","19.1",36.4,8.4,34.9,"77.287985697","93.658588632",20.1,46.1
"Hader, Josh",623352,2021,27,"60","58.2",224,197,25,18,4,0,3,102,24,45.5,10.7,".127",".193",".228","0.421",".151",".241",".200",".229",".250",".091",,,,,,,,,,,,,"87.5","22",40.6,6.3,30.2,"76.79163766","93.128507527",45.2,50.9
"Suarez, José",660761,2021,23,"23","98.1",413,369,85,51,23,0,11,85,36,20.6,8.7,".230",".382",".304","0.686",".255",".401",".299",".322",".330",".146",,,,,,,,,,,,,"87.3","10.4",30.9,6.3,35.1,"75.296104853","93.857441919",25.8,47
"Bieber, Shane",669456,2023,28,"21","128.0",533,490,124,79,29,2,14,107,34,20.1,6.4,".253",".406",".303","0.709",".280",".453",".307",".338",".329",".173","70.7",14.1,26.3,21.1,36.8,29.6,"7.2",1,9.8,-2.4,43.7,32.8,"91.6","9.5",34.4,7.8,47.8,"81.658119741","95.361877073",24.3,46.1
"Sale, Chris",519242,2023,34,"20","102.2",425,384,87,46,24,2,15,125,29,29.4,6.8,".227",".417",".292","0.709",".208",".387",".306",".296",".280",".179","71.2",23.8,11.8,8.2,27.7,19.1,"7.5",5,12.5,-4.7,47.9,32.9,"87.9","15.6",33.5,8.4,34.6,"77.439739231","93.229958533",29.7,48.1
"Drake, Oliver",543118,2020,33,"11","11.0",45,37,7,3,2,0,2,7,6,15.6,13.3,".189",".405",".295","0.700",".190",".303",".292",".270",".301",".113",,,,,,,,,,,,,"86.5","7.7",25,6.3,34.4,"75.444358125","93.048276774",28.2,49.7
"Cole, Gerrit",543037,2024,33,"17","95.0",390,355,78,52,14,1,11,99,29,25.4,7.4,".220",".358",".290","0.648",".223",".385",".286",".300",".293",".162","71.5",20.1,13.4,10.3,31.9,24.5,"7.2",11,9.6,-0.7,56.5,30.6,"89.7","17",31.6,7.4,39.5,"79.402838516","94.074448672",24.8,48.3
"Ottavino, Adam",493603,2024,38,"60","56.0",245,213,49,34,8,1,6,70,23,28.6,9.4,".230",".362",".324","0.686",".196",".322",".305",".281",".294",".127","70.8",17.9,10.1,7.6,29.5,22.1,"7.3",4,10.6,-2.8,45.1,32,"87.1","13.6",34,7.6,34.7,"75.411897639","93.510556364",25.7,43.5
"Harris, Will",501789,2020,35,"20","17.2",84,75,21,15,3,0,3,21,9,25,10.7,".280",".440",".357","0.797",".266",".450",".347",".347",".345",".184",,,,,,,,,,,,,"91.2","10.5",35.2,9.3,46.3,"80.212095769","95.6571525",28.9,49.6
"Hembree, Heath",592390,2022,33,"26","22.0",107,87,26,12,8,0,6,17,17,15.9,15.9,".299",".598",".402","1.000",".290",".567",".414",".408",".401",".277",,,,,,,,,,,,,"90.7","24.2",42.5,15.1,50.7,"80.076127027","95.202062603",18.3,41.4
"Daniel, Davis",669721,2023,26,"3","12.1",52,42,7,3,2,1,1,9,9,17.3,17.3,".167",".333",".308","0.641",".189",".308",".288",".300",".332",".119","70",12.8,6.5,5.3,24.7,20.2,"7",0,9.1,0.2,45.7,31.6,"85.7","8",23.5,5.9,23.5,"75.250671176","92.303742424",20.2,47.7
"Chafin, Andrew",605177,2022,32,"64","57.1",243,216,48,36,6,1,5,67,19,27.6,7.8,".222",".329",".290","0.619",".203",".335",".276",".272",".275",".132",,,,,,,,,,,,,"87.5","11",28.6,8.4,33.8,"76.940496","93.032248933",31.7,47.1
"Kikuchi, Yusei",579328,2022,31,"32","100.2",454,383,93,46,21,3,23,124,58,27.3,12.8,".243",".493",".353","0.846",".248",".481",".367",".366",".360",".234",,,,,,,,,,,,,"91.6","10",38,14.8,47.9,"80.849033","95.622520654",31,47.5
"Bard, Luke",572703,2022,31,"9","15.0",59,49,7,5,1,1,0,8,7,13.6,11.9,".143",".204",".276","0.480",".283",".391",".234",".354",".395",".108",,,,,,,,,,,,,"88.7","14.5",33.3,4.8,33.3,"78.972786667","93.515277561",25.7,45.2
"Schreiber, John",670167,2023,29,"46","46.2",204,173,41,26,8,1,6,53,25,26,12.3,".237",".399",".343","0.742",".220",".366",".324",".312",".333",".147","71",16.8,15.7,13,31.5,26,"7.1",5,6.2,4.5,43.5,33.2,"89.3","12.7",32.8,6.6,39.3,"78.359269661","94.188102966",24.5,44.2
"Solomon, Peter",656981,2021,24,"6","14.0",55,46,10,8,1,1,0,10,8,18.2,14.5,".217",".283",".327","0.610",".223",".308",".280",".298",".336",".085",,,,,,,,,,,,,"90.1","10.2",29.7,2.7,40.5,"80.898840526","94.157718919",20.6,42.7
"Castillo, Diego",650895,2022,28,"59","54.1",222,197,40,31,4,0,5,53,22,23.9,9.9,".203",".299",".288","0.587",".203",".332",".260",".274",".290",".129",,,,,,,,,,,,,"86.4","9",27.6,7.6,30.6,"75.227013472","92.806698264",26.5,48.4
"Mahle, Tyler",641816,2023,28,"5","25.2",102,97,22,13,4,0,5,28,5,27.5,4.9,".227",".423",".265","0.688",".216",".396",".294",".280",".254",".181",,,,,,,,,,,,,"87.5","14.6",34.8,8.7,39.1,"76.154442647","93.509015735",24,45.6
"Wainwright, Adam",425794,2020,38,"10","65.2",262,244,54,36,9,0,9,54,15,20.6,5.7,".221",".369",".271","0.640",".265",".436",".277",".324",".312",".171",,,,,,,,,,,,,"87.3","12",33,6.3,36.6,"75.684768404","93.58274617",24.1,46
"Junk, Janson",676083,2021,25,"4","16.1",71,68,20,14,1,0,5,10,2,14.1,2.8,".294",".529",".314","0.843",".290",".565",".357",".371",".310",".275",,,,,,,,,,,,,"88.3","13.9",40.7,11.9,33.9,"77.120052414","93.77373569",17.2,49.4
"Baumann, Mike",657508,2021,25,"4","10.0",50,43,13,6,5,0,2,5,6,10,12,".302",".558",".400","0.958",".326",".764",".407",".485",".421",".437",,,,,,,,,,,,,"95.5","12.8",42.1,18.4,60.5,"87.721095789","97.150198684",19.8,46.5
"Matz, Steven",571927,2021,30,"29","150.2",647,597,158,113,24,3,18,144,43,22.3,6.6,".265",".405",".320","0.725",".249",".398",".315",".309",".306",".149",,,,,,,,,,,,,"87.8","9.6",32.2,7,37.9,"76.962361681","93.440164856",22.3,46.9
"Coleman, Dylan",669395,2022,25,"68","68.0",289,242,47,30,12,0,5,71,37,24.6,12.8,".194",".306",".311","0.617",".210",".351",".282",".305",".326",".141",,,,,,,,,,,,,"86.4","12.5",34.9,6.9,36.6,"74.154143333","93.396185805",31.2,44.4
"Skubal, Tarik",669373,2021,24,"31","149.1",634,576,141,78,28,0,35,164,47,25.9,7.4,".245",".476",".306","0.782",".261",".508",".332",".354",".322",".248",,,,,,,,,,,,,"90.5","14.1",35.3,13.9,45.1,"78.79621285","95.450602833",26.7,48.9
"Detmers, Reid",672282,2021,21,"5","20.2",101,88,26,15,6,0,5,19,11,18.8,10.9,".295",".534",".386","0.920",".255",".473",".390",".355",".351",".218",,,,,,,,,,,,,"88.8","18.4",36.2,11.6,33.3,"78.924187647","93.435799706",26.8,48.3
"Merryweather, Julian",657240,2023,31,"69","72.0",303,265,58,44,6,0,8,98,36,32.3,11.9,".219",".332",".314","0.646",".210",".351",".291",".298",".309",".141","69.9",12.6,16.9,12.1,34.6,24.7,"7.3",10,9.4,-1.3,45.3,32.7,"89.8","14.5",32.1,7.1,40.5,"78.820764512","94.791822866",35.1,47.3
"McClanahan, Shane",663556,2023,26,"21","115.0",469,428,95,57,20,3,15,121,41,25.8,8.7,".222",".388",".290","0.678",".238",".412",".295",".312",".305",".173","72.3",26,23.2,15.8,37.4,25.3,"7.4",3,9.7,1,39,33.2,"89.7","11.2",35.8,9.8,42.3,"78.377342105","94.790624079",33.5,51.2
"Mayers, Mike",594577,2022,30,"24","50.2",223,201,52,30,7,0,15,45,18,20.2,8.1,".259",".517",".323","0.840",".259",".492",".360",".352",".325",".233",,,,,,,,,,,,,"91.2","16.9",34.2,12.7,48.1,"80.877163671","95.285431274",25.9,48.1
"May, Trevor",543507,2022,32,"26","25.0",111,102,27,18,5,0,4,30,9,27,8.1,".265",".431",".324","0.755",".225",".408",".331",".303",".288",".183",,,,,,,,,,,,,"89.4","19.5",41.7,9.7,44.4,"78.209891667","94.520255417",30.4,44.5
"Anderson, Justin",605121,2024,31,"56","53.1",243,205,48,34,9,0,5,57,33,23.5,13.6,".234",".351",".347","0.698",".236",".431",".314",".343",".349",".195","70.8",17.8,11.5,8.3,30.1,21.7,"7.3",12,10.5,-2.3,48.3,32.8,"87.3","15.4",39.3,8.7,35.3,"75.076823243","93.849010203",29.7,47.4
"Sandlin, Nick",680704,2021,24,"34","33.2",141,119,21,13,5,1,2,48,17,34,12.1,".176",".286",".298","0.584",".157",".274",".269",".262",".283",".117",,,,,,,,,,,,,"84","12.6",34.7,4.2,27.8,"71.463407778","92.376674366",32.7,40.6
"Nelson, Ryne",669194,2024,26,"28","150.2",630,583,155,93,36,9,17,126,34,20,5.4,".266",".446",".308","0.754",".263",".419",".322",".316",".307",".157","71.1",20.4,14.1,11.7,32.9,27.4,"7",18,6,3.7,44.8,32,"90.1","12",34.5,7.5,41.6,"79.83287319","94.487586272",18.2,51.8
"Cease, Dylan",656302,2021,25,"32","165.2",708,623,139,94,22,3,20,226,68,31.9,9.6,".223",".364",".306","0.670",".206",".368",".295",".295",".293",".163",,,,,,,,,,,,,"89.2","18.5",37,9.9,38.8,"78.65144905","94.13969505",34.6,46.8
"Tetreault, Jackson",676194,2022,26,"4","21.0",96,84,23,14,4,1,4,9,10,9.4,10.4,".274",".488",".344","0.832",".306",".581",".356",".409",".379",".276",,,,,,,,,,,,,"92.8","13.9",39,9.1,57.1,"82.621424615","96.681875325",18.1,43.8
"Shuster, Jared",694363,2023,24,"11","52.2",230,201,53,34,10,2,7,30,26,13,11.3,".264",".438",".348","0.786",".265",".445",".341",".352",".352",".180","71.4",19.3,9.3,7,37.2,28.1,"7.3",0,11.9,-4.4,57.9,32.5,"89.4","18.4",34.7,6.9,38.7,"78.88197119","94.197751607",21.6,45.6
"Weiss, Zack",592848,2022,30,"12","13.1",56,46,7,4,1,0,2,18,7,32.1,12.5,".152",".304",".273","0.577",".166",".293",".247",".250",".286",".127",,,,,,,,,,,,,"88.3","22.4",30,10,36.7,"79.134907333","92.849744828",41.1,45.5
"García, Rony",665621,2020,22,"15","21.0",96,87,25,13,5,0,7,14,9,14.6,9.4,".287",".586",".354","0.940",".310",".575",".394",".403",".375",".265",,,,,,,,,,,,,"90","15.7",41.1,11,42.5,"80.224183611","94.320145139",20,43.3
"Clase, Emmanuel",661403,2024,26,"74","74.1",270,253,39,31,6,0,2,66,10,24.4,3.7,".154",".202",".190","0.392",".213",".305",".175",".248",".248",".093","70.9",18.8,7.9,6,29.7,22.5,"7",12,5.3,5.1,43.3,33.5,"86.5","3",31.8,3.6,29.7,"75.486946211","92.771488368",27.1,56.3
"King, Bryan",687911,2024,27,"28","26.1",109,95,20,14,5,0,1,32,10,29.4,9.2,".211",".295",".303","0.598",".206",".310",".273",".279",".300",".104","70.8",15.6,12.7,10,23.8,18.8,"7",4,6.7,4.5,43.7,31.1,"85.7","11.3",31.3,3.1,34.4,"73.753827742","92.854370484",24.1,47.8
"Hill, Tim",657612,2022,32,"55","48.0",199,179,45,37,6,1,1,25,14,12.6,7,".251",".313",".317","0.630",".234",".309",".282",".276",".304",".075",,,,,,,,,,,,,"88.2","1.6",22.4,1.3,34,"77.968139351","93.306700588",15.8,46.7
"Davis, Austin",656354,2021,28,"29","26.1",117,102,24,14,4,2,4,28,12,23.9,10.3,".235",".431",".316","0.747",".244",".398",".314",".320",".329",".154",,,,,,,,,,,,,"85.2","14.4",39.5,9.2,35.5,"72.15344","93.161443947",26.4,44
"Maton, Phil",664208,2020,27,"23","21.2",96,86,23,18,2,2,1,32,6,33.3,6.3,".267",".372",".344","0.716",".205",".270",".314",".254",".288",".065",,,,,,,,,,,,,"82.7","13.2",33.3,1.9,27.8,"69.799974815","91.866402593",36.9,49.3
"Keuchel, Dallas",572971,2024,36,"4","16.2",79,70,23,15,4,1,3,11,8,13.9,10.1,".329",".543",".392","0.935",".285",".443",".399",".351",".356",".158","72.6",29.4,18.1,14.7,37.3,30.4,"7.6",2,14,-6.1,53.9,36,"88.3","10.3",30,5,35,"77.204671724","93.671513448",20.4,36.7
"Cousins, Jake",664776,2021,26,"30","30.0",125,101,16,11,2,0,3,44,19,35.2,15.2,".158",".267",".315","0.582",".177",".313",".272",".296",".330",".135",,,,,,,,,,,,,"86.9","12.3",27.6,6.9,41.4,"74.687811034","93.754066491",41,42.6
"Leclerc, José",600917,2024,30,"64","66.2",288,247,56,40,9,0,7,89,32,30.9,11.1,".227",".348",".323","0.671",".212",".353",".300",".297",".311",".141","71.4",21.4,11,7.4,29,19.7,"7.5",11,12.6,-8.1,53.3,32.2,"87.4","18",36.2,7.4,30.7,"75.98134481","93.541971266",36,47.3
"Bigge, Hunter",685801,2024,26,"19","17.1",73,68,17,13,1,1,2,24,5,32.9,6.8,".250",".382",".301","0.683",".240",".421",".299",".311",".292",".182","71.1",18,14.1,9.4,37,24.5,"7.2",3,10.2,-2.2,54,31.3,"90.5","19",45.5,11.4,52.3,"80.333055909","95.138354318",34,52
"Marte, Yunior",628708,2023,28,"40","39.1",182,163,47,32,8,1,6,38,17,20.9,9.3,".288",".460",".357","0.817",".255",".424",".354",".330",".329",".169","71.8",25.9,11.6,9.3,34.9,27.8,"7.4",6,11.5,-4.9,39.8,34,"87.1","11.6",28.6,7.9,34.1,"75.137260806","93.524892016",25,47.4
"Brieske, Beau",689225,2023,25,"25","35.0",152,139,36,23,9,0,4,31,12,20.4,7.9,".259",".410",".316","0.726",".248",".393",".315",".307",".308",".145","71.6",24.3,10.8,8.6,26.5,21.1,"7.3",3,9.1,-0.7,51.4,32.8,"87.2","12.4",32.1,5.5,32.4,"75.475923846","93.548403173",21.9,49.5
"Kikuchi, Yusei",579328,2021,30,"29","157.0",666,597,145,88,28,2,27,163,62,24.5,9.3,".243",".432",".319","0.751",".254",".462",".325",".344",".330",".208",,,,,,,,,,,,,"91.9","7.9",37.4,11,47,"81.841853023","95.503867744",27.7,48.5
"Nelson, Kyle",669459,2023,26,"68","56.0",239,221,59,35,12,0,12,67,14,28,5.9,".267",".484",".314","0.798",".229",".416",".339",".298",".278",".187","72.8",30.6,17.4,12.7,33.9,24.8,"7.6",0,15.1,-9.3,61.1,33.5,"89.6","16.3",39.5,9.6,39.5,"79.423240658","94.139193179",31,52.5
"Barnes, Jacob",606930,2021,31,"29","28.2",128,115,31,18,6,0,7,33,11,25.8,8.6,".270",".504",".339","0.843",".226",".437",".359",".319",".299",".211",,,,,,,,,,,,,"90","10.3",25.3,9.6,39.8,"79.577259512","94.491593537",27.4,47.4
"Tinoco, Jesus",622786,2022,27,"17","20.2",84,72,12,9,0,1,2,18,10,21.4,11.9,".167",".278",".274","0.552",".215",".369",".254",".306",".317",".154",,,,,,,,,,,,,"87.8","14.6",38.2,5.5,38.2,"77.280987778","93.355597358",24.8,46
"Romero, JoJo",668941,2023,26,"27","36.2",147,134,29,22,4,2,1,42,10,28.6,6.8,".216",".299",".274","0.573",".226",".297",".255",".262",".283",".071","70.5",16.3,7.4,4.8,34,21.8,"7.5",2,10.4,-5,42.9,32.8,"87.6","-0.5",31.9,2.1,38.3,"76.319134348","93.480358261",36.3,47.8
"Shreve, Chasen",592741,2020,29,"17","25.0",102,89,17,9,4,0,4,34,12,33.3,11.8,".191",".371",".284","0.655",".207",".342",".286",".286",".299",".135",,,,,,,,,,,,,"90.8","14.9",33.9,5.4,41.1,"80.949592222","94.983542963",37.4,48.1
"Nelson, Jimmy",519076,2021,32,"28","29.0",116,98,14,10,4,0,0,44,13,37.9,11.2,".143",".184",".270","0.454",".137",".205",".223",".229",".265",".067",,,,,,,,,,,,,"84.5","20.7",30.9,3.6,30.9,"72.190897778","92.44176",37.6,41.7
"Woodruff, Brandon",605540,2022,29,"27","153.1",620,568,122,74,28,2,18,190,42,30.6,6.8,".215",".366",".274","0.640",".212",".361",".282",".281",".273",".150",,,,,,,,,,,,,"88.8","16.8",34.1,7.1,37.5,"77.94720367","93.983244202",31.1,49.4
"Alzolay, Adbert",640470,2022,27,"6","13.1",52,49,9,4,3,1,1,19,2,36.5,3.8,".184",".347",".231","0.578",".180",".322",".252",".242",".228",".142",,,,,,,,,,,,,"85.7","16.7",33.3,10,23.3,"75.135395333","92.144976333",34,51.8
"Alexander, Scott",518397,2023,33,"55","48.1",208,195,55,43,9,1,2,31,11,14.9,5.3,".282",".369",".324","0.693",".264",".380",".299",".296",".307",".116","71.8",26.6,13.1,11,40.7,34.1,"7.4",2,10,0.4,55.5,34.4,"90.4","-0.6",26.1,4.2,33.9,"81.328047927","94.059816564",20.2,52.9
"May, Trevor",543507,2020,30,"24","23.1",96,88,20,15,0,0,5,38,7,39.6,7.3,".227",".398",".281","0.679",".201",".394",".292",".286",".264",".193",,,,,,,,,,,,,"91.1","23.7",43.1,11.8,39.2,"81.839977692","94.619235882",42.8,47.2
"Harper, Ryne",607560,2021,32,"34","35.2",148,131,28,17,5,0,6,31,14,20.9,9.5,".214",".389",".297","0.686",".224",".354",".297",".293",".306",".131",,,,,,,,,,,,,"83.7","13.9",31.7,6.9,28.7,"70.224138163","92.569051633",22.4,47.3
"Estévez, Carlos",608032,2024,31,"54","55.0",212,198,38,26,5,2,5,50,12,23.6,5.7,".192",".313",".241","0.554",".218",".404",".235",".283",".266",".186","71.2",18.6,10.3,7.8,33.2,25,"7.1",5,7.6,4.1,48.6,29.9,"90.3","19.5",38.9,10.1,42.3,"81.0762316","94.476650872",25.6,52.3
"Assad, Javier",665871,2023,25,"32","109.1",449,402,93,59,18,3,13,94,41,20.9,9.1,".231",".388",".306","0.694",".255",".418",".303",".330",".329",".163","71.8",24.1,16.4,13.2,34.4,27.6,"7.1",6,7.4,1.4,45.8,33,"87.6","11.4",31.2,9,41.2,"74.988090325","94.258846091",20.8,42.9
"Winkler, Dan",595465,2021,31,"47","39.2",190,150,32,18,9,0,5,40,30,21.1,15.8,".213",".373",".374","0.747",".220",".339",".336",".333",".381",".118",,,,,,,,,,,,,"84.6","12.6",37.8,8.1,25.2,"72.378936364","92.474786422",26,48.4
"Colomé, Alex",517008,2021,32,"67","65.0",290,258,68,46,14,0,8,58,23,20,7.9,".264",".411",".329","0.740",".248",".448",".319",".333",".318",".200",,,,,,,,,,,,,"90.6","4.4",30.2,8.8,41.5,"80.104626337","94.882660594",26.9,49.2
"Loáisiga, Jonathan",642528,2020,25,"12","23.0",100,87,21,12,6,0,3,22,7,22,7,".241",".414",".327","0.741",".250",".401",".320",".323",".334",".151",,,,,,,,,,,,,"84.6","3.6",31.8,6.1,27.3,"72.762599091","92.386108462",23.1,47.2
"Kimbrel, Craig",518886,2023,35,"71","69.0",278,243,44,26,8,0,10,94,28,33.8,10.1,".181",".337",".273","0.610",".186",".339",".269",".280",".283",".153","70.9",22.2,11,7.7,33.6,23.7,"7.1",4,6.1,4.6,48.3,30.6,"90.1","18.3",40.1,10.5,46.7,"79.834378947","94.404822434",33.1,47.3
"Springs, Jeffrey",605488,2024,31,"7","33.0",142,129,34,24,5,0,5,37,11,26.1,7.7,".264",".419",".324","0.743",".227",".385",".324",".303",".294",".158","71.3",23.1,16.6,12,34.4,24.9,"7.4",4,10.8,-3.8,51.6,30.4,"89.3","15.9",38.7,9.7,46.2,"79.04063587","94.027314674",29.9,48.5
"Klobosits, Gabe",656620,2021,26,"11","11.1",52,46,13,10,3,0,0,5,5,9.6,9.6,".283",".348",".365","0.713",".232",".355",".314",".299",".321",".123",,,,,,,,,,,,,"91.5","16.3",17.1,2.4,48.8,"81.086806","95.62877175",18.8,52.1
"Garcia, Rico",670329,2023,29,"10","11.2",60,53,19,10,4,0,5,10,6,16.7,10,".358",".717",".417","1.134",".329",".632",".467",".427",".391",".303","72.9",27.3,7.7,6.1,23.1,18.2,"7.3",0,9.6,-2.4,57.6,34.1,"90.6","18.8",38.6,9.1,36.4,"80.040699091","94.785415682",24.6,45.7
"Faucher, Calvin",676534,2023,27,"17","25.2",120,107,31,22,4,1,4,25,12,20.8,10,".290",".458",".367","0.825",".286",".527",".359",".382",".363",".241","71.6",26.5,14.5,11.8,23.6,19.1,"7.2",2,7.8,5.4,45.6,32.5,"90","7.7",35.4,12.2,45.1,"78.061129268","95.042678902",23,47.3
"Logue, Zach",656657,2023,27,"3","11.0",49,47,13,8,2,0,3,10,2,20.4,4.1,".277",".511",".306","0.817",".241",".413",".346",".295",".272",".171","73.3",40,13,10,26.1,20,"7.6",1,11.7,-9.2,60,32.5,"86.4","7.7",37.8,10.8,32.4,"74.749802105","93.477066216",17.5,59.5
"Robles, Hansel",570663,2020,29,"18","16.2",80,67,19,10,5,0,4,20,10,25,12.5,".284",".537",".380","0.917",".281",".522",".388",".394",".388",".241",,,,,,,,,,,,,"88.4","15.7",46.9,14.3,38.8,"76.769245417","94.385725957",30.7,47.3
"Gallen, Zac",668678,2022,26,"31","184.0",714,651,121,73,32,1,15,192,47,26.9,6.6,".186",".307",".252","0.559",".211",".348",".250",".279",".277",".137",,,,,,,,,,,,,"87.8","10.8",33,7.8,36.1,"76.866627074","93.452634902",23,47.4
"Alexander, Tyler",641302,2023,28,"25","44.0",181,172,44,26,10,0,8,44,5,24.3,2.8,".256",".453",".283","0.736",".232",".439",".313",".298",".261",".208",,,,,,,,,,,,,"89.2","18.8",38.8,10.9,40.3,"78.754392031","93.940287638",18.3,49.2
"Santana, Dennis",642701,2023,27,"9","10.2",50,41,10,5,3,0,2,12,7,24,14,".244",".463",".360","0.823",".261",".492",".355",".372",".374",".231","70.5",25,12.5,12.5,25,25,"7.4",0,8.7,1.2,62.5,27.6,"88.7","19.1",46.7,13.3,36.7,"78.74439","93.44947",28.7,45.7
"Bowman, Matt",621199,2024,33,"25","30.2",132,117,26,14,7,0,5,24,13,18.2,9.8,".222",".410",".311","0.721",".245",".460",".314",".342",".331",".215","71.9",24.2,14.1,11.6,35,28.8,"7.2",1,8.9,1.1,53,31.4,"89.3","8.4",36.6,11.8,40.9,"78.217246596","94.413392903",18.6,43.3
"Woodford, Jake",663765,2023,26,"15","47.2",222,194,61,35,13,2,11,29,22,13.1,9.9,".314",".572",".387","0.959",".298",".531",".404",".392",".378",".233","71.1",17.9,19.4,17.9,37.1,34.3,"7.2",2,10.5,-0.4,53.7,30.9,"92.1","5.8",35.1,11.3,49.4,"82.348462048","95.586837108",15.8,41.7
"Contreras, Roansy",672710,2023,23,"19","68.1",302,266,75,48,16,0,11,55,32,18.2,10.6,".282",".466",".360","0.826",".274",".456",".357",".354",".355",".182",,,,,,,,,,,,,"90.5","15.5",37.9,8.4,44.9,"79.771273396","94.964421934",26.5,47
"Valdez, Framber",664285,2022,28,"31","201.1",827,745,166,129,24,2,11,194,67,23.5,8.1,".223",".305",".296","0.601",".225",".335",".272",".285",".299",".109",,,,,,,,,,,,,"89.8","-3.6",24,5.8,41.6,"78.817299816","94.706992647",25.8,47
"Pearson, Nate",663878,2024,27,"60","66.1",285,255,67,41,14,0,12,74,21,26,7.4,".263",".459",".319","0.778",".241",".443",".333",".330",".306",".202","70.6",14.8,14.8,11.1,40.7,30.6,"7.3",15,10.3,-4.2,49.8,30.2,"90.9","16.8",38,10.2,45.5,"81.328956452","94.629260108",27.8,46.6
"Hoffman, Jeff",656546,2022,29,"35","44.2",197,170,40,24,8,3,5,45,23,22.8,11.7,".235",".406",".335","0.741",".220",".393",".325",".320",".324",".173",,,,,,,,,,,,,"89.3","22.4",31,8.7,38.9,"78.80673381","94.291224841",25.6,44.7
"Gore, MacKenzie",669022,2023,24,"27","136.1",582,519,134,86,19,2,27,151,57,25.9,9.8,".258",".459",".330","0.789",".257",".476",".339",".347",".330",".220","72",24.6,11.4,8.7,25.5,19.4,"7.2",3,9.3,1.7,47.4,31.9,"89.9","14.5",35.1,12.1,43.7,"78.41922712","94.967012446",27.9,48.5
"Ashby, Aaron",676879,2021,23,"13","31.2",133,119,25,19,2,0,4,39,12,29.3,9,".210",".328",".286","0.614",".190",".320",".272",".268",".270",".130",,,,,,,,,,,,,"87.3","0",30.9,4.9,35.8,"75.783604","93.488572875",29.6,45.7
"Verlander, Justin",434378,2024,41,"17","90.1",396,358,98,67,14,2,15,74,27,18.7,6.8,".274",".450",".331","0.781",".229",".396",".337",".304",".293",".166","71",18.2,10.6,8.5,32.6,26,"7.3",6,11.2,-2.4,56.8,30.8,"88.6","20.9",39.1,6.9,32.5,"78.654585694","93.349929268",21.3,48.7
"Keller, Brad",641745,2021,25,"26","133.2",613,532,158,111,27,2,18,120,64,19.6,10.4,".297",".457",".374","0.831",".284",".504",".358",".377",".367",".221",,,,,,,,,,,,,"90","7.9",37,10.9,45,"78.653706172","95.050376316",22.4,44.8
"Graveman, Kendall",608665,2021,30,"53","56.0",222,194,35,27,5,0,3,61,20,27.5,9,".180",".253",".284","0.537",".225",".328",".248",".295",".323",".104",,,,,,,,,,,,,"87.4","6.2",32.3,5.3,35.3,"75.798723731","93.725262481",25.8,44.9
"Rodríguez, Joely",570257,2021,29,"52","46.1",207,180,53,44,5,0,4,47,18,22.7,8.7,".294",".389",".350","0.739",".243",".358",".320",".300",".310",".116",,,,,,,,,,,,,"87.3","1",27.1,5,35.8,"74.72140209","94.007122463",31.3,47.4
"Soriano, George",666277,2023,24,"26","52.0",228,197,46,31,9,0,6,52,23,22.8,10.1,".234",".371",".326","0.697",".247",".407",".308",".328",".339",".160","71.4",21.6,15.8,11.2,37.6,26.7,"7.4",5,11.2,-3.5,52.6,31.4,"89.9","13.1",34.5,7.4,38.5,"79.743508649","94.351616395",28.8,44.5
"Voth, Austin",608723,2020,28,"11","49.2",225,203,57,27,15,1,14,44,18,19.6,8,".281",".571",".351","0.922",".265",".502",".385",".356",".337",".237",,,,,,,,,,,,,"89.4","21.2",36.5,9.4,43.4,"78.26105443","94.458397975",22,47.7
"Bleier, Richard",542947,2022,35,"55","50.2",222,209,63,36,24,0,3,32,10,14.4,4.5,".301",".459",".335","0.794",".268",".407",".339",".305",".304",".139",,,,,,,,,,,,,"89.6","4.3",32.4,4.5,40.8,"78.674919659","94.350611932",18.7,55.1
"Wacha, Michael",608379,2022,30,"23","127.1",515,476,111,67,22,4,18,104,31,20.2,6,".233",".410",".283","0.693",".253",".463",".301",".333",".305",".211",,,,,,,,,,,,,"88.2","12.8",35.4,9.6,35.4,"76.73331","93.926884205",20.7,50.5
"Rodríguez, Yerry",666720,2024,26,"16","21.2",105,88,26,13,6,0,7,17,13,16.2,12.4,".295",".602",".390","0.992",".305",".610",".414",".436",".411",".306","71.6",22.4,19.3,15.1,33.6,26.3,"7.3",1,10.3,-0.3,42.1,32.1,"90.8","16.1",35.6,12.3,49.3,"80.086889444","95.517463099",22.1,48.6
"Martinez, Adrián",661309,2023,26,"22","55.0",241,212,59,41,8,2,8,47,19,19.5,7.9,".278",".448",".344","0.792",".274",".452",".341",".350",".347",".178","72.2",25.6,15.5,12.6,33.9,27.4,"7.3",7,9.2,-0.6,48.8,34.2,"88.6","13.7",42.4,10,37.6,"77.21628","94.169164588",23.1,45.5
"Williams, Devin",642207,2022,27,"65","60.2",240,205,31,24,5,0,2,96,30,40,12.5,".151",".205",".267","0.472",".149",".205",".225",".226",".266",".056",,,,,,,,,,,,,"84.3","9.4",30.6,0.9,27,"72.642471071","92.044238919",40.8,47
"Magill, Matt",543483,2020,30,"11","10.1",45,39,9,6,0,0,3,11,6,24.4,13.3,".231",".462",".333","0.795",".217",".449",".343",".335",".322",".231",,,,,,,,,,,,,"91.1","17.2",25,10.7,39.3,"81.487124286","94.704240714",26.8,40.1
"Urquidy, José",664353,2021,26,"20","107.0",423,399,87,48,20,2,17,90,19,21.3,4.5,".218",".406",".257","0.663",".237",".436",".282",".304",".275",".199",,,,,,,,,,,,,"88.6","20.6",35.6,9.3,35.9,"78.461496623","93.55763759",24.9,52.9
"Kahnle, Tommy",592454,2022,32,"13","12.2",46,39,5,3,0,0,2,14,3,30.4,6.5,".128",".282",".239","0.521",".157",".252",".240",".244",".264",".096",,,,,,,,,,,,,"82.3","-5.2",11.5,7.7,30.8,"68.353885385","92.6324892",31.3,55.2
"Armstrong, Shawn",542888,2021,30,"31","36.0",165,147,39,21,7,1,10,44,15,26.7,9.1,".265",".531",".339","0.870",".239",".491",".367",".345",".317",".252",,,,,,,,,,,,,"90.6","19.4",38.5,14.4,44.2,"80.310586731","94.76759301",32,49.8
"Sandlin, Nick",680704,2022,25,"46","44.0",180,153,27,20,5,0,2,41,24,22.8,13.3,".176",".248",".300","0.548",".211",".309",".253",".288",".330",".098",,,,,,,,,,,,,"86.5","8",25,4.5,37.5,"74.367435893","93.425045946",27.5,46.2
"Miller, Justin",502522,2021,34,"23","19.0",83,72,20,12,3,0,5,13,6,15.7,7.2,".278",".528",".346","0.874",".311",".598",".369",".410",".376",".286",,,,,,,,,,,,,"91.7","19.1",38.7,9.7,43.5,"81.335441667","95.631833667",19,49.8
"Burke, Brock",656271,2022,25,"52","82.1",328,298,63,39,14,1,9,90,24,27.4,7.3,".211",".356",".275","0.631",".218",".384",".278",".290",".280",".166",,,,,,,,,,,,,"88.6","13.2",35.4,7.1,39.2,"77.544042404","94.02976029",24.6,47.1
"Tyler, Kyle",667725,2021,24,"5","12.1",52,42,8,6,1,0,1,6,6,11.5,11.5,".190",".286",".308","0.594",".201",".370",".271",".306",".316",".170",,,,,,,,,,,,,"86.3","11.4",23.7,5.3,31.6,"75.332771053","92.626453421",12.2,43.2
"Hanhold, Eric",621098,2021,27,"10","10.1",47,43,13,10,1,0,2,6,3,12.8,6.4,".302",".465",".362","0.827",".308",".533",".351",".380",".367",".225",,,,,,,,,,,,,"91.6","14.4",35.1,5.4,48.6,"82.828163684","94.490888108",26.4,48.1
"Hughes, Brandon",676714,2024,28,"15","17.2",89,76,24,11,5,0,8,21,10,23.6,11.2,".316",".697",".404","1.101",".300",".700",".457",".451",".391",".400","71.3",23.9,14.9,11.2,31.7,23.9,"7.3",2,11.2,-4.5,56,31.8,"86.5","16.7",46.4,21.4,41.1,"71.808025714","94.675940893",28.5,45.1
"Ryu, Hyun Jin",547943,2023,36,"11","52.0",224,206,53,32,12,0,9,38,14,17,6.3,".257",".447",".306","0.753",".246",".394",".323",".304",".299",".149","71.6",21.3,17,13.8,34.4,28,"7.4",5,11.1,-4.1,47.6,31.8,"87.8","11.7",29.2,7.6,36.8,"76.900121548","93.399926726",21.1,48.1
"Poche, Colin",621363,2023,29,"66","60.2",246,216,42,27,10,1,4,61,24,24.8,9.8,".194",".306",".275","0.581",".188",".294",".258",".255",".272",".107","72",28.2,9.9,6.9,28.1,19.5,"7.3",9,12.2,-3.5,51.1,31.1,"87.2","21.1",29.4,5.6,31.3,"76.467480897","93.019998846",29,48.8
"González, Victor",624647,2024,28,"27","23.1",97,81,13,8,2,0,3,11,13,11.3,13.4,".160",".296",".299","0.595",".236",".427",".277",".355",".362",".191","71.3",17.5,18.1,15.1,33.3,27.8,"7.4",1,10.3,-3.3,46,32.4,"89.3","8.8",32.9,7.1,44.3,"78.240752","94.344768696",18.1,43
"Hodge, Porter",687863,2024,23,"39","43.0",164,144,19,12,4,1,2,52,19,31.7,11.6,".132",".215",".238","0.453",".174",".286",".214",".260",".275",".112","71.2",21,11.8,8.3,32,22.6,"7.3",12,8.9,-2.2,46.8,32,"88.6","13.4",28.3,3.3,35.9,"77.685125652","93.994984239",32.8,45.2
"Rogers, Tyler",643511,2021,30,"80","81.0",326,305,74,58,11,0,5,55,13,16.9,4,".243",".328",".283","0.611",".232",".304",".269",".262",".275",".071",,,,,,,,,,,,,"85.4","4.6",22.5,2,32,"72.622526935","93.07439379",16.5,51
"Greinke, Zack",425844,2020,36,"12","67.0",273,262,67,42,17,2,6,67,9,24.5,3.3,".256",".405",".282","0.687",".248",".420",".293",".299",".275",".172",,,,,,,,,,,,,"86.8","11.7",34.7,8.2,35.2,"74.93030732","93.291148144",27.7,40.8
"Helsley, Ryan",664854,2022,27,"54","64.2",239,219,28,16,6,0,6,94,20,39.3,8.4,".128",".237",".201","0.438",".152",".289",".198",".227",".223",".137",,,,,,,,,,,,,"88.8","22.2",27.2,8.8,39.2,"77.452418387","94.251162984",37.8,53
"Ohtani, Shohei",660271,2022,27,"28","166.0",660,610,124,85,23,2,14,219,44,33.2,6.7,".203",".316",".258","0.574",".202",".316",".255",".255",".257",".114",,,,,,,,,,,,,"87.1","14.5",32,6.3,33.2,"76.028692589","93.179293104",33.1,49
"Stripling, Ross",548389,2022,32,"32","134.1",536,511,117,77,28,0,12,111,20,20.7,3.7,".229",".354",".259","0.613",".246",".413",".268",".297",".276",".167",,,,,,,,,,,,,"88.9","12.2",34.7,9.2,37.2,"78.1802297","93.892214687",23.6,51.5
"Ramirez, Noé",598287,2021,31,"38","36.0",147,129,23,15,5,0,3,29,12,19.7,8.2,".178",".287",".260","0.547",".190",".309",".246",".265",".275",".119",,,,,,,,,,,,,"88.4","24.9",31.1,4.9,28.2,"79.775197843","92.683077426",24.3,46.3
"Sborz, Josh",622250,2023,29,"44","52.1",215,196,43,28,6,1,8,66,17,30.7,7.9,".219",".383",".285","0.668",".211",".368",".291",".283",".278",".156","71.8",23.6,22.2,15.7,44.4,31.5,"7.5",2,10.2,-0.9,57.3,31.9,"89.9","12",30.8,8.5,40.8,"79.353664923","94.555186923",37.2,47.1
"Ober, Bailey",641927,2022,26,"11","56.0",227,211,48,32,10,2,4,51,11,22.5,4.8,".227",".351",".270","0.621",".259",".480",".272",".337",".301",".221",,,,,,,,,,,,,"90.1","19.5",38,11.7,36.8,"80.08583963","94.200320988",27.7,52.9
"Stratton, Hunter",676702,2023,26,"8","12.0",47,43,9,3,3,1,2,10,3,21.3,6.4,".209",".465",".277","0.742",".236",".447",".314",".324",".301",".212","71.8",22.6,10.9,8.3,32.8,25,"7.4",0,9.2,-0.6,54.8,32.2,"90.4","9.7",30.3,15.2,39.4,"80.846319412","94.269083333",27.8,55.7
"Corbin, Patrick",571578,2024,34,"32","174.2",764,697,208,134,42,7,25,139,54,18.2,7.1,".298",".486",".348","0.834",".291",".481",".357",".360",".344",".190","72.2",27.2,19.5,15.5,35.9,28.6,"7.5",25,12.2,-4,48.4,34.2,"90.8","10",37.3,8.3,46.7,"79.877843129","95.30570991",22.4,48.2
"Samardzija, Jeff",502188,2020,35,"4","16.2",77,71,21,11,3,0,7,6,4,7.8,5.2,".296",".634",".351","0.985",".279",".558",".409",".377",".336",".279",,,,,,,,,,,,,"89.3","29.3",33.8,10.8,33.8,"79.686087813","93.521385469",13.4,45
"Castellanos, Humberto",528748,2020,22,"8","10.2",51,44,12,7,3,0,2,12,5,23.5,9.8,".273",".477",".373","0.850",".229",".393",".369",".324",".335",".164",,,,,,,,,,,,,"89.5","10.9",34.4,6.3,31.3,"80.774634375","93.487271875",21.9,46.4
"Lange, Alex",656638,2024,28,"21","18.2",90,69,16,12,4,0,0,21,17,23.3,18.9,".232",".290",".398","0.688",".244",".323",".327",".345",".407",".079","71.8",22.7,16,11.3,34,24.1,"7.5",5,10.5,-3.3,48.9,33.5,"91.6","9.5",30,2,52,"81.659957083","95.672161667",33.3,43
"Boyd, Matthew",571510,2023,32,"15","71.0",303,276,69,43,15,0,11,73,25,24.1,8.3,".250",".424",".317","0.741",".240",".419",".322",".316",".307",".179",,,,,,,,,,,,,"89.3","17.6",32.5,8.4,36,"79.392958713","93.784884876",30.8,49.7
"Kelly, Joe",523260,2023,35,"42","39.1",168,148,29,17,7,2,3,60,18,35.7,10.7,".196",".331",".292","0.623",".180",".303",".279",".265",".278",".123","69.3",6.5,8.1,4.8,10.8,6.5,"7.2",3,8.5,1.7,53.2,33.7,"84.9","0.7",35.2,6.8,36.4,"71.132222273","93.402074253",31.4,43.8
"Wick, Rowan",592858,2021,28,"22","23.0",100,83,17,15,1,0,1,29,14,29,14,".205",".253",".323","0.576",".204",".320",".271",".297",".324",".116",,,,,,,,,,,,,"85.4","14.2",38.2,5.5,30.9,"73.845287857","92.604614727",29.5,41.5
"Lyles, Jordan",543475,2022,31,"32","179.0",774,710,196,123,46,1,26,144,52,18.6,6.7,".276",".454",".331","0.785",".265",".466",".341",".343",".323",".201",,,,,,,,,,,,,"88.6","15.3",35.1,10.4,38.8,"77.398185352","94.093867266",21.9,46.3
"Kennedy, Ian",453178,2022,37,"57","50.1",232,205,57,34,11,1,11,44,22,19,9.5,".278",".502",".346","0.848",".282",".528",".360",".374",".355",".245",,,,,,,,,,,,,"92.2","21.5",44.5,12.2,45.1,"83.392708902","95.161732147",19.4,50.1
"García, Luis",472610,2024,37,"60","59.0",254,235,61,40,13,0,8,53,15,20.9,5.9,".260",".417",".311","0.728",".234",".385",".314",".296",".289",".151","71.6",22.9,14.3,11.3,35.7,28.2,"7.3",9,10.3,-1.6,50.6,33.5,"88.7","6.3",33.9,7.1,39.3,"77.192155217","94.284691093",24,49.7
"Wheeler, Zack",554430,2023,33,"32","192.0",787,734,168,111,35,2,20,212,39,26.9,5,".229",".364",".274","0.638",".227",".356",".277",".278",".274",".129","71",19.3,8.3,6.1,28.5,20.9,"7.1",14,7,2.1,50.8,31.3,"86.9","14.2",35.1,5.1,36.4,"75.393585916","93.267420573",28.6,51.3
"Funderburk, Kody",681892,2023,26,"11","12.0",47,41,6,4,1,0,1,19,5,40.4,10.6,".146",".244",".255","0.499",".157",".255",".234",".243",".264",".099","70.7",9.2,6.4,4.6,29.8,21.5,"6.9",3,6.1,6.1,53.8,32.2,"89.2","6.5",22.7,4.5,40.9,"79.70923","93.386103636",34.5,43.8
"Graterol, Brusdar",660813,2020,21,"23","23.1",88,80,18,15,2,0,1,13,3,14.8,3.4,".225",".287",".273","0.560",".224",".319",".250",".264",".274",".094",,,,,,,,,,,,,"88.8","-0.6",27.5,2.9,33.3,"79.959358571","93.062705797",15.1,50.2
"McMillon, John",669111,2024,26,"10","12.0",47,41,7,6,0,0,1,13,5,27.7,10.6,".171",".244",".261","0.505",".162",".237",".234",".231",".253",".075","71.1",20.9,9.5,6,35.7,22.4,"7.6",1,16,-11,52.2,33.7,"85.8","8.6",24.1,3.4,20.7,"75.408372143","92.163365357",37.5,44.4
"Matzek, Tyler",554431,2022,31,"42","43.2",184,150,26,16,7,0,3,36,29,19.6,15.8,".173",".280",".310","0.590",".214",".369",".270",".318",".345",".155",,,,,,,,,,,,,"88.9","20.5",31.6,7.7,38.5,"78.503388103","93.903163652",26.1,48.4
"Warren, Art",605521,2022,29,"39","36.0",165,140,37,26,3,2,6,40,22,24.2,13.3,".264",".443",".370","0.813",".225",".420",".356",".335",".342",".195",,,,,,,,,,,,,"90.3","17.3",31.7,11.9,40.6,"79.919905294","94.76187297",29.8,44.6
"Elledge, Seth",676220,2020,24,"12","11.2",52,42,11,2,7,0,2,14,8,26.9,15.4,".262",".571",".392","0.963",".221",".451",".406",".356",".362",".230",,,,,,,,,,,,,"92","16",35.7,10.7,46.4,"83.775655","95.111597778",27.9,37.2
"Spiers, Carson",686730,2024,26,"22","90.2",410,377,112,65,24,3,20,80,27,19.5,6.6,".297",".536",".351","0.887",".254",".476",".379",".340",".312",".222","72.1",27.2,16.2,12.8,34.5,27.3,"7.4",10,10.9,-2,49.7,33,"88.9","17.4",36.2,10.4,38.9,"77.529869048","94.295274539",21.4,48
"Carrasco, Carlos",471911,2021,34,"12","53.2",237,217,59,33,14,0,12,50,18,21.1,7.6,".272",".502",".325","0.827",".252",".466",".350",".335",".308",".214",,,,,,,,,,,,,"89","10.4",34.9,8.3,38.5,"77.7804075","94.167027321",27.3,52
"Lamet, Dinelson",659275,2021,28,"22","47.0",209,183,48,32,10,0,6,57,22,27.3,10.5,".262",".415",".346","0.761",".220",".383",".333",".307",".311",".163",,,,,,,,,,,,,"86.9","16.1",36.7,10.9,35.2,"75.100050476","93.52714272",32.3,49.5
"Miller, Bryce",682243,2023,24,"25","131.1",537,501,124,70,36,0,18,119,26,22.2,4.8,".248",".427",".293","0.720",".264",".474",".309",".337",".310",".209","72.2",23.3,15.4,11.6,34.2,25.9,"7.2",7,8.9,1,50.7,31.6,"90.7","17.8",38.7,10.9,42.1,"80.533819372","94.75094644",24.3,52.8
"Brault, Steven",643230,2020,28,"11","42.2",178,149,29,25,2,0,2,38,22,21.3,12.4,".195",".248",".315","0.563",".228",".355",".267",".320",".345",".126",,,,,,,,,,,,,"85.8","8.2",31.9,4.4,32.7,"74.112978364","92.740002091",23.9,41
"Merryweather, Julian",657240,2020,28,"8","13.0",55,49,11,8,3,0,0,15,6,27.3,10.9,".224",".286",".309","0.595",".226",".294",".272",".277",".311",".068",,,,,,,,,,,,,"86.6","10.2",29.4,2.9,32.4,"74.956708824","93.32060303",25.9,49.8
"Ober, Bailey",641927,2024,28,"31","178.2",709,655,136,75,29,5,27,191,43,26.9,6.1,".208",".391",".261","0.652",".209",".384",".282",".284",".264",".175","71.6",23.2,10.7,7.6,31.4,22.3,"7.5",22,13.7,-8.5,52.6,31.5,"87.5","20.4",34.8,8.3,34.3,"76.699154464","93.270078151",29,52.4
"Misiewicz, Anthony",664948,2021,26,"66","54.2",236,218,61,42,12,0,7,53,15,22.5,6.4,".280",".431",".328","0.759",".250",".432",".324",".314",".301",".182",,,,,,,,,,,,,"90.7","13.1",29.9,7.8,44.9,"80.08368061","95.128426463",26.2,52.1
"Greene, Shane",572888,2021,32,"28","23.2",113,95,25,15,3,1,6,24,14,21.2,12.4,".263",".505",".381","0.886",".204",".374",".381",".318",".331",".171",,,,,,,,,,,,,"89.7","20.8",28.2,11.3,40.8,"79.328394722","94.515395352",22.4,42.9
"Means, John",607644,2020,27,"10","43.2",176,164,36,22,2,0,12,42,7,23.9,4,".220",".451",".267","0.718",".190",".378",".304",".269",".242",".188",,,,,,,,,,,,,"88.2","17",21.1,8.1,37.4,"76.307724754","94.067238279",26.3,50.6
"Ponce de Leon, Daniel",594965,2021,29,"24","33.1",159,127,32,15,12,0,5,24,23,15.1,14.5,".252",".465",".380","0.845",".232",".440",".363",".358",".369",".209",,,,,,,,,,,,,"89.6","19.1",33.6,6.5,37.4,"79.865091923","93.87742",21.6,46.7
"Whitley, Kodi",676831,2021,26,"25","25.1",101,87,15,12,2,0,1,27,12,26.7,11.9,".172",".230",".267","0.497",".205",".330",".231",".280",".296",".125",,,,,,,,,,,,,"83.6","16.2",33.9,3.2,24.2,"71.65774","92.149768226",31.4,52.4
"Kuhl, Chad",641771,2024,31,"31","53.1",240,205,56,39,11,1,5,54,25,22.5,10.4,".273",".410",".367","0.777",".241",".382",".343",".325",".341",".141","71.5",23.8,11.2,8.3,35.4,26.2,"7.3",5,11.3,-3.9,50.3,32.1,"88.4","10.2",33.8,5.8,38.3,"77.734337632","93.761976026",27.1,42.2
"Suarez, Ranger",624133,2021,25,"39","106.0",418,376,73,59,9,1,4,107,33,25.6,7.9,".194",".255",".267","0.522",".202",".283",".235",".253",".275",".080",,,,,,,,,,,,,"86.7","4.4",24.2,2.6,31.1,"74.929194511","93.253236617",26.9,46.3
"Rogers, Trevor",669432,2021,23,"25","133.0",550,490,107,70,31,0,6,157,46,28.5,8.4,".218",".318",".291","0.609",".218",".344",".270",".283",".292",".126",,,,,,,,,,,,,"87.7","12.5",34.9,5,36.7,"75.956438563","93.768583563",31,49.4
"Winder, Josh",680739,2022,25,"15","67.0",287,261,69,40,18,0,11,47,18,16.4,6.3,".264",".460",".321","0.781",".263",".472",".337",".350",".327",".208",,,,,,,,,,,,,"89.1","17.1",35.5,10.1,38.7,"78.132440734","94.267850092",22.2,47.7
"Howard, Spencer",675921,2024,27,"9","29.0",144,128,44,30,7,2,5,27,14,18.8,9.7,".344",".547",".406","0.953",".270",".480",".408",".357",".341",".210","70.9",18.8,19,14.6,38,29.2,"7.1",4,8.6,1.2,41.3,31.2,"91.8","16.9",35,8.7,44.7,"82.1198028","95.3186395",24,51.2
"Strasburg, Stephen",544931,2021,32,"5","21.2",95,80,16,9,3,0,4,21,14,22.1,14.7,".200",".388",".326","0.714",".243",".453",".308",".352",".364",".210",,,,,,,,,,,,,"91.9","13.9",39,10.2,45.8,"82.600439655","95.154192586",29,36.2
"Soto, Gregory",642397,2020,25,"27","23.0",98,83,16,12,2,0,2,29,13,29.6,13.3,".193",".289",".316","0.605",".202",".307",".281",".292",".326",".105",,,,,,,,,,,,,"91.3","2",27.8,5.6,35.2,"83.663714815","93.902300566",28.8,39.6
"Hunter, Tommy",488984,2022,35,"18","22.1",94,87,21,12,5,0,4,22,6,23.4,6.4,".241",".437",".290","0.727",".248",".494",".315",".338",".297",".246",,,,,,,,,,,,,"90.6","14",27.3,13.6,45.5,"80.017890606","95.078369231",23.8,55.3
"Walker, Taijuan",592836,2021,28,"30","159.0",654,590,133,82,25,0,26,146,55,22.3,8.4,".225",".400",".294","0.694",".240",".444",".301",".327",".309",".204",,,,,,,,,,,,,"89.1","12.4",30.5,10,39.4,"78.125196864","94.202828841",23.6,46.2
"Jiménez, Dany",666204,2024,30,"25","25.2",117,94,21,8,6,1,6,25,19,21.4,16.2,".223",".500",".350","0.850",".200",".442",".361",".348",".340",".242","71.2",16.9,12,8.8,35,25.7,"7.8",5,15.7,-12.8,43.4,31.9,"87.2","23.6",29.2,18.1,31.9,"76.440354571","92.987702143",29.3,41.8
"deGrom, Jacob",594798,2024,36,"3","10.2",44,42,11,7,3,0,1,14,1,31.8,2.3,".262",".405",".295","0.700",".196",".335",".304",".249",".233",".139","72.2",35.1,20,13.5,36,24.3,"7.5",1,11.8,-3.2,51.4,32.2,"92.1","24.8",25,10.7,53.6,"81.604607857","96.487094444",32.1,48.8
"Bird, Jake",656234,2022,26,"38","47.2",211,181,45,30,6,2,7,42,23,19.9,10.9,".249",".420",".343","0.763",".256",".429",".331",".342",".354",".173",,,,,,,,,,,,,"91.2","5.4",31,6.3,42.3,"81.488012174","94.835558978",20.8,41.2
"Baz, Shane",669358,2021,22,"3","13.1",49,46,6,2,1,0,3,18,3,36.7,6.1,".130",".348",".184","0.532",".163",".362",".226",".248",".214",".200",,,,,,,,,,,,,"88.3","20.3",32.1,10.7,32.1,"77.152187857","93.706211071",35.3,51.5
"Solomon, Peter",656981,2023,26,"5","13.1",67,55,17,7,6,2,2,6,11,9,16.4,".309",".600",".433","1.033",".315",".567",".435",".429",".438",".252",,,,,,,,,,,,,"94.3","14.7",38.8,14.3,59.2,"85.8811592","96.901522245",20.7,39
"Chavez, Jesse",445926,2022,38,"60","69.1",292,269,71,46,13,4,8,74,20,25.3,6.8,".264",".431",".316","0.747",".264",".434",".325",".327",".317",".171",,,,,,,,,,,,,"90.1","13.4",38.6,8.1,46.2,"79.368272755","94.842212308",24.7,45.8
"Henriquez, Ronny",678692,2024,24,"16","19.1",82,75,20,16,1,1,2,15,5,18.3,6.1,".267",".387",".329","0.716",".276",".469",".312",".352",".338",".193","71.6",22.8,10.2,7.9,36.7,28.3,"7.4",6,10.9,-1.9,54.3,31.5,"91.7","7.4",30,8.3,50,"82.812493667","94.925911833",24.3,50.2
"Iglesias, Raisel",628452,2020,30,"22","23.0",91,83,16,12,3,0,1,31,5,34.1,5.5,".193",".265",".244","0.509",".194",".300",".223",".243",".253",".106",,,,,,,,,,,,,"86.7","15.2",38.9,5.6,27.8,"76.442976296","92.63883283",38.5,53.2
"Martinez, Nick",607259,2024,33,"42","142.1",570,539,128,81,32,2,13,116,18,20.4,3.2,".237",".377",".267","0.644",".242",".373",".279",".283",".271",".131","71.4",21.8,11.4,9,31.2,24.6,"7.4",15,11.5,-3.7,51.5,32.5,"86.4","17",34,5.1,30.5,"74.850496934","92.978959505",23.1,51.1
"Kaprielian, James",621076,2022,28,"26","134.0",577,507,121,71,27,7,16,98,59,17,10.2,".239",".414",".321","0.735",".252",".429",".322",".335",".334",".178",,,,,,,,,,,,,"88.4","16.9",34.2,8,36.4,"77.851013366","93.618519098",21.3,47.8
"Seabold, Connor",657756,2023,27,"27","87.1",408,366,116,67,27,3,19,67,28,16.4,6.9,".317",".563",".372","0.935",".268",".478",".393",".346",".329",".210","71.4",22.1,14.8,11,28.7,21.4,"7.1",2,9,1.4,42.2,31.3,"89.2","16.5",38.6,10.1,40.5,"78.167385563","94.395988079",21.5,50.3
"Luzardo, Jesús",666200,2020,22,"12","59.0",248,226,58,37,12,0,9,59,17,23.8,6.9,".257",".429",".316","0.745",".256",".413",".320",".318",".316",".158",,,,,,,,,,,,,"88.9","10.5",34.3,7.1,36.7,"78.485395366","93.790261524",29.6,45
"Neris, Héctor",593576,2024,35,"62","59.1",260,225,55,34,11,2,8,64,28,24.6,10.8,".244",".418",".331","0.749",".233",".410",".324",".320",".322",".177","71.2",21.4,12.3,9.5,31.9,24.7,"7.5",10,12.3,-5.5,55.1,32.1,"88.6","14.8",35.2,9.1,40.6,"77.513193875","94.159873625",25.9,51
"Hentges, Sam",656529,2024,27,"25","23.2",91,85,18,9,6,0,3,27,5,29.7,5.5,".212",".388",".256","0.644",".208",".328",".278",".257",".252",".121","70.9",14.7,11.1,8,38,27.3,"7.3",1,10.8,-3.4,49.3,33.7,"89.1","11",32.8,5.2,36.2,"79.353965","94.071008214",29.2,47.9
"Corbin, Patrick",571578,2021,31,"31","171.2",751,672,192,119,32,4,37,143,60,19,8,".286",".510",".345","0.855",".277",".497",".362",".358",".338",".220",,,,,,,,,,,,,"89.4","9",32.9,9.2,41.2,"78.148020906","94.634299585",24.9,47.9
"Montero, Rafael",606160,2023,32,"68","67.1",298,265,74,46,14,3,11,79,29,26.5,9.7,".279",".479",".356","0.835",".242",".422",".359",".327",".324",".180","71.6",22.1,7.4,5.1,23.3,16.2,"7.1",6,9,1.9,56.2,31.2,"87.9","11.1",33.7,9.1,41.7,"75.219854839","94.495087473",30.1,49.1
"McKenzie, Triston",663474,2020,22,"8","33.1",127,117,21,11,4,0,6,42,9,33.1,7.1,".179",".368",".244","0.612",".206",".427",".264",".299",".269",".221",,,,,,,,,,,,,"86","15.7",30.7,12,36,"73.646073158","93.293798",29.2,47.3
"Scott, Tanner",656945,2023,28,"74","78.0",307,277,53,39,11,0,3,104,24,33.9,7.8,".191",".264",".264","0.528",".203",".278",".236",".247",".275",".075","71.3",24.8,8.8,5.8,25.2,16.5,"7.2",10,6.5,1.5,43.8,34,"85.3","9",34.3,3.4,26.3,"73.512373721","92.600342515",36.2,51.2
"Snell, Blake",605483,2021,28,"27","128.2",550,472,101,58,26,1,16,170,69,30.9,12.5,".214",".375",".317","0.692",".226",".431",".305",".334",".329",".205",,,,,,,,,,,,,"89.3","12.5",39.3,11,41.2,"78.2789814","94.3982398",31.8,44.4
"Castro, Anthony",621593,2022,27,"12","13.1",65,55,19,12,2,0,5,12,10,18.5,15.4,".345",".655",".446","1.101",".316",".609",".467",".438",".422",".293",,,,,,,,,,,,,"88.5","9.1",41.9,14,41.9,"76.727947273","94.573606047",28.4,44.6
"McHugh, Collin",543521,2022,35,"58","69.1",272,251,51,37,9,0,5,75,14,27.6,5.1,".203",".299",".257","0.556",".222",".352",".247",".276",".275",".130",,,,,,,,,,,,,"86.6","15.3",33.1,5.1,31.5,"76.003314944","92.58651",27.4,50
"Familia, Jeurys",544727,2022,32,"48","44.1",204,180,58,40,10,1,7,41,22,20.1,10.8,".322",".506",".402","0.908",".265",".429",".393",".341",".352",".164",,,,,,,,,,,,,"90.8","7.5",32.4,10.1,46.8,"80.443303913","95.156022319",26.9,42.7
"Guenther, Sean",674944,2021,25,"14","20.1",103,89,31,21,8,1,1,15,10,14.6,9.7,".348",".494",".426","0.920",".268",".418",".396",".338",".355",".150",,,,,,,,,,,,,"89.3","10.6",36.8,6.6,38.2,"78.829013611","94.053835139",21.2,47.2
"Richards, Trevor",670950,2021,28,"53","64.1",251,228,40,22,5,1,12,78,22,31.1,8.8,".175",".364",".248","0.612",".213",".418",".264",".300",".282",".205",,,,,,,,,,,,,"90.4","22",33.8,11.3,46.4,"80.092955676","94.834768311",32.8,47.1
"Poche, Colin",621363,2024,30,"43","37.1",153,138,30,20,3,0,7,33,13,21.6,8.5,".217",".391",".281","0.672",".231",".412",".287",".301",".293",".181","72.2",25.2,19.7,15.8,37.6,30.2,"7.3",6,11.9,-3.9,58.6,31.3,"91.1","20.3",28,8.4,42.1,"81.679298113","94.799158095",23.4,48.1
"Garcia, Luis",677651,2020,23,"5","12.1",49,42,7,2,3,1,1,9,5,18.4,10.2,".167",".357",".265","0.622",".235",".388",".270",".319",".327",".153",,,,,,,,,,,,,"89.6","12.6",35.3,5.9,38.2,"80.783787059","93.207034118",26.1,43.3
"Ginn, J.T.",669372,2024,25,"8","34.0",142,131,36,27,5,0,4,29,9,20.4,6.3,".275",".405",".331","0.736",".267",".434",".321",".331",".324",".167","72.4",28.3,21.3,15.7,38.4,28.3,"7.4",6,10.7,-1.8,54.7,34,"90.3","11.3",34.3,6.9,45.1,"79.443806863","94.82273402",28.3,47.4
"Grove, Michael",675627,2024,27,"39","51.0",216,191,46,32,7,1,6,54,16,25,7.4,".241",".382",".316","0.698",".218",".366",".308",".298",".298",".149","71.4",25.1,11.8,8.8,31.6,23.7,"7.5",9,11.4,-4.3,48.1,32.2,"87.6","10.5",30.9,9.4,33.8,"76.042672857","93.625837194",26.6,46.3
"Walter, Brandon",687888,2023,26,"9","23.0",106,98,32,22,7,0,3,16,7,15.1,6.6,".327",".490",".377","0.867",".269",".419",".375",".324",".324",".151","73.7",34,13.8,11.7,28.7,24.5,"7.4",0,10.4,-3,54.3,33.9,"85.9","18.3",28,7.3,24.4,"75.029887317","92.356073293",16,49.6
"Brazobán, Huascar",623211,2022,32,"27","32.0",141,117,26,17,6,0,3,40,21,28.4,14.9,".222",".350",".350","0.700",".199",".309",".317",".294",".331",".110",,,,,,,,,,,,,"83.2","7.3",29.5,5.1,26.9,"70.166575128","92.226807273",40.2,45.3
"Garrett, Braxton",666129,2023,25,"31","159.2",659,617,154,93,37,4,20,156,29,23.7,4.4,".250",".420",".294","0.714",".271",".444",".307",".328",".315",".173","72.3",27.1,18.3,14.8,37.1,30.1,"7.4",7,10.9,-3.3,57.2,33.7,"90.2","7.4",32.2,7.8,45.1,"78.937398913","95.013758957",25.4,47.2
"Naile, James",664942,2023,30,"10","15.1",80,71,27,22,4,0,1,7,9,8.8,11.3,".380",".479",".450","0.929",".359",".483",".408",".402",".431",".124","72.1",28.9,25,22.2,42.5,37.8,"7.1",0,8.5,2.7,46.7,33,"91.9","5.4",35.9,3.1,48.4,"81.253426563","95.906067619",14.4,45.1
"Hoffman, Jeff",656546,2021,28,"31","73.0",335,282,70,42,15,1,12,79,45,23.6,13.4,".248",".436",".359","0.795",".232",".402",".345",".329",".346",".170",,,,,,,,,,,,,"89","15.4",35.9,7.3,39.8,"78.082280784","94.083131176",29.8,44.4
"Cortes, Nestor",641482,2023,28,"12","63.1",266,242,59,33,15,0,11,67,20,25.2,7.5,".244",".442",".308","0.750",".214",".398",".323",".298",".283",".184","72.5",26.7,6.3,3.3,6.3,3.3,"7.5",0,12.3,-3.1,53.3,33,"89.6","26.6",33,7.4,41.5,"79.260958182","94.1314096",24.2,49.4
"Poche, Colin",621363,2022,28,"65","58.2",245,218,46,26,8,1,11,64,22,26.1,9,".211",".408",".282","0.690",".215",".377",".299",".295",".288",".162",,,,,,,,,,,,,"86","22.3",33.5,8.9,31,"74.817393038","92.659155287",28,51.3
"Paredes, Enoli",660600,2024,28,"18","21.2",87,75,13,9,4,0,0,16,10,18.4,11.5,".173",".227",".287","0.514",".227",".380",".245",".324",".334",".153","70.7",20.2,15.7,11.3,41.6,29.8,"7.2",0,7.9,0.7,45.2,32.3,"86.7","15.1",30.5,8.5,32.2,"75.458121034","93.028081034",28.2,44.5
"Black, Mason",696131,2024,24,"9","36.1",169,149,46,29,10,0,7,31,15,18.3,8.9,".309",".517",".381","0.898",".277",".499",".387",".371",".355",".222","71.1",23,13.9,11.7,33.3,28.1,"7",4,7.4,2.5,51.5,31,"89.8","18.4",37.5,10,40.8,"79.451483167","94.468099664",16.4,48
"Vodnik, Victor",680767,2024,24,"64","73.2",320,280,72,55,6,4,7,65,37,20.3,11.6,".257",".382",".345","0.727",".254",".428",".322",".342",".343",".175","70.6",16.2,13.6,10.7,35.9,28.2,"7.1",8,5.8,4.4,43.3,31.4,"91.3","4.5",27.6,7.8,49.3,"81.212304393","95.271991729",21.8,44.1
"Cordero, Jimmy",622772,2020,28,"30","26.2",124,110,33,25,5,1,2,22,9,17.7,7.3,".300",".418",".366","0.784",".290",".427",".338",".349",".362",".137",,,,,,,,,,,,,"85","5.4",38.9,5.6,32.2,"72.763837778","92.713954045",21.3,49.8
"Hearn, Taylor",621368,2021,26,"42","104.1",441,389,96,62,16,1,17,92,42,20.9,9.5,".247",".424",".321","0.745",".250",".435",".321",".334",".327",".185",,,,,,,,,,,,,"88.5","15.7",37.3,7.9,38.3,"77.230150743","94.038760777",23.1,46.5
"Underwood Jr., Duane",621249,2023,28,"20","24.1",100,88,24,15,5,1,3,14,11,14,11,".273",".455",".350","0.805",".308",".504",".347",".385",".385",".196",,,,,,,,,,,,,"88.4","11.6",37.3,8,38.7,"76.887142632","94.090015733",20.1,47.2
"Bowden, Ben",641386,2021,26,"39","35.2",177,153,44,25,11,2,6,42,21,23.7,11.9,".288",".503",".377","0.880",".235",".427",".374",".328",".331",".193",,,,,,,,,,,,,"88.7","22.6",40.7,10.6,36.3,"77.891586481","93.79495463",28.6,46.1
"Pepiot, Ryan",686752,2022,24,"9","36.1",160,130,26,16,4,0,6,42,27,26.3,16.9,".200",".369",".350","0.719",".193",".367",".327",".322",".344",".174",,,,,,,,,,,,,"89","24.2",33,10.2,40.9,"78.593334091","93.789104828",28.5,42.3
"Vasquez, Andrew",607755,2023,29,"42","48.1",219,186,46,36,4,2,4,43,23,19.6,10.5,".247",".355",".350","0.705",".221",".353",".316",".307",".328",".133","70.8",20.8,12.9,11.5,25.9,22.9,"7.3",3,9.3,-0.1,46.9,32.1,"85.7","11.4",30.8,5.5,30.8,"74.769348592","92.348956809",17.5,42.9
"Lynn, Lance",458681,2020,33,"13","84.0",344,311,64,35,15,1,13,89,25,25.9,7.3,".206",".386",".277","0.663",".208",".349",".287",".279",".279",".142",,,,,,,,,,,,,"88.6","17.5",34.4,5.4,37.5,"77.997525495","93.735972793",25.4,49.5
"Zastryzny, Rob",642239,2023,31,"21","20.2",97,82,24,17,6,0,1,15,13,15.5,13.4,".293",".402",".389","0.791",".260",".391",".349",".333",".361",".131","70.4",2.8,12.9,11.1,25.8,22.2,"7.3",0,8.7,0.2,52.8,31.7,"87.7","17.1",33.3,5.8,39.1,"76.342210294","93.727955821",25.7,47
"Newberry, Jake",623470,2020,25,"20","22.0",94,78,20,14,3,0,3,24,12,25.5,12.8,".256",".410",".362","0.772",".236",".396",".339",".329",".347",".161",,,,,,,,,,,,,"88.9","13.6",41.1,5.4,44.6,"78.74446","93.632733214",36.2,42.1
"Miley, Wade",489119,2020,33,"6","14.1",67,56,15,9,5,0,1,12,9,17.9,13.4,".268",".411",".388","0.799",".282",".383",".356",".356",".400",".101",,,,,,,,,,,,,"83.3","9",36.4,2.3,22.7,"71.154270909","91.835499545",30.5,41.4
"Wells, Alex",649144,2021,24,"11","42.2",197,177,53,35,7,1,10,26,16,13.2,8.1,".299",".520",".365","0.885",".302",".536",".377",".388",".368",".234",,,,,,,,,,,,,"89.6","18.4",36.8,8.6,47.4,"77.614105","95.130203092",16.4,42.8
"Soria, Joakim",465657,2021,37,"41","37.1",159,145,39,21,11,1,6,40,12,25.2,7.5,".269",".483",".327","0.810",".240",".396",".344",".304",".300",".157",,,,,,,,,,,,,"88.3","18.2",34.9,7.5,38.7,"77.115081509","94.020911524",26,51.4
"Maton, Phil",664208,2024,31,"71","64.0",265,231,47,30,8,2,7,60,24,22.6,9.1,".203",".346",".303","0.649",".235",".393",".290",".322",".330",".159","70.8",17.8,14.3,10.7,30.6,22.9,"7.2",3,11.1,-2.1,45.3,31.9,"86.5","12.9",32.6,7,33.1,"74.354926279","93.404469942",26.7,47.2
"Vines, Darius",670241,2023,25,"5","20.1",84,74,15,7,3,2,3,14,7,16.7,8.3,".203",".419",".274","0.693",".217",".418",".294",".307",".290",".201","72.4",27.4,12.7,9.6,31.4,23.7,"7.5",0,15.1,-9.5,48.9,33.9,"86.7","18.4",30.6,8.1,30.6,"75.54301871","92.952157903",25,48.1
"Márquez, Germán",608566,2021,26,"32","180.0",756,682,165,108,35,1,21,176,64,23.3,8.5,".242",".389",".311","0.700",".247",".394",".303",".310",".316",".147",,,,,,,,,,,,,"88.9","5.2",32.5,5.3,39.3,"78.131276787","94.098144266",27.2,47.8
"Alvarez, Jose",501625,2021,32,"67","64.2",266,244,53,44,5,2,2,42,19,15.8,7.1,".217",".279",".273","0.552",".247",".342",".245",".287",".301",".095",,,,,,,,,,,,,"86.4","8.3",29.9,2.5,32.8,"75.164680693","92.821664158",20.7,47.3
"Lindblom, Josh",458676,2020,33,"12","45.1",191,172,42,27,7,2,6,52,16,27.2,8.4,".244",".413",".319","0.732",".244",".378",".319",".309",".319",".134",,,,,,,,,,,,,"87.8","21.6",44.2,5,32.5,"78.269397833","92.867144118",29.5,44
"García, Yimi",554340,2024,33,"39","39.0",153,138,23,10,7,0,6,49,12,32,7.8,".167",".348",".243","0.591",".183",".375",".252",".270",".258",".192","70.9",18.7,8.6,6,22.7,15.7,"7.2",0,9.1,1.3,53.9,30,"87.4","23.3",36.7,13.3,34.4,"75.579494091","93.693798523",29,51.2
"Martin, Corbin",656686,2022,26,"7","22.1",101,86,25,17,4,1,3,21,12,20.8,11.9,".291",".465",".370","0.835",".297",".546",".362",".396",".379",".248",,,,,,,,,,,,,"91.8","10.9",45.6,10.3,52.9,"81.802640588","96.052270597",26.6,44.8
"Kaprielian, James",621076,2023,29,"14","61.0",280,241,66,41,16,0,9,57,31,20.4,11.1,".274",".452",".367","0.819",".242",".436",".356",".340",".341",".193",,,,,,,,,,,,,"89.6","22.8",36.6,7,38.7,"79.709583516","93.935672363",25,48.5
"Cox, Austin",680735,2023,26,"24","35.2",149,127,28,19,5,2,2,33,17,22.1,11.4,".220",".339",".315","0.654",".255",".395",".291",".337",".353",".141","70.9",16.8,12.8,9.9,37.2,28.7,"7.3",3,9.5,1,43.6,32.6,"90.5","16.9",35.1,7.2,42.3,"81.171646458","94.258560938",27.8,44.1
"Smith, Riley",642092,2020,25,"6","18.1",70,64,15,12,2,0,1,18,5,25.7,7.1,".234",".313",".290","0.603",".207",".299",".269",".253",".264",".092",,,,,,,,,,,,,"87.1","10.7",27.7,2.1,29.8,"76.793247826","92.671663043",13.9,40.4
"Eickhoff, Jerad",595191,2021,30,"5","19.2",104,90,30,13,8,0,9,13,10,12.5,9.6,".333",".722",".413","1.135",".339",".665",".462",".451",".420",".326",,,,,,,,,,,,,"92.1","18.9",46.2,14.1,47.4,"81.361865263","95.859474605",18.2,49.3
"Quintana, Jose",500779,2024,35,"31","170.1",717,634,150,96,29,3,22,135,63,18.8,8.8,".237",".396",".314","0.710",".254",".414",".312",".330",".331",".160","71.8",25.7,15.8,12.6,36.5,29,"7.4",22,10.1,-1.4,53.4,32.8,"88","10.7",32.9,6.7,38.2,"76.44604848","93.89600374",22.2,43.1
"García, Luis",472610,2023,36,"61","59.2",267,234,59,44,8,1,6,53,24,19.9,9,".252",".372",".336","0.708",".252",".362",".313",".313",".337",".111","70.8",14.6,16.5,13.1,32.9,26.3,"7.2",0,8.4,-0.3,40.4,34.8,"87.1","-1.1",27.2,4.9,36.4,"75.00247956","93.714576685",25.4,47.5
"Bukauskas, J.B.",656266,2021,24,"21","17.1",81,72,24,15,4,1,4,14,7,17.3,8.6,".333",".583",".388","0.971",".268",".514",".404",".361",".332",".246",,,,,,,,,,,,,"89.9","9.8",36.7,11.7,38.3,"79.642131","94.41594661",25.2,48.6
"Mikolas, Miles",571945,2024,35,"32","171.2",720,683,194,113,51,4,26,122,25,16.9,3.5,".284",".485",".312","0.797",".274",".469",".339",".334",".304",".195","72",26.2,15.1,12.7,32.5,27.4,"7.3",11,9.3,1.1,54.3,32,"88.8","13.6",38.1,8.1,42.3,"77.511449435","94.25374515",16.4,49.8
"Phelps, David",475479,2020,33,"22","20.2",85,79,19,11,1,0,7,31,5,36.5,5.9,".241",".519",".294","0.813",".220",".486",".341",".323",".275",".266",,,,,,,,,,,,,"85","13.5",35.4,14.6,37.5,"71.617327917","93.250015208",26.4,44.5
"Cabrera, Génesis",650893,2023,26,"61","55.2",239,211,49,28,13,0,8,58,24,24.3,10,".232",".408",".315","0.723",".226",".420",".311",".313",".310",".195","72.1",23.5,16.2,11.8,38.2,27.8,"7.4",1,9.8,-3.6,51.3,33.4,"91.4","17.1",29.7,11.6,47.7,"81.502514416","95.192340519",29.8,49.7
"Gsellman, Robert",607229,2020,26,"6","14.0",71,61,22,12,5,1,4,9,8,12.7,11.3,".361",".672",".437","1.109",".318",".607",".459",".428",".403",".289",,,,,,,,,,,,,"88.8","13.5",35.8,11.3,49.1,"75.717314074","95.479934151",16.4,46
"Sims, Lucas",608371,2023,29,"67","61.0",258,202,33,16,11,1,5,72,39,27.9,15.1,".163",".302",".320","0.622",".173",".333",".287",".302",".329",".160","70.6",15.4,9.5,7.1,29.9,22.5,"7.4",5,13.4,-7.9,58.8,31,"87.6","27.6",32.1,8.8,32.1,"77.930104478","92.659713284",33.1,45.7
"Hurter, Brant",676428,2024,25,"10","45.1",175,167,34,23,6,1,4,38,6,21.7,3.4,".204",".323",".230","0.553",".201",".308",".240",".239",".228",".107","71.6",21.4,13,10.7,34.1,28,"7.2",4,9.5,0.4,50.9,32,"88.5","10.2",22.9,4.6,36.6,"77.293865781","93.860236875",20,48.1
"Alvarado, José",621237,2023,28,"42","41.1",172,153,30,19,8,0,3,64,18,37.2,10.5,".196",".307",".281","0.588",".200",".290",".262",".259",".285",".090","72.7",28.3,7.8,5.5,23.3,16.5,"7.4",5,10.1,-4.6,52.8,33.5,"91.1","8.5",31.1,4.4,45.6,"80.807919111","95.266776292",33.5,49.5
"Allen, Logan",663531,2021,24,"14","50.1",222,199,58,37,9,0,12,37,17,16.7,7.7,".291",".518",".356","0.874",".290",".531",".371",".380",".357",".241",,,,,,,,,,,,,"90.2","8.8",35.4,10.4,45.1,"79.562132195","94.694224939",19.2,44.7
"Faucher, Calvin",676534,2024,28,"53","53.2",235,199,49,34,11,4,0,63,26,26.8,11.1,".246",".342",".339","0.681",".230",".340",".299",".302",".330",".110","71.2",19,14.2,10.6,30.5,22.8,"7.2",11,6.5,5.3,50.4,32.2,"89.6","9",32.4,7.7,39.4,"79.359793857","94.07162446",28.1,43.6
"Shaw, Bryan",543766,2023,35,"38","45.2",190,166,39,28,8,0,3,40,17,21.1,8.9,".235",".337",".326","0.663",".231",".356",".299",".305",".323",".125","71.2",21,9.4,7.1,31.9,24.2,"7.2",1,9.2,0.3,43.8,34.1,"88.3","11.8",34.6,3.9,36.2,"78.456962969","93.371465906",23.4,45.3
"Boyd, Matthew",571510,2020,29,"12","60.1",271,241,67,33,17,2,15,60,22,22.1,8.1,".278",".552",".348","0.900",".258",".478",".378",".349",".331",".220",,,,,,,,,,,,,"87.4","15.4",37,10.9,37,"75.498472609","93.758217268",28.1,48.5
"Mikolas, Miles",571945,2022,33,"33","202.1",805,751,170,112,31,2,25,153,39,19,4.8,".226",".373",".267","0.640",".251",".414",".279",".310",".293",".163",,,,,,,,,,,,,"87.8","11",35.1,6.9,36,"76.747856744","93.485106739",18.7,48.9
"Diekman, Jake",518617,2024,37,"43","32.0",145,114,23,10,5,1,7,40,24,27.6,16.6,".202",".447",".354","0.801",".217",".400",".350",".348",".370",".183","70.9",21.1,10.7,7.7,27.3,19.6,"7.2",4,7.6,3.6,49.3,32.4,"87","10.8",36.4,10.4,39,"74.985509474","93.756943733",28.7,42.3
"López, Pablo",641154,2021,25,"20","102.2",418,382,89,55,21,2,11,115,26,27.5,6.2,".233",".385",".293","0.678",".224",".377",".293",".290",".285",".153",,,,,,,,,,,,,"86.7","9.2",33,7.4,33.3,"74.771173657","93.34727573",25.7,50.8
"Guerra, Junior",448855,2021,36,"41","65.1",307,256,67,49,12,0,6,61,46,19.9,15,".262",".379",".378","0.757",".238",".351",".338",".324",".359",".113",,,,,,,,,,,,,"86.7","11",31.5,4.6,35.5,"74.922142222","93.313200457",27.3,43.3
"Morgan, Eli",669212,2021,25,"18","89.1",379,348,90,46,24,0,20,81,22,21.4,5.8,".259",".500",".309","0.809",".255",".513",".343",".349",".307",".258",,,,,,,,,,,,,"89.5","19.4",40.4,11.9,42.6,"78.684883433","94.430165169",22.8,50.5
"Coonrod, Sam",656322,2022,29,"12","12.2",58,45,12,7,4,0,1,12,7,20.7,12.1,".267",".422",".379","0.801",".233",".328",".350",".322",".363",".094",,,,,,,,,,,,,"87.9","13.1",41.7,2.8,30.6,"77.819441111","93.205388056",20,50.8
"Kay, Anthony",641743,2020,25,"13","21.0",98,82,22,10,8,1,3,22,14,22.4,14.3,".268",".500",".367","0.867",".267",".465",".364",".358",".369",".198",,,,,,,,,,,,,"88.7","15.4",35.5,8.1,37.1,"77.378270333","94.051093167",26.1,44
"Ryan, Kyle",594986,2021,29,"13","13.1",62,54,17,9,5,0,3,8,6,12.9,9.7,".315",".574",".377","0.951",".307",".473",".393",".367",".374",".166",,,,,,,,,,,,,"89.8","0.6",33.3,8.3,52.1,"77.129759565","96.039524348",17,39.1
"Wood, Alex",622072,2022,31,"26","130.2",555,504,132,94,20,1,17,131,30,23.6,5.4,".262",".407",".315","0.722",".245",".402",".315",".310",".302",".158",,,,,,,,,,,,,"88.6","8.5",33.8,7.1,39.8,"77.688850423","93.934838439",25,48.1
"Neris, Héctor",593576,2023,34,"71","68.1",273,236,41,27,7,0,7,77,31,28.2,11.4,".174",".292",".277","0.569",".192",".331",".259",".283",".294",".139","71.7",23.5,7.5,5.5,28.3,20.7,"7.4",4,12.1,-3.7,57.6,31.9,"86.5","19.4",29.2,8.1,28,"74.983366667","93.067123097",30.6,50.6
"Varland, Louis",686973,2023,25,"17","68.0",283,262,66,39,7,4,16,71,17,25.1,6,".252",".492",".299","0.791",".246",".479",".335",".330",".295",".233","70.2",15.9,7.3,4.9,23.6,15.9,"7.2",1,7,0.2,45.1,31.4,"91","12.1",32,10.8,43.8,"80.617099792","94.965145521",25.9,53.8
"Jefferies, Daulton",641726,2024,28,"6","14.2",73,68,24,10,9,1,4,12,4,16.4,5.5,".353",".691",".397","1.088",".243",".452",".457",".323",".295",".209","70.3",13.4,14.9,11.3,35.1,26.8,"7.4",1,10.4,-2.6,45.4,33.4,"87.7","12",39.3,8.9,35.7,"75.95985","93.7465825",20.1,49.5
"LeBlanc, Wade",453281,2020,35,"6","22.1",103,92,27,17,4,0,6,13,8,12.6,7.8,".293",".533",".350","0.883",".256",".415",".370",".323",".322",".159",,,,,,,,,,,,,"86.1","14.6",38.3,3.7,29.6,"75.2972645","92.5179055",24.6,45.5
"Keller, Kyle",664918,2021,28,"32","33.1",155,128,30,15,5,1,9,36,22,23.2,14.2,".234",".500",".368","0.868",".210",".426",".369",".338",".348",".215",,,,,,,,,,,,,"90.2","23",33.7,14.1,35.9,"81.365377826","93.798946739",21.6,46.8
"Nola, Aaron",605400,2022,29,"32","205.0",807,766,168,109,39,1,19,235,29,29.1,3.6,".219",".347",".256","0.603",".209",".354",".264",".262",".246",".146",,,,,,,,,,,,,"87.7","12.5",34.3,7.1,31.6,"77.465376008","93.044162015",27.9,49.5
"Cody, Kyle",621129,2020,25,"8","22.2",92,79,15,11,2,1,1,18,13,19.6,14.1,".190",".278",".304","0.582",".196",".307",".270",".284",".310",".111",,,,,,,,,,,,,"88.9","11.7",24.6,3.3,34.4,"79.196683871","93.603630328",21.2,42.2
"Garrett, Amir",607237,2023,31,"27","24.1",112,90,22,14,4,0,4,28,20,25,17.9,".244",".422",".378","0.800",".212",".374",".354",".338",".359",".162",,,,,,,,,,,,,"90.6","14.8",31.3,9.4,42.2,"80.150800968","95.253748525",26.4,42.2
"Peacock, Matt",676840,2021,27,"35","86.1",386,352,107,69,22,3,13,50,28,13,7.3,".304",".494",".354","0.848",".264",".414",".357",".317",".319",".151",,,,,,,,,,,,,"90.2","2.7",25.1,6.2,45.9,"79.562991457","94.835241026",18,46.6
"Wacha, Michael",608379,2021,29,"29","124.2",528,488,132,83,25,1,23,121,31,22.9,5.9,".270",".467",".317","0.784",".277",".498",".334",".352",".325",".221",,,,,,,,,,,,,"89.9","13.3",39.8,10.5,43,"78.633480815","94.870366576",23,53.6
"Thompson, Ryan",657044,2023,31,"31","30.2",121,108,20,11,6,0,3,21,8,17.4,6.6,".185",".324",".267","0.591",".197",".349",".264",".279",".278",".152","70.8",22.1,6.8,5.9,28.8,25,"7.1",1,7.1,2.3,36.8,33.2,"86.9","5",17,5.7,34.1,"75.112111628","93.446035412",17.8,44.4
"Castro, Miguel",612434,2024,29,"11","13.2",64,59,20,11,5,1,3,8,3,12.5,4.7,".339",".610",".381","0.991",".321",".510",".421",".378",".364",".189","71.4",25,9.4,8.3,31.3,27.8,"7.5",2,9.6,-3,56.9,34.5,"84.6","8.3",38.5,5.8,25,"73.980398846","92.005902941",18.5,46.6
"Morimando, Shawn",596049,2021,28,"4","10.1",54,48,18,10,5,1,2,9,5,16.7,9.3,".375",".646",".426","1.072",".265",".454",".445",".336",".328",".189",,,,,,,,,,,,,"89.6","11.5",32.5,7.5,35,"79.9807605","93.861075",18.9,47.7
"Abbott, Cory",676265,2021,25,"7","17.1",82,70,20,9,4,0,7,12,11,14.6,13.4,".286",".643",".383","1.026",".262",".558",".426",".392",".362",".296",,,,,,,,,,,,,"92.3","17",32.2,10.2,44.1,"83.303856897","95.216761724",20.1,45.2
"Bummer, Aaron",607481,2024,30,"56","55.1",244,220,61,47,11,1,2,69,18,28.3,7.4,".277",".364",".333","0.697",".230",".287",".305",".265",".294",".057","70",14.1,11.1,8.3,30.5,22.6,"7.3",8,7.9,-0.9,37.3,35.5,"86.6","0",29,1.3,32.9,"74.332564189","93.519571554",26.7,43
"Leahy, Kyle",681517,2024,27,"33","48.2",191,178,40,25,11,0,4,33,10,17.3,5.2,".225",".354",".267","0.621",".257",".455",".270",".327",".300",".199","71.6",25.2,15.1,12,37.5,29.7,"7.2",6,9.8,0.3,54.6,31.1,"89.9","14.8",33.3,6.1,43.5,"79.33400411","94.532200616",22.3,52.2
"Nola, Aaron",605400,2021,28,"32","180.2",749,696,165,105,29,5,26,223,39,29.8,5.2,".237",".405",".286","0.691",".220",".383",".297",".285",".270",".163",,,,,,,,,,,,,"88.9","14.4",33.3,7.1,37.4,"78.080159789","94.04703055",27.9,49.2
"Cessa, Luis",570666,2022,30,"46","80.2",335,304,76,49,11,2,14,59,27,17.6,8.1,".250",".438",".313","0.751",".250",".443",".327",".328",".314",".193",,,,,,,,,,,,,"89.7","8.4",27.9,9.3,42.9,"78.97035123","94.591334815",22.1,46.5
"Vest, Will",676684,2022,27,"59","63.0",272,237,62,49,7,0,6,63,22,23.2,8.1,".262",".367",".323","0.690",".239",".390",".304",".313",".310",".151",,,,,,,,,,,,,"87.8","5.8",32.8,7.1,44.3,"75.842473736","94.191033812",23.8,48
"Bruihl, Justin",677865,2023,26,"27","28.0",121,105,28,17,9,0,2,22,11,18.2,9.1,".267",".410",".347","0.757",".266",".418",".325",".332",".350",".153","72.3",27,11.5,9.5,30.8,25.4,"7.4",1,12.2,-5.1,58.7,33.4,"90.2","10.1",32.9,5.9,44.7,"78.889232326","95.316235412",24.3,46.1
"Richards, Trevor",670950,2024,31,"55","65.1",277,234,44,30,7,0,7,62,35,22.4,12.6,".188",".308",".295","0.603",".205",".346",".273",".301",".313",".142","70.3",15.8,10.9,8.8,34.6,27.8,"7.3",9,9.8,-2,50,30.7,"88.3","18.8",31.1,6.8,37.9,"78.119635568","93.442446193",23.4,44.2
"Buchter, Ryan",488748,2021,34,"18","16.1",78,62,16,6,5,0,5,16,13,20.5,16.7,".258",".581",".397","0.978",".233",".536",".406",".395",".383",".302",,,,,,,,,,,,,"90.9","22.8",31.9,14.9,46.8,"81.149480833","94.985720426",22.7,43.5
"Hudson, Dakota",641712,2023,28,"18","81.1",354,311,88,57,22,0,9,45,34,12.7,9.6,".283",".441",".363","0.804",".286",".491",".350",".371",".366",".205","72.5",28.8,18.3,14.9,38.3,31.1,"7.4",4,10.9,-1.6,52.1,33.8,"90.5","4.6",30.9,8.9,45.4,"79.314918806","95.239867537",20.2,47.1
"Wainwright, Adam",425794,2021,39,"32","206.1",828,765,168,111,34,2,21,174,50,21,6,".220",".352",".275","0.627",".247",".392",".273",".302",".300",".145",,,,,,,,,,,,,"88.2","10",34.3,6.2,35.6,"77.656330068","93.426713667",20.2,43.8
"Hand, Brad",543272,2021,31,"68","64.2",278,238,56,35,10,2,9,61,26,21.9,9.4,".235",".408",".320","0.728",".245",".432",".310",".329",".331",".187",,,,,,,,,,,,,"88.2","14.4",36.2,8.6,37.3,"76.417291978","94.061974309",20.9,42.8
"Brown, Hunter",686613,2023,24,"31","155.2",665,599,157,95,34,2,26,178,55,26.8,8.3,".262",".456",".332","0.788",".235",".416",".340",".318",".309",".181","71",21.8,12.8,10,35.5,27.7,"7",5,9.1,4.5,52.5,32.3,"90.8","6.9",30,10.9,44.4,"80.710690569","94.872462251",24.8,46.4
"Pruitt, Austin",643493,2023,33,"38","48.1",197,181,44,32,6,1,5,30,13,15.2,6.6,".243",".370",".294","0.664",".247",".412",".288",".306",".299",".165","72",30,13.4,11,35.4,29,"7.4",4,8.5,-1.1,60,32.3,"87","16.3",37.3,6.5,30.7,"76.404855526","92.834872105",20.4,48.6
"Minter, A.J.",621345,2022,28,"75","70.0",271,248,49,32,12,0,5,94,15,34.7,5.5,".198",".306",".249","0.555",".181",".320",".246",".247",".237",".139",,,,,,,,,,,,,"88.3","18",32.1,8.8,34,"77.609468333","93.586623419",33.2,51.6
"Kochanowicz, Jack",686799,2024,23,"11","65.1",266,247,68,47,14,0,7,25,10,9.4,3.8,".275",".417",".325","0.742",".287",".461",".323",".348",".336",".173","71.1",18.4,16.1,13.8,37.7,32.1,"7.1",3,8.1,3.4,49.5,34.2,"90.3","3.6",29.1,6.3,44.4,"79.406982569","94.989052248",15.2,53.7
"Gilbert, Logan",669302,2024,27,"33","208.2",803,756,148,82,39,1,26,220,37,27.4,4.6,".196",".353",".236","0.589",".220",".373",".255",".276",".260",".152","71.7",24.8,15,10.6,36,25.5,"7.5",34,11.4,-6,52.5,32.4,"89.6","12.6",33,7.2,39.3,"78.976067127","94.386132799",31.7,50.4
"Robles, Hansel",570663,2021,30,"72","69.0",297,254,58,32,17,1,8,76,37,25.6,12.5,".228",".398",".338","0.736",".224",".422",".321",".330",".334",".198",,,,,,,,,,,,,"91.1","11.9",31.3,11.2,47.5,"80.306599432","95.544142784",24,48.8
"Williams, Trevor",592866,2023,31,"30","144.1",658,593,178,110,32,2,34,111,52,16.9,7.9,".300",".533",".358","0.891",".275",".502",".377",".358",".337",".226","72.5",30.7,15,11.9,30.6,24.4,"7.3",2,9.5,-0.2,51,34.2,"88.3","15.9",36.9,10.2,38.6,"77.005416033","93.997254483",19,47.1
"Staumont, Josh",622251,2020,26,"26","25.2",112,93,20,17,1,0,2,37,16,33,14.3,".215",".290",".348","0.638",".197",".322",".300",".303",".335",".125",,,,,,,,,,,,,"94.4","23",35.7,5.4,50,"87.661644286","96.021236364",36.7,44.5
"Pinto, Ricardo",620982,2024,30,"6","10.2",59,51,19,11,6,0,2,8,5,13.6,8.5,".373",".608",".441","1.049",".274",".370",".444",".335",".366",".096","72.7",32.8,16.7,13.1,35.4,27.9,"7.7",3,13.6,-6.4,57.4,33.6,"88.3","4.5",27.3,2.3,40.9,"76.733633636","94.020224545",22.9,47.7
"Hale, David",571735,2021,33,"17","26.2",116,106,30,18,7,0,5,21,9,18.1,7.8,".283",".491",".345","0.836",".286",".525",".355",".371",".348",".239",,,,,,,,,,,,,"89.3","11.7",38.8,11.8,43.5,"76.519086585","95.418786098",20.2,47.3
"Harvey, Matt",518774,2020,31,"7","11.2",65,60,27,17,4,0,6,10,5,15.4,7.7,".450",".817",".492","1.309",".366",".684",".543",".460",".414",".318",,,,,,,,,,,,,"93.5","8.9",44,12,54,"84.8875116","96.0373052",17.1,42.5
"Brasier, Ryan",518489,2022,34,"68","62.1",263,243,68,37,22,0,9,64,13,24.3,4.9,".280",".481",".312","0.793",".248",".443",".336",".312",".285",".195",,,,,,,,,,,,,"90.7","11.5",38.9,8.6,46.5,"80.445885161","95.186127459",25.2,54.7
"Wheeler, Zack",554430,2024,34,"32","200.0",787,723,139,86,28,5,20,224,52,28.5,6.6,".192",".328",".253","0.581",".194",".333",".256",".262",".256",".139","71.2",20.3,8.5,6.3,26.3,19.6,"7.1",18,8.3,1.1,49.3,32.2,"86.5","13.5",32.6,8.3,33.6,"74.93491968","93.046728036",27.5,51.2
"Puk, A.J.",640462,2023,28,"58","56.2",242,224,54,34,10,0,10,78,13,32.2,5.4,".241",".420",".286","0.706",".208",".376",".300",".273",".257",".168","70.5",15.2,13.5,9.2,31.7,21.7,"7.3",5,8.4,-1,40.8,32.4,"87.3","13",27.5,8.1,32.2,"75.416323649","93.710062857",33,48.2
"Moll, Sam",594580,2022,30,"53","43.1",187,161,33,22,6,0,5,46,22,24.6,11.8,".205",".335",".310","0.645",".202",".314",".279",".270",".307",".113",,,,,,,,,,,,,"87.6","9.5",26.7,5.2,35.3,"75.994486552","93.684371034",24.9,42.5
"Snead, Kirby",669912,2022,27,"46","44.2",210,182,56,35,16,0,5,35,22,16.7,10.5,".308",".478",".383","0.861",".260",".415",".369",".327",".342",".155",,,,,,,,,,,,,"87.8","11.4",33.8,6.6,38.4,"76.933421467","93.500902467",20.2,43.8
"Chirinos, Yonny",630023,2024,30,"6","30.0",144,127,43,26,9,1,7,25,13,17.4,9,".339",".591",".410","1.001",".243",".438",".425",".335",".327",".195","71.6",19,12.5,10,35.2,28.1,"7.2",1,9.4,-0.3,59.7,31.5,"87.6","20",33,7.8,35,"76.401044314","93.547245743",20.7,46.8
"Waldron, Matt",663362,2023,26,"8","41.1",173,160,39,21,7,2,9,31,12,17.9,6.9,".244",".481",".295","0.776",".250",".444",".328",".321",".301",".195","71.9",26.5,14.5,11.9,29,23.9,"7.1",0,9.5,-0.9,53.5,32.3,"86.7","14.2",33.1,10.8,38.5,"74.942241077","93.199644231",18.9,47.8
"Bubic, Kris",663460,2024,26,"27","30.1",121,112,26,18,5,1,2,39,5,32.2,4.1,".232",".348",".261","0.609",".189",".279",".252",".215",".222",".090","70.7",16.3,11,7.9,21.4,15.3,"7.1",6,6,4.6,41.4,33,"83.4","3",26,2.6,28.6,"70.912425946","92.231484384",30.5,50.5
"Marsh, Alec",679525,2024,26,"26","129.0",548,493,123,73,28,3,19,123,39,22.4,7.1,".249",".434",".316","0.750",".261",".461",".325",".343",".328",".201","71.5",22.4,14.1,11.1,34.3,27.2,"7.3",21,10.8,-2.6,52.1,32.3,"89.7","15",38,9.6,40.9,"78.827178162","94.623945041",23.5,47.6
"Uelmen, Erich",657272,2022,26,"25","27.0",122,101,25,17,5,0,3,21,12,17.2,9.8,".248",".386",".352","0.738",".219",".374",".326",".313",".331",".155",,,,,,,,,,,,,"89","6.7",36.1,8.4,39.8,"77.799176098","94.287943171",27.3,41.9
"Fried, Max",608331,2023,29,"14","77.2",311,289,70,55,8,0,7,80,18,25.7,5.8,".242",".343",".290","0.633",".215",".316",".279",".258",".265",".101","71.4",18.2,12.9,9.4,32.1,23.5,"7.4",3,10.1,-2.7,50.5,33.2,"86.5","4.8",23.7,3.8,32.7,"74.725411442","93.124307343",27.2,46.5
"Rainey, Tanner",663432,2022,29,"29","30.0",128,114,26,19,1,1,5,36,13,28.1,10.2,".228",".386",".305","0.691",".222",".425",".304",".315",".300",".204",,,,,,,,,,,,,"89.4","22.5",30.4,10.1,43,"78.5600255","94.440036962",33.8,52.2
"Sewald, Paul",623149,2024,34,"42","39.2",165,151,35,16,13,0,6,43,10,26.1,6.1,".232",".437",".291","0.728",".225",".421",".311",".304",".286",".196","71.6",21.6,11.7,9.2,28.4,22.3,"7.2",11,8.6,-0.3,53.7,30.8,"90","26",34.9,9.2,42.2,"79.845752037","94.379078037",24.4,52.8
"Lawrence, Justin",664875,2022,27,"38","42.2",191,166,44,31,9,1,3,48,22,25.1,11.5,".265",".386",".351","0.737",".223",".338",".327",".297",".317",".115",,,,,,,,,,,,,"87.8","5.9",30,4.2,39.2,"75.729568136","94.057216864",24.7,43.5
"Lakins, Travis",664042,2022,28,"6","10.1",50,43,14,7,4,0,3,8,6,16,12,".326",".628",".420","1.048",".315",".603",".446",".433",".411",".288",,,,,,,,,,,,,"92.1","17.6",42.9,20,37.1,"83.297575556","95.007885429",20,48.1
"Headrick, Brent",687396,2023,25,"14","25.2",117,101,27,12,7,1,7,30,10,25.6,8.5,".267",".564",".350","0.914",".234",".487",".383",".352",".326",".253","72.2",28.3,17.6,14.1,31.1,25,"7.3",0,8.6,1.1,55.4,32.1,"90.7","26.7",47.9,15.1,42.5,"80.821380278","94.407670694",24.8,48.2
"Brach, Brad",542960,2020,34,"14","12.1",59,43,8,5,1,0,2,14,15,23.7,25.4,".186",".349",".407","0.756",".180",".279",".353",".334",".402",".099",,,,,,,,,,,,,"83.9","18",20.7,3.4,24.1,"73.145315333","91.565595862",32.5,45.6
"Pivetta, Nick",601713,2020,27,"5","15.2",71,63,18,9,4,1,4,17,6,23.9,8.5,".286",".571",".352","0.923",".262",".510",".384",".362",".334",".249",,,,,,,,,,,,,"91.3","20.4",42.6,10.6,42.6,"82.054399583","95.135022766",24.1,47.2
"Britton, Zack",502154,2021,33,"22","18.1",81,65,17,12,3,0,2,16,13,19.8,16,".262",".400",".395","0.795",".183",".285",".355",".295",".336",".102",,,,,,,,,,,,,"84.7","-3.4",24,4,31.3,"71.112930417","93.1054125",24.8,43
"Taillon, Jameson",592791,2024,32,"28","165.1",675,633,154,107,24,2,21,125,33,18.5,4.9,".243",".387",".280","0.667",".254",".428",".289",".314",".292",".174","71.9",23.1,15.8,13.1,37.4,30.9,"7.4",20,10.8,-2.7,52.6,31.8,"89.7","15.9",32.2,7.2,38.8,"79.650003386","94.067909961",19.5,48.2
"Danish, Tyler",641501,2022,27,"32","40.1",173,157,40,26,6,1,7,32,12,18.5,6.9,".255",".439",".324","0.763",".290",".521",".334",".378",".356",".231",,,,,,,,,,,,,"89","10.1",34.4,10.4,41.6,"76.566845968","94.819378871",19.2,44
"Miller, Shelby",571946,2023,32,"36","42.0",163,141,19,10,6,0,3,42,19,25.8,11.7,".135",".241",".247","0.488",".187",".354",".222",".283",".292",".167","71.2",18.4,10,7.9,30,23.7,"7.1",0,7.8,1.5,55.3,32.3,"89.5","14.9",30,7,37,"79.278076","94.426995758",26,43
"Morgan, Adam",605388,2021,31,"34","25.1",108,93,22,10,5,1,6,28,12,25.9,11.1,".237",".505",".324","0.829",".199",".391",".348",".306",".298",".191",,,,,,,,,,,,,"87.2","9.3",28.4,9,40.3,"74.102157941","94.304873433",32.8,44.8
"Kriske, Brooks",621139,2021,27,"12","11.1",56,47,17,6,3,1,7,11,6,19.6,10.7,".362",".915",".436","1.351",".228",".501",".536",".353",".324",".273",,,,,,,,,,,,,"91.5","23.1",26.3,10.5,47.4,"82.471143158","95.007381351",27.1,49.5
"Bettinger, Alec",676424,2021,25,"4","10.0",51,46,18,10,5,0,3,5,3,9.8,5.9,".391",".696",".440","1.136",".315",".485",".476",".371",".370",".170",,,,,,,,,,,,,"91.3","18.2",35.7,4.8,33.3,"83.817220952","93.766690976",12.6,47.7
"Wood, Alex",622072,2021,30,"26","138.2",585,529,125,84,24,3,14,152,39,26,6.7,".236",".372",".308","0.680",".236",".378",".298",".304",".308",".142",,,,,,,,,,,,,"89.7","7.1",33.1,5.3,40.5,"79.442460699","94.224620269",27.6,47.5
"Frías, Luis",666818,2022,24,"15","17.0",90,72,23,16,5,1,1,14,17,15.6,18.9,".319",".458",".456","0.914",".258",".397",".406",".362",".406",".139",,,,,,,,,,,,,"91.6","14.3",31,5.2,44.8,"81.989649655","94.794164828",23.6,45.2
"Eflin, Zach",621107,2023,29,"31","177.2",703,671,158,104,31,4,19,186,24,26.5,3.4,".235",".379",".264","0.643",".218",".382",".276",".271",".248",".165","71.6",23.1,12.6,9.9,31.2,24.5,"7.4",7,11.5,-3.2,48.9,33.2,"87.5","9.1",29.2,9,35.1,"75.557414813","93.73501605",24.1,49.9
"Muller, Kyle",666205,2024,26,"21","49.1",202,188,48,32,10,0,6,36,10,17.8,5,".255",".404",".292","0.696",".261",".417",".294",".312",".303",".157","71.8",25,15,11.8,36.1,28.5,"7.2",3,8.6,2.3,55.2,31.9,"90.2","13.6",35.5,7.7,43.2,"80.150417821","94.370308258",22.7,51.7
"De Los Santos, Enyel",660853,2024,28,"64","64.0",278,248,65,30,17,1,17,66,25,23.7,9,".262",".544",".342","0.886",".245",".491",".377",".352",".326",".247","71.4",17.1,14.5,10.2,29.9,21,"7.4",6,11.4,-4.1,49.3,32.8,"89.3","17.5",35.2,12.6,42.3,"77.963486333","94.634968833",29.3,52.4
"Greene, Hunter",668881,2023,23,"22","112.0",498,438,111,55,33,4,19,152,48,30.5,9.6,".253",".477",".337","0.814",".213",".389",".349",".303",".301",".176","70.7",16.8,9.3,6.8,28.7,21.2,"7.3",7,10.5,-5.3,45.9,30.5,"90.1","17.4",34.1,9,44.1,"79.486794615","94.826537544",30.7,49.2
"Ashcraft, Graham",668933,2023,25,"26","145.2",624,558,148,98,23,4,23,111,52,17.8,8.3,".265",".444",".338","0.782",".268",".430",".339",".339",".341",".162","71",18.3,10.7,8.6,30.8,24.9,"7",11,6.8,4,46.4,33.2,"88.4","8.1",34,6.9,38.9,"76.720419821","94.143819215",22.3,48.2
"Garrett, Reed",657585,2023,30,"11","19.2",87,78,22,14,5,0,3,16,7,18.4,8,".282",".462",".345","0.807",".246",".429",".347",".327",".316",".184","72.3",32.6,15.1,10.6,26.9,18.9,"7.5",1,11.6,-4.3,56.8,31.7,"87.1","11.7",33.3,9.5,38.1,"74.390774375","94.021095079",28.7,51.3
"Ferguson, Caleb",657571,2020,23,"21","18.2",75,72,16,10,2,0,4,27,3,36,4,".222",".417",".253","0.670",".162",".296",".284",".215",".196",".134",,,,,,,,,,,,,"87.9","9.8",20,6.7,33.3,"78.356073182","92.94577186",29.1,58.9
"Wilson, Bryse",669060,2022,24,"25","115.2",509,460,132,82,29,1,20,79,32,15.5,6.3,".287",".485",".341","0.826",".290",".493",".356",".362",".346",".203",,,,,,,,,,,,,"90.9","11.5",37.6,7.7,43.8,"80.680833316","94.94142239",18,47.8
"Priester, Quinn",682990,2023,22,"10","50.0",234,200,58,29,17,0,12,36,27,15.4,11.5,".290",".555",".378","0.933",".291",".479",".394",".373",".380",".188","72.5",30.5,19.2,15.3,38.5,30.5,"7.5",5,10.7,-3,56,32.4,"89.7","4.6",32.1,8.3,47,"77.789101928","95.154597229",23.3,44.6
"Hernández, Jonathan",642546,2020,23,"27","31.0",125,110,24,18,2,2,2,31,8,24.8,6.4,".218",".327",".290","0.617",".190",".291",".274",".252",".266",".101",,,,,,,,,,,,,"87.6","12.8",18.3,3.7,37.8,"76.903799268","93.338295556",33.6,44.3
"Oller, Adam",670124,2024,29,"8","42.1",189,165,43,28,8,0,7,36,22,19,11.6,".261",".436",".354","0.790",".233",".421",".347",".332",".331",".188","71.6",22.1,14.4,11.4,39.1,30.9,"7.2",5,9.1,-0.2,57.7,31.6,"90.4","18.2",28.7,8.5,38.8,"81.188518438","94.207483228",21.5,43.2
"Walker, Taijuan",592836,2024,31,"19","83.2",381,338,107,63,20,0,24,58,37,15.2,9.7,".317",".589",".386","0.975",".291",".564",".413",".398",".366",".273","72.6",28.9,21.9,18.5,38.7,32.6,"7.4",8,11.5,-3.2,59.7,32.3,"91.4","15.4",37.8,13.4,46.3,"81.056816241","95.427069787",16.7,44.1
"Cannon, Jonathan",686563,2024,23,"23","124.1",522,475,125,80,24,3,18,91,40,17.4,7.7,".263",".440",".324","0.764",".256",".426",".332",".328",".319",".169","71.7",23,12.7,10.2,34.9,28,"7.2",12,10.1,-0.7,57.3,32.4,"89","14.6",38.3,7.3,36.3,"78.719188912","93.823911325",21.8,47.1
"Bundy, Dylan",605164,2021,28,"23","90.2",397,352,89,46,22,1,20,84,34,21.2,8.6,".253",".491",".327","0.818",".241",".456",".348",".334",".318",".215",,,,,,,,,,,,,"89.2","14.9",35.5,10.3,38.5,"78.73703163","93.937638",23.3,44.7
"Tepera, Ryan",572193,2023,35,"12","10.2",57,48,18,14,1,0,3,11,4,19.3,7,".375",".583",".455","1.038",".260",".459",".442",".351",".355",".198","73.8",33.3,40,33.3,50,41.7,"7.6",0,12.2,-6.2,66.7,34.9,"90.4","14.3",27,8.1,45.9,"79.681955789","94.979784054",25.3,43
"Felipe, Angel",665734,2023,25,"14","15.0",64,50,6,5,1,0,0,19,13,29.7,20.3,".120",".140",".313","0.453",".150",".177",".241",".266",".336",".027","70",13.8,7,4.6,30.2,20,"7.3",5,9.9,-4.2,49.2,33.1,"85.9","7.4",32.3,0,25.8,"74.276052","92.751789333",37.6,34.3
"González, Chi Chi",592346,2020,28,"6","19.2",91,76,22,13,5,1,3,16,10,17.6,11,".289",".500",".389","0.889",".289",".443",".381",".371",".392",".154",,,,,,,,,,,,,"92.1","17",35.5,4.8,46.8,"82.473467","95.73199661",18.5,43.5
"Patton, Spencer",607359,2021,33,"42","42.1",172,157,36,24,8,0,4,48,15,27.9,8.7,".229",".357",".297","0.654",".207",".325",".287",".268",".276",".119",,,,,,,,,,,,,"85.9","12.8",31.2,4.6,28.4,"74.498688909","92.681326055",27.2,46
"Milone, Tommy",543548,2022,35,"7","16.2",69,60,14,6,4,0,4,5,6,7.2,8.7,".233",".500",".304","0.804",".283",".498",".340",".361",".348",".215",,,,,,,,,,,,,"87.6","23.4",36.8,7,21.1,"79.2707475","92.103771607",14.4,46.6
"Kay, Anthony",641743,2023,28,"16","14.2",66,54,13,6,5,0,2,11,9,16.7,13.6,".241",".444",".364","0.808",".293",".495",".352",".390",".408",".202","71.2",15.6,12.7,10.4,27,22.1,"7.2",0,11.9,-1.8,57.1,32.2,"90.2","19.3",45.5,11.4,40.9,"79.485566818","94.84551",20.3,52.9
"Holton, Tyler",663947,2024,28,"66","94.1",354,330,57,38,10,2,7,77,17,21.8,4.8,".173",".279",".222","0.501",".212",".335",".221",".263",".259",".122","71.8",26.2,12.4,9.8,30.3,23.8,"7.3",12,9.6,-3.2,51.5,32.7,"86.6","11.4",29.3,5.5,32.8,"75.154517795","93.076380787",24.5,48.2
"Cortes, Nestor",641482,2021,26,"22","93.0",374,345,75,46,14,1,14,103,25,27.5,6.7,".217",".386",".273","0.659",".212",".377",".285",".282",".270",".165",,,,,,,,,,,,,"89","23.7",33.2,7.4,36.1,"78.157438083","94.077429916",23.6,48.3
"Iglesias, Raisel",628452,2021,31,"65","70.0",273,256,53,34,8,0,11,103,12,37.7,4.4,".207",".367",".243","0.610",".186",".334",".261",".244",".224",".148",,,,,,,,,,,,,"86.2","13.9",33.1,8.9,33.8,"74.063564359","93.193580129",40.9,53.5
"Duplantier, Jon",641541,2021,26,"4","13.0",70,59,19,11,3,0,5,12,8,17.1,11.4,".322",".627",".420","1.047",".269",".531",".441",".389",".375",".262",,,,,,,,,,,,,"90.2","7.8",33.3,14.6,39.6,"80.2921325","94.516511489",20.8,44.4
"Burdi, Zack",641420,2021,26,"7","10.0",49,40,13,9,1,0,3,7,5,14.3,10.2,".325",".575",".408","0.983",".267",".483",".410",".373",".370",".216",,,,,,,,,,,,,"90.9","21.4",37.1,14.3,45.7,"80.347685556","94.977634286",31,47.5
"Aldegheri, Sam",691951,2024,22,"3","13.0",67,53,15,10,3,0,2,10,10,14.9,14.9,".283",".453",".403","0.856",".225",".390",".373",".331",".358",".165","71.6",26.2,15.9,13.1,44.9,36.9,"7.1",2,10.8,0.2,60.7,30,"90.4","28.9",31.1,4.4,37.8,"81.576108261","93.969124889",21.5,41.9
"Moreta, Dauri",664294,2022,26,"35","38.1",160,141,32,15,6,1,10,39,13,24.4,8.1,".227",".496",".306","0.802",".219",".432",".341",".319",".302",".214",,,,,,,,,,,,,"90.6","22.9",36.5,12.5,41.3,"80.665238077","94.598210097",27.6,44.4
"Castellanos, Humberto",528748,2022,24,"11","44.1",194,173,50,32,10,1,7,32,12,16.5,6.2,".289",".480",".342","0.822",".276",".474",".353",".350",".335",".197",,,,,,,,,,,,,"89.6","16.5",39.3,6.9,37.9,"79.704988333","93.986997569",17.8,46.7
"Luzardo, Jesús",666200,2023,25,"32","178.2",741,677,162,94,43,3,22,208,55,28.1,7.4,".239",".409",".301","0.710",".230",".416",".307",".307",".293",".186","71.9",25.8,14.4,10.1,32.2,22.6,"7.5",12,11.8,-4.2,46.8,32,"89.5","14.5",34.7,9.5,40,"78.474338846","94.421479593",31.4,48.6
"Taylor, Josh",657031,2023,30,"17","17.2",83,72,22,13,5,0,4,26,9,31.3,10.8,".306",".542",".373","0.915",".236",".480",".381",".332",".314",".244",,,,,,,,,,,,,"91.2","12.2",31.3,18.8,54.2,"80.641250417","95.618832708",30,46.9
"Pérez, Francisco",660906,2023,25,"17","16.2",74,64,17,11,4,2,0,14,8,18.9,10.8,".266",".391",".351","0.742",".255",".387",".321",".326",".347",".133","71.1",14.6,7.1,5.7,27.6,22,"7.5",4,12.8,-7.2,48.8,34.1,"84.8","19.9",43.1,7.8,27.5,"74.218796","91.80856",24.7,47.4
"Snell, Blake",605483,2024,31,"20","104.0",418,373,65,45,13,1,6,145,44,34.7,10.5,".174",".263",".263","0.526",".177",".283",".241",".252",".266",".106","71.4",22.1,9.1,5.9,28.3,18.2,"7.4",30,11.8,-5.3,51.6,32.2,"86.5","14.6",32.9,5.7,28.9,"75.529303097","92.772378489",37.7,46
"Bernardino, Brennan",657514,2024,32,"57","51.0",226,195,50,34,9,1,6,56,22,24.8,9.7,".256",".405",".347","0.752",".231",".388",".322",".310",".327",".156","71.1",19.7,12.9,10.3,28.6,22.9,"7.2",8,8.9,-0.3,46.7,34.2,"88","8.4",33.8,7,37.3,"76.760888696","93.716571825",21.8,44.8
"King, John",667463,2020,25,"6","10.1",51,45,13,9,2,0,2,9,4,17.6,7.8,".289",".467",".373","0.840",".222",".369",".365",".307",".313",".148",,,,,,,,,,,,,"88.9","4.6",19.4,2.8,44.4,"76.847051111","94.516643611",19.5,44.1
"Lange, Alex",656638,2021,25,"36","35.2",162,143,37,25,6,1,5,39,16,24.1,9.9,".259",".420",".346","0.766",".263",".492",".335",".362",".349",".229",,,,,,,,,,,,,"93.9","11.5",35.6,13.5,52.9,"84.687894038","96.380954423",32.4,48.4
"Rogers, Tyler",643511,2020,29,"29","28.0",123,112,31,25,3,1,2,27,6,22,4.9,".277",".375",".336","0.711",".232",".309",".315",".276",".296",".077",,,,,,,,,,,,,"85.8","1.8",27.9,1.2,36,"72.952617143","93.406113452",24.2,45.2
"Alzolay, Adbert",640470,2023,28,"58","64.0",253,231,52,38,8,1,5,67,13,26.5,5.1,".225",".333",".278","0.611",".242",".374",".269",".295",".295",".132","72.2",26.7,18.3,13.6,36.6,27.3,"7.6",5,12.2,-5.9,56.8,32.7,"89.4","12.9",33.3,6,36.9,"78.908352683","94.263362256",28.1,51.4
"Ottavino, Adam",493603,2020,34,"24","18.1",85,74,20,13,5,0,2,25,9,29.4,10.6,".270",".419",".353","0.772",".219",".359",".337",".297",".309",".139",,,,,,,,,,,,,"90.6","8.8",26,6,50,"79.9212244","94.9202352",26.5,40.1
"Stephenson, Robert",596112,2022,29,"58","58.0",247,229,63,33,18,2,10,55,14,22.3,5.7,".275",".502",".317","0.819",".266",".494",".349",".341",".309",".227",,,,,,,,,,,,,"90.6","21",36.7,9,41.8,"80.446578276","94.605642931",28.1,52.6
"Norris, Daniel",596057,2021,28,"56","57.0",248,215,55,36,10,0,9,58,30,23.4,12.1,".256",".428",".352","0.780",".231",".394",".340",".320",".331",".163",,,,,,,,,,,,,"92.3","10.2",31,6.3,45.6,"83.471416923","95.301345064",27.2,45.3
"Cronin, Declan",686539,2024,26,"56","70.1",307,274,75,57,16,1,1,72,26,23.5,8.5,".274",".350",".346","0.696",".238",".354",".308",".298",".315",".117","71.3",22.9,17.6,13.5,36.1,27.8,"7.2",12,6.9,5.2,47.2,32.3,"89.5","1.6",29.9,4.9,41.7,"77.965516238","94.675264406",26.6,47.3
"Claudio, Alex",592222,2020,28,"20","19.0",81,74,18,13,2,1,2,15,6,18.5,7.4,".243",".378",".309","0.687",".221",".316",".301",".274",".288",".095",,,,,,,,,,,,,"81.7","6.9",30.5,3.4,25.4,"68.952283448","91.346330862",25.9,44.4
"Kolarek, Adam",592473,2020,31,"20","19.0",72,67,11,9,1,0,1,13,4,18.1,5.6,".164",".224",".208","0.432",".221",".268",".194",".252",".272",".047",,,,,,,,,,,,,"84","-0.2",18.2,0,20,"72.769549259","91.573795926",17.6,47.2
"Heller, Ben",621294,2024,32,"8","12.0",66,54,19,14,3,1,1,15,6,22.7,9.1,".352",".500",".470","0.970",".264",".401",".423",".356",".398",".137","70.3",14.9,14.5,10.3,37.1,26.4,"7.6",2,14,-9.6,51.7,33,"89.2","13.6",41,7.7,46.2,"78.961229","94.345303846",29.6,42.4
"May, Trevor",543507,2021,31,"68","62.2",266,242,55,36,6,3,10,83,24,31.2,9,".227",".401",".297","0.698",".189",".350",".297",".263",".262",".161",,,,,,,,,,,,,"88.6","17.4",30.8,7.5,34,"78.379722278","93.55238121",32.6,51
"Stratton, Chris",608717,2023,32,"64","82.2",338,304,69,44,15,2,8,81,25,24,7.4,".227",".368",".285","0.653",".222",".392",".283",".296",".284",".170","71.3",23.2,14.7,11.6,35.6,28.2,"7.3",1,8.3,0.4,56,31.5,"89.7","17.3",30.4,8.3,39.1,"79.772715526","93.99139141",22,47.5
"Rucker, Michael",621074,2023,29,"35","40.1",176,152,39,26,5,2,6,40,19,22.7,10.8,".257",".434",".347","0.781",".237",".397",".339",".324",".332",".161","73.1",30.3,29.6,24.2,48.1,39.4,"7.3",0,8.2,2.2,48.5,33.8,"91.6","7.8",32.5,7.9,49.1,"81.332750175","95.494645614",27.7,43.1
"Quantrill, Cal",615698,2024,29,"29","148.1",656,571,156,101,26,6,23,110,69,16.8,10.5,".273",".461",".361","0.822",".271",".444",".358",".355",".360",".174","71.5",23.3,13.8,10.9,32.6,25.6,"7.3",9,10.4,-0.9,51.6,33.1,"89.1","11.1",37.1,7.3,41.2,"77.92321026","94.354738243",21.6,45.7
"Moore, Matt",519043,2021,32,"24","73.0",334,285,78,41,22,0,15,63,38,18.9,11.4,".274",".509",".362","0.871",".245",".447",".368",".337",".337",".203",,,,,,,,,,,,,"89.5","16",35.1,8.7,38.1,"78.667042342","94.412994459",22.1,47.7
"Díaz, Jairo",545064,2020,29,"24","20.0",106,85,31,18,9,0,4,17,14,16,13.2,".365",".612",".462","1.074",".341",".600",".449",".446",".448",".259",,,,,,,,,,,,,"89.8","8.2",44.4,12.5,40.3,"79.596832571","94.460553478",23.5,45.6
"Bubic, Kris",663460,2022,24,"28","129.0",587,510,156,107,30,1,18,110,63,18.7,10.7,".306",".475",".381","0.856",".286",".474",".371",".367",".366",".188",,,,,,,,,,,,,"90","10.7",41,7.8,44.9,"78.945354653","94.901166658",21.3,47
"Sanmartin, Reiver",665665,2021,25,"2","11.2",47,45,12,8,4,0,0,11,2,23.4,4.3,".267",".356",".298","0.654",".253",".345",".285",".278",".285",".091",,,,,,,,,,,,,"87","3.8",38.2,2.9,35.3,"76.310551765","92.879712647",27.7,45.9
"Velasquez, Vince",592826,2020,28,"9","34.0",154,134,36,23,8,0,5,46,17,29.9,11,".269",".440",".364","0.804",".232",".390",".349",".319",".331",".158",,,,,,,,,,,,,"87.9","12.5",30.7,8,39.8,"75.895194773","94.006673636",26.6,48.6
"Givens, Mychal",571710,2020,30,"22","22.1",93,80,16,7,3,1,5,25,10,26.9,10.8,".200",".450",".301","0.751",".195",".393",".320",".303",".297",".198",,,,,,,,,,,,,"87.3","22.8",37.5,7.1,30.4,"77.738084286","92.521998214",27.7,49.6
"Keller, Mitch",656605,2020,24,"5","21.2",87,68,9,3,2,0,4,16,18,18.4,20.7,".132",".338",".322","0.660",".202",".467",".303",".370",".376",".265",,,,,,,,,,,,,"88.5","14.3",19.2,11.5,42.3,"76.865939231","94.075974423",21.2,40.5
"Anderson, Nick",623433,2020,29,"19","16.1",58,55,5,3,0,1,1,26,3,44.8,5.2,".091",".182",".138","0.320",".140",".347",".143",".226",".184",".208",,,,,,,,,,,,,"89","31.4",34.5,10.3,41.4,"79.610980667","93.496703793",36.6,59.9
"Hirano, Yoshihisa",673633,2020,36,"13","12.1",63,53,18,13,3,0,2,11,8,17.5,12.7,".340",".509",".429","0.938",".228",".388",".404",".326",".338",".159",,,,,,,,,,,,,"85.9","9.8",39.5,4.7,23.3,"76.231975","92.010804419",26.7,46.8
"Abreu, Albert",656061,2021,25,"28","36.2",156,131,27,13,6,0,8,35,19,22.4,12.2,".206",".435",".314","0.749",".227",".413",".320",".334",".339",".186",,,,,,,,,,,,,"83.8","9.3",37.4,8.1,29.3,"70.899717755","92.489253776",26.8,44.2
"Archer, Chris",502042,2021,32,"6","19.1",83,75,18,11,4,0,3,21,8,25.3,9.6,".240",".413",".313","0.726",".258",".532",".316",".366",".329",".274",,,,,,,,,,,,,"92.1","20.3",33.3,13,50,"82.136428519","95.60689",29.3,45.9
"Fried, Max",608331,2021,27,"28","165.2",667,612,139,94,28,2,15,158,41,23.7,6.1,".227",".353",".282","0.635",".230",".364",".278",".287",".285",".134",,,,,,,,,,,,,"86.5","6.1",31.2,6.3,34.3,"74.686843214","93.192413445",24.8,49
"Warren, Austin",681810,2022,26,"14","16.0",70,62,19,10,6,0,3,9,5,12.9,7.1,".306",".548",".348","0.896",".313",".627",".369",".417",".365",".314",,,,,,,,,,,,,"93.2","13.3",37.5,14.3,51.8,"83.223963704","96.656834151",17.2,48.1
"Horn, Bailey",690544,2024,26,"18","18.0",88,75,22,13,4,0,5,13,10,14.8,11.4,".293",".547",".368","0.915",".311",".494",".379",".380",".388",".183","71.1",16.1,16.8,13.7,41.6,33.9,"7.1",4,7.9,0,49.2,31.7,"90.8","6.8",36.9,10.8,41.5,"81.0267575","94.722267188",22.1,46.2
"Luzardo, Jesús",666200,2021,23,"25","95.1",437,378,106,58,24,4,20,98,48,22.4,11,".280",".524",".363","0.887",".249",".464",".375",".348",".339",".214",,,,,,,,,,,,,"89.5","14.3",35.9,10.1,39,"78.985627305","94.21166879",29.9,47
"Taylor, Blake",642130,2021,25,"51","42.2",188,163,38,23,9,0,6,41,22,21.8,11.7,".233",".399",".321","0.720",".201",".359",".310",".285",".293",".158",,,,,,,,,,,,,"84.5","16.7",32,7.2,28.8,"73.640456129","92.005765447",24.6,44.7
"Teng, Kai-Wei",678906,2024,25,"4","11.0",55,46,15,11,2,0,2,7,8,12.7,14.5,".326",".500",".436","0.936",".291",".490",".410",".395",".407",".199","71.7",28.9,25,22.2,42.5,37.8,"7.2",1,6.7,3.5,53.3,31.9,"89.5","13.6",30.8,10.3,51.3,"77.7857625","95.296153333",20.2,41.2
"Kikuchi, Yusei",579328,2024,33,"32","175.2",736,683,167,118,23,1,25,206,44,28,6,".245",".391",".291","0.682",".235",".404",".297",".301",".283",".169","71.9",26.4,14.9,10.8,32,23.2,"7.2",29,7.3,2.5,46.5,32.1,"90.1","14.2",33.5,9.7,45,"79.146503958","94.844128643",29,48.4
"Valdez, Phillips",570488,2022,30,"13","16.1",72,58,12,10,2,0,0,13,7,18.1,9.7,".207",".241",".347","0.588",".215",".322",".285",".315",".354",".107",,,,,,,,,,,,,"87.4","8.3",23.9,4.3,32.6,"77.369065652","92.708175435",23.2,39
"Gray, Josiah",680686,2022,24,"28","148.2",649,569,136,74,20,4,38,154,66,23.7,10.2,".239",".489",".324","0.813",".218",".435",".350",".324",".308",".217",,,,,,,,,,,,,"87.4","19.7",33.6,10.7,36.9,"75.597201498","93.715460483",27,44.8
"Alcantara, Sandy",645261,2022,26,"32","228.2",886,820,174,120,32,6,16,207,50,23.4,5.6,".212",".324",".263","0.587",".215",".342",".260",".270",".267",".128",,,,,,,,,,,,,"87.8","5.5",28.4,5.3,38.5,"76.106105279","93.947545934",25.4,53.4
"Ruiz, Norge",650204,2022,28,"14","19.0",94,83,30,22,3,1,4,18,7,19.1,7.4,".361",".566",".415","0.981",".315",".550",".419",".403",".383",".235",,,,,,,,,,,,,"94","12.1",44.8,10.4,52.2,"84.174641515","97.016287121",21.3,48.6
"Martinez, Seth",661527,2023,28,"35","43.0",195,170,45,27,12,1,5,45,19,23.1,9.7,".265",".435",".359","0.794",".262",".452",".345",".350",".356",".191","72.3",26.2,18.2,14.3,39.4,31,"7.5",0,12.2,-7.4,40.5,31.5,"90.2","12.3",40.8,9.6,45.6,"78.59309459","95.292387705",25.4,45.8
"Bellatti, Andrew",571479,2023,31,"27","24.2",113,100,25,15,5,1,4,25,12,22.1,10.6,".250",".440",".327","0.767",".266",".432",".331",".341",".344",".166","71.2",23.9,13.1,8.7,42.6,28.3,"7.4",0,10.1,-1.3,44.6,31.9,"90.9","20.9",36.8,6.6,32.9,"82.417141579","94.331733733",33.9,48.5
"Martin, Chris",455119,2022,36,"60","56.0",225,217,50,33,9,2,6,74,5,32.9,2.2,".230",".373",".249","0.622",".208",".352",".266",".250",".228",".145",,,,,,,,,,,,,"88.2","12.5",34.5,8.3,41.7,"76.378653333","94.26849042",25.8,53.8
"Fried, Max",608331,2022,28,"30","185.1",733,692,156,117,25,2,12,170,32,23.2,4.4,".225",".319",".262","0.581",".226",".338",".255",".266",".265",".112",,,,,,,,,,,,,"86.2","7.6",29.4,4,32.1,"74.476912412","92.996220039",26.1,49.7
"Jones, Jared",683003,2024,22,"22","121.2",504,456,106,55,29,4,18,132,39,26.2,7.7,".232",".432",".298","0.730",".229",".410",".314",".312",".298",".181","71.7",22.4,12.7,9.2,33.4,24.1,"7.3",19,9.2,-1.5,51.6,31.5,"89.6","14.5",36.9,9.8,44.5,"79.019910366","94.534128685",30.2,51.6
"Megill, Tylor",656731,2021,25,"18","89.2",379,345,88,54,14,1,19,99,27,26.1,7.1,".255",".467",".311","0.778",".216",".410",".332",".301",".277",".194",,,,,,,,,,,,,"89.7","13.7",30.4,10,42,"79.309204146","94.438085429",26.1,50
"Sawamura, Hirokazu",617228,2021,33,"55","53.0",232,198,45,23,13,0,9,61,31,26.3,13.4,".227",".429",".336","0.765",".214",".394",".324",".312",".327",".180",,,,,,,,,,,,,"89.5","11.3",29,10.9,42.8,"79.25044913","94.230087591",35,46.9
"Stone, Gavin",694813,2024,25,"25","140.1",580,537,133,88,25,2,18,116,37,20,6.4,".248",".402",".297","0.699",".253",".407",".304",".312",".302",".154","71.7",26.5,14,10.6,34,25.8,"7.4",13,10.6,-2.9,50.7,33.3,"88.2","11.2",32.5,6.4,36.2,"77.107440095","93.702925548",24.7,50.4
"Heuer, Codi",676051,2021,24,"65","67.1",281,249,65,45,11,2,7,56,23,19.9,8.2,".261",".406",".325","0.731",".249",".385",".313",".303",".314",".136",,,,,,,,,,,,,"87.3","12.7",31,4.5,36.5,"75.540514796","93.597634359",28.1,52
"Toussaint, Touki",657053,2022,26,"8","25.1",108,85,15,12,1,0,2,26,19,24.1,17.6,".176",".259",".352","0.611",".209",".285",".296",".317",".377",".077",,,,,,,,,,,,,"89.4","9.9",20.3,3.4,37.3,"78.230814286","94.369547143",29.7,40.6
"Abbott, Cory",676265,2022,26,"16","48.0",216,184,44,20,12,0,12,45,25,20.8,11.6,".239",".500",".343","0.843",".202",".451",".363",".336",".314",".249",,,,,,,,,,,,,"90.3","23.8",29.1,12.1,43.3,"80.601982","94.432683",26.2,48.4
"Duran, Jhoan",661395,2022,24,"57","67.2",266,242,50,39,4,1,6,89,16,33.5,6,".207",".306",".265","0.571",".187",".275",".251",".234",".249",".089",,,,,,,,,,,,,"88.2","-1.1",25.5,4.5,35,"77.185361429","93.733199221",34.7,54.9
"Megill, Trevor",656730,2021,27,"28","23.2",115,105,36,22,6,1,7,30,8,26.1,7,".343",".619",".395","1.014",".270",".482",".424",".345",".327",".212",,,,,,,,,,,,,"91.3","16.7",36.8,10.5,46.1,"80.850564474","95.4341384",25.5,47
"deGrom, Jacob",594798,2022,34,"11","64.1",239,229,40,24,7,0,9,102,8,42.7,3.3,".175",".323",".202","0.525",".181",".350",".228",".239",".208",".169",,,,,,,,,,,,,"89.3","15.2",33.3,9.3,31.8,"78.945259531","94.01979378",41.5,54.9
"Garcia, Robert",676395,2024,28,"72","59.2",251,232,55,43,8,0,4,75,16,29.9,6.4,".237",".323",".288","0.611",".205",".297",".270",".251",".260",".092","71.3",20.2,9.3,6.5,29.1,20.2,"7.3",5,8.8,0.5,44.6,32.6,"87.7","11.5",29.6,3.1,30.2,"77.686503947","92.864831776",29.4,51.1
"Ureña, José",570632,2023,31,"10","44.2",203,176,50,25,8,4,13,29,22,14.3,10.8,".284",".597",".361","0.958",".266",".506",".398",".364",".347",".240","71.1",20.3,10.4,7.9,31.9,24.3,"7.6",4,13.7,-6.9,52.5,34.1,"90.2","10.6",29.8,10.6,39.7,"79.7618748","94.5252938",21.8,47.1
"Smyly, Drew",592767,2023,34,"41","142.1",626,554,147,83,36,2,26,141,56,22.5,8.9,".265",".478",".335","0.813",".237",".404",".348",".313",".312",".166","71.7",23.1,10.4,7.4,32.2,22.8,"7.5",10,12.5,-5.6,49.8,32.6,"87.6","19.2",35.9,7.3,33.6,"76.258119279","93.493708582",27.1,46.6
"Greinke, Zack",425844,2021,37,"30","171.0",697,652,164,105,29,0,30,120,36,17.2,5.2,".252",".434",".291","0.725",".263",".436",".309",".321",".304",".173",,,,,,,,,,,,,"88.3","10.6",35.3,6.5,35.4,"77.616197191","93.635624981",21.8,46
"Senzatela, Antonio",622608,2022,27,"19","92.1",413,381,133,94,28,2,9,54,23,13.1,5.6,".349",".504",".388","0.892",".307",".456",".386",".351",".351",".149",,,,,,,,,,,,,"89.9","6.7",34.2,4.5,41.4,"80.114308447","94.117888385",16.3,47.5
"Feyereisen, J.P.",656420,2024,31,"10","11.0",48,42,11,5,3,0,3,9,5,18.8,10.4,".262",".548",".354","0.902",".282",".619",".385",".417",".372",".337","72",25.4,14.8,11.3,37,28.2,"7.5",0,12.3,-6.7,67.6,30.7,"92.6","19.9",36.4,18.2,42.4,"82.473118235","95.887814242",21.3,49.7
"Smeltzer, Devin",656970,2020,24,"7","16.0",72,65,19,12,4,1,2,15,5,20.8,6.9,".292",".477",".352","0.829",".248",".409",".356",".315",".313",".161",,,,,,,,,,,,,"88.7","17",33.3,3.9,45.1,"76.7414876","94.964021837",25,44.8
"Brasier, Ryan",518489,2021,33,"13","12.0",50,45,12,9,1,0,2,9,4,18,8,".267",".422",".320","0.742",".244",".349",".319",".303",".310",".105",,,,,,,,,,,,,"87","3.2",24.3,5.4,35.1,"75.911002632","93.258803784",26,50.8
"García, Luis",472610,2022,35,"64","61.0",258,235,57,47,7,0,3,68,17,26.4,6.6,".243",".311",".304","0.615",".219",".310",".277",".268",".283",".091",,,,,,,,,,,,,"89","6.6",27.8,4.1,38.5,"78.049752651","94.204998061",30.3,47.8
"Matsui, Yuki",673513,2024,28,"64","62.2",257,226,46,25,10,3,8,69,27,26.8,10.5,".204",".381",".284","0.665",".201",".335",".283",".271",".284",".134","71.8",22.8,12.4,8.5,30.4,20.8,"7.5",7,12.6,-5.9,56.4,32.1,"88.5","18.2",30.4,6.8,37.3,"77.502376296","93.964574969",31.9,50.4
"Weathers, Ryan",677960,2023,23,"15","57.2",257,223,68,40,15,1,12,43,29,16.7,11.3,".305",".543",".383","0.926",".244",".421",".393",".329",".331",".178","72.2",27.5,12,9.2,33.7,25.8,"7.4",1,9.8,-1.7,53.3,32.3,"89.2","16.2",33.7,7.6,34.8,"78.823388667","93.970868889",23.6,43.9
"Alcala, Jorge",660896,2020,24,"16","24.0",94,86,21,16,2,0,3,27,8,28.7,8.5,".244",".372",".309","0.681",".223",".360",".299",".287",".290",".136",,,,,,,,,,,,,"86.7","17.5",37.3,5.1,32.2,"77.195422414","92.149688966",32.1,45.7
"Curry, Xzavion",675540,2024,25,"16","42.2",172,164,38,15,14,1,8,28,7,16.3,4.1,".232",".476",".262","0.738",".270",".516",".309",".346",".300",".246","72.4",25.6,15.9,12.6,37,29.5,"7.4",4,11.4,-2.4,58.2,32.3,"89.9","25.6",38,10.9,43.1,"79.568908986","94.509368321",21.1,51.2
"Toussaint, Touki",657053,2021,25,"11","50.0",216,184,43,26,6,0,11,48,22,22.2,10.2,".234",".446",".332","0.778",".265",".472",".334",".361",".360",".207",,,,,,,,,,,,,"91.8","11.3",30,9.3,48.6,"81.159460294","95.930690294",25.3,42.4
"Ryan, Kyle",594986,2020,28,"18","15.2",66,60,16,8,3,0,5,11,6,16.7,9.1,".267",".567",".333","0.900",".246",".389",".377",".310",".315",".143",,,,,,,,,,,,,"87.7","9.5",32.7,8.2,38.8,"75.81495","94.120522245",16.5,45.1
"Bednar, David",670280,2022,27,"45","51.2",210,193,42,27,11,0,4,69,16,32.9,7.6,".218",".337",".281","0.618",".223",".367",".271",".285",".286",".145",,,,,,,,,,,,,"90.5","15.3",37.9,7.3,46,"80.352621475","94.75822562",33.5,50
"Lemoine, Jake",621082,2022,28,"9","16.1",74,66,18,11,3,0,4,13,7,17.6,9.5,".273",".500",".338","0.838",".232",".415",".355",".312",".305",".184",,,,,,,,,,,,,"91.1","14.7",31.5,7.4,40.7,"82.879521481","94.083802593",22.1,37.9
"Allard, Kolby",663465,2022,24,"10","21.0",87,80,21,8,4,0,9,19,6,21.8,6.9,".263",".650",".322","0.972",".271",".548",".406",".370",".329",".278",,,,,,,,,,,,,"91.6","19.4",36.1,14.8,42.6,"81.934927097","95.085021803",27.3,46.5
"Díaz, Miguel",622766,2023,28,"12","14.0",54,49,8,6,2,0,0,16,5,29.6,9.3,".163",".204",".241","0.445",".202",".294",".209",".258",".276",".092","71.4",25.3,11.3,8,35.5,25.3,"7.5",0,12.1,-4.9,60.9,34.4,"87.9","15.6",24.2,6.1,36.4,"77.936507059","93.311908485",27.3,47.6
"Urías, Julio",628711,2023,26,"21","117.1",482,444,112,59,28,1,24,117,24,24.3,5,".252",".482",".296","0.778",".245",".444",".328",".315",".290",".200","72.7",34.2,11,8.4,30,22.9,"7.4",6,11,-4.8,55.4,32,"87.2","17.8",31.2,8.7,34.5,"75.571332424","93.506306748",24.2,49.5
"Marinaccio, Ron",676760,2023,27,"45","47.1",205,168,35,22,7,0,6,56,27,27.3,13.2,".208",".357",".340","0.697",".199",".372",".315",".322",".335",".173","71.5",17.5,12,9.5,22,17.5,"7.3",1,10.4,-2.8,44.4,31.4,"88.6","16.2",42.1,11.4,36.8,"76.607989818","94.551514909",28.2,46.8
"Martinez, Nick",607259,2023,32,"63","110.1",461,413,99,76,11,0,12,106,40,23,8.7,".240",".354",".311","0.665",".242",".388",".294",".308",".313",".146","70.7",19.3,9.9,7.2,31.9,23.1,"7.6",7,14.2,-8.9,49.2,33.8,"84.7","6.4",30.5,7.1,29.9,"72.647017961","92.400089572",28.6,46.9
"Márquez, Germán",608566,2023,28,"4","20.0",80,74,19,8,6,1,4,17,3,21.3,3.8,".257",".527",".282","0.809",".265",".505",".336",".334",".290",".240",,,,,,,,,,,,,"93.5","7.9",32.8,13.8,60.3,"83.475385862","96.914913966",22.7,49.7
"Castro, Anthony",621593,2021,26,"25","24.2",109,97,23,12,7,0,4,32,8,29.4,7.3,".237",".433",".312","0.745",".209",".381",".314",".294",".296",".172",,,,,,,,,,,,,"89.8","13.9",24.2,12.1,47,"79.299746667","94.676501077",28.2,44.4
"Cabrera, Génesis",650893,2024,27,"69","62.2",271,235,63,42,11,0,10,50,29,18.5,10.7,".268",".443",".348","0.791",".244",".401",".338",".324",".332",".157","71.4",19.2,12.7,9.4,35.2,26,"7.5",5,12.3,-4.6,56.9,32.7,"89.8","14.1",33.7,7.4,41.1,"79.696903936","94.189379412",26.1,48.6
"Steele, Justin",657006,2023,27,"30","173.1",716,666,167,117,34,2,14,176,36,24.6,5,".251",".371",".295","0.666",".247",".368",".291",".291",".293",".121","71.5",21.8,14.5,11.4,28.9,22.8,"7.1",18,6.6,4.4,40.7,33.4,"87.8","9.3",33.4,5.4,36.6,"76.614522327","93.56474102",24,52.9
"Chapman, Aroldis",547973,2023,35,"61","58.1",249,211,37,27,6,0,4,103,36,41.4,14.5,".175",".261",".297","0.558",".169",".275",".258",".260",".292",".106","70.8",21.1,16,9.6,27,16.3,"7.1",2,5.1,4.7,36.7,31.7,"86.5","10.4",34.9,9.2,33,"74.310414259","93.325749907",42.2,44.9
"Baragar, Caleb",670056,2021,27,"25","23.0",98,81,19,13,4,1,1,16,12,16.3,12.2,".235",".346",".347","0.693",".215",".403",".303",".317",".333",".188",,,,,,,,,,,,,"88.1","27.2",35.8,7.5,38.8,"77.288743939","93.715458939",22.1,48
"Thielbar, Caleb",573204,2022,35,"67","59.1",245,226,51,38,7,1,5,80,18,32.7,7.3,".226",".332",".282","0.614",".190",".311",".271",".248",".249",".121",,,,,,,,,,,,,"84.9","21.5",37.4,6.8,25.9,"73.570516164","92.069418699",30.2,54.5
"Williamson, Brandon",682227,2024,26,"4","14.1",59,51,10,5,1,0,4,12,5,20.3,8.5,".196",".451",".288","0.739",".238",".435",".318",".338",".330",".198","72.7",30.1,10.4,8.6,29.9,24.7,"7.5",1,9.9,0.1,50.5,31.1,"90","19.9",45,7.5,42.5,"81.0951245","93.913900513",18.7,41.8
"Keller, Brad",641745,2023,27,"11","45.1",211,162,42,31,8,0,3,31,45,14.7,21.3,".259",".364",".427","0.791",".230",".388",".364",".363",".405",".158","69.6",25,11.1,8.3,33.3,25,"7.5",0,4.6,3.6,50,33.7,"89.2","5",30.3,6.8,36.4,"79.633097273","93.496134167",22.8,37.5
"Soriano, José",667755,2023,24,"38","42.0",185,154,33,25,3,1,4,56,23,30.3,12.4,".214",".325",".342","0.667",".208",".354",".303",".311",".339",".146","72",26.5,16.1,11.1,42,29,"7.5",10,11.2,-3.9,54.9,33.8,"92","6.8",31.3,9.1,44.8,"83.003424792","95.226782632",36.2,42.9
"Patiño, Luis",672715,2022,22,"6","20.0",98,83,26,14,6,0,6,11,13,11.2,13.3,".313",".602",".408","1.010",".252",".443",".426",".346",".356",".192",,,,,,,,,,,,,"88.7","17",31.5,9.6,31.5,"79.101361389","93.263474444",20.7,49.7
"Pallante, Andre",669467,2024,25,"29","121.1",509,458,110,81,21,0,8,94,48,18.5,9.4,".240",".338",".315","0.653",".231",".333",".293",".293",".308",".102","71.6",22.1,11.3,9.2,29.9,24.3,"7.1",17,6,4.2,46.3,33.8,"87.4","1.1",24.4,3.3,38.1,"75.339766989","93.795724801",19.8,46.4
"Rowen, Ben",594985,2021,32,"8","11.1",49,44,12,7,1,1,3,8,2,16.3,4.1,".273",".545",".327","0.872",".225",".451",".363",".311",".284",".227",,,,,,,,,,,,,"88.1","16.2",37.8,10.8,29.7,"78.337901053","93.060555405",14.6,41.4
"Sherriff, Ryan",595411,2021,31,"16","14.2",72,58,14,11,3,0,0,16,9,22.2,12.5,".241",".293",".375","0.668",".210",".285",".313",".315",".357",".075",,,,,,,,,,,,,"85.5","8.7",32.6,4.7,27.9,"73.207652273","93.147642093",24.8,40.6
"Megill, Tylor",656731,2022,26,"15","47.1",200,182,46,30,9,0,7,51,13,25.5,6.5,".253",".418",".303","0.721",".250",".445",".313",".321",".301",".195",,,,,,,,,,,,,"89.2","13.5",36.3,10.4,34.8,"78.820832121","93.990404697",27.8,49.6
"Heasley, Jonathan",669169,2023,26,"12","15.0",63,59,17,9,2,1,5,9,2,14.3,3.2,".288",".610",".317","0.927",".337",".641",".383",".426",".371",".304","72.5",26,11.9,9.6,32.2,26,"7.4",3,9.1,-3,61.6,32.5,"89.7","18.2",52.9,11.8,37.3,"79.6400472","93.9012878",23.5,52
"Mercado, Michael",675650,2024,25,"5","13.0",64,54,16,5,2,0,9,10,9,15.6,14.1,".296",".833",".406","1.239",".273",".745",".504",".462",".386",".473","72.3",27.5,14.8,11.9,33,26.6,"7.3",1,11,-2.7,58.7,32.2,"92.4","19.5",45.5,22.7,47.7,"82.790606818","95.390348182",20.3,45.4
"Kaprielian, James",621076,2021,27,"24","119.1",502,451,105,58,24,4,19,123,41,24.5,8.2,".233",".430",".302","0.732",".234",".445",".314",".324",".305",".212",,,,,,,,,,,,,"90.1","19",37.5,9.3,42.3,"79.698083497","94.616206074",27.2,45.7
"Howard, Spencer",675921,2022,25,"10","37.2",179,162,50,25,12,1,12,32,15,17.9,8.4,".309",".617",".369","0.986",".277",".521",".416",".366",".340",".245",,,,,,,,,,,,,"91.4","13.8",34.4,10.7,42,"81.039356769","95.347553923",17.9,47.7
"Suarez, Ranger",624133,2023,27,"22","125.0",540,483,129,87,26,3,13,119,48,22,8.9,".267",".414",".333","0.747",".258",".408",".325",".322",".326",".151","71.5",24.7,13.4,10.6,32.1,25.4,"7.4",6,9.3,-1.8,46.4,33.5,"87.8","8.1",35.3,7.5,36.1,"76.421901685","93.62207436",23.1,45
"Harris, Hogan",663687,2023,26,"14","63.0",284,249,67,37,20,0,10,56,28,19.7,9.9,".269",".470",".348","0.818",".252",".468",".352",".345",".333",".217","71.8",21.3,18.5,12.9,37,25.8,"7.2",0,8.3,1.1,36.8,33.2,"90","13.8",35.2,9.2,44.9,"79.321777938","94.822451503",23.1,46
"Ray, Robbie",592662,2020,28,"12","51.2",251,203,53,26,14,0,13,68,45,27.1,17.9,".261",".522",".394","0.916",".254",".487",".390",".379",".389",".233",,,,,,,,,,,,,"91.6","22.9",38,13.1,46,"81.886657353","95.147485294",33.1,40.9
"Thompson, Zach",605507,2022,28,"29","121.2",543,493,138,95,23,1,19,90,46,16.6,8.5,".280",".446",".344","0.790",".280",".455",".346",".349",".345",".175",,,,,,,,,,,,,"88.3","11.2",34.2,6.2,39.5,"76.8896006","93.897744436",24.1,47
"Bard, Daniel",453268,2022,37,"57","60.1",245,216,35,23,9,0,3,69,25,28.2,10.2,".162",".245",".257","0.502",".178",".274",".232",".251",".272",".096",,,,,,,,,,,,,"87.7","7",22.3,4.7,37.8,"76.678382192","93.588518493",27.5,45
"Floro, Dylan",571670,2024,33,"66","68.2",279,258,65,50,10,0,5,48,17,17.2,6.1,".252",".349",".299","0.648",".259",".397",".285",".311",".307",".138","71.5",20.3,15.3,12.6,41.2,34,"7.3",4,9.8,-0.1,54.5,32.5,"90.2","10.9",34.3,4.2,39,"80.702774615","94.144938798",18.4,42.1
"Sanders, Phoenix",676637,2022,27,"8","14.2",57,53,12,7,4,1,0,12,3,21.1,5.3,".226",".340",".263","0.603",".260",".477",".261",".327",".294",".218",,,,,,,,,,,,,"92.9","15.5",38.1,9.5,45.2,"84.694794762","95.457714878",17.4,53.5
"Bielak, Brandon",656232,2020,24,"12","32.0",148,128,39,22,8,0,9,26,17,17.6,11.5,".305",".578",".395","0.973",".294",".540",".411",".397",".386",".247",,,,,,,,,,,,,"87.7","14.1",35.9,8.7,39.8,"75.663337843","94.006820792",27.4,45.9
"Brown, Hunter",686613,2022,23,"7","20.1",80,73,15,10,4,1,0,22,7,27.5,8.8,".205",".288",".275","0.563",".204",".312",".254",".262",".273",".109",,,,,,,,,,,,,"93.2","2.9",25.5,5.9,47.1,"83.555214","96.2086436",22.9,45.3
"Naughton, Packy",676050,2022,26,"26","32.0",141,132,39,26,10,0,3,31,7,22,5,".295",".439",".336","0.775",".255",".402",".336",".304",".297",".148",,,,,,,,,,,,,"87.1","10",31.4,6.9,35.3,"75.4606578","93.3611081",27.8,47.3
"Payamps, Joel",606303,2023,29,"69","70.2",287,260,57,41,8,0,8,77,17,26.8,5.9,".219",".342",".278","0.620",".224",".345",".272",".279",".284",".121","70.9",17.6,13,9.7,37.4,27.9,"7.1",1,7.6,3.2,52.1,32.7,"87.8","13.8",34.2,4.8,33.7,"77.056424022","93.302298804",26.9,43.8
"Javier, Cristian",664299,2020,23,"12","54.1",214,192,36,19,6,0,11,54,18,25.2,8.4,".188",".391",".262","0.653",".187",".348",".280",".271",".265",".161",,,,,,,,,,,,,"86.9","25.1",28.6,6.4,29.3,"76.423836667","92.697385693",22.5,43.4
"Rucker, Michael",621074,2021,27,"20","28.1",126,112,32,20,7,0,5,30,11,23.8,8.7,".286",".482",".357","0.839",".263",".490",".360",".354",".338",".227",,,,,,,,,,,,,"90.8","11.9",36.1,10.8,45.8,"81.208735476","94.702462289",30.3,49.8
"Farmer, Buck",571656,2021,30,"36","35.1",171,144,40,26,5,0,9,37,21,21.6,12.3,".278",".500",".386","0.886",".269",".508",".380",".382",".379",".239",,,,,,,,,,,,,"91.2","14.7",36.1,10.2,45.4,"80.133237222","95.788035648",26,45
"May, Dustin",669160,2020,22,"12","56.0",224,205,45,32,4,0,9,44,16,19.6,7.1,".220",".371",".278","0.649",".254",".410",".282",".315",".310",".156",,,,,,,,,,,,,"87.9","6.3",30.1,6.7,33.7,"76.854846","93.489027438",19.1,48.3
"Baker, Bryan",641329,2023,28,"46","45.0",186,157,33,21,8,0,4,51,24,27.4,12.9,".210",".338",".314","0.652",".195",".326",".287",".283",".304",".131","71.5",26.2,13,11.5,29.6,26.2,"7.3",1,7.9,-1,54.1,31.8,"90","20.8",30,7.3,36.4,"80.264430909","94.059987615",23.6,48
"Díaz, Edwin",621242,2020,26,"26","25.2",109,94,18,13,3,0,2,50,13,45.9,11.9,".191",".287",".303","0.590",".157",".235",".272",".242",".273",".078",,,,,,,,,,,,,"86.6","11.7",38.6,6.8,38.6,"75.634411364","92.910569773",47.8,47.6
"Eflin, Zach",621107,2022,28,"20","75.2",313,290,70,44,16,2,8,65,15,20.8,4.8,".241",".393",".288","0.681",".222",".365",".295",".278",".272",".143",,,,,,,,,,,,,"85.3","10.5",31.6,6.1,31.1,"73.144882566","92.731852566",22.1,47.7
"Madden, Ty",680744,2024,24,"6","23.0",101,91,25,18,5,0,2,17,8,16.8,7.9,".275",".396",".337","0.733",".255",".412",".322",".325",".320",".158","71.2",23.2,12.1,9.4,32.1,24.9,"7.2",3,9.8,-2.7,56.4,31.6,"90.1","15.6",34.7,8,37.3,"81.201440811","93.670301081",24.4,50.9
"Topa, Justin",623437,2023,32,"75","69.0",279,254,61,49,6,2,4,61,18,21.9,6.5,".240",".327",".295","0.622",".230",".325",".269",".271",".290",".095","70.5",15.2,9.1,7.4,29.3,23.5,"7.1",4,7.3,4.2,50,31.4,"87.5","2.6",26.9,3,36.5,"75.930174316","93.637479789",19.5,46.6
"Mahle, Tyler",641816,2020,25,"10","47.2",201,172,34,19,6,3,6,60,21,29.9,10.4,".198",".372",".294","0.666",".189",".345",".290",".284",".288",".156",,,,,,,,,,,,,"87.4","20.8",33.6,6,39.7,"76.316209138","93.353811121",33.7,45.7
"Smith, Drew",622098,2021,27,"31","41.1",165,146,28,12,9,0,7,41,16,24.8,9.7,".192",".397",".279","0.676",".212",".412",".283",".301",".299",".200",,,,,,,,,,,,,"89.5","19.3",33,9.4,40.6,"79.341412453","94.202850667",29,51.5
"Young, Danny",664849,2024,30,"42","37.2",165,138,29,20,6,0,3,48,18,29.1,10.9,".210",".319",".331","0.650",".247",".389",".297",".340",".364",".142","71.2",21.9,13.8,10.2,29.6,21.9,"7.6",11,12.1,-5.2,44.7,34.8,"88.9","2.8",29.3,6.5,39.1,"77.741639556","94.178702584",30.7,38.3
"Houck, Tanner",656557,2020,24,"3","17.0",63,53,6,4,1,0,1,21,9,33.3,14.3,".113",".189",".254","0.443",".185",".329",".218",".296",".314",".144",,,,,,,,,,,,,"87.7","8.9",34.4,6.3,34.4,"77.975421875","92.746325938",27.1,44.5
"Mejía, Humberto",650668,2020,23,"3","10.0",49,42,13,6,4,0,3,11,6,22.4,12.2,".310",".619",".408","1.027",".300",".731",".431",".461",".400",".431",,,,,,,,,,,,,"93","17.7",45.2,22.6,45.2,"84.43402","96.020849677",22,48.8
"Ryan, River",689981,2024,25,"4","20.1",81,72,15,12,2,0,1,18,9,22.2,11.1,".208",".278",".296","0.574",".231",".373",".263",".307",".317",".142","72.1",24.4,9.4,7.3,31.3,24.4,"7.3",4,8.5,-0.8,62.6,31.7,"84.3","9.8",35.2,7.4,27.8,"72.037236667","92.271069074",23.9,46.8
"Thompson, Ryan",657044,2022,30,"47","42.2",181,167,39,27,7,1,4,39,11,21.5,6.1,".234",".359",".289","0.648",".233",".348",".282",".278",".289",".115",,,,,,,,,,,,,"87.8","6.8",27.1,4.7,37.2,"76.433020781","93.756700236",24.2,46.8
"Duran, Jhoan",661395,2024,26,"58","54.1",228,204,48,31,12,1,4,66,15,28.9,6.6,".235",".363",".305","0.668",".207",".291",".292",".265",".282",".084","70.5",18.7,11.6,8.2,29.5,20.9,"6.9",8,4.3,6.7,42,31.8,"87","-3.1",28.4,3.5,36.2,"74.911012754","93.699657153",32.9,49
"Leone, Dominic",608678,2024,32,"23","19.0",89,73,20,10,6,0,4,17,14,19.1,15.7,".274",".521",".382","0.903",".267",".457",".381",".372",".384",".190","71.7",22.6,9.6,6,32.5,20.3,"7.4",6,10.8,-3.6,57.9,31.9,"88","7.1",34.5,10.3,34.5,"78.087517241","93.09394",38,46
"Hart, Kyle",606996,2020,27,"4","11.0",67,56,24,16,4,0,4,13,10,19.4,14.9,".429",".714",".507","1.221",".355",".738",".507",".492",".452",".383",,,,,,,,,,,,,"90.6","18.5",50,13.6,45.5,"78.639171905","95.838154286",26.2,39.6
"Stashak, Cody",664054,2021,27,"15","15.2",75,62,16,10,4,0,2,26,10,34.7,13.3,".258",".419",".360","0.779",".208",".390",".339",".327",".327",".182",,,,,,,,,,,,,"91.2","24.2",44.7,15.8,42.1,"81.524079474","94.864807895",38.6,49.7
"Cody, Kyle",621129,2021,26,"7","11.1",55,49,16,12,1,0,3,14,2,25.5,3.6,".327",".531",".382","0.913",".292",".514",".388",".370",".351",".222",,,,,,,,,,,,,"94.8","11.9",36.1,8.3,47.2,"85.882612778","96.687637429",26.5,48.8
"Steckenrider, Drew",608716,2022,31,"16","14.1",68,63,21,14,3,2,2,10,5,14.7,7.4,".333",".540",".382","0.922",".362",".612",".396",".436",".409",".251",,,,,,,,,,,,,"88.8","16.5",45.3,11.3,39.6,"77.897973333","94.209868679",20.8,52.1
"Liberatore, Matthew",669461,2023,23,"22","61.2",275,241,66,37,22,2,5,46,25,16.7,9.1,".274",".444",".349","0.793",".285",".490",".341",".370",".363",".206","71.9",27.2,13.7,11.4,29.4,24.5,"7.3",4,8.8,0,47.8,31.8,"90.1","12.1",35.7,8.5,42.7,"79.495381616","94.74873697",18.7,44.9
"Yacabonis, Jimmy",642231,2023,31,"7","13.2",62,54,14,8,4,0,2,11,6,17.7,9.7,".259",".444",".339","0.783",".247",".444",".338",".338",".332",".198","73.1",23.1,21.7,19.2,39.1,34.6,"7.5",2,10.2,-5,76.9,34,"88.9","15.8",38.6,9.1,40.9,"78.397903636","94.065088864",20.2,40.7
"Alexander, Tyler",641302,2020,25,"14","36.1",152,138,39,25,5,1,8,34,9,22.4,5.9,".283",".507",".342","0.849",".257",".457",".361",".334",".319",".200",,,,,,,,,,,,,"89.1","11.7",28.6,8.6,37.1,"78.264095094","94.102638762",21.9,46.4
"Alexander, Tyler",641302,2022,27,"27","101.0",427,393,108,68,20,2,18,61,25,14.3,5.9,".275",".473",".315","0.788",".277",".509",".337",".357",".323",".232",,,,,,,,,,,,,"88.9","16.9",37.6,11.2,37.9,"77.485922096","94.204895419",17.1,50.7
"Bender, Anthony",669622,2021,26,"60","61.1",247,217,45,26,12,2,5,71,20,28.7,8.1,".207",".350",".287","0.637",".203",".313",".275",".269",".289",".110",,,,,,,,,,,,,"88.2","6.6",34.7,6,34,"77.989151216","93.407620272",30.2,40.5
"Martin, Brett",656685,2021,26,"66","62.1",264,246,67,52,10,0,5,42,14,15.9,5.3,".272",".374",".312","0.686",".260",".368",".293",".290",".300",".108",,,,,,,,,,,,,"88","5.9",26.9,3.4,33.7,"77.874141569","93.141460296",22.7,53.4
"Pressly, Ryan",519151,2021,32,"64","64.0",250,236,49,36,9,0,4,81,13,32.4,5.2,".208",".297",".249","0.546",".196",".327",".238",".246",".238",".131",,,,,,,,,,,,,"90.2","6.6",30.8,6.4,40.4,"80.327316667","94.223173355",32,50
"Pennington, Walter",679156,2024,26,"16","18.0",84,71,19,14,3,1,1,17,11,20.2,13.1,".268",".380",".381","0.761",".252",".416",".342",".350",".370",".164","72.6",32.1,17.2,12.7,35.4,26.1,"7.5",2,11.4,-5.5,53,34,"89.7","9.9",42.6,7.4,44.4,"78.099033462","94.982818846",26.5,45.8
"Rea, Colin",607067,2023,32,"26","124.2",517,468,110,66,18,3,23,110,38,21.3,7.4,".235",".434",".296","0.730",".250",".435",".313",".323",".311",".185","71.7",22.7,13.2,10.1,33.7,26,"7.2",9,9,0.7,51.3,34,"90.4","13",34.5,7.7,43.3,"79.914554222","94.82878625",24,47.9
"Morejon, Adrian",670970,2022,23,"26","34.0",141,130,31,23,4,0,4,28,9,19.9,6.4,".238",".362",".291","0.653",".239",".434",".285",".313",".294",".195",,,,,,,,,,,,,"90","19.2",36.9,8.7,37.9,"81.040433922","93.890679604",24,54.1
"Jacques, Joe",682175,2023,28,"23","26.2",122,104,32,23,5,2,2,20,10,16.4,8.2,".308",".452",".397","0.849",".240",".353",".366",".313",".343",".113","71.7",20,22.2,18.8,40.3,34.1,"7.3",2,7.8,-0.9,44.7,35,"88.9","-2.2",22.1,3.5,45.3,"76.458083095","94.970907381",17.9,39.7
"Helsley, Ryan",664854,2020,25,"12","12.0",52,43,8,3,2,0,3,10,8,19.2,15.4,".186",".442",".327","0.769",".215",".408",".327",".330",".351",".192",,,,,,,,,,,,,"91.8","16.9",33.3,6.1,45.5,"83.904015882","94.428998485",31.9,46.9
"Leiter Jr., Mark",643410,2024,33,"60","58.0",256,231,55,37,9,1,8,86,22,33.6,8.6,".238",".390",".313","0.703",".222",".352",".308",".291",".298",".131","72.1",27.5,17.6,11,32,20,"7.7",10,15.3,-11.6,43.7,33.3,"88.8","11.3",33.1,8.3,40,"77.69809","94.120993819",38.3,46.8
"Hatch, Thomas",641672,2020,25,"17","26.1",109,94,18,13,2,1,2,23,13,21.1,11.9,".191",".298",".303","0.601",".242",".408",".275",".336",".347",".166",,,,,,,,,,,,,"86.4","11.9",28.2,5.6,40.8,"73.289202571","93.707808286",31.3,47.2
"Hahn, Jesse",534910,2020,30,"18","17.1",65,56,4,3,1,0,0,19,8,29.2,12.3,".071",".089",".200","0.289",".148",".193",".157",".227",".269",".046",,,,,,,,,,,,,"86.5","15.7",24.3,0,27,"76.208199444","92.561418857",24.2,41.1
"Lorenzen, Michael",547179,2020,28,"18","33.2",147,127,30,21,5,1,3,35,17,23.8,11.6,".236",".362",".329","0.691",".206",".315",".304",".278",".303",".109",,,,,,,,,,,,,"84.4","12",28.7,4.3,26.6,"72.905224894","92.038004301",35.2,46.2
"Duffey, Tyler",608648,2022,31,"40","44.0",185,168,45,27,10,0,8,39,15,21.1,8.1,".268",".470",".330","0.800",".295",".488",".345",".362",".355",".193",,,,,,,,,,,,,"90.2","9.6",40,8.5,43.1,"79.584492308","94.652849612",25,47
"Stephenson, Robert",596112,2020,27,"10","10.0",43,39,11,3,0,0,8,13,3,30.2,7,".282",".897",".349","1.246",".240",".593",".495",".376",".310",".354",,,,,,,,,,,,,"91.2","26.1",38.5,23.1,53.8,"81.326227692","95.022726923",39.5,48.9
"Crismatt, Nabil",622503,2022,27,"50","67.1",280,252,57,33,19,0,5,65,22,23.2,7.9,".226",".361",".289","0.650",".234",".361",".285",".294",".301",".127",,,,,,,,,,,,,"87.7","7.8",33,5.2,36.1,"76.973271474","93.331246667",26.6,47.5
"Peralta, Wandy",593974,2024,32,"46","38.1",162,143,33,24,3,0,6,22,13,13.6,8,".231",".378",".315","0.693",".264",".445",".307",".355",".347",".182","72.4",29.3,16.4,13.4,32.3,26.4,"7.6",2,11.8,-5.5,54,34,"89.1","7",32,8.2,43.4,"77.147804167","94.761495126",19.1,48.6
"Lodolo, Nick",666157,2023,25,"7","34.1",166,147,50,32,7,1,10,47,10,28.3,6,".340",".605",".406","1.011",".237",".473",".426",".337",".315",".236",,,,,,,,,,,,,"90.8","8.3",36.3,12.7,40.2,"80.3363972","95.3382382",30.4,46.9
"Wade, Konner",592831,2021,29,"7","12.1",64,59,23,16,4,0,3,11,5,17.2,7.8,".390",".610",".438","1.048",".310",".492",".442",".365",".364",".183",,,,,,,,,,,,,"90.3","14.6",35.4,8.3,43.8,"78.808395","95.070738333",22,47.6
"Gil, Luis",661563,2021,23,"6","29.1",129,109,20,15,1,0,4,38,19,29.5,14.7,".183",".303",".310","0.613",".196",".348",".282",".302",".321",".152",,,,,,,,,,,,,"89.8","23",35.2,7,39.4,"80.529515278","93.715597746",31,46.6
"Robertson, David",502085,2024,39,"68","72.0",297,262,53,42,6,0,5,99,28,33.3,9.4,".202",".282",".291","0.573",".210",".332",".257",".281",".298",".121","71.1",19.3,11.3,8.1,29.7,21.4,"7.2",7,8.9,1,50.9,32.5,"88.7","9.9",31.1,5.5,37.8,"77.812772805","93.895541534",29.5,43.4
"Cleavinger, Garrett",664076,2022,28,"17","23.0",92,82,14,7,4,1,2,32,7,34.8,7.6,".171",".317",".242","0.559",".210",".362",".247",".284",".279",".152",,,,,,,,,,,,,"88.2","15.2",38.5,7.7,40.4,"77.16792","93.7329262",30.8,45
"Cimber, Adam",643256,2021,30,"72","71.2",286,261,61,47,10,2,2,51,16,17.8,5.6,".234",".310",".294","0.604",".239",".348",".263",".286",".301",".109",,,,,,,,,,,,,"87.9","6.4",27.4,3.8,38.2,"76.223781143","93.783029857",20.1,51.1
"Castro, Miguel",612434,2022,27,"34","29.0",131,111,27,15,10,0,2,31,15,23.7,11.5,".243",".387",".354","0.741",".247",".395",".333",".337",".358",".149",,,,,,,,,,,,,"88.3","10.9",35,11.3,32.9,"77.588281","93.61466557",32.3,42.1
"Erlin, Robbie",572362,2020,29,"9","26.2",122,112,33,13,9,3,8,25,7,20.5,5.7,".295",".643",".344","0.987",".259",".533",".403",".355",".314",".275",,,,,,,,,,,,,"89.8","19.7",38.6,13.6,42,"79.274532727","94.448561149",19.2,46.2
"Eflin, Zach",621107,2021,27,"18","105.2",442,421,116,70,29,2,15,99,16,22.4,3.6,".276",".461",".306","0.767",".253",".420",".325",".304",".285",".167",,,,,,,,,,,,,"87.9","11.9",33,6.8,39.2,"76.055263602","94.00519162",23.2,49.9
"Megill, Tylor",656731,2023,27,"25","126.1",567,500,141,98,25,0,18,105,58,18.5,10.2,".282",".440",".362","0.802",".279",".480",".350",".365",".360",".201","71.8",22.1,18,14.1,37.3,29.3,"7.1",5,8.2,3.5,44.9,32.7,"89.8","11.7",37,9.1,42.6,"78.869756548","94.663499746",23.4,44.9
"Suarez, Ranger",624133,2022,26,"29","155.1",662,598,149,93,39,2,15,129,58,19.5,8.8,".249",".396",".317","0.713",".239",".380",".314",".305",".309",".141",,,,,,,,,,,,,"87.5","5.1",27.9,6.8,34.9,"75.98613931","93.554240323",21.4,45.5
"Karinchak, James",675916,2020,24,"27","27.0",109,88,14,11,1,1,1,53,16,48.6,14.7,".159",".227",".278","0.505",".130",".196",".233",".230",".269",".066",,,,,,,,,,,,,"87.7","23.1",40,2.5,35,"76.5052665","93.654542051",45.3,40.6
"Beasley, Jeremy",676886,2022,26,"9","15.0",64,56,14,8,1,1,4,19,5,29.7,7.8,".250",".518",".328","0.846",".176",".376",".361",".280",".264",".200",,,,,,,,,,,,,"91.1","21.4",31.6,13.2,39.5,"81.431550526","94.776545",29.2,50.6
"Bard, Daniel",453268,2023,38,"50","49.1",232,170,35,19,9,2,5,47,49,20.3,21.1,".206",".371",".397","0.768",".222",".421",".345",".372",".414",".198","71.2",18.9,11.5,9.1,30.8,24.2,"7.1",3,7.9,2.6,49.2,31,"87.1","16.9",30.5,10.2,31.3,"75.785919063","93.296090859",21.7,40
"Cortes, Nestor",641482,2024,29,"31","174.1",710,661,162,94,44,0,24,162,39,22.8,5.5,".245",".421",".290","0.711",".234",".407",".307",".298",".280",".174","71.9",26.3,14.3,10.9,30.5,23.3,"7.3",18,8.8,-0.5,56.6,30.8,"89.7","22.4",35,7.9,43.6,"79.122676225","94.470879177",24.2,50.4
"Gonzales, Marco",594835,2021,29,"25","143.1",585,535,125,61,33,2,29,108,42,18.5,7.2,".234",".465",".295","0.760",".251",".484",".321",".339",".311",".234",,,,,,,,,,,,,"88.1","20.6",37.4,11.4,37,"76.738034225","93.854091103",20.4,48
"Peralta, Sammy",671111,2023,25,"16","20.0",90,79,19,11,6,0,2,18,11,20,12.2,".241",".392",".333","0.725",".240",".363",".320",".311",".333",".124","70.8",15,10.9,8.6,29.1,22.9,"7.3",1,9.1,-3.6,55,32.4,"86.9","15.2",34.4,3.3,32.8,"76.352672581","92.789369016",21,46.4
"Graveman, Kendall",608665,2022,31,"65","65.0",285,253,65,50,8,2,5,66,26,23.2,9.1,".257",".364",".330","0.694",".241",".345",".306",".295",".317",".105",,,,,,,,,,,,,"88.1","6",28.9,4.2,34.7,"77.478076842","93.430420476",27.2,45.8
"Swarzak, Anthony",461872,2021,35,"13","12.1",56,54,20,11,4,1,4,9,1,16.1,1.8,".370",".704",".393","1.097",".317",".621",".458",".406",".342",".304",,,,,,,,,,,,,"91","16.2",51.1,13.3,42.2,"80.785397273","94.733356364",16.3,49.2
"Farrell, Luke",608652,2021,30,"20","24.2",113,100,28,17,6,1,4,25,13,22.1,11.5,".280",".480",".363","0.843",".276",".501",".363",".369",".359",".225",,,,,,,,,,,,,"91.4","13.3",42.7,10.7,42.7,"81.328794737","95.191397067",29,44.4
"Webb, Logan",657277,2024,27,"33","204.2",841,783,202,152,35,4,11,172,50,20.5,5.9,".258",".355",".302","0.657",".270",".421",".288",".326",".316",".151","71.9",26,17.7,14.3,36.3,29.2,"7.3",19,7.3,2.2,48.6,34.9,"89.8","2.5",32.1,7,46.2,"77.927662825","95.233452829",20.8,46.2
"Walker, Josh",677020,2024,29,"10","12.1",56,47,13,9,2,1,1,11,7,19.6,12.5,".277",".426",".357","0.783",".230",".371",".338",".316",".326",".141","71.3",23.8,10.9,8.3,32.8,25,"7.3",2,9.8,-0.1,57.1,31.5,"86.2","8.2",39.5,7.9,36.8,"73.649997895","93.406570789",25.7,47
"Bassitt, Chris",605135,2023,34,"33","200.0",826,749,176,108,38,2,28,186,59,22.5,7.1,".235",".403",".299","0.702",".238",".409",".304",".310",".303",".171","70.6",17.2,11.5,9.1,31.2,24.6,"7",7,8.5,0.3,43.2,32.8,"87.5","13.2",36,8.3,35.3,"75.819874626","93.662809412",21.9,47.3
"Santana, Dennis",642701,2022,26,"63","58.2",255,219,50,35,13,0,2,54,28,21.2,11,".228",".315",".322","0.637",".245",".353",".287",".311",".339",".108",,,,,,,,,,,,,"86.6","9.7",35.5,4.7,33.1,"75.177102024","93.08032506",27.4,44.2
"Ramirez, Nick",598286,2024,34,"8","13.1",63,54,18,13,5,0,0,5,7,7.9,11.1,".333",".426",".397","0.823",".333",".548",".353",".417",".409",".215","71.3",14.8,23.9,19.8,52.2,43.2,"7.6",1,14.2,-6.6,54.3,33.4,"92.7","9.5",37.3,9.8,51,"83.661204615","95.811534118",19.6,47.4
"Williams, Devin",642207,2021,26,"58","54.0",226,194,36,26,4,1,5,87,28,38.5,12.4,".186",".294",".293","0.587",".174",".281",".268",".261",".283",".107",,,,,,,,,,,,,"85.7","11.4",33,5.5,28.4,"74.436106296","92.501710556",42.8,46.3
"Yajure, Miguel",664337,2022,24,"12","24.1",119,101,31,18,10,0,3,16,16,13.4,13.4,".307",".495",".412","0.907",".321",".526",".394",".411",".425",".205",,,,,,,,,,,,,"92.3","15.5",31.8,7.1,49.4,"82.385707381","95.793784458",23.6,45.9
"Watson, Tony",453265,2020,35,"21","18.0",73,68,13,9,1,0,3,15,3,20.5,4.1,".191",".338",".233","0.571",".239",".400",".246",".303",".283",".161",,,,,,,,,,,,,"84.8","10.7",31.5,9.3,29.6,"73.299098889","92.479711887",27,48.9
"Otto Jr., Glenn",657248,2022,26,"27","135.2",587,505,119,79,17,2,21,107,62,18.2,10.6,".236",".402",".332","0.734",".245",".438",".325",".345",".343",".193",,,,,,,,,,,,,"89","13.2",34.2,8.9,38.1,"78.076395377","94.125946599",23.1,45.2
"Nelson, Kyle",669459,2022,25,"43","37.0",151,134,26,14,11,0,1,30,14,19.9,9.3,".194",".299",".285","0.584",".234",".386",".266",".313",".320",".152",,,,,,,,,,,,,"88.5","13.7",31.7,7.7,38.5,"78.393184118","93.578171287",26.6,48.2
"Sánchez, Miguel",667376,2021,27,"28","26.0",120,101,27,17,6,0,4,23,14,19.2,11.7,".267",".446",".361","0.807",".268",".464",".343",".362",".368",".195",,,,,,,,,,,,,"89.6","11.3",40.7,8.6,38.3,"79.324198974","94.055692949",28.9,52.3
"Murphy, Chris",669684,2023,25,"20","47.2",212,190,50,31,14,0,5,49,17,23.1,8,".263",".416",".324","0.740",".233",".366",".321",".296",".299",".133","70.8",14.8,8.5,6.8,29.8,23.6,"7.3",4,10.9,-0.4,53.6,31.6,"87.1","12.5",34.5,6.9,33.1,"76.340273662","92.992926809",22.6,47.8
"Misiewicz, Anthony",664948,2023,28,"11","11.0",55,48,17,10,3,2,2,8,6,14.5,10.9,".354",".625",".418","1.043",".332",".562",".434",".419",".411",".230","71.6",15.4,5.6,3.8,22.2,15.4,"7.5",1,13.3,-6.8,65.4,34.4,"93.2","16.6",41.5,9.8,48.8,"84.377524286","95.942813659",21,43.8
"Beeks, Jalen",656222,2020,26,"12","19.1",81,76,21,15,5,0,1,26,4,32.1,4.9,".276",".382",".313","0.695",".228",".298",".303",".252",".267",".070",,,,,,,,,,,,,"86.4","12.6",31.4,2,31.4,"75.561375833","92.614331458",33.5,54.5
"Vespi, Nick",663989,2023,27,"9","14.2",59,56,16,8,6,0,2,9,2,15.3,3.4,".286",".500",".322","0.822",".250",".422",".344",".300",".288",".172","71.8",26.9,10.6,9.6,29.8,26.9,"7.6",1,10.4,-5.2,53.8,37,"87.2","14.2",36.2,6.4,36.2,"75.375030833","93.642821702",19.6,50.5
"Sánchez, Cristopher",650911,2024,27,"31","181.2",754,706,182,135,34,2,11,153,44,20.3,5.8,".258",".358",".301","0.659",".256",".371",".290",".298",".299",".116","72",26,13.8,10.4,30.9,23.3,"7.5",10,10.2,-2,43.7,34.6,"87.4","2.4",30.2,5.4,34.5,"75.18960646","93.870693047",24.3,51.6
"Tapia, Domingo",593619,2022,30,"11","17.0",90,74,25,14,9,1,1,12,14,13.3,15.6,".338",".527",".444","0.971",".240",".375",".417",".340",".375",".135",,,,,,,,,,,,,"89.9","10.5",31.7,4.8,39.7,"78.765221935","94.668740492",18.6,46
"Sandoval, Patrick",663776,2020,23,"9","36.2",159,147,37,19,8,0,10,33,12,20.8,7.5,".252",".510",".308","0.818",".272",".486",".345",".350",".327",".214",,,,,,,,,,,,,"88.1","3.6",28.9,7.9,47.4,"76.585815614","94.211947522",27.5,47.5
"Beeks, Jalen",656222,2022,28,"42","61.0",250,224,49,28,13,1,7,70,22,28,8.8,".219",".379",".293","0.672",".220",".385",".297",".299",".295",".165",,,,,,,,,,,,,"86.7","9.6",31.4,8.3,37.2,"74.118684487","93.71135471",31.3,48.5
"Speier, Gabe",642100,2024,29,"29","23.2",104,84,19,13,4,0,2,33,14,31.7,13.5,".226",".345",".340","0.685",".193",".307",".304",".282",".315",".115","71.6",14.9,6.3,4.5,25.2,18.2,"7.2",5,9.6,-0.8,58.4,32,"88.2","19.1",23.6,7.3,36.4,"77.942847778","93.482290566",31,46.7
"Payamps, Joel",606303,2024,30,"68","59.0",235,212,39,21,10,1,7,59,18,25.1,7.7,".184",".340",".253","0.593",".232",".431",".254",".314",".300",".199","71.8",23.8,14.7,10.8,33.5,24.6,"7.4",5,10.7,-2.7,58.4,32.8,"89.4","15.9",34,9.6,43.6,"78.170104675","94.581484248",27.1,48.1
"Gausman, Kevin",592332,2024,33,"31","181.0",756,693,165,101,41,3,20,162,56,21.4,7.4,".238",".392",".296","0.688",".253",".460",".300",".337",".312",".206","71.9",25.5,15,11.6,32.1,24.7,"7.3",14,9.7,-1.1,50.3,33.9,"90.2","16.1",35.5,9.7,42.4,"79.496181832","94.740771683",23.4,49.9
"Hernández, Carlos",672578,2021,24,"24","85.2",358,310,69,51,9,2,7,74,41,20.7,11.5,".223",".332",".318","0.650",".231",".394",".291",".322",".329",".163",,,,,,,,,,,,,"89.8","15.2",33.9,7.1,39.3,"80.354483083","93.877435983",25.8,47.3
"Rodríguez, Joely",570257,2023,31,"11","11.0",51,45,13,8,3,0,2,14,6,27.5,11.8,".289",".489",".373","0.862",".277",".460",".372",".358",".362",".183","72",31.6,7.1,5.3,28.6,21.1,"7.5",0,12.1,-3.8,52.6,35.6,"87.1","6.6",45.2,9.7,45.2,"74.23768375","94.394542581",27,41.4
"Peralta, Freddy",642547,2020,24,"15","29.1",125,108,22,13,7,0,2,47,12,37.6,9.6,".204",".324",".298","0.622",".179",".321",".280",".271",".278",".143",,,,,,,,,,,,,"86.9","21.9",36.5,7.9,31.7,"75.512132581","93.257193934",39.7,44.7
"Jansen, Kenley",445276,2024,36,"54","54.2",218,194,38,25,9,0,4,62,20,28.4,9.2,".196",".304",".271","0.575",".207",".368",".253",".286",".284",".161","71.1",18.8,10.4,8,34.7,26.8,"7.1",8,9.4,0.6,60.1,30.5,"90.4","22.3",36.3,11.1,37,"81.42870806","94.007212015",27,49.4
"Estévez, Carlos",608032,2020,27,"26","24.0",116,104,33,17,7,3,6,27,9,23.3,7.8,".317",".615",".388","1.003",".287",".495",".420",".370",".361",".208",,,,,,,,,,,,,"91.8","19.2",44.2,11.7,46.8,"82.32576","95.195431558",25.1,49.3
"Margevicius, Nick",676606,2020,24,"10","41.1",170,156,38,20,12,0,6,36,14,21.2,8.2,".244",".436",".306","0.742",".250",".434",".314",".318",".311",".184",,,,,,,,,,,,,"89.2","18.7",33.3,8.3,39.2,"78.807882881","93.979367797",20.1,43.9
"Allen, Logan",663531,2024,27,"12","28.0",128,114,32,23,6,0,3,21,10,16.4,7.8,".281",".412",".344","0.756",".302",".453",".330",".360",".365",".150","72",25.2,14.9,12.1,33.3,27.2,"7.4",2,11.1,-2.5,52.4,32.8,"89.3","12.9",41.1,5.3,40,"78.776739375","94.108398632",19.7,49.6
"Ramirez, Noé",598287,2020,30,"21","21.0",85,74,15,10,3,0,2,14,9,16.5,10.6,".203",".324",".294","0.618",".242",".398",".266",".311",".328",".156",,,,,,,,,,,,,"87.3","14.9",27.9,4.9,39.3,"75.339229","93.847407833",25.2,44.9
"Gillaspie, Logan",670810,2024,27,"9","11.1",49,47,15,10,3,0,2,7,0,14.3,0,".319",".511",".327","0.838",".287",".507",".355",".345",".299",".220","71.7",24.7,22.7,18.5,42.4,34.6,"7.2",1,8.2,3.2,55.6,33.2,"90.6","15.2",46.3,7.3,48.8,"80.012940476","95.34536439",17.2,61.6
"Gallegos, Giovanny",606149,2024,32,"21","20.2",94,84,24,9,9,0,6,21,10,22.3,10.6,".286",".607",".362","0.969",".250",".434",".409",".337",".329",".184","72",23,14.2,11.1,30.2,23.7,"7.7",5,14.7,-8.2,48.9,32.4,"86.9","9.7",30.2,9.5,41.3,"74.302272813","93.934264444",26.7,46.6
"Carlton, Drew",656290,2023,27,"11","20.2",85,74,18,12,4,0,2,18,6,21.2,7.1,".243",".378",".305","0.683",".234",".416",".298",".317",".307",".182",,,,,,,,,,,,,"89.8","10.9",44.1,10.2,37.3,"80.044587857","93.996945893",22.8,50.6
"Hader, Josh",623352,2022,28,"56","50.0",219,191,43,26,8,1,8,81,21,37,9.6,".225",".403",".311","0.714",".195",".371",".313",".293",".289",".176",,,,,,,,,,,,,"87.7","16.4",45.1,11.5,36.3,"76.243555263","93.654660442",36.6,47
"Garrett, Braxton",666129,2022,24,"17","88.0",373,338,86,57,17,3,9,90,24,24.1,6.4,".254",".402",".323","0.725",".247",".408",".319",".318",".316",".162",,,,,,,,,,,,,"89.4","9",32.9,7.2,38.6,"78.72653878","94.283828496",26.8,48.1
"Mejía, J.C.",650496,2023,26,"9","11.1",50,46,15,12,1,0,2,13,3,26,6,".326",".478",".380","0.858",".332",".521",".373",".391",".385",".189","72.7",29.7,18.4,14.1,38.8,29.7,"7.6",2,10.9,-5.3,57.8,35,"91.8","-1.2",42.4,6.1,45.5,"81.235205294","96.281532424",27.6,45.8
"Paddack, Chris",663978,2020,24,"12","59.0",245,229,60,32,12,2,14,58,12,23.7,4.9,".262",".515",".302","0.817",".276",".488",".342",".345",".317",".213",,,,,,,,,,,,,"90.9","9.3",34.7,11,47.4,"80.480246786","95.307474226",25.9,47.7
"Salazar, Eduardo",674285,2024,26,"26","29.1",133,118,34,26,6,0,2,27,14,20.3,10.5,".288",".390",".368","0.758",".278",".402",".338",".341",".360",".124","72.3",29.9,19.9,15.7,32.1,25.4,"7.2",4,6.4,2.6,42.1,33.6,"88.4","5.8",28.6,4.4,42.9,"74.491358478","95.377835385",23.2,45.3
"Hand, Brad",543272,2020,30,"23","22.0",86,77,13,7,5,1,0,29,4,33.7,4.7,".169",".260",".226","0.486",".174",".316",".216",".247",".237",".143",,,,,,,,,,,,,"87.5","24.2",32.7,8.2,32.7,"77.7624792","92.74603449",24.8,43.3
"Burr, Ryan",621114,2024,30,"34","32.2",140,127,29,15,10,0,4,47,12,33.6,8.6,".228",".402",".300","0.702",".221",".379",".307",".296",".294",".158","71.2",20.5,15.1,10.7,30.8,21.7,"7.5",10,12.5,-4.6,50.8,31.8,"91.3","16.3",43.8,8.8,47.5,"81.23229575","95.358148",31.9,50.5
"Luetge, Lucas",476595,2022,35,"50","57.1",251,228,63,47,11,1,4,60,17,23.9,6.8,".276",".386",".335","0.721",".242",".355",".317",".295",".307",".114",,,,,,,,,,,,,"85.2","17.6",40.6,5.3,23.5,"74.388479176","92.065408",27.5,44.6
"Stephan, Trevor",663986,2022,26,"66","63.2",267,240,57,41,13,0,3,82,18,30.7,6.7,".237",".329",".299","0.628",".193",".277",".278",".239",".259",".084",,,,,,,,,,,,,"87.5","10.2",27,3.1,34.4,"76.439562","93.334195625",35.3,50.3
"Strider, Spencer",675911,2023,24,"32","186.2",763,696,146,92,29,3,22,281,58,36.8,7.6,".210",".355",".279","0.634",".202",".347",".279",".273",".272",".146","70.9",17.3,9.7,6.6,29.7,20.2,"7.2",20,8.7,0.4,38.2,32,"88.5","17",40.2,8.2,36.1,"77.7258957","93.784333768",38.6,53
"Sands, Cole",663485,2023,25,"15","21.2",99,85,20,11,5,0,4,21,14,21.2,14.1,".235",".435",".343","0.778",".258",".493",".340",".370",".363",".235","70.9",15,10.4,8.3,29.2,23.3,"7.1",2,9.3,-0.4,50,31.8,"91.5","14.6",35.9,12.5,54.7,"80.641224375","95.878050156",19.3,43.8
"Hutchison, Drew",571800,2021,30,"9","21.1",91,77,20,16,3,0,1,10,11,11,12.1,".260",".338",".344","0.682",".284",".407",".305",".362",".382",".122",,,,,,,,,,,,,"91.1","12.3",28.6,5.7,44.3,"80.603417353","95.276314706",23.3,48.1
"Pérez, Cionel",672335,2024,28,"62","53.2",238,203,47,33,12,2,0,46,28,19.3,11.8,".232",".310",".338","0.648",".219",".318",".296",".297",".327",".099","71",18.3,12.8,10.1,33.9,26.6,"7.2",6,7.6,3.2,51.1,33.3,"88.3","4.1",29.6,5,34,"76.963449744","93.832232308",23.7,45.9
"Bush, Matt",456713,2022,36,"65","59.2",244,219,43,28,4,0,11,74,18,30.3,7.4,".196",".365",".264","0.629",".189",".335",".274",".260",".259",".146",,,,,,,,,,,,,"90.3","15.2",30.9,5.4,39.6,"80.874377945","94.151575685",30,45.8
"Miller, Mason",695243,2023,24,"10","33.1",139,118,24,17,4,1,2,38,16,27.3,11.5,".203",".305",".309","0.614",".185",".311",".280",".279",".299",".126","69.6",11,3,2.2,22.7,16.5,"7.2",3,9.2,0.7,52.7,30.8,"89.2","23.8",35.4,3.7,34.1,"80.718649268","93.005963086",26.2,46.3
"Garza, Justin",621057,2023,29,"17","18.1",91,77,22,12,6,1,3,17,12,18.7,13.2,".286",".506",".385","0.891",".303",".600",".378",".420",".402",".297","74.1",50,40,33.3,60,50,"7.5",0,16.6,-12,66.7,30.6,"91.9","16.8",50.8,11.5,42.6,"82.729781667","95.1655885",21.5,44.9
"Maples, Dillon",596027,2021,29,"28","31.1",139,104,15,10,3,0,2,40,25,28.8,18,".144",".231",".345","0.576",".181",".302",".285",".322",".374",".121",,,,,,,,,,,,,"86.9","5.3",30.3,6.1,42.4,"74.713269697","93.535832424",30.5,34.9
"Megill, Tylor",656731,2024,28,"16","78.0",337,298,70,46,15,1,8,91,32,27,9.5,".235",".372",".315","0.687",".233",".399",".304",".318",".316",".166","71.2",21.6,12.9,9.5,30.5,22.5,"7.2",15,8,2.1,48.2,31.8,"88.9","12.3",36.4,10,42.6,"77.633376214","94.285350976",28.6,49
"Garcia, Rico",670329,2020,26,"12","10.0",44,39,13,9,3,0,1,7,4,15.9,9.1,".333",".487",".386","0.873",".308",".494",".373",".368",".365",".186",,,,,,,,,,,,,"92","12.1",33.3,9.1,48.5,"83.426445882","94.907928182",23.3,48.6
"Germán, Domingo",593334,2022,29,"15","72.1",298,275,65,37,17,0,11,58,19,19.5,6.4,".236",".418",".295","0.713",".234",".397",".312",".302",".293",".164",,,,,,,,,,,,,"89.4","16.7",32.3,6.9,40.6,"79.075758796","94.165156791",24.5,49.8
"Ryu, Hyun Jin",547943,2021,34,"31","169.0",701,658,170,105,38,3,24,143,37,20.4,5.3,".258",".435",".299","0.734",".259",".442",".313",".322",".301",".183",,,,,,,,,,,,,"89.6","9.8",33.7,8.5,41.6,"78.898751797","94.364837227",22.6,47.5
"Coulombe, Danny",543056,2022,32,"10","12.1",53,43,7,5,2,0,0,9,9,17,17,".163",".209",".302","0.511",".197",".281",".248",".284",".329",".084",,,,,,,,,,,,,"83.8","13.9",31.4,0,25.7,"73.330145","91.451613143",29.8,45.2
"Bergen, Travis",664157,2021,27,"10","10.2",46,36,5,3,1,0,1,6,8,13,17.4,".139",".250",".326","0.576",".200",".384",".280",".343",".374",".184",,,,,,,,,,,,,"83.9","22",23.3,3.3,30,"71.045576667","92.378027",21.7,44.1
"Rodríguez, Joely",570257,2024,32,"14","13.2",64,60,19,13,2,1,3,12,2,18.8,3.1,".317",".533",".344","0.877",".282",".444",".372",".338",".319",".162","71.8",28.9,13.8,10.8,32.3,25.3,"7.4",1,11.2,-4.4,61.4,34.2,"85.7","-1.3",34.7,10.2,28.6,"73.3009284","93.184603469",20,48.2
"Ashby, Aaron",676879,2024,26,"14","28.1",119,107,20,12,6,0,2,33,10,27.7,8.4,".187",".299",".254","0.553",".199",".331",".247",".274",".269",".132","71.2",21.3,12.8,9.8,33.8,25.9,"7.4",5,10.1,-1.9,53.4,33.7,"90.2","4.5",31.6,6.6,36.8,"80.803238056","93.954311528",26.3,43.2
"Rainey, Tanner",663432,2021,28,"38","31.2",151,122,29,16,5,2,6,42,25,27.8,16.6,".238",".459",".377","0.836",".203",".434",".361",".342",".349",".231",,,,,,,,,,,,,"91.9","23.4",34.6,12.3,46.9,"82.928026585","95.236392222",35.3,47.7
"Baragar, Caleb",670056,2020,26,"24","22.1",88,81,17,8,6,0,3,19,5,21.6,5.7,".210",".395",".261","0.656",".225",".442",".280",".311",".278",".217",,,,,,,,,,,,,"90.1","29.1",27,7.9,34.9,"81.3280325","93.869337143",19.5,49.9
"Petit, Yusmeiro",433589,2020,35,"26","21.2",88,82,19,14,2,0,3,17,5,19.3,5.7,".232",".366",".273","0.639",".231",".454",".276",".327",".282",".222",,,,,,,,,,,,,"87.5","18.5",25.8,10.6,33.3,"76.708489355","93.39606371",26.1,52.4
"McFarland, T.J.",519008,2021,32,"38","38.2",144,135,32,21,7,1,3,21,9,14.6,6.3,".237",".370",".285","0.655",".243",".399",".282",".299",".291",".155",,,,,,,,,,,,,"90.8","-0.1",21.9,7,45.6,"80.054156429","95.122793929",17.4,49.4
"Rainey, Tanner",663432,2024,31,"50","51.0",231,197,47,29,9,1,8,44,29,19,12.6,".239",".416",".346","0.762",".234",".488",".335",".360",".344",".255","71.8",25.3,12.5,9.5,29.9,22.8,"7.4",7,11.3,-3.5,61.3,32.5,"91.1","25.8",33.8,14.3,42.9,"81.766235844","94.688285098",26,49.1
"Koenig, Jared",657649,2024,30,"55","62.0",265,236,54,44,5,1,4,63,23,23.8,8.7,".229",".309",".308","0.617",".225",".373",".273",".298",".304",".148","71.8",24.8,10.6,8.4,30.6,24.1,"7.2",4,8,0,49.2,32.5,"87.5","10.5",28.2,8,35.6,"76.065423176","93.584806294",22.4,47.5
"Long, Sam",669674,2022,26,"28","42.1",181,164,39,19,10,2,8,33,14,18.2,7.7,".238",".470",".300","0.770",".253",".438",".329",".325",".315",".184",,,,,,,,,,,,,"88.6","15.5",35.3,6.8,37.6,"77.659208462","93.86278907",25.4,46.4
"Kinley, Tyler",641755,2023,32,"18","16.1",76,66,21,14,4,0,3,17,6,22.4,7.9,".318",".515",".373","0.888",".246",".424",".377",".329",".319",".178","71.5",22,7,5.5,30,23.6,"7.5",2,12.4,-5.8,53.5,32.5,"88.8","25",42.3,7.7,32.7,"80.180849615","93.108660588",23,49.7
"Fiers, Mike",571666,2020,35,"11","59.0",257,236,65,46,9,1,9,37,16,14.4,6.2,".275",".436",".331","0.767",".261",".447",".332",".334",".321",".187",,,,,,,,,,,,,"88.6","20.3",33.5,7.5,33.5,"78.570640102","93.424965867",15.6,44.9
"Graterol, Brusdar",660813,2021,22,"34","33.1",150,131,34,21,11,0,2,27,13,18,8.7,".260",".389",".349","0.738",".261",".360",".312",".307",".351",".099",,,,,,,,,,,,,"86.2","-1.2",28.8,2.9,33.7,"73.526709412","93.472816961",19,51.2
"Gonzales, Marco",594835,2022,30,"32","183.0",783,717,194,120,44,0,30,103,50,13.2,6.4,".271",".457",".322","0.779",".264",".445",".337",".331",".318",".181",,,,,,,,,,,,,"86.7","14.5",32.3,7.2,35,"74.968575987","93.265151588",18.3,51
"Robertson, David",502085,2022,37,"58","63.2",264,225,39,23,10,0,6,81,35,30.7,13.3,".173",".298",".292","0.590",".173",".309",".270",".273",".292",".136",,,,,,,,,,,,,"88.6","12.8",31.7,7.6,38.9,"78.716955417","93.416671608",33,44.2
"McFarland, T.J.",519008,2020,31,"23","20.2",92,86,26,15,6,0,5,9,5,9.8,5.4,".302",".547",".348","0.895",".295",".507",".378",".366",".342",".212",,,,,,,,,,,,,"90.8","2.2",27.3,6.5,42.9,"81.139391579","95.0378824",16.2,42.9
"Stratton, Chris",608717,2021,30,"68","79.1",337,300,70,49,11,1,9,86,33,25.5,9.8,".233",".367",".309","0.676",".226",".386",".294",".302",".304",".161",,,,,,,,,,,,,"89","13.5",34.1,6.9,36.9,"78.681734953","93.832564413",28.3,47.3
"Clase, Emmanuel",661403,2021,23,"71","69.2",279,262,51,44,4,1,2,74,16,26.5,5.7,".195",".240",".241","0.481",".204",".272",".212",".232",".251",".068",,,,,,,,,,,,,"86.4","-0.2",20.1,1.6,29.6,"75.916904301","92.504745676",33.2,55
"Stout, Eric",657770,2022,29,"20","22.1",110,91,25,14,9,0,2,25,16,22.7,14.5,".275",".440",".400","0.840",".224",".393",".370",".334",".358",".169",,,,,,,,,,,,,"90.6","21.6",30.3,9.1,36.4,"81.540251818","94.10783803",27.1,41.8
"Young, Alex",622065,2022,28,"25","26.2",116,103,29,20,8,1,0,21,11,18.1,9.5,".282",".379",".353","0.732",".250",".350",".325",".304",".327",".101",,,,,,,,,,,,,"88.9","7.3",30.1,2.4,38.6,"78.64040881","93.88782241",31.6,50.6
"Hentges, Sam",656529,2021,24,"30","68.2",318,283,90,61,19,0,10,68,32,21.4,10.1,".318",".491",".385","0.876",".267",".480",".377",".356",".341",".213",,,,,,,,,,,,,"89.1","10.9",33.9,9.6,42.7,"77.136382222","94.764241944",24,45.2
"Smith, Caleb",592761,2020,28,"5","14.0",60,48,6,3,0,0,3,15,12,25,20,".125",".313",".300","0.613",".190",".461",".283",".356",".352",".271",,,,,,,,,,,,,"90.6","30.7",27.3,9.1,39.4,"82.12431375","93.550180625",36,42.7
"Wells, Tyler",669330,2021,26,"44","57.0",224,208,40,24,5,2,9,65,12,29,5.4,".192",".365",".238","0.603",".217",".418",".258",".290",".261",".201",,,,,,,,,,,,,"90","24.8",39,11,41.1,"79.44324726","94.499208138",28.3,55
"Anderson, Nick",623433,2023,32,"35","35.1",141,131,30,18,9,0,3,36,9,25.5,6.4,".229",".366",".277","0.643",".231",".402",".279",".294",".279",".170",,,,,,,,,,,,,"90.8","15.9",33.3,9.4,41.7,"81.434448125","94.446942105",27.8,48
"Davidson, Tucker",656353,2021,25,"4","20.0",83,73,15,9,2,1,3,18,8,21.7,9.6,".205",".384",".280","0.664",".268",".513",".287",".362",".338",".245",,,,,,,,,,,,,"89.2","10",38.6,12.3,40.4,"78.415253214","94.291272321",27.6,50.2
"Blackburn, Paul",621112,2021,27,"9","38.1",175,163,52,35,7,2,8,26,10,14.9,5.7,".319",".534",".366","0.900",".295",".474",".383",".353",".343",".179",,,,,,,,,,,,,"90.5","9.7",32.8,8.8,51.1,"78.924261029","95.626280515",15.9,42.4
"Romo, Sergio",489265,2022,39,"23","18.0",79,71,19,9,3,0,7,14,6,17.7,7.6,".268",".606",".321","0.927",".263",".541",".386",".360",".317",".278",,,,,,,,,,,,,"85.6","23.4",50,12.1,25.9,"74.193545862","92.525331207",21.9,47.8
"Giolito, Lucas",608337,2020,25,"12","72.1",288,255,47,31,8,0,8,97,28,33.7,9.7,".184",".310",".267","0.577",".196",".322",".257",".270",".279",".126",,,,,,,,,,,,,"87","15.2",33.5,5.6,35.4,"75.1833505","93.575196101",36.6,50.7
"Petit, Yusmeiro",433589,2021,36,"78","78.0",313,296,69,47,8,2,12,37,12,11.8,3.8,".233",".395",".264","0.659",".261",".458",".280",".320",".292",".197",,,,,,,,,,,,,"86.5","19.7",33.1,8.4,30,"75.396567385","92.866301004",21,51.8
"Leone, Dominic",608678,2021,29,"57","53.2",219,190,37,27,8,0,2,50,22,22.8,10,".195",".268",".279","0.547",".208",".346",".247",".286",".294",".138",,,,,,,,,,,,,"88.5","11.4",27.6,4.1,40,"77.880964085","93.926545319",30.3,47.4
"Lorenzen, Michael",547179,2023,31,"29","153.0",624,567,138,91,26,1,20,111,47,17.8,7.5,".243",".399",".302","0.701",".253",".443",".304",".325",".311",".191","71.2",19.7,11.9,9.4,34.3,27.2,"7.4",2,11,-2.4,52,31.8,"90","13.8",33.9,8,40.2,"80.116257074","94.295669956",21.7,49.4
"Falter, Bailey",663559,2022,25,"20","84.0",349,323,85,50,17,2,16,74,17,21.2,4.9,".263",".477",".309","0.786",".262",".470",".338",".335",".309",".209",,,,,,,,,,,,,"89","17.6",37.7,8.3,38.5,"78.23934992","94.1644398",24,48.6
"Scherzer, Max",453286,2024,39,"9","43.1",177,165,40,22,11,0,7,40,10,22.6,5.6,".242",".436",".288","0.724",".241",".407",".312",".307",".289",".166","71.8",24.5,12.7,9,27.1,19.3,"7.4",5,12,-6.4,55.6,31.8,"87.9","20.8",40.5,7.9,34.9,"76.868146557","93.48110123",29.2,54.7
"Miller, Andrew",453192,2020,35,"16","13.0",55,47,9,8,1,0,0,16,5,29.1,9.1,".191",".213",".309","0.522",".139",".173",".254",".220",".264",".034",,,,,,,,,,,,,"86.6","11",16.1,0,19.4,"78.760743125","91.455464516",32.2,42.4
"Soriano, George",666277,2024,25,"22","29.1",131,112,27,11,9,0,7,29,13,22.1,9.9,".241",".509",".336","0.845",".286",".535",".360",".390",".376",".249","71.5",25.7,12,9.4,34.6,26.9,"7.5",9,11.3,-4.1,52,32.4,"89","15.2",51.8,12.9,45.9,"76.742794762","95.011721786",25.5,45.3
"Wendelken, J.B.",605525,2021,28,"46","43.2",194,172,44,32,8,0,4,39,22,20.1,11.3,".256",".372",".340","0.712",".260",".420",".310",".331",".345",".160",,,,,,,,,,,,,"87.9","11.9",30.8,6.8,34.6,"76.414271212","93.861693435",23.7,47.4
"Garrett, Amir",607237,2021,29,"63","47.2",215,185,46,27,10,0,9,61,29,28.4,13.5,".249",".449",".350","0.799",".225",".403",".340",".317",".330",".178",,,,,,,,,,,,,"90.4","8.9",29.6,9.6,47.2,"79.412563065","95.244069839",33.7,43.7
"Underwood Jr., Duane",621249,2022,27,"51","57.1",259,228,57,44,12,0,1,57,25,22,9.7,".250",".316",".336","0.652",".257",".367",".295",".318",".343",".110",,,,,,,,,,,,,"87.8","7.3",36,3.5,36,"76.511209535","93.652704444",27.3,49.2
"Wantz, Andrew",681806,2021,25,"21","27.1",120,105,23,14,4,0,5,38,11,31.7,9.2,".219",".400",".311","0.711",".218",".415",".308",".313",".310",".197",,,,,,,,,,,,,"87.8","20.8",49.3,11.9,34.3,"77.131585882","93.481234627",30.3,47.8
"Romero, JoJo",668941,2020,23,"12","10.2",47,42,13,9,3,0,1,10,2,21.3,4.3,".310",".452",".370","0.822",".296",".411",".358",".344",".358",".115",,,,,,,,,,,,,"87.3","6.7",33.3,3,36.4,"73.878725625","94.358670313",28.3,54.1
"Fulmer, Carson",608334,2024,30,"37","86.2",379,329,81,46,24,0,11,81,40,21.4,10.6,".246",".419",".334","0.753",".247",".443",".326",".338",".337",".196","72.3",27.2,14.8,11.2,32.3,24.5,"7.5",15,11,-2.8,54.9,35.2,"90.6","13",34.1,9.5,44.4,"80.4347144","94.852082088",25.8,46.3
"Wendelken, J.B.",605525,2020,27,"21","25.0",106,93,17,12,3,0,2,31,11,29.2,10.4,".183",".280",".267","0.547",".183",".317",".247",".265",".269",".134",,,,,,,,,,,,,"86","14.7",23.8,4.8,31.7,"74.414706129","92.817748065",26.6,45
"Fedde, Erick",607200,2021,28,"29","133.1",590,524,144,91,29,1,23,128,48,21.7,8.1,".275",".466",".337","0.803",".259",".459",".340",".335",".324",".201",,,,,,,,,,,,,"89.8","7.3",31.1,9.3,40.6,"78.493197525","94.762373089",22.1,44.9
"Smyly, Drew",592767,2024,35,"50","58.2",257,226,57,40,7,0,10,56,25,21.8,9.7,".252",".416",".333","0.749",".232",".373",".325",".302",".316",".141","71.2",20.3,13.3,10.4,29.5,23.1,"7.4",17,10.9,-4.5,52.8,32.8,"89.2","19.5",34.1,6.4,38.2,"78.341442024","94.083570476",25.2,48.1
"Nardi, Andrew",677053,2023,24,"63","57.1",237,211,45,27,11,0,7,73,21,30.8,8.9,".213",".365",".297","0.662",".187",".302",".289",".257",".273",".115","71.6",21.9,4.4,3.4,22.1,17.1,"7.1",4,6.6,3.9,44.5,30.1,"84.6","12.3",30.2,6.5,27.3,"72.239223971","92.483975074",28.7,50.6
"Houser, Adrian",605288,2020,27,"12","56.0",246,221,63,42,12,1,8,44,21,17.9,8.5,".285",".457",".358","0.815",".267",".407",".353",".332",".342",".140",,,,,,,,,,,,,"86.3","1.4",29.4,5.6,32.8,"74.6402825","92.993536989",22.3,49
"Lugo, Seth",607625,2020,30,"16","36.2",160,146,40,24,7,1,8,47,10,29.4,6.3,".274",".500",".325","0.825",".264",".450",".346",".331",".318",".186",,,,,,,,,,,,,"90","7.5",37.6,8.9,42.6,"78.639008235","94.976551188",30.1,47.9
"Okert, Steven",595345,2021,29,"34","36.0",142,120,22,11,6,0,5,40,15,28.2,10.6,".183",".358",".291","0.649",".172",".355",".281",".279",".283",".183",,,,,,,,,,,,,"86.8","24.9",27.7,7.2,36.1,"75.208892927","93.223744268",30.5,47.4
"Brubaker, JT",664141,2021,27,"24","124.1",537,485,123,71,22,2,28,129,37,24,6.9,".254",".480",".318","0.798",".245",".439",".340",".326",".312",".194",,,,,,,,,,,,,"88.9","12.6",33.4,8.8,38.7,"77.573203371","94.269267662",27.4,47.5
"Jansen, Kenley",445276,2020,32,"27","24.1",102,90,19,14,3,0,2,33,9,32.4,8.8,".211",".311",".304","0.615",".192",".290",".279",".266",".289",".098",,,,,,,,,,,,,"82.7","22.2",33.3,3.5,14,"73.703218148","90.543838148",30.6,52.7
"Hicks, Jordan",663855,2023,26,"65","65.2",285,247,57,41,11,1,4,81,32,28.4,11.2,".231",".332",".326","0.658",".207",".311",".296",".283",".308",".104","71.1",20.8,11.3,9,35.7,28.5,"7.1",5,5.3,5.3,35.4,33.5,"86.7","-0.1",27.4,5.4,35.9,"73.765856747","93.860384157",28.2,41.4
"Gomber, Austin",596295,2020,26,"14","29.0",119,100,19,15,2,1,1,27,15,22.7,12.6,".190",".260",".303","0.563",".235",".329",".262",".309",".344",".094",,,,,,,,,,,,,"90","10.3",36,2.7,33.3,"81.383197297","93.554196486",26.5,42.4
"Zimmermann, Bruce",669145,2022,27,"15","73.2",320,302,97,53,21,2,21,49,12,15.3,3.8,".321",".613",".348","0.961",".298",".575",".407",".385",".329",".277",,,,,,,,,,,,,"91.1","14",38.9,13.2,42.7,"81.0171232","94.95956736",19,50.8
"Smith, Caleb",592761,2021,29,"45","113.2",500,429,93,54,19,0,20,124,63,24.8,12.6,".217",".401",".325","0.726",".211",".385",".317",".312",".320",".174",,,,,,,,,,,,,"86.8","23.7",36.3,8.5,29.1,"76.071030066","92.770687417",27.5,46.2
"Freeland, Kyle",607536,2022,29,"31","174.2",766,687,193,119,47,8,19,131,53,17.1,6.9,".281",".456",".342","0.798",".270",".476",".346",".352",".336",".207",,,,,,,,,,,,,"89.8","12.7",35.2,9.7,42.4,"79.406275786","94.45487619",20.8,47.5
"Strzelecki, Peter",657265,2024,29,"10","11.2",47,43,11,7,3,0,1,9,3,19.1,6.4,".256",".395",".319","0.714",".276",".430",".314",".340",".337",".155","70",14.5,9.5,7.9,34.9,28.9,"7",1,8.4,2.3,57.9,30.5,"87.5","14.3",38.2,8.8,38.2,"75.641258235","93.800367353",17,45.8
"Smyly, Drew",592767,2020,31,"7","26.1",111,101,20,14,4,0,2,42,9,37.8,8.1,".198",".297",".261","0.558",".219",".379",".248",".294",".286",".160",,,,,,,,,,,,,"90.6","11.4",41.7,13.3,45,"81.171065667","94.369069153",34.5,46.9
"Voth, Austin",608723,2024,32,"68","61.0",248,226,46,28,8,1,9,61,18,24.6,7.3,".204",".367",".271","0.638",".212",".374",".281",".288",".279",".162","71.4",19.6,13.5,9.5,32.4,22.9,"7.4",13,11.5,-4.7,52.3,31.9,"85.8","16.2",40.4,7.8,29.5,"74.551087439","92.540165854",31.6,48.4
"Castro, Miguel",612434,2023,28,"75","64.2",268,239,51,32,11,0,8,60,25,22.4,9.3,".213",".360",".296","0.656",".231",".387",".286",".304",".312",".156","71.4",24.5,16.5,12.9,33.9,26.4,"7.5",8,11.5,-4.7,51.5,33.9,"86.1","10.5",33.3,6.1,28.3,"74.751686517","92.77636882",26.9,45.7
"Suero, Wander",593833,2020,28,"22","23.2",102,88,20,14,5,0,1,28,10,27.5,9.8,".227",".318",".324","0.642",".220",".372",".283",".301",".319",".152",,,,,,,,,,,,,"88.6","17.4",34.4,8.2,27.9,"78.912134667","93.1358245",32.5,53.3
"Andriese, Matt",542882,2020,30,"16","32.0",126,114,21,12,3,1,5,33,11,26.2,8.7,".184",".360",".262","0.622",".220",".379",".271",".298",".294",".159",,,,,,,,,,,,,"89.4","13.6",28.4,8.6,35.8,"79.909024634","93.704956914",22.5,47.2
"Miller, Bobby",676272,2024,25,"13","56.0",258,226,69,44,7,1,17,52,30,20.2,11.6,".305",".571",".391","0.962",".293",".535",".411",".396",".382",".242","71.9",25.9,17,13.3,36.4,28.5,"7.4",10,11.4,-3.4,49,32.4,"91.5","10.4",34.5,11.5,47.7,"81.357185581","95.547014269",23.7,46.1
"Myers, Tobias",668964,2024,25,"27","138.0",569,520,126,88,19,1,18,127,36,22.3,6.3,".242",".387",".295","0.682",".248",".422",".297",".317",".303",".174","71.8",23.3,14.9,11.9,32.1,25.7,"7.3",15,10.5,-1.7,51.6,31.9,"89.8","16.4",36.4,8,38.7,"79.298209695","94.361623995",21.3,49.6
"Darvish, Yu",506433,2021,34,"30","166.1",681,623,138,70,35,5,28,199,44,29.2,6.5,".222",".429",".279","0.708",".203",".374",".301",".280",".265",".171",,,,,,,,,,,,,"88.2","16.6",35.1,8.8,34.9,"78.08731436","93.203429953",27.3,47.6
"Stephan, Trevor",663986,2023,27,"71","68.2",294,257,63,39,17,1,6,75,26,25.5,8.8,".245",".389",".323","0.712",".238",".415",".311",".325",".320",".178","71.8",21.2,15.4,10.6,34.2,23.5,"7.5",2,13.3,-6.9,48.8,32.8,"89.1","14.1",34,8.5,38.3,"78.125946022","94.214192162",30.6,49.9
"Graterol, Brusdar",660813,2022,23,"46","49.2",197,181,39,27,8,1,3,43,10,21.8,5.1,".215",".320",".264","0.584",".207",".305",".256",".251",".259",".099",,,,,,,,,,,,,"85.5","-0.7",24.1,4.3,25.5,"74.485615072","92.239300435",21.1,56.9
"Eshelman, Thomas",664045,2021,27,"9","27.2",126,114,34,19,9,0,6,11,10,8.7,7.9,".298",".535",".357","0.892",".276",".466",".377",".352",".340",".191",,,,,,,,,,,,,"88.6","19",31.7,8.7,33.7,"77.337420196","93.934080196",13.8,44.2
"Santos, Gregory",666619,2023,23,"60","66.1",289,267,69,58,8,1,2,66,17,22.8,5.9,".258",".318",".315","0.633",".245",".320",".283",".278",".303",".074","71.8",22.9,9.5,6.4,38.9,26.4,"7.5",1,10.2,-1.7,54.3,35.4,"88.9","2.9",32.8,1.5,34.8,"79.5073986","93.27311196",30,49.4
"Bumgarner, Madison",518516,2023,33,"4","16.2",90,72,25,13,8,0,4,10,15,11.1,16.7,".347",".625",".456","1.081",".327",".576",".451",".430",".440",".249",,,,,,,,,,,,,"89.4","14.3",34.4,12.5,43.8,"77.100991563","95.027490469",17.1,43.4
"Moll, Sam",594580,2021,29,"8","10.1",44,37,8,7,0,0,1,8,5,18.2,11.4,".216",".297",".341","0.638",".193",".368",".297",".314",".321",".175",,,,,,,,,,,,,"90","6.5",27.6,10.3,37.9,"78.963270714","94.902894444",16.7,35.9
"Bido, Osvaldo",674370,2024,28,"16","63.1",259,224,43,28,12,0,3,63,26,24.3,10,".192",".286",".295","0.581",".180",".280",".265",".260",".284",".100","72.1",27.6,8.9,6.6,25,18.5,"7.4",8,12.3,-5.1,55.2,31.8,"85.6","21.7",32.5,4.3,27,"74.007599753","92.559819136",26.4,47.7
"Peterson, David",656849,2021,25,"15","66.2",287,251,64,37,15,1,11,69,29,24,10.1,".255",".454",".344","0.798",".273",".485",".345",".367",".360",".211",,,,,,,,,,,,,"90.4","10.3",38,9.8,42.9,"79.023637303","95.136521966",25.3,46.8
"Ramírez, Yohan",670990,2020,25,"16","20.2",94,69,9,5,1,0,3,26,20,27.7,21.3,".130",".275",".351","0.626",".149",".279",".299",".314",".370",".130",,,,,,,,,,,,,"86.6","33.4",31.8,6.8,29.5,"76.621594091","92.386112273",29.9,36.7
"Ramirez, Nick",598286,2020,30,"5","10.2",46,40,8,5,0,0,3,11,4,23.9,8.7,".200",".425",".283","0.708",".227",".387",".302",".305",".307",".160",,,,,,,,,,,,,"84.4","10.1",36.7,6.7,26.7,"73.883294667","91.563348333",23.5,43.5
"Beede, Tyler",595881,2024,31,"13","14.0",68,54,16,10,3,1,2,18,9,26.5,13.2,".296",".500",".418","0.918",".235",".354",".393",".340",".375",".119","72.7",33.8,8.3,6.3,25,18.8,"7.8",0,13.9,-7.7,47.5,33.8,"89.1","8.2",31.6,5.3,44.7,"78.822704211","94.105747568",29.7,44.5
"Winn, Cole",668390,2024,24,"13","17.1",77,69,18,13,3,0,2,14,4,18.2,5.2,".261",".391",".325","0.716",".278",".470",".315",".356",".345",".192","71.2",18.5,13.5,9.7,34.8,25,"7.3",0,9.4,-2,47.2,30.5,"89.9","14.3",41.1,10.7,41.1,"79.399551429","94.425871071",25.7,51.7
"Muller, Kyle",666205,2021,23,"9","36.2",155,129,26,18,6,0,2,37,20,23.9,12.9,".202",".295",".314","0.609",".210",".358",".275",".304",".324",".147",,,,,,,,,,,,,"91.1","16",38.5,7.3,42.7,"82.362893191","94.180945376",30.8,45.5
"Medina, Adonis",658431,2022,25,"14","23.2",110,98,30,21,7,0,2,17,6,15.5,5.5,".306",".439",".370","0.809",".283",".464",".357",".356",".349",".181",,,,,,,,,,,,,"91.2","7.4",30.9,7.4,56.8,"79.262456341","96.593599506",19.3,47.6
"Yardley, Eric",642233,2020,29,"24","23.1",97,85,19,12,5,0,2,19,10,19.6,10.3,".224",".353",".309","0.662",".224",".358",".293",".300",".311",".134",,,,,,,,,,,,,"88.5","3.9",22.4,4.5,38.8,"77.49717","93.831221364",18.9,45.1
"Lakins, Travis",664042,2020,26,"22","25.2",116,100,25,16,7,0,2,25,13,21.6,11.2,".250",".380",".345","0.725",".269",".427",".321",".348",".364",".158",,,,,,,,,,,,,"89.8","7.9",42.1,9.2,42.1,"79.831498378","94.213474865",22.5,45.3
"Graterol, Brusdar",660813,2023,24,"68","67.1",257,240,53,42,7,1,3,48,12,18.7,4.7,".221",".296",".262","0.558",".244",".335",".245",".275",".285",".092","70.7",13.6,7.9,6.5,28.6,23.7,"6.8",2,5.1,9.1,42.6,32.2,"87","1.9",24.2,4.6,32.5,"75.801982737","93.158832328",16.6,50.7
"Foley, Jason",671345,2023,27,"70","69.0",276,259,65,48,13,2,2,55,15,19.9,5.4,".251",".340",".293","0.633",".259",".384",".275",".299",".302",".125","71.2",16.9,14.3,11.9,29.7,24.7,"7.1",6,6.3,4.5,47,34.5,"88.2","3.7",29.3,4.4,42,"75.64732049","94.552937143",17.9,48.4
"Gray, Josiah",680686,2023,25,"30","159.0",698,605,152,100,29,1,22,143,80,20.5,11.5,".251",".412",".345","0.757",".251",".436",".332",".342",".346",".185","72.2",27.8,11.1,8.6,29,22.5,"7.4",2,12,-5.9,49.9,33.1,"87.6","16.8",35,9.4,36.7,"75.912309009","93.710812694",26.2,46.4
"Keuchel, Dallas",572971,2020,32,"11","63.1",257,238,52,41,8,1,2,42,17,16.3,6.6,".218",".286",".271","0.557",".277",".393",".249",".317",".325",".116",,,,,,,,,,,,,"86.8","5.6",34.3,4,31.3,"74.956208144","93.354275567",23.8,45.1
"Pineda, Michael",501381,2021,32,"22","109.1",458,430,114,69,26,2,17,88,21,19.2,4.6,".265",".453",".301","0.754",".277",".477",".320",".337",".313",".200",,,,,,,,,,,,,"91.2","15.3",33.4,8.9,46.7,"80.745629181","95.339363538",22.1,51.7
"Guerra, Deolis",500610,2021,32,"53","65.2",269,243,53,35,10,0,8,62,20,23,7.4,".218",".358",".287","0.645",".200",".348",".283",".272",".271",".149",,,,,,,,,,,,,"85.6","22",30.1,7.1,33.9,"73.880803297","92.744509448",28.4,48.3
"Gilbert, Logan",669302,2022,25,"32","185.2",766,702,170,107,41,3,19,174,49,22.7,6.4,".242",".390",".295","0.685",".253",".421",".299",".318",".308",".169",,,,,,,,,,,,,"91","14.6",37.6,7.1,45.6,"80.915132121","95.054543814",24.2,50.3
"Peralta, Wily",503449,2022,33,"28","38.1",168,141,34,26,6,0,2,32,24,19,14.3,".241",".326",".351","0.677",".236",".365",".309",".324",".351",".129",,,,,,,,,,,,,"88.8","11.1",36,4.5,38.7,"78.519215185","93.6337075",21.2,42.2
"Chafin, Andrew",605177,2023,33,"63","51.1",224,195,45,25,11,3,6,63,28,28.1,12.5,".231",".410",".330","0.740",".228",".399",".324",".321",".328",".171","72",28.1,14.4,11,29.7,22.6,"7.6",2,11.2,-3.2,49.3,35,"86.8","13.9",38.6,9.8,32.6,"74.918832923","93.364925462",31.8,43
"Waguespack, Jacob",621097,2020,26,"11","17.2",90,78,27,21,4,0,2,16,9,17.8,10,".346",".474",".422","0.896",".273",".395",".391",".341",".365",".122",,,,,,,,,,,,,"87.3","12.3",33.3,4.8,25.4,"77.491155333","92.655144915",24.7,45.8
"Bassitt, Chris",605135,2022,33,"30","181.2",745,680,159,113,26,1,19,167,49,22.4,6.6,".234",".359",".297","0.656",".227",".372",".291",".293",".291",".145",,,,,,,,,,,,,"85.7","10.8",31.1,6.6,32.8,"73.740095781","92.802733268",23.6,46.5
"Vieira, Thyago",600986,2024,31,"28","38.0",177,147,37,22,6,1,8,39,26,22,14.7,".252",".469",".367","0.836",".236",".441",".361",".349",".355",".205","71.6",24.8,13.5,10.4,32.9,25.2,"7.3",6,9.9,-1.5,53.3,32.9,"89.6","13",35.5,10,45.5,"78.028932","94.877831101",24.8,43.3
"Bush, Ky",681066,2024,24,"4","17.2",87,69,20,13,5,0,2,11,16,12.6,18.4,".290",".449",".425","0.874",".256",".426",".382",".363",".399",".170","72.1",24.8,14.1,11.1,38,29.9,"7.5",2,11.4,-3.2,52.1,32.6,"90.2","16.7",32.2,3.4,49.2,"80.416772069","94.648925789",22.8,41.5
"Buehler, Walker",621111,2024,29,"16","75.1",344,308,89,56,15,2,16,64,28,18.6,8.1,".289",".506",".356","0.862",".260",".432",".370",".336",".331",".172","70.9",20.2,12.7,10.3,36.1,29.1,"7.1",7,8.4,-0.1,46.5,32.8,"88.3","10.8",36.2,6.9,37.8,"77.418332975","93.883231162",19.4,45.4
"Gomber, Austin",596295,2023,29,"27","139.0",603,552,164,100,35,3,26,87,43,14.4,7.1,".297",".513",".351","0.864",".289",".505",".368",".363",".343",".217","73.2",34.4,15.4,12.8,35.7,29.7,"7.4",2,11,-3.9,55,32.3,"90.5","12.8",31.3,8.9,44.3,"79.777446652","94.9510922",19.1,47.5
"Quintana, Jose",500779,2023,34,"13","75.2",319,289,75,57,11,2,5,60,24,18.8,7.5,".260",".363",".314","0.677",".273",".430",".297",".330",".328",".157","72.5",29.4,12.9,10.2,33.4,26.5,"7.4",7,10.1,-0.7,53.5,32.8,"88.1","11.9",36.8,5.1,32.5,"77.668845897","93.358287339",21.6,45.5
"Jackson, Jay",543351,2021,33,"23","21.2",90,76,15,8,3,1,3,28,12,31.1,13.3,".197",".382",".303","0.685",".198",".400",".299",".313",".307",".203",,,,,,,,,,,,,"91.3","21.6",42,12,42,"81.909840417","94.707995833",29.9,44.5
"Stripling, Ross",548389,2024,34,"22","85.1",381,353,109,72,30,0,7,49,22,12.9,5.8,".309",".453",".347","0.800",".291",".450",".344",".340",".333",".159","71.9",23.6,17,14.2,38.2,31.9,"7.4",4,10.1,-1.3,54.1,31.5,"88.3","13.6",39.8,6.8,35.3,"77.755111307","93.509050131",16.9,47.9
"Kelly, Zack",677161,2024,29,"49","56.2",241,212,44,26,8,0,10,61,27,25.3,11.2,".208",".387",".303","0.690",".224",".416",".300",".319",".317",".192","70.4",17.9,9.8,7.2,30.1,22.1,"7.3",6,10.1,-3.2,50.9,31.7,"87.2","12",35.1,9.9,31.1,"76.0100832","93.197603267",28.1,46.5
"Widener, Taylor",642203,2021,26,"23","70.1",319,270,65,35,16,0,14,73,37,22.9,11.6,".241",".456",".345","0.801",".244",".484",".343",".357",".349",".239",,,,,,,,,,,,,"89.9","17.8",38.6,9.4,45,"79.109896061","94.754123249",23.4,45.9
"McGowin, Kyle",641851,2020,28,"9","11.0",47,42,9,7,0,0,2,16,5,34,10.6,".214",".357",".298","0.655",".188",".328",".281",".261",".275",".140",,,,,,,,,,,,,"85.2","16.7",34.6,7.7,26.9,"73.2077","92.69114",38.5,48.2
"Kremer, Dean",665152,2022,26,"22","125.1",512,469,123,85,27,0,11,87,34,17,6.6,".262",".390",".318","0.708",".263",".432",".312",".328",".319",".169",,,,,,,,,,,,,"88.4","14.7",36.6,7.3,39.2,"76.970003579","94.020185237",22.3,50.7
"Barlow, Joe",669618,2022,26,"35","35.0",146,127,27,17,4,1,5,28,13,19.2,8.9,".213",".378",".301","0.679",".252",".496",".300",".360",".339",".244",,,,,,,,,,,,,"91.4","15.2",37.6,10.9,42.6,"82.588289","94.4865079",27.2,49.1
"Melancon, Mark",453343,2021,36,"64","64.2",265,237,54,41,9,0,4,59,25,22.3,9.4,".228",".316",".302","0.618",".258",".387",".270",".315",".332",".129",,,,,,,,,,,,,"86.6","-0.5",33.9,6.1,36.1,"74.307455169","93.562696517",20.8,45.6
"Fry, Paul",643316,2022,29,"13","13.0",61,48,11,8,1,1,1,14,9,23,14.8,".229",".354",".367","0.721",".253",".373",".327",".346",".388",".120",,,,,,,,,,,,,"94.6","-1.6",31.4,2.9,51.4,"85.323633333","97.026545143",27.6,42.2
"Cueto, Johnny",456501,2023,37,"13","52.1",218,199,51,28,6,0,17,39,15,17.9,6.9,".256",".543",".317","0.860",".251",".493",".362",".346",".313",".242","71.8",22,11.9,9.5,29.8,23.8,"7.1",2,10.3,0.3,51.9,33.4,"88.2","16.9",37.3,10.6,36.6,"77.124512875","93.840066352",19.3,52.4
"Wood, Alex",622072,2023,32,"29","97.2",429,373,98,61,24,4,9,74,42,17.2,9.8,".263",".421",".347","0.768",".253",".415",".335",".331",".338",".163","71.5",26,9.6,7.9,35,28.7,"7.3",4,7.9,0.3,51.8,33.2,"89.2","11.7",33.1,5.6,37.4,"79.410722752","93.772164765",21.7,45.8
"Kluber, Corey",446372,2023,37,"15","55.0",257,232,69,34,16,2,17,42,21,16.3,8.2,".297",".603",".366","0.969",".268",".547",".407",".375",".339",".279",,,,,,,,,,,,,"89","19.4",40,12.1,40.5,"77.692312","94.303880688",20.9,48.9
"Rosenthal, Trevor",572096,2020,30,"23","23.2",91,81,12,5,4,1,2,38,8,41.8,8.8,".148",".296",".231","0.527",".131",".262",".233",".217",".216",".131",,,,,,,,,,,,,"90.5","14.4",20.5,6.8,40.9,"81.550711364","94.271716744",38.1,46.2
"Wainwright, Adam",425794,2022,40,"32","191.2",803,736,192,138,35,3,16,143,54,17.8,6.7,".261",".382",".315","0.697",".270",".433",".306",".332",".326",".163",,,,,,,,,,,,,"87.8","11",37.4,6.5,36.6,"76.636927659","93.594969883",16.9,43.5
"Funderburk, Kody",681892,2024,27,"27","34.2",161,136,41,26,10,1,4,32,15,19.9,9.3,".301",".478",".381","0.859",".277",".422",".370",".354",".369",".145","70.1",13.6,13.1,9.8,36.3,27.1,"7",6,7.1,3.9,50,31.6,"87.8","6",35.8,7.3,34.9,"76.262524074","93.786688333",25,42.3
"Taylor, Troy",700187,2024,22,"21","19.1",81,74,15,7,4,0,4,25,7,30.9,8.6,".203",".419",".272","0.691",".201",".362",".299",".281",".270",".160","71.5",21.1,14.8,10.6,27.3,19.5,"7.3",5,10.4,-3.2,54.5,32.3,"85.7","16.5",34.7,14.3,34.7,"72.22566875","93.65286625",29.6,43.3
"Imanaga, Shota",684007,2024,30,"29","173.1",694,662,149,98,23,1,27,174,28,25.1,4,".225",".385",".259","0.644",".231",".398",".279",".288",".266",".167","71.9",23.4,14.2,10.4,31.6,23.1,"7.5",17,11.8,-6.4,52.3,31.9,"88.6","17.8",36,8.6,39.3,"77.586230864","93.931424733",28.3,55.7
"Merryweather, Julian",657240,2022,30,"26","26.2",119,106,31,18,9,0,4,23,7,19.3,5.9,".292",".491",".342","0.833",".243",".472",".355",".331",".301",".230",,,,,,,,,,,,,"90.3","14.3",28.7,10.3,44.8,"79.045997143","95.398046429",22.4,53.5
"Minter, A.J.",621345,2020,26,"22","21.2",85,75,15,9,4,1,1,24,9,28.2,10.6,".200",".320",".286","0.606",".209",".305",".260",".264",".294",".096",,,,,,,,,,,,,"84.5","9.4",34.6,3.8,23.1,"72.900429231","92.239928039",29.1,49.4
"Bieber, Shane",669456,2020,25,"12","77.1",297,275,46,33,6,0,7,122,21,41.1,7.1,".167",".265",".229","0.494",".185",".319",".222",".251",".247",".134",,,,,,,,,,,,,"89.3","9.6",26.1,7.2,43.1,"78.051342838","94.655112703",40.7,46.7
"Manaea, Sean",640455,2022,30,"30","158.0",671,611,155,95,26,5,29,156,50,23.2,7.5,".254",".455",".311","0.766",".240",".422",".330",".316",".301",".182",,,,,,,,,,,,,"90.3","16.3",32.7,9.1,42.9,"80.031482379","94.542852357",25.6,51.4
"Givens, Mychal",571710,2022,32,"59","61.1",260,227,56,38,10,0,8,71,25,27.3,9.6,".247",".396",".331","0.727",".223",".379",".316",".300",".312",".156",,,,,,,,,,,,,"87.6","11.9",35.2,8.2,38,"75.580756667","93.888332179",27.5,45.7
"Lodolo, Nick",666157,2022,24,"19","103.1",441,383,90,59,15,3,13,131,39,29.7,8.8,".235",".392",".336","0.728",".210",".365",".325",".307",".317",".156",,,,,,,,,,,,,"88.7","11.9",32.1,9.1,40.6,"77.136041681","94.224165378",30.2,45.2
"Poteet, Cody",547001,2021,26,"7","30.2",132,116,25,11,7,0,7,32,16,24.2,12.1,".216",".457",".311","0.768",".228",".471",".329",".341",".322",".243",,,,,,,,,,,,,"91.5","18.8",33.3,14.3,42.9,"81.241467805","95.22995122",24,47
"Wells, Tyler",669330,2023,28,"25","118.2",470,429,83,41,15,2,25,117,34,24.9,7.2,".193",".413",".257","0.670",".212",".441",".286",".306",".275",".228","71.1",21,11.7,8.6,24.7,18.1,"7.3",1,12.1,-3.1,67.6,30.8,"89","20.7",32.1,11.7,38.7,"77.869539808","94.191887404",26.4,47.2
"Gray, Jon",592351,2022,30,"24","127.1",521,472,105,69,17,2,17,134,39,25.7,7.5,".222",".375",".288","0.663",".230",".378",".292",".298",".296",".148",,,,,,,,,,,,,"88","11.1",34.8,6.1,38,"76.503695765","93.824895221",25.9,48.9
"Herrin, Tim",682120,2023,26,"23","27.2",121,104,29,22,4,0,3,32,12,26.4,9.9,".279",".404",".361","0.765",".243",".439",".338",".336",".332",".196","71.7",20,12.1,8.9,18.2,13.3,"7.2",1,9.9,1.2,40,35.6,"87.8","11.7",34.7,6.7,37.3,"77.068993056","93.583080282",26.9,47.5
"De León, José",592254,2023,30,"12","17.1",70,64,16,13,1,0,2,17,5,24.3,7.1,".250",".359",".314","0.673",".260",".415",".299",".324",".323",".155",,,,,,,,,,,,,"86.7","18.3",34,6.4,34,"74.788067083","93.714705532",26.1,47.2
"Cotton, Jharel",605194,2021,29,"23","30.2",137,118,28,21,5,0,2,30,15,21.9,10.9,".237",".331",".328","0.659",".180",".318",".296",".271",".279",".138",,,,,,,,,,,,,"85.8","26",27.8,5.6,23.3,"75.171588409","92.171966705",26.9,48.8
"Almonte, Yency",622075,2023,29,"49","48.0",207,180,43,31,6,0,6,49,23,23.7,11.1,".239",".372",".338","0.710",".247",".382",".314",".322",".345",".136","70.6",13.8,14.6,10.3,31.7,22.4,"7.5",2,13.5,-6.8,55.2,32.9,"87.7","12.6",34.4,6.9,31.3,"77.081482154","93.181284846",30.5,43
"Rosenberg, Kenny",670046,2024,28,"7","24.0",104,96,28,17,6,0,5,17,8,16.3,7.7,".292",".510",".346","0.856",".283",".531",".365",".371",".338",".248","72.1",23.6,14.6,11.5,36.9,29.1,"7.4",1,11.9,-4.4,49.1,33.2,"90.3","17.1",36.7,10.1,38,"80.688312051","94.176632179",22.2,46.9
"Mize, Casey",663554,2021,24,"30","150.1",612,555,130,81,20,5,24,118,41,19.3,6.7,".234",".418",".298","0.716",".251",".467",".308",".339",".316",".216",,,,,,,,,,,,,"89.1","9.3",33,10,40,"77.920382182","94.371120888",22.6,45.8
"Bolaños, Ronald",671790,2022,25,"8","18.1",87,70,20,13,5,0,2,12,12,13.8,13.8,".286",".443",".402","0.845",".286",".455",".368",".377",".407",".169",,,,,,,,,,,,,"91","8.8",28.3,6.7,43.3,"81.033416","94.949087",23.7,40.7
"Howard, Sam",607572,2021,28,"54","45.0",200,161,34,21,6,0,7,60,33,30,16.5,".211",".379",".352","0.731",".193",".341",".325",".316",".342",".148",,,,,,,,,,,,,"87.3","13.4",29.8,8.7,30.8,"76.477340385","93.191187961",38,44.4
"Pressly, Ryan",519151,2020,31,"23","21.0",91,83,21,14,3,2,2,29,7,31.9,7.7,".253",".410",".319","0.729",".209",".299",".312",".258",".279",".090",,,,,,,,,,,,,"89.7","10",29.6,3.7,42.6,"80.467330741","93.76332963",36.5,50.4
"Woodford, Jake",663765,2022,25,"27","48.1",188,173,43,34,7,1,1,24,11,12.8,5.9,".249",".318",".293","0.611",".277",".389",".268",".315",".323",".112",,,,,,,,,,,,,"88","9.4",25,5.3,36.2,"76.607572105","93.934429868",17.3,49.8
"Kinley, Tyler",641755,2022,31,"25","24.0",100,93,21,17,3,1,0,27,6,27,6,".226",".280",".280","0.560",".207",".312",".253",".257",".263",".105",,,,,,,,,,,,,"88.8","13.6",34.8,1.5,42.4,"78.643300303","93.897117231",32.3,53.5
"Phillips, Evan",623465,2024,29,"61","54.2",228,207,48,31,11,0,6,63,17,27.6,7.5,".232",".372",".291","0.663",".223",".354",".288",".284",".285",".131","70.7",16.3,10.4,7.7,29.3,21.8,"7.1",6,5.8,3.7,46.4,32.1,"85.9","11.9",36.1,6.1,32.7,"74.221398082","92.767791301",27.7,47.2
"Ragans, Cole",666142,2023,25,"29","96.0",392,346,70,51,10,2,7,113,41,28.8,10.5,".202",".303",".288","0.591",".210",".333",".266",".283",".297",".124","71.9",22.8,10.9,7.4,28.1,19.2,"7.5",10,10.8,-1.8,46,32.7,"87.8","10.6",31.8,6.4,36.9,"77.096364224","93.330060519",31,49.4
"Gibson, Kyle",502043,2020,32,"12","67.1",301,265,73,50,9,2,12,58,30,19.3,10,".275",".460",".362","0.822",".283",".452",".356",".360",".369",".168",,,,,,,,,,,,,"88.2","6.2",33.3,7.2,39.6,"76.836915825","93.881787171",23.3,41.5
"Morgan, Adam",605388,2020,30,"17","13.0",58,52,14,8,3,0,3,16,6,27.6,10.3,".269",".500",".345","0.845",".237",".474",".360",".342",".318",".237",,,,,,,,,,,,,"88.5","10.6",33.3,13.9,36.1,"77.303429444","94.050758857",33,47
"Covey, Dylan",592229,2020,28,"8","14.0",60,58,18,13,3,0,2,11,2,18.3,3.3,".310",".466",".333","0.799",".276",".405",".342",".306",".301",".129",,,,,,,,,,,,,"89.3","10.8",27.7,6.4,40.4,"79.368304583","93.924330213",17.6,50.2
"Suarez, Ranger",624133,2024,28,"27","150.2",626,575,140,92,32,2,14,145,41,23.2,6.5,".243",".379",".299","0.678",".248",".371",".297",".300",".304",".123","71.6",23.5,14.3,11.4,32.3,25.8,"7.4",12,10.6,-2.6,45.5,33.6,"86.9","6.3",32.9,5.1,34.3,"74.743507217","93.618829764",21.9,47.3
"Mills, Alec",621219,2022,30,"7","17.2",84,77,28,12,8,1,7,11,3,13.1,3.6,".364",".766",".405","1.171",".317",".661",".486",".424",".363",".344",,,,,,,,,,,,,"91.1","18",44.8,11.9,43.3,"81.014461471","95.251349403",15.5,49
"Davidson, Tucker",656353,2023,27,"38","51.1",236,209,64,40,18,0,6,46,19,19.5,8.1,".306",".478",".371","0.849",".288",".449",".364",".348",".354",".161","72.1",28.6,17.3,12.8,34.7,25.6,"7.4",1,10.4,-1.9,57.9,33.4,"88.5","12.2",36.1,7.2,34.3,"77.368361463","93.846414233",23.9,46.4
"Strahm, Matt",621381,2024,32,"66","62.2",237,217,36,20,12,0,4,79,11,33.3,4.6,".166",".276",".224","0.500",".186",".321",".221",".248",".242",".136","71.3",20.7,8.9,6.7,26.1,19.5,"7",6,7,2,47.6,30.2,"89.2","21.6",36.2,7.1,37.6,"78.994658","93.952678214",26.7,53.1
"Ponce, Cody",664074,2020,26,"5","17.0",66,60,12,3,3,1,5,12,6,18.2,9.1,".200",".533",".273","0.806",".243",".531",".333",".355",".312",".288",,,,,,,,,,,,,"88.7","21.2",31.3,14.6,33.3,"78.858275","93.334052083",19.1,43.4
"Herget, Kevin",643361,2024,33,"7","11.1",43,40,6,3,2,0,1,9,3,20.9,7,".150",".275",".209","0.484",".266",".499",".216",".354",".317",".233","70.4",14.1,22.9,17.2,41.7,31.3,"7.4",0,10.9,-2.1,56.3,30.7,"89.2","18.7",25.8,12.9,48.4,"77.426704667","95.004030667",22.2,47.7
"Eovaldi, Nathan",543135,2024,34,"29","170.2",696,642,147,94,28,2,23,166,42,23.9,6,".229",".386",".282","0.668",".244",".398",".291",".309",".298",".155","71.5",21.9,15.4,11.3,32.9,24.1,"7.3",13,10.6,-2.3,49.3,32.5,"89.3","8.8",33.5,7.7,42.6,"77.906442017","94.485768718",26.8,52.2
"Mayers, Mike",594577,2021,29,"72","75.0",315,284,71,44,14,2,11,90,26,28.6,8.3,".250",".430",".318","0.748",".218",".402",".323",".303",".291",".184",,,,,,,,,,,,,"91","16",32.7,8.2,41.8,"81.382181263","94.756906561",29.2,48
"López, Yoan",661255,2020,27,"20","19.2",87,78,21,10,6,1,4,16,9,18.4,10.3,".269",".526",".345","0.871",".222",".452",".360",".317",".304",".230",,,,,,,,,,,,,"90.5","8.8",24.2,8.1,45.2,"80.766404194","94.493384426",25.2,50
"Freeland, Kyle",607536,2020,27,"13","70.2",304,277,77,52,16,0,9,46,23,15.1,7.6,".278",".433",".339","0.772",".284",".436",".335",".343",".346",".152",,,,,,,,,,,,,"87.3","7.4",31.9,5.6,35.8,"75.81297469","93.455217035",20.5,45.9
"Tate, Dillon",622253,2022,28,"67","73.2",292,267,57,35,16,0,6,60,16,20.5,5.5,".213",".341",".274","0.615",".227",".349",".270",".280",".287",".122",,,,,,,,,,,,,"87.1","0",25.4,5.3,38.3,"74.689986286","93.954927273",23.2,48.7
"Smith, Cade",671922,2024,25,"74","75.1",289,268,51,30,19,1,1,103,17,35.6,5.9,".190",".280",".246","0.526",".189",".306",".235",".250",".246",".117","71",18,13,9.7,30.3,22.5,"6.9",11,5.3,6.2,41.6,30.9,"90.4","11.8",39.2,8.4,42.8,"80.141377439","94.869903354",30.2,49.9
"Brito, Jhony",666745,2023,25,"25","90.1",372,336,82,48,18,2,14,72,28,19.4,7.5,".244",".435",".306","0.741",".247",".440",".318",".327",".312",".194","71.4",21,11.2,8.7,34,26.6,"7.4",3,11.3,-1.9,56,30.3,"88.6","14.1",30.6,9,36.9,"78.143114242","93.652918669",21.7,48.2
"McCaughan, Darren",670766,2024,28,"12","42.0",195,171,53,34,9,1,9,28,15,14.4,7.7,".310",".532",".379","0.911",".270",".488",".390",".361",".346",".218","72.4",29.4,15.6,13.3,35.9,30.5,"7.4",2,12.2,-6.4,54.1,32.5,"89.1","19.5",37,8.2,39,"78.17978662","94.275604437",15.5,45.1
"Junis, Jakob",596001,2024,31,"24","67.0",253,241,49,28,12,1,8,51,8,20.2,3.2,".203",".361",".237","0.598",".250",".430",".259",".309",".282",".180","72",25.8,15.6,12.2,38.1,29.9,"7.4",8,11,-2.2,56.5,33.2,"90","15.1",35.1,8.4,42.4,"80.314726458","94.199237487",24.6,47.8
"Voth, Austin",608723,2021,29,"49","57.1",248,214,57,34,13,0,10,59,28,23.8,11.3,".266",".467",".351","0.818",".277",".500",".345",".367",".364",".223",,,,,,,,,,,,,"88.6","15.4",40.6,11.3,41.3,"76.529631154","94.474446282",25.1,48.4
"Sheffield, Jordan",642068,2021,26,"30","29.1",116,100,19,15,2,0,2,20,13,17.2,11.2,".190",".270",".293","0.563",".212",".350",".260",".300",".314",".138",,,,,,,,,,,,,"88.6","13.9",24.7,6.2,38.3,"78.042680976","94.063863951",23.4,45
"Manaea, Sean",640455,2024,32,"32","181.2",738,662,134,86,27,0,21,184,63,24.9,8.5,".202",".338",".280","0.618",".225",".388",".275",".304",".300",".164","71",18.6,10.8,8.1,28.6,21.6,"7.1",23,8,2.6,47.4,30.9,"88.6","16.3",37,7.5,37.8,"77.674456946","93.857812243",26.1,49
"Kuhl, Chad",641771,2021,28,"28","80.1",349,290,73,43,17,0,13,75,42,21.5,12,".252",".445",".357","0.802",".236",".401",".347",".331",".345",".165",,,,,,,,,,,,,"88.6","11.5",32.3,7.2,37.2,"77.806519818","93.845521",27.1,41.6
"Soto, Gregory",642397,2023,28,"69","60.1",250,224,47,31,10,0,6,65,22,26,8.8,".210",".335",".284","0.619",".196",".305",".274",".259",".272",".109","70.7",20.9,14,9.3,35.1,23.3,"7.3",6,8.2,-1.9,40.7,33.7,"87.4","8.4",28.6,5.6,34.8,"75.982967722","93.412218924",34.2,48.1
"Law, Derek",571882,2023,32,"54","55.0",240,209,50,37,6,1,6,45,26,18.8,10.8,".239",".364",".332","0.696",".263",".397",".311",".334",".353",".134","70.7",14.9,10.7,8.3,32.8,25.4,"7.2",7,9.3,0.3,50.9,33,"87","14.2",38,4.8,32.5,"76.354562875","92.89302625",27.1,47.8
"Naughton, Packy",676050,2021,25,"7","22.2",108,93,27,21,3,0,3,12,14,11.1,13,".290",".419",".389","0.808",".273",".418",".354",".350",".374",".144",,,,,,,,,,,,,"86.6","4.3",29.6,4.9,40.7,"73.75262025","93.768896875",21.1,47
"Herz, DJ",687792,2024,23,"19","88.2",382,340,76,53,11,1,11,106,36,27.7,9.4,".224",".359",".303","0.662",".207",".352",".294",".286",".288",".145","71.7",25.2,10.7,7.7,29.5,21.3,"7.3",13,8.7,0.5,48.4,31.5,"89.4","18",30.9,8.1,34.7,"79.798700259","93.635577013",29.3,48.9
"Mize, Casey",663554,2024,27,"22","102.1",452,417,121,86,20,4,11,78,29,17.3,6.4,".290",".436",".336","0.772",".283",".440",".335",".338",".331",".158","71.4",21.4,17.1,13.4,37.6,29.5,"7.2",9,8.3,0.7,51.2,30.8,"90.6","9.3",32.4,7.9,44.6,"79.855545471","95.082817876",22,49.5
"Brash, Matt",666374,2023,25,"78","70.2",308,269,65,51,9,2,3,107,29,34.7,9.4,".242",".323",".325","0.648",".208",".307",".292",".281",".300",".099","71",19.2,11.5,7.7,29.3,19.7,"7.3",11,10.4,-1.4,46.6,32.4,"88.1","12.5",31.3,4.8,34.3,"77.214648072","93.573118788",38.3,44.5
"Fried, Max",608331,2020,26,"11","56.0",224,199,42,23,16,1,2,50,19,22.3,8.5,".211",".332",".290","0.622",".201",".288",".276",".262",".283",".087",,,,,,,,,,,,,"83.4","6.4",28.5,3.3,23.8,"70.900345342","91.972286027",25.7,47.6
"Hendricks, Kyle",543294,2020,30,"12","81.1",315,304,73,53,10,0,10,64,8,20.3,2.5,".240",".372",".260","0.632",".236",".382",".269",".274",".257",".146",,,,,,,,,,,,,"86.1","11",34.3,4.5,32,"74.950220833","92.680787573",24.9,49.8
"Devenski, Chris",606965,2024,33,"19","26.2",122,108,28,12,6,1,9,24,14,19.7,11.5,".259",".583",".344","0.927",".247",".538",".392",".371",".334",".291","71.7",21.1,13.6,10.3,32.6,24.6,"7.5",3,13.2,-6.6,47.4,30.7,"91","26.4",33.3,11.9,44,"80.729336429","95.02254",27.1,45
"Lucchesi, Joey",664192,2021,28,"11","38.1",157,139,34,20,8,2,4,41,11,26.1,7,".245",".417",".305","0.722",".218",".384",".310",".297",".285",".166",,,,,,,,,,,,,"90.5","16.5",34.3,8.8,40.2,"80.404402245","94.530900204",23.8,45.5
"Lamet, Dinelson",659275,2023,30,"17","27.2",145,119,42,23,10,2,7,32,23,22.1,15.9,".353",".647",".455","1.102",".256",".488",".460",".377",".380",".232","70.7",0,17.6,16.7,41.2,38.9,"7.2",1,9.5,0,50,30.8,"91.6","11.9",34.8,11.2,52.8,"82.060792","95.274111685",24,43.6
"Lee, Dylan",669276,2023,28,"24","23.2",101,91,24,17,3,0,4,24,8,23.8,7.9,".264",".429",".323","0.752",".273",".499",".326",".356",".332",".226","73.3",26.1,14.3,8.7,28.6,17.4,"7.6",0,13.6,-8.5,47.8,36.3,"88.5","13.9",42,11.6,39.1,"77.226090294","93.996502687",30,53.7
"Nelson, Nick",656793,2021,25,"11","14.1",78,57,15,7,7,1,0,22,16,28.2,20.5,".263",".421",".436","0.857",".204",".353",".380",".353",".402",".148",,,,,,,,,,,,,"89.7","10.4",54.1,5.4,43.2,"79.297363684","94.498093243",30.9,45
"Goudeau, Ashton",623485,2021,28,"16","34.1",141,119,24,12,8,0,4,22,17,15.6,12.1,".202",".370",".312","0.682",".217",".352",".294",".297",".325",".135",,,,,,,,,,,,,"87.8","9",28,6,32,"76.984953673","93.420983402",18.8,46.3
"Harris, Hogan",663687,2024,27,"21","72.1",305,266,65,42,14,2,7,61,33,20,10.8,".244",".391",".333","0.724",".260",".441",".320",".347",".348",".182","71",18,13.2,10.8,35.4,28.8,"7.2",8,8,0.3,42.9,32.3,"88.9","15.6",36.5,7.2,39.4,"78.64134","93.788121268",21.1,44.2
"Chapman, Aroldis",547973,2024,36,"68","61.2",264,222,44,29,9,1,5,98,38,37.1,14.4,".198",".315",".318","0.633",".165",".289",".289",".272",".293",".123","71",19.2,8.7,6,27.6,18.9,"7.2",7,6,2.5,43.4,31.4,"90.5","11.2",31,7.1,41.3,"80.398542903","94.663313548",32.3,44.5
"López, Yoan",661255,2022,29,"8","11.0",51,45,14,8,3,1,2,10,5,19.6,9.8,".311",".556",".392","0.948",".229",".423",".402",".317",".320",".194",,,,,,,,,,,,,"94.5","16.9",42.9,8.6,54.3,"88.326098889","95.470134286",28.7,48.2
"Diekman, Jake",518617,2023,36,"63","56.2",243,202,37,27,6,1,3,64,38,26.3,15.6,".183",".267",".314","0.581",".198",".287",".271",".286",".328",".089","69.9",11.2,7,5.3,26.4,20.1,"7",3,5.4,7,39.1,31.9,"84.6","12.4",29.3,5,27.1,"72.78032913","92.239348613",26.4,41.1
"Martin, Chris",455119,2023,37,"55","51.1",199,190,45,37,6,0,2,46,8,23.1,4,".237",".300",".266","0.566",".263",".348",".243",".279",".295",".086","70.6",16,13.3,10.5,25.8,20.4,"6.9",2,5.6,8,41.4,33.6,"84.5","4.1",35.9,2.1,31,"72.033701806","92.712566434",23.3,58.3
"Cishek, Steve",518553,2022,36,"69","66.1",287,242,54,39,3,1,11,74,27,25.8,9.4,".223",".380",".329","0.709",".230",".401",".316",".330",".338",".171",,,,,,,,,,,,,"87.3","15",42.2,8.7,37,"75.477307882","93.576699706",26.1,42.7
"Roupp, Landen",694738,2024,25,"23","50.1",217,190,43,28,13,0,2,47,26,21.7,12,".226",".326",".323","0.649",".238",".363",".294",".313",".333",".125","71.1",17.2,15.6,11.8,31.7,24,"7.6",4,12.9,-8.3,48.6,33.3,"89","10.6",35,4.9,39.2,"77.580207042","94.250249085",25.3,41
"Williams, Trevor",592866,2020,28,"11","55.1",252,223,66,41,10,0,15,49,21,19.4,8.3,".296",".543",".363","0.906",".263",".446",".382",".342",".336",".183",,,,,,,,,,,,,"87.2","12.3",33.7,6.7,36,"75.560006897","93.408938621",24.1,48.5
"Marshall, Evan",605359,2020,30,"23","22.2",93,86,17,12,4,0,1,30,7,32.3,7.5,".198",".279",".258","0.537",".197",".258",".241",".237",".258",".060",,,,,,,,,,,,,"88.3","6.7",32.1,0,33.9,"77.976228148","93.478277963",34.5,50.5
"Fulmer, Carson",608334,2021,27,"20","25.2",116,98,26,17,5,1,3,24,13,20.7,11.2,".265",".429",".365","0.794",".232",".421",".347",".334",".337",".189",,,,,,,,,,,,,"89.3","7.8",32.9,11.8,43.4,"78.075560526","94.352792133",30.7,42.2
"Strickland, Hunter",519326,2021,32,"57","58.2",242,216,46,26,12,0,8,58,22,24,9.1,".213",".380",".290","0.670",".209",".395",".292",".298",".287",".186",,,,,,,,,,,,,"86.9","20.3",33.8,8.8,29.4,"76.121021139","92.920340764",27.5,49.3
"Gomber, Austin",596295,2021,27,"23","115.1",488,440,102,60,21,1,20,113,41,23.2,8.4,".232",".420",".300","0.720",".232",".416",".309",".310",".301",".184",,,,,,,,,,,,,"88","11.8",32.9,9.4,33.8,"77.18535865","93.483660585",26.1,46.4
"Yarbrough, Ryan",642232,2023,31,"25","89.2",376,354,96,69,14,0,13,67,13,17.8,3.5,".271",".421",".311","0.732",".266",".440",".317",".322",".306",".174","70.6",20.7,13.7,10.5,33.3,25.5,"7.3",3,11.2,-4.9,44.9,32.8,"85.4","16.7",32.6,6.6,29.2,"73.244842394","92.76774338",22.8,51.5
"Hatch, Thomas",641672,2023,28,"18","28.2",129,113,33,22,9,0,2,26,12,20.2,9.3,".292",".425",".362","0.787",".260",".400",".341",".320",".334",".140","71.6",19.5,15.4,11.5,36.2,27,"7.6",1,12.3,-6.2,54,33.7,"89.9","10.3",30.3,4.5,46.1,"79.474470909","94.512134205",29.6,49.4
"Brubaker, JT",664141,2022,28,"28","144.0",646,580,157,99,39,2,17,147,54,22.8,8.4,".271",".433",".341","0.774",".257",".433",".339",".335",".330",".177",,,,,,,,,,,,,"89.6","10.8",36.2,7.6,41.3,"78.589671843","94.550554573",27.6,46.4
"Silseth, Chase",681217,2022,22,"7","28.2",129,115,33,18,8,0,7,24,12,18.6,9.3,".287",".539",".359","0.898",".303",".522",".387",".387",".374",".219",,,,,,,,,,,,,"90.9","7.5",35.9,10.9,51.1,"80.65582413","95.347897363",25.7,45.1
"Irvin, Cole",608344,2023,29,"24","77.1",336,305,78,51,15,1,11,68,21,20.2,6.3,".256",".420",".315","0.735",".276",".491",".318",".356",".336",".216","71.3",21.3,11.1,8.6,31.4,24.3,"7.3",0,8.4,2,41.8,33.6,"88.5","12.2",39.6,10.8,34.6,"77.457432185","93.945420633",20.8,50.5
"Cease, Dylan",656302,2023,27,"33","177.0",784,689,172,112,32,9,19,214,79,27.3,10.1,".250",".405",".332","0.737",".239",".386",".321",".314",".324",".148","71.5",24.1,10.3,7.4,30,21.6,"7.4",27,11.4,-3.5,50.6,33,"90","15.4",36.8,6.2,41.6,"79.788605816","94.355014456",31,46.3
"Fulmer, Michael",605242,2020,27,"10","27.2",136,120,45,32,5,0,8,20,12,14.7,8.8,".375",".617",".430","1.047",".340",".578",".440",".418",".402",".238",,,,,,,,,,,,,"90.8","17.4",37.9,9.7,44.7,"80.315379","95.08513404",19.2,43.4
"Knehr, Reiss",663753,2022,25,"5","13.2",59,51,11,5,4,1,1,10,4,16.9,6.8,".216",".392",".322","0.714",".230",".407",".318",".331",".335",".177",,,,,,,,,,,,,"91.5","20",31.7,9.8,51.2,"81.591714762","95.743834146",14,44.2
"Ferguson, Caleb",657571,2024,27,"62","54.1",249,219,56,39,11,0,6,67,25,26.9,10,".256",".388",".341","0.729",".244",".380",".322",".317",".332",".136","71",19.2,12.1,8.9,32.6,24.1,"7",6,6.4,3.6,44.4,32.2,"88.2","9.9",35.9,6.5,37.3,"76.920219605","93.769485329",26.6,47.1
"Blanco, Ronel",669854,2023,29,"17","52.0",226,195,49,32,5,0,12,52,28,23,12.4,".251",".462",".350","0.812",".238",".447",".352",".343",".339",".209","71.1",20,15.2,11.1,33.3,24.4,"7.4",1,9.5,-2.9,62.2,31.4,"88.5","17.2",34,11.8,34.7,"77.820547778","93.64306021",33,51.2
"García, Deivi",665620,2024,25,"14","14.0",68,56,16,13,1,0,2,15,11,22.1,16.2,".286",".411",".397","0.808",".240",".424",".354",".341",".360",".185","71.1",22.4,12.1,9.2,32.8,25,"7.3",2,10.7,-2.4,56.6,32.7,"89.4","20",38.1,7.1,35.7,"80.397469048","93.213800714",32.8,42
"McKenzie, Triston",663474,2021,23,"25","120.0",495,433,84,44,19,0,21,136,58,27.5,11.7,".194",".383",".293","0.676",".224",".414",".296",".321",".319",".190",,,,,,,,,,,,,"90.3","21.6",36.2,9.7,42.3,"80.432044932","94.502811622",27.9,48.4
"Glasnow, Tyler",607192,2021,27,"14","88.0",340,313,55,31,13,1,10,123,27,36.2,7.9,".176",".319",".241","0.560",".183",".333",".246",".256",".248",".150",,,,,,,,,,,,,"91.5","13",31.1,8.9,46.8,"82.146215684","95.114392063",37,49.1
"deGrom, Jacob",594798,2023,35,"6","30.1",115,111,19,8,7,2,2,45,4,39.1,3.5,".171",".324",".200","0.524",".163",".290",".223",".209",".192",".128",,,,,,,,,,,,,"86.2","13.8",31.8,9.1,33.3,"74.218173636","93.089270152",42.1,51.7
"Montas, Frankie",593423,2020,27,"11","53.0",237,211,57,37,9,1,10,60,23,25.3,9.7,".270",".464",".342","0.806",".248",".432",".346",".329",".325",".184",,,,,,,,,,,,,"88.1","17.1",37.9,7.8,35.3,"77.745635733","93.294562867",28.6,45.1
"Boyd, Matthew",571510,2024,33,"8","39.2",166,150,32,20,8,0,4,46,13,27.7,7.8,".213",".347",".283","0.630",".214",".336",".279",".275",".284",".122","71.1",21.2,12.9,9.7,29.2,21.9,"7.5",7,11.8,-6,50,32.2,"87.6","20.2",36.2,6.7,38.1,"76.672859811","93.344921238",29.7,48.9
"Fairbanks, Pete",664126,2022,28,"24","24.0",87,82,13,11,1,0,1,38,3,43.7,3.4,".159",".207",".186","0.393",".128",".188",".176",".154",".157",".060",,,,,,,,,,,,,"87.3","9.5",22.2,2.2,26.7,"77.963313478","92.458160444",35.9,52.3
"López, Reynaldo",625643,2020,26,"8","26.1",121,104,28,14,5,0,9,24,15,19.8,12.4,".269",".577",".367","0.944",".253",".515",".396",".372",".353",".262",,,,,,,,,,,,,"91.1","19.1",32.1,9.9,43.2,"81.512974359","94.900956795",21.9,45.3
"Marinaccio, Ron",676760,2022,26,"40","44.0",181,148,22,14,5,1,2,56,24,30.9,13.3,".149",".236",".289","0.525",".154",".243",".252",".258",".294",".090",,,,,,,,,,,,,"84.5","16.6",33,5.3,25.5,"74.057457872","91.596106989",33.2,44.5
"Harris, Hobie",665048,2023,30,"16","19.1",91,77,21,15,3,1,2,9,13,9.9,14.3,".273",".416",".385","0.801",".308",".538",".355",".410",".415",".230","68.9",0,20,20,60,60,"7.5",0,14,-8.3,80,34.7,"88.6","13.2",39.7,10.3,42.6,"76.923417353","94.20631",19.9,44.6
"Eflin, Zach",621107,2020,26,"11","59.0",245,228,60,34,18,0,8,70,15,28.6,6.1,".263",".447",".311","0.758",".226",".366",".325",".283",".277",".140",,,,,,,,,,,,,"87.4","7.9",27,7.5,32.7,"76.259577436","93.336786452",24.2,48.4
"Robertson, David",502085,2021,36,"12","12.0",50,46,11,7,2,0,2,16,4,32,8,".239",".413",".300","0.713",".247",".410",".308",".312",".307",".163",,,,,,,,,,,,,"91.1","15.1",43.3,10,46.7,"82.093734","94.648326",25.8,42.8
"Kennedy, Ian",453178,2021,36,"55","56.1",228,208,45,27,6,0,12,62,17,27.2,7.5,".216",".418",".282","0.700",".222",".425",".296",".302",".287",".203",,,,,,,,,,,,,"90.8","26.7",35.4,8.8,44.9,"80.919637808","94.887543767",27.2,53.9
"Fry, Paul",643316,2021,28,"52","47.1",215,174,37,31,3,0,3,60,35,27.9,16.3,".213",".282",".355","0.637",".213",".304",".300",".311",".358",".091",,,,,,,,,,,,,"88.4","11",27.6,6,34.5,"78.446085714","93.350955625",25.6,40.4
"Thompson, Ryan",657044,2024,32,"67","66.1",272,252,64,47,8,4,5,52,15,19.1,5.5,".254",".377",".296","0.673",".254",".407",".290",".312",".299",".153","72.3",28.5,19.4,15.3,37.2,29.3,"7.2",8,6.8,1.1,43,34.5,"90","-0.5",26.5,7.4,44.6,"78.240616939","95.26022148",23,49.8
"Grimm, Justin",518748,2022,33,"15","15.1",71,61,18,13,3,1,1,11,7,15.5,9.9,".295",".426",".380","0.806",".274",".412",".355",".352",".368",".138",,,,,,,,,,,,,"85.9","12",39.2,9.8,27.5,"75.028938462","92.527691961",24.6,46.9
"White, Mitch",669952,2022,27,"25","99.0",440,399,110,72,26,3,9,78,35,17.7,8,".276",".424",".336","0.760",".258",".393",".332",".318",".324",".134",,,,,,,,,,,,,"87.9","14.7",34,5.6,34,"76.960444563","93.539690878",19,48.5
"Fleming, Josh",676596,2022,26,"10","35.0",169,155,54,34,15,0,5,29,12,17.2,7.1,".348",".542",".396","0.938",".260",".426",".403",".324",".317",".167",,,,,,,,,,,,,"90.4","-3.7",29.9,7.9,43.3,"79.660938413","94.96198127",23.5,48.9
"Snead, Kirby",669912,2023,28,"15","11.2",56,50,14,11,2,0,1,9,6,16.1,10.7,".280",".380",".357","0.737",".313",".522",".321",".385",".386",".210","71",17.9,19,14.1,41.4,30.8,"7.4",0,10.9,-3.4,38.5,35.9,"87.2","8.5",36.6,9.8,29.3,"76.113284762","93.374314878",24.1,45.1
"Medina, Luis",665622,2023,24,"23","109.2",495,427,109,61,31,3,14,106,57,21.4,11.5,".255",".440",".352","0.792",".250",".413",".343",".337",".349",".164","70.9",16.1,11.3,8.5,32.7,24.6,"7.3",5,9.6,-2.2,42.3,34.3,"89.3","11.5",36.4,6.2,41,"78.648992375","94.171801406",24.5,46.1
"Kranick, Max",668820,2021,23,"9","38.2",182,156,47,29,14,0,4,32,19,17.6,10.4,".301",".468",".387","0.855",".257",".399",".364",".328",".352",".142",,,,,,,,,,,,,"88.2","21.4",36.2,2.4,33.9,"77.739798548","93.433174797",26.1,53
"Pivetta, Nick",601713,2021,28,"31","155.0",661,585,137,80,31,2,24,175,65,26.5,9.8,".234",".417",".314","0.731",".215",".388",".316",".300",".298",".173",,,,,,,,,,,,,"89.7","16.7",33.4,8.2,40.4,"79.550170728","94.069247816",24.6,48.1
"Cimber, Adam",643256,2022,31,"77","70.2",293,266,66,48,10,2,6,58,13,19.8,4.4,".248",".368",".301","0.669",".250",".381",".294",".300",".303",".131",,,,,,,,,,,,,"89.1","12.1",34.6,5.1,38.8,"77.917995096","94.496822837",20.7,50.9
"Smith, Joe",501925,2021,37,"50","39.2",173,158,47,32,9,1,5,34,8,19.7,4.6,".297",".462",".339","0.801",".238",".392",".339",".291",".284",".155",,,,,,,,,,,,,"87.9","9.5",29.7,5.5,35.2,"76.420388254","93.82346152",20.3,50
"Cabrera, Edward",665795,2023,25,"22","99.2",434,363,78,49,18,0,11,118,66,27.2,15.2,".215",".355",".341","0.696",".196",".331",".315",".301",".326",".136","71.8",24.4,7.3,5.6,23,17.8,"7.4",12,11.1,-4.1,60.1,32.3,"87.6","7.6",24,6.9,35.4,"76.188126311","93.597034733",30.9,43.1
"Festa, Matt",670036,2022,29,"53","54.0",219,197,43,24,7,2,10,64,18,29.2,8.2,".218",".426",".290","0.716",".219",".385",".312",".298",".291",".166",,,,,,,,,,,,,"87.2","17.3",34.1,7.4,31.1,"76.320030152","93.090676212",30.6,49.6
"Howard, Sam",607572,2020,27,"22","21.0",90,77,17,8,5,0,4,27,9,30,10,".221",".442",".322","0.764",".211",".360",".329",".301",".314",".149",,,,,,,,,,,,,"87.7","24.4",35.3,3.9,35.3,"76.0098188","93.7129648",35.5,46.8
"Merryweather, Julian",657240,2021,29,"13","13.0",55,49,13,9,0,0,4,12,4,21.8,7.3,".265",".510",".327","0.837",".240",".500",".353",".346",".309",".260",,,,,,,,,,,,,"90.3","8.5",31.6,13.2,47.4,"79.631767895","95.144075135",21.9,48.4
"Newcomb, Sean",656794,2021,28,"32","32.1",150,119,28,19,7,1,1,43,27,28.7,18,".235",".336",".383","0.719",".224",".329",".327",".325",".375",".106",,,,,,,,,,,,,"87.1","10.4",34.6,2.6,34.6,"75.135944474","93.617031579",26.5,45.5
"Kimbrel, Craig",518886,2022,34,"63","60.0",260,225,51,32,14,1,4,72,28,27.7,10.8,".227",".351",".324","0.675",".203",".364",".301",".295",".304",".161",,,,,,,,,,,,,"90.7","16",29.7,9,43.9,"81.296031974","94.549599007",29.2,45.1
"Kinley, Tyler",641755,2024,33,"67","64.0",285,246,61,34,14,2,11,72,33,25.3,11.6,".248",".455",".338","0.793",".241",".422",".341",".329",".334",".181","71.3",19.8,8.5,5.8,26.4,18.1,"7.8",16,15.4,-12,57.5,33.3,"87.5","15.5",37.6,9,33.1,"75.749425568","93.748627829",33.1,50
"Graveman, Kendall",608665,2023,32,"68","66.1",282,238,51,33,8,1,9,66,36,23.4,12.8,".214",".370",".329","0.699",".231",".385",".312",".328",".345",".155","72.3",26.4,11.1,8,29.4,21.3,"7.2",5,8.9,1.3,58,32,"88.6","16",32.2,6.9,35.6,"78.124939425","93.688025491",29.2,43.6
"Kintzler, Brandon",445213,2020,35,"24","24.1",101,89,21,13,5,0,3,14,11,13.9,10.9,".236",".393",".317","0.710",".258",".424",".298",".325",".338",".166",,,,,,,,,,,,,"86.6","3.5",31.6,6.6,34.2,"75.390523158","93.041676667",15.2,44
"Abreu, Bryan",650556,2021,24,"31","36.0",161,138,35,22,9,0,4,36,18,22.4,11.2,".254",".406",".348","0.754",".244",".396",".330",".332",".343",".152",,,,,,,,,,,,,"89.7","11.7",31.7,6.7,40.4,"80.085136538","94.018379135",31.1,45.3
"McClanahan, Shane",663556,2022,25,"28","166.1",640,597,116,81,16,0,19,194,37,30.3,5.8,".194",".317",".245","0.562",".206",".339",".248",".262",".256",".134",,,,,,,,,,,,,"87.6","8.3",31.6,6.4,32.6,"76.838288308","93.270402693",34.3,49.5
"Dubin, Shawn",681869,2024,28,"31","45.1",207,176,45,30,12,0,3,49,26,23.7,12.6,".256",".375",".353","0.728",".218",".346",".324",".312",".326",".129","72.1",25.5,15.5,11.6,36.6,27.4,"7.2",8,9.1,1.4,51.3,31.8,"89.5","12.1",31.5,7.7,42.3,"78.970994769","94.306383488",26.3,42.5
"Avila, Pedro",658648,2024,27,"54","82.2",353,306,73,50,14,1,8,82,36,23.2,10.2,".239",".369",".321","0.690",".259",".412",".304",".334",".343",".153","71.8",21.9,14,10.7,32.6,25,"7.4",6,10,-2.4,46.3,33.3,"89.6","9.6",39.4,5.2,41.6,"79.151353304","94.361042314",25,46.4
"Taillon, Jameson",592791,2023,31,"30","154.1",655,604,156,100,28,1,27,140,41,21.4,6.3,".258",".442",".308","0.750",".255",".467",".322",".333",".307",".212","71.1",18.8,13.5,10.7,31.1,24.6,"7.3",8,10.4,-1.8,51.6,31.9,"88.3","16.7",36.2,10.7,38.4,"76.828018498","94.064186052",22,49.1
"Rogers, Josh",642028,2021,26,"6","35.2",151,133,32,20,5,0,7,22,14,14.6,9.3,".241",".436",".320","0.756",".263",".508",".326",".361",".340",".245",,,,,,,,,,,,,"89.6","17.8",38.9,9.7,42.5,"78.943797321","94.316447477",18.3,48.2
"Hudson, Daniel",543339,2024,37,"65","63.0",253,232,46,27,8,1,10,63,19,24.9,7.5,".198",".371",".261","0.632",".213",".431",".274",".305",".275",".218","72.1",28.2,16.7,11.5,33.7,23.3,"7.4",9,11.5,-2.8,55,31.8,"90.4","18.1",30.6,12.4,49.4,"79.881588","94.914381059",32.3,50.6
"Sears, JP",676664,2022,26,"17","70.0",288,262,67,47,11,1,8,51,23,17.7,8,".256",".397",".319","0.716",".257",".438",".314",".331",".322",".181",,,,,,,,,,,,,"90.5","17.3",30.7,9,43.4,"79.82731","94.910744476",19.9,46.1
"Hendricks, Kyle",543294,2021,31,"32","181.0",785,719,200,121,43,5,31,131,44,16.7,5.6,".278",".481",".330","0.811",".270",".458",".345",".338",".323",".188",,,,,,,,,,,,,"86.3","11.1",37.4,8.4,33,"74.205278373","93.217965246",20.1,48.6
"Osich, Josh",592612,2020,31,"17","18.1",86,79,21,14,1,0,6,24,5,27.9,5.8,".266",".506",".326","0.832",".240",".398",".354",".306",".302",".158",,,,,,,,,,,,,"85.7","3.9",29.1,7.3,38.2,"72.631073214","93.679252182",26.4,48.7
"Barnes, Jacob",606930,2024,34,"63","66.0",277,252,67,43,13,1,10,55,20,19.9,7.2,".266",".444",".314","0.758",".276",".474",".323",".342",".327",".198","71.9",26,11.3,8.7,33.5,25.8,"7.4",8,9,0.9,54.8,31.7,"89","12.8",43.6,6.4,41.6,"78.397904851","94.027718911",25.1,49.2
"Milner, Hoby",571948,2023,32,"73","64.1",252,235,49,34,9,1,5,59,13,23.4,5.2,".209",".319",".254","0.573",".212",".349",".251",".267",".260",".136","70.7",18.6,12.1,9.7,34.1,27.4,"7.2",1,6.9,3,44.2,33.8,"86.6","10.1",33.1,6.2,35.4,"75.541705682","92.879613257",20.6,42.5
"Suarez, José",660761,2023,25,"11","33.2",165,142,46,28,8,0,10,28,20,17,12.1,".324",".592",".409","1.001",".269",".503",".421",".369",".361",".234","71.3",13.8,14.6,10.8,31.3,23.1,"7.4",0,13,-2.5,44.6,34.4,"88.7","23.9",34.5,11.2,39.7,"77.648675614","93.966659027",28.5,48.1
"Gustave, Jandel",594311,2021,28,"14","18.1",79,67,15,12,1,0,2,13,5,16.5,6.3,".224",".328",".304","0.632",".279",".423",".270",".335",".358",".145",,,,,,,,,,,,,"89.1","7.3",38.6,7,36.8,"78.216038929","94.091987857",17.1,47.6
"Helsley, Ryan",664854,2023,28,"33","36.2",146,125,22,14,6,1,1,52,17,35.6,11.6,".176",".264",".274","0.538",".155",".248",".243",".237",".260",".093","70.6",19.2,5.8,3.8,21.2,14.1,"7.4",4,10.5,0.1,43.6,31.8,"88.6","15.5",27.6,3.9,39.5,"77.891453947","93.9362575",35,49.9
"Suarez, Robert",663158,2024,33,"65","65.0",258,240,52,38,7,0,7,59,16,22.9,6.2,".217",".333",".265","0.598",".216",".366",".262",".275",".265",".149","70.6",16.2,8.9,6.8,30.1,23,"7",4,6.1,5.1,53.6,31.4,"89","16",30.6,7.7,40.4,"78.547847","94.082984222",24.3,55.6
"Matz, Steven",571927,2023,32,"25","105.0",449,410,108,73,23,1,11,98,32,21.8,7.1,".263",".405",".320","0.725",".250",".386",".316",".306",".309",".136","70.9",15,10.1,8,27.2,21.5,"7.2",2,7.1,0.3,42.5,31.2,"89.1","11.8",31.3,4.7,38,"78.62219","93.875030892",25.3,47.8
"Brash, Matt",666374,2022,24,"39","50.2",222,186,46,37,6,0,3,62,33,27.9,14.9,".247",".328",".367","0.695",".249",".365",".318",".331",".368",".117",,,,,,,,,,,,,"88.8","6.7",33.6,4.8,39.2,"77.714598871","94.113395854",31.6,42.2
"Flexen, Chris",623167,2024,29,"33","160.0",707,635,180,109,44,3,24,123,63,17.4,8.9,".283",".476",".349","0.825",".256",".452",".355",".339",".325",".197","71.6",23.6,13.7,10.8,35.5,27.9,"7.4",13,11.8,-4.1,55,31.5,"88.7","17.3",37,8.1,37.4,"77.948608016","93.935523035",22.7,46
"Slaten, Justin",686580,2024,26,"44","55.1",224,211,47,36,6,1,4,58,9,25.9,4,".223",".318",".259","0.577",".234",".360",".253",".284",".273",".126","71.1",18.4,10.7,7.6,32.8,23.4,"7.3",10,10.6,-2.5,50.6,32.3,"87.8","8.6",30.3,3.9,36.8,"76.357499351","93.741672403",29,53.5
"Frías, Luis",666818,2023,25,"29","31.0",139,120,30,16,11,0,3,26,17,18.7,12.2,".250",".417",".353","0.770",".251",".427",".339",".344",".353",".176","72.3",24.9,12,9,27.1,20.3,"7.6",3,14.3,-7.2,50.8,35.1,"89.7","15.9",30.9,8.5,38.3,"78.762276596","94.472970532",26.4,48.4
"Castano, Daniel",641447,2020,25,"7","29.2",126,114,30,21,5,1,3,12,11,9.5,8.7,".263",".404",".325","0.729",".292",".459",".317",".351",".352",".167",,,,,,,,,,,,,"89.4","11.6",29.1,5.8,37.9,"78.471576667","94.243130891",19.7,49.4
"Edwards Jr., Carl",605218,2022,30,"57","62.0",256,228,51,38,5,0,8,56,25,21.9,9.8,".224",".351",".301","0.652",".214",".357",".291",".291",".294",".143",,,,,,,,,,,,,"87.7","12.2",32.8,4.6,35.6,"76.937614302","93.303701221",24.4,48
"Lugo, Seth",607625,2024,34,"33","206.2",836,773,177,119,36,6,16,181,48,21.7,5.7,".229",".353",".281","0.634",".240",".400",".278",".304",".292",".160","72",25.7,15,11.9,35.2,27.9,"7.3",20,11,-1.8,54,32.7,"88.5","10.7",32.8,8,39,"77.299278949","93.994017356",22.5,46.7
"Senzatela, Antonio",622608,2024,29,"3","12.1",54,46,15,10,1,1,3,7,8,13,14.8,".326",".587",".426","1.013",".313",".627",".432",".438",".415",".313","72.2",30.4,15.2,12.7,28.8,24.1,"7.2",1,8.3,4.2,55.7,32.6,"89.9","16.5",43.6,15.4,46.2,"78.5215785","94.745833846",17.6,41.7
"Cobb, Alex",502171,2024,36,"3","16.1",62,58,14,11,1,1,1,10,3,16.1,4.8,".241",".345",".274","0.619",".279",".483",".269",".346",".314",".204","72.9",28,15.6,12.9,45.5,37.6,"7.4",1,9.5,-1.5,46.2,35.4,"91.9","0.9",32.7,6.1,44.9,"82.8665176","95.131098163",17.1,43.4
"Morton, Charlie",450203,2024,40,"30","165.1",701,613,154,94,35,2,23,167,65,23.8,9.3,".251",".427",".339","0.766",".242",".415",".335",".331",".332",".174","71.6",23.5,13.3,10.1,32.4,24.6,"7.5",22,11.6,-5.1,49.5,33.4,"88.7","9",33,9.3,38.4,"77.729736875","93.929105313",26.1,46.6
"Colomé, Alex",517008,2020,31,"21","22.1",90,80,13,9,4,0,0,16,8,17.8,8.9,".163",".212",".247","0.459",".212",".295",".216",".268",".292",".083",,,,,,,,,,,,,"87.4","4",29.7,3.1,32.8,"76.230311563","93.619203016",30.9,52.2
"Kowar, Jackson",663804,2022,25,"7","15.2",82,71,27,16,5,2,4,17,11,20.7,13.4,".380",".676",".463","1.139",".296",".479",".482",".380",".391",".183",,,,,,,,,,,,,"87.5","9.5",31.5,7.4,48.1,"74.307371852","94.522932593",26.1,45.7
"Jansen, Kenley",445276,2022,34,"65","64.0",260,234,45,28,6,3,8,85,22,32.7,8.5,".192",".346",".265","0.611",".170",".312",".265",".246",".248",".142",,,,,,,,,,,,,"87.1","21.9",29.8,7.3,32.5,"76.465088919","92.919753061",27.5,50.6
"Bazardo, Eduard",660825,2024,28,"23","27.2",108,98,20,15,3,0,2,33,9,30.6,8.3,".204",".296",".271","0.567",".185",".279",".255",".244",".254",".094","71.2",21.2,10.4,7.6,28,20.6,"7.4",2,11,-3.6,57.1,32.6,"87.3","10.4",21.2,4.5,33.3,"77.042262424","92.956859077",29,45.4
"Quijada, José",650671,2021,25,"26","25.2",110,94,20,13,5,0,2,38,15,34.5,13.6,".213",".330",".327","0.657",".227",".379",".294",".318",".340",".151",,,,,,,,,,,,,"86","14.4",33.9,10.7,48.2,"70.107989286","95.247889821",31.9,45.3
"Rasmussen, Drew",656876,2024,28,"16","28.2",116,109,25,20,5,0,0,35,6,30.2,5.2,".229",".275",".267","0.542",".194",".261",".242",".227",".234",".067","70.9",18.2,10.2,7.2,33.1,23.2,"7",10,5.4,5.2,39.2,33.6,"86.2","6.6",24,0,36,"74.485188947","93.140661333",31.4,47.9
"Germán, Domingo",593334,2023,30,"20","108.2",444,401,83,42,19,2,20,114,34,25.7,7.7,".207",".414",".277","0.691",".235",".428",".297",".320",".306",".192","73.3",35.7,16.9,10.9,27.7,17.8,"7.9",3,16.8,-11.8,51.9,32.2,"88.3","16.3",33.8,9.7,41.4,"76.477494483","94.254431419",30.3,50.9
"Bazardo, Eduard",660825,2023,27,"12","16.0",67,63,15,7,6,0,2,15,4,22.4,6,".238",".429",".284","0.713",".218",".404",".305",".287",".265",".186","71.1",19,13.2,10,32.9,25,"7.4",4,11.2,-3.2,51,32.1,"87.2","13.8",33.3,8.3,41.7,"75.336825417","93.646378542",27.3,53
"Montas, Frankie",593423,2022,29,"27","144.1",608,550,137,90,28,1,18,142,43,23.4,7.1,".249",".402",".308","0.710",".241",".404",".309",".311",".304",".164",,,,,,,,,,,,,"87.6","11.2",31.8,8,34.2,"76.306548529","93.491065135",27.6,51.3
"Patiño, Luis",672715,2021,21,"19","77.1",333,298,69,45,12,0,12,74,29,22.2,8.7,".232",".393",".303","0.696",".242",".437",".300",".322",".314",".195",,,,,,,,,,,,,"89.8","20.6",34.8,8.4,40.5,"79.300972832","94.494549956",25.4,51.1
"Castillo, Luis",622491,2021,28,"33","187.2",803,711,181,121,34,7,19,192,75,23.9,9.3,".255",".402",".331","0.733",".229",".346",".318",".293",".309",".118",,,,,,,,,,,,,"87.7","4.2",28.7,4.5,36.9,"76.302691128","93.565481809",28.9,49.3
"Weems, Jordan",607179,2024,31,"41","41.2",196,170,49,32,8,2,7,35,24,17.9,12.2,".288",".482",".383","0.865",".254",".442",".376",".351",".353",".188","71.2",19.3,13.3,11,33.7,27.9,"7.2",6,8.3,3,58.8,30.1,"89.7","15.1",33.3,8.9,43,"78.845853433","94.783032331",20.3,49
"Oviedo, Johan",670912,2020,22,"5","24.2",112,95,24,14,6,1,3,16,10,14.3,8.9,".253",".432",".348","0.780",".303",".533",".338",".396",".392",".230",,,,,,,,,,,,,"91.8","12",35.8,8.6,51.9,"81.719735854","95.814703333",21.5,43.9
"May, Dustin",669160,2022,24,"6","30.0",127,108,21,16,2,0,3,29,14,22.8,11,".194",".296",".315","0.611",".215",".325",".284",".302",".332",".110",,,,,,,,,,,,,"86.6","4.7",32.9,5.1,32.9,"74.472085385","93.409632821",29.7,46.8
"Grove, Michael",675627,2022,25,"7","29.1",133,123,32,20,5,1,6,24,10,18,7.5,".260",".463",".316","0.779",".219",".389",".335",".289",".278",".170",,,,,,,,,,,,,"91.6","16",28.3,6.1,43.4,"83.044553125","94.609737292",22.3,50.4
"Irvin, Cole",608344,2022,28,"30","181.0",741,693,174,113,33,3,25,128,36,17.3,4.9,".251",".416",".293","0.709",".256",".471",".306",".329",".299",".215",,,,,,,,,,,,,"89.4","15.5",36.1,9.6,39.5,"79.40257422","93.912507513",20.6,52
"Jarvis, Bryce",686826,2024,26,"44","59.1",258,218,52,37,9,0,6,38,33,14.7,12.8,".239",".362",".349","0.711",".269",".442",".314",".357",".376",".173","71.1",22.2,11.5,9.3,34,27.3,"7.2",3,7.6,1,43.6,33.3,"90.5","11.4",34.1,7.1,40.1,"81.272036264","94.194507845",21.8,48.4
"Gray, Jon",592351,2021,29,"29","149.0",644,572,140,87,27,5,21,157,58,24.4,9,".245",".420",".321","0.741",".231",".381",".320",".306",".310",".150",,,,,,,,,,,,,"89","9.5",30.4,6.9,38.2,"77.826462115","94.242232699",26.9,45.3
"Baumann, Mike",657508,2023,27,"60","64.2",273,235,52,32,12,1,7,61,33,22.3,12.1,".221",".370",".320","0.690",".254",".462",".303",".351",".349",".209","71.8",23.4,19.1,15.2,39.7,31.6,"7.3",4,7.3,3.4,51.5,32.2,"91.3","12.4",31.6,9,45.8,"81.36503875","95.141209143",25,48.3
"Kelly, Merrill",518876,2023,34,"30","177.2",721,645,143,90,30,3,20,187,68,25.9,9.4,".222",".371",".299","0.670",".241",".394",".294",".313",".316",".153","72.3",29.9,13,9.7,29.2,21.8,"7.4",6,11,-2.7,55.5,34.6,"89.6","11.8",35.1,7.8,41.8,"78.631396856","94.559456681",27,49.1
"Castro, Kervin",665645,2022,23,"10","12.1",57,50,15,8,3,1,3,11,7,19.3,12.3,".300",".580",".386","0.966",".272",".473",".412",".363",".362",".201",,,,,,,,,,,,,"93.5","14.9",30.8,7.7,48.7,"85.7372505","95.627340256",23.6,44.4
"Weissert, Greg",669711,2024,29,"62","63.1",263,237,65,49,9,0,7,58,20,22.1,7.6,".274",".401",".324","0.725",".246",".373",".310",".294",".302",".127","70.6",16.3,12.2,10,31.8,26.1,"7.2",3,8.7,-0.1,48.8,34.2,"88.9","12.8",33.5,5.9,40.5,"78.219672637","93.989904231",20.3,48.3
"Smith, Riley",642092,2021,26,"24","67.1",301,279,86,48,26,2,10,36,15,12,5,".308",".523",".350","0.873",".281",".483",".368",".346",".326",".202",,,,,,,,,,,,,"89.3","10",38.6,7.3,41.1,"78.290251488","94.443854008",13.8,47.3
"Floro, Dylan",571670,2021,30,"68","64.0",270,244,53,40,11,0,2,62,25,23,9.3,".217",".287",".289","0.576",".230",".351",".255",".288",".301",".121",,,,,,,,,,,,,"85.9","9.1",31.1,5.5,32.2,"74.063276522","92.871506721",22.9,48.6
"Lovelady, Richard",663992,2023,27,"27","23.1",96,80,15,6,6,0,3,24,10,25,10.4,".188",".375",".292","0.667",".195",".388",".291",".306",".303",".193",,,,,,,,,,,,,"90.5","13.5",33.9,10.2,44.1,"80.954288667","94.493879831",24.4,45.5
"Neris, Héctor",593576,2020,31,"24","21.2",103,90,24,21,2,1,0,27,13,26.2,12.6,".267",".311",".359","0.670",".238",".348",".300",".302",".335",".110",,,,,,,,,,,,,"89.3","13.9",34.9,6.3,39.7,"79.79038871","93.73716459",38.7,46.6
"Feliz, Michael",593140,2021,28,"21","20.0",90,83,26,18,4,0,4,22,7,24.4,7.8,".313",".506",".367","0.873",".291",".538",".374",".376",".346",".247",,,,,,,,,,,,,"91.2","21.2",41,9.8,47.5,"80.752265484","95.345311311",29.1,48.4
"Houser, Adrian",605288,2021,28,"28","142.1",599,518,118,86,18,2,12,105,64,17.5,10.7,".228",".340",".323","0.663",".236",".359",".297",".311",".330",".124",,,,,,,,,,,,,"87.1","1.4",28.1,5,36,"75.186798293","93.596799317",19.2,44.4
"Canning, Griffin",656288,2023,27,"24","127.0",536,493,121,77,19,3,22,139,36,25.9,6.7,".245",".430",".303","0.733",".233",".422",".315",".308",".293",".189","71.1",18.7,13.3,9.5,32.5,23.2,"7.4",7,11.2,-3,52.5,31.2,"91","12.8",31.5,9.8,44.2,"81.182281765","94.781038053",29.1,48.4
"Cordero, Jimmy",622772,2023,31,"31","32.2",132,120,25,17,5,1,2,34,10,25.8,7.6,".208",".317",".280","0.597",".234",".347",".267",".291",".304",".113",,,,,,,,,,,,,"88.5","4.9",36,4.7,38.4,"77.774371395","93.868387558",24.5,43
"Harper, Ryne",607560,2020,31,"23","23.2",110,100,29,17,7,0,5,25,9,22.7,8.2,".290",".510",".355","0.865",".263",".451",".363",".333",".330",".187",,,,,,,,,,,,,"86.9","16.6",36,9.3,34.7,"76.143398378","92.888673243",20.4,46.8
"Norris, Daniel",596057,2020,27,"14","27.2",116,108,25,15,8,0,2,28,7,24.1,6,".231",".361",".278","0.639",".231",".409",".278",".296",".278",".179",,,,,,,,,,,,,"90.6","6.3",28.7,7.5,45,"80.658385128","94.806492692",27.6,47.3
"Dayton, Grant",594795,2021,33,"13","13.0",62,53,15,8,4,1,2,14,7,22.6,11.3,".283",".509",".355","0.864",".248",".414",".351",".316",".334",".166",,,,,,,,,,,,,"88.3","17.2",36.6,4.9,39,"77.2430455","94.200429231",26.7,48
"Effross, Scott",664123,2021,27,"14","14.2",58,52,13,8,3,0,2,18,1,31,1.7,".250",".423",".293","0.716",".201",".346",".304",".264",".253",".146",,,,,,,,,,,,,"90.5","9.8",36.1,8.3,38.9,"80.363395556","94.796974722",30,45
"Tarnok, Freddy",676206,2023,24,"5","14.2",65,54,11,3,4,0,4,14,11,21.5,16.9,".204",".500",".338","0.838",".252",".566",".358",".399",".378",".314","72.1",25.4,14.1,11.4,30.4,24.6,"7.4",2,12.2,-4.9,53.5,31.2,"91.3","25.7",40,17.5,40,"81.495616","95.0651415",21.7,44.9
"Feltner, Ryan",663372,2022,25,"20","97.1",428,383,102,64,18,4,16,84,35,19.6,8.2,".266",".460",".333","0.793",".259",".468",".343",".343",".327",".208",,,,,,,,,,,,,"89.7","13.3",35.3,8.3,42.6,"78.822846382","94.583367261",20.8,46.1
"Rodríguez, Manuel",655889,2024,27,"40","37.2",158,137,29,22,4,0,3,34,11,21.5,7,".212",".307",".292","0.599",".234",".334",".268",".289",".312",".100","71",21.7,14.7,11.2,31.1,23.7,"7.2",6,8.6,1.4,49.4,31.4,"88.7","11",30.2,2.8,34.9,"77.480563269","94.094053077",26.6,48.4
"Thompson, Mason",666168,2021,23,"31","24.2",121,103,32,23,5,0,4,23,15,19,12.4,".311",".476",".403","0.879",".256",".402",".380",".334",".356",".147",,,,,,,,,,,,,"86.6","9.1",25.6,6.1,42.7,"72.0259995","94.676783375",21.8,42.2
"Winckowski, Josh",670174,2024,26,"40","76.0",336,298,81,56,15,0,10,60,26,17.9,7.7,".272",".423",".334","0.757",".260",".410",".327",".322",".325",".150","71.3",21.2,16.8,13.7,35.8,29.2,"7",11,7.1,3.2,51,33.3,"88.5","7.1",34.1,6.1,43.1,"76.730726667","94.343318208",20.9,47.8
"Cleavinger, Garrett",664076,2024,30,"68","60.0",266,225,52,41,3,2,6,71,31,26.7,11.7,".231",".342",".338","0.680",".229",".380",".308",".325",".340",".151","71.5",23.2,11.3,8,29.7,21,"7.3",12,9.3,-2.1,47.5,32.6,"86.9","12.5",35,9.6,33.8,"75.131217143","93.391283766",30.3,47.8
"Lockett, Walker",621141,2020,26,"7","16.1",73,67,21,15,4,0,2,11,4,15.1,5.5,".313",".463",".370","0.833",".297",".424",".362",".344",".354",".127",,,,,,,,,,,,,"86.3","13.5",32.1,3.6,28.6,"75.545072857","92.765924182",20,52.2
"Sborz, Josh",622250,2024,30,"17","16.1",68,65,16,11,4,0,1,17,3,25,4.4,".246",".354",".279","0.633",".268",".413",".277",".314",".300",".145","71.3",20.4,9,7.1,24.7,19.5,"7.3",1,10.4,-0.6,51.3,31.7,"88.6","13.3",35.4,6.3,39.6,"77.966238333","93.74685875",23,48.9
"Bernardino, Brennan",657514,2023,31,"55","50.2",216,192,48,33,10,1,4,58,18,26.9,8.3,".250",".375",".333","0.708",".240",".380",".313",".312",".324",".141","71.4",20.4,11.9,9.2,32.1,24.6,"7.3",0,10.6,-2.7,41.5,34.8,"89","7.7",35.1,6.7,32.8,"77.912866119","94.22936218",24.7,40.7
"Brewer, Colten",605155,2024,31,"16","20.2",95,82,24,16,6,1,1,22,9,23.2,9.5,".293",".427",".358","0.785",".249",".388",".339",".321",".326",".138","71.2",20.7,10.7,8,29.5,22,"7.3",5,10,-1.6,46.7,32.9,"87.2","11.9",31.7,7.9,30.2,"76.771774839","92.861118852",26.3,44.8
"Jiménez, Joe",641729,2022,27,"62","56.2",231,217,49,34,9,2,4,77,13,33.3,5.6,".226",".341",".268","0.609",".212",".352",".268",".266",".256",".140",,,,,,,,,,,,,"88.6","20",37.6,7.8,39.7,"77.513937971","94.12236471",30.4,53
"Diekman, Jake",518617,2021,34,"67","60.2",262,223,47,29,6,2,10,83,34,31.7,13,".211",".390",".324","0.714",".213",".395",".312",".319",".329",".182",,,,,,,,,,,,,"90","16.6",37.6,10.6,39.7,"79.645108261","94.575168696",35.1,43.8
"Pérez, Eury",691587,2023,20,"19","91.1",374,337,72,33,22,2,15,108,31,28.9,8.3,".214",".424",".282","0.706",".205",".401",".303",".295",".276",".196","71.8",24.4,10.3,6.8,30.9,20.3,"7.5",2,14.6,-10.6,56.3,31,"89.8","23.5",36.1,10.7,40.3,"79.350598246","94.443128282",33.7,49.9
"Winn, Keaton",676775,2023,25,"9","42.1",172,156,36,21,7,2,6,35,8,20.3,4.7,".231",".417",".288","0.705",".236",".428",".304",".317",".297",".192","71.8",23,18.7,12.2,36.3,23.7,"7.5",1,11.9,-4,46,35.1,"92.4","4.5",26.8,10.6,48,"83.099068167","95.599386807",30.7,52.7
"Miller, Andrew",453192,2021,36,"40","36.0",164,140,41,26,8,2,5,40,16,24.4,9.8,".293",".486",".383","0.869",".238",".414",".372",".335",".337",".176",,,,,,,,,,,,,"86.3","10.1",31.1,8.7,36.9,"73.157456275","93.888316535",26.4,43.4
"Snead, Kirby",669912,2024,29,"11","10.1",48,41,12,7,4,1,0,7,7,14.6,14.6,".293",".439",".396","0.835",".259",".367",".367",".336",".367",".109","70.9",13,17.6,13,39.2,29,"7.1",1,6.7,5.2,40.6,32.3,"88.3","1.6",20.6,2.9,41.2,"76.188721176","94.601324545",26.3,40.8
"Lee, Dylan",669276,2024,29,"52","59.2",240,221,49,30,11,1,7,76,17,31.7,7.1,".222",".376",".276","0.652",".198",".342",".277",".256",".254",".144","71.7",23.8,11.5,7.2,30.2,19,"7.8",13,17,-14.1,45,33.1,"87.5","16.8",35.4,7.5,32,"76.755771507","93.202362621",37.7,57.4
"Wisler, Matt",605538,2021,28,"48","48.2",195,180,41,24,9,2,6,62,11,31.8,5.6,".228",".400",".272","0.672",".200",".330",".284",".254",".250",".130",,,,,,,,,,,,,"86.8","24",33.9,5.8,25.6,"76.187515574","92.769397686",32,43.7
"Boxberger, Brad",502202,2022,34,"70","64.0",268,233,52,38,6,2,6,68,27,25.4,10.1,".223",".343",".306","0.649",".216",".372",".288",".300",".302",".156",,,,,,,,,,,,,"86.4","19.1",32.2,6.4,33.9,"74.436477349","93.183487289",24.4,42.9
"Paddack, Chris",663978,2022,26,"5","22.1",93,88,25,17,7,1,0,20,2,21.5,2.2,".284",".386",".301","0.687",".245",".374",".296",".289",".274",".129",,,,,,,,,,,,,"88.7","10.1",37.1,5.7,41.4,"77.993454706","93.837274853",25.4,52.6
"Leasure, Jordan",673929,2024,25,"33","31.1",142,120,32,18,7,1,6,26,18,18.3,12.7,".267",".492",".362","0.854",".241",".435",".366",".339",".340",".193","71.2",20.2,13.1,9.9,33.9,25.6,"7.1",7,7.5,0.3,54.7,30.4,"88.8","17.8",34,7.2,35.1,"78.728604792","93.544683053",26.6,48.4
"Brogdon, Connor",641401,2021,26,"56","57.2",235,213,47,29,12,0,6,50,18,21.3,7.7,".221",".362",".282","0.644",".210",".334",".277",".265",".273",".125",,,,,,,,,,,,,"85.9","15.5",26.5,5.4,31.3,"74.283060602","92.773394667",29.1,52.9
"Maeda, Kenta",628317,2023,35,"21","104.1",428,394,94,54,22,1,17,117,28,27.3,6.5,".239",".429",".292","0.721",".228",".411",".309",".300",".283",".184","72.1",26.4,14,10.2,32.2,23.4,"7.5",8,12.3,-3.9,46.8,34.2,"90.4","18.3",38.9,8.2,42.1,"80.763942899","94.388046123",28.2,48.5
"Bard, Daniel",453268,2020,35,"23","24.2",106,93,22,16,4,0,2,27,10,25.5,9.4,".237",".344",".330","0.674",".230",".371",".296",".306",".325",".141",,,,,,,,,,,,,"90.1","10.5",31.8,7.6,47,"80.218296061","94.382261692",28.6,48.5
"Adams, Austin",613534,2024,33,"56","41.1",191,152,38,22,12,0,4,53,23,27.7,12,".250",".408",".389","0.797",".202",".314",".354",".313",".356",".112","71.4",21.2,11,7.3,24.9,16.5,"7.2",8,7.6,0.6,55.3,31.7,"85.1","16.6",34.3,4.9,31.4,"73.239764706","92.641949703",35.3,41.5
"Uribe, Abner",682842,2023,23,"32","30.2",127,104,16,13,2,1,0,39,20,30.7,15.7,".154",".192",".291","0.483",".197",".282",".238",".291",".333",".086","71.8",26.5,12.7,8.6,33.6,22.8,"7.5",5,11.9,-5.8,56.2,33.6,"89.7","8.4",25.4,6,43.3,"79.002330303","94.597696308",32.9,40.5
"Acevedo, Domingo",642758,2021,27,"10","11.0",44,40,9,5,1,0,3,9,4,20.5,9.1,".225",".475",".295","0.770",".232",".414",".328",".314",".302",".182",,,,,,,,,,,,,"86.2","14.3",25.8,6.5,35.5,"74.271099375","93.385398387",28.4,54.6
"Davidson, Tucker",656353,2022,26,"12","52.0",243,203,54,32,14,1,7,33,35,13.6,14.4,".266",".448",".379","0.827",".250",".394",".363",".340",".366",".145",,,,,,,,,,,,,"89.6","10.8",30.8,5.2,39.5,"79.581692118","93.956506706",22.5,44.8
"Alexander, Scott",518397,2024,34,"45","38.2",160,139,31,21,7,0,3,31,15,19.4,9.4,".223",".338",".304","0.642",".241",".412",".268",".314",".324",".172","71.9",26.3,15.8,13.3,33,27.9,"7.5",6,10.7,-1.6,55,34.3,"89.2","-1.5",36.6,12.5,44.6,"77.377443636","94.843086055",19.8,49.1
"Garcia, Bryan",650530,2022,27,"4","20.1",84,70,14,11,0,0,3,17,10,20.2,11.9,".200",".329",".321","0.650",".241",".437",".297",".348",".356",".196",,,,,,,,,,,,,"88.8","15.2",33.3,13,37,"79.310771481","93.188251852",24.6,44.8
"De Los Santos, Enyel",660853,2022,26,"50","53.1",215,192,40,24,12,1,3,61,17,28.4,7.9,".208",".328",".274","0.602",".234",".417",".265",".310",".300",".183",,,,,,,,,,,,,"90.6","12",38.5,9.6,45.2,"80.236497879","94.869064394",29.9,52.3
"Faedo, Alex",656412,2022,26,"12","53.2",244,215,63,40,16,0,7,44,25,18,10.2,".293",".465",".365","0.830",".279",".494",".361",".369",".358",".215",,,,,,,,,,,,,"91.1","19.1",45.4,9.8,39.1,"81.855073218","94.580938613",24.2,46.1
"Raley, Brooks",548384,2022,34,"60","53.2",219,196,37,27,6,1,3,61,15,27.9,6.8,".189",".276",".266","0.542",".211",".315",".247",".272",".287",".104",,,,,,,,,,,,,"86.7","12.3",34.3,2.2,28.5,"77.100163971","92.263166593",28.1,46.7
"La Sorsa, Joe",686747,2023,25,"25","32.2",145,130,32,24,5,0,3,28,9,19.3,6.2,".246",".354",".324","0.678",".270",".377",".304",".324",".346",".107","70.7",13.2,12.8,9.7,32.1,24.3,"7.4",1,13,-7.1,45.8,32.5,"85.7","12.2",33.3,2,30.4,"74.845880588","92.374209901",22.5,46.9
"Eshelman, Thomas",664045,2020,26,"12","34.2",144,131,34,16,11,0,7,16,10,11.1,6.9,".260",".504",".313","0.817",".299",".539",".342",".376",".350",".241",,,,,,,,,,,,,"88.5","17",38.5,9.4,35,"77.722225","93.732215172",17.3,45.9
"García, Deivi",665620,2020,21,"6","34.1",146,138,35,24,5,0,6,33,6,22.6,4.1,".254",".420",".290","0.710",".275",".459",".305",".330",".310",".184",,,,,,,,,,,,,"89.4","23.4",35.8,9.4,39.6,"78.3117525","94.435267885",22.7,53
"VerHagen, Drew",572403,2022,31,"19","21.2",106,90,27,18,4,0,5,18,14,17,13.2,".300",".511",".396","0.907",".284",".511",".390",".384",".384",".227",,,,,,,,,,,,,"88.3","18.1",39.7,9.6,34.2,"77.590731667","93.623111127",28.8,45.6
"Civale, Aaron",650644,2022,27,"20","97.0",407,373,93,56,23,0,14,98,22,24.1,5.4,".249",".424",".300","0.724",".246",".412",".313",".309",".298",".167",,,,,,,,,,,,,"88.6","13.5",35,7.5,40.4,"77.600390432","93.947464532",24.3,46.9
"Gallegos, Giovanny",606149,2021,29,"73","80.1",310,278,51,31,13,1,6,95,20,30.6,6.5,".183",".302",".249","0.551",".202",".345",".240",".270",".268",".143",,,,,,,,,,,,,"89","20.7",34.9,10.1,38.6,"78.537478495","93.901212162",34.6,51.5
"Houser, Adrian",605288,2023,30,"23","111.1",481,443,121,89,18,1,13,96,34,20,7.1,".273",".406",".324","0.730",".258",".416",".318",".316",".312",".158","72.7",31.2,23,18.5,39.3,31.7,"7.3",4,9.5,-0.6,56.3,34.1,"90.5","11.2",30.9,7.1,46.3,"80.081314368","94.913925072",18.7,45.2
"Littell, Zack",641793,2021,25,"63","61.2",252,222,46,25,12,2,7,63,24,25,9.5,".207",".374",".288","0.662",".218",".396",".287",".302",".297",".179",,,,,,,,,,,,,"90.4","12",29.4,8,46,"79.91933475","94.903755375",28.4,52.1
"Scherzer, Max",453286,2021,36,"30","179.1",693,644,119,73,21,2,23,236,36,34.1,5.2,".185",".331",".239","0.570",".192",".355",".248",".262",".246",".163",,,,,,,,,,,,,"87.9","19.3",33.6,8,34.3,"76.620696404","93.694755975",34.2,50.6
"Chirinos, Yonny",630023,2020,26,"3","11.1",52,46,14,10,2,0,2,10,4,19.2,7.7,".304",".478",".385","0.863",".324",".518",".375",".403",".402",".194",,,,,,,,,,,,,"87.3","19.1",38.9,5.6,30.6,"75.622108333","93.697903714",29.8,49.5
"Báez, Pedro",520980,2020,32,"18","17.0",70,63,10,6,2,0,2,13,7,18.6,10,".159",".286",".243","0.529",".213",".324",".237",".278",".294",".112",,,,,,,,,,,,,"86.7","22.6",22,4,28,"76.984615833","92.311113125",28.8,47.7
"Knack, Landon",689017,2024,26,"15","69.0",286,264,58,33,9,2,14,69,18,24.1,6.3,".220",".428",".276","0.704",".224",".444",".304",".313",".281",".220","71.7",25,16.7,13.1,35.5,28,"7.3",6,10.6,-3.3,57.6,30.8,"90.6","21.1",35.7,10.2,43.9,"80.515529184","94.680633316",23.1,46
"Oswalt, Corey",621261,2021,27,"3","10.1",42,40,12,7,4,0,1,10,2,23.8,4.8,".300",".475",".333","0.808",".302",".519",".345",".365",".335",".217",,,,,,,,,,,,,"90.6","18.6",53.3,10,46.7,"81.494808667","94.781980345",31.8,56.4
"Gibaut, Ian",664139,2023,29,"74","75.2",318,282,69,51,10,0,8,69,28,21.7,8.8,".245",".365",".320","0.685",".233",".368",".298",".297",".312",".135","69.9",13.9,7,5.7,28,22.6,"6.8",8,5.1,6.4,39.6,31.5,"86.7","16.2",34.3,6,31.9,"75.758066449","92.92461385",25.5,51.7
"Wainwright, Adam",425794,2023,41,"21","101.0",484,438,151,93,36,2,20,55,41,11.4,8.5,".345",".573",".400","0.973",".320",".562",".414",".399",".378",".242","71.8",24.4,19.6,17.8,41.2,37.4,"7.4",2,12.7,-5.9,61.9,32.4,"89","12.9",40.6,11.1,38.8,"78.20171099","93.997660521",13.1,41.3
"Pomeranz, Drew",519141,2021,32,"27","25.2",102,90,19,13,3,1,2,30,10,29.4,9.8,".211",".333",".284","0.617",".205",".358",".267",".275",".280",".152",,,,,,,,,,,,,"89.6","7.4",41.9,4.8,38.7,"80.195102903","93.709505161",27.4,44.2
"Díaz, Jhonathan",646242,2022,25,"4","15.1",66,55,13,8,3,1,1,11,10,16.7,15.2,".236",".382",".348","0.730",".251",".404",".324",".344",".364",".154",,,,,,,,,,,,,"91.3","10",37.8,4.4,46.7,"81.865433913","95.152623333",21.8,42.8
"Burke, Brock",656271,2024,27,"34","34.0",154,135,37,20,12,1,4,41,16,26.6,10.4,".274",".467",".357","0.824",".224",".335",".352",".292",".318",".111","71.2",21.5,12.1,8.8,28.4,20.7,"7.3",3,9.4,0.4,48.7,32.2,"90.1","12.6",30.5,4.2,41.1,"80.677251667","94.312216211",29.1,52.5
"Molina, Anthony",683627,2024,22,"35","59.2",264,236,72,50,16,1,5,41,22,15.5,8.3,".305",".445",".364","0.809",".308",".482",".349",".373",".372",".175","71.5",20.7,16.4,13.3,31.6,25.5,"7.3",3,9.6,0.4,48.7,33.4,"90.4","11.2",38.7,8,45.7,"79.138607172","95.191955178",18.8,47.7
"Otto Jr., Glenn",657248,2021,25,"6","23.1",111,100,32,21,7,2,2,28,8,25.2,7.2,".320",".490",".382","0.872",".275",".451",".375",".344",".340",".177",,,,,,,,,,,,,"88.8","9.8",41.1,8.2,37,"78.074679167","93.829583472",22.1,50.4
"Muller, Kyle",666205,2022,24,"3","12.1",59,50,13,9,2,0,2,12,8,20.3,13.6,".260",".420",".362","0.782",".270",".430",".347",".354",".371",".160",,,,,,,,,,,,,"88","16.2",41,7.7,28.2,"77.708774737","93.263466053",26.4,47.2
"Hand, Brad",543272,2023,33,"60","53.2",236,200,54,31,14,3,6,59,22,25,9.3,".270",".460",".351","0.811",".253",".398",".344",".326",".341",".145","70.1",12.7,12.1,9.7,35.5,28.4,"7.2",5,9.4,-1.2,45.5,32.6,"88.8","14.2",38,7.3,37.3,"78.221109861","93.876145664",22.3,44.9
"Melancon, Mark",453343,2022,37,"62","56.0",247,224,63,48,10,0,5,35,21,14.2,8.5,".281",".393",".346","0.739",".280",".442",".325",".341",".345",".162",,,,,,,,,,,,,"89.7","10.9",36.3,6.8,38.9,"79.793358936","94.01804893",20.8,47.7
"Garza Jr., Ralph",621248,2022,28,"19","35.0",153,134,38,28,5,1,4,17,16,11.1,10.5,".284",".425",".368","0.793",".292",".469",".347",".365",".375",".178",,,,,,,,,,,,,"87.3","10.4",36.4,6.8,38.1,"75.654888644","93.523260855",20.3,47.9
"Swarmer, Matt",664161,2022,28,"11","34.0",153,132,33,14,6,1,12,36,20,23.5,13.1,".250",".583",".346","0.929",".240",".513",".391",".362",".339",".273",,,,,,,,,,,,,"90.7","17.7",30.9,13.4,48.5,"80.070719388","95.216112577",31.3,44.7
"Holderman, Colin",670059,2022,26,"24","28.1",118,97,20,17,2,1,0,24,14,20.3,11.9,".206",".247",".325","0.572",".210",".321",".267",".295",".329",".111",,,,,,,,,,,,,"87.3","18",18.4,6.6,32.9,"75.980488158","93.516849467",23,44.2
"Appel, Mark",571446,2022,30,"6","10.1",40,37,9,7,2,0,0,5,3,12.5,7.5,".243",".297",".300","0.597",".247",".341",".269",".288",".303",".094",,,,,,,,,,,,,"91.5","6.4",28.1,6.3,50,"81.849589375","95.113122813",21.1,38.3
"Wright, Kyle",657140,2022,26,"30","180.1",738,672,156,115,21,1,19,174,53,23.6,7.2,".232",".351",".296","0.647",".243",".395",".288",".309",".307",".152",,,,,,,,,,,,,"89","4.4",31.1,6.8,41.1,"77.914176275","94.364285538",26.5,48.8
"Cabrera, Génesis",650893,2022,25,"39","44.2",194,169,39,23,8,0,8,32,20,16.5,10.3,".231",".420",".325","0.745",".261",".444",".322",".344",".352",".183",,,,,,,,,,,,,"86.3","12.2",33.3,7.2,31.2,"73.949553043","93.327088696",23.3,47.8
"Crick, Kyle",605195,2022,29,"14","15.2",66,53,10,8,2,0,0,19,11,28.8,16.7,".189",".226",".348","0.574",".226",".320",".282",".325",".378",".095",,,,,,,,,,,,,"86.2","14",47.1,2.9,23.5,"76.159027059","92.161527647",26.5,40.5
"Dunning, Dane",641540,2022,27,"29","153.1",671,589,158,97,39,2,20,137,62,20.4,9.2,".268",".443",".345","0.788",".247",".413",".344",".329",".329",".166",,,,,,,,,,,,,"87.9","5.4",30,8.9,38,"75.651708018","94.089395066",24.5,44.4
"Nicolas, Kyle",693312,2024,25,"51","54.2",244,205,51,40,7,0,4,55,32,22.5,13.1,".249",".341",".357","0.698",".234",".366",".315",".326",".348",".132","70.5",16.5,10.4,7.7,34,25.1,"7.2",7,8.2,2,52.1,30.7,"90","10.8",34,8.5,40.5,"80.218110263","94.167130662",28.2,45.9
"Alcantara, Sandy",645261,2023,27,"28","184.2",762,700,176,123,30,1,22,151,48,19.8,6.3,".251",".391",".302","0.693",".260",".418",".301",".319",".313",".158","71.7",22,11.9,9,31.9,24.2,"7.3",7,10.2,-1.1,50.2,33.5,"88.8","7",31.4,7,40.6,"77.348736884","94.275894674",25.4,54.2
"Loáisiga, Jonathan",642528,2023,28,"17","17.2",69,64,14,11,1,0,2,6,1,8.7,1.4,".219",".328",".246","0.574",".228",".331",".241",".255",".260",".103","71.2",22.9,6,5.2,24.1,20.8,"7.3",1,9.1,0.9,47.9,30.8,"85.2","9",23.3,1.7,30,"73.363709667","92.5822595",15.5,54.7
"Smith, Josh A.",595001,2020,32,"16","26.1",121,105,33,20,10,0,3,18,11,14.9,9.1,".314",".495",".375","0.870",".263",".420",".364",".332",".341",".157",,,,,,,,,,,,,"87.4","13.6",34.1,3.3,30.8,"77.225404667","92.794916333",22.5,50
"Oviedo, Luis",665854,2021,22,"22","29.2",147,117,33,20,8,1,4,31,26,21.1,17.7,".282",".470",".415","0.885",".249",".444",".383",".369",".393",".194",,,,,,,,,,,,,"89.4","10.5",37.5,9.1,42,"77.927221818","94.672256477",27.7,40.5
"Woodford, Jake",663765,2020,23,"12","21.0",85,79,20,12,1,0,7,16,5,18.8,5.9,".253",".532",".294","0.826",".270",".529",".343",".357",".315",".259",,,,,,,,,,,,,"89.9","12.2",21.9,14.1,40.6,"78.802816875","94.56602875",20.4,45
"Benjamin, Wes",605138,2021,27,"13","22.2",112,94,29,19,4,0,6,19,17,17,15.2,".309",".543",".411","0.954",".249",".455",".406",".365",".367",".206",,,,,,,,,,,,,"90.5","20.8",39.5,9.2,36.8,"81.438589211","94.012474605",21,47.5
"Holmes, Grant",656550,2024,28,"26","68.1",282,262,66,49,10,0,7,70,15,24.8,5.3,".252",".370",".294","0.664",".237",".397",".287",".295",".282",".159","71.7",22.9,12.9,9.1,35.1,24.8,"7.5",17,11.1,-4.5,51.8,32.9,"88.7","13.9",35.9,6.7,38.5,"78.281141753","93.754273057",32.4,54
"Jackson, Zach",667427,2022,27,"54","48.0",202,164,28,20,7,0,1,67,33,33.2,16.3,".171",".232",".315","0.547",".182",".331",".257",".295",".326",".149",,,,,,,,,,,,,"89.4","21.6",35,10,40,"78.787662041","94.226831753",33.4,40.5
"Márquez, Germán",608566,2020,25,"13","81.2",344,316,78,53,16,3,6,73,25,21.2,7.3,".247",".373",".299","0.672",".259",".391",".292",".315",".315",".132",,,,,,,,,,,,,"88.8","7.2",32.9,4.9,40.2,"77.797894754","94.009115432",26.3,49
"López, Jorge",605347,2021,28,"33","121.2",555,485,142,92,28,1,21,112,56,20.2,10.1,".293",".485",".375","0.860",".270",".449",".369",".352",".356",".180",,,,,,,,,,,,,"89.7","5.7",35,9.3,43.5,"77.778090802","95.190768235",20.7,43.7
"Alcala, Jorge",660896,2021,25,"59","59.2",229,210,45,30,5,0,10,61,13,26.6,5.7,".214",".381",".263","0.644",".222",".402",".275",".291",".273",".179",,,,,,,,,,,,,"86.9","11.7",30.7,9.2,37.3,"74.835192632","93.642063576",29.2,54.4
"Stammen, Craig",489334,2021,37,"67","88.1",355,336,79,55,11,0,13,83,13,23.4,3.7,".235",".384",".268","0.652",".237",".381",".279",".285",".271",".144",,,,,,,,,,,,,"88.4","8.1",27.3,5.9,35.9,"78.207452126","93.466217273",24.3,46.9
"Roycroft, Chris",688297,2024,27,"27","34.1",155,130,31,22,5,2,2,33,17,21.3,11,".238",".354",".338","0.692",".219",".305",".309",".292",".323",".086","71",20.5,9.8,7.7,27.7,21.8,"6.9",4,3.4,10,37.7,32.8,"86.9","1",25.7,2,33.7,"75.127196735","93.446520825",22.1,45.6
"Castillo, Luis",622491,2020,27,"12","70.0",292,266,62,38,18,1,5,89,24,30.5,8.2,".233",".365",".298","0.663",".209",".313",".290",".266",".277",".104",,,,,,,,,,,,,"86","2.2",28.7,4.5,37.1,"72.160531236","93.916524915",32.8,51
"Waguespack, Jacob",621097,2024,30,"4","10.0",51,41,13,10,2,0,1,11,10,21.6,19.6,".317",".439",".451","0.890",".291",".443",".397",".390",".433",".152","71",14.8,18.9,11.5,37.8,23,"7",1,7.9,5.4,59,30.5,"86.9","10.6",40,6.7,36.7,"75.346148667","93.484988621",38.2,40.3
"Gray, Sonny",543243,2024,34,"28","166.1",671,623,142,82,33,6,21,203,39,30.3,5.8,".228",".401",".275","0.676",".235",".401",".292",".300",".283",".167","71.5",21.2,13.8,10.1,35.3,25.8,"7.4",35,11.5,-2.5,54.3,33,"89.6","11.5",38.1,8.9,37.9,"79.276406538","94.211961253",29.8,48.7
"Sims, Lucas",608371,2024,30,"58","49.1",215,179,41,25,7,1,8,49,30,22.8,14,".229",".413",".341","0.754",".220",".397",".331",".324",".333",".178","71.1",19.1,11.6,8.8,25.9,19.8,"7.5",9,13.2,-6.8,56.8,31.4,"85.4","24.1",32.8,9.7,31.3,"72.820974545","92.992474394",25.8,46.4
"Rutledge, Jackson",671131,2023,24,"4","20.0",88,79,24,15,5,0,4,12,6,13.6,6.8,".304",".519",".364","0.883",".269",".531",".376",".366",".333",".262","72.5",31.6,18.2,14.5,38,30.3,"7.4",1,11.1,-3.6,52.6,31.8,"91","23.1",38.2,10.3,50,"80.497649412","95.414478824",21.3,48.8
"Jefferies, Daulton",641726,2021,25,"5","15.0",58,53,11,5,5,0,1,8,4,13.8,6.9,".208",".358",".276","0.634",".248",".389",".278",".310",".313",".142",,,,,,,,,,,,,"88.8","6.2",37.8,6.7,35.6,"79.791708696","93.041793556",17,50.9
"Lester, Jon",452657,2021,37,"28","141.1",627,558,159,101,33,0,25,91,55,14.5,8.8,".285",".478",".349","0.827",".270",".459",".352",".345",".339",".188",,,,,,,,,,,,,"88.3","10.4",33.5,7.7,37.2,"76.810550681","93.976799595",20.1,46.4
"Allard, Kolby",663465,2020,22,"11","33.2",152,130,31,21,4,2,4,32,20,21.1,13.2,".238",".392",".342","0.734",".236",".409",".324",".332",".341",".173",,,,,,,,,,,,,"89.1","19.5",35.4,7.1,38.4,"79.470342245","93.695382755",23.1,45.4
"Whitlock, Garrett",676477,2021,25,"46","73.1",298,275,64,44,14,0,6,81,17,27.2,5.7,".233",".349",".282","0.631",".223",".334",".272",".266",".273",".111",,,,,,,,,,,,,"87.7","7.5",34.5,4.1,37.1,"76.016163939","93.797454924",27.6,50.3
"Scrubb, Andre",668687,2020,25,"20","23.2",102,79,15,13,1,0,1,24,20,23.5,19.6,".190",".241",".347","0.588",".192",".292",".280",".303",".354",".101",,,,,,,,,,,,,"87.3","10",32.8,3.4,22.4,"78.702371786","92.104807455",24.6,33.9
"Muñoz, Andrés",662253,2022,23,"64","65.0",248,227,43,34,4,0,5,96,15,38.7,6,".189",".273",".250","0.523",".164",".246",".231",".213",".229",".083",,,,,,,,,,,,,"86.2","7.2",24.1,5.3,36.1,"74.246011061","93.116069847",41.9,54.5
"Brentz, Jake",641394,2021,26,"72","64.0",278,229,45,27,9,2,7,76,37,27.3,13.3,".197",".345",".320","0.665",".215",".369",".297",".321",".338",".155",,,,,,,,,,,,,"89.4","7.5",35.4,8.2,38.6,"78.910472564","94.196878839",30.2,43.7
"Fairbanks, Pete",664126,2020,26,"27","26.2",117,101,23,19,2,0,2,39,14,33.3,12,".228",".307",".333","0.640",".199",".299",".294",".281",".310",".100",,,,,,,,,,,,,"89.8","13.6",30.6,4.8,43.5,"80.717322258","93.851307049",37.6,48.4
"Ramírez, Yohan",670990,2021,26,"25","27.2",114,96,18,10,2,0,6,35,12,30.7,10.5,".188",".396",".297","0.693",".175",".331",".304",".279",".286",".156",,,,,,,,,,,,,"86.9","20.2",35.9,6.3,29.7,"77.277933871","92.401788197",35.9,45.4
"Weems, Jordan",607179,2022,29,"32","39.2",166,152,35,19,7,2,7,41,12,24.7,7.2,".230",".441",".285","0.726",".227",".400",".310",".293",".282",".173",,,,,,,,,,,,,"90.6","20.6",34.5,7.1,41.6,"80.750658393","94.497257054",24.6,54.6
"Pressly, Ryan",519151,2022,33,"50","48.1",181,166,30,23,2,1,4,65,12,35.9,6.6,".181",".277",".235","0.512",".200",".318",".229",".253",".253",".119",,,,,,,,,,,,,"89","9.1",30.8,5.8,37.5,"78.821057451","93.689183039",38.7,48.7
"Houck, Tanner",656557,2023,27,"21","106.0",463,410,104,66,24,0,14,99,41,21.4,8.9,".254",".415",".328","0.743",".240",".398",".323",".315",".317",".158","72.2",24.8,15.1,11.2,32.4,24.1,"7.6",7,14.1,-8.5,50.3,34.8,"90.2","6.5",31.2,6.6,43.8,"79.839613481","94.678429651",28.8,47.3
"Bautista, Félix",642585,2023,28,"56","61.0",237,209,30,23,3,0,4,110,26,46.4,11,".144",".215",".245","0.460",".139",".241",".218",".225",".242",".102","71.9",22.6,7.5,4.5,27.5,16.5,"7.4",2,10.8,-3.1,52.6,31,"88.6","21.4",31.3,8.1,34.3,"78.80514625","93.278068125",44.3,51.2
"Muñoz, Roddery",682610,2024,24,"18","82.2",379,327,89,44,17,2,26,70,42,18.5,11.1,".272",".575",".359","0.934",".275",".555",".393",".393",".365",".280","72.4",27.6,13,10.2,33.8,26.4,"7.5",11,12.7,-4.3,60.9,32.2,"90.8","15.9",41.2,13.7,45,"80.757887099","94.738415878",23.6,45.7
"Dunning, Dane",641540,2024,29,"26","95.0",421,373,97,59,19,1,18,91,40,21.6,9.5,".260",".461",".340","0.801",".257",".470",".347",".349",".337",".213","72.1",28,17.4,13.7,35.6,28.1,"7.4",6,12.8,-4.7,51.3,32.7,"90.4","13.6",33.8,10.9,45.8,"79.435209433","95.254082242",23.7,45.5
"Helsley, Ryan",664854,2021,26,"51","47.1",206,176,40,28,8,0,4,47,27,22.8,13.1,".227",".341",".327","0.668",".242",".411",".295",".330",".342",".170",,,,,,,,,,,,,"90.9","12.5",32.6,8.3,43.2,"80.009368485","95.221141756",27.2,45.7
"Senga, Kodai",673540,2023,30,"29","166.1",694,606,126,88,21,0,17,202,77,29.1,11.1,".208",".327",".301","0.628",".222",".369",".282",".305",".314",".146","71.8",26,12.9,9.6,31.3,23.2,"7.4",10,11,-3.7,48.4,33.1,"89","12.8",31.5,6.8,40.6,"77.901311034","94.284814148",29.7,45.2
"García, Edgar",658305,2021,24,"11","14.2",72,63,19,8,5,1,5,12,8,16.7,11.1,".302",".651",".389","1.040",".269",".490",".432",".370",".360",".221",,,,,,,,,,,,,"89","9.3",33.3,11.8,31.4,"79.955971923","93.172193922",25.4,42
"Hill, Tim",657612,2020,30,"23","18.0",79,71,17,10,4,0,3,20,6,25.3,7.6,".239",".423",".316","0.739",".238",".371",".316",".301",".316",".133",,,,,,,,,,,,,"85.1","0.5",35.3,5.9,33.3,"72.79143","92.7699652",22.8,46.6
"Reed, Cody",642003,2020,27,"11","12.0",55,46,11,6,3,0,2,12,8,21.8,14.5,".239",".435",".364","0.799",".294",".454",".351",".384",".409",".161",,,,,,,,,,,,,"87.8","7.4",41.2,8.8,41.2,"75.977321765","93.788323824",29.4,36
"Senzatela, Antonio",622608,2021,26,"28","156.2",670,620,178,123,39,4,12,105,32,15.7,4.8,".287",".421",".328","0.749",".268",".418",".323",".319",".313",".150",,,,,,,,,,,,,"90.4","8.1",30.7,5.9,42.7,"79.742400117","94.861867695",19.7,48.1
"Widener, Taylor",642203,2022,27,"14","17.1",82,74,22,16,4,0,2,14,5,17.1,6.1,".297",".432",".366","0.798",".237",".439",".349",".323",".311",".202",,,,,,,,,,,,,"88.2","21",33.3,6.7,40,"76.282810333","94.145150333",20.1,52.9
"Castillo, Luis",622491,2023,30,"33","197.0",802,735,160,91,36,5,28,219,56,27.3,7,".218",".395",".276","0.671",".226",".414",".289",".302",".285",".188","71.7",24.9,11.5,8.3,29.8,21.6,"7.3",6,10.3,-0.6,47.1,32.6,"90","15.9",31,9.4,41.8,"78.960209073","94.709603649",30.6,52.1
"Stock, Robert",476594,2020,30,"10","13.1",62,50,16,12,4,0,0,14,10,22.6,16.1,".320",".400",".426","0.826",".247",".346",".369",".333",".373",".099",,,,,,,,,,,,,"92.4","6.9",39.5,5.3,44.7,"83.805598421","95.089548378",25.5,41.9
"Williams, Devin",642207,2024,29,"22","21.2",88,75,10,5,4,0,1,38,11,43.2,12.5,".133",".227",".261","0.488",".143",".213",".228",".229",".270",".070","70.7",16.4,5.2,3,15.5,9.1,"7.3",3,10.8,-2.9,41.2,32,"84.2","14.8",29.7,5.4,32.4,"73.454455789","91.882778649",40,47.3
"Adcock, Ty",686654,2023,26,"12","15.2",58,58,11,5,1,1,4,11,0,19,0,".190",".448",".190","0.638",".296",".562",".263",".360",".296",".266","70.4",14.3,21.4,17.1,46.4,37.1,"7.3",0,8.2,0.2,51.4,33.5,"90.2","13.5",42.6,14.9,51.1,"78.55464087","95.412517174",21.7,58
"Bleier, Richard",542947,2021,34,"68","58.0",225,212,51,39,8,0,4,44,6,19.6,2.7,".241",".335",".268","0.603",".239",".340",".256",".269",".272",".101",,,,,,,,,,,,,"88","-5.2",26.2,4.1,39,"75.776639643","94.17690744",20.1,57.4
"Uribe, Abner",682842,2024,24,"14","14.1",66,54,15,12,1,1,1,14,12,21.2,18.2,".278",".389",".409","0.798",".258",".381",".349",".347",".395",".123","71.4",27.1,18.2,14.3,40,31.4,"7.4",3,9.8,-2.8,62.9,32.5,"86.8","3.1",25,7.5,47.5,"72.7742005","95.068232564",26,37.2
"Sneed, Cy",605482,2020,27,"18","17.1",83,71,22,12,7,0,3,21,10,25.3,12,".310",".535",".395","0.930",".227",".432",".390",".319",".322",".205",,,,,,,,,,,,,"87.7","21",40.4,7.7,34.6,"77.5560468","92.9098678",24.5,47.3
"Sulser, Cole",642121,2020,30,"19","22.2",100,81,17,10,4,1,2,19,17,19,17,".210",".358",".347","0.705",".218",".371",".314",".325",".354",".153",,,,,,,,,,,,,"86.9","17.3",34.4,4.7,31.3,"76.599267097","92.699215082",30.2,48.6
"DeSclafani, Anthony",543101,2021,31,"31","167.2",676,626,141,98,22,2,19,152,42,22.5,6.2,".225",".358",".276","0.634",".237",".416",".276",".305",".288",".178",,,,,,,,,,,,,"88.9","11.6",32.7,8.1,38.8,"77.778434661","94.264522633",24.2,48.9
"Nelson, Ryne",669194,2023,25,"29","144.0",619,559,159,88,37,10,24,96,46,15.5,7.4,".284",".515",".334","0.849",".263",".493",".357",".349",".319",".230","72.2",29.2,16.4,13.3,36.4,29.5,"7.2",2,9.2,-1.1,53.4,32,"90.8","16.2",37.1,11.6,42.7,"80.703908814","94.897921525",20.3,49.8
"Bickford, Phil",641360,2023,27,"61","67.1",304,257,59,35,14,2,8,76,39,25,12.8,".230",".393",".339","0.732",".237",".431",".319",".336",".346",".194","71.4",21.8,13.7,9.9,33.3,24.2,"7.1",6,8.3,1.2,52.8,29.6,"90.9","22.3",34.6,10.3,42.2,"80.956531011","94.871273202",29.7,48.8
"Peguero, Elvis",665625,2022,25,"13","17.1",77,72,23,13,6,0,4,12,5,15.6,6.5,".319",".569",".364","0.933",".275",".486",".400",".349",".322",".211",,,,,,,,,,,,,"88.9","8",33.3,8.3,35,"78.270149333","94.073625932",23.9,51.6
"Zimmermann, Bruce",669145,2023,28,"7","13.1",61,58,17,11,3,0,3,14,0,23,0,".293",".500",".311","0.811",".251",".429",".343",".298",".271",".179","70.9",13.3,18.2,13.3,27.3,20,"7.6",0,13.9,-6.7,80,29.6,"88.2","7.8",33.3,8.9,42.2,"76.129832273","94.191193636",31.9,52.6
"López, Pablo",641154,2022,26,"32","180.0",736,671,157,91,39,6,21,174,53,23.6,7.2,".234",".404",".296","0.700",".236",".386",".305",".301",".299",".150",,,,,,,,,,,,,"87.9","11",33.7,9,35.1,"76.341792771","93.754029819",28.2,49.6
"Webb, Tyler",643778,2020,29,"21","21.2",87,78,17,13,2,0,2,19,7,21.8,8,".218",".321",".279","0.600",".236",".390",".265",".304",".298",".154",,,,,,,,,,,,,"85.7","15.4",36.1,3.3,36.1,"74.158753667","92.634957",25,53.2
"Murphy, Patrick",641907,2021,26,"25","28.0",128,114,31,21,7,0,3,29,10,22.7,7.8,".272",".412",".352","0.764",".264",".412",".336",".336",".345",".148",,,,,,,,,,,,,"90.6","6.9",36.5,7.1,45.9,"78.280457381","95.732297381",22.7,46.3
"Campbell, Paul",669294,2021,25,"16","26.2",124,111,32,21,5,1,5,26,10,21,8.1,".288",".486",".358","0.844",".258",".478",".363",".350",".330",".221",,,,,,,,,,,,,"88.9","14.2",33.7,12.8,34.9,"78.486962381","93.752862143",24.4,48.1
"Bedrosian, Cam",592135,2021,29,"26","25.0",116,97,27,19,2,0,6,23,17,19.8,14.7,".278",".485",".379","0.864",".260",".480",".371",".373",".369",".219",,,,,,,,,,,,,"87.9","18.3",34.2,11.8,42.1,"75.522466579","94.298147368",24.1,46.2
"Quintana, Jose",500779,2021,32,"29","63.0",297,259,74,47,15,0,12,85,35,28.6,11.8,".286",".483",".370","0.853",".246",".430",".366",".336",".338",".184",,,,,,,,,,,,,"90.6","12.7",38.1,11.9,45.5,"79.190698736","95.257918103",29.1,46
"Gott, Trevor",641627,2023,30,"64","58.0",261,236,63,45,13,1,4,62,19,23.8,7.3,".267",".381",".331","0.712",".238",".357",".309",".290",".305",".119","71.7",23.7,16.2,13.6,34.5,28.8,"7.1",7,6.5,6,53.7,31.1,"88.2","13.4",33.5,4.5,36.4,"76.879028391","93.931318439",23.2,44.6
"Tate, Dillon",622253,2021,27,"62","67.2",287,249,61,39,14,1,7,49,23,17.1,8,".245",".394",".319","0.713",".236",".365",".310",".313",".320",".129",,,,,,,,,,,,,"87.6","0.9",25,6.3,38,"74.860845294","94.190092843",22.4,45.9
"Hudson, Daniel",543339,2020,33,"21","20.2",92,77,15,6,3,0,6,28,11,30.4,12,".195",".468",".319","0.787",".185",".411",".338",".317",".310",".226",,,,,,,,,,,,,"90.8","27.4",36,14,36,"82.3136092","94.169023878",31.1,54.5
"Lynn, Lance",458681,2022,35,"21","121.2",512,481,119,80,20,0,19,124,19,24.2,3.7,".247",".407",".289","0.696",".243",".402",".304",".301",".286",".159",,,,,,,,,,,,,"88.4","14.2",34.3,6.7,38.7,"77.366721573","93.833569944",28.5,52.3
"Castano, Daniel",641447,2022,27,"10","35.2",156,144,42,23,12,2,5,20,9,12.8,5.8,".292",".507",".342","0.849",".280",".432",".366",".334",".331",".153",,,,,,,,,,,,,"86.9","11",28.8,6.4,33.6,"74.969243115","93.514981983",17.6,51.1
"Woodruff, Brandon",605540,2023,30,"11","67.0",253,233,40,23,8,0,9,74,15,29.2,5.9,".172",".322",".229","0.551",".203",".334",".241",".262",".260",".131","71.1",20.9,14.2,10.5,30.9,22.8,"7.2",10,9.6,-2.2,49.3,30.9,"89","18.3",32.9,6.8,41.6,"77.742251519","94.345438797",28.3,50.1
"Peña, Félix",570240,2020,30,"25","26.2",115,106,27,20,5,0,2,29,8,25.2,7,".255",".358",".313","0.671",".236",".353",".297",".291",".297",".117",,,,,,,,,,,,,"88.3","7.5",29.9,5.2,31.2,"78.549167632","93.031990789",27.5,43.5
"Rosenberg, Kenny",670046,2022,26,"3","10.2",47,40,9,6,2,0,1,8,6,17,12.8,".225",".350",".319","0.669",".248",".370",".299",".314",".339",".122",,,,,,,,,,,,,"86.4","22.1",39.4,3,33.3,"75.638693529","92.738439394",21.7,47.7
"Ort, Kaleb",672391,2023,31,"21","23.0",107,93,27,15,6,0,6,24,9,22.4,8.4,".290",".548",".356","0.904",".233",".471",".379",".328",".304",".239",,,,,,,,,,,,,"90.4","21",31.5,12.3,39.7,"80.324780286","94.882021",19.9,48.2
"Castano, Daniel",641447,2021,26,"5","20.1",92,82,22,13,6,0,3,13,8,14.1,8.7,".268",".451",".341","0.792",".288",".494",".342",".371",".358",".206",,,,,,,,,,,,,"85.9","13.2",38.6,10,37.1,"72.205087059","93.953498358",16.9,49.8
"Cruz, Fernando",518585,2022,32,"14","14.2",64,54,9,6,2,0,1,21,9,32.8,14.1,".167",".259",".297","0.556",".191",".277",".263",".279",".317",".086",,,,,,,,,,,,,"87.8","11.8",33.3,3,33.3,"77.03649125","93.41070375",37.8,45.8
"Yajure, Miguel",664337,2021,23,"4","15.0",68,60,17,6,5,0,6,11,7,16.2,10.3,".283",".667",".368","1.035",".293",".621",".428",".419",".376",".329",,,,,,,,,,,,,"89.7","16",42.9,20.4,38.8,"79.1734384","94.354000612",21.4,43.1
"Matzek, Tyler",554431,2021,30,"69","63.0",264,220,40,25,12,0,3,77,37,29.2,14,".182",".277",".304","0.581",".188",".286",".261",".269",".310",".098",,,,,,,,,,,,,"89.7","15.8",30.4,3.4,37.8,"79.325363239","94.359116549",29.8,48.8
"Slegers, Aaron",642083,2021,28,"29","31.0",149,132,43,26,11,0,6,25,15,16.8,10.1,".326",".545",".399","0.944",".264",".429",".403",".340",".344",".165",,,,,,,,,,,,,"88.3","5",25.9,6.5,40.7,"75.975241296","94.529077009",25,47.7
"Suarez, José",660761,2024,26,"22","52.1",240,208,57,29,17,4,7,56,27,23.3,11.3,".274",".495",".367","0.862",".254",".413",".371",".340",".351",".160","71.7",23.7,16.7,12.6,31.9,24,"7.5",10,9.8,-1.8,49.1,33.5,"89","13.4",37.3,8.5,47.7,"76.741386623","94.970841176",27.5,46
"Hearn, Taylor",621368,2020,25,"14","17.1",76,63,13,10,1,0,2,23,11,30.3,14.5,".206",".317",".329","0.646",".182",".294",".295",".279",".310",".112",,,,,,,,,,,,,"90","23.6",34.1,4.9,36.6,"81.693347143","93.886115854",24.5,41.8
"Mahle, Tyler",641816,2022,27,"23","120.2",503,452,104,64,21,3,16,126,43,25,8.5,".230",".396",".297","0.693",".217",".383",".303",".300",".291",".167",,,,,,,,,,,,,"88.7","17.9",31.9,7.5,38.3,"78.299761636","93.700623708",26.8,45.3
"Fairbanks, Pete",664126,2024,30,"46","45.1",185,166,36,28,4,0,4,44,17,23.8,9.2,".217",".313",".288","0.601",".253",".396",".265",".313",".321",".143","71.1",19.9,15.5,12.6,36,29.3,"7.3",5,10.4,-1.8,59.8,31.3,"89.1","15.3",31.5,5.6,41.1,"78.057306066","94.449698443",21.8,44.8
"Pfaadt, Brandon",694297,2023,24,"19","96.0",421,386,109,59,25,3,22,94,26,22.3,6.2,".282",".534",".329","0.863",".249",".463",".362",".326",".299",".215","72",25.6,15,11.6,34.6,26.7,"7.4",7,11.3,-4.7,53.3,33.2,"90.1","18.2",37.2,11.7,44,"79.562691678","94.728173805",25,49.3
"Flaherty, Jack",656427,2023,27,"29","144.1",650,565,162,106,37,2,17,148,66,22.8,10.2,".287",".450",".370","0.820",".267",".422",".356",".343",".355",".155","71.5",22.4,15.4,11.6,33.8,25.4,"7.3",6,10.2,-3.9,49.4,33.3,"87.9","11.7",38.5,7.3,38.3,"76.595665118","93.759440071",26.6,44
"Mears, Nick",683232,2023,26,"16","19.1",87,72,14,9,2,2,1,21,14,24.1,16.1,".194",".319",".333","0.652",".170",".268",".299",".275",".313",".098","70.2",8.6,8.8,7.4,25,21,"7",4,6.6,4.3,54.3,30.1,"89.9","21.8",17.6,2,41.2,"80.109941154","94.118596471",23.2,41.7
"Kelly, Joe",523260,2021,33,"48","44.0",182,161,28,17,7,1,3,50,15,27.5,8.2,".174",".286",".258","0.544",".204",".311",".242",".276",".290",".107",,,,,,,,,,,,,"85.5","-0.1",27.4,5.3,34.5,"72.296889821","93.405145268",28.1,42
"Bielak, Brandon",656232,2023,27,"15","80.0",353,311,86,54,19,1,12,62,36,17.6,10.2,".277",".460",".361","0.821",".263",".462",".357",".353",".349",".200","72.7",36.9,15.7,12.1,32.2,24.8,"7.4",2,12,-2.2,56.7,34.1,"90.5","8.8",30,10.4,48.4,"79.612117317","95.15938249",23.7,45
"Gomber, Austin",596295,2022,28,"33","124.2",529,488,137,85,27,5,20,95,34,18,6.4,".281",".480",".328","0.808",".264",".455",".347",".332",".314",".190",,,,,,,,,,,,,"88.1","12.4",35.7,8.5,35.9,"77.125217041","93.700422959",22.1,49
"Sandoval, Patrick",663776,2021,24,"17","87.0",363,321,69,50,6,2,11,94,36,25.9,9.9,".215",".349",".300","0.649",".216",".343",".288",".291",".303",".127",,,,,,,,,,,,,"85.4","6.3",29.3,6.1,35.4,"72.845755351","93.015288326",33.9,46.6
"Hill, Tim",657612,2024,34,"62","67.0",291,266,77,68,7,0,2,31,19,10.7,6.5,".289",".338",".338","0.676",".261",".328",".299",".297",".317",".067","70.7",14.8,15.2,13.3,37.2,32.7,"6.9",4,2.1,10.1,33.9,33,"88","-6.6",20.1,1.7,40.6,"75.725038051","94.298682979",12.8,50.8
"Honeywell, Brent",641703,2023,28,"40","52.1",235,204,53,37,4,2,10,45,24,19.1,10.2,".260",".446",".350","0.796",".273",".458",".347",".361",".364",".185","71.6",23.8,16.7,12.9,34.6,26.7,"7.6",0,14.1,-6.9,51.5,33.2,"90.9","10.4",30.4,8.1,47.8,"80.587708125","95.2103195",24,46.8
"Hendriks, Liam",521230,2022,33,"58","57.2",235,210,44,30,5,2,7,85,16,36.2,6.8,".210",".352",".267","0.619",".181",".321",".270",".254",".248",".140",,,,,,,,,,,,,"90.5","17.8",33.3,9.1,39.4,"80.585535938","94.524195512",41.3,47.5
"González, Victor",624647,2023,27,"34","33.2",135,121,27,18,7,0,2,30,10,22.2,7.4,".223",".331",".296","0.627",".221",".333",".276",".279",".295",".112","71.1",26.1,0,0,25,19.6,"7.2",1,7.8,0.4,45.7,32.2,"86.6","0.8",29.3,6.5,29.3,"74.914297391","93.162344891",29.2,45.7
"Snell, Blake",605483,2020,27,"11","50.0",203,184,42,25,7,0,10,63,18,31,8.9,".228",".429",".297","0.726",".232",".406",".312",".309",".301",".174",,,,,,,,,,,,,"87.8","6.6",35.2,9.8,36.9,"76.379892333","93.60301225",33.7,47.6
"Dana, Caden",702674,2024,20,"3","10.1",52,43,14,6,3,0,5,8,7,15.4,13.5,".326",".744",".423","1.167",".255",".572",".478",".396",".367",".317","72.5",29.9,16.4,13,39.3,31.2,"7.4",3,12.3,-4.3,55.8,33.6,"91.2","12.1",19.4,13.9,41.7,"81.613302778","94.634810833",26.9,45.1
"Zulueta, Yosver",691172,2024,26,"12","16.1",69,61,15,10,3,0,2,20,7,29,10.1,".246",".393",".333","0.726",".198",".350",".322",".289",".291",".151","70.5",16.7,21.6,17.8,39.2,32.2,"7",4,5.6,9.7,35.6,31.8,"91.1","0.3",26.8,9.8,46.3,"80.439526667","95.430243659",21.6,38.8
"Cabrera, Génesis",650893,2021,24,"71","70.0",296,249,52,33,16,0,3,77,36,26,12.2,".209",".309",".318","0.627",".204",".334",".283",".294",".318",".130",,,,,,,,,,,,,"88.3","13.2",28.7,5.6,34.8,"78.305950575","93.319157283",26.7,47.6
"Santana, Edgar",650828,2021,29,"41","42.2",175,162,37,26,4,0,7,33,12,18.9,6.9,".228",".383",".282","0.665",".252",".423",".286",".314",".303",".171",,,,,,,,,,,,,"88.1","7.8",26.2,6.2,39.2,"76.591996563","93.921808504",26.6,50.5
"Anderson, Chase",502624,2021,33,"14","48.0",215,190,51,25,14,2,10,35,20,16.3,9.3,".268",".521",".346","0.867",".256",".490",".366",".358",".338",".234",,,,,,,,,,,,,"85","13.5",34.4,8.9,35.7,"70.908024474","93.555558092",23.5,46.4
"Faucher, Calvin",676534,2022,26,"22","21.1",101,90,26,20,2,0,4,21,10,20.8,9.9,".289",".444",".366","0.810",".278",".527",".357",".380",".357",".249",,,,,,,,,,,,,"90.7","12.3",43.5,13,43.5,"80.797223824","94.66905",24.2,42
"Cole, Gerrit",543037,2020,29,"12","73.0",288,269,53,25,14,0,14,94,17,32.6,5.9,".197",".405",".250","0.655",".198",".381",".279",".273",".251",".183",,,,,,,,,,,,,"90.4","16.4",32,9.1,44.6,"79.873113372","94.802339591",34.2,49.6
"Cessa, Luis",570666,2020,28,"16","21.2",93,85,20,11,6,1,2,17,7,18.3,7.5,".235",".400",".293","0.693",".244",".403",".299",".308",".301",".159",,,,,,,,,,,,,"88.9","13.5",35.3,4.4,42.6,"77.922168824","94.060606765",27.7,48.1
"Lugo, Seth",607625,2023,33,"26","146.1",604,563,140,89,29,3,19,140,36,23.2,6,".249",".412",".296","0.708",".256",".447",".306",".323",".304",".191","71.9",23.8,18.7,14.8,37.7,29.8,"7.2",14,9.7,-1,52.7,33.4,"90.7","9.9",34.6,9.6,44.2,"80.522905755","94.837821229",21.9,46.3
"Cronin, Declan",686539,2023,25,"9","11.0",51,42,11,7,1,0,3,8,7,15.7,13.7,".262",".500",".392","0.892",".286",".482",".387",".393",".412",".196","71",20.5,14.5,12.3,32.3,27.4,"7.1",0,4.1,3.7,46.6,35,"88.6","-0.6",32.4,5.9,35.3,"77.677131176","93.812928529",17.1,42.5
"Anderson, Brett",474463,2021,33,"24","96.0",409,369,102,65,25,1,11,58,28,14.2,6.8,".276",".439",".327","0.766",".293",".473",".328",".360",".347",".181",,,,,,,,,,,,,"90.9","3",30.8,9.3,47,"80.024294586","95.372617796",16.7,41.6
"Barnes, Matt",598264,2024,34,"14","13.1",60,55,16,11,4,0,1,10,4,16.7,6.7,".291",".418",".339","0.757",".297",".505",".331",".367",".345",".208","71.3",22.5,15.9,12.5,38.1,30,"7.6",1,13.1,-3.2,61.2,34.8,"90.9","17",35.6,8.9,42.2,"81.955901304","94.563877556",21.5,45.1
"Martin, Chris",455119,2024,38,"45","44.1",180,170,47,39,3,0,5,50,3,27.8,1.7,".276",".382",".298","0.680",".254",".370",".293",".287",".283",".116","71.2",20.4,10.7,8.5,31.1,24.6,"6.9",6,6,6.8,45.8,32.5,"88.5","9.4",35.8,4.1,35,"77.547727333","93.925161833",23.9,54
"Tinoco, Jesus",622786,2024,29,"32","40.2",162,147,27,20,3,1,3,42,12,25.9,7.4,".184",".279",".259","0.538",".210",".357",".241",".284",".284",".148","71",19.4,10.1,7.7,29.3,22.3,"7.5",8,11.9,-5.4,46.9,34.8,"87.1","13",28.6,6.7,33.3,"75.889197692","93.22449375",26.4,48.8
"Cisnero, José",542585,2021,32,"67","61.2",265,226,51,36,9,0,6,62,31,23.4,11.7,".226",".345",".327","0.672",".223",".375",".300",".312",".325",".152",,,,,,,,,,,,,"87.1","14",33.9,6.5,32.1,"75.269359024","93.440871341",23.6,44.8
"Swanson, Erik",657024,2024,30,"45","39.1",168,153,36,15,10,0,11,37,14,22,8.3,".235",".516",".304","0.820",".268",".479",".349",".351",".333",".212","71.2",22.7,17.5,13.4,34.9,26.8,"7.2",4,9.2,1.2,52.2,30.6,"92","12.8",38.8,12.1,50,"82.565098793","95.443421034",23.5,50.4
"Daniel, Davis",669721,2024,27,"6","30.1",134,127,39,23,11,0,5,28,6,20.9,4.5,".307",".512",".343","0.855",".274",".439",".367",".327",".312",".165","71.9",25.2,14.4,11.7,31.1,25.2,"7.3",3,11.9,-3.1,49,32.6,"87.2","17.9",39.4,10.1,39.4,"74.7893132","93.91111303",20.2,49.8
"Rasmussen, Drew",656876,2021,25,"35","76.0",307,280,57,40,10,2,5,73,25,23.8,8.1,".204",".307",".268","0.575",".243",".379",".252",".299",".305",".135",,,,,,,,,,,,,"91.4","8.8",30.1,5.7,50.2,"80.714016408","95.651138689",25.4,47.1
"Rodriguez, Grayson",680570,2023,23,"23","122.0",515,467,121,83,18,4,16,129,42,25,8.2,".259",".418",".321","0.739",".251",".411",".320",".317",".315",".160","70.8",18.6,10.7,8.1,29.1,22.1,"7.1",8,7.7,1.3,43.9,31.3,"89.8","10.4",33.4,7.3,43.7,"79.61343345","94.422562845",26.3,50.4
"O'Day, Darren",503285,2021,38,"12","10.2",46,41,9,6,1,0,2,11,4,23.9,8.7,".220",".390",".304","0.694",".235",".419",".305",".321",".318",".184",,,,,,,,,,,,,"87.6","21.1",43.3,6.7,40,"75.074504667","94.04577",28.1,47.1
"Hill, Garrett",682051,2023,27,"9","15.2",80,63,19,9,6,0,4,14,14,17.5,17.5,".302",".587",".430","1.017",".231",".458",".429",".365",".375",".228","74",53.8,25,23.1,50,46.2,"7.7",0,13.9,-6.9,61.5,30.2,"90.1","13.6",26,12,42,"79.181096","94.985894",20.7,39.2
"Brice, Austin",592169,2020,28,"21","19.2",87,72,17,7,7,0,3,25,13,28.7,14.9,".236",".458",".368","0.826",".220",".369",".360",".330",".358",".149",,,,,,,,,,,,,"90.3","14.5",31.9,6.4,44.7,"80.503183478","94.694073556",34.4,43.7
"Underwood Jr., Duane",621249,2020,25,"17","20.2",88,80,25,14,6,0,5,27,6,30.7,6.8,".313",".575",".364","0.939",".251",".459",".390",".324",".309",".208",,,,,,,,,,,,,"92","11.9",42.6,9.3,46.3,"84.218061111","94.640612963",36.2,45.4
"Moll, Sam",594580,2024,32,"48","37.2",152,134,27,19,4,1,3,38,14,25,9.2,".201",".313",".283","0.596",".194",".328",".261",".270",".280",".134","71.1",18.3,13.6,10.5,32.4,24.9,"7.1",4,7.8,1.8,49.3,31.7,"88.8","10.1",27.6,6.1,36.7,"78.359457708","93.818633125",25.6,45
"Ryu, Hyun Jin",547943,2022,35,"6","27.0",113,109,32,15,12,0,5,16,4,14.2,3.5,".294",".541",".319","0.860",".285",".518",".367",".353",".310",".233",,,,,,,,,,,,,"91.1","11.2",37.6,9.7,44.1,"80.999867826","95.007903043",16.9,46.3
"Ragans, Cole",666142,2022,24,"9","40.0",174,158,43,28,7,2,6,27,16,15.5,9.2,".272",".456",".339","0.795",".274",".432",".346",".339",".341",".158",,,,,,,,,,,,,"87.5","18.2",36.6,6.9,32.8,"76.965383385","93.09529186",22.5,50.4
"Wesneski, Hayden",669713,2023,25,"34","89.1",379,339,82,49,12,1,20,83,32,21.9,8.4,".242",".460",".311","0.771",".259",".477",".330",".346",".329",".218","70.8",18.6,14.4,10.9,33.9,25.6,"7.1",7,7.1,1.4,42.9,33,"88.7","14.1",37.3,12.3,38.1,"77.298453594","94.21268251",22.7,44.6
"Yarbrough, Ryan",642232,2020,28,"11","55.2",234,211,54,39,10,0,5,44,12,18.8,5.1,".256",".374",".315","0.689",".253",".389",".301",".306",".312",".137",,,,,,,,,,,,,"82.6","10.9",42.1,5.8,25.1,"69.197185952","92.039514311",27.6,52.2
"Espino, Paolo",502179,2021,34,"35","109.2",455,422,108,62,25,2,19,92,25,20.2,5.5,".256",".460",".297","0.757",".264",".489",".319",".337",".305",".225",,,,,,,,,,,,,"89.6","17.4",39.8,11.6,43.3,"78.613556098","94.565178902",20.3,46.1
"Ruiz, José",614179,2021,26,"59","65.0",271,243,51,29,14,0,8,63,25,23.2,9.2,".210",".366",".281","0.647",".236",".417",".281",".315",".308",".182",,,,,,,,,,,,,"92.1","14.5",33.9,8.2,49.2,"83.213195385","95.182263481",24,48.7
"Gonsolin, Tony",664062,2020,26,"9","46.2",176,166,32,22,6,2,2,46,7,26.1,4,".193",".289",".229","0.518",".238",".379",".226",".282",".272",".141",,,,,,,,,,,,,"88.7","15.2",36.9,4.9,35.2,"79.4389455","93.323955126",29.4,51.6
"Duffey, Tyler",608648,2020,29,"22","24.0",92,85,13,7,4,0,2,31,6,33.7,6.5,".153",".271",".217","0.488",".205",".314",".217",".258",".266",".109",,,,,,,,,,,,,"93.5","10.4",29.6,3.7,53.7,"85.659922222","95.714488302",36.2,47.3
"Peters, Dillon",596071,2022,29,"22","39.1",165,145,35,23,7,0,5,26,17,15.8,10.3,".241",".393",".317","0.710",".251",".427",".312",".329",".328",".177",,,,,,,,,,,,,"88.8","13.8",34.4,6.6,36.1,"78.783724667","93.587847227",20.1,46.2
"Beck, Tristan",663941,2024,28,"7","16.0",67,61,14,8,4,0,2,14,4,20.9,6,".230",".393",".284","0.677",".220",".417",".293",".304",".280",".197","71.7",22.6,13.6,11.3,33,27.4,"7.3",3,8.1,0.5,50.9,30.9,"88.5","21.8",33.3,12.5,31.3,"79.37118625","92.986599167",20.2,51.2
"García, Yimi",554340,2022,31,"61","61.0",247,223,48,31,11,0,6,58,16,23.5,6.5,".215",".345",".275","0.620",".206",".352",".269",".270",".269",".146",,,,,,,,,,,,,"86.5","18.9",26.6,6.5,33.1,"74.395747765","93.384182544",24.1,47.8
"Anderson, Ian",666120,2022,24,"22","111.2",493,436,115,77,25,1,12,97,54,19.7,11,".264",".408",".345","0.753",".252",".390",".333",".325",".337",".138",,,,,,,,,,,,,"89.2","8.4",32,6.2,40.5,"78.789159647","94.069245162",28.4,46.9
"Ferrer, Jose A.",678606,2024,24,"31","32.0",129,119,27,24,1,1,1,25,6,19.4,4.7,".227",".277",".271","0.548",".230",".296",".245",".263",".281",".066","71.2",18.5,15.5,12.3,35.7,28.4,"7.2",2,6.6,4.2,43.1,33.6,"90.7","5.4",21.9,1,47.9,"80.350325625","95.012319895",22,48.7
"Blach, Ty",621389,2024,33,"20","71.1",330,301,103,65,20,1,17,36,18,10.9,5.5,".342",".585",".387","0.972",".312",".575",".413",".402",".362",".264","72",26.7,19.9,16.9,40.9,34.8,"7.3",4,8.8,1.7,46.4,34.6,"90.7","13.2",37.8,12.2,42.6,"80.23793542","94.980568206",14.8,50.1
"Happ, J.A.",457918,2021,38,"30","152.1",671,615,177,106,35,6,30,122,48,18.2,7.2,".288",".511",".341","0.852",".268",".510",".361",".356",".324",".242",,,,,,,,,,,,,"90.2","16.4",38.4,11.6,41.8,"79.199376829","94.84715666",19.6,47.9
"Rea, Colin",607067,2024,33,"32","167.2",714,656,169,105,33,2,29,135,43,18.9,6,".258",".447",".311","0.758",".269",".463",".327",".342",".323",".194","72.2",26.6,15.9,13.1,35.2,29,"7.3",16,9.8,-1.6,54.1,33.4,"90.4","15.2",36.3,8.7,42,"80.213678192","94.594415173",19.3,46.8
"Hader, Josh",623352,2024,30,"71","71.0",278,251,43,25,5,1,12,105,25,37.8,9,".171",".343",".248","0.591",".173",".339",".261",".261",".250",".166","71.4",20,11,6.7,30.4,18.7,"7.3",12,10.9,-1.6,53.4,31.5,"89.7","21.2",33.3,10.2,38.8,"79.336932877","94.450776",40.5,54.4
"Bauer, Trevor",545333,2020,29,"11","73.0",278,258,41,25,4,3,9,100,17,36,6.1,".159",".302",".219","0.521",".162",".286",".227",".224",".222",".123",,,,,,,,,,,,,"88.5","20.9",25.9,6.3,38,"77.766438101","93.703112739",30.4,46.4
"Means, John",607644,2023,30,"4","23.2",88,82,13,5,4,0,4,10,4,11.4,4.5,".159",".354",".205","0.559",".253",".485",".238",".329",".292",".233","71.4",19.2,14.2,11.9,33.9,28.5,"7.7",0,13.8,-7.8,51,30.3,"86.9","24.1",35.6,8.2,37,"75.791526757","93.15272",16.4,52.2
"Stanek, Ryne",592773,2022,30,"59","54.2",224,191,36,27,7,0,2,62,31,27.7,13.8,".188",".257",".299","0.556",".195",".320",".258",".281",".305",".125",,,,,,,,,,,,,"88.9","15",28.2,3.8,41.2,"78.706451515","93.684569008",34.8,47.2
"Snider, Collin",676092,2022,26,"42","34.1",151,133,40,28,8,1,3,22,15,14.6,9.9,".301",".444",".380","0.824",".301",".484",".363",".376",".380",".184",,,,,,,,,,,,,"89.6","6.9",32.1,7.1,43.8,"78.184490357","94.755917748",20.9,43.4
"Long, Sam",669674,2023,27,"40","45.0",199,174,49,32,12,0,5,32,21,16.1,10.6,".282",".437",".359","0.796",".271",".430",".341",".336",".350",".159","70.9",18.3,10,8.5,34.3,29.3,"7.3",1,8.8,-0.3,51.2,32.8,"89.1","14.7",32.4,9,37.9,"79.424599444","93.568113566",20.1,48.2
"De Los Santos, Enyel",660853,2021,25,"33","35.1",173,148,43,23,12,0,8,48,18,27.7,10.4,".291",".534",".382","0.916",".236",".444",".384",".332",".335",".208",,,,,,,,,,,,,"88.9","17.6",31.1,13.6,40.8,"76.774421429","94.736335773",31.9,53.9
"Bassitt, Chris",605135,2021,32,"27","157.1",637,583,127,82,29,1,15,159,39,25,6.1,".218",".348",".278","0.626",".224",".365",".274",".286",".285",".141",,,,,,,,,,,,,"87.6","12.5",32.9,6.5,33.2,"76.721820704","93.226240235",23.9,47.7
"Saucedo, Tayler",642048,2023,30,"52","47.2",207,175,41,33,5,1,2,43,23,20.8,11.1,".234",".309",".343","0.652",".243",".339",".298",".314",".352",".096","71.8",27,10.5,8,27.4,20.9,"7.6",3,10.9,-2.9,47.9,32.5,"85.9","0.8",25.9,5.2,31.9,"74.207399231","92.829145271",29.6,45.8
"Criswell, Jeff",676105,2024,25,"13","19.2",87,76,20,12,4,0,4,27,9,31,10.3,".263",".474",".345","0.819",".246",".469",".353",".348",".332",".224","71.8",21.7,16,9.4,29.6,17.4,"7.5",2,11.7,-4.2,47.8,34.1,"87.7","11.9",50,12,42,"74.816625","94.411011489",39,46.3
"Rasmussen, Drew",656876,2023,27,"8","44.2",177,163,36,28,6,0,2,47,11,26.6,6.2,".221",".294",".273","0.567",".225",".321",".253",".265",".276",".096",,,,,,,,,,,,,"87.3","9",29.7,4.2,32.2,"76.58317931","92.998889741",23.7,50.1
"Rogers, Taylor",573124,2023,32,"60","51.2",216,185,39,25,7,1,6,64,25,29.6,11.6,".211",".357",".312","0.669",".205",".358",".292",".292",".308",".153","71.9",22.5,24.2,18.3,35.2,26.7,"7.5",3,12,-6.4,41.7,33,"89.7","15.9",25.8,9.7,45.2,"78.206038","94.86508375",26.7,41.7
"Verlander, Justin",434378,2022,39,"28","175.0",666,625,116,88,15,1,12,185,29,27.8,4.4,".186",".270",".227","0.497",".206",".342",".222",".258",".247",".136",,,,,,,,,,,,,"87.8","16.9",32.5,6.3,34.8,"77.135794344","93.330588186",24.2,53.7
"Morgan, Eli",669212,2024,28,"32","42.0",167,152,30,18,7,1,4,34,11,20.4,6.6,".197",".336",".255","0.591",".203",".311",".256",".254",".260",".109","70.9",17.5,7.1,5.5,28.8,22.3,"7.4",9,10.2,-3.4,54.4,30.8,"85.2","17.6",28.9,2.5,28.1,"74.099472667","92.249199328",24.9,53.4
"Davies, Zach",605200,2021,28,"32","148.0",668,577,162,95,41,1,25,114,75,17.1,11.2,".281",".485",".367","0.852",".287",".489",".366",".373",".373",".203",,,,,,,,,,,,,"89.8","11",36.2,9.1,43.3,"78.663608783","94.683256863",22.3,43.2
"Gilbert, Tyler",656457,2022,28,"8","34.1",146,132,33,20,5,0,8,20,10,13.7,6.8,".250",".470",".306","0.776",".299",".588",".332",".397",".352",".289",,,,,,,,,,,,,"88.9","19.1",41.2,11.4,42.1,"78.201279649","94.20946115",19.6,48.8
"Avila, Pedro",658648,2023,26,"14","50.1",220,187,43,29,11,0,3,54,25,24.5,11.4,".230",".337",".335","0.672",".235",".347",".304",".311",".339",".112","71.3",20.1,14.9,10.8,32.2,23.4,"7.4",7,10.4,-3.2,44,33.7,"88.5","2.8",26.5,4.4,41.9,"76.27409803","94.493011298",28.9,45.7
"McKenzie, Triston",663474,2022,24,"31","191.1",741,688,138,82,29,2,25,190,44,25.6,5.9,".201",".358",".253","0.611",".220",".416",".268",".298",".272",".195",,,,,,,,,,,,,"90.2","19.7",37.3,9.8,40.6,"80.393226331","94.253239919",26.8,52.7
"López, Pablo",641154,2024,28,"32","185.1",772,715,180,121,33,0,26,198,41,25.6,5.3,".252",".407",".298","0.705",".237",".402",".306",".302",".286",".165","71.6",20.7,11.5,8.6,29.6,22.1,"7.3",29,10.2,-1.1,50.9,32.3,"87.9","13.3",35.9,8.2,37.5,"76.717040308","93.587928673",27,51.8
"Sousa, Bennett",656986,2022,27,"25","20.1",96,83,25,18,4,0,3,12,10,12.5,10.4,".301",".458",".375","0.833",".259",".438",".359",".335",".340",".179",,,,,,,,,,,,,"88.7","6.2",28.8,6.8,43.8,"77.28164973","94.466892055",25.8,49.9
"Middleton, Keynan",641871,2020,26,"13","12.0",53,44,12,7,3,0,2,11,6,20.8,11.3,".273",".477",".340","0.817",".255",".367",".340",".307",".329",".113",,,,,,,,,,,,,"87.3","22.4",36.1,2.8,27.8,"78.648042778","92.310355429",25,49.5
"Wilson, Bryse",669060,2021,23,"16","74.0",322,293,85,52,18,0,15,46,22,14.3,6.8,".290",".505",".338","0.843",".282",".516",".353",".361",".332",".235",,,,,,,,,,,,,"89","14.1",35.6,9.9,42.7,"77.57068561","94.497626531",19.4,51.2
"Fletcher, Aaron",667465,2022,26,"9","11.2",52,43,10,7,0,1,2,6,4,11.5,7.7,".233",".419",".327","0.746",".252",".479",".324",".372",".355",".227",,,,,,,,,,,,,"90.8","12.5",30.8,10.3,51.3,"79.233876316","96.047852105",29.1,45.7
"Yates, Kirby",489446,2023,36,"61","60.1",254,210,35,22,4,0,9,80,37,31.5,14.6,".167",".314",".304","0.618",".203",".393",".282",".327",".337",".190","70.3",13.7,9.6,6.8,25.2,17.9,"7.1",7,8.8,-1.3,47.9,34.1,"90.6","16.8",34.8,10.6,40.2,"81.563198154","94.286388295",30.8,45.5
"Mengden, Daniel",596043,2020,27,"4","12.1",58,49,14,8,4,0,2,10,7,17.2,12.1,".286",".490",".379","0.869",".233",".374",".372",".318",".335",".141",,,,,,,,,,,,,"92.4","18.4",22.5,5,50,"84.725172","94.49614925",19.6,44.2
"Montero, Rafael",606160,2024,33,"41","38.1",164,141,35,22,4,1,8,23,19,14,11.6,".248",".461",".348","0.809",".266",".482",".352",".368",".363",".216","71",20.2,13.2,10.7,31.7,25.8,"7.1",2,8.7,2.2,59.9,30.8,"89.8","11.3",36.1,10.1,42,"79.6057485","94.228808319",17.9,45.1
"Brieske, Beau",689225,2024,26,"46","67.2",282,246,55,36,11,3,5,69,30,24.5,10.6,".224",".354",".310","0.664",".215",".342",".291",".287",".303",".127","71.3",22.1,11.3,8.7,30.1,23.3,"7.4",8,9.7,-2.7,54.1,33.4,"89","14.8",31.5,5.5,35.9,"78.895350674","93.940923898",23.9,48.6
"Bradley, Archie",605151,2021,28,"53","51.0",224,198,51,34,10,2,5,40,22,17.9,9.8,".258",".404",".339","0.743",".228",".365",".324",".305",".315",".138",,,,,,,,,,,,,"86.9","6.7",29.6,6.3,39,"74.554570759","93.712971329",17.7,47.2
"Garcia, Luis",677651,2021,24,"30","155.1",633,573,133,81,31,2,19,167,50,26.4,7.9,".232",".393",".295","0.688",".231",".394",".297",".303",".297",".163",,,,,,,,,,,,,"88.1","15.9",34.1,7.3,38.7,"76.559569069","93.917835637",30.7,47.1
"Zeferjahn, Ryan",666171,2024,26,"12","17.0",64,55,7,6,1,0,0,18,6,28.1,9.4,".127",".145",".234","0.379",".143",".174",".181",".202",".249",".031","70.5",17.8,7.8,5.6,35.9,25.6,"7.2",4,10,0,56.7,32.3,"87","17.4",26.3,0,26.3,"78.170041053","91.922343947",31.4,50.5
"Smith, Will",519293,2022,32,"65","59.0",261,231,58,34,14,1,9,65,25,24.9,9.6,".251",".437",".326","0.763",".226",".379",".328",".302",".308",".153",,,,,,,,,,,,,"88.9","17.5",36.7,5.9,41.4,"77.998317952","94.13071497",31.1,50.9
"Sanchez, Aaron",592717,2021,28,"9","35.1",156,137,32,24,5,1,2,26,15,16.7,9.6,".234",".328",".327","0.655",".229",".352",".296",".305",".323",".122",,,,,,,,,,,,,"86.5","5.6",27.9,4.5,36,"74.5330925","93.353817568",20.4,42.9
"Miller, Ryan",668943,2024,28,"13","13.0",58,50,13,8,3,0,2,11,8,19,13.8,".260",".440",".362","0.802",".241",".417",".340",".327",".348",".176","71.3",18.9,14.3,11.6,23.4,18.9,"7.1",2,8.1,1.6,44.2,32.2,"87.8","16.2",30.8,10.3,35.9,"76.473751053","93.798241081",19.6,51.1
"Boxberger, Brad",502202,2020,32,"23","18.0",79,69,17,11,3,0,3,18,8,22.8,10.1,".246",".420",".329","0.749",".244",".434",".325",".344",".334",".190",,,,,,,,,,,,,"88.6","10.3",32.7,7.7,38.5,"78.447217692","93.719464118",24.2,44
"Bundy, Dylan",605164,2022,29,"29","140.0",595,558,151,96,29,2,24,94,28,15.8,4.7,".271",".459",".306","0.765",".260",".459",".329",".326",".298",".199",,,,,,,,,,,,,"88.9","18.6",35.3,8.9,38.3,"77.751138412","94.198384485",21.3,52.2
"Bass, Anthony",542914,2022,34,"73","70.1",275,254,51,36,8,1,6,73,20,26.5,7.3,".201",".311",".258","0.569",".219",".349",".252",".275",".276",".130",,,,,,,,,,,,,"87.6","14.3",29.7,6,33.5,"77.010336593","93.096518077",31.9,48.6
"Middleton, Keynan",641871,2021,27,"32","31.0",140,119,30,20,8,0,2,24,19,17.1,13.6,".252",".370",".364","0.734",".244",".418",".327",".341",".358",".173",,,,,,,,,,,,,"88.9","18.1",37.9,9.5,31.6,"80.083165417","92.994619158",30.3,53.6
"Mantiply, Joe",573009,2022,31,"69","60.0",243,231,59,47,6,0,6,61,6,25.1,2.5,".255",".359",".281","0.640",".242",".371",".280",".280",".269",".129",,,,,,,,,,,,,"86.5","5.4",28.9,4,37.6,"74.403432353","93.285583471",29.2,52.8
"Hamilton, Ian",641656,2024,29,"35","37.2",163,142,37,25,10,0,2,41,14,25.2,8.6,".261",".373",".331","0.704",".248",".359",".310",".304",".323",".111","70.7",14,12.3,8,35,22.8,"7.4",10,12.6,-7.7,47.6,32.5,"89.5","13.9",34.3,3.8,37.1,"79.771145283","93.768760381",36.5,50.4
"Hendricks, Kyle",543294,2023,33,"24","137.0",578,542,138,92,30,3,13,93,27,16.1,4.7,".255",".393",".293","0.686",".267",".416",".296",".314",".305",".150","71.5",22,14.9,11.5,34.1,26.4,"7.5",7,11.6,-5.3,49.6,32.4,"85.2","11.2",33.7,6.2,31.5,"72.3316","93.059797773",21.1,46.7
"Duran, Jhoan",661395,2023,25,"59","62.1",255,222,46,32,8,0,6,84,25,32.9,9.8,".207",".324",".298","0.622",".182",".289",".271",".251",".276",".107","69.9",14.9,10.1,6.7,31.8,21.1,"6.8",5,4.6,9.7,39.7,32.1,"89.2","-3.7",21.1,7,38,"77.74989913","94.47050942",35.4,51.4
"Cishek, Steve",518553,2021,35,"74","68.1",308,256,61,45,14,0,2,64,41,20.8,13.3,".238",".316",".352","0.668",".210",".325",".299",".300",".334",".116",,,,,,,,,,,,,"85","8.9",27.9,6.1,32.7,"72.049826277","92.991525989",20.3,41.6
"Stoudt, Levi",686651,2023,25,"4","10.1",55,46,16,11,2,2,1,9,8,16.4,14.5,".348",".543",".436","0.979",".285",".401",".416",".348",".384",".116","70.5",16.7,0,0,0,0,"6.3",0,-2.7,15.7,16.7,32.3,"92.9","12.7",34.2,5.3,47.4,"83.102676316","95.857886579",21.5,41.5
"Brubaker, JT",664141,2020,26,"11","47.1",205,183,48,30,12,0,6,48,17,23.4,8.3,".262",".426",".332","0.758",".240",".403",".328",".321",".317",".163",,,,,,,,,,,,,"87.1","11.2",35,8,32.8,"75.022040147","93.611878444",27.2,45.6
"Kinley, Tyler",641755,2020,29,"24","23.2",96,78,13,9,2,0,2,26,12,27.1,12.5,".167",".269",".295","0.564",".184",".310",".263",".288",".314",".126",,,,,,,,,,,,,"86.9","13.3",25.5,5.5,29.1,"77.177438889","92.4346",36.2,46.9
"Milner, Hoby",571948,2022,31,"67","64.2",272,244,61,40,16,0,5,64,15,23.5,5.5,".250",".377",".309","0.686",".234",".353",".302",".290",".295",".120",,,,,,,,,,,,,"85.1","6.1",34.9,3.2,33.3,"72.634923626","92.738389945",23.5,41.5
"Kelly, Michael",547184,2024,31,"28","31.1",128,112,27,20,3,2,2,22,10,17.2,7.8,".241",".357",".315","0.672",".228",".362",".294",".296",".306",".135","70.9",21.4,7.9,6.5,29.4,24,"7.3",6,9.6,-0.5,56.5,32.2,"85.2","18.4",40.9,3.2,20.4,"75.108427556","91.662761111",22.3,47.7
"Halvorsen, Seth",678020,2024,24,"12","12.1",46,43,8,6,0,0,2,13,2,28.3,4.3,".186",".326",".239","0.565",".194",".334",".250",".259",".246",".140","70.1",11.3,14,9.9,34,23.9,"7.1",3,5.1,4.8,32.4,32.9,"92.4","16.2",26.7,6.7,46.7,"83.160574667","95.304083333",31.8,49.4
"Kelly, Michael",547184,2023,30,"14","16.2",71,62,13,10,3,0,0,16,9,22.5,12.7,".210",".258",".310","0.568",".247",".326",".265",".305",".342",".079","70.7",19.3,10.2,8.3,33,26.6,"7.3",2,9.6,-1.1,49.5,32.9,"88.7","12.3",32.6,0,34.8,"79.037356957","93.443785",23.3,44.1
"Vásquez, Randy",681190,2024,25,"20","98.0",431,391,119,81,23,2,13,62,29,14.4,6.7,".304",".473",".360","0.833",".301",".499",".360",".371",".358",".197","72.1",24.5,13.8,11.3,32.4,26.5,"7.3",14,10.2,-1.4,53.2,32.1,"88.7","15",38.7,8.7,39.6,"76.956422711","94.432349758",18.9,49.7
"Wick, Rowan",592858,2022,29,"64","64.0",294,259,79,55,13,2,9,69,29,23.5,9.9,".305",".475",".372","0.847",".280",".476",".365",".359",".353",".197",,,,,,,,,,,,,"88.5","11.6",36.9,10.3,40.2,"76.937010421","94.176639368",23.9,47.6
"Skubal, Tarik",669373,2024,27,"31","192.0",753,705,142,99,24,4,15,228,35,30.3,4.6,".201",".311",".247","0.558",".205",".331",".246",".258",".251",".127","71.1",21.4,11.7,8,30.8,21.1,"7.2",17,8.2,0.3,42.7,31.5,"87.5","12",33.1,6.7,33.9,"76.236530506","93.34039981",31.9,51.8
"De Los Santos, Enyel",660853,2023,27,"70","65.2",262,232,50,31,15,0,4,62,25,23.7,9.5,".216",".332",".302","0.634",".234",".391",".282",".313",".319",".156","71.3",17.2,13.6,9.9,29.9,21.7,"7.4",6,11.6,-4,46.8,33.9,"88.7","14.3",36.8,8.2,33.3,"78.162220581","93.744391871",27.4,49.7
"Holmes, Clay",605280,2022,29,"62","63.2",260,230,45,34,9,0,2,65,20,25,7.7,".196",".261",".286","0.547",".184",".253",".251",".245",".277",".069",,,,,,,,,,,,,"89.1","-7.9",17.6,1.8,43.8,"77.889800247","94.384486957",29.8,46.5
"Montero, Rafael",606160,2022,31,"71","68.1",270,243,47,36,7,1,3,73,23,27,8.5,".193",".267",".268","0.535",".206",".306",".241",".262",".281",".100",,,,,,,,,,,,,"86.3","7.9",29.7,2.9,32.6,"74.611982706","92.973566",28.2,46
"Sánchez, Miguel",667376,2022,28,"12","13.1",58,49,12,6,2,1,3,9,8,15.5,13.8,".245",".510",".345","0.855",".258",".454",".353",".341",".356",".197",,,,,,,,,,,,,"85.4","5.9",26.8,9.8,34.1,"71.889368571","93.632299512",24.2,45
"De los Santos, Yerry",660787,2022,24,"26","25.2",112,98,22,14,5,0,3,26,11,23.2,9.8,".224",".367",".309","0.676",".236",".430",".298",".326",".320",".194",,,,,,,,,,,,,"88.8","9.3",23.3,12.3,39.7,"76.535855278","94.700155634",21.6,44.3
"Hendricks, Kyle",543294,2024,34,"29","130.2",567,514,147,110,15,1,21,87,43,15.3,7.6,".286",".442",".340","0.782",".273",".431",".339",".339",".332",".159","71.5",23,13.8,11.4,31.5,26,"7.4",9,11,-4.3,50.1,33.4,"85.9","13",36.4,7.4,33.4,"73.587198843","93.098027796",18.9,46.2
"Velasquez, Vince",592826,2021,29,"25","94.1",417,362,91,42,22,4,23,101,49,24.2,11.8,".251",".525",".347","0.872",".238",".479",".368",".349",".335",".241",,,,,,,,,,,,,"90.8","20.6",37.4,12.2,43.5,"80.561772538","94.829412462",27.4,47
"Knebel, Corey",608349,2022,30,"46","44.2",193,163,33,20,8,1,4,41,27,21.2,14,".202",".337",".321","0.658",".216",".357",".293",".305",".333",".141",,,,,,,,,,,,,"88.7","15",30.9,5.7,39.8,"77.755498852","93.948843852",27.6,44.7
"Dunn, Justin",643290,2021,25,"11","50.1",218,184,37,26,4,1,6,49,29,22.5,13.3,".201",".332",".321","0.653",".226",".433",".295",".341",".343",".207",,,,,,,,,,,,,"89.4","20",33.1,8.8,37.5,"78.819777206","94.118094853",25,46.9
"Ortega, Oliver",661383,2022,25,"27","34.0",148,128,32,23,4,0,5,33,18,22.3,12.2,".250",".398",".347","0.745",".262",".427",".332",".346",".357",".166",,,,,,,,,,,,,"90.4","9.3",30.2,7.3,43.8,"79.722591458","94.960716",23.7,50.6
"Fairbanks, Pete",664126,2023,29,"49","45.1",184,159,26,21,2,0,3,68,20,37,10.9,".164",".233",".273","0.506",".174",".259",".240",".253",".283",".084","71.4",24.1,11.8,7.9,22.1,14.8,"7.4",2,8.6,-1.4,48.8,32.4,"85.7","10.4",27.2,3.3,35.9,"71.983792444","93.760373889",30.7,46.6
"Ramírez, Erasmo",541640,2020,30,"6","14.1",53,49,8,6,1,0,1,9,4,17,7.5,".163",".245",".226","0.471",".237",".418",".213",".308",".295",".181",,,,,,,,,,,,,"91.1","16",25,7.5,40,"81.82332","94.69679975",21.1,46.2
"Severino, Luis",622663,2022,28,"19","102.0",405,368,72,42,16,0,14,112,30,27.7,7.4,".196",".353",".263","0.616",".204",".353",".273",".276",".272",".148",,,,,,,,,,,,,"89.4","11",33.6,6.9,41.6,"78.892817222","94.25243631",27.8,49.2
"Uceta, Edwin",670955,2021,23,"14","20.1",92,75,19,13,3,0,3,25,12,27.2,13,".253",".413",".344","0.757",".229",".409",".323",".325",".331",".180",,,,,,,,,,,,,"89.9","23.1",30.9,10.9,36.4,"79.300428519","94.570039245",28.3,47.9
"Baz, Shane",669358,2024,25,"14","79.1",319,285,57,41,7,0,9,69,27,21.6,8.5,".200",".319",".276","0.595",".217",".381",".266",".300",".293",".164","72.1",25.2,13.1,10,33.7,25.8,"7.2",7,10.4,-1.5,52.3,30.5,"90.5","18.1",28.3,7.3,42,"81.272223273","94.212895936",24.6,50.2
"Garcia, Luis",677651,2022,25,"28","157.1",643,589,131,77,27,4,23,157,47,24.4,7.3,".222",".399",".279","0.678",".228",".402",".295",".300",".286",".174",,,,,,,,,,,,,"88.4","17.1",35.4,7.8,36.3,"77.928197512","93.46698963",29.2,48.9
"Ureña, José",570632,2020,28,"5","23.1",104,89,22,15,2,1,4,15,13,14.4,12.5,".247",".427",".356","0.783",".248",".460",".344",".357",".357",".212",,,,,,,,,,,,,"90.3","12.3",25.7,9.5,40.5,"78.895536667","95.246948611",27.5,47.7
"Hill, Cam",657611,2020,26,"18","18.1",72,63,11,5,2,0,4,16,5,22.2,6.9,".175",".397",".250","0.647",".223",".467",".268",".320",".296",".244",,,,,,,,,,,,,"87.8","18.7",30.6,10.2,44.9,"75.7841275","93.961187708",29.8,45
"Fitts, Richard",690916,2024,24,"4","20.2",85,76,19,16,3,0,0,9,7,10.6,8.2,".250",".289",".313","0.602",".261",".389",".273",".316",".324",".128","70.9",21.4,13.3,11.4,35.8,30.7,"7.2",0,7.4,1.4,50.7,32.1,"88.5","15.3",33.3,1.4,33.3,"78.467694706","93.454070896",15.2,50.3
"Webb, Tyler",643778,2021,30,"22","16.1",92,71,22,15,6,0,1,14,19,15.2,20.7,".310",".437",".451","0.888",".263",".415",".390",".370",".418",".152",,,,,,,,,,,,,"87.5","20.3",35.6,5.1,33.9,"76.184730345","93.515930345",19.3,43.6
"Barnes, Matt",598264,2022,32,"44","39.2",176,150,36,27,6,1,2,34,21,19.3,11.9,".240",".333",".343","0.676",".228",".397",".305",".324",".334",".169",,,,,,,,,,,,,"91.1","11.1",28.8,8.5,44.9,"80.428245932","95.103489145",28.4,43.1
"Barnes, Jacob",606930,2023,33,"13","13.2",61,57,18,12,4,1,1,8,3,13.1,4.9,".316",".474",".361","0.835",".248",".403",".360",".305",".297",".155","71.5",23,10,8,35,28,"7.4",1,10.1,1.6,56,31.9,"88.9","15.8",28.6,6.1,34.7,"79.8924976","93.297691837",21.4,53.6
"France, J.P.",641585,2024,29,"5","25.1",121,107,31,18,8,0,5,22,12,18.2,9.9,".290",".505",".364","0.869",".268",".495",".373",".363",".346",".227","72.2",25.7,18.3,13.9,35.8,27.1,"7.6",1,14.7,-8,54.9,31,"87.9","19.4",39.5,9.3,32.6,"76.047422326","93.960344767",25.5,42.1
"Middleton, Keynan",641871,2023,29,"51","50.2",212,187,40,28,4,0,8,64,23,30.2,10.8,".214",".364",".303","0.667",".212",".363",".296",".298",".302",".151","71.6",27.2,8.1,5.4,16.2,10.9,"7.7",1,13.4,-7.8,57.1,32.1,"85.3","4.2",25,8.1,31.5,"73.043808361","92.84698281",36,51.6
"Hendrix, Ryan",641682,2021,26,"36","31.2",142,123,33,18,6,1,8,35,16,24.6,11.3,".268",".528",".352","0.880",".266",".473",".366",".349",".350",".208",,,,,,,,,,,,,"91.8","13.7",41.1,11.1,44.4,"82.539592727","95.157233295",32.9,40.6
"Gonsolin, Tony",664062,2022,28,"24","130.1",498,458,79,46,19,3,11,119,35,23.9,7,".172",".299",".237","0.536",".218",".351",".238",".278",".279",".133",,,,,,,,,,,,,"89","13.8",33.8,5.6,35,"79.091857456","93.624152671",27.2,49.7
"Faria, Jake",607188,2021,27,"23","32.2",154,137,39,24,7,3,5,32,13,20.8,8.4,".285",".489",".353","0.842",".228",".429",".359",".317",".303",".201",,,,,,,,,,,,,"90.1","14.8",34.6,9.3,40.2,"81.248735769","93.781802692",23.2,42.6
"Staumont, Josh",622251,2021,27,"64","65.2",264,235,43,29,8,0,6,72,27,27.3,10.2,".183",".294",".273","0.567",".219",".392",".254",".304",".305",".173",,,,,,,,,,,,,"91.7","18",36.2,8.6,45.4,"82.355699877","95.071966235",26.6,43.5
"Ramírez, Erasmo",541640,2022,32,"60","86.1",347,323,79,56,10,2,11,61,14,17.6,4,".245",".390",".286","0.676",".249",".387",".294",".299",".293",".138",,,,,,,,,,,,,"88.7","11.9",31.6,4.9,36.1,"78.133281908","93.748385687",21.4,51.6
"Garza, Justin",621057,2021,27,"21","28.2",128,108,27,17,5,0,5,29,18,22.7,14.1,".250",".435",".354","0.789",".276",".531",".344",".390",".380",".255",,,,,,,,,,,,,"92.1","12.6",44.4,13.6,53.1,"82.2031335","96.087125696",25.6,42.7
"Watkins, Spenser",657093,2021,28,"16","54.2",255,230,74,41,17,2,14,35,19,13.7,7.5,".322",".596",".374","0.970",".294",".562",".405",".389",".353",".268",,,,,,,,,,,,,"90.7","17.1",38.2,11.1,38.2,"80.394326735","94.652680408",17.9,45.9
"Rogers, Tyler",643511,2023,32,"68","74.0",309,280,66,44,14,1,7,60,19,19.4,6.1,".236",".368",".289","0.657",".219",".311",".284",".259",".274",".092","70.9",19.6,13.9,11.2,34,27.4,"7.1",2,4.8,3,30.2,33.8,"84.4","8.7",26.2,2.2,27.6,"71.871971892","92.516102127",22.4,51.2
"Buehler, Walker",621111,2022,27,"12","65.0",274,255,67,46,12,1,8,58,17,21.2,6.2,".263",".412",".314","0.726",".257",".436",".318",".324",".309",".180",,,,,,,,,,,,,"87.9","7.2",34,6.6,41.6,"75.260383229","94.437642292",24.8,49.7
"Oller, Adam",670124,2022,27,"19","74.1",337,293,82,37,28,0,17,46,39,13.6,11.6,".280",".549",".366","0.915",".259",".502",".392",".370",".351",".243",,,,,,,,,,,,,"90.2","19.2",34.9,10,41.8,"80.098780565","94.511173992",21.2,48.5
"Webb, Jacob",657097,2021,27,"34","34.1",153,136,38,26,6,2,4,33,14,21.6,9.2,".279",".441",".349","0.790",".243",".400",".332",".304",".317",".157",,,,,,,,,,,,,"87.4","14.2",40,7.6,29.5,"77.009249808","92.904664854",31.4,53.9
"Yang, Hyeon-Jong",660365,2021,33,"12","35.1",160,142,42,27,5,1,9,25,16,15.6,10,".296",".535",".369","0.904",".286",".575",".383",".396",".361",".289",,,,,,,,,,,,,"89.7","13.6",38.1,14.4,42.4,"77.803554561","94.919257807",20.1,49.7
"Plutko, Adam",592644,2021,29,"38","56.1",255,220,65,31,15,2,17,44,27,17.3,10.6,".295",".614",".374","0.988",".273",".545",".408",".379",".356",".272",,,,,,,,,,,,,"91.3","23.2",38.7,11.6,39.8,"81.921702667","94.700687444",24.2,47.6
"Rogers, Taylor",573124,2021,30,"40","40.1",166,154,38,27,7,0,4,59,8,35.5,4.8,".247",".370",".280","0.650",".207",".322",".275",".245",".246",".115",,,,,,,,,,,,,"87.7","5.9",34.3,7.1,36.4,"75.490806667","94.017302083",29.7,49.4
"Ramsey, Lane",682010,2023,26,"21","20.0",92,80,25,21,2,1,1,18,9,19.6,9.8,".313",".400",".374","0.774",".247",".341",".339",".303",".322",".094","70.3",18.2,8.6,6.6,38.1,29.2,"7.3",4,10.3,-2.1,55.5,32.3,"86.4","19.2",35.4,1.5,33.8,"75.54739","92.627967188",24.2,46.2
"Vincent, Nick",543883,2021,34,"7","12.2",47,41,6,4,1,0,1,9,5,19.1,10.6,".146",".244",".255","0.499",".176",".290",".233",".261",".281",".114",,,,,,,,,,,,,"87.8","31.2",28.1,3.1,34.4,"77.727278125","93.222824194",25,52.7
"Leclerc, José",600917,2023,29,"57","57.0",233,202,37,25,7,0,5,67,28,28.8,12,".183",".292",".288","0.580",".183",".337",".261",".277",".288",".154","71.6",25,11.2,7.5,24.6,16.5,"7.6",9,14.3,-8.1,52,30.6,"85.9","25.1",29.4,8.1,32.4,"74.117229706","92.838483824",35.6,48
"Bird, Jake",656234,2024,28,"35","40.0",185,154,43,27,11,0,5,31,25,16.8,13.5,".279",".448",".391","0.839",".254",".453",".368",".364",".371",".199","70.9",20.4,12.4,10,31.6,25.3,"7.3",7,10.1,-2.3,46.2,34.4,"88.3","11.3",30.4,8.8,41.6,"75.894677869","94.508409587",22.2,44.2
"Crouse, Hans",668968,2024,25,"25","25.1",107,87,14,8,4,0,2,34,17,31.8,15.9,".161",".276",".311","0.587",".164",".346",".273",".297",".315",".182","71",21.2,12.7,8.3,24.5,16,"7.6",8,14,-9,55.8,32.8,"85.4","25.3",31.5,9.3,29.6,"73.615884615","92.614194231",35.4,44.6
"Lindblom, Josh",458676,2021,34,"8","16.2",85,71,23,11,5,2,5,17,10,20,11.8,".324",".662",".424","1.086",".291",".591",".449",".435",".405",".300",,,,,,,,,,,,,"92","23.2",40,20,47.3,"81.25935","95.823522909",22.8,42.4
"Cotton, Jharel",605194,2022,30,"30","43.0",181,156,34,19,8,0,7,39,20,21.5,11,".218",".404",".309","0.713",".222",".404",".313",".313",".313",".183",,,,,,,,,,,,,"88.6","23.9",34.2,7.5,30.8,"79.361243898","93.009217458",25.4,50.5
"Jackson, Luke",592426,2024,32,"52","53.0",235,204,52,36,9,0,7,59,26,25.1,11.1,".255",".402",".342","0.744",".227",".382",".328",".316",".320",".156","71.7",21.3,13.9,10.2,33.3,24.5,"7.4",16,9.8,-1.7,55.3,33.7,"89.2","8.4",31.8,8.8,39.9,"78.730678904","94.024388356",29.7,47
"Norris, Daniel",596057,2023,30,"7","12.2",63,49,10,6,1,0,3,11,12,17.5,19,".204",".408",".365","0.773",".254",".533",".343",".412",".411",".279","71.9",29.2,13.6,10.1,34.8,25.8,"7.4",2,9.8,-1.6,53.9,32.9,"91.9","15.4",30.8,15.4,41,"83.439288421","94.563531053",24.5,42.6
"Flaherty, Jack",656427,2020,24,"9","40.1",170,149,33,23,4,0,6,49,16,28.8,9.4,".221",".369",".308","0.677",".262",".432",".299",".341",".344",".171",,,,,,,,,,,,,"87.7","9.3",37.3,6.9,32.4,"77.569616471","93.08048297",34.4,44.9
"Romano, Sal",607219,2021,27,"19","25.0",118,106,31,21,4,1,5,17,11,14.4,9.3,".292",".491",".364","0.855",".284",".521",".362",".371",".357",".237",,,,,,,,,,,,,"89.4","12.3",36,9,41.6,"79.604213778","93.924053371",13,42.3
"Contreras, Roansy",672710,2024,24,"49","68.1",298,259,63,38,14,0,11,56,31,18.8,10.4,".243",".425",".330","0.755",".257",".452",".322",".345",".345",".196","71.5",23.8,15.1,12,35.5,28.2,"7.3",4,10.7,-2.5,52.9,31.4,"89.8","11.3",32.9,9.7,43.5,"79.517262549","94.473753971",20.9,47.5
"Keuchel, Dallas",572971,2021,33,"32","162.0",720,652,189,125,34,5,25,95,59,13.2,8.2,".290",".472",".355","0.827",".297",".499",".356",".373",".361",".202",,,,,,,,,,,,,"88.3","5",34.4,9,39.8,"76.12819018","94.346269387",21.1,44.2
"Nardi, Andrew",677053,2022,23,"13","14.2",83,69,25,13,7,0,5,24,14,28.9,16.9,".362",".681",".470","1.151",".263",".533",".486",".396",".387",".270",,,,,,,,,,,,,"86.8","22.4",48.9,15.6,33.3,"75.809497391","93.087461556",29.7,49.5
"Weber, Ryan",543901,2023,32,"8","14.1",60,57,17,11,4,0,2,7,1,11.7,1.7,".298",".474",".317","0.791",".291",".514",".335",".352",".315",".223",,,,,,,,,,,,,"90.1","5",41.2,5.9,41.2,"78.52234","95.1648712",18,48.9
"Burnes, Corbin",669203,2024,29,"32","194.1",784,731,165,121,21,1,22,181,48,23.1,6.1,".226",".347",".274","0.621",".229",".371",".273",".286",".278",".142","71.5",21.7,12.7,9.5,32.5,24.3,"7.5",52,11.6,-3.9,55.3,33.6,"87.5","11",26.8,6.7,31.6,"76.693803832","93.206229159",28.6,48.8
"Rasmussen, Drew",656876,2022,26,"28","146.0",584,545,121,82,23,3,13,125,31,21.4,5.3,".222",".347",".267","0.614",".238",".389",".270",".295",".283",".152",,,,,,,,,,,,,"88.9","10.1",31.2,6.6,39.2,"78.483580239","93.893972392",25.3,52.9
"Morgan, Eli",669212,2022,26,"50","66.2",256,239,46,22,13,1,10,72,13,28.1,5.1,".192",".381",".238","0.619",".199",".371",".268",".271",".249",".173",,,,,,,,,,,,,"87.8","19.5",35.5,8.9,34.9,"76.445192976","93.694654048",26.4,52.1
"Marshall, Evan",605359,2021,31,"27","27.1",113,101,28,15,7,1,5,26,9,23,8,".277",".515",".330","0.845",".218",".369",".351",".290",".283",".151",,,,,,,,,,,,,"87.3","12.9",33.3,10.3,33.3,"76.494561282","93.301735325",23.4,47.1
"Patiño, Luis",672715,2020,20,"11","17.1",85,70,18,14,1,0,3,21,14,24.7,16.5,".257",".400",".388","0.788",".190",".348",".353",".311",".333",".158",,,,,,,,,,,,,"87.8","17.8",28.6,6.1,32.7,"78.8119496","92.592835918",26.4,42.4
"Paxton, James",572020,2020,31,"5","20.1",90,81,23,12,6,1,4,26,7,28.9,7.8,".284",".531",".344","0.875",".227",".441",".368",".314",".293",".214",,,,,,,,,,,,,"90.7","18.4",37.5,10.7,44.6,"81.586261071","94.27226625",28.4,51.4
"Menez, Conner",669214,2021,26,"8","14.0",62,58,16,10,3,1,2,15,3,24.2,4.8,".276",".466",".306","0.772",".262",".363",".325",".297",".304",".101",,,,,,,,,,,,,"87.4","8.4",29.5,2.3,36.4,"76.126375909","93.292729773",21.7,52.2
"Banda, Anthony",607455,2021,27,"30","33.2",153,136,39,25,8,0,6,32,13,20.9,8.5,".287",".478",".353","0.831",".228",".367",".353",".293",".302",".139",,,,,,,,,,,,,"88.5","15.5",38.7,4.7,36.8,"78.071937736","93.559333491",25.8,48.9
"Montero, Rafael",606160,2021,30,"44","49.1",225,199,59,42,13,0,4,42,17,18.7,7.6,".296",".422",".362","0.784",".228",".334",".340",".291",".306",".106",,,,,,,,,,,,,"86.7","5.9",29.8,5,34.2,"75.251682278","93.072989367",23.2,50.5
"Knight, Dusten",643400,2022,31,"6","11.0",49,44,11,5,2,0,4,9,4,18.4,8.2,".250",".568",".313","0.881",".250",".576",".368",".369",".314",".326",,,,,,,,,,,,,"87.4","16.7",25,16.7,38.9,"74.964891176","93.994775",22.6,48.4
"Brebbia, John",605154,2022,32,"76","68.0",288,265,71,43,20,3,5,54,18,18.8,6.3,".268",".423",".315","0.738",".237",".407",".317",".298",".286",".170",,,,,,,,,,,,,"87.8","17.1",32.6,6.5,38.6,"76.722932358","93.574238396",23.5,52.2
"Miller, Tyson",668338,2023,27,"10","15.1",64,56,13,8,3,0,2,10,6,15.6,9.4,".232",".393",".313","0.706",".314",".539",".308",".398",".388",".226","71.7",25,20.8,15.6,33.3,25,"7.2",0,7.6,-1.7,50,33.5,"90.1","25.8",36.2,8.5,44.7,"78.9083175","95.140908085",26.9,46.4
"Ramírez, Erasmo",541640,2021,31,"17","26.2",109,101,24,16,3,1,4,20,5,18.3,4.6,".238",".406",".275","0.681",".236",".411",".290",".294",".275",".175",,,,,,,,,,,,,"89.5","19.1",36.1,6,39.8,"79.751659048","93.921674699",16.7,51.8
"Overton, Connor",656818,2021,27,"9","15.1",63,56,14,9,3,0,2,15,5,23.8,7.9,".250",".411",".302","0.713",".255",".433",".303",".322",".312",".179",,,,,,,,,,,,,"88.5","15.8",41.9,2.3,39.5,"79.188634545","93.062569535",24.8,51.5
"Cecconi, Slade",677944,2024,25,"20","77.0",338,313,92,52,23,1,16,64,17,18.9,5,".294",".527",".335","0.862",".252",".461",".366",".330",".300",".209","71.2",20.6,14,11.3,34.8,28.2,"7.2",4,9.6,-0.6,48.3,32.1,"89","17.9",36,10.3,36.4,"78.3622732","94.005374217",19.6,49
"Romo, Sergio",489265,2021,38,"66","61.2",259,235,56,36,10,1,9,60,21,23.2,8.1,".238",".404",".305","0.709",".216",".371",".305",".289",".288",".155",,,,,,,,,,,,,"84.9","17.4",35.2,7.4,23.3,"74.277851136","91.840382216",29.5,43.5
"Lawrence, Justin",664875,2024,29,"56","59.2",279,233,73,52,11,1,9,45,33,16.1,11.8,".313",".485",".408","0.893",".296",".463",".387",".380",".396",".168","70.5",20.5,17.4,13.8,37.6,29.8,"7.3",11,9.1,-0.3,43.4,34.4,"90","5.7",32.5,7.7,42.3,"78.840013125","94.88308445",22.6,43.4
"Burnes, Corbin",669203,2023,28,"32","193.2",784,704,141,99,19,1,22,200,66,25.5,8.4,".200",".324",".274","0.598",".221",".347",".266",".287",".295",".126","71.5",22.4,8.9,6.5,29,21.2,"7.4",9,11.3,-3.8,55.6,34.6,"86.4","10.5",31,5.3,32.4,"74.856549488","92.974631594",28.8,46.3
"Lopez, Jacob",682052,2023,25,"4","12.1",54,50,14,9,4,1,0,8,2,14.8,3.7,".280",".400",".333","0.733",".312",".467",".321",".362",".363",".155","71.1",20.3,19.3,14.9,43.9,33.8,"7.4",1,10.5,-1.8,50,34.1,"88.1","12.2",42.9,9.5,40.5,"77.135834286","93.638557381",23.7,50.3
"Alexander, Jason",669920,2022,29,"18","71.2",321,282,88,58,15,3,12,46,28,14.3,8.7,".312",".514",".374","0.888",".282",".456",".380",".358",".355",".175",,,,,,,,,,,,,"90.1","4.7",32.5,8.2,44,"78.948338908","95.029530591",17.2,43.2
"Hancock, Emerson",676106,2023,24,"3","12.0",49,46,13,12,0,0,1,6,3,12.2,6.1,".283",".348",".327","0.675",".239",".366",".300",".286",".286",".127","71",21.3,6.3,5.3,31.6,26.6,"7.1",1,7.8,3.3,55.3,32.4,"84.5","12.6",27.5,2.5,35,"71.7850225","92.6171515",18.4,53.1
"Brogdon, Connor",641401,2023,28,"27","29.0",127,110,29,18,4,2,5,26,13,20.5,10.2,".264",".473",".339","0.812",".241",".424",".345",".327",".322",".183",,,,,,,,,,,,,"86.1","15.3",37.9,10.3,32.2,"73.306963023","93.494675233",27.9,47.4
"Mills, Alec",621219,2020,28,"11","62.1",252,230,53,29,11,0,13,46,19,18.3,7.5,".230",".448",".294","0.742",".263",".461",".316",".342",".326",".198",,,,,,,,,,,,,"86.9","10.1",30.8,9.2,39.5,"74.541613913","93.6962775",17.9,44.3
"Jiménez, Joe",641729,2021,26,"52","45.1",210,165,34,17,10,1,6,57,35,27.1,16.7,".206",".388",".367","0.755",".164",".331",".336",".306",".335",".167",,,,,,,,,,,,,"89.2","22.6",26.4,7.3,33.6,"79.06431","93.984322202",31.3,47.6
"Kluber, Corey",446372,2021,35,"16","80.0",341,299,74,53,12,1,8,82,33,24,9.7,".247",".375",".329","0.704",".236",".384",".310",".312",".320",".148",,,,,,,,,,,,,"86.9","13.9",34.8,6.8,34.4,"74.550214771","93.586400688",28.1,47.1
"Wisler, Matt",605538,2022,29,"39","44.0",176,159,30,15,8,1,6,35,14,19.9,8,".189",".365",".253","0.618",".199",".403",".268",".286",".263",".204",,,,,,,,,,,,,"87.5","27.3",31.5,11.8,30.7,"77.534860794","92.74944656",24.9,47.8
"Phelps, David",475479,2021,34,"11","10.1",42,37,8,7,1,0,0,15,4,35.7,9.5,".216",".243",".310","0.553",".174",".232",".259",".240",".272",".059",,,,,,,,,,,,,"91.7","13.5",22.7,0,36.4,"83.919166364","94.092525455",31.6,40.2
"Harvey, Hunter",640451,2022,27,"38","39.1",157,141,33,22,9,1,1,45,12,28.7,7.6,".234",".333",".287","0.620",".204",".320",".272",".263",".265",".116",,,,,,,,,,,,,"90.4","14.5",31,5,44,"80.8105928","94.1790869",27.5,49.5
"Holderman, Colin",670059,2023,27,"58","56.0",240,215,55,40,11,0,4,58,20,24.2,8.3,".256",".363",".322","0.685",".232",".366",".299",".295",".303",".134","71.2",16.6,12.8,10.1,31.6,24.9,"7.3",3,9.6,0.6,48.5,32.8,"89.1","6.4",28.1,5,43.1,"77.63394275","94.453290189",23.2,47.7
"Kittredge, Andrew",552640,2023,33,"14","11.2",50,47,12,8,3,0,1,10,2,20,4,".255",".383",".300","0.683",".264",".387",".298",".304",".309",".122","71.1",23.7,7.6,6.2,29.1,23.7,"7.3",1,9.9,-1.5,54.6,32.2,"86.8","10.7",43.2,2.7,35.1,"77.176743684","92.382049459",18.7,57.5
"Conley, Adam",543045,2021,31,"17","19.2",76,66,14,9,2,1,2,16,6,21.1,7.9,".212",".364",".289","0.653",".212",".333",".284",".288",".294",".121",,,,,,,,,,,,,"86.5","14.6",26.9,7.7,34.6,"73.488010769","93.717559231",26.2,50.3
"Rea, Colin",607067,2020,29,"9","14.0",62,59,15,10,2,0,3,10,2,16.1,3.2,".254",".441",".274","0.715",".280",".462",".301",".335",".308",".183",,,,,,,,,,,,,"89.3","11",34,6,40,"78.3903476","94.146065",17.4,47.7
"Romano, Jordan",605447,2024,31,"15","13.2",62,56,16,9,3,0,4,13,4,21,6.5,".286",".554",".344","0.898",".305",".602",".378",".403",".362",".297","70.7",22.2,22.6,17.3,45.2,34.6,"7.3",1,10.7,-2.8,58,31.8,"91.6","17.7",43.2,13.6,50,"81.778763636","95.639505116",24.3,47.9
"Carrasco, Carlos",471911,2020,33,"12","68.0",280,249,55,36,11,0,8,82,27,29.3,9.6,".221",".361",".301","0.662",".221",".367",".292",".300",".304",".146",,,,,,,,,,,,,"88","10.3",35.5,8.3,34.9,"76.917276386","93.634904277",32.8,48.8
"López, Reynaldo",625643,2022,28,"61","65.1",254,234,51,34,13,3,1,63,11,24.8,4.3,".218",".312",".252","0.564",".229",".341",".245",".271",".268",".112",,,,,,,,,,,,,"89.4","15.3",36,5.1,39.3,"79.515385747","93.948880402",29,50.4
"Romero, JoJo",668941,2022,25,"17","16.1",67,56,13,8,2,0,3,17,10,25.4,14.9,".232",".429",".348","0.777",".227",".391",".344",".329",".344",".164",,,,,,,,,,,,,"89.5","2.7",25,10,40,"77.438006842","94.869175",35.5,40.6
"Whitlock, Garrett",676477,2023,27,"22","71.2",304,285,82,49,18,2,13,72,13,23.7,4.3,".288",".502",".323","0.825",".268",".466",".350",".330",".305",".198","71.2",19,13.8,9.8,33,23.5,"7.4",2,10.4,-2.8,44.4,34.5,"90","11.8",37.5,10.2,42.6,"79.252217963","94.714280791",28.3,51.2
"Anderson, Tyler",542881,2023,33,"27","141.0",629,549,146,84,40,2,20,119,64,18.9,10.2,".266",".455",".346","0.801",".255",".435",".345",".339",".340",".180","72",21.3,12,8.6,30.1,21.7,"7.5",4,12.8,-5.4,49.8,31.9,"87","19.1",37.6,8.2,32.3,"75.818054326","93.084649767",27.8,49.7
"Hjelle, Sean",663546,2023,26,"15","29.0",139,120,38,28,6,1,3,31,13,22.3,9.4,".317",".458",".399","0.857",".259",".385",".372",".326",".349",".127","71.8",15.7,13.1,11.4,34.4,30,"7.5",3,7.5,-0.5,45.7,33.5,"88.6","2.7",36.3,6.6,41.8,"76.655722444","94.533688778",22.3,44.4
"Liberatore, Matthew",669461,2024,24,"60","86.0",358,323,81,50,20,0,11,76,28,21.2,7.8,".251",".415",".312","0.727",".248",".425",".313",".320",".310",".178","71.5",23.1,12.9,10,30.5,23.5,"7.3",11,10.2,-0.7,51.4,32.5,"89.7","13.2",31.7,7.1,38.6,"79.153381475","94.390364774",25.1,52.1
"Green, Chad",643338,2021,30,"67","83.2",315,295,57,29,13,1,14,99,17,31.4,5.4,".193",".386",".236","0.622",".210",".403",".262",".279",".252",".193",,,,,,,,,,,,,"89.1","24.9",30.7,11.1,43.7,"77.940159293","94.461668731",32,52.7
"Thompson, Mason",666168,2023,25,"51","54.0",240,211,62,46,10,2,4,44,22,18.3,9.2,".294",".417",".368","0.785",".254",".397",".345",".328",".337",".144","71.4",24.1,13.9,11.5,34.7,28.7,"7.4",0,10.8,-3.1,52.9,32.9,"86.6","7.2",30,5.3,35.9,"73.971674167","93.643920595",21.6,43.9
"Lynch IV, Daniel",663738,2024,27,"16","43.1",175,154,29,17,6,0,6,39,15,22.3,8.6,".188",".344",".274","0.618",".207",".389",".274",".305",".295",".182","72.9",32.3,17.1,12.6,40.1,29.5,"7.5",4,13.4,-8.9,55.9,31.1,"90.2","11.5",30.8,9.4,47.9,"80.247603898","94.734464444",28.3,46.4
"Criswell, Cooper",681867,2023,26,"10","33.0",151,135,40,25,9,0,6,27,11,17.9,7.3,".296",".496",".364","0.860",".277",".447",".368",".348",".350",".170","71.7",21,13.2,11.1,36.8,30.9,"7.5",2,14.8,-6.7,60.5,33.1,"87.1","8",38.5,5.5,33,"75.738772222","93.325528889",18.1,45.8
"Shreve, Chasen",592741,2023,32,"50","44.2",193,173,46,31,6,2,7,45,14,23.3,7.3,".266",".445",".318","0.763",".244",".422",".325",".315",".303",".178","72.1",26.6,14.3,10.1,39.3,27.8,"7.6",0,12.4,-7.6,54.4,34.3,"88.3","12.5",30.8,9,38.2,"77.289517692","93.683012077",28.5,47.9
"Guerra, Junior",448855,2020,35,"25","23.2",103,83,17,11,5,0,1,21,15,20.4,14.6,".205",".301",".337","0.638",".231",".349",".287",".320",".364",".118",,,,,,,,,,,,,"86.4","8.5",29.2,4.6,27.7,"74.899991613","93.286901967",26.8,48
"Peterson, David",656849,2022,26,"28","105.2",454,394,93,60,21,1,11,126,48,27.8,10.6,".236",".378",".327","0.705",".228",".370",".313",".309",".322",".142",,,,,,,,,,,,,"89.7","8.1",33.7,7.7,41.4,"78.713819044","94.59479476",30.4,44.6
"Machado, Andrés",600921,2022,29,"51","59.1",262,228,55,32,16,0,7,46,27,17.6,10.3,".241",".404",".321","0.725",".270",".460",".317",".354",".350",".190",,,,,,,,,,,,,"89.5","9.9",38,8.6,42.8,"78.728754731","94.516243622",23.9,49.4
"Hernández, Carlos",672578,2024,27,"27","30.0",129,109,24,15,8,0,1,27,16,20.9,12.4,".220",".321",".318","0.639",".212",".391",".287",".309",".312",".179","70.8",17.8,8.2,6.2,27.5,20.7,"7.3",9,11,-4.2,55.4,31.1,"88.6","24.2",30.6,9.4,38.8,"78.790978372","93.446198588",25.6,49.5
"López, Reynaldo",625643,2021,27,"20","57.2",222,205,42,19,12,1,10,55,13,24.8,5.9,".205",".420",".248","0.668",".230",".415",".280",".298",".274",".184",,,,,,,,,,,,,"89.3","13.6",39,9.1,38.3,"79.191886104","93.905787386",24.8,49
"Crowe, Wil",640444,2021,26,"26","116.2",524,457,126,77,20,4,25,111,57,21.2,10.9,".276",".501",".363","0.864",".249",".455",".369",".345",".340",".206",,,,,,,,,,,,,"88.8","13.7",33.4,9.4,37.1,"77.981150289","93.994251763",25.5,44.7
"Syndergaard, Noah",592789,2023,30,"18","88.2",391,358,104,62,17,3,22,56,19,14.3,4.9,".291",".539",".340","0.879",".296",".544",".371",".381",".348",".248","71.5",18.9,17.6,15,35.7,30.5,"7.3",1,9.9,-1,58.4,33.6,"88.7","14.8",38.9,11.1,42.2,"76.831032434","94.369710132",17.9,49.1
"López, Jorge",605347,2020,27,"10","39.0",174,155,46,34,5,0,7,28,12,16.1,6.9,".297",".465",".353","0.818",".274",".491",".348",".358",".340",".217",,,,,,,,,,,,,"92.8","9.1",30.5,9.2,49.6,"83.453311094","95.853375391",21.6,42.4
"Strahm, Matt",621381,2020,28,"19","20.2",83,74,14,9,2,0,3,15,4,18.1,4.8,".189",".338",".277","0.615",".239",".430",".275",".330",".322",".190",,,,,,,,,,,,,"86.3","13.8",33.9,5.1,33.9,"74.462567","93.165051186",21.9,47.4
"Gómez, Yoendrys",672782,2024,24,"5","11.1",54,44,11,6,3,0,2,10,7,18.5,13,".250",".455",".352","0.807",".218",".454",".346",".338",".329",".237","72.9",23.3,18.8,14,39.1,29.1,"7.5",0,12.4,-4.2,55.8,32.9,"91.6","20.1",36.1,13.9,50,"82.171283333","95.289379722",28.7,47.2
"Elder, Bryce",693821,2023,24,"31","174.2",732,654,160,106,32,3,19,128,63,17.5,8.6,".245",".390",".316","0.706",".258",".415",".309",".327",".330",".156","72.3",28.9,16.4,12.9,37.3,29.3,"7.4",7,11.2,-3.8,52.5,34.5,"89.9","8.5",32,6,41,"79.502454545","94.398947273",23.6,46.3
"Allen, Logan",671106,2023,24,"24","125.1",537,483,127,83,28,0,16,119,48,22.2,8.9,".263",".420",".330","0.750",".253",".420",".326",".325",".322",".167","71.7",22.9,15.6,12.1,38,29.5,"7.4",3,11.4,-2.8,52.1,32.8,"88.9","12.6",34.2,7.6,39.1,"77.882028571","94.245612837",24,47.7
"Willingham, Amos",686294,2023,24,"18","24.1",116,104,35,21,6,0,8,15,9,12.9,7.8,".337",".625",".388","1.013",".304",".584",".418",".394",".361",".280","70.2",18.8,15.3,12.3,34.7,27.9,"7.1",0,9.3,0.1,46.1,30.8,"92.5","15.6",36.3,12.1,52.7,"83.639228696","95.52668956",21.3,47.9
"Ward, Thaddeus",663658,2023,26,"26","35.1",160,129,29,18,4,0,7,30,28,18.8,17.5,".225",".419",".369","0.788",".233",".442",".347",".361",".377",".209","72.9",30.4,21.1,17.4,31.6,26.1,"7.3",1,5.7,2.5,30.4,32.4,"89.4","12.8",31,10,37,"78.8910772","94.191185455",23.2,38.6
"Marte, Yunior",628708,2022,27,"39","48.0",214,184,47,33,8,1,5,44,22,20.6,10.3,".255",".391",".350","0.741",".235",".331",".330",".303",".334",".096",,,,,,,,,,,,,"86.8","9.5",31,3.5,37.3,"75.344185493","93.21808338",26.3,47.9
"Clarke, Taylor",664199,2022,29,"47","49.0",203,192,50,32,10,2,6,48,8,23.6,3.9,".260",".427",".291","0.718",".228",".377",".309",".277",".261",".149",,,,,,,,,,,,,"89.5","19.1",34.9,6.2,39,"80.016787917","93.778774444",25.2,53.7
"Hudson, Daniel",543339,2021,34,"54","51.2",210,190,40,19,13,0,8,75,16,35.7,7.6,".211",".405",".267","0.672",".195",".407",".284",".282",".254",".213",,,,,,,,,,,,,"90.5","19.9",38.7,13.4,43.7,"79.692161356","94.884710593",34.4,52.1
"Watson, Tony",453265,2021,36,"62","57.1",225,207,40,29,7,0,4,44,18,19.6,8,".193",".285",".258","0.543",".221",".372",".241",".287",".283",".151",,,,,,,,,,,,,"86","10.5",31.9,6.1,30.1,"73.826390375","93.068198375",26.2,48
"Gray, Jon",592351,2024,32,"23","102.2",439,408,107,75,17,4,11,86,28,19.6,6.4,".262",".404",".308","0.712",".272",".447",".309",".332",".318",".176","71.7",23.8,14.8,11.3,36,27.6,"7.4",11,9.8,-1.9,53.5,33.9,"90.5","15.3",34.8,8.6,42.2,"80.087355563","94.980957625",23.8,51.6
"Bummer, Aaron",607481,2021,27,"62","56.1",242,208,42,38,1,0,3,75,29,31,12,".202",".250",".310","0.560",".178",".234",".257",".251",".292",".056",,,,,,,,,,,,,"88.2","-10.9",14.2,2.2,41.7,"75.353906308","94.860989846",32.1,42.4
"Oller, Adam",670124,2023,28,"9","19.2",101,85,29,19,5,0,5,13,12,12.9,11.9,".341",".576",".416","0.992",".308",".550",".417",".407",".394",".243",,,,,,,,,,,,,"91.9","17.9",44,9.3,46.7,"82.080382105","95.628624267",20.7,44.7
"Familia, Jeurys",544727,2020,30,"25","26.2",120,98,20,11,7,0,2,23,19,19.2,15.8,".204",".337",".350","0.687",".225",".350",".308",".324",".367",".125",,,,,,,,,,,,,"85.9","3.4",25.3,4,30.7,"73.906517632","93.0549868",27.5,41.5
"Hader, Josh",623352,2020,26,"21","19.0",78,65,8,3,2,0,3,31,10,39.7,12.8,".123",".292",".269","0.561",".144",".285",".259",".268",".287",".141",,,,,,,,,,,,,"85.4","23.9",26.5,14.7,26.5,"73.598645882","92.617151765",38.5,45.4
"McCullers Jr., Lance",621121,2020,26,"11","55.0",227,200,44,19,18,2,5,56,20,24.7,8.8,".220",".405",".305","0.710",".243",".408",".308",".327",".328",".165",,,,,,,,,,,,,"89.3","3.8",30.8,10.3,34.9,"79.549102222","93.617136736",29.5,40.6
"Snell, Blake",605483,2022,29,"24","128.0",535,476,103,67,23,2,11,171,51,32,9.5,".216",".342",".292","0.634",".209",".353",".282",".284",".287",".145",,,,,,,,,,,,,"90.1","17.1",39.2,7.4,39.5,"80.401602903","94.174611489",32.8,47.9
"Oviedo, Johan",670912,2021,23,"14","62.1",288,243,61,39,13,1,8,51,37,17.7,12.8,".251",".412",".362","0.774",".268",".453",".339",".362",".376",".185",,,,,,,,,,,,,"87.7","7.1",35.6,7.7,35.6,"76.114145521","93.647506387",26.1,44.8
"Bass, Anthony",542914,2023,35,"22","20.0",88,77,19,9,7,0,3,19,9,21.6,10.2,".247",".455",".318","0.773",".285",".477",".320",".347",".353",".192",,,,,,,,,,,,,"90.8","15.8",41.7,8.3,46.7,"81.322080333","94.312359667",30.8,44.1
"Adon, Joan",672851,2022,23,"14","64.2",310,262,76,46,18,4,8,55,39,17.7,12.6,".290",".481",".392","0.873",".271",".477",".379",".373",".377",".206",,,,,,,,,,,,,"89.3","7.5",35.7,10,37.1,"78.948902981","93.94373285",16.9,44.2
"Schreiber, John",670167,2022,28,"64","65.0",257,231,45,26,14,2,3,74,19,28.8,7.4,".195",".312",".266","0.578",".182",".289",".258",".250",".258",".107",,,,,,,,,,,,,"87.2","2.5",25,5,39.4,"74.484779367","94.031917595",32.6,46.3
"Dunning, Dane",641540,2023,28,"35","172.2",722,652,163,113,27,3,20,140,55,19.4,7.6,".250",".393",".316","0.709",".258",".418",".310",".325",".324",".160","72.4",28.9,14.8,11.2,34,25.9,"7.5",14,11.7,-4.7,46.8,33,"88.8","10.8",32.5,7.5,40.2,"77.759256899","94.06919",22.3,47
"Hernández, Elieser",622694,2021,26,"11","51.2",225,204,54,27,13,1,13,53,14,23.6,6.2,".265",".529",".318","0.847",".245",".472",".353",".328",".302",".228",,,,,,,,,,,,,"90.2","17.5",32.9,11,39.4,"79.822355333","94.511902",24.2,52.1
"Sborz, Josh",622250,2021,27,"63","59.0",257,222,52,34,10,1,7,69,32,26.8,12.5,".234",".383",".327","0.710",".226",".375",".310",".306",".320",".149",,,,,,,,,,,,,"91.1","15",34,5.1,41.7,"81.880766667","94.514584839",33.5,48.7
"Holmes, Clay",605280,2021,28,"69","70.0",292,257,53,43,5,0,5,78,29,26.7,9.9,".206",".284",".296","0.580",".195",".292",".262",".264",".286",".098",,,,,,,,,,,,,"87.1","-6.5",21,3.9,34.8,"75.825774111","93.272211844",28.3,41.8
"Vespi, Nick",663989,2024,28,"11","12.1",49,45,10,5,4,0,1,9,3,18.4,6.1,".222",".378",".265","0.643",".245",".425",".276",".306",".288",".180","71.3",16,13.1,9.9,37.7,28.4,"7.5",2,13.4,-7,53.1,33.4,"89.1","14.4",32.4,5.4,35.1,"78.958070556","93.838524722",25,52.1
"Rodríguez, Randy",678495,2024,24,"35","52.1",221,196,47,31,10,2,4,53,18,24,8.1,".240",".372",".311","0.683",".209",".355",".301",".285",".284",".146","70.9",18,12.8,9.4,34,25.1,"7.3",9,8.8,-1.4,48.7,33.3,"88.1","13.4",26,7.5,37.7,"76.90087875","93.790205",29.6,48.1
"Bacus, Dakota",621290,2020,29,"11","11.1",57,47,14,11,2,0,1,7,9,12.3,15.8,".298",".404",".404","0.808",".294",".403",".359",".360",".401",".109",,,,,,,,,,,,,"87.3","8.5",26.8,2.4,41.5,"75.89045381","93.958202439",24,46.2
"Ynoa, Huascar",660623,2020,22,"9","21.2",100,83,23,15,6,0,2,17,13,17,13,".277",".422",".380","0.802",".273",".421",".348",".355",".382",".148",,,,,,,,,,,,,"87.8","3.6",33.8,5.9,38.2,"77.372431176","93.215002059",25.4,46.8
"Godley, Zack",643327,2020,30,"8","28.2",143,125,42,25,7,1,9,28,14,19.6,9.8,".336",".624",".413","1.037",".289",".529",".434",".386",".373",".240",,,,,,,,,,,,,"88.9","15.9",34.7,10.2,41.8,"77.770444082","94.17899134",25.6,44.5
"Hernández, Elieser",622694,2024,29,"9","15.2",64,59,14,6,3,0,5,8,5,12.5,7.8,".237",".542",".297","0.839",".281",".572",".355",".385",".337",".291","72",20.6,23.5,18.6,44.4,35.3,"7.4",2,12.2,-6,54.9,32.9,"91.9","27.9",35.3,15.7,52.9,"82.659621923","95.569347451",23.2,44.6
"Rodríguez, Richard",593144,2020,30,"24","23.1",93,84,15,11,1,0,3,34,5,36.6,5.4,".179",".298",".239","0.537",".214",".361",".237",".276",".272",".147",,,,,,,,,,,,,"91.8","16.6",23.5,7.8,51,"82.6070428","95.3731422",36,45.4
"Lawrence, Casey",596271,2023,35,"15","27.1",122,107,32,15,10,0,7,20,10,16.4,8.2,".299",".589",".364","0.953",".236",".458",".393",".321",".308",".222","72.8",32.4,14.1,11.2,36.6,29.1,"7.6",1,13.3,-9,63.1,35.1,"88.1","19.6",32.2,7.8,37.8,"77.522450444","93.45089236",21.4,46.1
"Webb, Logan",657277,2020,23,"13","54.1",246,212,61,40,16,1,4,46,24,18.7,9.8,".288",".429",".377","0.806",".280",".413",".353",".347",".370",".133",,,,,,,,,,,,,"88.4","6",34.7,5.4,40.1,"77.132373855","93.898096024",22.9,42.1
"Miller, Erik",669062,2024,26,"73","67.1",284,244,50,32,9,2,7,87,38,30.6,13.4,".205",".344",".313","0.657",".189",".304",".296",".280",".301",".115","70.6",17.2,12.3,8.6,29.2,20.4,"7.3",11,10.1,-1.2,49.2,32,"89.5","10.7",25.3,7,41.1,"79.08203359","94.208134167",30.6,43.5
"López, Jorge",605347,2023,30,"61","59.0",266,231,67,40,15,0,12,49,22,18.4,8.3,".290",".511",".366","0.877",".281",".454",".370",".352",".361",".173","70.9",18.5,15.2,11.7,40.5,31.2,"7.2",4,9.2,0.4,52.7,32.4,"90.9","9.4",36.9,6.4,45.5,"80.901915484","94.963574486",23.2,47.3
"Springs, Jeffrey",605488,2021,28,"43","44.2",179,162,35,18,6,2,9,63,14,35.2,7.8,".216",".444",".275","0.719",".204",".382",".302",".281",".267",".178",,,,,,,,,,,,,"87.6","13.8",39.2,13.7,36.3,"76.4842694","93.421069192",36.5,46.7
"Henriquez, Ronny",678692,2022,22,"3","11.2",50,45,8,3,3,1,1,9,3,18,6,".178",".356",".260","0.616",".191",".355",".272",".279",".272",".164",,,,,,,,,,,,,"88.6","8",22.2,8.3,33.3,"79.361968333","92.976291111",24.4,47.5
"Helsley, Ryan",664854,2024,29,"65","66.1",266,238,50,41,6,0,3,79,23,29.7,8.6,".210",".273",".275","0.548",".212",".305",".243",".260",".279",".094","70.7",17.9,10.7,6.9,36,23.2,"7.5",10,11.6,-4.9,51.8,31.4,"89.4","18.3",36.6,3.7,35.4,"80.156012073","93.657122945",36.1,53
"Davis, Noah",663562,2023,26,"8","30.0",146,126,43,31,6,0,6,26,15,17.8,10.3,".341",".532",".425","0.957",".250",".400",".412",".335",".348",".150","71.9",21.7,12.1,9.6,24.2,19.3,"7.3",0,10.6,-2.8,51.8,32.7,"89.3","13.7",29.7,5.9,38.6,"79.2047086","93.8069757",19.8,47.1
"Palencia, Daniel",694037,2023,23,"27","28.1",119,102,22,15,3,1,3,33,14,27.7,11.8,".216",".353",".322","0.675",".217",".355",".303",".307",".324",".137","71.3",22.5,13.6,9.6,31.1,21.9,"7.2",4,8.9,0.4,42.2,31,"91.4","15.2",34.3,7.1,47.1,"81.628045882","95.298267463",30.8,48
"Pearson, Nate",663878,2023,26,"35","42.2",182,159,36,21,8,0,7,43,18,23.6,9.9,".226",".409",".313","0.722",".218",".400",".310",".305",".307",".182","71.6",21.9,18.2,13.7,36.4,27.4,"7.1",1,6.7,2.5,57.5,30.2,"91.6","22.9",29.7,8.5,47.5,"82.045290678","95.317051864",26.4,43.1
"Givens, Mychal",571710,2021,31,"54","51.0",216,184,43,24,12,0,7,54,27,25,12.5,".234",".413",".333","0.746",".232",".393",".318",".318",".336",".161",,,,,,,,,,,,,"85.5","15.2",38.3,9.8,27.1,"73.787897879","92.597344394",28.3,43.3
"Alexander, Scott",518397,2022,32,"17","17.1",63,62,12,9,2,0,1,10,1,15.9,1.6,".194",".274",".206","0.480",".208",".331",".210",".239",".221",".123",,,,,,,,,,,,,"84.5","-11",21.2,5.8,30.8,"70.1067628","93.446659",25.2,50
"Sánchez, Sixto",664350,2024,25,"14","35.2",162,142,43,31,9,0,3,17,14,10.5,8.6,".303",".430",".375","0.805",".275",".431",".354",".348",".352",".157","71",19.7,14.6,13,34.9,31.1,"7.2",2,7.4,2,50,32.4,"90","10.4",29.7,6.3,43.8,"79.716183968","94.492488254",13.2,46.4
"Allard, Kolby",663465,2021,23,"32","124.2",534,496,128,81,16,2,29,104,31,19.5,5.8,".258",".474",".305","0.779",".261",".481",".331",".341",".310",".220",,,,,,,,,,,,,"89.8","15.2",34.7,10.6,39,"78.973263622","94.487751049",19.8,48.4
"Banuelos, Manny",544365,2022,31,"35","41.0",175,149,32,22,7,1,2,42,21,24,12,".215",".315",".322","0.637",".229",".327",".289",".300",".334",".098",,,,,,,,,,,,,"85.6","7.2",29.4,3.7,36.7,"72.061965741","93.596360935",28.4,45.7
"Peralta, Wandy",593974,2023,31,"63","54.0",227,189,36,26,2,1,7,51,30,22.5,13.2,".190",".323",".319","0.642",".234",".371",".293",".329",".356",".137","72.1",27.4,13,8.9,23,15.8,"7.4",1,13.6,-5.8,60.3,35.5,"86.8","3.6",26.4,7.1,34.3,"74.522176471","93.562167037",29.7,46.8
"Flexen, Chris",623167,2022,27,"33","137.2",590,529,132,85,27,3,17,95,51,16.1,8.6,".250",".408",".315","0.723",".256",".451",".315",".336",".323",".195",,,,,,,,,,,,,"89.1","18.4",35.7,9,40,"78.17888445","94.165946851",21.8,48.8
"Law, Derek",571882,2024,33,"75","90.0",365,333,82,63,11,1,7,76,24,20.8,6.6,".246",".348",".294","0.642",".257",".368",".282",".303",".308",".111","71.5",20.3,11.7,8.4,33.7,24.3,"7.5",14,11,-1.8,56.3,33,"88.2","9",34.5,3.8,35.2,"77.850689847","93.340480649",28.6,49.9
"Holland, Greg",518813,2021,35,"57","55.2",243,214,49,30,9,1,9,53,26,21.8,10.7,".229",".407",".314","0.721",".250",".492",".310",".356",".335",".242",,,,,,,,,,,,,"88.8","12.1",38,14.1,41.1,"77.197637901","94.47497118",28.7,47.1
"Kopech, Michael",656629,2024,28,"67","67.2",279,234,44,31,4,0,9,88,34,31.5,12.2,".188",".321",".299","0.620",".190",".354",".277",".294",".303",".164","71.3",20.9,10.6,7.3,30.4,20.9,"7",7,7.5,4.3,55.2,29.9,"89","16.9",34.2,10.5,40.8,"78.876881333","93.879345436",32.8,46.9
"Emanuel, Kent",592288,2024,32,"12","17.2",82,71,20,12,3,1,4,12,7,14.6,8.5,".282",".521",".366","0.887",".267",".483",".379",".366",".353",".216","70.7",26.2,15.6,13.6,41.1,35.9,"7.2",0,11.4,-1.6,62.1,31.4,"89.5","1.7",25,10,45,"78.615588667","94.437106",12.2,40.7
"Pearson, Nate",663878,2021,24,"12","15.0",71,59,14,10,1,1,2,20,12,28.2,16.9,".237",".390",".366","0.756",".186",".305",".332",".285",".323",".119",,,,,,,,,,,,,"92.4","23.1",20.5,7.7,46.2,"84.9256955","94.452603333",34.5,38.5
"Sears, JP",676664,2024,28,"32","180.2",758,685,172,102,39,3,28,137,49,18.1,6.5,".251",".439",".311","0.750",".240",".454",".324",".328",".301",".215","72.6",29.7,16,12.7,33.6,26.7,"7.4",12,10.1,-2.9,53.6,31.3,"89.3","18.1",32.7,10.2,40.2,"78.173332182","94.379787855",21.8,48.7
"Francis, Bowden",670102,2024,28,"27","103.2",408,377,74,42,15,0,17,92,22,22.5,5.4,".196",".371",".253","0.624",".217",".391",".272",".291",".272",".175","71.7",24,11.7,9.4,31.4,25.2,"7.2",12,10.9,-3.1,53.4,31.4,"89.1","18.9",35.5,8.7,36.2,"79.064047622","93.806003811",21.2,51.7
"Varland, Gus",681402,2023,26,"16","20.1",103,85,27,17,6,1,3,20,16,19.4,15.5,".318",".518",".431","0.949",".283",".471",".408",".380",".403",".188","70.9",19.6,12.3,8.7,33.8,23.9,"7",1,6.4,2.5,52.2,31.4,"93.7","7.3",34.8,10.6,57.6,"85.361516061","96.4218",26.2,45.4
"Waldron, Matt",663362,2024,27,"27","146.2",625,568,145,90,32,2,21,133,40,21.3,6.4,".255",".430",".315","0.745",".244",".413",".323",".316",".306",".170","71.5",22.7,14.6,11.9,33.9,27.6,"7.3",15,10.8,-2.4,53.7,32.4,"88.1","16.4",33.9,7,35,"77.177450505","93.585477592",20.8,45.3
"Díaz, Alexis",664747,2024,27,"60","56.1",242,204,42,27,9,0,6,55,31,22.7,12.8,".206",".338",".326","0.664",".204",".334",".300",".300",".325",".131","71.8",22.3,11.7,8.8,30.1,22.6,"7.3",6,10.5,-2.5,54.5,32,"88.5","22.6",31.3,6.7,38,"77.94858863","93.632788904",26.6,46.2
"Petersen, Michael",656848,2024,30,"16","19.2",90,76,21,12,6,0,3,14,11,15.6,12.2,".276",".474",".367","0.841",".249",".427",".358",".349",".352",".178","71.1",17.1,9.6,7.6,25.9,20.6,"7.1",0,10,-0.6,58.2,30.9,"88.7","22.7",34.4,6.3,37.5,"78.551963125","93.531756719",19.7,51.8
"Anderson, Chase",502624,2020,32,"10","33.2",154,143,45,23,11,0,11,38,10,24.7,6.5,".315",".622",".364","0.986",".290",".556",".412",".381",".341",".266",,,,,,,,,,,,,"87.9","15.1",42.9,16.2,38.1,"75.066188269","94.515817087",28.3,46
"Bradley, Archie",605151,2020,27,"16","18.1",73,69,17,12,4,0,1,18,3,24.7,4.1,".246",".348",".288","0.636",".249",".435",".279",".312",".290",".186",,,,,,,,,,,,,"86.7","13.4",39.2,9.8,33.3,"76.093051154","92.813010392",22.8,46
"Bradley, Taj",671737,2024,23,"25","138.0",578,519,122,77,22,1,22,154,47,26.6,8.1,".235",".408",".300","0.708",".227",".426",".308",".318",".295",".199","71.6",22.1,12.2,8.9,31.4,22.8,"7.2",17,9.8,0,56.7,31.6,"91.2","13.3",34.9,10.2,42.9,"81.556942554","94.766375924",27.4,50.7
"Nance, Tommy",667297,2022,31,"35","43.2",196,170,45,30,9,1,5,57,21,29.1,10.7,".265",".418",".359","0.777",".239",".364",".339",".310",".337",".125",,,,,,,,,,,,,"88.5","9.2",32.5,4.4,36,"78.728559286","93.229615268",29.7,43.5
"Salazar, Eduardo",674285,2023,25,"8","12.1",61,49,16,13,3,0,0,5,5,8.2,8.2,".327",".388",".410","0.798",".305",".415",".354",".373",".403",".109",,,,,,,,,,,,,"89.4","2.8",31.9,2.1,40.4,"79.599685","94.013737872",19.6,42.7
"Hicks, Jordan",663855,2021,24,"10","10.0",44,34,5,3,1,1,0,10,10,22.7,22.7,".147",".235",".341","0.576",".165",".196",".281",".279",".355",".031",,,,,,,,,,,,,"80.8","-4.2",20.8,0,12.5,"69.6636475","90.52710125",24.4,37.7
"Giolito, Lucas",608337,2023,28,"33","184.1",794,705,169,87,34,7,41,204,73,25.7,9.2,".240",".482",".317","0.799",".236",".449",".339",".329",".314",".213","71.6",25.1,16.3,11.9,33.3,24.3,"7.5",7,14.5,-7.6,41.5,32.5,"89.2","18.5",33.3,11,41.6,"77.97955087","94.420691621",28.8,46.8
"Taylor, Blake",642130,2020,24,"22","20.2",87,75,13,9,2,0,2,17,12,19.5,13.8,".173",".280",".287","0.567",".179",".278",".257",".263",".295",".098",,,,,,,,,,,,,"83","8.8",24.1,5.2,22.4,"71.741732857","91.415762909",19.7,43.1
"Gray, Sonny",543243,2020,30,"11","56.0",235,207,42,29,8,1,4,72,26,30.6,11.1,".203",".309",".298","0.607",".235",".345",".275",".304",".326",".110",,,,,,,,,,,,,"86.8","6.8",37,3.7,32.6,"75.730744328","92.969396343",29.7,40
"Hernández, Elieser",622694,2022,27,"20","62.1",278,249,67,28,18,2,19,60,22,21.6,7.9,".269",".586",".335","0.921",".232",".489",".388",".339",".305",".257",,,,,,,,,,,,,"89.4","24.1",33.3,13,35.9,"78.774908211","94.128635211",24.9,49.6
"Glasnow, Tyler",607192,2024,30,"22","134.0",522,484,92,48,27,2,15,168,35,32.2,6.7,".190",".347",".244","0.591",".193",".332",".258",".257",".248",".138","71.5",23,11.4,8.1,31.1,22,"7.2",16,9,-0.4,52.2,31,"89","9.3",32.5,8.5,40.1,"78.136298153","94.139426422",30.9,48.4
"Goudeau, Ashton",623485,2022,29,"12","20.1",94,82,25,18,4,0,3,16,10,17,10.6,".305",".463",".372","0.835",".258",".392",".362",".332",".341",".134",,,,,,,,,,,,,"91","18.3",36.8,5.9,45.6,"82.503170588","94.352129412",24.1,46.4
"Gipson-Long, Sawyer",687830,2023,25,"4","20.0",82,74,14,7,4,1,2,26,8,31.7,9.8,".189",".351",".268","0.619",".172",".296",".272",".247",".252",".125","71.8",25.9,6.5,4.2,29,18.9,"7.6",2,14.9,-9,47.6,35.3,"86.6","18.6",39.6,6.3,27.1,"76.7815275","92.267659167",35,46.7
"Hughes, Brandon",676714,2022,26,"57","57.2",240,210,42,24,6,1,11,68,22,28.3,9.2,".200",".395",".292","0.687",".214",".404",".298",".306",".305",".190",,,,,,,,,,,,,"88.8","19",39.6,11.1,38.3,"78.386482429","93.864006331",33.1,48.7
"Zuñiga, Guillo",670871,2024,25,"15","17.2",76,66,16,9,1,1,5,12,8,15.8,10.5,".242",".515",".329","0.844",".235",".429",".350",".319",".323",".194","70.6",19.4,14.7,11.8,38.7,31.2,"7.3",2,9.6,-0.5,58.1,32.9,"90.5","14.4",32.7,7.3,49.1,"80.265268214","94.942600545",20.5,45
"LeBlanc, Wade",453281,2021,36,"18","49.0",221,198,56,34,13,1,8,29,17,13.1,7.7,".283",".480",".352","0.832",".284",".489",".353",".359",".353",".206",,,,,,,,,,,,,"87.8","16.7",39.2,8.8,36.8,"77.280970824","93.32518426",20.5,46.7
"Stone, Gavin",694813,2023,24,"8","31.0",152,136,46,27,10,1,8,22,13,14.5,8.6,".338",".603",".401","1.004",".305",".502",".423",".376",".372",".197","71.4",22.6,17.9,12.1,39.3,26.6,"7.5",2,12.9,-5.9,46.8,32.8,"88.5","11.7",38.3,8.7,37.4,"77.322630357","93.906186518",30.9,50.8
"King, John",667463,2023,28,"35","37.1",157,145,45,37,6,0,2,20,10,12.7,6.4,".310",".393",".353","0.746",".281",".405",".327",".324",".327",".124","70.8",18,17.5,12.6,42.5,30.6,"7.2",1,7.7,1.5,38.7,35,"87.8","-3",22.8,5.5,37,"76.298082581","93.704773306",21.8,49.5
"Barria, Jaime",642545,2020,23,"7","32.1",132,121,27,12,11,1,3,27,9,20.5,6.8,".223",".405",".280","0.685",".214",".332",".290",".268",".276",".118",,,,,,,,,,,,,"88.9","20.3",30.5,3.2,34.7,"79.312424255","93.386584043",23,48.5
"Knehr, Reiss",663753,2021,24,"12","29.0",129,104,23,13,7,1,2,20,20,15.5,15.5,".221",".365",".349","0.714",".258",".480",".315",".375",".383",".222",,,,,,,,,,,,,"90.3","16.8",29.9,8,47.1,"79.843062791","94.897149535",22.3,47.2
"Ríos, Yacksel",605441,2021,28,"23","27.1",114,95,18,9,4,2,3,23,16,20.2,14,".189",".368",".316","0.684",".213",".439",".303",".340",".336",".226",,,,,,,,,,,,,"86.5","13.6",27.4,11,43.8,"72.846907297","94.388179726",25.5,43.7
"Wacha, Michael",608379,2024,32,"29","166.2",685,625,154,104,29,4,17,145,45,21.2,6.6,".246",".387",".300","0.687",".249",".415",".300",".314",".303",".166","70.9",18.8,12.1,9.5,32.8,25.6,"7.3",17,11.3,-4.8,46.4,32.3,"86.9","15.7",32.7,8.2,32.5,"75.614261583","93.109005646",23.3,48.5
"Strider, Spencer",675911,2022,23,"31","131.2",528,478,86,61,17,1,7,202,45,38.3,8.5,".180",".264",".254","0.518",".178",".289",".235",".244",".253",".111",,,,,,,,,,,,,"88","14.1",32.7,6.1,36,"77.317558633","93.436230072",34.9,50
"Festa, David",701581,2024,24,"14","64.1",277,251,62,36,14,3,9,77,23,27.8,8.3,".247",".434",".314","0.748",".235",".411",".324",".314",".303",".176","71.9",24.2,13.7,9.8,31.4,22.5,"7.4",10,11.9,-4.4,59,32,"89.5","15.1",41.1,8.6,38.9,"79.387333908","93.969638218",28.4,48.7
"Clay, Sam",621348,2021,28,"58","45.0",214,186,55,42,9,0,4,34,22,15.9,10.3,".296",".409",".383","0.792",".266",".415",".342",".335",".358",".150",,,,,,,,,,,,,"89.7","0.6",29.4,5.9,40.5,"78.669766316","94.490507039",21.6,44.5
"Boxberger, Brad",502202,2023,35,"22","20.0",84,72,15,8,3,1,3,17,11,20.2,13.1,".208",".403",".321","0.724",".240",".429",".314",".336",".349",".189","73.3",30.3,18.5,15.2,29.6,24.2,"7.4",0,11.2,-6.6,51.5,33.4,"90.5","14.5",32.7,7.3,41.8,"81.505495","94.304215636",23.5,40.2
"Lynn, Lance",458681,2023,36,"32","183.2",808,729,189,116,26,3,44,191,67,23.6,8.3,".259",".484",".328","0.812",".247",".461",".347",".336",".318",".214","72.1",24.9,14.9,11.5,33.5,25.7,"7.2",9,9.5,1.4,61.6,31,"88.7","17",35.2,10.4,39.3,"77.065476868","94.313936189",28.8,50.1
"Hill, Rich",448179,2021,41,"32","158.2",661,582,137,83,32,1,21,150,55,22.7,8.3,".235",".402",".316","0.718",".235",".421",".313",".324",".318",".186",,,,,,,,,,,,,"88.3","18",37,8.9,34.8,"77.366844465","93.717793953",23.1,46.1
"Perdomo, Angel",622780,2023,29,"30","29.0",117,101,21,11,7,0,3,44,11,37.6,9.4,".208",".366",".304","0.670",".182",".322",".287",".261",".282",".139","71",16,4.3,3.2,17.4,12.8,"7.2",2,7.2,3.3,62.8,31.9,"88.2","19.9",30.5,11.9,37.3,"76.796458214","93.81288625",32,46
"Wantz, Andrew",681806,2022,26,"42","50.1",204,180,37,24,5,0,8,52,21,25.5,10.3,".206",".367",".294","0.661",".215",".386",".294",".307",".304",".172",,,,,,,,,,,,,"87.8","21.6",34.9,10.9,34.9,"77.020325156","93.339665625",32,47.1
"Strahm, Matt",621381,2023,31,"56","87.2",351,320,68,39,17,1,11,108,21,30.8,6,".212",".375",".263","0.638",".209",".367",".274",".278",".264",".158","70.8",19.7,10.7,8.3,31.5,24.5,"7",3,8.2,1,55,31.5,"90.2","19.8",35.2,8.2,42,"80.266605648","94.451620791",28,50.4
"Fulmer, Michael",605242,2022,29,"67","63.2",276,239,59,40,14,1,4,61,28,22.1,10.1,".247",".364",".333","0.697",".239",".382",".302",".312",".331",".143",,,,,,,,,,,,,"88.3","16.8",37.4,4.4,36.8,"78.058938242","93.324752597",28.7,46
"Fairbanks, Pete",664126,2021,27,"47","42.2",189,166,40,30,7,1,2,56,21,29.6,11.1,".241",".331",".328","0.659",".192",".306",".294",".268",".287",".114",,,,,,,,,,,,,"87.9","12.5",32.4,7.2,31.5,"77.134331273","93.435540727",30.6,46.5
"Stephenson, Robert",596112,2021,28,"49","46.0",197,174,42,27,6,4,5,52,18,26.4,9.1,".241",".408",".316","0.724",".227",".403",".313",".310",".305",".176",,,,,,,,,,,,,"89.1","15.4",32,7.2,36.8,"79.170627419","93.783229512",27.2,46.5
"Bello, Brayan",678394,2024,25,"30","162.1",702,622,157,107,31,0,19,153,64,21.8,9.1,".252",".394",".330","0.724",".254",".405",".319",".331",".334",".151","71.9",23.5,14.7,11.1,32.7,24.6,"7.4",23,10.8,-2.6,45.2,33.9,"88.5","6.2",34.2,7.4,41.1,"76.384630975","94.524067665",25.9,46.3
"Brazobán, Huascar",623211,2023,33,"50","58.2",257,218,53,40,8,0,5,65,31,25.3,12.1,".243",".349",".344","0.693",".208",".331",".308",".292",".317",".124","72.1",25.2,12,8.1,28,18.9,"7.7",2,15.6,-10.6,56.8,35,"85.4","7.9",31.2,7,28,"72.978674737","92.863718158",31.7,47.6
"Tate, Dillon",622253,2024,30,"33","36.2",164,147,42,32,8,0,2,27,12,16.5,7.3,".286",".381",".354","0.735",".243",".363",".326",".306",".316",".120","71.6",22.6,12.1,10.1,32.4,27.2,"7.3",1,11.4,-3.1,55.3,32.3,"87.5","8.2",32.2,5,30.6,"76.936454","93.004608833",19.3,45.8
"Ryan, Joe",657746,2021,25,"5","26.2",100,95,16,7,5,0,4,30,5,30,5,".168",".347",".210","0.557",".192",".399",".238",".270",".232",".207",,,,,,,,,,,,,"87.1","24.6",32.3,10.8,30.8,"76.585930313","92.925021111",23.4,52.9
"Wilson, Steven",621051,2023,28,"52","53.0",219,189,35,17,11,0,7,57,27,26,12.3,".185",".354",".297","0.651",".179",".347",".289",".284",".291",".169","72.1",26.6,11.8,8.6,32.3,23.4,"7.4",1,11.7,-7.6,48.4,30.5,"87.2","27.7",28.8,8.3,33.3,"76.25042197","93.07623697",26.7,44.2
"Fedde, Erick",607200,2024,31,"31","177.1",726,661,154,100,30,4,20,154,52,21.2,7.2,".233",".381",".291","0.672",".242",".404",".293",".309",".301",".162","71.6",23.1,13.4,10.6,33.4,26.5,"7.2",15,8.5,2,50.4,32.3,"88.6","14.9",32.4,7.6,37.7,"77.502500545","93.941632164",21.6,45.5
"Thompson, Mason",666168,2022,24,"24","24.2",100,90,19,14,2,1,2,15,8,15,8,".211",".322",".283","0.605",".237",".366",".271",".300",".306",".130",,,,,,,,,,,,,"86.1","12.2",26.3,3.9,32.9,"74.404865526","93.029754",23.9,50
"White, Mitch",669952,2023,28,"10","12.2",60,51,15,7,6,0,2,13,7,21.7,11.7,".294",".529",".367","0.896",".231",".432",".375",".332",".321",".201","71.5",30,20,15,46.7,35,"7.4",0,9,0.4,50,29.9,"91.5","25.2",37.5,10,42.5,"82.9509215","94.464908462",25.6,47.8
"Weaver, Luke",596133,2022,28,"26","35.2",174,155,52,36,15,0,1,38,13,21.8,7.5,".335",".452",".391","0.843",".285",".458",".367",".356",".352",".173",,,,,,,,,,,,,"91.5","11.2",40,10.8,45,"81.231668833","95.450290417",22.8,52.8
"Alexander, Scott",518397,2020,30,"13","12.1",52,42,9,7,0,0,2,9,9,17.3,17.3,".214",".357",".353","0.710",".249",".405",".315",".348",".381",".157",,,,,,,,,,,,,"90.7","-7.1",20.6,5.9,41.2,"81.478687059","94.668905455",23.2,47
"Musgrove, Joe",605397,2022,29,"30","181.0",740,679,154,94,36,2,22,184,42,24.9,5.7,".227",".383",".284","0.667",".225",".365",".292",".287",".284",".140",,,,,,,,,,,,,"86.4","11.7",34.7,6,32.5,"74.717480366","93.048084318",25.5,46.5
"Gallen, Zac",668678,2024,28,"28","148.0",621,561,133,86,29,5,13,156,54,25.1,8.7,".237",".376",".308","0.684",".242",".390",".301",".311",".313",".148","71.8",25,14.1,10.6,35.1,26.5,"7.5",24,11.7,-5.1,51.7,33.6,"90","11.8",34.9,7.4,41,"79.81895601","94.40298237",26,44.2
"Smyly, Drew",592767,2021,32,"29","126.2",546,494,133,83,23,0,27,117,41,21.4,7.5,".269",".480",".326","0.806",".263",".470",".342",".341",".322",".207",,,,,,,,,,,,,"88.8","14.9",36.1,10.1,39,"77.570068449","94.218153797",25,49.9
"Gilbert, Tyler",656457,2021,27,"9","40.0",157,140,28,17,6,1,4,25,13,15.9,8.3,".200",".343",".269","0.612",".227",".405",".267",".309",".297",".178",,,,,,,,,,,,,"88.9","17.4",25.4,6.8,33.9,"79.19509","93.363837857",16.8,52.7
"Barnes, Matt",598264,2021,31,"60","54.2",222,199,41,27,6,0,8,84,20,37.8,9,".206",".357",".284","0.641",".174",".326",".278",".255",".255",".152",,,,,,,,,,,,,"89.8","18",23.3,9.5,41.4,"79.389660172","94.57437319",33.7,47.1
"Ponce, Cody",664074,2021,27,"15","38.1",179,163,56,29,18,1,8,36,11,20.1,6.1,".344",".613",".382","0.995",".263",".483",".413",".346",".315",".221",,,,,,,,,,,,,"88.3","11.6",38.9,10.7,38.2,"77.265920462","93.862782769",22.2,49.3
"Martin, Chris",455119,2021,35,"46","43.1",180,169,49,38,7,0,4,33,5,18.3,2.8,".290",".402",".320","0.722",".262",".416",".313",".309",".294",".154",,,,,,,,,,,,,"91.2","8",31.7,5.8,43.2,"81.430384412","95.017472426",21.2,54.8
"Minaya, Juan",573668,2021,30,"29","40.0",167,143,27,15,8,0,4,43,20,25.7,12,".189",".329",".295","0.624",".195",".341",".280",".293",".303",".146",,,,,,,,,,,,,"89.5","6",30.4,5.9,42.2,"78.8246306","94.616371717",26.2,48.7
"Weaver, Luke",596133,2024,30,"62","84.0",331,296,52,29,9,4,10,103,26,31.1,7.9,".176",".334",".248","0.582",".197",".370",".256",".286",".272",".173","71.2",22.2,11.8,7.7,30.9,20.1,"7.3",10,10.9,-1.1,55.5,30.5,"89.1","16.5",36.4,8.6,38.4,"77.937654388","94.297465641",33.5,49.7
"Stammen, Craig",489334,2022,38,"33","40.2",177,161,45,32,4,0,9,35,10,19.8,5.6,".280",".472",".324","0.796",".260",".430",".343",".319",".307",".170",,,,,,,,,,,,,"88.7","6.9",27.1,7,36.4,"77.939549531","93.920321484",26.3,45.1
"Scholtens, Jesse",669947,2023,29,"26","85.0",377,343,100,73,12,0,15,58,30,15.4,8,".292",".458",".350","0.808",".268",".453",".349",".338",".329",".186","71.7",26.3,17,13.8,37.9,30.9,"7.3",5,10.5,-2.3,51.9,32.3,"89.3","14.1",35.5,8,37.6,"79.284771608","93.694755594",20.8,45.2
"Young, Alex",622065,2020,26,"15","46.1",204,184,51,25,13,2,11,39,14,19.1,6.9,".277",".549",".324","0.873",".289",".551",".361",".378",".340",".261",,,,,,,,,,,,,"90","15.3",41.3,12.7,40.7,"79.834825067","94.424558792",24.4,49.3
"Jackson, Andre",656578,2021,25,"3","11.2",50,42,10,6,3,0,1,10,6,20,12,".238",".381",".333","0.714",".206",".379",".316",".302",".305",".174",,,,,,,,,,,,,"89.2","23.4",29.4,8.8,26.5,"80.768619375","92.971919032",29.6,49.2
"Megill, Trevor",656730,2023,29,"31","34.2",148,132,35,24,8,1,2,52,12,35.1,8.1,".265",".386",".324","0.710",".209",".337",".309",".275",".278",".128","70.6",17.6,11.7,8.1,33,22.8,"7",7,5.6,6.3,41.2,31.2,"90.7","16.7",43.4,7.2,38.6,"81.657132927","94.418573415",32.5,46.7
"Foley, Jason",671345,2024,28,"69","60.0",250,224,51,37,8,1,5,46,20,18.4,8,".228",".339",".293","0.632",".255",".411",".277",".324",".324",".156","71.6",23.5,14.8,11.7,36.5,29,"7.2",6,9.5,-0.6,46.5,32.9,"89.5","7.5",36.8,6.6,41.2,"78.215652333","94.6846625",22.3,49.1
"Weaver, Luke",596133,2021,27,"13","65.2",275,249,58,27,14,6,11,62,20,22.5,7.3,".233",".470",".292","0.762",".247",".455",".317",".326",".307",".207",,,,,,,,,,,,,"90.1","14.5",36.1,9.4,41.4,"79.950894149","94.551155266",23.7,51.3
"Gray, Sonny",543243,2021,31,"26","135.1",575,512,115,76,15,5,19,155,50,27,8.7,".225",".385",".302","0.687",".212",".328",".300",".278",".292",".116",,,,,,,,,,,,,"86.6","8.8",31.6,4.7,32.1,"74.857227022","93.192723315",26.2,43
"Lovelady, Richard",663992,2021,25,"20","20.2",84,76,16,12,1,0,3,23,6,27.4,7.1,".211",".342",".274","0.616",".190",".300",".265",".260",".262",".111",,,,,,,,,,,,,"89.2","6.9",25.9,3.7,38.9,"79.992477407","93.416593208",28.7,47.6
"Cease, Dylan",656302,2020,24,"12","58.1",255,214,50,23,14,1,12,44,34,17.3,13.3,".234",".477",".350","0.827",".279",".513",".354",".389",".389",".234",,,,,,,,,,,,,"89.8","15.2",36.8,8.8,40.9,"79.089970706","94.561858059",25.3,41.5
"Garcia, Bryan",650530,2020,25,"26","21.2",93,81,18,16,2,0,0,12,10,12.9,10.8,".222",".247",".312","0.559",".269",".350",".261",".317",".353",".082",,,,,,,,,,,,,"86.4","15.6",27.1,4.3,37.1,"73.294553529","93.714170882",20.1,49.4
"Fleming, Josh",676596,2024,28,"25","31.1",138,123,34,25,6,0,3,17,14,12.3,10.1,".276",".398",".355","0.753",".253",".379",".334",".324",".335",".126","72",26.2,15,12.3,31.9,26.2,"7.4",0,10.7,-0.8,51.3,33.9,"86.6","6.6",23.6,3.8,33.3,"74.968682692","93.077588462",18.8,46.8
"Coonrod, Sam",656322,2021,28,"42","42.1",185,166,41,30,6,0,5,48,15,25.9,8.1,".247",".373",".319","0.692",".219",".358",".303",".290",".294",".139",,,,,,,,,,,,,"86.4","4.1",27.7,6.7,37,"73.6947745","93.572121597",24.9,49.6
"Dolis, Rafael",503569,2021,33,"39","32.0",156,125,29,19,7,1,2,39,27,25,17.3,".232",".352",".378","0.730",".219",".346",".327",".324",".369",".128",,,,,,,,,,,,,"87.4","13.9",37.9,5.7,32.2,"77.062674773","92.925531264",28.5,40.7
"Cole, Gerrit",543037,2021,30,"30","181.1",726,677,151,99,27,1,24,243,41,33.5,5.6,".223",".372",".267","0.639",".204",".369",".276",".272",".252",".164",,,,,,,,,,,,,"88.7","12.5",33,9.8,38.6,"77.565526758","94.105607466",31.9,48.9
"Gibaut, Ian",664139,2022,28,"34","36.0",161,141,39,24,10,2,3,48,19,29.8,11.8,".277",".440",".366","0.806",".214",".331",".354",".291",".311",".117",,,,,,,,,,,,,"86.6","14.9",40.9,4.3,38.7,"74.580800426","93.353507849",26.1,44.7
"Suarez, Robert",663158,2022,31,"45","47.2",191,165,29,19,6,0,4,61,21,31.9,11,".176",".285",".284","0.569",".194",".323",".263",".283",".300",".129",,,,,,,,,,,,,"88.4","12.3",37.1,8.6,35.2,"78.365625","93.346088269",25.1,48.3
"Kimbrel, Craig",518886,2020,32,"18","15.1",69,55,10,6,1,1,2,28,12,40.6,17.4,".182",".345",".348","0.693",".195",".387",".312",".332",".358",".192",,,,,,,,,,,,,"91.1","15.3",55.6,18.5,51.9,"81.437132143","95.444365185",35.4,37.7
"Ober, Bailey",641927,2021,25,"20","92.1",379,356,92,53,16,3,20,96,19,25.3,5,".258",".489",".296","0.785",".246",".463",".330",".325",".288",".217",,,,,,,,,,,,,"89.1","19.7",36.1,9.5,42.2,"77.926953","94.398345692",24.6,50.4
"Ryan, Joe",657746,2022,26,"27","147.0",604,546,115,65,28,2,20,151,47,25,7.8,".211",".379",".285","0.664",".214",".389",".294",".297",".288",".175",,,,,,,,,,,,,"88.2","24.2",36.1,8.6,35.4,"77.492050718","93.601724154",25.6,51
"Trivino, Lou",642152,2021,29,"71","73.2",310,268,58,43,10,0,5,67,34,21.6,11,".216",".310",".313","0.623",".229",".403",".280",".321",".325",".174",,,,,,,,,,,,,"87.4","9.8",31.4,7.8,33.8,"75.5002451","93.69423975",23.8,46.5
"White, Mitch",669952,2024,29,"13","23.2",110,92,26,16,4,2,4,13,13,11.8,11.8,".283",".500",".370","0.870",".284",".529",".366",".384",".373",".245","71.9",29.9,13.2,11,30.9,25.6,"7.3",2,8.3,0.1,54.3,32.3,"89.3","12.4",38.6,8.4,42.2,"78.709074634","94.431125432",16,51.3
"Lowder, Rhett",695076,2024,22,"6","30.2",128,114,25,23,2,0,0,22,14,17.2,10.9,".219",".237",".305","0.542",".267",".383",".253",".326",".347",".117","72",25.9,16.5,13.2,35.9,28.8,"7.2",3,8.9,0.9,52.4,32.7,"90.2","12.5",34.8,3.3,41.3,"80.459548696","94.310800659",20.1,47
"Spence, Mitch",687765,2024,26,"35","151.1",651,598,165,101,41,3,20,126,44,19.4,6.8,".276",".455",".331","0.786",".248",".419",".340",".318",".306",".171","72",25.5,15.3,12.2,33.9,26.9,"7.4",18,11.8,-4.2,52.5,32.8,"89.5","9.6",30.9,8.4,41.7,"78.960464768","94.185021142",22.5,50.6
"Gilbert, Logan",669302,2021,24,"24","119.1",503,464,112,63,30,2,17,128,28,25.4,5.6,".241",".425",".291","0.716",".237",".434",".305",".310",".289",".196",,,,,,,,,,,,,"90.1","19.2",36.4,8.8,44.6,"79.708084675","94.684913828",27.1,50.9
"Cano, Yennier",666974,2022,28,"13","18.0",97,78,26,18,5,0,3,21,16,21.6,16.5,".333",".513",".443","0.956",".263",".393",".414",".353",".391",".131",,,,,,,,,,,,,"88.7","5.6",33.9,5.1,33.9,"77.894649","94.021001186",23.3,43.7
"Misiewicz, Anthony",664948,2022,27,"32","29.0",121,109,27,16,7,0,4,27,10,22.3,8.3,".248",".422",".308","0.730",".228",".452",".312",".317",".295",".224",,,,,,,,,,,,,"90.1","16.2",38.1,11.9,41.7,"80.82109619","94.00801759",23.9,47.7
"Brieske, Beau",689225,2022,24,"15","81.2",339,309,73,48,10,1,14,54,25,15.9,7.4,".236",".411",".293","0.704",".285",".506",".306",".364",".339",".222",,,,,,,,,,,,,"89.2","17.2",31.7,10.4,41.3,"78.166187031","94.29984898",18,50.6
"Ruiz, José",614179,2024,29,"52","51.0",217,196,51,35,8,0,8,52,17,24,7.8,".260",".423",".318","0.741",".252",".419",".320",".318",".313",".167","71",22.1,12.5,9.3,36.4,27.2,"7.3",12,9.4,1.1,53.8,32.8,"90.7","12.4",28.6,8.2,42.2,"80.897273288","94.637615655",27.6,50.8
"Ray, Robbie",592662,2021,29,"32","193.1",773,714,150,83,31,3,33,248,52,32.1,6.7,".210",".401",".267","0.668",".215",".401",".287",".293",".272",".186",,,,,,,,,,,,,"90.4","17.6",34.3,9.8,43.1,"79.567923906","94.918518906",32.3,52
"Gillaspie, Logan",670810,2022,25,"17","17.1",74,68,20,15,3,1,1,10,3,13.5,4.1,".294",".412",".338","0.750",".292",".466",".327",".358",".347",".174",,,,,,,,,,,,,"88.7","10.3",44.1,3.4,44.1,"77.532205333","94.282148136",18.5,47.3
"Gilbreath, Lucas",656458,2022,26,"47","43.0",187,153,37,29,6,0,2,49,26,26.2,13.9,".242",".320",".360","0.680",".236",".333",".313",".317",".358",".098",,,,,,,,,,,,,"88.5","13.5",30.6,2.8,40.7,"77.767216296","93.751946636",29.2,43
"Poteet, Cody",547001,2022,27,"12","28.0",114,103,23,11,8,0,4,21,11,18.4,9.6,".223",".417",".298","0.715",".260",".423",".313",".331",".332",".164",,,,,,,,,,,,,"91.3","6.9",32.9,6.1,41.5,"82.130653415","94.92769",29.6,50.4
"García, Deivi",665620,2023,24,"8","15.0",67,52,9,2,5,0,2,10,12,14.9,17.9,".173",".385",".328","0.713",".204",".407",".314",".343",".360",".203","71.8",24.1,23.8,18.5,40.5,31.5,"7.1",0,8.7,-1.2,51.9,31.3,"90.7","15.6",34.1,9.1,47.7,"79.281949545","95.560050909",23.8,42.2
"Feyereisen, J.P.",656420,2021,28,"55","56.0",234,197,36,21,8,2,5,53,33,22.6,14.1,".183",".320",".297","0.617",".199",".366",".278",".303",".313",".167",,,,,,,,,,,,,"89","19.4",29.7,8.1,39.9,"78.695901111","93.868419236",34.7,48.4
"Hjelle, Sean",663546,2022,25,"8","25.0",115,106,33,27,3,0,3,28,8,24.3,7,".311",".425",".365","0.790",".261",".398",".349",".315",".319",".137",,,,,,,,,,,,,"89.5","3.2",39.7,6.4,44.9,"78.10654","94.508211154",20.4,43.5
"Henry, Tommy",674072,2023,25,"17","89.0",381,342,86,55,17,2,12,64,35,16.8,9.2,".251",".418",".328","0.746",".244",".414",".324",".321",".321",".170","73",31.6,17.9,14.5,40,32.5,"7.5",2,11.4,-1.8,58.1,34.2,"87.9","16.8",33.8,7.6,32.4,"77.311010942","93.325474819",22.3,48.7
"Barlow, Scott",605130,2023,30,"63","68.0",299,252,61,46,10,1,4,79,34,26.4,11.4,".242",".337",".337","0.674",".233",".341",".299",".300",".332",".108","70.4",15.2,8.4,6.2,29.2,21.4,"7.4",5,12,-6.7,50,34.2,"85.5","11.2",39.2,4.4,29.8,"73.854599438","92.647788983",31.2,43.9
"Mejía, Humberto",650668,2021,24,"5","22.1",105,94,32,11,13,3,5,20,9,19,8.6,".340",".702",".394","1.096",".295",".498",".447",".360",".354",".203",,,,,,,,,,,,,"90","17.1",42.1,7.9,34.2,"81.142165263","93.624494267",21.6,50.6
"King, John",667463,2024,29,"56","60.0",248,225,58,47,6,0,5,38,14,15.3,5.6,".258",".351",".296","0.647",".251",".388",".280",".308",".298",".137","71.4",20,14.5,12.2,38.4,32.2,"7.3",6,7.5,2.3,45.9,34.8,"88.5","1.2",27.2,6.2,36.9,"77.765392083","93.815951302",17.5,50.6
"Fry, Paul",643316,2020,27,"22","22.0",98,88,22,15,4,0,3,29,9,29.6,9.2,".250",".398",".327","0.725",".184",".277",".318",".251",".269",".094",,,,,,,,,,,,,"88.6","3.4",23.7,5.1,33.9,"78.503593448","93.443574912",29.2,41
"Rogers, Taylor",573124,2020,29,"21","20.0",91,86,26,16,8,0,2,24,4,26.4,4.4,".302",".465",".341","0.806",".245",".385",".346",".293",".286",".140",,,,,,,,,,,,,"89.5","8.6",32.3,9.7,41.9,"78.882888065","94.503372097",23.6,50.8
"Strahm, Matt",621381,2022,30,"50","44.2",193,170,38,26,7,0,5,52,17,26.9,8.8,".224",".353",".311","0.664",".201",".347",".296",".283",".291",".146",,,,,,,,,,,,,"87.5","18.3",37,7.6,33.6,"77.429842712","92.864672991",23.4,47.6
"Phillips, Evan",623465,2022,27,"64","63.0",233,213,33,25,6,0,2,77,15,33,6.4,".155",".211",".219","0.430",".173",".279",".197",".234",".240",".105",,,,,,,,,,,,,"86.1","15",31.2,4.3,31.2,"74.845373582","92.66339403",30.3,45.7
"Ferrer, Jose A.",678606,2023,23,"39","34.0",142,128,37,28,5,0,4,25,13,17.6,9.2,".289",".422",".359","0.781",".254",".361",".338",".301",".327",".108","71.2",18.5,11,9,27.9,22.8,"7.1",2,6.4,5.1,38.6,33.1,"87.8","5.4",29.1,2.9,36.9,"76.212076667","93.716347451",18.3,47
"Crichton, Stefan",592233,2020,28,"26","26.0",109,96,22,13,8,0,1,23,9,21.1,8.3,".229",".344",".321","0.665",".257",".351",".283",".302",".346",".094",,,,,,,,,,,,,"89","13.5",32.9,1.4,39.7,"79.233372222","93.515925278",22.1,45
"Holton, Tyler",663947,2023,27,"59","85.1",324,303,56,38,9,0,9,74,18,22.8,5.6,".185",".304",".232","0.536",".235",".391",".234",".290",".279",".156","71.2",19.7,14.3,11,29.7,22.8,"7.4",3,11.4,-4.8,46.9,31.5,"86.1","12.2",35.5,6.9,32.5,"73.903434298","93.193423684",26.8,49.3
"Lail, Brady",621078,2020,26,"8","16.1",71,62,14,8,1,0,5,12,7,16.9,9.9,".226",".484",".324","0.808",".228",".427",".346",".331",".326",".199",,,,,,,,,,,,,"91","21",24,8,46,"81.2058684","94.8643718",17.1,43
"Anderson, Grant",681982,2024,27,"23","26.2",120,109,33,21,1,0,11,29,10,24.2,8.3,".303",".615",".367","0.982",".259",".506",".409",".350",".327",".247","71.4",18.3,15.5,11.7,31.8,23.9,"7.2",1,9.5,-0.4,52.8,32.7,"89","18.5",28.7,10,41.3,"77.1870735","94.5979725",25.7,45.1
"Campbell, Isaiah",663462,2023,25,"27","28.2",120,105,22,16,3,1,2,33,13,27.5,10.8,".210",".314",".300","0.614",".221",".378",".273",".301",".311",".157","71",18.8,11.9,8.8,31.3,23.2,"7.2",4,8.8,1.1,54.1,32,"88.3","14.8",34.2,9.6,41.1,"77.232934595","93.968865479",28.6,46.9
"Díaz, Miguel",622766,2021,26,"25","42.0",172,152,31,14,7,2,8,46,19,26.7,11,".204",".434",".292","0.726",".249",".469",".312",".347",".332",".221",,,,,,,,,,,,,"90.5","11.7",37.4,11.2,43.9,"79.432099623","95.139784811",20.7,43
"Machado, Andrés",600921,2021,28,"40","35.2",154,133,30,19,6,1,4,30,15,19.5,9.7,".226",".376",".325","0.701",".220",".356",".307",".305",".323",".136",,,,,,,,,,,,,"89.1","11.4",27.9,6.7,36.5,"77.932695","94.295910291",22.7,45
"Wentz, Joey",666214,2024,26,"46","67.1",304,262,66,49,9,0,8,73,33,24,10.9,".252",".378",".340","0.718",".220",".353",".317",".301",".314",".132","71.1",22.9,12.4,8.9,33.1,23.9,"7.4",12,11.9,-6,50.4,32,"88.1","15.5",33,7.2,36.1,"77.210157083","93.612983281",29.6,47.1
"Brown, Ben",676962,2024,24,"15","55.1",222,197,41,27,9,0,5,64,19,28.8,8.6,".208",".330",".276","0.606",".229",".411",".268",".321",".303",".182","71.3",22.6,17.8,12.5,36,25.4,"7.3",6,8.7,0.1,49.8,31.6,"91.8","16.2",34.1,10.9,51.4,"81.645372464","95.668522336",31.4,46.5
"Olson, Reese",681857,2023,23,"21","103.2",422,386,83,53,13,3,14,103,33,24.4,7.8,".215",".373",".277","0.650",".251",".461",".283",".333",".312",".210","71.6",25.1,19.5,14.5,39.9,29.8,"7.5",14,10.8,-2.9,46.8,34.8,"90.8","12.8",36.1,10.9,42.8,"80.260909366","95.123164014",27.4,46.3
"Ohtani, Shohei",660271,2023,28,"23","132.0",531,463,85,52,15,0,18,167,55,31.5,10.4,".184",".333",".285","0.618",".201",".375",".277",".300",".301",".174","71.3",19.1,13.1,9.3,29.9,21.1,"7.4",0,11.8,-4.2,43.3,33.4,"86.4","11.5",34,10.1,35,"73.9743325","93.442735912",30.8,46.7
"Floro, Dylan",571670,2020,29,"25","24.1",98,92,23,18,2,2,1,19,4,19.4,4.1,".250",".348",".276","0.624",".253",".345",".263",".283",".294",".092",,,,,,,,,,,,,"84.6","9.2",32,2.7,26.7,"73.388132162","92.020565811",23.3,46.4
"King, Michael",650633,2021,26,"22","63.1",275,242,57,40,11,0,6,62,24,22.5,8.7,".236",".355",".319","0.674",".252",".422",".298",".333",".336",".170",,,,,,,,,,,,,"88.7","7.6",35.2,7.7,43.4,"76.945020989","94.645798453",24.9,46.9
"Buehler, Walker",621111,2020,25,"8","36.2",147,135,24,14,3,0,7,42,11,28.6,7.5,".178",".356",".245","0.601",".213",".390",".261",".290",".278",".177",,,,,,,,,,,,,"90","19.5",28,6.5,36.6,"80.605865778","93.802609778",28.4,46.3
"Ramírez, Erasmo",541640,2023,33,"38","60.1",274,250,82,57,13,1,11,43,13,15.7,4.7,".328",".520",".361","0.881",".288",".494",".372",".351",".328",".206","71.9",27,13,9.9,30.5,23.2,"7.4",2,12.3,-4.7,52.5,32.4,"89.7","10",37.4,8.4,43.5,"78.90707514","94.533381831",20.2,51.5
"Cease, Dylan",656302,2022,26,"32","184.0",747,663,126,83,25,2,16,227,78,30.4,10.4,".190",".306",".278","0.584",".183",".306",".263",".261",".273",".123",,,,,,,,,,,,,"86.8","15",31.4,6.2,31.2,"75.92510977","92.882995645",33.3,47.3
"Smith, Chad",663385,2023,28,"10","13.2",60,51,15,11,2,0,2,9,7,15,11.7,".294",".451",".400","0.851",".250",".444",".375",".355",".363",".194","70.6",20,20,20,30,30,"7.6",0,13.9,-1.1,70,31.4,"92","6.3",28.6,9.5,52.4,"82.136002381","95.734597143",20.8,42.7
"Morton, Charlie",450203,2020,36,"9","38.0",170,154,43,29,9,1,4,42,10,24.7,5.9,".279",".429",".335","0.764",".238",".383",".330",".304",".301",".145",,,,,,,,,,,,,"89.4","11.6",36,7.9,35.1,"79.481740357","93.904053839",24.9,51.8
"Kuhnel, Joel",669270,2022,27,"53","58.0",255,230,67,43,16,0,8,56,14,22,5.5,".291",".465",".340","0.805",".237",".409",".347",".306",".295",".171",,,,,,,,,,,,,"90.1","7.6",32.2,7.2,39.5,"80.409107241","94.16724592",25.2,49.7
"Singer, Brady",663903,2021,24,"27","128.1",586,519,146,108,21,3,14,131,53,22.4,9,".281",".414",".358","0.772",".253",".401",".338",".327",".335",".148",,,,,,,,,,,,,"88.5","7",32.7,5.6,37.6,"77.036143333","94.101839871",25.3,43.7
"Green, Chad",643338,2022,31,"14","15.0",62,54,13,9,3,0,1,16,5,25.8,8.1,".241",".352",".295","0.647",".224",".359",".283",".289",".286",".135",,,,,,,,,,,,,"88.7","25",37.5,5,45,"78.2217155","93.87147825",26.6,57.7
"Tonkin, Michael",543859,2023,33,"45","80.0",325,295,64,43,7,1,13,75,23,23.1,7.1,".217",".380",".276","0.656",".237",".410",".283",".306",".295",".174","71",20.2,11.7,9.2,28,22.1,"7.2",7,9.5,-1.3,52.9,32.6,"89.8","19.1",32,8,40,"80.065595586","94.129354414",24.8,50.3
"Falter, Bailey",663559,2024,27,"28","142.1",589,531,138,86,34,1,17,97,45,16.5,7.6,".260",".424",".315","0.739",".264",".465",".320",".340",".322",".201","71.9",25.8,15.8,12.9,37.5,30.6,"7.1",15,8.4,-0.9,51,31.1,"90.1","17",36.6,9,41.3,"79.920380413","94.430660482",19.6,49.5
"Crochet, Garrett",676979,2024,25,"32","146.0",595,555,123,78,25,2,18,209,33,35.1,5.5,".222",".371",".271","0.642",".201",".350",".280",".267",".252",".149","71.4",20.6,11.1,7.5,27,18.3,"7.2",20,8.3,1.4,50.5,32.1,"88.3","11.1",34.5,9.2,38.8,"76.536271919","94.146127471",33.1,53.2
"Raley, Brooks",548384,2021,33,"58","49.0",205,185,43,31,6,0,6,65,16,31.7,7.8,".232",".362",".304","0.666",".226",".380",".294",".301",".298",".154",,,,,,,,,,,,,"83","10.3",39.7,8.3,21.5,"70.485571017","91.906068034",32.4,47.2
"Ober, Bailey",641927,2023,27,"26","144.1",577,539,125,78,24,1,22,146,29,25.3,5,".232",".403",".279","0.682",".222",".412",".294",".294",".270",".190","71.9",23.9,10.4,7.2,30.3,20.9,"7.3",6,12.7,-5.4,54.8,30.1,"88.2","20",33.4,9.6,35.7,"77.740159286","93.490782916",28.7,53.1
"Carasiti, Matt",571539,2023,31,"16","24.1",110,96,28,21,4,0,3,16,11,14.5,10,".292",".427",".364","0.791",".270",".430",".345",".352",".352",".161","70.7",17.6,7.1,5.9,42.9,35.3,"7.4",0,14.8,-2.8,29.4,33,"91","2.6",34.1,6.1,36.6,"81.4521695","94.697154",23.1,42.1
"Pilkington, Konnor",663455,2022,24,"15","58.0",258,223,53,38,8,1,6,50,32,19.4,12.4,".238",".363",".337","0.700",".241",".433",".315",".343",".343",".192",,,,,,,,,,,,,"89.2","13.2",35.1,12.1,44.8,"77.658571954","94.784464335",27.8,47.4
"Hudson, Dakota",641712,2022,27,"27","139.2",596,517,141,107,24,1,9,78,61,13.1,10.2,".273",".375",".356","0.731",".273",".414",".326",".343",".358",".141",,,,,,,,,,,,,"89","6.3",31.7,6,40.4,"77.569535561","94.410242899",17.6,44
"Stanek, Ryne",592773,2024,32,"63","55.1",241,212,48,32,6,2,8,67,25,27.8,10.4,".226",".387",".315","0.702",".202",".368",".307",".292",".295",".165","71.2",18,9.1,6.2,33,22.6,"7.3",8,9.8,-0.9,53.3,31.2,"90.2","19",34.2,9.6,41.8,"80.971384795","94.146185862",33.2,51.5
"Javier, Cristian",664299,2023,26,"31","162.0",687,611,143,81,33,4,25,159,62,23.1,9,".234",".424",".309","0.733",".228",".451",".317",".325",".306",".222","71.9",25.6,12.1,9,29.8,22.1,"7.3",11,11.1,-1.8,57.8,30.2,"89.1","23.8",38.1,9.4,38.3,"78.877175219","93.876231451",27.1,48
"Sanmartin, Reiver",665665,2023,27,"14","14.0",70,59,17,13,2,0,2,13,10,18.6,14.3,".288",".424",".386","0.810",".225",".324",".356",".299",".333",".100",,,,,,,,,,,,,"88.5","3.3",34,4.3,25.5,"79.124645217","92.988806304",24.1,44.2
"Kickham, Mike",592464,2020,31,"6","14.0",70,63,21,11,4,0,6,17,5,24.3,7.1,".333",".683",".400","1.083",".259",".547",".446",".368",".333",".289",,,,,,,,,,,,,"89.9","10.2",34.8,15.2,37,"79.083481304","94.728798913",27.3,50.4
"Greene, Conner",641632,2021,26,"24","25.1",121,104,32,22,9,0,1,26,12,21.5,9.9,".308",".423",".388","0.811",".244",".395",".352",".318",".334",".151",,,,,,,,,,,,,"89.5","14.8",36.3,5,33.8,"79.4114605","94.06543962",29.8,50.3
"Fulmer, Michael",605242,2021,28,"52","69.2",297,270,69,51,10,1,7,73,20,24.6,6.7,".256",".378",".316","0.694",".239",".389",".301",".302",".302",".150",,,,,,,,,,,,,"86.7","12.1",33.2,6.5,35.2,"74.4308077","93.49345593",29.5,48.9
"Otañez, Michel",671305,2024,26,"36","34.0",151,126,27,20,5,0,2,55,20,36.4,13.2,".214",".302",".331","0.633",".147",".230",".291",".251",".280",".083","71",19.8,10.6,6.5,28.4,17.2,"7.3",9,10.3,-2.1,43.5,31.6,"86.3","15.2",35.6,4.1,32.9,"75.723960541","92.549203014",39.9,46.8
"Barria, Jaime",642545,2023,26,"34","82.1",362,328,91,54,17,0,20,62,30,17.1,8.3,".277",".512",".340","0.852",".276",".495",".357",".352",".339",".219","72.6",28.3,14.3,11.5,33,26.5,"7.6",2,13,-4.9,58.4,32.4,"87.6","16.6",34,10.4,34,"76.306750597","93.493041124",22.9,48.5
"Cobb, Alex",502171,2020,32,"10","52.1",226,206,52,35,8,1,8,38,18,16.8,8,".252",".417",".319","0.736",".306",".501",".320",".376",".367",".196",,,,,,,,,,,,,"91.3","3.8",33.9,9.5,48.2,"80.598450476","95.660059042",23.5,44.2
"Quintana, Jose",500779,2020,31,"4","10.0",41,38,10,6,3,0,1,12,3,29.3,7.3,".263",".421",".317","0.738",".262",".373",".319",".301",".316",".111",,,,,,,,,,,,,"94.5","9.6",42.3,7.7,50,"84.597773846","97.057103846",27.6,41.5
"Garrett, Reed",657585,2024,31,"53","57.1",247,212,50,35,9,0,6,83,30,33.6,12.1,".236",".363",".333","0.696",".200",".312",".310",".280",".303",".112","71.4",26.3,12.6,8.1,28.5,18.4,"7.6",9,12.3,-7.1,51.2,32.9,"87.5","13.5",28,5.3,37.1,"75.597467692","93.735074385",37.6,45.9
"Sánchez, Aníbal",434671,2020,36,"11","53.0",245,224,70,44,13,2,11,43,18,17.6,7.3,".313",".536",".371","0.907",".283",".479",".383",".353",".345",".195",,,,,,,,,,,,,"88.9","13.5",37.6,9.4,37.6,"78.450162111","93.882949553",23.6,47.6
"Keller, Brad",641745,2022,26,"35","139.2",617,553,153,108,24,4,17,102,57,16.5,9.2,".277",".427",".344","0.771",".254",".414",".337",".325",".325",".160",,,,,,,,,,,,,"89.3","6.7",28.7,6.6,41.4,"78.15085467","94.3547437",21.6,48.8
"Abbott, Cory",676265,2023,27,"22","39.1",184,157,48,34,4,1,9,40,20,21.7,10.9,".306",".516",".391","0.907",".251",".440",".388",".345",".348",".189","72.5",29.8,21.3,15.5,40.2,29.2,"7.3",6,9.9,-1.1,57.7,32.6,"90.9","12.9",38.3,11.7,43.3,"81.589711667","94.563149916",26.1,47.9
"Foster, Matt",641582,2021,26,"37","39.0",174,157,43,29,5,0,9,40,13,23,7.5,".274",".478",".333","0.811",".270",".505",".346",".360",".333",".235",,,,,,,,,,,,,"90.3","21.3",37,9.2,44.5,"80.326758644","94.499756864",23.7,49.1
"Mears, Nick",683232,2021,24,"30","23.1",107,93,25,17,3,0,5,23,13,21.5,12.1,".269",".462",".355","0.817",".246",".424",".349",".336",".343",".178",,,,,,,,,,,,,"86.6","16.2",35.2,7,29.6,"75.239322286","92.985066286",25.1,47.6
"Gonzales, Marco",594835,2024,32,"7","33.2",151,138,43,30,8,0,5,23,11,15.2,7.3,".312",".478",".360","0.838",".306",".551",".362",".391",".357",".245","71.9",23.7,18.5,14.9,37.6,30.2,"7.4",1,9.7,-4,51.2,32.5,"90.9","15.1",41,11.1,43.6,"80.250298393","95.046505893",17.8,51.5
"Parker, Blake",453284,2021,36,"47","43.2",185,167,43,31,6,1,5,37,14,20,7.6,".257",".395",".319","0.714",".248",".400",".310",".311",".311",".152",,,,,,,,,,,,,"86.7","16.6",32.6,6.8,31.8,"75.404917121","92.977271515",23.6,47
"Pérez, Martín",527048,2024,33,"26","135.0",590,533,151,101,28,0,22,107,49,18.1,8.3,".283",".460",".349","0.809",".274",".485",".351",".359",".341",".211","72.5",28.1,17.6,14,36.1,28.6,"7.5",5,12.1,-5,50.7,33.3,"89","11.2",34.3,8.6,41.5,"76.89241338","94.749829061",21,46
"Martin, Davis",663436,2024,27,"11","50.0",220,192,50,40,5,0,5,47,23,21.4,10.5,".260",".365",".355","0.720",".224",".378",".324",".316",".323",".154","71.7",22.8,13,9.8,30.5,23,"7.3",13,11.1,-1.5,49.2,32.8,"87.9","11.9",26.2,7.6,37.9,"76.248378194","93.839174792",27,48.5
"Morton, Charlie",450203,2022,38,"31","172.0",728,640,149,93,26,2,28,205,63,28.2,8.7,".233",".411",".316","0.727",".228",".405",".320",".318",".314",".177",,,,,,,,,,,,,"89.3","13.6",38,9.5,42.1,"78.111657215","94.430490297",29.3,45.6
"Hjelle, Sean",663546,2024,27,"58","80.2",337,314,84,64,9,1,10,75,14,22.3,4.2,".268",".398",".308","0.706",".247",".386",".306",".297",".290",".138","70.5",18.1,13.6,10.9,38.5,30.8,"7.2",13,8.4,1.3,51,32.9,"88.7","2.3",29.6,5.3,37.4,"77.987104333","93.88649477",21.4,45.2
"Nogosek, Stephen",668665,2023,28,"13","25.2",118,100,28,16,5,1,6,25,14,21.2,11.9,".280",".530",".373","0.903",".247",".486",".382",".357",".346",".239",,,,,,,,,,,,,"89.7","15.3",35.1,11.7,42.9,"78.310378718","95.05929013",24,41.7
"Bush, Matt",456713,2023,37,"12","10.1",48,42,11,3,3,0,5,10,6,20.8,12.5,".262",".690",".354","1.044",".335",".690",".429",".464",".418",".355",,,,,,,,,,,,,"89.5","15.9",46.9,18.8,40.6,"77.203845625","95.124410313",30.2,44.3
"Abbott, Andrew",671096,2024,25,"25","138.0",586,529,127,73,28,1,25,114,52,19.5,8.9,".240",".439",".309","0.748",".231",".411",".323",".312",".302",".181","71.7",23.2,12,9.4,32.5,25.5,"7.3",4,9.2,-0.7,51.7,31.3,"88.2","21.3",36.6,9.3,33.5,"78.18333039","93.177609095",22.6,47.6
"Rodón, Carlos",607074,2024,31,"32","175.0",736,667,157,90,32,4,31,195,57,26.5,7.7,".235",".435",".304","0.739",".224",".429",".320",".316",".294",".206","71.9",25.4,12.6,9,31.3,22.5,"7.4",34,10.7,-2.3,53.7,31.5,"90.4","18.1",34.6,11,40.9,"80.220048043","94.543522745",30.1,49.4
"Irvin, Jake",663623,2023,26,"24","121.0",530,462,118,79,17,2,20,99,54,18.7,10.2,".255",".431",".340","0.771",".254",".450",".335",".344",".341",".196","72.1",25.8,15.8,12.8,30.2,24.4,"7.1",4,9.3,1.8,52.6,31.9,"90.4","14.7",33.1,10.3,39.6,"80.193214837","94.671824251",17.9,43.7
"Fulmer, Carson",608334,2020,26,"10","10.1",46,39,8,4,3,0,1,11,5,23.9,10.9,".205",".359",".326","0.685",".210",".327",".308",".304",".330",".118",,,,,,,,,,,,,"91.1","15.2",21.4,7.1,39.3,"82.365432857","94.1576175",33.3,44.7
"Saucedo, Tayler",642048,2021,28,"29","25.2",109,96,22,12,9,0,1,19,10,17.4,9.2,".229",".354",".312","0.666",".251",".383",".294",".322",".333",".132",,,,,,,,,,,,,"87.9","3.4",26.9,5.1,35.9,"74.930888974","94.529880513",32,47
"Alcala, Jorge",660896,2024,28,"54","58.1",235,210,40,23,8,1,8,58,20,24.7,8.5,".190",".352",".269","0.621",".192",".347",".273",".277",".271",".155","71.3",21.2,10.1,7.3,29.2,21.2,"7.3",7,10.4,-0.9,54.7,31.1,"86.6","19",32,7.2,32.7,"75.350600132","92.994573289",28.1,48.9
"Urías, Julio",628711,2022,25,"31","175.0",689,639,127,81,20,3,23,166,41,24.1,6,".199",".347",".251","0.598",".204",".346",".263",".266",".257",".143",,,,,,,,,,,,,"86.7","17.2",29.6,6.7,30.4,"75.838974487","92.831563148",23.9,51.8
"Chavez, Jesse",445926,2020,36,"18","17.0",77,66,20,11,3,0,6,13,7,16.9,9.1,".303",".621",".364","0.985",".297",".578",".402",".392",".361",".281",,,,,,,,,,,,,"86.9","12",37.5,14.3,33.9,"75.045191429","93.724139273",15.4,40.3
"Thompson, Keegan",624522,2024,29,"24","30.1",127,107,19,11,4,1,3,36,18,28.3,14.2,".178",".318",".294","0.612",".218",".404",".277",".325",".328",".187","71.1",18.6,11.9,8.8,30,22.3,"7.3",3,10.1,-0.9,52.6,32.8,"90.6","12.9",41.7,12.5,47.2,"80.077421111","94.990143056",28.2,45.5
"Joyce, Ben",690829,2023,22,"12","10.0",48,37,9,7,1,0,1,10,9,20.8,18.8,".243",".351",".396","0.747",".214",".356",".342",".340",".378",".142","68.7",5.6,3.6,2.8,42.9,33.3,"7.1",1,6.9,6.5,44.4,33.6,"89.6","14.7",25,7.1,42.9,"80.089126429","93.780689643",24.7,42.1
"Walker, Taijuan",592836,2023,30,"31","172.2",733,650,155,96,35,4,20,138,71,18.8,9.7,".238",".397",".320","0.717",".245",".410",".313",".323",".326",".165","72",28.3,16.7,13.7,39.8,32.8,"7.3",10,10.9,-1.4,53.9,32.5,"89.1","11.1",33.1,6.8,40.9,"77.901900078","94.417705363",20.5,44.1
"Kluber, Corey",446372,2022,36,"31","164.0",689,650,178,123,32,3,20,139,21,20.2,3,".274",".425",".304","0.729",".261",".434",".316",".316",".294",".173",,,,,,,,,,,,,"87.1","18.5",35.8,6.9,34.7,"75.470981451","93.389888686",23.9,51.2
"Gibson, Kyle",502043,2023,35,"33","192.0",807,732,198,127,43,5,23,157,55,19.5,6.8,".270",".437",".322","0.759",".264",".445",".326",".333",".319",".181","72.2",30.1,20.1,15.1,39.7,29.9,"7.5",8,13.3,-5.4,51.9,33.3,"89.7","8.2",33.4,7.6,44.5,"78.377673356","94.787380789",25.4,45.6
"Hendricks, Kyle",543294,2022,32,"16","84.1",356,327,85,49,18,3,15,66,24,18.5,6.7,".260",".471",".316","0.787",".268",".483",".341",".348",".324",".215",,,,,,,,,,,,,"87.5","16.5",40.5,9.9,38.9,"75.450491163","93.879544922",23.9,45.6
"Blackburn, Paul",621112,2022,28,"21","111.1",467,431,110,62,31,2,15,89,30,19.1,6.4,".255",".441",".311","0.752",".257",".408",".326",".315",".313",".151",,,,,,,,,,,,,"88.2","9",30,7,40.5,"76.279288935","94.130617189",23.6,44.5
"Ramirez, Emmanuel",642629,2024,29,"15","20.2",92,80,21,10,6,2,3,21,8,22.8,8.7,".263",".500",".348","0.848",".256",".431",".362",".344",".346",".175","71.9",25.7,15.9,12.1,37.4,28.6,"7.5",8,11.8,-5.4,57.1,31.5,"91","17.5",33.3,6.7,45,"81.339826667","95.171073051",27.9,46.4
"Davies, Zach",605200,2022,29,"27","134.1",570,507,122,79,20,2,21,102,52,17.9,9.1,".241",".412",".309","0.721",".250",".444",".315",".333",".321",".194",,,,,,,,,,,,,"87.4","13",31.6,8,34.5,"75.6872467","93.596934025",21.5,42.2
"Ort, Kaleb",672391,2024,32,"22","24.2",93,89,16,7,2,0,7,26,4,28,4.3,".180",".438",".215","0.653",".206",".388",".277",".275",".241",".181","70.8",15.5,11.2,8.1,34.5,24.8,"7.2",4,10.2,-0.8,53.4,31.2,"88.2","21.4",23.8,6.3,36.5,"77.108641935","94.011532097",26.8,50
"Scott, Tayler",605463,2022,30,"8","12.0",59,53,19,15,3,0,1,13,6,22,10.2,".358",".472",".424","0.896",".289",".446",".394",".354",".362",".156",,,,,,,,,,,,,"88.8","11.8",32.5,5,40,"77.98884","93.9938195",30.1,40.4
"Brigham, Jeff",656257,2022,30,"16","24.0",101,90,22,13,6,0,3,28,10,27.7,9.9,".244",".411",".320","0.731",".237",".392",".322",".312",".313",".156",,,,,,,,,,,,,"89.5","23.4",38.1,6.3,33.3,"80.250847742","93.527097742",28.2,46.5
"Quantrill, Cal",615698,2022,27,"32","186.1",770,702,178,126,30,1,21,128,47,16.6,6.1,".254",".389",".307","0.696",".257",".431",".305",".324",".312",".174",,,,,,,,,,,,,"87.6","13.8",33.3,7.5,35.7,"76.145610174","93.608907247",18.5,48.7
"Chargois, JT",608638,2024,33,"36","36.1",146,131,24,15,3,0,6,30,13,20.5,8.9,".183",".344",".267","0.611",".232",".427",".269",".321",".311",".195","71",15,14.6,11.4,37.4,29.1,"7.3",3,11.5,-3.2,50,33.7,"89.7","16.3",38.6,7.9,41.6,"79.274008627","94.218045545",23.7,47.1
"Robertson, Nick",687798,2024,25,"9","13.1",55,52,15,10,2,0,3,14,2,25.5,3.6,".288",".500",".309","0.809",".281",".475",".343",".334",".303",".194","71",16.1,15.5,12.6,32.4,26.4,"7.2",1,11.7,-1.5,52.9,31.8,"90.3","16.4",35.9,10.3,48.7,"79.7238345","95.081783846",24.5,50.7
"Garcia, Bryan",650530,2021,26,"39","39.1",192,163,48,26,12,0,10,32,25,16.7,13,".294",".552",".395","0.947",".290",".600",".401",".417",".391",".309",,,,,,,,,,,,,"92.4","15.3",34.6,15,49.6,"82.169148182","96.025045725",22.8,45.7
"Sewald, Paul",623149,2021,31,"62","64.2",264,239,42,24,7,1,10,104,24,39.4,9.1,".176",".339",".251","0.590",".178",".368",".250",".263",".253",".190",,,,,,,,,,,,,"88.3","21.1",36.3,12.6,40,"76.260119701","94.408798582",36.5,49.9
"Law, Derek",571882,2022,31,"17","19.2",92,79,23,15,5,0,3,17,8,18.5,8.7,".291",".468",".363","0.831",".267",".417",".360",".336",".343",".150",,,,,,,,,,,,,"84.7","7.6",33.8,9.2,29.2,"72.118555","92.837087031",24.2,45.7
"Nola, Aaron",605400,2023,30,"32","193.2",793,741,178,108,35,3,32,202,45,25.5,5.7,".240",".425",".283","0.708",".235",".408",".303",".297",".279",".173","71.6",23.3,15,11.3,31.9,24,"7.5",11,12.2,-6,55,33.5,"89.3","12.7",36.3,8.3,38.5,"78.53543572","94.143390037",26,49.3
"Kremer, Dean",665152,2024,28,"24","129.2",553,493,110,73,19,0,18,123,51,22.2,9.2,".223",".371",".297","0.668",".238",".435",".294",".331",".314",".197","71.5",23.3,13.2,10.3,29.7,23.2,"7.4",13,10.8,-1.8,49.3,31.9,"87.4","15.1",31.1,9.8,35.4,"75.880741892","93.507892033",23.3,46.2
"Cruz, Fernando",518585,2024,34,"69","66.2",288,250,54,30,14,1,9,109,35,37.8,12.2,".216",".388",".314","0.702",".220",".387",".307",".311",".317",".168","71.3",22.1,13.9,9.3,29.9,20.1,"7.6",18,14,-10.9,47.7,31.6,"88.7","13.9",41.3,9.8,44.1,"76.180932429","94.842768058",38.2,46.7
"Blach, Ty",621389,2022,31,"24","44.1",193,175,51,31,14,2,4,29,11,15,5.7,".291",".463",".333","0.796",".269",".412",".338",".314",".316",".143",,,,,,,,,,,,,"87.4","13.6",35.8,6,37.1,"76.0464648","93.528252953",20,49.7
"Lazar, Max",676661,2024,25,"11","13.2",54,52,13,7,4,0,2,9,2,16.7,3.7,".250",".442",".278","0.720",".297",".439",".309",".334",".323",".142","71.3",19.4,18.7,15.1,44,35.5,"7",1,7.9,2.3,53.8,32,"93.6","11.4",41.9,4.7,44.2,"85.313992857","95.554789048",20,49.1
"Bassitt, Chris",605135,2020,31,"11","63.0",261,240,56,35,15,0,6,55,17,21.1,6.5,".233",".371",".288","0.659",".241",".390",".287",".301",".296",".149",,,,,,,,,,,,,"88.2","12.5",28.9,5.9,37.4,"77.390751957","93.869726848",23,46.4
"Zimmer, Kyle",622092,2020,28,"16","23.0",91,80,14,7,7,0,0,26,10,28.6,11,".175",".263",".275","0.538",".210",".288",".248",".274",".305",".078",,,,,,,,,,,,,"88","9.9",31.5,5.6,29.6,"77.921872222","93.15714037",29.8,45.8
"Javier, Cristian",664299,2024,27,"7","34.2",150,129,30,16,9,1,4,27,19,18,12.7,".233",".411",".329","0.740",".232",".410",".324",".329",".331",".178","71.1",19.3,14.6,10.5,42.3,30.4,"7.4",2,14,-6.8,57.3,30.6,"88.9","24.6",41.3,6.7,30.8,"79.767288846","93.250004078",26.3,43.3
"Guerra, Javy",642770,2023,27,"17","19.1",97,72,17,13,2,0,2,14,22,14.4,22.7,".236",".347",".423","0.770",".273",".436",".347",".399",".455",".163","71.7",41.7,20,16.7,40,33.3,"7",0,0.8,8.3,33.3,36.5,"90.5","15.9",39,5.1,39,"80.773494483","94.547139483",21.6,38.4
"Ynoa, Huascar",660623,2021,23,"18","91.0",372,340,76,40,20,2,14,100,25,26.9,6.7,".224",".418",".283","0.701",".242",".428",".299",".315",".300",".187",,,,,,,,,,,,,"90.7","7.7",34.2,9.1,43.6,"79.818385378","95.209587311",28.8,47.6
"Newcomb, Sean",656794,2022,29,"20","27.2",134,115,33,20,5,0,8,28,19,20.9,14.2,".287",".539",".388","0.927",".271",".510",".400",".382",".374",".240",,,,,,,,,,,,,"90.7","18.7",39.1,13.8,46,"81.045046744","94.602391395",20.9,40.8
"Houck, Tanner",656557,2021,25,"18","69.0",285,256,57,43,9,1,4,87,21,30.5,7.4,".223",".313",".296","0.609",".209",".343",".271",".277",".283",".134",,,,,,,,,,,,,"87.2","10",31,8.2,35.1,"75.443559286","93.458621667",30.9,46.7
"Matzek, Tyler",554431,2024,33,"11","10.0",48,45,16,11,1,1,3,10,3,20.8,6.3,".356",".622",".396","1.018",".312",".590",".432",".403",".355",".278","73",33.8,21.7,20,31.7,29.2,"7.4",0,8.5,0,61.5,32,"93.3","11.6",48.6,17.1,51.4,"84.206898333","96.189313714",15.2,51.4
"Pineda, Michael",501381,2020,31,"5","26.2",111,101,25,19,6,0,0,25,7,22.5,6.3,".248",".307",".297","0.604",".230",".336",".269",".283",".286",".106",,,,,,,,,,,,,"86","15.3",30.8,7.7,32.1,"74.187977105","92.929706974",29,53
"Santiago, Héctor",502327,2021,33,"13","26.1",117,105,27,17,8,0,2,30,11,25.6,9.4,".257",".390",".325","0.715",".205",".289",".312",".258",".279",".085",,,,,,,,,,,,,"88.1","12.2",32.9,2.6,38.2,"77.766666842","93.277856711",27.1,50.3
"Suter, Brent",608718,2021,31,"61","73.1",313,286,72,48,14,1,9,69,24,22,7.7,".252",".402",".312","0.714",".236",".380",".307",".295",".297",".144",,,,,,,,,,,,,"85.5","7.6",30.6,5.9,34.7,"72.723467407","93.179919116",21,48.8
"Ort, Kaleb",672391,2022,30,"25","28.1",134,116,35,25,6,0,4,27,15,20.1,11.2,".302",".457",".388","0.845",".265",".468",".366",".357",".359",".203",,,,,,,,,,,,,"91.6","20.5",33.3,8.9,47.8,"81.342844091","95.584617614",28.6,48.2
"Farmer, Buck",571656,2023,32,"71","75.0",309,271,58,29,18,0,11,70,29,22.7,9.4,".214",".402",".296","0.698",".216",".410",".303",".310",".300",".195","70.7",16.9,10.1,6.8,32.4,21.7,"7.5",3,12.6,-6.1,52.7,31.3,"87.8","19.8",28.2,8.7,35,"76.605196569","93.628873498",30.3,47
"Hoeing, Bryan",663773,2022,25,"8","12.2",61,54,19,10,3,1,5,6,5,9.8,8.2,".352",".722",".400","1.122",".319",".640",".467",".430",".376",".321",,,,,,,,,,,,,"91.7","6.1",34,16,50,"82.3654792","95.331622041",12.9,43.4
"Nogosek, Stephen",668665,2022,27,"12","22.0",95,87,20,13,3,0,4,21,7,22.1,7.4,".230",".402",".295","0.697",".238",".412",".306",".313",".302",".174",,,,,,,,,,,,,"89.5","19.4",30.3,7.6,37.9,"79.481473333","93.862249394",22.8,51.2
"Clase, Emmanuel",661403,2023,25,"75","72.2",302,281,68,52,12,0,4,64,16,21.2,5.3,".242",".327",".282","0.609",".232",".359",".265",".273",".274",".127","70.6",16.8,10,7.5,32.5,24.3,"7",3,6.3,5.3,45.3,31.1,"88.4","1.9",29.4,5,37.6,"77.813478692","93.632457477",27.4,53.4
"Gray, Josiah",680686,2021,23,"14","70.2",307,265,63,32,10,2,19,76,33,24.8,10.7,".238",".506",".325","0.831",".212",".456",".348",".324",".303",".244",,,,,,,,,,,,,"88.3","22.1",32.1,12.2,36.2,"76.883864421","94.042946421",30.2,49.4
"Richards, Garrett",572070,2021,33,"40","136.2",617,547,158,101,35,3,19,115,60,18.6,9.7,".289",".468",".361","0.829",".278",".468",".356",".355",".353",".190",,,,,,,,,,,,,"91.1","10.6",34.6,8.5,47.8,"80.140899724","95.493330023",22.5,48.9
"Ortiz, Luis",682847,2022,23,"4","16.0",69,59,8,5,2,0,1,17,10,24.6,14.5,".136",".220",".261","0.481",".179",".290",".230",".271",".300",".111",,,,,,,,,,,,,"86.1","12",26.2,2.4,31,"75.976911","92.14089325",29.8,45.1
"Murfee, Penn",682171,2022,28,"64","69.1",272,250,48,31,9,1,7,76,18,27.9,6.6,".192",".320",".250","0.570",".198",".324",".251",".256",".256",".127",,,,,,,,,,,,,"85.7","19.5",35.8,5.1,30.1,"73.753271591","92.851098571",25,50.1
"Martinez, Nick",607259,2022,31,"47","106.1",448,402,96,62,19,0,15,95,41,21.2,9.2,".239",".398",".315","0.713",".231",".384",".315",".306",".309",".153",,,,,,,,,,,,,"86.5","11.5",30.2,8.1,37,"74.378024902","93.379062721",25.6,47.6
"Beeks, Jalen",656222,2024,30,"71","70.0",312,276,77,60,10,1,6,55,27,17.6,8.7,".279",".388",".346","0.734",".241",".380",".322",".306",".313",".139","71.2",20.1,10.4,8.1,31.5,24.5,"7.2",10,8.1,1.4,45,32.3,"87.2","13.5",30.4,4.8,33,"75.987063153","93.31572095",23.2,47.3
"Assad, Javier",665871,2022,24,"9","37.2",166,146,35,25,5,1,4,30,20,18.1,12,".240",".370",".331","0.701",".255",".401",".314",".331",".345",".146",,,,,,,,,,,,,"87.5","17.8",32.8,5.2,33.6,"75.702806552","93.858200431",23.2,46.2
"Toussaint, Touki",657053,2020,24,"7","24.1",120,98,27,15,4,1,7,30,16,25,13.3,".276",".551",".403","0.954",".261",".510",".407",".391",".392",".249",,,,,,,,,,,,,"89.2","13.2",37.7,13,39.1,"77.025863824","95.070951642",31.9,41.5
"Cobb, Alex",502171,2023,35,"28","151.1",646,600,163,107,33,4,19,131,37,20.3,5.7,".272",".435",".319","0.754",".273",".446",".325",".333",".322",".172","72",24.7,17.2,14,38.8,31.6,"7.3",6,9.8,-0.1,59.4,33.9,"89.8","1.3",33.1,7,43.4,"78.162474979","94.959257569",21.7,44.9
"Gore, MacKenzie",669022,2024,25,"32","166.1",731,649,171,117,36,3,15,181,65,24.8,8.9,".263",".398",".339","0.737",".249",".383",".324",".317",".327",".135","71.7",22.6,9.7,7.1,27.6,20.2,"7.2",23,8.2,1.9,47.2,32.7,"88","13.5",36.2,6.8,38.1,"76.776975684","93.73951438",28.6,50.4
"Pérez, Martín",527048,2021,30,"36","114.0",509,459,136,91,24,2,19,97,36,19.1,7.1,".296",".481",".356","0.837",".276",".472",".358",".355",".341",".197",,,,,,,,,,,,,"88.6","10.2",40.3,9.3,42.2,"77.076907017","94.223236796",19.3,46
"Gibaut, Ian",664139,2020,26,"14","12.1",59,48,11,6,3,0,2,14,9,23.7,15.3,".229",".417",".362","0.779",".264",".461",".345",".376",".391",".197",,,,,,,,,,,,,"90.3","11.3",45.7,5.7,48.6,"80.781551765","94.556801471",27.2,42.7
"Woodruff, Brandon",605540,2021,28,"30","179.1",708,650,130,93,16,3,18,211,43,29.8,6.1,".200",".317",".256","0.573",".223",".355",".252",".280",".278",".132",,,,,,,,,,,,,"86.2","10.6",36,5.8,32.7,"73.412163318","93.487917153",28.2,51.1
"Berríos, José",621244,2023,29,"32","189.2",782,717,173,113,33,2,25,184,52,23.5,6.6,".241",".397",".300","0.697",".257",".441",".302",".327",".315",".184","71.3",20.5,12.1,9.3,34.2,26.3,"7.3",14,9.5,-1.1,49.5,33.7,"88.2","11.8",39.1,8.6,35.8,"77.334530262","93.583561201",25.5,46.5
"Barnes, Matt",598264,2020,30,"24","23.0",102,84,18,13,1,0,4,31,14,30.4,13.7,".214",".369",".337","0.706",".236",".431",".312",".343",".355",".195",,,,,,,,,,,,,"91.3","11.1",32.7,10.9,45.5,"80.889388148","95.42755434",28.6,43.1
"Milner, Hoby",571948,2020,29,"19","13.1",59,52,13,7,1,0,5,13,6,22,10.2,".250",".558",".339","0.897",".253",".543",".377",".372",".341",".290",,,,,,,,,,,,,"88.2","21.1",41,17.9,43.6,"77.0063395","94.156040513",19.8,40.9
"Silseth, Chase",681217,2023,23,"16","52.1",221,193,41,23,9,0,9,56,26,25.3,11.8,".212",".399",".312","0.711",".229",".394",".313",".319",".327",".165","71.7",22.7,19.1,13.9,38.3,27.8,"7.4",6,12.1,-4.1,49.5,33.8,"88.7","8.5",35,10.2,42.3,"77.224657826","94.364685766",27.9,44
"Bubic, Kris",663460,2020,22,"10","50.0",222,198,52,35,8,1,8,49,22,22.1,9.9,".263",".434",".342","0.776",".271",".452",".336",".349",".350",".180",,,,,,,,,,,,,"87.1","11.5",35.6,8.1,36.2,"74.927539315","93.665279658",24.6,44.8
"Leiter Jr., Mark",643410,2022,31,"35","67.2",282,248,52,33,7,2,10,73,25,25.9,8.9,".210",".375",".298","0.673",".231",".394",".296",".311",".317",".163",,,,,,,,,,,,,"87.2","10.4",30.5,6.2,34.5,"75.163586437","93.640648908",29.2,44.2
"Perdomo, Luis",606131,2022,29,"14","23.2",96,92,24,17,3,0,4,12,3,12.5,3.1,".261",".424",".292","0.716",".277",".483",".311",".341",".307",".206",,,,,,,,,,,,,"89.5","2.2",21.3,8.8,51.2,"77.29702175","95.354509",23.4,50.9
"Webb, Jacob",657097,2023,29,"54","53.2",232,196,39,23,8,2,6,57,30,24.6,12.9,".199",".352",".316","0.668",".213",".357",".294",".306",".329",".145","70.7",16.3,9.5,6.5,31.3,21.3,"7.5",8,10,-2.4,44.5,32.8,"88.1","15",32.6,5,39.7,"77.57997","93.502877214",32.2,51.2
"Allen, Logan",671106,2024,25,"20","97.1",432,383,113,62,26,3,22,79,41,18.3,9.5,".295",".551",".367","0.918",".271",".502",".390",".369",".347",".232","71.7",24.5,20.4,16.7,38.2,31.3,"7.3",14,9.5,-1.6,51.2,32.9,"91","13.4",36,11.4,46.4,"80.018277434","95.493760921",21.2,45
"Peralta, Wandy",593974,2021,29,"56","51.0",219,195,49,36,6,1,6,43,21,19.6,9.6,".251",".385",".324","0.709",".237",".377",".309",".309",".315",".141",,,,,,,,,,,,,"85.7","4.7",28.6,7.8,29.8,"73.372657297","92.977123311",32.3,50.1
"Pivetta, Nick",601713,2024,31,"27","145.2",595,554,128,73,23,4,28,172,36,28.9,6.1,".231",".439",".277","0.716",".217",".412",".306",".292",".265",".196","71.4",21.8,11.8,9,30.5,23.4,"7.3",20,11.5,-2.8,55.6,30.9,"89.4","19.4",38.9,10.1,38.9,"79.225758698","93.96201671",25.6,50.3
"Rosenberg, Kenny",670046,2023,27,"7","33.0",146,131,35,25,7,0,3,29,14,19.9,9.6,".267",".389",".342","0.731",".222",".365",".321",".293",".302",".143","71.7",26.6,13.1,10,27.3,21,"7.6",3,14,-7.1,43.2,34.5,"88","16.6",29.4,6.9,30.4,"76.986203725","93.524386373",23.3,47.3
"Hartlieb, Geoff",664129,2020,26,"21","22.1",101,78,16,12,3,0,1,19,19,18.8,18.8,".205",".282",".376","0.658",".223",".316",".314",".340",".396",".092",,,,,,,,,,,,,"88.7","1.8",25,3.3,31.7,"79.266715","93.379659831",24.6,41.8
"Baker, Bryan",641329,2022,27,"66","69.2",291,261,60,47,8,2,3,76,26,26.1,8.9,".230",".310",".306","0.616",".226",".331",".277",".283",".303",".104",,,,,,,,,,,,,"89.8","13.3",31.7,4.8,41.4,"79.815089565","94.194919783",27.3,45
"Heaney, Andrew",571760,2021,30,"30","129.2",558,507,130,72,28,1,29,150,41,26.9,7.3,".256",".487",".317","0.804",".235",".438",".341",".320",".301",".203",,,,,,,,,,,,,"89.3","18.5",33.8,9.4,40.8,"78.778524327","94.070027126",28.3,48.7
"García, Yimi",554340,2021,30,"62","57.2",237,213,49,29,10,2,8,60,18,25.3,7.6,".230",".408",".289","0.697",".247",".465",".290",".321",".305",".218",,,,,,,,,,,,,"89.4","15.4",35.4,8.9,37.3,"79.184455128","94.116920194",26.9,50.5
"Newcomb, Sean",656794,2020,27,"4","13.2",70,60,20,13,3,0,4,10,6,14.3,8.6,".333",".583",".414","0.997",".294",".528",".421",".389",".381",".233",,,,,,,,,,,,,"87.3","15",33.3,9.8,33.3,"77.097252","92.759071",20.3,41
"Brach, Brad",542960,2021,35,"35","30.0",139,118,30,17,8,0,5,33,18,23.7,12.9,".254",".449",".355","0.804",".229",".421",".343",".330",".338",".192",,,,,,,,,,,,,"88.9","14.3",29.9,9.2,35.6,"78.692407907","93.777462907",30,44.4
"Scott, Tanner",656945,2021,26,"62","54.0",251,205,48,37,4,1,6,70,37,27.9,14.7,".234",".351",".363","0.714",".229",".361",".321",".330",".362",".133",,,,,,,,,,,,,"90.1","5.3",33.3,5.1,35.5,"80.394981176","94.086426103",36.8,44
"Sánchez, Cristopher",650911,2023,26,"19","99.1",396,375,88,52,18,2,16,96,16,24.2,4,".235",".421",".271","0.692",".242",".413",".296",".299",".278",".171","72.5",31.5,16.9,12.6,35.9,26.7,"7.6",9,12.2,-5.6,46.2,33.6,"88.8","3.9",31,8.2,40.2,"76.691795396","94.726978195",26.4,48.2
"Ginkel, Kevin",656464,2021,27,"32","28.1",129,112,30,14,8,1,7,31,14,24,10.9,".268",".545",".359","0.904",".240",".456",".383",".346",".335",".215",,,,,,,,,,,,,"86.4","15.7",41.5,13.4,36.6,"74.949648049","93.166717407",25.3,45.5
"Shaw, Bryan",543766,2022,34,"60","58.1",261,230,58,38,11,0,9,52,26,19.9,10,".252",".417",".337","0.754",".255",".425",".332",".335",".340",".171",,,,,,,,,,,,,"90.8","8.3",34.1,6.7,44.1,"80.69907","94.818513989",21.7,47.5
"Staumont, Josh",622251,2024,30,"25","24.1",102,85,17,16,1,0,0,18,14,17.6,13.7,".200",".212",".314","0.526",".248",".326",".252",".325",".360",".078","71.3",22.9,12,9.2,32.5,24.8,"7.1",4,9.6,0.9,48.4,31.2,"86.8","11.8",29,2.9,34.8,"75.405291471","93.140265294",25.9,44
"Anderson, Grant",681982,2023,26,"26","35.2",154,137,38,27,6,0,5,30,14,19.5,9.1,".277",".431",".344","0.775",".231",".412",".334",".312",".307",".181","71.1",19.1,19,16.2,37.9,32.4,"7.3",1,9.4,1.3,57.4,33.1,"86.7","11.5",33,8.3,34.9,"74.248592593","93.587271204",21.4,44.5
"Fried, Max",608331,2024,30,"29","174.1",714,645,146,116,16,1,13,166,57,23.2,8,".226",".315",".295","0.610",".245",".365",".273",".304",".312",".120","71.2",18.9,13.5,10.6,31.1,24.5,"7.2",29,9,0.2,46.7,33.1,"86.3","3",30.4,5,34.6,"73.871292176","93.362715837",24.1,45.9
"Selman, Sam",572125,2022,31,"16","18.1",75,69,16,8,4,0,4,18,5,24,6.7,".232",".464",".293","0.757",".222",".433",".328",".311",".284",".211",,,,,,,,,,,,,"88","17.2",37.3,7.8,37.3,"76.960712692","93.860784118",23.5,46.1
"Kuhl, Chad",641771,2023,30,"16","38.1",187,150,47,26,12,1,8,31,28,16.6,15,".313",".567",".419","0.986",".306",".604",".412",".430",".418",".299",,,,,,,,,,,,,"92.2","17.6",44,12,50.4,"81.778122742","95.868107903",26.6,41
"Barnes, Matt",598264,2023,33,"24","21.1",99,88,25,20,3,0,2,20,10,20.2,10.1,".284",".386",".364","0.750",".275",".400",".330",".332",".356",".125",,,,,,,,,,,,,"89.2","10",30.9,5.9,35.3,"79.249433824","93.670061493",20.8,39.8
"Milner, Hoby",571948,2024,33,"61","64.2",268,244,63,44,11,2,6,64,14,23.9,5.2,".258",".393",".299","0.692",".245",".349",".297",".282",".289",".103","71.2",20.6,16.3,13.6,36.9,30.7,"7.1",8,7.1,2.2,44.2,34.7,"87.7","8.4",30.9,2.7,36.2,"75.77361","93.945962541",19.3,43.2
"Varland, Louis",686973,2024,26,"16","49.2",238,214,68,48,8,0,12,49,16,20.6,6.7,".318",".523",".371","0.894",".281",".473",".382",".356",".342",".191","71.2",21.5,13.5,10.5,33.6,26.1,"7",8,7.6,3.9,49.7,31.8,"90.6","11.1",41.4,8.9,45,"80.289034524","94.924498204",23.2,50.7
"Cobb, Alex",502171,2021,33,"18","93.1",393,354,85,63,15,2,5,98,33,24.9,8.4,".240",".336",".309","0.645",".254",".361",".286",".306",".322",".108",,,,,,,,,,,,,"88.9","3",32.4,4.2,37.5,"77.756744219","94.072406602",26.5,44.7
"Banks, Tanner",621383,2023,31,"32","61.0",255,232,59,32,13,4,10,51,16,20,6.3,".254",".474",".310","0.784",".250",".453",".331",".325",".307",".203","71.1",19.9,15.2,12,36.4,28.7,"7.1",3,6.6,4.8,45,33.2,"90.3","16.9",35.3,9.2,37,"80.889155543","94.06682612",24.8,46.4
"Manning, Matt",666159,2022,24,"12","63.0",263,238,55,42,7,0,6,48,19,18.3,7.2,".231",".336",".285","0.621",".255",".414",".274",".313",".308",".159",,,,,,,,,,,,,"89.1","14.8",32.8,6.2,36.9,"78.289208673","94.128260103",22.4,49.7
"Baker, Bryan",641329,2024,29,"19","23.1",93,85,20,10,6,1,3,23,7,24.7,7.5,".235",".435",".290","0.725",".224",".369",".311",".295",".287",".146","71.3",22.4,16.5,12.8,33.1,25.6,"7.3",2,8.3,2.1,56.4,30.3,"90.6","15.6",28.6,9.5,47.6,"79.233587097","95.776148525",23.9,48.6
"Hoffman, Jeff",656546,2024,31,"68","66.1",265,244,48,31,9,2,6,89,16,33.6,6,".197",".324",".253","0.577",".200",".362",".252",".270",".258",".162","71.2",18.3,13.5,9.3,32.9,22.6,"7.4",18,11.5,-4.4,59,31.8,"88.3","17.3",32.5,7.6,42,"76.330911667","94.532854103",35.3,51.7
"Morton, Charlie",450203,2021,37,"33","185.2",756,669,136,100,17,3,16,216,58,28.6,7.7,".203",".309",".281","0.590",".215",".336",".264",".284",".294",".122",,,,,,,,,,,,,"88.1","7.7",29.9,4.9,32.5,"77.626260088","93.368970396",29.1,46
"Canning, Griffin",656288,2021,25,"14","62.2",277,246,65,37,12,2,14,62,28,22.4,10.1,".264",".500",".341","0.841",".248",".441",".358",".334",".328",".193",,,,,,,,,,,,,"89.6","16.8",32.4,9.2,39.5,"78.812612717","94.456962623",30.3,49.5
"Robles, Hansel",570663,2022,31,"26","24.2",111,96,25,14,6,0,5,21,14,18.9,12.6,".260",".479",".351","0.830",".273",".532",".357",".384",".367",".259",,,,,,,,,,,,,"92.7","13.1",36.8,11.8,50,"83.033123684","96.043510789",24.7,45
"Martin, Brett",656685,2020,25,"15","14.2",61,51,8,4,1,1,2,8,9,13.1,14.8,".157",".333",".279","0.612",".168",".255",".272",".258",".291",".087",,,,,,,,,,,,,"86.9","16.1",22.7,4.5,25,"76.952353636","92.584309535",17.3,49.5
"González, Chi Chi",592346,2022,30,"7","23.0",99,92,28,16,7,0,5,15,7,15.2,7.1,".304",".543",".354","0.897",".291",".543",".385",".378",".341",".252",,,,,,,,,,,,,"88.7","12.6",36.4,9.1,40.3,"77.625934615","94.250635974",14.4,44.4
"Fernandez, Ryan",681676,2024,26,"62","66.2",285,246,58,43,8,3,4,71,32,24.9,11.2,".236",".341",".325","0.666",".219",".327",".291",".294",".317",".108","71.5",23.9,12,8.5,31.8,22.5,"7.5",14,11.8,-3.7,49.6,31.9,"89","10.4",35.6,7.2,33.9,"78.88783427","93.727534407",31.5,47.9
"López, Reynaldo",625643,2023,29,"68","66.0",278,241,50,36,5,1,8,83,34,29.9,12.2,".207",".336",".307","0.643",".213",".385",".286",".308",".314",".172","71.3",22.5,10,7.2,24,17.2,"7.1",5,7.1,4.4,39.7,32.1,"88.1","14.3",33.3,9.4,38.4,"76.320518974","93.973551154",30.5,51.2
"Minor, Mike",501985,2020,32,"12","56.2",239,217,50,32,7,0,11,62,20,25.9,8.4,".230",".415",".297","0.712",".234",".436",".307",".317",".301",".201",,,,,,,,,,,,,"87.5","17.6",36.5,10.3,40.4,"75.572587564","93.83100891",27.2,46.6
"Ashby, Aaron",676879,2022,24,"27","107.1",475,418,106,70,19,2,15,126,47,26.5,9.9,".254",".416",".335","0.751",".221",".362",".331",".301",".309",".141",,,,,,,,,,,,,"87.1","2",29.7,6.8,34.1,"75.461462937","93.371900351",29.6,44.2
"Luzardo, Jesús",666200,2022,24,"18","100.1",400,361,69,39,18,2,10,120,35,30,8.8,".191",".335",".266","0.601",".219",".366",".267",".291",".291",".147",,,,,,,,,,,,,"89","13.2",34.2,6.6,39.1,"78.398770331","93.928298506",31.7,45.9
"Littell, Zack",641793,2022,26,"39","44.1",190,174,48,29,10,1,8,39,13,20.5,6.8,".276",".483",".326","0.809",".224",".406",".348",".303",".282",".183",,,,,,,,,,,,,"88","13.7",29.2,8,37.2,"76.9443825","93.577419412",27.7,52.4
"Garcia, Robert",676395,2023,27,"25","32.0",127,111,26,21,2,0,3,33,12,26,9.4,".234",".333",".306","0.639",".241",".362",".279",".293",".312",".122","71.3",18.2,10.1,7.6,22.3,16.9,"7.3",1,7.8,2.1,50.8,32.8,"85.1","13.8",29.6,3.7,30.9,"72.084018205","93.082525769",24.3,50.4
"Kershaw, Clayton",477132,2020,32,"10","58.1",221,211,41,22,10,1,8,62,8,28.1,3.6,".194",".365",".226","0.591",".215",".383",".251",".271",".246",".168",,,,,,,,,,,,,"87.8","7.9",29.3,8,34,"76.446133784","93.625258243",27.8,49.8
"Cueto, Johnny",456501,2024,38,"2","11.1",50,47,14,5,4,1,4,6,3,12,6,".298",".681",".340","1.021",".349",".735",".420",".470",".388",".386","71.3",15.7,28.3,24.3,53.3,45.7,"7.2",0,10.4,-1.6,45.7,32.2,"93.9","13",36.6,17.1,56.1,"84.432320952","96.881684634",14.1,46.7
"Chavez, Jesse",445926,2021,37,"30","33.2",133,120,23,15,7,1,0,36,11,27.1,8.3,".192",".267",".256","0.523",".208",".350",".230",".271",".272",".142",,,,,,,,,,,,,"90.9","10.4",29.1,5.8,41.9,"81.715616279","94.567272326",17.7,43.9
"Wittgren, Nick",621295,2021,30,"60","62.1",258,234,61,35,12,1,13,61,17,23.6,6.6,".261",".487",".313","0.800",".278",".506",".331",".349",".329",".229",,,,,,,,,,,,,"91.9","8.6",36,11.8,51.1,"81.643938864","95.875288864",26.3,46.4
"Williams, Gavin",668909,2023,23,"16","82.0",345,302,66,39,17,2,8,81,37,23.5,10.7,".219",".368",".310","0.678",".241",".385",".299",".317",".331",".144","71.1",17.2,10.8,7.9,28.8,20.9,"7.2",9,9.4,1.3,42.4,32.4,"88","14.6",34.1,5.4,38.6,"76.800011518","93.71581704",27.8,47.5
"Bickford, Phil",641360,2022,26,"60","61.0",247,227,53,28,13,0,12,67,14,27.1,5.7,".233",".449",".279","0.728",".206",".406",".312",".288",".258",".200",,,,,,,,,,,,,"88.8","18.4",28,11.6,34.8,"77.695345443","94.015776266",25.1,50.6
"Henry, Tommy",674072,2024,26,"9","38.1",182,157,49,26,12,2,9,30,18,16.5,9.9,".312",".586",".392","0.978",".285",".520",".414",".385",".371",".235","72.7",31.9,16.6,14,33.6,28.4,"7.5",1,10.8,-1.5,56.4,33.6,"91.3","13.1",34.6,11.5,46.2,"81.22754","95.232340698",16.7,46.7
"Lucas, Easton",687922,2024,27,"8","11.2",61,50,17,13,2,1,1,10,9,16.4,14.8,".340",".480",".443","0.923",".258",".379",".402",".348",".381",".121","71.1",21.5,5.6,4.7,26.7,22.4,"7",1,6.8,1.9,52.3,30.5,"89.3","16.2",31.7,4.9,36.6,"81.069998095","93.235831951",16.3,50
"López, Yoan",661255,2021,28,"13","12.1",61,54,18,10,4,1,3,13,6,21.3,9.8,".333",".611",".393","1.004",".296",".533",".409",".383",".369",".238",,,,,,,,,,,,,"91.7","10.5",35.7,14.3,38.1,"84.030573333","94.228523333",28.3,46
"Bumgarner, Madison",518516,2022,32,"30","158.2",698,637,179,101,50,3,25,112,49,16,7,".281",".487",".340","0.827",".276",".512",".357",".365",".337",".236",,,,,,,,,,,,,"90.3","16.8",37.7,9.8,43.2,"79.789796","94.764788192",18.2,48.4
"Peralta, Wandy",593974,2022,30,"56","56.1",223,202,42,35,5,0,2,47,17,21.1,7.6,".208",".262",".271","0.533",".212",".299",".241",".258",".277",".088",,,,,,,,,,,,,"85.5","7.6",23.4,4.4,31.6,"73.066910133","92.9953696",33.9,51.3
"Hernández, Jonathan",642546,2024,27,"29","43.1",192,160,41,26,8,1,6,39,28,20.3,14.6,".256",".431",".366","0.797",".239",".408",".348",".337",".353",".169","71.5",24.3,13.2,9.5,30.7,22.1,"7.7",9,13.5,-8.7,52.4,34.6,"89.2","6.9",33.9,8.9,39.5,"78.601073871","94.181991138",30.1,46.7
"Kirby, George",669923,2024,26,"33","191.0",778,740,181,118,38,3,22,179,23,23,3,".245",".393",".272","0.665",".232",".403",".287",".290",".263",".171","71.1",19.2,11.3,8.9,31.6,24.7,"7.1",36,7.7,2.6,51.5,30.9,"89","14.8",30.5,8.1,36.3,"78.774593274","93.753520357",24.1,53.4
"Scott, Tayler",605463,2023,31,"18","17.2",88,74,23,10,10,0,3,17,10,19.3,11.4,".311",".568",".409","0.977",".240",".463",".407",".349",".352",".224","71.2",13.2,17.5,13.2,42.1,31.6,"7.5",1,8.2,-0.7,38.2,33,"91.5","12.9",36.2,12.1,48.3,"81.705018966","95.512421724",24.7,45.6
"Workman, Brandon",519443,2021,32,"29","28.0",136,115,36,25,6,1,4,25,21,18.4,15.4,".313",".487",".419","0.906",".307",".510",".389",".397",".414",".203",,,,,,,,,,,,,"93.1","7.8",40,11.1,53.3,"84.304886136","96.209596818",24.2,40.2
"Castro, Kervin",665645,2021,22,"10","13.1",56,50,13,11,2,0,0,13,4,23.2,7.1,".260",".300",".309","0.609",".240",".387",".263",".304",".307",".147",,,,,,,,,,,,,"87.5","16.3",33.3,10.3,28.2,"77.859984211","92.555722105",31.6,48.8
"Thornton, Trent",663423,2024,30,"71","72.1",294,265,63,38,16,1,8,77,19,26.2,6.5,".238",".396",".299","0.695",".227",".361",".302",".291",".291",".134","71",16.2,11.5,8.9,31.3,24.1,"7.3",19,9.3,-2.4,53.2,31.8,"87.9","16.2",31.1,7.8,37.3,"76.988763723","93.50760367",27.3,50.6
"Sheehan, Emmet",686218,2023,23,"13","60.1",248,219,46,24,10,1,11,64,26,25.8,10.5,".210",".416",".294","0.710",".181",".381",".307",".288",".271",".200","71.7",21.5,10.8,7.4,28.2,19.3,"7.2",0,10.9,-4.2,45.3,31.5,"89.7","20.8",34.4,10.8,42,"79.762933165","93.986124459",29.6,51.5
"Beeks, Jalen",656222,2023,29,"30","42.1",192,167,42,28,10,0,4,47,21,24.5,10.9,".251",".383",".335","0.718",".209",".334",".317",".293",".302",".125","71.7",17.1,7.4,4.9,33.3,22,"7.2",0,8.9,3.1,43.9,32.5,"88.3","10.2",32.5,7.3,35,"77.9836","93.43205",31,46.4
"de Geus, Brett",676969,2024,26,"13","11.1",52,44,14,9,4,1,0,7,4,13.5,7.7,".318",".455",".412","0.867",".274",".379",".382",".340",".373",".106","70.1",16.4,10,8.2,30,24.7,"7",0,4.6,3.4,24.7,33.4,"86.4","5.3",42.1,2.6,34.2,"74.838280526","93.196867297",18.4,44.8
"Chargois, JT",608638,2023,32,"46","42.1",174,151,35,19,13,0,3,35,18,20.1,10.3,".232",".377",".308","0.685",".226",".367",".297",".295",".306",".140","71.6",21.5,12,9.9,37,30.6,"7.2",3,9,-0.6,55.4,34.5,"87.7","4.2",34.5,4.2,34.5,"76.889727069","93.315827241",20.3,40
"Kinley, Tyler",641755,2021,30,"70","70.1",295,264,59,34,9,4,12,68,26,23.1,8.8,".223",".424",".296","0.720",".231",".399",".308",".306",".303",".168",,,,,,,,,,,,,"89.2","18",32.7,6.5,35.7,"79.284348081","93.722428985",29.2,51.3
"Gibson, Kyle",502043,2021,33,"31","182.0",754,675,158,107,32,2,17,155,64,20.6,8.5,".234",".363",".306","0.669",".238",".370",".293",".302",".311",".132",,,,,,,,,,,,,"88.8","7.4",30.6,4.9,39.1,"78.008978053","93.968936756",25.2,44.8
"Pineda, Michael",501381,2022,33,"11","46.2",200,191,58,34,9,2,13,26,8,13,4,".304",".576",".330","0.906",".304",".585",".385",".386",".331",".281",,,,,,,,,,,,,"91.8","16",34.9,10.2,44,"82.681716024","95.003139639",17.5,50.1
"De Jesus, Angel",669804,2022,25,"8","12.2",54,48,9,6,1,0,2,7,4,13,7.4,".188",".333",".278","0.611",".255",".441",".276",".342",".337",".187",,,,,,,,,,,,,"92","19.7",34.1,7.3,53.7,"81.934670952","96.163964634",19.8,47.4
"Aguiar, Julian",687924,2024,23,"7","31.2",140,123,30,16,6,0,8,19,12,13.6,8.6,".244",".488",".336","0.824",".228",".462",".354",".340",".322",".233","72.3",29.8,13.9,11.4,30.3,24.9,"7.3",1,9.5,-1.1,46.9,32.9,"88.9","18",31.7,11.5,35.6,"77.876400196","94.014541373",18.6,49.6
"Veneziano, Anthony",685107,2024,26,"12","13.1",58,52,16,10,4,1,1,14,3,24.1,5.2,".308",".481",".345","0.826",".262",".415",".349",".317",".308",".153","70.7",18.3,13.1,9.6,36.9,27,"7.1",4,9.5,0.1,48.7,33.8,"93.4","17.6",35,5,50,"85.5672635","95.46799375",27.7,53.7
"Giolito, Lucas",608337,2021,26,"31","178.2",719,662,145,87,27,4,27,201,51,28,7.1,".219",".394",".276","0.670",".218",".369",".288",".281",".275",".151",,,,,,,,,,,,,"87.7","18.3",37.4,6.7,34.2,"76.832555895","93.323217926",32.2,50.5
"Morejon, Adrian",670970,2024,25,"60","63.2",272,246,63,40,17,2,4,71,21,26.1,7.7,".256",".390",".314","0.704",".221",".349",".304",".286",".285",".129","71",18.7,10.1,7.4,28.4,21,"7.2",11,7.6,1.5,50.4,31.5,"86.6","7.1",31.8,8.4,32.4,"74.824847865","93.308896384",27.3,52.1
"Reyes, Denyi",660593,2023,26,"9","19.2",90,81,25,18,3,1,3,17,8,18.9,8.9,".309",".481",".378","0.859",".281",".438",".372",".347",".354",".157","72.7",34.2,9.3,7.2,23.3,18,"7.6",0,15.7,-10.3,54.1,32,"86.1","12.3",40.6,7.8,34.4,"73.9958475","93.202508095",23.4,52.7
"Plesac, Zach",668676,2023,28,"5","21.1",105,99,37,23,11,0,3,14,5,13.3,4.8,".374",".576",".404","0.980",".299",".508",".418",".359",".333",".210",,,,,,,,,,,,,"91.7","8.9",30.2,8.1,43,"81.267934762","95.446203929",19.4,54.3
"Ottavino, Adam",493603,2022,36,"66","65.2",258,235,48,34,6,2,6,79,16,30.6,6.2,".204",".323",".267","0.590",".188",".282",".260",".240",".254",".094",,,,,,,,,,,,,"84.8","7.7",29.7,3.2,29.7,"72.73135359","92.451776859",29.8,44.1
"Cruz, Steven",674444,2023,24,"10","12.2",62,50,11,5,4,1,1,15,11,24.2,17.7,".220",".400",".371","0.771",".194",".370",".344",".327",".350",".176","71.6",17.1,15.9,12.2,36.5,28,"7.2",4,8.8,2.4,50,32.6,"92.7","15.8",25.7,8.6,54.3,"84.021717778","95.616982571",25.3,40.6
"Pressly, Ryan",519151,2024,35,"59","56.2",244,220,58,37,17,0,4,58,18,23.8,7.4,".264",".395",".322","0.717",".238",".405",".314",".310",".300",".167","71.7",22.1,14,10.5,33.1,24.8,"7.4",5,11.9,-3.8,55,32.6,"89.8","6.2",37,7.9,41.8,"78.834511585","94.583014817",26.9,50.3
"Pomeranz, Drew",519141,2020,31,"20","18.2",73,62,9,8,0,0,1,29,10,39.7,13.7,".145",".194",".260","0.454",".118",".195",".220",".209",".238",".076",,,,,,,,,,,,,"86.7","15.9",5.9,2.9,29.4,"77.088044118","92.266657647",34.7,46.4
"Steele, Justin",657006,2022,26,"24","119.0",512,454,111,85,17,1,8,126,50,24.6,9.8,".244",".339",".321","0.660",".238",".346",".296",".298",".317",".109",,,,,,,,,,,,,"87.1","7.5",31,3.9,33.7,"76.154969451","93.104023578",24,47.3
"Weems, Jordan",607179,2020,27,"9","14.0",58,50,10,7,2,0,1,18,7,31,12.1,".200",".300",".293","0.593",".221",".392",".268",".309",".313",".171",,,,,,,,,,,,,"90","20.3",39.4,12.1,33.3,"81.312122","93.520011",32.3,43.2
"Brown, Hunter",686613,2024,25,"31","170.0",712,645,156,120,16,2,18,179,60,25.1,8.4,".242",".357",".310","0.667",".223",".339",".296",".286",".295",".115","71.4",22.3,10,7.6,28.7,21.9,"7",25,7.6,4.2,49.1,31.6,"86.2","9.6",28,4.5,30.3,"74.687517768","92.855098176",25.1,46.3
"Wheeler, Zack",554430,2021,31,"32","213.1",849,785,169,121,29,3,16,247,46,29.1,5.4,".215",".321",".265","0.586",".213",".319",".257",".259",".263",".106",,,,,,,,,,,,,"84.6","8.4",31.2,4.6,28.5,"71.902242948","92.688965373",26.8,51.9
"Jiménez, Joe",641729,2023,28,"59","56.1",238,219,51,29,12,1,9,73,14,30.7,5.9,".233",".420",".284","0.704",".224",".420",".302",".301",".279",".197","71.7",20.9,13.7,9.6,32.3,22.6,"7.4",6,11.6,-4.8,56.5,31.9,"91.1","19.5",40.9,11.4,45,"80.989682568","95.213340748",32.2,51.1
"Tanaka, Masahiro",547888,2020,31,"10","48.0",197,187,48,30,8,1,9,44,8,22.3,4.1,".257",".455",".294","0.749",".244",".437",".319",".309",".283",".193",,,,,,,,,,,,,"88.5","12.9",32.9,9.1,37.1,"77.732469143","93.627920643",29.7,51.6
"Mikolas, Miles",571945,2021,32,"9","44.2",186,170,43,29,8,0,6,31,11,16.7,5.9,".253",".406",".304","0.710",".259",".425",".307",".323",".312",".166",,,,,,,,,,,,,"87.7","9.8",28.2,7.7,37.3,"76.763246286","93.463295571",17.3,48.8
"Smith, Will",519293,2024,34,"45","41.1",186,165,45,27,11,0,7,29,15,15.6,8.1,".273",".467",".342","0.809",".278",".484",".347",".358",".348",".206","71.4",22.9,14.1,11.5,34.1,27.7,"7.6",6,13.5,-8,51.4,33,"87","18",40.3,8.6,30.9,"75.807624348","93.165260584",23.7,47
"Blach, Ty",621389,2023,32,"20","78.0",352,315,104,71,16,2,15,50,24,14.2,6.8,".330",".537",".381","0.918",".327",".549",".389",".399",".382",".222","72.5",30.9,18.2,15.6,34.5,29.5,"7.3",8,8.8,-1.4,49.5,34.5,"90.1","13.2",41.9,11,43.4,"78.337754925","95.196757079",15.3,49.2
"O'Day, Darren",503285,2020,37,"19","16.1",67,59,8,6,1,0,1,22,5,32.8,7.5,".136",".203",".239","0.442",".183",".262",".212",".253",".280",".079",,,,,,,,,,,,,"83.9","18.6",35.1,2.7,21.6,"72.799139474","91.74131",32.5,46
"Gallegos, Giovanny",606149,2022,30,"57","59.0",235,213,42,25,10,1,6,73,18,31.1,7.7,".197",".338",".256","0.594",".193",".372",".259",".272",".255",".179",,,,,,,,,,,,,"89.8","24",33.3,9,35.4,"80.07317662","93.89620162",34.8,52.3
"Wacha, Michael",608379,2023,31,"24","134.1",553,505,113,65,32,1,15,124,43,22.4,7.8,".224",".380",".288","0.668",".246",".427",".291",".319",".308",".181","71.2",20.7,14.7,11,33.5,25.2,"7.5",2,13.8,-7,45,33.3,"88.1","18.5",38.6,7.3,35.5,"77.384295812","93.517212696",24.6,47.9
"Loup, Aaron",571901,2022,34,"65","58.2",260,230,54,36,14,0,4,52,22,20,8.5,".235",".348",".323","0.671",".255",".401",".298",".326",".341",".146",,,,,,,,,,,,,"88","6.5",35.4,5.6,34.3,"76.61476125","93.762443257",24.3,49
"Duffy, Danny",518633,2021,32,"13","61.0",252,230,52,36,8,2,6,65,22,25.8,8.7,".226",".357",".294","0.651",".241",".415",".284",".313",".308",".174",,,,,,,,,,,,,"89.5","17.7",39.4,6.7,40.6,"78.818431205","94.338194667",29.1,48.7
"Pop, Zach",647315,2022,25,"35","39.0",157,151,41,33,6,0,2,25,4,15.9,2.5,".272",".351",".299","0.650",".256",".377",".287",".290",".284",".121",,,,,,,,,,,,,"88.2","1.3",29.4,5.6,45.2,"76.306003175","94.3148048",18.5,51.3
"Manning, Matt",666159,2024,26,"5","27.2",123,108,31,23,4,1,3,23,12,18.7,9.8,".287",".426",".350","0.776",".264",".428",".336",".333",".333",".164","71.2",23.1,13.8,10.8,34.5,26.9,"7.2",5,8.2,1.4,50.5,32.9,"88.1","21.1",36.4,9.1,35.2,"77.425987727","93.351234432",23.6,49.3
"Dunning, Dane",641540,2021,26,"27","117.2",511,459,126,83,29,1,13,114,43,22.3,8.4,".275",".427",".345","0.772",".259",".420",".336",".331",".332",".161",,,,,,,,,,,,,"89.2","6.7",31.4,8.1,43.5,"77.886593699","94.650115246",23.2,46.3
"Funkhouser, Kyle",608335,2021,27,"57","68.1",298,253,58,45,4,3,6,63,38,21.1,12.8,".229",".340",".334","0.674",".232",".352",".303",".314",".338",".120",,,,,,,,,,,,,"87.5","7.2",25.8,4.6,36.6,"75.443123789","93.843491316",26.4,44.3
"Mahle, Tyler",641816,2024,29,"3","12.2",56,50,14,10,2,1,1,10,4,17.9,7.1,".280",".420",".339","0.759",".251",".385",".329",".313",".318",".135","71.8",33,9.2,6.8,30.8,22.7,"7.2",2,12.2,-4,65.9,31.2,"88.8","16.3",29.3,4.9,34.1,"77.7512375","94.04452775",25.2,48.5
"Yarbrough, Ryan",642232,2024,32,"44","98.2",398,348,70,49,10,0,11,65,32,16.3,8,".201",".325",".289","0.614",".243",".395",".273",".322",".329",".152","70.9",18.7,12.9,10.1,33.7,26.4,"7.3",6,10.5,-4.2,44.6,33.1,"86","14.3",33.6,6.2,29.4,"74.845336738","92.615066512",21.1,47.4
"Irvin, Cole",608344,2021,27,"32","178.1",768,710,195,136,35,1,23,125,42,16.3,5.5,".275",".424",".322","0.746",".277",".451",".323",".338",".326",".174",,,,,,,,,,,,,"89.3","16.2",35.9,7.3,39.3,"78.890512423","94.048238838",19.5,52
"Clase, Emmanuel",661403,2022,24,"77","72.2",271,258,43,34,6,0,3,77,10,28.4,3.7,".167",".225",".200","0.425",".197",".279",".187",".222",".229",".082",,,,,,,,,,,,,"86.3","0.3",29.5,2.2,32.2,"75.001143371","92.830184859",30.1,61.2
"Rom, Drew",680723,2023,23,"8","33.2",170,150,51,27,14,3,7,32,19,18.8,11.2,".340",".613",".412","1.025",".273",".520",".431",".372",".352",".248","71.6",22,18.7,15.7,36.9,31,"7.1",2,6.5,3.3,47.4,31.5,"91.3","13.7",37,12.6,45.4,"80.754740667","95.463336891",18.4,43.7
"Swanson, Erik",657024,2022,28,"57","53.2",206,193,39,28,8,0,3,70,10,34,4.9,".202",".290",".245","0.535",".198",".303",".236",".239",".242",".104",,,,,,,,,,,,,"85","20.3",37.6,6.4,30.4,"73.140587903","92.521567967",29.4,53.4
"Sammons, Bryan",676614,2024,29,"6","27.1",104,94,16,8,2,0,6,18,9,17.3,8.7,".170",".383",".250","0.633",".214",".474",".277",".328",".289",".261","71.3",24.6,10.3,8,32.4,25.1,"7.4",1,11.4,-7.5,53.1,31.8,"87.4","27",36.8,9.2,31.6,"77.304880789","92.844556533",23.3,50.5
"Hancock, Emerson",676106,2024,25,"12","60.2",266,239,62,41,7,2,12,39,19,14.7,7.1,".259",".456",".327","0.783",".287",".500",".339",".372",".356",".213","72.1",26.2,16,12.6,34.4,27.1,"7.3",5,9.2,0.1,48.6,32.6,"88.5","16.5",39.6,9.9,46,"76.538445842","94.375983366",21.9,50
"Turley, Nik",543867,2020,30,"25","21.2",92,75,13,6,6,0,1,20,11,21.7,12,".173",".293",".293","0.586",".212",".337",".262",".298",".329",".126",,,,,,,,,,,,,"89.1","18.7",29.3,5.2,34.5,"79.688613214","93.374907273",25.8,42.6
"Lee, Dylan",669276,2022,27,"46","50.2",201,189,40,29,6,0,5,59,10,29.4,5,".212",".323",".249","0.572",".207",".340",".249",".255",".246",".134",,,,,,,,,,,,,"88.6","18.1",34.1,5.3,37.9,"77.768531231","93.747550462",35.5,56.8
"Ginkel, Kevin",656464,2022,28,"30","29.1",124,111,27,19,7,0,1,30,11,24.2,8.9,".243",".333",".315","0.648",".208",".321",".290",".271",".283",".113",,,,,,,,,,,,,"89","8.6",26.8,4.9,32.9,"79.127680732","93.494308659",26.9,45.7
"Díaz, Alexis",664747,2023,26,"71","67.1",286,236,44,30,10,0,4,86,36,30.1,12.6,".186",".280",".317","0.597",".190",".297",".279",".288",".322",".107","71.1",23.9,11.9,8.5,33.6,23.9,"7.4",9,10.7,-4.5,48.3,33.6,"89.8","18",29.2,6.5,41.6,"79.712143514","94.261263986",34.8,47
"Englert, Mason",669438,2024,24,"12","21.2",93,87,23,9,9,1,4,16,5,17.2,5.4,".264",".529",".312","0.841",".271",".534",".353",".361",".318",".263","71.7",20.7,18.1,13.6,33.9,25.4,"7.6",3,14.8,-9.1,51.5,32,"89.9","18",35.2,14.1,47.9,"78.232894","95.296691429",27.4,52.1
"Lorenzen, Michael",547179,2021,29,"27","29.0",125,108,26,19,5,0,2,21,14,16.8,11.2,".241",".343",".331","0.674",".246",".354",".301",".309",".335",".108",,,,,,,,,,,,,"88.5","9.7",31.5,3.4,42.7,"77.5633","93.976786207",26.8,48
"Gallen, Zac",668678,2023,27,"34","210.0",846,790,188,121,42,3,22,220,47,26,5.6,".238",".382",".284","0.666",".250",".435",".289",".315",".296",".184","72.1",26.9,17,13.6,38.8,31,"7.3",11,10.3,-1.4,53.1,32.8,"91.5","12.3",36.4,9.2,46.2,"82.024994196","95.003873538",26.4,47.2
"Lowther, Zac",675912,2021,25,"10","29.2",138,121,36,24,6,0,6,30,13,21.7,9.4,".298",".496",".384","0.880",".286",".556",".380",".398",".374",".270",,,,,,,,,,,,,"92.7","11.7",35.2,13.2,52.7,"82.774363261","96.284158352",24.9,43.6
"Ragans, Cole",666142,2024,26,"32","186.1",762,685,146,96,32,3,15,223,67,29.3,8.8,".213",".334",".289","0.623",".213",".344",".277",".284",".290",".130","71.6",22.8,10.3,7,27.8,19,"7.4",17,11.2,-4.9,46.1,32.4,"88.3","15.2",31.8,6.2,35.4,"77.675891223","93.553010853",32,48.9
"King, Michael",650633,2024,29,"31","173.2",726,653,144,98,27,2,17,201,63,27.7,8.7,".221",".346",".296","0.642",".223",".364",".284",".295",".298",".141","71.5",22.6,9.1,6.6,25.2,18.1,"7.4",23,11.9,-4.7,48.7,32.6,"85.7","13.8",35.2,6.2,30.3,"73.981359732","92.671656987",29.3,45.4
"Wesneski, Hayden",669713,2022,24,"6","33.0",132,121,24,15,6,0,3,33,7,25,5.3,".198",".322",".258","0.580",".179",".271",".258",".232",".240",".092",,,,,,,,,,,,,"84.5","14",23.6,4.5,27,"72.602347727","92.381032184",25.7,51.1
"Plesac, Zach",668676,2022,27,"25","131.2",568,524,136,87,30,0,19,100,38,17.6,6.7,".260",".426",".315","0.741",".275",".490",".324",".354",".330",".215",,,,,,,,,,,,,"89.5","13",37.6,9.6,41.5,"78.809965782","94.240411663",22,51.5
"Lauer, Eric",641778,2022,27,"29","158.2",661,592,135,84,21,3,27,157,59,23.8,8.9,".228",".410",".298","0.708",".240",".415",".310",".318",".311",".175",,,,,,,,,,,,,"88.8","17.7",35.8,8,38,"78.142811567","93.894195219",24.2,46.6
"Bumgarner, Madison",518516,2021,31,"26","146.1",613,553,134,75,33,2,24,124,39,20.2,6.4,".242",".439",".302","0.741",".241",".437",".315",".319",".303",".196",,,,,,,,,,,,,"88.8","18.5",38,7.5,38.5,"78.472563241","93.804930325",21.7,49
"Garrett, Braxton",666129,2024,26,"7","37.0",161,152,40,27,8,0,5,34,4,21.1,2.5,".263",".414",".304","0.718",".264",".450",".313",".327",".305",".186","72.4",28.5,23.2,18.9,38.9,31.7,"7.5",8,11.3,-3.9,54.2,33.8,"92.3","9",31.4,8.5,48.3,"82.180876441","96.042057521",21.8,47.6
"Thorpe, Lewis",626929,2021,25,"5","15.1",66,59,14,9,3,0,2,6,7,9.1,10.6,".237",".390",".318","0.708",".264",".415",".310",".337",".342",".150",,,,,,,,,,,,,"88.7","8.2",28.3,7.5,47.2,"76.511675185","95.126041887",13.7,46.6
"Castillo, Max",666721,2022,23,"14","39.1",170,151,38,26,2,2,8,37,15,21.8,8.8,".252",".450",".325","0.775",".249",".445",".338",".338",".327",".196",,,,,,,,,,,,,"90.7","11.5",32.8,10.3,45.7,"80.102649298","95.078796195",24,46.6
"Richards, Trevor",670950,2023,30,"56","72.2",315,276,63,36,13,1,13,105,35,33.3,11.1,".228",".424",".317","0.741",".198",".373",".318",".293",".294",".176","70.7",17.4,13.8,9.4,35.2,23.9,"7.6",9,13.2,-11.3,46,31.5,"88.5","17.3",38.7,10.4,37.6,"77.59265093","93.89933936",37,47.6
"Clippard, Tyler",461325,2020,35,"26","26.0",98,94,19,13,4,0,2,26,4,26.5,4.1,".202",".309",".235","0.544",".210",".394",".237",".273",".242",".184",,,,,,,,,,,,,"86.5","23.1",39.7,8.8,27.9,"76.742567059","92.112438676",28,46.4
"May, Dustin",669160,2021,23,"5","23.0",92,86,16,10,2,0,4,35,5,38,5.4,".186",".349",".239","0.588",".200",".358",".255",".268",".252",".159",,,,,,,,,,,,,"89","2.6",33.3,7.8,39.2,"77.2343888","94.4878914",31.6,46.5
"Selman, Sam",572125,2020,29,"24","19.1",82,70,13,9,1,1,2,23,9,28,11,".186",".314",".296","0.610",".192",".271",".277",".269",".301",".079",,,,,,,,,,,,,"85.1","21",25,4.2,20.8,"76.68034375","91.021658936",29.7,41
"Suárez, Andrew",605498,2023,30,"13","27.2",130,115,33,17,8,1,7,17,15,13.1,11.5,".287",".557",".369","0.926",".273",".493",".392",".366",".357",".220","71.2",21.1,14,11.3,38.4,31,"7.2",3,9.9,-1,51.6,31.9,"90.4","15.9",29.6,8.2,41.8,"79.878209184","94.945976939",19.4,46.4
"Blewett, Scott",656240,2024,28,"12","20.1",85,76,17,10,5,0,2,18,8,21.2,9.4,".224",".368",".306","0.674",".239",".391",".290",".307",".319",".153","71.4",24.8,16.3,12.1,38.5,28.4,"7.3",3,10.5,-2.4,51.8,31.6,"91.9","14.3",27.6,8.6,46.6,"82.342848966","95.382558966",25.7,52.4
"Speier, Gabe",642100,2022,27,"17","19.1",77,71,16,12,1,1,2,14,5,18.2,6.5,".225",".352",".273","0.625",".199",".334",".273",".256",".250",".135",,,,,,,,,,,,,"88","14.9",34.5,3.4,32.8,"78.591075172","92.818702807",20.1,45
"Rogers, Tyler",643511,2024,33,"77","70.1",290,273,67,46,14,0,7,51,6,17.6,2.1,".245",".374",".278","0.652",".237",".348",".281",".276",".273",".111","70.1",14.9,13.7,11.3,31,25.5,"6.9",4,3.3,5.6,32.5,34.1,"85.2","7.5",24.9,4.4,31.1,"73.039023304","92.704925759",18.6,53
"Thielbar, Caleb",573204,2023,36,"36","30.2",120,113,23,10,5,1,7,36,6,30,5,".204",".451",".244","0.695",".220",".427",".293",".293",".259",".208","71.9",26.5,12.6,9.6,27.2,20.6,"7.2",1,9.4,-2.7,56.6,30.9,"88.6","20.4",37.2,11.5,35.9,"77.961406667","93.743461948",24.1,50.1
"Cole, Gerrit",543037,2023,32,"33","209.0",821,761,157,110,26,1,20,222,48,27,5.8,".206",".322",".259","0.581",".229",".380",".256",".288",".281",".151","71.5",20.9,11,8.3,29.7,22.5,"7.2",11,9.3,-0.1,54,30.4,"89.2","14.8",33.7,7.6,39.2,"78.703162612","93.996080634",26.2,50.1
"Gomber, Austin",596295,2024,30,"30","165.0",696,653,178,105,39,4,30,116,38,16.7,5.5,".273",".482",".312","0.794",".275",".501",".339",".350",".315",".226","72",24.6,17,13.6,37.1,29.7,"7.5",4,11.2,-3.4,49.8,33,"90.2","15",37.7,9.6,41.2,"80.036265299","94.432492071",19.9,48.3
"Pagán, Emilio",641941,2020,29,"22","22.0",87,77,14,8,1,1,4,23,9,26.4,10.3,".182",".377",".264","0.641",".216",".438",".277",".314",".295",".222",,,,,,,,,,,,,"89.2","24.3",27.3,9.1,40,"79.576534643","93.911214545",26.7,48.1
"Bibee, Tanner",676440,2023,24,"25","142.0",585,530,122,83,26,0,13,141,45,24.1,7.7,".230",".353",".295","0.648",".232",".383",".285",".298",".297",".150","71.7",24.3,14.5,10.8,33.5,24.9,"7.4",14,11.7,-3,49.5,31.3,"88.9","16.6",37.8,6.1,38.1,"78.01009352","94.070533376",26.3,47.2
"Dunn, Justin",643290,2020,24,"10","45.2",198,164,31,16,4,1,10,38,31,19.2,15.7,".189",".409",".323","0.732",".246",".484",".319",".373",".376",".238",,,,,,,,,,,,,"92","21",34.6,11,44.9,"83.598973651","95.01771632",22.1,41.2
"Baumann, Mike",657508,2024,28,"57","58.1",264,228,59,36,10,4,9,58,28,22,10.6,".259",".456",".345","0.801",".239",".426",".344",".337",".332",".188","71.6",23.7,11.8,9.3,29.7,23.5,"7.2",12,8.1,2.1,53.5,31.1,"91.1","14.5",33.9,9.2,43.7,"82.200743793","94.547312543",24.5,48.6
"Burnes, Corbin",669203,2021,26,"28","167.0",657,612,123,96,17,3,7,234,34,35.6,5.2,".201",".273",".248","0.521",".180",".261",".232",".221",".229",".082",,,,,,,,,,,,,"85.5","8.4",29.5,3.1,30.5,"73.534577884","92.749467427",37.3,49.2
"Moll, Sam",594580,2023,31,"70","62.1",268,228,47,34,9,2,2,68,30,25.4,11.2,".206",".289",".315","0.604",".199",".284",".265",".264",".310",".085","70.1",17.9,11.9,9.3,33.3,25.9,"7",0,6.6,2,43.8,32,"87.7","7.9",26.4,2.5,35.6,"77.055905556","93.266613354",22.5,44.6
"Glasnow, Tyler",607192,2020,26,"11","57.1",238,215,43,24,6,2,11,91,22,38.2,9.2,".200",".400",".273","0.673",".190",".362",".289",".274",".264",".172",,,,,,,,,,,,,"90.4","13.4",32,8.8,42.4,"80.449045323","94.735060081",32.6,46.5
"Young, Alex",622065,2021,27,"40","52.0",246,212,65,42,9,2,12,43,27,17.5,11,".307",".538",".389","0.927",".280",".481",".389",".364",".369",".202",,,,,,,,,,,,,"90.2","9.9",38.2,9.2,39.9,"80.451757093","94.314705322",27.1,49
"Holderman, Colin",670059,2024,28,"55","51.1",223,188,42,28,7,1,6,56,25,25.1,11.2,".223",".367",".324","0.691",".210",".376",".307",".316",".319",".166","70.7",18.8,11.3,8.2,32.8,23.8,"7.5",5,13.2,-8.8,47.4,32,"87.6","15.7",37.2,10.9,38,"75.891214265","93.662995956",29.5,45.6
"Cimber, Adam",643256,2024,33,"28","24.1",107,85,20,16,3,0,1,19,14,17.8,13.1,".235",".306",".377","0.683",".253",".402",".313",".364",".397",".149","71.4",24.8,14.9,12.8,31.6,27.1,"7",1,4.7,3.3,45.1,33.4,"88.3","10",42.6,8.8,35.3,"77.610750588","93.678002836",16.3,42.8
"Faedo, Alex",656412,2023,27,"15","64.2",262,240,48,23,13,0,12,58,20,22.1,7.6,".200",".404",".263","0.667",".222",".419",".287",".303",".283",".197","71.5",22.1,14.1,11.3,32.4,25.8,"7.5",4,11.1,-2.9,53.5,32.7,"88.8","18.2",34.4,7.7,33.9,"77.972881099","93.849851923",23.5,47.7
"Jones, Nate",518858,2020,34,"21","18.2",86,77,25,16,4,0,5,23,6,26.7,7,".325",".571",".384","0.955",".263",".485",".399",".344",".329",".222",,,,,,,,,,,,,"93.5","16.2",40,10.9,56.4,"85.237845357","95.888517636",32.8,50.7
"Mills, Wyatt",670090,2021,26,"11","12.2",64,54,19,13,4,1,1,11,7,17.2,10.9,".352",".519",".422","0.941",".285",".404",".399",".351",".373",".119",,,,,,,,,,,,,"84.2","4.2",33.3,6.7,35.6,"69.610730435","93.611040667",18.6,42.2
"Bruihl, Justin",677865,2021,24,"21","18.2",73,64,13,12,0,0,1,11,7,15.1,9.6,".203",".250",".292","0.542",".250",".352",".239",".298",".333",".103",,,,,,,,,,,,,"86.4","11",24.1,1.9,29.6,"75.209504231","92.756999038",20.9,50.6
"Diplán, Marcos",650959,2021,24,"23","30.0",123,107,22,12,4,0,6,24,15,19.5,12.2,".206",".411",".301","0.712",".222",".421",".308",".321",".316",".199",,,,,,,,,,,,,"90.4","15.7",33.3,8.3,39.3,"80.354465714","94.52002381",25.1,45.9
"Doolittle, Sean",448281,2021,34,"56","49.2",223,194,50,28,13,2,7,53,23,23.8,10.3,".258",".454",".339","0.793",".237",".415",".336",".317",".322",".179",,,,,,,,,,,,,"90.9","26.4",41.4,6.9,42.1,"81.307148169","94.579690915",24.7,53.7
"Tarpley, Stephen",605501,2020,27,"12","11.0",53,39,11,6,3,0,2,11,8,20.8,15.1,".282",".513",".431","0.944",".237",".373",".395",".339",".397",".136",,,,,,,,,,,,,"89.4","5.6",25.8,6.5,38.7,"79.063482857","94.119391071",23,40.9
"Santillan, Tony",663574,2024,27,"29","30.0",122,113,21,14,3,0,4,46,9,37.7,7.4,".186",".319",".246","0.565",".183",".304",".250",".245",".244",".121","70.9",19.6,10.1,7.1,28.3,20.1,"6.9",3,5.7,5.7,42.9,30.9,"90.2","19.7",29.9,6,40.3,"80.446815758","94.230051538",30,50.2
"McKenzie, Triston",663474,2023,25,"4","16.0",73,60,12,6,4,1,1,16,13,21.9,17.8,".200",".350",".342","0.692",".213",".397",".314",".335",".353",".184","71",20,16.7,15,44.4,40,"7.3",0,11.2,-5.7,75,29.9,"92.7","23.9",27.3,9.1,45.5,"84.927692727","94.582949545",26.7,45
"Mayza, Tim",641835,2021,29,"61","53.0",211,194,40,31,3,1,5,57,13,27,6.2,".206",".309",".267","0.576",".224",".321",".256",".272",".283",".097",,,,,,,,,,,,,"86","2.6",25.4,3.6,32.6,"74.115937206","93.020715368",25.4,45.4
"Gose, Anthony",543238,2022,31,"22","21.0",92,76,15,5,6,0,4,28,14,30.4,15.2,".197",".434",".326","0.760",".203",".489",".329",".347",".331",".287",,,,,,,,,,,,,"92.9","23.4",36.7,22.4,49,"84.28388","95.408105306",33.5,44.5
"May, Dustin",669160,2023,25,"9","48.0",187,168,29,18,10,0,1,34,16,18.2,8.6,".173",".250",".251","0.501",".229",".343",".229",".287",".302",".113",,,,,,,,,,,,,"89","11.3",29.6,5.2,40,"78.713021176","93.811450593",15.8,47.3
"Lively, Ben",594902,2024,32,"29","151.0",632,577,139,86,26,4,23,118,49,18.7,7.8,".241",".419",".305","0.724",".239",".412",".315",".314",".304",".173","71.6",21.7,15.7,13,36,29.8,"7.2",13,9.2,-0.4,48.8,31.2,"90.2","14",30.7,6.5,41.5,"80.455663231","94.191914792",18.6,46.6
"Flexen, Chris",623167,2023,28,"29","102.1",466,420,133,88,19,1,25,74,38,15.9,8.2,".317",".545",".376","0.921",".292",".512",".392",".373",".356",".220","71.3",21.9,14.9,12.2,37.1,30.4,"7.2",5,10,-0.7,50.1,31.5,"89.4","15.1",38.6,9.4,41.4,"78.528991782","94.275430661",22.3,48
"Abreu, Bryan",650556,2022,25,"55","60.1",248,217,45,36,7,0,2,88,26,35.5,10.5,".207",".267",".302","0.569",".196",".276",".264",".270",".296",".080",,,,,,,,,,,,,"86.6","12.8",25.4,3.8,32.3,"75.430558462","92.935110155",39.1,49.2
"Seabold, Connor",657756,2022,26,"5","18.1",97,87,35,19,9,2,5,19,7,19.6,7.2,".402",".724",".464","1.188",".277",".491",".502",".366",".352",".213",,,,,,,,,,,,,"87.3","22.4",42.6,10.3,33.8,"76.198989412","93.215831324",25.1,49.5
"Chargois, JT",608638,2022,31,"21","22.1",86,79,16,7,5,1,3,17,5,19.8,5.8,".203",".405",".267","0.672",".180",".327",".293",".255",".247",".146",,,,,,,,,,,,,"87.2","2.8",24.2,6.5,37.1,"74.830732258","93.873777419",23.2,49.1
"Pérez, Oliver",424144,2020,38,"21","18.0",72,62,13,10,3,0,0,14,6,19.4,8.3,".210",".258",".306","0.564",".222",".319",".244",".273",".316",".098",,,,,,,,,,,,,"87.1","13.4",28.6,4.1,26.5,"76.5255148","93.007412041",19.2,44.5
"Enns, Dietrich",608650,2021,30,"9","22.1",88,82,17,12,3,1,1,25,6,28.4,6.8,".207",".305",".261","0.566",".210",".306",".250",".253",".263",".097",,,,,,,,,,,,,"85.4","23.4",33.3,1.8,33.3,"73.608381724","92.781497018",23.9,56.9
"Parker, Mitchell",680730,2024,24,"29","151.0",646,595,154,103,31,2,18,133,43,20.6,6.7,".259",".408",".309","0.717",".255",".443",".311",".326",".306",".188","72.2",26.8,14,11,34.5,27.2,"7.4",19,10.5,-3.2,51.6,31.8,"89.6","15.3",35.3,8.1,38.9,"79.509350699","94.140672817",22.3,51.4
"Senzatela, Antonio",622608,2020,25,"12","73.1",303,279,71,49,10,3,9,41,18,13.5,5.9,".254",".409",".307","0.716",".273",".429",".309",".329",".324",".156",,,,,,,,,,,,,"88.3","9.1",27.9,5.4,38.3,"77.06990275","93.887047992",18.6,46.3
"Nelson, Nick",656793,2020,24,"11","20.2",90,78,20,14,2,0,4,18,11,20,12.2,".256",".436",".344","0.780",".284",".477",".338",".368",".369",".193",,,,,,,,,,,,,"88","4.6",36.1,9.8,32.8,"77.793984516","93.39637082",28.1,47.6
"Matz, Steven",571927,2024,33,"12","44.1",190,171,49,32,10,0,7,33,15,17.4,7.9,".287",".468",".349","0.817",".266",".429",".352",".333",".332",".163","71",17.3,11.9,10,26.6,22.3,"7.1",3,6.5,4.7,45,32.2,"87.6","12.3",44.3,7.9,30.7,"77.279398986","93.058805109",18.1,48.3
"Nastrini, Nick",680897,2024,24,"9","35.2",174,137,32,18,6,1,7,26,36,14.9,20.7,".234",".445",".397","0.842",".232",".472",".373",".382",".395",".240","72.2",30.3,12.5,9.4,33.3,25.2,"7.6",8,14.9,-10.1,52,31.8,"87.7","23.5",30.6,12.6,31.5,"76.696873393","93.450647928",28.8,39.8
"Brebbia, John",605154,2024,34,"59","55.1",242,220,56,34,11,0,11,67,19,27.7,7.9,".255",".455",".322","0.777",".260",".451",".337",".339",".327",".192","70.5",15.6,12.7,9.6,29.9,22.7,"7.2",8,9.1,0.3,48.6,31.6,"88.8","19.7",39.9,10.5,37.3,"77.762331842","94.16101875",25.5,49.7
"Pagán, Emilio",641941,2024,33,"38","38.0",158,144,40,28,6,0,6,44,11,27.8,7,".278",".444",".323","0.767",".243",".429",".330",".317",".297",".186","71.8",25,17.4,12.5,32.6,23.5,"7.4",3,10.3,-3.6,54.9,31.3,"90.4","20.9",36.9,8.7,50.5,"79.260641373","95.238884216",29.6,53.6
"Zeuch, T.J.",643615,2021,25,"5","15.0",74,65,21,10,5,0,6,8,9,10.8,12.2,".323",".677",".405","1.082",".326",".694",".450",".460",".411",".368",,,,,,,,,,,,,"91.4","4.8",36.8,15.8,50.9,"80.158711111","96.163860741",16.8,47.9
"Plesac, Zach",668676,2021,26,"25","142.2",598,552,137,80,33,1,23,100,34,16.7,5.7,".248",".437",".299","0.736",".251",".465",".314",".327",".301",".214",,,,,,,,,,,,,"90.6","12.1",32.2,9.4,43.4,"80.35574652","94.850298013",23.1,51
"Speier, Gabe",642100,2023,28,"69","54.2",216,200,47,33,7,0,7,64,11,29.6,5.1,".235",".375",".282","0.657",".239",".388",".278",".288",".288",".149","71.4",22.6,16.5,11,29.4,19.5,"7.2",9,9.9,0.9,48.8,33.7,"88.5","6.9",30.4,8.7,42,"76.446845882","94.689236667",30.8,52.8
"Stratton, Chris",608717,2020,29,"27","30.0",131,116,26,17,6,0,3,39,13,29.8,9.9,".224",".353",".298","0.651",".221",".367",".286",".294",".298",".146",,,,,,,,,,,,,"89.7","9.7",26.6,8.9,40.5,"79.812806","93.97970519",35,46.4
"Cortes, Nestor",641482,2022,27,"28","158.1",615,572,108,69,23,0,16,163,38,26.5,6.2,".189",".313",".241","0.554",".204",".330",".245",".260",".256",".126",,,,,,,,,,,,,"87.9","19.2",34.2,5.3,34.7,"77.302580728","93.293066165",24.5,50.5
"Winckowski, Josh",670174,2022,24,"15","70.1",316,283,85,56,14,5,10,44,27,13.9,8.5,".300",".491",".361","0.852",".269",".446",".366",".340",".334",".178",,,,,,,,,,,,,"89.5","5.3",30.5,9.9,46.1,"78.185928595","94.86917166",17.4,44.6
"Santana, Dennis",642701,2024,28,"62","71.2",287,259,57,33,18,2,4,69,21,24,7.3,".220",".351",".287","0.638",".222",".347",".281",".284",".289",".125","70.7",16.2,9.4,6.8,31.3,22.6,"7.5",7,12.2,-5.9,50.9,33,"86.3","14.3",37.3,4.7,32.6,"75.299087917","92.748697016",28.2,50.7
"Darvish, Yu",506433,2023,36,"24","136.1",573,517,134,89,25,2,18,141,42,24.6,7.3,".259",".420",".321","0.741",".239",".378",".321",".302",".305",".139","72.1",26.4,14.4,11.3,29.7,23.2,"7.4",5,11.3,-3.8,49.6,32.4,"88.4","13.7",33,6.8,38.2,"77.260033579","93.949118786",25.1,46.4
"Smith, Will",519293,2020,30,"18","16.0",62,58,11,4,0,0,7,18,4,29,6.5,".190",".552",".242","0.794",".227",".548",".325",".344",".277",".321",,,,,,,,,,,,,"90.2","22.2",37.5,15,45,"78.6765915","95.46286325",36.7,47.6
"Graveman, Kendall",608665,2020,29,"11","18.2",77,68,15,8,3,2,2,15,8,19.5,10.4,".221",".412",".299","0.711",".232",".363",".304",".298",".311",".131",,,,,,,,,,,,,"91.6","6.6",27.8,3.7,38.9,"83.627368148","94.282265849",18.6,39.2
"Valdez, Phillips",570488,2020,28,"24","30.1",137,117,33,25,4,1,3,30,16,21.9,11.7,".282",".410",".380","0.790",".243",".347",".349",".316",".346",".105",,,,,,,,,,,,,"84.8","9.2",31.8,4.5,29.5,"72.061373864","92.805608977",27.7,39.7
"Contreras, Roansy",672710,2022,22,"21","95.0",408,365,82,40,28,1,13,86,39,21.1,9.6,".225",".414",".301","0.715",".237",".447",".312",".329",".313",".210",,,,,,,,,,,,,"90.1","17.7",36.3,11,45.9,"79.458761143","94.732915036",27.7,47.5
"Woodford, Jake",663765,2024,27,"9","35.0",167,153,48,28,13,1,6,26,9,15.6,5.4,".314",".529",".359","0.888",".297",".493",".379",".364",".347",".196","71.3",22.9,15.9,13.9,38.3,33.5,"7.3",3,9.5,-1.1,51,33.1,"88.9","14.5",38.8,7.8,39.5,"77.914967813","94.151237656",14,44
"Vesia, Alex",681911,2023,27,"56","49.2",217,198,52,37,7,1,7,64,17,29.5,7.8,".263",".414",".327","0.741",".228",".394",".318",".296",".296",".166","71.2",17.3,11.5,8.4,33.8,24.6,"7",4,7,3.3,53.6,30.5,"92.1","23.8",30.6,8.2,42.5,"82.571362273","95.230663712",30.3,50.8
"Chirinos, Yonny",630023,2023,29,"20","85.0",367,331,91,53,22,1,15,53,27,14.4,7.4,".275",".483",".336","0.819",".294",".512",".350",".373",".356",".218","72.3",27.8,14.1,11.2,36.8,29.3,"7.5",2,13.1,-5.1,47.3,34.8,"91.3","9.9",34.9,9.3,45.6,"81.408703333","95.087772349",17.7,48.7
"Springs, Jeffrey",605488,2022,29,"33","135.1",549,513,114,78,19,3,14,144,31,26.2,5.6,".222",".353",".267","0.620",".229",".375",".272",".285",".275",".147",,,,,,,,,,,,,"87.5","14.9",34,5.9,37.7,"75.940205","93.586356984",29.6,50.3
"Kay, Anthony",641743,2021,26,"11","33.2",156,135,38,21,9,1,7,39,18,25,11.5,".281",".519",".378","0.897",".249",".432",".384",".344",".350",".182",,,,,,,,,,,,,"86.7","7.3",46.9,8.3,33.3,"74.8117825","93.342514375",25.7,47.9
"Kelly, Zack",677161,2022,27,"13","13.2",59,54,14,9,3,0,2,11,4,18.6,6.8,".259",".426",".305","0.731",".202",".375",".316",".272",".253",".173",,,,,,,,,,,,,"85","12.6",29.5,6.8,25,"72.821060455","92.810444186",17.6,45.9
"Ramirez, Noé",598287,2022,32,"55","50.0",215,184,45,26,9,1,9,51,26,23.7,12.1,".245",".451",".346","0.797",".218",".410",".346",".320",".324",".192",,,,,,,,,,,,,"87.8","14.8",34.1,8.9,37,"76.525013485","93.593493969",27.6,46.8
"Bradish, Kyle",680694,2022,25,"23","117.2",509,449,119,84,18,0,17,111,46,21.8,9,".265",".419",".340","0.759",".252",".421",".334",".333",".331",".169",,,,,,,,,,,,,"89.9","8.7",31.4,7.8,41,"79.161812105","94.57371783",23.6,45.4
"Gil, Luis",661563,2024,26,"29","151.2",637,550,104,56,28,2,18,171,77,26.8,12.1,".189",".345",".297","0.642",".205",".363",".288",".304",".312",".158","72.1",26,11.6,8.4,30.6,22.2,"7.3",26,10.8,-2.7,59.3,30.7,"89.3","19",33.7,9.5,37.4,"78.931048895","94.034939077",29,45.5
"Fleming, Josh",676596,2020,24,"7","32.1",130,122,28,19,3,1,5,25,7,19.2,5.4,".230",".393",".277","0.670",".228",".357",".289",".280",".275",".129",,,,,,,,,,,,,"86","0",18.6,5.2,34,"73.192316667","93.400370521",20.9,48.9
"Gallegos, Giovanny",606149,2020,28,"16","15.0",57,53,9,7,1,0,1,21,4,36.8,7,".170",".245",".228","0.473",".232",".393",".214",".294",".287",".161",,,,,,,,,,,,,"92.2","14.9",37.5,9.4,40.6,"82.832540667","95.417987667",38.1,58.5
"Wright Jr., Mike",605541,2021,31,"13","18.0",81,67,17,11,5,0,1,11,11,13.6,13.6,".254",".373",".370","0.743",".254",".414",".333",".363",".378",".160",,,,,,,,,,,,,"86.8","10.1",26.3,10.5,35.1,"74.964206897","93.497961053",18.7,42.8
"Thielbar, Caleb",573204,2021,34,"59","64.0",266,237,55,31,16,0,8,77,20,28.9,7.5,".232",".401",".297","0.698",".218",".433",".300",".307",".284",".215",,,,,,,,,,,,,"88.4","20.8",32.5,12,39.2,"76.881475185","94.157575528",26.5,49.5
"Morris, Cody",663752,2022,25,"7","23.2",100,87,21,15,3,0,3,23,12,23,12,".241",".379",".330","0.709",".255",".448",".315",".348",".347",".193",,,,,,,,,,,,,"88","16.4",36.9,12.3,36.9,"76.151847273","94.157627538",28.7,51.7
"Sandlin, Nick",680704,2023,26,"61","60.0",239,209,38,19,7,0,12,66,24,27.6,10,".182",".388",".270","0.658",".212",".411",".284",".308",".297",".199","70.2",12,15.7,10.4,30.6,20.2,"7.5",4,14.5,-9.6,44.3,33.9,"86.7","16.9",25.9,10.2,40.1,"73.295218056","94.243114653",32,46.5
"Estes, Joey",683155,2023,21,"2","10.0",47,42,12,5,3,0,4,7,2,14.9,4.3,".286",".643",".362","1.005",".272",".641",".414",".407",".349",".369","72.1",26.9,20.8,14.1,39.6,26.9,"7.5",0,13.2,-4.8,46.2,33.5,"91.4","25.1",34.3,17.1,45.7,"80.87275","95.326985714",28.7,52.7
"Schreiber, John",670167,2020,26,"15","15.2",70,64,19,11,6,0,2,14,4,20,5.7,".297",".484",".343","0.827",".275",".432",".347",".327",".326",".158",,,,,,,,,,,,,"90.9","18.3",41.2,7.8,45.1,"80.5518476","94.7596624",18.2,43.1
"Smith, Caleb",592761,2022,30,"44","70.0",302,261,57,31,11,1,14,65,39,21.5,12.9,".218",".429",".322","0.751",".210",".380",".329",".308",".315",".170",,,,,,,,,,,,,"86","24.1",29.9,6.6,29.9,"74.346808557","92.812480361",28.8,48.7
"Margevicius, Nick",676606,2021,25,"5","12.0",59,52,13,7,4,0,2,12,6,20.3,10.2,".250",".442",".339","0.781",".274",".443",".339",".351",".360",".170",,,,,,,,,,,,,"89.8","15.4",30,7.5,45,"79.3456275","94.38917175",16.1,45.6
"Peguero, Elvis",665625,2024,27,"52","51.1",227,197,52,42,5,1,4,47,27,20.7,11.9,".264",".360",".357","0.717",".247",".364",".317",".316",".343",".117","71.7",21.5,15.3,11.3,35.5,26.3,"7.4",9,8.8,-0.2,52.2,35.7,"90.1","3.2",29.1,5.3,40.4,"79.603008919","94.532881216",27.7,47.5
"Patiño, Luis",672715,2023,23,"9","21.2",99,85,21,16,2,0,3,18,14,18.2,14.1,".247",".376",".354","0.730",".278",".437",".327",".361",".380",".159","70.8",18.8,11,8.5,31.9,24.8,"7.4",3,11.6,-3,58.1,32.8,"87.7","12.9",34.3,6,38.8,"76.133945882","93.791748209",21.6,42.3
"Jackson, Luke",592426,2021,29,"71","63.2",261,227,45,30,9,0,6,70,29,26.8,11.1,".198",".317",".292","0.609",".225",".389",".270",".309",".317",".164",,,,,,,,,,,,,"90.5","6.2",28.7,8.1,41.3,"80.214174177","94.839252342",30.5,47.6
"Miley, Wade",489119,2022,35,"9","37.0",159,142,31,22,5,1,3,28,14,17.6,8.8,".218",".331",".296","0.627",".237",".378",".281",".307",".313",".141",,,,,,,,,,,,,"86.7","10.3",26.1,5.2,36.3,"74.080320877","93.62639886",25.2,44.9
"Bibee, Tanner",676440,2024,25,"31","173.2",710,651,150,84,40,4,22,187,44,26.3,6.2,".230",".406",".285","0.691",".235",".401",".299",".304",".291",".167","71.3",20,11,8.2,28.9,21.5,"7.3",22,10.6,-2.8,48.9,31.2,"88.4","17.7",37.4,7,36.9,"77.504108675","93.719329103",26.9,51
"Bednar, David",670280,2021,26,"61","60.2",237,216,40,23,9,3,5,77,19,32.5,8,".185",".324",".253","0.577",".187",".304",".249",".246",".255",".118",,,,,,,,,,,,,"87.2","15.4",38.6,5.7,31.4,"77.089921714","92.769692714",32.6,53.5
"Webb, Logan",657277,2023,26,"33","216.0",850,811,201,143,34,4,20,194,31,22.8,3.6,".248",".374",".280","0.654",".251",".397",".283",".296",".283",".146","71.9",25.5,18.1,15,35.7,29.7,"7.3",9,8.2,1.5,51.7,34.5,"90.7","0.6",28.4,6.9,46,"79.69594423","95.252167361",20.8,47.4
"Pearson, Nate",663878,2020,23,"5","18.0",81,67,14,8,1,0,5,16,13,19.8,16,".209",".448",".333","0.781",".220",".396",".337",".329",".343",".176",,,,,,,,,,,,,"88.9","16.6",26.9,7.7,38.5,"79.673220385","93.275971731",26.3,42.3
"Sulser, Cole",642121,2024,34,"10","16.1",66,54,9,6,1,1,1,15,9,22.7,13.6,".167",".278",".277","0.555",".201",".322",".245",".284",".309",".121","71.3",25.6,6.5,5,25.8,19.8,"7.2",2,9,0.6,50.4,30.8,"88.9","18.6",33.3,4.8,38.1,"79.813352857","93.280416098",24.8,46.9
"Rocker, Kumar",677958,2024,24,"3","11.2",55,45,12,11,0,0,1,14,6,25.5,10.9,".267",".333",".352","0.685",".208",".324",".307",".283",".305",".115","70.8",20.9,8.8,7,32.4,25.6,"7",4,8.7,0.4,50,32.3,"89.9","10.3",32.4,2.9,47.1,"81.456911176","93.804493939",27.4,48.6
"Elder, Bryce",693821,2024,25,"10","49.2",226,206,64,45,9,2,8,46,17,20.4,7.5,".311",".490",".367","0.857",".281",".441",".370",".343",".340",".161","72",25.4,17.6,13.4,39.6,30.1,"7.5",5,11.6,-3.2,53.1,33.8,"89.9","8.1",31.1,8.7,45.3,"79.59739125","94.476407875",25.5,44
"Quijada, José",650671,2022,26,"42","40.2",169,145,25,9,11,0,5,52,21,30.8,12.4,".172",".352",".284","0.636",".166",".334",".275",".268",".280",".169",,,,,,,,,,,,,"88.1","22.2",27.7,10.6,38.3,"77.492272128","93.356821596",32.3,51.1
"Paxton, James",572020,2023,34,"19","96.0",411,372,93,55,19,1,18,101,33,24.6,8,".250",".452",".313","0.765",".226",".396",".328",".301",".293",".170","71.4",19.5,14.1,10.9,32.1,24.8,"7.2",11,9.3,-0.2,43.7,32.3,"89.3","13.8",33.3,9.2,39.9,"78.616297574","94.167414449",27.6,50
"Alzolay, Adbert",640470,2024,29,"18","17.1",75,68,19,12,1,0,6,13,6,17.3,8,".279",".559",".347","0.906",".286",".562",".387",".390",".352",".277","71.8",22.8,16.9,13.2,37.1,28.9,"7.4",4,12,-2.6,59.6,33.4,"92","16.8",40,16.4,38.2,"83.454741786","94.499834727",22.9,46.5
"Foley, Jason",671345,2021,25,"11","10.1",45,37,8,3,4,0,1,6,5,13.3,11.1,".216",".405",".356","0.761",".257",".391",".339",".352",".389",".134",,,,,,,,,,,,,"93.3","4.1",29,6.5,54.8,"83.77001875","97.079477742",17.9,39.4
"Emanuel, Kent",592288,2021,29,"10","17.2",68,63,12,8,0,0,4,13,4,19.1,5.9,".190",".381",".250","0.631",".209",".381",".273",".285",".268",".172",,,,,,,,,,,,,"86.9","10.3",24,6,24,"77.6298384","92.178441224",13.7,42.5
"Lester, Jon",452657,2020,36,"12","61.0",265,244,64,39,13,1,11,42,17,15.8,6.4,".262",".459",".318","0.777",".279",".517",".333",".363",".333",".238",,,,,,,,,,,,,"88.9","11.9",34,12.3,38.9,"77.820627228","94.226303762",18.1,44.3
"Hale, David",571735,2020,32,"11","17.0",75,71,23,14,7,0,2,14,4,18.7,5.3,".324",".507",".360","0.867",".312",".518",".370",".372",".349",".207",,,,,,,,,,,,,"88.6","5",42.1,7,38.6,"77.372212143","94.092348393",22.8,48.2
"Wheeler, Zack",554430,2022,32,"26","153.0",607,565,125,83,23,6,13,163,34,26.9,5.6,".221",".352",".273","0.625",".223",".354",".275",".277",".275",".132",,,,,,,,,,,,,"85.9","11.4",34,7.7,34.5,"73.07377575","93.389151153",25.1,50.5
"Davis, Noah",663562,2024,27,"9","20.1",96,88,31,22,6,0,3,15,7,15.6,7.3,".352",".523",".400","0.923",".268",".418",".399",".324",".322",".150","71.8",25.5,13.9,11.8,28.5,24.2,"7.2",1,10.1,-1.6,52.2,32.7,"88.1","15.2",29.7,5.4,33.8,"76.707814865","93.898810411",16.5,49.9
"Ferguson, Tyler",621053,2024,30,"48","51.1",207,180,32,19,7,2,4,62,24,30,11.6,".178",".306",".282","0.588",".209",".374",".262",".301",".309",".165","71.3",20.9,10.6,7.8,24,17.7,"7.2",7,8.1,1.6,54.7,32.9,"88.2","17.3",31.9,8.4,38.7,"76.590678136","94.017449661",26.8,47.9
"Ureña, José",570632,2021,29,"26","100.2",456,408,119,74,29,2,14,67,42,14.7,9.2,".292",".475",".362","0.837",".280",".479",".360",".364",".353",".199",,,,,,,,,,,,,"90.8","8.2",31.8,8.7,47.8,"79.552351111","95.38611538",20.5,46.4
"Díaz, Yilber",700270,2024,23,"7","28.1",119,105,27,17,5,2,3,19,12,16,10.1,".257",".429",".328","0.757",".280",".428",".327",".348",".352",".148","71.8",27,16.8,14,40.3,33.7,"7.2",5,7.8,0.1,48.9,31.5,"91.3","15.4",38.6,4.5,45.5,"81.967966136","94.986226782",20.1,43.5
"Dodd, Dylan",689266,2023,25,"7","34.1",164,151,53,31,13,0,9,15,12,9.1,7.3,".351",".616",".402","1.018",".324",".633",".429",".424",".378",".309","70",14.6,15.1,13.4,41.1,36.6,"7.2",1,9.3,-6.3,47.6,30.6,"92.6","16.8",38.2,12.5,46.3,"82.424902647","95.942111407",18.6,53.9
"Finnegan, Kyle",640448,2020,28,"25","24.2",107,93,21,17,2,0,2,27,13,25.2,12.1,".226",".312",".327","0.639",".222",".352",".276",".291",".325",".130",,,,,,,,,,,,,"87.8","6.2",33.3,4.5,28.8,"77.931565938","92.989871746",28.3,44.6
"Kelly, Kevin",687330,2023,25,"57","67.0",276,251,53,33,18,0,2,56,15,20.3,5.4,".211",".307",".283","0.590",".230",".339",".264",".284",".300",".109","70.5",18.4,16.2,12.9,33.1,26.4,"7.2",2,8.8,-0.6,41.1,33,"87","10.3",32.3,3.6,32.8,"75.746726327","93.190395846",22.2,44.7
"Hernández, Darwinzon",650382,2021,24,"48","40.0",182,143,29,19,5,0,5,54,31,29.7,17,".203",".343",".359","0.702",".206",".331",".320",".323",".364",".125",,,,,,,,,,,,,"88.2","10.9",34.8,5.4,38,"76.712313778","94.006148222",31.8,40.5
"Gibson, Kyle",502043,2022,34,"31","167.2",718,656,176,117,33,2,24,144,48,20.1,6.7,".268",".434",".325","0.759",".258",".430",".331",".326",".316",".172",,,,,,,,,,,,,"88.6","10.6",34.8,7.5,37.5,"77.435542039","93.992252392",25.2,48.5
"Hicks, Jordan",663855,2022,25,"35","61.1",263,219,46,32,8,1,5,63,35,24,13.3,".210",".324",".335","0.659",".210",".332",".302",".306",".335",".123",,,,,,,,,,,,,"86.9","1.4",28.5,7,32.3,"75.808072308","93.162983782",24,42
"Alvarado, José",621237,2021,26,"64","55.2",251,197,42,30,7,0,5,68,47,27.1,18.7,".213",".325",".382","0.707",".199",".306",".322",".313",".372",".107",,,,,,,,,,,,,"87.5","1.1",32.6,3.9,42.6,"74.043986308","94.688599767",33.2,40.1
"Dunn, Justin",643290,2022,26,"7","31.0",138,116,32,13,8,0,11,21,17,15.2,12.3,".276",".629",".380","1.009",".295",".633",".425",".431",".396",".339",,,,,,,,,,,,,"91.4","20.6",42.3,16.5,44.3,"81.60832","95.135795895",22.4,41.3
"Cosgrove, Tom",676680,2023,27,"54","51.1",205,179,31,25,2,1,3,44,19,21.5,9.3,".173",".246",".270","0.516",".185",".270",".238",".255",".282",".086","71.1",16.7,11.9,9.5,34.7,27.8,"7",2,6.6,3.8,53.2,33.6,"83.9","16.3",24.8,3.6,25.5,"71.686643731","92.164938872",24.9,46.1
"Stammen, Craig",489334,2020,36,"24","24.0",105,97,27,21,4,0,2,20,4,19,3.8,".278",".381",".320","0.701",".249",".340",".308",".282",".293",".091",,,,,,,,,,,,,"88.2","5.9",25.3,2.5,36.7,"77.659013514","93.493176622",24,45.4
"Clevinger, Mike",605182,2020,29,"8","41.2",162,147,34,20,7,1,6,40,14,24.7,8.6,".231",".415",".298","0.713",".264",".436",".308",".332",".328",".172",,,,,,,,,,,,,"88.2","17.7",42.1,7.5,34.6,"77.807444717","93.431124286",30.4,45.6
"Loáisiga, Jonathan",642528,2022,27,"50","48.0",203,184,43,38,2,0,3,37,19,18.2,9.4,".234",".293",".305","0.598",".248",".337",".271",".294",".318",".090",,,,,,,,,,,,,"83.9","3.3",27.9,2,29.9,"71.244299041","92.487312",25.7,50.6
"Fernández, Junior",658551,2021,24,"18","20.2",96,82,25,17,6,0,2,15,14,15.6,14.6,".305",".451",".406","0.857",".294",".427",".373",".363",".397",".133",,,,,,,,,,,,,"89.4","7.4",41.8,3,35.8,"79.457184242","93.882388636",29.9,47.6
"Hembree, Heath",592390,2020,31,"22","19.0",90,79,26,11,5,1,9,20,8,22.2,8.9,".329",".759",".400","1.159",".285",".663",".470",".427",".364",".378",,,,,,,,,,,,,"89.9","17",40,20,38.3,"79.374904667","94.3181065",26.9,50.1
"Rodríguez, Manuel",655889,2022,25,"14","13.2",57,48,10,5,4,0,1,8,9,14,15.8,".208",".354",".333","0.687",".274",".390",".311",".352",".390",".117",,,,,,,,,,,,,"80.3","6.8",35,5,25,"67.6618195","91.219711026",22.4,48.3
"Cisnero, José",542585,2022,33,"28","25.0",105,85,15,12,3,0,0,23,19,21.9,18.1,".176",".212",".333","0.545",".212",".283",".269",".306",".362",".071",,,,,,,,,,,,,"85.7","12.2",45.2,0,27.4,"75.087615161","92.175981935",28.9,43.5
"Maldonado, Anthony",687424,2024,26,"16","19.0",82,75,21,14,4,2,1,11,7,13.4,8.5,".280",".427",".341","0.768",".259",".375",".321",".299",".322",".116","72",22.7,11.2,7.8,31.5,21.9,"7.8",1,17.3,-13.4,47.7,33.4,"85.3","19.8",34.4,3.1,26.6,"74.063641667","92.292927833",28.7,50.5
"Weissert, Greg",669711,2023,28,"17","20.0",87,77,21,16,2,0,3,22,8,25.3,9.2,".273",".416",".349","0.765",".253",".411",".336",".326",".331",".158","70.5",12.9,14.5,10.6,43.5,31.8,"7.1",1,9.3,1.5,47.1,32.4,"91.1","11.1",28.6,7.1,39.3,"81.577019286","95.124541273",28,43.2
"Devenski, Chris",606965,2023,32,"38","42.1",173,157,36,25,4,1,6,42,11,24.3,6.4,".229",".382",".279","0.661",".249",".454",".283",".326",".302",".205","71.9",21.3,15.4,10.7,38.5,26.7,"7.7",2,14.7,-11,41.3,32.8,"90.3","18",31.1,13.4,42.9,"79.717117966","94.765837692",29.3,48.2
"Cimber, Adam",643256,2020,29,"14","11.1",49,45,13,9,2,1,1,5,2,10.2,4.1,".289",".444",".306","0.750",".203",".333",".313",".261",".238",".131",,,,,,,,,,,,,"85.8","7.2",21.4,7.1,21.4,"75.76178","92.023311429",22.2,55.9
"Scherzer, Max",453286,2020,35,"12","67.1",295,269,70,47,12,1,10,92,23,31.2,7.8,".260",".424",".319","0.743",".252",".431",".319",".321",".312",".179",,,,,,,,,,,,,"88.5","18.7",41.9,8.4,36.3,"77.195484023","94.048872832",32.5,50.5
"Coonrod, Sam",656322,2020,27,"18","14.2",71,60,17,9,5,1,2,15,7,21.1,9.9,".283",".500",".371","0.871",".213",".352",".371",".297",".311",".138",,,,,,,,,,,,,"87.8","12.6",28.3,6.5,41.3,"76.926256087","93.334447826",29.1,42.8
"Fedde, Erick",607200,2022,29,"27","127.0",573,508,149,101,27,0,21,94,58,16.4,10.1,".293",".470",".362","0.832",".284",".465",".362",".360",".357",".181",,,,,,,,,,,,,"89.5","13.4",34.9,8.1,43.5,"78.2401011","94.651932751",18.4,43
"Garza Jr., Ralph",621248,2021,27,"27","30.1",127,112,24,12,7,0,5,29,14,22.8,11,".214",".411",".307","0.718",".232",".412",".309",".319",".322",".180",,,,,,,,,,,,,"88.9","11.9",43.4,7.2,39.8,"78.005855476","94.059841807",23.8,46
"Kremer, Dean",665152,2021,25,"13","53.2",245,216,63,33,13,0,17,47,25,19.2,10.2,".292",".588",".363","0.951",".270",".544",".397",".376",".345",".274",,,,,,,,,,,,,"93.1","21.2",39.5,14,45.3,"83.75147907","95.769628947",20.4,45.3
"Hill, Tim",657612,2021,31,"78","59.2",255,222,51,35,6,1,9,56,23,22,9,".230",".387",".316","0.703",".226",".384",".301",".303",".314",".158",,,,,,,,,,,,,"87.4","2.8",22.9,7.6,38.8,"74.787391951","94.139991646",23.7,48.3
"Chacín, Jhoulys",468504,2021,33,"46","64.1",269,239,53,29,12,4,8,47,28,17.5,10.4,".222",".406",".302","0.708",".240",".397",".306",".319",".322",".157",,,,,,,,,,,,,"86.4","9.9",32,5.7,36.1,"74.045126842","93.536952169",22.6,46
"Hernández, Carlos",672578,2023,26,"67","70.0",301,266,62,33,17,2,10,77,32,25.6,10.6,".233",".425",".316","0.741",".249",".438",".319",".332",".330",".189","71.5",22.4,12.4,9,32.9,23.8,"7.3",6,10.5,0.3,57.8,31.4,"90.2","17.7",40.3,9.9,44.5,"80.354731579","94.334811799",30.4,51.8
"Allard, Kolby",663465,2023,25,"4","12.1",56,52,16,11,3,0,2,13,4,23.2,7.1,".308",".481",".357","0.838",".290",".483",".361",".354",".341",".193","71.7",26.3,31.3,26.3,56.3,47.4,"7.4",0,12.6,-3.6,57.9,31.6,"91","20.9",41,7.7,43.6,"82.0246355","94.993170256",25.8,48.7
"Walker, Taijuan",592836,2020,27,"11","53.1",225,201,43,28,7,0,8,50,19,22.2,8.4,".214",".368",".293","0.661",".253",".452",".291",".340",".329",".199",,,,,,,,,,,,,"88.4","14",40.1,7.2,32.9,"78.446220526","93.25322404",20.5,42.4
"Espino, Paolo",502179,2022,35,"42","113.1",487,456,131,86,20,1,24,92,24,18.9,4.9,".287",".493",".322","0.815",".272",".492",".350",".343",".309",".220",,,,,,,,,,,,,"89.3","14.4",36.3,7.9,41.2,"78.549687802","94.314746143",21.4,45
"Hearn, Taylor",621368,2023,28,"13","15.0",76,68,23,15,4,0,4,15,8,19.7,10.5,".338",".574",".408","0.982",".279",".516",".418",".374",".355",".237","70.6",18.1,15.9,12,23.8,18.1,"7.3",1,10,-2.8,51.8,33.9,"88.8","17.3",37.7,17,41.5,"76.871188462","94.454348269",23,52.7
"Wright, Kyle",657140,2023,27,"9","31.0",155,132,40,27,7,1,5,34,17,21.9,11,".303",".485",".396","0.881",".250",".447",".382",".351",".352",".198","72.2",25.3,18.8,16,32.8,28,"7.3",0,10.5,1.1,53.3,33.8,"91.1","-1.4",32,12,46,"80.598265102","95.447128367",23.2,47.3
"Borucki, Ryan",621366,2023,29,"38","40.1",152,142,26,15,7,0,4,33,4,21.7,2.6,".183",".317",".227","0.544",".231",".368",".238",".280",".272",".137","71.3",23.2,11,7.9,28.8,20.7,"7.6",3,12.8,-7.8,50.7,33.5,"85.7","11.1",25.2,6.3,29.7,"74.245395455","92.658574404",28.1,52.7
"Almonte, Yency",622075,2020,26,"24","27.2",113,103,25,17,5,1,2,23,6,20.4,5.3,".243",".369",".301","0.670",".227",".378",".293",".291",".287",".151",,,,,,,,,,,,,"87.6","7.3",22.2,4.9,29.6,"77.233872","92.974334375",27.9,45.7
"Font, Wilmer",521655,2020,30,"21","16.1",85,74,28,21,5,0,2,15,9,17.6,10.6,".378",".527",".447","0.974",".290",".475",".420",".373",".375",".185",,,,,,,,,,,,,"90.2","16.5",33.3,6.7,45,"79.139717931","94.950195614",19.3,49.2
"Hentges, Sam",656529,2022,25,"57","62.0",245,221,41,31,7,0,3,72,19,29.4,7.8,".186",".258",".258","0.516",".205",".304",".235",".260",".277",".099",,,,,,,,,,,,,"88.8","-0.2",24.5,5.3,35.1,"78.059378493","94.012833793",30.1,50
"Winans, Allan",642216,2023,27,"6","32.1",141,129,37,23,8,1,5,34,8,24.1,5.7,".287",".481",".333","0.814",".260",".417",".344",".318",".314",".157","71.7",20.6,17.2,13.2,33.3,25.4,"7.5",3,14.3,-9.4,52.2,33.3,"89.3","13.9",36.1,8.2,39.2,"79.051414082","93.888441959",25.2,47.6
"Karinchak, James",675916,2022,26,"38","39.0",160,137,22,16,3,1,2,62,21,38.8,13.1,".161",".241",".275","0.516",".179",".283",".243",".267",".293",".105",,,,,,,,,,,,,"91","26.6",39.5,5.3,40.8,"83.016178947","93.772692105",34.7,38.9
"Clevinger, Mike",605182,2024,33,"4","16.0",78,69,22,12,5,1,4,15,9,19.2,11.5,".319",".594",".397","0.991",".279",".583",".418",".395",".363",".303","72.2",23.1,13.3,10,32.7,24.6,"7.5",1,11.1,-5.6,56.2,31,"90","18.3",40.7,14.8,37,"79.778333704","94.507766415",26.6,47.2
"Mantiply, Joe",573009,2021,30,"57","39.2",177,154,45,28,11,5,1,38,17,21.5,9.6,".292",".448",".358","0.806",".245",".380",".338",".305",".322",".134",,,,,,,,,,,,,"86.6","7.7",35.5,5.8,36.4,"73.627826552","93.985117739",27.9,48.5
"Povich, Cade",700249,2024,24,"16","79.2",352,313,80,44,22,2,12,69,34,19.6,9.7,".256",".454",".332","0.786",".229",".411",".339",".316",".309",".182","71.4",19.2,12.8,10,32.1,25,"7.3",7,11.1,-2.1,55.4,30.7,"88.4","17.8",32.5,8.9,36.6,"77.604254426","93.762288566",22.3,47.2
"Mikolas, Miles",571945,2023,34,"35","201.1",860,802,226,145,50,5,26,137,39,15.9,4.5,".282",".454",".319","0.773",".286",".506",".330",".355",".325",".220","71.8",25.9,17.3,14.3,36,29.9,"7.2",2,9.3,1.1,55,32.7,"90.4","15",38.9,9.8,43,"80.242845536","94.593177009",16.7,49.7
"Weber, Ryan",543901,2020,29,"17","43.0",185,166,44,25,11,0,8,27,14,14.6,7.6,".265",".476",".332","0.808",".279",".461",".345",".350",".345",".182",,,,,,,,,,,,,"91.1","9.4",27,7.8,50.4,"80.358486143","95.760899424",14.9,41.7
"Raley, Brooks",548384,2020,32,"21","20.0",84,73,13,6,4,0,3,27,6,32.1,7.1,".178",".356",".277","0.633",".178",".325",".281",".273",".277",".147",,,,,,,,,,,,,"81.7","16.1",29.8,8.5,21.3,"68.921554783","91.577878478",31.7,49.7
"Sandoval, Patrick",663776,2023,26,"28","144.2",652,567,145,103,29,1,12,128,74,19.6,11.3,".256",".374",".344","0.718",".256",".403",".318",".331",".347",".147","71.5",21.6,10.1,7.6,29.9,22.2,"7.4",9,9.6,-2,43.3,32.3,"87.6","9.4",38,7,35.1,"76.334476941","93.456079153",27.7,46.6
"De los Santos, Yerry",660787,2023,25,"22","24.1",104,88,17,11,4,1,1,18,13,17.3,12.5,".193",".295",".298","0.593",".225",".351",".257",".297",".329",".126","71.4",22.4,14.3,11.8,37.1,30.6,"7.3",1,8.6,7.2,50.6,33.6,"88.1","2.1",26.4,5.6,30.6,"78.353837778","93.19074831",16.6,45.6
"Burnes, Corbin",669203,2020,25,"12","59.2",240,213,37,27,6,2,2,88,24,36.7,10,".174",".249",".267","0.516",".190",".321",".239",".273",".281",".131",,,,,,,,,,,,,"86.9","9.7",31.2,7.2,34.4,"75.489102222","93.25455616",34.7,45
"Muñoz, Andrés",662253,2023,24,"52","49.0",211,184,40,28,10,0,2,67,22,31.8,10.4,".217",".304",".318","0.622",".202",".292",".279",".269",".304",".089","71.5",23.2,15.9,9.7,34.5,21.1,"7.3",3,9.7,-0.6,43,34.3,"88.4","1.8",29.9,5.1,35.9,"76.950256271","94.025287863",39.4,48
"Sánchez, Aníbal",434671,2022,38,"14","69.1",292,253,55,32,9,1,13,48,33,16.4,11.3,".217",".415",".316","0.731",".246",".418",".320",".332",".341",".172",,,,,,,,,,,,,"88.5","18.8",31.9,7.7,37.2,"77.622339608","93.859137143",19.5,45
"Rodriguez, Chris",669735,2021,22,"15","29.2",134,115,28,20,8,0,0,29,15,21.6,11.2,".243",".313",".351","0.664",".211",".290",".304",".286",".323",".079",,,,,,,,,,,,,"88.2","3.6",29.1,3.5,36,"76.783327442","93.838154302",25.1,41.8
"Crawford, Kutter",676710,2024,28,"33","183.2",759,695,155,89,30,2,34,175,51,23.1,6.7,".223",".419",".284","0.703",".222",".422",".304",".307",".284",".200","72.3",29.9,12.9,9.9,30.1,23.1,"7.4",24,12.1,-5.2,56.3,31.1,"88.4","19.8",33.4,9.9,36.3,"77.710617066","93.646279363",25.3,52
"Montgomery, Jordan",656756,2023,30,"32","188.2",777,718,177,111,45,3,18,166,48,21.4,6.2,".247",".393",".295","0.688",".249",".410",".298",".308",".299",".161","72.3",30.7,15.7,11.9,34.8,26.5,"7.6",14,11.9,-3.6,50.1,32.5,"88.3","12",36.3,7.5,37.9,"77.154947138","93.903178297",26,47.6
"Matz, Steven",571927,2020,29,"9","30.2",142,130,42,21,7,0,14,36,10,25.4,7,".323",".700",".369","1.069",".304",".577",".439",".392",".353",".273",,,,,,,,,,,,,"91.5","15.2",42.7,13.5,49,"81.269161064","95.256366489",23.4,47.2
"Dunning, Dane",641540,2020,25,"7","34.0",142,127,25,18,3,0,4,35,13,24.6,9.2,".197",".315",".282","0.597",".224",".351",".268",".295",".306",".127",,,,,,,,,,,,,"87.8","7.8",29.3,6.5,32.6,"76.87542587","93.509046044",27.6,43.8
"Wilson, Justin",458677,2021,33,"42","34.0",149,131,32,20,5,1,6,29,16,19.5,10.7,".244",".435",".331","0.766",".231",".417",".332",".324",".320",".186",,,,,,,,,,,,,"86.9","16",22.5,7.8,36.3,"75.277982857","93.317273878",20.8,46.9
"Marte, Yunior",628708,2024,29,"23","26.0",127,111,34,23,6,0,5,23,15,18.1,11.8,".306",".495",".386","0.881",".299",".489",".381",".383",".383",".190","72",28.1,15.6,12.5,32.8,26.3,"7.4",3,11.6,-1.8,51.2,33.8,"87","11.1",34.8,7.9,42.7,"73.798644889","94.331632022",23.1,44
"Soriano, José",667755,2024,25,"22","113.0",468,407,91,65,17,1,8,97,45,20.7,9.6,".224",".329",".311","0.640",".240",".379",".287",".319",".328",".140","71.6",22.1,14,11,36.1,28.3,"7.4",21,9.5,-0.3,57,33.9,"89.9","-0.9",28.5,6.6,44.3,"78.912250382","94.75069",23.7,46
"Shoemaker, Matt",533167,2021,34,"16","60.1",284,246,73,44,14,0,15,40,27,14.1,9.5,".297",".537",".367","0.904",".282",".537",".380",".380",".357",".255",,,,,,,,,,,,,"89.1","12.2",31.5,9.9,40.4,"78.032759519","94.226239615",22.2,49.4
"Jackson, Luke",592426,2020,28,"19","26.1",132,113,39,32,5,0,2,20,13,15.2,9.8,".345",".442",".409","0.851",".277",".369",".371",".328",".358",".093",,,,,,,,,,,,,"89.9","4.3",22.7,3.1,37.1,"79.779429583","94.357579479",23.1,48
"Loup, Aaron",571901,2020,32,"24","25.0",96,85,17,8,6,0,3,22,4,22.9,4.2,".200",".376",".258","0.634",".243",".418",".273",".312",".298",".175",,,,,,,,,,,,,"86.9","11",34.8,9.1,33.3,"74.770129375","93.599975079",19.4,49.9
"Scott, Tayler",605463,2024,32,"62","68.2",282,239,45,31,6,1,7,71,35,25.2,12.4,".188",".310",".299","0.609",".215",".320",".275",".294",".323",".105","70.5",16.4,11.4,8.2,33.6,24.2,"7.3",11,10.1,0.2,54,31.2,"88","13.5",33.3,3.5,35.7,"77.730330353","93.408071",29.5,44.2
"Rodón, Carlos",607074,2021,28,"24","132.2",534,481,91,62,15,1,13,185,36,34.6,6.7,".189",".306",".255","0.561",".187",".316",".247",".254",".254",".130",,,,,,,,,,,,,"89.2","18.7",29.9,6.6,36.2,"78.535401267","94.0230923",33.2,50.5
"Smith, Will",519293,2023,33,"60","57.1",226,209,44,27,11,1,5,55,17,24.3,7.5,".211",".344",".270","0.614",".226",".379",".262",".283",".284",".154","70.9",18.7,12,9.7,35.2,28.4,"7.5",9,11.6,-7.7,54.8,30.8,"88.2","20.4",39,7.8,38.3,"77.082187237","93.733067105",28.9,50.5
"Cabrera, Génesis",650893,2020,23,"19","22.1",96,76,10,5,2,0,3,32,16,33.3,16.7,".132",".276",".313","0.589",".186",".373",".280",".333",".356",".187",,,,,,,,,,,,,"84","14.3",40.9,9.1,31.8,"70.572427727","92.682076591",39.8,40.6
"Cisnero, José",542585,2020,31,"29","29.2",123,110,23,17,4,1,1,34,10,27.6,8.1,".209",".291",".293","0.584",".234",".396",".266",".315",".315",".162",,,,,,,,,,,,,"90","14.6",36.8,7.9,46.1,"79.733675526","94.408269868",32.5,48.6
"Ortiz, Luis",656814,2023,27,"14","19.0",80,74,23,16,5,1,1,16,5,20,6.3,".311",".446",".354","0.800",".261",".381",".347",".304",".308",".120","73.3",41.7,28.6,25,33.3,29.2,"7.4",0,6.5,-3.8,54.2,32.5,"87.3","4.8",32.2,3.4,37.3,"75.654894138","93.656058246",20.5,48.8
"Rodríguez, Yerry",666720,2023,25,"13","13.2",66,59,20,12,7,0,1,15,6,22.7,9.1,".339",".508",".394","0.902",".264",".393",".381",".311",".329",".129","70.6",11.9,10.7,7.1,39.3,26.2,"7.2",2,7.7,5,42.9,32.2,"92.1","16.3",46.7,4.4,44.4,"83.258230435","94.928296",27,50.7
"Mears, Nick",683232,2024,27,"54","57.2",256,228,61,41,13,0,7,75,24,29.3,9.4,".268",".417",".332","0.749",".213",".360",".324",".283",".284",".146","70.9",18.7,9.5,7,29.1,21.4,"7.2",13,8,-0.2,50.1,31.2,"88.1","14.3",38.2,7,33.1,"77.695528987","93.304873439",28.5,49.5
"Sheffield, Justus",656954,2022,26,"6","11.2",51,43,9,8,0,0,1,7,6,13.7,11.8,".209",".279",".314","0.593",".294",".407",".274",".353",".386",".113",,,,,,,,,,,,,"93.5","3.5",24.3,2.7,56.8,"84.667568889","96.504674444",14.9,41.3
"Bummer, Aaron",607481,2023,29,"61","58.1",267,225,53,36,13,0,4,78,36,29.2,13.5,".236",".347",".352","0.699",".217",".304",".313",".293",".337",".088","70.2",12.8,14.3,9.1,33.3,21.3,"7.3",5,7.9,-2.1,39,35.7,"89.2","-2",27,2.7,44.6,"77.472409863","94.916127724",32.5,40
"Thompson, Zack",668868,2023,25,"25","66.1",287,256,69,46,15,0,8,72,25,25.1,8.7,".270",".422",".336","0.758",".255",".422",".329",".329",".328",".167","70.8",19.2,17.1,14.5,38.9,32.9,"6.9",6,5.4,4.7,41.2,31.1,"90.3","11.6",35.6,6.9,43.6,"79.987046087","94.692869126",23.9,43.8
"Rodríguez, Joely",570257,2022,30,"55","50.1",216,186,42,32,7,0,3,57,26,26.4,12,".226",".312",".322","0.634",".226",".329",".288",".296",".324",".103",,,,,,,,,,,,,"85.3","5",37.1,3.8,31.8,"73.068636","92.839045736",29.2,43.1
"Wilson, Steven",621051,2024,29,"40","34.2",163,128,29,14,7,0,8,34,26,20.9,16,".227",".469",".362","0.831",".243",".445",".347",".354",".379",".202","71",21.7,11.3,8.7,29.9,23,"7.4",3,11.2,-7.3,55.2,30.8,"86.6","26.2",34,12,31,"75.720727551","92.836285052",24.7,46.2
"Heaney, Andrew",571760,2024,33,"32","160.0",693,634,159,105,30,1,23,159,41,22.9,5.9,".251",".410",".307","0.717",".251",".442",".312",".328",".310",".191","72.1",25.7,14.2,10.6,32.3,24.3,"7.4",20,10.5,-3.1,49.4,32.7,"89.6","18.2",37.4,8.3,40.1,"78.990582236","94.388347616",26.3,50.3
"Martinez, Justin",679885,2024,22,"64","72.2",308,267,59,46,10,1,2,91,36,29.5,11.7,".221",".288",".316","0.604",".216",".288",".269",".277",".317",".072","70.7",17.4,8.4,5.6,28.6,18.9,"7.2",10,8.5,0.5,37.1,33.2,"86.4","-0.3",27.9,2.8,31.8,"74.432244483","93.228166034",34.5,47.5
"Smith, Drew",622098,2022,28,"44","46.0",187,171,38,25,4,0,9,53,15,28.3,8,".222",".404",".283","0.687",".222",".424",".300",".306",".283",".202",,,,,,,,,,,,,"90.1","19.5",34.5,11.8,50.4,"79.688325667","95.005406303",30.9,48.6
"McHugh, Collin",543521,2023,36,"41","58.2",268,239,70,55,10,0,5,47,22,17.5,8.2,".293",".397",".362","0.759",".286",".432",".335",".346",".356",".147","71.3",24.5,16.2,11.9,32.5,23.9,"7.3",4,9.7,-1.9,45.9,33,"88.6","10.5",33.5,6.2,35.6,"78.113725895","93.630827632",25.7,47
"Ashcraft, Graham",668933,2024,26,"15","77.1",350,316,89,63,15,0,11,57,27,16.3,7.7,".282",".434",".349","0.783",".275",".444",".342",".349",".345",".169","71.5",21.5,13.9,11.2,33.5,27,"7.1",18,6.4,4.7,48.7,33.3,"90.6","8.8",31.9,7.7,42.7,"80.638921406","94.586504314",22.1,49.3
"Happ, J.A.",457918,2020,37,"9","49.1",196,178,37,22,7,0,8,42,15,21.4,7.7,".208",".382",".273","0.655",".221",".342",".284",".279",".285",".121",,,,,,,,,,,,,"88.1","12.7",26.3,5.1,34.3,"78.233579118","93.142280296",22.5,48
"Webb, Jacob",657097,2024,30,"60","56.2",237,208,40,25,11,0,4,58,27,24.5,11.4,".192",".303",".287","0.590",".207",".352",".266",".291",".300",".145","70.8",17.9,10.2,7.7,29.3,21.9,"7.3",9,11.3,-3.9,52.5,30.6,"87.4","17.7",33.8,7.9,34.4,"76.061058133","93.4304094",27.4,49.6
"Davies, Zach",605200,2023,30,"18","82.1",377,332,98,67,17,4,10,72,39,19.1,10.3,".295",".461",".370","0.831",".280",".457",".360",".355",".358",".177","72.4",28.3,20.2,16.1,33.7,26.8,"7.4",2,11.2,-4.3,46.8,34.4,"89.7","11",35.2,8,42.4,"78.341048626","94.848384733",22,40.3
"Gonzales, Marco",594835,2023,31,"10","50.0",215,195,55,36,14,0,5,34,18,15.8,8.4,".282",".431",".340","0.771",".286",".445",".334",".349",".350",".160",,,,,,,,,,,,,"89.7","13.8",37.4,6.7,36.8,"79.9982705","93.984348",20.1,48.6
"Brasier, Ryan",518489,2020,32,"25","25.0",110,98,24,15,7,0,2,30,11,27.3,10,".245",".378",".318","0.696",".247",".399",".301",".313",".322",".151",,,,,,,,,,,,,"91.1","15.8",44.9,7.2,44.9,"81.462649143","95.098431304",34.1,53.3
"Holland, Greg",518813,2020,34,"28","28.1",112,100,20,12,6,1,1,31,7,27.7,6.3,".200",".310",".270","0.580",".199",".321",".254",".259",".269",".122",,,,,,,,,,,,,"89.8","8.9",29.6,7,40.8,"80.143804","93.943339571",29.9,45
"Trivino, Lou",642152,2020,28,"20","23.1",93,83,16,11,2,0,3,26,10,28,10.8,".193",".325",".280","0.605",".201",".377",".270",".294",".287",".177",,,,,,,,,,,,,"87.7","15.2",29.8,10.5,36.8,"75.920664643","93.825948929",28.5,46.5
"Cruz, Fernando",518585,2023,33,"58","66.0",279,246,52,29,14,3,6,98,28,35.1,10,".211",".366",".295","0.661",".199",".371",".290",".289",".285",".171","71",22.9,11.9,7.6,35,22.4,"7.5",2,14.1,-12.5,47.5,31,"89.1","17",38.7,10,41.3,"78.436758378","94.143397162",34.5,48.9
"Bellatti, Andrew",571479,2022,30,"59","54.1",231,201,47,27,15,0,5,78,26,33.8,11.3,".234",".383",".320","0.703",".201",".365",".309",".294",".296",".164",,,,,,,,,,,,,"88.3","20.2",42.9,12.7,35.7,"77.639110645","93.521334758",37.4,47.1
"Hernández, Carlos",672578,2022,25,"27","56.0",266,229,72,48,16,1,7,35,31,13.2,11.7,".314",".485",".391","0.876",".269",".459",".378",".352",".354",".191",,,,,,,,,,,,,"88.7","14.5",36.7,8,38.2,"77.858146327","93.924304745",23.6,47.4
"Yamamoto, Yoshinobu",808967,2024,25,"18","90.0",368,340,78,48,21,2,7,105,22,28.5,6,".229",".365",".275","0.640",".232",".367",".278",".292",".282",".135","71.4",23.9,13.3,9.9,28.6,21.1,"7.3",6,9,-1.5,48.2,33.6,"88.4","8.4",34.2,8.3,41.3,"76.219423782","94.490868143",27,48.3
"Keuchel, Dallas",572971,2023,35,"10","37.2",172,151,45,28,13,1,3,25,18,14.5,10.5,".298",".457",".378","0.835",".288",".460",".363",".362",".369",".172","73",32.2,14.1,11.3,33,26.5,"7.6",4,12.5,-8.1,52.2,33.5,"86","4.4",31.5,7.1,34.6,"73.493209063","93.34413622",20.4,42.6
"Floro, Dylan",571670,2022,31,"56","53.2",220,204,48,36,7,1,4,48,15,21.8,6.8,".235",".338",".286","0.624",".230",".354",".271",".274",".282",".124",,,,,,,,,,,,,"87.4","8.6",35,5.1,32.5,"76.666522308","93.090077742",22.1,48.8
"De Jong, Chase",608328,2022,28,"42","71.2",293,255,52,27,15,0,10,59,30,20.1,10.2,".204",".380",".299","0.679",".213",".406",".300",".312",".307",".193",,,,,,,,,,,,,"88.4","20.3",29.8,8.6,39.4,"77.67306303","93.742473604",25,45
"Nolin, Sean",543594,2021,31,"10","26.2",123,106,32,21,5,2,4,20,13,16.3,10.6,".302",".500",".385","0.885",".230",".388",".379",".313",".323",".158",,,,,,,,,,,,,"89","14.9",43.2,4.5,40.9,"78.789664651","94.046023605",20.7,46.5
"Weaver, Luke",596133,2020,26,"12","52.0",236,216,63,35,16,2,10,55,18,23.3,7.6,".292",".523",".347","0.870",".252",".463",".368",".332",".312",".211",,,,,,,,,,,,,"89.8","19.3",36.4,9.3,42,"79.435491","94.356294875",24.8,47.9
"Soria, Joakim",465657,2020,36,"22","22.1",96,83,18,14,3,0,1,24,10,25,10.4,".217",".289",".292","0.581",".201",".314",".247",".256",".285",".113",,,,,,,,,,,,,"88","22.8",32.3,3.2,33.9,"78.434909355","92.80770871",23.5,47.5
"McGreevy, Michael",700241,2024,23,"4","23.0",86,83,16,11,3,1,1,18,2,20.9,2.3,".193",".289",".221","0.510",".258",".383",".223",".296",".284",".125","71.4",19.7,15.2,11.8,33.3,26,"7",4,5.7,6.5,48,34.8,"87.3","-3.3",30.8,4.6,33.8,"76.176007813","93.186303281",22.9,46.3
"Milner, Hoby",571948,2021,30,"19","21.2",99,93,30,19,3,0,8,30,3,30.3,3,".323",".613",".357","0.970",".300",".565",".408",".382",".336",".265",,,,,,,,,,,,,"89.4","17.6",50,12.5,43.8,"78.91453625","94.262301905",23.9,46.8
"Baldonado, Alberto",593604,2021,28,"14","10.2",49,41,10,7,0,0,3,12,7,24.5,14.3,".244",".463",".354","0.817",".244",".525",".354",".375",".354",".281",,,,,,,,,,,,,"87.3","21.3",46.7,13.3,26.7,"77.522341333","92.713845517",31.9,42.3
"Díaz, Edwin",621242,2024,30,"54","53.2",216,192,36,24,4,1,7,84,20,38.9,9.3,".188",".328",".273","0.601",".164",".292",".269",".249",".252",".128","71.2",20,6.8,4.3,24.2,15.4,"7.4",11,10.9,-3.1,47.8,31.9,"85.9","13.9",32.1,7.3,30.3,"74.696999818","92.653119817",38.1,48.9
"Ryu, Hyun Jin",547943,2020,33,"12","67.0",275,256,60,42,12,0,6,72,17,26.2,6.2,".234",".352",".285","0.637",".232",".334",".279",".274",".283",".101",,,,,,,,,,,,,"87","9.6",32.4,3.2,29.2,"76.646542667","92.768601899",26.2,49.3
"Bass, Anthony",542914,2021,33,"70","61.1",260,228,55,36,7,1,11,58,24,22.3,9.2,".241",".425",".318","0.743",".251",".444",".312",".331",".329",".193",,,,,,,,,,,,,"88.9","10.7",33.7,8.6,40,"77.82307046","94.345699595",27.1,45.4
"González, Victor",624647,2020,24,"15","20.1",80,74,13,11,2,0,0,23,2,28.7,2.5,".176",".203",".225","0.428",".173",".234",".197",".220",".228",".061",,,,,,,,,,,,,"86.8","-2.4",19.2,0,42.3,"74.411138462","93.612068269",33.6,49.3
"Manaea, Sean",640455,2020,28,"11","54.0",222,211,57,39,10,1,7,45,8,20.3,3.6,".270",".427",".297","0.724",".265",".414",".309",".306",".293",".149",,,,,,,,,,,,,"90.6","9.4",28.6,7.1,44.6,"80.702390964","94.775818364",22,48.6
"McArthur, James",663704,2024,27,"57","56.2",246,228,68,49,10,1,8,49,13,19.9,5.3,".298",".456",".343","0.799",".268",".436",".344",".327",".316",".168","70.9",17.6,17.9,13.3,42.2,31.4,"7.3",12,11,-2.8,56.4,32.8,"90.2","7.1",34.3,8.3,40.3,"79.929693444","94.577994078",28.3,47.3
"Staumont, Josh",622251,2022,28,"42","37.2",176,142,37,22,10,2,3,43,29,24.4,16.5,".261",".423",".383","0.806",".248",".417",".355",".349",".373",".169",,,,,,,,,,,,,"90.2","18.6",38.8,5.8,43.7,"80.385973333","94.434910882",28.4,43.4
"Junis, Jakob",596001,2022,29,"23","112.0",478,446,120,71,33,3,13,98,25,20.5,5.2,".269",".444",".313","0.757",".263",".427",".328",".320",".308",".164",,,,,,,,,,,,,"88.9","12.1",35.3,7.4,38.2,"78.918713161","93.670903285",21.5,45.7
"Marte, José",665896,2024,28,"14","19.1",80,68,14,9,4,0,1,14,10,17.5,12.5,".206",".309",".313","0.622",".244",".350",".283",".327",".357",".106","72.6",24.1,12.5,9.5,34.1,25.9,"7.4",6,10.2,-0.9,57.8,32.5,"88.1","4.7",23.6,3.6,36.4,"77.488165","93.576986",27.1,45
"Nola, Aaron",605400,2024,31,"33","199.1",820,764,189,118,39,2,30,197,50,24,6.1,".247",".421",".295","0.716",".243",".399",".310",".304",".292",".156","71.7",24.5,14.3,10.9,32.5,24.7,"7.5",30,12.9,-6.1,55.3,33.1,"88.5","12",35.4,7.2,38.2,"77.265343569","94.038174053",25.2,48.6
"McFarland, T.J.",519008,2022,33,"28","32.2",145,130,42,31,5,1,5,16,11,11,7.6,".323",".492",".382","0.874",".310",".496",".380",".375",".371",".186",,,,,,,,,,,,,"92.5","4.1",34.5,7.8,51.7,"83.413440175","95.815187699",16.4,46.4
"Turnbull, Spencer",605513,2020,27,"11","56.2",242,208,47,30,13,2,2,51,29,21.1,12,".226",".337",".325","0.662",".276",".431",".296",".354",".371",".155",,,,,,,,,,,,,"91.1","8.5",30,6.3,43.8,"81.291830641","94.939800903",28.2,43.5
"Banks, Tanner",621383,2024,32,"63","72.1",310,277,69,51,11,1,6,78,24,25.2,7.7,".249",".361",".311","0.672",".229",".350",".293",".288",".296",".120","70.8",17.7,12.8,9.6,34.9,26.3,"7",9,5.5,6.5,48.3,32.6,"87.5","10.8",30.2,6.3,34.1,"76.503108137","93.296796305",26.1,48.2
"Scherzer, Max",453286,2023,38,"27","152.2",621,570,126,76,22,0,28,174,45,28,7.2,".221",".407",".282","0.689",".203",".384",".298",".283",".266",".181","71.8",22.6,12.8,9.2,29.4,21.2,"7.4",9,11.5,-4.2,50.5,33,"88.5","20.2",32.2,8.5,36.9,"77.751416869","93.790833646",28.6,51
"Fleming, Josh",676596,2023,27,"12","51.2",221,199,56,38,8,1,9,25,19,11.3,8.6,".281",".467",".339","0.806",".292",".468",".342",".354",".351",".177","70.3",18.8,21.4,18.8,42.9,37.5,"7.6",1,11.5,-4.8,68.8,33.6,"90.7","-0.3",28.8,5.6,48.6,"79.822975568","95.259881136",18.2,46.4
"Herget, Kevin",643361,2023,32,"14","24.1",105,97,26,13,8,1,4,13,6,12.4,5.7,".268",".495",".324","0.819",".269",".528",".346",".359",".325",".258","74",41.2,6.3,5.9,12.5,11.8,"7.6",1,15.2,-6,41.2,34.4,"90.5","16.3",34.5,9.5,44,"80.597936667","94.400157381",19.5,47.8
"Benjamin, Wes",605138,2020,26,"8","22.1",98,91,24,17,3,0,4,21,7,21.4,7.1,".264",".429",".316","0.745",".237",".401",".322",".301",".291",".164",,,,,,,,,,,,,"90.6","16.6",30,7.1,44.3,"81.793167353","94.185916471",26.6,49.4
"Anderson, Brett",474463,2020,32,"10","47.0",202,185,50,30,12,2,6,32,10,15.8,5,".270",".454",".317","0.771",".274",".447",".328",".333",".323",".173",,,,,,,,,,,,,"89.1","4.4",31.4,6.4,48.1,"77.666151299","94.78777513",19.5,44.9
"Osich, Josh",592612,2021,32,"17","14.1",60,55,15,10,1,0,4,9,5,15,8.3,".273",".509",".333","0.842",".234",".341",".359",".288",".297",".108",,,,,,,,,,,,,"86","3.9",23.9,2.2,34.8,"74.179414783","92.981606522",21.7,45.9
"Loup, Aaron",571901,2021,33,"65","56.2",218,193,37,31,4,1,1,57,16,26.1,7.3,".192",".238",".263","0.501",".225",".306",".229",".275",".296",".081",,,,,,,,,,,,,"88.1","9.1",34,2.1,37.6,"77.325418143","93.674168777",27.4,46.8
"Gray, Sonny",543243,2023,33,"32","184.0",754,689,156,111,34,3,8,183,55,24.3,7.3,".226",".319",".288","0.607",".240",".372",".270",".298",".302",".132","71.4",22.6,12.1,9.7,33.8,26.9,"7.2",20,9.5,0.5,56,32.6,"89.1","9.6",32.9,6.9,39.2,"78.435195138","94.126464752",26.1,47.7
"Balazovic, Jordan",666364,2023,24,"18","24.1",108,95,26,17,3,1,5,17,12,15.7,11.1,".274",".484",".352","0.836",".268",".463",".358",".353",".349",".195","70.9",11.6,15.9,13.7,42.7,36.8,"6.9",1,8.5,2.6,51.6,30.7,"92.1","14.3",30.4,7.6,49.4,"83.50657225","95.019168354",18.1,46.4
"Domínguez, Seranthony",622554,2022,27,"54","51.0",207,183,36,23,9,0,4,61,22,29.5,10.6,".197",".311",".285","0.596",".212",".350",".268",".288",".299",".138",,,,,,,,,,,,,"90.2","8.9",31.7,8.1,45.5,"79.842461935","94.632305854",32.6,48.8
"Díaz, Yennsy",660546,2021,24,"20","25.0",113,98,25,17,2,1,5,21,13,18.6,11.5,".255",".449",".345","0.794",".241",".408",".340",".324",".334",".167",,,,,,,,,,,,,"89.8","20.5",25.6,6.4,39.7,"80.364576667","93.895427922",23.5,44.7
"Hess, David",605276,2021,27,"15","20.0",102,88,32,15,7,0,10,18,11,17.6,10.8,".364",".784",".431","1.215",".304",".626",".491",".430",".388",".323",,,,,,,,,,,,,"94.7","21.2",40.3,15.3,50,"87.186483056","96.247814507",23.2,49.3
"Bieber, Shane",669456,2021,26,"16","96.2",405,367,84,54,18,1,11,134,33,33.1,8.1,".229",".373",".299","0.672",".219",".386",".294",".296",".290",".167",,,,,,,,,,,,,"89.7","9.6",38,9,43.6,"78.715321709","94.595495299",36.5,47.9
"Bedrosian, Cam",592135,2020,28,"11","14.2",58,51,10,7,3,0,0,11,6,19,10.3,".196",".255",".276","0.531",".228",".359",".243",".300",".311",".131",,,,,,,,,,,,,"90.8","25.7",24.4,2.4,43.9,"82.286487619","94.416786585",22.9,43.6
"Selby, Colin",681882,2023,25,"21","24.0",114,98,29,23,2,0,4,30,15,26.3,13.2,".296",".439",".389","0.828",".266",".457",".362",".357",".364",".191","71.6",21.4,16.5,11.9,35.7,25.8,"7.4",5,10.5,-3.1,57.9,33.1,"88.1","5",27.5,10.1,42,"75.197004706","94.5642975",29.2,42.3
"Hernández, Jonathan",642546,2022,25,"29","30.1",131,112,26,19,5,0,2,27,17,20.6,13,".232",".330",".338","0.668",".241",".378",".296",".316",".346",".137",,,,,,,,,,,,,"90.3","0.5",27.9,4.7,51.2,"78.477986512","95.940301176",30.3,44.6
"Singer, Brady",663903,2022,25,"27","153.1",621,569,140,102,19,1,18,150,35,24.2,5.6,".246",".378",".301","0.679",".245",".404",".300",".310",".302",".159",,,,,,,,,,,,,"89.3","8.6",33.2,8.2,40.9,"78.537617019","94.198156795",23,44.3
"Gausman, Kevin",592332,2021,30,"33","192.0",775,715,150,97,29,4,20,227,50,29.3,6.5,".210",".345",".264","0.609",".228",".388",".265",".291",".281",".160",,,,,,,,,,,,,"89.1","12.1",30.6,7.1,40.9,"77.914911777","94.447687867",31.4,52.4
"Beck, Tristan",663941,2023,27,"33","85.0",354,330,83,58,15,0,10,68,21,19.2,5.9,".252",".388",".300","0.688",".241",".401",".298",".298",".290",".160","72",25.4,13,10.2,35.1,27.7,"7.5",4,11.1,-2.7,59.5,30.1,"88.1","14.9",32.3,7.6,35.7,"77.489580916","93.428860725",23.6,49.2
"Sánchez, Cristopher",650911,2021,24,"7","12.2",59,50,16,11,4,0,1,13,7,22,11.9,".320",".460",".404","0.864",".208",".306",".377",".282",".305",".098",,,,,,,,,,,,,"84.9","3.7",20.5,5.1,33.3,"72.09312","92.933963333",23.1,49.3
"Krol, Ian",571871,2021,30,"18","18.2",86,76,23,17,1,3,2,18,8,20.9,9.3,".303",".474",".365","0.839",".260",".375",".358",".315",".328",".115",,,,,,,,,,,,,"86.6","9.7",30,5,33.3,"76.385749","92.627715763",23.8,48.1
"Singer, Brady",663903,2023,26,"29","159.2",702,634,182,113,44,5,20,133,49,18.9,7,".287",".467",".341","0.808",".271",".455",".346",".339",".330",".184","72.6",26.6,19.2,14.6,37.8,28.7,"7.5",7,12,-3.4,49.4,34.3,"91","9",34.8,7.8,48.6,"80.379261107","95.275444743",22.7,45.6
"Lynch IV, Daniel",663738,2023,26,"9","52.1",223,204,50,32,8,1,9,34,16,15.2,7.2,".245",".426",".300","0.726",".265",".467",".312",".339",".320",".202","72.9",28.1,17.9,15.6,53.6,46.9,"7.8",0,14.9,-8.3,53.1,32.3,"88.2","18.7",29.7,7.6,32,"78.199267412","93.192133964",24.6,48.8
"Barlow, Scott",605130,2022,29,"69","74.1",290,262,52,38,4,1,9,77,22,26.6,7.6,".198",".324",".266","0.590",".200",".350",".261",".272",".269",".150",,,,,,,,,,,,,"86.4","11.6",29.3,6.9,30.3,"75.276057097","92.812689731",32.5,46.2
"Williams, Devin",642207,2020,25,"22","27.0",100,89,8,5,1,1,1,53,9,53,9,".090",".157",".182","0.339",".107",".180",".164",".182",".197",".073",,,,,,,,,,,,,"83.7","2.4",27.8,5.6,27.8,"71.186602222","92.152826667",51.8,44.3
"Turnbull, Spencer",605513,2024,31,"17","54.1",222,197,37,22,9,0,6,58,20,26.1,9,".188",".325",".279","0.604",".228",".385",".272",".314",".315",".157","71.2",20.1,10.6,8.1,27.5,21,"7.3",4,10.1,-1.2,46.3,34,"87.8","10.7",33.1,7.2,42.4,"76.427432143","93.732989209",25.4,42.6
"Alzolay, Adbert",640470,2021,26,"29","125.2",519,474,112,67,19,1,25,128,34,24.7,6.6,".236",".439",".294","0.733",".244",".451",".312",".324",".302",".207",,,,,,,,,,,,,"89.3","10.8",33.8,9.9,38.1,"78.271738353","94.334088529",27.2,49.3
"Kelly, Joe",523260,2022,34,"43","37.0",170,143,36,25,9,0,2,53,23,31.2,13.5,".252",".357",".365","0.722",".192",".281",".327",".281",".317",".089",,,,,,,,,,,,,"85.9","-0.7",20.9,3.3,31.9,"74.109872667","92.975431685",33.7,41.4
"Reed, Jake",596082,2022,29,"18","16.2",77,66,17,8,7,0,2,13,8,16.9,10.4,".258",".455",".364","0.819",".237",".453",".360",".350",".346",".216",,,,,,,,,,,,,"89.2","14.3",32.1,5.7,47.2,"78.212558519","94.452553774",21.3,41.4
"Heller, Ben",621294,2023,31,"19","18.2",82,69,16,12,1,1,2,16,11,19.5,13.4,".232",".362",".354","0.716",".231",".379",".323",".330",".353",".148","70.2",14.1,14.3,10.9,36.7,28.1,"7.3",0,11,-3.5,42.2,33,"89.2","9.2",35.8,5.7,50.9,"77.557587407","94.951234717",27,45.8
"Newcomb, Sean",656794,2023,30,"7","15.0",61,50,8,5,2,0,1,17,9,27.9,14.8,".160",".260",".311","0.571",".189",".345",".272",".310",".335",".157","69.8",19.4,9.6,7.4,24.1,18.5,"7",1,7.4,4.4,49.1,31.7,"89.7","18.5",27.3,6.1,45.5,"79.746637059","94.261169697",21.4,45
"Peralta, Sammy",671111,2024,26,"9","15.0",72,65,21,14,4,1,2,11,7,15.3,9.7,".323",".508",".389","0.897",".326",".596",".387",".423",".392",".270","71.6",20.6,21.2,16.8,47.1,37.4,"7.2",1,11.8,-7.4,51.4,32.8,"91.1","8.1",40.7,13,50,"80.255487778","95.659009444",19,42.9
"Minter, A.J.",621345,2024,30,"39","34.1",134,121,24,16,2,0,6,35,11,26.1,8.2,".198",".364",".271","0.635",".204",".364",".277",".282",".276",".160","71.9",28.3,12.1,8.8,27.3,19.9,"7.4",5,9.7,-1.8,61.1,31.1,"87.3","15.3",26.4,6.9,33.3,"75.611607674","93.756282588",28.4,52.7
"Quantrill, Cal",615698,2021,26,"40","149.2",616,552,129,87,23,3,16,121,47,19.6,7.6,".234",".373",".302","0.675",".241",".393",".296",".310",".310",".152",,,,,,,,,,,,,"87.6","12.4",31,6.8,34.5,"76.277557416","93.502561435",22.1,47
"Gerber, Joey",680702,2020,23,"17","15.2",62,54,13,7,4,1,1,6,5,9.7,8.1,".241",".407",".306","0.713",".269",".421",".305",".338",".341",".152",,,,,,,,,,,,,"89.3","11.6",38,4,36,"80.5065912","93.494878571",20.2,44.6
"Valdez, César",491624,2020,35,"9","14.1",53,49,7,4,2,1,0,12,3,22.6,5.7,".143",".224",".189","0.413",".237",".337",".182",".270",".277",".100",,,,,,,,,,,,,"89.3","5.7",26.3,2.6,31.6,"79.105592105","93.961381579",30.3,46.6
"Warren, Will",701542,2024,25,"6","22.2",110,97,33,17,11,0,5,29,10,26.4,9.1,".340",".608",".404","1.012",".244",".440",".428",".329",".318",".196","71.5",21.9,13.4,10.1,38.8,29.2,"7.4",2,10.4,-0.3,52.2,33.4,"92.7","14.9",39.1,11.6,50.7,"84.915092","95.202841594",25.8,42.4
"Weiss, Zack",592848,2023,31,"12","14.0",58,50,9,4,1,0,4,15,6,25.9,10.3,".180",".440",".276","0.716",".235",".439",".305",".330",".323",".204","71",15.3,12.5,9.7,25,19.4,"7.5",4,12.4,-4.8,55.6,31.6,"89.2","16.7",41.7,11.1,44.4,"78.436184444","94.124856111",27.2,45.6
"Maeda, Kenta",628317,2024,36,"29","112.1",485,442,124,76,25,1,22,96,31,19.8,6.4,".281",".491",".331","0.822",".254",".431",".351",".326",".311",".177","71.3",19.8,13.7,10.5,32.7,25.2,"7.5",14,13,-5.9,51.3,33.7,"88.4","17",36.9,8.2,36.1,"78.072138352","93.470683011",23.9,47.2
"Johnson, Pierce",572955,2020,29,"24","20.0",80,70,15,10,3,0,2,27,9,33.8,11.3,".214",".343",".300","0.643",".224",".360",".285",".299",".311",".136",,,,,,,,,,,,,"89.1","21.3",40.9,6.8,38.6,"78.443910455","93.966071591",40,43.5
"Wendelken, J.B.",605525,2022,29,"29","29.0",122,107,25,18,3,0,4,21,14,17.2,11.5,".234",".374",".328","0.702",".297",".482",".314",".378",".385",".185",,,,,,,,,,,,,"87.9","13.4",32.6,7,32.6,"77.094962093","93.461895294",22.2,46.1
"Ginkel, Kevin",656464,2020,26,"19","16.0",79,66,21,14,3,1,3,18,13,22.8,16.5,".318",".530",".430","0.960",".247",".434",".406",".347",".371",".187",,,,,,,,,,,,,"89.9","19.7",33.3,6.3,33.3,"80.810324167","93.760887083",32.9,44.7
"Leone, Dominic",608678,2023,31,"51","54.0",235,201,49,26,7,2,14,54,28,23,11.9,".244",".507",".336","0.843",".243",".470",".352",".347",".340",".227","71.9",25.2,13.6,9.2,35,23.8,"7.5",8,10.8,-3.6,55.8,33.1,"89.7","14.7",36.4,11.9,44.4,"78.60371","94.596106556",34.1,50.7
"Gore, MacKenzie",669022,2022,23,"16","70.0",309,266,66,48,9,2,7,72,37,23.3,12,".248",".376",".346","0.722",".256",".445",".323",".350",".354",".190",,,,,,,,,,,,,"90.8","13.7",41.8,9.7,45.4,"80.572947938","94.844756649",24.1,46.4
"Cueto, Johnny",456501,2022,36,"25","158.1",651,604,161,107,37,2,15,102,33,15.7,5.1,".267",".409",".308","0.717",".263",".426",".310",".317",".306",".163",,,,,,,,,,,,,"87.7","13.3",33.7,7.3,35.9,"76.293622421","93.65877503",17.6,49.8
"La Sorsa, Joe",686747,2024,26,"16","17.2",74,66,17,13,0,0,4,14,5,18.9,6.8,".258",".439",".315","0.754",".250",".445",".321",".325",".308",".196","72.4",29.9,14.1,13.1,32.3,29.9,"7.4",1,12.8,-2.4,58.9,33.6,"86.6","15.2",31.5,9.3,33.3,"73.518565385","93.953439808",11,46.9
"Valdez, César",491624,2021,36,"39","46.0",210,194,62,39,14,1,8,45,14,21.4,6.7,".320",".526",".367","0.893",".293",".462",".376",".346",".343",".170",,,,,,,,,,,,,"89.9","8.2",42,6.7,42.7,"78.6153384","94.8871354",28.6,52.2
"Schmidt, Clarke",657376,2023,27,"33","159.0",694,630,169,103,41,1,24,149,46,21.5,6.6,".268",".451",".326","0.777",".252",".420",".334",".320",".312",".168","71.9",25.4,13.7,11,30.5,24.5,"7.3",14,10.3,-1,54.1,32.6,"89.2","13.8",31.1,7.6,41,"77.79197595","94.39970499",22.8,47.1
"Walker, Ryan",676254,2023,27,"49","61.1",263,233,61,40,13,0,8,78,24,29.7,9.1,".262",".421",".333","0.754",".209",".316",".328",".273",".289",".107","70.4",16.5,10.9,7.1,32.1,20.9,"7.6",5,12.4,-8.1,43.3,33.8,"85.1","10.9",32.7,4.4,26.4,"73.980325696","92.207661401",32,45.5
"Lambert, Jimmy",669424,2021,26,"4","13.0",60,51,16,10,3,0,3,10,6,16.7,10,".314",".549",".400","0.949",".301",".579",".402",".409",".391",".278",,,,,,,,,,,,,"89","23.2",40.5,11.9,42.9,"77.991265238","94.765010488",16.1,48
"Moreta, Dauri",664294,2023,27,"55","58.0",239,209,39,18,16,1,4,76,24,31.8,10,".187",".330",".276","0.606",".183",".334",".267",".269",".273",".151","71.6",22.3,8.5,5.8,31.7,21.5,"7.7",0,13.7,-9.9,53.7,31,"86.7","13.3",36,8.1,33.1,"75.08028194","93.171127836",33.6,44.5
"Martinez, Carlos",593372,2020,28,"5","20.0",104,91,32,19,6,1,6,17,10,16.3,9.6,".352",".637",".408","1.045",".298",".510",".428",".370",".365",".212",,,,,,,,,,,,,"88.5","5.8",31.6,6.6,44.7,"76.463549211","94.763601733",19.6,47
"Martinez, Adrián",661309,2022,25,"12","57.2",259,234,69,47,8,1,13,53,19,20.5,7.3,".295",".504",".351","0.855",".276",".494",".367",".356",".336",".217",,,,,,,,,,,,,"89.1","14",35.3,10.3,37.5,"77.549280978","94.414932989",24,47.6
"Darvish, Yu",506433,2022,35,"30","194.2",771,715,148,103,23,0,22,197,37,25.6,4.8,".207",".331",".256","0.587",".225",".402",".259",".294",".273",".177",,,,,,,,,,,,,"88.5","17",31.2,8.8,37.1,"77.848459808","93.614823873",25.1,49.7
"Gausman, Kevin",592332,2022,31,"31","174.2",725,690,188,134,35,4,15,205,28,28.3,3.9,".272",".400",".300","0.700",".241",".391",".304",".288",".272",".149",,,,,,,,,,,,,"89","12.2",38.1,8.1,38.5,"78.199092336","94.021611581",29.4,55.9
"Reynolds, Sean",669308,2024,26,"9","11.0",49,42,10,7,3,0,0,21,5,42.9,10.2,".238",".310",".327","0.637",".146",".210",".288",".217",".250",".064","69.8",14,7.1,4.7,23.2,15.1,"7.2",4,8.1,1.5,52.3,29.8,"83.7","20.2",36.4,0,22.7,"71.879418182","92.312448571",39.2,43.1
"Sandoval, Patrick",663776,2024,27,"16","79.2",353,312,85,61,16,0,8,81,35,22.9,9.9,".272",".401",".349","0.750",".257",".399",".329",".325",".336",".142","71.8",23,13.8,10.5,30.6,23.2,"7.5",15,10,-3.5,48.2,31.6,"87.9","11",32.9,5.1,36.3,"76.703548276","93.645202078",26.5,46.2
"Matzek, Tyler",554431,2020,29,"21","29.0",121,109,23,18,3,1,1,43,10,35.5,8.3,".211",".284",".289","0.573",".180",".271",".261",".244",".261",".091",,,,,,,,,,,,,"86.7","10.7",27.3,3,25.8,"76.687595455","92.485830923",27.5,51.1
"Guerra, Javy",457915,2020,34,"14","15.2",70,63,19,14,3,0,2,13,7,18.6,10,".302",".444",".371","0.815",".256",".416",".356",".328",".332",".160",,,,,,,,,,,,,"91.8","22.1",34,8,40,"84.2029476","94.134217551",25,49
"Guerra, Javy",642770,2020,24,"14","13.1",67,60,25,21,3,0,1,12,5,17.9,7.5,".417",".517",".463","0.980",".320",".449",".425",".371",".385",".129",,,,,,,,,,,,,"90.9","5.3",36.7,4.1,36.7,"81.237449583","95.0723775",21.2,48.1
"Pfaadt, Brandon",694297,2024,25,"32","181.2",760,707,183,122,31,6,24,185,42,24.3,5.5,".259",".421",".302","0.723",".243",".403",".312",".303",".289",".159","72.1",26,13.9,10.5,33.2,25.1,"7.4",20,11,-3.4,52.1,33.2,"89.4","14.1",33,8.1,39.4,"78.684914866","94.224942476",25.4,49.3
"Anderson, Ian",666120,2021,23,"24","128.1",535,475,105,66,23,0,16,124,53,23.2,9.9,".221",".371",".300","0.671",".232",".411",".293",".315",".310",".179",,,,,,,,,,,,,"88.3","6.4",29.4,9.5,38.7,"76.277428889","94.247479971",28.6,46.1
"Skubal, Tarik",669373,2020,23,"8","32.0",134,119,28,15,4,0,9,37,11,27.6,8.2,".235",".496",".306","0.802",".222",".461",".337",".324",".296",".239",,,,,,,,,,,,,"89.6","21",38.1,10.7,39.3,"79.625443095","94.197751205",29.4,50.1
"Antone, Tejay",622088,2020,26,"13","35.1",141,121,20,10,6,0,4,45,16,31.9,11.3,".165",".314",".270","0.584",".167",".286",".261",".265",".276",".120",,,,,,,,,,,,,"86.7","11.9",20.5,7.7,32.1,"74.612157949","93.393673077",34.2,41
"Palencia, Daniel",694037,2024,24,"10","14.2",69,56,14,9,5,0,0,16,12,23.2,17.4,".250",".339",".391","0.730",".230",".344",".336",".335",".375",".114","71.1",20.8,16.5,12.3,32.9,24.5,"7.2",3,6.4,3,45.3,31.4,"92.5","7.1",30,5,45,"82.808318","95.60979675",28.3,45.6
"Erceg, Lucas",668674,2024,29,"61","61.2",253,231,49,35,10,1,3,72,16,28.5,6.3,".212",".303",".281","0.584",".221",".342",".259",".281",".289",".121","71.2",20.4,10.3,7.3,29.6,20.9,"7.3",11,8.6,-0.9,46.6,32.2,"85.9","6.6",31.4,6.3,33.3,"74.037423125","92.89598956",31,47.6
"Santana, Dennis",642701,2021,25,"55","54.2",237,200,48,37,6,1,4,46,32,19.4,13.5,".240",".340",".352","0.692",".258",".415",".310",".346",".367",".158",,,,,,,,,,,,,"88","9.6",35.3,6.4,35.9,"76.723779221","93.719473595",26.8,46.4
"Stanek, Ryne",592773,2021,29,"72","68.1",290,247,46,31,7,0,8,83,37,28.6,12.8,".186",".312",".303","0.615",".200",".385",".276",".307",".315",".185",,,,,,,,,,,,,"91","18.6",37,9.7,43.6,"81.003611707","94.88812362",32.6,47.3
"Burke, Brock",656271,2023,26,"53","59.2",250,236,64,44,6,1,13,52,9,20.8,3.6,".271",".470",".301","0.771",".267",".453",".322",".316",".297",".187","70.2",11,14.8,11.7,35.9,28.2,"7.1",2,9,2.2,47.9,30.7,"89.7","15.8",31,8.6,40.1,"79.300694565","94.280314457",22.2,56.6
"Kopech, Michael",656629,2023,27,"30","129.1",591,483,115,63,21,2,29,134,91,22.7,15.4,".238",".470",".368","0.838",".236",".457",".363",".363",".368",".221","71.3",20.3,15.1,11.9,35.3,27.8,"7.2",9,10.1,-2.8,57.2,30.5,"90.3","17.8",31.6,12.7,42.4,"79.995233636","94.720039517",26.9,42.1
"Barlow, Joe",669618,2021,25,"31","29.0",111,97,12,7,3,0,2,27,12,24.3,10.8,".124",".216",".216","0.432",".202",".362",".200",".287",".288",".161",,,,,,,,,,,,,"89.2","17.2",31.9,5.6,36.1,"79.778486667","93.539210986",25.8,49.5
"Moore, Matt",519043,2024,35,"51","48.1",210,179,39,22,6,0,11,41,26,19.5,12.4,".218",".436",".324","0.760",".214",".424",".329",".324",".320",".210","71.5",22.2,13,9.5,32.8,23.9,"7.4",1,11.5,-4.5,55.6,30.5,"88.8","23",38.3,9.2,35.5,"78.595674559","93.797852941",26.7,48.6
"Gallen, Zac",668678,2020,24,"12","72.0",291,262,55,40,6,0,9,82,25,28.2,8.6,".210",".336",".284","0.620",".225",".369",".275",".296",".298",".144",,,,,,,,,,,,,"87","12.4",33.7,7.2,32.6,"75.761361573","93.139621469",30.2,43.3
"Lawrence, Justin",664875,2023,28,"69","75.0",326,277,65,45,12,3,5,78,36,23.9,11,".235",".354",".334","0.688",".218",".337",".303",".299",".324",".119","70.2",17.4,14.5,11,35.9,27.3,"7.3",3,10,-3.2,40.7,33.8,"89.5","7.8",32.2,5.4,39,"79.216335051","94.027269747",24.1,41.7
"Sears, JP",676664,2023,27,"32","172.1",735,662,165,94,33,4,34,161,53,21.9,7.2,".249",".465",".319","0.784",".243",".457",".335",".332",".314",".215","72.3",27.4,15.9,12.1,33,25.1,"7.5",9,10.5,-4,50.1,33.2,"88.6","22.6",32.7,11.1,38.4,"77.25363428","94.084952044",24.8,51
"Jarvis, Bryce",686826,2023,25,"11","23.2",92,82,14,10,0,1,3,12,9,13,9.8,".171",".305",".250","0.555",".271",".489",".246",".356",".340",".218","71.9",24,15.1,12.4,38.7,31.8,"7.1",5,8,1.5,51.2,32.9,"90.2","11.8",33.8,9.9,45.1,"79.480878286","94.949333571",18.2,43
"Armstrong, Shawn",542888,2020,29,"14","15.0",57,53,9,4,4,0,1,14,3,24.6,5.3,".170",".302",".228","0.530",".225",".370",".233",".286",".280",".145",,,,,,,,,,,,,"88.1","10.6",35.9,7.7,33.3,"78.652858947","92.905422895",26.2,51.5
"Smith, Burch",572143,2021,31,"31","43.1",188,175,49,31,13,0,5,28,11,14.9,5.9,".280",".440",".324","0.764",".280",".457",".328",".336",".324",".177",,,,,,,,,,,,,"91.1","15.5",38.5,5.4,41.9,"81.878499459","94.590554189",20.2,48.2
"Carrasco, Carlos",471911,2024,37,"21","103.2",447,406,112,62,26,5,19,89,33,19.9,7.4,".276",".505",".336","0.841",".257",".443",".360",".335",".322",".186","72.1",27.2,15.6,12.4,33.6,26.7,"7.5",13,11.3,-3.9,52.3,33.8,"89.3","10.8",35.3,8.1,38.8,"78.887420443","94.036830506",22.7,48.7
"Hentges, Sam",656529,2023,26,"56","52.1",223,204,53,42,8,1,2,56,18,25.1,8.1,".260",".338",".318","0.656",".262",".388",".292",".314",".322",".126","71.3",20.6,18.6,13.7,41.1,30.3,"7.3",6,10.1,0.5,46.3,34,"91.6","0.9",32.9,5.4,49,"81.514860676","95.57236527",27.4,45
"Albers, Andrew",452027,2021,35,"5","19.0",89,79,24,11,3,1,9,12,9,13.5,10.1,".304",".709",".382","1.091",".341",".660",".446",".450",".415",".319",,,,,,,,,,,,,"89.3","18.2",38.8,14.9,47.8,"75.856475882","95.833449701",12.7,43
"Pivetta, Nick",601713,2023,30,"38","142.2",587,528,110,55,31,1,23,183,50,31.2,8.5,".208",".402",".283","0.685",".218",".421",".296",".309",".293",".203","71.8",26.3,13.7,9.6,31.1,21.8,"7.3",17,11,-2.3,57.3,31.6,"90.5","13.4",40.1,11.8,43.8,"80.327621156","94.780976127",29.6,48.9
"Castellani, Ryan",624418,2020,24,"10","43.1",189,157,37,18,5,2,12,25,26,13.2,13.8,".236",".522",".360","0.882",".292",".540",".374",".406",".406",".249",,,,,,,,,,,,,"90.9","17.8",35.3,7.5,45.1,"81.435037164","94.716761128",24.9,42.4
"Burnes, Corbin",669203,2022,27,"33","202.0",797,731,144,91,24,6,23,243,51,30.5,6.4,".197",".341",".261","0.602",".212",".344",".267",".274",".275",".132",,,,,,,,,,,,,"87.2","10",31.6,5.7,34.1,"75.64792823","93.404000041",35.2,46.2
"Richards, Trevor",670950,2022,29,"62","64.0",281,240,57,38,9,1,9,82,35,29.2,12.5,".237",".396",".332","0.728",".234",".440",".320",".336",".331",".206",,,,,,,,,,,,,"89.4","17",40.5,11,39.3,"79.041727407","94.075394012",35.1,44.9
"Castellanos, Humberto",528748,2024,26,"7","10.1",48,41,11,8,3,0,0,7,4,14.6,8.3,".268",".341",".354","0.695",".311",".410",".313",".358",".395",".100","71.3",23.5,16.2,13.6,33.8,28.4,"7",0,8,-1.2,48.1,30.6,"86.9","18.9",48.6,0,37.1,"75.173592222","93.806387714",15.6,48.4
"Brothers, Rex",571521,2021,33,"57","53.0",236,193,41,23,9,0,9,75,35,31.8,14.8,".212",".399",".347","0.746",".232",".440",".327",".351",".364",".207",,,,,,,,,,,,,"91.5","15.8",39.2,11.7,45,"81.0763855","95.357261083",33.9,43.4
"Stripling, Ross",548389,2023,33,"22","89.0",381,362,104,69,14,1,20,70,16,18.4,4.2,".287",".497",".320","0.817",".287",".507",".348",".356",".323",".220","71.7",20.5,15.4,12.1,40.2,31.4,"7.4",4,11.8,-1,52.3,33.5,"89.5","10.8",39.6,10.2,41.3,"78.684940959","94.417360342",23.7,48.2
"Pop, Zach",647315,2021,24,"50","54.2",246,213,54,39,10,2,3,51,24,20.7,9.8,".254",".362",".351","0.713",".227",".351",".316",".306",".328",".124",,,,,,,,,,,,,"86.1","3.7",24.5,6.1,33.1,"73.465332152","93.450283822",26.5,46.7
"Bender, Anthony",669622,2022,27,"22","19.1",78,68,17,14,0,0,3,17,8,21.8,10.3,".250",".382",".333","0.715",".254",".436",".318",".345",".345",".182",,,,,,,,,,,,,"87.1","3.3",40.4,9.6,34.6,"75.626573462","93.433617843",28.7,42
"Hernandez, Jose E.",669796,2023,25,"50","50.2",223,197,47,22,15,1,9,62,22,27.8,9.9,".239",".462",".317","0.779",".232",".419",".329",".312",".311",".187","70.4",15.9,15,11.5,33.3,25.5,"7.6",5,14.4,-10.6,58,32.3,"89.2","16.4",34.8,8.7,34.8,"78.063585294","94.337749185",29.3,45.6
"Romano, Jordan",605447,2022,29,"63","64.0",258,232,44,35,5,0,4,73,21,28.3,8.1,".190",".263",".268","0.531",".221",".353",".238",".284",".297",".132",,,,,,,,,,,,,"90.3","12.5",28.9,6.9,45.9,"79.378189487","94.92203391",30.3,52.4
"Valdez, Framber",664285,2023,29,"31","198.0",808,728,166,107,37,3,19,200,57,24.8,7.1,".228",".365",".290","0.655",".248",".411",".287",".319",".313",".163","72.3",25.3,15.3,11.6,37.7,28.5,"7.5",9,10.6,-3,57.2,33.8,"91.5","4.2",30.9,8,45.6,"81.844590865","95.101299868",26.8,47.2
"Cole, A.J.",595918,2020,28,"24","23.1",95,84,19,12,3,1,3,20,9,21.1,9.5,".226",".393",".298","0.691",".190",".292",".290",".243",".266",".102",,,,,,,,,,,,,"86.7","22.3",22.7,3,27.3,"76.848460909","92.383220462",27.3,47.9
"Duarte, Daniel",650960,2023,26,"31","31.2",136,114,24,17,2,0,5,23,20,16.9,14.7,".211",".360",".331","0.691",".190",".312",".310",".291",".317",".123","71.4",17.6,4.7,3.6,19.5,15.2,"7.1",5,7.6,3,55.2,32.6,"85.6","12.6",20.7,4.3,32.6,"73.925526739","92.683037174",24.5,47.9
"Clarke, Taylor",664199,2021,28,"43","43.1",194,179,52,34,14,0,4,39,14,20.1,7.2,".291",".436",".340","0.776",".258",".443",".331",".322",".311",".185",,,,,,,,,,,,,"91.9","15.8",35.5,7.8,43.3,"82.505932714","95.059401511",22.7,51.3
"Montero, Keider",672456,2024,23,"19","98.1",412,378,100,65,14,2,19,77,31,18.7,7.5,".265",".463",".325","0.788",".282",".464",".341",".352",".341",".183","71.7",23.6,15.3,12.3,34.2,27.4,"7.3",11,10.6,-3,53.2,31.6,"88.9","15.5",34.6,7.6,37.9,"78.394926093","93.862829269",21.5,48.3
"Adon, Joan",672851,2023,24,"12","51.2",240,211,60,34,18,0,8,48,24,20,10,".284",".483",".364","0.847",".273",".485",".361",".358",".354",".212","72.4",29.7,18.6,14.7,34.8,27.5,"7.3",4,10.1,-1.3,52.9,32.6,"91.1","13.9",36.4,11.5,48.5,"80.30577061","95.621818282",21.8,47.6
"Phillips, Evan",623465,2023,28,"62","61.1",234,215,38,24,7,1,6,66,13,28.2,5.6,".177",".302",".233","0.535",".224",".357",".232",".275",".277",".133","71",16.7,8.1,6,29.7,22,"7.2",4,7.6,0.8,47.3,33.4,"88.2","15",29.6,6.6,36.8,"77.226944667","93.584796267",29.6,47.7
"Hoffman, Jeff",656546,2023,30,"54","52.1",208,183,29,18,7,1,3,69,19,33.2,9.1,".158",".257",".244","0.501",".188",".281",".226",".250",".270",".093","70.9",18.4,6.4,4.4,24.2,16.7,"7.4",9,12.1,-6,51.3,32.2,"88.1","14.4",24.6,2.5,30.5,"78.079868966","93.127529652",34.6,51.2
"Green, Chad",643338,2023,32,"12","12.0",52,48,12,7,3,1,1,16,4,30.8,7.7,".250",".417",".308","0.725",".225",".345",".305",".272",".284",".121","70.2",10.8,20.7,12.9,37.9,23.7,"7",2,6.9,3,49.5,30.6,"90.5","16.6",31.3,6.3,43.8,"79.432956875","95.182841875",36.7,55.9
"Yamamoto, Jordan",657141,2020,24,"4","11.1",67,59,27,13,5,1,8,13,7,19.4,10.4,".458",".983",".507","1.490",".366",".841",".596",".515",".428",".475",,,,,,,,,,,,,"93","17.9",48.9,21.3,61.7,"83.085993333","96.843026383",19.8,43
"Armstrong, Shawn",542888,2023,32,"39","52.0",207,191,36,25,8,1,2,54,11,26.1,5.3,".188",".272",".246","0.518",".205",".316",".233",".256",".262",".111","71.7",23.8,10.2,7.5,26.9,19.8,"7.1",3,7.8,3.1,57.5,32.5,"87.5","18.1",33.3,3.6,33.3,"76.961953623","93.050103478",26.3,53.8
"Armstrong, Shawn",542888,2024,33,"57","66.2",295,266,77,52,17,2,6,66,25,22.4,8.5,".289",".436",".354","0.790",".275",".453",".345",".350",".343",".179","71.5",20.8,12.6,9.8,28.5,22,"7.1",2,7.2,4.8,52.2,31.8,"88.9","16.7",36.6,8.9,38.1,"77.5847539","94.1636783",22.9,50.9
"Tapia, Domingo",593619,2021,29,"34","33.2",135,120,25,19,5,0,1,26,15,19.3,11.1,".208",".275",".296","0.571",".252",".358",".255",".305",".336",".106",,,,,,,,,,,,,"90","9.2",34,4.3,42.6,"80.074276809","94.21224129",20.8,42.5
"Littell, Zack",641793,2024,28,"29","156.1",656,618,164,111,29,2,22,141,31,21.5,4.7,".265",".426",".306","0.732",".261",".449",".317",".326",".301",".189","72",25.5,14.8,11.6,33.7,26.4,"7.4",19,11.8,-4.1,53.9,31.9,"89.3","18.1",36.2,9.6,39.2,"78.590295546","94.137344568",23.1,51.9
"Urías, Julio",628711,2021,24,"32","185.2",745,691,151,99,33,0,19,195,38,26.2,5.1,".219",".349",".266","0.615",".217",".366",".266",".274",".265",".149",,,,,,,,,,,,,"86","15.5",31.7,5.3,30.3,"74.37826752","92.763477541",24.3,51.3
"Baumann, Mike",657508,2022,26,"13","34.1",149,137,43,31,9,0,3,23,9,15.4,6,".314",".445",".362","0.807",".263",".422",".353",".325",".318",".159",,,,,,,,,,,,,"91.8","9.5",29.6,7,46.1,"82.392005263","95.270243684",16.7,49.5
"Urquidy, José",664353,2020,25,"5","29.2",116,107,22,17,1,0,4,17,8,14.7,6.9,".206",".327",".267","0.594",".282",".463",".263",".348",".338",".182",,,,,,,,,,,,,"89.8","16.7",37.8,6.7,38.9,"80.112611111","93.972113708",20.9,51.3
"Nance, Tommy",667297,2021,30,"27","28.2",127,110,25,15,4,1,5,30,13,23.6,10.2,".227",".418",".323","0.741",".255",".423",".322",".343",".348",".168",,,,,,,,,,,,,"88.1","1.9",29.6,7.4,42,"76.105777","94.401539",24.4,43.2
"Thompson, Keegan",624522,2022,27,"29","115.0",485,431,103,64,20,3,16,108,43,22.3,8.9,".239",".411",".320","0.731",".237",".424",".322",".326",".320",".187",,,,,,,,,,,,,"89","13.2",36.6,8.6,39.1,"78.39404275","93.986615549",24.5,46.2
"Banda, Anthony",607455,2024,30,"48","49.2",209,185,44,34,4,1,5,50,18,23.9,8.6,".238",".351",".309","0.660",".227",".368",".281",".285",".301",".141","71.1",19.8,13.7,9.9,34.8,25.2,"7.2",12,9,-0.7,51,31.4,"88.3","11.9",30.9,6.5,38.8,"76.74134209","94.107629851",30,52.2
"Cano, Yennier",666974,2023,29,"72","72.2",283,266,60,40,16,0,4,65,13,23,4.6,".226",".331",".270","0.601",".243",".359",".261",".282",".287",".116","71.5",21,18.4,13.5,34.7,25.5,"7.4",3,10.1,0.7,43,34.8,"88.4","-2.5",30.2,5.4,38.1,"76.374853232","94.291122792",25.5,50.4
"Greene, Shane",572888,2020,31,"28","27.2",109,96,22,16,4,0,2,21,9,19.3,8.3,".229",".333",".306","0.639",".221",".344",".281",".289",".304",".124",,,,,,,,,,,,,"87.9","15.3",28.6,6.5,33.8,"77.100817632","93.592546133",20.4,40.7
"Bubic, Kris",663460,2021,23,"29","130.0",556,487,121,73,23,3,22,114,59,20.5,10.6,".248",".444",".336","0.780",".250",".455",".337",".347",".339",".205",,,,,,,,,,,,,"88.8","9.1",34.8,9,39.6,"77.282799734","94.2339008",23.4,44.8
"Swanson, Erik",657024,2021,27,"33","35.1",144,132,28,16,4,3,5,35,10,24.3,6.9,".212",".402",".271","0.673",".206",".369",".285",".274",".265",".163",,,,,,,,,,,,,"87.7","22",30.6,8.2,30.6,"78.590408571","92.405222347",27.6,53.9
"Crochet, Garrett",676979,2023,24,"13","12.2",64,47,12,7,4,0,1,12,13,18.8,20.3,".255",".404",".413","0.817",".237",".417",".364",".385",".412",".179","69.3",11.1,9.1,5.6,27.3,16.7,"6.8",0,2.7,7.3,50,29.6,"88.7","17.9",36.8,10.5,44.7,"77.342406842","94.675698919",26.2,44.5
"Guduan, Reymin",594056,2021,29,"11","14.1",65,55,19,14,4,0,1,5,5,7.7,7.7,".345",".473",".375","0.848",".332",".515",".355",".411",".393",".182",,,,,,,,,,,,,"90.5","11.7",47.3,9.1,40,"81.149031111","94.51831963",19.6,48.9
"Williams, Taylor",592865,2021,29,"11","11.2",55,44,12,8,3,0,1,9,8,16.4,14.5,".273",".409",".400","0.809",".252",".395",".359",".349",".384",".144",,,,,,,,,,,,,"91.6","9.6",33.3,5.6,47.2,"81.579246667","95.068142778",25.5,44.7
"Matthews, Zebby",805673,2024,24,"9","37.2",177,164,51,31,9,0,11,43,11,24.3,6.2,".311",".567",".362","0.929",".275",".538",".397",".371",".328",".264","71.5",22.2,13.7,10.5,33.7,25.9,"7.3",6,10,-1.5,57.7,31,"90.5","14.1",38,14,42.1,"80.995728689","94.314896529",24,49.9
"Sale, Chris",519242,2024,35,"29","177.2",702,652,141,96,32,4,9,225,39,32.1,5.6,".216",".319",".269","0.588",".211",".323",".260",".263",".264",".112","70.6",17.1,10.3,7.3,29.1,20.7,"7.4",26,11,-5.3,45.6,32.3,"86.5","9.6",34.9,5.6,31.2,"75.016805094","93.046190662",31,49
"Velasquez, Vince",592826,2023,31,"8","37.1",162,146,35,22,9,0,4,37,14,22.8,8.6,".240",".384",".311","0.695",".247",".401",".305",".316",".317",".155",,,,,,,,,,,,,"88.3","19.5",37.3,6.4,39.1,"76.945370182","94.173883303",27.2,46.9
"Spiers, Carson",686730,2023,25,"4","13.0",64,56,18,14,3,0,1,12,7,18.8,10.9,".321",".429",".391","0.820",".260",".388",".359",".319",".337",".127","71.4",26.2,8.9,7.4,28.7,23.8,"7.3",1,11.8,-7.7,50,31.4,"87.6","21.8",33.3,4.4,33.3,"76.731862174","93.699410222",20.4,48.8
"Brito, Jhony",666745,2024,26,"26","43.2",185,173,49,40,4,1,4,29,10,15.7,5.4,".283",".387",".321","0.708",".261",".416",".308",".315",".302",".154","71.5",20.8,14.4,11.8,31.8,26.1,"7.2",3,10,-0.7,54.7,30.6,"87.3","9",30.1,6.2,35.6,"75.888233151","93.492310966",19,48.7
"Lambert, Peter",663567,2024,27,"28","61.1",280,242,73,50,12,4,7,50,29,17.9,10.4,".302",".471",".374","0.845",".261",".400",".362",".327",".342",".139","71.8",23.8,12.8,10.2,32.5,25.8,"7.4",8,10.2,-4.2,47.9,33.3,"88.1","16.1",38.9,6.1,36.9,"77.418341414","93.391432335",22,48
"Peterson, David",656849,2024,28,"21","121.0",510,453,110,79,22,1,8,101,46,19.8,9,".243",".349",".320","0.669",".259",".407",".299",".333",".337",".148","71.6",23.9,17.5,13.3,36.9,28,"7.2",17,7.8,3.2,45.5,33.4,"89.3","7.2",35.7,7.3,42.7,"78.331204972","94.426613853",25.6,47.8
"Cessa, Luis",570666,2021,29,"53","64.2",263,240,55,39,10,1,5,54,21,20.5,8,".229",".342",".291","0.633",".248",".377",".277",".302",".308",".130",,,,,,,,,,,,,"86.9","8.5",30.3,6.4,35.1,"74.765513978","93.642948978",27,46.8
"Peralta, Freddy",642547,2023,27,"30","165.2",680,617,131,75,30,0,26,210,54,30.9,7.9,".212",".387",".282","0.669",".211",".364",".291",".284",".280",".153","71.4",23.8,10.1,6.6,26.5,17.4,"7.2",13,9.9,-2.9,48,32.4,"87.6","14.6",32.3,8.6,37.7,"75.952795517","93.704981926",33.6,47.8
"Logue, Zach",656657,2022,26,"14","57.0",257,232,68,34,18,3,13,42,20,16.3,7.8,".293",".565",".353","0.918",".268",".537",".391",".369",".331",".269",,,,,,,,,,,,,"89.5","19.4",35.8,12.4,42.5,"78.442144479","94.612750262",21.5,48.1
"Cantillo, Joey",676282,2024,24,"9","38.2",163,147,35,18,11,0,6,44,15,27,9.2,".238",".435",".307","0.742",".221",".396",".321",".303",".293",".175","71.2",21.9,15.8,11.1,34.7,24.4,"7.4",7,11.1,-6.7,43.3,31.4,"89.1","11",30.8,7.7,40.4,"78.602451538","93.98513835",31.1,43.5
"Manning, Matt",666159,2021,23,"18","85.1",385,344,96,61,23,2,10,57,33,14.8,8.6,".279",".445",".344","0.789",".281",".465",".340",".352",".348",".184",,,,,,,,,,,,,"91.4","11.8",32,7.9,42.3,"82.082211379","94.889601034",16.9,47.4
"Pop, Zach",647315,2024,27,"58","48.1",209,185,45,30,6,0,9,33,19,15.8,9.1,".243",".422",".317","0.739",".264",".429",".315",".335",".338",".165","71.8",22.9,12.5,9.9,34.4,27.2,"7.2",6,8.8,-0.7,57.3,33.3,"88.9","4.9",25.2,7.1,44.5,"77.184377632","94.457844503",22.1,49.3
"Loup, Aaron",571901,2023,35,"55","48.2",231,208,65,46,13,0,6,45,20,19.5,8.7,".313",".462",".377","0.839",".257",".423",".358",".321",".327",".166","71.2",23.4,14.3,11.7,32.1,26.3,"7.2",1,7.7,2.2,44.4,33.6,"87.9","8.2",39.6,8.5,37.2,"76.320776296","93.91056354",20.8,50.7
"McGee, Jake",459429,2022,35,"42","37.0",163,149,41,24,9,2,6,25,12,15.3,7.4,".275",".483",".327","0.810",".255",".506",".346",".348",".312",".251",,,,,,,,,,,,,"90.2","22.6",33.3,11.9,42.1,"80.33363619","94.44514576",19.3,52.8
"Gilbreath, Lucas",656458,2021,25,"47","42.2",185,159,33,24,4,0,5,44,23,23.8,12.4,".208",".327",".308","0.635",".195",".318",".285",".286",".301",".123",,,,,,,,,,,,,"84.2","13.6",28.2,4.3,23.1,"73.382732931","91.568159741",29.8,45.4
"Bello, Brayan",678394,2023,24,"28","157.0",668,611,165,103,36,2,24,132,45,19.8,6.7,".270",".453",".324","0.777",".250",".415",".334",".316",".308",".164","71.8",24.6,16.9,13.1,35.5,27.6,"7.4",8,10.4,-2.2,46.9,33.9,"89.5","4.9",28,7,44.3,"78.007244174","94.760085031",24.4,48.4
"Ramírez, Yohan",670990,2022,27,"30","37.1",167,139,32,21,7,0,4,32,20,19.2,12,".230",".367",".352","0.719",".246",".392",".324",".339",".364",".147",,,,,,,,,,,,,"87.8","8.7",32.1,7.3,38.5,"75.423281321","94.43469819",23.8,42.7
"Suarez, José",660761,2022,24,"22","109.0",462,423,103,64,24,1,14,103,33,22.3,7.1,".243",".404",".304","0.708",".230",".395",".309",".299",".292",".165",,,,,,,,,,,,,"88.7","12",36,8.4,38.2,"78.127433813","93.809053313",24.6,51.1
"Irvin, Cole",608344,2024,30,"29","111.0",492,450,132,81,28,5,18,78,29,15.9,5.9,".293",".498",".340","0.838",".285",".519",".357",".366",".334",".235","71.7",23.6,16.4,13.7,36.6,30.6,"7.3",4,10.4,-1.6,54.4,31.9,"89.9","15.3",38.8,12.7,40.9,"79.667176223","94.409981813",17,48.3
"Gant, John",607231,2021,28,"39","110.0",491,408,95,64,17,4,10,92,71,18.7,14.5,".233",".368",".352","0.720",".256",".402",".321",".346",".373",".146",,,,,,,,,,,,,"89.9","10.1",32,5.6,38.5,"79.723444331","94.336825687",24.6,43.3
"Walker, Ryan",676254,2024,28,"76","80.0",308,279,50,37,7,1,5,99,18,32.1,5.8,".179",".265",".251","0.516",".191",".299",".233",".255",".262",".109","70.4",17.1,10.9,7.9,28.4,20.8,"7.3",12,9.8,-3,40.4,33.5,"86.4","9.8",31.3,6,30.2,"74.143548667","93.372112011",28.6,46
"Domínguez, Seranthony",622554,2023,28,"57","50.0",224,195,48,37,4,0,7,48,22,21.4,9.8,".246",".374",".339","0.713",".243",".400",".318",".330",".338",".157","72.4",31.1,9.2,6.6,20.8,15,"7.3",3,9.5,-1.4,52.7,33.1,"85.5","14.8",35.8,8.1,31.1,"72.580060685","93.227442397",28,50.6
"McArthur, James",663704,2023,26,"18","23.1",90,85,20,10,7,1,2,23,2,25.6,2.2,".235",".412",".256","0.668",".227",".331",".280",".268",".256",".104","72.6",32.5,15.8,12.2,31.6,24.4,"7.7",4,13.9,-7.4,56.1,33.7,"89.1","3.4",28.1,4.7,43.8,"77.060882813","94.783109841",24.8,47.2
"Kimbrel, Craig",518886,2021,33,"63","59.2",235,206,31,19,5,1,6,100,23,42.6,9.8,".150",".272",".243","0.515",".157",".281",".230",".241",".251",".124",,,,,,,,,,,,,"90.5","19.7",41.3,6.4,39.8,"81.391532037","94.353208796",43.7,45.6
"Morejon, Adrian",670970,2020,21,"9","19.1",79,75,20,11,2,0,7,25,4,31.6,5.1,".267",".573",".304","0.877",".274",".538",".365",".358",".311",".264",,,,,,,,,,,,,"86.7","9.1",44,12,36,"74.3715784","93.523331",28.5,46.9
"Davis, Wade",451584,2021,35,"40","42.2",190,163,44,30,6,0,8,38,19,20,10,".270",".454",".344","0.798",".275",".499",".341",".372",".356",".224",,,,,,,,,,,,,"90.4","17.1",42.7,9.2,46.6,"79.927345385","94.935145814",23.4,48.4
"Barria, Jaime",642545,2021,24,"13","56.2",250,228,70,48,14,0,8,35,19,14,7.6,".307",".474",".364","0.838",".297",".477",".361",".360",".355",".180",,,,,,,,,,,,,"90","14.2",36.6,6.2,41.8,"79.320252887","94.599133679",19.1,46.2
"Rogers, Taylor",573124,2022,31,"66","64.1",274,239,57,34,13,3,7,84,19,30.7,6.9,".238",".406",".319","0.725",".231",".400",".315",".315",".316",".169",,,,,,,,,,,,,"88.6","12.7",35.6,8.8,40.6,"76.673237468","94.383357722",31.2,43.8
"Bradford, Cody",674003,2024,26,"14","76.1",308,293,64,41,9,4,10,70,13,22.7,4.2,".218",".379",".253","0.632",".230",".409",".273",".292",".264",".180","71.6",23.9,15.3,11.8,36.7,28.2,"7.2",5,10.4,-2.5,50.8,30.6,"88.8","17.8",35.3,8.9,34.8,"77.834812973","93.938793468",23.6,49.1
"Hoffman, Jeff",656546,2020,27,"16","21.1",104,91,32,19,9,1,3,20,9,19.2,8.7,".352",".571",".413","0.984",".299",".497",".412",".367",".367",".199",,,,,,,,,,,,,"92.3","16.2",34.2,9.6,53.4,"82.967305833","95.6939525",22.2,46.4
"Castillo, Luis",622491,2022,29,"25","150.1",615,557,118,77,28,0,13,167,45,27.2,7.3,".212",".332",".279","0.611",".223",".357",".273",".288",".291",".134",,,,,,,,,,,,,"89","10.4",33.8,6.9,37.6,"78.443293679","94.004473005",27.8,49.4
"Kuhnel, Joel",669270,2024,29,"6","10.0",39,38,8,5,2,0,1,5,0,12.8,0,".211",".342",".231","0.573",".257",".405",".248",".300",".276",".149","71",21.9,13.8,11,29.3,23.3,"7.2",0,7.8,1,49.3,33.3,"88.5","12.1",30.3,6.1,39.4,"77.312104706","94.174274242",22.2,51.3
"Plesac, Zach",668676,2024,29,"3","12.0",54,47,12,5,3,0,4,5,7,9.3,13,".255",".574",".352","0.926",".279",".626",".392",".421",".373",".347","71.9",28,13.4,11,34.3,28,"7.6",1,14.6,-8.4,57.3,31.6,"90.8","30.5",35.7,23.8,45.2,"80.606332857","95.049601463",18.8,46.2
"VerHagen, Drew",572403,2023,32,"60","61.0",268,230,52,31,12,0,9,60,26,22.4,9.7,".226",".396",".325","0.721",".216",".383",".314",".308",".317",".166","71.8",22.6,16.1,11.3,31.2,21.8,"7.7",4,15.7,-10.4,57.1,32.5,"88.1","15.5",30.1,8.1,36.4,"77.23417593","93.51544564",30.6,46.4
"Funkhouser, Kyle",608335,2020,26,"13","17.1",81,69,22,15,3,1,3,12,11,14.8,13.6,".319",".522",".407","0.929",".311",".468",".397",".385",".406",".157",,,,,,,,,,,,,"90.3","8.9",39.7,5.2,39.7,"79.942747931","94.810602105",23,43.6
"Heaney, Andrew",571760,2022,31,"16","72.2",310,280,60,29,16,1,14,110,19,35.5,6.1,".214",".429",".285","0.714",".202",".392",".311",".291",".274",".190",,,,,,,,,,,,,"91.2","17.8",34.3,11,47.7,"81.030752771","95.11287903",35.9,51.1
"Lyles, Jordan",543475,2021,30,"32","180.0",769,697,194,119,34,3,38,146,56,19,7.3,".278",".499",".335","0.834",".270",".486",".354",".350",".329",".216",,,,,,,,,,,,,"89.9","15.3",35.5,9.1,41.6,"79.618644051","94.390029088",23.5,48.2
"Gilbert, Tyler",656457,2023,29,"11","17.1",72,67,21,11,7,1,2,19,5,26.4,6.9,".313",".537",".361","0.898",".303",".543",".382",".383",".351",".241","72.2",33.7,23.9,18.5,38,29.3,"7.1",3,8.9,0.5,50,33.5,"91.6","11.2",37.5,12.5,45.8,"79.577044583","96.537793404",27.2,47.5
"Hoyt, James",624586,2020,33,"24","14.2",62,52,9,4,4,0,1,20,8,32.3,12.9,".173",".308",".290","0.598",".210",".359",".264",".301",".324",".149",,,,,,,,,,,,,"87.7","14.8",39.4,12.1,36.4,"76.018377647","94.046121515",35.3,47.5
"De León, José",592254,2021,28,"9","18.1",91,76,22,13,5,0,4,33,11,36.3,12.1,".289",".513",".385","0.898",".225",".437",".381",".337",".335",".212",,,,,,,,,,,,,"89","14.6",46.7,15.6,44.4,"76.652645652","94.823048222",33.1,47
"Kimbrel, Craig",518886,2024,36,"57","52.1",232,192,40,25,7,1,7,73,31,31.5,13.4,".208",".365",".329","0.694",".216",".390",".309",".323",".336",".174","71",19.1,12.7,9,32.7,23.1,"7.1",9,7.2,2.6,46.5,31.1,"91.1","17.3",37.4,10.6,43.1,"81.560687377","94.92765877",30.9,43
"Okert, Steven",595345,2022,30,"60","51.1",221,183,34,20,7,0,7,63,26,28.5,11.8,".186",".339",".309","0.648",".193",".306",".291",".283",".315",".113",,,,,,,,,,,,,"86.8","19.9",31.2,5.6,29.6,"75.778326","92.900734083",29.7,45.9
"Puk, A.J.",640462,2021,26,"12","13.1",65,58,18,16,1,0,1,16,6,24.6,9.2,".310",".379",".385","0.764",".258",".358",".341",".312",".339",".100",,,,,,,,,,,,,"93.8","7.6",33.3,2.4,50,"85.190647619","96.278192439",24.8,44.9
"Kela, Keone",605309,2021,28,"12","10.2",48,45,11,8,0,0,3,13,3,27.1,6.3,".244",".444",".292","0.736",".235",".452",".315",".314",".283",".216",,,,,,,,,,,,,"89.5","17.7",37.5,12.5,40.6,"78.891848125","94.42286125",22.6,41.4
"Phelps, David",475479,2022,35,"65","63.2",272,236,52,39,9,2,2,64,31,23.5,11.4,".220",".301",".321","0.622",".232",".356",".286",".310",".331",".125",,,,,,,,,,,,,"88.4","16.1",36.4,5.2,34.7,"78.147793412","93.485131479",19.5,40.1
"Frankoff, Seth",571676,2021,32,"4","14.2",74,60,20,13,3,0,4,11,9,14.9,12.2,".333",".583",".437","1.020",".251",".496",".434",".375",".367",".245",,,,,,,,,,,,,"85.2","9.9",26.9,7.7,36.5,"71.2525748","93.772037143",17.9,47.3
"Flaherty, Jack",656427,2022,26,"9","36.0",167,139,36,23,7,2,4,33,22,19.8,13.2,".259",".424",".380","0.804",".244",".417",".358",".350",".367",".173",,,,,,,,,,,,,"87.2","11.8",38.3,5.6,30.8,"75.984204615","93.320280971",25.9,43.8
"Diekman, Jake",518617,2022,35,"70","57.2",269,216,52,32,11,0,9,79,42,29.4,15.6,".241",".417",".379","0.796",".211",".360",".353",".324",".356",".150",,,,,,,,,,,,,"89.8","15.9",38.6,7.1,39.3,"79.317855942","94.375530072",33.1,42.7
"Espinoza, Anderson",659262,2022,24,"7","18.1",85,65,14,8,2,0,4,19,16,22.4,18.8,".215",".431",".400","0.831",".213",".389",".374",".359",".398",".176",,,,,,,,,,,,,"89","8.1",30.4,10.9,32.6,"79.266921304","93.73419",25.4,37.9
"Hader, Josh",623352,2023,29,"61","56.1",231,196,32,26,3,0,3,85,30,36.8,13,".163",".224",".284","0.508",".156",".234",".239",".240",".278",".078","70.7",15.4,5.4,3.8,20.1,14.4,"7.1",3,7.9,1.8,43.3,33,"87","20.5",33.6,4.4,28.3,"76.457276","92.803634545",33.1,50.1
"Bachman, Sam",696147,2023,23,"11","17.0",77,65,17,16,0,1,0,14,11,18.2,14.3,".262",".292",".377","0.669",".282",".343",".308",".334",".394",".061",,,,,,,,,,,,,"90.2","2.4",21.6,0,41.2,"80.577997308","94.325707451",28.3,43.7
"Kuhl, Chad",641771,2020,27,"11","46.1",197,165,35,21,6,0,8,44,28,22.3,14.2,".212",".394",".333","0.727",".270",".507",".322",".385",".382",".237",,,,,,,,,,,,,"89.5","14.4",33.6,13.1,39.3,"78.284208333","94.600981849",27.2,39.7
"Acevedo, Domingo",642758,2022,28,"70","67.2",266,243,50,29,11,1,9,58,17,21.8,6.4,".206",".370",".265","0.635",".236",".387",".273",".294",".295",".150",,,,,,,,,,,,,"86.7","14",31.4,7.4,33,"75.018188043","93.210463043",31.2,54.8
"Barlow, Scott",605130,2020,27,"32","30.0",125,113,27,18,5,0,4,39,9,31.2,7.2,".239",".389",".304","0.693",".247",".424",".295",".313",".312",".177",,,,,,,,,,,,,"86.8","7.2",36,8,41.3,"73.522600811","94.13214527",37.6,46.7
"Cisnero, José",542585,2023,34,"63","59.1",267,233,63,43,9,1,10,70,25,26.2,9.4,".270",".446",".351","0.797",".247",".432",".344",".332",".332",".185","71.7",21.4,16.1,11.8,30.7,22.5,"7.2",7,9.9,-1.6,52.4,34.4,"90.1","14.3",31.9,9.6,44.6,"78.654910244","95.094546098",25.3,48.6
"Detwiler, Ross",446321,2020,34,"16","19.2",81,75,19,13,4,0,2,15,5,18.5,6.2,".253",".387",".309","0.696",".238",".382",".299",".294",".294",".145",,,,,,,,,,,,,"88.5","8.8",25,3.3,46.7,"76.18333","94.728199167",28.4,49.8
"Leiter, Jack",683004,2024,24,"9","35.2",173,148,44,26,9,2,7,31,17,17.9,9.8,".297",".527",".374","0.901",".278",".514",".384",".377",".361",".236","71.5",23.7,14.9,10.8,38,27.5,"7.2",3,9.8,-0.2,54,31.3,"91.2","16.4",35.5,9.9,44.6,"80.954927288","95.264334831",27.9,48.7
"Hoeing, Bryan",663773,2024,27,"34","53.2",210,196,43,33,5,1,4,43,14,20.5,6.7,".219",".316",".271","0.587",".283",".460",".259",".344",".331",".177","71.5",23,20,15.7,41.5,32.6,"7.4",7,10.9,-2.1,58.6,32.9,"90.9","7.2",36.6,7.8,45.8,"80.261962763","95.228734768",22.5,45.5
"May, Trevor",543507,2023,33,"49","46.2",205,168,35,24,6,1,4,40,29,19.5,14.1,".208",".327",".332","0.659",".242",".390",".290",".328",".361",".149","71",20.5,10.4,8.2,38.3,30.1,"7.3",0,11.9,-2.1,55.5,32.9,"88","21.4",33.1,6,36.1,"76.610598462","93.861652077",23.6,44.1
"Syndergaard, Noah",592789,2022,29,"25","134.2",565,525,138,95,24,5,14,95,31,16.8,5.5,".263",".408",".307","0.715",".264",".433",".312",".328",".311",".170",,,,,,,,,,,,,"87.1","12.3",37.7,7.8,34,"75.988664419","93.163365268",20.2,49.9
"Miley, Wade",489119,2021,34,"28","163.0",690,627,166,112,35,2,17,125,50,18.1,7.2,".265",".408",".321","0.729",".249",".401",".317",".312",".308",".153",,,,,,,,,,,,,"85.7","8",31.8,6.1,34.2,"73.012654016","93.173406821",23.9,47.5
"Luetge, Lucas",476595,2021,34,"57","72.1",301,281,67,46,14,1,6,78,15,25.9,5,".238",".359",".283","0.642",".240",".359",".279",".282",".284",".120",,,,,,,,,,,,,"86.6","15.2",36.3,4.4,31.4,"75.911397745","92.669979363",27.6,50.4
"Brewer, Colten",605155,2020,27,"11","25.2",122,107,31,18,7,0,6,25,14,20.5,11.5,".290",".523",".377","0.900",".318",".565",".385",".416",".403",".246",,,,,,,,,,,,,"89.2","6",37.8,14.6,40.2,"76.66502325","95.19616475",22.4,49.4
"Kintzler, Brandon",445213,2021,36,"29","29.2",141,131,45,29,8,1,7,22,8,15.6,5.7,".344",".580",".383","0.963",".312",".526",".402",".378",".357",".214",,,,,,,,,,,,,"91.7","3.1",33.6,7.3,48.2,"80.348147455","96.123431651",15.8,45.9
"Bird, Jake",656234,2023,27,"70","89.1",381,341,94,67,19,2,6,77,27,20.2,7.1,".276",".396",".336","0.732",".259",".410",".320",".329",".326",".152","71.3",21.6,13.6,11.3,40.9,33.8,"7.3",4,10.1,-2,46,34.6,"89.7","5.3",33,8.1,43.7,"78.730692222","94.68471237",21.1,45.6
"Middleton, Keynan",641871,2022,28,"18","17.0",69,64,16,7,4,0,5,15,3,21.7,4.3,".250",".547",".294","0.841",".276",".531",".359",".363",".319",".255",,,,,,,,,,,,,"87.6","20.3",44,12,38,"75.824922","93.852013878",36.6,54.4
"Betances, Dellin",476454,2020,32,"15","11.2",59,45,12,11,1,0,0,11,12,18.6,20.3,".267",".289",".441","0.730",".252",".309",".352",".354",".430",".056",,,,,,,,,,,,,"82.5","10.9",41.2,0,17.6,"71.258995294","90.919969118",21.4,34.9
"Puk, A.J.",640462,2022,27,"62","66.1",281,244,53,34,11,1,7,76,23,27,8.2,".217",".357",".310","0.667",".221",".369",".296",".301",".314",".148",,,,,,,,,,,,,"86.9","11.4",29.2,8.8,35.1,"74.595083976","93.650068",29.2,47.6
"Merryweather, Julian",657240,2024,32,"15","15.0",74,61,18,9,8,1,0,14,9,18.9,12.2,".295",".459",".405","0.864",".276",".442",".377",".371",".392",".166","69.5",10,12.7,10,38,30,"7.1",4,6.6,0.6,38.9,31.8,"93.5","11.9",39.6,4.2,53.2,"85.830069583","95.644192766",24.2,47.1
"Newcomb, Sean",656794,2024,31,"7","10.0",45,35,9,6,1,0,2,7,8,15.6,17.8,".257",".457",".409","0.866",".243",".441",".376",".366",".398",".198","71.1",20.9,12.5,10.4,32.1,26.9,"7",1,6,4.6,49.3,31.8,"88.7","11.9",24.1,6.9,44.8,"77.250324286","94.435599286",19.7,41.3
"Adams, Austin",613534,2021,30,"65","52.2",241,176,28,16,10,1,1,76,35,31.5,14.5,".159",".244",".366","0.610",".161",".263",".297",".310",".372",".102",,,,,,,,,,,,,"85.7","20.1",38.7,5.7,24.5,"76.080299808","91.761483398",34.2,40.4
"Miller, Tyson",668338,2024,28,"58","62.0",235,217,39,24,8,0,7,54,11,23,4.7,".180",".313",".235","0.548",".218",".396",".242",".290",".270",".179","71.3",22.4,12.2,9.3,31.8,24.1,"7.3",6,10.2,-4.7,48.8,29.9,"88.2","20.3",33.3,7.9,34.5,"77.718869756","93.500990798",26.5,52.1
"Herget, Jimmy",623474,2022,28,"49","69.0",266,245,48,28,15,1,4,63,15,23.7,5.6,".196",".314",".250","0.564",".213",".348",".245",".266",".267",".135",,,,,,,,,,,,,"88.1","15",31.4,6.5,36.2,"77.576868667","93.407438444",25.3,46.9
"Lorenzen, Michael",547179,2024,32,"26","130.1",535,468,101,63,20,1,17,97,59,18.1,11,".216",".372",".310","0.682",".240",".423",".303",".332",".332",".183","71.6",22.1,14.5,11.4,33.8,26.5,"7.3",13,10.6,-1.3,48.3,32.7,"88.5","15.1",32.2,8,39.4,"76.902993817","94.185249946",22.8,44.7
"Valdez, Framber",664285,2020,26,"11","70.2",288,263,63,49,6,3,5,76,16,26.4,5.6,".240",".342",".293","0.635",".239",".378",".279",".301",".298",".140",,,,,,,,,,,,,"91.4","-0.8",33.5,7.9,48.7,"81.369185532","95.230895957",24.5,44.8
"Smith, Burch",572143,2020,30,"6","12.0",44,43,7,4,2,0,1,13,1,29.5,2.3,".163",".279",".182","0.461",".184",".325",".197",".225",".203",".141",,,,,,,,,,,,,"89.5","21.9",30,6.7,33.3,"81.867221333","92.918835172",29.1,51.6
"McFarland, T.J.",519008,2024,35,"79","56.2",235,210,53,37,12,0,4,39,17,16.6,7.2,".252",".367",".316","0.683",".238",".352",".293",".291",".306",".114","71",18.5,13.2,11.3,35,29.8,"7.3",11,9.2,-1.1,50,34.7,"87.5","3.2",26.3,4.6,34.9,"76.102289176","93.452573471",19.2,46.2
"Woodford, Jake",663765,2021,24,"26","67.2",293,253,66,46,11,2,7,50,25,17.1,8.5,".261",".403",".338","0.741",".262",".404",".322",".331",".342",".143",,,,,,,,,,,,,"90.3","13.2",32.4,5.7,41,"80.343649808","94.467341256",20.5,43.9
"McCarty, Kirk",668948,2022,26,"13","37.2",159,143,37,22,4,0,11,26,13,16.4,8.2,".259",".517",".321","0.838",".251",".499",".356",".350",".318",".249",,,,,,,,,,,,,"89.5","17",36.1,10.9,38.7,"79.717997759","93.882034224",23.7,50.7
"Roberts, Ethan",681799,2024,26,"21","26.2",118,107,31,24,3,1,3,26,10,22,8.5,".290",".421",".356","0.777",".252",".396",".341",".319",".322",".144","71.5",23.9,16.8,12.8,36.4,27.7,"7.3",6,10.2,-2.4,45.2,33.8,"91","20.6",40.7,7.4,43.2,"81.699473171","94.862840247",27.2,45.8
"Heaney, Andrew",571760,2023,32,"34","147.1",641,569,143,84,34,2,23,151,60,23.6,9.4,".251",".439",".332","0.771",".234",".432",".335",".327",".318",".198","71.5",23.3,13.9,10.4,32.3,24.2,"7.3",8,9.6,-1.2,49.2,31.8,"90.1","14.8",31.4,10.2,38.6,"80.118188846","94.263143438",26.5,48.2
"Rondón, Héctor",444468,2020,32,"23","20.0",97,84,25,11,6,2,6,23,11,23.7,11.3,".298",".631",".381","1.012",".261",".485",".412",".355",".353",".223",,,,,,,,,,,,,"91.5","10.6",43.5,14.5,43.5,"81.678274516","95.339050968",19.7,46.9
"Sadler, Casey",594987,2020,29,"17","19.1",86,73,15,8,3,1,3,21,12,24.4,14,".205",".397",".318","0.715",".244",".347",".314",".317",".352",".102",,,,,,,,,,,,,"87.3","12.3",32.1,3.8,26.4,"78.328408846","92.374238431",30,43.1
"Bard, Daniel",453268,2021,36,"67","65.2",304,260,69,44,15,2,8,80,36,26.3,11.8,".265",".431",".370","0.801",".231",".355",".350",".314",".340",".125",,,,,,,,,,,,,"88.6","12.7",38.7,5.5,39.8,"77.46962809","94.119636517",30,46.3
"Elder, Bryce",693821,2022,23,"10","54.0",227,198,44,30,10,0,4,47,23,20.7,10.1,".222",".333",".310","0.643",".243",".403",".288",".323",".330",".160",,,,,,,,,,,,,"88.2","8.8",30.5,5.8,34.4,"76.934772237","93.799103947",23.7,45.4
"Shuster, Jared",694363,2024,25,"39","73.1",321,283,74,51,13,1,9,56,33,17.4,10.3,".261",".410",".333","0.743",".265",".428",".324",".335",".337",".163","71.2",19.6,11.2,8.7,32.1,24.9,"7.4",10,10.4,-2.5,49.4,33.3,"87.5","17.6",37.9,7.3,31.9,"76.890127391","93.046398952",23.4,47.3
"Anderson, Shaun",641312,2020,25,"18","15.1",67,55,10,6,0,1,3,18,12,26.9,17.9,".182",".382",".328","0.710",".189",".339",".316",".309",".334",".151",,,,,,,,,,,,,"87.8","17.3",35.1,10.8,32.4,"78.836004737","92.688867838",33.6,41.9
"Mahle, Tyler",641816,2021,26,"33","180.0",759,674,158,100,31,3,24,210,64,27.7,8.4,".234",".396",".309","0.705",".226",".366",".308",".298",".302",".141",,,,,,,,,,,,,"87.8","13.3",34.1,6.5,34.3,"77.107022328","93.357444017",28.4,45.2
"Ferguson, Caleb",657571,2023,26,"68","60.1",270,238,64,50,9,1,4,70,23,25.9,8.5,".269",".366",".352","0.718",".246",".334",".321",".303",".332",".088","70.8",20.9,13.9,10.7,34.2,26.2,"6.9",4,4.4,6.9,41.3,32,"89.3","9.1",29.6,3,39.1,"78.899408313","94.030250667",26.1,49.2
"Williams, Gavin",668909,2024,24,"16","76.0",332,293,72,45,17,3,7,79,32,23.8,9.6,".246",".396",".323","0.719",".246",".395",".315",".318",".325",".149","71.1",19.4,14.7,11.1,33.2,25.2,"7.1",10,7.3,3,50.1,30.7,"90.8","13.2",32.1,6.9,44,"80.792360917","94.867836636",24.8,49.2
"Soto, Gregory",642397,2024,29,"66","53.0",244,206,56,40,10,2,4,65,27,26.6,11.1,".272",".398",".374","0.772",".235",".381",".340",".328",".347",".147","70.6",16.4,10.2,7.1,30.5,21.3,"7.4",8,9.9,-2.2,44,33,"88.6","6.2",34.7,7.6,43.8,"77.25008","94.261321127",31,47.1
"Robertson, David",502085,2023,38,"62","65.1",269,240,53,36,9,1,7,78,25,29,9.3,".221",".354",".302","0.656",".202",".350",".289",".280",".286",".148","72",26.6,13.5,10.2,33.8,25.4,"7.4",2,10,-2.4,53.1,34,"89.3","15.2",30.1,6.1,37.4,"78.883457125","93.988463625",31.2,45
"Akin, Keegan",669211,2021,26,"24","95.0",427,379,110,70,21,2,17,82,40,19.2,9.4,".290",".491",".357","0.848",".259",".474",".361",".348",".331",".216",,,,,,,,,,,,,"89.8","17.8",33.7,9.6,42.9,"78.8194436","94.614568161",21.7,49.3
"Thornton, Trent",663423,2021,27,"37","49.0",216,194,54,29,12,1,12,52,16,24.1,7.4,".278",".536",".344","0.880",".255",".479",".371",".349",".327",".224",,,,,,,,,,,,,"90.4","14.1",34.7,11.8,47.2,"79.262400986","95.262738662",23.7,47.4
"Duffey, Tyler",608648,2021,30,"64","62.1",254,222,48,36,7,1,4,61,28,24,11,".216",".311",".308","0.619",".226",".366",".278",".303",".317",".141",,,,,,,,,,,,,"91.4","10.3",28.2,5.5,45.4,"82.545762346","94.78576236",23.6,43.4
"Dugger, Robert",667498,2022,26,"4","16.0",72,65,19,11,5,0,3,19,7,26.4,9.7,".292",".508",".361","0.869",".251",".487",".376",".347",".323",".237",,,,,,,,,,,,,"91.2","24",43.5,13,50,"80.453647826","95.784484783",28.6,46.8
"Detmers, Reid",672282,2023,23,"28","148.2",644,569,141,93,28,1,19,168,60,26.1,9.3,".248",".401",".332","0.733",".250",".401",".321",".328",".337",".151","72",24.1,13.9,10.9,28.1,22,"7.4",6,10.8,-4.7,49.9,32.9,"89.8","15.8",37.2,6.2,41.4,"79.273350299","94.457081521",27.1,48.8
"Herget, Jimmy",623474,2020,26,"20","19.2",87,69,13,7,4,0,2,17,14,19.5,16.1,".188",".333",".337","0.670",".233",".376",".302",".340",".380",".143",,,,,,,,,,,,,"87.5","21",33.3,5.6,27.8,"78.521285385","92.287547692",25.7,43.4
"Estes, Joey",683155,2024,22,"25","127.2",543,501,130,71,34,2,23,92,27,16.9,5,".259",".473",".308","0.781",".243",".468",".333",".328",".294",".225","72",27,13.5,10.9,31.3,25.4,"7.3",13,11,-3.5,55.1,30.7,"89.5","25.4",37.2,9.7,39.6,"79.114875902","94.154264829",19.2,55.5
"Holland, Derek",502706,2021,34,"39","49.2",225,202,58,38,12,2,6,51,20,22.7,8.9,".287",".455",".351","0.806",".244",".401",".345",".311",".313",".158",,,,,,,,,,,,,"89.1","11.2",32,6.5,42.5,"77.763118553","94.465197763",24.4,47.5
"Wisler, Matt",605538,2020,27,"18","25.1",107,91,15,10,2,1,2,35,14,32.7,13.1,".165",".275",".290","0.565",".146",".272",".262",".255",".274",".126",,,,,,,,,,,,,"86.3","29.6",25,3.6,28.6,"75.903976786","92.490227091",36.1,45.3
"Nittoli, Vinny",657697,2024,33,"9","12.0",46,44,10,7,2,0,1,8,2,17.4,4.3,".227",".341",".261","0.602",".238",".401",".263",".291",".272",".163","71.5",25.3,11.7,8.4,45,32.5,"7.1",1,9,0.1,56.6,30.8,"91.5","23.7",25,5.6,41.7,"82.800598889","94.356776111",29.2,53.9
"Familia, Jeurys",544727,2023,33,"14","12.2",64,48,13,8,3,0,2,9,13,14.1,20.3,".271",".458",".429","0.887",".246",".400",".390",".367",".410",".154",,,,,,,,,,,,,"90.8","8.5",29.3,4.9,39,"82.0063815","94.29066975",29.1,40.2
"Knebel, Corey",608349,2020,28,"15","13.1",62,54,15,8,3,0,4,15,8,24.2,12.9,".278",".556",".371","0.927",".204",".404",".392",".313",".307",".200",,,,,,,,,,,,,"86.9","19.7",33.3,12.8,30.8,"75.416432","93.405139231",21.4,39.2
"Kirby, George",669923,2022,24,"25","130.0",542,511,135,97,23,2,13,133,22,24.5,4.1,".264",".393",".299","0.692",".230",".390",".302",".287",".268",".160",,,,,,,,,,,,,"89.3","11.3",31.4,8.9,38.7,"78.655938191","94.146828112",21.2,52.6
"Cole, Gerrit",543037,2022,31,"33","200.2",793,738,154,88,31,2,33,257,50,32.4,6.3,".209",".390",".260","0.650",".214",".402",".283",".290",".266",".188",,,,,,,,,,,,,"89.4","12.6",32.5,9.5,40.2,"78.808854118","94.227606134",34.1,48.2
"Jiménez, Joe",641729,2024,29,"69","68.2",277,248,45,34,9,0,2,82,23,29.6,8.3,".181",".242",".260","0.502",".183",".292",".230",".253",".264",".110","71.6",23.4,8.6,6.1,29.8,21,"7.5",14,12.2,-7.8,52.6,31.5,"87.8","16.3",29.8,4.8,32.7,"77.818499762","92.99504479",32.9,51.4
"Luzardo, Jesús",666200,2024,26,"12","66.2",274,248,61,39,12,1,9,58,22,21.2,8,".246",".411",".311","0.722",".253",".440",".315",".331",".318",".187","72",24.9,14.9,11,36.9,27.3,"7.7",6,13,-7.5,53,33,"90.4","16.5",33.3,9.9,41.1,"80.411432","94.572347196",29.6,48.9
"Lyles, Jordan",543475,2020,29,"12","57.2",266,235,67,43,11,1,12,36,23,13.5,8.6,".285",".494",".347","0.841",".271",".466",".356",".351",".340",".195",,,,,,,,,,,,,"89.6","14.5",28.8,7.8,42,"79.626142277","94.068312723",16.8,43.1
"Sewald, Paul",623149,2023,33,"65","60.2",249,221,46,30,8,0,8,80,24,32.1,9.6,".208",".353",".287","0.640",".187",".313",".281",".259",".268",".126","70.5",17.6,9.9,7.3,23.2,17.1,"7",3,6.9,2.9,47.7,31.9,"85.9","20.9",34,5.6,29.9,"74.509063429","92.696559143",29.3,49.8
"Koch, Matt",571863,2023,32,"39","38.2",163,151,41,28,6,0,7,27,9,16.6,5.5,".272",".450",".319","0.769",".255",".441",".331",".325",".307",".186","71.5",26.8,18.2,14.3,37.6,29.4,"7",3,7.8,4.2,53.2,31.5,"90.1","8.1",31.2,8,44.8,"79.297549839","94.709539106",22.5,51.7
"Hill, Jaden",677955,2024,24,"9","10.2",45,37,8,6,0,0,2,6,4,13.3,8.9,".216",".378",".311","0.689",".211",".314",".302",".280",".312",".103","69.3",8.1,5.8,4.8,48.1,40.3,"7.3",1,8.3,1.3,35.5,34,"90.6","6.5",15.2,3,42.4,"83.652215625","93.521420645",20.5,48.3
"Alexander, Scott",518397,2021,31,"18","15.1",67,62,15,11,2,0,2,8,4,11.9,6,".242",".371",".299","0.670",".248",".352",".287",".289",".304",".104",,,,,,,,,,,,,"86.5","5.1",22.2,3.7,37,"73.584811852","93.753466481",19.5,47.5
"Detwiler, Ross",446321,2021,35,"53","52.1",229,198,44,21,11,2,10,62,20,27.1,8.7,".222",".449",".314","0.763",".216",".392",".326",".315",".313",".176",,,,,,,,,,,,,"88.3","15.3",30.2,12.2,37.4,"76.720464348","93.975708478",24,45
"Chafin, Andrew",605177,2024,34,"62","56.1",246,211,52,42,5,0,5,70,31,28.5,12.6,".246",".341",".341","0.682",".221",".356",".301",".298",".322",".135","70.7",16.1,10.5,7.3,32.8,22.6,"7.6",10,12.8,-7.7,48.7,34,"88.5","15",37.5,6.3,34,"78.837670417","93.227958182",34.5,46.1
"Finnegan, Kyle",640448,2022,30,"66","66.2",268,244,54,34,10,1,9,70,22,26.1,8.2,".221",".381",".284","0.665",".219",".373",".288",".285",".282",".154",,,,,,,,,,,,,"90.2","8.3",30.7,8,43.8,"79.623692529","94.623961494",27.7,49.3
"Maton, Phil",664208,2022,29,"67","65.2",283,245,58,37,10,1,10,73,26,25.8,9.2,".237",".408",".326","0.734",".246",".393",".321",".324",".337",".147",,,,,,,,,,,,,"85.1","14.2",39.2,6.3,29.5,"73.957814943","92.196424913",30.1,48.6
"Otto Jr., Glenn",657248,2023,27,"6","10.2",51,45,14,8,0,0,6,11,6,21.6,11.8,".311",".711",".392","1.103",".253",".626",".456",".404",".341",".374","71",17.9,24.1,17.9,34.5,25.6,"7.4",2,11.6,-1.1,30.8,34.3,"87.1","10.9",29.4,20.6,44.1,"72.617365882","94.978020882",33.3,50
"Junis, Jakob",596001,2023,30,"40","86.0",367,335,90,54,23,1,12,96,21,26.2,5.7,".269",".451",".318","0.769",".238",".404",".328",".300",".291",".166","71.8",27.2,12,8.9,30.9,23,"7.6",6,11.9,-5.3,48.9,33.5,"88.5","13.1",32.9,8.2,35.4,"77.203347131","93.956878724",27.3,46.7
"Leone, Dominic",608678,2022,30,"55","49.1",222,196,55,32,16,1,6,52,24,23.4,10.8,".281",".464",".357","0.821",".236",".386",".350",".303",".319",".150",,,,,,,,,,,,,"89.9","16.2",34.9,6.2,41.1,"80.513171111","94.035522727",35.8,55.4
"Kelly, Kevin",687330,2024,26,"68","70.2",278,261,59,42,8,2,7,63,9,22.7,3.2,".226",".352",".264","0.616",".240",".373",".268",".288",".279",".132","71.4",19.7,14.5,11.9,32.7,26.8,"7.2",7,7.5,1.1,40.9,32.8,"86.9","4.9",29.9,5,36.8,"74.480663434","93.764899289",20.1,44.8
"Skubal, Tarik",669373,2023,26,"15","80.1",310,292,58,40,11,3,4,102,14,32.9,4.5,".199",".298",".242","0.540",".194",".293",".238",".237",".239",".099","70.6",17.3,13.7,9.6,31,21.6,"7.2",12,8.3,0.5,41,32.5,"88.5","8.7",24.6,4.2,40.3,"76.823271277","94.322965106",31.3,53
"Boxberger, Brad",502202,2021,33,"71","64.2",266,229,44,29,6,1,8,83,25,31.2,9.4,".192",".332",".286","0.618",".200",".353",".274",".287",".294",".153",,,,,,,,,,,,,"88.3","19.2",27.8,6.6,35.1,"77.087766986","93.905163655",32.1,45.8
"Kikuchi, Yusei",579328,2023,32,"32","167.2",700,646,165,110,27,1,27,181,48,25.9,6.9,".255",".426",".311","0.737",".245",".436",".319",".318",".301",".191","72.3",30,12.7,9.4,32.4,23.9,"7.3",5,7.8,0,43.4,34.3,"90.5","13.3",37.7,9,42.4,"80.862697662","94.432324264",28,48.7
"Schreiber, John",670167,2024,30,"59","51.2",224,198,48,36,10,1,1,46,20,20.5,8.9,".242",".318",".321","0.639",".228",".318",".287",".288",".311",".090","71",17.5,14.5,11.6,32.5,25.9,"7.1",6,7.2,2.4,46.3,33.5,"89","10.2",25.3,3.9,37,"77.776550533","94.1672988",21.6,45.6
"Blackburn, Paul",621112,2024,30,"14","75.1",316,290,76,49,14,1,12,59,21,18.7,6.6,".262",".441",".317","0.758",".264",".439",".329",".333",".320",".175","71.9",26.1,12.7,10,31.5,24.7,"7.4",7,11.9,-3.4,53.1,33.5,"87.6","11",38.2,8.2,35.6,"76.755879741","93.20611319",23.5,47.8
"Zimmermann, Bruce",669145,2021,26,"14","64.1",285,258,75,51,10,0,14,56,22,19.6,7.7,".291",".492",".349","0.841",".290",".532",".359",".377",".350",".242",,,,,,,,,,,,,"91","13.7",37.1,9.8,44.9,"79.832462843","95.543490739",25.6,46.3
"Lynn, Lance",458681,2021,34,"28","157.0",641,588,123,84,20,1,18,176,45,27.5,7,".209",".338",".267","0.605",".194",".326",".264",".256",".255",".132",,,,,,,,,,,,,"87.7","16",31.7,5.8,36,"76.553069045","93.446171033",26.3,50.2
"Mayers, Mike",594577,2023,31,"6","26.1",119,108,34,24,5,1,4,17,10,14.3,8.4,".315",".491",".370","0.861",".284",".437",".369",".339",".342",".153",,,,,,,,,,,,,"91.1","14.2",28.3,4.3,35.9,"82.340802889","94.420854607",19.5,47.3
"Koenig, Jared",657649,2022,28,"10","39.1",177,154,40,25,10,1,4,22,15,12.4,8.5,".260",".416",".341","0.757",".270",".438",".333",".350",".354",".168",,,,,,,,,,,,,"90.4","12.3",28.9,5.2,43.7,"80.303303134","94.620078284",15.1,44.6
"DeSclafani, Anthony",543101,2022,32,"5","19.0",94,85,34,22,6,2,4,17,4,18.1,4.3,".400",".659",".419","1.078",".300",".500",".451",".366",".341",".199",,,,,,,,,,,,,"91.6","14",34.7,6.9,45.8,"81.862856944","95.269493099",22.7,46.8
"Young, Alex",622065,2023,29,"63","53.2",236,214,53,34,8,1,10,50,20,21.2,8.5,".248",".435",".315","0.750",".244",".402",".324",".313",".312",".158","71.6",22.6,16.7,12.8,39.2,30.1,"7.5",1,13.7,-5.6,56.4,33.8,"90.2","12.4",28.5,6.1,44.2,"79.7651005","94.585088125",30.3,50.9
"Tyler, Kyle",667725,2024,27,"8","31.2",142,123,37,30,3,0,4,25,18,17.6,12.7,".301",".423",".394","0.817",".293",".470",".363",".379",".388",".176","71.7",26.6,17,13.5,37.6,30,"7.4",4,11.7,-2.8,52.2,32.4,"88.7","10.2",32.7,8.2,45.9,"76.495926939","94.751034286",26.1,44.3
"Manaea, Sean",640455,2021,29,"32","179.1",754,702,179,119,33,2,25,194,41,25.7,5.4,".255",".415",".304","0.719",".245",".420",".310",".312",".296",".175",,,,,,,,,,,,,"90.2","13.3",34.5,8,41.2,"79.634341937","94.771894139",27.1,51.5
"Maton, Phil",664208,2023,30,"68","66.0",274,237,49,31,12,0,6,74,25,27,9.1,".207",".333",".304","0.637",".187",".323",".284",".273",".288",".135","71.4",20,11,7.1,31,20,"7.5",3,13.6,-8.2,51,30.9,"84.5","11.7",31.9,7.2,23.5,"73.633544146","91.74159908",32.9,50
"Keller, Mitch",656605,2022,26,"31","159.0",687,609,162,118,28,2,14,138,60,20.1,8.7,".266",".388",".342","0.730",".249",".394",".323",".319",".328",".145",,,,,,,,,,,,,"87.9","7.8",33.3,7.1,37.3,"75.977615149","94.085242574",21.6,45.6
"Sanchez, Aaron",592717,2022,29,"15","60.0",265,241,78,54,16,0,8,41,15,15.5,5.7,".324",".490",".371","0.861",".275",".431",".372",".331",".329",".157",,,,,,,,,,,,,"92.4","8",28.4,5.9,48,"83.3552332","95.390668141",18.3,47.3
"Vesia, Alex",681911,2024,28,"67","66.1",263,223,33,16,9,1,7,87,33,33.1,12.5,".148",".291",".260","0.551",".153",".324",".246",".260",".264",".171","71.5",25.6,8.9,6.5,24.3,17.5,"7.2",10,9.3,-2.9,52.1,29.4,"87.5","30",29.3,12.1,35,"76.246164853","93.468041029",31.3,47.5
"Paddack, Chris",663978,2021,25,"23","108.1",459,427,115,74,22,4,15,99,22,21.6,4.8,".269",".445",".305","0.750",".268",".461",".319",".330",".305",".193",,,,,,,,,,,,,"90.5","10.7",34.4,8.6,42.7,"80.568761463","94.669366159",24.6,49.5
"Sulser, Cole",642121,2021,31,"60","63.1",257,232,48,33,9,1,5,73,23,28.4,8.9,".207",".319",".277","0.596",".203",".339",".264",".272",".274",".136",,,,,,,,,,,,,"88.1","14.9",29.2,8.1,39.8,"76.820884875","93.696537375",30.3,50.7
"García, Rony",665621,2022,24,"16","51.0",206,188,40,21,9,1,9,48,13,23.3,6.3,".213",".415",".277","0.692",".279",".576",".301",".388",".339",".298",,,,,,,,,,,,,"91.5","18.9",42.6,16.3,51.1,"81.16120507","95.680323972",21.7,46.4
"Boyle, Joe",671212,2023,23,"3","16.0",60,54,8,4,3,0,1,15,5,25,8.3,".148",".259",".217","0.476",".167",".274",".212",".234",".238",".107","70.2",15.1,9.9,7.5,35.2,26.9,"7.2",1,8.8,2.5,50.5,30.1,"88.9","23.6",25,2.5,42.5,"78.390238","93.72382575",24.3,46.3
"Borucki, Ryan",621366,2021,27,"24","23.2",98,84,18,10,3,0,5,21,11,21.4,11.2,".214",".429",".309","0.738",".229",".414",".318",".325",".322",".185",,,,,,,,,,,,,"89.1","6",20,7.7,36.9,"78.3201075","94.327301406",29.3,42.5
"Muller, Kyle",666205,2023,25,"21","77.0",372,324,112,73,22,1,16,56,39,15.1,10.5,".346",".568",".416","0.984",".310",".548",".417",".401",".388",".237","71.9",25.9,14,11.2,30.9,24.6,"7.4",3,8.6,1.2,50.9,33.1,"92.1","12.8",35.4,10.9,49.6,"81.514482868","95.88538107",21.2,48.4
"Kennedy, Ian",453178,2020,35,"15","14.0",69,62,20,11,2,0,7,15,5,21.7,7.2,".323",".694",".382","1.076",".274",".562",".441",".377",".339",".287",,,,,,,,,,,,,"92.5","19.8",27.1,14.6,45.8,"82.869103478","95.737984783",21.3,52.1
"Tate, Dillon",622253,2020,26,"12","16.2",64,55,9,7,1,0,1,14,5,21.9,7.8,".164",".236",".250","0.486",".256",".408",".224",".325",".333",".152",,,,,,,,,,,,,"87.9","6.2",32.6,7,34.9,"74.6107295","94.62668275",24.8,41.1
"Crowe, Wil",640444,2022,27,"60","76.0",332,289,68,50,9,1,8,68,38,20.5,11.4,".235",".356",".329","0.685",".247",".374",".308",".318",".340",".127",,,,,,,,,,,,,"87.6","10",30.5,4.9,32.7,"77.408057297","92.887164796",27.5,45.4
"Gibson, Kyle",502043,2024,36,"30","169.2",722,641,161,104,30,4,23,151,68,20.9,9.4,".251",".418",".324","0.742",".259",".435",".323",".340",".334",".176","71.9",25.2,15.1,11.5,37.5,28.5,"7.6",18,14,-6.1,50.3,33.8,"88.2","12",34.3,9.2,39.1,"76.558654534","94.071640304",25.9,42.9
"Boyd, Matthew",571510,2021,30,"15","78.2",337,302,77,53,14,1,9,67,23,19.9,6.8,".255",".397",".318","0.715",".238",".415",".311",".313",".305",".177",,,,,,,,,,,,,"87.8","17.1",28.7,7.9,36.3,"76.267102119","93.790261653",22.7,50.9
"Morgan, Eli",669212,2023,27,"61","67.1",299,273,73,52,11,1,9,75,24,25.1,8,".267",".414",".328","0.742",".240",".407",".322",".309",".304",".167","71.4",22.1,12.1,8.9,32.2,23.8,"7.4",4,12,-5.5,47.2,32.6,"86","12.6",32.7,9,32.3,"73.543223673","93.211532347",28.2,51.7
"Marinaccio, Ron",676760,2024,28,"16","23.1",99,83,18,10,4,0,4,25,10,25.3,10.1,".217",".410",".316","0.726",".213",".387",".317",".320",".322",".174","71.6",20.5,15,10.9,29.2,21.2,"7.3",0,10.3,-2,52.6,29.6,"89.2","15.1",27.9,8.2,39.3,"78.03127931","94.376782586",27.9,45.3
"Anderson, Shaun",641312,2021,26,"16","23.1",124,109,36,25,6,1,4,19,12,15.3,9.7,".330",".514",".403","0.917",".264",".450",".391",".343",".346",".186",,,,,,,,,,,,,"90.6","19.2",29.7,6.6,44,"81.282426667","94.405597667",27.1,48.1
"Feltner, Ryan",663372,2024,27,"30","162.1",692,628,165,116,27,2,20,138,52,19.9,7.5,".263",".408",".324","0.732",".254",".423",".320",".326",".318",".169","71.5",21.6,13.8,10.7,34.5,26.6,"7.3",18,10.1,-2.1,50.9,31.8,"88.1","11.9",33.1,6.5,36.8,"76.695048857","93.803345297",23.9,48.1
"Staumont, Josh",622251,2023,29,"21","20.0",89,73,16,13,2,0,1,24,13,27,14.6,".219",".288",".352","0.640",".221",".361",".301",".324",".353",".141",,,,,,,,,,,,,"89","14.5",28.6,8.2,36.7,"79.075961667","93.830783958",27.4,46.7
"Musgrove, Joe",605397,2024,31,"19","99.2",410,375,94,59,21,0,14,101,23,24.6,5.6,".251",".419",".310","0.729",".245",".430",".317",".324",".307",".185","71.5",25,16,11.9,34.8,25.7,"7.3",16,10.9,-2.3,53.9,32,"90.3","13.8",35.5,10.5,40.6,"80.599201739","94.1443128",28.3,47.4
"Treinen, Blake",595014,2020,32,"27","25.2",107,96,23,18,4,0,1,22,8,20.6,7.5,".240",".313",".308","0.621",".237",".306",".275",".276",".306",".069",,,,,,,,,,,,,"84.8","-0.4",22.7,1.3,32,"71.750746842","93.087776",22.8,51
"Clevinger, Mike",605182,2023,32,"24","131.1",549,496,121,75,27,3,16,110,40,20,7.3,".244",".407",".310","0.717",".236",".410",".312",".313",".304",".174","70.8",16.8,11.8,9.1,30.8,23.7,"7.3",6,10.9,-3.3,53.4,32.4,"88.1","21.4",34.9,7.2,35.9,"77.254600722","93.563543824",23.2,49.1
"Bolton, Cody",675989,2023,25,"16","21.1",107,90,30,19,8,0,3,22,15,20.6,14,".333",".522",".434","0.956",".295",".498",".414",".391",".402",".203","69.8",13,10.3,8,30.8,24,"7.1",3,6.6,3.1,54,32.5,"92.6","8.8",42,10.1,43.5,"84.076425758","95.150610303",23.3,41.5
"Harrison, Kyle",690986,2023,21,"7","34.2",147,131,29,15,5,1,8,35,11,23.8,7.5,".221",".458",".299","0.757",".234",".443",".324",".326",".311",".210","71.2",17.2,11.9,9.2,35.7,27.6,"7.2",1,7.7,1.1,52.3,32,"89.4","18.3",42.3,9.3,38.1,"79.652369796","93.854538454",23.6,46.1
"Kahnle, Tommy",592454,2023,33,"42","40.2",165,142,26,15,6,0,5,48,19,29.1,11.5,".183",".331",".280","0.611",".183",".297",".272",".264",".281",".115","71.9",24.6,7.3,4.7,31.2,19.9,"7.7",2,15.1,-9.3,59.1,31.8,"86.8","8.2",29.9,4.1,22.7,"76.311426875","92.701005313",35.2,45.3
"Tomlin, Josh",458708,2020,35,"17","39.2",163,152,40,26,8,0,6,36,8,22.1,4.9,".263",".434",".302","0.736",".263",".471",".310",".325",".302",".209",,,,,,,,,,,,,"88.9","17",34.7,11.9,36.4,"78.887644237","93.621352735",22.7,49.7
"Stratton, Chris",608717,2022,31,"60","63.1",279,247,72,53,14,1,4,60,25,21.5,9,".291",".405",".356","0.761",".257",".402",".332",".319",".327",".145",,,,,,,,,,,,,"89.7","12.8",33.3,5.7,41.1,"79.664095","94.213278617",26.5,48
"Poteet, Cody",547001,2024,29,"5","24.1",96,87,18,13,3,0,2,16,8,16.7,8.3,".207",".310",".281","0.591",".277",".444",".266",".343",".345",".167","71.9",29.7,13.5,11.5,40.5,34.5,"7.4",2,11.3,-4.3,54.7,31.8,"91.6","14.1",33.8,5.6,42.3,"83.4293825","94.319656479",15.7,43.2
"Buehler, Walker",621111,2021,26,"33","207.2",815,747,149,92,36,2,19,212,52,26,6.4,".199",".329",".256","0.585",".213",".347",".255",".271",".270",".134",,,,,,,,,,,,,"88.2","11.1",29.2,6.8,37.1,"76.924388075","93.913201664",26.5,49.2
"Reyes, Alex",621052,2021,26,"69","72.1",317,262,46,33,4,0,9,95,52,30,16.4,".176",".294",".315","0.609",".183",".313",".281",".292",".322",".130",,,,,,,,,,,,,"87.2","17.7",32.1,4.8,34.5,"76.571980723","92.994908061",35,43.9
"Santillan, Tony",663574,2022,25,"21","19.2",96,77,23,15,7,0,1,21,12,21.9,12.5,".299",".429",".411","0.840",".251",".358",".368",".328",".373",".107",,,,,,,,,,,,,"89.7","17.9",39,3.4,39,"81.004496207","93.656198246",28.2,42.6
"Sands, Cole",663485,2022,24,"11","30.2",145,127,35,22,9,0,4,28,13,19.3,9,".276",".441",".366","0.807",".228",".435",".356",".333",".324",".208",,,,,,,,,,,,,"89.3","14.1",26.3,7.1,39.4,"79.048561224","93.943320816",22.5,46.4
"Akin, Keegan",669211,2023,28,"24","23.2",112,104,35,25,6,2,2,27,7,24.1,6.3,".337",".490",".375","0.865",".274",".475",".365",".332",".317",".201",,,,,,,,,,,,,"90.7","14.1",42.3,11.5,48.7,"79.6037","95.380623947",25,53.1
"Mazur, Adam",800049,2024,23,"8","33.2",158,133,40,22,11,1,6,22,21,13.9,13.3,".301",".534",".399","0.933",".277",".447",".399",".366",".381",".171","71.5",23.7,13.1,10.8,39.3,32.3,"7.4",3,12.2,-4.8,56.5,30.5,"90.7","19.6",38.1,6.2,38.9,"81.676084386","94.167105398",18.4,43.8
"Manoah, Alek",666201,2021,23,"20","111.2",459,401,77,52,13,0,12,127,40,27.7,8.7,".192",".314",".290","0.604",".197",".325",".273",".283",".296",".128",,,,,,,,,,,,,"86.8","16.3",32.6,5.8,31.2,"75.484981449","93.080468732",29.8,48.1
"Kittredge, Andrew",552640,2021,31,"57","71.2",282,262,55,37,11,0,7,77,15,27.3,5.3,".210",".332",".260","0.592",".217",".356",".251",".269",".267",".140",,,,,,,,,,,,,"88.9","5",29.9,7.5,37.4,"78.140857935","94.035111311",31,54.8
"Price, David",456034,2022,36,"40","40.1",167,157,38,22,10,0,6,37,9,22.2,5.4,".242",".420",".283","0.703",".251",".423",".301",".305",".292",".173",,,,,,,,,,,,,"89.5","6.9",27.3,7.4,38,"78.422266","94.557141092",18.6,48.7
"Ginkel, Kevin",656464,2024,30,"72","70.0",291,270,69,46,16,1,6,77,15,26.5,5.2,".256",".389",".300","0.689",".229",".367",".300",".283",".277",".138","70.6",18.2,12.9,9.9,32.8,25.2,"7.1",16,8,1.8,48.8,32,"89.8","10",35.2,5.6,40.8,"79.446978557","94.349364691",27.9,49.3
"Claudio, Alex",592222,2021,29,"41","32.2",148,133,37,21,10,0,6,30,15,20.3,10.1,".278",".489",".351","0.840",".259",".431",".358",".333",".334",".172",,,,,,,,,,,,,"88","6.2",33,6.8,40.8,"77.130348824","93.487484608",25.8,42.9
"Birdsong, Hayden",806185,2024,22,"16","72.0",315,264,57,34,11,1,11,88,43,27.9,13.7,".216",".390",".332","0.722",".229",".414",".321",".336",".343",".185","71.1",21.9,17.4,12.4,36.7,26.1,"7.3",10,11.7,-4.6,48.2,31.5,"92","13.8",32.8,8.9,50,"82.066002273","95.853044148",29.8,42.6
"Varland, Louis",686973,2022,24,"5","26.0",106,99,26,16,5,1,4,21,6,19.8,5.7,".263",".455",".311","0.766",".271",".449",".329",".331",".320",".178",,,,,,,,,,,,,"88.7","14.8",43.6,6.4,41,"77.332900513","94.078914744",20.3,50.4
"Heuer, Codi",676051,2020,23,"21","23.2",92,83,12,9,2,0,1,25,9,27.2,9.8,".145",".205",".228","0.433",".215",".320",".203",".277",".292",".105",,,,,,,,,,,,,"88.1","7.4",25.9,5.2,41.4,"75.926958621","94.273965172",33.9,47.3
"McGee, Jake",459429,2021,34,"62","59.2",239,224,44,28,9,0,7,58,10,24.3,4.2,".196",".330",".234","0.564",".213",".383",".242",".271",".251",".170",,,,,,,,,,,,,"90.9","20.5",31.4,6.5,46.2,"81.058099643","94.82943006",20.6,57.4
"Stroman, Marcus",573186,2023,32,"27","136.2",575,519,120,84,27,0,9,119,52,20.7,9,".231",".335",".304","0.639",".261",".389",".285",".318",".332",".128","72.4",31,15.4,12.6,32.9,27,"7.3",1,7.8,0.3,48.3,35.6,"90.3","3",30.7,5,41.4,"79.8502842","94.625671429",22.4,45.1
"Suter, Brent",608718,2022,32,"54","66.2",272,246,58,35,13,1,9,53,22,19.5,8.1,".236",".407",".306","0.713",".242",".369",".313",".303",".312",".127",,,,,,,,,,,,,"85.7","12.9",26.3,5.7,30.4,"73.428496421","92.966701842",26.9,46.8
"Plesac, Zach",668676,2020,25,"8","55.1",206,199,38,24,5,1,8,57,6,27.7,2.9,".191",".347",".218","0.565",".229",".412",".241",".285",".255",".184",,,,,,,,,,,,,"87.8","16.8",31.7,9.9,33.1,"77.482322571","93.131533786",29.8,52.8
"Gage, Matt",657424,2022,29,"11","13.0",50,41,6,4,1,0,1,12,6,24,12,".146",".244",".265","0.509",".194",".318",".230",".275",".306",".123",,,,,,,,,,,,,"87.3","14.5",16.1,6.5,32.3,"76.748592","92.931143333",29.8,50.3
"Keller, Mitch",656605,2023,27,"32","194.1",825,752,187,122,38,2,25,210,55,25.5,6.7,".249",".404",".308","0.712",".248",".406",".310",".315",".310",".158","71.6",24.2,17,12.8,35.9,27.2,"7.1",9,7.2,4.2,47.2,32.8,"87.7","10.3",36.5,8.6,35.6,"75.953749524","93.735176239",23.2,47.8
"Scott, Tanner",656945,2022,27,"67","62.2",289,233,55,41,7,2,5,90,46,31.1,15.9,".236",".348",".363","0.711",".224",".335",".321",".319",".359",".111",,,,,,,,,,,,,"86.1","7.6",40.9,5.4,32.9,"74.007061216","93.237972245",35.7,45.8
"Pallante, Andre",669467,2022,23,"47","108.0",457,413,113,85,18,1,9,73,40,16,8.8,".274",".387",".338","0.725",".254",".360",".320",".304",".323",".106",,,,,,,,,,,,,"89.4","-3.3",25.1,3.2,42,"78.261699107","94.505439642",17.8,45
"Chivilli, Angel",683409,2024,21,"30","31.2",133,122,31,20,2,2,7,28,10,21.1,7.5,".254",".475",".316","0.791",".261",".451",".340",".340",".322",".190","71.4",23.2,14.6,9.2,38.2,24,"7.7",2,15.7,-10.5,46.4,33.1,"89.1","9.3",31.9,10.6,46.8,"77.469158298","94.631832128",36.9,53.4
"Gonsolin, Tony",664062,2021,27,"15","55.2",239,203,41,23,10,0,8,65,34,27.2,14.2,".202",".369",".316","0.685",".200",".338",".305",".296",".315",".138",,,,,,,,,,,,,"88.2","16.7",34.3,7.1,35,"78.197215217","93.211748686",29.9,44.5
"Barlow, Scott",605130,2024,31,"63","55.0",241,204,44,27,11,0,6,68,31,28.2,12.9,".216",".358",".328","0.686",".231",".367",".306",".318",".341",".137","70.8",18.3,11.4,8.1,30.2,21.5,"7.6",13,13.8,-11.4,50,33.2,"86.2","9",33.3,5.8,32.6,"73.846792464","93.298851159",33.6,42.6
"Ortiz, Luis",682847,2023,24,"18","86.2",400,344,99,71,14,1,13,59,48,14.8,12,".288",".448",".372","0.820",".296",".529",".356",".388",".380",".234","72.5",30.7,15.9,12.2,36.8,28.2,"7.5",0,10,-0.2,55,33.9,"92.4","6.7",31.6,10,49.1,"82.468997639","95.88325434",22.6,45.5
"Edwards Jr., Carl",605218,2023,31,"32","31.2",142,124,31,21,8,1,1,24,17,16.9,12,".250",".355",".345","0.700",".260",".358",".309",".316",".354",".098",,,,,,,,,,,,,"86.3","10.1",33,4,29,"76.0653006","92.2617121",21.6,47.4
"Smeltzer, Devin",656970,2022,26,"15","70.1",287,265,67,42,11,1,13,40,19,13.9,6.6,".253",".449",".304","0.753",".250",".458",".326",".328",".302",".208",,,,,,,,,,,,,"88.8","16.2",32.6,7,39.2,"78.154646126","93.809187658",18.5,46.9
"Houser, Adrian",605288,2024,31,"23","69.1",309,272,74,43,23,0,8,45,32,14.6,10.4,".272",".445",".356","0.801",".265",".452",".350",".352",".350",".187","71.8",25.2,16.4,13.6,41.9,34.9,"7.3",5,8.9,0.9,50.1,33.6,"91","9.3",29.8,8.8,40.4,"81.602110702","94.668829163",18.2,44.7
"Smith, Burch",572143,2024,34,"50","56.1",241,222,64,45,13,0,6,46,12,19.1,5,".288",".428",".328","0.756",".265",".442",".328",".329",".309",".177","71",19.5,16.9,13.7,38.3,31,"7.1",8,7.7,3.7,51.4,31.2,"90.7","12.9",34.8,9.4,44.8,"80.714325955","94.889536124",20.7,51.3
"Eflin, Zach",621107,2024,30,"28","165.1",684,653,166,114,28,2,22,134,24,19.6,3.5,".254",".404",".283","0.687",".248",".417",".297",".303",".277",".169","71.5",22.2,15.7,12.5,35.1,28.1,"7.4",22,11.1,-2.3,50.5,32.9,"88.1","13.3",30,7.5,36.1,"76.388751434","94.040596667",21.6,50
"Estrada, Jeremiah",669093,2024,25,"62","61.0",252,224,42,30,8,0,4,94,23,37.3,9.1,".188",".277",".259","0.536",".187",".286",".239",".253",".263",".100","71.1",21.9,9.2,6,27.4,17.7,"7.2",6,9.8,-2,51,30.9,"89.2","17.5",35.8,5.2,37.3,"79.316654925","93.81656194",36,53.7
"Kelley, Trevor",665001,2022,29,"18","23.2",107,96,25,14,3,1,7,23,9,21.5,8.4,".260",".531",".336","0.867",".216",".454",".373",".325",".297",".238",,,,,,,,,,,,,"85","19.6",39.7,12.3,23.3,"72.942255946","92.609218219",23,43.5
"Green, Chad",643338,2024,33,"53","53.1",210,190,41,26,7,0,8,46,14,21.9,6.7,".216",".379",".271","0.650",".232",".447",".276",".308",".286",".215","71.6",24.7,14.5,11.3,32.1,24.9,"7.2",6,9.5,0.6,61.4,29.5,"91.3","17.2",35.1,8.8,45.9,"81.357816622","95.150588986",23.3,52.6
"Walston, Blake",686796,2024,23,"7","18.1",83,70,16,10,2,0,4,18,10,21.7,12,".229",".429",".349","0.778",".230",".428",".344",".345",".351",".198","72.6",33.3,12.3,9.4,30.2,23.2,"7.4",1,11,-3.3,50,33.7,"90.1","18.9",28.8,9.6,36.5,"80.331414231","94.187306538",22.1,44.9