band,side,bets,wins,profit,win_pct,roi
0 to 4.5,over,89,48,2.6363636363636345,0.5393,0.0296
0 to 4.5,under,89,41,-10.727272727272727,0.4607,-0.1205
5 to 5.5,over,9190,4512,-576.1818181818184,0.491,-0.0627
5 to 5.5,under,9190,4678,-259.2727272727274,0.509,-0.0282
6 to 6.5,over,3165,1619,-74.18181818181823,0.5115,-0.0234
6 to 6.5,under,3165,1546,-213.5454545454546,0.4885,-0.0675
7 to 100,over,45,22,-3.0000000000000004,0.4889,-0.0667
7 to 100,under,45,23,-1.090909090909091,0.5111,-0.0242
