away_dk_moneyline_american,away_dk_moneyline_decimal,away_dk_spread_american,away_dk_spread_decimal,away_spread,away_team,dk_total_over_american,dk_total_over_decimal,dk_total_under_american,dk_total_under_decimal,game_date,game_id,game_time,home_dk_moneyline_american,home_dk_moneyline_decimal,home_dk_spread_american,home_dk_spread_decimal,home_spread,home_team,league,market,odds_last_update,source_file,source_file.1,source_file.2,source_file.3,total,source_file
285,,-105,,8.5,Dallas Mavericks,-110,,-110,,2026_03_05,,7:10 PM,-360,,-115,,-8.5,Orlando Magic,Basketball,NBA,,basketball_NBA_2026_03_05.csv,,,,228.5,basketball_NBA_2026_03_05.csv
105,,-105,,1.5,Utah Jazz,-115,,-105,,2026_03_05,,7:10 PM,-125,,-115,,-1.5,Washington Wizards,Basketball,NBA,,basketball_NBA_2026_03_05.csv,,,,242.5,basketball_NBA_2026_03_05.csv
300,,-115,,9.5,Golden State Warriors,-110,,-110,,2026_03_05,,7:40 PM,-380,,-105,,-9.5,Houston Rockets,Basketball,NBA,,basketball_NBA_2026_03_05.csv,,,,215.5,basketball_NBA_2026_03_05.csv
550,,-105,,12.5,Brooklyn Nets,-110,,-110,,2026_03_05,,7:40 PM,-800,,-115,,-12.5,Miami Heat,Basketball,NBA,,basketball_NBA_2026_03_05.csv,,,,225.5,basketball_NBA_2026_03_05.csv
130,,-112,,3.5,Detroit Pistons,-112,,-108,,2026_03_05,,8:10 PM,-155,,-108,,-3.5,San Antonio Spurs,Basketball,NBA,,basketball_NBA_2026_03_05.csv,,,,227.5,basketball_NBA_2026_03_05.csv
195,,-105,,5.5,Toronto Raptors,-110,,-110,,2026_03_05,,8:10 PM,-238,,-115,,-5.5,Minnesota Timberwolves,Basketball,NBA,,basketball_NBA_2026_03_05.csv,,,,227.5,basketball_NBA_2026_03_05.csv
400,,-110,,11.5,Chicago Bulls,-112,,-108,,2026_03_05,,9:10 PM,-535,,-110,,-11.5,Phoenix Suns,Basketball,NBA,,basketball_NBA_2026_03_05.csv,,,,224.5,basketball_NBA_2026_03_05.csv
164,,-110,,5.5,Los Angeles Lakers,-110,,-110,,2026_03_05,,10:10 PM,-198,,-110,,-5.5,Denver Nuggets,Basketball,NBA,,basketball_NBA_2026_03_05.csv,,,,240.5,basketball_NBA_2026_03_05.csv
-185,,-108,,-4.5,New Orleans Pelicans,-112,,-108,,2026_03_05,,10:10 PM,154,,-112,,4.5,Sacramento Kings,Basketball,NBA,,basketball_NBA_2026_03_05.csv,,,,233.5,basketball_NBA_2026_03_05.csv
-112,,100,,-1.5,San Antonio Spurs,-105,,-115,,2026_03_01,,1:10 PM,-108,,-120,,1.5,New York Knicks,Basketball,NBA,,basketball_NBA_2026_03_01.csv,,,,228.5,basketball_NBA_2026_03_01.csv
130,,-120,,3.5,Minnesota Timberwolves,-108,,-112,,2026_03_01,,3:40 PM,-155,,100,,-3.5,Denver Nuggets,Basketball,NBA,,basketball_NBA_2026_03_01.csv,,,,239.5,basketball_NBA_2026_03_01.csv
-600,,-118,,-11.5,Cleveland Cavaliers,-112,,-108,,2026_03_01,,3:40 PM,440,,-102,,11.5,Brooklyn Nets,Basketball,NBA,,basketball_NBA_2026_03_01.csv,,,,222.5,basketball_NBA_2026_03_01.csv
-166,,-110,,-3.5,Milwaukee Bucks,-112,,-108,,2026_03_01,,3:40 PM,140,,-110,,3.5,Chicago Bulls,Basketball,NBA,,basketball_NBA_2026_03_01.csv,,,,228.5,basketball_NBA_2026_03_01.csv
-102,,-120,,1.5,Memphis Grizzlies,-115,,-105,,2026_03_01,,5:10 PM,-118,,100,,-1.5,Indiana Pacers,Basketball,NBA,,basketball_NBA_2026_03_01.csv,,,,237.5,basketball_NBA_2026_03_01.csv
-218,,-108,,-5.5,Detroit Pistons,-105,,-115,,2026_03_01,,6:10 PM,180,,-112,,5.5,Orlando Magic,Basketball,NBA,,basketball_NBA_2026_03_01.csv,,,,223.5,basketball_NBA_2026_03_01.csv
164,,-112,,5.5,Portland Trail Blazers,-115,,-105,,2026_03_01,,6:10 PM,-198,,-108,,-5.5,Atlanta Hawks,Basketball,NBA,,basketball_NBA_2026_03_01.csv,,,,236.5,basketball_NBA_2026_03_01.csv
285,,-112,,9.5,Philadelphia 76ers,-110,,-110,,2026_03_01,,8:10 PM,-360,,-108,,-9.5,Boston Celtics,Basketball,NBA,,basketball_NBA_2026_03_01.csv,,,,221.5,basketball_NBA_2026_03_01.csv
-1050,,-112,,-15.5,Oklahoma City Thunder,-112,,-108,,2026_03_01,,8:10 PM,675,,-108,,15.5,Dallas Mavericks,Basketball,NBA,,basketball_NBA_2026_03_01.csv,,,,233.5,basketball_NBA_2026_03_01.csv
285,,-105,,8.5,New Orleans Pelicans,-108,,-112,,2026_03_01,,9:10 PM,-360,,-115,,-8.5,Los Angeles Clippers,Basketball,NBA,,basketball_NBA_2026_03_01.csv,,,,222.5,basketball_NBA_2026_03_01.csv
500,,-108,,12.5,Sacramento Kings,-108,,-112,,2026_03_01,,9:40 PM,-700,,-112,,-12.5,Los Angeles Lakers,Basketball,NBA,,basketball_NBA_2026_03_01.csv,,,,232.5,basketball_NBA_2026_03_01.csv
120,,-110,,2.5,Orlando Magic,-108,,-112,,2026_03_16,,7:10 PM,-142,,-110,,-2.5,Atlanta Hawks,Basketball,NBA,,basketball_NBA_2026_03_16.csv,,,,229.5,basketball_NBA_2026_03_16.csv
-310,,-110,,-7.5,Golden State Warriors,-105,,-115,,2026_03_16,,7:10 PM,250,,-110,,7.5,Washington Wizards,Basketball,NBA,,basketball_NBA_2026_03_16.csv,,,,232.5,basketball_NBA_2026_03_16.csv
330,,-102,,8.5,Phoenix Suns,-110,,-110,,2026_03_16,,7:40 PM,-425,,-118,,-8.5,Boston Celtics,Basketball,NBA,,basketball_NBA_2026_03_16.csv,,,,213.5,basketball_NBA_2026_03_16.csv
-440,,-102,,-10.5,Portland Trail Blazers,-110,,-110,,2026_03_16,,7:40 PM,340,,-118,,10.5,Brooklyn Nets,Basketball,NBA,,basketball_NBA_2026_03_16.csv,,,,222.5,basketball_NBA_2026_03_16.csv
200,,-118,,6.5,Memphis Grizzlies,-108,,-112,,2026_03_16,,8:10 PM,-245,,-102,,-6.5,Chicago Bulls,Basketball,NBA,,basketball_NBA_2026_03_16.csv,,,,243.5,basketball_NBA_2026_03_16.csv
280,,-108,,8.5,Dallas Mavericks,-105,,-115,,2026_03_16,,8:10 PM,-355,,-112,,-8.5,New Orleans Pelicans,Basketball,NBA,,basketball_NBA_2026_03_16.csv,,,,239.5,basketball_NBA_2026_03_16.csv
124,,-110,,2.5,Los Angeles Lakers,-105,,-115,,2026_03_16,,9:40 PM,-148,,-110,,-2.5,Houston Rockets,Basketball,NBA,,basketball_NBA_2026_03_16.csv,,,,227.5,basketball_NBA_2026_03_16.csv
-395,,-110,,-9.5,San Antonio Spurs,-105,,-115,,2026_03_16,,10:10 PM,310,,-110,,9.5,Los Angeles Clippers,Basketball,NBA,,basketball_NBA_2026_03_16.csv,,,,228.5,basketball_NBA_2026_03_16.csv
-142,,-108,,-2.5,Los Angeles Lakers,-105,,-115,,2026_03_23,,7:00 PM,120,,-112,,2.5,Detroit Pistons,Basketball,NBA,,basketball_NBA_2026_03_23.csv,,,,226.5,basketball_NBA_2026_03_23.csv
-1100,,-110,,-15.5,Oklahoma City Thunder,-108,,-112,,2026_03_23,,7:00 PM,700,,-110,,15.5,Philadelphia 76ers,Basketball,NBA,,basketball_NBA_2026_03_23.csv,,,,223.5,basketball_NBA_2026_03_23.csv
-205,,-105,,-5.5,San Antonio Spurs,-110,,-110,,2026_03_23,,7:00 PM,170,,-115,,5.5,Miami Heat,Basketball,NBA,,basketball_NBA_2026_03_23.csv,,,,240.5,basketball_NBA_2026_03_23.csv
550,,-105,,12.5,Indiana Pacers,-115,,-105,,2026_03_23,,7:00 PM,-800,,-115,,-12.5,Orlando Magic,Basketball,NBA,,basketball_NBA_2026_03_23.csv,,,,232.5,basketball_NBA_2026_03_23.csv
625,,-112,,14.5,Memphis Grizzlies,-110,,-110,,2026_03_23,,7:30 PM,-950,,-108,,-14.5,Atlanta Hawks,Basketball,NBA,,basketball_NBA_2026_03_23.csv,,,,239.5,basketball_NBA_2026_03_23.csv
-355,,-105,,-8.5,Houston Rockets,-112,,-108,,2026_03_23,,8:00 PM,280,,-115,,8.5,Chicago Bulls,Basketball,NBA,,basketball_NBA_2026_03_23.csv,,,,229.5,basketball_NBA_2026_03_23.csv
-750,,-110,,-12.5,Toronto Raptors,-110,,-110,,2026_03_23,,9:00 PM,525,,-110,,12.5,Utah Jazz,Basketball,NBA,,basketball_NBA_2026_03_23.csv,,,,231.5,basketball_NBA_2026_03_23.csv
-125,,100,,-2.5,Golden State Warriors,-115,,-105,,2026_03_23,,9:30 PM,105,,-120,,2.5,Dallas Mavericks,Basketball,NBA,,basketball_NBA_2026_03_23.csv,,,,230.5,basketball_NBA_2026_03_23.csv
625,,-112,,14.5,Brooklyn Nets,-108,,-112,,2026_03_23,,10:00 PM,-950,,-108,,-14.5,Portland Trail Blazers,Basketball,NBA,,basketball_NBA_2026_03_23.csv,,,,219.5,basketball_NBA_2026_03_23.csv
550,,-115,,13.5,Milwaukee Bucks,-108,,-112,,2026_03_23,,10:30 PM,-800,,-105,,-13.5,Los Angeles Clippers,Basketball,NBA,,basketball_NBA_2026_03_23.csv,,,,224.5,basketball_NBA_2026_03_23.csv
-2800,,-115,,-20.5,Oklahoma City Thunder,-110,,-110,,2026_03_21,,5:10 PM,1300,,-105,,20.5,Washington Wizards,Basketball,NBA,,basketball_NBA_2026_03_21.csv,,,,229.5,basketball_NBA_2026_03_21.csv
-148,,-115,,-2.5,Los Angeles Lakers,-115,,-105,,2026_03_21,,7:10 PM,124,,-105,,2.5,Orlando Magic,Basketball,NBA,,basketball_NBA_2026_03_21.csv,,,,232.5,basketball_NBA_2026_03_21.csv
-198,,-108,,-4.5,Cleveland Cavaliers,-108,,-112,,2026_03_21,,7:10 PM,164,,-112,,4.5,New Orleans Pelicans,Basketball,NBA,,basketball_NBA_2026_03_21.csv,,,,235.5,basketball_NBA_2026_03_21.csv
750,,-108,,16.5,Memphis Grizzlies,-112,,-108,,2026_03_21,,7:10 PM,-1200,,-112,,-16.5,Charlotte Hornets,Basketball,NBA,,basketball_NBA_2026_03_21.csv,,,,234.5,basketball_NBA_2026_03_21.csv
1100,,-105,,18.5,Indiana Pacers,-110,,-110,,2026_03_21,,8:10 PM,-2100,,-115,,-18.5,San Antonio Spurs,Basketball,NBA,,basketball_NBA_2026_03_21.csv,,,,233.5,basketball_NBA_2026_03_21.csv
320,,-115,,10.5,Golden State Warriors,-105,,-115,,2026_03_21,,8:10 PM,-410,,-105,,-10.5,Atlanta Hawks,Basketball,NBA,,basketball_NBA_2026_03_21.csv,,,,229.5,basketball_NBA_2026_03_21.csv
114,,-102,,1.5,Miami Heat,-110,,-110,,2026_03_21,,8:10 PM,-135,,-118,,-1.5,Houston Rockets,Basketball,NBA,,basketball_NBA_2026_03_21.csv,,,,229.5,basketball_NBA_2026_03_21.csv
-290,,-118,,-6.5,Los Angeles Clippers,-110,,-110,,2026_03_21,,8:40 PM,235,,-102,,6.5,Dallas Mavericks,Basketball,NBA,,basketball_NBA_2026_03_21.csv,,,,233.5,basketball_NBA_2026_03_21.csv
-258,,-115,,-5.5,Philadelphia 76ers,-110,,-110,,2026_03_21,,9:40 PM,210,,-105,,5.5,Utah Jazz,Basketball,NBA,,basketball_NBA_2026_03_21.csv,,,,230.5,basketball_NBA_2026_03_21.csv
440,,-110,,11.5,Milwaukee Bucks,-110,,-110,,2026_03_21,,10:10 PM,-600,,-110,,-11.5,Phoenix Suns,Basketball,NBA,,basketball_NBA_2026_03_21.csv,,,,219.5,basketball_NBA_2026_03_21.csv
200,,-102,,5.5,Cleveland Cavaliers,-115,,-105,,2026_02_27,,7:10 PM,-245,,-118,,-5.5,Detroit Pistons,Basketball,NBA,,basketball_NBA_2026_02_27.csv,,,,226.5,basketball_NBA_2026_02_27.csv
850,,-108,,17.5,Brooklyn Nets,-105,,-115,,2026_02_27,,7:40 PM,-1450,,-112,,-17.5,Boston Celtics,Basketball,NBA,,basketball_NBA_2026_02_27.csv,,,,210.5,basketball_NBA_2026_02_27.csv
-325,,-115,,-8.5,New York Knicks,-110,,-110,,2026_02_27,,8:10 PM,260,,-105,,8.5,Milwaukee Bucks,Basketball,NBA,,basketball_NBA_2026_02_27.csv,,,,218.5,basketball_NBA_2026_02_27.csv
150,,-102,,3.5,Memphis Grizzlies,-105,,-115,,2026_02_27,,8:40 PM,-180,,-118,,-3.5,Dallas Mavericks,Basketball,NBA,,basketball_NBA_2026_02_27.csv,,,,238.5,basketball_NBA_2026_02_27.csv
250,,-118,,8.5,Denver Nuggets,-112,,-108,,2026_02_27,,9:40 PM,-310,,-102,,-8.5,Oklahoma City Thunder,Basketball,NBA,,basketball_NBA_2026_02_27.csv,,,,233.5,basketball_NBA_2026_02_27.csv
410,,-108,,11.5,Philadelphia 76ers,-115,,-105,,2026_03_09,,7:00 PM,-550,,-112,,-11.5,Cleveland Cavaliers,Basketball,NBA,,basketball_NBA_2026_03_09.csv,,,,226.5,basketball_NBA_2026_03_09.csv
230,,-102,,6.5,Denver Nuggets,-110,,-110,,2026_03_09,,7:30 PM,-285,,-118,,-6.5,Oklahoma City Thunder,Basketball,NBA,,basketball_NBA_2026_03_09.csv,,,,230.5,basketball_NBA_2026_03_09.csv
-115,,-105,,-1.5,Memphis Grizzlies,-115,,-105,,2026_03_09,,7:30 PM,-105,,-115,,1.5,Brooklyn Nets,Basketball,NBA,,basketball_NBA_2026_03_09.csv,,,,220.5,basketball_NBA_2026_03_09.csv
-218,,-110,,-5.5,Golden State Warriors,-115,,-105,,2026_03_09,,9:00 PM,180,,-110,,5.5,Utah Jazz,Basketball,NBA,,basketball_NBA_2026_03_09.csv,,,,226.5,basketball_NBA_2026_03_09.csv
-135,,-105,,-2.5,New York Knicks,-110,,-110,,2026_03_09,,10:00 PM,114,,-115,,2.5,Los Angeles Clippers,Basketball,NBA,,basketball_NBA_2026_03_09.csv,,,,220.5,basketball_NBA_2026_03_09.csv
124,,-105,,2.5,Miami Heat,-105,,-115,,2026_02_26,,7:00 PM,-148,,-115,,-2.5,Philadelphia 76ers,Basketball,NBA,,basketball_NBA_2026_02_26.csv,,,,239.5,basketball_NBA_2026_02_26.csv
-800,,-115,,-12.5,Charlotte Hornets,-110,,-110,,2026_02_26,,7:00 PM,550,,-105,,12.5,Indiana Pacers,Basketball,NBA,,basketball_NBA_2026_02_26.csv,,,,229.5,basketball_NBA_2026_02_26.csv
-675,,-108,,-12.5,San Antonio Spurs,-105,,-115,,2026_02_26,,7:30 PM,490,,-112,,12.5,Brooklyn Nets,Basketball,NBA,,basketball_NBA_2026_02_26.csv,,,,224.5,basketball_NBA_2026_02_26.csv
-148,,-115,,-2.5,Houston Rockets,-108,,-112,,2026_02_26,,7:30 PM,124,,-105,,2.5,Orlando Magic,Basketball,NBA,,basketball_NBA_2026_02_26.csv,,,,215.5,basketball_NBA_2026_02_26.csv
410,,-115,,10.5,Washington Wizards,-110,,-110,,2026_02_26,,7:30 PM,-550,,-105,,-10.5,Atlanta Hawks,Basketball,NBA,,basketball_NBA_2026_02_26.csv,,,,237.5,basketball_NBA_2026_02_26.csv
-180,,-112,,-4.5,Portland Trail Blazers,-112,,-108,,2026_02_26,,8:00 PM,150,,-108,,4.5,Chicago Bulls,Basketball,NBA,,basketball_NBA_2026_02_26.csv,,,,234.5,basketball_NBA_2026_02_26.csv
220,,-105,,6.5,Sacramento Kings,-110,,-110,,2026_02_26,,8:30 PM,-270,,-115,,-6.5,Dallas Mavericks,Basketball,NBA,,basketball_NBA_2026_02_26.csv,,,,236.5,basketball_NBA_2026_02_26.csv
-218,,-115,,-5.5,Los Angeles Lakers,-110,,-110,,2026_02_26,,9:00 PM,180,,-105,,5.5,Phoenix Suns,Basketball,NBA,,basketball_NBA_2026_02_26.csv,,,,220.5,basketball_NBA_2026_02_26.csv
-192,,-102,,-5.5,New Orleans Pelicans,-110,,-110,,2026_02_26,,9:00 PM,160,,-118,,5.5,Utah Jazz,Basketball,NBA,,basketball_NBA_2026_02_26.csv,,,,242.5,basketball_NBA_2026_02_26.csv
-218,,-112,,-5.5,Minnesota Timberwolves,-110,,-110,,2026_02_26,,10:00 PM,180,,-108,,5.5,Los Angeles Clippers,Basketball,NBA,,basketball_NBA_2026_02_26.csv,,,,225.5,basketball_NBA_2026_02_26.csv
-175,,-108,,-4.5,Oklahoma City Thunder,-112,,-108,,2026_03_04,,7:10 PM,145,,-112,,4.5,New York Knicks,Basketball,NBA,,basketball_NBA_2026_03_04.csv,,,,221.5,basketball_NBA_2026_03_04.csv
205,,-105,,6.5,Charlotte Hornets,-112,,-108,,2026_03_04,,7:40 PM,-250,,-115,,-6.5,Boston Celtics,Basketball,NBA,,basketball_NBA_2026_03_04.csv,,,,215.5,basketball_NBA_2026_03_04.csv
280,,-118,,8.5,Utah Jazz,-108,,-112,,2026_03_04,,7:40 PM,-355,,-102,,-8.5,Philadelphia 76ers,Basketball,NBA,,basketball_NBA_2026_03_04.csv,,,,237.5,basketball_NBA_2026_03_04.csv
-410,,-105,,-10.5,Portland Trail Blazers,-115,,-105,,2026_03_04,,8:10 PM,320,,-115,,10.5,Memphis Grizzlies,Basketball,NBA,,basketball_NBA_2026_03_04.csv,,,,232.5,basketball_NBA_2026_03_04.csv
-105,,-112,,1.5,Atlanta Hawks,-115,,-105,,2026_03_04,,9:40 PM,-115,,-108,,-1.5,Milwaukee Bucks,Basketball,NBA,,basketball_NBA_2026_03_04.csv,,,,231.5,basketball_NBA_2026_03_04.csv
470,,-110,,12.5,Indiana Pacers,-108,,-112,,2026_03_04,,10:40 PM,-650,,-110,,-12.5,Los Angeles Clippers,Basketball,NBA,,basketball_NBA_2026_03_04.csv,,,,227.5,basketball_NBA_2026_03_04.csv
-850,,-108,,-13.5,New York Knicks,-110,,-110,,2026_03_13,,7:40 PM,575,,-112,,13.5,Indiana Pacers,Basketball,NBA,,basketball_NBA_2026_03_13.csv,,,,227.5,basketball_NBA_2026_03_13.csv
-700,,-105,,-13.5,Cleveland Cavaliers,-115,,-105,,2026_03_13,,7:40 PM,500,,-115,,13.5,Dallas Mavericks,Basketball,NBA,,basketball_NBA_2026_03_13.csv,,,,235.5,basketball_NBA_2026_03_13.csv
750,,-110,,15.5,Memphis Grizzlies,-110,,-110,,2026_03_13,,7:40 PM,-1200,,-110,,-15.5,Detroit Pistons,Basketball,NBA,,basketball_NBA_2026_03_13.csv,,,,232.5,basketball_NBA_2026_03_13.csv
154,,-112,,4.5,Phoenix Suns,-110,,-110,,2026_03_13,,7:40 PM,-185,,-108,,-4.5,Toronto Raptors,Basketball,NBA,,basketball_NBA_2026_03_13.csv,,,,218.5,basketball_NBA_2026_03_13.csv
230,,-102,,6.5,New Orleans Pelicans,-105,,-115,,2026_03_13,,8:10 PM,-285,,-118,,-6.5,Houston Rockets,Basketball,NBA,,basketball_NBA_2026_03_13.csv,,,,229.5,basketball_NBA_2026_03_13.csv
-230,,-115,,-5.5,Minnesota Timberwolves,-110,,-110,,2026_03_13,,10:10 PM,190,,-105,,5.5,Golden State Warriors,Basketball,NBA,,basketball_NBA_2026_03_13.csv,,,,225.5,basketball_NBA_2026_03_13.csv
650,,-108,,14.5,Utah Jazz,-110,,-110,,2026_03_13,,10:10 PM,-1000,,-112,,-14.5,Portland Trail Blazers,Basketball,NBA,,basketball_NBA_2026_03_13.csv,,,,236.5,basketball_NBA_2026_03_13.csv
470,,-118,,13.5,Chicago Bulls,-110,,-110,,2026_03_13,,10:40 PM,-650,,-102,,-13.5,Los Angeles Clippers,Basketball,NBA,,basketball_NBA_2026_03_13.csv,,,,234.5,basketball_NBA_2026_03_13.csv
600,,-110,,14.5,Philadelphia 76ers,-112,,-108,,2026_03_12,,7:10 PM,-900,,-110,,-14.5,Detroit Pistons,Basketball,NBA,,basketball_NBA_2026_03_12.csv,,,,220.5,basketball_NBA_2026_03_12.csv
-380,,-112,,-8.5,Phoenix Suns,-110,,-110,,2026_03_12,,7:10 PM,300,,-108,,8.5,Indiana Pacers,Basketball,NBA,,basketball_NBA_2026_03_12.csv,,,,225.5,basketball_NBA_2026_03_12.csv
800,,-115,,15.5,Washington Wizards,-108,,-112,,2026_03_12,,7:10 PM,-1350,,-105,,-15.5,Orlando Magic,Basketball,NBA,,basketball_NBA_2026_03_12.csv,,,,232.5,basketball_NBA_2026_03_12.csv
195,,-108,,6.5,Milwaukee Bucks,-108,,-112,,2026_03_12,,7:40 PM,-238,,-112,,-6.5,Miami Heat,Basketball,NBA,,basketball_NBA_2026_03_12.csv,,,,231.5,basketball_NBA_2026_03_12.csv
650,,-105,,14.5,Brooklyn Nets,-110,,-110,,2026_03_12,,7:40 PM,-1000,,-115,,-14.5,Atlanta Hawks,Basketball,NBA,,basketball_NBA_2026_03_12.csv,,,,226.5,basketball_NBA_2026_03_12.csv
-198,,-112,,-4.5,Dallas Mavericks,-110,,-110,,2026_03_12,,8:10 PM,164,,-108,,4.5,Memphis Grizzlies,Basketball,NBA,,basketball_NBA_2026_03_12.csv,,,,237.5,basketball_NBA_2026_03_12.csv
185,,-102,,5.5,Denver Nuggets,-115,,-105,,2026_03_12,,9:10 PM,-225,,-118,,-5.5,San Antonio Spurs,Basketball,NBA,,basketball_NBA_2026_03_12.csv,,,,236.5,basketball_NBA_2026_03_12.csv
220,,-110,,6.5,Boston Celtics,-105,,-115,,2026_03_12,,9:40 PM,-270,,-110,,-6.5,Oklahoma City Thunder,Basketball,NBA,,basketball_NBA_2026_03_12.csv,,,,216.5,basketball_NBA_2026_03_12.csv
400,,-118,,11.5,Chicago Bulls,-108,,-112,,2026_03_12,,10:40 PM,-535,,-102,,-11.5,Los Angeles Lakers,Basketball,NBA,,basketball_NBA_2026_03_12.csv,,,,235.5,basketball_NBA_2026_03_12.csv
650,,-110,,14.5,Dallas Mavericks,-115,,-105,,2026_03_06,,7:10 PM,-1000,,-110,,-14.5,Boston Celtics,Basketball,NBA,,basketball_NBA_2026_03_06.csv,,,,224.5,basketball_NBA_2026_03_06.csv
250,,-102,,7.5,Miami Heat,-110,,-110,,2026_03_06,,7:10 PM,-310,,-118,,-7.5,Charlotte Hornets,Basketball,NBA,,basketball_NBA_2026_03_06.csv,,,,229.5,basketball_NBA_2026_03_06.csv
195,,-115,,6.5,Portland Trail Blazers,-108,,-112,,2026_03_06,,8:10 PM,-238,,-105,,-6.5,Houston Rockets,Basketball,NBA,,basketball_NBA_2026_03_06.csv,,,,218.5,basketball_NBA_2026_03_06.csv
-125,,-108,,-1.5,New York Knicks,-105,,-115,,2026_03_06,,9:10 PM,105,,-112,,1.5,Denver Nuggets,Basketball,NBA,,basketball_NBA_2026_03_06.csv,,,,230.5,basketball_NBA_2026_03_06.csv
180,,-112,,5.5,New Orleans Pelicans,-105,,-115,,2026_03_06,,9:10 PM,-218,,-108,,-5.5,Phoenix Suns,Basketball,NBA,,basketball_NBA_2026_03_06.csv,,,,226.5,basketball_NBA_2026_03_06.csv
225,,-105,,6.5,Los Angeles Clippers,-110,,-110,,2026_03_06,,9:40 PM,-278,,-115,,-6.5,San Antonio Spurs,Basketball,NBA,,basketball_NBA_2026_03_06.csv,,,,222.5,basketball_NBA_2026_03_06.csv
350,,-118,,9.5,Indiana Pacers,-110,,-110,,2026_03_06,,10:40 PM,-455,,-102,,-9.5,Los Angeles Lakers,Basketball,NBA,,basketball_NBA_2026_03_06.csv,,,,235.5,basketball_NBA_2026_03_06.csv
170,,-102,,4.5,Orlando Magic,-112,,-108,,2026_03_19,,7:10 PM,-205,,-118,,-4.5,Charlotte Hornets,Basketball,NBA,,basketball_NBA_2026_03_19.csv,,,,225.5,basketball_NBA_2026_03_19.csv
-1350,,-115,,-15.5,Detroit Pistons,-110,,-110,,2026_03_19,,7:10 PM,800,,-105,,15.5,Washington Wizards,Basketball,NBA,,basketball_NBA_2026_03_19.csv,,,,230.5,basketball_NBA_2026_03_19.csv
360,,-108,,9.5,Phoenix Suns,-105,,-115,,2026_03_19,,8:10 PM,-470,,-112,,-9.5,San Antonio Spurs,Basketball,NBA,,basketball_NBA_2026_03_19.csv,,,,227.5,basketball_NBA_2026_03_19.csv
-750,,-118,,-12.5,Cleveland Cavaliers,-112,,-108,,2026_03_19,,8:10 PM,525,,-102,,12.5,Chicago Bulls,Basketball,NBA,,basketball_NBA_2026_03_19.csv,,,,240.5,basketball_NBA_2026_03_19.csv
130,,-105,,2.5,Los Angeles Lakers,-110,,-110,,2026_03_19,,8:10 PM,-155,,-115,,-2.5,Miami Heat,Basketball,NBA,,basketball_NBA_2026_03_19.csv,,,,239.5,basketball_NBA_2026_03_19.csv
100,,-108,,1.5,Los Angeles Clippers,-110,,-110,,2026_03_19,,8:10 PM,-120,,-112,,-1.5,New Orleans Pelicans,Basketball,NBA,,basketball_NBA_2026_03_19.csv,,,,233.5,basketball_NBA_2026_03_19.csv
-218,,-105,,-5.5,Milwaukee Bucks,-110,,-110,,2026_03_19,,9:10 PM,180,,-115,,5.5,Utah Jazz,Basketball,NBA,,basketball_NBA_2026_03_19.csv,,,,229.5,basketball_NBA_2026_03_19.csv
-155,,-108,,-3.5,Philadelphia 76ers,-115,,-105,,2026_03_19,,10:10 PM,130,,-112,,3.5,Sacramento Kings,Basketball,NBA,,basketball_NBA_2026_03_19.csv,,,,230.5,basketball_NBA_2026_03_19.csv
500,,-115,,13.5,Dallas Mavericks,-115,,-105,,2026_03_03,,7:10 PM,-700,,-105,,-13.5,Charlotte Hornets,Basketball,NBA,,basketball_NBA_2026_03_03.csv,,,,228.5,basketball_NBA_2026_03_03.csv
-142,,-110,,-2.5,Detroit Pistons,-118,,-102,,2026_03_03,,7:10 PM,120,,-110,,2.5,Cleveland Cavaliers,Basketball,NBA,,basketball_NBA_2026_03_03.csv,,,,227.5,basketball_NBA_2026_03_03.csv
800,,-105,,15.5,Washington Wizards,-115,,-105,,2026_03_03,,7:10 PM,-1350,,-115,,-15.5,Orlando Magic,Basketball,NBA,,basketball_NBA_2026_03_03.csv,,,,227.5,basketball_NBA_2026_03_03.csv
-142,,-108,,-2.5,New York Knicks,-110,,-110,,2026_03_03,,7:40 PM,120,,-112,,2.5,Toronto Raptors,Basketball,NBA,,basketball_NBA_2026_03_03.csv,,,,221.5,basketball_NBA_2026_03_03.csv
500,,-115,,13.5,Brooklyn Nets,-115,,-105,,2026_03_03,,7:40 PM,-700,,-105,,-13.5,Miami Heat,Basketball,NBA,,basketball_NBA_2026_03_03.csv,,,,225.5,basketball_NBA_2026_03_03.csv
-305,,-118,,-7.5,San Antonio Spurs,-115,,-105,,2026_03_03,,8:10 PM,245,,-102,,7.5,Philadelphia 76ers,Basketball,NBA,,basketball_NBA_2026_03_03.csv,,,,232.5,basketball_NBA_2026_03_03.csv
-425,,-105,,-10.5,Oklahoma City Thunder,-105,,-115,,2026_03_03,,8:10 PM,330,,-115,,10.5,Chicago Bulls,Basketball,NBA,,basketball_NBA_2026_03_03.csv,,,,230.5,basketball_NBA_2026_03_03.csv
550,,-112,,14.5,Memphis Grizzlies,-115,,-105,,2026_03_03,,8:10 PM,-800,,-108,,-14.5,Minnesota Timberwolves,Basketball,NBA,,basketball_NBA_2026_03_03.csv,,,,236.5,basketball_NBA_2026_03_03.csv
275,,-108,,8.5,New Orleans Pelicans,-112,,-108,,2026_03_03,,10:40 PM,-345,,-112,,-8.5,Los Angeles Lakers,Basketball,NBA,,basketball_NBA_2026_03_03.csv,,,,242.5,basketball_NBA_2026_03_03.csv
-395,,-115,,-9.5,Phoenix Suns,-105,,-115,,2026_03_03,,11:10 PM,310,,-105,,9.5,Sacramento Kings,Basketball,NBA,,basketball_NBA_2026_03_03.csv,,,,223.5,basketball_NBA_2026_03_03.csv
114,2.14,-115,1.87,2.5,Phoenix Suns,-112,1.89,-108,1.93,2026_03_31,8c95b58e16520c12308e0196b0c19198,19:10,-135,1.74,-105,1.95,-2.5,Orlando Magic,NBA,nba,2026-03-31T10:04:53Z,basketball_NBA_2026_03_31.csv,,,,224.5,basketball_NBA_2026_03_31.csv
-1429,1.07,-115,1.87,-15.5,Charlotte Hornets,-115,1.87,-105,1.95,2026_03_31,5821188b8c12a7b49e0f069e3974e502,19:40,850,9.5,-105,1.95,15.5,Brooklyn Nets,NBA,nba,2026-03-31T10:04:53Z,basketball_NBA_2026_03_31.csv,,,,218.5,basketball_NBA_2026_03_31.csv
-110,1.91,100,2.0,-1.5,Dallas Mavericks,-105,1.95,-115,1.87,2026_03_31,ce4beaf577105bae5d26c3205ccce3b4,20:10,-110,1.91,-120,1.83,1.5,Milwaukee Bucks,NBA,nba,2026-03-31T10:04:53Z,basketball_NBA_2026_03_31.csv,,,,228.5,basketball_NBA_2026_03_31.csv
120,2.2,-108,1.93,2.5,Toronto Raptors,-110,1.91,-110,1.91,2026_03_31,b6b9e83d82f672bcffebdad2ba67d51d,20:10,-143,1.7,-112,1.89,-2.5,Detroit Pistons,NBA,nba,2026-03-31T10:04:53Z,basketball_NBA_2026_03_31.csv,,,,219.5,basketball_NBA_2026_03_31.csv
-115,1.87,-102,1.98,-1.5,New York Knicks,-105,1.95,-115,1.87,2026_03_31,0fee871b4f5cc68f4c933d5eb56d25c8,20:10,-105,1.95,-118,1.85,1.5,Houston Rockets,NBA,nba,2026-03-31T10:04:53Z,basketball_NBA_2026_03_31.csv,,,,218.5,basketball_NBA_2026_03_31.csv
105,2.05,-108,1.93,1.5,Cleveland Cavaliers,-105,1.95,-115,1.87,2026_03_31,87dab37c8c29cf1586f973f3fe0ca38a,22:40,-125,1.8,-112,1.89,-1.5,Los Angeles Lakers,NBA,nba,2026-03-31T10:04:53Z,basketball_NBA_2026_03_31.csv,,,,237.5,basketball_NBA_2026_03_31.csv
180,2.8,-105,1.95,5.5,Portland Trail Blazers,-115,1.87,-105,1.95,2026_03_31,4ae1016a615b3bc0fcef523ab3c8933b,23:10,-217,1.46,-115,1.87,-5.5,Los Angeles Clippers,NBA,nba,2026-03-31T10:04:53Z,basketball_NBA_2026_03_31.csv,,,,226.5,basketball_NBA_2026_03_31.csv
-2000,1.05,-112,1.89,-18.5,San Antonio Spurs,-115,1.87,-105,1.95,2026_03_28,61b1ef0450e08478d708e8ab8a384647,15:10,1100,12.0,-108,1.93,18.5,Milwaukee Bucks,NBA,nba,2026-03-28T09:38:03Z,basketball_NBA_2026_03_28.csv,,,,225.5,basketball_NBA_2026_03_28.csv
114,2.14,-112,1.89,2.5,Detroit Pistons,-108,1.93,-112,1.89,2026_03_28,2f64bcd6f06f9cb1132a6be530d6848c,17:40,-135,1.74,-108,1.93,-2.5,Minnesota Timberwolves,NBA,nba,2026-03-28T09:38:03Z,basketball_NBA_2026_03_28.csv,,,,223.5,basketball_NBA_2026_03_28.csv
180,2.8,-105,1.95,5.5,Philadelphia 76ers,-108,1.93,-112,1.89,2026_03_28,def835f85134dff31d0e29a14591d960,18:10,-217,1.46,-115,1.87,-5.5,Charlotte Hornets,NBA,nba,2026-03-28T09:38:03Z,basketball_NBA_2026_03_28.csv,,,,233.5,basketball_NBA_2026_03_28.csv
650,7.5,-105,1.95,14.5,Sacramento Kings,-110,1.91,-110,1.91,2026_03_28,d7a3bd092d17e72cfe007b92fc74dd1f,19:40,-1000,1.1,-115,1.87,-14.5,Atlanta Hawks,NBA,nba,2026-03-28T09:38:03Z,basketball_NBA_2026_03_28.csv,,,,237.5,basketball_NBA_2026_03_28.csv
-175,1.57,-108,1.93,-3.5,Chicago Bulls,-115,1.87,-105,1.95,2026_03_28,df362c645ce96c954aeec281f1951a22,20:10,145,2.45,-112,1.89,3.5,Memphis Grizzlies,NBA,nba,2026-03-28T09:38:03Z,basketball_NBA_2026_03_28.csv,,,,244.5,basketball_NBA_2026_03_28.csv
800,9.0,-115,1.87,17.5,Utah Jazz,-115,1.87,-105,1.95,2026_03_28,6ddf73112fefbe7dcb275c09ebdae6a6,22:10,-1429,1.07,-105,1.95,-17.5,Phoenix Suns,NBA,nba,2026-03-28T09:38:03Z,basketball_NBA_2026_03_28.csv,,,,229.5,basketball_NBA_2026_03_28.csv
440,,-120,,12.5,Golden State Warriors,-115,,-105,,2026_03_18,,7:10 PM,-600,,100,,-12.5,Boston Celtics,Basketball,NBA,,basketball_NBA_2026_03_18.csv,,,,215.5,basketball_NBA_2026_03_18.csv
-2400,,-108,,-19.5,Oklahoma City Thunder,-108,,-112,,2026_03_18,,7:40 PM,1200,,-112,,19.5,Brooklyn Nets,Basketball,NBA,,basketball_NBA_2026_03_18.csv,,,,215.5,basketball_NBA_2026_03_18.csv
-520,,-112,,-10.5,Portland Trail Blazers,-115,,-105,,2026_03_18,,7:40 PM,390,,-108,,10.5,Indiana Pacers,Basketball,NBA,,basketball_NBA_2026_03_18.csv,,,,234.5,basketball_NBA_2026_03_18.csv
-305,,-110,,-7.5,Toronto Raptors,-115,,-105,,2026_03_18,,8:10 PM,245,,-110,,7.5,Chicago Bulls,Basketball,NBA,,basketball_NBA_2026_03_18.csv,,,,232.5,basketball_NBA_2026_03_18.csv
110,,-118,,2.5,Los Angeles Clippers,-115,,-105,,2026_03_18,,8:10 PM,-130,,-102,,-2.5,New Orleans Pelicans,Basketball,NBA,,basketball_NBA_2026_03_18.csv,,,,231.5,basketball_NBA_2026_03_18.csv
490,,-112,,12.5,Utah Jazz,-105,,-115,,2026_03_18,,8:10 PM,-675,,-108,,-12.5,Minnesota Timberwolves,Basketball,NBA,,basketball_NBA_2026_03_18.csv,,,,233.5,basketball_NBA_2026_03_18.csv
-355,,-102,,-8.5,Atlanta Hawks,-105,,-115,,2026_03_18,,8:40 PM,280,,-118,,8.5,Dallas Mavericks,Basketball,NBA,,basketball_NBA_2026_03_18.csv,,,,238.5,basketball_NBA_2026_03_18.csv
-700,,-110,,-13.5,Denver Nuggets,-110,,-110,,2026_03_18,,8:40 PM,500,,-110,,13.5,Memphis Grizzlies,Basketball,NBA,,basketball_NBA_2026_03_18.csv,,,,241.5,basketball_NBA_2026_03_18.csv
120,,-112,,2.5,Los Angeles Lakers,-110,,-110,,2026_03_18,,9:40 PM,-142,,-108,,-2.5,Houston Rockets,Basketball,NBA,,basketball_NBA_2026_03_18.csv,,,,222.5,basketball_NBA_2026_03_18.csv
130,2.3,-102,1.98,2.5,Atlanta Hawks,-115,1.87,-105,1.95,2026_03_25,8aaad66627fe854cc273103047d880e6,19:10,-154,1.65,-118,1.85,-2.5,Detroit Pistons,NBA,nba,2026-03-25T19:43:40Z,basketball_NBA_2026_03_25.csv,,,,228.5,basketball_NBA_2026_03_25.csv
200,3.0,-110,1.91,6.5,Chicago Bulls,-108,1.93,-112,1.89,2026_03_25,eaf07668d23364ac54cbcf69f4808ba9,19:10,-244,1.41,-110,1.91,-6.5,Philadelphia 76ers,NBA,nba,2026-03-25T19:43:40Z,basketball_NBA_2026_03_25.csv,,,,240.5,basketball_NBA_2026_03_25.csv
-500,1.2,-108,1.93,-9.5,Los Angeles Lakers,-105,1.95,-115,1.87,2026_03_25,3d71d6b6b1bc85b5ec831ae9dba2c93c,19:10,380,4.8,-112,1.89,9.5,Indiana Pacers,NBA,nba,2026-03-25T19:43:40Z,basketball_NBA_2026_03_25.csv,,,,238.5,basketball_NBA_2026_03_25.csv
-135,1.74,-102,1.98,-2.5,Oklahoma City Thunder,-110,1.91,-110,1.91,2026_03_25,277fee894c9dc5c623ed6a131bf513c7,19:40,114,2.14,-118,1.85,2.5,Boston Celtics,NBA,nba,2026-03-25T19:43:40Z,basketball_NBA_2026_03_25.csv,,,,218.5,basketball_NBA_2026_03_25.csv
124,2.24,-110,1.91,2.5,Miami Heat,-115,1.87,-105,1.95,2026_03_25,bb33d3e33ac233af2a20161310f567f2,19:40,-147,1.68,-110,1.91,-2.5,Cleveland Cavaliers,NBA,nba,2026-03-25T19:43:40Z,basketball_NBA_2026_03_25.csv,,,,242.5,basketball_NBA_2026_03_25.csv
-1667,1.06,-102,1.98,-17.5,San Antonio Spurs,-105,1.95,-115,1.87,2026_03_25,bcbad64f54906ae96b4be0ef54b453b4,20:10,950,10.5,-118,1.85,17.5,Memphis Grizzlies,NBA,nba,2026-03-25T19:43:40Z,basketball_NBA_2026_03_25.csv,,,,233.5,basketball_NBA_2026_03_25.csv
140,2.4,-105,1.95,3.5,Washington Wizards,-105,1.95,-115,1.87,2026_03_25,dcd42c163a10db20aa31d9ee311c07bd,21:10,-167,1.6,-115,1.87,-3.5,Utah Jazz,NBA,nba,2026-03-25T19:43:40Z,basketball_NBA_2026_03_25.csv,,,,239.5,basketball_NBA_2026_03_25.csv
-125,1.8,-115,1.87,-1.5,Houston Rockets,-105,1.95,-115,1.87,2026_03_25,cf2665074fd82e7b5f2b4393f20afd32,21:40,105,2.05,-105,1.95,1.5,Minnesota Timberwolves,NBA,nba,2026-03-25T19:43:40Z,basketball_NBA_2026_03_25.csv,,,,223.5,basketball_NBA_2026_03_25.csv
455,5.55,-115,1.87,12.5,Brooklyn Nets,-115,1.87,-105,1.95,2026_03_25,f0853d396988ee8ea615897e136d22cb,22:10,-625,1.16,-105,1.95,-12.5,Golden State Warriors,NBA,nba,2026-03-25T19:43:40Z,basketball_NBA_2026_03_25.csv,,,,216.5,basketball_NBA_2026_03_25.csv
470,5.7,-110,1.91,11.5,Dallas Mavericks,-105,1.95,-115,1.87,2026_03_25,63b3c408cf1e55eb8d34aec686038a87,22:10,-667,1.15,-110,1.91,-11.5,Denver Nuggets,NBA,nba,2026-03-25T19:43:40Z,basketball_NBA_2026_03_25.csv,,,,245.5,basketball_NBA_2026_03_25.csv
525,6.25,-118,1.85,13.5,Milwaukee Bucks,-115,1.87,-105,1.95,2026_03_25,d17b632d984be98852b4bc409ae1d056,22:10,-769,1.13,-102,1.98,-13.5,Portland Trail Blazers,NBA,nba,2026-03-25T19:43:40Z,basketball_NBA_2026_03_25.csv,,,,225.5,basketball_NBA_2026_03_25.csv
154,2.54,-102,1.98,3.5,Toronto Raptors,-115,1.87,-105,1.95,2026_03_25,24a4d71edcffcb5584a61d2aa89c66d8,22:40,-185,1.54,-118,1.85,-3.5,Los Angeles Clippers,NBA,nba,2026-03-25T19:43:40Z,basketball_NBA_2026_03_25.csv,,,,226.5,basketball_NBA_2026_03_25.csv
900,10.0,-108,1.93,16.5,Sacramento Kings,-105,1.95,-115,1.87,2026_03_24,c4901bf9c9ebf81236d22ca4626b5a31,19:10,-1667,1.06,-112,1.89,-16.5,Charlotte Hornets,NBA,nba,2026-03-24T13:50:34Z,basketball_NBA_2026_03_24.csv,,,,230.5,basketball_NBA_2026_03_24.csv
285,3.85,-110,1.91,8.5,New Orleans Pelicans,-105,1.95,-115,1.87,2026_03_24,3ffbb865981907829bb58d7f86351ba0,19:40,-357,1.28,-110,1.91,-8.5,New York Knicks,NBA,nba,2026-03-24T13:50:34Z,basketball_NBA_2026_03_24.csv,,,,231.5,basketball_NBA_2026_03_24.csv
360,4.6,-105,1.95,10.5,Orlando Magic,-115,1.87,-105,1.95,2026_03_24,6b03ae1305a70007dbaebefa0c8af0b7,20:10,-476,1.21,-115,1.87,-10.5,Cleveland Cavaliers,NBA,nba,2026-03-24T13:50:34Z,basketball_NBA_2026_03_24.csv,,,,230.5,basketball_NBA_2026_03_24.csv
-244,1.41,-108,1.93,-5.5,Denver Nuggets,-110,1.91,-110,1.91,2026_03_24,5cc255e5f9f9fefa4cc7e5316e16a519,23:10,200,3.0,-112,1.89,5.5,Phoenix Suns,NBA,nba,2026-03-24T13:50:34Z,basketball_NBA_2026_03_24.csv,,,,233.5,basketball_NBA_2026_03_24.csv
-112,,100,,-1.5,Boston Celtics,-110,,-110,,2026_03_08,,1:10 PM,-108,,-120,,1.5,Cleveland Cavaliers,Basketball,NBA,,basketball_NBA_2026_03_08.csv,,,,223.5,basketball_NBA_2026_03_08.csv
-155,,-118,,-2.5,New York Knicks,-110,,-110,,2026_03_08,,3:40 PM,130,,-102,,2.5,Los Angeles Lakers,Basketball,NBA,,basketball_NBA_2026_03_08.csv,,,,228.5,basketball_NBA_2026_03_08.csv
-115,,-105,,-1.5,Detroit Pistons,-115,,-105,,2026_03_08,,6:10 PM,-105,,-115,,1.5,Miami Heat,Basketball,NBA,,basketball_NBA_2026_03_08.csv,,,,229.5,basketball_NBA_2026_03_08.csv
340,,-112,,10.5,Dallas Mavericks,-108,,-112,,2026_03_08,,6:10 PM,-440,,-108,,-10.5,Toronto Raptors,Basketball,NBA,,basketball_NBA_2026_03_08.csv,,,,229.5,basketball_NBA_2026_03_08.csv
340,,-112,,10.5,Washington Wizards,-105,,-115,,2026_03_08,,7:10 PM,-440,,-108,,-10.5,New Orleans Pelicans,Basketball,NBA,,basketball_NBA_2026_03_08.csv,,,,243.5,basketball_NBA_2026_03_08.csv
180,,-112,,5.5,Houston Rockets,-115,,-105,,2026_03_08,,8:10 PM,-218,,-108,,-5.5,San Antonio Spurs,Basketball,NBA,,basketball_NBA_2026_03_08.csv,,,,221.5,basketball_NBA_2026_03_08.csv
-162,,-115,,-3.5,Orlando Magic,-115,,-105,,2026_03_08,,8:10 PM,136,,-105,,3.5,Milwaukee Bucks,Basketball,NBA,,basketball_NBA_2026_03_08.csv,,,,218.5,basketball_NBA_2026_03_08.csv
310,,-105,,8.5,Indiana Pacers,-108,,-112,,2026_03_08,,9:10 PM,-395,,-115,,-8.5,Portland Trail Blazers,Basketball,NBA,,basketball_NBA_2026_03_08.csv,,,,236.5,basketball_NBA_2026_03_08.csv
-135,,-108,,-2.5,Chicago Bulls,-115,,-105,,2026_03_08,,9:10 PM,114,,-112,,2.5,Sacramento Kings,Basketball,NBA,,basketball_NBA_2026_03_08.csv,,,,233.5,basketball_NBA_2026_03_08.csv
-180,,-112,,-4.5,Charlotte Hornets,-110,,-110,,2026_03_08,,10:10 PM,150,,-108,,4.5,Phoenix Suns,Basketball,NBA,,basketball_NBA_2026_03_08.csv,,,,218.5,basketball_NBA_2026_03_08.csv
-1800,,-115,,-17.5,New York Knicks,-115,,-105,,2026_03_20,,7:40 PM,1000,,-105,,17.5,Brooklyn Nets,Basketball,NBA,,basketball_NBA_2026_03_20.csv,,,,215.5,basketball_NBA_2026_03_20.csv
200,,-108,,6.5,Golden State Warriors,-112,,-108,,2026_03_20,,7:40 PM,-245,,-112,,-6.5,Detroit Pistons,Basketball,NBA,,basketball_NBA_2026_03_20.csv,,,,217.5,basketball_NBA_2026_03_20.csv
-1200,,-108,,-15.5,Boston Celtics,-110,,-110,,2026_03_20,,8:10 PM,750,,-112,,15.5,Memphis Grizzlies,Basketball,NBA,,basketball_NBA_2026_03_20.csv,,,,228.5,basketball_NBA_2026_03_20.csv
140,,-105,,3.5,Atlanta Hawks,-110,,-110,,2026_03_20,,8:10 PM,-166,,-115,,-3.5,Houston Rockets,Basketball,NBA,,basketball_NBA_2026_03_20.csv,,,,227.5,basketball_NBA_2026_03_20.csv
120,,-102,,2.5,Portland Trail Blazers,-110,,-110,,2026_03_20,,8:10 PM,-142,,-118,,-2.5,Minnesota Timberwolves,Basketball,NBA,,basketball_NBA_2026_03_20.csv,,,,230.5,basketball_NBA_2026_03_20.csv
210,,-108,,6.5,Toronto Raptors,-115,,-105,,2026_03_20,,9:10 PM,-258,,-112,,-6.5,Denver Nuggets,Basketball,NBA,,basketball_NBA_2026_03_20.csv,,,,235.5,basketball_NBA_2026_03_20.csv
-455,,-110,,-9.5,Oklahoma City Thunder,-110,,-110,,2026_03_17,,7:10 PM,350,,-110,,9.5,Orlando Magic,Basketball,NBA,,basketball_NBA_2026_03_17.csv,,,,221.5,basketball_NBA_2026_03_17.csv
145,,-112,,3.5,Miami Heat,-110,,-110,,2026_03_17,,7:10 PM,-175,,-108,,-3.5,Charlotte Hornets,Basketball,NBA,,basketball_NBA_2026_03_17.csv,,,,233.5,basketball_NBA_2026_03_17.csv
-1650,,-115,,-17.5,Detroit Pistons,-112,,-108,,2026_03_17,,7:10 PM,950,,-105,,17.5,Washington Wizards,Basketball,NBA,,basketball_NBA_2026_03_17.csv,,,,234.5,basketball_NBA_2026_03_17.csv
800,,-112,,16.5,Indiana Pacers,-115,,-105,,2026_03_17,,7:40 PM,-1350,,-108,,-16.5,New York Knicks,Basketball,NBA,,basketball_NBA_2026_03_17.csv,,,,223.5,basketball_NBA_2026_03_17.csv
-470,,-118,,-9.5,Cleveland Cavaliers,-105,,-115,,2026_03_17,,8:10 PM,360,,-102,,9.5,Milwaukee Bucks,Basketball,NBA,,basketball_NBA_2026_03_17.csv,,,,229.5,basketball_NBA_2026_03_17.csv
145,,-108,,3.5,Phoenix Suns,-110,,-110,,2026_03_17,,8:10 PM,-175,,-112,,-3.5,Minnesota Timberwolves,Basketball,NBA,,basketball_NBA_2026_03_17.csv,,,,220.5,basketball_NBA_2026_03_17.csv
700,,-110,,15.5,Philadelphia 76ers,-110,,-110,,2026_03_17,,10:10 PM,-1100,,-110,,-15.5,Denver Nuggets,Basketball,NBA,,basketball_NBA_2026_03_17.csv,,,,235.5,basketball_NBA_2026_03_17.csv
-900,,-108,,-13.5,San Antonio Spurs,-112,,-108,,2026_03_17,,10:10 PM,600,,-112,,13.5,Sacramento Kings,Basketball,NBA,,basketball_NBA_2026_03_17.csv,,,,234.5,basketball_NBA_2026_03_17.csv
200,,-112,,6.5,Orlando Magic,-112,,-108,,2026_03_07,,3:10 PM,-245,,-108,,-6.5,Minnesota Timberwolves,Basketball,NBA,,basketball_NBA_2026_03_07.csv,,,,226.5,basketball_NBA_2026_03_07.csv
625,,-118,,14.5,Brooklyn Nets,-105,,-115,,2026_03_07,,6:10 PM,-950,,-102,,-14.5,Detroit Pistons,Basketball,NBA,,basketball_NBA_2026_03_07.csv,,,,216.5,basketball_NBA_2026_03_07.csv
220,,-105,,6.5,Philadelphia 76ers,-110,,-110,,2026_03_07,,6:10 PM,-270,,-115,,-6.5,Atlanta Hawks,Basketball,NBA,,basketball_NBA_2026_03_07.csv,,,,233.5,basketball_NBA_2026_03_07.csv
380,,-108,,10.5,Utah Jazz,-108,,-112,,2026_03_07,,8:10 PM,-500,,-112,,-10.5,Milwaukee Bucks,Basketball,NBA,,basketball_NBA_2026_03_07.csv,,,,234.5,basketball_NBA_2026_03_07.csv
-270,,-118,,-5.5,Los Angeles Clippers,-115,,-105,,2026_03_07,,8:10 PM,220,,-102,,5.5,Memphis Grizzlies,Basketball,NBA,,basketball_NBA_2026_03_07.csv,,,,226.5,basketball_NBA_2026_03_07.csv
550,,-108,,14.5,Golden State Warriors,-108,,-112,,2026_03_07,,8:40 PM,-800,,-112,,-14.5,Oklahoma City Thunder,Basketball,NBA,,basketball_NBA_2026_03_07.csv,,,,219.5,basketball_NBA_2026_03_07.csv
-1200,,-110,,-15.5,Houston Rockets,-110,,-110,,2026_03_02,,7:10 PM,750,,-110,,15.5,Washington Wizards,Basketball,NBA,,basketball_NBA_2026_03_02.csv,,,,224.5,basketball_NBA_2026_03_02.csv
-310,,-110,,-7.5,Boston Celtics,-110,,-110,,2026_03_02,,7:40 PM,250,,-110,,7.5,Milwaukee Bucks,Basketball,NBA,,basketball_NBA_2026_03_02.csv,,,,215.5,basketball_NBA_2026_03_02.csv
-550,,-115,,-11.5,Denver Nuggets,-110,,-110,,2026_03_02,,9:10 PM,410,,-105,,11.5,Utah Jazz,Basketball,NBA,,basketball_NBA_2026_03_02.csv,,,,244.5,basketball_NBA_2026_03_02.csv
-122,,-115,,-1.5,Los Angeles Clippers,-110,,-110,,2026_03_02,,10:10 PM,102,,-105,,1.5,Golden State Warriors,Basketball,NBA,,basketball_NBA_2026_03_02.csv,,,,216.5,basketball_NBA_2026_03_02.csv
-125,,-110,,-1.5,New York Knicks,-110,,-110,,2026_03_02,,7:30 PM,105,,-110,,1.5,Toronto Raptors,Basketball,NBA,,basketball_NBA_2026_03_02.csv,,,,223.5,basketball_NBA_2026_03_02.csv
-230,,-102,,-6.5,San Antonio Spurs,-110,,-110,,2026_03_02,,8:00 PM,190,,-118,,6.5,Philadelphia 76ers,Basketball,NBA,,basketball_NBA_2026_03_02.csv,,,,231.5,basketball_NBA_2026_03_02.csv
-135,1.74,-105,1.95,-2.5,Philadelphia 76ers,-108,1.93,-112,1.89,2026_03_30,2ba4ff0cef51aafdf9c5509533b14091,19:10,114,2.14,-115,1.87,2.5,Miami Heat,NBA,nba,2026-03-30T10:17:25Z,basketball_NBA_2026_03_30.csv,,,,246.5,basketball_NBA_2026_03_30.csv
-102,1.98,-112,1.89,1.5,Boston Celtics,-110,1.91,-110,1.91,2026_03_30,6faf1f26b1e369d008c889f78e15732b,19:40,-118,1.85,-108,1.93,-1.5,Atlanta Hawks,NBA,nba,2026-03-30T10:17:25Z,basketball_NBA_2026_03_30.csv,,,,222.5,basketball_NBA_2026_03_30.csv
1000,11.0,-105,1.95,17.5,Chicago Bulls,-105,1.95,-115,1.87,2026_03_30,99052db19c4b4026e439fcc94cd4f6e8,20:10,-1667,1.06,-115,1.87,-17.5,San Antonio Spurs,NBA,nba,2026-03-30T10:17:25Z,basketball_NBA_2026_03_30.csv,,,,243.5,basketball_NBA_2026_03_30.csv
-833,1.12,-105,1.95,-13.5,Phoenix Suns,-108,1.93,-112,1.89,2026_03_30,7d18651bc9124e2b06c6ffbc3af06ee6,20:10,550,6.5,-115,1.87,13.5,Memphis Grizzlies,NBA,nba,2026-03-30T10:17:25Z,basketball_NBA_2026_03_30.csv,,,,229.5,basketball_NBA_2026_03_30.csv
-286,1.35,-115,1.87,-6.5,Minnesota Timberwolves,-112,1.89,-108,1.93,2026_03_30,529b588f29593d9353dc633d814bc188,20:40,230,3.3,-105,1.95,6.5,Dallas Mavericks,NBA,nba,2026-03-30T10:17:25Z,basketball_NBA_2026_03_30.csv,,,,235.5,basketball_NBA_2026_03_30.csv
-1667,1.06,-112,1.89,-17.5,Cleveland Cavaliers,-110,1.91,-110,1.91,2026_03_30,2d048fe85c2360eaad38501d77dd41e4,21:10,950,10.5,-108,1.93,17.5,Utah Jazz,NBA,nba,2026-03-30T10:17:25Z,basketball_NBA_2026_03_30.csv,,,,243.5,basketball_NBA_2026_03_30.csv
550,6.5,-112,1.89,13.5,Detroit Pistons,-115,1.87,-105,1.95,2026_03_30,e3266348b9f8e04ffa8ca5bbe8e55265,21:40,-833,1.12,-108,1.93,-13.5,Oklahoma City Thunder,NBA,nba,2026-03-30T10:17:25Z,basketball_NBA_2026_03_30.csv,,,,218.5,basketball_NBA_2026_03_30.csv
800,9.0,-105,1.95,15.5,Washington Wizards,-112,1.89,-108,1.93,2026_03_30,7bab999d0c94806e44c5de1d60333079,22:10,-1429,1.07,-115,1.87,-15.5,Los Angeles Lakers,NBA,nba,2026-03-30T10:17:25Z,basketball_NBA_2026_03_30.csv,,,,235.5,basketball_NBA_2026_03_30.csv
-162,,-110,,-3.5,Cleveland Cavaliers,-105,,-115,,2026_03_11,,7:40 PM,136,,-110,,3.5,Orlando Magic,Basketball,NBA,,basketball_NBA_2026_03_11.csv,,,,226.5,basketball_NBA_2026_03_11.csv
-120,,-110,,-1.5,Toronto Raptors,-112,,-108,,2026_03_11,,8:10 PM,100,,-110,,1.5,New Orleans Pelicans,Basketball,NBA,,basketball_NBA_2026_03_11.csv,,,,232.5,basketball_NBA_2026_03_11.csv
-750,,-110,,-12.5,New York Knicks,-112,,-108,,2026_03_11,,9:10 PM,525,,-110,,12.5,Utah Jazz,Basketball,NBA,,basketball_NBA_2026_03_11.csv,,,,229.5,basketball_NBA_2026_03_11.csv
180,,-110,,5.5,Houston Rockets,-105,,-115,,2026_03_11,,10:10 PM,-218,,-110,,-5.5,Denver Nuggets,Basketball,NBA,,basketball_NBA_2026_03_11.csv,,,,229.5,basketball_NBA_2026_03_11.csv
-700,,-110,,-12.5,Charlotte Hornets,-110,,-110,,2026_03_11,,10:10 PM,500,,-110,,12.5,Sacramento Kings,Basketball,NBA,,basketball_NBA_2026_03_11.csv,,,,227.5,basketball_NBA_2026_03_11.csv
114,,-110,,2.5,Minnesota Timberwolves,-115,,-105,,2026_03_11,,10:40 PM,-135,,-110,,-2.5,Los Angeles Clippers,Basketball,NBA,,basketball_NBA_2026_03_11.csv,,,,225.5,basketball_NBA_2026_03_11.csv
300,,-108,,8.5,Brooklyn Nets,-115,,-105,,2026_03_14,,1:10 PM,-380,,-112,,-8.5,Philadelphia 76ers,Basketball,NBA,,basketball_NBA_2026_03_14.csv,,,,216.5,basketball_NBA_2026_03_14.csv
280,,-112,,9.5,Milwaukee Bucks,-115,,-105,,2026_03_14,,3:10 PM,-355,,-108,,-9.5,Atlanta Hawks,Basketball,NBA,,basketball_NBA_2026_03_14.csv,,,,229.5,basketball_NBA_2026_03_14.csv
180,,-118,,5.5,Charlotte Hornets,-112,,-108,,2026_03_14,,3:40 PM,-218,,-102,,-5.5,San Antonio Spurs,Basketball,NBA,,basketball_NBA_2026_03_14.csv,,,,228.5,basketball_NBA_2026_03_14.csv
1100,,-108,,19.5,Washington Wizards,-108,,-112,,2026_03_14,,6:10 PM,-2100,,-112,,-19.5,Boston Celtics,Basketball,NBA,,basketball_NBA_2026_03_14.csv,,,,230.5,basketball_NBA_2026_03_14.csv
136,,-105,,3.5,Orlando Magic,-110,,-110,,2026_03_14,,8:10 PM,-162,,-115,,-3.5,Miami Heat,Basketball,NBA,,basketball_NBA_2026_03_14.csv,,,,236.5,basketball_NBA_2026_03_14.csv
-155,,-102,,-3.5,Denver Nuggets,-105,,-115,,2026_03_14,,8:40 PM,130,,-118,,3.5,Los Angeles Lakers,Basketball,NBA,,basketball_NBA_2026_03_14.csv,,,,246.5,basketball_NBA_2026_03_14.csv
625,,-108,,13.5,Sacramento Kings,-108,,-112,,2026_03_14,,10:40 PM,-950,,-112,,-13.5,Los Angeles Clippers,Basketball,NBA,,basketball_NBA_2026_03_14.csv,,,,231.5,basketball_NBA_2026_03_14.csv
295,,-110,,8.5,Portland Trail Blazers,-112,,-108,,2026_03_22,,5:10 PM,-375,,-110,,-8.5,Denver Nuggets,Basketball,NBA,,basketball_NBA_2026_03_22.csv,,,,240.5,basketball_NBA_2026_03_22.csv
205,,-110,,6.5,Brooklyn Nets,-110,,-110,,2026_03_22,,6:10 PM,-250,,-110,,-6.5,Sacramento Kings,Basketball,NBA,,basketball_NBA_2026_03_22.csv,,,,218.5,basketball_NBA_2026_03_22.csv
1200,,-105,,19.5,Washington Wizards,-115,,-105,,2026_03_22,,7:40 PM,-2400,,-115,,-19.5,New York Knicks,Basketball,NBA,,basketball_NBA_2026_03_22.csv,,,,226.5,basketball_NBA_2026_03_22.csv
300,,-102,,9.5,Minnesota Timberwolves,-108,,-112,,2026_03_22,,8:10 PM,-380,,-118,,-9.5,Boston Celtics,Basketball,NBA,,basketball_NBA_2026_03_22.csv,,,,221.5,basketball_NBA_2026_03_22.csv
-148,,-112,,-2.5,Toronto Raptors,-110,,-110,,2026_03_22,,9:10 PM,124,,-108,,2.5,Phoenix Suns,Basketball,NBA,,basketball_NBA_2026_03_22.csv,,,,220.5,basketball_NBA_2026_03_22.csv
-417,1.24,-115,1.87,-8.5,Los Angeles Clippers,-105,1.95,-115,1.87,2026_03_27,cfb595cba37696e470059102db23fca9,19:10,330,4.3,-105,1.95,8.5,Indiana Pacers,NBA,nba,2026-03-27T09:56:03Z,basketball_NBA_2026_03_27.csv,,,,238.5,basketball_NBA_2026_03_27.csv
180,2.8,-105,1.95,4.5,Atlanta Hawks,-108,1.93,-112,1.89,2026_03_27,9443e4a245659d7362366345b5a91b39,19:40,-217,1.46,-115,1.87,-4.5,Boston Celtics,NBA,nba,2026-03-27T09:56:03Z,basketball_NBA_2026_03_27.csv,,,,225.5,basketball_NBA_2026_03_27.csv
170,2.7,-105,1.95,4.5,Miami Heat,-108,1.93,-112,1.89,2026_03_27,5ce07242b2ab7c9c82700854c237a77a,19:40,-204,1.49,-115,1.87,-4.5,Cleveland Cavaliers,NBA,nba,2026-03-27T09:56:03Z,basketball_NBA_2026_03_27.csv,,,,242.5,basketball_NBA_2026_03_27.csv
1300,14.0,-110,1.91,19.5,Chicago Bulls,-105,1.95,-115,1.87,2026_03_27,e1036e62b7cea2b7bade60f85bc0c1b1,20:10,-2500,1.04,-110,1.91,-19.5,Oklahoma City Thunder,NBA,nba,2026-03-27T09:56:03Z,basketball_NBA_2026_03_27.csv,,,,237.5,basketball_NBA_2026_03_27.csv
-833,1.12,-110,1.91,-12.5,Houston Rockets,-110,1.91,-110,1.91,2026_03_27,874b67c6be5c213484fdecdf0e37faf6,20:10,550,6.5,-110,1.91,12.5,Memphis Grizzlies,NBA,nba,2026-03-27T09:56:03Z,basketball_NBA_2026_03_27.csv,,,,226.5,basketball_NBA_2026_03_27.csv
270,3.7,-110,1.91,8.5,New Orleans Pelicans,-110,1.91,-110,1.91,2026_03_27,f2ffa80a1e0d1a911096e80676b07a99,20:40,-345,1.29,-110,1.91,-8.5,Toronto Raptors,NBA,nba,2026-03-27T09:56:03Z,basketball_NBA_2026_03_27.csv,,,,228.5,basketball_NBA_2026_03_27.csv
1100,12.0,-112,1.89,18.5,Utah Jazz,-110,1.91,-110,1.91,2026_03_27,a2b709618069c3dd7c15f6192c11e93c,21:10,-2000,1.05,-108,1.93,-18.5,Denver Nuggets,NBA,nba,2026-03-27T09:56:03Z,basketball_NBA_2026_03_27.csv,,,,248.5,basketball_NBA_2026_03_27.csv
340,4.4,-118,1.85,10.5,Dallas Mavericks,-110,1.91,-110,1.91,2026_03_27,d4d54362306cefaac74ff35c3b020b78,22:10,-435,1.23,-102,1.98,-10.5,Portland Trail Blazers,NBA,nba,2026-03-27T09:56:03Z,basketball_NBA_2026_03_27.csv,,,,239.5,basketball_NBA_2026_03_27.csv
650,7.5,-102,1.98,13.5,Washington Wizards,-110,1.91,-110,1.91,2026_03_27,79aaaf1d88e3174addc5d58bd07e024d,22:10,-1000,1.1,-118,1.85,-13.5,Golden State Warriors,NBA,nba,2026-03-27T09:56:03Z,basketball_NBA_2026_03_27.csv,,,,232.5,basketball_NBA_2026_03_27.csv
950,10.5,-110,1.91,16.5,Brooklyn Nets,-105,1.95,-115,1.87,2026_03_27,b552edb9183af4efd9e7b1b203525ac0,22:40,-1667,1.06,-110,1.91,-16.5,Los Angeles Lakers,NBA,nba,2026-03-27T09:56:03Z,basketball_NBA_2026_03_27.csv,,,,222.5,basketball_NBA_2026_03_27.csv
100,2.0,-118,1.85,1.5,New York Knicks,-108,1.93,-112,1.89,2026_03_26,b5dcac663f902f16c62d91c7552bd07a,19:10,-120,1.83,-102,1.98,-1.5,Charlotte Hornets,NBA,nba,2026-03-26T15:57:09Z,basketball_NBA_2026_03_26.csv,,,,222.5,basketball_NBA_2026_03_26.csv
150,2.5,-105,1.95,3.5,New Orleans Pelicans,-112,1.89,-108,1.93,2026_03_26,63f535c5a95e35b7644f7b6655c82b98,19:10,-179,1.56,-115,1.87,-3.5,Detroit Pistons,NBA,nba,2026-03-26T15:57:09Z,basketball_NBA_2026_03_26.csv,,,,226.5,basketball_NBA_2026_03_26.csv
750,8.5,-115,1.87,15.5,Sacramento Kings,-110,1.91,-110,1.91,2026_03_26,6c518123941e3d6b5ca85502a16136f5,19:10,-1250,1.08,-105,1.95,-15.5,Orlando Magic,NBA,nba,2026-03-26T15:57:09Z,basketball_NBA_2026_03_26.csv,,,,230.5,basketball_NBA_2026_03_26.csv
310,,-118,,9.5,Minnesota Timberwolves,-105,,-115,,2026_03_15,,1:10 PM,-395,,-102,,-9.5,Oklahoma City Thunder,Basketball,NBA,,basketball_NBA_2026_03_15.csv,,,,225.5,basketball_NBA_2026_03_15.csv
-175,,-115,,-3.5,Detroit Pistons,-115,,-105,,2026_03_15,,3:40 PM,145,,-105,,3.5,Toronto Raptors,Basketball,NBA,,basketball_NBA_2026_03_15.csv,,,,222.5,basketball_NBA_2026_03_15.csv
900,,-108,,16.5,Dallas Mavericks,-110,,-110,,2026_03_15,,3:40 PM,-1600,,-112,,-16.5,Cleveland Cavaliers,Basketball,NBA,,basketball_NBA_2026_03_15.csv,,,,235.5,basketball_NBA_2026_03_15.csv
230,,-105,,7.5,Indiana Pacers,-110,,-110,,2026_03_15,,3:40 PM,-285,,-115,,-7.5,Milwaukee Bucks,Basketball,NBA,,basketball_NBA_2026_03_15.csv,,,,227.5,basketball_NBA_2026_03_15.csv
-340,,-105,,-8.5,Portland Trail Blazers,-105,,-115,,2026_03_15,,6:10 PM,270,,-115,,8.5,Philadelphia 76ers,Basketball,NBA,,basketball_NBA_2026_03_15.csv,,,,229.5,basketball_NBA_2026_03_15.csv
575,,-112,,13.5,Golden State Warriors,-112,,-108,,2026_03_15,,8:10 PM,-850,,-108,,-13.5,New York Knicks,Basketball,NBA,,basketball_NBA_2026_03_15.csv,,,,218.5,basketball_NBA_2026_03_15.csv
120,,-115,,2.5,Utah Jazz,-110,,-110,,2026_03_15,,10:10 PM,-142,,-105,,-2.5,Sacramento Kings,Basketball,NBA,,basketball_NBA_2026_03_15.csv,,,,233.5,basketball_NBA_2026_03_15.csv
-425,,-120,,-9.5,Philadelphia 76ers,-108,,-112,,2026_02_24,,7:10 PM,330,,100,,9.5,Indiana Pacers,Basketball,NBA,,basketball_NBA_2026_02_24.csv,,,,233.5,basketball_NBA_2026_02_24.csv
142,,-118,,4.5,New York Knicks,-115,,-105,,2026_02_24,,7:40 PM,-170,,-102,,-4.5,Cleveland Cavaliers,Basketball,NBA,,basketball_NBA_2026_02_24.csv,,,,231.5,basketball_NBA_2026_02_24.csv
120,,-112,,2.5,Oklahoma City Thunder,-112,,-108,,2026_02_24,,7:40 PM,-142,,-108,,-2.5,Toronto Raptors,Basketball,NBA,,basketball_NBA_2026_02_24.csv,,,,215.5,basketball_NBA_2026_02_24.csv
470,,-118,,12.5,Washington Wizards,-112,,-108,,2026_02_24,,7:40 PM,-650,,-102,,-12.5,Atlanta Hawks,Basketball,NBA,,basketball_NBA_2026_02_24.csv,,,,235.5,basketball_NBA_2026_02_24.csv
-125,,-110,,-1.5,Dallas Mavericks,-110,,-110,,2026_02_24,,7:40 PM,105,,-110,,1.5,Brooklyn Nets,Basketball,NBA,,basketball_NBA_2026_02_24.csv,,,,226.5,basketball_NBA_2026_02_24.csv
-325,,100,,-8.5,Charlotte Hornets,-108,,-112,,2026_02_24,,8:10 PM,260,,-120,,8.5,Chicago Bulls,Basketball,NBA,,basketball_NBA_2026_02_24.csv,,,,232.5,basketball_NBA_2026_02_24.csv
-238,,-108,,-6.5,Miami Heat,-110,,-110,,2026_02_24,,8:10 PM,195,,-112,,6.5,Milwaukee Bucks,Basketball,NBA,,basketball_NBA_2026_02_24.csv,,,,228.5,basketball_NBA_2026_02_24.csv
-120,,-110,,-1.5,Golden State Warriors,-110,,-110,,2026_02_24,,8:10 PM,100,,-110,,1.5,New Orleans Pelicans,Basketball,NBA,,basketball_NBA_2026_02_24.csv,,,,227.5,basketball_NBA_2026_02_24.csv
-218,,-108,,-5.5,Boston Celtics,-115,,-105,,2026_02_24,,9:10 PM,180,,-112,,5.5,Phoenix Suns,Basketball,NBA,,basketball_NBA_2026_02_24.csv,,,,206.5,basketball_NBA_2026_02_24.csv
-250,,-110,,-6.5,Minnesota Timberwolves,-108,,-112,,2026_02_24,,10:10 PM,205,,-110,,6.5,Portland Trail Blazers,Basketball,NBA,,basketball_NBA_2026_02_24.csv,,,,235.5,basketball_NBA_2026_02_24.csv
170,,-112,,5.5,Orlando Magic,-105,,-115,,2026_02_24,,10:40 PM,-205,,-108,,-5.5,Los Angeles Lakers,Basketball,NBA,,basketball_NBA_2026_02_24.csv,,,,230.5,basketball_NBA_2026_02_24.csv
136,,-108,,3.5,Memphis Grizzlies,-115,,-105,,2026_03_10,,7:10 PM,-162,,-112,,-3.5,Philadelphia 76ers,Basketball,NBA,,basketball_NBA_2026_03_10.csv,,,,228.5,basketball_NBA_2026_03_10.csv
-1100,,-115,,-14.5,Detroit Pistons,-105,,-115,,2026_03_10,,7:40 PM,700,,-105,,14.5,Brooklyn Nets,Basketball,NBA,,basketball_NBA_2026_03_10.csv,,,,216.5,basketball_NBA_2026_03_10.csv
320,,-108,,9.5,Dallas Mavericks,-112,,-108,,2026_03_10,,7:40 PM,-410,,-112,,-9.5,Atlanta Hawks,Basketball,NBA,,basketball_NBA_2026_03_10.csv,,,,240.5,basketball_NBA_2026_03_10.csv
700,,-115,,16.5,Washington Wizards,-105,,-115,,2026_03_10,,7:40 PM,-1100,,-105,,-16.5,Miami Heat,Basketball,NBA,,basketball_NBA_2026_03_10.csv,,,,238.5,basketball_NBA_2026_03_10.csv
130,,-112,,3.5,Boston Celtics,-105,,-115,,2026_03_10,,8:10 PM,-155,,-108,,-3.5,San Antonio Spurs,Basketball,NBA,,basketball_NBA_2026_03_10.csv,,,,221.5,basketball_NBA_2026_03_10.csv
160,,-112,,4.5,Toronto Raptors,-105,,-115,,2026_03_10,,8:10 PM,-192,,-108,,-4.5,Houston Rockets,Basketball,NBA,,basketball_NBA_2026_03_10.csv,,,,220.5,basketball_NBA_2026_03_10.csv
-118,,-105,,-1.5,Phoenix Suns,-112,,-108,,2026_03_10,,8:10 PM,-102,,-115,,1.5,Milwaukee Bucks,Basketball,NBA,,basketball_NBA_2026_03_10.csv,,,,218.5,basketball_NBA_2026_03_10.csv
-155,,-102,,-3.5,Charlotte Hornets,-112,,-108,,2026_03_10,,10:10 PM,130,,-118,,3.5,Portland Trail Blazers,Basketball,NBA,,basketball_NBA_2026_03_10.csv,,,,227.5,basketball_NBA_2026_03_10.csv
195,,-115,,6.5,Chicago Bulls,-110,,-110,,2026_03_10,,10:10 PM,-238,,-105,,-6.5,Golden State Warriors,Basketball,NBA,,basketball_NBA_2026_03_10.csv,,,,227.5,basketball_NBA_2026_03_10.csv
130,,-102,,2.5,Indiana Pacers,-112,,-108,,2026_03_10,,10:10 PM,-155,,-118,,-2.5,Sacramento Kings,Basketball,NBA,,basketball_NBA_2026_03_10.csv,,,,236.5,basketball_NBA_2026_03_10.csv
-142,,-112,,-2.5,Minnesota Timberwolves,-110,,-110,,2026_03_10,,11:10 PM,120,,-108,,2.5,Los Angeles Lakers,Basketball,NBA,,basketball_NBA_2026_03_10.csv,,,,230.5,basketball_NBA_2026_03_10.csv
-909,1.11,-105,1.95,-14.5,Los Angeles Clippers,-112,1.89,-108,1.93,2026_03_29,f31725bf02115b40d00c134f7f730357,15:40,600,7.0,-115,1.87,14.5,Milwaukee Bucks,NBA,nba,2026-03-29T09:38:16Z,basketball_NBA_2026_03_29.csv,,,,222.5,basketball_NBA_2026_03_29.csv
-417,1.24,-105,1.95,-9.5,Miami Heat,-105,1.95,-115,1.87,2026_03_29,4a5c2769cf86051e5ed8bdd8a6633ab4,17:10,320,4.2,-115,1.87,9.5,Indiana Pacers,NBA,nba,2026-03-29T09:38:16Z,basketball_NBA_2026_03_29.csv,,,,245.5,basketball_NBA_2026_03_29.csv
-118,1.85,-105,1.95,-1.5,Boston Celtics,-110,1.91,-110,1.91,2026_03_29,8d6b8b25d9790bf08a65761a3d63b611,18:10,-102,1.98,-115,1.87,1.5,Charlotte Hornets,NBA,nba,2026-03-29T09:38:16Z,basketball_NBA_2026_03_29.csv,,,,215.5,basketball_NBA_2026_03_29.csv
-120,1.83,-105,1.95,-1.5,Sacramento Kings,-110,1.91,-110,1.91,2026_03_29,ba9f78305e7187a27e22f030883c2c19,18:10,100,2.0,-115,1.87,1.5,Brooklyn Nets,NBA,nba,2026-03-29T09:38:16Z,basketball_NBA_2026_03_29.csv,,,,221.5,basketball_NBA_2026_03_29.csv
114,2.14,-112,1.89,2.5,Orlando Magic,-110,1.91,-110,1.91,2026_03_29,4d3b276afc5789fb4a6564eee411bfa9,18:10,-135,1.74,-108,1.93,-2.5,Toronto Raptors,NBA,nba,2026-03-29T09:38:16Z,basketball_NBA_2026_03_29.csv,,,,224.5,basketball_NBA_2026_03_29.csv
750,8.5,-108,1.93,15.5,Washington Wizards,-115,1.87,-105,1.95,2026_03_29,4ec80843b404f3215ab2cad16ced7f41,18:10,-1250,1.08,-112,1.89,-15.5,Portland Trail Blazers,NBA,nba,2026-03-29T09:38:16Z,basketball_NBA_2026_03_29.csv,,,,237.5,basketball_NBA_2026_03_29.csv
-227,1.44,-115,1.87,-5.5,Houston Rockets,-108,1.93,-112,1.89,2026_03_29,c05251e56d0bd871f5523e30058c7735,19:10,185,2.85,-105,1.95,5.5,New Orleans Pelicans,NBA,nba,2026-03-29T09:38:16Z,basketball_NBA_2026_03_29.csv,,,,225.5,basketball_NBA_2026_03_29.csv
285,3.85,-112,1.89,8.5,New York Knicks,-105,1.95,-115,1.87,2026_03_29,f1fe04fb5d59dc4d3b310d56b74a9f2a,19:40,-357,1.28,-108,1.93,-8.5,Oklahoma City Thunder,NBA,nba,2026-03-29T09:38:16Z,basketball_NBA_2026_03_29.csv,,,,224.5,basketball_NBA_2026_03_29.csv
440,5.4,-105,1.95,11.5,Golden State Warriors,-105,1.95,-115,1.87,2026_03_29,976eb35602aca3acd738ec2621478695,22:10,-588,1.17,-115,1.87,-11.5,Denver Nuggets,NBA,nba,2026-03-29T09:38:16Z,basketball_NBA_2026_03_29.csv,,,,239.5,basketball_NBA_2026_03_29.csv
285,,-105,,8.5,Dallas Mavericks,-110,,-110,,2026_03_05,,7:10 PM,-360,,-115,,-8.5,Orlando Magic,Basketball,NBA,,sportsbook_NBA_merged.csv,,,,228.5,sportsbook_NBA_merged.csv
105,,-105,,1.5,Utah Jazz,-115,,-105,,2026_03_05,,7:10 PM,-125,,-115,,-1.5,Washington Wizards,Basketball,NBA,,sportsbook_NBA_merged.csv,,,,242.5,sportsbook_NBA_merged.csv
300,,-115,,9.5,Golden State Warriors,-110,,-110,,2026_03_05,,7:40 PM,-380,,-105,,-9.5,Houston Rockets,Basketball,NBA,,sportsbook_NBA_merged.csv,,,,215.5,sportsbook_NBA_merged.csv
550,,-105,,12.5,Brooklyn Nets,-110,,-110,,2026_03_05,,7:40 PM,-800,,-115,,-12.5,Miami Heat,Basketball,NBA,,sportsbook_NBA_merged.csv,,,,225.5,sportsbook_NBA_merged.csv
130,,-112,,3.5,Detroit Pistons,-112,,-108,,2026_03_05,,8:10 PM,-155,,-108,,-3.5,San Antonio Spurs,Basketball,NBA,,sportsbook_NBA_merged.csv,,,,227.5,sportsbook_NBA_merged.csv
195,,-105,,5.5,Toronto Raptors,-110,,-110,,2026_03_05,,8:10 PM,-238,,-115,,-5.5,Minnesota Timberwolves,Basketball,NBA,,sportsbook_NBA_merged.csv,,,,227.5,sportsbook_NBA_merged.csv
400,,-110,,11.5,Chicago Bulls,-112,,-108,,2026_03_05,,9:10 PM,-535,,-110,,-11.5,Phoenix Suns,Basketball,NBA,,sportsbook_NBA_merged.csv,,,,224.5,sportsbook_NBA_merged.csv
164,,-110,,5.5,Los Angeles Lakers,-110,,-110,,2026_03_05,,10:10 PM,-198,,-110,,-5.5,Denver Nuggets,Basketball,NBA,,sportsbook_NBA_merged.csv,,,,240.5,sportsbook_NBA_merged.csv
-185,,-108,,-4.5,New Orleans Pelicans,-112,,-108,,2026_03_05,,10:10 PM,154,,-112,,4.5,Sacramento Kings,Basketball,NBA,,sportsbook_NBA_merged.csv,,,,233.5,sportsbook_NBA_merged.csv
-112,,100,,-1.5,San Antonio Spurs,-105,,-115,,2026_03_01,,1:10 PM,-108,,-120,,1.5,New York Knicks,Basketball,NBA,,sportsbook_NBA_merged.csv,,,,228.5,sportsbook_NBA_merged.csv
130,,-120,,3.5,Minnesota Timberwolves,-108,,-112,,2026_03_01,,3:40 PM,-155,,100,,-3.5,Denver Nuggets,Basketball,NBA,,sportsbook_NBA_merged.csv,,,,239.5,sportsbook_NBA_merged.csv
-600,,-118,,-11.5,Cleveland Cavaliers,-112,,-108,,2026_03_01,,3:40 PM,440,,-102,,11.5,Brooklyn Nets,Basketball,NBA,,sportsbook_NBA_merged.csv,,,,222.5,sportsbook_NBA_merged.csv
-166,,-110,,-3.5,Milwaukee Bucks,-112,,-108,,2026_03_01,,3:40 PM,140,,-110,,3.5,Chicago Bulls,Basketball,NBA,,sportsbook_NBA_merged.csv,,,,228.5,sportsbook_NBA_merged.csv
-102,,-120,,1.5,Memphis Grizzlies,-115,,-105,,2026_03_01,,5:10 PM,-118,,100,,-1.5,Indiana Pacers,Basketball,NBA,,sportsbook_NBA_merged.csv,,,,237.5,sportsbook_NBA_merged.csv
-218,,-108,,-5.5,Detroit Pistons,-105,,-115,,2026_03_01,,6:10 PM,180,,-112,,5.5,Orlando Magic,Basketball,NBA,,sportsbook_NBA_merged.csv,,,,223.5,sportsbook_NBA_merged.csv
164,,-112,,5.5,Portland Trail Blazers,-115,,-105,,2026_03_01,,6:10 PM,-198,,-108,,-5.5,Atlanta Hawks,Basketball,NBA,,sportsbook_NBA_merged.csv,,,,236.5,sportsbook_NBA_merged.csv
285,,-112,,9.5,Philadelphia 76ers,-110,,-110,,2026_03_01,,8:10 PM,-360,,-108,,-9.5,Boston Celtics,Basketball,NBA,,sportsbook_NBA_merged.csv,,,,221.5,sportsbook_NBA_merged.csv
-1050,,-112,,-15.5,Oklahoma City Thunder,-112,,-108,,2026_03_01,,8:10 PM,675,,-108,,15.5,Dallas Mavericks,Basketball,NBA,,sportsbook_NBA_merged.csv,,,,233.5,sportsbook_NBA_merged.csv
285,,-105,,8.5,New Orleans Pelicans,-108,,-112,,2026_03_01,,9:10 PM,-360,,-115,,-8.5,Los Angeles Clippers,Basketball,NBA,,sportsbook_NBA_merged.csv,,,,222.5,sportsbook_NBA_merged.csv
500,,-108,,12.5,Sacramento Kings,-108,,-112,,2026_03_01,,9:40 PM,-700,,-112,,-12.5,Los Angeles Lakers,Basketball,NBA,,sportsbook_NBA_merged.csv,,,,232.5,sportsbook_NBA_merged.csv
120,,-110,,2.5,Orlando Magic,-108,,-112,,2026_03_16,,7:10 PM,-142,,-110,,-2.5,Atlanta Hawks,Basketball,NBA,,sportsbook_NBA_merged.csv,,,,229.5,sportsbook_NBA_merged.csv
-310,,-110,,-7.5,Golden State Warriors,-105,,-115,,2026_03_16,,7:10 PM,250,,-110,,7.5,Washington Wizards,Basketball,NBA,,sportsbook_NBA_merged.csv,,,,232.5,sportsbook_NBA_merged.csv
330,,-102,,8.5,Phoenix Suns,-110,,-110,,2026_03_16,,7:40 PM,-425,,-118,,-8.5,Boston Celtics,Basketball,NBA,,sportsbook_NBA_merged.csv,,,,213.5,sportsbook_NBA_merged.csv
-440,,-102,,-10.5,Portland Trail Blazers,-110,,-110,,2026_03_16,,7:40 PM,340,,-118,,10.5,Brooklyn Nets,Basketball,NBA,,sportsbook_NBA_merged.csv,,,,222.5,sportsbook_NBA_merged.csv
200,,-118,,6.5,Memphis Grizzlies,-108,,-112,,2026_03_16,,8:10 PM,-245,,-102,,-6.5,Chicago Bulls,Basketball,NBA,,sportsbook_NBA_merged.csv,,,,243.5,sportsbook_NBA_merged.csv
280,,-108,,8.5,Dallas Mavericks,-105,,-115,,2026_03_16,,8:10 PM,-355,,-112,,-8.5,New Orleans Pelicans,Basketball,NBA,,sportsbook_NBA_merged.csv,,,,239.5,sportsbook_NBA_merged.csv
124,,-110,,2.5,Los Angeles Lakers,-105,,-115,,2026_03_16,,9:40 PM,-148,,-110,,-2.5,Houston Rockets,Basketball,NBA,,sportsbook_NBA_merged.csv,,,,227.5,sportsbook_NBA_merged.csv
-395,,-110,,-9.5,San Antonio Spurs,-105,,-115,,2026_03_16,,10:10 PM,310,,-110,,9.5,Los Angeles Clippers,Basketball,NBA,,sportsbook_NBA_merged.csv,,,,228.5,sportsbook_NBA_merged.csv
-142,,-108,,-2.5,Los Angeles Lakers,-105,,-115,,2026_03_23,,7:00 PM,120,,-112,,2.5,Detroit Pistons,Basketball,NBA,,sportsbook_NBA_merged.csv,,,,226.5,sportsbook_NBA_merged.csv
-1100,,-110,,-15.5,Oklahoma City Thunder,-108,,-112,,2026_03_23,,7:00 PM,700,,-110,,15.5,Philadelphia 76ers,Basketball,NBA,,sportsbook_NBA_merged.csv,,,,223.5,sportsbook_NBA_merged.csv
-205,,-105,,-5.5,San Antonio Spurs,-110,,-110,,2026_03_23,,7:00 PM,170,,-115,,5.5,Miami Heat,Basketball,NBA,,sportsbook_NBA_merged.csv,,,,240.5,sportsbook_NBA_merged.csv
550,,-105,,12.5,Indiana Pacers,-115,,-105,,2026_03_23,,7:00 PM,-800,,-115,,-12.5,Orlando Magic,Basketball,NBA,,sportsbook_NBA_merged.csv,,,,232.5,sportsbook_NBA_merged.csv
625,,-112,,14.5,Memphis Grizzlies,-110,,-110,,2026_03_23,,7:30 PM,-950,,-108,,-14.5,Atlanta Hawks,Basketball,NBA,,sportsbook_NBA_merged.csv,,,,239.5,sportsbook_NBA_merged.csv
-355,,-105,,-8.5,Houston Rockets,-112,,-108,,2026_03_23,,8:00 PM,280,,-115,,8.5,Chicago Bulls,Basketball,NBA,,sportsbook_NBA_merged.csv,,,,229.5,sportsbook_NBA_merged.csv
-750,,-110,,-12.5,Toronto Raptors,-110,,-110,,2026_03_23,,9:00 PM,525,,-110,,12.5,Utah Jazz,Basketball,NBA,,sportsbook_NBA_merged.csv,,,,231.5,sportsbook_NBA_merged.csv
-125,,100,,-2.5,Golden State Warriors,-115,,-105,,2026_03_23,,9:30 PM,105,,-120,,2.5,Dallas Mavericks,Basketball,NBA,,sportsbook_NBA_merged.csv,,,,230.5,sportsbook_NBA_merged.csv
625,,-112,,14.5,Brooklyn Nets,-108,,-112,,2026_03_23,,10:00 PM,-950,,-108,,-14.5,Portland Trail Blazers,Basketball,NBA,,sportsbook_NBA_merged.csv,,,,219.5,sportsbook_NBA_merged.csv
550,,-115,,13.5,Milwaukee Bucks,-108,,-112,,2026_03_23,,10:30 PM,-800,,-105,,-13.5,Los Angeles Clippers,Basketball,NBA,,sportsbook_NBA_merged.csv,,,,224.5,sportsbook_NBA_merged.csv
-2800,,-115,,-20.5,Oklahoma City Thunder,-110,,-110,,2026_03_21,,5:10 PM,1300,,-105,,20.5,Washington Wizards,Basketball,NBA,,sportsbook_NBA_merged.csv,,,,229.5,sportsbook_NBA_merged.csv
-148,,-115,,-2.5,Los Angeles Lakers,-115,,-105,,2026_03_21,,7:10 PM,124,,-105,,2.5,Orlando Magic,Basketball,NBA,,sportsbook_NBA_merged.csv,,,,232.5,sportsbook_NBA_merged.csv
-198,,-108,,-4.5,Cleveland Cavaliers,-108,,-112,,2026_03_21,,7:10 PM,164,,-112,,4.5,New Orleans Pelicans,Basketball,NBA,,sportsbook_NBA_merged.csv,,,,235.5,sportsbook_NBA_merged.csv
750,,-108,,16.5,Memphis Grizzlies,-112,,-108,,2026_03_21,,7:10 PM,-1200,,-112,,-16.5,Charlotte Hornets,Basketball,NBA,,sportsbook_NBA_merged.csv,,,,234.5,sportsbook_NBA_merged.csv
1100,,-105,,18.5,Indiana Pacers,-110,,-110,,2026_03_21,,8:10 PM,-2100,,-115,,-18.5,San Antonio Spurs,Basketball,NBA,,sportsbook_NBA_merged.csv,,,,233.5,sportsbook_NBA_merged.csv
320,,-115,,10.5,Golden State Warriors,-105,,-115,,2026_03_21,,8:10 PM,-410,,-105,,-10.5,Atlanta Hawks,Basketball,NBA,,sportsbook_NBA_merged.csv,,,,229.5,sportsbook_NBA_merged.csv
114,,-102,,1.5,Miami Heat,-110,,-110,,2026_03_21,,8:10 PM,-135,,-118,,-1.5,Houston Rockets,Basketball,NBA,,sportsbook_NBA_merged.csv,,,,229.5,sportsbook_NBA_merged.csv
-290,,-118,,-6.5,Los Angeles Clippers,-110,,-110,,2026_03_21,,8:40 PM,235,,-102,,6.5,Dallas Mavericks,Basketball,NBA,,sportsbook_NBA_merged.csv,,,,233.5,sportsbook_NBA_merged.csv
-258,,-115,,-5.5,Philadelphia 76ers,-110,,-110,,2026_03_21,,9:40 PM,210,,-105,,5.5,Utah Jazz,Basketball,NBA,,sportsbook_NBA_merged.csv,,,,230.5,sportsbook_NBA_merged.csv
440,,-110,,11.5,Milwaukee Bucks,-110,,-110,,2026_03_21,,10:10 PM,-600,,-110,,-11.5,Phoenix Suns,Basketball,NBA,,sportsbook_NBA_merged.csv,,,,219.5,sportsbook_NBA_merged.csv
200,,-102,,5.5,Cleveland Cavaliers,-115,,-105,,2026_02_27,,7:10 PM,-245,,-118,,-5.5,Detroit Pistons,Basketball,NBA,,sportsbook_NBA_merged.csv,,,,226.5,sportsbook_NBA_merged.csv
850,,-108,,17.5,Brooklyn Nets,-105,,-115,,2026_02_27,,7:40 PM,-1450,,-112,,-17.5,Boston Celtics,Basketball,NBA,,sportsbook_NBA_merged.csv,,,,210.5,sportsbook_NBA_merged.csv
-325,,-115,,-8.5,New York Knicks,-110,,-110,,2026_02_27,,8:10 PM,260,,-105,,8.5,Milwaukee Bucks,Basketball,NBA,,sportsbook_NBA_merged.csv,,,,218.5,sportsbook_NBA_merged.csv
150,,-102,,3.5,Memphis Grizzlies,-105,,-115,,2026_02_27,,8:40 PM,-180,,-118,,-3.5,Dallas Mavericks,Basketball,NBA,,sportsbook_NBA_merged.csv,,,,238.5,sportsbook_NBA_merged.csv
250,,-118,,8.5,Denver Nuggets,-112,,-108,,2026_02_27,,9:40 PM,-310,,-102,,-8.5,Oklahoma City Thunder,Basketball,NBA,,sportsbook_NBA_merged.csv,,,,233.5,sportsbook_NBA_merged.csv
410,,-108,,11.5,Philadelphia 76ers,-115,,-105,,2026_03_09,,7:00 PM,-550,,-112,,-11.5,Cleveland Cavaliers,Basketball,NBA,,sportsbook_NBA_merged.csv,,,,226.5,sportsbook_NBA_merged.csv
230,,-102,,6.5,Denver Nuggets,-110,,-110,,2026_03_09,,7:30 PM,-285,,-118,,-6.5,Oklahoma City Thunder,Basketball,NBA,,sportsbook_NBA_merged.csv,,,,230.5,sportsbook_NBA_merged.csv
-115,,-105,,-1.5,Memphis Grizzlies,-115,,-105,,2026_03_09,,7:30 PM,-105,,-115,,1.5,Brooklyn Nets,Basketball,NBA,,sportsbook_NBA_merged.csv,,,,220.5,sportsbook_NBA_merged.csv
-218,,-110,,-5.5,Golden State Warriors,-115,,-105,,2026_03_09,,9:00 PM,180,,-110,,5.5,Utah Jazz,Basketball,NBA,,sportsbook_NBA_merged.csv,,,,226.5,sportsbook_NBA_merged.csv
-135,,-105,,-2.5,New York Knicks,-110,,-110,,2026_03_09,,10:00 PM,114,,-115,,2.5,Los Angeles Clippers,Basketball,NBA,,sportsbook_NBA_merged.csv,,,,220.5,sportsbook_NBA_merged.csv
124,,-105,,2.5,Miami Heat,-105,,-115,,2026_02_26,,7:00 PM,-148,,-115,,-2.5,Philadelphia 76ers,Basketball,NBA,,sportsbook_NBA_merged.csv,,,,239.5,sportsbook_NBA_merged.csv
-800,,-115,,-12.5,Charlotte Hornets,-110,,-110,,2026_02_26,,7:00 PM,550,,-105,,12.5,Indiana Pacers,Basketball,NBA,,sportsbook_NBA_merged.csv,,,,229.5,sportsbook_NBA_merged.csv
-675,,-108,,-12.5,San Antonio Spurs,-105,,-115,,2026_02_26,,7:30 PM,490,,-112,,12.5,Brooklyn Nets,Basketball,NBA,,sportsbook_NBA_merged.csv,,,,224.5,sportsbook_NBA_merged.csv
-148,,-115,,-2.5,Houston Rockets,-108,,-112,,2026_02_26,,7:30 PM,124,,-105,,2.5,Orlando Magic,Basketball,NBA,,sportsbook_NBA_merged.csv,,,,215.5,sportsbook_NBA_merged.csv
410,,-115,,10.5,Washington Wizards,-110,,-110,,2026_02_26,,7:30 PM,-550,,-105,,-10.5,Atlanta Hawks,Basketball,NBA,,sportsbook_NBA_merged.csv,,,,237.5,sportsbook_NBA_merged.csv
-180,,-112,,-4.5,Portland Trail Blazers,-112,,-108,,2026_02_26,,8:00 PM,150,,-108,,4.5,Chicago Bulls,Basketball,NBA,,sportsbook_NBA_merged.csv,,,,234.5,sportsbook_NBA_merged.csv
220,,-105,,6.5,Sacramento Kings,-110,,-110,,2026_02_26,,8:30 PM,-270,,-115,,-6.5,Dallas Mavericks,Basketball,NBA,,sportsbook_NBA_merged.csv,,,,236.5,sportsbook_NBA_merged.csv
-218,,-115,,-5.5,Los Angeles Lakers,-110,,-110,,2026_02_26,,9:00 PM,180,,-105,,5.5,Phoenix Suns,Basketball,NBA,,sportsbook_NBA_merged.csv,,,,220.5,sportsbook_NBA_merged.csv
-192,,-102,,-5.5,New Orleans Pelicans,-110,,-110,,2026_02_26,,9:00 PM,160,,-118,,5.5,Utah Jazz,Basketball,NBA,,sportsbook_NBA_merged.csv,,,,242.5,sportsbook_NBA_merged.csv
-218,,-112,,-5.5,Minnesota Timberwolves,-110,,-110,,2026_02_26,,10:00 PM,180,,-108,,5.5,Los Angeles Clippers,Basketball,NBA,,sportsbook_NBA_merged.csv,,,,225.5,sportsbook_NBA_merged.csv
-175,,-108,,-4.5,Oklahoma City Thunder,-112,,-108,,2026_03_04,,7:10 PM,145,,-112,,4.5,New York Knicks,Basketball,NBA,,sportsbook_NBA_merged.csv,,,,221.5,sportsbook_NBA_merged.csv
205,,-105,,6.5,Charlotte Hornets,-112,,-108,,2026_03_04,,7:40 PM,-250,,-115,,-6.5,Boston Celtics,Basketball,NBA,,sportsbook_NBA_merged.csv,,,,215.5,sportsbook_NBA_merged.csv
280,,-118,,8.5,Utah Jazz,-108,,-112,,2026_03_04,,7:40 PM,-355,,-102,,-8.5,Philadelphia 76ers,Basketball,NBA,,sportsbook_NBA_merged.csv,,,,237.5,sportsbook_NBA_merged.csv
-410,,-105,,-10.5,Portland Trail Blazers,-115,,-105,,2026_03_04,,8:10 PM,320,,-115,,10.5,Memphis Grizzlies,Basketball,NBA,,sportsbook_NBA_merged.csv,,,,232.5,sportsbook_NBA_merged.csv
-105,,-112,,1.5,Atlanta Hawks,-115,,-105,,2026_03_04,,9:40 PM,-115,,-108,,-1.5,Milwaukee Bucks,Basketball,NBA,,sportsbook_NBA_merged.csv,,,,231.5,sportsbook_NBA_merged.csv
470,,-110,,12.5,Indiana Pacers,-108,,-112,,2026_03_04,,10:40 PM,-650,,-110,,-12.5,Los Angeles Clippers,Basketball,NBA,,sportsbook_NBA_merged.csv,,,,227.5,sportsbook_NBA_merged.csv
-850,,-108,,-13.5,New York Knicks,-110,,-110,,2026_03_13,,7:40 PM,575,,-112,,13.5,Indiana Pacers,Basketball,NBA,,sportsbook_NBA_merged.csv,,,,227.5,sportsbook_NBA_merged.csv
-700,,-105,,-13.5,Cleveland Cavaliers,-115,,-105,,2026_03_13,,7:40 PM,500,,-115,,13.5,Dallas Mavericks,Basketball,NBA,,sportsbook_NBA_merged.csv,,,,235.5,sportsbook_NBA_merged.csv
750,,-110,,15.5,Memphis Grizzlies,-110,,-110,,2026_03_13,,7:40 PM,-1200,,-110,,-15.5,Detroit Pistons,Basketball,NBA,,sportsbook_NBA_merged.csv,,,,232.5,sportsbook_NBA_merged.csv
154,,-112,,4.5,Phoenix Suns,-110,,-110,,2026_03_13,,7:40 PM,-185,,-108,,-4.5,Toronto Raptors,Basketball,NBA,,sportsbook_NBA_merged.csv,,,,218.5,sportsbook_NBA_merged.csv
230,,-102,,6.5,New Orleans Pelicans,-105,,-115,,2026_03_13,,8:10 PM,-285,,-118,,-6.5,Houston Rockets,Basketball,NBA,,sportsbook_NBA_merged.csv,,,,229.5,sportsbook_NBA_merged.csv
-230,,-115,,-5.5,Minnesota Timberwolves,-110,,-110,,2026_03_13,,10:10 PM,190,,-105,,5.5,Golden State Warriors,Basketball,NBA,,sportsbook_NBA_merged.csv,,,,225.5,sportsbook_NBA_merged.csv
650,,-108,,14.5,Utah Jazz,-110,,-110,,2026_03_13,,10:10 PM,-1000,,-112,,-14.5,Portland Trail Blazers,Basketball,NBA,,sportsbook_NBA_merged.csv,,,,236.5,sportsbook_NBA_merged.csv
470,,-118,,13.5,Chicago Bulls,-110,,-110,,2026_03_13,,10:40 PM,-650,,-102,,-13.5,Los Angeles Clippers,Basketball,NBA,,sportsbook_NBA_merged.csv,,,,234.5,sportsbook_NBA_merged.csv
600,,-110,,14.5,Philadelphia 76ers,-112,,-108,,2026_03_12,,7:10 PM,-900,,-110,,-14.5,Detroit Pistons,Basketball,NBA,,sportsbook_NBA_merged.csv,,,,220.5,sportsbook_NBA_merged.csv
-380,,-112,,-8.5,Phoenix Suns,-110,,-110,,2026_03_12,,7:10 PM,300,,-108,,8.5,Indiana Pacers,Basketball,NBA,,sportsbook_NBA_merged.csv,,,,225.5,sportsbook_NBA_merged.csv
800,,-115,,15.5,Washington Wizards,-108,,-112,,2026_03_12,,7:10 PM,-1350,,-105,,-15.5,Orlando Magic,Basketball,NBA,,sportsbook_NBA_merged.csv,,,,232.5,sportsbook_NBA_merged.csv
195,,-108,,6.5,Milwaukee Bucks,-108,,-112,,2026_03_12,,7:40 PM,-238,,-112,,-6.5,Miami Heat,Basketball,NBA,,sportsbook_NBA_merged.csv,,,,231.5,sportsbook_NBA_merged.csv
650,,-105,,14.5,Brooklyn Nets,-110,,-110,,2026_03_12,,7:40 PM,-1000,,-115,,-14.5,Atlanta Hawks,Basketball,NBA,,sportsbook_NBA_merged.csv,,,,226.5,sportsbook_NBA_merged.csv
-198,,-112,,-4.5,Dallas Mavericks,-110,,-110,,2026_03_12,,8:10 PM,164,,-108,,4.5,Memphis Grizzlies,Basketball,NBA,,sportsbook_NBA_merged.csv,,,,237.5,sportsbook_NBA_merged.csv
185,,-102,,5.5,Denver Nuggets,-115,,-105,,2026_03_12,,9:10 PM,-225,,-118,,-5.5,San Antonio Spurs,Basketball,NBA,,sportsbook_NBA_merged.csv,,,,236.5,sportsbook_NBA_merged.csv
220,,-110,,6.5,Boston Celtics,-105,,-115,,2026_03_12,,9:40 PM,-270,,-110,,-6.5,Oklahoma City Thunder,Basketball,NBA,,sportsbook_NBA_merged.csv,,,,216.5,sportsbook_NBA_merged.csv
400,,-118,,11.5,Chicago Bulls,-108,,-112,,2026_03_12,,10:40 PM,-535,,-102,,-11.5,Los Angeles Lakers,Basketball,NBA,,sportsbook_NBA_merged.csv,,,,235.5,sportsbook_NBA_merged.csv
650,,-110,,14.5,Dallas Mavericks,-115,,-105,,2026_03_06,,7:10 PM,-1000,,-110,,-14.5,Boston Celtics,Basketball,NBA,,sportsbook_NBA_merged.csv,,,,224.5,sportsbook_NBA_merged.csv
250,,-102,,7.5,Miami Heat,-110,,-110,,2026_03_06,,7:10 PM,-310,,-118,,-7.5,Charlotte Hornets,Basketball,NBA,,sportsbook_NBA_merged.csv,,,,229.5,sportsbook_NBA_merged.csv
195,,-115,,6.5,Portland Trail Blazers,-108,,-112,,2026_03_06,,8:10 PM,-238,,-105,,-6.5,Houston Rockets,Basketball,NBA,,sportsbook_NBA_merged.csv,,,,218.5,sportsbook_NBA_merged.csv
-125,,-108,,-1.5,New York Knicks,-105,,-115,,2026_03_06,,9:10 PM,105,,-112,,1.5,Denver Nuggets,Basketball,NBA,,sportsbook_NBA_merged.csv,,,,230.5,sportsbook_NBA_merged.csv
180,,-112,,5.5,New Orleans Pelicans,-105,,-115,,2026_03_06,,9:10 PM,-218,,-108,,-5.5,Phoenix Suns,Basketball,NBA,,sportsbook_NBA_merged.csv,,,,226.5,sportsbook_NBA_merged.csv
225,,-105,,6.5,Los Angeles Clippers,-110,,-110,,2026_03_06,,9:40 PM,-278,,-115,,-6.5,San Antonio Spurs,Basketball,NBA,,sportsbook_NBA_merged.csv,,,,222.5,sportsbook_NBA_merged.csv
350,,-118,,9.5,Indiana Pacers,-110,,-110,,2026_03_06,,10:40 PM,-455,,-102,,-9.5,Los Angeles Lakers,Basketball,NBA,,sportsbook_NBA_merged.csv,,,,235.5,sportsbook_NBA_merged.csv
170,,-102,,4.5,Orlando Magic,-112,,-108,,2026_03_19,,7:10 PM,-205,,-118,,-4.5,Charlotte Hornets,Basketball,NBA,,sportsbook_NBA_merged.csv,,,,225.5,sportsbook_NBA_merged.csv
-1350,,-115,,-15.5,Detroit Pistons,-110,,-110,,2026_03_19,,7:10 PM,800,,-105,,15.5,Washington Wizards,Basketball,NBA,,sportsbook_NBA_merged.csv,,,,230.5,sportsbook_NBA_merged.csv
360,,-108,,9.5,Phoenix Suns,-105,,-115,,2026_03_19,,8:10 PM,-470,,-112,,-9.5,San Antonio Spurs,Basketball,NBA,,sportsbook_NBA_merged.csv,,,,227.5,sportsbook_NBA_merged.csv
-750,,-118,,-12.5,Cleveland Cavaliers,-112,,-108,,2026_03_19,,8:10 PM,525,,-102,,12.5,Chicago Bulls,Basketball,NBA,,sportsbook_NBA_merged.csv,,,,240.5,sportsbook_NBA_merged.csv
130,,-105,,2.5,Los Angeles Lakers,-110,,-110,,2026_03_19,,8:10 PM,-155,,-115,,-2.5,Miami Heat,Basketball,NBA,,sportsbook_NBA_merged.csv,,,,239.5,sportsbook_NBA_merged.csv
100,,-108,,1.5,Los Angeles Clippers,-110,,-110,,2026_03_19,,8:10 PM,-120,,-112,,-1.5,New Orleans Pelicans,Basketball,NBA,,sportsbook_NBA_merged.csv,,,,233.5,sportsbook_NBA_merged.csv
-218,,-105,,-5.5,Milwaukee Bucks,-110,,-110,,2026_03_19,,9:10 PM,180,,-115,,5.5,Utah Jazz,Basketball,NBA,,sportsbook_NBA_merged.csv,,,,229.5,sportsbook_NBA_merged.csv
-155,,-108,,-3.5,Philadelphia 76ers,-115,,-105,,2026_03_19,,10:10 PM,130,,-112,,3.5,Sacramento Kings,Basketball,NBA,,sportsbook_NBA_merged.csv,,,,230.5,sportsbook_NBA_merged.csv
500,,-115,,13.5,Dallas Mavericks,-115,,-105,,2026_03_03,,7:10 PM,-700,,-105,,-13.5,Charlotte Hornets,Basketball,NBA,,sportsbook_NBA_merged.csv,,,,228.5,sportsbook_NBA_merged.csv
-142,,-110,,-2.5,Detroit Pistons,-118,,-102,,2026_03_03,,7:10 PM,120,,-110,,2.5,Cleveland Cavaliers,Basketball,NBA,,sportsbook_NBA_merged.csv,,,,227.5,sportsbook_NBA_merged.csv
800,,-105,,15.5,Washington Wizards,-115,,-105,,2026_03_03,,7:10 PM,-1350,,-115,,-15.5,Orlando Magic,Basketball,NBA,,sportsbook_NBA_merged.csv,,,,227.5,sportsbook_NBA_merged.csv
-142,,-108,,-2.5,New York Knicks,-110,,-110,,2026_03_03,,7:40 PM,120,,-112,,2.5,Toronto Raptors,Basketball,NBA,,sportsbook_NBA_merged.csv,,,,221.5,sportsbook_NBA_merged.csv
500,,-115,,13.5,Brooklyn Nets,-115,,-105,,2026_03_03,,7:40 PM,-700,,-105,,-13.5,Miami Heat,Basketball,NBA,,sportsbook_NBA_merged.csv,,,,225.5,sportsbook_NBA_merged.csv
-305,,-118,,-7.5,San Antonio Spurs,-115,,-105,,2026_03_03,,8:10 PM,245,,-102,,7.5,Philadelphia 76ers,Basketball,NBA,,sportsbook_NBA_merged.csv,,,,232.5,sportsbook_NBA_merged.csv
-425,,-105,,-10.5,Oklahoma City Thunder,-105,,-115,,2026_03_03,,8:10 PM,330,,-115,,10.5,Chicago Bulls,Basketball,NBA,,sportsbook_NBA_merged.csv,,,,230.5,sportsbook_NBA_merged.csv
550,,-112,,14.5,Memphis Grizzlies,-115,,-105,,2026_03_03,,8:10 PM,-800,,-108,,-14.5,Minnesota Timberwolves,Basketball,NBA,,sportsbook_NBA_merged.csv,,,,236.5,sportsbook_NBA_merged.csv
275,,-108,,8.5,New Orleans Pelicans,-112,,-108,,2026_03_03,,10:40 PM,-345,,-112,,-8.5,Los Angeles Lakers,Basketball,NBA,,sportsbook_NBA_merged.csv,,,,242.5,sportsbook_NBA_merged.csv
-395,,-115,,-9.5,Phoenix Suns,-105,,-115,,2026_03_03,,11:10 PM,310,,-105,,9.5,Sacramento Kings,Basketball,NBA,,sportsbook_NBA_merged.csv,,,,223.5,sportsbook_NBA_merged.csv
114,2.14,-115,1.87,2.5,Phoenix Suns,-112,1.89,-108,1.93,2026_03_31,8c95b58e16520c12308e0196b0c19198,19:10,-135,1.74,-105,1.95,-2.5,Orlando Magic,NBA,nba,2026-03-31T10:04:53Z,sportsbook_NBA_merged.csv,,,,224.5,sportsbook_NBA_merged.csv
-1429,1.07,-115,1.87,-15.5,Charlotte Hornets,-115,1.87,-105,1.95,2026_03_31,5821188b8c12a7b49e0f069e3974e502,19:40,850,9.5,-105,1.95,15.5,Brooklyn Nets,NBA,nba,2026-03-31T10:04:53Z,sportsbook_NBA_merged.csv,,,,218.5,sportsbook_NBA_merged.csv
-110,1.91,100,2.0,-1.5,Dallas Mavericks,-105,1.95,-115,1.87,2026_03_31,ce4beaf577105bae5d26c3205ccce3b4,20:10,-110,1.91,-120,1.83,1.5,Milwaukee Bucks,NBA,nba,2026-03-31T10:04:53Z,sportsbook_NBA_merged.csv,,,,228.5,sportsbook_NBA_merged.csv
120,2.2,-108,1.93,2.5,Toronto Raptors,-110,1.91,-110,1.91,2026_03_31,b6b9e83d82f672bcffebdad2ba67d51d,20:10,-143,1.7,-112,1.89,-2.5,Detroit Pistons,NBA,nba,2026-03-31T10:04:53Z,sportsbook_NBA_merged.csv,,,,219.5,sportsbook_NBA_merged.csv
-115,1.87,-102,1.98,-1.5,New York Knicks,-105,1.95,-115,1.87,2026_03_31,0fee871b4f5cc68f4c933d5eb56d25c8,20:10,-105,1.95,-118,1.85,1.5,Houston Rockets,NBA,nba,2026-03-31T10:04:53Z,sportsbook_NBA_merged.csv,,,,218.5,sportsbook_NBA_merged.csv
105,2.05,-108,1.93,1.5,Cleveland Cavaliers,-105,1.95,-115,1.87,2026_03_31,87dab37c8c29cf1586f973f3fe0ca38a,22:40,-125,1.8,-112,1.89,-1.5,Los Angeles Lakers,NBA,nba,2026-03-31T10:04:53Z,sportsbook_NBA_merged.csv,,,,237.5,sportsbook_NBA_merged.csv
180,2.8,-105,1.95,5.5,Portland Trail Blazers,-115,1.87,-105,1.95,2026_03_31,4ae1016a615b3bc0fcef523ab3c8933b,23:10,-217,1.46,-115,1.87,-5.5,Los Angeles Clippers,NBA,nba,2026-03-31T10:04:53Z,sportsbook_NBA_merged.csv,,,,226.5,sportsbook_NBA_merged.csv
-2000,1.05,-112,1.89,-18.5,San Antonio Spurs,-115,1.87,-105,1.95,2026_03_28,61b1ef0450e08478d708e8ab8a384647,15:10,1100,12.0,-108,1.93,18.5,Milwaukee Bucks,NBA,nba,2026-03-28T09:38:03Z,sportsbook_NBA_merged.csv,,,,225.5,sportsbook_NBA_merged.csv
114,2.14,-112,1.89,2.5,Detroit Pistons,-108,1.93,-112,1.89,2026_03_28,2f64bcd6f06f9cb1132a6be530d6848c,17:40,-135,1.74,-108,1.93,-2.5,Minnesota Timberwolves,NBA,nba,2026-03-28T09:38:03Z,sportsbook_NBA_merged.csv,,,,223.5,sportsbook_NBA_merged.csv
180,2.8,-105,1.95,5.5,Philadelphia 76ers,-108,1.93,-112,1.89,2026_03_28,def835f85134dff31d0e29a14591d960,18:10,-217,1.46,-115,1.87,-5.5,Charlotte Hornets,NBA,nba,2026-03-28T09:38:03Z,sportsbook_NBA_merged.csv,,,,233.5,sportsbook_NBA_merged.csv
650,7.5,-105,1.95,14.5,Sacramento Kings,-110,1.91,-110,1.91,2026_03_28,d7a3bd092d17e72cfe007b92fc74dd1f,19:40,-1000,1.1,-115,1.87,-14.5,Atlanta Hawks,NBA,nba,2026-03-28T09:38:03Z,sportsbook_NBA_merged.csv,,,,237.5,sportsbook_NBA_merged.csv
-175,1.57,-108,1.93,-3.5,Chicago Bulls,-115,1.87,-105,1.95,2026_03_28,df362c645ce96c954aeec281f1951a22,20:10,145,2.45,-112,1.89,3.5,Memphis Grizzlies,NBA,nba,2026-03-28T09:38:03Z,sportsbook_NBA_merged.csv,,,,244.5,sportsbook_NBA_merged.csv
800,9.0,-115,1.87,17.5,Utah Jazz,-115,1.87,-105,1.95,2026_03_28,6ddf73112fefbe7dcb275c09ebdae6a6,22:10,-1429,1.07,-105,1.95,-17.5,Phoenix Suns,NBA,nba,2026-03-28T09:38:03Z,sportsbook_NBA_merged.csv,,,,229.5,sportsbook_NBA_merged.csv
440,,-120,,12.5,Golden State Warriors,-115,,-105,,2026_03_18,,7:10 PM,-600,,100,,-12.5,Boston Celtics,Basketball,NBA,,sportsbook_NBA_merged.csv,,,,215.5,sportsbook_NBA_merged.csv
-2400,,-108,,-19.5,Oklahoma City Thunder,-108,,-112,,2026_03_18,,7:40 PM,1200,,-112,,19.5,Brooklyn Nets,Basketball,NBA,,sportsbook_NBA_merged.csv,,,,215.5,sportsbook_NBA_merged.csv
-520,,-112,,-10.5,Portland Trail Blazers,-115,,-105,,2026_03_18,,7:40 PM,390,,-108,,10.5,Indiana Pacers,Basketball,NBA,,sportsbook_NBA_merged.csv,,,,234.5,sportsbook_NBA_merged.csv
-305,,-110,,-7.5,Toronto Raptors,-115,,-105,,2026_03_18,,8:10 PM,245,,-110,,7.5,Chicago Bulls,Basketball,NBA,,sportsbook_NBA_merged.csv,,,,232.5,sportsbook_NBA_merged.csv
110,,-118,,2.5,Los Angeles Clippers,-115,,-105,,2026_03_18,,8:10 PM,-130,,-102,,-2.5,New Orleans Pelicans,Basketball,NBA,,sportsbook_NBA_merged.csv,,,,231.5,sportsbook_NBA_merged.csv
490,,-112,,12.5,Utah Jazz,-105,,-115,,2026_03_18,,8:10 PM,-675,,-108,,-12.5,Minnesota Timberwolves,Basketball,NBA,,sportsbook_NBA_merged.csv,,,,233.5,sportsbook_NBA_merged.csv
-355,,-102,,-8.5,Atlanta Hawks,-105,,-115,,2026_03_18,,8:40 PM,280,,-118,,8.5,Dallas Mavericks,Basketball,NBA,,sportsbook_NBA_merged.csv,,,,238.5,sportsbook_NBA_merged.csv
-700,,-110,,-13.5,Denver Nuggets,-110,,-110,,2026_03_18,,8:40 PM,500,,-110,,13.5,Memphis Grizzlies,Basketball,NBA,,sportsbook_NBA_merged.csv,,,,241.5,sportsbook_NBA_merged.csv
120,,-112,,2.5,Los Angeles Lakers,-110,,-110,,2026_03_18,,9:40 PM,-142,,-108,,-2.5,Houston Rockets,Basketball,NBA,,sportsbook_NBA_merged.csv,,,,222.5,sportsbook_NBA_merged.csv
130,2.3,-102,1.98,2.5,Atlanta Hawks,-115,1.87,-105,1.95,2026_03_25,8aaad66627fe854cc273103047d880e6,19:10,-154,1.65,-118,1.85,-2.5,Detroit Pistons,NBA,nba,2026-03-25T19:43:40Z,sportsbook_NBA_merged.csv,,,,228.5,sportsbook_NBA_merged.csv
200,3.0,-110,1.91,6.5,Chicago Bulls,-108,1.93,-112,1.89,2026_03_25,eaf07668d23364ac54cbcf69f4808ba9,19:10,-244,1.41,-110,1.91,-6.5,Philadelphia 76ers,NBA,nba,2026-03-25T19:43:40Z,sportsbook_NBA_merged.csv,,,,240.5,sportsbook_NBA_merged.csv
-500,1.2,-108,1.93,-9.5,Los Angeles Lakers,-105,1.95,-115,1.87,2026_03_25,3d71d6b6b1bc85b5ec831ae9dba2c93c,19:10,380,4.8,-112,1.89,9.5,Indiana Pacers,NBA,nba,2026-03-25T19:43:40Z,sportsbook_NBA_merged.csv,,,,238.5,sportsbook_NBA_merged.csv
-135,1.74,-102,1.98,-2.5,Oklahoma City Thunder,-110,1.91,-110,1.91,2026_03_25,277fee894c9dc5c623ed6a131bf513c7,19:40,114,2.14,-118,1.85,2.5,Boston Celtics,NBA,nba,2026-03-25T19:43:40Z,sportsbook_NBA_merged.csv,,,,218.5,sportsbook_NBA_merged.csv
124,2.24,-110,1.91,2.5,Miami Heat,-115,1.87,-105,1.95,2026_03_25,bb33d3e33ac233af2a20161310f567f2,19:40,-147,1.68,-110,1.91,-2.5,Cleveland Cavaliers,NBA,nba,2026-03-25T19:43:40Z,sportsbook_NBA_merged.csv,,,,242.5,sportsbook_NBA_merged.csv
-1667,1.06,-102,1.98,-17.5,San Antonio Spurs,-105,1.95,-115,1.87,2026_03_25,bcbad64f54906ae96b4be0ef54b453b4,20:10,950,10.5,-118,1.85,17.5,Memphis Grizzlies,NBA,nba,2026-03-25T19:43:40Z,sportsbook_NBA_merged.csv,,,,233.5,sportsbook_NBA_merged.csv
140,2.4,-105,1.95,3.5,Washington Wizards,-105,1.95,-115,1.87,2026_03_25,dcd42c163a10db20aa31d9ee311c07bd,21:10,-167,1.6,-115,1.87,-3.5,Utah Jazz,NBA,nba,2026-03-25T19:43:40Z,sportsbook_NBA_merged.csv,,,,239.5,sportsbook_NBA_merged.csv
-125,1.8,-115,1.87,-1.5,Houston Rockets,-105,1.95,-115,1.87,2026_03_25,cf2665074fd82e7b5f2b4393f20afd32,21:40,105,2.05,-105,1.95,1.5,Minnesota Timberwolves,NBA,nba,2026-03-25T19:43:40Z,sportsbook_NBA_merged.csv,,,,223.5,sportsbook_NBA_merged.csv
455,5.55,-115,1.87,12.5,Brooklyn Nets,-115,1.87,-105,1.95,2026_03_25,f0853d396988ee8ea615897e136d22cb,22:10,-625,1.16,-105,1.95,-12.5,Golden State Warriors,NBA,nba,2026-03-25T19:43:40Z,sportsbook_NBA_merged.csv,,,,216.5,sportsbook_NBA_merged.csv
470,5.7,-110,1.91,11.5,Dallas Mavericks,-105,1.95,-115,1.87,2026_03_25,63b3c408cf1e55eb8d34aec686038a87,22:10,-667,1.15,-110,1.91,-11.5,Denver Nuggets,NBA,nba,2026-03-25T19:43:40Z,sportsbook_NBA_merged.csv,,,,245.5,sportsbook_NBA_merged.csv
525,6.25,-118,1.85,13.5,Milwaukee Bucks,-115,1.87,-105,1.95,2026_03_25,d17b632d984be98852b4bc409ae1d056,22:10,-769,1.13,-102,1.98,-13.5,Portland Trail Blazers,NBA,nba,2026-03-25T19:43:40Z,sportsbook_NBA_merged.csv,,,,225.5,sportsbook_NBA_merged.csv
154,2.54,-102,1.98,3.5,Toronto Raptors,-115,1.87,-105,1.95,2026_03_25,24a4d71edcffcb5584a61d2aa89c66d8,22:40,-185,1.54,-118,1.85,-3.5,Los Angeles Clippers,NBA,nba,2026-03-25T19:43:40Z,sportsbook_NBA_merged.csv,,,,226.5,sportsbook_NBA_merged.csv
900,10.0,-108,1.93,16.5,Sacramento Kings,-105,1.95,-115,1.87,2026_03_24,c4901bf9c9ebf81236d22ca4626b5a31,19:10,-1667,1.06,-112,1.89,-16.5,Charlotte Hornets,NBA,nba,2026-03-24T13:50:34Z,sportsbook_NBA_merged.csv,,,,230.5,sportsbook_NBA_merged.csv
285,3.85,-110,1.91,8.5,New Orleans Pelicans,-105,1.95,-115,1.87,2026_03_24,3ffbb865981907829bb58d7f86351ba0,19:40,-357,1.28,-110,1.91,-8.5,New York Knicks,NBA,nba,2026-03-24T13:50:34Z,sportsbook_NBA_merged.csv,,,,231.5,sportsbook_NBA_merged.csv
360,4.6,-105,1.95,10.5,Orlando Magic,-115,1.87,-105,1.95,2026_03_24,6b03ae1305a70007dbaebefa0c8af0b7,20:10,-476,1.21,-115,1.87,-10.5,Cleveland Cavaliers,NBA,nba,2026-03-24T13:50:34Z,sportsbook_NBA_merged.csv,,,,230.5,sportsbook_NBA_merged.csv
-244,1.41,-108,1.93,-5.5,Denver Nuggets,-110,1.91,-110,1.91,2026_03_24,5cc255e5f9f9fefa4cc7e5316e16a519,23:10,200,3.0,-112,1.89,5.5,Phoenix Suns,NBA,nba,2026-03-24T13:50:34Z,sportsbook_NBA_merged.csv,,,,233.5,sportsbook_NBA_merged.csv
-112,,100,,-1.5,Boston Celtics,-110,,-110,,2026_03_08,,1:10 PM,-108,,-120,,1.5,Cleveland Cavaliers,Basketball,NBA,,sportsbook_NBA_merged.csv,,,,223.5,sportsbook_NBA_merged.csv
-155,,-118,,-2.5,New York Knicks,-110,,-110,,2026_03_08,,3:40 PM,130,,-102,,2.5,Los Angeles Lakers,Basketball,NBA,,sportsbook_NBA_merged.csv,,,,228.5,sportsbook_NBA_merged.csv
-115,,-105,,-1.5,Detroit Pistons,-115,,-105,,2026_03_08,,6:10 PM,-105,,-115,,1.5,Miami Heat,Basketball,NBA,,sportsbook_NBA_merged.csv,,,,229.5,sportsbook_NBA_merged.csv
340,,-112,,10.5,Dallas Mavericks,-108,,-112,,2026_03_08,,6:10 PM,-440,,-108,,-10.5,Toronto Raptors,Basketball,NBA,,sportsbook_NBA_merged.csv,,,,229.5,sportsbook_NBA_merged.csv
340,,-112,,10.5,Washington Wizards,-105,,-115,,2026_03_08,,7:10 PM,-440,,-108,,-10.5,New Orleans Pelicans,Basketball,NBA,,sportsbook_NBA_merged.csv,,,,243.5,sportsbook_NBA_merged.csv
180,,-112,,5.5,Houston Rockets,-115,,-105,,2026_03_08,,8:10 PM,-218,,-108,,-5.5,San Antonio Spurs,Basketball,NBA,,sportsbook_NBA_merged.csv,,,,221.5,sportsbook_NBA_merged.csv
-162,,-115,,-3.5,Orlando Magic,-115,,-105,,2026_03_08,,8:10 PM,136,,-105,,3.5,Milwaukee Bucks,Basketball,NBA,,sportsbook_NBA_merged.csv,,,,218.5,sportsbook_NBA_merged.csv
310,,-105,,8.5,Indiana Pacers,-108,,-112,,2026_03_08,,9:10 PM,-395,,-115,,-8.5,Portland Trail Blazers,Basketball,NBA,,sportsbook_NBA_merged.csv,,,,236.5,sportsbook_NBA_merged.csv
-135,,-108,,-2.5,Chicago Bulls,-115,,-105,,2026_03_08,,9:10 PM,114,,-112,,2.5,Sacramento Kings,Basketball,NBA,,sportsbook_NBA_merged.csv,,,,233.5,sportsbook_NBA_merged.csv
-180,,-112,,-4.5,Charlotte Hornets,-110,,-110,,2026_03_08,,10:10 PM,150,,-108,,4.5,Phoenix Suns,Basketball,NBA,,sportsbook_NBA_merged.csv,,,,218.5,sportsbook_NBA_merged.csv
-1800,,-115,,-17.5,New York Knicks,-115,,-105,,2026_03_20,,7:40 PM,1000,,-105,,17.5,Brooklyn Nets,Basketball,NBA,,sportsbook_NBA_merged.csv,,,,215.5,sportsbook_NBA_merged.csv
200,,-108,,6.5,Golden State Warriors,-112,,-108,,2026_03_20,,7:40 PM,-245,,-112,,-6.5,Detroit Pistons,Basketball,NBA,,sportsbook_NBA_merged.csv,,,,217.5,sportsbook_NBA_merged.csv
-1200,,-108,,-15.5,Boston Celtics,-110,,-110,,2026_03_20,,8:10 PM,750,,-112,,15.5,Memphis Grizzlies,Basketball,NBA,,sportsbook_NBA_merged.csv,,,,228.5,sportsbook_NBA_merged.csv
140,,-105,,3.5,Atlanta Hawks,-110,,-110,,2026_03_20,,8:10 PM,-166,,-115,,-3.5,Houston Rockets,Basketball,NBA,,sportsbook_NBA_merged.csv,,,,227.5,sportsbook_NBA_merged.csv
120,,-102,,2.5,Portland Trail Blazers,-110,,-110,,2026_03_20,,8:10 PM,-142,,-118,,-2.5,Minnesota Timberwolves,Basketball,NBA,,sportsbook_NBA_merged.csv,,,,230.5,sportsbook_NBA_merged.csv
210,,-108,,6.5,Toronto Raptors,-115,,-105,,2026_03_20,,9:10 PM,-258,,-112,,-6.5,Denver Nuggets,Basketball,NBA,,sportsbook_NBA_merged.csv,,,,235.5,sportsbook_NBA_merged.csv
-455,,-110,,-9.5,Oklahoma City Thunder,-110,,-110,,2026_03_17,,7:10 PM,350,,-110,,9.5,Orlando Magic,Basketball,NBA,,sportsbook_NBA_merged.csv,,,,221.5,sportsbook_NBA_merged.csv
145,,-112,,3.5,Miami Heat,-110,,-110,,2026_03_17,,7:10 PM,-175,,-108,,-3.5,Charlotte Hornets,Basketball,NBA,,sportsbook_NBA_merged.csv,,,,233.5,sportsbook_NBA_merged.csv
-1650,,-115,,-17.5,Detroit Pistons,-112,,-108,,2026_03_17,,7:10 PM,950,,-105,,17.5,Washington Wizards,Basketball,NBA,,sportsbook_NBA_merged.csv,,,,234.5,sportsbook_NBA_merged.csv
800,,-112,,16.5,Indiana Pacers,-115,,-105,,2026_03_17,,7:40 PM,-1350,,-108,,-16.5,New York Knicks,Basketball,NBA,,sportsbook_NBA_merged.csv,,,,223.5,sportsbook_NBA_merged.csv
-470,,-118,,-9.5,Cleveland Cavaliers,-105,,-115,,2026_03_17,,8:10 PM,360,,-102,,9.5,Milwaukee Bucks,Basketball,NBA,,sportsbook_NBA_merged.csv,,,,229.5,sportsbook_NBA_merged.csv
145,,-108,,3.5,Phoenix Suns,-110,,-110,,2026_03_17,,8:10 PM,-175,,-112,,-3.5,Minnesota Timberwolves,Basketball,NBA,,sportsbook_NBA_merged.csv,,,,220.5,sportsbook_NBA_merged.csv
700,,-110,,15.5,Philadelphia 76ers,-110,,-110,,2026_03_17,,10:10 PM,-1100,,-110,,-15.5,Denver Nuggets,Basketball,NBA,,sportsbook_NBA_merged.csv,,,,235.5,sportsbook_NBA_merged.csv
-900,,-108,,-13.5,San Antonio Spurs,-112,,-108,,2026_03_17,,10:10 PM,600,,-112,,13.5,Sacramento Kings,Basketball,NBA,,sportsbook_NBA_merged.csv,,,,234.5,sportsbook_NBA_merged.csv
200,,-112,,6.5,Orlando Magic,-112,,-108,,2026_03_07,,3:10 PM,-245,,-108,,-6.5,Minnesota Timberwolves,Basketball,NBA,,sportsbook_NBA_merged.csv,,,,226.5,sportsbook_NBA_merged.csv
625,,-118,,14.5,Brooklyn Nets,-105,,-115,,2026_03_07,,6:10 PM,-950,,-102,,-14.5,Detroit Pistons,Basketball,NBA,,sportsbook_NBA_merged.csv,,,,216.5,sportsbook_NBA_merged.csv
220,,-105,,6.5,Philadelphia 76ers,-110,,-110,,2026_03_07,,6:10 PM,-270,,-115,,-6.5,Atlanta Hawks,Basketball,NBA,,sportsbook_NBA_merged.csv,,,,233.5,sportsbook_NBA_merged.csv
380,,-108,,10.5,Utah Jazz,-108,,-112,,2026_03_07,,8:10 PM,-500,,-112,,-10.5,Milwaukee Bucks,Basketball,NBA,,sportsbook_NBA_merged.csv,,,,234.5,sportsbook_NBA_merged.csv
-270,,-118,,-5.5,Los Angeles Clippers,-115,,-105,,2026_03_07,,8:10 PM,220,,-102,,5.5,Memphis Grizzlies,Basketball,NBA,,sportsbook_NBA_merged.csv,,,,226.5,sportsbook_NBA_merged.csv
550,,-108,,14.5,Golden State Warriors,-108,,-112,,2026_03_07,,8:40 PM,-800,,-112,,-14.5,Oklahoma City Thunder,Basketball,NBA,,sportsbook_NBA_merged.csv,,,,219.5,sportsbook_NBA_merged.csv
-1200,,-110,,-15.5,Houston Rockets,-110,,-110,,2026_03_02,,7:10 PM,750,,-110,,15.5,Washington Wizards,Basketball,NBA,,sportsbook_NBA_merged.csv,,,,224.5,sportsbook_NBA_merged.csv
-310,,-110,,-7.5,Boston Celtics,-110,,-110,,2026_03_02,,7:40 PM,250,,-110,,7.5,Milwaukee Bucks,Basketball,NBA,,sportsbook_NBA_merged.csv,,,,215.5,sportsbook_NBA_merged.csv
-550,,-115,,-11.5,Denver Nuggets,-110,,-110,,2026_03_02,,9:10 PM,410,,-105,,11.5,Utah Jazz,Basketball,NBA,,sportsbook_NBA_merged.csv,,,,244.5,sportsbook_NBA_merged.csv
-122,,-115,,-1.5,Los Angeles Clippers,-110,,-110,,2026_03_02,,10:10 PM,102,,-105,,1.5,Golden State Warriors,Basketball,NBA,,sportsbook_NBA_merged.csv,,,,216.5,sportsbook_NBA_merged.csv
-125,,-110,,-1.5,New York Knicks,-110,,-110,,2026_03_02,,7:30 PM,105,,-110,,1.5,Toronto Raptors,Basketball,NBA,,sportsbook_NBA_merged.csv,,,,223.5,sportsbook_NBA_merged.csv
-230,,-102,,-6.5,San Antonio Spurs,-110,,-110,,2026_03_02,,8:00 PM,190,,-118,,6.5,Philadelphia 76ers,Basketball,NBA,,sportsbook_NBA_merged.csv,,,,231.5,sportsbook_NBA_merged.csv
-135,1.74,-105,1.95,-2.5,Philadelphia 76ers,-108,1.93,-112,1.89,2026_03_30,2ba4ff0cef51aafdf9c5509533b14091,19:10,114,2.14,-115,1.87,2.5,Miami Heat,NBA,nba,2026-03-30T10:17:25Z,sportsbook_NBA_merged.csv,,,,246.5,sportsbook_NBA_merged.csv
-102,1.98,-112,1.89,1.5,Boston Celtics,-110,1.91,-110,1.91,2026_03_30,6faf1f26b1e369d008c889f78e15732b,19:40,-118,1.85,-108,1.93,-1.5,Atlanta Hawks,NBA,nba,2026-03-30T10:17:25Z,sportsbook_NBA_merged.csv,,,,222.5,sportsbook_NBA_merged.csv
1000,11.0,-105,1.95,17.5,Chicago Bulls,-105,1.95,-115,1.87,2026_03_30,99052db19c4b4026e439fcc94cd4f6e8,20:10,-1667,1.06,-115,1.87,-17.5,San Antonio Spurs,NBA,nba,2026-03-30T10:17:25Z,sportsbook_NBA_merged.csv,,,,243.5,sportsbook_NBA_merged.csv
-833,1.12,-105,1.95,-13.5,Phoenix Suns,-108,1.93,-112,1.89,2026_03_30,7d18651bc9124e2b06c6ffbc3af06ee6,20:10,550,6.5,-115,1.87,13.5,Memphis Grizzlies,NBA,nba,2026-03-30T10:17:25Z,sportsbook_NBA_merged.csv,,,,229.5,sportsbook_NBA_merged.csv
-286,1.35,-115,1.87,-6.5,Minnesota Timberwolves,-112,1.89,-108,1.93,2026_03_30,529b588f29593d9353dc633d814bc188,20:40,230,3.3,-105,1.95,6.5,Dallas Mavericks,NBA,nba,2026-03-30T10:17:25Z,sportsbook_NBA_merged.csv,,,,235.5,sportsbook_NBA_merged.csv
-1667,1.06,-112,1.89,-17.5,Cleveland Cavaliers,-110,1.91,-110,1.91,2026_03_30,2d048fe85c2360eaad38501d77dd41e4,21:10,950,10.5,-108,1.93,17.5,Utah Jazz,NBA,nba,2026-03-30T10:17:25Z,sportsbook_NBA_merged.csv,,,,243.5,sportsbook_NBA_merged.csv
550,6.5,-112,1.89,13.5,Detroit Pistons,-115,1.87,-105,1.95,2026_03_30,e3266348b9f8e04ffa8ca5bbe8e55265,21:40,-833,1.12,-108,1.93,-13.5,Oklahoma City Thunder,NBA,nba,2026-03-30T10:17:25Z,sportsbook_NBA_merged.csv,,,,218.5,sportsbook_NBA_merged.csv
800,9.0,-105,1.95,15.5,Washington Wizards,-112,1.89,-108,1.93,2026_03_30,7bab999d0c94806e44c5de1d60333079,22:10,-1429,1.07,-115,1.87,-15.5,Los Angeles Lakers,NBA,nba,2026-03-30T10:17:25Z,sportsbook_NBA_merged.csv,,,,235.5,sportsbook_NBA_merged.csv
-162,,-110,,-3.5,Cleveland Cavaliers,-105,,-115,,2026_03_11,,7:40 PM,136,,-110,,3.5,Orlando Magic,Basketball,NBA,,sportsbook_NBA_merged.csv,,,,226.5,sportsbook_NBA_merged.csv
-120,,-110,,-1.5,Toronto Raptors,-112,,-108,,2026_03_11,,8:10 PM,100,,-110,,1.5,New Orleans Pelicans,Basketball,NBA,,sportsbook_NBA_merged.csv,,,,232.5,sportsbook_NBA_merged.csv
-750,,-110,,-12.5,New York Knicks,-112,,-108,,2026_03_11,,9:10 PM,525,,-110,,12.5,Utah Jazz,Basketball,NBA,,sportsbook_NBA_merged.csv,,,,229.5,sportsbook_NBA_merged.csv
180,,-110,,5.5,Houston Rockets,-105,,-115,,2026_03_11,,10:10 PM,-218,,-110,,-5.5,Denver Nuggets,Basketball,NBA,,sportsbook_NBA_merged.csv,,,,229.5,sportsbook_NBA_merged.csv
-700,,-110,,-12.5,Charlotte Hornets,-110,,-110,,2026_03_11,,10:10 PM,500,,-110,,12.5,Sacramento Kings,Basketball,NBA,,sportsbook_NBA_merged.csv,,,,227.5,sportsbook_NBA_merged.csv
114,,-110,,2.5,Minnesota Timberwolves,-115,,-105,,2026_03_11,,10:40 PM,-135,,-110,,-2.5,Los Angeles Clippers,Basketball,NBA,,sportsbook_NBA_merged.csv,,,,225.5,sportsbook_NBA_merged.csv
300,,-108,,8.5,Brooklyn Nets,-115,,-105,,2026_03_14,,1:10 PM,-380,,-112,,-8.5,Philadelphia 76ers,Basketball,NBA,,sportsbook_NBA_merged.csv,,,,216.5,sportsbook_NBA_merged.csv
280,,-112,,9.5,Milwaukee Bucks,-115,,-105,,2026_03_14,,3:10 PM,-355,,-108,,-9.5,Atlanta Hawks,Basketball,NBA,,sportsbook_NBA_merged.csv,,,,229.5,sportsbook_NBA_merged.csv
180,,-118,,5.5,Charlotte Hornets,-112,,-108,,2026_03_14,,3:40 PM,-218,,-102,,-5.5,San Antonio Spurs,Basketball,NBA,,sportsbook_NBA_merged.csv,,,,228.5,sportsbook_NBA_merged.csv
1100,,-108,,19.5,Washington Wizards,-108,,-112,,2026_03_14,,6:10 PM,-2100,,-112,,-19.5,Boston Celtics,Basketball,NBA,,sportsbook_NBA_merged.csv,,,,230.5,sportsbook_NBA_merged.csv
136,,-105,,3.5,Orlando Magic,-110,,-110,,2026_03_14,,8:10 PM,-162,,-115,,-3.5,Miami Heat,Basketball,NBA,,sportsbook_NBA_merged.csv,,,,236.5,sportsbook_NBA_merged.csv
-155,,-102,,-3.5,Denver Nuggets,-105,,-115,,2026_03_14,,8:40 PM,130,,-118,,3.5,Los Angeles Lakers,Basketball,NBA,,sportsbook_NBA_merged.csv,,,,246.5,sportsbook_NBA_merged.csv
625,,-108,,13.5,Sacramento Kings,-108,,-112,,2026_03_14,,10:40 PM,-950,,-112,,-13.5,Los Angeles Clippers,Basketball,NBA,,sportsbook_NBA_merged.csv,,,,231.5,sportsbook_NBA_merged.csv
295,,-110,,8.5,Portland Trail Blazers,-112,,-108,,2026_03_22,,5:10 PM,-375,,-110,,-8.5,Denver Nuggets,Basketball,NBA,,sportsbook_NBA_merged.csv,,,,240.5,sportsbook_NBA_merged.csv
205,,-110,,6.5,Brooklyn Nets,-110,,-110,,2026_03_22,,6:10 PM,-250,,-110,,-6.5,Sacramento Kings,Basketball,NBA,,sportsbook_NBA_merged.csv,,,,218.5,sportsbook_NBA_merged.csv
1200,,-105,,19.5,Washington Wizards,-115,,-105,,2026_03_22,,7:40 PM,-2400,,-115,,-19.5,New York Knicks,Basketball,NBA,,sportsbook_NBA_merged.csv,,,,226.5,sportsbook_NBA_merged.csv
300,,-102,,9.5,Minnesota Timberwolves,-108,,-112,,2026_03_22,,8:10 PM,-380,,-118,,-9.5,Boston Celtics,Basketball,NBA,,sportsbook_NBA_merged.csv,,,,221.5,sportsbook_NBA_merged.csv
-148,,-112,,-2.5,Toronto Raptors,-110,,-110,,2026_03_22,,9:10 PM,124,,-108,,2.5,Phoenix Suns,Basketball,NBA,,sportsbook_NBA_merged.csv,,,,220.5,sportsbook_NBA_merged.csv
-417,1.24,-115,1.87,-8.5,Los Angeles Clippers,-105,1.95,-115,1.87,2026_03_27,cfb595cba37696e470059102db23fca9,19:10,330,4.3,-105,1.95,8.5,Indiana Pacers,NBA,nba,2026-03-27T09:56:03Z,sportsbook_NBA_merged.csv,,,,238.5,sportsbook_NBA_merged.csv
180,2.8,-105,1.95,4.5,Atlanta Hawks,-108,1.93,-112,1.89,2026_03_27,9443e4a245659d7362366345b5a91b39,19:40,-217,1.46,-115,1.87,-4.5,Boston Celtics,NBA,nba,2026-03-27T09:56:03Z,sportsbook_NBA_merged.csv,,,,225.5,sportsbook_NBA_merged.csv
170,2.7,-105,1.95,4.5,Miami Heat,-108,1.93,-112,1.89,2026_03_27,5ce07242b2ab7c9c82700854c237a77a,19:40,-204,1.49,-115,1.87,-4.5,Cleveland Cavaliers,NBA,nba,2026-03-27T09:56:03Z,sportsbook_NBA_merged.csv,,,,242.5,sportsbook_NBA_merged.csv
1300,14.0,-110,1.91,19.5,Chicago Bulls,-105,1.95,-115,1.87,2026_03_27,e1036e62b7cea2b7bade60f85bc0c1b1,20:10,-2500,1.04,-110,1.91,-19.5,Oklahoma City Thunder,NBA,nba,2026-03-27T09:56:03Z,sportsbook_NBA_merged.csv,,,,237.5,sportsbook_NBA_merged.csv
-833,1.12,-110,1.91,-12.5,Houston Rockets,-110,1.91,-110,1.91,2026_03_27,874b67c6be5c213484fdecdf0e37faf6,20:10,550,6.5,-110,1.91,12.5,Memphis Grizzlies,NBA,nba,2026-03-27T09:56:03Z,sportsbook_NBA_merged.csv,,,,226.5,sportsbook_NBA_merged.csv
270,3.7,-110,1.91,8.5,New Orleans Pelicans,-110,1.91,-110,1.91,2026_03_27,f2ffa80a1e0d1a911096e80676b07a99,20:40,-345,1.29,-110,1.91,-8.5,Toronto Raptors,NBA,nba,2026-03-27T09:56:03Z,sportsbook_NBA_merged.csv,,,,228.5,sportsbook_NBA_merged.csv
1100,12.0,-112,1.89,18.5,Utah Jazz,-110,1.91,-110,1.91,2026_03_27,a2b709618069c3dd7c15f6192c11e93c,21:10,-2000,1.05,-108,1.93,-18.5,Denver Nuggets,NBA,nba,2026-03-27T09:56:03Z,sportsbook_NBA_merged.csv,,,,248.5,sportsbook_NBA_merged.csv
340,4.4,-118,1.85,10.5,Dallas Mavericks,-110,1.91,-110,1.91,2026_03_27,d4d54362306cefaac74ff35c3b020b78,22:10,-435,1.23,-102,1.98,-10.5,Portland Trail Blazers,NBA,nba,2026-03-27T09:56:03Z,sportsbook_NBA_merged.csv,,,,239.5,sportsbook_NBA_merged.csv
650,7.5,-102,1.98,13.5,Washington Wizards,-110,1.91,-110,1.91,2026_03_27,79aaaf1d88e3174addc5d58bd07e024d,22:10,-1000,1.1,-118,1.85,-13.5,Golden State Warriors,NBA,nba,2026-03-27T09:56:03Z,sportsbook_NBA_merged.csv,,,,232.5,sportsbook_NBA_merged.csv
950,10.5,-110,1.91,16.5,Brooklyn Nets,-105,1.95,-115,1.87,2026_03_27,b552edb9183af4efd9e7b1b203525ac0,22:40,-1667,1.06,-110,1.91,-16.5,Los Angeles Lakers,NBA,nba,2026-03-27T09:56:03Z,sportsbook_NBA_merged.csv,,,,222.5,sportsbook_NBA_merged.csv
100,2.0,-118,1.85,1.5,New York Knicks,-108,1.93,-112,1.89,2026_03_26,b5dcac663f902f16c62d91c7552bd07a,19:10,-120,1.83,-102,1.98,-1.5,Charlotte Hornets,NBA,nba,2026-03-26T15:57:09Z,sportsbook_NBA_merged.csv,,,,222.5,sportsbook_NBA_merged.csv
150,2.5,-105,1.95,3.5,New Orleans Pelicans,-112,1.89,-108,1.93,2026_03_26,63f535c5a95e35b7644f7b6655c82b98,19:10,-179,1.56,-115,1.87,-3.5,Detroit Pistons,NBA,nba,2026-03-26T15:57:09Z,sportsbook_NBA_merged.csv,,,,226.5,sportsbook_NBA_merged.csv
750,8.5,-115,1.87,15.5,Sacramento Kings,-110,1.91,-110,1.91,2026_03_26,6c518123941e3d6b5ca85502a16136f5,19:10,-1250,1.08,-105,1.95,-15.5,Orlando Magic,NBA,nba,2026-03-26T15:57:09Z,sportsbook_NBA_merged.csv,,,,230.5,sportsbook_NBA_merged.csv
310,,-118,,9.5,Minnesota Timberwolves,-105,,-115,,2026_03_15,,1:10 PM,-395,,-102,,-9.5,Oklahoma City Thunder,Basketball,NBA,,sportsbook_NBA_merged.csv,,,,225.5,sportsbook_NBA_merged.csv
-175,,-115,,-3.5,Detroit Pistons,-115,,-105,,2026_03_15,,3:40 PM,145,,-105,,3.5,Toronto Raptors,Basketball,NBA,,sportsbook_NBA_merged.csv,,,,222.5,sportsbook_NBA_merged.csv
900,,-108,,16.5,Dallas Mavericks,-110,,-110,,2026_03_15,,3:40 PM,-1600,,-112,,-16.5,Cleveland Cavaliers,Basketball,NBA,,sportsbook_NBA_merged.csv,,,,235.5,sportsbook_NBA_merged.csv
230,,-105,,7.5,Indiana Pacers,-110,,-110,,2026_03_15,,3:40 PM,-285,,-115,,-7.5,Milwaukee Bucks,Basketball,NBA,,sportsbook_NBA_merged.csv,,,,227.5,sportsbook_NBA_merged.csv
-340,,-105,,-8.5,Portland Trail Blazers,-105,,-115,,2026_03_15,,6:10 PM,270,,-115,,8.5,Philadelphia 76ers,Basketball,NBA,,sportsbook_NBA_merged.csv,,,,229.5,sportsbook_NBA_merged.csv
575,,-112,,13.5,Golden State Warriors,-112,,-108,,2026_03_15,,8:10 PM,-850,,-108,,-13.5,New York Knicks,Basketball,NBA,,sportsbook_NBA_merged.csv,,,,218.5,sportsbook_NBA_merged.csv
120,,-115,,2.5,Utah Jazz,-110,,-110,,2026_03_15,,10:10 PM,-142,,-105,,-2.5,Sacramento Kings,Basketball,NBA,,sportsbook_NBA_merged.csv,,,,233.5,sportsbook_NBA_merged.csv
-425,,-120,,-9.5,Philadelphia 76ers,-108,,-112,,2026_02_24,,7:10 PM,330,,100,,9.5,Indiana Pacers,Basketball,NBA,,sportsbook_NBA_merged.csv,,,,233.5,sportsbook_NBA_merged.csv
142,,-118,,4.5,New York Knicks,-115,,-105,,2026_02_24,,7:40 PM,-170,,-102,,-4.5,Cleveland Cavaliers,Basketball,NBA,,sportsbook_NBA_merged.csv,,,,231.5,sportsbook_NBA_merged.csv
120,,-112,,2.5,Oklahoma City Thunder,-112,,-108,,2026_02_24,,7:40 PM,-142,,-108,,-2.5,Toronto Raptors,Basketball,NBA,,sportsbook_NBA_merged.csv,,,,215.5,sportsbook_NBA_merged.csv
470,,-118,,12.5,Washington Wizards,-112,,-108,,2026_02_24,,7:40 PM,-650,,-102,,-12.5,Atlanta Hawks,Basketball,NBA,,sportsbook_NBA_merged.csv,,,,235.5,sportsbook_NBA_merged.csv
-125,,-110,,-1.5,Dallas Mavericks,-110,,-110,,2026_02_24,,7:40 PM,105,,-110,,1.5,Brooklyn Nets,Basketball,NBA,,sportsbook_NBA_merged.csv,,,,226.5,sportsbook_NBA_merged.csv
-325,,100,,-8.5,Charlotte Hornets,-108,,-112,,2026_02_24,,8:10 PM,260,,-120,,8.5,Chicago Bulls,Basketball,NBA,,sportsbook_NBA_merged.csv,,,,232.5,sportsbook_NBA_merged.csv
-238,,-108,,-6.5,Miami Heat,-110,,-110,,2026_02_24,,8:10 PM,195,,-112,,6.5,Milwaukee Bucks,Basketball,NBA,,sportsbook_NBA_merged.csv,,,,228.5,sportsbook_NBA_merged.csv
-120,,-110,,-1.5,Golden State Warriors,-110,,-110,,2026_02_24,,8:10 PM,100,,-110,,1.5,New Orleans Pelicans,Basketball,NBA,,sportsbook_NBA_merged.csv,,,,227.5,sportsbook_NBA_merged.csv
-218,,-108,,-5.5,Boston Celtics,-115,,-105,,2026_02_24,,9:10 PM,180,,-112,,5.5,Phoenix Suns,Basketball,NBA,,sportsbook_NBA_merged.csv,,,,206.5,sportsbook_NBA_merged.csv
-250,,-110,,-6.5,Minnesota Timberwolves,-108,,-112,,2026_02_24,,10:10 PM,205,,-110,,6.5,Portland Trail Blazers,Basketball,NBA,,sportsbook_NBA_merged.csv,,,,235.5,sportsbook_NBA_merged.csv
170,,-112,,5.5,Orlando Magic,-105,,-115,,2026_02_24,,10:40 PM,-205,,-108,,-5.5,Los Angeles Lakers,Basketball,NBA,,sportsbook_NBA_merged.csv,,,,230.5,sportsbook_NBA_merged.csv
136,,-108,,3.5,Memphis Grizzlies,-115,,-105,,2026_03_10,,7:10 PM,-162,,-112,,-3.5,Philadelphia 76ers,Basketball,NBA,,sportsbook_NBA_merged.csv,,,,228.5,sportsbook_NBA_merged.csv
-1100,,-115,,-14.5,Detroit Pistons,-105,,-115,,2026_03_10,,7:40 PM,700,,-105,,14.5,Brooklyn Nets,Basketball,NBA,,sportsbook_NBA_merged.csv,,,,216.5,sportsbook_NBA_merged.csv
320,,-108,,9.5,Dallas Mavericks,-112,,-108,,2026_03_10,,7:40 PM,-410,,-112,,-9.5,Atlanta Hawks,Basketball,NBA,,sportsbook_NBA_merged.csv,,,,240.5,sportsbook_NBA_merged.csv
700,,-115,,16.5,Washington Wizards,-105,,-115,,2026_03_10,,7:40 PM,-1100,,-105,,-16.5,Miami Heat,Basketball,NBA,,sportsbook_NBA_merged.csv,,,,238.5,sportsbook_NBA_merged.csv
130,,-112,,3.5,Boston Celtics,-105,,-115,,2026_03_10,,8:10 PM,-155,,-108,,-3.5,San Antonio Spurs,Basketball,NBA,,sportsbook_NBA_merged.csv,,,,221.5,sportsbook_NBA_merged.csv
160,,-112,,4.5,Toronto Raptors,-105,,-115,,2026_03_10,,8:10 PM,-192,,-108,,-4.5,Houston Rockets,Basketball,NBA,,sportsbook_NBA_merged.csv,,,,220.5,sportsbook_NBA_merged.csv
-118,,-105,,-1.5,Phoenix Suns,-112,,-108,,2026_03_10,,8:10 PM,-102,,-115,,1.5,Milwaukee Bucks,Basketball,NBA,,sportsbook_NBA_merged.csv,,,,218.5,sportsbook_NBA_merged.csv
-155,,-102,,-3.5,Charlotte Hornets,-112,,-108,,2026_03_10,,10:10 PM,130,,-118,,3.5,Portland Trail Blazers,Basketball,NBA,,sportsbook_NBA_merged.csv,,,,227.5,sportsbook_NBA_merged.csv
195,,-115,,6.5,Chicago Bulls,-110,,-110,,2026_03_10,,10:10 PM,-238,,-105,,-6.5,Golden State Warriors,Basketball,NBA,,sportsbook_NBA_merged.csv,,,,227.5,sportsbook_NBA_merged.csv
130,,-102,,2.5,Indiana Pacers,-112,,-108,,2026_03_10,,10:10 PM,-155,,-118,,-2.5,Sacramento Kings,Basketball,NBA,,sportsbook_NBA_merged.csv,,,,236.5,sportsbook_NBA_merged.csv
-142,,-112,,-2.5,Minnesota Timberwolves,-110,,-110,,2026_03_10,,11:10 PM,120,,-108,,2.5,Los Angeles Lakers,Basketball,NBA,,sportsbook_NBA_merged.csv,,,,230.5,sportsbook_NBA_merged.csv
-909,1.11,-105,1.95,-14.5,Los Angeles Clippers,-112,1.89,-108,1.93,2026_03_29,f31725bf02115b40d00c134f7f730357,15:40,600,7.0,-115,1.87,14.5,Milwaukee Bucks,NBA,nba,2026-03-29T09:38:16Z,sportsbook_NBA_merged.csv,,,,222.5,sportsbook_NBA_merged.csv
-417,1.24,-105,1.95,-9.5,Miami Heat,-105,1.95,-115,1.87,2026_03_29,4a5c2769cf86051e5ed8bdd8a6633ab4,17:10,320,4.2,-115,1.87,9.5,Indiana Pacers,NBA,nba,2026-03-29T09:38:16Z,sportsbook_NBA_merged.csv,,,,245.5,sportsbook_NBA_merged.csv
-118,1.85,-105,1.95,-1.5,Boston Celtics,-110,1.91,-110,1.91,2026_03_29,8d6b8b25d9790bf08a65761a3d63b611,18:10,-102,1.98,-115,1.87,1.5,Charlotte Hornets,NBA,nba,2026-03-29T09:38:16Z,sportsbook_NBA_merged.csv,,,,215.5,sportsbook_NBA_merged.csv
-120,1.83,-105,1.95,-1.5,Sacramento Kings,-110,1.91,-110,1.91,2026_03_29,ba9f78305e7187a27e22f030883c2c19,18:10,100,2.0,-115,1.87,1.5,Brooklyn Nets,NBA,nba,2026-03-29T09:38:16Z,sportsbook_NBA_merged.csv,,,,221.5,sportsbook_NBA_merged.csv
114,2.14,-112,1.89,2.5,Orlando Magic,-110,1.91,-110,1.91,2026_03_29,4d3b276afc5789fb4a6564eee411bfa9,18:10,-135,1.74,-108,1.93,-2.5,Toronto Raptors,NBA,nba,2026-03-29T09:38:16Z,sportsbook_NBA_merged.csv,,,,224.5,sportsbook_NBA_merged.csv
750,8.5,-108,1.93,15.5,Washington Wizards,-115,1.87,-105,1.95,2026_03_29,4ec80843b404f3215ab2cad16ced7f41,18:10,-1250,1.08,-112,1.89,-15.5,Portland Trail Blazers,NBA,nba,2026-03-29T09:38:16Z,sportsbook_NBA_merged.csv,,,,237.5,sportsbook_NBA_merged.csv
-227,1.44,-115,1.87,-5.5,Houston Rockets,-108,1.93,-112,1.89,2026_03_29,c05251e56d0bd871f5523e30058c7735,19:10,185,2.85,-105,1.95,5.5,New Orleans Pelicans,NBA,nba,2026-03-29T09:38:16Z,sportsbook_NBA_merged.csv,,,,225.5,sportsbook_NBA_merged.csv
285,3.85,-112,1.89,8.5,New York Knicks,-105,1.95,-115,1.87,2026_03_29,f1fe04fb5d59dc4d3b310d56b74a9f2a,19:40,-357,1.28,-108,1.93,-8.5,Oklahoma City Thunder,NBA,nba,2026-03-29T09:38:16Z,sportsbook_NBA_merged.csv,,,,224.5,sportsbook_NBA_merged.csv
440,5.4,-105,1.95,11.5,Golden State Warriors,-105,1.95,-115,1.87,2026_03_29,976eb35602aca3acd738ec2621478695,22:10,-588,1.17,-115,1.87,-11.5,Denver Nuggets,NBA,nba,2026-03-29T09:38:16Z,sportsbook_NBA_merged.csv,,,,239.5,sportsbook_NBA_merged.csv
