game_id,take_bet,take_bet_prob,take_bet_edge_decimal,take_bet_edge_pct
2026_02_20_Sassuolo_Hellas Verona,draw,0.563,1.4248624136793435,0.7806876721835321
2026_02_20_Athletic Club_Elche,draw,0.724,2.416320474777448,1.6285999999999996
2026_02_20_Mainz 05_Hamburger SV,draw,0.49,1.1123539399611069,0.5459014505884674
