game_id,take_bet,take_bet_prob,take_bet_edge_decimal,take_bet_edge_pct
2026_02_23_Everton_Manchester United,draw,0.299,0.6535514288893309,0.2044617375659017
2026_02_23_Fiorentina_Pisa,draw,0.716,2.3117316455121437,1.6073020297629452
2026_02_23_Bologna_Udinese,draw,0.602,1.646143539893718,0.9661280620968716
2026_02_23_Alaves_Girona,draw,0.442,0.7141447705658313,0.3124190724635731
