game_id,take_bet,take_bet_prob,take_bet_edge_decimal,take_bet_edge_pct
2026_02_23_Everton_Manchester United,home,0.299,0.3035514288893308,0.0949652159690015
2026_02_23_Alaves_Girona,away,0.285,0.1005129430615547,0.0300084584155484
2026_02_23_Fiorentina_Pisa,home,0.716,0.1677922515727492,0.1166626874944329
2026_02_23_Bologna_Udinese,home,0.602,0.1294768732270512,0.0759904817445566
