game_id,take_bet,take_bet_prob,take_bet_edge_decimal,take_bet_edge_pct
2026_02_22_FC Heidenheim_VfB Stuttgart,away,0.599,-0.0441030307369736,-0.0257796422299897
2026_02_22_Celta Vigo_Mallorca,away,0.21,0.2267913598152535,0.0506999288559648
2026_02_22_Villarreal_Valencia,home,0.638,0.0807914416152268,0.04945927449329
2026_02_22_Strasbourg_Lyon,draw,0.268,0.0738766545110842,0.0209512394413533
2026_02_22_Roma_Cremonese,home,0.8,0.036943540964285,0.0284972476501637
