date,game_id,market,side,dk_american,dk_decimal,fair_decimal,juiced_decimal,juiced_prob,normalized_prob,status
2026_03_26,3954fca33e068341fbcf893afefbc2e6,run_line,home,-126.0,1.7936507936507935,,,0.6403547029712492,0.6350205305149238,juiced
2026_03_26,3954fca33e068341fbcf893afefbc2e6,run_line,away,104.0,2.04,,,0.36804529702875083,0.3649794694850762,juiced
2026_03_26,4de2590a17bdf6f8b4a906f4c63162c0,run_line,home,-102.0,1.9803921568627447,,,0.7092407382852275,0.7006230744692556,juiced
2026_03_26,4de2590a17bdf6f8b4a906f4c63162c0,run_line,away,-117.0,1.8547008547008548,,,0.30305926171477243,0.2993769255307443,juiced
2026_03_26,5c8789e78ef558dfaf6b887deacec21c,run_line,home,123.0,2.23,,,0.4989914742774381,0.49527689754584425,juiced
2026_03_26,5c8789e78ef558dfaf6b887deacec21c,run_line,away,-149.0,1.6711409395973154,,,0.5085085257225619,0.5047231024541556,juiced
2026_03_26,7dc467f8d7fca948c9e9ca103825d968,run_line,home,-212.0,1.4716981132075473,,,0.8209788149646283,0.8117251482743014,juiced
2026_03_26,7dc467f8d7fca948c9e9ca103825d968,run_line,away,173.0,2.73,,,0.1904211850353716,0.18827485172569866,juiced
2026_03_26,938a5275d47936ba93f9663f6415f344,run_line,home,108.0,2.08,,,0.485677650500683,0.48177527080714516,juiced
2026_03_26,938a5275d47936ba93f9663f6415f344,run_line,away,-131.0,1.763358778625954,,,0.522422349499317,0.5182247291928549,juiced
2026_03_26,a6a0dde319f89b70eb1cf1e004b81fe6,run_line,home,-131.0,1.763358778625954,,,0.6179904569985375,0.6097587143547484,juiced
2026_03_26,a6a0dde319f89b70eb1cf1e004b81fe6,run_line,away,108.0,2.08,,,0.3955095430014625,0.39024128564525157,juiced
2026_03_26,ac57f6f9aed299cfeb9551b910fa7248,run_line,home,139.0,2.39,,,0.3551855831141161,0.3495233055639796,juiced
2026_03_26,ac57f6f9aed299cfeb9551b910fa7248,run_line,away,-166.0,1.6024096385542168,,,0.6610144168858839,0.6504766944360204,juiced
2026_03_26,afb66747c7f054c593a2674b7b304b4e,run_line,home,112.0,2.12,,,0.5959528054469454,0.5945259431833055,juiced
2026_03_26,afb66747c7f054c593a2674b7b304b4e,run_line,away,-135.0,1.7407407407407407,,,0.4064471945530545,0.40547405681669446,juiced
2026_03_26,c52d19ac74eb2f89bfb7bc284970d655,run_line,home,158.0,2.58,,,0.4338739051657223,0.4291107755570392,juiced
2026_03_26,c52d19ac74eb2f89bfb7bc284970d655,run_line,away,-192.0,1.5208333333333337,,,0.5772260948342777,0.5708892244429609,juiced
2026_03_26,cfdeb0596b2f626db8901c8a4dc5ea7c,run_line,home,-163.0,1.6134969325153374,,,0.6558040512065296,0.6486045408036096,juiced
2026_03_26,cfdeb0596b2f626db8901c8a4dc5ea7c,run_line,away,135.0,2.35,,,0.3552959487934704,0.3513954591963905,juiced
2026_03_26,ded68cb95818777b5dd185d53a79acff,run_line,home,-156.0,1.641025641025641,,,0.7111365936914175,0.7098588477654396,juiced
2026_03_26,ded68cb95818777b5dd185d53a79acff,run_line,away,129.0,2.29,,,0.2906634063085825,0.2901411522345603,juiced
2026_03_27,3a7909f4e2e9f0bedff35e657a6b5cbe,run_line,home,129.0,2.29,,,0.3422648339955832,0.3394137584248148,juiced
2026_03_27,3a7909f4e2e9f0bedff35e657a6b5cbe,run_line,away,-156.0,1.641025641025641,,,0.6661351660044168,0.6605862415751853,juiced
2026_03_27,45eec2b395c23c0449b2d9ee928b3f8d,run_line,home,108.0,2.08,,,0.3705160788966494,0.3675390128922224,juiced
2026_03_27,45eec2b395c23c0449b2d9ee928b3f8d,run_line,away,-131.0,1.763358778625954,,,0.6375839211033506,0.6324609871077777,juiced
2026_03_27,487285d7a2811bab184f43dff7b4f563,run_line,home,-163.0,1.6134969325153374,,,0.7187099259277078,0.7108198258606546,juiced
2026_03_27,487285d7a2811bab184f43dff7b4f563,run_line,away,135.0,2.35,,,0.2923900740722922,0.28918017413934555,juiced
2026_03_27,5a803a22e56c7ecf1ff614f2cd9124c3,run_line,home,-200.0,1.5,,,0.6782250170453024,0.6705804004798323,juiced
2026_03_27,5a803a22e56c7ecf1ff614f2cd9124c3,run_line,away,166.0,2.66,,,0.3331749829546976,0.3294195995201677,juiced
2026_03_27,88ab453feed0e220f331817b3aec9b00,run_line,home,152.0,2.52,,,0.458813084795279,0.45771456982769254,juiced
2026_03_27,88ab453feed0e220f331817b3aec9b00,run_line,away,-185.0,1.5405405405405406,,,0.543586915204721,0.5422854301723075,juiced
2026_03_27,964bf73d6e6a9d5e87ffb96d1703af2e,run_line,home,-112.0,1.8928571428571428,,,0.51202517454112,0.5062538803056357,juiced
2026_03_27,964bf73d6e6a9d5e87ffb96d1703af2e,run_line,away,-107.0,1.9345794392523368,,,0.49937482545888007,0.49374611969436427,juiced
2026_03_27,dc68cc35f657fa8af1c2f9310055cb33,run_line,home,129.0,2.29,,,0.4480681969605358,0.4443357764384528,juiced
2026_03_27,dc68cc35f657fa8af1c2f9310055cb33,run_line,away,-156.0,1.641025641025641,,,0.5603318030394642,0.5556642235615472,juiced
2026_03_27,f827191f31f31298e4dd836d72eabdbc,run_line,home,112.0,2.12,,,0.4291301536442511,0.4281027071470981,juiced
2026_03_27,f827191f31f31298e4dd836d72eabdbc,run_line,away,-135.0,1.7407407407407407,,,0.5732698463557488,0.5718972928529019,juiced
2026_03_28,0b1c8f9394e800658a0fd429a8685edd,run_line,home,-175.0,1.5714285714285714,,,0.6623264747085016,0.6641195976220813,juiced
2026_03_28,0b1c8f9394e800658a0fd429a8685edd,run_line,away,144.0,2.44,,,0.3349735252914984,0.3358804023779188,juiced
2026_03_28,16b3a35b258eb3bcae569dd205bfd706,run_line,home,119.0,2.19,,,0.415405271086709,0.41403894257620755,juiced
2026_03_28,16b3a35b258eb3bcae569dd205bfd706,run_line,away,-142.0,1.704225352112676,,,0.587894728913291,0.5859610574237926,juiced
2026_03_28,1a825b96d509d162a93aedec56ed8927,run_line,home,119.0,2.19,,,0.4806891330403542,0.47910807638827296,juiced
2026_03_28,1a825b96d509d162a93aedec56ed8927,run_line,away,-142.0,1.704225352112676,,,0.5226108669596458,0.5208919236117271,juiced
2026_03_28,2262e13c280ca7610f5186dd2c77b23d,run_line,home,141.0,2.41,,,0.4466845352076144,0.4453484897383992,juiced
2026_03_28,2262e13c280ca7610f5186dd2c77b23d,run_line,away,-172.0,1.5813953488372094,,,0.5563154647923856,0.5546515102616008,juiced
2026_03_28,2676d7ac3c89974581ba5cd216b0424f,run_line,home,108.0,2.08,,,0.5051755303121673,0.5011164867693357,juiced
2026_03_28,2676d7ac3c89974581ba5cd216b0424f,run_line,away,-131.0,1.763358778625954,,,0.5029244696878327,0.49888351323066427,juiced
2026_03_28,4e515c128a5ccbd9a666705e73a055ea,run_line,home,-126.0,1.7936507936507935,,,0.638953494495462,0.633630994144647,juiced
2026_03_28,4e515c128a5ccbd9a666705e73a055ea,run_line,away,104.0,2.04,,,0.369446505504538,0.36636900585535304,juiced
2026_03_28,7055a07016cd9cb5636dd11078ce1667,run_line,home,-185.0,1.5405405405405406,,,0.6855231202365093,0.6822483282608572,juiced
2026_03_28,7055a07016cd9cb5636dd11078ce1667,run_line,away,152.0,2.52,,,0.3192768797634907,0.3177516717391428,juiced
2026_03_28,70e647daf98ec717652b7a06c7a93e6e,run_line,home,-117.0,1.8547008547008548,,,0.49900702631653837,0.4933824662018374,juiced
2026_03_28,70e647daf98ec717652b7a06c7a93e6e,run_line,away,-102.0,1.9803921568627447,,,0.5123929736834616,0.5066175337981625,juiced
2026_03_28,83fb92be857af525695a1086c6d0eaaf,run_line,home,-196.0,1.510204081632653,,,0.7793781936375712,0.7705934285520777,juiced
2026_03_28,83fb92be857af525695a1086c6d0eaaf,run_line,away,160.0,2.6,,,0.2320218063624287,0.22940657144792242,juiced
2026_03_28,93188dfe3185656f40aad93e25a4bead,run_line,home,123.0,2.23,,,0.484562148146277,0.4809549857531285,juiced
2026_03_28,93188dfe3185656f40aad93e25a4bead,run_line,away,-149.0,1.6711409395973154,,,0.522937851853723,0.5190450142468714,juiced
2026_03_28,9f95aca01eff5725132691732b38a03e,run_line,home,-112.0,1.8928571428571428,,,0.6262057909519783,0.6191475093454402,juiced
2026_03_28,9f95aca01eff5725132691732b38a03e,run_line,away,-107.0,1.9345794392523368,,,0.38519420904802176,0.3808524906545597,juiced
2026_03_28,c016bc529dccaa041545262bfb133323,run_line,home,119.0,2.19,,,0.49933818282662,0.4976957867304097,juiced
2026_03_28,c016bc529dccaa041545262bfb133323,run_line,away,-142.0,1.704225352112676,,,0.50396181717338,0.5023042132695904,juiced
2026_03_28,e0d4956a76de96648305fd7ef0d96800,run_line,home,139.0,2.39,,,0.3987776748047157,0.39242046329926755,juiced
2026_03_28,e0d4956a76de96648305fd7ef0d96800,run_line,away,-166.0,1.6024096385542168,,,0.6174223251952843,0.6075795367007324,juiced
2026_03_28,e4be161112d6550a383416acab9cc6cb,run_line,home,-156.0,1.641025641025641,,,0.6562923651907442,0.6551131615000441,juiced
2026_03_28,e4be161112d6550a383416acab9cc6cb,run_line,away,129.0,2.29,,,0.34550763480925584,0.3448868384999559,juiced
2026_03_28,e5bb185ad50b6e624fefc0480aed9633,run_line,home,141.0,2.41,,,0.4589750342250558,0.45760222754242846,juiced
2026_03_28,e5bb185ad50b6e624fefc0480aed9633,run_line,away,-172.0,1.5813953488372094,,,0.5440249657749442,0.5423977724575714,juiced
2026_03_29,1cc0a701f7797bb7a857a7b86d813bc3,run_line,home,-121.0,1.8264462809917357,,,0.557701859656145,0.5530561876796362,juiced
2026_03_29,1cc0a701f7797bb7a857a7b86d813bc3,run_line,away,102.0,2.02,,,0.4506981403438549,0.4469438123203639,juiced
2026_03_29,24c5b56e3ca8ad6f391c82da33200b32,run_line,home,123.0,2.23,,,0.5023374440173345,0.49859795932241646,juiced
2026_03_29,24c5b56e3ca8ad6f391c82da33200b32,run_line,away,-149.0,1.6711409395973154,,,0.5051625559826655,0.5014020406775836,juiced
2026_03_29,285b503fee35b6ef594efb5a51af4852,run_line,home,144.0,2.44,,,0.3772754140707056,0.3761469731512519,juiced
2026_03_29,285b503fee35b6ef594efb5a51af4852,run_line,away,-175.0,1.5714285714285714,,,0.6257245859292944,0.6238530268487482,juiced
2026_03_29,691a2e76d0dd8b75857aa006417cd71f,run_line,home,135.0,2.35,,,0.3894807472751527,0.3832717450060546,juiced
2026_03_29,691a2e76d0dd8b75857aa006417cd71f,run_line,away,-163.0,1.6134969325153374,,,0.6267192527248473,0.6167282549939453,juiced
2026_03_29,7082df2b4cf69fb66b014bcf17e6e2d4,run_line,home,-181.0,1.5524861878453038,,,0.7285815980036332,0.7305540940575888,juiced
2026_03_29,7082df2b4cf69fb66b014bcf17e6e2d4,run_line,away,149.0,2.49,,,0.26871840199636676,0.2694459059424113,juiced
2026_03_29,844d46d06a891478c7e9933444ef67f7,run_line,home,123.0,2.23,,,0.4764364337070103,0.47288976050323606,juiced
2026_03_29,844d46d06a891478c7e9933444ef67f7,run_line,away,-149.0,1.6711409395973154,,,0.5310635662929897,0.527110239496764,juiced
2026_03_29,8fe8daacad929f4573b3727c48c408a3,run_line,home,135.0,2.35,,,0.402468885549241,0.39605282970797184,juiced
2026_03_29,8fe8daacad929f4573b3727c48c408a3,run_line,away,-163.0,1.6134969325153374,,,0.613731114450759,0.6039471702920282,juiced
2026_03_29,b14a5b9c91da30ed32754a658ccd291a,run_line,home,-142.0,1.704225352112676,,,0.684711998356187,0.6790083283976468,juiced
2026_03_29,b14a5b9c91da30ed32754a658ccd291a,run_line,away,119.0,2.19,,,0.3236880016438129,0.32099167160235315,juiced
2026_03_29,cba87f51d6aaf782f15d618c9783d976,run_line,home,139.0,2.39,,,0.36293357242155216,0.3571477784112893,juiced
2026_03_29,cba87f51d6aaf782f15d618c9783d976,run_line,away,-166.0,1.6024096385542168,,,0.6532664275784478,0.6428522215887107,juiced
2026_03_29,d9fde1830516f8d110396de3488df17b,run_line,home,112.0,2.12,,,0.4211891585596963,0.420180724820128,juiced
2026_03_29,d9fde1830516f8d110396de3488df17b,run_line,away,-135.0,1.7407407407407407,,,0.5812108414403037,0.579819275179872,juiced
2026_03_29,dcc3bfcf77ed21831942e88a0c03ac20,run_line,home,119.0,2.19,,,0.5674745117174389,0.5656080052999491,juiced
2026_03_29,dcc3bfcf77ed21831942e88a0c03ac20,run_line,away,-142.0,1.704225352112676,,,0.435825488282561,0.4343919947000509,juiced
2026_03_29,efc716ec5ed02ff75164fec236e0d60b,run_line,home,119.0,2.19,,,0.4563424923735923,0.4548415153728618,juiced
2026_03_29,efc716ec5ed02ff75164fec236e0d60b,run_line,away,-142.0,1.704225352112676,,,0.5469575076264077,0.5451584846271381,juiced
2026_03_30,0ead2ddb81bd23c5cf3c8bf29237af4b,run_line,home,-126.0,1.7936507936507935,,,0.5484323212107175,0.543863864746844,juiced
2026_03_30,0ead2ddb81bd23c5cf3c8bf29237af4b,run_line,away,104.0,2.04,,,0.4599676787892825,0.45613613525315605,juiced
2026_03_30,1285603c30d60465769201640920f04e,run_line,home,119.0,2.19,,,0.483285531817971,0.48169593523170634,juiced
2026_03_30,1285603c30d60465769201640920f04e,run_line,away,-142.0,1.704225352112676,,,0.520014468182029,0.5183040647682936,juiced
2026_03_30,24e5dec72a26c2b5304dda6d4fc9b9d4,run_line,home,-181.0,1.5524861878453038,,,0.6908183432220573,0.6926886024486687,juiced
2026_03_30,24e5dec72a26c2b5304dda6d4fc9b9d4,run_line,away,149.0,2.49,,,0.3064816567779427,0.3073113975513313,juiced
2026_03_30,27331c71f78dcb268af96a5483952ca2,run_line,home,-181.0,1.5524861878453038,,,0.6347368337891178,0.6317046514620998,juiced
2026_03_30,27331c71f78dcb268af96a5483952ca2,run_line,away,150.0,2.5,,,0.3700631662108821,0.3682953485379002,juiced
2026_03_30,2f906e6f0a0b0f77103ad3de874d8d6c,run_line,home,-131.0,1.763358778625954,,,0.5342688772405588,0.5271523209082968,juiced
2026_03_30,2f906e6f0a0b0f77103ad3de874d8d6c,run_line,away,108.0,2.08,,,0.47923112275944113,0.4728476790917031,juiced
2026_03_30,302b4128aeb5c50b679d20539e8816c4,run_line,home,149.0,2.49,,,0.3533343728591713,0.3537588835193946,juiced
2026_03_30,302b4128aeb5c50b679d20539e8816c4,run_line,away,-181.0,1.5524861878453038,,,0.6454656271408287,0.6462411164806054,juiced
2026_03_30,4f499b3c97433774d26ebe998b1e9c54,run_line,home,104.0,2.04,,,0.5387806505463437,0.5338161602559632,juiced
2026_03_30,4f499b3c97433774d26ebe998b1e9c54,run_line,away,-126.0,1.7936507936507935,,,0.47051934945365625,0.46618383974403665,juiced
2026_03_30,640970e11703be5ad9c5087e476eecc7,run_line,home,-188.0,1.5319148936170213,,,0.7327037069420432,0.7292035299980526,juiced
2026_03_30,640970e11703be5ad9c5087e476eecc7,run_line,away,156.0,2.56,,,0.2720962930579567,0.27079647000194734,juiced
2026_03_30,7493ee494cdbb239513b5032bd1d2702,run_line,home,123.0,2.23,,,0.44545033621170477,0.4421343287461089,juiced
2026_03_30,7493ee494cdbb239513b5032bd1d2702,run_line,away,-149.0,1.6711409395973154,,,0.5620496637882952,0.557865671253891,juiced
2026_03_30,8cc66b3ce898ffcf08e40f6acbdb82d8,run_line,home,135.0,2.35,,,0.4017262803280476,0.395322062908923,juiced
2026_03_30,8cc66b3ce898ffcf08e40f6acbdb82d8,run_line,away,-163.0,1.6134969325153374,,,0.6144737196719524,0.604677937091077,juiced
2026_03_30,a263feaf763c1299324e6d7fc4f5f5c5,run_line,home,141.0,2.41,,,0.3594341405490255,0.3583590633589487,juiced
2026_03_30,a263feaf763c1299324e6d7fc4f5f5c5,run_line,away,-172.0,1.5813953488372094,,,0.6435658594509744,0.6416409366410514,juiced
2026_03_30,a482d9f2b799c59df8b639db5cce02e5,run_line,home,-166.0,1.6024096385542168,,,0.6511455450712454,0.6439971764130605,juiced
2026_03_30,a482d9f2b799c59df8b639db5cce02e5,run_line,away,139.0,2.39,,,0.35995445492875455,0.3560028235869396,juiced
2026_03_30,b780a77331a7f24c19a612abf1b71f30,run_line,home,159.0,2.59,,,0.3911286589175521,0.3868347927183782,juiced
2026_03_30,b780a77331a7f24c19a612abf1b71f30,run_line,away,-192.0,1.5208333333333337,,,0.6199713410824478,0.6131652072816218,juiced
2026_03_30,b9044eb7a2798e7b9c463104de35f476,run_line,home,-185.0,1.5405405405405406,,,0.7473224147325537,0.7437524031972071,juiced
2026_03_30,b9044eb7a2798e7b9c463104de35f476,run_line,away,152.0,2.52,,,0.2574775852674463,0.2562475968027929,juiced
2026_03_30,cb56684da584f70f8c48dec3ad5bdb7c,run_line,home,112.0,2.12,,,0.4700648862541412,0.4689394316182574,juiced
2026_03_30,cb56684da584f70f8c48dec3ad5bdb7c,run_line,away,-135.0,1.7407407407407407,,,0.5323351137458587,0.5310605683817425,juiced
2026_03_31,023399264d3924b30aa040acd7837804,run_line,home,135.0,2.35,,,0.438312230850223,0.4313247695829787,juiced
2026_03_31,023399264d3924b30aa040acd7837804,run_line,away,-163.0,1.6134969325153374,,,0.577887769149777,0.5686752304170213,juiced
2026_03_31,293dc85524404aab44c5329de3f56664,run_line,home,-149.0,1.6711409395973154,,,0.7216226408622773,0.7158244627142916,juiced
2026_03_31,293dc85524404aab44c5329de3f56664,run_line,away,123.0,2.23,,,0.2864773591377226,0.2841755372857084,juiced
2026_03_31,3606100715aa7a59a44cebf83296c1ee,run_line,home,-112.0,1.8928571428571428,,,0.5078222757537058,0.5020983545122659,juiced
2026_03_31,3606100715aa7a59a44cebf83296c1ee,run_line,away,-107.0,1.9345794392523368,,,0.5035777242462943,0.49790164548773413,juiced
2026_03_31,445445096cf76e57c1a9dee969e15995,run_line,home,-166.0,1.6024096385542168,,,0.7837858213129982,0.7751813087854793,juiced
2026_03_31,445445096cf76e57c1a9dee969e15995,run_line,away,139.0,2.39,,,0.2273141786870018,0.22481869121452058,juiced
2026_03_31,484bcc5bc25e0e38e25dcac48903ccea,run_line,home,112.0,2.12,,,0.5328852782905226,0.5316094156928597,juiced
2026_03_31,484bcc5bc25e0e38e25dcac48903ccea,run_line,away,-135.0,1.7407407407407407,,,0.4695147217094774,0.46839058430714026,juiced
2026_03_31,4f785ad4f8847d0e028769afc44d9942,run_line,home,144.0,2.44,,,0.4297902277950149,0.4285047136540528,juiced
2026_03_31,4f785ad4f8847d0e028769afc44d9942,run_line,away,-175.0,1.5714285714285714,,,0.573209772204985,0.5714952863459473,juiced
2026_03_31,522613bca37febfdc7fe1b1b858dea09,run_line,home,152.0,2.52,,,0.35472226152861,0.35387296640922783,juiced
2026_03_31,522613bca37febfdc7fe1b1b858dea09,run_line,away,-185.0,1.5405405405405406,,,0.64767773847139,0.6461270335907722,juiced
2026_03_31,5fa4f7bd1d1be2a30a40c0d7f653d9ff,run_line,home,144.0,2.44,,,0.3930681642689311,0.3918924868085055,juiced
2026_03_31,5fa4f7bd1d1be2a30a40c0d7f653d9ff,run_line,away,-175.0,1.5714285714285714,,,0.6099318357310689,0.6081075131914944,juiced
2026_03_31,85518e9fa7d88ada5c7ef6acc3fb06fc,run_line,home,-181.0,1.5524861878453038,,,0.653998963680227,0.6557695414421209,juiced
2026_03_31,85518e9fa7d88ada5c7ef6acc3fb06fc,run_line,away,149.0,2.49,,,0.3433010363197729,0.3442304585578792,juiced
2026_03_31,8d928227a51e9c7b63c36bcf0a8083f0,run_line,home,-185.0,1.5405405405405406,,,0.7324376657653083,0.7289387597186588,juiced
2026_03_31,8d928227a51e9c7b63c36bcf0a8083f0,run_line,away,152.0,2.52,,,0.2723623342346916,0.27106124028134115,juiced
2026_03_31,a7ee9fc9ac1db47a494d6c4c39dfc4de,run_line,home,-163.0,1.6134969325153374,,,0.7156796083815232,0.7078227755726667,juiced
2026_03_31,a7ee9fc9ac1db47a494d6c4c39dfc4de,run_line,away,135.0,2.35,,,0.2954203916184768,0.2921772244273334,juiced
2026_03_31,b294b3f2eb02e42a436d439795c7f125,run_line,home,-117.0,1.8547008547008548,,,0.5273086007227085,0.5213650392749737,juiced
2026_03_31,b294b3f2eb02e42a436d439795c7f125,run_line,away,-102.0,1.9803921568627447,,,0.4840913992772915,0.47863496072502615,juiced
2026_03_31,b724336c8a25a94c67ba0d63ea2c98a0,run_line,home,-126.0,1.7936507936507935,,,0.5068155682534639,0.5025937804972866,juiced
2026_03_31,b724336c8a25a94c67ba0d63ea2c98a0,run_line,away,104.0,2.04,,,0.5015844317465361,0.49740621950271335,juiced
2026_03_31,c49833eafa15bdd83a074d3229783d86,run_line,home,139.0,2.39,,,0.4207731093032235,0.41406525221730317,juiced
2026_03_31,c49833eafa15bdd83a074d3229783d86,run_line,away,-166.0,1.6024096385542168,,,0.5954268906967765,0.5859347477826967,juiced
2026_04_01,03100440c2d895c0a6ffd0e94af916a9,run_line,home,-126.0,1.7936507936507935,,,0.548014758565987,0.5434497804105385,juiced
2026_04_01,03100440c2d895c0a6ffd0e94af916a9,run_line,away,104.0,2.04,,,0.460385241434013,0.4565502195894615,juiced
2026_04_01,0ab4430c93f4388372c2e69d5d140069,run_line,home,-120.0,1.8333333333333333,,,0.7307846217392752,0.7249128278338212,juiced
2026_04_01,0ab4430c93f4388372c2e69d5d140069,run_line,away,100.0,2.0,,,0.27731537826072483,0.2750871721661788,juiced
2026_04_01,24f243aa4931d665a39634650fab8767,run_line,home,-131.0,1.763358778625954,,,0.5260348352311476,0.5190279578008362,juiced
2026_04_01,24f243aa4931d665a39634650fab8767,run_line,away,108.0,2.08,,,0.48746516476885243,0.4809720421991637,juiced
2026_04_01,25b209388bb30aa144af568ffd0b3921,run_line,home,-192.0,1.5208333333333337,,,0.7599862589164962,0.7550032375486749,juiced
2026_04_01,25b209388bb30aa144af568ffd0b3921,run_line,away,158.0,2.58,,,0.24661374108350378,0.24499676245132507,juiced
2026_04_01,321f53de67eea12b85a524534e30a5ba,run_line,home,141.0,2.41,,,0.4029308405764047,0.4017256635856477,juiced
2026_04_01,321f53de67eea12b85a524534e30a5ba,run_line,away,-172.0,1.5813953488372094,,,0.6000691594235953,0.5982743364143521,juiced
2026_04_01,4dabf3c25d679f972f575c9dfd6f7c94,run_line,home,-175.0,1.5714285714285714,,,0.7621553757936299,0.7642187664630803,juiced
2026_04_01,4dabf3c25d679f972f575c9dfd6f7c94,run_line,away,144.0,2.44,,,0.23514462420637,0.2357812335369197,juiced
2026_04_01,53d62d8a9267d511ebf7cd7fa665db9e,run_line,home,-121.0,1.8264462809917357,,,0.5572220185936195,0.5525803437064851,juiced
2026_04_01,53d62d8a9267d511ebf7cd7fa665db9e,run_line,away,102.0,2.02,,,0.4511779814063805,0.447419656293515,juiced
2026_04_01,5fe99c93584b4bf570646386c809ec41,run_line,home,158.0,2.58,,,0.4406012543726136,0.4357642709649032,juiced
2026_04_01,5fe99c93584b4bf570646386c809ec41,run_line,away,-192.0,1.5208333333333337,,,0.5704987456273863,0.5642357290350968,juiced
2026_04_01,6942f51396ca14022ebe5ceba3757999,run_line,home,100.0,2.0,,,0.5130489498791776,0.5039773574451646,juiced
2026_04_01,6942f51396ca14022ebe5ceba3757999,run_line,away,-120.0,1.8333333333333333,,,0.5049510501208224,0.49602264255483536,juiced
2026_04_01,6adbbe821c88271b3ccca51eb9d54dee,run_line,home,152.0,2.52,,,0.3935223704544965,0.39258017802723116,juiced
2026_04_01,6adbbe821c88271b3ccca51eb9d54dee,run_line,away,-185.0,1.5405405405405406,,,0.6088776295455035,0.6074198219727689,juiced
2026_04_01,6e5e041ab28b3e4d10c68fb1fdd50a89,run_line,home,141.0,2.41,,,0.445889293458608,0.44455562657887143,juiced
2026_04_01,6e5e041ab28b3e4d10c68fb1fdd50a89,run_line,away,-172.0,1.5813953488372094,,,0.5571107065413919,0.5554443734211286,juiced
2026_04_01,7d8eb7e9ca4020fe2b949197c47e54a4,run_line,home,-142.0,1.704225352112676,,,0.5686494023443524,0.5639125370332729,juiced
2026_04_01,7d8eb7e9ca4020fe2b949197c47e54a4,run_line,away,119.0,2.19,,,0.43975059765564756,0.43608746296672707,juiced
2026_04_01,bdae690ae030bd8c713b1b5a3f21cfee,run_line,home,-117.0,1.8547008547008548,,,0.5567265138613409,0.550451368263141,juiced
2026_04_01,bdae690ae030bd8c713b1b5a3f21cfee,run_line,away,-102.0,1.9803921568627447,,,0.4546734861386591,0.4495486317368589,juiced
2026_04_01,cc33d68ceec04cd9b09a8c631d7574a0,run_line,home,-163.0,1.6134969325153374,,,0.7715387331426887,0.7630686708957458,juiced
2026_04_01,cc33d68ceec04cd9b09a8c631d7574a0,run_line,away,135.0,2.35,,,0.2395612668573113,0.23693132910425405,juiced
2026_04_01,fd93ab95f0912b81f977d64ebcc5df42,run_line,home,-120.0,1.8333333333333333,,,0.5937319035517754,0.5889613168850069,juiced
2026_04_01,fd93ab95f0912b81f977d64ebcc5df42,run_line,away,100.0,2.0,,,0.41436809644822464,0.4110386831149932,juiced
2026_04_02,b69acd5d2b74c9782f22bd2463df8371,run_line,home,129.0,2.29,,,0.4805053186609029,0.4765026960143821,juiced
2026_04_02,b69acd5d2b74c9782f22bd2463df8371,run_line,away,-156.0,1.641025641025641,,,0.5278946813390971,0.5234973039856179,juiced
2026_04_02,c7e9785b27cff0b87f132c7c63daea75,run_line,home,-163.0,1.6134969325153374,,,0.663385200817653,0.6561024634731016,juiced
2026_04_02,c7e9785b27cff0b87f132c7c63daea75,run_line,away,135.0,2.35,,,0.34771479918234705,0.34389753652689853,juiced
2026_04_02,e55dd97cbbe9b080f6059d380832d84f,run_line,home,-156.0,1.641025641025641,,,0.6690367360837212,0.6678346337429838,juiced
2026_04_02,e55dd97cbbe9b080f6059d380832d84f,run_line,away,129.0,2.29,,,0.3327632639162788,0.33216536625701615,juiced
2026_04_03,02a4ac33822ef29632a98a54a26c6e72,run_line,home,-181.0,1.5524861878453038,,,0.6767944455924221,0.673561351107108,juiced
2026_04_03,02a4ac33822ef29632a98a54a26c6e72,run_line,away,150.0,2.5,,,0.3280055544075779,0.32643864889289204,juiced
2026_04_03,0f9bae674791b2ef6540b6c885ca8d67,run_line,home,141.0,2.41,,,0.455073401431576,0.45371226463766307,juiced
2026_04_03,0f9bae674791b2ef6540b6c885ca8d67,run_line,away,-172.0,1.5813953488372094,,,0.547926598568424,0.546287735362337,juiced
2026_04_03,14327f7727c0e0583fd6784561320578,run_line,home,119.0,2.19,,,0.4494046784032119,0.4479265208842937,juiced
2026_04_03,14327f7727c0e0583fd6784561320578,run_line,away,-142.0,1.704225352112676,,,0.5538953215967881,0.5520734791157063,juiced
2026_04_03,292a9ce022187e0a27729ba402751e8c,run_line,home,-192.0,1.5208333333333337,,,0.7114311640720177,0.7067665051381062,juiced
2026_04_03,292a9ce022187e0a27729ba402751e8c,run_line,away,158.0,2.58,,,0.2951688359279823,0.2932334948618938,juiced
2026_04_03,2bb9ef2181cdb59b76492b604e5256d6,run_line,home,119.0,2.19,,,0.4420629309614361,0.4406089215204188,juiced
2026_04_03,2bb9ef2181cdb59b76492b604e5256d6,run_line,away,-142.0,1.704225352112676,,,0.5612370690385639,0.5593910784795814,juiced
2026_04_03,453461c70d67fa8012419eeefc30e149,run_line,home,-156.0,1.641025641025641,,,0.6047731494686679,0.6036865137439288,juiced
2026_04_03,453461c70d67fa8012419eeefc30e149,run_line,away,129.0,2.29,,,0.39702685053133213,0.3963134862560712,juiced
2026_04_03,79116c311ac42e78eb951ee46440d09f,run_line,home,-163.0,1.6134969325153374,,,0.6731407632443168,0.6657509279441369,juiced
2026_04_03,79116c311ac42e78eb951ee46440d09f,run_line,away,135.0,2.35,,,0.3379592367556832,0.33424907205586313,juiced
2026_04_03,86847e700f1f4f34225dc6187f7c1257,run_line,home,102.0,2.02,,,0.5746968485446317,0.5694014153815831,juiced
2026_04_03,86847e700f1f4f34225dc6187f7c1257,run_line,away,-121.0,1.8264462809917357,,,0.43460315145536826,0.43059858461841705,juiced
2026_04_03,8f72c90df46c96451049020f8482d5c7,run_line,home,129.0,2.29,,,0.4177924048792478,0.41431218254586255,juiced
2026_04_03,8f72c90df46c96451049020f8482d5c7,run_line,away,-156.0,1.641025641025641,,,0.5906075951207522,0.5856878174541374,juiced
2026_04_03,9c1e11abdcd795ef8ff437128ea5e829,run_line,home,-181.0,1.5524861878453038,,,0.6450074654402272,0.6467537004313921,juiced
2026_04_03,9c1e11abdcd795ef8ff437128ea5e829,run_line,away,149.0,2.49,,,0.35229253455977266,0.353246299568608,juiced
2026_04_03,c423735bd4d51edf6fe4efc260f2eb08,run_line,home,-156.0,1.641025641025641,,,0.7373792959692566,0.7360543980527615,juiced
2026_04_03,c423735bd4d51edf6fe4efc260f2eb08,run_line,away,129.0,2.29,,,0.2644207040307434,0.2639456019472384,juiced
2026_04_03,c58c47a59e543a1a6aa0202a6ca69a25,run_line,home,-126.0,1.7936507936507935,,,0.4420061183605503,0.4383241951215295,juiced
2026_04_03,c58c47a59e543a1a6aa0202a6ca69a25,run_line,away,104.0,2.04,,,0.5663938816394496,0.5616758048784705,juiced
2026_04_03,d9a1b05c6ab0703ea7c26b6fc732451f,run_line,home,-156.0,1.641025641025641,,,0.6041803614357192,0.6030947908122571,juiced
2026_04_03,d9a1b05c6ab0703ea7c26b6fc732451f,run_line,away,129.0,2.29,,,0.3976196385642808,0.39690520918774286,juiced
2026_04_03,dcf384a7692bd7df83a96e49919f2dc0,run_line,home,108.0,2.08,,,0.5931238826147103,0.5883581813458092,juiced
2026_04_03,dcf384a7692bd7df83a96e49919f2dc0,run_line,away,-131.0,1.763358778625954,,,0.4149761173852897,0.4116418186541908,juiced
2026_04_04,2c78d22f888a922842d18ab0938e9db4,run_line,home,129.0,2.29,,,0.5482331967616458,0.5436663990099622,juiced
2026_04_04,2c78d22f888a922842d18ab0938e9db4,run_line,away,-156.0,1.641025641025641,,,0.46016680323835424,0.45633360099003795,juiced
2026_04_04,2f55ab2592008c576ce6bba0557199d8,run_line,home,135.0,2.35,,,0.5191320138998232,0.5108561443611722,juiced
2026_04_04,2f55ab2592008c576ce6bba0557199d8,run_line,away,-163.0,1.6134969325153374,,,0.4970679861001767,0.48914385563882773,juiced
2026_04_04,312f9e53b1d64ed1a38adc48dd3b1ce7,run_line,home,-185.0,1.5405405405405406,,,0.7180010560233858,0.7145711146729556,juiced
2026_04_04,312f9e53b1d64ed1a38adc48dd3b1ce7,run_line,away,152.0,2.52,,,0.2867989439766141,0.2854288853270443,juiced
2026_04_04,376d4054f0497d9efc59db45c18f76ae,run_line,home,144.0,2.44,,,0.3764411596196664,0.37531521397773315,juiced
2026_04_04,376d4054f0497d9efc59db45c18f76ae,run_line,away,-175.0,1.5714285714285714,,,0.6265588403803336,0.6246847860222667,juiced
2026_04_04,415818bc74e8e550d87f1a25d6276e94,run_line,home,-166.0,1.6024096385542168,,,0.6667805953983067,0.6594605829278081,juiced
2026_04_04,415818bc74e8e550d87f1a25d6276e94,run_line,away,139.0,2.39,,,0.3443194046016933,0.340539417072192,juiced
2026_04_04,41fa4cec7f51caff22b1eab7e4523008,run_line,home,112.0,2.12,,,0.5521775726918293,0.550855519445161,juiced
2026_04_04,41fa4cec7f51caff22b1eab7e4523008,run_line,away,-135.0,1.7407407407407407,,,0.4502224273081706,0.44914448055483897,juiced
2026_04_04,489e828d67b83a0f938e9fc1910929af,run_line,home,-109.0,1.9174311926605505,,,0.5612280226550748,0.5550667813817376,juiced
2026_04_04,489e828d67b83a0f938e9fc1910929af,run_line,away,-109.0,1.9174311926605505,,,0.4498719773449252,0.4449332186182625,juiced
2026_04_04,a17bc682d534fc4be2a0873853346c69,run_line,home,-120.0,1.8333333333333333,,,0.5155826367654793,0.5114399729843064,juiced
2026_04_04,a17bc682d534fc4be2a0873853346c69,run_line,away,100.0,2.0,,,0.4925173632345207,0.4885600270156936,juiced
2026_04_04,aa08785add4f89977cb0595e43894b03,run_line,home,-185.0,1.5405405405405406,,,0.6646345192041289,0.661459513539141,juiced
2026_04_04,aa08785add4f89977cb0595e43894b03,run_line,away,152.0,2.52,,,0.3401654807958711,0.338540486460859,juiced
2026_04_04,b3e6bdc5fabee63ec7b5666bb48e3a9a,run_line,home,-188.0,1.5319148936170213,,,0.8005102702047378,0.7966861765572629,juiced
2026_04_04,b3e6bdc5fabee63ec7b5666bb48e3a9a,run_line,away,156.0,2.56,,,0.2042897297952622,0.20331382344273707,juiced
2026_04_04,b8f46c3336a07f5da37ff815cf155d69,run_line,home,141.0,2.41,,,0.3021367495191376,0.3012330503680335,juiced
2026_04_04,b8f46c3336a07f5da37ff815cf155d69,run_line,away,-172.0,1.5813953488372094,,,0.7008632504808624,0.6987669496319664,juiced
2026_04_04,bb76dc664e8c6ea5005c7c5328bb484f,run_line,home,-163.0,1.6134969325153374,,,0.6720075097763293,0.6646301154943421,juiced
2026_04_04,bb76dc664e8c6ea5005c7c5328bb484f,run_line,away,135.0,2.35,,,0.3390924902236707,0.33536988450565797,juiced
2026_04_04,cb5d17981ace91c9c0c11d20c49ea047,run_line,home,144.0,2.44,,,0.3988037903338536,0.39761095746146913,juiced
2026_04_04,cb5d17981ace91c9c0c11d20c49ea047,run_line,away,-175.0,1.5714285714285714,,,0.6041962096661464,0.6023890425385308,juiced
2026_04_04,da18e0cacf2048f6b3e14df98e9a184c,run_line,home,-181.0,1.5524861878453038,,,0.7413066095756018,0.7433135561772805,juiced
2026_04_04,da18e0cacf2048f6b3e14df98e9a184c,run_line,away,149.0,2.49,,,0.25599339042439817,0.25668644382271955,juiced
2026_04_04,fea2e77645688e161aa980c0b830c080,run_line,home,-172.0,1.5813953488372094,,,0.7125050745163948,0.7144340464417877,juiced
2026_04_04,fea2e77645688e161aa980c0b830c080,run_line,away,141.0,2.41,,,0.2847949254836052,0.28556595355821235,juiced
2026_04_05,11db8321335040098def7d046fc1e7fd,run_line,home,108.0,2.08,,,0.5183152678834055,0.5141506476375415,juiced
2026_04_05,11db8321335040098def7d046fc1e7fd,run_line,away,-131.0,1.763358778625954,,,0.4897847321165944,0.48584935236245846,juiced
2026_04_05,1c62c9b04fe7901aa7c4acfe7d37c949,run_line,home,144.0,2.44,,,0.4604569398849775,0.45907970078262955,juiced
2026_04_05,1c62c9b04fe7901aa7c4acfe7d37c949,run_line,away,-175.0,1.5714285714285714,,,0.5425430601150225,0.5409202992173704,juiced
2026_04_05,29fe747229e417a970662db96f7b507a,run_line,home,-149.0,1.6711409395973154,,,0.6359376849573876,0.6308279783328912,juiced
2026_04_05,29fe747229e417a970662db96f7b507a,run_line,away,123.0,2.23,,,0.37216231504261243,0.36917202166710883,juiced
2026_04_05,2b9ccede64dae0b4bcf9d3be43f46109,run_line,home,152.0,2.52,,,0.3518159508091635,0.3509736141352389,juiced
2026_04_05,2b9ccede64dae0b4bcf9d3be43f46109,run_line,away,-185.0,1.5405405405405406,,,0.6505840491908365,0.649026385864761,juiced
2026_04_05,318f813f9377b7ebede8b485f5ebef63,run_line,home,-131.0,1.763358778625954,,,0.5331568120601925,0.5260550686336384,juiced
2026_04_05,318f813f9377b7ebede8b485f5ebef63,run_line,away,108.0,2.08,,,0.4803431879398075,0.4739449313663616,juiced
2026_04_05,4c267806bb7b5fed26df010d063685b8,run_line,home,163.0,2.63,,,0.3697994893037867,0.36487369442899525,juiced
2026_04_05,4c267806bb7b5fed26df010d063685b8,run_line,away,-200.0,1.5,,,0.6437005106962133,0.6351263055710047,juiced
2026_04_05,6713ad4fbeae608d336734ee11015eb2,run_line,home,-166.0,1.6024096385542168,,,0.6092404841311875,0.6025521552083746,juiced
2026_04_05,6713ad4fbeae608d336734ee11015eb2,run_line,away,139.0,2.39,,,0.4018595158688125,0.39744784479162554,juiced
2026_04_05,6cfb88cfd2f02bcfc42f9513be8da728,run_line,home,-131.0,1.763358778625954,,,0.6480475826318229,0.6394154737363817,juiced
2026_04_05,6cfb88cfd2f02bcfc42f9513be8da728,run_line,away,108.0,2.08,,,0.365452417368177,0.36058452626361814,juiced
2026_04_05,6e92e4380327a4202b28a449cec82e36,run_line,home,163.0,2.63,,,0.3949440348555404,0.38968331016826874,juiced
2026_04_05,6e92e4380327a4202b28a449cec82e36,run_line,away,-200.0,1.5,,,0.6185559651444595,0.6103166898317312,juiced
2026_04_05,91cb43db006ffd2bfb2bb937ec974414,run_line,home,-102.0,1.9803921568627447,,,0.6094941227519359,0.6020884350014185,juiced
2026_04_05,91cb43db006ffd2bfb2bb937ec974414,run_line,away,-117.0,1.8547008547008548,,,0.402805877248064,0.39791156499858144,juiced
2026_04_05,a90501690931f0257555636a2bba3fbf,run_line,home,123.0,2.23,,,0.4941864189343768,0.49050761184553526,juiced
2026_04_05,a90501690931f0257555636a2bba3fbf,run_line,away,-149.0,1.6711409395973154,,,0.5133135810656232,0.5094923881544646,juiced
2026_04_05,ac0a6ca9e9cf87ea71536972e31230cc,run_line,home,-149.0,1.6711409395973154,,,0.7361447176444285,0.7302298558123484,juiced
2026_04_05,ac0a6ca9e9cf87ea71536972e31230cc,run_line,away,123.0,2.23,,,0.27195528235557154,0.26977014418765155,juiced
2026_04_05,b58a8d0376af31bc90316319ce719acf,run_line,home,-169.0,1.5917159763313609,,,0.696782752191676,0.6940758563519035,juiced
2026_04_05,b58a8d0376af31bc90316319ce719acf,run_line,away,140.0,2.4,,,0.307117247808324,0.30592414364809645,juiced
2026_04_05,e7c8fd226080f70fcf82e59c4705ede9,run_line,home,-178.0,1.5617977528089888,,,0.6960932725367962,0.6979778126308996,juiced
2026_04_05,e7c8fd226080f70fcf82e59c4705ede9,run_line,away,148.0,2.48,,,0.30120672746320376,0.30202218736910036,juiced
2026_04_05,f546541ad061224570d6c2508ff82661,run_line,home,-204.0,1.4901960784313726,,,0.6515826343353681,0.6442383175156892,juiced
2026_04_05,f546541ad061224570d6c2508ff82661,run_line,away,167.0,2.67,,,0.3598173656646319,0.3557616824843107,juiced
2026_04_05,f9328a738af71bb6fd039c0c537f6b09,run_line,home,-112.0,1.8928571428571428,,,0.5475913662570286,0.5414191875193085,juiced
2026_04_05,f9328a738af71bb6fd039c0c537f6b09,run_line,away,-107.0,1.9345794392523368,,,0.4638086337429714,0.45858081248069144,juiced
2026_04_06,0bbb2fe84dad148ca7acd671cfd4278a,run_line,home,-121.0,1.8264462809917357,,,0.5240470321445255,0.5196817058156739,juiced
2026_04_06,0bbb2fe84dad148ca7acd671cfd4278a,run_line,away,102.0,2.02,,,0.4843529678554745,0.48031829418432614,juiced
2026_04_06,48b9e30cc5595d9696cc12db0aef6114,run_line,home,-175.0,1.5714285714285714,,,0.6598562399104366,0.6616426751332967,juiced
2026_04_06,48b9e30cc5595d9696cc12db0aef6114,run_line,away,144.0,2.44,,,0.3374437600895633,0.33835732486670345,juiced
2026_04_06,5c34cdfbbae06991923848f910bcad7e,run_line,home,-135.0,1.7407407407407407,,,0.614782968174125,0.60911816920056,juiced
2026_04_06,5c34cdfbbae06991923848f910bcad7e,run_line,away,112.0,2.12,,,0.3945170318258749,0.39088183079944017,juiced
2026_04_06,6852a6697b356bb6e8a0216138056714,run_line,home,-172.0,1.5813953488372094,,,0.7347723890250983,0.7367616454678617,juiced
2026_04_06,6852a6697b356bb6e8a0216138056714,run_line,away,141.0,2.41,,,0.26252761097490157,0.2632383545321384,juiced
2026_04_06,71afed60c85a1e206512b59088d8479f,run_line,home,-204.0,1.4901960784313726,,,0.6725319885092089,0.6649515409424648,juiced
2026_04_06,71afed60c85a1e206512b59088d8479f,run_line,away,169.0,2.69,,,0.3388680114907911,0.33504845905753516,juiced
2026_04_06,7b162981e371aa40406814eda380bb75,run_line,home,-135.0,1.7407407407407407,,,0.5228230687254962,0.5180056164921195,juiced
2026_04_06,7b162981e371aa40406814eda380bb75,run_line,away,112.0,2.12,,,0.48647693127450375,0.48199438350788043,juiced
2026_04_06,8638889acbe04188b2fcf40386691db5,run_line,home,152.0,2.52,,,0.4199928358051769,0.4189872663658987,juiced
2026_04_06,8638889acbe04188b2fcf40386691db5,run_line,away,-185.0,1.5405405405405406,,,0.5824071641948231,0.5810127336341012,juiced
2026_04_06,9587d8ccb994fa95ccf0d6ea51bb3393,run_line,home,169.0,2.69,,,0.3054889944655258,0.30124148946408225,juiced
2026_04_06,9587d8ccb994fa95ccf0d6ea51bb3393,run_line,away,-208.0,1.4807692307692308,,,0.7086110055344742,0.6987585105359178,juiced
2026_04_06,990a59a7449ed13a05090cf52c0e8d90,run_line,home,-172.0,1.5813953488372094,,,0.7736735136519266,0.7757680874881447,juiced
2026_04_06,990a59a7449ed13a05090cf52c0e8d90,run_line,away,141.0,2.41,,,0.22362648634807328,0.2242319125118553,juiced
2026_04_06,b5ee5b660c88cd4cb3262b4b7e9f236f,run_line,home,159.0,2.59,,,0.35874869089132877,0.35481029659907903,juiced
2026_04_06,b5ee5b660c88cd4cb3262b4b7e9f236f,run_line,away,-192.0,1.5208333333333337,,,0.6523513091086711,0.645189703400921,juiced
2026_04_06,c9b16007bef6e68c3d559ee080921941,run_line,home,100.0,2.0,,,0.5985585945043397,0.587975043717426,juiced
2026_04_06,c9b16007bef6e68c3d559ee080921941,run_line,away,-120.0,1.8333333333333333,,,0.41944140549566034,0.412024956282574,juiced
2026_04_06,e7bc40f9611b8baa6328e83959820910,run_line,home,-196.0,1.510204081632653,,,0.755179624229527,0.7466676134363526,juiced
2026_04_06,e7bc40f9611b8baa6328e83959820910,run_line,away,162.0,2.62,,,0.256220375770473,0.2533323865636474,juiced
2026_04_06,e82a29b726b7958743405c67fec4b61a,run_line,home,-172.0,1.5813953488372094,,,0.6359350765875597,0.6376567498120522,juiced
2026_04_06,e82a29b726b7958743405c67fec4b61a,run_line,away,141.0,2.41,,,0.3613649234124403,0.3623432501879478,juiced
2026_04_07,102415b79cd3e2bf336ad8c7792ba6a2,run_line,home,102.0,2.02,,,0.5495950723963915,0.5445309347036476,juiced
2026_04_07,102415b79cd3e2bf336ad8c7792ba6a2,run_line,away,-121.0,1.8264462809917357,,,0.4597049276036085,0.4554690652963524,juiced
2026_04_07,180be1fd7e6956dee1a43586959cf909,run_line,home,-142.0,1.704225352112676,,,0.5216382127430882,0.5172929519467356,juiced
2026_04_07,180be1fd7e6956dee1a43586959cf909,run_line,away,119.0,2.19,,,0.48676178725691177,0.48270704805326436,juiced
2026_04_07,1a5f8eab5c69c278ea5154ff16256884,run_line,home,-135.0,1.7407407407407407,,,0.6079637436618186,0.6023617791160394,juiced
2026_04_07,1a5f8eab5c69c278ea5154ff16256884,run_line,away,112.0,2.12,,,0.4013362563381814,0.3976382208839605,juiced
2026_04_07,1f445ebef3c39eb365683bafea3e03b5,run_line,home,149.0,2.49,,,0.3656848886041881,0.36612423768941543,juiced
2026_04_07,1f445ebef3c39eb365683bafea3e03b5,run_line,away,-181.0,1.5524861878453038,,,0.6331151113958119,0.6338757623105846,juiced
2026_04_07,27c6eeeda2f37653edfab1288fc8d1db,run_line,home,-185.0,1.5405405405405406,,,0.6977722636522138,0.6944389566602447,juiced
2026_04_07,27c6eeeda2f37653edfab1288fc8d1db,run_line,away,152.0,2.52,,,0.3070277363477862,0.30556104333975537,juiced
2026_04_07,2f6016ab5acb82146f38a5f9453224fa,run_line,home,-149.0,1.6711409395973154,,,0.45851674918505747,0.45483260508387807,juiced
2026_04_07,2f6016ab5acb82146f38a5f9453224fa,run_line,away,123.0,2.23,,,0.5495832508149425,0.545167394916122,juiced
2026_04_07,34c5b69d9dd0d7d28dcc752eae1cf3ee,run_line,home,-166.0,1.6024096385542168,,,0.7530957306518856,0.7448281383165718,juiced
2026_04_07,34c5b69d9dd0d7d28dcc752eae1cf3ee,run_line,away,139.0,2.39,,,0.2580042693481144,0.25517186168342837,juiced
2026_04_07,60f04be9ddd5105e10aa2fb477a3258a,run_line,home,139.0,2.39,,,0.4914445398258976,0.48361005690405195,juiced
2026_04_07,60f04be9ddd5105e10aa2fb477a3258a,run_line,away,-166.0,1.6024096385542168,,,0.5247554601741024,0.516389943095948,juiced
2026_04_07,6884c2daf73ff285509cbbcc3d531c93,run_line,home,-131.0,1.763358778625954,,,0.553268206948199,0.5458985761699052,juiced
2026_04_07,6884c2daf73ff285509cbbcc3d531c93,run_line,away,108.0,2.08,,,0.460231793051801,0.4541014238300947,juiced
2026_04_07,737f5efdae425ee79614f3733ac854fc,run_line,home,144.0,2.44,,,0.3261438519503121,0.32516834690958335,juiced
2026_04_07,737f5efdae425ee79614f3733ac854fc,run_line,away,-175.0,1.5714285714285714,,,0.6768561480496879,0.6748316530904167,juiced
2026_04_07,96d192b9d73482f9d651313a2422fb78,run_line,home,-131.0,1.763358778625954,,,0.6166260986688211,0.6084125295202971,juiced
2026_04_07,96d192b9d73482f9d651313a2422fb78,run_line,away,108.0,2.08,,,0.3968739013311789,0.3915874704797029,juiced
2026_04_07,a028589ce492c9027a1dcaf75f436276,run_line,home,144.0,2.44,,,0.4097143382478623,0.4084888716329634,juiced
2026_04_07,a028589ce492c9027a1dcaf75f436276,run_line,away,-175.0,1.5714285714285714,,,0.5932856617521377,0.5915111283670366,juiced
2026_04_07,a8ff4cf1d716757bfb7db919dd280201,run_line,home,100.0,2.0,,,0.5997944184050812,0.589189016115011,juiced
2026_04_07,a8ff4cf1d716757bfb7db919dd280201,run_line,away,-120.0,1.8333333333333333,,,0.41820558159491883,0.41081098388498904,juiced
2026_04_07,cdbfd5e28cb2a7740714cfb069042ee5,run_line,home,-200.0,1.5,,,0.7391027123114113,0.7307719125088108,juiced
2026_04_07,cdbfd5e28cb2a7740714cfb069042ee5,run_line,away,165.0,2.65,,,0.27229728768858863,0.26922808749118904,juiced
2026_04_07,f30f9a55dc0c96a5bbfbcbd3e4f60344,run_line,home,159.0,2.59,,,0.235339614997998,0.23275602314113145,juiced
2026_04_07,f30f9a55dc0c96a5bbfbcbd3e4f60344,run_line,away,-192.0,1.5208333333333337,,,0.775760385002002,0.7672439768588686,juiced
2026_04_08,00d50aafe35c1d5cd48cc12b8dc26bbb,run_line,home,-109.0,1.9174311926605505,,,0.6070637338029103,0.6003993015556428,juiced
2026_04_08,00d50aafe35c1d5cd48cc12b8dc26bbb,run_line,away,-109.0,1.9174311926605505,,,0.4040362661970896,0.3996006984443573,juiced
2026_04_08,15b87c6f572dbd799229c124977cd9cc,run_line,home,-135.0,1.7407407407407407,,,0.5920486370682556,0.5865933191996984,juiced
2026_04_08,15b87c6f572dbd799229c124977cd9cc,run_line,away,112.0,2.12,,,0.41725136293174436,0.4134066808003015,juiced
2026_04_08,160de2c0d9ab7767e9268364d732e3a3,run_line,home,-166.0,1.6024096385542168,,,0.7122503187237709,0.704431133145852,juiced
2026_04_08,160de2c0d9ab7767e9268364d732e3a3,run_line,away,139.0,2.39,,,0.29884968127622913,0.2955688668541481,juiced
2026_04_08,2f7d7c64bfe4e6ab5864b9f70ae4ba1a,run_line,home,-181.0,1.5524861878453038,,,0.7024635295980348,0.7043653159511029,juiced
2026_04_08,2f7d7c64bfe4e6ab5864b9f70ae4ba1a,run_line,away,149.0,2.49,,,0.2948364704019651,0.29563468404889715,juiced
2026_04_08,3096b597fdfee7ae162b7e06d7b349db,run_line,home,-163.0,1.6134969325153374,,,0.6156748143734697,0.6089158484556125,juiced
2026_04_08,3096b597fdfee7ae162b7e06d7b349db,run_line,away,135.0,2.35,,,0.3954251856265303,0.39108415154438764,juiced
2026_04_08,3905b085d9465ee22fdad2d16362cd7a,run_line,home,-135.0,1.7407407407407407,,,0.6185516229201337,0.6128520984049676,juiced
2026_04_08,3905b085d9465ee22fdad2d16362cd7a,run_line,away,112.0,2.12,,,0.39074837707986626,0.3871479015950325,juiced
2026_04_08,4ef0a953d5a2ee85f161aca8c6c49b3c,run_line,home,163.0,2.63,,,0.2994103777323221,0.2954221783249355,juiced
2026_04_08,4ef0a953d5a2ee85f161aca8c6c49b3c,run_line,away,-200.0,1.5,,,0.7140896222676778,0.7045778216750646,juiced
2026_04_08,672bd33686c333c6153712db080ee8a9,run_line,home,-121.0,1.8264462809917357,,,0.584641319587512,0.5797712411617533,juiced
2026_04_08,672bd33686c333c6153712db080ee8a9,run_line,away,102.0,2.02,,,0.42375868041248804,0.4202287588382468,juiced
2026_04_08,74300b0d6c081e81f663475a7fbc6023,run_line,home,-149.0,1.6711409395973154,,,0.6878914072557648,0.6823642567758802,juiced
2026_04_08,74300b0d6c081e81f663475a7fbc6023,run_line,away,123.0,2.23,,,0.3202085927442352,0.3176357432241198,juiced
2026_04_08,9537056b3351f36946c499786e40cfa7,run_line,home,-156.0,1.641025641025641,,,0.6116461460261252,0.6105471611360802,juiced
2026_04_08,9537056b3351f36946c499786e40cfa7,run_line,away,129.0,2.29,,,0.3901538539738748,0.38945283886391974,juiced
2026_04_08,a6d31fb32b9a25db695c58e6621fcd41,run_line,home,144.0,2.44,,,0.3605045349951747,0.35942625622649527,juiced
2026_04_08,a6d31fb32b9a25db695c58e6621fcd41,run_line,away,-175.0,1.5714285714285714,,,0.6424954650048252,0.6405737437735048,juiced
2026_04_08,b97b93f7e524bcb6df93185f3a28b91d,run_line,home,104.0,2.04,,,0.4778105126936151,0.4734078199679134,juiced
2026_04_08,b97b93f7e524bcb6df93185f3a28b91d,run_line,away,-126.0,1.7936507936507935,,,0.5314894873063849,0.5265921800320864,juiced
2026_04_08,d52d861ea5ed462b15486ffb7493bbc4,run_line,home,-181.0,1.5524861878453038,,,0.7042937015030547,0.7009292411455561,juiced
2026_04_08,d52d861ea5ed462b15486ffb7493bbc4,run_line,away,150.0,2.5,,,0.30050629849694527,0.29907075885444395,juiced
2026_04_08,e82c967c1c766b4626e30f8560c26373,run_line,home,-149.0,1.6711409395973154,,,0.6136410149257295,0.6087104601981247,juiced
2026_04_08,e82c967c1c766b4626e30f8560c26373,run_line,away,123.0,2.23,,,0.3944589850742704,0.3912895398018752,juiced
2026_04_08,ed3937bc90189b707190e2ab6060520c,run_line,home,152.0,2.52,,,0.32405815942782057,0.32328228195113784,juiced
2026_04_08,ed3937bc90189b707190e2ab6060520c,run_line,away,-185.0,1.5405405405405406,,,0.6783418405721794,0.6767177180488622,juiced
2026_04_09,24a184f33e22a7efc5cc7c836d3b270a,run_line,home,129.0,2.29,,,0.4810878729004889,0.4770803975609767,juiced
2026_04_09,24a184f33e22a7efc5cc7c836d3b270a,run_line,away,-156.0,1.641025641025641,,,0.5273121270995111,0.5229196024390234,juiced
2026_04_09,4a900f08d0a609bca4a6bda0d78e00a5,run_line,home,-149.0,1.6711409395973154,,,0.6362436297329038,0.6311314648674773,juiced
2026_04_09,4a900f08d0a609bca4a6bda0d78e00a5,run_line,away,123.0,2.23,,,0.3718563702670961,0.36886853513252266,juiced
2026_04_09,7852034521d5a37d9d67116eba334699,run_line,home,159.0,2.59,,,0.2592272169254194,0.25638138356781665,juiced
2026_04_09,7852034521d5a37d9d67116eba334699,run_line,away,-192.0,1.5208333333333337,,,0.7518727830745805,0.7436186164321833,juiced
2026_04_09,7d89d3d30b7d4078b13216eb9fb387d2,run_line,home,104.0,2.04,,,0.5045056244775263,0.49985695479790576,juiced
2026_04_09,7d89d3d30b7d4078b13216eb9fb387d2,run_line,away,-126.0,1.7936507936507935,,,0.5047943755224736,0.5001430452020941,juiced
2026_04_09,842973bf2205e8427934b84ebfa68898,run_line,home,-102.0,1.9803921568627447,,,0.47214623837875164,0.4664094027252313,juiced
2026_04_09,842973bf2205e8427934b84ebfa68898,run_line,away,-117.0,1.8547008547008548,,,0.5401537616212484,0.5335905972747688,juiced
2026_04_09,eef70c714ae56d35f8173ff025e0e8bd,run_line,home,108.0,2.08,,,0.5211993271403749,0.517011533717265,juiced
2026_04_09,eef70c714ae56d35f8173ff025e0e8bd,run_line,away,-131.0,1.763358778625954,,,0.4869006728596251,0.48298846628273495,juiced
2026_04_10,23f579057c07153cd0fc94f5986b5182,run_line,home,112.0,2.12,,,0.4381767355071458,0.4371276291970729,juiced
2026_04_10,23f579057c07153cd0fc94f5986b5182,run_line,away,-135.0,1.7407407407407407,,,0.5642232644928542,0.5628723708029272,juiced
2026_04_10,36591f5636cf3c3e62dda6b7e8fb3440,run_line,home,-142.0,1.704225352112676,,,0.5515054238870883,0.5469113683925906,juiced
2026_04_10,36591f5636cf3c3e62dda6b7e8fb3440,run_line,away,119.0,2.19,,,0.45689457611291157,0.45308863160740936,juiced
2026_04_10,39a0ae7c44c6cccf57ea26ef0948ff20,run_line,home,135.0,2.35,,,0.46366379360853066,0.45627218422410026,juiced
2026_04_10,39a0ae7c44c6cccf57ea26ef0948ff20,run_line,away,-163.0,1.6134969325153374,,,0.5525362063914693,0.5437278157758997,juiced
2026_04_10,42e0046642eb115deabbf499117c8534,run_line,home,135.0,2.35,,,0.47470643621507996,0.4671387878518795,juiced
2026_04_10,42e0046642eb115deabbf499117c8534,run_line,away,-163.0,1.6134969325153374,,,0.54149356378492,0.5328612121481204,juiced
2026_04_10,59f40327564ee4d08604733d721958f5,run_line,home,112.0,2.12,,,0.40973027639156584,0.4087492781240681,juiced
2026_04_10,59f40327564ee4d08604733d721958f5,run_line,away,-135.0,1.7407407407407407,,,0.5926697236084342,0.591250721875932,juiced
2026_04_10,726827eb314c5b9295dc278e7a0ca37c,run_line,home,149.0,2.49,,,0.411049463997057,0.41154331597622845,juiced
2026_04_10,726827eb314c5b9295dc278e7a0ca37c,run_line,away,-181.0,1.5524861878453038,,,0.587750536002943,0.5884566840237715,juiced
2026_04_10,8039217c4e7279df26ad2bbd8d8a3ca0,run_line,home,108.0,2.08,,,0.5210889385241669,0.516902032064445,juiced
2026_04_10,8039217c4e7279df26ad2bbd8d8a3ca0,run_line,away,-131.0,1.763358778625954,,,0.487011061475833,0.48309796793555504,juiced
2026_04_10,a75e638966e5f1f6faed34c459043f44,run_line,home,152.0,2.52,,,0.4031893301967776,0.4022239926145028,juiced
2026_04_10,a75e638966e5f1f6faed34c459043f44,run_line,away,-185.0,1.5405405405405406,,,0.5992106698032224,0.5977760073854972,juiced
2026_04_10,af16b3a5b13ea6dff32c681b29262f9e,run_line,home,123.0,2.23,,,0.536991239981689,0.5329937865823215,juiced
2026_04_10,af16b3a5b13ea6dff32c681b29262f9e,run_line,away,-149.0,1.6711409395973154,,,0.4705087600183111,0.4670062134176785,juiced
2026_04_10,b8b97be2c6361ef8c7839ad60c57adc3,run_line,home,-135.0,1.7407407407407407,,,0.6880411840450161,0.6817013613841437,juiced
2026_04_10,b8b97be2c6361ef8c7839ad60c57adc3,run_line,away,112.0,2.12,,,0.3212588159549838,0.3182986386158564,juiced
2026_04_10,cba7f4f927e5e141eef8113b0ae66a4b,run_line,home,108.0,2.08,,,0.576790839350376,0.5721563727312529,juiced
2026_04_10,cba7f4f927e5e141eef8113b0ae66a4b,run_line,away,-131.0,1.763358778625954,,,0.431309160649624,0.42784362726874714,juiced
2026_04_10,e346f0bf21a45185de1dcf8a928deedf,run_line,home,-114.0,1.8771929824561404,,,0.5757221067937204,0.5692328522777539,juiced
2026_04_10,e346f0bf21a45185de1dcf8a928deedf,run_line,away,-105.0,1.9523809523809523,,,0.4356778932062796,0.43076714772224595,juiced
2026_04_10,eff6484dd3596abf15d8ee0f27b5e9ba,run_line,home,-188.0,1.5319148936170213,,,0.752898007875653,0.7493013613412152,juiced
2026_04_10,eff6484dd3596abf15d8ee0f27b5e9ba,run_line,away,154.0,2.54,,,0.251901992124347,0.25069863865878483,juiced
2026_04_10,f42b041996f1eb07d2f5372685863588,run_line,home,144.0,2.44,,,0.4034994383245687,0.40229256064264074,juiced
2026_04_10,f42b041996f1eb07d2f5372685863588,run_line,away,-175.0,1.5714285714285714,,,0.5995005616754313,0.5977074393573591,juiced
2026_04_10,fde5a00c9e07284677e2086060505663,run_line,home,139.0,2.39,,,0.46492378685317076,0.457512090979306,juiced
2026_04_10,fde5a00c9e07284677e2086060505663,run_line,away,-166.0,1.6024096385542168,,,0.5512762131468292,0.542487909020694,juiced
2026_04_11,07dae97a577c9f8fc2d464d68dfba8ed,run_line,home,-166.0,1.6024096385542168,,,0.6862233388640713,0.6786898811829407,juiced
2026_04_11,07dae97a577c9f8fc2d464d68dfba8ed,run_line,away,139.0,2.39,,,0.3248766611359287,0.3213101188170594,juiced
2026_04_11,0e8be2dcf9f09a0e06d78026cce411cc,run_line,home,144.0,2.44,,,0.3895123181206402,0.3883472762917649,juiced
2026_04_11,0e8be2dcf9f09a0e06d78026cce411cc,run_line,away,-175.0,1.5714285714285714,,,0.6134876818793598,0.6116527237082351,juiced
2026_04_11,5205127abeb3d8f956e9e3201fd85f68,run_line,home,129.0,2.29,,,0.4086871974719057,0.40528282176904573,juiced
2026_04_11,5205127abeb3d8f956e9e3201fd85f68,run_line,away,-156.0,1.641025641025641,,,0.5997128025280943,0.5947171782309544,juiced
2026_04_11,5242327588eadc6af4c8050a32d92f63,run_line,home,-188.0,1.5319148936170213,,,0.7473104010898061,0.7437404469444726,juiced
2026_04_11,5242327588eadc6af4c8050a32d92f63,run_line,away,152.0,2.52,,,0.2574895989101939,0.2562595530555274,juiced
2026_04_11,56e59f81876d8980be713a90fbef9a3d,run_line,home,112.0,2.12,,,0.4768918017157722,0.47575000171166426,juiced
2026_04_11,56e59f81876d8980be713a90fbef9a3d,run_line,away,-135.0,1.7407407407407407,,,0.5255081982842278,0.5242499982883359,juiced
2026_04_11,760efdb51921a34fbd7c8547eafcb545,run_line,home,119.0,2.19,,,0.4885056393998162,0.48689887311852503,juiced
2026_04_11,760efdb51921a34fbd7c8547eafcb545,run_line,away,-142.0,1.704225352112676,,,0.5147943606001838,0.5131011268814749,juiced
2026_04_11,8d82bf3147f99fc93e30a28642eb19c1,run_line,home,-142.0,1.704225352112676,,,0.6458294078883547,0.6404496309880551,juiced
2026_04_11,8d82bf3147f99fc93e30a28642eb19c1,run_line,away,119.0,2.19,,,0.36257059211164516,0.3595503690119448,juiced
2026_04_11,a0e79d40ffa34443e7b94247edbd9363,run_line,home,-107.0,1.9345794392523368,,,0.5804804764991842,0.5734273204575563,juiced
2026_04_11,a0e79d40ffa34443e7b94247edbd9363,run_line,away,-112.0,1.8928571428571428,,,0.4318195235008157,0.42657267954244366,juiced
2026_04_11,a23f07d17eae739724cce22627234e9d,run_line,home,149.0,2.49,,,0.359982265475725,0.36041476319155485,juiced
2026_04_11,a23f07d17eae739724cce22627234e9d,run_line,away,-181.0,1.5524861878453038,,,0.638817734524275,0.6395852368084451,juiced
2026_04_11,ead7229cac20dbbe3dbf60560e0434bb,run_line,home,144.0,2.44,,,0.4619696326433449,0.4605878690362361,juiced
2026_04_11,ead7229cac20dbbe3dbf60560e0434bb,run_line,away,-175.0,1.5714285714285714,,,0.5410303673566551,0.5394121309637637,juiced
2026_04_11,ff2eed0425501f8822f495d136bacbb3,run_line,home,135.0,2.35,,,0.4410758058778822,0.4340442884057097,juiced
2026_04_11,ff2eed0425501f8822f495d136bacbb3,run_line,away,-163.0,1.6134969325153374,,,0.5751241941221178,0.5659557115942903,juiced
2026_04_12,09f98bac3897ce216acb197781ef8add,run_line,home,-142.0,1.704225352112676,,,0.6327896449224447,0.6275184896097231,juiced
2026_04_12,09f98bac3897ce216acb197781ef8add,run_line,away,119.0,2.19,,,0.3756103550775552,0.3724815103902769,juiced
2026_04_12,118a6e3080de70ad7b82922f6a69fc7c,run_line,home,112.0,2.12,,,0.5191127893897528,0.5178699016258508,juiced
2026_04_12,118a6e3080de70ad7b82922f6a69fc7c,run_line,away,-135.0,1.7407407407407407,,,0.4832872106102471,0.48213009837414916,juiced
2026_04_12,37a92ce7648fc0715c4a6411c5bcb637,run_line,home,-102.0,1.9803921568627447,,,0.5560677280667522,0.549311200303025,juiced
2026_04_12,37a92ce7648fc0715c4a6411c5bcb637,run_line,away,-117.0,1.8547008547008548,,,0.4562322719332477,0.45068879969697495,juiced
2026_04_12,396adc6bdadc61665a790a130d131bec,run_line,home,159.0,2.59,,,0.350034665214901,0.3461919347392949,juiced
2026_04_12,396adc6bdadc61665a790a130d131bec,run_line,away,-192.0,1.5208333333333337,,,0.6610653347850989,0.6538080652607051,juiced
2026_04_12,48ddab368fb44b8c7e5c7ef18e0ba99a,run_line,home,119.0,2.19,,,0.3815624379930687,0.3803074234955334,juiced
2026_04_12,48ddab368fb44b8c7e5c7ef18e0ba99a,run_line,away,-142.0,1.704225352112676,,,0.6217375620069313,0.6196925765044665,juiced
2026_04_12,6656a7aa341ece1a4bb860481931621a,run_line,home,141.0,2.41,,,0.4245982203547003,0.42332823564775696,juiced
2026_04_12,6656a7aa341ece1a4bb860481931621a,run_line,away,-172.0,1.5813953488372094,,,0.5784017796452997,0.5766717643522429,juiced
2026_04_12,752e9b625117fe75f792a9f4c0464b06,run_line,home,-188.0,1.5319148936170213,,,0.7635244495728026,0.7598770397818498,juiced
2026_04_12,752e9b625117fe75f792a9f4c0464b06,run_line,away,154.0,2.54,,,0.24127555042719728,0.2401229602181502,juiced
2026_04_12,8436950162a83e19024ade45a28249e6,run_line,home,119.0,2.19,,,0.4628821415006477,0.46135965464033457,juiced
2026_04_12,8436950162a83e19024ade45a28249e6,run_line,away,-142.0,1.704225352112676,,,0.5404178584993523,0.5386403453596653,juiced
2026_04_12,b078df49b4b246be7446b434bca64f28,run_line,home,112.0,2.12,,,0.4709136317275136,0.46978614497956267,juiced
2026_04_12,b078df49b4b246be7446b434bca64f28,run_line,away,-135.0,1.7407407407407407,,,0.5314863682724864,0.5302138550204374,juiced
2026_04_12,b438d512032c8841846d4e9f4b6a061b,run_line,home,108.0,2.08,,,0.4580707919181496,0.45439023104667153,juiced
2026_04_12,b438d512032c8841846d4e9f4b6a061b,run_line,away,-131.0,1.763358778625954,,,0.5500292080818504,0.5456097689533285,juiced
2026_04_12,b71115505615845619d9ea17e964e30f,run_line,home,102.0,2.02,,,0.5096437832387765,0.5049477689871956,juiced
2026_04_12,b71115505615845619d9ea17e964e30f,run_line,away,-121.0,1.8264462809917357,,,0.49965621676122346,0.49505223101280443,juiced
2026_04_12,b83acf62bfc5d9a65fbea3ae78974c7b,run_line,home,141.0,2.41,,,0.4094923009479836,0.40826749845262567,juiced
2026_04_12,b83acf62bfc5d9a65fbea3ae78974c7b,run_line,away,-172.0,1.5813953488372094,,,0.5935076990520164,0.5917325015473742,juiced
2026_04_12,bed40c80b9530acfcc89be0795309682,run_line,home,-156.0,1.641025641025641,,,0.6154436205991856,0.6143378125366197,juiced
2026_04_12,bed40c80b9530acfcc89be0795309682,run_line,away,129.0,2.29,,,0.3863563794008144,0.3856621874633803,juiced
2026_04_12,e2d6559de3f32042d39f5da40364950a,run_line,home,159.0,2.59,,,0.3254526474912377,0.3218797819120144,juiced
2026_04_12,e2d6559de3f32042d39f5da40364950a,run_line,away,-192.0,1.5208333333333337,,,0.6856473525087622,0.6781202180879856,juiced
2026_04_12,f032258401e01dc5335139248b940efc,run_line,home,-188.0,1.5319148936170213,,,0.8076987597202339,0.8038403261546914,juiced
2026_04_12,f032258401e01dc5335139248b940efc,run_line,away,154.0,2.54,,,0.19710124027976608,0.1961596738453086,juiced
2026_04_13,41cfc5f9fbe204005b41506b477dbe2a,run_line,home,112.0,2.12,,,0.48481256279461743,0.4836517984782696,juiced
2026_04_13,41cfc5f9fbe204005b41506b477dbe2a,run_line,away,-135.0,1.7407407407407407,,,0.5175874372053826,0.5163482015217304,juiced
2026_04_13,970acfb69adcb4bf8fc9ce89662aa43e,run_line,home,-172.0,1.5813953488372094,,,0.6437917835744046,0.6455347273382178,juiced
2026_04_13,970acfb69adcb4bf8fc9ce89662aa43e,run_line,away,141.0,2.41,,,0.3535082164255954,0.3544652726617822,juiced
2026_04_13,a5f186ae13718f117194fdc34bae1f01,run_line,home,-142.0,1.704225352112676,,,0.652360173521838,0.6469259951624732,juiced
2026_04_13,a5f186ae13718f117194fdc34bae1f01,run_line,away,119.0,2.19,,,0.35603982647816196,0.35307400483752677,juiced
2026_04_13,af4723d660204fd1fb7719261eb7f74b,run_line,home,123.0,2.23,,,0.4502307157869632,0.44687912236919425,juiced
2026_04_13,af4723d660204fd1fb7719261eb7f74b,run_line,away,-149.0,1.6711409395973154,,,0.5572692842130368,0.5531208776308058,juiced
2026_04_13,d10f53a6fb57a00a4e08f7d5fe1d10de,run_line,home,123.0,2.23,,,0.4612421444205879,0.4578085800700624,juiced
2026_04_13,d10f53a6fb57a00a4e08f7d5fe1d10de,run_line,away,-149.0,1.6711409395973154,,,0.5462578555794121,0.5421914199299375,juiced
2026_04_13,d68d87788cfa956ebee8d3a758c79ff0,run_line,home,-126.0,1.7936507936507935,,,0.6101232102295007,0.6050408669471447,juiced
2026_04_13,d68d87788cfa956ebee8d3a758c79ff0,run_line,away,104.0,2.04,,,0.3982767897704993,0.39495913305285535,juiced
2026_04_13,dcb7f3b019ab5e225b354b9e8c2b291e,run_line,home,112.0,2.12,,,0.4118825143399122,0.4108963630685477,juiced
2026_04_13,dcb7f3b019ab5e225b354b9e8c2b291e,run_line,away,-135.0,1.7407407407407407,,,0.5905174856600878,0.5891036369314523,juiced
2026_04_13,df0e15c1b18c2572248e1e6fa22b5271,run_line,home,102.0,2.02,,,0.5301380570480683,0.5252532022669854,juiced
2026_04_13,df0e15c1b18c2572248e1e6fa22b5271,run_line,away,-121.0,1.8264462809917357,,,0.47916194295193165,0.4747467977330147,juiced
2026_04_13,eb7b6453caa8162c84f45e9a1f779847,run_line,home,144.0,2.44,,,0.4596147691337834,0.4582400489868229,juiced
2026_04_13,eb7b6453caa8162c84f45e9a1f779847,run_line,away,-175.0,1.5714285714285714,,,0.5433852308662166,0.541759951013177,juiced
2026_04_13,f0a7004057c75d3a27566a9cadac71de,run_line,home,159.0,2.59,,,0.3195940537950607,0.31608550469296876,juiced
2026_04_13,f0a7004057c75d3a27566a9cadac71de,run_line,away,-192.0,1.5208333333333337,,,0.6915059462049392,0.6839144953070312,juiced
2026_04_14,2142bbf2fe04a2b7b7ae829b27222697,run_line,home,,,,,,,missing_dk_odds
2026_04_14,2142bbf2fe04a2b7b7ae829b27222697,run_line,away,,,,,,,missing_dk_odds
2026_04_14,385f86efd6c56a30190e6bb26a224fe6,run_line,home,144.0,2.44,,,0.3858291977249047,0.3846751722082799,juiced
2026_04_14,385f86efd6c56a30190e6bb26a224fe6,run_line,away,-175.0,1.5714285714285714,,,0.6171708022750952,0.6153248277917202,juiced
2026_04_14,3de0bc35b00fae1cd6acfbadcf023411,run_line,home,-149.0,1.6711409395973154,,,0.6505539959220275,0.6453268484495858,juiced
2026_04_14,3de0bc35b00fae1cd6acfbadcf023411,run_line,away,123.0,2.23,,,0.3575460040779725,0.3546731515504141,juiced
2026_04_14,42f96d05fcb3bf3aefe7588b7e0de883,run_line,home,139.0,2.39,,,0.34046781164276757,0.3350401610340165,juiced
2026_04_14,42f96d05fcb3bf3aefe7588b7e0de883,run_line,away,-166.0,1.6024096385542168,,,0.6757321883572324,0.6649598389659834,juiced
2026_04_14,441105a5d9e63b9467a1b49e493aff1f,run_line,home,-200.0,1.5,,,0.794678628716191,0.7857214047025814,juiced
2026_04_14,441105a5d9e63b9467a1b49e493aff1f,run_line,away,165.0,2.65,,,0.216721371283809,0.2142785952974184,juiced
2026_04_14,4f93a0b7adae6d305b4095cc30172ed9,run_line,home,-163.0,1.6134969325153374,,,0.7153024148494317,0.7074497229249647,juiced
2026_04_14,4f93a0b7adae6d305b4095cc30172ed9,run_line,away,135.0,2.35,,,0.2957975851505683,0.29255027707503545,juiced
2026_04_14,62e56fb8e25706db1f4b277d3dab18de,run_line,home,-142.0,1.704225352112676,,,0.6018656324222279,0.5968520749922926,juiced
2026_04_14,62e56fb8e25706db1f4b277d3dab18de,run_line,away,119.0,2.19,,,0.40653436757777206,0.40314792500770735,juiced
2026_04_14,70099d392f8cdba638b5d8e7d6dce3e2,run_line,home,-166.0,1.6024096385542168,,,0.7233435980405561,0.7154026288602079,juiced
2026_04_14,70099d392f8cdba638b5d8e7d6dce3e2,run_line,away,139.0,2.39,,,0.28775640195944385,0.28459737113979217,juiced
2026_04_14,9d2cb684d156eddca29c13df0d0bce22,run_line,home,-200.0,1.5,,,0.7207372441376538,0.7126134507985503,juiced
2026_04_14,9d2cb684d156eddca29c13df0d0bce22,run_line,away,163.0,2.63,,,0.29066275586234613,0.28738654920144957,juiced
2026_04_14,be2fbbe5b663cd7dc72d23031f2498ec,run_line,home,129.0,2.29,,,0.581717870157979,0.576872144147143,juiced
2026_04_14,be2fbbe5b663cd7dc72d23031f2498ec,run_line,away,-156.0,1.641025641025641,,,0.42668212984202103,0.42312785585285706,juiced
2026_04_14,bf8721941657f63c8758e23bdee938ba,run_line,home,108.0,2.08,,,0.5127022180303554,0.5085826981751368,juiced
2026_04_14,bf8721941657f63c8758e23bdee938ba,run_line,away,-131.0,1.763358778625954,,,0.4953977819696445,0.49141730182486315,juiced
2026_04_14,c0eef6d4f9ed3511fcfdb17153b8f0a3,run_line,home,-163.0,1.6134969325153374,,,0.6915513068145527,0.6839593579414032,juiced
2026_04_14,c0eef6d4f9ed3511fcfdb17153b8f0a3,run_line,away,135.0,2.35,,,0.3195486931854473,0.31604064205859694,juiced
2026_04_14,d5bcde6808790e2d31facdd85fadb43e,run_line,home,108.0,2.08,,,0.5276329054422193,0.5233934187503415,juiced
2026_04_14,d5bcde6808790e2d31facdd85fadb43e,run_line,away,-131.0,1.763358778625954,,,0.4804670945577807,0.4766065812496585,juiced
2026_04_14,e24b161253e29f8c9ef92e6906b29364,run_line,home,108.0,2.08,,,0.5639725753010099,0.5594411023717983,juiced
2026_04_14,e24b161253e29f8c9ef92e6906b29364,run_line,away,-131.0,1.763358778625954,,,0.4441274246989901,0.44055889762820166,juiced
2026_04_14,fb1c5d37a9a3812d5d1e0b5ab2f3e768,run_line,home,-175.0,1.5714285714285714,,,0.6863806522083471,0.6882388972308705,juiced
2026_04_14,fb1c5d37a9a3812d5d1e0b5ab2f3e768,run_line,away,144.0,2.44,,,0.31091934779165287,0.31176110276912955,juiced
2026_04_15,0addbc8d6735535fe5cf8e6aa6c955e1,run_line,home,108.0,2.08,,,0.4433364794029468,0.4397743075120988,juiced
2026_04_15,0addbc8d6735535fe5cf8e6aa6c955e1,run_line,away,-131.0,1.763358778625954,,,0.5647635205970531,0.5602256924879011,juiced
2026_04_15,2e63bbfb5214a9cb7474c49a13d013d6,run_line,home,123.0,2.23,,,0.46541080774995147,0.461946211166205,juiced
2026_04_15,2e63bbfb5214a9cb7474c49a13d013d6,run_line,away,-149.0,1.6711409395973154,,,0.5420891922500485,0.5380537888337951,juiced
2026_04_15,30d1ac7c8c0a6c6b760667043f6569aa,run_line,home,123.0,2.23,,,0.4077836829561392,0.40474807241304145,juiced
2026_04_15,30d1ac7c8c0a6c6b760667043f6569aa,run_line,away,-149.0,1.6711409395973154,,,0.5997163170438607,0.5952519275869587,juiced
2026_04_15,5dde1728cec88d86d8dbbaa27a572697,run_line,home,-166.0,1.6024096385542168,,,0.7471781816504492,0.738975553012016,juiced
2026_04_15,5dde1728cec88d86d8dbbaa27a572697,run_line,away,139.0,2.39,,,0.26392181834955075,0.26102444698798416,juiced
2026_04_15,69d8354de162a3ae1d59bf8aa804c3ca,run_line,home,159.0,2.59,,,0.3404549323627197,0.3367173695605971,juiced
2026_04_15,69d8354de162a3ae1d59bf8aa804c3ca,run_line,away,-192.0,1.5208333333333337,,,0.6706450676372803,0.6632826304394029,juiced
2026_04_15,748d289cf73992eb235de4c4f66d4175,run_line,home,141.0,2.41,,,0.3239425919662761,0.3229736709534159,juiced
2026_04_15,748d289cf73992eb235de4c4f66d4175,run_line,away,-172.0,1.5813953488372094,,,0.6790574080337238,0.6770263290465841,juiced
2026_04_15,851336f466000da358ea664a9302c8f4,run_line,home,-166.0,1.6024096385542168,,,0.6633982640556076,0.656115383300967,juiced
2026_04_15,851336f466000da358ea664a9302c8f4,run_line,away,139.0,2.39,,,0.34770173594439235,0.34388461669903314,juiced
2026_04_15,a9a5304518c8a2714a581f284aa4cb4f,run_line,home,100.0,2.0,,,0.525881468952476,0.5165829753953596,juiced
2026_04_15,a9a5304518c8a2714a581f284aa4cb4f,run_line,away,-120.0,1.8333333333333333,,,0.492118531047524,0.4834170246046405,juiced
2026_04_15,ae6a5b39c2617185d491849bed3ddff8,run_line,home,154.0,2.54,,,0.3436969698528098,0.34287407207981824,juiced
2026_04_15,ae6a5b39c2617185d491849bed3ddff8,run_line,away,-188.0,1.5319148936170213,,,0.6587030301471902,0.6571259279201819,juiced
2026_04_15,bc75992fc84ef71ac01271077d656ba0,run_line,home,112.0,2.12,,,0.4847085660717132,0.4835480507499134,juiced
2026_04_15,bc75992fc84ef71ac01271077d656ba0,run_line,away,-135.0,1.7407407407407407,,,0.5176914339282868,0.5164519492500865,juiced
2026_04_15,c4b632a3318002ec947a0861f17d8583,run_line,home,-105.0,1.9523809523809523,,,0.4929752738670975,0.4869853540127408,juiced
2026_04_15,c4b632a3318002ec947a0861f17d8583,run_line,away,-114.0,1.8771929824561404,,,0.5193247261329025,0.5130146459872592,juiced
2026_04_15,e1d1d3bf816d477e6f48db9e600d48bf,run_line,home,-163.0,1.6134969325153374,,,0.7520228478670431,0.7437670337919525,juiced
2026_04_15,e1d1d3bf816d477e6f48db9e600d48bf,run_line,away,135.0,2.35,,,0.2590771521329569,0.2562329662080476,juiced
2026_04_15,e39af7619a05b0b5a99bc6dcd7fbc12b,run_line,home,-156.0,1.641025641025641,,,0.6846398120960199,0.683409674681593,juiced
2026_04_15,e39af7619a05b0b5a99bc6dcd7fbc12b,run_line,away,129.0,2.29,,,0.3171601879039801,0.316590325318407,juiced
2026_04_15,f330db82278ea4535ef5b2b1571ee7d1,run_line,home,-181.0,1.5524861878453038,,,0.6486522673980705,0.6504083699970625,juiced
2026_04_15,f330db82278ea4535ef5b2b1571ee7d1,run_line,away,149.0,2.49,,,0.3486477326019295,0.3495916300029374,juiced
2026_04_15,f3b41be4bbb9dbffe13b5c0c9f57bb50,run_line,home,-178.0,1.5617977528089888,,,0.7451417049947675,0.7471590343876142,juiced
2026_04_15,f3b41be4bbb9dbffe13b5c0c9f57bb50,run_line,away,146.0,2.46,,,0.2521582950052324,0.2528409656123859,juiced
2026_04_16,01461c715fdcb8321ca3e4ed2762e436,run_line,home,-169.0,1.5917159763313609,,,0.7023604607956652,0.6996318963997064,juiced
2026_04_16,01461c715fdcb8321ca3e4ed2762e436,run_line,away,140.0,2.4,,,0.3015395392043348,0.30036810360029365,juiced
2026_04_16,1be686414809592c870949866675b3f0,run_line,home,-163.0,1.6134969325153374,,,0.6652055054096874,0.6579027845017184,juiced
2026_04_16,1be686414809592c870949866675b3f0,run_line,away,135.0,2.35,,,0.34589449459031263,0.34209721549828176,juiced
2026_04_16,25ef39bccec531e95be4427ad60576d2,run_line,home,-126.0,1.7936507936507935,,,0.5560698156275955,0.5514377386231609,juiced
2026_04_16,25ef39bccec531e95be4427ad60576d2,run_line,away,104.0,2.04,,,0.4523301843724045,0.4485622613768391,juiced
2026_04_16,2813553c6a0cdab5c77497cf373aa7af,run_line,home,108.0,2.08,,,0.3691226116856959,0.3661567420748893,juiced
2026_04_16,2813553c6a0cdab5c77497cf373aa7af,run_line,away,-131.0,1.763358778625954,,,0.6389773883143041,0.6338432579251106,juiced
2026_04_16,34fa181a3e06104ac8bb8d652bffbae7,run_line,home,-166.0,1.6024096385542168,,,0.5979448354574035,0.5913805117766824,juiced
2026_04_16,34fa181a3e06104ac8bb8d652bffbae7,run_line,away,139.0,2.39,,,0.4131551645425965,0.40861948822331773,juiced
2026_04_16,50a6b335289549d2d3f41d9072e8d031,run_line,home,-196.0,1.510204081632653,,,0.7985186950881166,0.7895181877477917,juiced
2026_04_16,50a6b335289549d2d3f41d9072e8d031,run_line,away,162.0,2.62,,,0.2128813049118834,0.21048181225220822,juiced
2026_04_16,58f0238587c37c6200e35bece1cdc6a2,run_line,home,163.0,2.63,,,0.3760357486879055,0.3710268857305432,juiced
2026_04_16,58f0238587c37c6200e35bece1cdc6a2,run_line,away,-200.0,1.5,,,0.6374642513120944,0.6289731142694568,juiced
2026_04_16,74f39156689a078022ede0ab999cd304,run_line,home,123.0,2.23,,,0.4612944852416232,0.45786053125719434,juiced
2026_04_16,74f39156689a078022ede0ab999cd304,run_line,away,-149.0,1.6711409395973154,,,0.5462055147583768,0.5421394687428058,juiced
2026_04_16,99d0656dfdf7a804df87e510c4687f62,run_line,home,-149.0,1.6711409395973154,,,0.6270404518032991,0.6220022337102462,juiced
2026_04_16,99d0656dfdf7a804df87e510c4687f62,run_line,away,123.0,2.23,,,0.3810595481967008,0.3779977662897538,juiced
2026_04_16,d28f023fdea4d8299ebf509d22707293,run_line,home,159.0,2.59,,,0.3263095223392275,0.32272724986571805,juiced
2026_04_16,d28f023fdea4d8299ebf509d22707293,run_line,away,-192.0,1.5208333333333337,,,0.6847904776607724,0.6772727501342819,juiced
2026_04_17,0d33220f9d453b16cf8525818ee29051,run_line,home,179.0,2.79,,,0.2806804299120831,0.2827159850041127,juiced
2026_04_17,0d33220f9d453b16cf8525818ee29051,run_line,away,-217.0,1.4608294930875576,,,0.7121195700879168,0.7172840149958872,juiced
2026_04_17,261a880b71d678f267d194c3e11c1880,run_line,home,149.0,2.49,,,0.3684443948922724,0.36888705936350863,juiced
2026_04_17,261a880b71d678f267d194c3e11c1880,run_line,away,-181.0,1.5524861878453038,,,0.6303556051077276,0.6311129406364915,juiced
2026_04_17,3eb605c9b25ccc2ad16334a2f4a4c17e,run_line,home,152.0,2.52,,,0.3808215504296299,0.37990976698885665,juiced
2026_04_17,3eb605c9b25ccc2ad16334a2f4a4c17e,run_line,away,-185.0,1.5405405405405406,,,0.6215784495703701,0.6200902330111434,juiced
2026_04_17,45655eea8b0523564f56d5ba45520388,run_line,home,123.0,2.23,,,0.3871489580189075,0.3842669558500323,juiced
2026_04_17,45655eea8b0523564f56d5ba45520388,run_line,away,-149.0,1.6711409395973154,,,0.6203510419810925,0.6157330441499678,juiced
2026_04_17,49988d9d2bd029a05b88766f7a72ca27,run_line,home,139.0,2.39,,,0.3936262704285189,0.38735118129159507,juiced
2026_04_17,49988d9d2bd029a05b88766f7a72ca27,run_line,away,-166.0,1.6024096385542168,,,0.622573729571481,0.6126488187084049,juiced
2026_04_17,4dab71b3bef20d97c215141ed121a95b,run_line,home,129.0,2.29,,,0.42723665839364827,0.4236777651662518,juiced
2026_04_17,4dab71b3bef20d97c215141ed121a95b,run_line,away,-156.0,1.641025641025641,,,0.5811633416063517,0.5763222348337483,juiced
2026_04_17,534d4f4aa2042d0efb0d307c77b7b0bf,run_line,home,149.0,2.49,,,0.3390188798614381,0.3394261912909873,juiced
2026_04_17,534d4f4aa2042d0efb0d307c77b7b0bf,run_line,away,-181.0,1.5524861878453038,,,0.6597811201385619,0.6605738087090127,juiced
2026_04_17,6c36be674cd46d59ac8a57a727b8a4ca,run_line,home,-178.0,1.5617977528089888,,,0.745677293392393,0.7476960727889231,juiced
2026_04_17,6c36be674cd46d59ac8a57a727b8a4ca,run_line,away,148.0,2.48,,,0.251622706607607,0.2523039272110769,juiced
2026_04_17,7067ff8b35400b4b9c0c1b2cf807fe58,run_line,home,-172.0,1.5813953488372094,,,0.6653492891462569,0.667150595754795,juiced
2026_04_17,7067ff8b35400b4b9c0c1b2cf807fe58,run_line,away,141.0,2.41,,,0.331950710853743,0.3328494042452051,juiced
2026_04_17,72adcb72b594dcf90c1756f4f9358d4c,run_line,home,-135.0,1.7407407407407407,,,0.7045078207487352,0.6980162694429161,juiced
2026_04_17,72adcb72b594dcf90c1756f4f9358d4c,run_line,away,112.0,2.12,,,0.3047921792512648,0.3019837305570839,juiced
2026_04_17,7e51baba35f9e72d4028c265cbceb500,run_line,home,119.0,2.19,,,0.4086108314459738,0.4072668508382077,juiced
2026_04_17,7e51baba35f9e72d4028c265cbceb500,run_line,away,-142.0,1.704225352112676,,,0.5946891685540262,0.5927331491617922,juiced
2026_04_17,a1ab635fdacdca4f7d8f471d141a873f,run_line,home,119.0,2.19,,,0.4250127737475745,0.423614844759867,juiced
2026_04_17,a1ab635fdacdca4f7d8f471d141a873f,run_line,away,-142.0,1.704225352112676,,,0.5782872262524255,0.5763851552401331,juiced
2026_04_17,e0edf79975e2cd47e757ea67749e43fd,run_line,home,152.0,2.52,,,0.433901525559201,0.43286265518675276,juiced
2026_04_17,e0edf79975e2cd47e757ea67749e43fd,run_line,away,-185.0,1.5405405405405406,,,0.568498474440799,0.5671373448132473,juiced
2026_04_17,ed205a37de8d35d5fe44ef82f8644637,run_line,home,144.0,2.44,,,0.3477069383197637,0.346666937507242,juiced
2026_04_17,ed205a37de8d35d5fe44ef82f8644637,run_line,away,-175.0,1.5714285714285714,,,0.6552930616802363,0.653333062492758,juiced
2026_04_17,f396e7f6c0d265d701a8b7123bbcee83,run_line,home,159.0,2.59,,,0.3676240197037694,0.3635881907860444,juiced
2026_04_17,f396e7f6c0d265d701a8b7123bbcee83,run_line,away,-192.0,1.5208333333333337,,,0.6434759802962305,0.6364118092139557,juiced
2026_04_18,18200eb582e3bee33b38016accc8cc4e,run_line,home,-175.0,1.5714285714285714,,,0.7003962337411178,0.7022924232839847,juiced
2026_04_18,18200eb582e3bee33b38016accc8cc4e,run_line,away,144.0,2.44,,,0.2969037662588821,0.2977075767160154,juiced
2026_04_18,23317fc37d8b970abb36b16450935fe2,run_line,home,135.0,2.35,,,0.3546262834098518,0.34897292207228087,juiced
2026_04_18,23317fc37d8b970abb36b16450935fe2,run_line,away,-163.0,1.6134969325153374,,,0.6615737165901482,0.6510270779277192,juiced
2026_04_18,2ea66f343279c5bb39b4cb87f04810e7,run_line,home,-185.0,1.5405405405405406,,,0.7531470023219742,0.7495491663236209,juiced
2026_04_18,2ea66f343279c5bb39b4cb87f04810e7,run_line,away,152.0,2.52,,,0.2516529976780258,0.2504508336763792,juiced
2026_04_18,38325b462bdab2c582eec8fa2fe82395,run_line,home,159.0,2.59,,,0.4228236092943564,0.4181817914097087,juiced
2026_04_18,38325b462bdab2c582eec8fa2fe82395,run_line,away,-192.0,1.5208333333333337,,,0.5882763907056435,0.5818182085902913,juiced
2026_04_18,53626d17dd82b37d118427fbbb6fda67,run_line,home,-121.0,1.8264462809917357,,,0.6476368613229727,0.6422420282853756,juiced
2026_04_18,53626d17dd82b37d118427fbbb6fda67,run_line,away,102.0,2.02,,,0.3607631386770273,0.3577579717146245,juiced
2026_04_18,6e5129c6e0fc6e1f6fcaff97e0a79ebc,run_line,home,-192.0,1.5208333333333337,,,0.7822823204082591,0.7771531098830311,juiced
2026_04_18,6e5129c6e0fc6e1f6fcaff97e0a79ebc,run_line,away,159.0,2.59,,,0.2243176795917409,0.22284689011696893,juiced
2026_04_18,779cfb39de4fd07ffa6e5e9e2a7fec4d,run_line,home,123.0,2.23,,,0.3500222499884494,0.34741662529870904,juiced
2026_04_18,779cfb39de4fd07ffa6e5e9e2a7fec4d,run_line,away,-149.0,1.6711409395973154,,,0.6574777500115506,0.6525833747012909,juiced
2026_04_18,912d3bf4c4f1b996c5903aa3b6e3bc2a,run_line,home,169.0,2.69,,,0.3036382798174815,0.29941650706782513,juiced
2026_04_18,912d3bf4c4f1b996c5903aa3b6e3bc2a,run_line,away,-208.0,1.4807692307692308,,,0.7104617201825185,0.7005834929321748,juiced
2026_04_18,9b611b49a26ba77a07349b2b50bab4ad,run_line,home,129.0,2.29,,,0.3379935499564087,0.3351780543002863,juiced
2026_04_18,9b611b49a26ba77a07349b2b50bab4ad,run_line,away,-156.0,1.641025641025641,,,0.6704064500435913,0.6648219456997138,juiced
2026_04_18,b4b4c5e63320cc913bd4ac9d7c447f23,run_line,home,149.0,2.49,,,0.3021847582662074,0.30254781564498134,juiced
2026_04_18,b4b4c5e63320cc913bd4ac9d7c447f23,run_line,away,-181.0,1.5524861878453038,,,0.6966152417337926,0.6974521843550187,juiced
2026_04_18,c3b12d49874633d7b722325998bebdd3,run_line,home,123.0,2.23,,,0.4492884986271429,0.4459439192328961,juiced
2026_04_18,c3b12d49874633d7b722325998bebdd3,run_line,away,-149.0,1.6711409395973154,,,0.5582115013728571,0.5540560807671038,juiced
2026_04_18,de78c77cca84245548d38b8c40c65391,run_line,home,159.0,2.59,,,0.44550471271744707,0.4406138984447108,juiced
2026_04_18,de78c77cca84245548d38b8c40c65391,run_line,away,-192.0,1.5208333333333337,,,0.5655952872825528,0.5593861015552891,juiced
2026_04_18,e2145c6f89c91d068baad1ef60cb1205,run_line,home,149.0,2.49,,,0.3060409558443394,0.3064086462198032,juiced
2026_04_18,e2145c6f89c91d068baad1ef60cb1205,run_line,away,-181.0,1.5524861878453038,,,0.6927590441556606,0.6935913537801969,juiced
2026_04_18,f191de07e9e709e1723e5815840236c0,run_line,home,-181.0,1.5524861878453038,,,0.6547777500115506,0.6516498308235974,juiced
2026_04_18,f191de07e9e709e1723e5815840236c0,run_line,away,150.0,2.5,,,0.3500222499884494,0.34835016917640266,juiced
2026_04_18,ff3a4cea8f327d320fac1af61a34e8c3,run_line,home,-163.0,1.6134969325153374,,,0.6636990289594047,0.6564128463647559,juiced
2026_04_18,ff3a4cea8f327d320fac1af61a34e8c3,run_line,away,135.0,2.35,,,0.3474009710405953,0.3435871536352441,juiced
2026_04_19,045dc8de81396e0de88fa0884e58750f,run_line,home,135.0,2.35,,,0.3426922563695965,0.3372291442330215,juiced
2026_04_19,045dc8de81396e0de88fa0884e58750f,run_line,away,-163.0,1.6134969325153374,,,0.6735077436304034,0.6627708557669784,juiced
2026_04_19,0d7765b227447b5fb746d1178be90177,run_line,home,-188.0,1.5319148936170213,,,0.6947797235305477,0.6914607121124082,juiced
2026_04_19,0d7765b227447b5fb746d1178be90177,run_line,away,154.0,2.54,,,0.3100202764694522,0.3085392878875918,juiced
2026_04_19,0e8cd1402139869a8535c9d0d09acb45,run_line,home,-185.0,1.5405405405405406,,,0.7382949859465018,0.7347680990709612,juiced
2026_04_19,0e8cd1402139869a8535c9d0d09acb45,run_line,away,152.0,2.52,,,0.2665050140534982,0.2652319009290388,juiced
2026_04_19,1048fb9b5524c70651232a93456ec26c,run_line,home,-126.0,1.7936507936507935,,,0.5614917204733735,0.5568144788510249,juiced
2026_04_19,1048fb9b5524c70651232a93456ec26c,run_line,away,104.0,2.04,,,0.44690827952662654,0.4431855211489752,juiced
2026_04_19,22dc10f0ffdfd73bd79c7bdf5266e95f,run_line,home,149.0,2.49,,,0.4442066426343286,0.4447403310315665,juiced
2026_04_19,22dc10f0ffdfd73bd79c7bdf5266e95f,run_line,away,-181.0,1.5524861878453038,,,0.5545933573656714,0.5552596689684336,juiced
2026_04_19,4c4e3a56911954f45c048e7f6a7f4822,run_line,home,-200.0,1.5,,,0.7462308951725813,0.7378197500223268,juiced
2026_04_19,4c4e3a56911954f45c048e7f6a7f4822,run_line,away,164.0,2.64,,,0.2651691048274186,0.26218024997767314,juiced
2026_04_19,6d654c503d52995cf1547c4bc56ba827,run_line,home,159.0,2.59,,,0.3687250222105695,0.3646771063303032,juiced
2026_04_19,6d654c503d52995cf1547c4bc56ba827,run_line,away,-192.0,1.5208333333333337,,,0.6423749777894304,0.6353228936696969,juiced
2026_04_19,72f3eee98d3f21414ef8f55962b0364f,run_line,home,159.0,2.59,,,0.4908484591419774,0.4854598547542058,juiced
2026_04_19,72f3eee98d3f21414ef8f55962b0364f,run_line,away,-192.0,1.5208333333333337,,,0.5202515408580225,0.5145401452457943,juiced
2026_04_19,77c097e15cdac31a63aa34c4a10c9c91,run_line,home,159.0,2.59,,,0.3703211082443831,0.36625567030400863,juiced
2026_04_19,77c097e15cdac31a63aa34c4a10c9c91,run_line,away,-192.0,1.5208333333333337,,,0.6407788917556169,0.6337443296959915,juiced
2026_04_19,9ac64069558fef330a70fa14356058dc,run_line,home,-163.0,1.6134969325153374,,,0.6871074222811439,0.6795642590061753,juiced
2026_04_19,9ac64069558fef330a70fa14356058dc,run_line,away,135.0,2.35,,,0.32399257771885615,0.3204357409938247,juiced
2026_04_19,bc5456b82441dbb9bd569ac5bfd0ab07,run_line,home,139.0,2.39,,,0.4692060224016878,0.4617260602260262,juiced
2026_04_19,bc5456b82441dbb9bd569ac5bfd0ab07,run_line,away,-166.0,1.6024096385542168,,,0.5469939775983121,0.5382739397739738,juiced
2026_04_19,bf75db04c73633ad4f6241bd5ae2d3eb,run_line,home,129.0,2.29,,,0.4832939606574942,0.4792681085457102,juiced
2026_04_19,bf75db04c73633ad4f6241bd5ae2d3eb,run_line,away,-156.0,1.641025641025641,,,0.5251060393425058,0.5207318914542898,juiced
2026_04_19,d97433d24ce14d05b02b695c3cb6d537,run_line,home,-178.0,1.5617977528089888,,,0.7617271790274088,0.763789410435585,juiced
2026_04_19,d97433d24ce14d05b02b695c3cb6d537,run_line,away,147.0,2.47,,,0.23557282097259108,0.23621058956441504,juiced
2026_04_19,de5baa6a9b1b0c7a10c628770ffff6ff,run_line,home,163.0,2.63,,,0.3224465812607453,0.3181515355310758,juiced
2026_04_19,de5baa6a9b1b0c7a10c628770ffff6ff,run_line,away,-200.0,1.5,,,0.6910534187392546,0.6818484644689241,juiced
2026_04_19,e1d026d4b97697ac7e0862b37a1e26a5,run_line,home,-172.0,1.5813953488372094,,,0.5609702070033198,0.5624889271065073,juiced
2026_04_19,e1d026d4b97697ac7e0862b37a1e26a5,run_line,away,141.0,2.41,,,0.4363297929966802,0.4375110728934926,juiced
2026_04_20,043dafafb56c1b3ebf5472c9f3fe428f,run_line,home,-163.0,1.6134969325153374,,,0.6246681549903387,0.6178104588965866,juiced
2026_04_20,043dafafb56c1b3ebf5472c9f3fe428f,run_line,away,135.0,2.35,,,0.3864318450096613,0.38218954110341347,juiced
2026_04_20,0d70750c31542bcfe935969cb9ccc66e,run_line,home,-175.0,1.5714285714285714,,,0.7486904539327193,0.7507173908881172,juiced
2026_04_20,0d70750c31542bcfe935969cb9ccc66e,run_line,away,144.0,2.44,,,0.2486095460672807,0.2492826091118828,juiced
2026_04_20,0e45c1c07e2b9a60ebf70c74f0180cb6,run_line,home,144.0,2.44,,,0.3660217845340843,0.3649270035235137,juiced
2026_04_20,0e45c1c07e2b9a60ebf70c74f0180cb6,run_line,away,-175.0,1.5714285714285714,,,0.6369782154659157,0.6350729964764862,juiced
2026_04_20,253e6890f41456a41767494219509d9b,run_line,home,129.0,2.29,,,0.4504113812496256,0.44665944193735185,juiced
2026_04_20,253e6890f41456a41767494219509d9b,run_line,away,-156.0,1.641025641025641,,,0.5579886187503744,0.5533405580626481,juiced
2026_04_20,4e58a660bb4f20467d3e4261ec9f47ba,run_line,home,149.0,2.49,,,0.4750937649714293,0.4756645624463649,juiced
2026_04_20,4e58a660bb4f20467d3e4261ec9f47ba,run_line,away,-181.0,1.5524861878453038,,,0.5237062350285707,0.5243354375536351,juiced
2026_04_20,6a0b76ac89fd72cc8272b53212004e44,run_line,home,-163.0,1.6134969325153374,,,0.7845137134438462,0.7759012100127052,juiced
2026_04_20,6a0b76ac89fd72cc8272b53212004e44,run_line,away,135.0,2.35,,,0.2265862865561538,0.2240987899872948,juiced
2026_04_20,6e7862ded6af1d5c6d82f19895ccd191,run_line,home,-121.0,1.8264462809917357,,,0.5617196612477473,0.557040520872419,juiced
2026_04_20,6e7862ded6af1d5c6d82f19895ccd191,run_line,away,102.0,2.02,,,0.4466803387522527,0.44295947912758105,juiced
2026_04_20,8b84f5c8a8eec852cbc8ab761818b5dc,run_line,home,-196.0,1.510204081632653,,,0.762975319330492,0.7543754393222186,juiced
2026_04_20,8b84f5c8a8eec852cbc8ab761818b5dc,run_line,away,161.0,2.6100000000000003,,,0.24842468066950799,0.24562456067778127,juiced
2026_04_20,e50158ffe72f093d4037185c9d31a5eb,run_line,home,152.0,2.52,,,0.2934624345288473,0.2927598109824893,juiced
2026_04_20,e50158ffe72f093d4037185c9d31a5eb,run_line,away,-185.0,1.5405405405405406,,,0.7089375654711527,0.7072401890175107,juiced
2026_04_20,eaa622d11f4b04e532bbea382e56ca52,run_line,home,-192.0,1.5208333333333337,,,0.749979329350237,0.7450619206737901,juiced
2026_04_20,eaa622d11f4b04e532bbea382e56ca52,run_line,away,158.0,2.58,,,0.2566206706497629,0.25493807932620993,juiced
2026_04_21,0438fd942a9f1f07557cef989b1a4e4d,run_line,home,-112.0,1.8928571428571428,,,0.5384103735025257,0.5323416783691177,juiced
2026_04_21,0438fd942a9f1f07557cef989b1a4e4d,run_line,away,-107.0,1.9345794392523368,,,0.4729896264974743,0.46765832163088217,juiced
2026_04_21,0567a988f9302cca0e4d8ef6eeb73371,run_line,home,-126.0,1.7936507936507935,,,0.5202194186654446,0.5158859764631542,juiced
2026_04_21,0567a988f9302cca0e4d8ef6eeb73371,run_line,away,104.0,2.04,,,0.48818058133455533,0.48411402353684585,juiced
2026_04_21,1d3c338edb1851414b920c5e62833c42,run_line,home,-181.0,1.5524861878453038,,,0.769836975891988,0.7719211630321748,juiced
2026_04_21,1d3c338edb1851414b920c5e62833c42,run_line,away,149.0,2.49,,,0.227463024108012,0.22807883696782513,juiced
2026_04_21,4e1d939bfe81862d61aca2a33e9f716c,run_line,home,-185.0,1.5405405405405406,,,0.6178579743562137,0.6149064235233019,juiced
2026_04_21,4e1d939bfe81862d61aca2a33e9f716c,run_line,away,152.0,2.52,,,0.38694202564378627,0.3850935764766982,juiced
2026_04_21,5e611c984388d54390d6d9a5518d84be,run_line,home,-188.0,1.5319148936170213,,,0.7624461613387876,0.7588039026062775,juiced
2026_04_21,5e611c984388d54390d6d9a5518d84be,run_line,away,154.0,2.54,,,0.2423538386612123,0.24119609739372244,juiced
2026_04_21,8dd01844bbaffc7ec461c4e06ea83b42,run_line,home,-192.0,1.5208333333333337,,,0.7700108739200202,0.7649621239022653,juiced
2026_04_21,8dd01844bbaffc7ec461c4e06ea83b42,run_line,away,159.0,2.59,,,0.23658912607997978,0.23503787609773474,juiced
2026_04_21,b1a87295d83bffd8d9d702ba76f4b1bd,run_line,home,149.0,2.49,,,0.4456934119746177,0.44622888663858407,juiced
2026_04_21,b1a87295d83bffd8d9d702ba76f4b1bd,run_line,away,-181.0,1.5524861878453038,,,0.5531065880253823,0.553771113361416,juiced
2026_04_21,b1f2c684186f6906566a63d457c86009,run_line,home,-149.0,1.6711409395973154,,,0.5177718429851205,0.5136115891133027,juiced
2026_04_21,b1f2c684186f6906566a63d457c86009,run_line,away,123.0,2.23,,,0.49032815701487953,0.48638841088669726,juiced
2026_04_21,b7ec1f6220bc8b3dbe3589c95eabd186,run_line,home,129.0,2.29,,,0.51317382331035,0.5088990711130008,juiced
2026_04_21,b7ec1f6220bc8b3dbe3589c95eabd186,run_line,away,-156.0,1.641025641025641,,,0.49522617668965,0.49110092888699924,juiced
2026_04_21,bce74dac7fe3dd7ecf80111287a3dd34,run_line,home,-185.0,1.5405405405405406,,,0.739410505369595,0.7358782895796129,juiced
2026_04_21,bce74dac7fe3dd7ecf80111287a3dd34,run_line,away,152.0,2.52,,,0.265389494630405,0.2641217104203872,juiced
2026_04_21,c3a389932a73d413d0f0e503a36712ea,run_line,home,139.0,2.39,,,0.4673231662638112,0.45987322009822007,juiced
2026_04_21,c3a389932a73d413d0f0e503a36712ea,run_line,away,-166.0,1.6024096385542168,,,0.5488768337361888,0.5401267799017799,juiced
2026_04_21,d5285248b8322f4781920eb06d586c63,run_line,home,-175.0,1.5714285714285714,,,0.6875607467504168,0.6894221866543836,juiced
2026_04_21,d5285248b8322f4781920eb06d586c63,run_line,away,144.0,2.44,,,0.3097392532495832,0.31057781334561635,juiced
2026_04_21,dbf4c940517013ad40b3220b6dac5cf6,run_line,home,123.0,2.23,,,0.4862778139957672,0.4826578798965432,juiced
2026_04_21,dbf4c940517013ad40b3220b6dac5cf6,run_line,away,-149.0,1.6711409395973154,,,0.5212221860042328,0.5173421201034569,juiced
2026_04_21,e56e51d0e26b298582dc9ebe9dcf1e22,run_line,home,119.0,2.19,,,0.4443336238142869,0.4428721457333668,juiced
2026_04_21,e56e51d0e26b298582dc9ebe9dcf1e22,run_line,away,-142.0,1.704225352112676,,,0.5589663761857131,0.5571278542666331,juiced
2026_04_21,fd082c9fac90847ff16ee7691851778f,run_line,home,-192.0,1.5208333333333337,,,0.8078509778192299,0.8025541206231174,juiced
2026_04_21,fd082c9fac90847ff16ee7691851778f,run_line,away,158.0,2.58,,,0.1987490221807701,0.19744587937688268,juiced
2026_04_22,07187e7c60013c66b4831e61391ded49,run_line,home,149.0,2.49,,,0.3620886453034737,0.362523673711928,juiced
2026_04_22,07187e7c60013c66b4831e61391ded49,run_line,away,-181.0,1.5524861878453038,,,0.6367113546965263,0.637476326288072,juiced
2026_04_22,1716e08eb19cda68f1493c3d9b10107e,run_line,home,-135.0,1.7407407407407407,,,0.7088818626715625,0.7023500076008743,juiced
2026_04_22,1716e08eb19cda68f1493c3d9b10107e,run_line,away,112.0,2.12,,,0.3004181373284375,0.2976499923991256,juiced
2026_04_22,28a3f2a1820315be48605c5c321f0c19,run_line,home,123.0,2.23,,,0.4007684508353122,0.3977850628638335,juiced
2026_04_22,28a3f2a1820315be48605c5c321f0c19,run_line,away,-149.0,1.6711409395973154,,,0.6067315491646877,0.6022149371361666,juiced
2026_04_22,2a8e5f1a3a4ac585a773ec30d535e4e0,run_line,home,-175.0,1.5714285714285714,,,0.7197907016746888,0.7217393980494223,juiced
2026_04_22,2a8e5f1a3a4ac585a773ec30d535e4e0,run_line,away,144.0,2.44,,,0.27750929832531107,0.27826060195057767,juiced
2026_04_22,388c461670fe1eacbca3a3601d06ea5d,run_line,home,159.0,2.59,,,0.3867399520979226,0.38249426574811857,juiced
2026_04_22,388c461670fe1eacbca3a3601d06ea5d,run_line,away,-192.0,1.5208333333333337,,,0.6243600479020773,0.6175057342518815,juiced
2026_04_22,863d10a0d1fd4ccb9810966d4740d766,run_line,home,-112.0,1.8928571428571428,,,0.6374495304735054,0.6302645150024772,juiced
2026_04_22,863d10a0d1fd4ccb9810966d4740d766,run_line,away,-107.0,1.9345794392523368,,,0.3739504695264946,0.3697354849975228,juiced
2026_04_22,a1a9de3dc48cafca34e52ab1babe5d9f,run_line,home,159.0,2.59,,,0.2793214399727785,0.276255009368785,juiced
2026_04_22,a1a9de3dc48cafca34e52ab1babe5d9f,run_line,away,-192.0,1.5208333333333337,,,0.7317785600272214,0.723744990631215,juiced
2026_04_22,a51b58a3d9fe032b72e59da66a7243fc,run_line,home,108.0,2.08,,,0.5751670747710922,0.5705456549658686,juiced
2026_04_22,a51b58a3d9fe032b72e59da66a7243fc,run_line,away,-131.0,1.763358778625954,,,0.4329329252289078,0.4294543450341313,juiced
2026_04_22,b8cea4e418d432cea65f9d995118a4bf,run_line,home,112.0,2.12,,,0.467382781725225,0.4662637487282772,juiced
2026_04_22,b8cea4e418d432cea65f9d995118a4bf,run_line,away,-135.0,1.7407407407407407,,,0.535017218274775,0.5337362512717229,juiced
2026_04_22,d599119eee8f7c6afc027334f7445633,run_line,home,152.0,2.52,,,0.42765812752976917,0.42663420543672104,juiced
2026_04_22,d599119eee8f7c6afc027334f7445633,run_line,away,-185.0,1.5405405405405406,,,0.5747418724702308,0.573365794563279,juiced
2026_04_22,dad354a5f508e2a69c2cf2b029462737,run_line,home,135.0,2.35,,,0.41443360858473366,0.40782681419477823,juiced
2026_04_22,dad354a5f508e2a69c2cf2b029462737,run_line,away,-163.0,1.6134969325153374,,,0.6017663914152663,0.5921731858052217,juiced
2026_04_22,dfff7f7620a1af42549f691892c9c7cd,run_line,home,129.0,2.29,,,0.4457414694746922,0.44202843065717196,juiced
2026_04_22,dfff7f7620a1af42549f691892c9c7cd,run_line,away,-156.0,1.641025641025641,,,0.5626585305253078,0.5579715693428281,juiced
2026_04_22,e308577ae69b60256ed912a05d931a57,run_line,home,129.0,2.29,,,0.323605752242158,0.3209101073404978,juiced
2026_04_22,e308577ae69b60256ed912a05d931a57,run_line,away,-156.0,1.641025641025641,,,0.684794247757842,0.6790898926595023,juiced
2026_04_22,e33bac43c9aeb7a52713962ae0686e1f,run_line,home,152.0,2.52,,,0.3638985237053133,0.36302725828542826,juiced
2026_04_22,e33bac43c9aeb7a52713962ae0686e1f,run_line,away,-185.0,1.5405405405405406,,,0.6385014762946867,0.6369727417145717,juiced
2026_04_22,ebdf17398c47e7ea946db3d1e80d50e7,run_line,home,-142.0,1.704225352112676,,,0.6446870945229325,0.6393168331246851,juiced
2026_04_22,ebdf17398c47e7ea946db3d1e80d50e7,run_line,away,119.0,2.19,,,0.36371290547706747,0.3606831668753148,juiced
2026_04_23,0690cb513a9395d92f4b14ef1ff47d78,run_line,home,-156.0,1.641025641025641,,,0.7020728436348739,0.7008113831452125,juiced
2026_04_23,0690cb513a9395d92f4b14ef1ff47d78,run_line,away,129.0,2.29,,,0.2997271563651261,0.2991886168547875,juiced
2026_04_23,1e66733b3f851159b9299af54335356a,run_line,home,-175.0,1.5714285714285714,,,0.706250169752227,0.7081622077130523,juiced
2026_04_23,1e66733b3f851159b9299af54335356a,run_line,away,144.0,2.44,,,0.291049830247773,0.29183779228694773,juiced
2026_04_23,528817a2bf72047f1124e81a7ae55de9,run_line,home,129.0,2.29,,,0.4299415498253954,0.42636012477726637,juiced
2026_04_23,528817a2bf72047f1124e81a7ae55de9,run_line,away,-156.0,1.641025641025641,,,0.5784584501746046,0.5736398752227336,juiced
2026_04_23,7350a8d7c4145d7f644e02a87a4bb365,run_line,home,-135.0,1.7407407407407407,,,0.5669057563540884,0.5616821127059234,juiced
2026_04_23,7350a8d7c4145d7f644e02a87a4bb365,run_line,away,112.0,2.12,,,0.44239424364591157,0.4383178872940767,juiced
2026_04_23,a1b5b1f882e1c817603a505107a56d2f,run_line,home,135.0,2.35,,,0.46151832405206616,0.45416091719353097,juiced
2026_04_23,a1b5b1f882e1c817603a505107a56d2f,run_line,away,-163.0,1.6134969325153374,,,0.5546816759479338,0.545839082806469,juiced
2026_04_23,ce566623c1d73c8d56830bafe9334cbb,run_line,home,-131.0,1.763358778625954,,,0.5808870558413868,0.5731495370906627,juiced
2026_04_23,ce566623c1d73c8d56830bafe9334cbb,run_line,away,108.0,2.08,,,0.43261294415861323,0.42685046290933715,juiced
2026_04_23,ce701a760fa0f743a20a0f8c455c6f67,run_line,home,-135.0,1.7407407407407407,,,0.5909767378694589,0.585531296809134,juiced
2026_04_23,ce701a760fa0f743a20a0f8c455c6f67,run_line,away,112.0,2.12,,,0.41832326213054105,0.414468703190866,juiced
2026_04_23,de14a27d2ad6df38427c5adcc15cb1c1,run_line,home,-114.0,1.8771929824561404,,,0.6162874552598184,0.6093409682220866,juiced
2026_04_23,de14a27d2ad6df38427c5adcc15cb1c1,run_line,away,-105.0,1.9523809523809523,,,0.3951125447401816,0.39065903177791333,juiced
2026_04_23,eb87da969b550c21334d689f9113d312,run_line,home,102.0,2.02,,,0.512796673384769,0.5080716074356176,juiced
2026_04_23,eb87da969b550c21334d689f9113d312,run_line,away,-121.0,1.8264462809917357,,,0.496503326615231,0.4919283925643822,juiced
2026_04_24,0bbbb2fddbaa8b74fdca003a5d074d6f,run_line,home,-156.0,1.641025641025641,,,0.7652181118411111,0.763843194091746,juiced
2026_04_24,0bbbb2fddbaa8b74fdca003a5d074d6f,run_line,away,129.0,2.29,,,0.23658188815888892,0.23615680590825405,juiced
2026_04_24,1a7da3935dee427bcfb5038b6aca6b69,run_line,home,-185.0,1.5405405405405406,,,0.6897997344683771,0.6865045128069039,juiced
2026_04_24,1a7da3935dee427bcfb5038b6aca6b69,run_line,away,152.0,2.52,,,0.3150002655316229,0.31349548719309606,juiced
2026_04_24,1daf20445fbf24373621ac69d10909d6,run_line,home,100.0,2.0,,,0.5640981506303707,0.5541239200691265,juiced
2026_04_24,1daf20445fbf24373621ac69d10909d6,run_line,away,-120.0,1.8333333333333333,,,0.4539018493696293,0.4458760799308736,juiced
2026_04_24,2c16b21f64ac893fc7dd8fd60f2a018c,run_line,home,-142.0,1.704225352112676,,,0.7518771043311586,0.7456139471748896,juiced
2026_04_24,2c16b21f64ac893fc7dd8fd60f2a018c,run_line,away,119.0,2.19,,,0.2565228956688413,0.2543860528251104,juiced
2026_04_24,34a8cd87a97eb098ddeb7d6d4022544d,run_line,home,135.0,2.35,,,0.46645506149915517,0.45901895443727136,juiced
2026_04_24,34a8cd87a97eb098ddeb7d6d4022544d,run_line,away,-163.0,1.6134969325153374,,,0.5497449385008448,0.5409810455627286,juiced
2026_04_24,392c482c74dac60779aaf9841598058b,run_line,home,-181.0,1.5524861878453038,,,0.738073391982986,0.7400715852631967,juiced
2026_04_24,392c482c74dac60779aaf9841598058b,run_line,away,149.0,2.49,,,0.2592266080170139,0.2599284147368033,juiced
2026_04_24,55fa28ecac0b985cde7ea3ed079986e0,run_line,home,119.0,2.19,,,0.3780726312909835,0.37682909527657077,juiced
2026_04_24,55fa28ecac0b985cde7ea3ed079986e0,run_line,away,-142.0,1.704225352112676,,,0.6252273687090165,0.6231709047234292,juiced
2026_04_24,6dfa085cbcdafd48dfe2b4a3ec7d5e04,run_line,home,-131.0,1.763358778625954,,,0.6047909888175498,0.5967350654341882,juiced
2026_04_24,6dfa085cbcdafd48dfe2b4a3ec7d5e04,run_line,away,108.0,2.08,,,0.40870901118245023,0.40326493456581175,juiced
2026_04_24,781378f4580bd5ca464d5bfa8f1035a2,run_line,home,-178.0,1.5617977528089888,,,0.7977782214633157,0.7999380542096819,juiced
2026_04_24,781378f4580bd5ca464d5bfa8f1035a2,run_line,away,147.0,2.47,,,0.1995217785366843,0.20006194579031816,juiced
2026_04_24,7b000b2feb3413984543d3be6ccd448b,run_line,home,-131.0,1.763358778625954,,,0.5901271638921004,0.5822665652610758,juiced
2026_04_24,7b000b2feb3413984543d3be6ccd448b,run_line,away,108.0,2.08,,,0.4233728361078996,0.4177334347389241,juiced
2026_04_24,8a412fa061b10c75d57bc591bf081271,run_line,home,144.0,2.44,,,0.4521243909998352,0.45077207477550874,juiced
2026_04_24,8a412fa061b10c75d57bc591bf081271,run_line,away,-175.0,1.5714285714285714,,,0.5508756090001647,0.5492279252244914,juiced
2026_04_24,932ab74f8b661c6fcaea03f907780fce,run_line,home,-185.0,1.5405405405405406,,,0.7241925586643216,0.7207330400719762,juiced
2026_04_24,932ab74f8b661c6fcaea03f907780fce,run_line,away,152.0,2.52,,,0.2806074413356783,0.2792669599280238,juiced
2026_04_24,988cc0182b2c8cc4ce2bd71787602b09,run_line,home,-204.0,1.4901960784313726,,,0.8546932010461289,0.8450595224897457,juiced
2026_04_24,988cc0182b2c8cc4ce2bd71787602b09,run_line,away,168.0,2.68,,,0.1567067989538711,0.1549404775102542,juiced
2026_04_24,c5471ce2c30f59270ff07727d27ce902,run_line,home,-163.0,1.6134969325153374,,,0.6291229334243812,0.6222163321376533,juiced
2026_04_24,c5471ce2c30f59270ff07727d27ce902,run_line,away,135.0,2.35,,,0.3819770665756188,0.3777836678623468,juiced
2026_04_25,0230d646bd78d15e54bbc955a0e7d747,run_line,home,135.0,2.35,,,0.3414020358778799,0.3359594921057665,juiced
2026_04_25,0230d646bd78d15e54bbc955a0e7d747,run_line,away,-163.0,1.6134969325153374,,,0.6747979641221201,0.6640405078942335,juiced
2026_04_25,08936c478449a51f7fe13f0d1640984f,run_line,home,127.0,2.27,,,0.3603487275083073,0.3573470126024468,juiced
2026_04_25,08936c478449a51f7fe13f0d1640984f,run_line,away,-153.0,1.65359477124183,,,0.6480512724916927,0.6426529873975533,juiced
2026_04_25,0ba37739cdf2986dfc1463c1da6a09f1,run_line,home,102.0,2.02,,,0.4247147524372162,0.42080130034401686,juiced
2026_04_25,0ba37739cdf2986dfc1463c1da6a09f1,run_line,away,-121.0,1.8264462809917357,,,0.5845852475627837,0.5791986996559831,juiced
2026_04_25,17a28912aee00dc855f859e2835228d9,run_line,home,152.0,2.52,,,0.38912186112720887,0.3881902046360823,juiced
2026_04_25,17a28912aee00dc855f859e2835228d9,run_line,away,-185.0,1.5405405405405406,,,0.6132781388727911,0.6118097953639178,juiced
2026_04_25,31a831e88d76ddeb493400030e7b7881,run_line,home,144.0,2.44,,,0.3771544330823247,0.37602635402026396,juiced
2026_04_25,31a831e88d76ddeb493400030e7b7881,run_line,away,-175.0,1.5714285714285714,,,0.6258455669176752,0.6239736459797361,juiced
2026_04_25,4231dc4bed4b8aac32157bce916837c9,run_line,home,152.0,2.52,,,0.2740102356153617,0.27335418556999375,juiced
2026_04_25,4231dc4bed4b8aac32157bce916837c9,run_line,away,-185.0,1.5405405405405406,,,0.7283897643846383,0.7266458144300063,juiced
2026_04_25,5ea60d3f2b8cbb37652324db287ef423,run_line,home,-204.0,1.4901960784313726,,,0.7611390351600077,0.7525598528376584,juiced
2026_04_25,5ea60d3f2b8cbb37652324db287ef423,run_line,away,166.0,2.66,,,0.25026096483999233,0.2474401471623416,juiced
2026_04_25,63131db348d369a559938449619679e9,run_line,home,159.0,2.59,,,0.3778728425372771,0.37372450058082995,juiced
2026_04_25,63131db348d369a559938449619679e9,run_line,away,-192.0,1.5208333333333337,,,0.6332271574627228,0.6262754994191702,juiced
2026_04_25,637539eefe84344993cdd0d125a3e0fa,run_line,home,149.0,2.49,,,0.3481921146079145,0.3486104471444879,juiced
2026_04_25,637539eefe84344993cdd0d125a3e0fa,run_line,away,-181.0,1.5524861878453038,,,0.6506078853920855,0.6513895528555121,juiced
2026_04_25,76173d6fb6052a6141d640d803185876,run_line,home,144.0,2.44,,,0.3391675127587831,0.3381530535979891,juiced
2026_04_25,76173d6fb6052a6141d640d803185876,run_line,away,-175.0,1.5714285714285714,,,0.6638324872412169,0.6618469464020108,juiced
2026_04_25,923d805add7039794f2363537d65f6c3,run_line,home,-172.0,1.5813953488372094,,,0.7190936857811991,0.7210404951180179,juiced
2026_04_25,923d805add7039794f2363537d65f6c3,run_line,away,141.0,2.41,,,0.27820631421880077,0.2789595048819822,juiced
2026_04_25,a06835fe8f4774ce140569b5ea8415bf,run_line,home,-192.0,1.5208333333333337,,,0.7395197368403728,0.7346709088420155,juiced
2026_04_25,a06835fe8f4774ce140569b5ea8415bf,run_line,away,159.0,2.59,,,0.2670802631596272,0.2653290911579845,juiced
2026_04_25,b266f49858dc754c6db869ecff6d52d5,run_line,home,-126.0,1.7936507936507935,,,0.5633168931276294,0.5586244477663918,juiced
2026_04_25,b266f49858dc754c6db869ecff6d52d5,run_line,away,104.0,2.04,,,0.4450831068723705,0.44137555223360825,juiced
2026_04_25,be47d30294aeb48696725d5dbe33216a,run_line,home,-135.0,1.7407407407407407,,,0.589498713015707,0.5840668909300574,juiced
2026_04_25,be47d30294aeb48696725d5dbe33216a,run_line,away,112.0,2.12,,,0.419801286984293,0.41593310906994246,juiced
2026_04_25,d8627b6c88e823c4e5eadd5bb0041769,run_line,home,129.0,2.29,,,0.3668624477027578,0.36380647332681254,juiced
2026_04_25,d8627b6c88e823c4e5eadd5bb0041769,run_line,away,-156.0,1.641025641025641,,,0.6415375522972422,0.6361935266731874,juiced
2026_04_26,02dcaedecc84abb3770b936306df02d9,run_line,home,-135.0,1.7407407407407407,,,0.6038696931569528,0.5983054524491755,juiced
2026_04_26,02dcaedecc84abb3770b936306df02d9,run_line,away,112.0,2.12,,,0.4054303068430471,0.40169454755082445,juiced
2026_04_26,0ac87629ee3c61883fb75f522f9e964d,run_line,home,112.0,2.12,,,0.4644789698653798,0.46336688933098547,juiced
2026_04_26,0ac87629ee3c61883fb75f522f9e964d,run_line,away,-135.0,1.7407407407407407,,,0.5379210301346202,0.5366331106690146,juiced
2026_04_26,1461fb537b3598f4090a3bd48ac75aa0,run_line,home,152.0,2.52,,,0.36405715761397117,0.363185512384249,juiced
2026_04_26,1461fb537b3598f4090a3bd48ac75aa0,run_line,away,-185.0,1.5405405405405406,,,0.6383428423860288,0.636814487615751,juiced
2026_04_26,1e288a31989294698b1a4901c9fda486,run_line,home,159.0,2.59,,,0.3076838922149886,0.30430609456531366,juiced
2026_04_26,1e288a31989294698b1a4901c9fda486,run_line,away,-192.0,1.5208333333333337,,,0.7034161077850113,0.6956939054346863,juiced
2026_04_26,3b5d0ef6c7e43cabe937c7a9f10067e9,run_line,home,-102.0,1.9803921568627447,,,0.5237181902294045,0.5173547270862436,juiced
2026_04_26,3b5d0ef6c7e43cabe937c7a9f10067e9,run_line,away,-117.0,1.8547008547008548,,,0.4885818097705955,0.4826452729137563,juiced
2026_04_26,4bd84afb941f32d8212a16abd49c992b,run_line,home,-196.0,1.510204081632653,,,0.7860724881013158,0.7772122682433417,juiced
2026_04_26,4bd84afb941f32d8212a16abd49c992b,run_line,away,160.0,2.6,,,0.2253275118986842,0.22278773175665828,juiced
2026_04_26,4bfe574e7c5269d65b3a9936e5793ada,run_line,home,-185.0,1.5405405405405406,,,0.7555843622865521,0.7519748828488776,juiced
2026_04_26,4bfe574e7c5269d65b3a9936e5793ada,run_line,away,152.0,2.52,,,0.2492156377134478,0.24802511715112244,juiced
2026_04_26,70d642527538cc1ee9ace67b17830b01,run_line,home,-142.0,1.704225352112676,,,0.6603290792881208,0.6548285197224523,juiced
2026_04_26,70d642527538cc1ee9ace67b17830b01,run_line,away,119.0,2.19,,,0.3480709207118792,0.3451714802775478,juiced
2026_04_26,7ec692536ced485b4f6b8d0e30b4fef8,run_line,home,149.0,2.49,,,0.3148883627697879,0.3152666827891349,juiced
2026_04_26,7ec692536ced485b4f6b8d0e30b4fef8,run_line,away,-181.0,1.5524861878453038,,,0.6839116372302121,0.6847333172108652,juiced
2026_04_26,b5cfe25f8464fa7df106032a0f8176cb,run_line,home,-135.0,1.7407407407407407,,,0.5985645720679506,0.5930492143742699,juiced
2026_04_26,b5cfe25f8464fa7df106032a0f8176cb,run_line,away,112.0,2.12,,,0.41073542793204937,0.4069507856257301,juiced
2026_04_26,c26a6d846d17f3b6d042903c4207d68f,run_line,home,129.0,2.29,,,0.503272590432365,0.49908031577981465,juiced
2026_04_26,c26a6d846d17f3b6d042903c4207d68f,run_line,away,-156.0,1.641025641025641,,,0.505127409567635,0.5009196842201855,juiced
2026_04_26,cc556f65adbf4288f6798535aeee908d,run_line,home,141.0,2.41,,,0.4187957488653084,0.4175431195067881,juiced
2026_04_26,cc556f65adbf4288f6798535aeee908d,run_line,away,-172.0,1.5813953488372094,,,0.5842042511346915,0.582456880493212,juiced
2026_04_26,d39ff9cf8baccfeb8924d92a8ef7f7f7,run_line,home,163.0,2.63,,,0.34342236670161863,0.3388479197845275,juiced
2026_04_26,d39ff9cf8baccfeb8924d92a8ef7f7f7,run_line,away,-200.0,1.5,,,0.6700776332983813,0.6611520802154724,juiced
2026_04_26,d8f901c0fc526d986a568d86c64039d5,run_line,home,159.0,2.59,,,0.36374935964677907,0.35975606729975185,juiced
2026_04_26,d8f901c0fc526d986a568d86c64039d5,run_line,away,-192.0,1.5208333333333337,,,0.6473506403532209,0.6402439327002482,juiced
2026_04_26,f837a42730f5b62ac990bb62b5c144a3,run_line,home,152.0,2.52,,,0.38291397997053866,0.3819971867224049,juiced
2026_04_26,f837a42730f5b62ac990bb62b5c144a3,run_line,away,-185.0,1.5405405405405406,,,0.6194860200294613,0.6180028132775951,juiced
2026_04_26,f98073ff54e69128fe75a3c5776fb520,run_line,home,152.0,2.52,,,0.3574308534110497,0.35657507323528503,juiced
2026_04_26,f98073ff54e69128fe75a3c5776fb520,run_line,away,-185.0,1.5405405405405406,,,0.6449691465889503,0.6434249267647151,juiced
2026_04_27,0b45fce085ac92932833ba131d0e395d,run_line,home,-142.0,1.704225352112676,,,0.6265978039808685,0.6213782268751176,juiced
2026_04_27,0b45fce085ac92932833ba131d0e395d,run_line,away,119.0,2.19,,,0.38180219601913146,0.37862177312488243,juiced
2026_04_27,1a4159875887b1b0c4fe65b367df29a7,run_line,home,149.0,2.49,,,0.4084178368904776,0.4089085271230252,juiced
2026_04_27,1a4159875887b1b0c4fe65b367df29a7,run_line,away,-181.0,1.5524861878453038,,,0.5903821631095224,0.5910914728769747,juiced
2026_04_27,371ff765cd40348073b510b2f45d81e9,run_line,home,-112.0,1.8928571428571428,,,0.5603441839031577,0.5540282617195547,juiced
2026_04_27,371ff765cd40348073b510b2f45d81e9,run_line,away,-107.0,1.9345794392523368,,,0.45105581609684237,0.44597173828044523,juiced
2026_04_27,4231e596c0ccb42a62c16bf46b6854a6,run_line,home,159.0,2.59,,,0.4525598929851599,0.44759162593725643,juiced
2026_04_27,4231e596c0ccb42a62c16bf46b6854a6,run_line,away,-192.0,1.5208333333333337,,,0.55854010701484,0.5524083740627437,juiced
2026_04_27,65f2df473a540a92e7f974a290ed36fb,run_line,home,-142.0,1.704225352112676,,,0.6048296256548984,0.5997913780790345,juiced
2026_04_27,65f2df473a540a92e7f974a290ed36fb,run_line,away,119.0,2.19,,,0.40357037434510157,0.40020862192096546,juiced
2026_04_27,717163f13d80f9495ad5b88b9396ca1a,run_line,home,-175.0,1.5714285714285714,,,0.711507151548274,0.7134334217870993,juiced
2026_04_27,717163f13d80f9495ad5b88b9396ca1a,run_line,away,144.0,2.44,,,0.28579284845172587,0.28656657821290077,juiced
2026_04_27,aede5ca829ddcbc5ee6726a1c0a03117,run_line,home,-156.0,1.641025641025641,,,0.7573017527106763,0.7559410588048276,juiced
2026_04_27,aede5ca829ddcbc5ee6726a1c0a03117,run_line,away,129.0,2.29,,,0.24449824728932362,0.2440589411951723,juiced
2026_04_27,eb2a21d7a425f6a975d1eae9da93e4c7,run_line,home,152.0,2.52,,,0.2798733497624909,0.27920326193384964,juiced
2026_04_27,eb2a21d7a425f6a975d1eae9da93e4c7,run_line,away,-185.0,1.5405405405405406,,,0.7225266502375091,0.7207967380661503,juiced
2026_04_28,3c9ebf868da49e615e589bd0d839b640,run_line,home,141.0,2.41,,,0.3496314091605498,0.34858565220393795,juiced
2026_04_28,3c9ebf868da49e615e589bd0d839b640,run_line,away,-172.0,1.5813953488372094,,,0.6533685908394502,0.6514143477960619,juiced
2026_04_28,54e35854b4573f13cd3a3491cd75cfa1,run_line,home,-135.0,1.7407407407407407,,,0.540532167760958,0.535551538453342,juiced
2026_04_28,54e35854b4573f13cd3a3491cd75cfa1,run_line,away,112.0,2.12,,,0.4687678322390419,0.46444846154665803,juiced
2026_04_28,5a48e526a92801449cb2aff612e11b5f,run_line,home,-192.0,1.5208333333333337,,,0.7391380912329701,0.7342917655801412,juiced
2026_04_28,5a48e526a92801449cb2aff612e11b5f,run_line,away,159.0,2.59,,,0.2674619087670298,0.26570823441985875,juiced
2026_04_28,5a82b72d720f0eb369a8aaea7d673273,run_line,home,135.0,2.35,,,0.42514876605515106,0.4183711533705482,juiced
2026_04_28,5a82b72d720f0eb369a8aaea7d673273,run_line,away,-163.0,1.6134969325153374,,,0.5910512339448489,0.5816288466294518,juiced
2026_04_28,6015a24988595d49a325507fa8543243,run_line,home,-192.0,1.5208333333333337,,,0.803637709291202,0.7983684773407531,juiced
2026_04_28,6015a24988595d49a325507fa8543243,run_line,away,156.0,2.56,,,0.2029622907087979,0.2016315226592469,juiced
2026_04_28,630b5c008c0741c01c32f890068fa598,run_line,home,-163.0,1.6134969325153374,,,0.6745648167027912,0.6671593479406501,juiced
2026_04_28,630b5c008c0741c01c32f890068fa598,run_line,away,135.0,2.35,,,0.3365351832972088,0.33284065205935004,juiced
2026_04_28,72f79061defb394c2e533967c55edb30,run_line,home,-192.0,1.5208333333333337,,,0.8245425277286464,0.8191362286197561,juiced
2026_04_28,72f79061defb394c2e533967c55edb30,run_line,away,159.0,2.59,,,0.1820574722713535,0.1808637713802439,juiced
2026_04_28,7401e0a3694fdfd518a0b949987e61b4,run_line,home,-163.0,1.6134969325153374,,,0.677167188543606,0.6697331505722541,juiced
2026_04_28,7401e0a3694fdfd518a0b949987e61b4,run_line,away,135.0,2.35,,,0.333932811456394,0.33026684942774603,juiced
2026_04_28,781a040a058473c689200f515770de83,run_line,home,100.0,2.0,,,0.48822483018488977,0.47959217110499974,juiced
2026_04_28,781a040a058473c689200f515770de83,run_line,away,-120.0,1.8333333333333333,,,0.5297751698151102,0.5204078288950001,juiced
2026_04_28,b2b5566d4285c0ab7ca9f78f4d1a6de7,run_line,home,152.0,2.52,,,0.3331846770977779,0.33238694842156613,juiced
2026_04_28,b2b5566d4285c0ab7ca9f78f4d1a6de7,run_line,away,-185.0,1.5405405405405406,,,0.6692153229022221,0.6676130515784339,juiced
2026_04_28,bb7e51c3ed5e76ca658d46e6b586c0fa,run_line,home,-166.0,1.6024096385542168,,,0.6998782521471744,0.6921948888805998,juiced
2026_04_28,bb7e51c3ed5e76ca658d46e6b586c0fa,run_line,away,139.0,2.39,,,0.31122174785282564,0.30780511111940034,juiced
2026_04_28,be00405883c8d7ad0c220c8af4c08a53,run_line,home,-142.0,1.704225352112676,,,0.672857918369418,0.6672529932263169,juiced
2026_04_28,be00405883c8d7ad0c220c8af4c08a53,run_line,away,119.0,2.19,,,0.33554208163058197,0.332747006773683,juiced
2026_04_28,ca628e132f0ee9d811d1967c7062a0a5,run_line,home,123.0,2.23,,,0.3594020599349712,0.3567266103572916,juiced
2026_04_28,ca628e132f0ee9d811d1967c7062a0a5,run_line,away,-149.0,1.6711409395973154,,,0.6480979400650287,0.6432733896427085,juiced
2026_04_28,d221d6de333533ced3489663067a588d,run_line,home,-163.0,1.6134969325153374,,,0.6436272802355921,0.636561448161005,juiced
2026_04_28,d221d6de333533ced3489663067a588d,run_line,away,135.0,2.35,,,0.3674727197644079,0.3634385518389951,juiced
2026_04_28,fbf763600d3ccdeb10333812e326159f,run_line,home,112.0,2.12,,,0.4341855798180365,0.43314602934760227,juiced
2026_04_28,fbf763600d3ccdeb10333812e326159f,run_line,away,-135.0,1.7407407407407407,,,0.5682144201819634,0.5668539706523977,juiced
2026_04_29,0b82fc67da784ef2d4225438c8e33b6a,run_line,home,149.0,2.49,,,0.4148979033765003,0.4153963790313379,juiced
2026_04_29,0b82fc67da784ef2d4225438c8e33b6a,run_line,away,-181.0,1.5524861878453038,,,0.5839020966234997,0.5846036209686621,juiced
2026_04_29,1893671667b0416333a1bb815e98c138,run_line,home,-178.0,1.5617977528089888,,,0.6538780019791844,0.6556482522602873,juiced
2026_04_29,1893671667b0416333a1bb815e98c138,run_line,away,147.0,2.47,,,0.34342199802081547,0.3443517477397127,juiced
2026_04_29,3bf2df80de60f0bf82343a646a188fb2,run_line,home,-149.0,1.6711409395973154,,,0.6454637468712275,0.6402774991282884,juiced
2026_04_29,3bf2df80de60f0bf82343a646a188fb2,run_line,away,123.0,2.23,,,0.3626362531287724,0.35972250087171154,juiced
2026_04_29,68d4de1e01d8567e0d2e4a137d4b254b,run_line,home,-135.0,1.7407407407407407,,,0.6920659086482226,0.6856890009394854,juiced
2026_04_29,68d4de1e01d8567e0d2e4a137d4b254b,run_line,away,112.0,2.12,,,0.3172340913517774,0.3143109990605146,juiced
2026_04_29,7459efe5719c27130877cc640b75f8ba,run_line,home,-192.0,1.5208333333333337,,,0.7236590904068191,0.7189142563151392,juiced
2026_04_29,7459efe5719c27130877cc640b75f8ba,run_line,away,156.0,2.56,,,0.2829409095931809,0.28108574368486083,juiced
2026_04_29,7760595a4e43ffc332f44c4146b7c5ef,run_line,home,129.0,2.29,,,0.4566989352170443,0.45289462040563694,juiced
2026_04_29,7760595a4e43ffc332f44c4146b7c5ef,run_line,away,-156.0,1.641025641025641,,,0.5517010647829557,0.547105379594363,juiced
2026_04_29,80411c6402609069c4467ccdcb494273,run_line,home,-105.0,1.9523809523809523,,,0.5586280838301796,0.5518404463401952,juiced
2026_04_29,80411c6402609069c4467ccdcb494273,run_line,away,-114.0,1.8771929824561404,,,0.45367191616982033,0.44815955365980475,juiced
2026_04_29,8fd17a4be77506eba9c4446e52b3ce71,run_line,home,135.0,2.35,,,0.41706409671585837,0.41041536775817594,juiced
2026_04_29,8fd17a4be77506eba9c4446e52b3ce71,run_line,away,-163.0,1.6134969325153374,,,0.5991359032841416,0.589584632241824,juiced
2026_04_29,abd0114b226ed04c6bd4daac824f5241,run_line,home,-156.0,1.641025641025641,,,0.6730911098046859,0.671881722703819,juiced
2026_04_29,abd0114b226ed04c6bd4daac824f5241,run_line,away,129.0,2.29,,,0.32870889019531413,0.328118277296181,juiced
2026_04_29,af3e6454c0293bcd38866af00fb22cc1,run_line,home,-163.0,1.6134969325153374,,,0.7210974616039508,0.7131811508297408,juiced
2026_04_29,af3e6454c0293bcd38866af00fb22cc1,run_line,away,135.0,2.35,,,0.29000253839604917,0.28681884917025935,juiced
2026_04_29,c0a29accc7d25369ec83132f9e4034da,run_line,home,159.0,2.59,,,0.3257507207097869,0.32217458284026,juiced
2026_04_29,c0a29accc7d25369ec83132f9e4034da,run_line,away,-192.0,1.5208333333333337,,,0.685349279290213,0.67782541715974,juiced
2026_04_29,dbb1f14488d5ad0f783dce845101d4c1,run_line,home,-188.0,1.5319148936170213,,,0.7816492172238387,0.7779152241479287,juiced
2026_04_29,dbb1f14488d5ad0f783dce845101d4c1,run_line,away,156.0,2.56,,,0.22315078277616118,0.22208477585207126,juiced
2026_04_29,dbde00d498a1f217c0ee8968123b069f,run_line,home,-175.0,1.5714285714285714,,,0.5949128414214215,0.5965234547492446,juiced
2026_04_29,dbde00d498a1f217c0ee8968123b069f,run_line,away,144.0,2.44,,,0.4023871585785784,0.4034765452507555,juiced
2026_04_29,de142860d352b18879f2382e67ab3e2e,run_line,home,-200.0,1.5,,,0.7452001686897038,0.7368006413779946,juiced
2026_04_29,de142860d352b18879f2382e67ab3e2e,run_line,away,166.0,2.66,,,0.2661998313102961,0.2631993586220052,juiced
2026_04_29,e837e7b2a838ec74034cfbc99b119fb2,run_line,home,139.0,2.39,,,0.4484946894070751,0.44134490199476,juiced
2026_04_29,e837e7b2a838ec74034cfbc99b119fb2,run_line,away,-166.0,1.6024096385542168,,,0.5677053105929248,0.5586550980052399,juiced
2026_04_30,0abd6580f0a4c91cb98db1774d582be8,run_line,home,163.0,2.63,,,0.3442273668502129,0.3396421971881726,juiced
2026_04_30,0abd6580f0a4c91cb98db1774d582be8,run_line,away,-200.0,1.5,,,0.669272633149787,0.6603578028118274,juiced
2026_04_30,6f84f4f2e016877657f3d3ae23ce6760,run_line,home,-185.0,1.5405405405405406,,,0.7327037069420432,0.7292035299980526,juiced
2026_04_30,6f84f4f2e016877657f3d3ae23ce6760,run_line,away,152.0,2.52,,,0.2720962930579567,0.27079647000194734,juiced
2026_04_30,788f4dc2e6058c5b7725dafd62fd9b9d,run_line,home,-156.0,1.641025641025641,,,0.6087419472110828,0.6076481804862076,juiced
2026_04_30,788f4dc2e6058c5b7725dafd62fd9b9d,run_line,away,129.0,2.29,,,0.3930580527889172,0.3923518195137924,juiced
2026_04_30,a43beaa62a7673615a11856370287f3b,run_line,home,102.0,2.02,,,0.4927513499058895,0.4882109877200927,juiced
2026_04_30,a43beaa62a7673615a11856370287f3b,run_line,away,-121.0,1.8264462809917357,,,0.5165486500941104,0.5117890122799074,juiced
2026_04_30,c229774bb80147623f1c232bad890e16,run_line,home,119.0,2.19,,,0.4638580590241393,0.46233236222878427,juiced
2026_04_30,c229774bb80147623f1c232bad890e16,run_line,away,-142.0,1.704225352112676,,,0.5394419409758607,0.5376676377712157,juiced
2026_04_30,c31726958fc1b67f38d3673aa8931ab7,run_line,home,152.0,2.52,,,0.3311678884162367,0.3303749884439712,juiced
2026_04_30,c31726958fc1b67f38d3673aa8931ab7,run_line,away,-185.0,1.5405405405405406,,,0.6712321115837633,0.6696250115560288,juiced
2026_04_30,d1e8ca71cf93b52520848723fb9b56a3,run_line,home,102.0,2.02,,,0.5256876220471279,0.5208437749401843,juiced
2026_04_30,d1e8ca71cf93b52520848723fb9b56a3,run_line,away,-121.0,1.8264462809917357,,,0.483612377952872,0.47915622505981575,juiced
2026_04_30,d90908eede84c449de24cbd9b202bcf7,run_line,home,154.0,2.54,,,0.4303400218931221,0.42930967866432773,juiced
2026_04_30,d90908eede84c449de24cbd9b202bcf7,run_line,away,-188.0,1.5319148936170213,,,0.5720599781068779,0.5706903213356723,juiced
2026_04_30,e5babd0fb427836d74e73a544af17f39,run_line,home,-200.0,1.5,,,0.7837049928024409,0.774871458179198,juiced
2026_04_30,e5babd0fb427836d74e73a544af17f39,run_line,away,166.0,2.66,,,0.22769500719755909,0.22512854182080191,juiced
2026_05_01,153461ac6d07b9cf3c047b0052a27400,run_line,home,-169.0,1.5917159763313609,,,0.6547887381127785,0.6522449826803252,juiced
2026_05_01,153461ac6d07b9cf3c047b0052a27400,run_line,away,140.0,2.4,,,0.34911126188722147,0.34775501731967473,juiced
2026_05_01,224916189ace451ec4c3a758ac5d3b0d,run_line,home,-156.0,1.641025641025641,,,0.695649188488485,0.6943992698028398,juiced
2026_05_01,224916189ace451ec4c3a758ac5d3b0d,run_line,away,129.0,2.29,,,0.306150811511515,0.3056007301971601,juiced
2026_05_01,4331dd522336be02de34b61018be0cc9,run_line,home,-112.0,1.8928571428571428,,,0.5407290001697372,0.5346341706246166,juiced
2026_05_01,4331dd522336be02de34b61018be0cc9,run_line,away,-107.0,1.9345794392523368,,,0.4706709998302628,0.4653658293753834,juiced
2026_05_01,4c46549aafa11d0400c4c8c87e755dda,run_line,home,141.0,2.41,,,0.3654343020858247,0.3643412782510715,juiced
2026_05_01,4c46549aafa11d0400c4c8c87e755dda,run_line,away,-172.0,1.5813953488372094,,,0.6375656979141753,0.6356587217489285,juiced
2026_05_01,5c57e8c626d8c6627101848a75f83307,run_line,home,152.0,2.52,,,0.35314712047332397,0.35230159664138466,juiced
2026_05_01,5c57e8c626d8c6627101848a75f83307,run_line,away,-185.0,1.5405405405405406,,,0.649252879526676,0.6476984033586153,juiced
2026_05_01,6f2e9ec22774fd2d53ca6ed64f1ec7e5,run_line,home,104.0,2.04,,,0.5478731874156223,0.5428249156996158,juiced
2026_05_01,6f2e9ec22774fd2d53ca6ed64f1ec7e5,run_line,away,-126.0,1.7936507936507935,,,0.4614268125843777,0.45717508430038406,juiced
2026_05_01,71bed1a7ce55f688df69c714d2376fe7,run_line,home,-185.0,1.5405405405405406,,,0.7705336775691749,0.766852784204991,juiced
2026_05_01,71bed1a7ce55f688df69c714d2376fe7,run_line,away,150.0,2.5,,,0.23426632243082499,0.23314721579500897,juiced
2026_05_01,99cbbfbfd9560db3b77799bea7dfc475,run_line,home,-149.0,1.6711409395973154,,,0.7100853311922334,0.7043798543718216,juiced
2026_05_01,99cbbfbfd9560db3b77799bea7dfc475,run_line,away,123.0,2.23,,,0.2980146688077666,0.29562014562817834,juiced
2026_05_01,a469364d09b62046dd2c9d0acf413e9b,run_line,home,-131.0,1.763358778625954,,,0.5786666474906934,0.5709587049735504,juiced
2026_05_01,a469364d09b62046dd2c9d0acf413e9b,run_line,away,108.0,2.08,,,0.4348333525093066,0.4290412950264495,juiced
2026_05_01,a69ddb925b6880022ed2ad0e0f2787fd,run_line,home,141.0,2.41,,,0.4357854201409867,0.43448197421833173,juiced
2026_05_01,a69ddb925b6880022ed2ad0e0f2787fd,run_line,away,-172.0,1.5813953488372094,,,0.5672145798590132,0.5655180257816683,juiced
2026_05_01,d4c3dbfeab9d45e50dea2e86b3da477a,run_line,home,-172.0,1.5813953488372094,,,0.6624731842006404,0.6642667043022565,juiced
2026_05_01,d4c3dbfeab9d45e50dea2e86b3da477a,run_line,away,142.0,2.42,,,0.3348268157993596,0.3357332956977435,juiced
2026_05_01,eb5e5ee05cf9e2c9e3df8f51d9835b52,run_line,home,-188.0,1.5319148936170213,,,0.7407099529677152,0.7371715296255128,juiced
2026_05_01,eb5e5ee05cf9e2c9e3df8f51d9835b52,run_line,away,154.0,2.54,,,0.26409004703228467,0.26282847037448714,juiced
2026_05_01,f451d4c00cab2b041332088186c10c3c,run_line,home,119.0,2.19,,,0.5172790911267376,0.5155776847670066,juiced
2026_05_01,f451d4c00cab2b041332088186c10c3c,run_line,away,-142.0,1.704225352112676,,,0.4860209088732623,0.4844223152329935,juiced
2026_05_01,f9bc114c35828121793d26f1d0d40338,run_line,home,152.0,2.52,,,0.3783509550665606,0.37744508685810113,juiced
2026_05_01,f9bc114c35828121793d26f1d0d40338,run_line,away,-185.0,1.5405405405405406,,,0.6240490449334394,0.6225549131418988,juiced
2026_05_02,27aba50ebc7d419dd836a458e12b2faf,run_line,home,159.0,2.59,,,0.43019151273253087,0.4254688089531509,juiced
2026_05_02,27aba50ebc7d419dd836a458e12b2faf,run_line,away,-192.0,1.5208333333333337,,,0.580908487267469,0.574531191046849,juiced
2026_05_02,2a3a64708f7d4e8c0f5ee57ea757d07c,run_line,home,129.0,2.29,,,0.507346518702781,0.5031203081146183,juiced
2026_05_02,2a3a64708f7d4e8c0f5ee57ea757d07c,run_line,away,-156.0,1.641025641025641,,,0.501053481297219,0.49687969188538184,juiced
2026_05_02,383d74609e0b5f77bfaf7eaa55477b31,run_line,home,149.0,2.49,,,0.3414776611853241,0.3418879266973609,juiced
2026_05_02,383d74609e0b5f77bfaf7eaa55477b31,run_line,away,-181.0,1.5524861878453038,,,0.6573223388146759,0.6581120733026391,juiced
2026_05_02,3d047ad3bc82a8e990a4aeafa447568f,run_line,home,-135.0,1.7407407407407407,,,0.6883855342281737,0.6820425386190168,juiced
2026_05_02,3d047ad3bc82a8e990a4aeafa447568f,run_line,away,112.0,2.12,,,0.32091446577182625,0.3179574613809831,juiced
2026_05_02,446e036e67d7b97011f14ad76cab4645,run_line,home,139.0,2.39,,,0.33035492722872556,0.32508849363188896,juiced
2026_05_02,446e036e67d7b97011f14ad76cab4645,run_line,away,-166.0,1.6024096385542168,,,0.6858450727712744,0.674911506368111,juiced
2026_05_02,7bda241ffa570175ee12fdbd71a4b3c9,run_line,home,152.0,2.52,,,0.3538761304651204,0.3530288611982446,juiced
2026_05_02,7bda241ffa570175ee12fdbd71a4b3c9,run_line,away,-185.0,1.5405405405405406,,,0.6485238695348796,0.6469711388017554,juiced
2026_05_02,7dd5007f59f84948d08db8b63132cdec,run_line,home,-156.0,1.641025641025641,,,0.6271895074542225,0.626062594783612,juiced
2026_05_02,7dd5007f59f84948d08db8b63132cdec,run_line,away,129.0,2.29,,,0.3746104925457775,0.37393740521638796,juiced
2026_05_02,826eb43891b621623989f26eb6deccab,run_line,home,108.0,2.08,,,0.5074573564341934,0.5033799786074729,juiced
2026_05_02,826eb43891b621623989f26eb6deccab,run_line,away,-131.0,1.763358778625954,,,0.5006426435658066,0.4966200213925271,juiced
2026_05_02,8a401fa09b77692deee8ed01cd058b3d,run_line,home,152.0,2.52,,,0.3934247380471913,0.3924827793766873,juiced
2026_05_02,8a401fa09b77692deee8ed01cd058b3d,run_line,away,-185.0,1.5405405405405406,,,0.6089752619528087,0.6075172206233128,juiced
2026_05_02,a5c3ef5e48ad39a2a1e04b385a33f7f0,run_line,home,-185.0,1.5405405405405406,,,0.7497709917538011,0.7461892831944678,juiced
2026_05_02,a5c3ef5e48ad39a2a1e04b385a33f7f0,run_line,away,152.0,2.52,,,0.2550290082461988,0.25381071680553224,juiced
2026_05_02,ad24319e5623a8196399f98734f3be87,run_line,home,-188.0,1.5319148936170213,,,0.7311018922607019,0.7276093672976731,juiced
2026_05_02,ad24319e5623a8196399f98734f3be87,run_line,away,154.0,2.54,,,0.2736981077392981,0.27239063270232694,juiced
2026_05_02,b23ef59a61f5e3a71d93b5ae6eed4786,run_line,home,-163.0,1.6134969325153374,,,0.6373765423294833,0.6303793317470906,juiced
2026_05_02,b23ef59a61f5e3a71d93b5ae6eed4786,run_line,away,135.0,2.35,,,0.37372345767051673,0.36962066825290946,juiced
2026_05_02,c0137f0b36b1eea6d91260c926fe437e,run_line,home,-156.0,1.641025641025641,,,0.6710165760045955,0.6698109163551562,juiced
2026_05_02,c0137f0b36b1eea6d91260c926fe437e,run_line,away,129.0,2.29,,,0.3307834239954045,0.3301890836448438,juiced
2026_05_02,d5dfcb82d0a54536cff3e16f1858d180,run_line,home,119.0,2.19,,,0.44303284397447873,0.44157564434812996,juiced
2026_05_02,d5dfcb82d0a54536cff3e16f1858d180,run_line,away,-142.0,1.704225352112676,,,0.5602671560255212,0.5584243556518701,juiced
2026_05_02,e9452f8c1e4f22f3d7ff43170252ddfe,run_line,home,123.0,2.23,,,0.5034040860998106,0.4996566611412512,juiced
2026_05_02,e9452f8c1e4f22f3d7ff43170252ddfe,run_line,away,-149.0,1.6711409395973154,,,0.5040959139001895,0.5003433388587488,juiced
2026_05_03,092612a571aeb504211ec7f4950924e3,run_line,home,-117.0,1.8547008547008548,,,0.5368999853650961,0.5308483145788966,juiced
2026_05_03,092612a571aeb504211ec7f4950924e3,run_line,away,-102.0,1.9803921568627447,,,0.4745000146349039,0.46915168542110325,juiced
2026_05_03,1c691cd82a568ab8542e6672e53d0125,run_line,home,-142.0,1.704225352112676,,,0.5988545530445627,0.5938660779894513,juiced
2026_05_03,1c691cd82a568ab8542e6672e53d0125,run_line,away,119.0,2.19,,,0.40954544695543726,0.40613392201054865,juiced
2026_05_03,257b715ef1fa8b967fb27a46de2d3021,run_line,home,-142.0,1.704225352112676,,,0.5958088641833658,0.590845759801037,juiced
2026_05_03,257b715ef1fa8b967fb27a46de2d3021,run_line,away,119.0,2.19,,,0.4125911358166342,0.4091542401989629,juiced
2026_05_03,341da475ed0042be75b5bc44221f8161,run_line,home,-185.0,1.5405405405405406,,,0.7442469436651064,0.7406916238705279,juiced
2026_05_03,341da475ed0042be75b5bc44221f8161,run_line,away,152.0,2.52,,,0.2605530563348936,0.25930837612947216,juiced
2026_05_03,4c6f75a0f0a2e467d79983253235c3a9,run_line,home,-135.0,1.7407407407407407,,,0.6345706130243058,0.6287234846173645,juiced
2026_05_03,4c6f75a0f0a2e467d79983253235c3a9,run_line,away,112.0,2.12,,,0.3747293869756941,0.3712765153826356,juiced
2026_05_03,60f28cce3cfa86c53a2a227c6532203a,run_line,home,112.0,2.12,,,0.48559076418531194,0.48442813665733436,juiced
2026_05_03,60f28cce3cfa86c53a2a227c6532203a,run_line,away,-135.0,1.7407407407407407,,,0.5168092358146881,0.5155718633426657,juiced
2026_05_03,83a816db7e0b75a4f8d0b9a486ad3113,run_line,home,163.0,2.63,,,0.3365588673718731,0.33207584348482794,juiced
2026_05_03,83a816db7e0b75a4f8d0b9a486ad3113,run_line,away,-200.0,1.5,,,0.6769411326281268,0.667924156515172,juiced
2026_05_03,8ca3a46477683553d785413b73444311,run_line,home,-131.0,1.763358778625954,,,0.5256617029945394,0.5186597957518889,juiced
2026_05_03,8ca3a46477683553d785413b73444311,run_line,away,108.0,2.08,,,0.4878382970054606,0.4813402042481111,juiced
2026_05_03,9e48c32033c5db8cdc98fcd3ecdc2aa2,run_line,home,-109.0,1.9174311926605505,,,0.5818760421869131,0.5754881240103977,juiced
2026_05_03,9e48c32033c5db8cdc98fcd3ecdc2aa2,run_line,away,-109.0,1.9174311926605505,,,0.4292239578130868,0.42451187598960227,juiced
2026_05_03,b713b3ae079ed7d21c2a9f7edb043f6b,run_line,home,-188.0,1.5319148936170213,,,0.7714214062089186,0.7677362721028251,juiced
2026_05_03,b713b3ae079ed7d21c2a9f7edb043f6b,run_line,away,156.0,2.56,,,0.2333785937910813,0.2322637278971749,juiced
2026_05_03,b7ad1d7b238b8062d64011d24d284989,run_line,home,112.0,2.12,,,0.4423646254498912,0.44130549226844695,juiced
2026_05_03,b7ad1d7b238b8062d64011d24d284989,run_line,away,-135.0,1.7407407407407407,,,0.5600353745501088,0.558694507731553,juiced
2026_05_03,b7ecafff68e95721e956a1a960acdd98,run_line,home,-188.0,1.5319148936170213,,,0.7732989698966367,0.7696048665372579,juiced
2026_05_03,b7ecafff68e95721e956a1a960acdd98,run_line,away,156.0,2.56,,,0.2315010301033632,0.23039513346274207,juiced
2026_05_03,ba204fb233ca7bb67ee89a3dd893e188,run_line,home,-163.0,1.6134969325153374,,,0.644557963072099,0.6374819138286016,juiced
2026_05_03,ba204fb233ca7bb67ee89a3dd893e188,run_line,away,135.0,2.35,,,0.366542036927901,0.3625180861713985,juiced
2026_05_03,c07320ad7cda17703d445ae8f3b85376,run_line,home,129.0,2.29,,,0.4576069594295557,0.45379508075124525,juiced
2026_05_03,c07320ad7cda17703d445ae8f3b85376,run_line,away,-156.0,1.641025641025641,,,0.5507930405704443,0.5462049192487548,juiced
2026_05_03,e05ec850dc5af5d56ee55a4acb831ae9,run_line,home,-196.0,1.510204081632653,,,0.7212850691778729,0.7131551010261745,juiced
2026_05_03,e05ec850dc5af5d56ee55a4acb831ae9,run_line,away,161.0,2.6100000000000003,,,0.290114930822127,0.28684489897382537,juiced
2026_05_04,1be0149112c46951b21b30f3277a53dd,run_line,home,-105.0,1.9523809523809523,,,0.5582465517205026,0.5514635500548283,juiced
2026_05_04,1be0149112c46951b21b30f3277a53dd,run_line,away,-114.0,1.8771929824561404,,,0.45405344827949734,0.4485364499451717,juiced
2026_05_04,25d5af851ff059eb0a390e1f5908f926,run_line,home,-112.0,1.8928571428571428,,,0.4424874497547955,0.43749995032113453,juiced
2026_05_04,25d5af851ff059eb0a390e1f5908f926,run_line,away,-107.0,1.9345794392523368,,,0.5689125502452045,0.5625000496788654,juiced
2026_05_04,286159b7ccc29dea1805a4ce6218be0e,run_line,home,-192.0,1.5208333333333337,,,0.7680581807271645,0.7630222339828775,juiced
2026_05_04,286159b7ccc29dea1805a4ce6218be0e,run_line,away,158.0,2.58,,,0.2385418192728355,0.2369777660171225,juiced
2026_05_04,29183afced82bafdf09738bf1fa00600,run_line,home,104.0,2.04,,,0.5802702545085003,0.5749234662721693,juiced
2026_05_04,29183afced82bafdf09738bf1fa00600,run_line,away,-126.0,1.7936507936507935,,,0.4290297454914996,0.42507653372783083,juiced
2026_05_04,42cd2c9d9860ded679366dcdfe136ea7,run_line,home,112.0,2.12,,,0.461073147638416,0.4599692215067997,juiced
2026_05_04,42cd2c9d9860ded679366dcdfe136ea7,run_line,away,-135.0,1.7407407407407407,,,0.541326852361584,0.5400307784932002,juiced
2026_05_04,6768391de7087c252e7f2dae8ec9bd0b,run_line,home,-172.0,1.5813953488372094,,,0.5937763945674351,0.5953839311816256,juiced
2026_05_04,6768391de7087c252e7f2dae8ec9bd0b,run_line,away,141.0,2.41,,,0.40352360543256477,0.4046160688183744,juiced
2026_05_04,6afb68c3e91d245e69a9eec05286476d,run_line,home,141.0,2.41,,,0.363509444493685,0.36242217795980564,juiced
2026_05_04,6afb68c3e91d245e69a9eec05286476d,run_line,away,-172.0,1.5813953488372094,,,0.639490555506315,0.6375778220401944,juiced
2026_05_04,724956d85946d94ae169ea8b4f5299b3,run_line,home,-200.0,1.5,,,0.7454813108051619,0.7370786145987362,juiced
2026_05_04,724956d85946d94ae169ea8b4f5299b3,run_line,away,165.0,2.65,,,0.26591868919483813,0.2629213854012637,juiced
2026_05_04,80044e6fc3586ebcf9f4df924a6f9519,run_line,home,-126.0,1.7936507936507935,,,0.5926413436090509,0.587704624761058,juiced
2026_05_04,80044e6fc3586ebcf9f4df924a6f9519,run_line,away,104.0,2.04,,,0.4157586563909491,0.412295375238942,juiced
2026_05_04,a6a446c7235d0fcd72e04a211f04e87a,run_line,home,-142.0,1.704225352112676,,,0.7406019007871851,0.7344326663895132,juiced
2026_05_04,a6a446c7235d0fcd72e04a211f04e87a,run_line,away,119.0,2.19,,,0.2677980992128148,0.2655673336104867,juiced
2026_05_04,a8b6869ab87cab44f73e7d8fe9c435f5,run_line,home,-175.0,1.5714285714285714,,,0.7700337776876668,0.7721184976312713,juiced
2026_05_04,a8b6869ab87cab44f73e7d8fe9c435f5,run_line,away,144.0,2.44,,,0.22726622231233318,0.22788150236872876,juiced
2026_05_04,e07f1907da5ba8bebef841815c5cd9a1,run_line,home,135.0,2.35,,,0.41614623073869256,0.40951213416521604,juiced
2026_05_04,e07f1907da5ba8bebef841815c5cd9a1,run_line,away,-163.0,1.6134969325153374,,,0.6000537692613074,0.5904878658347839,juiced
2026_05_05,4f532987fa9021753e499704cc1998d0,run_line,home,-178.0,1.5617977528089888,,,0.6759484775996447,0.6777784794942794,juiced
2026_05_05,4f532987fa9021753e499704cc1998d0,run_line,away,146.0,2.46,,,0.3213515224003552,0.32222152050572067,juiced
2026_05_05,642027e0dc5d6fe0e383f9c8b6453d6c,run_line,home,-181.0,1.5524861878453038,,,0.732162482767771,0.728664891289581,juiced
2026_05_05,642027e0dc5d6fe0e383f9c8b6453d6c,run_line,away,150.0,2.5,,,0.272637517232229,0.27133510871041905,juiced
2026_05_05,692aeb05691cac285d594067d9c4a24e,run_line,home,159.0,2.59,,,0.387831137824827,0.3835734722824914,juiced
2026_05_05,692aeb05691cac285d594067d9c4a24e,run_line,away,-192.0,1.5208333333333337,,,0.623268862175173,0.6164265277175087,juiced
2026_05_05,6a03ee8f26eea9160cbb5d12946cb37c,run_line,home,-114.0,1.8771929824561404,,,0.5511009698955363,0.5448892326434014,juiced
2026_05_05,6a03ee8f26eea9160cbb5d12946cb37c,run_line,away,-105.0,1.9523809523809523,,,0.46029903010446377,0.4551107673565985,juiced
2026_05_05,6ce90524a09ef856d3a08a7038715209,run_line,home,112.0,2.12,,,0.4972245038997615,0.4960340222463703,juiced
2026_05_05,6ce90524a09ef856d3a08a7038715209,run_line,away,-135.0,1.7407407407407407,,,0.5051754961002385,0.5039659777536298,juiced
2026_05_05,71ef508a8cbaa38a8e77f003e58f92aa,run_line,home,108.0,2.08,,,0.4581015079119517,0.45442070024000764,juiced
2026_05_05,71ef508a8cbaa38a8e77f003e58f92aa,run_line,away,-131.0,1.763358778625954,,,0.5499984920880483,0.5455792997599923,juiced
2026_05_05,725a2bc29fdee3828f24905b97afda08,run_line,home,-166.0,1.6024096385542168,,,0.6701736752155777,0.6628164130309344,juiced
2026_05_05,725a2bc29fdee3828f24905b97afda08,run_line,away,139.0,2.39,,,0.3409263247844223,0.3371835869690657,juiced
2026_05_05,732ae7d99e94ec771af4f2525709bb66,run_line,home,144.0,2.44,,,0.3460018790654411,0.34496697813104793,juiced
2026_05_05,732ae7d99e94ec771af4f2525709bb66,run_line,away,-175.0,1.5714285714285714,,,0.6569981209345589,0.655033021868952,juiced
2026_05_05,7cdd4e1d6b845aedaf71e33a78a0f164,run_line,home,,,,,,,missing_dk_odds
2026_05_05,7cdd4e1d6b845aedaf71e33a78a0f164,run_line,away,,,,,,,missing_dk_odds
2026_05_05,8ce45c11dc2d0ef2edaaf6ecd5f2b8ff,run_line,home,-188.0,1.5319148936170213,,,0.6946582063916814,0.6913397754694283,juiced
2026_05_05,8ce45c11dc2d0ef2edaaf6ecd5f2b8ff,run_line,away,156.0,2.56,,,0.3101417936083185,0.3086602245305718,juiced
2026_05_05,90becb516bb091bc1f699dadd4f5e4ef,run_line,home,159.0,2.59,,,0.3714592301869083,0.36738129778153333,juiced
2026_05_05,90becb516bb091bc1f699dadd4f5e4ef,run_line,away,-192.0,1.5208333333333337,,,0.6396407698130916,0.6326187022184667,juiced
2026_05_05,a3d49ab06b3c4cfdcaeec1ee6be2c11f,run_line,home,-192.0,1.5208333333333337,,,0.7632211873449072,0.7582169554390098,juiced
2026_05_05,a3d49ab06b3c4cfdcaeec1ee6be2c11f,run_line,away,158.0,2.58,,,0.24337881265509279,0.24178304456099026,juiced
2026_05_05,b30fec61cfbf1f3dfe4bb5e70a150f48,run_line,home,108.0,2.08,,,0.4641936078089465,0.46046385061893313,juiced
2026_05_05,b30fec61cfbf1f3dfe4bb5e70a150f48,run_line,away,-131.0,1.763358778625954,,,0.5439063921910535,0.5395361493810669,juiced
2026_05_05,d0147770323bf6c913a672f31ac49256,run_line,home,169.0,2.69,,,0.3532751256844337,0.34836320450097,juiced
2026_05_05,d0147770323bf6c913a672f31ac49256,run_line,away,-208.0,1.4807692307692308,,,0.6608248743155662,0.65163679549903,juiced
2026_05_05,d1bb060e1d2465b94fde23b308c82f30,run_line,home,-175.0,1.5714285714285714,,,0.6950661045559774,0.6969478637882056,juiced
2026_05_05,d1bb060e1d2465b94fde23b308c82f30,run_line,away,144.0,2.44,,,0.30223389544402257,0.30305213621179444,juiced
2026_05_06,1f8259cdeb29bfd068ffa5cbaea3e8d7,run_line,home,152.0,2.52,,,0.3569516105631629,0.35609697781640354,juiced
2026_05_06,1f8259cdeb29bfd068ffa5cbaea3e8d7,run_line,away,-185.0,1.5405405405405406,,,0.6454483894368371,0.6439030221835965,juiced
2026_05_06,30985b2de1c1ed30f2e2fd8caf711d21,run_line,home,152.0,2.52,,,0.3635307460047012,0.36266036113797007,juiced
2026_05_06,30985b2de1c1ed30f2e2fd8caf711d21,run_line,away,-185.0,1.5405405405405406,,,0.6388692539952988,0.6373396388620299,juiced
2026_05_06,30d2a93f1ca79f37c19806e74ed1cdab,run_line,home,159.0,2.59,,,0.2923049261961774,0.2890959610287582,juiced
2026_05_06,30d2a93f1ca79f37c19806e74ed1cdab,run_line,away,-192.0,1.5208333333333337,,,0.7187950738038226,0.7109040389712419,juiced
2026_05_06,3d9ff7b926b247cb73447ca5c7a7428e,run_line,home,-114.0,1.8771929824561404,,,0.5328219291566775,0.5268162242007884,juiced
2026_05_06,3d9ff7b926b247cb73447ca5c7a7428e,run_line,away,-105.0,1.9523809523809523,,,0.4785780708433225,0.47318377579921145,juiced
2026_05_06,4a14bd2383b640b8cf105c59c99fa882,run_line,home,-188.0,1.5319148936170213,,,0.7036352808944728,0.7002739658583528,juiced
2026_05_06,4a14bd2383b640b8cf105c59c99fa882,run_line,away,154.0,2.54,,,0.30116471910552717,0.2997260341416473,juiced
2026_05_06,50bf885c9e829f1de48161f3ec47e5dc,run_line,home,-142.0,1.704225352112676,,,0.6569089815810284,0.6514369115242249,juiced
2026_05_06,50bf885c9e829f1de48161f3ec47e5dc,run_line,away,119.0,2.19,,,0.35149101841897157,0.34856308847577505,juiced
2026_05_06,71fad9f636c723c1e774d7aa9651880b,run_line,home,-169.0,1.5917159763313609,,,0.6836657776477782,0.6810098392746072,juiced
2026_05_06,71fad9f636c723c1e774d7aa9651880b,run_line,away,140.0,2.4,,,0.32023422235222176,0.3189901607253927,juiced
2026_05_06,7c30fa11564865dd19f2a9c4a7e9d937,run_line,home,-175.0,1.5714285714285714,,,0.7402765168938861,0.7422806747156183,juiced
2026_05_06,7c30fa11564865dd19f2a9c4a7e9d937,run_line,away,144.0,2.44,,,0.2570234831061139,0.25771932528438174,juiced
2026_05_06,7dd3ac6bd80317fdd884080b8d94dd77,run_line,home,159.0,2.59,,,0.4559565173460044,0.4509509616714513,juiced
2026_05_06,7dd3ac6bd80317fdd884080b8d94dd77,run_line,away,-192.0,1.5208333333333337,,,0.5551434826539955,0.5490490383285487,juiced
2026_05_06,8379550b6a949466b56d6ddffad2b2fe,run_line,home,119.0,2.19,,,0.5000706419676628,0.49842583670653134,juiced
2026_05_06,8379550b6a949466b56d6ddffad2b2fe,run_line,away,-142.0,1.704225352112676,,,0.5032293580323371,0.5015741632934688,juiced
2026_05_06,895be7e0cbc697eeffc1f4c9fb60613b,run_line,home,102.0,2.02,,,0.4079330153535208,0.4041741953368877,juiced
2026_05_06,895be7e0cbc697eeffc1f4c9fb60613b,run_line,away,-121.0,1.8264462809917357,,,0.6013669846464792,0.5958258046631122,juiced
2026_05_06,a524558d8c67f4e0116d63123b26e426,run_line,home,123.0,2.23,,,0.4914690109176803,0.4878104326726355,juiced
2026_05_06,a524558d8c67f4e0116d63123b26e426,run_line,away,-149.0,1.6711409395973154,,,0.5160309890823197,0.5121895673273644,juiced
2026_05_06,bd85ab302972ab39355e0e7baa91a454,run_line,home,-175.0,1.5714285714285714,,,0.6947553846297916,0.6966363026469383,juiced
2026_05_06,bd85ab302972ab39355e0e7baa91a454,run_line,away,144.0,2.44,,,0.3025446153702084,0.3033636973530617,juiced
2026_05_06,de734f0e0ca302bf4a6c20844ec6127c,run_line,home,108.0,2.08,,,0.4218991710901876,0.418509246196,juiced
2026_05_06,de734f0e0ca302bf4a6c20844ec6127c,run_line,away,-131.0,1.763358778625954,,,0.5862008289098124,0.581490753804,juiced
2026_05_06,de899b461227924fc52c2f9492e9fe56,run_line,home,-135.0,1.7407407407407407,,,0.6084820335001663,0.6028752932727298,juiced
2026_05_06,de899b461227924fc52c2f9492e9fe56,run_line,away,112.0,2.12,,,0.4008179664998337,0.39712470672727007,juiced
2026_05_07,01ce87afc3b701c0bae09b62dc95f87c,run_line,home,-188.0,1.5319148936170213,,,0.7947967148589969,0.7909999152657216,juiced
2026_05_07,01ce87afc3b701c0bae09b62dc95f87c,run_line,away,154.0,2.54,,,0.210003285141003,0.20900008473427847,juiced
2026_05_07,1c3063ee80bf14181773650f89724edd,run_line,home,135.0,2.35,,,0.47544024400757606,0.467860897468585,juiced
2026_05_07,1c3063ee80bf14181773650f89724edd,run_line,away,-163.0,1.6134969325153374,,,0.5407597559924239,0.5321391025314149,juiced
2026_05_07,4d8a7d6f10d4e381df3410c93345b071,run_line,home,-175.0,1.5714285714285714,,,0.6990798624007484,0.7009724881186689,juiced
2026_05_07,4d8a7d6f10d4e381df3410c93345b071,run_line,away,144.0,2.44,,,0.2982201375992516,0.2990275118813312,juiced
2026_05_07,587e3aa8ddaf7a5719f0d0f55b446db9,run_line,home,-188.0,1.5319148936170213,,,0.7275191717576466,0.7240437617014795,juiced
2026_05_07,587e3aa8ddaf7a5719f0d0f55b446db9,run_line,away,156.0,2.56,,,0.2772808282423534,0.2759562382985205,juiced
2026_05_07,6ea660d6d55e2a5168fd92eb01e16b87,run_line,home,139.0,2.39,,,0.43556065896982826,0.42861706255641435,juiced
2026_05_07,6ea660d6d55e2a5168fd92eb01e16b87,run_line,away,-166.0,1.6024096385542168,,,0.5806393410301717,0.5713829374435856,juiced
2026_05_07,b24e92041f215692dc57c17a67275bcf,run_line,home,144.0,2.44,,,0.4204458373056985,0.41918827248823376,juiced
2026_05_07,b24e92041f215692dc57c17a67275bcf,run_line,away,-175.0,1.5714285714285714,,,0.5825541626943015,0.5808117275117661,juiced
2026_05_07,ba055e6ad1137117eef850d15d9c8c97,run_line,home,-185.0,1.5405405405405406,,,0.6931557062489362,0.6898444528751356,juiced
2026_05_07,ba055e6ad1137117eef850d15d9c8c97,run_line,away,152.0,2.52,,,0.3116442937510638,0.3101555471248645,juiced
2026_05_07,d995ce8d9df4c182c1ecade37bac292d,run_line,home,102.0,2.02,,,0.5628241493744355,0.5576381149058114,juiced
2026_05_07,d995ce8d9df4c182c1ecade37bac292d,run_line,away,-121.0,1.8264462809917357,,,0.4464758506255645,0.4423618850941885,juiced
2026_05_07,db06eeec096bc60532c3b1aa5d4235a0,run_line,home,-126.0,1.7936507936507935,,,0.6776204014045333,0.671975804645511,juiced
2026_05_07,db06eeec096bc60532c3b1aa5d4235a0,run_line,away,104.0,2.04,,,0.33077959859546674,0.32802419535448907,juiced
2026_05_07,fb98c375df55f7f70d2f35b2209bdd61,run_line,home,119.0,2.19,,,0.4434136535303328,0.4419552013658256,juiced
2026_05_07,fb98c375df55f7f70d2f35b2209bdd61,run_line,away,-142.0,1.704225352112676,,,0.5598863464696672,0.5580447986341744,juiced
2026_05_08,0f65cc2fecae3661933682f1525e806d,run_line,home,104.0,2.04,,,0.550263071089141,0.545192778251403,juiced
2026_05_08,0f65cc2fecae3661933682f1525e806d,run_line,away,-126.0,1.7936507936507935,,,0.45903692891085895,0.45480722174859706,juiced
2026_05_08,24892453777c4e3f95360ff530e09902,run_line,home,141.0,2.41,,,0.3244671153982907,0.3234966255217256,juiced
2026_05_08,24892453777c4e3f95360ff530e09902,run_line,away,-172.0,1.5813953488372094,,,0.6785328846017092,0.6765033744782745,juiced
2026_05_08,3d859a4947ba1d62e82366cdebc59d78,run_line,home,-149.0,1.6711409395973154,,,0.6433523441896031,0.6381830613923253,juiced
2026_05_08,3d859a4947ba1d62e82366cdebc59d78,run_line,away,123.0,2.23,,,0.3647476558103969,0.3618169386076748,juiced
2026_05_08,40150285b21b0e818a39c0940eca75d7,run_line,home,144.0,2.44,,,0.403057582130089,0.40185202605193315,juiced
2026_05_08,40150285b21b0e818a39c0940eca75d7,run_line,away,-175.0,1.5714285714285714,,,0.599942417869911,0.5981479739480667,juiced
2026_05_08,6aa50c59681975bb7beff37ab4f46bb5,run_line,home,144.0,2.44,,,0.3469061279289527,0.34586852236186705,juiced
2026_05_08,6aa50c59681975bb7beff37ab4f46bb5,run_line,away,-175.0,1.5714285714285714,,,0.6560938720710473,0.6541314776381328,juiced
2026_05_08,739421696ed76f3cffaf12c7db22c763,run_line,home,149.0,2.49,,,0.341205829688469,0.34161576861080195,juiced
2026_05_08,739421696ed76f3cffaf12c7db22c763,run_line,away,-181.0,1.5524861878453038,,,0.657594170311531,0.658384231389198,juiced
2026_05_08,76929aa734500b152f347bbddf390165,run_line,home,141.0,2.41,,,0.4055205128884971,0.40430759011814266,juiced
2026_05_08,76929aa734500b152f347bbddf390165,run_line,away,-172.0,1.5813953488372094,,,0.5974794871115029,0.5956924098818572,juiced
2026_05_08,79db8c5227deae699a7b9c123aaf6d3f,run_line,home,-142.0,1.704225352112676,,,0.6465587205989362,0.6411728685035067,juiced
2026_05_08,79db8c5227deae699a7b9c123aaf6d3f,run_line,away,119.0,2.19,,,0.36184127940106375,0.3588271314964932,juiced
2026_05_08,92c3e303601373eee3d37fbb858409af,run_line,home,135.0,2.35,,,0.4608017128845875,0.4534557300576535,juiced
2026_05_08,92c3e303601373eee3d37fbb858409af,run_line,away,-163.0,1.6134969325153374,,,0.5553982871154125,0.5465442699423465,juiced
2026_05_08,9faf187505c47b0f5009cb7d7da5200c,run_line,home,-192.0,1.5208333333333337,,,0.7288305655840177,0.724051823548597,juiced
2026_05_08,9faf187505c47b0f5009cb7d7da5200c,run_line,away,156.0,2.56,,,0.2777694344159823,0.275948176451403,juiced
2026_05_08,ad17b69505e6a7e7c4c06dc7f6b91ac6,run_line,home,-192.0,1.5208333333333337,,,0.7450284184075879,0.7401434714957162,juiced
2026_05_08,ad17b69505e6a7e7c4c06dc7f6b91ac6,run_line,away,159.0,2.59,,,0.261571581592412,0.25985652850428376,juiced
2026_05_08,bb96582815dabc42936e794a19c74217,run_line,home,-142.0,1.704225352112676,,,0.6852268790496139,0.6795189201206009,juiced
2026_05_08,bb96582815dabc42936e794a19c74217,run_line,away,119.0,2.19,,,0.3231731209503861,0.32048107987939917,juiced
2026_05_08,d03f5e26dab4993281752b81c816fe4b,run_line,home,-149.0,1.6711409395973154,,,0.6483468082679706,0.6431373953655101,juiced
2026_05_08,d03f5e26dab4993281752b81c816fe4b,run_line,away,123.0,2.23,,,0.3597531917320293,0.35686260463448993,juiced
2026_05_08,d0f880a5482c5178286681a63048600f,run_line,home,149.0,2.49,,,0.4275371076230249,0.4280507685452792,juiced
2026_05_08,d0f880a5482c5178286681a63048600f,run_line,away,-181.0,1.5524861878453038,,,0.5712628923769751,0.5719492314547208,juiced
2026_05_09,07fcb9aa4b08eff491227a6d817d08a7,run_line,home,129.0,2.29,,,0.4573396384217179,0.45352998653482535,juiced
2026_05_09,07fcb9aa4b08eff491227a6d817d08a7,run_line,away,-156.0,1.641025641025641,,,0.5510603615782821,0.5464700134651747,juiced
2026_05_09,0d5568f7e3f7c4adba722775d2895494,run_line,home,-149.0,1.6711409395973154,,,0.6192606753205985,0.6142849670871923,juiced
2026_05_09,0d5568f7e3f7c4adba722775d2895494,run_line,away,123.0,2.23,,,0.3888393246794015,0.3857150329128078,juiced
2026_05_09,177cdddf981aae461d064d643293c5f4,run_line,home,152.0,2.52,,,0.323107963965931,0.322334361498335,juiced
2026_05_09,177cdddf981aae461d064d643293c5f4,run_line,away,-185.0,1.5405405405405406,,,0.679292036034069,0.677665638501665,juiced
2026_05_09,3d093f3fea09b2f77b6ccf058d9061ea,run_line,home,108.0,2.08,,,0.505454975710383,0.501393686846923,juiced
2026_05_09,3d093f3fea09b2f77b6ccf058d9061ea,run_line,away,-131.0,1.763358778625954,,,0.502645024289617,0.4986063131530771,juiced
2026_05_09,4cb11bc70bb01deb01ccc535f614ba59,run_line,home,123.0,2.23,,,0.3892577678342224,0.38636006732925304,juiced
2026_05_09,4cb11bc70bb01deb01ccc535f614ba59,run_line,away,-149.0,1.6711409395973154,,,0.6182422321657776,0.613639932670747,juiced
2026_05_09,4e0f5d6412cdfd2b0ade4fee11642753,run_line,home,119.0,2.19,,,0.5441828120307578,0.5423929154099052,juiced
2026_05_09,4e0f5d6412cdfd2b0ade4fee11642753,run_line,away,-142.0,1.704225352112676,,,0.4591171879692421,0.45760708459009486,juiced
2026_05_09,54ac0c67d3a1921cfede4e125572526e,run_line,home,-181.0,1.5524861878453038,,,0.6656672008010747,0.667469368094931,juiced
2026_05_09,54ac0c67d3a1921cfede4e125572526e,run_line,away,149.0,2.49,,,0.3316327991989253,0.332530631905069,juiced
2026_05_09,5e7a25171efa4aba6c2670c7d93dbde3,run_line,home,-166.0,1.6024096385542168,,,0.6785010577754828,0.671052376397471,juiced
2026_05_09,5e7a25171efa4aba6c2670c7d93dbde3,run_line,away,139.0,2.39,,,0.33259894222451725,0.3289476236025292,juiced
2026_05_09,6c26284a3ba72def6e7e0c9db9893fc8,run_line,home,-135.0,1.7407407407407407,,,0.5887983427640867,0.583372974104911,juiced
2026_05_09,6c26284a3ba72def6e7e0c9db9893fc8,run_line,away,112.0,2.12,,,0.42050165723591326,0.4166270258950889,juiced
2026_05_09,6dce302dd60dfcdf0b0f75b0c7526958,run_line,home,119.0,2.19,,,0.500293861342237,0.49864832188003294,juiced
2026_05_09,6dce302dd60dfcdf0b0f75b0c7526958,run_line,away,-142.0,1.704225352112676,,,0.503006138657763,0.5013516781199672,juiced
2026_05_09,863ff6f33ea468e7a6bac4be2626648a,run_line,home,141.0,2.41,,,0.4391414694746922,0.43782798551813784,juiced
2026_05_09,863ff6f33ea468e7a6bac4be2626648a,run_line,away,-172.0,1.5813953488372094,,,0.5638585305253078,0.5621720144818623,juiced
2026_05_09,9fd60ef171dd7d6b753c07fe32aa37f6,run_line,home,-192.0,1.5208333333333337,,,0.7748759021401913,0.7697952534673072,juiced
2026_05_09,9fd60ef171dd7d6b753c07fe32aa37f6,run_line,away,156.0,2.56,,,0.2317240978598087,0.23020474653269293,juiced
2026_05_09,a1e4d36a83b260dbab61a4f965b6abea,run_line,home,139.0,2.39,,,0.2781704777398631,0.27373595526457695,juiced
2026_05_09,a1e4d36a83b260dbab61a4f965b6abea,run_line,away,-166.0,1.6024096385542168,,,0.7380295222601368,0.726264044735423,juiced
2026_05_09,bf49c6516b601ce34a25f268cb202250,run_line,home,-142.0,1.704225352112676,,,0.6242908572223728,0.6190904970471766,juiced
2026_05_09,bf49c6516b601ce34a25f268cb202250,run_line,away,119.0,2.19,,,0.3841091427776272,0.3809095029528235,juiced
2026_05_09,dd95987c051582f99dbe07d5424b2a03,run_line,home,144.0,2.44,,,0.3437920208354874,0.3427637296465478,juiced
2026_05_09,dd95987c051582f99dbe07d5424b2a03,run_line,away,-175.0,1.5714285714285714,,,0.6592079791645126,0.6572362703534523,juiced
2026_05_10,1a0f51cf52137e602d477a383aededcd,run_line,home,-169.0,1.5917159763313609,,,0.723746939612284,0.720935291973587,juiced
2026_05_10,1a0f51cf52137e602d477a383aededcd,run_line,away,140.0,2.4,,,0.280153060387716,0.279064708026413,juiced
2026_05_10,1a85cdf5d7c53f361d8dd4b822af8f09,run_line,home,159.0,2.59,,,0.3331846770977779,0.3295269281948155,juiced
2026_05_10,1a85cdf5d7c53f361d8dd4b822af8f09,run_line,away,-192.0,1.5208333333333337,,,0.677915322902222,0.6704730718051846,juiced
2026_05_10,24f0fb743655b2176ff9d2f1d17bc2d0,run_line,home,-192.0,1.5208333333333337,,,0.726403881043513,0.7216410501127687,juiced
2026_05_10,24f0fb743655b2176ff9d2f1d17bc2d0,run_line,away,156.0,2.56,,,0.280196118956487,0.2783589498872313,juiced
2026_05_10,2f41717fcce350329e8ac46662be3d88,run_line,home,144.0,2.44,,,0.3993900204561995,0.3981954341537383,juiced
2026_05_10,2f41717fcce350329e8ac46662be3d88,run_line,away,-175.0,1.5714285714285714,,,0.6036099795438005,0.6018045658462617,juiced
2026_05_10,3751eb6375883244bf07ebaa76d74e35,run_line,home,152.0,2.52,,,0.3681354146935904,0.36725400508139505,juiced
2026_05_10,3751eb6375883244bf07ebaa76d74e35,run_line,away,-185.0,1.5405405405405406,,,0.6342645853064096,0.632745994918605,juiced
2026_05_10,42a6a833eaecf112c826202eb1d596f9,run_line,home,-181.0,1.5524861878453038,,,0.707364614538077,0.7092796696461215,juiced
2026_05_10,42a6a833eaecf112c826202eb1d596f9,run_line,away,149.0,2.49,,,0.289935385461923,0.29072033035387845,juiced
2026_05_10,4d2a59061aec314f7265432aacbe8df1,run_line,home,149.0,2.49,,,0.463547165674427,0.46410409058312674,juiced
2026_05_10,4d2a59061aec314f7265432aacbe8df1,run_line,away,-181.0,1.5524861878453038,,,0.535252834325573,0.5358959094168733,juiced
2026_05_10,6dd9cd4491079d3cedf1f7d3ff85b358,run_line,home,-135.0,1.7407407407407407,,,0.5658250186622621,0.5606113332629169,juiced
2026_05_10,6dd9cd4491079d3cedf1f7d3ff85b358,run_line,away,112.0,2.12,,,0.4434749813377379,0.439388666737083,juiced
2026_05_10,73c2cde50707b32c9767a0a8fbb2e7d2,run_line,home,152.0,2.52,,,0.2756086682477616,0.274948791149004,juiced
2026_05_10,73c2cde50707b32c9767a0a8fbb2e7d2,run_line,away,-185.0,1.5405405405405406,,,0.7267913317522384,0.725051208850996,juiced
2026_05_10,9bfd5fd962a5ede4a98e0c595c9db46f,run_line,home,-172.0,1.5813953488372094,,,0.7535812840203483,0.7556214619676611,juiced
2026_05_10,9bfd5fd962a5ede4a98e0c595c9db46f,run_line,away,141.0,2.41,,,0.24371871597965158,0.24437853803233894,juiced
2026_05_10,ab56a10bb0c4a672e1d846d67e7f703e,run_line,home,152.0,2.52,,,0.4884123375419729,0.4872429544512898,juiced
2026_05_10,ab56a10bb0c4a672e1d846d67e7f703e,run_line,away,-185.0,1.5405405405405406,,,0.5139876624580271,0.5127570455487102,juiced
2026_05_10,bdfc7e1e5ee8e2389bbdfb8f9521a582,run_line,home,152.0,2.52,,,0.31768449779067637,0.3169238804775303,juiced
2026_05_10,bdfc7e1e5ee8e2389bbdfb8f9521a582,run_line,away,-185.0,1.5405405405405406,,,0.6847155022093236,0.6830761195224697,juiced
2026_05_10,d58ee5722b0d27c98714b46a090df16f,run_line,home,-156.0,1.641025641025641,,,0.6070306727874274,0.6059399808219479,juiced
2026_05_10,d58ee5722b0d27c98714b46a090df16f,run_line,away,129.0,2.29,,,0.39476932721257263,0.3940600191780521,juiced
2026_05_10,e254b4d802742c85bc156989d1b71346,run_line,home,-163.0,1.6134969325153374,,,0.6466534821768631,0.6395544280257771,juiced
2026_05_10,e254b4d802742c85bc156989d1b71346,run_line,away,135.0,2.35,,,0.36444651782313686,0.360445571974223,juiced
2026_05_10,f39e9272c26acb799cf16afa62e26316,run_line,home,159.0,2.59,,,0.28674390238783537,0.2835959869328804,juiced
2026_05_10,f39e9272c26acb799cf16afa62e26316,run_line,away,-192.0,1.5208333333333337,,,0.7243560976121646,0.7164040130671196,juiced
2026_05_11,5469c15e3925b64e5437f4ebe23e9b60,run_line,home,123.0,2.23,,,0.4699784777808927,0.46647987869071234,juiced
2026_05_11,5469c15e3925b64e5437f4ebe23e9b60,run_line,away,-149.0,1.6711409395973154,,,0.5375215222191073,0.5335201213092876,juiced
2026_05_11,80622319ceec1faf47baaee869656e13,run_line,home,-142.0,1.704225352112676,,,0.6816874210405054,0.6760089458949875,juiced
2026_05_11,80622319ceec1faf47baaee869656e13,run_line,away,119.0,2.19,,,0.32671257895949457,0.3239910541050125,juiced
2026_05_11,875a5a258588aff680ae69335167dec2,run_line,home,112.0,2.12,,,0.443496320481761,0.44243447773519656,juiced
2026_05_11,875a5a258588aff680ae69335167dec2,run_line,away,-135.0,1.7407407407407407,,,0.5589036795182389,0.5575655222648034,juiced
2026_05_11,8ca76871aa74f5f88b3dba57c6e6e48c,run_line,home,152.0,2.52,,,0.2760808720179588,0.2754198643435343,juiced
2026_05_11,8ca76871aa74f5f88b3dba57c6e6e48c,run_line,away,-185.0,1.5405405405405406,,,0.7263191279820412,0.7245801356564657,juiced
2026_05_11,a96772c4a288f0b16b88697b8dfdd837,run_line,home,-114.0,1.8771929824561404,,,0.503190961527589,0.4975192421668865,juiced
2026_05_11,a96772c4a288f0b16b88697b8dfdd837,run_line,away,-105.0,1.9523809523809523,,,0.5082090384724111,0.5024807578331135,juiced
2026_05_11,aead05342952ab70ff6c1a772b4295d4,run_line,home,152.0,2.52,,,0.4427694996803521,0.4417093971272468,juiced
2026_05_11,aead05342952ab70ff6c1a772b4295d4,run_line,away,-185.0,1.5405405405405406,,,0.5596305003196479,0.5582906028727533,juiced
2026_05_12,07b1faa56850a94bfd3921725fe520a2,run_line,home,-135.0,1.7407407407407407,,,0.6296135598370831,0.6238121072397533,juiced
2026_05_12,07b1faa56850a94bfd3921725fe520a2,run_line,away,112.0,2.12,,,0.37968644016291686,0.37618789276024656,juiced
2026_05_12,265d87925f501ac50a2a12c6b5a91354,run_line,home,123.0,2.23,,,0.4335429046738833,0.4303155381378494,juiced
2026_05_12,265d87925f501ac50a2a12c6b5a91354,run_line,away,-149.0,1.6711409395973154,,,0.5739570953261167,0.5696844618621506,juiced
2026_05_12,34393ecc2b2d109779095b1d4935225b,run_line,home,159.0,2.59,,,0.34910623785297107,0.34527369978535366,juiced
2026_05_12,34393ecc2b2d109779095b1d4935225b,run_line,away,-192.0,1.5208333333333337,,,0.6619937621470289,0.6547263002146464,juiced
2026_05_12,6c8098ab353355d002d66e825b4217ab,run_line,home,135.0,2.35,,,0.4137098266612704,0.4071145706172706,juiced
2026_05_12,6c8098ab353355d002d66e825b4217ab,run_line,away,-163.0,1.6134969325153374,,,0.6024901733387296,0.5928854293827294,juiced
2026_05_12,6d160243347bd35cdb3abf1b2690fda8,run_line,home,-120.0,1.8333333333333333,,,0.5907480043806376,0.5860013930965555,juiced
2026_05_12,6d160243347bd35cdb3abf1b2690fda8,run_line,away,100.0,2.0,,,0.4173519956193624,0.41399860690344453,juiced
2026_05_12,744c4597586797d5f7e9be094f031f11,run_line,home,-188.0,1.5319148936170213,,,0.7250353404828874,0.7215717958627463,juiced
2026_05_12,744c4597586797d5f7e9be094f031f11,run_line,away,154.0,2.54,,,0.2797646595171125,0.2784282041372537,juiced
2026_05_12,79fa6c856d2a95ff10cb955ab2d424e2,run_line,home,-149.0,1.6711409395973154,,,0.6803283185674268,0.6748619368787093,juiced
2026_05_12,79fa6c856d2a95ff10cb955ab2d424e2,run_line,away,123.0,2.23,,,0.3277716814325731,0.3251380631212907,juiced
2026_05_12,9936f843966ef49b29f8f61cd41491f1,run_line,home,144.0,2.44,,,0.3932969196261866,0.3921205579523296,juiced
2026_05_12,9936f843966ef49b29f8f61cd41491f1,run_line,away,-175.0,1.5714285714285714,,,0.6097030803738134,0.6078794420476703,juiced
2026_05_12,a0929cf66d445eec19f118010165e95c,run_line,home,-149.0,1.6711409395973154,,,0.5962136719576108,0.591423144487264,juiced
2026_05_12,a0929cf66d445eec19f118010165e95c,run_line,away,123.0,2.23,,,0.4118863280423892,0.4085768555127361,juiced
2026_05_12,a0a43f882e4a4ab92fa1024e42f33be0,run_line,home,152.0,2.52,,,0.394378149028831,0.39343390765046987,juiced
2026_05_12,a0a43f882e4a4ab92fa1024e42f33be0,run_line,away,-185.0,1.5405405405405406,,,0.608021850971169,0.6065660923495302,juiced
2026_05_12,a1fa0d550bd68cf44d71f0657fa93d6a,run_line,home,-131.0,1.763358778625954,,,0.5789539908083883,0.5712422208272208,juiced
2026_05_12,a1fa0d550bd68cf44d71f0657fa93d6a,run_line,away,108.0,2.08,,,0.43454600919161174,0.4287577791727792,juiced
2026_05_12,ad3552c4909328a0be4de1ec98e97bcf,run_line,home,-172.0,1.5813953488372094,,,0.702608956210352,0.7045111362783035,juiced
2026_05_12,ad3552c4909328a0be4de1ec98e97bcf,run_line,away,142.0,2.42,,,0.2946910437896479,0.2954888637216965,juiced
2026_05_12,b2c44ca94237edf5b7270d7dde706835,run_line,home,-166.0,1.6024096385542168,,,0.6575918320136073,0.6503726950980193,juiced
2026_05_12,b2c44ca94237edf5b7270d7dde706835,run_line,away,139.0,2.39,,,0.35350816798639273,0.3496273049019808,juiced
2026_05_12,c125a2382938301b1e4462c3600de32b,run_line,home,-149.0,1.6711409395973154,,,0.64509579621028,0.6399125049204246,juiced
2026_05_12,c125a2382938301b1e4462c3600de32b,run_line,away,123.0,2.23,,,0.3630042037897199,0.3600874950795754,juiced
2026_05_12,fe40950314ca87c69985e8a1a37c8822,run_line,home,141.0,2.41,,,0.3969077306563913,0.3957205689495426,juiced
2026_05_12,fe40950314ca87c69985e8a1a37c8822,run_line,away,-172.0,1.5813953488372094,,,0.6060922693436087,0.6042794310504572,juiced
2026_05_13,002b9c5446f97ad6146eb0b6da64db25,run_line,home,144.0,2.44,,,0.3774270799425405,0.3762981853863814,juiced
2026_05_13,002b9c5446f97ad6146eb0b6da64db25,run_line,away,-175.0,1.5714285714285714,,,0.6255729200574595,0.6237018146136186,juiced
2026_05_13,15bc05498c54cf822aedf7434d3a8bc6,run_line,home,149.0,2.49,,,0.3700240109146047,0.37046857320244764,juiced
2026_05_13,15bc05498c54cf822aedf7434d3a8bc6,run_line,away,-181.0,1.5524861878453038,,,0.6287759890853953,0.6295314267975524,juiced
2026_05_13,18791fe8f5ff31b64bb2cff4f5af59a0,run_line,home,-156.0,1.641025641025641,,,0.6350553423824505,0.6339142966484832,juiced
2026_05_13,18791fe8f5ff31b64bb2cff4f5af59a0,run_line,away,129.0,2.29,,,0.3667446576175495,0.36608570335151674,juiced
2026_05_13,198e79fae18be9cb416f60f6da4d7996,run_line,home,112.0,2.12,,,0.4960962832408966,0.4949085028340948,juiced
2026_05_13,198e79fae18be9cb416f60f6da4d7996,run_line,away,-135.0,1.7407407407407407,,,0.5063037167591034,0.5050914971659052,juiced
2026_05_13,1ae3a00c8d26de69bd61ddda56e9dba1,run_line,home,-149.0,1.6711409395973154,,,0.653118544381524,0.6478707909746294,juiced
2026_05_13,1ae3a00c8d26de69bd61ddda56e9dba1,run_line,away,123.0,2.23,,,0.354981455618476,0.3521292090253705,juiced
2026_05_13,21ff18fdfd96a55a86867197e834497e,run_line,home,-126.0,1.7936507936507935,,,0.5385967169008629,0.5341101912939933,juiced
2026_05_13,21ff18fdfd96a55a86867197e834497e,run_line,away,104.0,2.04,,,0.4698032830991371,0.46588980870600666,juiced
2026_05_13,4546828df054a4ac1c7634c94b4c7012,run_line,home,119.0,2.19,,,0.45553880372784983,0.4540404701762682,juiced
2026_05_13,4546828df054a4ac1c7634c94b4c7012,run_line,away,-142.0,1.704225352112676,,,0.5477611962721501,0.5459595298237319,juiced
2026_05_13,4d53bfb528444dbb7721172c9851e6c9,run_line,home,-175.0,1.5714285714285714,,,0.6286767970855767,0.6303788198993048,juiced
2026_05_13,4d53bfb528444dbb7721172c9851e6c9,run_line,away,144.0,2.44,,,0.3686232029144233,0.36962118010069517,juiced
2026_05_13,4ea6eeeb6626c218d536f9bca6edbeae,run_line,home,-196.0,1.510204081632653,,,0.668146845784324,0.6606158253750485,juiced
2026_05_13,4ea6eeeb6626c218d536f9bca6edbeae,run_line,away,160.0,2.6,,,0.3432531542156759,0.33938417462495146,juiced
2026_05_13,67da7d89e932aa7075b0600f26224572,run_line,home,144.0,2.44,,,0.524703611921366,0.5231342092934856,juiced
2026_05_13,67da7d89e932aa7075b0600f26224572,run_line,away,-175.0,1.5714285714285714,,,0.4782963880786339,0.4768657907065144,juiced
2026_05_13,6ff5fdd2fde54dc43326a02792b3e79f,run_line,home,-149.0,1.6711409395973154,,,0.5897961906105714,0.5850572270712939,juiced
2026_05_13,6ff5fdd2fde54dc43326a02792b3e79f,run_line,away,123.0,2.23,,,0.4183038093894285,0.414942772928706,juiced
2026_05_13,7018d88c446b88b45928fc75ec91e83c,run_line,home,-112.0,1.8928571428571428,,,0.5318238252938882,0.5258293704705241,juiced
2026_05_13,7018d88c446b88b45928fc75ec91e83c,run_line,away,-107.0,1.9345794392523368,,,0.4795761747061118,0.47417062952947575,juiced
2026_05_13,70e80bbf99890d3a610a98c21f3a7419,run_line,home,135.0,2.35,,,0.3118277638836708,0.3068566855773182,juiced
2026_05_13,70e80bbf99890d3a610a98c21f3a7419,run_line,away,-163.0,1.6134969325153374,,,0.7043722361163292,0.6931433144226817,juiced
2026_05_13,ca6c0da9264577ed9bb23ff05ee77801,run_line,home,-175.0,1.5714285714285714,,,0.6979909336562017,0.6998806113067298,juiced
2026_05_13,ca6c0da9264577ed9bb23ff05ee77801,run_line,away,145.0,2.45,,,0.2993090663437983,0.3001193886932701,juiced
2026_05_13,d27ba1c4cb8a441ca047f3a9054aab48,run_line,home,129.0,2.29,,,0.3499403773283012,0.34702536426844627,juiced
2026_05_13,d27ba1c4cb8a441ca047f3a9054aab48,run_line,away,-156.0,1.641025641025641,,,0.6584596226716988,0.6529746357315538,juiced
2026_05_14,07fe304b5fb4622bc1a942801ac904f6,run_line,home,-178.0,1.5617977528089888,,,0.6022224927482926,0.6038528955663218,juiced
2026_05_14,07fe304b5fb4622bc1a942801ac904f6,run_line,away,147.0,2.47,,,0.39507750725170726,0.39614710443367823,juiced
2026_05_14,0fd9dcf5dd607b0b9074ed98709c23da,run_line,home,-192.0,1.5208333333333337,,,0.6844616814513955,0.6799738540148973,juiced
2026_05_14,0fd9dcf5dd607b0b9074ed98709c23da,run_line,away,156.0,2.56,,,0.3221383185486045,0.3200261459851028,juiced
2026_05_14,3e233aef78a3a5c98e1d9fc4ba450901,run_line,home,-144.0,1.6944444444444444,,,0.5898489337861371,0.5849354757895053,juiced
2026_05_14,3e233aef78a3a5c98e1d9fc4ba450901,run_line,away,119.0,2.19,,,0.4185510662138628,0.41506452421049467,juiced
2026_05_14,679760ad793188b79273efa2408440ac,run_line,home,139.0,2.39,,,0.4167247543161512,0.4100814350680488,juiced
2026_05_14,679760ad793188b79273efa2408440ac,run_line,away,-166.0,1.6024096385542168,,,0.5994752456838488,0.5899185649319512,juiced
2026_05_14,6e7d9b2e9bc1d87a475e2a29d5c86b92,run_line,home,-181.0,1.5524861878453038,,,0.7823450439759615,0.7844630943306544,juiced
2026_05_14,6e7d9b2e9bc1d87a475e2a29d5c86b92,run_line,away,149.0,2.49,,,0.21495495602403838,0.21553690566934566,juiced
2026_05_14,797493921ce7c293a19900840d42e2e1,run_line,home,129.0,2.29,,,0.4513226676612742,0.447563137307888,juiced
2026_05_14,797493921ce7c293a19900840d42e2e1,run_line,away,-156.0,1.641025641025641,,,0.5570773323387258,0.5524368626921121,juiced
2026_05_14,8abdf6d45a3ff089cc31a3d8ae9454b2,run_line,home,124.0,2.24,,,0.3628878283161177,0.3601864300904394,juiced
2026_05_14,8abdf6d45a3ff089cc31a3d8ae9454b2,run_line,away,-149.0,1.6711409395973154,,,0.6446121716838823,0.6398135699095605,juiced
2026_05_14,901a26e0d74ceaadd9981af23f8e1a15,run_line,home,-147.0,1.6802721088435373,,,0.6386073258992034,0.6334761689308634,juiced
2026_05_14,901a26e0d74ceaadd9981af23f8e1a15,run_line,away,123.0,2.23,,,0.3694926741007965,0.3665238310691365,juiced
2026_05_14,b707c40c030d32a5c6a52e12bdee39fd,run_line,home,119.0,2.19,,,0.5361953908508194,0.5344317660229437,juiced
2026_05_14,b707c40c030d32a5c6a52e12bdee39fd,run_line,away,-144.0,1.6944444444444444,,,0.4671046091491806,0.4655682339770564,juiced
2026_05_14,bc2f7272b3d5ef426608824387a95824,run_line,home,123.0,2.23,,,0.4829868382954499,0.4793914027746401,juiced
2026_05_14,bc2f7272b3d5ef426608824387a95824,run_line,away,-147.0,1.6802721088435373,,,0.5245131617045501,0.5206085972253599,juiced
2026_05_14,e24302ea9f75de2f74247cff5426bb72,run_line,home,124.0,2.24,,,0.3457675127587831,0.3431935610509013,juiced
2026_05_14,e24302ea9f75de2f74247cff5426bb72,run_line,away,-149.0,1.6711409395973154,,,0.6617324872412169,0.6568064389490986,juiced
2026_05_15,0a103297db91d5bd1abf13d04b710c2a,run_line,home,135.0,2.35,,,0.34960047437116787,0.34402723319343426,juiced
2026_05_15,0a103297db91d5bd1abf13d04b710c2a,run_line,away,-163.0,1.6134969325153374,,,0.6665995256288321,0.6559727668065657,juiced
2026_05_15,19b80d07edae4ffcb25b42667963c877,run_line,home,-156.0,1.641025641025641,,,0.6901454097960288,0.6889053801118274,juiced
2026_05_15,19b80d07edae4ffcb25b42667963c877,run_line,away,129.0,2.29,,,0.31165459020397124,0.3110946198881725,juiced
2026_05_15,204926b2f2e00788f62385d3af31d828,run_line,home,-135.0,1.7407407407407407,,,0.5847101752370099,0.579322476208273,juiced
2026_05_15,204926b2f2e00788f62385d3af31d828,run_line,away,112.0,2.12,,,0.42458982476299006,0.42067752379172707,juiced
2026_05_15,2aee6b065d2ab7dd34a7bf34c50ecf64,run_line,home,-200.0,1.5,,,0.7869122147829063,0.7780425299415723,juiced
2026_05_15,2aee6b065d2ab7dd34a7bf34c50ecf64,run_line,away,163.0,2.63,,,0.2244877852170937,0.22195747005842761,juiced
2026_05_15,2f427e779ce4322fa3631629afb6f614,run_line,home,,,,,,,missing_dk_odds
2026_05_15,2f427e779ce4322fa3631629afb6f614,run_line,away,,,,,,,missing_dk_odds
2026_05_15,36e963840422a477a4a60c1d4b1b2879,run_line,home,-142.0,1.704225352112676,,,0.5966320604654158,0.5916620988352002,juiced
2026_05_15,36e963840422a477a4a60c1d4b1b2879,run_line,away,119.0,2.19,,,0.41176793953458407,0.4083379011647998,juiced
2026_05_15,4323e1f1f88640843f73a6482a7730d5,run_line,home,-178.0,1.5617977528089888,,,0.6759299064740697,0.6777598580909152,juiced
2026_05_15,4323e1f1f88640843f73a6482a7730d5,run_line,away,148.0,2.48,,,0.32137009352593027,0.3222401419090848,juiced
2026_05_15,44a4350d4a8392d58e49e092bee941e9,run_line,home,-142.0,1.704225352112676,,,0.7499828269155425,0.7437354491427435,juiced
2026_05_15,44a4350d4a8392d58e49e092bee941e9,run_line,away,118.0,2.18,,,0.2584171730844574,0.25626455085725647,juiced
2026_05_15,857412c718e5a9787f2d262c8ad16cd5,run_line,home,-175.0,1.5714285714285714,,,0.6340219565024372,0.6357384503182967,juiced
2026_05_15,857412c718e5a9787f2d262c8ad16cd5,run_line,away,145.0,2.45,,,0.36327804349756276,0.3642615496817034,juiced
2026_05_15,8a72d8b519cc92911419682fb63aaf67,run_line,home,119.0,2.19,,,0.4982588485233693,0.49662000251506966,juiced
2026_05_15,8a72d8b519cc92911419682fb63aaf67,run_line,away,-142.0,1.704225352112676,,,0.5050411514766306,0.5033799974849305,juiced
2026_05_15,919b933a4af691070848a940a7d07a84,run_line,home,149.0,2.49,,,0.3353163065520768,0.33571916955554343,juiced
2026_05_15,919b933a4af691070848a940a7d07a84,run_line,away,-181.0,1.5524861878453038,,,0.6634836934479232,0.6642808304444566,juiced
2026_05_15,a051c6df269a83813b248ea222859c65,run_line,home,152.0,2.52,,,0.466945088152395,0.46582710310494313,juiced
2026_05_15,a051c6df269a83813b248ea222859c65,run_line,away,-185.0,1.5405405405405406,,,0.535454911847605,0.5341728968950569,juiced
2026_05_15,afc970260745e8fb77f25865b9aa1d1e,run_line,home,-142.0,1.704225352112676,,,0.5829047768720463,0.5780491638953256,juiced
2026_05_15,afc970260745e8fb77f25865b9aa1d1e,run_line,away,119.0,2.19,,,0.42549522312795357,0.4219508361046743,juiced
2026_05_15,d5256fecb9779436e7900fb3f1b19363,run_line,home,149.0,2.49,,,0.4011775383713121,0.4016595298070806,juiced
2026_05_15,d5256fecb9779436e7900fb3f1b19363,run_line,away,-181.0,1.5524861878453038,,,0.5976224616286879,0.5983404701929195,juiced
2026_05_16,2638aded4f2e2359a902072c9d2fba22,run_line,home,-117.0,1.8547008547008548,,,0.5752506478311356,0.56876670736715,juiced
2026_05_16,2638aded4f2e2359a902072c9d2fba22,run_line,away,-102.0,1.9803921568627447,,,0.43614935216886447,0.43123329263284993,juiced
2026_05_16,4b228f8e92985dcf7be730bd8e8c2c5d,run_line,home,-175.0,1.5714285714285714,,,0.6481987778953967,0.649953652757843,juiced
2026_05_16,4b228f8e92985dcf7be730bd8e8c2c5d,run_line,away,144.0,2.44,,,0.3491012221046032,0.35004634724215705,juiced
2026_05_16,58b1dff480365011b5d7ad2e1c40baae,run_line,home,-142.0,1.704225352112676,,,0.6097372614829354,0.6046581331643548,juiced
2026_05_16,58b1dff480365011b5d7ad2e1c40baae,run_line,away,118.0,2.18,,,0.3986627385170646,0.39534186683564515,juiced
2026_05_16,6b2d5ebb90ade419f4d5c59b95c1b301,run_line,home,161.0,2.6100000000000003,,,0.3426624303406196,0.33809810591082345,juiced
2026_05_16,6b2d5ebb90ade419f4d5c59b95c1b301,run_line,away,-196.0,1.510204081632653,,,0.6708375696593804,0.6619018940891764,juiced
2026_05_16,8c4164a5b90b37ee80487fbe77607394,run_line,home,144.0,2.44,,,0.3597002100423943,0.3586243370313003,juiced
2026_05_16,8c4164a5b90b37ee80487fbe77607394,run_line,away,-175.0,1.5714285714285714,,,0.6432997899576057,0.6413756629686995,juiced
2026_05_16,8cb0cf3de3f70a1993a155d8d3cfef98,run_line,home,119.0,2.19,,,0.4570627676452439,0.4555594215541154,juiced
2026_05_16,8cb0cf3de3f70a1993a155d8d3cfef98,run_line,away,-142.0,1.704225352112676,,,0.5462372323547561,0.5444405784458848,juiced
2026_05_16,a5e515bbcd25515bb500f052064aa31d,run_line,home,-153.0,1.65359477124183,,,0.6379823534305279,0.6368360485431502,juiced
2026_05_16,a5e515bbcd25515bb500f052064aa31d,run_line,away,129.0,2.29,,,0.36381764656947213,0.36316395145684977,juiced
2026_05_16,a6224f9c00c2799d9f58de009bf48393,run_line,home,-142.0,1.704225352112676,,,0.5827010411091852,0.5778471252570262,juiced
2026_05_16,a6224f9c00c2799d9f58de009bf48393,run_line,away,119.0,2.19,,,0.42569895889081477,0.4221528747429738,juiced
2026_05_16,c0881b4a195ada00f7db5d84c6cef8b7,run_line,home,145.0,2.45,,,0.4204341365502195,0.41917660673002943,juiced
2026_05_16,c0881b4a195ada00f7db5d84c6cef8b7,run_line,away,-175.0,1.5714285714285714,,,0.5825658634497805,0.5808233932699706,juiced
2026_05_16,c53d7080fd560dbde65770d1a7facbfd,run_line,home,-149.0,1.6711409395973154,,,0.6228692578109957,0.6178645549161746,juiced
2026_05_16,c53d7080fd560dbde65770d1a7facbfd,run_line,away,123.0,2.23,,,0.3852307421890043,0.38213544508382535,juiced
2026_05_16,ca5e359ff82548cecbaa7a8695e9fbf0,run_line,home,139.0,2.39,,,0.41169487248436987,0.4051317383235287,juiced
2026_05_16,ca5e359ff82548cecbaa7a8695e9fbf0,run_line,away,-169.0,1.5917159763313609,,,0.6045051275156301,0.5948682616764713,juiced
2026_05_16,cc7b9980605dd66040b354031b4491c8,run_line,home,-172.0,1.5813953488372094,,,0.6886565858744402,0.6905209925543371,juiced
2026_05_16,cc7b9980605dd66040b354031b4491c8,run_line,away,141.0,2.41,,,0.3086434141255597,0.30947900744566303,juiced
2026_05_16,d89740dbc48f3d782b0e473629494f6b,run_line,home,129.0,2.29,,,0.4399074253019038,0.4362429842343354,juiced
2026_05_16,d89740dbc48f3d782b0e473629494f6b,run_line,away,-156.0,1.641025641025641,,,0.5684925746980962,0.5637570157656646,juiced
2026_05_16,e794b5b54765be45db1d4e7681c62e39,run_line,home,-126.0,1.7936507936507935,,,0.6035434276832163,0.5985158941721701,juiced
2026_05_16,e794b5b54765be45db1d4e7681c62e39,run_line,away,104.0,2.04,,,0.4048565723167836,0.4014841058278299,juiced
2026_05_16,f1f5588e7499f45638568bb30db784a3,run_line,home,-185.0,1.5405405405405406,,,0.7227915354615473,0.7193387096552024,juiced
2026_05_16,f1f5588e7499f45638568bb30db784a3,run_line,away,150.0,2.5,,,0.2820084645384527,0.2806612903447977,juiced
2026_05_17,0d9a62c64d2a238adaad12a20dcdbf30,run_line,home,-158.0,1.6329113924050631,,,0.647428883787213,0.6428007186131979,juiced
2026_05_17,0d9a62c64d2a238adaad12a20dcdbf30,run_line,away,131.0,2.31,,,0.359771116212787,0.357199281386802,juiced
2026_05_17,0fb188572539c3bf9558877136a1c260,run_line,home,-172.0,1.5813953488372094,,,0.6051318357310689,0.6067701150416814,juiced
2026_05_17,0fb188572539c3bf9558877136a1c260,run_line,away,141.0,2.41,,,0.3921681642689311,0.39322988495831857,juiced
2026_05_17,116182ae8e8405948f5510df38eec4e8,run_line,home,-142.0,1.704225352112676,,,0.5744751981015958,0.5696898037500949,juiced
2026_05_17,116182ae8e8405948f5510df38eec4e8,run_line,away,119.0,2.19,,,0.43392480189840416,0.43031019624990496,juiced
2026_05_17,2012acf4d020399d425e3b100b9eb0b8,run_line,home,124.0,2.24,,,0.4878856234702264,0.48425372056598154,juiced
2026_05_17,2012acf4d020399d425e3b100b9eb0b8,run_line,away,-149.0,1.6711409395973154,,,0.5196143765297736,0.5157462794340184,juiced
2026_05_17,202f16f2a36544c76cedfaacc4e45ada,run_line,home,-175.0,1.5714285714285714,,,0.6795987935080222,0.6814386779384561,juiced
2026_05_17,202f16f2a36544c76cedfaacc4e45ada,run_line,away,145.0,2.45,,,0.3177012064919777,0.3185613220615439,juiced
2026_05_17,36d5609a0cc871bc0455884cbbeb54a7,run_line,home,-142.0,1.704225352112676,,,0.7036795550288754,0.6978178847965841,juiced
2026_05_17,36d5609a0cc871bc0455884cbbeb54a7,run_line,away,119.0,2.19,,,0.3047204449711246,0.3021821152034159,juiced
2026_05_17,4a7ed5c0f59bf539dffd13712f0d22e3,run_line,home,136.0,2.3600000000000003,,,0.3316216430837385,0.32633501582733565,juiced
2026_05_17,4a7ed5c0f59bf539dffd13712f0d22e3,run_line,away,-163.0,1.6134969325153374,,,0.6845783569162615,0.6736649841726643,juiced
2026_05_17,8669868fab8f7f8ccddf468e6ac88d5b,run_line,home,-192.0,1.5208333333333337,,,0.6480140634648488,0.6437652130586616,juiced
2026_05_17,8669868fab8f7f8ccddf468e6ac88d5b,run_line,away,158.0,2.58,,,0.3585859365351512,0.35623478694133837,juiced
2026_05_17,8732923778f83df576e551800c5f68d9,run_line,home,-121.0,1.8264462809917357,,,0.5850066860016164,0.5801335640634832,juiced
2026_05_17,8732923778f83df576e551800c5f68d9,run_line,away,100.0,2.0,,,0.4233933139983836,0.41986643593651685,juiced
2026_05_17,b51f77ee601ba774b0fc72ab78459a22,run_line,home,135.0,2.35,,,0.38581762541589926,0.37966701969681094,juiced
2026_05_17,b51f77ee601ba774b0fc72ab78459a22,run_line,away,-163.0,1.6134969325153374,,,0.6303823745841007,0.6203329803031891,juiced
2026_05_17,bfb9f1713a1e1d5af34925cdf9b13a7e,run_line,home,129.0,2.29,,,0.42692662875372167,0.4233703180818343,juiced
2026_05_17,bfb9f1713a1e1d5af34925cdf9b13a7e,run_line,away,-156.0,1.641025641025641,,,0.5814733712462783,0.5766296819181658,juiced
2026_05_17,c4ad12dbd84b0112939a27411ee0bf4d,run_line,home,-172.0,1.5813953488372094,,,0.6389505104222052,0.6406803473600774,juiced
2026_05_17,c4ad12dbd84b0112939a27411ee0bf4d,run_line,away,141.0,2.41,,,0.3583494895777948,0.3593196526399226,juiced
2026_05_17,d125d71e5b57f505a63c57086e78bfea,run_line,home,158.0,2.58,,,0.3275263850571223,0.32393075369115054,juiced
2026_05_17,d125d71e5b57f505a63c57086e78bfea,run_line,away,-192.0,1.5208333333333337,,,0.6835736149428776,0.6760692463088495,juiced
2026_05_17,dd1591797593585fc5c6ed59ebb7a738,run_line,home,-135.0,1.7407407407407407,,,0.5856656535865178,0.5802691504869888,juiced
2026_05_17,dd1591797593585fc5c6ed59ebb7a738,run_line,away,112.0,2.12,,,0.4236343464134822,0.41973084951301115,juiced
2026_05_18,0659b2fd47b200a2c0fe612b8a32e5b1,run_line,home,150.0,2.5,,,0.38066874898746567,0.3797573313921246,juiced
2026_05_18,0659b2fd47b200a2c0fe612b8a32e5b1,run_line,away,-185.0,1.5405405405405406,,,0.6217312510125343,0.6202426686078755,juiced
2026_05_18,13038bc4537d05af00935232c7a96b21,run_line,home,118.0,2.18,,,0.5035753011289805,0.5019189685328223,juiced
2026_05_18,13038bc4537d05af00935232c7a96b21,run_line,away,-142.0,1.704225352112676,,,0.4997246988710194,0.49808103146717775,juiced
2026_05_18,13c307bac70250bed56ce2a649cc492e,run_line,home,-123.0,1.8130081300813008,,,0.5973921784996352,0.5924158850650885,juiced
2026_05_18,13c307bac70250bed56ce2a649cc492e,run_line,away,102.0,2.02,,,0.4110078215003648,0.40758411493491153,juiced
2026_05_18,14c70bb665938baff9719079a82cbb93,run_line,home,135.0,2.35,,,0.4537035379090516,0.446470712368679,juiced
2026_05_18,14c70bb665938baff9719079a82cbb93,run_line,away,-163.0,1.6134969325153374,,,0.5624964620909484,0.553529287631321,juiced
2026_05_18,42fd4ebc22c3536132b84d9c0a55ef29,run_line,home,-175.0,1.5714285714285714,,,0.7262898085019003,0.7282560999718243,juiced
2026_05_18,42fd4ebc22c3536132b84d9c0a55ef29,run_line,away,144.0,2.44,,,0.2710101914980997,0.2717439000281758,juiced
2026_05_18,5d7782b4079153d44f30c8b3b9ccf495,run_line,home,139.0,2.39,,,0.42695855141306366,0.4201520875940402,juiced
2026_05_18,5d7782b4079153d44f30c8b3b9ccf495,run_line,away,-166.0,1.6024096385542168,,,0.5892414485869363,0.5798479124059598,juiced
2026_05_18,60ea4be5f7a9bd97fd35cbbbe9e208fa,run_line,home,-175.0,1.5714285714285714,,,0.7040816768684586,0.7059878440473866,juiced
2026_05_18,60ea4be5f7a9bd97fd35cbbbe9e208fa,run_line,away,145.0,2.45,,,0.2932183231315414,0.2940121559526135,juiced
2026_05_18,6990aa317792d95bc36b258c5662a9b4,run_line,home,141.0,2.41,,,0.3882205977768178,0.387059419518263,juiced
2026_05_18,6990aa317792d95bc36b258c5662a9b4,run_line,away,-172.0,1.5813953488372094,,,0.6147794022231822,0.612940580481737,juiced
2026_05_18,82ca2e0ae47260f1183ee3abf8a69169,run_line,home,-172.0,1.5813953488372094,,,0.6913076580367867,0.6931792419901602,juiced
2026_05_18,82ca2e0ae47260f1183ee3abf8a69169,run_line,away,142.0,2.42,,,0.3059923419632132,0.30682075800983977,juiced
2026_05_18,8bf07e3c1ae5450be5661196332a989f,run_line,home,-131.0,1.763358778625954,,,0.6181050952749213,0.6098718256289307,juiced
2026_05_18,8bf07e3c1ae5450be5661196332a989f,run_line,away,108.0,2.08,,,0.3953949047250787,0.3901281743710692,juiced
2026_05_18,a18a19981ef7d4e6c9f6244dc08e597a,run_line,home,112.0,2.12,,,0.4557038262924015,0.4546127556787725,juiced
2026_05_18,a18a19981ef7d4e6c9f6244dc08e597a,run_line,away,-135.0,1.7407407407407407,,,0.5466961737075985,0.5453872443212275,juiced
2026_05_18,a8e5153e31f262e9df1bef1566519c3f,run_line,home,-149.0,1.6711409395973154,,,0.6604129635165371,0.6551066000560828,juiced
2026_05_18,a8e5153e31f262e9df1bef1566519c3f,run_line,away,123.0,2.23,,,0.3476870364834629,0.34489339994391716,juiced
2026_05_18,d98976061eadebf5d9ba5c0632212976,run_line,home,-136.0,1.7352941176470589,,,0.6110018467316907,0.605371888171694,juiced
2026_05_18,d98976061eadebf5d9ba5c0632212976,run_line,away,114.0,2.14,,,0.39829815326830925,0.39462811182830604,juiced
2026_05_18,daf39ff0f5f85b7da76274b743b1ab1f,run_line,home,144.0,2.44,,,0.3251272465731414,0.324154782226462,juiced
2026_05_18,daf39ff0f5f85b7da76274b743b1ab1f,run_line,away,-175.0,1.5714285714285714,,,0.6778727534268586,0.6758452177735379,juiced
2026_05_19,00aa355eed768f248a9d925736ced07e,run_line,home,-192.0,1.5208333333333337,,,0.7548009540964464,0.7498519313495395,juiced
2026_05_19,00aa355eed768f248a9d925736ced07e,run_line,away,158.0,2.58,,,0.2517990459035535,0.25014806865046046,juiced
2026_05_19,0df79000a907b712204a8a3cf32bd442,run_line,home,-142.0,1.704225352112676,,,0.6729564288230011,0.6673506830850864,juiced
2026_05_19,0df79000a907b712204a8a3cf32bd442,run_line,away,119.0,2.19,,,0.33544357117699886,0.3326493169149136,juiced
2026_05_19,17b57496d4b06d4d4ecabf5046cb5e37,run_line,home,141.0,2.41,,,0.4032207177906193,0.4020146737693113,juiced
2026_05_19,17b57496d4b06d4d4ecabf5046cb5e37,run_line,away,-172.0,1.5813953488372094,,,0.5997792822093807,0.5979853262306886,juiced
2026_05_19,36672faae36a4b8104686a4a2068f311,run_line,home,152.0,2.52,,,0.3170313330955087,0.3162722796244101,juiced
2026_05_19,36672faae36a4b8104686a4a2068f311,run_line,away,-185.0,1.5405405405405406,,,0.6853686669044913,0.6837277203755899,juiced
2026_05_19,54706a0490ebce80c512adf788e6b1d2,run_line,home,141.0,2.41,,,0.3747509550665606,0.3736300648719448,juiced
2026_05_19,54706a0490ebce80c512adf788e6b1d2,run_line,away,-172.0,1.5813953488372094,,,0.6282490449334394,0.6263699351280553,juiced
2026_05_19,71b59fe2207f3970c30c5dacc7d3956d,run_line,home,144.0,2.44,,,0.3961110116348267,0.3949262329360187,juiced
2026_05_19,71b59fe2207f3970c30c5dacc7d3956d,run_line,away,-175.0,1.5714285714285714,,,0.6068889883651732,0.6050737670639814,juiced
2026_05_19,97bf3716f67af1bbeb31d15893f46ec1,run_line,home,144.0,2.44,,,0.3793917182222683,0.37825694738012794,juiced
2026_05_19,97bf3716f67af1bbeb31d15893f46ec1,run_line,away,-175.0,1.5714285714285714,,,0.6236082817777316,0.6217430526198721,juiced
2026_05_19,9ba5958467f2222cf1204d56f898ed51,run_line,home,-129.0,1.7751937984496124,,,0.6681269716739003,0.662561455448136,juiced
2026_05_19,9ba5958467f2222cf1204d56f898ed51,run_line,away,108.0,2.08,,,0.3402730283260996,0.337438544551864,juiced
2026_05_19,9dc0d5b7cb72b6692039e5b9a98b9c02,run_line,home,-181.0,1.5524861878453038,,,0.6901476893356315,0.6920161328944466,juiced
2026_05_19,9dc0d5b7cb72b6692039e5b9a98b9c02,run_line,away,149.0,2.49,,,0.3071523106643684,0.3079838671055534,juiced
2026_05_19,a1ca821baa20137a228b1dff8e70c21d,run_line,home,-163.0,1.6134969325153374,,,0.7059246969515441,0.6981749549515817,juiced
2026_05_19,a1ca821baa20137a228b1dff8e70c21d,run_line,away,134.0,2.34,,,0.30517530304845586,0.30182504504841845,juiced
2026_05_19,ae09768ff9ace4d90b4d8b78be0ac325,run_line,home,-135.0,1.7407407407407407,,,0.613951035714704,0.6082939024221777,juiced
2026_05_19,ae09768ff9ace4d90b4d8b78be0ac325,run_line,away,112.0,2.12,,,0.395348964285296,0.3917060975778222,juiced
2026_05_19,c974a8cecb0d3237e2c78f1920c5eaf3,run_line,home,-200.0,1.5,,,0.7956023682984797,0.7866347323496934,juiced
2026_05_19,c974a8cecb0d3237e2c78f1920c5eaf3,run_line,away,164.0,2.64,,,0.2157976317015202,0.21336526765030672,juiced
2026_05_19,d66cf630e36e9449d187a5ac8311303c,run_line,home,-126.0,1.7936507936507935,,,0.6226051520547924,0.6174188338504486,juiced
2026_05_19,d66cf630e36e9449d187a5ac8311303c,run_line,away,104.0,2.04,,,0.38579484794520763,0.3825811661495514,juiced
2026_05_19,d830cdcc631105b0bba70245ff339e90,run_line,home,-166.0,1.6024096385542168,,,0.6727114623881176,0.6653263400139627,juiced
2026_05_19,d830cdcc631105b0bba70245ff339e90,run_line,away,137.0,2.37,,,0.33838853761188237,0.3346736599860374,juiced
2026_05_19,ec5b231b8737543f956f9575bc81de01,run_line,home,-163.0,1.6134969325153374,,,0.6798449652845039,0.672381530298194,juiced
2026_05_19,ec5b231b8737543f956f9575bc81de01,run_line,away,136.0,2.3600000000000003,,,0.3312550347154961,0.3276184697018061,juiced
2026_05_20,005a4910f335d19816293b6d19644bd0,run_line,home,-196.0,1.510204081632653,,,0.764572848764129,0.7559549621951047,juiced
2026_05_20,005a4910f335d19816293b6d19644bd0,run_line,away,161.0,2.6100000000000003,,,0.24682715123587098,0.24404503780489517,juiced
2026_05_20,0d1fe29e67867b51d29c32056784a512,run_line,home,152.0,2.52,,,0.3845702178244424,0.3836494591225483,juiced
2026_05_20,0d1fe29e67867b51d29c32056784a512,run_line,away,-185.0,1.5405405405405406,,,0.6178297821755576,0.6163505408774518,juiced
2026_05_20,2d368724e0c14ae2d63c7f7016e17330,run_line,home,-149.0,1.6711409395973154,,,0.6987997976458272,0.6931849991526904,juiced
2026_05_20,2d368724e0c14ae2d63c7f7016e17330,run_line,away,123.0,2.23,,,0.3093002023541727,0.3068150008473095,juiced
2026_05_20,359cc9aec9f8a43ddd53ba06ce331765,run_line,home,-149.0,1.6711409395973154,,,0.5956895379778905,0.5909032218806571,juiced
2026_05_20,359cc9aec9f8a43ddd53ba06ce331765,run_line,away,125.0,2.25,,,0.4124104620221095,0.40909677811934286,juiced
2026_05_20,3846930337f62766087b0490c958713e,run_line,home,-135.0,1.7407407407407407,,,0.564724064221547,0.5595205233543514,juiced
2026_05_20,3846930337f62766087b0490c958713e,run_line,away,112.0,2.12,,,0.444575935778453,0.44047947664564846,juiced
2026_05_20,44f850d55bfab7238e84fbd1b0e4c76f,run_line,home,135.0,2.35,,,0.3593711033132016,0.3536421012725857,juiced
2026_05_20,44f850d55bfab7238e84fbd1b0e4c76f,run_line,away,-163.0,1.6134969325153374,,,0.6568288966867983,0.6463578987274142,juiced
2026_05_20,7a000dccd00ad40a268d4d9160f1e0d3,run_line,home,-200.0,1.5,,,0.7436602895744424,0.7352781190176413,juiced
2026_05_20,7a000dccd00ad40a268d4d9160f1e0d3,run_line,away,165.0,2.65,,,0.2677397104255576,0.2647218809823587,juiced
2026_05_20,7da6a18b316119afbe4c2a58d5c2cbce,run_line,home,158.0,2.58,,,0.46589119202502477,0.4607765720749924,juiced
2026_05_20,7da6a18b316119afbe4c2a58d5c2cbce,run_line,away,-192.0,1.5208333333333337,,,0.5452088079749752,0.5392234279250077,juiced
2026_05_20,831c912e2cd0016f96881ac551738e6e,run_line,home,136.0,2.3600000000000003,,,0.4493610139619605,0.44219741582558597,juiced
2026_05_20,831c912e2cd0016f96881ac551738e6e,run_line,away,-163.0,1.6134969325153374,,,0.5668389860380395,0.557802584174414,juiced
2026_05_20,9090dcea2ce4abd32e09245a44d713d7,run_line,home,-192.0,1.5208333333333337,,,0.786810969512955,0.7816520658781593,juiced
2026_05_20,9090dcea2ce4abd32e09245a44d713d7,run_line,away,159.0,2.59,,,0.2197890304870449,0.21834793412184075,juiced
2026_05_20,b0078538407a959dc03f5469df863662,run_line,home,139.0,2.39,,,0.43179406016854227,0.42491050990803214,juiced
2026_05_20,b0078538407a959dc03f5469df863662,run_line,away,-166.0,1.6024096385542168,,,0.5844059398314577,0.5750894900919679,juiced
2026_05_20,cc55d7d8e85462a3aa9f55084d696c51,run_line,home,-149.0,1.6711409395973154,,,0.7218399508670769,0.7160400266512021,juiced
2026_05_20,cc55d7d8e85462a3aa9f55084d696c51,run_line,away,123.0,2.23,,,0.28626004913292313,0.28395997334879786,juiced
2026_05_20,ce352adc7aae36822a5575bb25b54ff8,run_line,home,-109.0,1.9174311926605505,,,0.5678535903810369,0.5616196126802858,juiced
2026_05_20,ce352adc7aae36822a5575bb25b54ff8,run_line,away,-108.0,1.925925925925926,,,0.443246409618963,0.43838038731971424,juiced
2026_05_20,e4390656e1c8d9fd196a4745760cdf05,run_line,home,124.0,2.24,,,0.5443797271867202,0.5403272726419059,juiced
2026_05_20,e4390656e1c8d9fd196a4745760cdf05,run_line,away,-149.0,1.6711409395973154,,,0.46312027281327983,0.4596727273580941,juiced
2026_05_20,eb71b24bcac6134977abdc1add17dd0a,run_line,home,-126.0,1.7936507936507935,,,0.5605969447541171,0.555927156638355,juiced
2026_05_20,eb71b24bcac6134977abdc1add17dd0a,run_line,away,104.0,2.04,,,0.4478030552458828,0.44407284336164504,juiced
2026_05_21,427339d860a9d7bf7b2075fa02850c56,run_line,home,-196.0,1.510204081632653,,,0.7028923159296567,0.6949696617853042,juiced
2026_05_21,427339d860a9d7bf7b2075fa02850c56,run_line,away,163.0,2.63,,,0.30850768407034324,0.30503033821469566,juiced
2026_05_21,6297516eb97ef4842f3fc5b36d64adb2,run_line,home,-161.0,1.62111801242236,,,0.6420042765654673,0.6349562620566387,juiced
2026_05_21,6297516eb97ef4842f3fc5b36d64adb2,run_line,away,134.0,2.34,,,0.3690957234345327,0.3650437379433614,juiced
2026_05_21,6a7d1b1febdcfcc35087e32a118d0e3e,run_line,home,-172.0,1.5813953488372094,,,0.6909244179168301,0.6927949643204956,juiced
2026_05_21,6a7d1b1febdcfcc35087e32a118d0e3e,run_line,away,141.0,2.41,,,0.3063755820831698,0.30720503567950447,juiced
2026_05_21,ad313997692fb82ede49e0b3e0c17525,run_line,home,-172.0,1.5813953488372094,,,0.7341329144402687,0.7361204396272625,juiced
2026_05_21,ad313997692fb82ede49e0b3e0c17525,run_line,away,141.0,2.41,,,0.2631670855597312,0.2638795603727376,juiced
2026_05_21,ba2cf88267a9c181d7eed83a461dbaab,run_line,home,100.0,2.0,,,0.4420271115975038,0.43421130805255775,juiced
2026_05_21,ba2cf88267a9c181d7eed83a461dbaab,run_line,away,-120.0,1.8333333333333333,,,0.5759728884024962,0.5657886919474422,juiced
2026_05_21,cce976ea22886df248e92176cb5f8f26,run_line,home,129.0,2.29,,,0.508922089067337,0.5046827539342891,juiced
2026_05_21,cce976ea22886df248e92176cb5f8f26,run_line,away,-156.0,1.641025641025641,,,0.499477910932663,0.4953172460657111,juiced
2026_05_21,fa85c6e14d2b480b97a6f0004286ec0b,run_line,home,-144.0,1.6944444444444444,,,0.6540368074059034,0.6485886626397297,juiced
2026_05_21,fa85c6e14d2b480b97a6f0004286ec0b,run_line,away,119.0,2.19,,,0.3543631925940965,0.35141133736027025,juiced
2026_05_22,0fec3ff922e35049f5bbc3e899ce1cef,run_line,home,-178.0,1.5617977528089888,,,0.6768422223946824,0.6786746439333023,juiced
2026_05_22,0fec3ff922e35049f5bbc3e899ce1cef,run_line,away,148.0,2.48,,,0.3204577776053176,0.32132535606669765,juiced
2026_05_22,2e525c53c28c114fe0aeaafcbe01e2be,run_line,home,-185.0,1.5405405405405406,,,0.7083686343931523,0.7049847077957329,juiced
2026_05_22,2e525c53c28c114fe0aeaafcbe01e2be,run_line,away,152.0,2.52,,,0.2964313656068476,0.29501529220426714,juiced
2026_05_22,30849d75479678c5245fbaa4ea9919ec,run_line,home,156.0,2.56,,,0.363582265475725,0.3595908075123381,juiced
2026_05_22,30849d75479678c5245fbaa4ea9919ec,run_line,away,-192.0,1.5208333333333337,,,0.647517734524275,0.640409192487662,juiced
2026_05_22,35a7408a1687fdea6b7052d86f74cdb5,run_line,home,-128.0,1.78125,,,0.446263841679729,0.4425464514872362,juiced
2026_05_22,35a7408a1687fdea6b7052d86f74cdb5,run_line,away,106.0,2.06,,,0.562136158320271,0.5574535485127637,juiced
2026_05_22,668e5f71f74fad13739788e98ce12084,run_line,home,144.0,2.44,,,0.3477069383197637,0.346666937507242,juiced
2026_05_22,668e5f71f74fad13739788e98ce12084,run_line,away,-175.0,1.5714285714285714,,,0.6552930616802363,0.653333062492758,juiced
2026_05_22,7298c47d240347dac3ccc27327e2dd9c,run_line,home,138.0,2.38,,,0.3944674954689323,0.38817899573797704,juiced
2026_05_22,7298c47d240347dac3ccc27327e2dd9c,run_line,away,-166.0,1.6024096385542168,,,0.6217325045310677,0.6118210042620229,juiced
2026_05_22,7299c6da7b62235dd67f58484e58a33b,run_line,home,-108.0,1.925925925925926,,,0.5308532143094934,0.5250254320141365,juiced
2026_05_22,7299c6da7b62235dd67f58484e58a33b,run_line,away,-109.0,1.9174311926605505,,,0.4802467856905065,0.47497456798586346,juiced
2026_05_22,79b579806db1b97214fad9783eef88cd,run_line,home,-169.0,1.5917159763313609,,,0.6453466936706783,0.64283961915597,juiced
2026_05_22,79b579806db1b97214fad9783eef88cd,run_line,away,140.0,2.4,,,0.3585533063293217,0.35716038084402996,juiced
2026_05_22,9a684c8b4ec22835fc3fd145e7796370,run_line,home,-101.0,1.99009900990099,,,0.5036030325168743,0.49748397956818574,juiced
2026_05_22,9a684c8b4ec22835fc3fd145e7796370,run_line,away,-120.0,1.8333333333333333,,,0.5086969674831255,0.5025160204318143,juiced
2026_05_22,a29760479f428402af00a34cffbc00cf,run_line,home,-192.0,1.5208333333333337,,,0.6833696885879832,0.6788890210490595,juiced
2026_05_22,a29760479f428402af00a34cffbc00cf,run_line,away,156.0,2.56,,,0.3232303114120168,0.3211109789509406,juiced
2026_05_22,a5ab3fe9c783f6349643c38556202b88,run_line,home,152.0,2.52,,,0.4286633910941058,0.4276370621449579,juiced
2026_05_22,a5ab3fe9c783f6349643c38556202b88,run_line,away,-185.0,1.5405405405405406,,,0.5737366089058942,0.5723629378550421,juiced
2026_05_22,b76277870735bb77b65fe5d409036cf6,run_line,home,129.0,2.29,,,0.44386994118534717,0.44017249225044347,juiced
2026_05_22,b76277870735bb77b65fe5d409036cf6,run_line,away,-156.0,1.641025641025641,,,0.5645300588146528,0.5598275077495566,juiced
2026_05_22,de08b74f7a56e9ca21d1a814f3bb9580,run_line,home,-188.0,1.5319148936170213,,,0.6814253487350399,0.6781701321009553,juiced
2026_05_22,de08b74f7a56e9ca21d1a814f3bb9580,run_line,away,156.0,2.56,,,0.32337465126496,0.3218298678990446,juiced
2026_05_22,ea533201c1219a43e8c91415af4065b2,run_line,home,127.0,2.27,,,0.4599749911638062,0.4561433867153969,juiced
2026_05_22,ea533201c1219a43e8c91415af4065b2,run_line,away,-153.0,1.65359477124183,,,0.5484250088361938,0.5438566132846032,juiced
2026_05_22,ed5e4f7c7c0c51b06ffd0fdf93ce8f17,run_line,home,139.0,2.39,,,0.4057405154868058,0.3992723041594231,juiced
2026_05_22,ed5e4f7c7c0c51b06ffd0fdf93ce8f17,run_line,away,-169.0,1.5917159763313609,,,0.6104594845131942,0.6007276958405768,juiced
2026_05_23,188966d9ba86d03383806bac10bc777c,run_line,home,-163.0,1.6134969325153374,,,0.707365045236494,0.6995994908876413,juiced
2026_05_23,188966d9ba86d03383806bac10bc777c,run_line,away,136.0,2.3600000000000003,,,0.303734954763506,0.3004005091123588,juiced
2026_05_23,1b110a61227c86ab2f069fb32d6720af,run_line,home,-181.0,1.5524861878453038,,,0.8001039163517594,0.8022700454745406,juiced
2026_05_23,1b110a61227c86ab2f069fb32d6720af,run_line,away,149.0,2.49,,,0.1971960836482406,0.19772995452545933,juiced
2026_05_23,1d419a4245a0f02f79282579190123f2,run_line,home,-142.0,1.704225352112676,,,0.6026665550005837,0.5976463258633318,juiced
2026_05_23,1d419a4245a0f02f79282579190123f2,run_line,away,118.0,2.18,,,0.40573344499941616,0.40235367413666817,juiced
2026_05_23,203ad61a573433f885122e8811cd8350,run_line,home,-142.0,1.704225352112676,,,0.7257127074917956,0.719667500487699,juiced
2026_05_23,203ad61a573433f885122e8811cd8350,run_line,away,119.0,2.19,,,0.2826872925082043,0.280332499512301,juiced
2026_05_23,5e73a3b37ba9f2d7f8672112ad0b5d3a,run_line,home,141.0,2.41,,,0.5066847265985226,0.5051692189416974,juiced
2026_05_23,5e73a3b37ba9f2d7f8672112ad0b5d3a,run_line,away,-172.0,1.5813953488372094,,,0.4963152734014774,0.49483078105830247,juiced
2026_05_23,613fbf2d89b0e9cffb2d70ebdbe1f178,run_line,home,-192.0,1.5208333333333337,,,0.7859675712681127,0.7808141975641891,juiced
2026_05_23,613fbf2d89b0e9cffb2d70ebdbe1f178,run_line,away,159.0,2.59,,,0.2206324287318873,0.21918580243581096,juiced
2026_05_23,71e440d0877946408af692d321e7972b,run_line,home,-188.0,1.5319148936170213,,,0.6530161783914172,0.6498966743545156,juiced
2026_05_23,71e440d0877946408af692d321e7972b,run_line,away,154.0,2.54,,,0.3517838216085827,0.3501033256454844,juiced
2026_05_23,85a0d1f951c22b4be483d2e435fd0454,run_line,home,159.0,2.59,,,0.3492497977011521,0.3454156836130473,juiced
2026_05_23,85a0d1f951c22b4be483d2e435fd0454,run_line,away,-192.0,1.5208333333333337,,,0.6618502022988478,0.6545843163869527,juiced
2026_05_23,8b80dbee1665ae5e68b02b12836273c5,run_line,home,-172.0,1.5813953488372094,,,0.6608357535171813,0.6626248405867655,juiced
2026_05_23,8b80dbee1665ae5e68b02b12836273c5,run_line,away,142.0,2.42,,,0.3364642464828187,0.3373751594132344,juiced
2026_05_23,8cd9a8c51a76ba56fe6f4a174a01a9ee,run_line,home,-185.0,1.5405405405405406,,,0.730548915946938,0.7270590325905036,juiced
2026_05_23,8cd9a8c51a76ba56fe6f4a174a01a9ee,run_line,away,152.0,2.52,,,0.2742510840530619,0.27294096740949636,juiced
2026_05_23,8d35e402aab765eeda746ea98f694dc6,run_line,home,104.0,2.04,,,0.5634056319655856,0.5582142395378832,juiced
2026_05_23,8d35e402aab765eeda746ea98f694dc6,run_line,away,-126.0,1.7936507936507935,,,0.4458943680344144,0.4417857604621167,juiced
2026_05_23,aa331215453a8e2dcfbcdcaa7cacecbe,run_line,home,119.0,2.19,,,0.5377549719344678,0.5359862174169917,juiced
2026_05_23,aa331215453a8e2dcfbcdcaa7cacecbe,run_line,away,-144.0,1.6944444444444444,,,0.4655450280655322,0.46401378258300835,juiced
2026_05_23,bb14f988c4cc921c1b5286bf757183f6,run_line,home,108.0,2.08,,,0.5159168982345052,0.5117715486901152,juiced
2026_05_23,bb14f988c4cc921c1b5286bf757183f6,run_line,away,-131.0,1.763358778625954,,,0.4921831017654948,0.48822845130988474,juiced
2026_05_23,cdafb9b5d32150ff1e65098271c992b2,run_line,home,-149.0,1.6711409395973154,,,0.5933011194802723,0.5885339941278368,juiced
2026_05_23,cdafb9b5d32150ff1e65098271c992b2,run_line,away,124.0,2.24,,,0.4147988805197277,0.41146600587216314,juiced
2026_05_23,d414dc60c44b7705cece8354be2575d1,run_line,home,163.0,2.63,,,0.3980016248469891,0.3927001725179961,juiced
2026_05_23,d414dc60c44b7705cece8354be2575d1,run_line,away,-200.0,1.5,,,0.6154983751530109,0.6072998274820037,juiced
2026_05_23,e8edd4604077b2fc638f1b2e3db08545,run_line,home,-156.0,1.641025641025641,,,0.7210080304912375,0.7197125479050085,juiced
2026_05_23,e8edd4604077b2fc638f1b2e3db08545,run_line,away,129.0,2.29,,,0.2807919695087625,0.2802874520949915,juiced
2026_05_24,00df9acbb37e0b01ff82cec41f4c57b8,run_line,home,127.0,2.27,,,0.5270277070605395,0.5226375516268738,juiced
2026_05_24,00df9acbb37e0b01ff82cec41f4c57b8,run_line,away,-153.0,1.65359477124183,,,0.4813722929394606,0.47736244837312636,juiced
2026_05_24,0c7eacfb6fcc01d117cceb47c958a392,run_line,home,-142.0,1.704225352112676,,,0.6553579125492944,0.6498987629405935,juiced
2026_05_24,0c7eacfb6fcc01d117cceb47c958a392,run_line,away,119.0,2.19,,,0.3530420874507055,0.3501012370594065,juiced
2026_05_24,24764298bc8225d9b8c29e943649671f,run_line,home,-166.0,1.6024096385542168,,,0.7380095829126913,0.7299076084587987,juiced
2026_05_24,24764298bc8225d9b8c29e943649671f,run_line,away,139.0,2.39,,,0.27309041708730875,0.27009239154120146,juiced
2026_05_24,30932455872c68aa6d63646b48a38fc5,run_line,home,-112.0,1.8928571428571428,,,0.555986006542814,0.5497192075764425,juiced
2026_05_24,30932455872c68aa6d63646b48a38fc5,run_line,away,-107.0,1.9345794392523368,,,0.455413993457186,0.4502807924235574,juiced
2026_05_24,35fc54e79ed63979cd762e9846ada0c2,run_line,home,-188.0,1.5319148936170213,,,0.6969904401350776,0.6936608679688273,juiced
2026_05_24,35fc54e79ed63979cd762e9846ada0c2,run_line,away,154.0,2.54,,,0.3078095598649223,0.3063391320311727,juiced
2026_05_24,36c39001c1807b1162a5ddb493c32855,run_line,home,129.0,2.29,,,0.4983961430559183,0.4942444893454168,juiced
2026_05_24,36c39001c1807b1162a5ddb493c32855,run_line,away,-156.0,1.641025641025641,,,0.5100038569440817,0.5057555106545832,juiced
2026_05_24,3d426f5b8c4503c96291d847232b352e,run_line,home,129.0,2.29,,,0.40785333280549657,0.40445590321846153,juiced
2026_05_24,3d426f5b8c4503c96291d847232b352e,run_line,away,-156.0,1.641025641025641,,,0.6005466671945034,0.5955440967815385,juiced
2026_05_24,491a9de98e8b6561bbf422febc6f39af,run_line,home,156.0,2.56,,,0.265937056073765,0.2630175611450549,juiced
2026_05_24,491a9de98e8b6561bbf422febc6f39af,run_line,away,-192.0,1.5208333333333337,,,0.7451629439262349,0.7369824388549452,juiced
2026_05_24,65d8670f338a88af5bde23a17924de49,run_line,home,-200.0,1.5,,,0.6208941566940718,0.6138957451988053,juiced
2026_05_24,65d8670f338a88af5bde23a17924de49,run_line,away,163.0,2.63,,,0.39050584330592825,0.3861042548011946,juiced
2026_05_24,6810bebc827ff6339e19bf57045954c2,run_line,home,-156.0,1.641025641025641,,,0.6642439774961576,0.6630504866202411,juiced
2026_05_24,6810bebc827ff6339e19bf57045954c2,run_line,away,129.0,2.29,,,0.3375560225038424,0.33694951337975887,juiced
2026_05_24,8f29a5e5e5da656a595405cea1f3dbae,run_line,home,159.0,2.59,,,0.337492686944786,0.3337876440953279,juiced
2026_05_24,8f29a5e5e5da656a595405cea1f3dbae,run_line,away,-192.0,1.5208333333333337,,,0.6736073130552139,0.6662123559046721,juiced
2026_05_24,928ebc4404b9485931a3c4232720dc5b,run_line,home,104.0,2.04,,,0.5021221646540615,0.49749545690484637,juiced
2026_05_24,928ebc4404b9485931a3c4232720dc5b,run_line,away,-126.0,1.7936507936507935,,,0.5071778353459385,0.5025045430951536,juiced
2026_05_24,a3077ecb7ee3e8827e0af9e701b5e0b7,run_line,home,-200.0,1.5,,,0.706034830607114,0.6980767555933498,juiced
2026_05_24,a3077ecb7ee3e8827e0af9e701b5e0b7,run_line,away,164.0,2.64,,,0.30536516939288594,0.3019232444066501,juiced
2026_05_24,bcb23e6708172d9bcdc2a18e01b320ce,run_line,home,-181.0,1.5524861878453038,,,0.7704998078632186,0.7725857894948547,juiced
2026_05_24,bcb23e6708172d9bcdc2a18e01b320ce,run_line,away,149.0,2.49,,,0.22680019213678138,0.22741421050514526,juiced
2026_05_24,f70aa43669ed4dd4d5fa56bbe2964822,run_line,home,131.0,2.31,,,0.3680246790980334,0.3647420010882393,juiced
2026_05_24,f70aa43669ed4dd4d5fa56bbe2964822,run_line,away,-158.0,1.6329113924050631,,,0.6409753209019666,0.6352579989117608,juiced
2026_05_24,fb835eef241cc0456eb7fed048643f00,run_line,home,124.0,2.24,,,0.5392686612055022,0.5352542542982652,juiced
2026_05_24,fb835eef241cc0456eb7fed048643f00,run_line,away,-149.0,1.6711409395973154,,,0.4682313387944978,0.46474574570173477,juiced
2026_05_25,011a0f191f610c90c293fdadb7e987f6,run_line,home,-107.0,1.9345794392523368,,,0.5203435015136487,0.5140210426885792,juiced
2026_05_25,011a0f191f610c90c293fdadb7e987f6,run_line,away,-112.0,1.8928571428571428,,,0.4919564984863512,0.4859789573114207,juiced
2026_05_25,07cd090c6a690c5a8478fc3834d0421b,run_line,home,-156.0,1.641025641025641,,,0.5903163508018722,0.5892556905588662,juiced
2026_05_25,07cd090c6a690c5a8478fc3834d0421b,run_line,away,129.0,2.29,,,0.4114836491981278,0.41074430944113377,juiced
2026_05_25,56f5691dc9526c1284405c8be014cd55,run_line,home,-175.0,1.5714285714285714,,,0.698059962104961,0.6999498266368807,juiced
2026_05_25,56f5691dc9526c1284405c8be014cd55,run_line,away,144.0,2.44,,,0.2992400378950389,0.30005017336311934,juiced
2026_05_25,664888c720cda0a13b39fa74f0032e0e,run_line,home,-153.0,1.65359477124183,,,0.6287934052165002,0.6276636107172092,juiced
2026_05_25,664888c720cda0a13b39fa74f0032e0e,run_line,away,127.0,2.27,,,0.3730065947834998,0.3723363892827908,juiced
2026_05_25,70d5dc9048e8c374d09b9848b71eeea5,run_line,home,136.0,2.3600000000000003,,,0.42873686311960646,0.4219020499110475,juiced
2026_05_25,70d5dc9048e8c374d09b9848b71eeea5,run_line,away,-163.0,1.6134969325153374,,,0.5874631368803935,0.5780979500889525,juiced
2026_05_25,7123a44993110990cac606ecf9dd4292,run_line,home,-166.0,1.6024096385542168,,,0.6993911036189,0.6917130883383444,juiced
2026_05_25,7123a44993110990cac606ecf9dd4292,run_line,away,137.0,2.37,,,0.3117088963811,0.30828691166165567,juiced
2026_05_25,74ffd45f125fe46746cf345bf6c2758b,run_line,home,119.0,2.19,,,0.4639476737900799,0.4624216822386922,juiced
2026_05_25,74ffd45f125fe46746cf345bf6c2758b,run_line,away,-144.0,1.6944444444444444,,,0.5393523262099201,0.5375783177613078,juiced
2026_05_25,8c78facf9134823f8b8caaecab733fe5,run_line,home,-172.0,1.5813953488372094,,,0.7005814548343849,0.702478145828121,juiced
2026_05_25,8c78facf9134823f8b8caaecab733fe5,run_line,away,141.0,2.41,,,0.29671854516561497,0.2975218541718791,juiced
2026_05_25,8fb262f6c182cf0135648235b653fcdc,run_line,home,129.0,2.29,,,0.4529083247069908,0.4491355857863851,juiced
2026_05_25,8fb262f6c182cf0135648235b653fcdc,run_line,away,-156.0,1.641025641025641,,,0.5554916752930092,0.5508644142136149,juiced
2026_05_25,bc69f749f6c99f6d4bfe0f276b216404,run_line,home,149.0,2.49,,,0.3578299480731443,0.3582598599050303,juiced
2026_05_25,bc69f749f6c99f6d4bfe0f276b216404,run_line,away,-181.0,1.5524861878453038,,,0.6409700519268557,0.6417401400949697,juiced
2026_05_25,c6ff6f73bf527a17ffd4a0fad2e61698,run_line,home,148.0,2.48,,,0.3877993015705383,0.3866393834202774,juiced
2026_05_25,c6ff6f73bf527a17ffd4a0fad2e61698,run_line,away,-178.0,1.5617977528089888,,,0.6152006984294617,0.6133606165797224,juiced
2026_05_25,e03d047a725cd7870eb6b6eaf8b23942,run_line,home,-161.0,1.62111801242236,,,0.6738421922268779,0.6664446565392919,juiced
2026_05_25,e03d047a725cd7870eb6b6eaf8b23942,run_line,away,134.0,2.34,,,0.3372578077731221,0.33355534346070825,juiced
2026_05_25,e94284827b5744a1519040f323631cda,run_line,home,-135.0,1.7407407407407407,,,0.6245374056112213,0.6187827262570308,juiced
2026_05_25,e94284827b5744a1519040f323631cda,run_line,away,112.0,2.12,,,0.3847625943887787,0.38121727374296904,juiced
2026_05_26,178bf0e15a0e6812cdf47d0523e51ac7,run_line,home,-181.0,1.5524861878453038,,,0.6777766273712781,0.6745388409347911,juiced
2026_05_26,178bf0e15a0e6812cdf47d0523e51ac7,run_line,away,150.0,2.5,,,0.3270233726287219,0.3254611590652089,juiced
2026_05_26,2a617b3c38b4cfff06d9866d761bb481,run_line,home,162.0,2.62,,,0.3722456163221774,0.3672872386010631,juiced
2026_05_26,2a617b3c38b4cfff06d9866d761bb481,run_line,away,-196.0,1.510204081632653,,,0.6412543836778225,0.632712761398937,juiced
2026_05_26,3612f76561632387afb3c6779ef370b1,run_line,home,-172.0,1.5813953488372094,,,0.6536937936474463,0.6554635452195391,juiced
2026_05_26,3612f76561632387afb3c6779ef370b1,run_line,away,143.0,2.43,,,0.3436062063525537,0.3445364547804609,juiced
2026_05_26,42ec808f3f2b51bde3830094a2d31f59,run_line,home,-172.0,1.5813953488372094,,,0.7214350128699153,0.7233881609043571,juiced
2026_05_26,42ec808f3f2b51bde3830094a2d31f59,run_line,away,141.0,2.41,,,0.27586498713008467,0.2766118390956429,juiced
2026_05_26,57c63aa916ea5b39518da155c32b24ee,run_line,home,-172.0,1.5813953488372094,,,0.6539592450700745,0.6557297153013883,juiced
2026_05_26,57c63aa916ea5b39518da155c32b24ee,run_line,away,141.0,2.41,,,0.3433407549299254,0.3442702846986117,juiced
2026_05_26,6c64b931bb7cda75b570159a5a4ed328,run_line,home,152.0,2.52,,,0.49848898423473736,0.49729547509451055,juiced
2026_05_26,6c64b931bb7cda75b570159a5a4ed328,run_line,away,-188.0,1.5319148936170213,,,0.5039110157652626,0.5027045249054894,juiced
2026_05_26,82e37a8a126f9724f8872ec1669446da,run_line,home,-204.0,1.4901960784313726,,,0.7976577689139649,0.788666965507183,juiced
2026_05_26,82e37a8a126f9724f8872ec1669446da,run_line,away,166.0,2.66,,,0.2137422310860351,0.21133303449281698,juiced
2026_05_26,990789f1b2f666667f7dad0fe7d8b8b8,run_line,home,-175.0,1.5714285714285714,,,0.7174854316797128,0.7194278869745441,juiced
2026_05_26,990789f1b2f666667f7dad0fe7d8b8b8,run_line,away,144.0,2.44,,,0.27981456832028717,0.2805721130254559,juiced
2026_05_26,99d8354792f828bd962e089d4ab8c5bf,run_line,home,123.0,2.23,,,0.4320083878615655,0.4287924445276085,juiced
2026_05_26,99d8354792f828bd962e089d4ab8c5bf,run_line,away,-147.0,1.6802721088435373,,,0.5754916121384345,0.5712075554723917,juiced
2026_05_26,a688baa4f466d96e091e81af30a03a59,run_line,home,-163.0,1.6134969325153374,,,0.6904089378301506,0.682829530046633,juiced
2026_05_26,a688baa4f466d96e091e81af30a03a59,run_line,away,135.0,2.35,,,0.32069106216984944,0.3171704699533671,juiced
2026_05_26,acd23c21d644ac44611a206f197cdd6b,run_line,home,-111.0,1.900900900900901,,,0.6542711776349905,0.6468965568864846,juiced
2026_05_26,acd23c21d644ac44611a206f197cdd6b,run_line,away,-107.0,1.9345794392523368,,,0.3571288223650095,0.3531034431135154,juiced
2026_05_26,b50993453829a9cf93015ffb4cce5262,run_line,home,152.0,2.52,,,0.3778330009586285,0.37692837286375547,juiced
2026_05_26,b50993453829a9cf93015ffb4cce5262,run_line,away,-185.0,1.5405405405405406,,,0.6245669990413715,0.6230716271362445,juiced
2026_05_26,ba00397c03fc2b6ae2ee60c76dbab901,run_line,home,104.0,2.04,,,0.4929333307064664,0.4883912916937148,juiced
2026_05_26,ba00397c03fc2b6ae2ee60c76dbab901,run_line,away,-125.0,1.8,,,0.5163666692935336,0.5116087083062851,juiced
2026_05_26,d8d4e1b2c44eb56c7b6ab81de4f6b385,run_line,home,152.0,2.52,,,0.3789263243225195,0.3780190785340378,juiced
2026_05_26,d8d4e1b2c44eb56c7b6ab81de4f6b385,run_line,away,-185.0,1.5405405405405406,,,0.6234736756774805,0.6219809214659622,juiced
2026_05_26,e3e38b1f0ba0517d7e95030e6f0b6a8d,run_line,home,154.0,2.54,,,0.4931864384145689,0.49200562491477345,juiced
2026_05_26,e3e38b1f0ba0517d7e95030e6f0b6a8d,run_line,away,-188.0,1.5319148936170213,,,0.5092135615854311,0.5079943750852266,juiced
2026_05_27,0320eab1e5e078823858b2f7f29d919a,run_line,home,108.0,2.08,,,0.5340937185453092,0.5298023197552914,juiced
2026_05_27,0320eab1e5e078823858b2f7f29d919a,run_line,away,-131.0,1.763358778625954,,,0.4740062814546908,0.47019768024470865,juiced
2026_05_27,08f2eded5b37b8a80dd09b88ff5a13bc,run_line,home,139.0,2.39,,,0.5044397085001028,0.49639805992924896,juiced
2026_05_27,08f2eded5b37b8a80dd09b88ff5a13bc,run_line,away,-166.0,1.6024096385542168,,,0.5117602914998972,0.5036019400707511,juiced
2026_05_27,0bf247d0cff39f586755507c71b2d50c,run_line,home,-156.0,1.641025641025641,,,0.7070270590338128,0.7057566969792501,juiced
2026_05_27,0bf247d0cff39f586755507c71b2d50c,run_line,away,129.0,2.29,,,0.2947729409661872,0.29424330302074986,juiced
2026_05_27,163227043e0edc8544e84f24250fe6b3,run_line,home,-172.0,1.5813953488372094,,,0.6450260509760815,0.6467723362840484,juiced
2026_05_27,163227043e0edc8544e84f24250fe6b3,run_line,away,141.0,2.41,,,0.3522739490239185,0.3532276637159516,juiced
2026_05_27,228dd3c2e156b75b9ed49b10de2e6765,run_line,home,129.0,2.29,,,0.5047149816031713,0.5005106917921175,juiced
2026_05_27,228dd3c2e156b75b9ed49b10de2e6765,run_line,away,-156.0,1.641025641025641,,,0.5036850183968287,0.49948930820788245,juiced
2026_05_27,22b2c62258204f36738be815101ba92b,run_line,home,163.0,2.63,,,0.3977303636510469,0.3924325245693606,juiced
2026_05_27,22b2c62258204f36738be815101ba92b,run_line,away,-200.0,1.5,,,0.615769636348953,0.6075674754306395,juiced
2026_05_27,2b326f001d0f02dd0d2032f5291d9966,run_line,home,-175.0,1.5714285714285714,,,0.6523321078956521,0.6540981729626513,juiced
2026_05_27,2b326f001d0f02dd0d2032f5291d9966,run_line,away,145.0,2.45,,,0.34496789210434786,0.34590182703734873,juiced
2026_05_27,37259b2bbe7415ecdf587502c33a932d,run_line,home,-136.0,1.7352941176470589,,,0.5881127762396763,0.582693724600888,juiced
2026_05_27,37259b2bbe7415ecdf587502c33a932d,run_line,away,114.0,2.14,,,0.4211872237603237,0.4173062753991119,juiced
2026_05_27,5245e46d5b599afb14e52536df8267e9,run_line,home,163.0,2.63,,,0.3671279872806319,0.3622377772872539,juiced
2026_05_27,5245e46d5b599afb14e52536df8267e9,run_line,away,-200.0,1.5,,,0.6463720127193681,0.637762222712746,juiced
2026_05_27,6dd8c66f2fcc65059e5f099901f4a42b,run_line,home,136.0,2.3600000000000003,,,0.4355624237314595,0.4286187991846679,juiced
2026_05_27,6dd8c66f2fcc65059e5f099901f4a42b,run_line,away,-163.0,1.6134969325153374,,,0.5806375762685405,0.5713812008153322,juiced
2026_05_27,77b3529d80cffeb203543f5f2201f8ff,run_line,home,-178.0,1.5617977528089888,,,0.7257686574411633,0.7277335379937464,juiced
2026_05_27,77b3529d80cffeb203543f5f2201f8ff,run_line,away,147.0,2.47,,,0.2715313425588367,0.2722664620062536,juiced
2026_05_27,880e1e94ed3cbd5f07937fd05887eb09,run_line,home,-163.0,1.6134969325153374,,,0.673402787722935,0.6660100758806597,juiced
2026_05_27,880e1e94ed3cbd5f07937fd05887eb09,run_line,away,135.0,2.35,,,0.33769721227706495,0.3339899241193403,juiced
2026_05_27,a9124c7ee5e65da688ee0e5e3c192445,run_line,home,-126.0,1.7936507936507935,,,0.608856421818393,0.6037846309186761,juiced
2026_05_27,a9124c7ee5e65da688ee0e5e3c192445,run_line,away,104.0,2.04,,,0.399543578181607,0.39621536908132393,juiced
2026_05_27,adfc9cd4529fc7b4ed6fb31e0e3d714c,run_line,home,-147.0,1.6802721088435373,,,0.6815340029838269,0.6760579337206893,juiced
2026_05_27,adfc9cd4529fc7b4ed6fb31e0e3d714c,run_line,away,123.0,2.23,,,0.326565997016173,0.3239420662793106,juiced
2026_05_27,ded9b9a083989d5a8249364b1eb5a293,run_line,home,-185.0,1.5405405405405406,,,0.7565675345164772,0.7529533583961756,juiced
2026_05_27,ded9b9a083989d5a8249364b1eb5a293,run_line,away,152.0,2.52,,,0.2482324654835228,0.24704664160382445,juiced
2026_05_28,10c998a5c2995335fd238b7e7e037c62,run_line,home,127.0,2.27,,,0.443048397980262,0.4393577925230683,juiced
2026_05_28,10c998a5c2995335fd238b7e7e037c62,run_line,away,-153.0,1.65359477124183,,,0.565351602019738,0.5606422074769318,juiced
2026_05_28,26a9e538184a6f2d2c207fd1872bd028,run_line,home,141.0,2.41,,,0.352874708619511,0.3518192508669102,juiced
2026_05_28,26a9e538184a6f2d2c207fd1872bd028,run_line,away,-172.0,1.5813953488372094,,,0.650125291380489,0.6481807491330897,juiced
2026_05_28,28a4545a50aea1be3bff69f0dea3afcc,run_line,home,149.0,2.49,,,0.4529921038192164,0.45353634743613974,juiced
2026_05_28,28a4545a50aea1be3bff69f0dea3afcc,run_line,away,-181.0,1.5524861878453038,,,0.5458078961807836,0.5464636525638602,juiced
2026_05_28,5bacfc86e437d15ee2ffef91a1562308,run_line,home,156.0,2.56,,,0.4177519004128412,0.4131657604716064,juiced
2026_05_28,5bacfc86e437d15ee2ffef91a1562308,run_line,away,-192.0,1.5208333333333337,,,0.5933480995871587,0.5868342395283936,juiced
2026_05_28,6072e0886fb927d9ece5f578024d31e2,run_line,home,-156.0,1.641025641025641,,,0.5539815093192525,0.5529861342775529,juiced
2026_05_28,6072e0886fb927d9ece5f578024d31e2,run_line,away,129.0,2.29,,,0.4478184906807475,0.4470138657224471,juiced
2026_05_28,f83cd7ff929aebf58050093ee52c8a86,run_line,home,152.0,2.52,,,0.2872953969787836,0.2866075388854585,juiced
2026_05_28,f83cd7ff929aebf58050093ee52c8a86,run_line,away,-188.0,1.5319148936170213,,,0.7151046030212164,0.7133924611145415,juiced
2026_05_29,0efc76f321b5fc7e72e7e7641d5667f6,run_line,home,-136.0,1.7352941176470589,,,0.5815951019409583,0.5762361061537286,juiced
2026_05_29,0efc76f321b5fc7e72e7e7641d5667f6,run_line,away,114.0,2.14,,,0.42770489805904166,0.4237638938462713,juiced
2026_05_29,1587b2f52f5f1a490cebb01e524ec361,run_line,home,-181.0,1.5524861878453038,,,0.6709831740188803,0.6727997332987871,juiced
2026_05_29,1587b2f52f5f1a490cebb01e524ec361,run_line,away,149.0,2.49,,,0.32631682598111966,0.32720026670121294,juiced
2026_05_29,18e8a4acb1d40019544cfef0a5f07ef1,run_line,home,-188.0,1.5319148936170213,,,0.7505970565798192,0.7470114018509348,juiced
2026_05_29,18e8a4acb1d40019544cfef0a5f07ef1,run_line,away,156.0,2.56,,,0.2542029434201807,0.2529885981490652,juiced
2026_05_29,2106f4fc8ef576eac2a39262d02f66e7,run_line,home,-120.0,1.8333333333333333,,,0.547221436058935,0.5410534269912349,juiced
2026_05_29,2106f4fc8ef576eac2a39262d02f66e7,run_line,away,-101.0,1.99009900990099,,,0.464178563941065,0.458946573008765,juiced
2026_05_29,26c7991c125b7365c82472e2468e59a6,run_line,home,-142.0,1.704225352112676,,,0.5739954152053196,0.5692140174586668,juiced
2026_05_29,26c7991c125b7365c82472e2468e59a6,run_line,away,119.0,2.19,,,0.43440458479468036,0.43078598254133316,juiced
2026_05_29,274a30921628d47bff96d4b5f37f6a19,run_line,home,-151.0,1.6622516556291391,,,0.6238477350306354,0.6227268267424989,juiced
2026_05_29,274a30921628d47bff96d4b5f37f6a19,run_line,away,125.0,2.25,,,0.3779522649693646,0.3772731732575011,juiced
2026_05_29,4018fbc29a76d2079208cbe8913a9de1,run_line,home,-151.0,1.6622516556291391,,,0.625378582429234,0.6242549235668138,juiced
2026_05_29,4018fbc29a76d2079208cbe8913a9de1,run_line,away,125.0,2.25,,,0.3764214175707659,0.37574507643318616,juiced
2026_05_29,57848c1e5cf12fb46c9c6e5c89c1022e,run_line,home,158.0,2.58,,,0.3042498577931887,0.3009097594631478,juiced
2026_05_29,57848c1e5cf12fb46c9c6e5c89c1022e,run_line,away,-192.0,1.5208333333333337,,,0.7068501422068112,0.6990902405368522,juiced
2026_05_29,6493e9132fdd464eebd5031d8ad02c41,run_line,home,-192.0,1.5208333333333337,,,0.7546725248038649,0.7497243441325899,juiced
2026_05_29,6493e9132fdd464eebd5031d8ad02c41,run_line,away,158.0,2.58,,,0.251927475196135,0.25027565586741013,juiced
2026_05_29,765d27e397e587aa1885002dd751e9da,run_line,home,156.0,2.56,,,0.3927954851386039,0.38848332028345756,juiced
2026_05_29,765d27e397e587aa1885002dd751e9da,run_line,away,-192.0,1.5208333333333337,,,0.618304514861396,0.6115166797165424,juiced
2026_05_29,8c92a04b11da0a1f6f84d1dfd48fbf9d,run_line,home,-175.0,1.5714285714285714,,,0.6611740102502026,0.6629640130855337,juiced
2026_05_29,8c92a04b11da0a1f6f84d1dfd48fbf9d,run_line,away,144.0,2.44,,,0.3361259897497973,0.3370359869144664,juiced
2026_05_29,95952a4215c0c1d281c4dcbed7471d28,run_line,home,124.0,2.24,,,0.4877416429422084,0.48411081185330856,juiced
2026_05_29,95952a4215c0c1d281c4dcbed7471d28,run_line,away,-149.0,1.6711409395973154,,,0.5197583570577916,0.5158891881466914,juiced
2026_05_29,bc8152dee5f6a9c85e452cc78f0747e4,run_line,home,156.0,2.56,,,0.39846648932918477,0.3940920673812529,juiced
2026_05_29,bc8152dee5f6a9c85e452cc78f0747e4,run_line,away,-192.0,1.5208333333333337,,,0.6126335106708152,0.6059079326187472,juiced
2026_05_29,d32dadf5a576ba276bac1775287783ba,run_line,home,163.0,2.63,,,0.3466137537378645,0.3419967969786527,juiced
2026_05_29,d32dadf5a576ba276bac1775287783ba,run_line,away,-200.0,1.5,,,0.6668862462621354,0.6580032030213472,juiced
2026_05_29,ddd9481c210fa90dea318ad8e185cf22,run_line,home,156.0,2.56,,,0.2912199705337656,0.28802291616434145,juiced
2026_05_29,ddd9481c210fa90dea318ad8e185cf22,run_line,away,-192.0,1.5208333333333337,,,0.7198800294662343,0.7119770838356586,juiced
2026_05_30,63299501,run_line,home,-196.0,1.510204081632653,,,0.7290247773492324,0.7208075710393834,juiced
2026_05_30,63299501,run_line,away,161.0,2.6100000000000003,,,0.28237522265076753,0.27919242896061647,juiced
2026_05_30,63299521,run_line,home,-175.0,1.5714285714285714,,,0.6613932872198744,0.6631838837058804,juiced
2026_05_30,63299521,run_line,away,143.0,2.43,,,0.33590671278012546,0.3368161162941196,juiced
2026_05_30,63299639,run_line,home,-158.0,1.6329113924050631,,,0.6560316198217225,0.6548528846293896,juiced
2026_05_30,63299639,run_line,away,129.0,2.29,,,0.3457683801782775,0.3451471153706104,juiced
2026_05_30,63299695,run_line,home,-172.0,1.5813953488372094,,,0.662896655324034,0.6646913218931455,juiced
2026_05_30,63299695,run_line,away,141.0,2.41,,,0.334403344675966,0.3353086781068545,juiced
2026_05_30,63299705,run_line,home,-163.0,1.6134969325153374,,,0.6541069317509834,0.6469260525674845,juiced
2026_05_30,63299705,run_line,away,135.0,2.35,,,0.35699306824901655,0.3530739474325157,juiced
2026_05_30,63299887,run_line,home,144.0,2.44,,,0.4150082222700666,0.41376692150554994,juiced
2026_05_30,63299887,run_line,away,-175.0,1.5714285714285714,,,0.5879917777299334,0.5862330784944499,juiced
2026_05_30,63300023,run_line,home,-156.0,1.641025641025641,,,0.6320337923796272,0.630898175663433,juiced
2026_05_30,63300023,run_line,away,127.0,2.27,,,0.3697662076203728,0.369101824336567,juiced
2026_05_30,63300113,run_line,home,-158.0,1.6329113924050631,,,0.6154065621109316,0.6110073094826564,juiced
2026_05_30,63300113,run_line,away,131.0,2.31,,,0.3917934378890684,0.3889926905173435,juiced
2026_05_30,63300119,run_line,home,-144.0,1.6944444444444444,,,0.5818729210935834,0.5770259035041485,juiced
2026_05_30,63300119,run_line,away,119.0,2.19,,,0.42652707890641656,0.42297409649585144,juiced
2026_05_30,63300255,run_line,home,-126.0,1.7936507936507935,,,0.5676778228803648,0.562949050853198,juiced
2026_05_30,63300255,run_line,away,104.0,2.04,,,0.44072217711963513,0.437050949146802,juiced
2026_05_30,63300315,run_line,home,163.0,2.63,,,0.3827227571332059,0.3776248220357236,juiced
2026_05_30,63300315,run_line,away,-200.0,1.5,,,0.630777242866794,0.6223751779642762,juiced
2026_05_30,63300415,run_line,home,175.0,2.75,,,0.3722080818312607,0.37490741522085086,juiced
2026_05_30,63300415,run_line,away,-217.0,1.4608294930875576,,,0.6205919181687393,0.6250925847791492,juiced
2026_05_30,63300457,run_line,home,140.0,2.4,,,0.4131157641132625,0.40943088613802037,juiced
2026_05_30,63300457,run_line,away,-169.0,1.5917159763313609,,,0.5958842358867374,0.5905691138619797,juiced
2026_05_30,63300689,run_line,home,135.0,2.35,,,0.48039051743125877,0.47273225490184884,juiced
2026_05_30,63300689,run_line,away,-163.0,1.6134969325153374,,,0.5358094825687412,0.5272677450981511,juiced
2026_05_30,63300779,run_line,home,162.0,2.62,,,0.3352009502903046,0.3307360140999552,juiced
2026_05_30,63300779,run_line,away,-200.0,1.5,,,0.6782990497096953,0.6692639859000447,juiced
2026_05_31,63299609,run_line,home,152.0,2.52,,,0.3846335764372015,0.38371266603870857,juiced
2026_05_31,63299609,run_line,away,-188.0,1.5319148936170213,,,0.6177664235627985,0.6162873339612914,juiced
2026_05_31,63299725,run_line,home,-192.0,1.5208333333333337,,,0.7154593035272212,0.7161037969444712,juiced
2026_05_31,63299725,run_line,away,145.0,2.45,,,0.2836406964727788,0.28389620305552876,juiced
2026_05_31,63299785,run_line,home,-109.0,1.9174311926605505,,,0.5264680531819396,0.5200711776962754,juiced
2026_05_31,63299785,run_line,away,-111.0,1.900900900900901,,,0.4858319468180604,0.47992882230372463,juiced
2026_05_31,63299961,run_line,home,-120.0,1.8333333333333333,,,0.5052388697474649,0.4995440673793404,juiced
2026_05_31,63299961,run_line,away,-108.0,1.925925925925926,,,0.5061611302525351,0.5004559326206595,juiced
2026_05_31,63300063,run_line,home,-103.0,1.970873786407767,,,0.5797262145746653,0.5726822232289492,juiced
2026_05_31,63300063,run_line,away,-117.0,1.8547008547008548,,,0.43257378542533464,0.4273177767710507,juiced
2026_05_31,63300093,run_line,home,-135.0,1.7407407407407407,,,0.6339801782718938,0.6255354497009312,juiced
2026_05_31,63300093,run_line,away,104.0,2.04,,,0.3795198217281062,0.3744645502990688,juiced
2026_05_31,63300095,run_line,home,-140.0,1.7142857142857144,,,0.7269302487672399,0.7172474087491266,juiced
2026_05_31,63300095,run_line,away,106.0,2.06,,,0.28656975123276013,0.2827525912508733,juiced
2026_05_31,63300183,run_line,home,,,,,,,invalid_numeric
2026_05_31,63300183,run_line,away,,,,,,,invalid_numeric
2026_05_31,63300337,run_line,home,152.0,2.52,,,0.4184979033765003,0.41365810356479227,juiced
2026_05_31,63300337,run_line,away,-204.0,1.4901960784313726,,,0.5932020966234997,0.5863418964352078,juiced
2026_05_31,63300371,run_line,home,137.0,2.37,,,0.46794055571254506,0.46514965776594935,juiced
2026_05_31,63300371,run_line,away,-181.0,1.5524861878453038,,,0.5380594442874549,0.5348503422340506,juiced
2026_05_31,63300377,run_line,home,-158.0,1.6329113924050631,,,0.6337559457982066,0.6326172347756105,juiced
2026_05_31,63300377,run_line,away,129.0,2.29,,,0.3680440542017934,0.3673827652243895,juiced
2026_05_31,63300393,run_line,home,-114.0,1.8771929824561404,,,0.5297160944737624,0.5237453969485489,juiced
2026_05_31,63300393,run_line,away,-105.0,1.9523809523809523,,,0.4816839055262376,0.476254603051451,juiced
2026_05_31,63300573,run_line,home,-188.0,1.5319148936170213,,,0.7200293886907179,0.7165897578530234,juiced
2026_05_31,63300573,run_line,away,154.0,2.54,,,0.2847706113092821,0.28341024214697663,juiced
2026_05_31,63300621,run_line,home,-188.0,1.5319148936170213,,,0.6670922586475279,0.6639055121890206,juiced
2026_05_31,63300621,run_line,away,152.0,2.52,,,0.3377077413524721,0.33609448781097945,juiced
2026_05_31,63300635,run_line,home,158.0,2.58,,,0.3578060901262253,0.3538780438396057,juiced
2026_05_31,63300635,run_line,away,-196.0,1.510204081632653,,,0.6532939098737747,0.6461219561603944,juiced
2026_06_01,63299391,run_line,home,149.0,2.49,,,0.4181843459494234,0.4186867700735116,juiced
2026_06_01,63299391,run_line,away,-181.0,1.5524861878453038,,,0.5806156540505766,0.5813132299264884,juiced
2026_06_01,63300903,run_line,home,-166.0,1.6024096385542168,,,0.6787630810690326,0.6713115231619352,juiced
2026_06_01,63300903,run_line,away,136.0,2.3600000000000003,,,0.3323369189309674,0.3286884768380649,juiced
2026_06_01,63301179,run_line,home,-119.0,1.8403361344537816,,,0.579250235157648,0.5727212133257346,juiced
2026_06_01,63301179,run_line,away,-102.0,1.9803921568627447,,,0.43214976484235207,0.4272787866742654,juiced
2026_06_01,63301821,run_line,home,124.0,2.24,,,0.4454918348511217,0.4417808754969474,juiced
2026_06_01,63301821,run_line,away,-151.0,1.6622516556291391,,,0.5629081651488783,0.5582191245030527,juiced
2026_06_01,63302413,run_line,home,100.0,2.0,,,0.5255444340294322,0.5207019063008343,juiced
2026_06_01,63302413,run_line,away,-123.0,1.8130081300813008,,,0.4837555659705678,0.4792980936991655,juiced
2026_06_01,63302977,run_line,home,139.0,2.39,,,0.43589006985268947,0.4289412220553921,juiced
2026_06_01,63302977,run_line,away,-169.0,1.5917159763313609,,,0.5803099301473105,0.5710587779446078,juiced
2026_06_01,63303327,run_line,home,163.0,2.63,,,0.3654562554422,0.36058831321381357,juiced
2026_06_01,63303327,run_line,away,-200.0,1.5,,,0.6480437445577999,0.6394116867861864,juiced
2026_06_01,63303797,run_line,home,143.0,2.43,,,0.3992128855797552,0.3980188290924777,juiced
2026_06_01,63303797,run_line,away,-175.0,1.5714285714285714,,,0.6037871144202448,0.6019811709075221,juiced
2026_06_01,63303827,run_line,home,145.0,2.45,,,0.3860224103994147,0.38486780697847933,juiced
2026_06_01,63303827,run_line,away,-178.0,1.5617977528089888,,,0.6169775896005852,0.6151321930215208,juiced
2026_06_02,63299333,run_line,home,154.0,2.54,,,0.3384953453887699,0.33768490162487025,juiced
2026_06_02,63299333,run_line,away,-188.0,1.5319148936170213,,,0.66390465461123,0.6623150983751298,juiced
2026_06_02,63300829,run_line,home,-163.0,1.6134969325153374,,,0.6573677091024949,0.6501510326401888,juiced
2026_06_02,63300829,run_line,away,134.0,2.34,,,0.35373229089750513,0.34984896735981125,juiced
2026_06_02,63300971,run_line,home,-178.0,1.5617977528089888,,,0.6960744316388148,0.6979589207247717,juiced
2026_06_02,63300971,run_line,away,146.0,2.46,,,0.3012255683611852,0.30204107927522833,juiced
2026_06_02,63301079,run_line,home,137.0,2.37,,,0.3481220328591271,0.3425723606171296,juiced
2026_06_02,63301079,run_line,away,-166.0,1.6024096385542168,,,0.6680779671408729,0.6574276393828704,juiced
2026_06_02,63301197,run_line,home,-161.0,1.62111801242236,,,0.6748315500128197,0.6674231530143604,juiced
2026_06_02,63301197,run_line,away,133.0,2.33,,,0.3362684499871803,0.3325768469856397,juiced
2026_06_02,63301257,run_line,home,-121.0,1.8264462809917357,,,0.5166290310892309,0.5123254969151436,juiced
2026_06_02,63301257,run_line,away,100.0,2.0,,,0.4917709689107691,0.4876745030848563,juiced
2026_06_02,63301441,run_line,home,148.0,2.48,,,0.3960895918002398,0.39656547036467743,juiced
2026_06_02,63301441,run_line,away,-181.0,1.5524861878453038,,,0.6027104081997602,0.6034345296353226,juiced
2026_06_02,63301777,run_line,home,-181.0,1.5524861878453038,,,0.7057599581607362,0.7076706689669471,juiced
2026_06_02,63301777,run_line,away,148.0,2.48,,,0.2915400418392637,0.292329331033053,juiced
2026_06_02,63302279,run_line,home,-105.0,1.9523809523809523,,,0.5055403192877693,0.49939772724268444,juiced
2026_06_02,63302279,run_line,away,-114.0,1.8771929824561404,,,0.5067596807122305,0.5006022727573157,juiced
2026_06_02,63302443,run_line,home,164.0,2.64,,,0.37567873006776453,0.3706746226618298,juiced
2026_06_02,63302443,run_line,away,-200.0,1.5,,,0.6378212699322354,0.6293253773381701,juiced
2026_06_02,63302527,run_line,home,-204.0,1.4901960784313726,,,0.7713733645859842,0.7626788259699271,juiced
2026_06_02,63302527,run_line,away,167.0,2.67,,,0.24002663541401578,0.237321174030073,juiced
2026_06_02,63302911,run_line,home,-192.0,1.5208333333333337,,,0.6703426335056626,0.6659473807924325,juiced
2026_06_02,63302911,run_line,away,156.0,2.56,,,0.3362573664943374,0.33405261920756746,juiced
2026_06_02,63303121,run_line,home,124.0,2.24,,,0.4012222579854714,0.398235491796994,juiced
2026_06_02,63303121,run_line,away,-149.0,1.6711409395973154,,,0.6062777420145286,0.6017645082030061,juiced
2026_06_02,63303253,run_line,home,134.0,2.34,,,0.41349461483116917,0.4069027896390171,juiced
2026_06_02,63303253,run_line,away,-163.0,1.6134969325153374,,,0.6027053851688308,0.5930972103609828,juiced
2026_06_02,63303741,run_line,home,142.0,2.42,,,0.3984290377611121,0.39723732578376086,juiced
2026_06_02,63303741,run_line,away,-172.0,1.5813953488372094,,,0.6045709622388878,0.6027626742162392,juiced
2026_06_03,63299145,run_line,home,-133.0,1.7518796992481205,,,0.609226677447699,0.6036130758423649,juiced
2026_06_03,63299145,run_line,away,110.0,2.1,,,0.400073322552301,0.39638692415763493,juiced
2026_06_03,63301315,run_line,home,135.0,2.35,,,0.4676821415006477,0.46022647264381783,juiced
2026_06_03,63301315,run_line,away,-163.0,1.6134969325153374,,,0.5485178584993523,0.5397735273561821,juiced
2026_06_03,63301793,run_line,home,102.0,2.02,,,0.5355982564801058,0.530663089745473,juiced
2026_06_03,63301793,run_line,away,-123.0,1.8130081300813008,,,0.4737017435198941,0.46933691025452706,juiced
2026_06_03,63301849,run_line,home,131.0,2.31,,,0.3911934426722999,0.3877041057208126,juiced
2026_06_03,63301849,run_line,away,-158.0,1.6329113924050631,,,0.6178065573277001,0.6122958942791874,juiced
2026_06_03,63301907,run_line,home,135.0,2.35,,,0.3376528038242006,0.33227002934875083,juiced
2026_06_03,63301907,run_line,away,-163.0,1.6134969325153374,,,0.6785471961757994,0.6677299706512492,juiced
2026_06_03,63302343,run_line,home,-188.0,1.5319148936170213,,,0.6859051938740035,0.6826285767058157,juiced
2026_06_03,63302343,run_line,away,154.0,2.54,,,0.3188948061259964,0.31737142329418433,juiced
2026_06_03,63302363,run_line,home,135.0,2.35,,,0.4055437993336414,0.3990787240047642,juiced
2026_06_03,63302363,run_line,away,-163.0,1.6134969325153374,,,0.6106562006663586,0.6009212759952358,juiced
2026_06_03,63302469,run_line,home,-185.0,1.5405405405405406,,,0.6569606395597305,0.6538222925554643,juiced
2026_06_03,63302469,run_line,away,150.0,2.5,,,0.3478393604402695,0.34617770744453574,juiced
2026_06_03,63302603,run_line,home,131.0,2.31,,,0.49526189482447186,0.49084429615904057,juiced
2026_06_03,63302603,run_line,away,-158.0,1.6329113924050631,,,0.5137381051755281,0.5091557038409595,juiced
2026_06_03,63302715,run_line,home,139.0,2.39,,,0.436152503327498,0.4291994718829935,juiced
2026_06_03,63302715,run_line,away,-169.0,1.5917159763313609,,,0.580047496672502,0.5708005281170065,juiced
2026_06_03,63302833,run_line,home,158.0,2.58,,,0.4199907505815569,0.41538003222387193,juiced
2026_06_03,63302833,run_line,away,-196.0,1.510204081632653,,,0.591109249418443,0.584619967776128,juiced
2026_06_03,63302849,run_line,home,139.0,2.39,,,0.47404991055469237,0.46649272835533595,juiced
2026_06_03,63302849,run_line,away,-169.0,1.5917159763313609,,,0.5421500894453076,0.533507271644664,juiced
2026_06_03,63303087,run_line,home,152.0,2.52,,,0.3283811974033971,0.3275949694766532,juiced
2026_06_03,63303087,run_line,away,-188.0,1.5319148936170213,,,0.6740188025966029,0.6724050305233469,juiced
2026_06_03,63303717,run_line,home,-105.0,1.9523809523809523,,,0.4508116890762639,0.445334079893573,juiced
2026_06_03,63303717,run_line,away,-114.0,1.8771929824561404,,,0.5614883109237361,0.554665920106427,juiced
2026_06_03,63303801,run_line,home,131.0,2.31,,,0.47935733225238236,0.4750815978715386,juiced
2026_06_03,63303801,run_line,away,-158.0,1.6329113924050631,,,0.5296426677476176,0.5249184021284615,juiced
2026_06_04,63299451,run_line,home,102.0,2.02,,,0.5156100481797307,0.5108590589316663,juiced
2026_06_04,63299451,run_line,away,-123.0,1.8130081300813008,,,0.49368995182026926,0.48914094106833383,juiced
2026_06_04,63301039,run_line,home,-185.0,1.5405405405405406,,,0.7068006821579196,0.7034242457781844,juiced
2026_06_04,63301039,run_line,away,152.0,2.52,,,0.2979993178420804,0.2965757542218157,juiced
2026_06_04,63301333,run_line,home,124.0,2.24,,,0.5045924113047872,0.5008361402528905,juiced
2026_06_04,63301333,run_line,away,-149.0,1.6711409395973154,,,0.5029075886952129,0.49916385974710953,juiced
2026_06_04,63301717,run_line,home,-181.0,1.5524861878453038,,,0.7409863859635715,0.7429924656207475,juiced
2026_06_04,63301717,run_line,away,149.0,2.49,,,0.2563136140364285,0.2570075343792525,juiced
2026_06_04,63302275,run_line,home,104.0,2.04,,,0.5298210359626145,0.5249391023111212,juiced
2026_06_04,63302275,run_line,away,-126.0,1.7936507936507935,,,0.4794789640373854,0.4750608976888789,juiced
2026_06_04,63302649,run_line,home,149.0,2.49,,,0.4523565173460044,0.45289999734281583,juiced
2026_06_04,63302649,run_line,away,-181.0,1.5524861878453038,,,0.5464434826539956,0.5471000026571843,juiced
2026_06_04,63303117,run_line,home,110.0,2.1,,,0.4900994277540878,0.4889260053412688,juiced
2026_06_04,63303117,run_line,away,-133.0,1.7518796992481205,,,0.5123005722459122,0.5110739946587313,juiced
2026_06_04,63303517,run_line,home,-163.0,1.6134969325153374,,,0.7093164979186848,0.7015295202439767,juiced
2026_06_04,63303517,run_line,away,135.0,2.35,,,0.3017835020813152,0.29847047975602337,juiced
2026_06_04,63303705,run_line,home,-135.0,1.7407407407407407,,,0.6134508122968648,0.6077982882164518,juiced
2026_06_04,63303705,run_line,away,112.0,2.12,,,0.39584918770313515,0.3922017117835481,juiced
2026_06_05,63299195,run_line,home,-163.0,1.6134969325153374,,,0.6292292428115519,0.6223214744452101,juiced
2026_06_05,63299195,run_line,away,134.0,2.34,,,0.3818707571884481,0.37767852555479,juiced
2026_06_05,63299231,run_line,home,-169.0,1.5917159763313609,,,0.6455365412706398,0.638449749056117,juiced
2026_06_05,63299231,run_line,away,138.0,2.38,,,0.36556345872936025,0.3615502509438832,juiced
2026_06_05,63300949,run_line,home,-114.0,1.8771929824561404,,,0.5756820205796128,0.569193217895603,juiced
2026_06_05,63300949,run_line,away,-105.0,1.9523809523809523,,,0.4357179794203872,0.43080678210439705,juiced
2026_06_05,63301249,run_line,home,135.0,2.35,,,0.4204258397884347,0.4137235187841317,juiced
2026_06_05,63301249,run_line,away,-163.0,1.6134969325153374,,,0.5957741602115653,0.5862764812158682,juiced
2026_06_05,63301255,run_line,home,108.0,2.08,,,0.4954540205273272,0.491473088510393,juiced
2026_06_05,63301255,run_line,away,-131.0,1.763358778625954,,,0.5126459794726728,0.5085269114896069,juiced
2026_06_05,63301389,run_line,home,-196.0,1.510204081632653,,,0.6782362060461637,0.6737891973436954,juiced
2026_06_05,63301389,run_line,away,159.0,2.59,,,0.3283637939538362,0.3262108026563046,juiced
2026_06_05,63301407,run_line,home,143.0,2.43,,,0.3931226880642898,0.39194684752172465,juiced
2026_06_05,63301407,run_line,away,-175.0,1.5714285714285714,,,0.6098773119357102,0.6080531524782754,juiced
2026_06_05,63301583,run_line,home,141.0,2.41,,,0.4071733868167984,0.40595552025603027,juiced
2026_06_05,63301583,run_line,away,-172.0,1.5813953488372094,,,0.5958266131832016,0.5940444797439697,juiced
2026_06_05,63301997,run_line,home,114.0,2.14,,,0.46277126995997614,0.46166327809255403,juiced
2026_06_05,63301997,run_line,away,-138.0,1.7246376811594204,,,0.5396287300400239,0.5383367219074461,juiced
2026_06_05,63302201,run_line,home,168.0,2.68,,,0.3622495764705091,0.35721287493394055,juiced
2026_06_05,63302201,run_line,away,-208.0,1.4807692307692308,,,0.6518504235294909,0.6427871250660594,juiced
2026_06_05,63302623,run_line,home,143.0,2.43,,,0.3883024726646391,0.38714104951609085,juiced
2026_06_05,63302623,run_line,away,-175.0,1.5714285714285714,,,0.6146975273353609,0.6128589504839093,juiced
2026_06_05,63303331,run_line,home,-149.0,1.6711409395973154,,,0.6375586516941923,0.6324359207362289,juiced
2026_06_05,63303331,run_line,away,123.0,2.23,,,0.3705413483058076,0.36756407926377105,juiced
2026_06_05,63303571,run_line,home,-181.0,1.5524861878453038,,,0.7099674076000454,0.7118895092750882,juiced
2026_06_05,63303571,run_line,away,148.0,2.48,,,0.28733259239995457,0.28811049072491185,juiced
2026_06_05,63303813,run_line,home,149.0,2.49,,,0.3706468362347062,0.3710921468108792,juiced
2026_06_05,63303813,run_line,away,-181.0,1.5524861878453038,,,0.6281531637652938,0.6289078531891208,juiced
2026_06_06,63301677,run_line,home,-175.0,1.5714285714285714,,,0.6841989994040781,0.6860513380167234,juiced
2026_06_06,63301677,run_line,away,144.0,2.44,,,0.3131010005959218,0.31394866198327664,juiced
2026_06_06,63301727,run_line,home,-149.0,1.6711409395973154,,,0.6911209066329762,0.6855678073930922,juiced
2026_06_06,63301727,run_line,away,123.0,2.23,,,0.3169790933670238,0.31443219260690786,juiced
2026_06_06,63301995,run_line,home,-178.0,1.5617977528089888,,,0.7380716673349477,0.7400698559460019,juiced
2026_06_06,63301995,run_line,away,147.0,2.47,,,0.2592283326650523,0.2599301440539981,juiced
2026_06_06,63302017,run_line,home,152.0,2.52,,,0.3688880213720564,0.3680048098284681,juiced
2026_06_06,63302017,run_line,away,-188.0,1.5319148936170213,,,0.6335119786279436,0.6319951901715319,juiced
2026_06_06,63302245,run_line,home,139.0,2.39,,,0.3901707509181966,0.3839507487878337,juiced
2026_06_06,63302245,run_line,away,-169.0,1.5917159763313609,,,0.6260292490818034,0.6160492512121662,juiced
2026_06_06,63302467,run_line,home,-163.0,1.6134969325153374,,,0.7088577104279955,0.7010757693877911,juiced
2026_06_06,63302467,run_line,away,134.0,2.34,,,0.3022422895720045,0.298924230612209,juiced
2026_06_06,63302493,run_line,home,-136.0,1.7352941176470589,,,0.7015468212804693,0.6950825535326159,juiced
2026_06_06,63302493,run_line,away,112.0,2.12,,,0.3077531787195307,0.304917446467384,juiced
2026_06_06,63302719,run_line,home,124.0,2.24,,,0.3951560848300338,0.3918644236711957,juiced
2026_06_06,63302719,run_line,away,-151.0,1.6622516556291391,,,0.6132439151699662,0.6081355763288043,juiced
2026_06_06,63302831,run_line,home,144.0,2.44,,,0.3910261564321453,0.3898565866721289,juiced
2026_06_06,63302831,run_line,away,-175.0,1.5714285714285714,,,0.6119738435678547,0.6101434133278711,juiced
2026_06_06,63302917,run_line,home,134.0,2.34,,,0.44089632227673486,0.4338676660861394,juiced
2026_06_06,63302917,run_line,away,-163.0,1.6134969325153374,,,0.5753036777232651,0.5661323339138605,juiced
2026_06_06,63303125,run_line,home,-200.0,1.5,,,0.7077125551171337,0.6997355696234266,juiced
2026_06_06,63303125,run_line,away,164.0,2.64,,,0.3036874448828663,0.30026443037657335,juiced
2026_06_06,63303365,run_line,home,-169.0,1.5917159763313609,,,0.6531943254862055,0.6460234650244343,juiced
2026_06_06,63303365,run_line,away,139.0,2.39,,,0.3579056745137945,0.35397653497556575,juiced
2026_06_06,63303447,run_line,home,154.0,2.54,,,0.3328374515873851,0.3320405542571679,juiced
2026_06_06,63303447,run_line,away,-188.0,1.5319148936170213,,,0.6695625484126149,0.6679594457428321,juiced
2026_06_06,63303473,run_line,home,-185.0,1.5405405405405406,,,0.7175668169730065,0.7195094926030348,juiced
2026_06_06,63303473,run_line,away,149.0,2.49,,,0.2797331830269934,0.28049050739696524,juiced
2026_06_06,63303689,run_line,home,135.0,2.35,,,0.431035758817437,0.4241642972027524,juiced
2026_06_06,63303689,run_line,away,-163.0,1.6134969325153374,,,0.5851642411825629,0.5758357027972475,juiced
2026_06_07,63299429,run_line,home,124.0,2.24,,,0.4632023080677495,0.4597541519282873,juiced
2026_06_07,63299429,run_line,away,-149.0,1.6711409395973154,,,0.5442976919322505,0.5402458480717126,juiced
2026_06_07,63300873,run_line,home,149.0,2.49,,,0.438371611828326,0.4388982897760573,juiced
2026_06_07,63300873,run_line,away,-181.0,1.5524861878453038,,,0.560428388171674,0.5611017102239427,juiced
2026_06_07,63301181,run_line,home,-196.0,1.510204081632653,,,0.7455500853216512,0.7406617179829638,juiced
2026_06_07,63301181,run_line,away,159.0,2.59,,,0.2610499146783487,0.2593382820170363,juiced
2026_06_07,63301451,run_line,home,-175.0,1.5714285714285714,,,0.709665305970284,0.7115865897626431,juiced
2026_06_07,63301451,run_line,away,143.0,2.43,,,0.287634694029716,0.28841341023735684,juiced
2026_06_07,63301627,run_line,home,-166.0,1.6024096385542168,,,0.6614971259238731,0.6542351161347771,juiced
2026_06_07,63301627,run_line,away,136.0,2.3600000000000003,,,0.3496028740761269,0.34576488386522297,juiced
2026_06_07,63301753,run_line,home,104.0,2.04,,,0.4662737975561553,0.46197740766487194,juiced
2026_06_07,63301753,run_line,away,-125.0,1.8,,,0.5430262024438447,0.538022592335128,juiced
2026_06_07,63301789,run_line,home,-169.0,1.5917159763313609,,,0.6693077436304035,0.6619599877661987,juiced
2026_06_07,63301789,run_line,away,138.0,2.38,,,0.34179225636959654,0.33804001223380137,juiced
2026_06_07,63302133,run_line,home,-172.0,1.5813953488372094,,,0.6553839513610393,0.657158278713566,juiced
2026_06_07,63302133,run_line,away,140.0,2.4,,,0.3419160486389606,0.342841721286434,juiced
2026_06_07,63302231,run_line,home,-101.0,1.99009900990099,,,0.5471262952613868,0.5404784108084429,juiced
2026_06_07,63302231,run_line,away,-120.0,1.8333333333333333,,,0.46517370473861314,0.459521589191557,juiced
2026_06_07,63302761,run_line,home,149.0,2.49,,,0.4233278265411789,0.4238364302574879,juiced
2026_06_07,63302761,run_line,away,-181.0,1.5524861878453038,,,0.5754721734588211,0.5761635697425121,juiced
2026_06_07,63302837,run_line,home,118.0,2.18,,,0.3863934426722999,0.3851225382959234,juiced
2026_06_07,63302837,run_line,away,-142.0,1.704225352112676,,,0.6169065573277001,0.6148774617040766,juiced
2026_06_07,63303495,run_line,home,131.0,2.31,,,0.4524016871612161,0.4483663896543272,juiced
2026_06_07,63303495,run_line,away,-158.0,1.6329113924050631,,,0.5565983128387839,0.5516336103456729,juiced
2026_06_07,63303519,run_line,home,149.0,2.49,,,0.4136702819851476,0.41416728272441694,juiced
2026_06_07,63303519,run_line,away,-181.0,1.5524861878453038,,,0.5851297180148524,0.5858327172755832,juiced
2026_06_07,63303593,run_line,home,-212.0,1.4716981132075473,,,0.8097069026903092,0.800580287413792,juiced
2026_06_07,63303593,run_line,away,171.0,2.71,,,0.2016930973096908,0.199419712586208,juiced
2026_06_07,63303673,run_line,home,152.0,2.52,,,0.364033100082589,0.3631615124527025,juiced
2026_06_07,63303673,run_line,away,-188.0,1.5319148936170213,,,0.638366899917411,0.6368384875472975,juiced
2026_06_08,63299157,run_line,home,-112.0,1.8928571428571428,,,0.515236936866438,0.5094294412363437,juiced
2026_06_08,63299157,run_line,away,-107.0,1.9345794392523368,,,0.496163063133562,0.4905705587636563,juiced
2026_06_08,63302359,run_line,home,-149.0,1.6711409395973154,,,0.687503505124614,0.6819794714062236,juiced
2026_06_08,63302359,run_line,away,123.0,2.23,,,0.320596494875386,0.3180205285937764,juiced
2026_06_08,63302787,run_line,home,-113.0,1.8849557522123892,,,0.5844666708250214,0.5778788519132108,juiced
2026_06_08,63302787,run_line,away,-106.0,1.9433962264150944,,,0.42693332917497867,0.42212114808678924,juiced
2026_06_08,63302861,run_line,home,-156.0,1.641025641025641,,,0.5224846207553355,0.5215458382464918,juiced
2026_06_08,63302861,run_line,away,127.0,2.27,,,0.4793153792446645,0.4784541617535082,juiced
2026_06_08,63302877,run_line,home,125.0,2.25,,,0.3961123181206402,0.3928126915119399,juiced
2026_06_08,63302877,run_line,away,-151.0,1.6622516556291391,,,0.6122876818793598,0.6071873084880601,juiced
2026_06_08,63302909,run_line,home,-175.0,1.5714285714285714,,,0.7067052172150168,0.7086184871302685,juiced
2026_06_08,63302909,run_line,away,143.0,2.43,,,0.2905947827849832,0.29138151286973146,juiced
2026_06_08,63303263,run_line,home,-204.0,1.4901960784313726,,,0.7783801884635491,0.7696066723982095,juiced
2026_06_08,63303263,run_line,away,165.0,2.65,,,0.2330198115364509,0.2303933276017905,juiced
2026_06_08,63303369,run_line,home,149.0,2.49,,,0.2882365761900516,0.2885828756408206,juiced
2026_06_08,63303369,run_line,away,-181.0,1.5524861878453038,,,0.7105634238099484,0.7114171243591794,juiced
2026_06_09,63301141,run_line,home,-149.0,1.6711409395973154,,,0.6428783962840134,0.6377129216189004,juiced
2026_06_09,63301141,run_line,away,124.0,2.24,,,0.3652216037159865,0.3622870783810996,juiced
2026_06_09,63301655,run_line,home,164.0,2.64,,,0.36807017939253783,0.36316741923289375,juiced
2026_06_09,63301655,run_line,away,-200.0,1.5,,,0.6454298206074621,0.6368325807671061,juiced
2026_06_09,63301687,run_line,home,-163.0,1.6134969325153374,,,0.6496290013982119,0.6424972815727544,juiced
2026_06_09,63301687,run_line,away,135.0,2.35,,,0.3614709986017881,0.35750271842724574,juiced
2026_06_09,63302059,run_line,home,-144.0,1.6944444444444444,,,0.6284312545835519,0.6231964047833716,juiced
2026_06_09,63302059,run_line,away,119.0,2.19,,,0.3799687454164481,0.37680359521662843,juiced
2026_06_09,63302479,run_line,home,-116.0,1.862068965517241,,,0.5636392768779088,0.557286214037877,juiced
2026_06_09,63302479,run_line,away,-104.0,1.9615384615384617,,,0.4477607231220912,0.44271378596212296,juiced
2026_06_09,63302797,run_line,home,-188.0,1.5319148936170213,,,0.7219537997635768,0.7185049758793559,juiced
2026_06_09,63302797,run_line,away,152.0,2.52,,,0.2828462002364232,0.28149502412064414,juiced
2026_06_09,63302839,run_line,home,-120.0,1.8333333333333333,,,0.5616212373545969,0.5571086572310257,juiced
2026_06_09,63302839,run_line,away,100.0,2.0,,,0.4464787626454031,0.4428913427689744,juiced
2026_06_09,63303449,run_line,home,-163.0,1.6134969325153374,,,0.6754001220776581,0.667985483213983,juiced
2026_06_09,63303449,run_line,away,135.0,2.35,,,0.3356998779223419,0.3320145167860172,juiced
2026_06_09,63303851,run_line,home,168.0,2.68,,,0.3757602091794181,0.37053565642384195,juiced
2026_06_09,63303851,run_line,away,-208.0,1.4807692307692308,,,0.6383397908205819,0.6294643435761581,juiced
2026_06_10,63301019,run_line,home,-181.0,1.5524861878453038,,,0.7064966484525848,0.7084093537075953,juiced
2026_06_10,63301019,run_line,away,148.0,2.48,,,0.2908033515474152,0.2915906462924047,juiced
2026_06_10,63301321,run_line,home,104.0,2.04,,,0.5031678384593601,0.49853149555073817,juiced
2026_06_10,63301321,run_line,away,-126.0,1.7936507936507935,,,0.5061321615406399,0.5014685044492617,juiced
2026_06_10,63301375,run_line,home,163.0,2.63,,,0.334267687985577,0.3298151830148762,juiced
2026_06_10,63301375,run_line,away,-200.0,1.5,,,0.6792323120144229,0.6701848169851239,juiced
2026_06_10,63302269,run_line,home,-105.0,1.9523809523809523,,,0.5215996249520565,0.5152619035385325,juiced
2026_06_10,63302269,run_line,away,-114.0,1.8771929824561404,,,0.4907003750479435,0.4847380964614675,juiced
2026_06_10,63302367,run_line,home,114.0,2.14,,,0.4386806895264395,0.43763037662254545,juiced
2026_06_10,63302367,run_line,away,-138.0,1.7246376811594204,,,0.5637193104735605,0.5623696233774547,juiced
2026_06_10,63302609,run_line,home,-156.0,1.641025641025641,,,0.6500851087466885,0.6489170580422124,juiced
2026_06_10,63302609,run_line,away,129.0,2.29,,,0.3517148912533115,0.3510829419577875,juiced
2026_06_10,63303445,run_line,home,-135.0,1.7407407407407407,,,0.5876267866071463,0.5822122130260043,juiced
2026_06_10,63303445,run_line,away,112.0,2.12,,,0.4216732133928537,0.4177877869739955,juiced
2026_06_10,63303615,run_line,home,-208.0,1.4807692307692308,,,0.7368012335029819,0.7284963748299207,juiced
2026_06_10,63303615,run_line,away,168.0,2.68,,,0.27459876649701814,0.2715036251700792,juiced
2026_06_10,63303869,run_line,home,-158.0,1.6329113924050631,,,0.6415088081638911,0.6403561670631773,juiced
2026_06_10,63303869,run_line,away,129.0,2.29,,,0.3602911918361089,0.3596438329368226,juiced
2026_06_11,63301431,run_line,home,156.0,2.56,,,0.4484266152398796,0.44350372390453924,juiced
2026_06_11,63301431,run_line,away,-192.0,1.5208333333333337,,,0.5626733847601203,0.5564962760954607,juiced
2026_06_11,63301497,run_line,home,-169.0,1.5917159763313609,,,0.6026452488733652,0.5960293233838051,juiced
2026_06_11,63301497,run_line,away,138.0,2.38,,,0.40845475112663476,0.40397067661619507,juiced
2026_06_11,63302121,run_line,home,-172.0,1.5813953488372094,,,0.6593823874382472,0.6611675397956955,juiced
2026_06_11,63302121,run_line,away,141.0,2.41,,,0.3379176125617528,0.3388324602043044,juiced
2026_06_11,63303573,run_line,home,-114.0,1.8771929824561404,,,0.5657808451341833,0.5594036435971754,juiced
2026_06_11,63303573,run_line,away,-105.0,1.9523809523809523,,,0.44561915486581677,0.4405963564028245,juiced
2026_06_11,63303779,run_line,home,-120.0,1.8333333333333333,,,0.5751406400066565,0.5686579394963975,juiced
2026_06_11,63303779,run_line,away,-101.0,1.99009900990099,,,0.4362593599933435,0.43134206050360235,juiced
2026_06_11,63303803,run_line,home,163.0,2.63,,,0.3894563234607608,0.38426869606389824,juiced
2026_06_11,63303803,run_line,away,-200.0,1.5,,,0.6240436765392391,0.6157313039361018,juiced
2026_06_12,63299179,run_line,home,-169.0,1.5917159763313609,,,0.7009027090509252,0.6932080991503563,juiced
2026_06_12,63299179,run_line,away,139.0,2.39,,,0.3101972909490748,0.30679190084964375,juiced
2026_06_12,63299233,run_line,home,-196.0,1.510204081632653,,,0.7678740707683991,0.75921897445956,juiced
2026_06_12,63299233,run_line,away,161.0,2.6100000000000003,,,0.2435259292316009,0.24078102554043987,juiced
2026_06_12,63300881,run_line,home,-106.0,1.9433962264150944,,,0.4306665288634584,0.425433694422067,juiced
2026_06_12,63300881,run_line,away,-113.0,1.8849557522123892,,,0.5816334711365416,0.5745663055779331,juiced
2026_06_12,63302273,run_line,home,-136.0,1.7352941176470589,,,0.5697680487778647,0.5645180310887393,juiced
2026_06_12,63302273,run_line,away,112.0,2.12,,,0.4395319512221353,0.4354819689112605,juiced
2026_06_12,63302575,run_line,home,-192.0,1.5208333333333337,,,0.8464972512308558,0.8409470010240968,juiced
2026_06_12,63302575,run_line,away,158.0,2.58,,,0.1601027487691441,0.15905299897590314,juiced
2026_06_12,63302871,run_line,home,-188.0,1.5319148936170213,,,0.67364159382915,0.6704235607376096,juiced
2026_06_12,63302871,run_line,away,154.0,2.54,,,0.3311584061708499,0.32957643926239044,juiced
2026_06_12,63303195,run_line,home,-116.0,1.862068965517241,,,0.5333670941170077,0.5273552443316271,juiced
2026_06_12,63303195,run_line,away,-104.0,1.9615384615384617,,,0.4780329058829923,0.47264475566837283,juiced
2026_06_12,63303583,run_line,home,137.0,2.37,,,0.45612457024237496,0.4488531492249311,juiced
2026_06_12,63303583,run_line,away,-166.0,1.6024096385542168,,,0.560075429757625,0.551146850775069,juiced
2026_06_13,63299171,run_line,home,-156.0,1.641025641025641,,,0.6182518792997237,0.6171410254539067,juiced
2026_06_13,63299171,run_line,away,127.0,2.27,,,0.38354812070027633,0.38285897454609336,juiced
2026_06_13,63299299,run_line,home,-175.0,1.5714285714285714,,,0.6510702088049978,0.6528328575203026,juiced
2026_06_13,63299299,run_line,away,144.0,2.44,,,0.3462297911950022,0.3471671424796974,juiced
2026_06_13,63300913,run_line,home,124.0,2.24,,,0.41381217617661,0.4103651092588358,juiced
2026_06_13,63300913,run_line,away,-151.0,1.6622516556291391,,,0.59458782382339,0.5896348907411643,juiced
2026_06_13,63301217,run_line,home,104.0,2.04,,,0.4775984704356777,0.4731977315324261,juiced
2026_06_13,63301217,run_line,away,-125.0,1.8,,,0.5317015295643223,0.5268022684675738,juiced
2026_06_13,63301585,run_line,home,-196.0,1.510204081632653,,,0.741812237250711,0.7369483779562002,juiced
2026_06_13,63301585,run_line,away,159.0,2.59,,,0.264787762749289,0.26305162204379995,juiced
2026_06_13,63302453,run_line,home,-126.0,1.7936507936507935,,,0.6281945320531913,0.622961654158262,juiced
2026_06_13,63302453,run_line,away,104.0,2.04,,,0.3802054679468087,0.3770383458417381,juiced
2026_06_13,63302587,run_line,home,-196.0,1.510204081632653,,,0.6973809190541207,0.6928083837215585,juiced
2026_06_13,63302587,run_line,away,159.0,2.59,,,0.3092190809458793,0.3071916162784416,juiced
2026_06_13,63302699,run_line,home,100.0,2.0,,,0.5128414424256478,0.5037735190821687,juiced
2026_06_13,63302699,run_line,away,-120.0,1.8333333333333333,,,0.5051585575743522,0.4962264809178313,juiced
2026_06_14,63299225,run_line,home,-192.0,1.5208333333333337,,,0.7193113950198557,0.7145950675738683,juiced
2026_06_14,63299225,run_line,away,154.0,2.54,,,0.2872886049801442,0.28540493242613174,juiced
2026_06_14,63301783,run_line,home,129.0,2.29,,,0.4423854201409867,0.43870033730760283,juiced
2026_06_14,63301783,run_line,away,-158.0,1.6329113924050631,,,0.5660145798590133,0.5612996626923972,juiced
2026_06_14,63302091,run_line,home,104.0,2.04,,,0.5128380664376653,0.5081126190802192,juiced
2026_06_14,63302091,run_line,away,-125.0,1.8,,,0.4964619335623347,0.4918873809197807,juiced
2026_06_14,63302635,run_line,home,-169.0,1.5917159763313609,,,0.7134943643549482,0.7056615214666683,juiced
2026_06_14,63302635,run_line,away,138.0,2.38,,,0.2976056356450518,0.2943384785333319,juiced
2026_06_14,63302655,run_line,home,-104.0,1.9615384615384617,,,0.4582750835892924,0.452706790071414,juiced
2026_06_14,63302655,run_line,away,-116.0,1.862068965517241,,,0.5540249164107076,0.547293209928586,juiced
2026_06_14,63302869,run_line,home,-175.0,1.5714285714285714,,,0.7006151673794223,0.7025119496434598,juiced
2026_06_14,63302869,run_line,away,144.0,2.44,,,0.2966848326205776,0.2974880503565403,juiced
2026_06_14,63303149,run_line,home,-204.0,1.4901960784313726,,,0.7562943295552278,0.7477697543555742,juiced
2026_06_14,63303149,run_line,away,165.0,2.65,,,0.2551056704447722,0.25223024564442575,juiced
2026_06_14,63303833,run_line,home,-163.0,1.6134969325153374,,,0.652152711543129,0.6449932860677768,juiced
2026_06_14,63303833,run_line,away,134.0,2.34,,,0.35894728845687096,0.35500671393222333,juiced
2026_06_15,63299361,run_line,home,152.0,2.52,,,0.33299987792234187,0.33220259170225647,juiced
2026_06_15,63299361,run_line,away,-188.0,1.5319148936170213,,,0.6694001220776581,0.6677974082977435,juiced
2026_06_15,63300953,run_line,home,-101.0,1.99009900990099,,,0.538019889500524,0.5314826528702203,juiced
2026_06_15,63300953,run_line,away,-120.0,1.8333333333333333,,,0.47428011049947594,0.46851734712977966,juiced
2026_06_15,63300977,run_line,home,129.0,2.29,,,0.4270458373056985,0.4234885336232631,juiced
2026_06_15,63300977,run_line,away,-156.0,1.641025641025641,,,0.5813541626943015,0.5765114663767369,juiced
2026_06_15,63301303,run_line,home,100.0,2.0,,,0.5260521356557664,0.5167506244162734,juiced
2026_06_15,63301303,run_line,away,-120.0,1.8333333333333333,,,0.4919478643442336,0.4832493755837265,juiced
2026_06_15,63301387,run_line,home,149.0,2.49,,,0.3532795989903936,0.3537040438430052,juiced
2026_06_15,63301387,run_line,away,-181.0,1.5524861878453038,,,0.6455204010096064,0.6462959561569949,juiced
2026_06_15,63301683,run_line,home,156.0,2.56,,,0.3834584495695595,0.37924878802250966,juiced
2026_06_15,63301683,run_line,away,-192.0,1.5208333333333337,,,0.6276415504304405,0.6207512119774904,juiced
2026_06_15,63301751,run_line,home,140.0,2.4,,,0.3519990319999831,0.34885929831514684,juiced
2026_06_15,63301751,run_line,away,-169.0,1.5917159763313609,,,0.6570009680000168,0.6511407016848533,juiced
2026_06_15,63302919,run_line,home,149.0,2.49,,,0.3705191298377778,0.3709642869821564,juiced
2026_06_15,63302919,run_line,away,-181.0,1.5524861878453038,,,0.6282808701622222,0.6290357130178437,juiced
2026_06_15,63303721,run_line,home,129.0,2.29,,,0.3744755387325527,0.3713561470969384,juiced
2026_06_15,63303721,run_line,away,-156.0,1.641025641025641,,,0.6339244612674473,0.6286438529030616,juiced
2026_06_16,63299435,run_line,home,131.0,2.31,,,0.4670907363950848,0.46292441664527734,juiced
2026_06_16,63299435,run_line,away,-158.0,1.6329113924050631,,,0.5419092636049152,0.5370755833547227,juiced
2026_06_16,63300987,run_line,home,139.0,2.39,,,0.4372568523395087,0.4302862156460428,juiced
2026_06_16,63300987,run_line,away,-169.0,1.5917159763313609,,,0.5789431476604913,0.5697137843539571,juiced
2026_06_16,63301283,run_line,home,149.0,2.49,,,0.4135731093032235,0.41406999329517774,juiced
2026_06_16,63301283,run_line,away,-181.0,1.5524861878453038,,,0.5852268906967765,0.5859300067048223,juiced
2026_06_16,63301337,run_line,home,120.0,2.2,,,0.3597044970521552,0.3570267960815436,juiced
2026_06_16,63301337,run_line,away,-144.0,1.6944444444444444,,,0.6477955029478448,0.6429732039184564,juiced
2026_06_16,63301365,run_line,home,140.0,2.4,,,0.3768067736892058,0.3756797344857485,juiced
2026_06_16,63301365,run_line,away,-172.0,1.5813953488372094,,,0.6261932263107942,0.6243202655142513,juiced
2026_06_16,63301449,run_line,home,100.0,2.0,,,0.5068961859627146,0.49793338503213613,juiced
2026_06_16,63301449,run_line,away,-120.0,1.8333333333333333,,,0.5111038140372854,0.5020666149678639,juiced
2026_06_16,63301883,run_line,home,-156.0,1.641025641025641,,,0.6907666871258763,0.6895255411518031,juiced
2026_06_16,63301883,run_line,away,127.0,2.27,,,0.3110333128741237,0.31047445884819697,juiced
2026_06_16,63301927,run_line,home,-172.0,1.5813953488372094,,,0.7514808298471631,0.7535153212144422,juiced
2026_06_16,63301927,run_line,away,142.0,2.42,,,0.24581917015283677,0.24648467878555783,juiced
2026_06_16,63302381,run_line,home,148.0,2.48,,,0.4652762973782716,0.4658352997379571,juiced
2026_06_16,63302381,run_line,away,-181.0,1.5524861878453038,,,0.5335237026217284,0.5341647002620429,juiced
2026_06_16,63302605,run_line,home,-192.0,1.5208333333333337,,,0.6604632866651838,0.6530188715297447,juiced
2026_06_16,63302605,run_line,away,160.0,2.6,,,0.35093671333481613,0.3469811284702552,juiced
2026_06_16,63303259,run_line,home,-181.0,1.5524861878453038,,,0.7653266656557858,0.7673986419891565,juiced
2026_06_16,63303259,run_line,away,149.0,2.49,,,0.2319733343442142,0.23260135801084347,juiced
2026_06_16,63303411,run_line,home,135.0,2.35,,,0.4679617945635391,0.4605016675492414,juiced
2026_06_16,63303411,run_line,away,-163.0,1.6134969325153374,,,0.5482382054364608,0.5394983324507585,juiced
2026_06_16,63303487,run_line,home,139.0,2.39,,,0.3173761499524195,0.312316620697126,juiced
2026_06_16,63303487,run_line,away,-169.0,1.5917159763313609,,,0.6988238500475805,0.6876833793028739,juiced
2026_06_16,63303733,run_line,home,142.0,2.42,,,0.3968342948336198,0.395647352775294,juiced
2026_06_16,63303733,run_line,away,-172.0,1.5813953488372094,,,0.6061657051663801,0.604352647224706,juiced
2026_06_17,63299121,run_line,home,114.0,2.14,,,0.5071928393117526,0.5059784909335122,juiced
2026_06_17,63299121,run_line,away,-136.0,1.7352941176470589,,,0.4952071606882473,0.4940215090664878,juiced
2026_06_17,63299125,run_line,home,154.0,2.54,,,0.38181208484562207,0.38089792981406834,juiced
2026_06_17,63299125,run_line,away,-188.0,1.5319148936170213,,,0.620587915154378,0.6191020701859318,juiced
2026_06_17,63299187,run_line,home,-175.0,1.5714285714285714,,,0.6961015727429485,0.6979861353082809,juiced
2026_06_17,63299187,run_line,away,144.0,2.44,,,0.3011984272570515,0.30201386469171915,juiced
2026_06_17,63301015,run_line,home,-192.0,1.5208333333333337,,,0.6984755652958641,0.6906026945776785,juiced
2026_06_17,63301015,run_line,away,160.0,2.6,,,0.31292443470413595,0.30939730542232147,juiced
2026_06_17,63301455,run_line,home,104.0,2.04,,,0.4960192077936729,0.491448734562244,juiced
2026_06_17,63301455,run_line,away,-126.0,1.7936507936507935,,,0.513280792206327,0.5085512654377559,juiced
2026_06_17,63301575,run_line,home,148.0,2.48,,,0.4047621313942611,0.4052484295096727,juiced
2026_06_17,63301575,run_line,away,-181.0,1.5524861878453038,,,0.5940378686057389,0.5947515704903273,juiced
2026_06_17,63301609,run_line,home,-149.0,1.6711409395973154,,,0.6506846264915601,0.6454564294133123,juiced
2026_06_17,63301609,run_line,away,123.0,2.23,,,0.3574153735084398,0.3545435705866877,juiced
2026_06_17,63301915,run_line,home,-156.0,1.641025641025641,,,0.6393297236435513,0.638180997847426,juiced
2026_06_17,63301915,run_line,away,127.0,2.27,,,0.36247027635644863,0.361819002152574,juiced
2026_06_17,63301973,run_line,home,169.0,2.69,,,0.3417056948210285,0.336954634474932,juiced
2026_06_17,63301973,run_line,away,-208.0,1.4807692307692308,,,0.6723943051789715,0.663045365525068,juiced
2026_06_17,63302151,run_line,home,-188.0,1.5319148936170213,,,0.7251099305988651,0.7216460296565139,juiced
2026_06_17,63302151,run_line,away,152.0,2.52,,,0.2796900694011349,0.2783539703434862,juiced
2026_06_17,63302257,run_line,home,136.0,2.3600000000000003,,,0.40887423742556306,0.40235606910604516,juiced
2026_06_17,63302257,run_line,away,-163.0,1.6134969325153374,,,0.6073257625744369,0.5976439308939548,juiced
2026_06_17,63302895,run_line,home,119.0,2.19,,,0.4422149689103204,0.44076045939431924,juiced
2026_06_17,63302895,run_line,away,-144.0,1.6944444444444444,,,0.5610850310896796,0.5592395406056809,juiced
2026_06_17,63303305,run_line,home,110.0,2.1,,,0.4993588404733744,0.4981632486765507,juiced
2026_06_17,63303305,run_line,away,-133.0,1.7518796992481205,,,0.5030411595266255,0.5018367513234493,juiced
2026_06_18,63299273,run_line,home,124.0,2.24,,,0.443837383682771,0.44053338330796127,juiced
2026_06_18,63299273,run_line,away,-149.0,1.6711409395973154,,,0.563662616317229,0.5594666166920387,juiced
2026_06_18,63301219,run_line,home,152.0,2.52,,,0.3658313018603138,0.36495540887900424,juiced
2026_06_18,63301219,run_line,away,-188.0,1.5319148936170213,,,0.6365686981396862,0.6350445911209959,juiced
2026_06_18,63301439,run_line,home,-204.0,1.4901960784313726,,,0.7413291464865659,0.7329732514203736,juiced
2026_06_18,63301439,run_line,away,168.0,2.68,,,0.27007085351343413,0.2670267485796264,juiced
2026_06_18,63301713,run_line,home,-204.0,1.4901960784313726,,,0.7327632754633013,0.7245039306538474,juiced
2026_06_18,63301713,run_line,away,168.0,2.68,,,0.27863672453669863,0.27549606934615245,juiced
2026_06_18,63302829,run_line,home,144.0,2.44,,,0.3618478860090076,0.36076558924128377,juiced
2026_06_18,63302829,run_line,away,-175.0,1.5714285714285714,,,0.6411521139909924,0.6392344107587163,juiced
2026_06_18,63302879,run_line,home,156.0,2.56,,,0.3553941272645811,0.3514925598502434,juiced
2026_06_18,63302879,run_line,away,-192.0,1.5208333333333337,,,0.6557058727354188,0.6485074401497566,juiced
2026_06_18,63302927,run_line,home,-158.0,1.6329113924050631,,,0.6715526019801908,0.6703459792175992,juiced
2026_06_18,63302927,run_line,away,129.0,2.29,,,0.3302473980198091,0.3296540207824008,juiced
2026_06_18,63303507,run_line,home,152.0,2.52,,,0.4205112430585253,0.41950443242071556,juiced
2026_06_18,63303507,run_line,away,-185.0,1.5405405405405406,,,0.5818887569414747,0.5804955675792844,juiced
2026_06_18,63303635,run_line,home,139.0,2.39,,,0.4314340885464843,0.42455627686133074,juiced
2026_06_18,63303635,run_line,away,-169.0,1.5917159763313609,,,0.5847659114535156,0.5754437231386692,juiced
2026_06_19,63299291,run_line,home,175.0,2.75,,,0.3944509091082427,0.39731155228469256,juiced
2026_06_19,63299291,run_line,away,-212.0,1.4716981132075473,,,0.5983490908917573,0.6026884477153075,juiced
2026_06_19,63300891,run_line,home,164.0,2.64,,,0.3361071959698615,0.331630188426109,juiced
2026_06_19,63300891,run_line,away,-200.0,1.5,,,0.6773928040301385,0.6683698115738909,juiced
2026_06_19,63300939,run_line,home,122.0,2.22,,,0.3833142449741754,0.38046078905625347,juiced
2026_06_19,63300939,run_line,away,-147.0,1.6802721088435373,,,0.6241857550258246,0.6195392109437465,juiced
2026_06_19,63300951,run_line,home,-101.0,1.99009900990099,,,0.5317819683859927,0.525320525917211,juiced
2026_06_19,63300951,run_line,away,-120.0,1.8333333333333333,,,0.4805180316140073,0.474679474082789,juiced
2026_06_19,63301421,run_line,home,-156.0,1.641025641025641,,,0.6935554617813918,0.6923093050323336,juiced
2026_06_19,63301421,run_line,away,129.0,2.29,,,0.3082445382186082,0.3076906949676664,juiced
2026_06_19,63301437,run_line,home,136.0,2.3600000000000003,,,0.3150323960723166,0.3100102303407957,juiced
2026_06_19,63301437,run_line,away,-163.0,1.6134969325153374,,,0.7011676039276834,0.6899897696592043,juiced
2026_06_19,63301885,run_line,home,-212.0,1.4716981132075473,,,0.7915566795893995,0.7826346446404977,juiced
2026_06_19,63301885,run_line,away,171.0,2.71,,,0.2198433204106005,0.21736535535950216,juiced
2026_06_19,63302153,run_line,home,123.0,2.23,,,0.3998969196261866,0.39692001948008593,juiced
2026_06_19,63302153,run_line,away,-149.0,1.6711409395973154,,,0.6076030803738134,0.603079980519914,juiced
2026_06_19,63302347,run_line,home,167.0,2.67,,,0.331615901064116,0.3270051287487585,juiced
2026_06_19,63302347,run_line,away,-204.0,1.4901960784313726,,,0.682484098935884,0.6729948712512415,juiced
2026_06_19,63302793,run_line,home,-117.0,1.8547008547008548,,,0.7078072277861046,0.6998291751889505,juiced
2026_06_19,63302793,run_line,away,-103.0,1.970873786407767,,,0.3035927722138954,0.30017082481104945,juiced
2026_06_19,63302851,run_line,home,-131.0,1.763358778625954,,,0.5832074247491541,0.5754389982724757,juiced
2026_06_19,63302851,run_line,away,108.0,2.08,,,0.4302925752508459,0.4245610017275243,juiced
2026_06_19,63303341,run_line,home,-129.0,1.7751937984496124,,,0.43077170399831133,0.42718336374287125,juiced
2026_06_19,63303341,run_line,away,106.0,2.06,,,0.5776282960016886,0.5728166362571288,juiced
2026_06_19,63303633,run_line,home,-107.0,1.9345794392523368,,,0.3993058654122925,0.39445408022551864,juiced
2026_06_19,63303633,run_line,away,-112.0,1.8928571428571428,,,0.6129941345877075,0.6055459197744814,juiced
2026_06_20,63299285,run_line,home,108.0,2.08,,,0.5780754684309695,0.5734306799235884,juiced
2026_06_20,63299285,run_line,away,-133.0,1.7518796992481205,,,0.4300245315690305,0.4265693200764115,juiced
2026_06_20,63300883,run_line,home,141.0,2.41,,,0.3590746381376029,0.3580006362289161,juiced
2026_06_20,63300883,run_line,away,-172.0,1.5813953488372094,,,0.6439253618623971,0.6419993637710838,juiced
2026_06_20,63300899,run_line,home,144.0,2.44,,,0.2972235559430533,0.29633455228619465,juiced
2026_06_20,63300899,run_line,away,-175.0,1.5714285714285714,,,0.7057764440569467,0.7036654477138052,juiced
2026_06_20,63301109,run_line,home,-125.0,1.8,,,0.5029562690611172,0.49876662937437255,juiced
2026_06_20,63301109,run_line,away,102.0,2.02,,,0.5054437309388826,0.5012333706256273,juiced
2026_06_20,63301429,run_line,home,125.0,2.25,,,0.37749923850654077,0.37468907047795613,juiced
2026_06_20,63301429,run_line,away,-149.0,1.6711409395973154,,,0.6300007614934592,0.6253109295220439,juiced
2026_06_20,63301507,run_line,home,164.0,2.64,,,0.343053121752236,0.3384835932434494,juiced
2026_06_20,63301507,run_line,away,-200.0,1.5,,,0.6704468782477639,0.6615164067565504,juiced
2026_06_20,63301531,run_line,home,123.0,2.23,,,0.3976209102408235,0.3946609530926288,juiced
2026_06_20,63301531,run_line,away,-149.0,1.6711409395973154,,,0.6098790897591765,0.6053390469073712,juiced
2026_06_20,63301845,run_line,home,102.0,2.02,,,0.4719776049888483,0.4676286584651227,juiced
2026_06_20,63301845,run_line,away,-123.0,1.8130081300813008,,,0.5373223950111516,0.5323713415348773,juiced
2026_06_20,63302237,run_line,home,152.0,2.52,,,0.3626973383214588,0.36182894884423267,juiced
2026_06_20,63302237,run_line,away,-188.0,1.5319148936170213,,,0.6397026616785412,0.6381710511557673,juiced
2026_06_20,63302497,run_line,home,-204.0,1.4901960784313726,,,0.7740749774855147,0.7653499876265717,juiced
2026_06_20,63302497,run_line,away,168.0,2.68,,,0.23732502251448528,0.2346500123734282,juiced
2026_06_20,63303135,run_line,home,163.0,2.63,,,0.3068344583761799,0.30274736889608284,juiced
2026_06_20,63303135,run_line,away,-200.0,1.5,,,0.70666554162382,0.6972526311039172,juiced
2026_06_20,63303223,run_line,home,152.0,2.52,,,0.3684898103949369,0.36760755226949016,juiced
2026_06_20,63303223,run_line,away,-185.0,1.5405405405405406,,,0.6339101896050631,0.6323924477305098,juiced
2026_06_20,63303789,run_line,home,148.0,2.48,,,0.3906017996044815,0.3910710849063691,juiced
2026_06_20,63303789,run_line,away,-181.0,1.5524861878453038,,,0.6081982003955185,0.6089289150936309,juiced
2026_06_20,63304155,run_line,home,179.0,2.79,,,0.3599773598495676,0.35697873844661604,juiced
2026_06_20,63304155,run_line,away,-222.0,1.4504504504504503,,,0.6484226401504324,0.643021261553384,juiced
2026_06_21,63299235,run_line,home,168.0,2.68,,,0.4063093438989364,0.40066003737199135,juiced
2026_06_21,63299235,run_line,away,-204.0,1.4901960784313726,,,0.6077906561010635,0.5993399626280086,juiced
2026_06_21,63300997,run_line,home,149.0,2.49,,,0.2948148554776664,0.2951690583476836,juiced
2026_06_21,63300997,run_line,away,-181.0,1.5524861878453038,,,0.7039851445223336,0.7048309416523164,juiced
2026_06_21,63301041,run_line,home,-200.0,1.5,,,0.8330682112111698,0.8236782788324795,juiced
2026_06_21,63301041,run_line,away,163.0,2.63,,,0.1783317887888302,0.17632172116752043,juiced
2026_06_21,63301291,run_line,home,-208.0,1.4807692307692308,,,0.7440861216208667,0.7356991512960912,juiced
2026_06_21,63301291,run_line,away,168.0,2.68,,,0.26731387837913323,0.26430084870390863,juiced
2026_06_21,63301723,run_line,home,-104.0,1.9615384615384617,,,0.4942681837832401,0.48826255436455607,juiced
2026_06_21,63301723,run_line,away,-116.0,1.862068965517241,,,0.5180318162167599,0.5117374456354439,juiced
2026_06_21,63301731,run_line,home,-125.0,1.8,,,0.5757994437849326,0.5710030184301197,juiced
2026_06_21,63301731,run_line,away,104.0,2.04,,,0.4326005562150673,0.42899698156988036,juiced
2026_06_21,63301739,run_line,home,146.0,2.46,,,0.3229072506481214,0.32194142636901435,juiced
2026_06_21,63301739,run_line,away,-178.0,1.5617977528089888,,,0.6800927493518786,0.6780585736309855,juiced
2026_06_21,63301993,run_line,home,104.0,2.04,,,0.3937761535714554,0.39014777922466604,juiced
2026_06_21,63301993,run_line,away,-128.0,1.78125,,,0.6155238464285445,0.609852220775334,juiced
2026_06_21,63302323,run_line,home,158.0,2.58,,,0.3802779999017389,0.3761032537847284,juiced
2026_06_21,63302323,run_line,away,-192.0,1.5208333333333337,,,0.6308220000982611,0.6238967462152716,juiced
2026_06_21,63302349,run_line,home,145.0,2.45,,,0.303218756245697,0.302311820783347,juiced
2026_06_21,63302349,run_line,away,-178.0,1.5617977528089888,,,0.699781243754303,0.697688179216653,juiced
2026_06_21,63302965,run_line,home,-140.0,1.7142857142857144,,,0.7688944908791832,0.7618096610315893,juiced
2026_06_21,63302965,run_line,away,116.0,2.16,,,0.24040550912081682,0.23819033896841058,juiced
2026_06_21,63303099,run_line,home,-175.0,1.5714285714285714,,,0.7685880228671845,0.7706688287046873,juiced
2026_06_21,63303099,run_line,away,143.0,2.43,,,0.22871197713281538,0.22933117129531275,juiced
2026_06_21,63303551,run_line,home,-156.0,1.641025641025641,,,0.6703551478693112,0.6691506766513388,juiced
2026_06_21,63303551,run_line,away,129.0,2.29,,,0.3314448521306888,0.3308493233486612,juiced
2026_06_21,63303711,run_line,home,162.0,2.62,,,0.3738557432464615,0.3688759183487534,juiced
2026_06_21,63303711,run_line,away,-196.0,1.510204081632653,,,0.6396442567535384,0.6311240816512467,juiced
2026_06_22,63299249,run_line,home,168.0,2.68,,,0.3887126977094022,0.3833080541459444,juiced
2026_06_22,63299249,run_line,away,-208.0,1.4807692307692308,,,0.6253873022905978,0.6166919458540556,juiced
2026_06_22,63299463,run_line,home,-123.0,1.8130081300813008,,,0.5500824951361217,0.5455002926776297,juiced
2026_06_22,63299463,run_line,away,102.0,2.02,,,0.4583175048638783,0.4544997073223704,juiced
2026_06_22,63300877,run_line,home,-156.0,1.641025641025641,,,0.6496801693022523,0.6485128461791299,juiced
2026_06_22,63300877,run_line,away,127.0,2.27,,,0.3521198306977477,0.35148715382087015,juiced
2026_06_22,63301433,run_line,home,-175.0,1.5714285714285714,,,0.7133574853499649,0.7152887650155068,juiced
2026_06_22,63301433,run_line,away,144.0,2.44,,,0.28394251465003506,0.2847112349844932,juiced
2026_06_22,63301889,run_line,home,159.0,2.59,,,0.3487301509070106,0.34490174157552234,juiced
2026_06_22,63301889,run_line,away,-196.0,1.510204081632653,,,0.6623698490929893,0.6550982584244778,juiced
2026_06_22,63301955,run_line,home,-142.0,1.704225352112676,,,0.60984380426054,0.6047637884376637,juiced
2026_06_22,63301955,run_line,away,118.0,2.18,,,0.39855619573946,0.3952362115623364,juiced
2026_06_22,63302103,run_line,home,127.0,2.27,,,0.44485166034531687,0.44114603366255145,juiced
2026_06_22,63302103,run_line,away,-153.0,1.65359477124183,,,0.5635483396546831,0.5588539663374485,juiced
2026_06_22,63302233,run_line,home,-119.0,1.8403361344537816,,,0.6844539959526962,0.6767391694212934,juiced
2026_06_22,63302233,run_line,away,-102.0,1.9803921568627447,,,0.3269460040473038,0.3232608305787065,juiced
2026_06_22,63302293,run_line,home,-192.0,1.5208333333333337,,,0.6799376642287871,0.672273743552291,juiced
2026_06_22,63302293,run_line,away,160.0,2.6,,,0.3314623357712129,0.32772625644770903,juiced
2026_06_22,63302425,run_line,home,152.0,2.52,,,0.3274246562657179,0.32664071854121896,juiced
2026_06_22,63302425,run_line,away,-185.0,1.5405405405405406,,,0.6749753437342821,0.6733592814587811,juiced
2026_06_22,63302545,run_line,home,-117.0,1.8547008547008548,,,0.6039675875222551,0.5971599639334141,juiced
2026_06_22,63302545,run_line,away,-103.0,1.970873786407767,,,0.40743241247774487,0.40284003606658575,juiced
2026_06_22,63303145,run_line,home,-172.0,1.5813953488372094,,,0.6544560716000094,0.656227886894625,juiced
2026_06_22,63303145,run_line,away,141.0,2.41,,,0.34284392839999056,0.3437721131053751,juiced
2026_06_22,63303489,run_line,home,-169.0,1.5917159763313609,,,0.7069216558335639,0.6991609690768114,juiced
2026_06_22,63303489,run_line,away,139.0,2.39,,,0.3041783441664361,0.3008390309231887,juiced
2026_06_23,63299153,run_line,home,-120.0,1.8333333333333333,,,0.6607492911183525,0.6533016522823338,juiced
2026_06_23,63299153,run_line,away,-101.0,1.99009900990099,,,0.35065070888164757,0.34669834771766617,juiced
2026_06_23,63299283,run_line,home,-126.0,1.7936507936507935,,,0.6851388953443008,0.6794316693219961,juiced
2026_06_23,63299283,run_line,away,104.0,2.04,,,0.3232611046556991,0.3205683306780039,juiced
2026_06_23,63299317,run_line,home,-204.0,1.4901960784313726,,,0.7526774224123318,0.7441936151990626,juiced
2026_06_23,63299317,run_line,away,168.0,2.68,,,0.2587225775876681,0.2558063848009374,juiced
2026_06_23,63299393,run_line,home,-156.0,1.641025641025641,,,0.6120784901739903,0.6109787284627574,juiced
2026_06_23,63299393,run_line,away,127.0,2.27,,,0.3897215098260097,0.3890212715372427,juiced
2026_06_23,63301555,run_line,home,-200.0,1.5,,,0.7083307060277233,0.7003467530430326,juiced
2026_06_23,63301555,run_line,away,161.0,2.6100000000000003,,,0.3030692939722767,0.29965324695696727,juiced
2026_06_23,63301767,run_line,home,-117.0,1.8547008547008548,,,0.6104692043169218,0.6035882977228809,juiced
2026_06_23,63301767,run_line,away,-102.0,1.9803921568627447,,,0.40093079568307827,0.3964117022771191,juiced
2026_06_23,63301811,run_line,home,-181.0,1.5524861878453038,,,0.7098284065687199,0.7117501319249173,juiced
2026_06_23,63301811,run_line,away,149.0,2.49,,,0.28747159343128,0.28824986807508274,juiced
2026_06_23,63302069,run_line,home,-123.0,1.8130081300813008,,,0.5557147581154177,0.5510856387499184,juiced
2026_06_23,63302069,run_line,away,102.0,2.02,,,0.4526852418845823,0.44891436125008166,juiced
2026_06_23,63302251,run_line,home,135.0,2.35,,,0.3574864880805072,0.3517875300930006,juiced
2026_06_23,63302251,run_line,away,-163.0,1.6134969325153374,,,0.6587135119194928,0.6482124699069994,juiced
2026_06_23,63302393,run_line,home,-181.0,1.5524861878453038,,,0.653789695242035,0.6555597064494486,juiced
2026_06_23,63302393,run_line,away,148.0,2.48,,,0.3435103047579649,0.34444029355055145,juiced
2026_06_23,63302961,run_line,home,112.0,2.12,,,0.4351371607861929,0.4340953319894183,juiced
2026_06_23,63302961,run_line,away,-133.0,1.7518796992481205,,,0.567262839213807,0.5659046680105817,juiced
2026_06_23,63303041,run_line,home,138.0,2.38,,,0.3955604467628916,0.38925452348247547,juiced
2026_06_23,63303041,run_line,away,-169.0,1.5917159763313609,,,0.6206395532371084,0.6107454765175245,juiced
2026_06_23,63303755,run_line,home,-192.0,1.5208333333333337,,,0.7273245463941791,0.722555678913351,juiced
2026_06_23,63303755,run_line,away,158.0,2.58,,,0.2792754536058209,0.277444321086649,juiced
2026_06_23,63303785,run_line,home,-163.0,1.6134969325153374,,,0.7281413968973806,0.7201477567969347,juiced
2026_06_23,63303785,run_line,away,134.0,2.34,,,0.28295860310261944,0.27985224320306545,juiced
2026_06_24,63300921,run_line,home,-166.0,1.6024096385542168,,,0.7569546973274873,0.7486447407056547,juiced
2026_06_24,63300921,run_line,away,138.0,2.38,,,0.2541453026725127,0.2513552592943455,juiced
2026_06_24,63301239,run_line,home,-144.0,1.6944444444444444,,,0.6626518658896127,0.6571319574470574,juiced
2026_06_24,63301239,run_line,away,119.0,2.19,,,0.3457481341103873,0.34286804255294256,juiced
2026_06_24,63301513,run_line,home,-114.0,1.8771929824561404,,,0.5758456141587501,0.5693549675289203,juiced
2026_06_24,63301513,run_line,away,-105.0,1.9523809523809523,,,0.4355543858412499,0.43064503247107955,juiced
2026_06_24,63301559,run_line,home,-111.0,1.900900900900901,,,0.6126761121507002,0.6057703303843189,juiced
2026_06_24,63301559,run_line,away,-107.0,1.9345794392523368,,,0.3987238878492998,0.394229669615681,juiced
2026_06_24,63301625,run_line,home,149.0,2.49,,,0.2500613532066245,0.2503617873514462,juiced
2026_06_24,63301625,run_line,away,-181.0,1.5524861878453038,,,0.7487386467933755,0.7496382126485538,juiced
2026_06_24,63301921,run_line,home,142.0,2.42,,,0.4382516603453169,0.43694083783182147,juiced
2026_06_24,63301921,run_line,away,-172.0,1.5813953488372094,,,0.5647483396546831,0.5630591621681786,juiced
2026_06_24,63302013,run_line,home,-192.0,1.5208333333333337,,,0.7299673254656251,0.7251811300075752,juiced
2026_06_24,63302013,run_line,away,158.0,2.58,,,0.2766326745343748,0.27481886999242483,juiced
2026_06_24,63302109,run_line,home,-169.0,1.5917159763313609,,,0.7188688002353505,0.7109769560234899,juiced
2026_06_24,63302109,run_line,away,139.0,2.39,,,0.2922311997646495,0.2890230439765103,juiced
2026_06_24,63302173,run_line,home,-204.0,1.4901960784313726,,,0.7271270258757477,0.7189312100808263,juiced
2026_06_24,63302173,run_line,away,167.0,2.67,,,0.28427297412425223,0.2810687899191736,juiced
2026_06_24,63302371,run_line,home,-163.0,1.6134969325153374,,,0.7583232016505413,0.7499982213930783,juiced
2026_06_24,63302371,run_line,away,134.0,2.34,,,0.2527767983494586,0.2500017786069218,juiced
2026_06_24,63302397,run_line,home,131.0,2.31,,,0.3905755127366209,0.3870916875486828,juiced
2026_06_24,63302397,run_line,away,-158.0,1.6329113924050631,,,0.6184244872633791,0.6129083124513173,juiced
2026_06_24,63302973,run_line,home,-131.0,1.763358778625954,,,0.6234829231550741,0.6151780198866049,juiced
2026_06_24,63302973,run_line,away,108.0,2.08,,,0.3900170768449258,0.38482198011339497,juiced
2026_06_24,63303367,run_line,home,-161.0,1.62111801242236,,,0.6870286466828545,0.6794863482176388,juiced
2026_06_24,63303367,run_line,away,134.0,2.34,,,0.32407135331714554,0.32051365178236135,juiced
2026_06_24,63303619,run_line,home,158.0,2.58,,,0.2945650676438956,0.2913312903213289,juiced
2026_06_24,63303619,run_line,away,-196.0,1.510204081632653,,,0.7165349323561043,0.7086687096786711,juiced
2026_06_25,63299215,run_line,home,-196.0,1.510204081632653,,,0.6903023115288525,0.6857761886835412,juiced
2026_06_25,63299215,run_line,away,158.0,2.58,,,0.3162976884711475,0.3142238113164589,juiced
2026_06_25,63299385,run_line,home,160.0,2.6,,,0.43354188626409773,0.42776703134099425,juiced
2026_06_25,63299385,run_line,away,-192.0,1.5208333333333337,,,0.5799581137359022,0.5722329686590056,juiced
2026_06_25,63299439,run_line,home,146.0,2.46,,,0.3643941322915569,0.3633042196326589,juiced
2026_06_25,63299439,run_line,away,-175.0,1.5714285714285714,,,0.6386058677084431,0.636695780367341,juiced
2026_06_25,63301117,run_line,home,164.0,2.64,,,0.4017498736580287,0.3963984939891748,juiced
2026_06_25,63301117,run_line,away,-200.0,1.5,,,0.6117501263419712,0.6036015060108251,juiced
2026_06_25,63301949,run_line,home,158.0,2.58,,,0.38744636020734347,0.3831929188085684,juiced
2026_06_25,63301949,run_line,away,-192.0,1.5208333333333337,,,0.6236536397926564,0.6168070811914316,juiced
2026_06_25,63302135,run_line,home,-192.0,1.5208333333333337,,,0.7995589089116173,0.7943164205360792,juiced
2026_06_25,63302135,run_line,away,156.0,2.56,,,0.2070410910883827,0.20568357946392082,juiced
2026_06_25,63302327,run_line,home,-128.0,1.78125,,,0.5867916176259295,0.581903627157804,juiced
2026_06_25,63302327,run_line,away,106.0,2.06,,,0.4216083823740705,0.4180963728421961,juiced
2026_06_25,63302591,run_line,home,-144.0,1.6944444444444444,,,0.6751131631566445,0.669489451761845,juiced
2026_06_25,63302591,run_line,away,119.0,2.19,,,0.33328683684335547,0.33051054823815496,juiced
2026_06_25,63303545,run_line,home,-109.0,1.9174311926605505,,,0.5586922791906581,0.5519038616918484,juiced
2026_06_25,63303545,run_line,away,-111.0,1.900900900900901,,,0.4536077208093418,0.44809613830815154,juiced
2026_06_26,63299441,run_line,home,136.0,2.3600000000000003,,,0.41088711154858026,0.4043368545055897,juiced
2026_06_26,63299441,run_line,away,-166.0,1.6024096385542168,,,0.6053128884514197,0.5956631454944102,juiced
2026_06_26,63301089,run_line,home,158.0,2.58,,,0.4081059914056743,0.4036257456291903,juiced
2026_06_26,63301089,run_line,away,-192.0,1.5208333333333337,,,0.6029940085943256,0.5963742543708097,juiced
2026_06_26,63301269,run_line,home,-169.0,1.5917159763313609,,,0.7258785334683279,0.7179097354053288,juiced
2026_06_26,63301269,run_line,away,138.0,2.38,,,0.28522146653167213,0.2820902645946713,juiced
2026_06_26,63301359,run_line,home,123.0,2.23,,,0.435664187925634,0.4324210301991405,juiced
2026_06_26,63301359,run_line,away,-149.0,1.6711409395973154,,,0.571835812074366,0.5675789698008596,juiced
2026_06_26,63301969,run_line,home,172.0,2.72,,,0.3565843006157274,0.3545632898635054,juiced
2026_06_26,63301969,run_line,away,-208.0,1.4807692307692308,,,0.6491156993842726,0.6454367101364945,juiced
2026_06_26,63302207,run_line,home,-106.0,1.9433962264150944,,,0.3925957913029101,0.38782553719540663,juiced
2026_06_26,63302207,run_line,away,-114.0,1.8771929824561404,,,0.6197042086970899,0.6121744628045934,juiced
2026_06_26,63302613,run_line,home,-188.0,1.5319148936170213,,,0.6769507029763759,0.6737168620385907,juiced
2026_06_26,63302613,run_line,away,154.0,2.54,,,0.327849297023624,0.32628313796140923,juiced
2026_06_26,63302633,run_line,home,-200.0,1.5,,,0.7240186052965534,0.7158578260792499,juiced
2026_06_26,63302633,run_line,away,161.0,2.6100000000000003,,,0.28738139470344665,0.2841421739207501,juiced
2026_06_26,63302747,run_line,home,-178.0,1.5617977528089888,,,0.7677251818620467,0.7698036517216954,juiced
2026_06_26,63302747,run_line,away,146.0,2.46,,,0.2295748181379532,0.23019634827830462,juiced
2026_06_26,63303257,run_line,home,-136.0,1.7352941176470589,,,0.6264292866315752,0.6206571749049591,juiced
2026_06_26,63303257,run_line,away,114.0,2.14,,,0.38287071336842476,0.3793428250950409,juiced
2026_06_26,63303403,run_line,home,-196.0,1.510204081632653,,,0.693281272047876,0.6854669488312003,juiced
2026_06_26,63303403,run_line,away,162.0,2.62,,,0.3181187279521239,0.3145330511687996,juiced
2026_06_26,63303413,run_line,home,168.0,2.68,,,0.3545280001471051,0.34959865905443754,juiced
2026_06_26,63303413,run_line,away,-208.0,1.4807692307692308,,,0.6595719998528948,0.6504013409455623,juiced
2026_06_26,63303441,run_line,home,-131.0,1.763358778625954,,,0.4247338747525486,0.41907634410710276,juiced
2026_06_26,63303441,run_line,away,108.0,2.08,,,0.5887661252474513,0.5809236558928973,juiced
2026_06_26,63303477,run_line,home,-123.0,1.8130081300813008,,,0.6871844870488192,0.6814602211908164,juiced
2026_06_26,63303477,run_line,away,102.0,2.02,,,0.32121551295118084,0.3185397788091837,juiced
2026_06_27,63299347,run_line,home,142.0,2.42,,,0.4272474252986388,0.42596951674839356,juiced
2026_06_27,63299347,run_line,away,-172.0,1.5813953488372094,,,0.5757525747013612,0.5740304832516063,juiced
2026_06_27,63301341,run_line,home,-138.0,1.7246376811594204,,,0.7379219883612722,0.7311225486587458,juiced
2026_06_27,63301341,run_line,away,114.0,2.14,,,0.27137801163872777,0.26887745134125407,juiced
2026_06_27,63301379,run_line,home,106.0,2.06,,,0.3609887877579674,0.3576625262637148,juiced
2026_06_27,63301379,run_line,away,-128.0,1.78125,,,0.6483112122420326,0.642337473736285,juiced
2026_06_27,63301457,run_line,home,127.0,2.27,,,0.3862638252492686,0.38304623685964756,juiced
2026_06_27,63301457,run_line,away,-156.0,1.641025641025641,,,0.6221361747507314,0.6169537631403524,juiced
2026_06_27,63301459,run_line,home,164.0,2.64,,,0.2679495572918184,0.2643804216002155,juiced
2026_06_27,63301459,run_line,away,-200.0,1.5,,,0.7455504427081815,0.7356195783997845,juiced
2026_06_27,63301533,run_line,home,154.0,2.54,,,0.3512015626402484,0.3503606969675263,juiced
2026_06_27,63301533,run_line,away,-188.0,1.5319148936170213,,,0.6511984373597516,0.6496393030324736,juiced
2026_06_27,63301663,run_line,home,-166.0,1.6024096385542168,,,0.6818927493518786,0.6744068335000284,juiced
2026_06_27,63301663,run_line,away,138.0,2.38,,,0.3292072506481214,0.3255931664999717,juiced
2026_06_27,63301791,run_line,home,140.0,2.4,,,0.3711139567847864,0.3678037232753087,juiced
2026_06_27,63301791,run_line,away,-169.0,1.5917159763313609,,,0.6378860432152136,0.6321962767246915,juiced
2026_06_27,63302933,run_line,home,-172.0,1.5813953488372094,,,0.7701640082367104,0.7722490807547482,juiced
2026_06_27,63302933,run_line,away,141.0,2.41,,,0.22713599176328958,0.22775091924525176,juiced
2026_06_27,63302957,run_line,home,152.0,2.52,,,0.2863237238061724,0.28563819214502434,juiced
2026_06_27,63302957,run_line,away,-185.0,1.5405405405405406,,,0.7160762761938276,0.7143618078549757,juiced
2026_06_27,63303287,run_line,home,-102.0,1.9803921568627447,,,0.6180094320266867,0.6105002785999079,juiced
2026_06_27,63303287,run_line,away,-117.0,1.8547008547008548,,,0.3942905679733133,0.38949972140009215,juiced
2026_06_27,63303397,run_line,home,146.0,2.46,,,0.3121210214414797,0.3111874590642868,juiced
2026_06_27,63303397,run_line,away,-178.0,1.5617977528089888,,,0.6908789785585203,0.6888125409357131,juiced
2026_06_27,63303429,run_line,home,146.0,2.46,,,0.3589843006157274,0.35791056890900036,juiced
2026_06_27,63303429,run_line,away,-175.0,1.5714285714285714,,,0.6440156993842726,0.6420894310909996,juiced
2026_06_27,63303589,run_line,home,-200.0,1.5,,,0.7410314799543416,0.7326789400379093,juiced
2026_06_27,63303589,run_line,away,164.0,2.64,,,0.2703685200456584,0.26732105996209055,juiced
2026_06_27,63303713,run_line,home,-185.0,1.5405405405405406,,,0.6898175290905043,0.6865222224228745,juiced
2026_06_27,63303713,run_line,away,152.0,2.52,,,0.3149824709094956,0.3134777775771254,juiced
2026_06_28,63301323,run_line,home,154.0,2.54,,,0.310717086153955,0.30997315059253294,juiced
2026_06_28,63301323,run_line,away,-188.0,1.5319148936170213,,,0.691682913846045,0.6900268494074671,juiced
2026_06_28,63301837,run_line,home,-136.0,1.7352941176470589,,,0.6754317131051601,0.6692080779799467,juiced
2026_06_28,63301837,run_line,away,114.0,2.14,,,0.33386828689483977,0.3307919220200533,juiced
2026_06_28,63302167,run_line,home,116.0,2.16,,,0.383046320842986,0.38212921073721673,juiced
2026_06_28,63302167,run_line,away,-140.0,1.7142857142857144,,,0.619353679157014,0.6178707892627834,juiced
2026_06_28,63302197,run_line,home,-163.0,1.6134969325153374,,,0.7559188076071837,0.7476202231304359,juiced
2026_06_28,63302197,run_line,away,135.0,2.35,,,0.25518119239281634,0.2523797768695642,juiced
2026_06_28,63302223,run_line,home,-204.0,1.4901960784313726,,,0.7278917468639088,0.7196873115126644,juiced
2026_06_28,63302223,run_line,away,167.0,2.67,,,0.28350825313609124,0.2803126884873356,juiced
2026_06_28,63302287,run_line,home,-108.0,1.925925925925926,,,0.38465915977616033,0.37998534009301627,juiced
2026_06_28,63302287,run_line,away,-112.0,1.8928571428571428,,,0.6276408402238397,0.6200146599069838,juiced
2026_06_28,63302405,run_line,home,108.0,2.08,,,0.3782581402264371,0.3752188674004931,juiced
2026_06_28,63302405,run_line,away,-131.0,1.763358778625954,,,0.6298418597735629,0.6247811325995068,juiced
2026_06_28,63302637,run_line,home,156.0,2.56,,,0.3958307956830783,0.39148530875588794,juiced
2026_06_28,63302637,run_line,away,-192.0,1.5208333333333337,,,0.6152692043169217,0.6085146912441121,juiced
2026_06_28,63303027,run_line,home,146.0,2.46,,,0.3685807015870559,0.36747826678669576,juiced
2026_06_28,63303027,run_line,away,-178.0,1.5617977528089888,,,0.6344192984129441,0.6325217332133041,juiced
2026_06_28,63303063,run_line,home,-208.0,1.4807692307692308,,,0.689489177062733,0.6817175964630542,juiced
2026_06_28,63303063,run_line,away,172.0,2.72,,,0.3219108229372669,0.3182824035369457,juiced
2026_06_28,63303097,run_line,home,-138.0,1.7246376811594204,,,0.6828110145809263,0.6765193843068723,juiced
2026_06_28,63303097,run_line,away,114.0,2.14,,,0.3264889854190737,0.3234806156931276,juiced
2026_06_28,63303173,run_line,home,135.0,2.35,,,0.4355310877762425,0.4285879627792192,juiced
2026_06_28,63303173,run_line,away,-163.0,1.6134969325153374,,,0.5806689122237575,0.5714120372207808,juiced
2026_06_28,63303233,run_line,home,160.0,2.6,,,0.3523031940572523,0.3476104529425281,juiced
2026_06_28,63303233,run_line,away,-192.0,1.5208333333333337,,,0.6611968059427477,0.6523895470574718,juiced
2026_06_28,63303771,run_line,home,-142.0,1.704225352112676,,,0.622347446169725,0.6171632746625596,juiced
2026_06_28,63303771,run_line,away,118.0,2.18,,,0.38605255383027487,0.3828367253374404,juiced
2026_06_28,63303809,run_line,home,-161.0,1.62111801242236,,,0.6926459012884655,0.6850419358010736,juiced
2026_06_28,63303809,run_line,away,134.0,2.34,,,0.3184540987115345,0.31495806419892647,juiced
2026_06_29,63299193,run_line,home,-185.0,1.5405405405405406,,,0.7852031151016399,0.7814521448065684,juiced
2026_06_29,63299193,run_line,away,150.0,2.5,,,0.2195968848983601,0.21854785519343164,juiced
2026_06_29,63299281,run_line,home,159.0,2.59,,,0.35679253455977267,0.3528756152307118,juiced
2026_06_29,63299281,run_line,away,-196.0,1.510204081632653,,,0.6543074654402272,0.6471243847692882,juiced
2026_06_29,63299419,run_line,home,116.0,2.16,,,0.3747929755812609,0.3738956260786721,juiced
2026_06_29,63299419,run_line,away,-140.0,1.7142857142857144,,,0.6276070244187391,0.6261043739213279,juiced
2026_06_29,63301105,run_line,home,144.0,2.44,,,0.3355338418618816,0.33453025110855594,juiced
2026_06_29,63301105,run_line,away,-175.0,1.5714285714285714,,,0.6674661581381184,0.665469748891444,juiced
2026_06_29,63301133,run_line,home,152.0,2.52,,,0.3962662143810723,0.3953174524950841,juiced
2026_06_29,63301133,run_line,away,-185.0,1.5405405405405406,,,0.6061337856189277,0.6046825475049159,juiced
2026_06_29,63301225,run_line,home,145.0,2.45,,,0.3997010352825499,0.39850551872637086,juiced
2026_06_29,63301225,run_line,away,-178.0,1.5617977528089888,,,0.60329896471745,0.6014944812736293,juiced
2026_06_29,63301287,run_line,home,-156.0,1.641025641025641,,,0.597149356814671,0.596076419260003,juiced
2026_06_29,63301287,run_line,away,127.0,2.27,,,0.404650643185329,0.403923580739997,juiced
2026_06_29,63301861,run_line,home,152.0,2.52,,,0.3741158803447985,0.3732201519800464,juiced
2026_06_29,63301861,run_line,away,-185.0,1.5405405405405406,,,0.6282841196552015,0.6267798480199536,juiced
2026_06_29,63302387,run_line,home,-102.0,1.9803921568627447,,,0.4387788825976183,0.43344747861070665,juiced
2026_06_29,63302387,run_line,away,-119.0,1.8403361344537816,,,0.5735211174023817,0.5665525213892934,juiced
2026_06_29,63302987,run_line,home,144.0,2.44,,,0.3566995000214943,0.3556326022148497,juiced
2026_06_29,63302987,run_line,away,-175.0,1.5714285714285714,,,0.6463004999785057,0.6443673977851502,juiced
2026_06_29,63303003,run_line,home,139.0,2.39,,,0.43770875793922637,0.43073091708249,juiced
2026_06_29,63303003,run_line,away,-169.0,1.5917159763313609,,,0.5784912420607736,0.56926908291751,juiced
2026_06_29,63303427,run_line,home,-131.0,1.763358778625954,,,0.6184010380835621,0.6101638264268002,juiced
2026_06_29,63303427,run_line,away,108.0,2.08,,,0.3950989619164379,0.38983617357319966,juiced
2026_06_29,63303829,run_line,home,125.0,2.25,,,0.3951997114134615,0.39190768684397215,juiced
2026_06_29,63303829,run_line,away,-151.0,1.6622516556291391,,,0.6132002885865385,0.608092313156028,juiced
2026_06_30,63299239,run_line,home,154.0,2.54,,,0.4047227912710089,0.4037537821937439,juiced
2026_06_30,63299239,run_line,away,-188.0,1.5319148936170213,,,0.5976772087289911,0.5962462178062561,juiced
2026_06_30,63299271,run_line,home,-107.0,1.9345794392523368,,,0.4097838774499841,0.4048047786723147,juiced
2026_06_30,63299271,run_line,away,-113.0,1.8849557522123892,,,0.6025161225500159,0.5951952213276853,juiced
2026_06_30,63299421,run_line,home,-120.0,1.8333333333333333,,,0.6161427353307756,0.6111920794869314,juiced
2026_06_30,63299421,run_line,away,100.0,2.0,,,0.3919572646692244,0.38880792051306856,juiced
2026_06_30,63300839,run_line,home,127.0,2.27,,,0.4000457119488592,0.39671332006035226,juiced
2026_06_30,63300839,run_line,away,-153.0,1.65359477124183,,,0.6083542880511408,0.6032866799396478,juiced
2026_06_30,63300871,run_line,home,152.0,2.52,,,0.38182960765562407,0.38091541067001605,juiced
2026_06_30,63300871,run_line,away,-185.0,1.5405405405405406,,,0.6205703923443759,0.619084589329984,juiced
2026_06_30,63300979,run_line,home,-125.0,1.8,,,0.5603030719470802,0.5556357317999605,juiced
2026_06_30,63300979,run_line,away,104.0,2.04,,,0.44809692805291984,0.44436426820003955,juiced
2026_06_30,63301107,run_line,home,120.0,2.2,,,0.4054690334348048,0.40245065353330506,juiced
2026_06_30,63301107,run_line,away,-144.0,1.6944444444444444,,,0.6020309665651952,0.597549346466695,juiced
2026_06_30,63301785,run_line,home,-178.0,1.5617977528089888,,,0.7507052353477928,0.7527376269405323,juiced
2026_06_30,63301785,run_line,away,146.0,2.46,,,0.2465947646522072,0.24726237305946777,juiced
2026_06_30,63301855,run_line,home,119.0,2.19,,,0.4607062718571268,0.45919094174935393,juiced
2026_06_30,63301855,run_line,away,-144.0,1.6944444444444444,,,0.5425937281428732,0.5408090582506461,juiced
2026_06_30,63301873,run_line,home,129.0,2.29,,,0.3624354980773133,0.3594164003146701,juiced
2026_06_30,63301873,run_line,away,-158.0,1.6329113924050631,,,0.6459645019226867,0.64058359968533,juiced
2026_06_30,63302041,run_line,home,-181.0,1.5524861878453038,,,0.7588139441821684,0.760868288561284,juiced
2026_06_30,63302041,run_line,away,148.0,2.48,,,0.2384860558178315,0.23913171143871606,juiced
2026_06_30,63302421,run_line,home,-172.0,1.5813953488372094,,,0.7314775255882255,0.7334578618151265,juiced
2026_06_30,63302421,run_line,away,141.0,2.41,,,0.26582247441177437,0.26654213818487354,juiced
2026_06_30,63303119,run_line,home,170.0,2.7,,,0.3486325093285247,0.3466565668972106,juiced
2026_06_30,63303119,run_line,away,-208.0,1.4807692307692308,,,0.6570674906714753,0.6533434331027894,juiced
2026_06_30,63303193,run_line,home,124.0,2.24,,,0.437441452102459,0.43418506412154745,juiced
2026_06_30,63303193,run_line,away,-149.0,1.6711409395973154,,,0.570058547897541,0.5658149358784527,juiced
2026_06_30,63303723,run_line,home,-142.0,1.704225352112676,,,0.6393336452374913,0.6340079782204396,juiced
2026_06_30,63303723,run_line,away,118.0,2.18,,,0.36906635476250865,0.36599202177956036,juiced
2026_07_01,63299203,run_line,home,-188.0,1.5319148936170213,,,0.7666131916190311,0.7629510266909147,juiced
2026_07_01,63299203,run_line,away,154.0,2.54,,,0.2381868083809689,0.2370489733090853,juiced
2026_07_01,63301061,run_line,home,142.0,2.42,,,0.3917255442304046,0.3905538825826566,juiced
2026_07_01,63301061,run_line,away,-172.0,1.5813953488372094,,,0.6112744557695954,0.6094461174173433,juiced
2026_07_01,63301357,run_line,home,135.0,2.35,,,0.4106582449190514,0.404111636409222,juiced
2026_07_01,63301357,run_line,away,-163.0,1.6134969325153374,,,0.6055417550809485,0.5958883635907779,juiced
2026_07_01,63301401,run_line,home,124.0,2.24,,,0.4675799466078381,0.46409920258842496,juiced
2026_07_01,63301401,run_line,away,-149.0,1.6711409395973154,,,0.5399200533921619,0.5359007974115751,juiced
2026_07_01,63301417,run_line,home,-140.0,1.7142857142857144,,,0.6378459247893562,0.6319686166544696,juiced
2026_07_01,63301417,run_line,away,116.0,2.16,,,0.3714540752106438,0.3680313833455303,juiced
2026_07_01,63301501,run_line,home,-192.0,1.5208333333333337,,,0.749337569098276,0.7444243682677092,juiced
2026_07_01,63301501,run_line,away,158.0,2.58,,,0.257262430901724,0.2555756317322909,juiced
2026_07_01,63301701,run_line,home,-112.0,1.8928571428571428,,,0.6176366026189227,0.6106749086601965,juiced
2026_07_01,63301701,run_line,away,-107.0,1.9345794392523368,,,0.3937633973810773,0.38932509133980353,juiced
2026_07_01,63301755,run_line,home,-113.0,1.8849557522123892,,,0.5504737808751089,0.5442691129870564,juiced
2026_07_01,63301755,run_line,away,-105.0,1.9523809523809523,,,0.46092621912489107,0.45573088701294345,juiced
2026_07_01,63302333,run_line,home,-178.0,1.5617977528089888,,,0.7938989632460013,0.7960482936388261,juiced
2026_07_01,63302333,run_line,away,146.0,2.46,,,0.20340103675399868,0.20395170636117385,juiced
2026_07_01,63302401,run_line,home,-172.0,1.5813953488372094,,,0.76154681039228,0.7636085534866942,juiced
2026_07_01,63302401,run_line,away,141.0,2.41,,,0.23575318960771988,0.23639144651330585,juiced
2026_07_01,63302481,run_line,home,146.0,2.46,,,0.3696504118502591,0.36854477751770603,juiced
2026_07_01,63302481,run_line,away,-178.0,1.5617977528089888,,,0.6333495881497408,0.631455222482294,juiced
2026_07_01,63302515,run_line,home,145.0,2.45,,,0.3502951991534084,0.34924745678305924,juiced
2026_07_01,63302515,run_line,away,-178.0,1.5617977528089888,,,0.6527048008465915,0.6507525432169408,juiced
2026_07_01,63303415,run_line,home,159.0,2.59,,,0.350966127781247,0.34711317157674515,juiced
2026_07_01,63303415,run_line,away,-196.0,1.510204081632653,,,0.660133872218753,0.652886828423255,juiced
2026_07_01,63303709,run_line,home,149.0,2.49,,,0.4051770949374526,0.4056638916073814,juiced
2026_07_01,63303709,run_line,away,-181.0,1.5524861878453038,,,0.5936229050625474,0.5943361083926185,juiced
2026_07_02,63301173,run_line,home,159.0,2.59,,,0.3303191699448428,0.3266928789880752,juiced
2026_07_02,63301173,run_line,away,-196.0,1.510204081632653,,,0.6807808300551571,0.6733071210119248,juiced
2026_07_02,63301307,run_line,home,-163.0,1.6134969325153374,,,0.7387836071155771,0.7306731353135962,juiced
2026_07_02,63301307,run_line,away,134.0,2.34,,,0.2723163928844229,0.2693268646864038,juiced
2026_07_02,63301675,run_line,home,-144.0,1.6944444444444444,,,0.6209318139770595,0.6157594347253665,juiced
2026_07_02,63301675,run_line,away,119.0,2.19,,,0.38746818602294036,0.38424056527463346,juiced
2026_07_02,63301691,run_line,home,152.0,2.52,,,0.4009493015392468,0.39998932715407703,juiced
2026_07_02,63301691,run_line,away,-185.0,1.5405405405405406,,,0.6014506984607532,0.600010672845923,juiced
2026_07_02,63301891,run_line,home,119.0,2.19,,,0.4621259844641985,0.46060598471464026,juiced
2026_07_02,63301891,run_line,away,-144.0,1.6944444444444444,,,0.5411740155358015,0.5393940152853599,juiced
2026_07_02,63302113,run_line,home,108.0,2.08,,,0.4492019527295129,0.4450628680565866,juiced
2026_07_02,63302113,run_line,away,-129.0,1.7751937984496124,,,0.5600980472704871,0.5549371319434133,juiced
2026_07_02,63302729,run_line,home,-175.0,1.5714285714285714,,,0.7894832821025776,0.7916206578788505,juiced
2026_07_02,63302729,run_line,away,146.0,2.46,,,0.2078167178974224,0.2083793421211495,juiced
2026_07_02,63303217,run_line,home,104.0,2.04,,,0.4397918152865445,0.4357394385084163,juiced
2026_07_02,63303217,run_line,away,-128.0,1.78125,,,0.5695081847134554,0.5642605614915838,juiced
2026_07_02,63303531,run_line,home,-153.0,1.65359477124183,,,0.6343655471996957,0.6332257408661367,juiced
2026_07_02,63303531,run_line,away,127.0,2.27,,,0.3674344528003043,0.3667742591338633,juiced
2026_07_03,63299387,run_line,home,152.0,2.52,,,0.3568832220221892,0.35602875301495335,juiced
2026_07_03,63299387,run_line,away,-188.0,1.5319148936170213,,,0.6455167779778108,0.6439712469850467,juiced
2026_07_03,63301083,run_line,home,104.0,2.04,,,0.433091416313357,0.42910077906802435,juiced
2026_07_03,63301083,run_line,away,-126.0,1.7936507936507935,,,0.576208583686643,0.5708992209319755,juiced
2026_07_03,63301491,run_line,home,-109.0,1.9174311926605505,,,0.4839615979232214,0.47864859848009234,juiced
2026_07_03,63301491,run_line,away,-109.0,1.9174311926605505,,,0.5271384020767786,0.5213514015199077,juiced
2026_07_03,63301825,run_line,home,-196.0,1.510204081632653,,,0.6396683758649919,0.6324583506673837,juiced
2026_07_03,63301825,run_line,away,162.0,2.62,,,0.3717316241350081,0.36754164933261624,juiced
2026_07_03,63301981,run_line,home,-120.0,1.8333333333333333,,,0.6138257953857927,0.6088937559624965,juiced
2026_07_03,63301981,run_line,away,100.0,2.0,,,0.3942742046142073,0.39110624403750355,juiced
2026_07_03,63302669,run_line,home,-156.0,1.641025641025641,,,0.6889355475091974,0.6876976916642018,juiced
2026_07_03,63302669,run_line,away,127.0,2.27,,,0.31286445249080264,0.3123023083357982,juiced
2026_07_03,63302711,run_line,home,-196.0,1.510204081632653,,,0.7605450970801334,0.7555584115638123,juiced
2026_07_03,63302711,run_line,away,158.0,2.58,,,0.2460549029198666,0.24444158843618777,juiced
2026_07_03,63302951,run_line,home,-120.0,1.8333333333333333,,,0.6492857466713101,0.6419673192320645,juiced
2026_07_03,63302951,run_line,away,-101.0,1.99009900990099,,,0.3621142533286899,0.35803268076793543,juiced
2026_07_03,63303077,run_line,home,-175.0,1.5714285714285714,,,0.7409591786889517,0.7429651846876082,juiced
2026_07_03,63303077,run_line,away,143.0,2.43,,,0.2563408213110483,0.25703481531239175,juiced
2026_07_03,63303203,run_line,home,152.0,2.52,,,0.4527330714841066,0.4516491136114391,juiced
2026_07_03,63303203,run_line,away,-185.0,1.5405405405405406,,,0.5496669285158934,0.5483508863885609,juiced
2026_07_03,63303313,run_line,home,-185.0,1.5405405405405406,,,0.6957154008953332,0.6923919196808651,juiced
2026_07_03,63303313,run_line,away,152.0,2.52,,,0.3090845991046667,0.30760808031913484,juiced
2026_07_03,63303515,run_line,home,149.0,2.49,,,0.2934433901235973,0.2937959452579068,juiced
2026_07_03,63303515,run_line,away,-181.0,1.5524861878453038,,,0.7053566098764027,0.7062040547420932,juiced
2026_07_03,63303631,run_line,home,141.0,2.41,,,0.3043951436867157,0.3034846896178621,juiced
2026_07_03,63303631,run_line,away,-172.0,1.5813953488372094,,,0.6986048563132843,0.6965153103821378,juiced
2026_07_04,63299149,run_line,home,135.0,2.35,,,0.3603539278267237,0.3546092578495608,juiced
2026_07_04,63299149,run_line,away,-163.0,1.6134969325153374,,,0.6558460721732763,0.6453907421504391,juiced
2026_07_04,63299199,run_line,home,-128.0,1.78125,,,0.6822939597300116,0.6766104321003685,juiced
2026_07_04,63299199,run_line,away,106.0,2.06,,,0.3261060402699884,0.3233895678996315,juiced
2026_07_04,63299269,run_line,home,-112.0,1.8928571428571428,,,0.6983048563132843,0.690433909742223,juiced
2026_07_04,63299269,run_line,away,-107.0,1.9345794392523368,,,0.3130951436867157,0.30956609025777704,juiced
2026_07_04,63299321,run_line,home,119.0,2.19,,,0.3835882263192014,0.38232654870846355,juiced
2026_07_04,63299321,run_line,away,-144.0,1.6944444444444444,,,0.6197117736807985,0.6176734512915366,juiced
2026_07_04,63299431,run_line,home,119.0,2.19,,,0.42032223021927523,0.41893972911320165,juiced
2026_07_04,63299431,run_line,away,-144.0,1.6944444444444444,,,0.5829777697807248,0.5810602708867983,juiced
2026_07_04,63300843,run_line,home,-172.0,1.5813953488372094,,,0.7293907611186238,0.7313654478277587,juiced
2026_07_04,63300843,run_line,away,140.0,2.4,,,0.2679092388813762,0.26863455217224125,juiced
2026_07_04,63300919,run_line,home,144.0,2.44,,,0.3585583097068022,0.35748585215035117,juiced
2026_07_04,63300919,run_line,away,-175.0,1.5714285714285714,,,0.6444416902931978,0.6425141478496489,juiced
2026_07_04,63301399,run_line,home,-117.0,1.8547008547008548,,,0.48864624387608896,0.4831384653708611,juiced
2026_07_04,63301399,run_line,away,-102.0,1.9803921568627447,,,0.5227537561239111,0.5168615346291389,juiced
2026_07_04,63301525,run_line,home,-192.0,1.5208333333333337,,,0.6601929561146761,0.6527515880113467,juiced
2026_07_04,63301525,run_line,away,160.0,2.6,,,0.3512070438853239,0.34724841198865325,juiced
2026_07_04,63301745,run_line,home,-144.0,1.6944444444444444,,,0.6829558657811504,0.6772668244557224,juiced
2026_07_04,63301745,run_line,away,119.0,2.19,,,0.3254441342188495,0.32273317554427755,juiced
2026_07_04,63301951,run_line,home,138.0,2.38,,,0.4317235326519091,0.4248411067229966,juiced
2026_07_04,63301951,run_line,away,-166.0,1.6024096385542168,,,0.5844764673480909,0.5751588932770034,juiced
2026_07_04,63302899,run_line,home,-128.0,1.78125,,,0.6040792381709988,0.5990472413437117,juiced
2026_07_04,63302899,run_line,away,106.0,2.06,,,0.4043207618290011,0.4009527586562883,juiced
2026_07_04,63303497,run_line,home,159.0,2.59,,,0.3380947299070493,0.33438307774408993,juiced
2026_07_04,63303497,run_line,away,-196.0,1.510204081632653,,,0.6730052700929506,0.6656169222559101,juiced
2026_07_04,63303607,run_line,home,-138.0,1.7246376811594204,,,0.6515475403935921,0.6455439813668801,juiced
2026_07_04,63303607,run_line,away,114.0,2.14,,,0.3577524596064079,0.3544560186331199,juiced
2026_07_04,63303815,run_line,home,-131.0,1.763358778625954,,,0.6520989463267303,0.6434128725473411,juiced
2026_07_04,63303815,run_line,away,108.0,2.08,,,0.3614010536732697,0.35658712745265875,juiced
2026_07_05,63300857,run_line,home,-126.0,1.7936507936507935,,,0.6811464567364446,0.6754724878386004,juiced
2026_07_05,63300857,run_line,away,104.0,2.04,,,0.32725354326355544,0.3245275121613997,juiced
2026_07_05,63301165,run_line,home,-142.0,1.704225352112676,,,0.657976003296311,0.6524950449189915,juiced
2026_07_05,63301165,run_line,away,118.0,2.18,,,0.35042399670368896,0.3475049550810085,juiced
2026_07_05,63301191,run_line,home,-138.0,1.7246376811594204,,,0.614247315880771,0.6085874525718526,juiced
2026_07_05,63301191,run_line,away,114.0,2.14,,,0.395052684119229,0.3914125474281472,juiced
2026_07_05,63301519,run_line,home,-181.0,1.5524861878453038,,,0.7346273866611824,0.7366162505376341,juiced
2026_07_05,63301519,run_line,away,148.0,2.48,,,0.2626726133388175,0.2633837494623659,juiced
2026_07_05,63301605,run_line,home,154.0,2.54,,,0.4309921065438639,0.4299602020589225,juiced
2026_07_05,63301605,run_line,away,-188.0,1.5319148936170213,,,0.5714078934561361,0.5700397979410775,juiced
2026_07_05,63301635,run_line,home,135.0,2.35,,,0.3659012113324588,0.36006810798313205,juiced
2026_07_05,63301635,run_line,away,-163.0,1.6134969325153374,,,0.6502987886675412,0.639931892016868,juiced
2026_07_05,63301729,run_line,home,146.0,2.46,,,0.4108007082527191,0.40957199227589136,juiced
2026_07_05,63301729,run_line,away,-175.0,1.5714285714285714,,,0.5921992917472809,0.5904280077241085,juiced
2026_07_05,63301847,run_line,home,-196.0,1.510204081632653,,,0.7863178444815663,0.7811621741322932,juiced
2026_07_05,63301847,run_line,away,159.0,2.59,,,0.2202821555184337,0.21883782586770684,juiced
2026_07_05,63302315,run_line,home,141.0,2.41,,,0.3060580055716742,0.3051425778381597,juiced
2026_07_05,63302315,run_line,away,-172.0,1.5813953488372094,,,0.6969419944283258,0.6948574221618402,juiced
2026_07_05,63302863,run_line,home,158.0,2.58,,,0.3574137268243261,0.3534899879579924,juiced
2026_07_05,63302863,run_line,away,-196.0,1.510204081632653,,,0.6536862731756738,0.6465100120420076,juiced
2026_07_05,63303083,run_line,home,-192.0,1.5208333333333337,,,0.6705570384680106,0.6661603799602729,juiced
2026_07_05,63303083,run_line,away,156.0,2.56,,,0.33604296153198937,0.33383962003972717,juiced
2026_07_05,63303255,run_line,home,-156.0,1.641025641025641,,,0.6500660434962723,0.6488980270475866,juiced
2026_07_05,63303255,run_line,away,129.0,2.29,,,0.3517339565037277,0.35110197295241335,juiced
2026_07_05,63303623,run_line,home,-175.0,1.5714285714285714,,,0.7164370485370879,0.7183766655340298,juiced
2026_07_05,63303623,run_line,away,143.0,2.43,,,0.28086295146291207,0.2816233344659702,juiced
2026_07_05,63303883,run_line,home,-107.0,1.9345794392523368,,,0.4591021643879592,0.45352382138492464,juiced
2026_07_05,63303883,run_line,away,-111.0,1.900900900900901,,,0.5531978356120408,0.5464761786150755,juiced
2026_07_06,63299185,run_line,home,-188.0,1.5319148936170213,,,0.6917057119372143,0.6884013852878328,juiced
2026_07_06,63299185,run_line,away,154.0,2.54,,,0.3130942880627856,0.3115986147121672,juiced
2026_07_06,63299217,run_line,home,-188.0,1.5319148936170213,,,0.7311178652443745,0.7276252639772836,juiced
2026_07_06,63299217,run_line,away,154.0,2.54,,,0.2736821347556255,0.27237473602271645,juiced
2026_07_06,63302119,run_line,home,142.0,2.42,,,0.3469573393930089,0.34591958065105566,juiced
2026_07_06,63302119,run_line,away,-172.0,1.5813953488372094,,,0.6560426606069911,0.6540804193489442,juiced
2026_07_06,63302335,run_line,home,-175.0,1.5714285714285714,,,0.6439630239483324,0.6457064313128772,juiced
2026_07_06,63302335,run_line,away,146.0,2.46,,,0.3533369760516676,0.3542935686871228,juiced
2026_07_06,63302377,run_line,home,154.0,2.54,,,0.382533346760706,0.3816174648450778,juiced
2026_07_06,63302377,run_line,away,-188.0,1.5319148936170213,,,0.619866653239294,0.6183825351549223,juiced
2026_07_06,63302475,run_line,home,-116.0,1.862068965517241,,,0.5434344061024312,0.5373090825612331,juiced
2026_07_06,63302475,run_line,away,-105.0,1.9523809523809523,,,0.4679655938975688,0.46269091743876684,juiced
2026_07_06,63302993,run_line,home,-102.0,1.9803921568627447,,,0.6106363602775418,0.6032167937148492,juiced
2026_07_06,63302993,run_line,away,-117.0,1.8547008547008548,,,0.4016636397224582,0.39678320628515085,juiced
2026_07_06,63303439,run_line,home,-188.0,1.5319148936170213,,,0.7252686758244291,0.7218040165450131,juiced
2026_07_06,63303439,run_line,away,154.0,2.54,,,0.2795313241755708,0.2781959834549869,juiced
2026_07_07,63299207,run_line,home,-163.0,1.6134969325153374,,,0.7117558110558778,0.7039420542536623,juiced
2026_07_07,63299207,run_line,away,136.0,2.3600000000000003,,,0.2993441889441222,0.29605794574633787,juiced
2026_07_07,63299245,run_line,home,-163.0,1.6134969325153374,,,0.687905325938775,0.6803534031636584,juiced
2026_07_07,63299245,run_line,away,135.0,2.35,,,0.32319467406122504,0.31964659683634167,juiced
2026_07_07,63299407,run_line,home,136.0,2.3600000000000003,,,0.4024459405822139,0.3960302505237295,juiced
2026_07_07,63299407,run_line,away,-163.0,1.6134969325153374,,,0.613754059417786,0.6039697494762705,juiced
2026_07_07,63300887,run_line,home,164.0,2.64,,,0.3384309323534942,0.3339229722284106,juiced
2026_07_07,63300887,run_line,away,-200.0,1.5,,,0.6750690676465058,0.6660770277715893,juiced
2026_07_07,63301171,run_line,home,123.0,2.23,,,0.3472137537378645,0.3446290359681037,juiced
2026_07_07,63301171,run_line,away,-149.0,1.6711409395973154,,,0.6602862462621355,0.6553709640318962,juiced
2026_07_07,63301573,run_line,home,-204.0,1.4901960784313726,,,0.6974305091074384,0.6895694177451437,juiced
2026_07_07,63301573,run_line,away,168.0,2.68,,,0.3139694908925616,0.3104305822548562,juiced
2026_07_07,63301917,run_line,home,135.0,2.35,,,0.39536391250827346,0.3890611223265828,juiced
2026_07_07,63301917,run_line,away,-163.0,1.6134969325153374,,,0.6208360874917265,0.6109388776734171,juiced
2026_07_07,63302303,run_line,home,-200.0,1.5,,,0.739549253055102,0.7312134200663456,juiced
2026_07_07,63302303,run_line,away,162.0,2.62,,,0.271850746944898,0.26878657993365435,juiced
2026_07_07,63302483,run_line,home,118.0,2.18,,,0.4124417844465286,0.41108520327571874,juiced
2026_07_07,63302483,run_line,away,-142.0,1.704225352112676,,,0.5908582155534714,0.5889147967242813,juiced
2026_07_07,63302819,run_line,home,-204.0,1.4901960784313726,,,0.7121364377189445,0.7041095884110584,juiced
2026_07_07,63302819,run_line,away,165.0,2.65,,,0.2992635622810555,0.2958904115889415,juiced
2026_07_07,63303167,run_line,home,-120.0,1.8333333333333333,,,0.6766196042086022,0.6711830217325684,juiced
2026_07_07,63303167,run_line,away,100.0,2.0,,,0.3314803957913978,0.3288169782674316,juiced
2026_07_07,63303417,run_line,home,-131.0,1.763358778625954,,,0.5869292871676436,0.5791112848225393,juiced
2026_07_07,63303417,run_line,away,108.0,2.08,,,0.4265707128323564,0.4208887151774607,juiced
2026_07_07,63303455,run_line,home,-181.0,1.5524861878453038,,,0.6985592605559531,0.6952221940246349,juiced
2026_07_07,63303455,run_line,away,150.0,2.5,,,0.3062407394440469,0.3047778059753652,juiced
2026_07_07,63303535,run_line,home,-196.0,1.510204081632653,,,0.7220436703364035,0.7173094281108717,juiced
2026_07_07,63303535,run_line,away,158.0,2.58,,,0.2845563296635965,0.2826905718891283,juiced
2026_07_07,71325506,run_line,home,-109.0,1.9174311926605505,,,0.6499643002881652,0.6428288995036745,juiced
2026_07_07,71325506,run_line,away,-109.0,1.9174311926605505,,,0.3611356997118347,0.3571711004963255,juiced
2026_07_08,63299475,run_line,home,146.0,2.46,,,0.3374016982185236,0.3363925206565539,juiced
2026_07_08,63299475,run_line,away,-178.0,1.5617977528089888,,,0.6655983017814764,0.663607479343446,juiced
2026_07_08,63300847,run_line,home,163.0,2.63,,,0.3217516422582131,0.3174658532394802,juiced
2026_07_08,63300847,run_line,away,-200.0,1.5,,,0.6917483577417868,0.6825341467605198,juiced
2026_07_08,63301053,run_line,home,124.0,2.24,,,0.4190468334198531,0.4159273780842214,juiced
2026_07_08,63301053,run_line,away,-149.0,1.6711409395973154,,,0.5884531665801469,0.5840726219157786,juiced
2026_07_08,63301695,run_line,home,-204.0,1.4901960784313726,,,0.6989461741947388,0.6910679990060695,juiced
2026_07_08,63301695,run_line,away,168.0,2.68,,,0.3124538258052612,0.30893200099393037,juiced
2026_07_08,63302009,run_line,home,-123.0,1.8130081300813008,,,0.5722969013028353,0.5675296522241524,juiced
2026_07_08,63302009,run_line,away,100.0,2.0,,,0.43610309869716474,0.43247034777584764,juiced
2026_07_08,63302165,run_line,home,149.0,2.49,,,0.2593974782432339,0.2597091291982718,juiced
2026_07_08,63302165,run_line,away,-181.0,1.5524861878453038,,,0.7394025217567661,0.7402908708017282,juiced
2026_07_08,63302185,run_line,home,146.0,2.46,,,0.4010700562683149,0.39987044493351437,juiced
2026_07_08,63302185,run_line,away,-175.0,1.5714285714285714,,,0.6019299437316851,0.6001295550664857,juiced
2026_07_08,63302211,run_line,home,-149.0,1.6711409395973154,,,0.6558927224571606,0.650622678759211,juiced
2026_07_08,63302211,run_line,away,125.0,2.25,,,0.3522072775428394,0.349377321240789,juiced
2026_07_08,63302461,run_line,home,144.0,2.44,,,0.3431188420364608,0.3420925643434305,juiced
2026_07_08,63302461,run_line,away,-175.0,1.5714285714285714,,,0.6598811579635392,0.6579074356565694,juiced
2026_07_08,63302673,run_line,home,-185.0,1.5405405405405406,,,0.6990848038003961,0.6957452267121776,juiced
2026_07_08,63302673,run_line,away,152.0,2.52,,,0.3057151961996039,0.3042547732878224,juiced
2026_07_08,63303037,run_line,home,152.0,2.52,,,0.3029778774941429,0.30225247156239315,juiced
2026_07_08,63303037,run_line,away,-188.0,1.5319148936170213,,,0.6994221225058571,0.6977475284376069,juiced
2026_07_08,63303155,run_line,home,156.0,2.56,,,0.2920531878396404,0.28884698629180144,juiced
2026_07_08,63303155,run_line,away,-192.0,1.5208333333333337,,,0.7190468121603595,0.7111530137081986,juiced
2026_07_08,63303437,run_line,home,131.0,2.31,,,0.3955459415831769,0.39201778154923383,juiced
2026_07_08,63303437,run_line,away,-158.0,1.6329113924050631,,,0.6134540584168231,0.6079822184507663,juiced
2026_07_08,63303567,run_line,home,-208.0,1.4807692307692308,,,0.709386250197882,0.7013903996419636,juiced
2026_07_08,63303567,run_line,away,172.0,2.72,,,0.3020137498021179,0.2986096003580363,juiced
2026_07_08,63303643,run_line,home,-149.0,1.6711409395973154,,,0.746749253055102,0.7407491846593611,juiced
2026_07_08,63303643,run_line,away,123.0,2.23,,,0.261350746944898,0.2592508153406388,juiced
2026_07_09,63299395,run_line,home,-138.0,1.7246376811594204,,,0.747649253055102,0.7407601833499474,juiced
2026_07_09,63299395,run_line,away,114.0,2.14,,,0.261650746944898,0.25923981665005247,juiced
2026_07_09,63301427,run_line,home,-114.0,1.8771929824561404,,,0.6572912671572787,0.6498826054550906,juiced
2026_07_09,63301427,run_line,away,-105.0,1.9523809523809523,,,0.35410873284272126,0.35011739454490926,juiced
2026_07_09,63301473,run_line,home,141.0,2.41,,,0.4091594825974711,0.4079356755707589,juiced
2026_07_09,63301473,run_line,away,-172.0,1.5813953488372094,,,0.5938405174025289,0.5920643244292412,juiced
2026_07_09,63301775,run_line,home,-192.0,1.5208333333333337,,,0.709386250197882,0.7047349992031413,juiced
2026_07_09,63301775,run_line,away,156.0,2.56,,,0.2972137498021179,0.29526500079685863,juiced
2026_07_09,63301801,run_line,home,-158.0,1.6329113924050631,,,0.7255050837476553,0.7242015210098376,juiced
2026_07_09,63301801,run_line,away,129.0,2.29,,,0.2762949162523447,0.2757984789901624,juiced
2026_07_09,63301879,run_line,home,159.0,2.59,,,0.3348974409308262,0.3312208890622354,juiced
2026_07_09,63301879,run_line,away,-196.0,1.510204081632653,,,0.6762025590691737,0.6687791109377645,juiced
2026_07_09,63302027,run_line,home,154.0,2.54,,,0.4277637921616334,0.4267396170806399,juiced
2026_07_09,63302027,run_line,away,-188.0,1.5319148936170213,,,0.5746362078383666,0.5732603829193601,juiced
2026_07_09,63302677,run_line,home,156.0,2.56,,,0.3916584140563623,0.38735873212972244,juiced
2026_07_09,63302677,run_line,away,-192.0,1.5208333333333337,,,0.6194415859436376,0.6126412678702776,juiced
2026_07_09,63302767,run_line,home,-149.0,1.6711409395973154,,,0.7227694282423952,0.7169620357527976,juiced
2026_07_09,63302767,run_line,away,124.0,2.24,,,0.2853305717576048,0.28303796424720246,juiced
2026_07_09,63302769,run_line,home,135.0,2.35,,,0.30498977325549076,0.30012770444350595,juiced
2026_07_09,63302769,run_line,away,-163.0,1.6134969325153374,,,0.7112102267445092,0.699872295556494,juiced
2026_07_09,63303291,run_line,home,-156.0,1.641025641025641,,,0.6508931508221357,0.6497236482552762,juiced
2026_07_09,63303291,run_line,away,129.0,2.29,,,0.3509068491778643,0.35027635174472377,juiced
2026_07_09,63303595,run_line,home,152.0,2.52,,,0.2965194791938541,0.29580953630671797,juiced
2026_07_09,63303595,run_line,away,-188.0,1.5319148936170213,,,0.7058805208061459,0.7041904636932821,juiced
2026_07_09,63303667,run_line,home,136.0,2.3600000000000003,,,0.4052054723389398,0.39874579053231624,juiced
2026_07_09,63303667,run_line,away,-166.0,1.6024096385542168,,,0.6109945276610602,0.6012542094676837,juiced
2026_07_10,63301221,run_line,home,-117.0,1.8547008547008548,,,0.6732783762563274,0.6656895157764755,juiced
2026_07_10,63301221,run_line,away,-103.0,1.970873786407767,,,0.33812162374367266,0.33431048422352444,juiced
2026_07_10,63301377,run_line,home,170.0,2.7,,,0.32400608475097836,0.3221697173620149,juiced
2026_07_10,63301377,run_line,away,-208.0,1.4807692307692308,,,0.6816939152490216,0.6778302826379851,juiced
2026_07_10,63301657,run_line,home,-126.0,1.7936507936507935,,,0.6708918200360138,0.6653032725466221,juiced
2026_07_10,63301657,run_line,away,104.0,2.04,,,0.33750817996398624,0.33469672745337786,juiced
2026_07_10,63301817,run_line,home,-204.0,1.4901960784313726,,,0.694109007797348,0.6862853547531619,juiced
2026_07_10,63301817,run_line,away,165.0,2.65,,,0.317290992202652,0.313714645246838,juiced
2026_07_10,63301909,run_line,home,-212.0,1.4716981132075473,,,0.7820683583717666,0.7732532710814382,juiced
2026_07_10,63301909,run_line,away,172.0,2.72,,,0.22933164162823338,0.22674672891856176,juiced
2026_07_10,63302011,run_line,home,119.0,2.19,,,0.3866768768722449,0.38540504023945465,juiced
2026_07_10,63302011,run_line,away,-144.0,1.6944444444444444,,,0.6166231231277551,0.6145949597605452,juiced
2026_07_10,63302191,run_line,home,162.0,2.62,,,0.2830354974175055,0.27926541432412977,juiced
2026_07_10,63302191,run_line,away,-200.0,1.5,,,0.7304645025824944,0.7207345856758702,juiced
2026_07_10,63302249,run_line,home,158.0,2.58,,,0.3586596251327522,0.3547222086171024,juiced
2026_07_10,63302249,run_line,away,-196.0,1.510204081632653,,,0.6524403748672477,0.6452777913828976,juiced
2026_07_10,63302477,run_line,home,152.0,2.52,,,0.3018481342213656,0.30112543318172946,juiced
2026_07_10,63302477,run_line,away,-188.0,1.5319148936170213,,,0.7005518657786344,0.6988745668182705,juiced
2026_07_10,63303261,run_line,home,129.0,2.29,,,0.4241649659950509,0.42063166005062563,juiced
2026_07_10,63303261,run_line,away,-158.0,1.6329113924050631,,,0.5842350340049491,0.5793683399493744,juiced
2026_07_10,63303457,run_line,home,129.0,2.29,,,0.3930850225936802,0.3898106134407777,juiced
2026_07_10,63303457,run_line,away,-156.0,1.641025641025641,,,0.6153149774063198,0.6101893865592224,juiced
2026_07_10,63303465,run_line,home,-144.0,1.6944444444444444,,,0.7115320265325912,0.7056049449946362,juiced
2026_07_10,63303465,run_line,away,119.0,2.19,,,0.2968679734674088,0.2943950550053637,juiced
2026_07_10,63303769,run_line,home,-120.0,1.8333333333333333,,,0.5146520301835193,0.5088511273319353,juiced
2026_07_10,63303769,run_line,away,-101.0,1.99009900990099,,,0.4967479698164807,0.4911488726680647,juiced
2026_07_10,63303817,run_line,home,152.0,2.52,,,0.4069396990591866,0.4059653821420457,juiced
2026_07_10,63303817,run_line,away,-188.0,1.5319148936170213,,,0.5954603009408134,0.5940346178579543,juiced
2026_07_10,63303861,run_line,home,-175.0,1.5714285714285714,,,0.6590065635581781,0.660790698443977,juiced
2026_07_10,63303861,run_line,away,144.0,2.44,,,0.3382934364418218,0.33920930155602314,juiced
2026_07_11,63299227,run_line,home,-158.0,1.6329113924050631,,,0.6764328846017093,0.6752174931141038,juiced
2026_07_11,63299227,run_line,away,129.0,2.29,,,0.3253671153982907,0.3247825068858961,juiced
2026_07_11,63299343,run_line,home,-149.0,1.6711409395973154,,,0.6694019315832679,0.6640233425089455,juiced
2026_07_11,63299343,run_line,away,122.0,2.22,,,0.3386980684167321,0.3359766574910546,juiced
2026_07_11,63301211,run_line,home,-166.0,1.6024096385542168,,,0.7461550016085413,0.737963605586531,juiced
2026_07_11,63301211,run_line,away,136.0,2.3600000000000003,,,0.2649449983914587,0.2620363944134692,juiced
2026_07_11,63301975,run_line,home,127.0,2.27,,,0.3887222933816739,0.38548422588424625,juiced
2026_07_11,63301975,run_line,away,-156.0,1.641025641025641,,,0.6196777066183261,0.6145157741157538,juiced
2026_07_11,63302127,run_line,home,-151.0,1.6622516556291391,,,0.6833326423437565,0.6821048536072634,juiced
2026_07_11,63302127,run_line,away,125.0,2.25,,,0.3184673576562435,0.3178951463927366,juiced
2026_07_11,63302567,run_line,home,-200.0,1.5,,,0.7522354547250184,0.7437566291526778,juiced
2026_07_11,63302567,run_line,away,163.0,2.63,,,0.2591645452749816,0.2562433708473221,juiced
2026_07_11,63302619,run_line,home,108.0,2.08,,,0.3889072853593771,0.38578244753434887,juiced
2026_07_11,63302619,run_line,away,-133.0,1.7518796992481205,,,0.6191927146406229,0.6142175524656511,juiced
2026_07_11,63302643,run_line,home,141.0,2.41,,,0.3685926694798369,0.36749019888318735,juiced
2026_07_11,63302643,run_line,away,-172.0,1.5813953488372094,,,0.6344073305201631,0.6325098011168127,juiced
2026_07_11,63303307,run_line,home,-129.0,1.7751937984496124,,,0.4910845318452608,0.4869937840591638,juiced
2026_07_11,63303307,run_line,away,106.0,2.06,,,0.5173154681547392,0.5130062159408362,juiced
2026_07_11,63303763,run_line,home,141.0,2.41,,,0.3295701959611421,0.3285844426332424,juiced
2026_07_11,63303763,run_line,away,-172.0,1.5813953488372094,,,0.6734298040388579,0.6714155573667575,juiced
2026_07_12,63300981,run_line,home,-113.0,1.8849557522123892,,,0.48894014932863766,0.4834290580666775,juiced
2026_07_12,63300981,run_line,away,-107.0,1.9345794392523368,,,0.5224598506713624,0.5165709419333224,juiced
2026_07_12,63301035,run_line,home,-204.0,1.4901960784313726,,,0.7727313003013799,0.764021455706328,juiced
2026_07_12,63301035,run_line,away,165.0,2.65,,,0.23866869969862,0.23597854429367218,juiced
2026_07_12,63301077,run_line,home,129.0,2.29,,,0.3901872378088971,0.3869369672837139,juiced
2026_07_12,63301077,run_line,away,-158.0,1.6329113924050631,,,0.6182127621911029,0.6130630327162861,juiced
2026_07_12,63301213,run_line,home,149.0,2.49,,,0.370357605297966,0.370802568380022,juiced
2026_07_12,63301213,run_line,away,-181.0,1.5524861878453038,,,0.628442394702034,0.629197431619978,juiced
2026_07_12,63301453,run_line,home,149.0,2.49,,,0.2622851435130509,0.26260026382964646,juiced
2026_07_12,63301453,run_line,away,-181.0,1.5524861878453038,,,0.7365148564869491,0.7373997361703536,juiced
2026_07_12,63301945,run_line,home,154.0,2.54,,,0.3383272136183268,0.33751717240455587,juiced
2026_07_12,63301945,run_line,away,-188.0,1.5319148936170213,,,0.6640727863816732,0.6624828275954442,juiced
2026_07_12,63302047,run_line,home,-163.0,1.6134969325153374,,,0.7230012943985208,0.7150640830763731,juiced
2026_07_12,63302047,run_line,away,135.0,2.35,,,0.2880987056014792,0.28493591692362696,juiced
2026_07_12,63302057,run_line,home,-147.0,1.6802721088435373,,,0.6695789063905305,0.6641988953382904,juiced
2026_07_12,63302057,run_line,away,122.0,2.22,,,0.3385210936094694,0.3358011046617096,juiced
2026_07_12,63302295,run_line,home,-169.0,1.5917159763313609,,,0.6464193761362916,0.6393228920347065,juiced
2026_07_12,63302295,run_line,away,137.0,2.37,,,0.36468062386370836,0.3606771079652936,juiced
2026_07_12,63303105,run_line,home,141.0,2.41,,,0.4016343227806873,0.40043302370955863,juiced
2026_07_12,63303105,run_line,away,-172.0,1.5813953488372094,,,0.6013656772193127,0.5995669762904414,juiced
2026_07_12,63303189,run_line,home,-196.0,1.510204081632653,,,0.6838545605316513,0.6761464905395009,juiced
2026_07_12,63303189,run_line,away,160.0,2.6,,,0.32754543946834874,0.323853509460499,juiced
2026_07_12,63303419,run_line,home,154.0,2.54,,,0.34581732295578677,0.3449893485193404,juiced
2026_07_12,63303419,run_line,away,-188.0,1.5319148936170213,,,0.6565826770442132,0.6550106514806597,juiced
2026_07_12,63303443,run_line,home,166.0,2.66,,,0.2788198324942761,0.2749431343006371,juiced
2026_07_12,63303443,run_line,away,-204.0,1.4901960784313726,,,0.7352801675057239,0.7250568656993629,juiced
2026_07_12,63303737,run_line,home,-188.0,1.5319148936170213,,,0.7731154854354492,0.7694222585941971,juiced
2026_07_12,63303737,run_line,away,152.0,2.52,,,0.2316845145645508,0.23057774140580298,juiced
2026_07_16,63301305,run_line,home,149.0,2.49,,,0.3405535599156756,0.34096271517388427,juiced
2026_07_16,63301305,run_line,away,-181.0,1.5524861878453038,,,0.6582464400843244,0.6590372848261158,juiced
2026_07_17,63299289,run_line,home,138.0,2.38,,,0.4200277590960937,0.41333178419218036,juiced
2026_07_17,63299289,run_line,away,-169.0,1.5917159763313609,,,0.5961722409039063,0.5866682158078196,juiced
2026_07_17,63300967,run_line,home,-172.0,1.5813953488372094,,,0.6818159828074976,0.6836618698561091,juiced
2026_07_17,63300967,run_line,away,141.0,2.41,,,0.3154840171925024,0.31633813014389095,juiced
2026_07_17,63300983,run_line,home,-172.0,1.5813953488372094,,,0.6498545713973536,0.651613929005669,juiced
2026_07_17,63300983,run_line,away,142.0,2.42,,,0.3474454286026464,0.3483860709943311,juiced
2026_07_17,63301293,run_line,home,-169.0,1.5917159763313609,,,0.6768921920051111,0.6694611729849779,juiced
2026_07_17,63301293,run_line,away,138.0,2.38,,,0.3342078079948889,0.3305388270150222,juiced
2026_07_17,63301597,run_line,home,168.0,2.68,,,0.3337152898892665,0.32907532776774134,juiced
2026_07_17,63301597,run_line,away,-208.0,1.4807692307692308,,,0.6803847101107334,0.6709246722322586,juiced
2026_07_17,63301771,run_line,home,152.0,2.52,,,0.362506812874185,0.36163887956323326,juiced
2026_07_17,63301771,run_line,away,-188.0,1.5319148936170213,,,0.639893187125815,0.6383611204367667,juiced
2026_07_17,63302499,run_line,home,134.0,2.34,,,0.44543567266028966,0.4383346513090825,juiced
2026_07_17,63302499,run_line,away,-163.0,1.6134969325153374,,,0.5707643273397103,0.5616653486909174,juiced
2026_07_17,63302551,run_line,home,139.0,2.39,,,0.4122265036769447,0.40565489438786134,juiced
2026_07_17,63302551,run_line,away,-169.0,1.5917159763313609,,,0.6039734963230553,0.5943451056121387,juiced
2026_07_17,63303013,run_line,home,-175.0,1.5714285714285714,,,0.7263431415130575,0.7283095773719618,juiced
2026_07_17,63303013,run_line,away,144.0,2.44,,,0.2709568584869425,0.2716904226280382,juiced
2026_07_17,63303347,run_line,home,-181.0,1.5524861878453038,,,0.6669616138978784,0.6687672855689146,juiced
2026_07_17,63303347,run_line,away,149.0,2.49,,,0.33033838610212146,0.33123271443108543,juiced
2026_07_17,63303483,run_line,home,100.0,2.0,,,0.42377301987403687,0.41986824519373517,juiced
2026_07_17,63303483,run_line,away,-121.0,1.8264462809917357,,,0.585526980125963,0.5801317548062649,juiced
2026_07_17,63303587,run_line,home,-192.0,1.5208333333333337,,,0.7090349323561044,0.7043859848560544,juiced
2026_07_17,63303587,run_line,away,156.0,2.56,,,0.2975650676438956,0.2956140151439456,juiced
2026_07_17,63303845,run_line,home,-175.0,1.5714285714285714,,,0.675588802511756,0.6774178306545233,juiced
2026_07_17,63303845,run_line,away,143.0,2.43,,,0.3217111974882439,0.32258216934547673,juiced
2026_07_17,71409220,run_line,home,162.0,2.62,,,0.3086190809458793,0.3045082199762006,juiced
2026_07_17,71409220,run_line,away,-200.0,1.5,,,0.7048809190541206,0.6954917800237993,juiced
2026_07_18,63301029,run_line,home,-192.0,1.5208333333333337,,,0.6938356938731125,0.6892864036092913,juiced
2026_07_18,63301029,run_line,away,156.0,2.56,,,0.3127643061268875,0.31071359639070883,juiced
2026_07_18,63301135,run_line,home,-108.0,1.925925925925926,,,0.6704013245734325,0.6622555809280178,juiced
2026_07_18,63301135,run_line,away,-112.0,1.8928571428571428,,,0.34189867542656743,0.33774441907198205,juiced
2026_07_18,63301591,run_line,home,-188.0,1.5319148936170213,,,0.7958843300782931,0.7920823348709127,juiced
2026_07_18,63301591,run_line,away,152.0,2.52,,,0.2089156699217069,0.2079176651290873,juiced
2026_07_18,63301841,run_line,home,-172.0,1.5813953488372094,,,0.6685462080714555,0.6703561697297258,juiced
2026_07_18,63301841,run_line,away,142.0,2.42,,,0.3287537919285445,0.3296438302702742,juiced
2026_07_18,63301893,run_line,home,149.0,2.49,,,0.3220719285028192,0.3224588791578085,juiced
2026_07_18,63301893,run_line,away,-181.0,1.5524861878453038,,,0.6767280714971808,0.6775411208421914,juiced
2026_07_18,63302305,run_line,home,-172.0,1.5813953488372094,,,0.7518359489673196,0.7538714017520503,juiced
2026_07_18,63302305,run_line,away,141.0,2.41,,,0.2454640510326803,0.24612859824794978,juiced
2026_07_18,63302351,run_line,home,154.0,2.54,,,0.4164277590960937,0.4154307253552411,juiced
2026_07_18,63302351,run_line,away,-188.0,1.5319148936170213,,,0.5859722409039063,0.5845692746447589,juiced
2026_07_18,63303141,run_line,home,117.0,2.17,,,0.4253556663024392,0.42395660949111846,juiced
2026_07_18,63303141,run_line,away,-142.0,1.704225352112676,,,0.5779443336975608,0.5760433905088814,juiced
2026_07_18,72946026,run_line,home,168.0,2.68,,,0.3345822712622128,0.3299302546713468,juiced
2026_07_18,72946026,run_line,away,-208.0,1.4807692307692308,,,0.6795177287377872,0.6700697453286532,juiced
2026_07_19,63299259,run_line,home,163.0,2.63,,,0.3077377188767525,0.30363859780636654,juiced
2026_07_19,63299259,run_line,away,-200.0,1.5,,,0.7057622811232475,0.6963614021936334,juiced
2026_07_19,63301313,run_line,home,-204.0,1.4901960784313726,,,0.7088688842761832,0.7008788652127578,juiced
2026_07_19,63301313,run_line,away,166.0,2.66,,,0.3025311157238168,0.2991211347872422,juiced
2026_07_19,63301319,run_line,home,-125.0,1.8,,,0.6729675995649106,0.6673617607744056,juiced
2026_07_19,63301319,run_line,away,102.0,2.02,,,0.33543240043508943,0.33263823922559443,juiced
2026_07_19,63301979,run_line,home,158.0,2.58,,,0.40929788857736477,0.40480455798374526,juiced
2026_07_19,63301979,run_line,away,-196.0,1.510204081632653,,,0.6018021114226352,0.5951954420162548,juiced
2026_07_19,63302001,run_line,home,129.0,2.29,,,0.4405271115975038,0.43685750852588634,juiced
2026_07_19,63302001,run_line,away,-158.0,1.6329113924050631,,,0.5678728884024962,0.5631424914741137,juiced
2026_07_19,63302615,run_line,home,143.0,2.43,,,0.3178415613669381,0.31689088870083554,juiced
2026_07_19,63302615,run_line,away,-175.0,1.5714285714285714,,,0.6851584386330619,0.6831091112991643,juiced
2026_07_19,63302663,run_line,home,-172.0,1.5813953488372094,,,0.7569730307271982,0.7590223911833934,juiced
2026_07_19,63302663,run_line,away,141.0,2.41,,,0.2403269692728017,0.24097760881660654,juiced
2026_07_19,63302739,run_line,home,-156.0,1.641025641025641,,,0.7994686870220387,0.798032229009821,juiced
2026_07_19,63302739,run_line,away,127.0,2.27,,,0.2023313129779613,0.20196777099017899,juiced
2026_07_19,63302801,run_line,home,-126.0,1.7936507936507935,,,0.6546545713973536,0.6492012806399778,juiced
2026_07_19,63302801,run_line,away,104.0,2.04,,,0.3537454286026464,0.3507987193600222,juiced
2026_07_19,63303267,run_line,home,-163.0,1.6134969325153374,,,0.8067910580199391,0.7979339907229148,juiced
2026_07_19,63303267,run_line,away,135.0,2.35,,,0.2043089419800609,0.20206600927708526,juiced
2026_07_19,63303433,run_line,home,-200.0,1.5,,,0.7283676946069229,0.7201578946083872,juiced
2026_07_19,63303433,run_line,away,161.0,2.6100000000000003,,,0.2830323053930771,0.2798421053916127,juiced
2026_07_19,63303685,run_line,home,-169.0,1.5917159763313609,,,0.6838559178994285,0.6763484501032822,juiced
2026_07_19,63303685,run_line,away,139.0,2.39,,,0.32724408210057154,0.323651549896718,juiced
2026_07_20,63299261,run_line,home,148.0,2.48,,,0.3025199336478258,0.30288339372029016,juiced
2026_07_20,63299261,run_line,away,-181.0,1.5524861878453038,,,0.6962800663521742,0.6971166062797098,juiced
2026_07_20,63299309,run_line,home,143.0,2.43,,,0.2658372805270286,0.26504215406483406,juiced
2026_07_20,63299309,run_line,away,-175.0,1.5714285714285714,,,0.7371627194729714,0.7349578459351658,juiced
2026_07_20,63300923,run_line,home,129.0,2.29,,,0.4442351017415272,0.44053461100905117,juiced
2026_07_20,63300923,run_line,away,-158.0,1.6329113924050631,,,0.5641648982584728,0.5594653889909489,juiced
2026_07_20,63301085,run_line,home,-172.0,1.5813953488372094,,,0.7829794559741647,0.7850992238786371,juiced
2026_07_20,63301085,run_line,away,142.0,2.42,,,0.2143205440258352,0.21490077612136288,juiced
2026_07_20,63301121,run_line,home,-172.0,1.5813953488372094,,,0.779126318779435,0.7812356550480648,juiced
2026_07_20,63301121,run_line,away,141.0,2.41,,,0.218173681220565,0.21876434495193522,juiced
2026_07_20,63301693,run_line,home,-144.0,1.6944444444444444,,,0.6436824119823085,0.6383205196175213,juiced
2026_07_20,63301693,run_line,away,119.0,2.19,,,0.3647175880176915,0.3616794803824787,juiced
2026_07_20,63302183,run_line,home,144.0,2.44,,,0.3347200943259836,0.3337189375134432,juiced
2026_07_20,63302183,run_line,away,-175.0,1.5714285714285714,,,0.6682799056740164,0.6662810624865566,juiced
2026_07_20,63302731,run_line,home,139.0,2.39,,,0.3591614509500008,0.3534357911336359,juiced
2026_07_20,63302731,run_line,away,-169.0,1.5917159763313609,,,0.6570385490499991,0.646564208866364,juiced
2026_07_20,63302855,run_line,home,127.0,2.27,,,0.3244541746398423,0.32175146235605145,juiced
2026_07_20,63302855,run_line,away,-156.0,1.641025641025641,,,0.6839458253601577,0.6782485376439485,juiced
2026_07_20,63302901,run_line,home,-101.0,1.99009900990099,,,0.3883673436776867,0.38364846752710335,juiced
2026_07_20,63302901,run_line,away,-120.0,1.8333333333333333,,,0.6239326563223133,0.6163515324728966,juiced
2026_07_20,63303061,run_line,home,168.0,2.68,,,0.3775644140906782,0.372314775752567,juiced
2026_07_20,63303061,run_line,away,-208.0,1.4807692307692308,,,0.6365355859093218,0.627685224247433,juiced
2026_07_20,63303101,run_line,home,-185.0,1.5405405405405406,,,0.7056694098572107,0.7022983776445171,juiced
2026_07_20,63303101,run_line,away,150.0,2.5,,,0.2991305901427892,0.2977016223554829,juiced
2026_07_20,63303471,run_line,home,144.0,2.44,,,0.3650654788512977,0.36397355817676735,juiced
2026_07_20,63303471,run_line,away,-175.0,1.5714285714285714,,,0.6379345211487023,0.6360264418232325,juiced
2026_07_20,63303503,run_line,home,124.0,2.24,,,0.4276201083908478,0.42443683214972483,juiced
2026_07_20,63303503,run_line,away,-149.0,1.6711409395973154,,,0.5798798916091522,0.5755631678502751,juiced
2026_07_20,63303645,run_line,home,-196.0,1.510204081632653,,,0.6934839971671931,0.6856673889333529,juiced
2026_07_20,63303645,run_line,away,160.0,2.6,,,0.3179160028328069,0.3143326110666471,juiced
2026_07_21,63299165,run_line,home,136.0,2.3600000000000003,,,0.39583858575643516,0.38952822845545676,juiced
2026_07_21,63299165,run_line,away,-166.0,1.6024096385542168,,,0.6203614142435648,0.6104717715445432,juiced
2026_07_21,63301331,run_line,home,150.0,2.5,,,0.2773416406264117,0.27667761435196697,juiced
2026_07_21,63301331,run_line,away,-185.0,1.5405405405405406,,,0.7250583593735883,0.7233223856480331,juiced
2026_07_21,63301503,run_line,home,136.0,2.3600000000000003,,,0.4387318712729108,0.4317377202055804,juiced
2026_07_21,63301503,run_line,away,-166.0,1.6024096385542168,,,0.5774681287270892,0.5682622797944196,juiced
2026_07_21,63301797,run_line,home,-172.0,1.5813953488372094,,,0.6708119209859056,0.6726280166308088,juiced
2026_07_21,63301797,run_line,away,141.0,2.41,,,0.3264880790140944,0.3273719833691912,juiced
2026_07_21,63302261,run_line,home,-181.0,1.5524861878453038,,,0.712933569997917,0.7148637019932991,juiced
2026_07_21,63302261,run_line,away,148.0,2.48,,,0.2843664300020829,0.28513629800670104,juiced
2026_07_21,63302505,run_line,home,138.0,2.38,,,0.4385521617617192,0.4315608755773659,juiced
2026_07_21,63302505,run_line,away,-169.0,1.5917159763313609,,,0.5776478382382808,0.5684391244226341,juiced
2026_07_21,63302945,run_line,home,135.0,2.35,,,0.3762144897355731,0.3702169747447088,juiced
2026_07_21,63302945,run_line,away,-163.0,1.6134969325153374,,,0.6399855102644268,0.6297830252552912,juiced
2026_07_21,63303143,run_line,home,154.0,2.54,,,0.3704144790267937,0.3695276127561789,juiced
2026_07_21,63303143,run_line,away,-188.0,1.5319148936170213,,,0.6319855209732063,0.6304723872438212,juiced
2026_07_21,63303679,run_line,home,-181.0,1.5524861878453038,,,0.7121712738609529,0.7140993420845814,juiced
2026_07_21,63303679,run_line,away,149.0,2.49,,,0.285128726139047,0.2859006579154187,juiced
2026_07_22,63302691,run_line,home,-156.0,1.641025641025641,,,0.6482385612808771,0.6470738283897755,juiced
2026_07_22,63302691,run_line,away,129.0,2.29,,,0.35356143871912293,0.35292617161022455,juiced
2026_07_22,63302795,run_line,home,-196.0,1.510204081632653,,,0.6751905237702363,0.6675801105104174,juiced
2026_07_22,63302795,run_line,away,161.0,2.6100000000000003,,,0.3362094762297637,0.33241988948958245,juiced
2026_07_22,63303751,run_line,home,-204.0,1.4901960784313726,,,0.7906559342286916,0.7817440520354871,juiced
2026_07_22,63303751,run_line,away,165.0,2.65,,,0.22074406577130828,0.21825594796451286,juiced
2026_07_23,63301391,run_line,home,-128.0,1.78125,,,0.42259336585084073,0.419073151379255,juiced
2026_07_23,63301391,run_line,away,104.0,2.04,,,0.5858066341491592,0.580926848620745,juiced
2026_07_23,63301471,run_line,home,-192.0,1.5208333333333337,,,0.7067395394117171,0.7021056421733729,juiced
2026_07_23,63301471,run_line,away,156.0,2.56,,,0.2998604605882829,0.2978943578266272,juiced
2026_07_23,63302219,run_line,home,-101.0,1.99009900990099,,,0.4104169525286206,0.40543016154165823,juiced
2026_07_23,63302219,run_line,away,-120.0,1.8333333333333333,,,0.6018830474713794,0.5945698384583419,juiced
2026_07_23,63303877,run_line,home,154.0,2.54,,,0.3850549980905011,0.3841330787016172,juiced
2026_07_23,63303877,run_line,away,-188.0,1.5319148936170213,,,0.6173450019094989,0.6158669212983828,juiced
2026_07_23,72351544,run_line,home,162.0,2.62,,,0.3256100800002488,0.3212728959055242,juiced
2026_07_23,72351544,run_line,away,-200.0,1.5,,,0.6878899199997511,0.6787271040944757,juiced
2026_07_24,63299169,run_line,home,-169.0,1.5917159763313609,,,0.6940597742352085,0.6864402870489651,juiced
2026_07_24,63299169,run_line,away,139.0,2.39,,,0.3170402257647915,0.3135597129510351,juiced
2026_07_24,63301025,run_line,home,-131.0,1.763358778625954,,,0.4288559777597253,0.42314353997012855,juiced
2026_07_24,63301025,run_line,away,108.0,2.08,,,0.5846440222402747,0.5768564600298713,juiced
2026_07_24,63301157,run_line,home,-196.0,1.510204081632653,,,0.6673922308077866,0.659869716044875,juiced
2026_07_24,63301157,run_line,away,160.0,2.6,,,0.3440077691922133,0.34013028395512485,juiced
2026_07_24,63301187,run_line,home,127.0,2.27,,,0.3170886526484942,0.31444729536740795,juiced
2026_07_24,63301187,run_line,away,-156.0,1.641025641025641,,,0.6913113473515058,0.685552704632592,juiced
2026_07_24,63301349,run_line,home,144.0,2.44,,,0.3606963177417381,0.35961746534570105,juiced
2026_07_24,63301349,run_line,away,-175.0,1.5714285714285714,,,0.6423036822582618,0.6403825346542991,juiced
2026_07_24,63301741,run_line,home,159.0,2.59,,,0.34658318373858077,0.34277834411886143,juiced
2026_07_24,63301741,run_line,away,-196.0,1.510204081632653,,,0.6645168162614191,0.6572216558811386,juiced
2026_07_24,63302299,run_line,home,-126.0,1.7936507936507935,,,0.5729320609085061,0.5681595209326717,juiced
2026_07_24,63302299,run_line,away,104.0,2.04,,,0.4354679390914939,0.43184047906732836,juiced
2026_07_24,63302321,run_line,home,-163.0,1.6134969325153374,,,0.7485311110929431,0.7403136298021394,juiced
2026_07_24,63302321,run_line,away,134.0,2.34,,,0.2625688889070569,0.25968637019786067,juiced
2026_07_24,63302569,run_line,home,127.0,2.27,,,0.3625679182104673,0.359547717384438,juiced
2026_07_24,63302569,run_line,away,-156.0,1.641025641025641,,,0.6458320817895327,0.640452282615562,juiced
2026_07_24,63302857,run_line,home,152.0,2.52,,,0.3628071808699598,0.36193852840179547,juiced
2026_07_24,63302857,run_line,away,-188.0,1.5319148936170213,,,0.6395928191300402,0.6380614715982045,juiced
2026_07_24,63302867,run_line,home,147.0,2.47,,,0.3472469200865526,0.347664117026985,juiced
2026_07_24,63302867,run_line,away,-181.0,1.5524861878453038,,,0.6515530799134474,0.652335882973015,juiced
2026_07_24,63303089,run_line,home,163.0,2.63,,,0.39728782481172453,0.3919958804259739,juiced
2026_07_24,63303089,run_line,away,-200.0,1.5,,,0.6162121751882754,0.608004119574026,juiced
2026_07_24,63303249,run_line,home,-116.0,1.862068965517241,,,0.5268753549612227,0.5209366768451875,juiced
2026_07_24,63303249,run_line,away,-105.0,1.9523809523809523,,,0.4845246450387773,0.47906332315481237,juiced
2026_07_24,63303277,run_line,home,168.0,2.68,,,0.3286477448212173,0.3240782416144535,juiced
2026_07_24,63303277,run_line,away,-208.0,1.4807692307692308,,,0.6854522551787827,0.6759217583855465,juiced
2026_07_24,63303547,run_line,home,141.0,2.41,,,0.3825007369486758,0.38135666694783227,juiced
2026_07_24,63303547,run_line,away,-172.0,1.5813953488372094,,,0.6204992630513242,0.6186433330521676,juiced
2026_07_25,63299181,run_line,home,-185.0,1.5405405405405406,,,0.6655922308077866,0.6624126500873673,juiced
2026_07_25,63299181,run_line,away,150.0,2.5,,,0.3392077691922133,0.3375873499126327,juiced
2026_07_25,63300965,run_line,home,143.0,2.43,,,0.327018205674433,0.3260400854181785,juiced
2026_07_25,63300965,run_line,away,-175.0,1.5714285714285714,,,0.6759817943255669,0.6739599145818216,juiced
2026_07_25,63301055,run_line,home,-169.0,1.5917159763313609,,,0.7517084528352517,0.7434560902336581,juiced
2026_07_25,63301055,run_line,away,139.0,2.39,,,0.2593915471647483,0.25654390976634195,juiced
2026_07_25,63301235,run_line,home,-188.0,1.5319148936170213,,,0.6822275147029697,0.6789684660658537,juiced
2026_07_25,63301235,run_line,away,152.0,2.52,,,0.3225724852970302,0.3210315339341463,juiced
2026_07_25,63301581,run_line,home,-125.0,1.8,,,0.5702751981015958,0.5655247898667154,juiced
2026_07_25,63301581,run_line,away,102.0,2.02,,,0.4381248018984042,0.4344752101332846,juiced
2026_07_25,63301865,run_line,home,156.0,2.56,,,0.3285709744604752,0.32496387544305727,juiced
2026_07_25,63301865,run_line,away,-192.0,1.5208333333333337,,,0.6825290255395248,0.6750361245569427,juiced
2026_07_25,63302003,run_line,home,119.0,2.19,,,0.3908921946679657,0.3896064932402728,juiced
2026_07_25,63302003,run_line,away,-144.0,1.6944444444444444,,,0.6124078053320343,0.6103935067597271,juiced
2026_07_25,63302111,run_line,home,114.0,2.14,,,0.4243037399560201,0.4232878491181366,juiced
2026_07_25,63302111,run_line,away,-138.0,1.7246376811594204,,,0.5780962600439798,0.5767121508818635,juiced
2026_07_25,63302145,run_line,home,158.0,2.58,,,0.3552654915909571,0.3513653363573901,juiced
2026_07_25,63302145,run_line,away,-196.0,1.510204081632653,,,0.6558345084090428,0.6486346636426099,juiced
2026_07_25,63302847,run_line,home,-105.0,1.9523809523809523,,,0.5325977108830342,0.5261263566956774,juiced
2026_07_25,63302847,run_line,away,-116.0,1.862068965517241,,,0.4797022891169657,0.4738736433043226,juiced
2026_07_25,63303023,run_line,home,160.0,2.6,,,0.3616458719909808,0.3568286847468977,juiced
2026_07_25,63303023,run_line,away,-196.0,1.510204081632653,,,0.6518541280090191,0.6431713152531023,juiced
2026_07_25,63303655,run_line,home,159.0,2.59,,,0.366929014180167,0.36290081513219963,juiced
2026_07_25,63303655,run_line,away,-196.0,1.510204081632653,,,0.6441709858198329,0.6370991848678004,juiced
2026_07_25,63303725,run_line,home,149.0,2.49,,,0.3581808379288456,0.3586111713344469,juiced
2026_07_25,63303725,run_line,away,-181.0,1.5524861878453038,,,0.6406191620711544,0.6413888286655531,juiced
2026_07_25,63303759,run_line,home,-208.0,1.4807692307692308,,,0.7662313844548753,0.7575948036927775,juiced
2026_07_25,63303759,run_line,away,168.0,2.68,,,0.2451686155451247,0.24240519630722235,juiced
2026_07_25,63303847,run_line,home,-204.0,1.4901960784313726,,,0.7409127658861376,0.7325615640559003,juiced
2026_07_25,63303847,run_line,away,167.0,2.67,,,0.27048723411386233,0.26743843594409955,juiced
2026_07_26,63299147,run_line,home,-185.0,1.5405405405405406,,,0.663148991512169,0.6599810823170472,juiced
2026_07_26,63299147,run_line,away,150.0,2.5,,,0.341651008487831,0.34001891768295284,juiced
2026_07_26,63300845,run_line,home,-181.0,1.5524861878453038,,,0.7412751465904439,0.7432820080120767,juiced
2026_07_26,63300845,run_line,away,149.0,2.49,,,0.256024853409556,0.25671799198792344,juiced
2026_07_26,63300995,run_line,home,150.0,2.5,,,0.34526606388454767,0.34443940930222233,juiced
2026_07_26,63300995,run_line,away,-185.0,1.5405405405405406,,,0.6571339361154523,0.6555605906977777,juiced
2026_07_26,63301185,run_line,home,134.0,2.34,,,0.39888259433855977,0.3925237102327886,juiced
2026_07_26,63301185,run_line,away,-163.0,1.6134969325153374,,,0.6173174056614402,0.6074762897672114,juiced
2026_07_26,63301463,run_line,home,147.0,2.47,,,0.3513015618890962,0.35172363024539066,juiced
2026_07_26,63301463,run_line,away,-181.0,1.5524861878453038,,,0.6474984381109038,0.6482763697546093,juiced
2026_07_26,63301835,run_line,home,-158.0,1.6329113924050631,,,0.5316794423672504,0.5278787156148236,juiced
2026_07_26,63301835,run_line,away,131.0,2.31,,,0.4755205576327496,0.47212128438517625,juiced
2026_07_26,63302021,run_line,home,159.0,2.59,,,0.3279986902832194,0.3243978738831168,juiced
2026_07_26,63302021,run_line,away,-196.0,1.510204081632653,,,0.6831013097167805,0.6756021261168832,juiced
2026_07_26,63302157,run_line,home,122.0,2.22,,,0.3471797431251394,0.3445952785361185,juiced
2026_07_26,63302157,run_line,away,-147.0,1.6802721088435373,,,0.6603202568748606,0.6554047214638815,juiced
2026_07_26,63302221,run_line,home,-200.0,1.5,,,0.6856428767779847,0.6779146497705999,juiced
2026_07_26,63302221,run_line,away,163.0,2.63,,,0.3257571232220152,0.32208535022940005,juiced
2026_07_26,63302817,run_line,home,-204.0,1.4901960784313726,,,0.7425345391856706,0.7341650575298304,juiced
2026_07_26,63302817,run_line,away,167.0,2.67,,,0.26886546081432944,0.2658349424701695,juiced
2026_07_26,63302947,run_line,home,-113.0,1.8849557522123892,,,0.5652214534782086,0.5588505571269612,juiced
2026_07_26,63302947,run_line,away,-106.0,1.9433962264150944,,,0.4461785465217914,0.4411494428730387,juiced
2026_07_26,63303103,run_line,home,154.0,2.54,,,0.3642963177417381,0.3634240999019734,juiced
2026_07_26,63303103,run_line,away,-188.0,1.5319148936170213,,,0.6381036822582619,0.6365759000980267,juiced
2026_07_26,63303285,run_line,home,104.0,2.04,,,0.4326982203547003,0.42871120613762037,juiced
2026_07_26,63303285,run_line,away,-126.0,1.7936507936507935,,,0.5766017796452997,0.5712887938623795,juiced
2026_07_26,63303493,run_line,home,156.0,2.56,,,0.36549309735690927,0.3614806620086137,juiced
2026_07_26,63303493,run_line,away,-192.0,1.5208333333333337,,,0.6456069026430906,0.6385193379913863,juiced
2026_07_26,63303577,run_line,home,-156.0,1.641025641025641,,,0.71363091581192,0.7123486881732082,juiced
2026_07_26,63303577,run_line,away,127.0,2.27,,,0.28816908418808,0.28765131182679177,juiced
2026_07_27,63301395,run_line,home,162.0,2.62,,,0.3702459870318686,0.36531424472804,juiced
2026_07_27,63301395,run_line,away,-200.0,1.5,,,0.6432540129681313,0.6346857552719598,juiced
2026_07_27,63301447,run_line,home,-144.0,1.6944444444444444,,,0.6969077339260557,0.6911024731515824,juiced
2026_07_27,63301447,run_line,away,119.0,2.19,,,0.31149226607394426,0.30889752684841754,juiced
2026_07_27,63301499,run_line,home,-181.0,1.5524861878453038,,,0.6386540452159865,0.6403830795307194,juiced
2026_07_27,63301499,run_line,away,149.0,2.49,,,0.3586459547840135,0.35961692046928057,juiced
2026_07_27,63301629,run_line,home,-147.0,1.6802721088435373,,,0.5694090553581477,0.5648339007619757,juiced
2026_07_27,63301629,run_line,away,121.0,2.21,,,0.4386909446418523,0.43516609923802435,juiced
2026_07_27,63301757,run_line,home,-161.0,1.62111801242236,,,0.6338436297329039,0.6268852039688497,juiced
2026_07_27,63301757,run_line,away,131.0,2.31,,,0.37725637026709613,0.3731147960311504,juiced
2026_07_27,63301875,run_line,home,119.0,2.19,,,0.2796010238458995,0.2786813753073851,juiced
2026_07_27,63301875,run_line,away,-144.0,1.6944444444444444,,,0.7236989761541005,0.7213186246926148,juiced
2026_07_27,63302077,run_line,home,-147.0,1.6802721088435373,,,0.6894286466828544,0.6838891446115013,juiced
2026_07_27,63302077,run_line,away,121.0,2.21,,,0.3186713533171455,0.3161108553884987,juiced
2026_07_27,63302195,run_line,home,-114.0,1.8771929824561404,,,0.7020134706325974,0.6941007223972685,juiced
2026_07_27,63302195,run_line,away,-106.0,1.9433962264150944,,,0.3093865293674026,0.3058992776027314,juiced
2026_07_27,63302629,run_line,home,-172.0,1.5813953488372094,,,0.6514334143680045,0.6531970463932664,juiced
2026_07_27,63302629,run_line,away,141.0,2.41,,,0.3458665856319954,0.34680295360673363,juiced
2026_07_27,63303057,run_line,home,-200.0,1.5,,,0.7499024933642287,0.7414499637771689,juiced
2026_07_27,63303057,run_line,away,163.0,2.63,,,0.2614975066357713,0.258550036222831,juiced
2026_07_27,63303221,run_line,home,143.0,2.43,,,0.3260115084629852,0.3250363992651896,juiced
2026_07_27,63303221,run_line,away,-175.0,1.5714285714285714,,,0.6769884915370148,0.6749636007348103,juiced
2026_07_27,63303525,run_line,home,-108.0,1.925925925925926,,,0.6370302392483433,0.6292899725855412,juiced
2026_07_27,63303525,run_line,away,-111.0,1.900900900900901,,,0.37526976075165663,0.3707100274144588,juiced
2026_07_28,63299213,run_line,home,144.0,2.44,,,0.3309722821047034,0.32998233509940517,juiced
2026_07_28,63299213,run_line,away,-175.0,1.5714285714285714,,,0.6720277178952966,0.6700176649005948,juiced
2026_07_28,63299315,run_line,home,136.0,2.3600000000000003,,,0.3637670954408393,0.3579680136201922,juiced
2026_07_28,63299315,run_line,away,-166.0,1.6024096385542168,,,0.6524329045591607,0.6420319863798079,juiced
2026_07_28,63299363,run_line,home,112.0,2.12,,,0.442131672852119,0.4410730974183151,juiced
2026_07_28,63299363,run_line,away,-136.0,1.7352941176470589,,,0.560268327147881,0.558926902581685,juiced
2026_07_28,63299465,run_line,home,-188.0,1.5319148936170213,,,0.6803388953443008,0.6770888687741847,juiced
2026_07_28,63299465,run_line,away,152.0,2.52,,,0.3244611046556991,0.3229111312258152,juiced
2026_07_28,63301067,run_line,home,-131.0,1.763358778625954,,,0.6466331483812886,0.6380198800012714,juiced
2026_07_28,63301067,run_line,away,108.0,2.08,,,0.3668668516187114,0.36198011999872853,juiced
2026_07_28,63301113,run_line,home,-181.0,1.5524861878453038,,,0.6632871465317336,0.6650828702814936,juiced
2026_07_28,63301113,run_line,away,149.0,2.49,,,0.33401285346826637,0.33491712971850635,juiced
2026_07_28,63301639,run_line,home,-200.0,1.5,,,0.6993134706325974,0.6914311554603494,juiced
2026_07_28,63301639,run_line,away,163.0,2.63,,,0.3120865293674026,0.30856884453965056,juiced
2026_07_28,63302033,run_line,home,114.0,2.14,,,0.4387450941877547,0.4376946270827561,juiced
2026_07_28,63302033,run_line,away,-138.0,1.7246376811594204,,,0.5636549058122453,0.5623053729172439,juiced
2026_07_28,63302085,run_line,home,-136.0,1.7352941176470589,,,0.7144821417868428,0.7078986840254065,juiced
2026_07_28,63302085,run_line,away,112.0,2.12,,,0.2948178582131572,0.29210131597459343,juiced
2026_07_28,63302319,run_line,home,-128.0,1.78125,,,0.6267223868861268,0.6215017720013157,juiced
2026_07_28,63302319,run_line,away,106.0,2.06,,,0.3816776131138732,0.37849822799868427,juiced
2026_07_28,63302645,run_line,home,-149.0,1.6711409395973154,,,0.6907141053583684,0.6851642747330309,juiced
2026_07_28,63302645,run_line,away,124.0,2.24,,,0.3173858946416315,0.31483572526696907,juiced
2026_07_28,63302651,run_line,home,114.0,2.14,,,0.4572332222861966,0.45613848991041167,juiced
2026_07_28,63302651,run_line,away,-138.0,1.7246376811594204,,,0.5451667777138034,0.5438615100895884,juiced
2026_07_28,63302757,run_line,home,124.0,2.24,,,0.3995196864529038,0.3961916763713842,juiced
2026_07_28,63302757,run_line,away,-151.0,1.6622516556291391,,,0.6088803135470962,0.6038083236286158,juiced
2026_07_28,63303463,run_line,home,-196.0,1.510204081632653,,,0.7520036543186495,0.7435274414857123,juiced
2026_07_28,63303463,run_line,away,161.0,2.6100000000000003,,,0.2593963456813505,0.25647255851428763,juiced
2026_07_28,63303491,run_line,home,-144.0,1.6944444444444444,,,0.6062918414272769,0.6012414135534281,juiced
2026_07_28,63303491,run_line,away,119.0,2.19,,,0.4021081585727231,0.3987585864465719,juiced
2026_07_29,63299311,run_line,home,-149.0,1.6711409395973154,,,0.6994155833419163,0.6937958370617164,juiced
2026_07_29,63299311,run_line,away,123.0,2.23,,,0.3086844166580836,0.3062041629382835,juiced
2026_07_29,63299405,run_line,home,123.0,2.23,,,0.3563009471130166,0.3536485827424482,juiced
2026_07_29,63299405,run_line,away,-149.0,1.6711409395973154,,,0.6511990528869834,0.6463514172575517,juiced
2026_07_29,63299457,run_line,home,158.0,2.58,,,0.3699145885198746,0.36585361341101236,juiced
2026_07_29,63299457,run_line,away,-196.0,1.510204081632653,,,0.6411854114801253,0.6341463865889876,juiced
2026_07_29,63300927,run_line,home,-149.0,1.6711409395973154,,,0.71980874704985,0.714025143388404,juiced
2026_07_29,63300927,run_line,away,123.0,2.23,,,0.28829125295015,0.2859748566115961,juiced
2026_07_29,63301049,run_line,home,-123.0,1.8130081300813008,,,0.6216717976979976,0.6164932543613623,juiced
2026_07_29,63301049,run_line,away,102.0,2.02,,,0.3867282023020024,0.38350674563863785,juiced
2026_07_29,63301415,run_line,home,131.0,2.31,,,0.4567563399425217,0.4526822001412505,juiced
2026_07_29,63301415,run_line,away,-158.0,1.6329113924050631,,,0.5522436600574783,0.5473177998587496,juiced
2026_07_29,63301649,run_line,home,-158.0,1.6329113924050631,,,0.6640891235443321,0.659341862136946,juiced
2026_07_29,63301649,run_line,away,131.0,2.31,,,0.34311087645566785,0.3406581378630538,juiced
2026_07_29,63301721,run_line,home,-169.0,1.5917159763313609,,,0.5983716050706648,0.5918025962522647,juiced
2026_07_29,63301721,run_line,away,138.0,2.38,,,0.4127283949293352,0.4081974037477354,juiced
2026_07_29,63302353,run_line,home,-188.0,1.5319148936170213,,,0.65113319880558,0.6480226898940884,juiced
2026_07_29,63302353,run_line,away,152.0,2.52,,,0.35366680119442,0.35197731010591166,juiced
2026_07_29,63302509,run_line,home,-163.0,1.6134969325153374,,,0.7308087543769126,0.722785831645646,juiced
2026_07_29,63302509,run_line,away,134.0,2.34,,,0.2802912456230874,0.2772141683543541,juiced
2026_07_29,63302583,run_line,home,144.0,2.44,,,0.4450425827327268,0.44371144838756404,juiced
2026_07_29,63302583,run_line,away,-175.0,1.5714285714285714,,,0.5579574172672732,0.5562885516124358,juiced
2026_07_29,63303073,run_line,home,-111.0,1.900900900900901,,,0.6971112999821524,0.6884369938595224,juiced
2026_07_29,63303073,run_line,away,-111.0,1.900900900900901,,,0.3154887000178476,0.3115630061404776,juiced
2026_07_29,63303621,run_line,home,-144.0,1.6944444444444444,,,0.6940605426525307,0.6882789990604232,juiced
2026_07_29,63303621,run_line,away,119.0,2.19,,,0.31433945734746926,0.31172100093957683,juiced
2026_07_29,63303745,run_line,home,119.0,2.19,,,0.3922247380471913,0.39093465369001423,juiced
2026_07_29,63303745,run_line,away,-144.0,1.6944444444444444,,,0.6110752619528087,0.6090653463099857,juiced
2026_07_29,63303849,run_line,home,152.0,2.52,,,0.41233985283107627,0.4113526065752956,juiced
2026_07_29,63303849,run_line,away,-188.0,1.5319148936170213,,,0.5900601471689237,0.5886473934247045,juiced
2026_07_30,63299173,run_line,home,-163.0,1.6134969325153374,,,0.6586290481351377,0.6513985245130429,juiced
2026_07_30,63299173,run_line,away,135.0,2.35,,,0.3524709518648623,0.34860147548695714,juiced
2026_07_30,63299403,run_line,home,135.0,2.35,,,0.456617943710527,0.44933865745968016,juiced
2026_07_30,63299403,run_line,away,-163.0,1.6134969325153374,,,0.559582056289473,0.5506613425403198,juiced
2026_07_30,63300963,run_line,home,168.0,2.68,,,0.2910241569704488,0.28697777040770023,juiced
2026_07_30,63300963,run_line,away,-208.0,1.4807692307692308,,,0.7230758430295512,0.7130222295922998,juiced
2026_07_30,63300985,run_line,home,-116.0,1.862068965517241,,,0.6112824782227231,0.6043924048079128,juiced
2026_07_30,63300985,run_line,away,-105.0,1.9523809523809523,,,0.4001175217772769,0.39560759519208705,juiced
2026_07_30,63301443,run_line,home,141.0,2.41,,,0.3895960334892145,0.3884307412654183,juiced
2026_07_30,63301443,run_line,away,-172.0,1.5813953488372094,,,0.6134039665107854,0.6115692587345818,juiced
2026_07_30,63302301,run_line,home,148.0,2.48,,,0.4048477698601525,0.4053341708651907,juiced
2026_07_30,63302301,run_line,away,-181.0,1.5524861878453038,,,0.5939522301398475,0.5946658291348093,juiced
2026_07_30,63302455,run_line,home,135.0,2.35,,,0.3881410141893621,0.3819533696018127,juiced
2026_07_30,63302455,run_line,away,-163.0,1.6134969325153374,,,0.6280589858106379,0.6180466303981873,juiced
2026_07_30,63302579,run_line,home,158.0,2.58,,,0.3819830421911578,0.3777895778767262,juiced
2026_07_30,63302579,run_line,away,-196.0,1.510204081632653,,,0.6291169578088421,0.6222104221232738,juiced
2026_07_30,63303269,run_line,home,-204.0,1.4901960784313726,,,0.6915455458055293,0.6837507868356033,juiced
2026_07_30,63303269,run_line,away,165.0,2.65,,,0.3198544541944707,0.3162492131643966,juiced
2026_07_30,63303665,run_line,home,-204.0,1.4901960784313726,,,0.6622257153105287,0.654761434952075,juiced
2026_07_30,63303665,run_line,away,166.0,2.66,,,0.3491742846894713,0.34523856504792494,juiced
2026_07_31,63299237,run_line,home,-156.0,1.641025641025641,,,0.6921889077479426,0.690945206376465,juiced
2026_07_31,63299237,run_line,away,127.0,2.27,,,0.3096110922520574,0.30905479362353505,juiced
2026_07_31,63299297,run_line,home,162.0,2.62,,,0.3388073696557838,0.33429439531897764,juiced
2026_07_31,63299297,run_line,away,-200.0,1.5,,,0.6746926303442161,0.6657056046810225,juiced
2026_07_31,63300867,run_line,home,-192.0,1.5208333333333337,,,0.8156589128769729,0.8103108611930985,juiced
2026_07_31,63300867,run_line,away,154.0,2.54,,,0.1909410871230271,0.18968913880690155,juiced
2026_07_31,63300989,run_line,home,-163.0,1.6134969325153374,,,0.711472114000563,0.7036614716650806,juiced
2026_07_31,63300989,run_line,away,134.0,2.34,,,0.299627885999437,0.29633852833491947,juiced
2026_07_31,63301539,run_line,home,114.0,2.14,,,0.3474308537617186,0.34659901612302335,juiced
2026_07_31,63301539,run_line,away,-138.0,1.7246376811594204,,,0.6549691462382814,0.6534009838769766,juiced
2026_07_31,63301595,run_line,home,124.0,2.24,,,0.3928908254378564,0.3899660798390634,juiced
2026_07_31,63301595,run_line,away,-149.0,1.6711409395973154,,,0.6146091745621436,0.6100339201609365,juiced
2026_07_31,63301603,run_line,home,159.0,2.59,,,0.3009844231194618,0.2976801731969754,juiced
2026_07_31,63301603,run_line,away,-196.0,1.510204081632653,,,0.7101155768805382,0.7023198268030246,juiced
2026_07_31,63301779,run_line,home,-116.0,1.862068965517241,,,0.5834962826871145,0.5769194015099016,juiced
2026_07_31,63301779,run_line,away,-105.0,1.9523809523809523,,,0.4279037173128855,0.4230805984900984,juiced
2026_07_31,63302131,run_line,home,146.0,2.46,,,0.3835625943887787,0.3824153483437474,juiced
2026_07_31,63302131,run_line,away,-178.0,1.5617977528089888,,,0.6194374056112213,0.6175846516562524,juiced
2026_07_31,63302395,run_line,home,133.0,2.33,,,0.3666607617303449,0.3608155498232089,juiced
2026_07_31,63302395,run_line,away,-161.0,1.62111801242236,,,0.6495392382696551,0.639184450176791,juiced
2026_07_31,63302705,run_line,home,159.0,2.59,,,0.3287833692160594,0.3251739384987236,juiced
2026_07_31,63302705,run_line,away,-196.0,1.510204081632653,,,0.6823166307839406,0.6748260615012764,juiced
2026_07_31,63302915,run_line,home,-116.0,1.862068965517241,,,0.6144551746546315,0.607529340176618,juiced
2026_07_31,63302915,run_line,away,-105.0,1.9523809523809523,,,0.3969448253453685,0.3924706598233819,juiced
2026_07_31,63303219,run_line,home,142.0,2.42,,,0.4228440078925465,0.42157927008229956,juiced
2026_07_31,63303219,run_line,away,-172.0,1.5813953488372094,,,0.5801559921074535,0.5784207299177003,juiced
2026_07_31,63303425,run_line,home,158.0,2.58,,,0.41367393487356957,0.4091325634196119,juiced
2026_07_31,63303425,run_line,away,-196.0,1.510204081632653,,,0.5974260651264304,0.5908674365803881,juiced
2026_07_31,63303511,run_line,home,144.0,2.44,,,0.3408145001583673,0.33979511481392555,juiced
2026_07_31,63303511,run_line,away,-175.0,1.5714285714285714,,,0.6621854998416327,0.6602048851860746,juiced
2026_08_01,63299357,run_line,home,144.0,2.44,,,0.35249559836977,0.35144127454613167,juiced
2026_08_01,63299357,run_line,away,-175.0,1.5714285714285714,,,0.6505044016302299,0.6485587254538684,juiced
2026_08_01,63300907,run_line,home,-163.0,1.6134969325153374,,,0.5909132237731539,0.5844260941283296,juiced
2026_08_01,63300907,run_line,away,134.0,2.34,,,0.4201867762268461,0.4155739058716706,juiced
2026_08_01,63301147,run_line,home,-156.0,1.641025641025641,,,0.7235004729838083,0.7222005120620965,juiced
2026_08_01,63301147,run_line,away,127.0,2.27,,,0.2782995270161917,0.2777994879379035,juiced
2026_08_01,63301167,run_line,home,-163.0,1.6134969325153374,,,0.692300201057642,0.6847000307166868,juiced
2026_08_01,63301167,run_line,away,135.0,2.35,,,0.318799798942358,0.3152999692833133,juiced
2026_08_01,63301233,run_line,home,-175.0,1.5714285714285714,,,0.7753850106245094,0.7774842180131449,juiced
2026_08_01,63301233,run_line,away,143.0,2.43,,,0.2219149893754906,0.2225157819868551,juiced
2026_08_01,63301661,run_line,home,-178.0,1.5617977528089888,,,0.7038882322783239,0.7057938757428295,juiced
2026_08_01,63301661,run_line,away,146.0,2.46,,,0.2934117677216761,0.29420612425717046,juiced
2026_08_01,63301679,run_line,home,154.0,2.54,,,0.3233616759384136,0.3225874660199657,juiced
2026_08_01,63301679,run_line,away,-188.0,1.5319148936170213,,,0.6790383240615864,0.6774125339800343,juiced
2026_08_01,63302015,run_line,home,-136.0,1.7352941176470589,,,0.6503983919530084,0.6444054215327537,juiced
2026_08_01,63302015,run_line,away,112.0,2.12,,,0.35890160804699156,0.3555945784672461,juiced
2026_08_01,63302105,run_line,home,129.0,2.29,,,0.3523176120494586,0.34938279655836835,juiced
2026_08_01,63302105,run_line,away,-158.0,1.6329113924050631,,,0.6560823879505414,0.6506172034416318,juiced
2026_08_01,63302117,run_line,home,108.0,2.08,,,0.4236041378249567,0.4202005136642761,juiced
2026_08_01,63302117,run_line,away,-131.0,1.763358778625954,,,0.5844958621750432,0.5797994863357239,juiced
2026_08_01,63302391,run_line,home,139.0,2.39,,,0.3874497037135399,0.3812730798204486,juiced
2026_08_01,63302391,run_line,away,-169.0,1.5917159763313609,,,0.6287502962864601,0.6187269201795513,juiced
2026_08_01,63302417,run_line,home,-144.0,1.6944444444444444,,,0.7084944581575351,0.7025926796484878,juiced
2026_08_01,63302417,run_line,away,119.0,2.19,,,0.2999055418424649,0.2974073203515122,juiced
2026_08_01,63303317,run_line,home,129.0,2.29,,,0.3961960334892145,0.3928957095291695,juiced
2026_08_01,63303317,run_line,away,-156.0,1.641025641025641,,,0.6122039665107855,0.6071042904708305,juiced
2026_08_01,63303555,run_line,home,118.0,2.18,,,0.3930017996044815,0.3917091593785323,juiced
2026_08_01,63303555,run_line,away,-142.0,1.704225352112676,,,0.6102982003955185,0.6082908406214677,juiced
2026_08_01,63303681,run_line,home,129.0,2.29,,,0.4408522456791623,0.4371799342316168,juiced
2026_08_01,63303681,run_line,away,-156.0,1.641025641025641,,,0.5675477543208377,0.5628200657683833,juiced
2026_08_02,63299353,run_line,home,159.0,2.59,,,0.4201424920848948,0.4155301078873453,juiced
2026_08_02,63299353,run_line,away,-196.0,1.510204081632653,,,0.5909575079151052,0.5844698921126548,juiced
2026_08_02,63301071,run_line,home,-163.0,1.6134969325153374,,,0.6636344179702239,0.6563489446842291,juiced
2026_08_02,63301071,run_line,away,135.0,2.35,,,0.34746558202977607,0.34365105531577106,juiced
2026_08_02,63301149,run_line,home,141.0,2.41,,,0.3418191858527097,0.3407967954663108,juiced
2026_08_02,63301149,run_line,away,-172.0,1.5813953488372094,,,0.6611808141472902,0.6592032045336892,juiced
2026_08_02,63301169,run_line,home,120.0,2.2,,,0.4502307157869632,0.44687912236919425,juiced
2026_08_02,63301169,run_line,away,-144.0,1.6944444444444444,,,0.5572692842130368,0.5531208776308058,juiced
2026_08_02,63301671,run_line,home,-149.0,1.6711409395973154,,,0.7018049793719016,0.6961660344925122,juiced
2026_08_02,63301671,run_line,away,124.0,2.24,,,0.30629502062809844,0.3038339655074878,juiced
2026_08_02,63301795,run_line,home,-181.0,1.5524861878453038,,,0.7082810362369731,0.7101985723824057,juiced
2026_08_02,63301795,run_line,away,149.0,2.49,,,0.28901896376302677,0.2898014276175943,juiced
2026_08_02,63301809,run_line,home,156.0,2.56,,,0.3795817030596732,0.37541460098869867,juiced
2026_08_02,63301809,run_line,away,-192.0,1.5208333333333337,,,0.6315182969403267,0.6245853990113013,juiced
2026_08_02,63301987,run_line,home,-172.0,1.5813953488372094,,,0.774959097147184,0.7770571514561156,juiced
2026_08_02,63301987,run_line,away,141.0,2.41,,,0.22234090285281588,0.2229428485438844,juiced
2026_08_02,63302101,run_line,home,112.0,2.12,,,0.590508510751844,0.5890946835114166,juiced
2026_08_02,63302101,run_line,away,-136.0,1.7352941176470589,,,0.411891489248156,0.4109053164885834,juiced
2026_08_02,63302733,run_line,home,143.0,2.43,,,0.3764254257747645,0.375299527193185,juiced
2026_08_02,63302733,run_line,away,-175.0,1.5714285714285714,,,0.6265745742252354,0.6247004728068151,juiced
2026_08_02,63302823,run_line,home,144.0,2.44,,,0.3934377125102368,0.3922609297210736,juiced
2026_08_02,63302823,run_line,away,-175.0,1.5714285714285714,,,0.6095622874897632,0.6077390702789265,juiced
2026_08_02,63303081,run_line,home,162.0,2.62,,,0.328488356196969,0.32411283295211546,juiced
2026_08_02,63303081,run_line,away,-200.0,1.5,,,0.6850116438030309,0.6758871670478845,juiced
2026_08_02,63303213,run_line,home,-192.0,1.5208333333333337,,,0.7520036543186495,0.7470729726988372,juiced
2026_08_02,63303213,run_line,away,158.0,2.58,,,0.25459634568135053,0.2529270273011629,juiced
2026_08_02,63303603,run_line,home,-166.0,1.6024096385542168,,,0.70837634744319,0.7005996908744833,juiced
2026_08_02,63303603,run_line,away,136.0,2.3600000000000003,,,0.30272365255681,0.2994003091255168,juiced
2026_08_02,63303653,run_line,home,134.0,2.34,,,0.3057191733219285,0.3008454766009924,juiced
2026_08_02,63303653,run_line,away,-163.0,1.6134969325153374,,,0.7104808266780714,0.6991545233990075,juiced
2026_08_03,63299229,run_line,home,-105.0,1.9523809523809523,,,0.5388213345326804,0.5322743599058386,juiced
2026_08_03,63299229,run_line,away,-114.0,1.8771929824561404,,,0.47347866546731954,0.46772564009416134,juiced
2026_08_03,63300865,run_line,home,139.0,2.39,,,0.4021689879866915,0.3957577130355161,juiced
2026_08_03,63300865,run_line,away,-169.0,1.5917159763313609,,,0.6140310120133085,0.6042422869644838,juiced
2026_08_03,63301673,run_line,home,-196.0,1.510204081632653,,,0.7061621427154208,0.7015320313087828,juiced
2026_08_03,63301673,run_line,away,159.0,2.59,,,0.30043785728457917,0.29846796869121717,juiced
2026_08_03,63302147,run_line,home,169.0,2.69,,,0.25141075561075177,0.24791515196800293,juiced
2026_08_03,63302147,run_line,away,-208.0,1.4807692307692308,,,0.7626892443892481,0.7520848480319969,juiced
2026_08_03,63302355,run_line,home,-163.0,1.6134969325153374,,,0.6278974749633315,0.6210043269343601,juiced
2026_08_03,63302355,run_line,away,134.0,2.34,,,0.3832025250366685,0.37899567306563997,juiced
2026_08_03,63303271,run_line,home,149.0,2.49,,,0.3060516361813774,0.3064193393886438,juiced
2026_08_03,63303271,run_line,away,-181.0,1.5524861878453038,,,0.6927483638186226,0.6935806606113563,juiced
2026_08_04,63299265,run_line,home,159.0,2.59,,,0.36072940456908337,0.3567692657195959,juiced
2026_08_04,63299265,run_line,away,-196.0,1.510204081632653,,,0.6503705954309166,0.6432307342804041,juiced
2026_08_04,63299399,run_line,home,-133.0,1.7518796992481205,,,0.6165323614287412,0.6083200408769031,juiced
2026_08_04,63299399,run_line,away,108.0,2.08,,,0.3969676385712587,0.3916799591230969,juiced
2026_08_04,63299443,run_line,home,-123.0,1.8130081300813008,,,0.5176076505057727,0.5132959644047727,juiced
2026_08_04,63299443,run_line,away,100.0,2.0,,,0.49079234949422723,0.48670403559522735,juiced
2026_08_04,63301237,run_line,home,-126.0,1.7936507936507935,,,0.599576273272861,0.5945817862682081,juiced
2026_08_04,63301237,run_line,away,104.0,2.04,,,0.408823726727139,0.405418213731792,juiced
2026_08_04,63301281,run_line,home,119.0,2.19,,,0.4336122756094199,0.43218606160611966,juiced
2026_08_04,63301281,run_line,away,-144.0,1.6944444444444444,,,0.5696877243905801,0.5678139383938803,juiced
2026_08_04,63301567,run_line,home,150.0,2.5,,,0.3854502090353197,0.384527343411133,juiced
2026_08_04,63301567,run_line,away,-185.0,1.5405405405405406,,,0.6169497909646803,0.6154726565888671,juiced
2026_08_04,63301705,run_line,home,156.0,2.56,,,0.3394735252914984,0.33574673651616893,juiced
2026_08_04,63301705,run_line,away,-192.0,1.5208333333333337,,,0.6716264747085016,0.6642532634838311,juiced
2026_08_04,63301833,run_line,home,136.0,2.3600000000000003,,,0.4186075738614355,0.41193423918661237,juiced
2026_08_04,63301833,run_line,away,-166.0,1.6024096385542168,,,0.5975924261385644,0.5880657608133876,juiced
2026_08_04,63302573,run_line,home,136.0,2.3600000000000003,,,0.4294229368659247,0.42257718644550746,juiced
2026_08_04,63302573,run_line,away,-166.0,1.6024096385542168,,,0.5867770631340753,0.5774228135544925,juiced
2026_08_04,63302913,run_line,home,104.0,2.04,,,0.5338032473446672,0.528884620375178,juiced
2026_08_04,63302913,run_line,away,-126.0,1.7936507936507935,,,0.47549675265533276,0.47111537962482186,juiced
2026_08_04,63303113,run_line,home,159.0,2.59,,,0.38248669149244807,0.37828769804415796,juiced
2026_08_04,63303113,run_line,away,-196.0,1.510204081632653,,,0.6286133085075518,0.621712301955842,juiced
2026_08_04,63303169,run_line,home,139.0,2.39,,,0.4254451134422942,0.41866277646358413,juiced
2026_08_04,63303169,run_line,away,-169.0,1.5917159763313609,,,0.5907548865577058,0.5813372235364159,juiced
2026_08_04,63303209,run_line,home,139.0,2.39,,,0.4023874299816151,0.39597267268413217,juiced
2026_08_04,63303209,run_line,away,-169.0,1.5917159763313609,,,0.6138125700183849,0.6040273273158678,juiced
2026_08_04,63303775,run_line,home,144.0,2.44,,,0.3667288432943465,0.3656319474519905,juiced
2026_08_04,63303775,run_line,away,-175.0,1.5714285714285714,,,0.6362711567056535,0.6343680525480094,juiced
2026_08_04,63303871,run_line,home,104.0,2.04,,,0.4383739051657223,0.43433459344666825,juiced
2026_08_04,63303871,run_line,away,-125.0,1.8,,,0.5709260948342777,0.5656654065533316,juiced
2026_08_05,63300955,run_line,home,-156.0,1.641025641025641,,,0.6714783762563273,0.6702718868599794,juiced
2026_08_05,63300955,run_line,away,129.0,2.29,,,0.3303216237436727,0.32972811314002065,juiced
2026_08_05,63301505,run_line,home,-192.0,1.5208333333333337,,,0.7201964001771906,0.7154742699952221,juiced
2026_08_05,63301505,run_line,away,158.0,2.58,,,0.2864035998228094,0.2845257300047779,juiced
2026_08_05,63301735,run_line,home,136.0,2.3600000000000003,,,0.3953032992917061,0.38900147539038193,juiced
2026_08_05,63301735,run_line,away,-166.0,1.6024096385542168,,,0.6208967007082938,0.610998524609618,juiced
2026_08_05,63302129,run_line,home,129.0,2.29,,,0.3799017071264888,0.37673711535748594,juiced
2026_08_05,63302129,run_line,away,-156.0,1.641025641025641,,,0.6284982928735112,0.6232628846425141,juiced
2026_08_05,63302215,run_line,home,163.0,2.63,,,0.3796567520301981,0.37459965666521766,juiced
2026_08_05,63302215,run_line,away,-200.0,1.5,,,0.6338432479698018,0.6254003433347822,juiced
2026_08_05,63302307,run_line,home,104.0,2.04,,,0.4699666121512631,0.46563619553280794,juiced
2026_08_05,63302307,run_line,away,-128.0,1.78125,,,0.5393333878487369,0.5343638044671919,juiced
2026_08_05,63302777,run_line,home,158.0,2.58,,,0.3548968875370239,0.3510007788913302,juiced
2026_08_05,63302777,run_line,away,-196.0,1.510204081632653,,,0.656203112462976,0.6489992211086698,juiced
2026_08_05,63303153,run_line,home,129.0,2.29,,,0.4210098553948196,0.4175028316093015,juiced
2026_08_05,63303153,run_line,away,-156.0,1.641025641025641,,,0.5873901446051804,0.5824971683906985,juiced
2026_08_05,63303529,run_line,home,161.0,2.6100000000000003,,,0.38245231240577193,0.37735797968009066,juiced
2026_08_05,63303529,run_line,away,-196.0,1.510204081632653,,,0.631047687594228,0.6226420203199092,juiced
2026_08_05,63303659,run_line,home,-200.0,1.5,,,0.7075643881867411,0.6995890727573076,juiced
2026_08_05,63303659,run_line,away,161.0,2.6100000000000003,,,0.3038356118132589,0.3004109272426922,juiced
2026_08_05,63303799,run_line,home,152.0,2.52,,,0.36080934207103577,0.3599454729359894,juiced
2026_08_05,63303799,run_line,away,-188.0,1.5319148936170213,,,0.6415906579289642,0.6400545270640106,juiced
2026_08_06,63303629,run_line,home,-181.0,1.5524861878453038,,,0.7334398526358138,0.7354255014898364,juiced
2026_08_06,63303629,run_line,away,149.0,2.49,,,0.26386014736418617,0.2645744985101636,juiced
2026_08_07,63299197,run_line,home,-166.0,1.6024096385542168,,,0.6190838513941154,0.6122874605816591,juiced
2026_08_07,63299197,run_line,away,136.0,2.3600000000000003,,,0.39201614860588463,0.3877125394183411,juiced
2026_08_07,63302281,run_line,home,-109.0,1.9174311926605505,,,0.5648797527660716,0.5580161540709984,juiced
2026_08_07,63302281,run_line,away,-111.0,1.900900900900901,,,0.4474202472339283,0.4419838459290016,juiced
2026_08_07,63303359,run_line,home,-217.0,1.4608294930875576,,,0.7237964443466695,0.7156381692175889,juiced
2026_08_07,63303359,run_line,away,174.0,2.74,,,0.2876035556533305,0.284361830782411,juiced
2026_08_07,63303527,run_line,home,163.0,2.63,,,0.3477913962486761,0.3431587530820682,juiced
2026_08_07,63303527,run_line,away,-200.0,1.5,,,0.6657086037513238,0.6568412469179318,juiced
2026_08_08,63301523,run_line,home,-212.0,1.4716981132075473,,,0.7125800784814683,0.7045482286745781,juiced
2026_08_08,63301523,run_line,away,173.0,2.73,,,0.2988199215185317,0.2954517713254219,juiced
2026_08_09,63302019,run_line,home,158.0,2.58,,,0.3762030887271778,0.37207307756619307,juiced
2026_08_09,63302019,run_line,away,-196.0,1.510204081632653,,,0.6348969112728221,0.6279269224338069,juiced
2026_08_10,63301611,run_line,home,118.0,2.18,,,0.4631066954769587,0.4615834700258734,juiced
2026_08_10,63301611,run_line,away,-142.0,1.704225352112676,,,0.5401933045230413,0.5384165299741267,juiced
2026_08_10,63301633,run_line,home,-126.0,1.7936507936507935,,,0.618768862175173,0.6136145003720478,juiced
2026_08_10,63301633,run_line,away,104.0,2.04,,,0.389631137824827,0.3863854996279522,juiced
2026_08_10,63301787,run_line,home,-120.0,1.8333333333333333,,,0.5849404527028678,0.5802405046154824,juiced
2026_08_10,63301787,run_line,away,100.0,2.0,,,0.42315954729713223,0.4197594953845176,juiced
2026_08_10,63302511,run_line,home,-188.0,1.5319148936170213,,,0.6679738649715705,0.6647829070178848,juiced
2026_08_10,63302511,run_line,away,154.0,2.54,,,0.3368261350284294,0.3352170929821153,juiced
2026_08_10,63302689,run_line,home,-144.0,1.6944444444444444,,,0.6214343720176876,0.6164411983113656,juiced
2026_08_10,63302689,run_line,away,120.0,2.2,,,0.3866656279823124,0.3835588016886345,juiced
2026_08_10,63303747,run_line,home,-169.0,1.5917159763313609,,,0.6836473894199347,0.6761422108791759,juiced
2026_08_10,63303747,run_line,away,138.0,2.38,,,0.32745261058006525,0.32385778912082414,juiced
2026_08_11,63299331,run_line,home,-120.0,1.8333333333333333,,,0.5715789258064387,0.566986336480943,juiced
2026_08_11,63299331,run_line,away,100.0,2.0,,,0.4365210741935614,0.433013663519057,juiced
2026_08_11,63299389,run_line,home,-120.0,1.8333333333333333,,,0.5603344997726324,0.5558322584789529,juiced
2026_08_11,63299389,run_line,away,100.0,2.0,,,0.4477655002273676,0.44416774152104715,juiced
2026_08_11,63300869,run_line,home,-136.0,1.7352941176470589,,,0.6268928673243592,0.621116484022946,juiced
2026_08_11,63300869,run_line,away,112.0,2.12,,,0.3824071326756407,0.37888351597705416,juiced
2026_08_11,63301047,run_line,home,-105.0,1.9523809523809523,,,0.5011969674831256,0.49510714954373763,juiced
2026_08_11,63301047,run_line,away,-116.0,1.862068965517241,,,0.5111030325168744,0.5048928504562624,juiced
2026_08_11,63301205,run_line,home,-188.0,1.5319148936170213,,,0.7097982381634769,0.7064074822486832,juiced
2026_08_11,63301205,run_line,away,154.0,2.54,,,0.2950017618365231,0.2935925177513168,juiced
2026_08_11,63301259,run_line,home,-149.0,1.6711409395973154,,,0.5974693012935922,0.5926686849455334,juiced
2026_08_11,63301259,run_line,away,123.0,2.23,,,0.4106306987064077,0.40733131505446657,juiced
2026_08_11,63301515,run_line,home,154.0,2.54,,,0.373753020505198,0.37285816091899243,juiced
2026_08_11,63301515,run_line,away,-188.0,1.5319148936170213,,,0.628646979494802,0.6271418390810076,juiced
2026_08_11,63301963,run_line,home,143.0,2.43,,,0.3820964258198136,0.3809535651244403,juiced
2026_08_11,63301963,run_line,away,-175.0,1.5714285714285714,,,0.6209035741801864,0.6190464348755597,juiced
2026_08_11,63302181,run_line,home,129.0,2.29,,,0.4202848394201036,0.4167838550377862,juiced
2026_08_11,63302181,run_line,away,-158.0,1.6329113924050631,,,0.5881151605798964,0.5832161449622139,juiced
2026_08_11,63302765,run_line,home,-120.0,1.8333333333333333,,,0.5600115013728572,0.5536993290220062,juiced
2026_08_11,63302765,run_line,away,-101.0,1.99009900990099,,,0.45138849862714286,0.4463006709779937,juiced
2026_08_11,63303059,run_line,home,112.0,2.12,,,0.4590781192176201,0.4579789696903632,juiced
2026_08_11,63303059,run_line,away,-136.0,1.7352941176470589,,,0.5433218807823799,0.5420210303096368,juiced
2026_08_12,63299167,run_line,home,-156.0,1.641025641025641,,,0.6683857574422115,0.6671848247576477,juiced
2026_08_12,63299167,run_line,away,127.0,2.27,,,0.3334142425577885,0.33281517524235227,juiced
2026_08_12,63301615,run_line,home,-105.0,1.9523809523809523,,,0.5312597978665448,0.5248047000558578,juiced
2026_08_12,63301615,run_line,away,-116.0,1.862068965517241,,,0.4810402021334552,0.4751952999441423,juiced
2026_08_13,63301163,run_line,home,-131.0,1.763358778625954,,,0.6160855440837901,0.6078791752183424,juiced
2026_08_13,63301163,run_line,away,108.0,2.08,,,0.39741445591620983,0.39212082478165744,juiced
2026_08_13,63303245,run_line,home,144.0,2.44,,,0.4117834187438289,0.41055176345346855,juiced
2026_08_13,63303245,run_line,away,-175.0,1.5714285714285714,,,0.591216581256171,0.5894482365465316,juiced
2026_08_14,63300961,run_line,home,114.0,2.14,,,0.4812680387078454,0.48011576088172925,juiced
2026_08_14,63300961,run_line,away,-138.0,1.7246376811594204,,,0.5211319612921546,0.5198842391182708,juiced
2026_08_14,63302073,run_line,home,159.0,2.59,,,0.3774296186056093,0.3732861424246952,juiced
2026_08_14,63302073,run_line,away,-196.0,1.510204081632653,,,0.6336703813943906,0.6267138575753047,juiced
2026_08_14,63302243,run_line,home,-181.0,1.5524861878453038,,,0.6715445315213766,0.6733626105699155,juiced
2026_08_14,63302243,run_line,away,149.0,2.49,,,0.3257554684786233,0.3266373894300846,juiced
2026_08_14,63302969,run_line,home,-178.0,1.5617977528089888,,,0.6706266863425865,0.6724422804999364,juiced
2026_08_14,63302969,run_line,away,146.0,2.46,,,0.3266733136574135,0.3275577195000637,juiced
2026_08_15,63300993,run_line,home,-144.0,1.6944444444444444,,,0.657010976165101,0.65153805649058,juiced
2026_08_15,63300993,run_line,away,119.0,2.19,,,0.351389023834899,0.3484619435094199,juiced
2026_08_15,63301263,run_line,home,135.0,2.35,,,0.3996296240303023,0.3932588309686108,juiced
2026_08_15,63301263,run_line,away,-163.0,1.6134969325153374,,,0.6165703759696977,0.6067411690313892,juiced
2026_08_16,63303001,run_line,home,152.0,2.52,,,0.3560967166104991,0.3552441306968267,juiced
2026_08_16,63303001,run_line,away,-188.0,1.5319148936170213,,,0.6463032833895009,0.6447558693031733,juiced
2026_08_17,63301243,run_line,home,-113.0,1.8849557522123892,,,0.46890624538112907,0.4636209663645729,juiced
2026_08_17,63301243,run_line,away,-106.0,1.9433962264150944,,,0.542493754618871,0.536379033635427,juiced
2026_08_17,63301899,run_line,home,-169.0,1.5917159763313609,,,0.7628884505182562,0.7545133523076414,juiced
2026_08_17,63301899,run_line,away,139.0,2.39,,,0.2482115494817438,0.24548664769235864,juiced
2026_08_17,63302053,run_line,home,-204.0,1.4901960784313726,,,0.8091682732499009,0.8000477291377309,juiced
2026_08_17,63302053,run_line,away,167.0,2.67,,,0.20223172675009898,0.19995227086226913,juiced
2026_08_17,63302235,run_line,home,135.0,2.35,,,0.3904310656736403,0.38420691367215143,juiced
2026_08_17,63302235,run_line,away,-163.0,1.6134969325153374,,,0.6257689343263597,0.6157930863278486,juiced
2026_08_17,63302473,run_line,home,100.0,2.0,,,0.4485912074371194,0.4406593393291939,juiced
2026_08_17,63302473,run_line,away,-120.0,1.8333333333333333,,,0.5694087925628806,0.559340660670806,juiced
2026_08_17,63302751,run_line,home,139.0,2.39,,,0.4864062821003855,0.4786521177921526,juiced
2026_08_17,63302751,run_line,away,-169.0,1.5917159763313609,,,0.5297937178996145,0.5213478822078473,juiced
2026_08_17,63302815,run_line,home,135.0,2.35,,,0.44021651844823817,0.4331986995160777,juiced
2026_08_17,63302815,run_line,away,-163.0,1.6134969325153374,,,0.5759834815517618,0.5668013004839223,juiced
2026_08_17,63303451,run_line,home,-156.0,1.641025641025641,,,0.5552065880253823,0.5542090118041348,juiced
2026_08_17,63303451,run_line,away,127.0,2.27,,,0.4465934119746177,0.44579098819586516,juiced
2026_08_17,63303579,run_line,home,123.0,2.23,,,0.4291092919798638,0.42591493000482766,juiced
2026_08_17,63303579,run_line,away,-149.0,1.6711409395973154,,,0.5783907080201361,0.5740850699951724,juiced
2026_08_18,63299131,run_line,home,-116.0,1.862068965517241,,,0.4781308568647591,0.47274160259517406,juiced
2026_08_18,63299131,run_line,away,-104.0,1.9615384615384617,,,0.5332691431352409,0.5272583974048258,juiced
2026_08_18,63299303,run_line,home,119.0,2.19,,,0.3212009661720264,0.3201444893571479,juiced
2026_08_18,63299303,run_line,away,-144.0,1.6944444444444444,,,0.6820990338279735,0.6798555106428522,juiced
2026_08_18,63300863,run_line,home,-158.0,1.6329113924050631,,,0.5661990827622033,0.5651817556021195,juiced
2026_08_18,63300863,run_line,away,129.0,2.29,,,0.4356009172377967,0.4348182443978805,juiced
2026_08_18,63301115,run_line,home,-163.0,1.6134969325153374,,,0.7017993130808184,0.6940948601333384,juiced
2026_08_18,63301115,run_line,away,135.0,2.35,,,0.30930068691918156,0.3059051398666616,juiced
2026_08_18,63301273,run_line,home,135.0,2.35,,,0.3287159781552443,0.3234756722645584,juiced
2026_08_18,63301273,run_line,away,-163.0,1.6134969325153374,,,0.6874840218447557,0.6765243277354415,juiced
2026_08_18,63301327,run_line,home,144.0,2.44,,,0.4642860752892084,0.46289738313978895,juiced
2026_08_18,63301327,run_line,away,-175.0,1.5714285714285714,,,0.5387139247107916,0.5371026168602109,juiced
2026_08_18,63301807,run_line,home,-172.0,1.5813953488372094,,,0.6925889555872797,0.6944640084099868,juiced
2026_08_18,63301807,run_line,away,141.0,2.41,,,0.3047110444127202,0.30553599159001327,juiced
2026_08_18,63302055,run_line,home,152.0,2.52,,,0.3718246161298013,0.3709343736330819,juiced
2026_08_18,63302055,run_line,away,-188.0,1.5319148936170213,,,0.6305753838701987,0.6290656263669182,juiced
2026_08_18,63302601,run_line,home,144.0,2.44,,,0.33783809219346,0.33682760936536393,juiced
2026_08_18,63302601,run_line,away,-175.0,1.5714285714285714,,,0.6651619078065399,0.6631723906346361,juiced
2026_08_18,63302785,run_line,home,104.0,2.04,,,0.4880934710126294,0.48359602795266965,juiced
2026_08_18,63302785,run_line,away,-125.0,1.8,,,0.5212065289873705,0.5164039720473305,juiced
2026_08_18,63302835,run_line,home,139.0,2.39,,,0.4132059502798239,0.40661872690397943,juiced
2026_08_18,63302835,run_line,away,-169.0,1.5917159763313609,,,0.6029940497201761,0.5933812730960206,juiced
2026_08_18,63303147,run_line,home,124.0,2.24,,,0.4746700727977811,0.47113654868266114,juiced
2026_08_18,63303147,run_line,away,-149.0,1.6711409395973154,,,0.5328299272022189,0.5288634513173388,juiced
2026_08_18,63303353,run_line,home,-175.0,1.5714285714285714,,,0.6741463926856159,0.6759715157782172,juiced
2026_08_18,63303353,run_line,away,143.0,2.43,,,0.323153607314384,0.3240284842217828,juiced
2026_08_18,63303355,run_line,home,127.0,2.27,,,0.4263860997966522,0.42283429174598597,juiced
2026_08_18,63303355,run_line,away,-156.0,1.641025641025641,,,0.5820139002033478,0.577165708254014,juiced
2026_08_18,63303381,run_line,home,112.0,2.12,,,0.5199591614130554,0.5187142472197281,juiced
2026_08_18,63303381,run_line,away,-136.0,1.7352941176470589,,,0.4824408385869445,0.48128575278027186,juiced
2026_08_19,63299381,run_line,home,-175.0,1.5714285714285714,,,0.6655922308077866,0.6673941951346503,juiced
2026_08_19,63299381,run_line,away,144.0,2.44,,,0.3317077691922133,0.3326058048653498,juiced
2026_08_19,63300969,run_line,home,104.0,2.04,,,0.4978394832237554,0.4932522374157885,juiced
2026_08_19,63300969,run_line,away,-128.0,1.78125,,,0.5114605167762446,0.5067477625842114,juiced
2026_08_19,63301001,run_line,home,159.0,2.59,,,0.3706430600673218,0.3665740876939193,juiced
2026_08_19,63301001,run_line,away,-196.0,1.510204081632653,,,0.6404569399326782,0.6334259123060807,juiced
2026_08_19,63301215,run_line,home,-158.0,1.6329113924050631,,,0.6663785014775944,0.6651811753619429,juiced
2026_08_19,63301215,run_line,away,129.0,2.29,,,0.3354214985224056,0.33481882463805707,juiced
2026_08_19,63301245,run_line,home,149.0,2.49,,,0.4464690278646093,0.4470054343858723,juiced
2026_08_19,63301245,run_line,away,-181.0,1.5524861878453038,,,0.5523309721353907,0.5529945656141276,juiced
2026_08_19,63301957,run_line,home,-163.0,1.6134969325153374,,,0.6860006368531467,0.6784696240264532,juiced
2026_08_19,63301957,run_line,away,135.0,2.35,,,0.3250993631468533,0.32153037597354694,juiced
2026_08_19,63302179,run_line,home,102.0,2.02,,,0.5589656276310914,0.553815146766166,juiced
2026_08_19,63302179,run_line,away,-125.0,1.8,,,0.45033437236890855,0.44618485323383394,juiced
2026_08_19,63302593,run_line,home,154.0,2.54,,,0.3178135527174405,0.3170526264140468,juiced
2026_08_19,63302593,run_line,away,-188.0,1.5319148936170213,,,0.6845864472825595,0.6829473735859533,juiced
2026_08_19,63302703,run_line,home,143.0,2.43,,,0.4678715262335129,0.46647210990380145,juiced
2026_08_19,63302703,run_line,away,-175.0,1.5714285714285714,,,0.5351284737664871,0.5335278900961984,juiced
2026_08_19,63302727,run_line,home,144.0,2.44,,,0.4230033740477925,0.4217381595690853,juiced
2026_08_19,63302727,run_line,away,-175.0,1.5714285714285714,,,0.5799966259522075,0.5782618404309148,juiced
2026_08_19,63302843,run_line,home,112.0,2.12,,,0.4939242536245878,0.4927416736079288,juiced
2026_08_19,63302843,run_line,away,-136.0,1.7352941176470589,,,0.5084757463754122,0.5072583263920712,juiced
2026_08_19,63303379,run_line,home,129.0,2.29,,,0.3469876108102188,0.34409719437744823,juiced
2026_08_19,63303379,run_line,away,-158.0,1.6329113924050631,,,0.6614123891897812,0.6559028056225518,juiced
2026_08_19,63303693,run_line,home,170.0,2.7,,,0.31293500088597387,0.31116138101419294,juiced
2026_08_19,63303693,run_line,away,-208.0,1.4807692307692308,,,0.6927649991140261,0.688838618985807,juiced
2026_08_19,63303707,run_line,home,159.0,2.59,,,0.3309586179106509,0.32732530700291856,juiced
2026_08_19,63303707,run_line,away,-196.0,1.510204081632653,,,0.680141382089349,0.6726746929970815,juiced
2026_08_19,63303821,run_line,home,138.0,2.38,,,0.4619061012609181,0.4545425125574868,juiced
2026_08_19,63303821,run_line,away,-169.0,1.5917159763313609,,,0.5542938987390819,0.5454574874425131,juiced
2026_08_20,63301033,run_line,home,114.0,2.14,,,0.5298430772102491,0.5285744984140555,juiced
2026_08_20,63301033,run_line,away,-138.0,1.7246376811594204,,,0.4725569227897508,0.47142550158594454,juiced
2026_08_20,63301223,run_line,home,114.0,2.14,,,0.4598510375308773,0.4587500374410189,juiced
2026_08_20,63301223,run_line,away,-138.0,1.7246376811594204,,,0.5425489624691227,0.5412499625589812,juiced
2026_08_20,63301385,run_line,home,149.0,2.49,,,0.4256944910268676,0.4262059381526508,juiced
2026_08_20,63301385,run_line,away,-181.0,1.5524861878453038,,,0.5731055089731324,0.5737940618473492,juiced
2026_08_20,63301479,run_line,home,131.0,2.31,,,0.3670070564192904,0.36373345532139784,juiced
2026_08_20,63301479,run_line,away,-158.0,1.6329113924050631,,,0.6419929435807096,0.6362665446786022,juiced
2026_08_20,63302693,run_line,home,129.0,2.29,,,0.4206089605438914,0.4171052762236131,juiced
2026_08_20,63302693,run_line,away,-158.0,1.6329113924050631,,,0.5877910394561086,0.582894723776387,juiced
2026_08_20,63302821,run_line,home,169.0,2.69,,,0.4178896499530627,0.4120793313805963,juiced
2026_08_20,63302821,run_line,away,-208.0,1.4807692307692308,,,0.5962103500469372,0.5879206686194036,juiced
2026_08_20,63303533,run_line,home,-163.0,1.6134969325153374,,,0.6616126006267203,0.6543493231398678,juiced
2026_08_20,63303533,run_line,away,135.0,2.35,,,0.34948739937327966,0.34565067686013223,juiced
2026_08_20,63303811,run_line,home,-169.0,1.5917159763313609,,,0.6660972591041076,0.658784748396902,juiced
2026_08_20,63303811,run_line,away,137.0,2.37,,,0.34500274089589245,0.34121525160309807,juiced
2026_08_20,72054254,run_line,home,-185.0,1.5405405405405406,,,0.6508533554197382,0.6477441833397076,juiced
2026_08_20,72054254,run_line,away,152.0,2.52,,,0.3539466445802617,0.3522558166602923,juiced
2026_08_21,63302031,run_line,home,144.0,2.44,,,0.3957025911270089,0.39451903402493405,juiced
2026_08_21,63302031,run_line,away,-175.0,1.5714285714285714,,,0.6072974088729911,0.6054809659750658,juiced
2026_08_21,63302063,run_line,home,-105.0,1.9523809523809523,,,0.5540913208553083,0.5473588075227782,juiced
2026_08_21,63302063,run_line,away,-114.0,1.8771929824561404,,,0.4582086791446916,0.4526411924772218,juiced
2026_08_21,63303839,run_line,home,-200.0,1.5,,,0.6969121641670434,0.6890569153322557,juiced
2026_08_21,63303839,run_line,away,161.0,2.6100000000000003,,,0.31448783583295664,0.31094308466774434,juiced
2026_08_22,63301161,run_line,home,-126.0,1.7936507936507935,,,0.5903365388694227,0.5854190191089079,juiced
2026_08_22,63301161,run_line,away,104.0,2.04,,,0.4180634611305773,0.41458098089109213,juiced
2026_08_22,63301517,run_line,home,135.0,2.35,,,0.4405836911955518,0.4335600188895412,juiced
2026_08_22,63301517,run_line,away,-163.0,1.6134969325153374,,,0.5756163088044481,0.5664399811104587,juiced
2026_08_22,63302075,run_line,home,124.0,2.24,,,0.4719811095625597,0.46846760254348363,juiced
2026_08_22,63302075,run_line,away,-149.0,1.6711409395973154,,,0.5355188904374403,0.5315323974565165,juiced
2026_08_23,63299359,run_line,home,-188.0,1.5319148936170213,,,0.6761475816591149,0.672917577288132,juiced
2026_08_23,63299359,run_line,away,152.0,2.52,,,0.328652418340885,0.32708242271186805,juiced
2026_08_23,63299409,run_line,home,-131.0,1.763358778625954,,,0.5090277866034497,0.5022474460813514,juiced
2026_08_23,63299409,run_line,away,108.0,2.08,,,0.5044722133965502,0.4977525539186485,juiced
2026_08_23,63299423,run_line,home,-185.0,1.5405405405405406,,,0.6644068636073897,0.6612329454691378,juiced
2026_08_23,63299423,run_line,away,152.0,2.52,,,0.3403931363926103,0.3387670545308622,juiced
2026_08_23,63299459,run_line,home,-111.0,1.900900900900901,,,0.57593762783922,0.56877111183016,juiced
2026_08_23,63299459,run_line,away,-111.0,1.900900900900901,,,0.43666237216078,0.43122888816984006,juiced
2026_08_23,63300975,run_line,home,-111.0,1.900900900900901,,,0.4499852418845823,0.44438597855479195,juiced
2026_08_23,63300975,run_line,away,-111.0,1.900900900900901,,,0.5626147581154177,0.5556140214452081,juiced
2026_08_23,63301011,run_line,home,-185.0,1.5405405405405406,,,0.7008477511109865,0.6974997522999469,juiced
2026_08_23,63301011,run_line,away,150.0,2.5,,,0.3039522488890134,0.3025002477000532,juiced
2026_08_23,63301579,run_line,home,152.0,2.52,,,0.3908560582497593,0.38992024965059785,juiced
2026_08_23,63301579,run_line,away,-188.0,1.5319148936170213,,,0.6115439417502407,0.6100797503494022,juiced
2026_08_23,63302373,run_line,home,110.0,2.1,,,0.4347778252965518,0.43373685684013547,juiced
2026_08_23,63302373,run_line,away,-133.0,1.7518796992481205,,,0.5676221747034482,0.5662631431598646,juiced
2026_08_23,63302681,run_line,home,154.0,2.54,,,0.3695378597963025,0.3686530923746035,juiced
2026_08_23,63302681,run_line,away,-188.0,1.5319148936170213,,,0.6328621402036975,0.6313469076253966,juiced
2026_08_23,63302841,run_line,home,131.0,2.31,,,0.3830548917778458,0.379638148441869,juiced
2026_08_23,63302841,run_line,away,-158.0,1.6329113924050631,,,0.6259451082221542,0.6203618515581311,juiced
2026_08_23,63303051,run_line,home,142.0,2.42,,,0.3469338248783975,0.34589613646899053,juiced
2026_08_23,63303051,run_line,away,-172.0,1.5813953488372094,,,0.6560661751216025,0.6541038635310094,juiced
2026_08_23,63303067,run_line,home,-175.0,1.5714285714285714,,,0.6404683352396968,0.6422022813994755,juiced
2026_08_23,63303067,run_line,away,143.0,2.43,,,0.3568316647603031,0.35779771860052456,juiced
2026_08_23,63303127,run_line,home,159.0,2.59,,,0.3141241600428656,0.31067566021448484,juiced
2026_08_23,63303127,run_line,away,-196.0,1.510204081632653,,,0.6969758399571343,0.6893243397855152,juiced
2026_08_23,63303229,run_line,home,100.0,2.0,,,0.465156293302336,0.4569315258372652,juiced
2026_08_23,63303229,run_line,away,-120.0,1.8333333333333333,,,0.552843706697664,0.5430684741627347,juiced
2026_08_23,63303395,run_line,home,135.0,2.35,,,0.37351458851987457,0.36756011466234456,juiced
2026_08_23,63303395,run_line,away,-163.0,1.6134969325153374,,,0.6426854114801254,0.6324398853376554,juiced
2026_08_24,63300909,run_line,home,110.0,2.1,,,0.5142778942663611,0.5130465824684368,juiced
2026_08_24,63300909,run_line,away,-133.0,1.7518796992481205,,,0.4881221057336389,0.4869534175315632,juiced
2026_08_24,63300957,run_line,home,-149.0,1.6711409395973154,,,0.6143999983570173,0.609463345260408,juiced
2026_08_24,63300957,run_line,away,124.0,2.24,,,0.3937000016429827,0.390536654739592,juiced
2026_08_24,63301347,run_line,home,-140.0,1.7142857142857144,,,0.6409826442161621,0.6350764333856754,juiced
2026_08_24,63301347,run_line,away,116.0,2.16,,,0.3683173557838378,0.3649235666143246,juiced
2026_08_24,63301535,run_line,home,-163.0,1.6134969325153374,,,0.6852000276292743,0.6776778040048209,juiced
2026_08_24,63301535,run_line,away,134.0,2.34,,,0.32589997237072565,0.3223221959951792,juiced
2026_08_24,63301551,run_line,home,-196.0,1.510204081632653,,,0.6445736382860378,0.6403473458037332,juiced
2026_08_24,63301551,run_line,away,159.0,2.59,,,0.3620263617139622,0.35965265419626685,juiced
2026_08_24,63302035,run_line,home,-208.0,1.4807692307692308,,,0.7387767363803974,0.7304496108170826,juiced
2026_08_24,63302035,run_line,away,168.0,2.68,,,0.2726232636196026,0.2695503891829173,juiced
2026_08_24,63302115,run_line,home,-128.0,1.78125,,,0.5850523151894164,0.5801788131588818,juiced
2026_08_24,63302115,run_line,away,104.0,2.04,,,0.4233476848105836,0.41982118684111824,juiced
2026_08_24,63302291,run_line,home,-126.0,1.7936507936507935,,,0.5808998121972626,0.5760609006319543,juiced
2026_08_24,63302291,run_line,away,104.0,2.04,,,0.4275001878027374,0.42393909936804586,juiced
2026_08_24,63302779,run_line,home,-123.0,1.8130081300813008,,,0.6624470888794919,0.6569288862351169,juiced
2026_08_24,63302779,run_line,away,102.0,2.02,,,0.34595291112050813,0.34307111376488314,juiced
2026_08_24,63303767,run_line,home,156.0,2.56,,,0.3766037375114402,0.37246932797096255,juiced
2026_08_24,63303767,run_line,away,-192.0,1.5208333333333337,,,0.6344962624885597,0.6275306720290375,juiced
