band,band_min,band_max,side,extra_juice
0 to 4.5,0.0,4.5,over,-0.07291666666666663
5 to 5.5,5.0,5.5,over,0.018395390070921946
6 to 6.5,6.0,6.5,over,-0.022544780728844915
7 to 100,7.0,100.0,over,0.022727272727272707
0 to 4.5,0.0,4.5,under,0.08536585365853644
5 to 5.5,5.0,5.5,under,-0.017742625053441707
6 to 6.5,6.0,6.5,under,0.023609314359637645
7 to 100,7.0,100.0,under,-0.021739130434782483
