file,week,games_played,block_index,start_line,end_line,looks_like_data_table,distinct_team_count,missing_teams,logical_rows,modal_columns_non_cfl,columns_consistent,column_header,flags
2023_week_01_game_analysis_report_20260627_142918.txt,1,4,0,4,4,False,1,"BC,CGY,EDM,HAM,MTL,OTT,SSK,TOR,WPG",1,1,True,WHEN LEADING AFTER HOME & AWAY / LAST 3:00: GAMES DECIDED BY ...,FEW_TEAMS
2023_week_01_game_analysis_report_20260627_142918.txt,1,4,1,6,6,False,1,"CGY,EDM,HAM,MTL,OTT,SSK,TOR,WPG,CFL",1,21,True,TEAM GP W L Pct PF PA Diff W L W L W L W L W L W L W L,FEW_TEAMS
2023_week_01_game_analysis_report_20260627_142918.txt,1,4,2,287,296,True,10,,10,17,False,TM GP PF Avg PA Avg Diff Hm Aw Team Avg Oppt Avg Per Pts % Year PpgTM GP PF Avg PA Avg Diff Hm Aw Team Avg Oppt Avg Per Pts % Year Ppg,INCONSISTENT_COLS
2023_week_01_game_analysis_report_20260627_142918.txt,1,4,3,300,309,True,10,,10,19,False,TM TD C1 C2 FG Sgl S/T Rush Pass Int FR PR KOR FGM Tm Q1 Q2 Q3 Q4 OT,INCONSISTENT_COLS
2023_week_01_game_analysis_report_20260627_142918.txt,1,4,4,312,321,True,10,,10,19,True,TM TD C1 C2 FG Sgl S/T Rush Pass Int FR PR KOR FGM Opp Q1 Q2 Q3 Q4 OT,
2023_week_01_game_analysis_report_20260627_142918.txt,1,4,5,326,344,True,10,,10,19,False,R2,INCONSISTENT_COLS;WRAPPED
2023_week_01_game_analysis_report_20260627_142918.txt,1,4,6,355,364,True,10,,10,21,False,TM Poss TD FG FGM T/O Punt Oth Drv TD Drv TD Drv TD Drv TD Drv TD Drv TD 2&O %TM Poss TD FG FGM T/O Punt Oth Drv TD Drv TD Drv TD Drv TD Drv TD Drv TD 2&O %,INCONSISTENT_COLS
2023_week_01_game_analysis_report_20260627_142918.txt,1,4,7,377,386,True,10,,10,21,False,TM Poss TD FG FGM T/O Punt Oth Drv TD Drv TD Drv TD Drv TD Drv TD Drv TD 2&O %,INCONSISTENT_COLS
2023_week_01_game_analysis_report_20260627_142918.txt,1,4,8,392,412,True,10,,10,15,False,Rk No TD Gap 2 Poss FP Yds YdL 1 Year Drv FP Yds Avg,INCONSISTENT_COLS;WRAPPED
2023_week_01_game_analysis_report_20260627_142918.txt,1,4,9,428,445,True,10,,10,20,False,Team Total Rnk Rush Pass Rets Rets Rets Tot Rush Pass Rets Rets Ret Diff YEAR BPs Total OFF Off Rets,INCONSISTENT_COLS;WRAPPED
2023_week_01_game_analysis_report_20260627_142918.txt,1,4,10,449,474,True,10,,10,17,False,TEAM Att 1 TD % Rnk FG T/O Oth Pts % OPPT Att 1 TD % Rnk FG T/O Oth Pts %TEAM Att 1 TD % Rnk FG T/O Oth Pts % OPPT Att 1 TD % Rnk FG T/O Oth Pts %,INCONSISTENT_COLS;WRAPPED
2023_week_01_game_analysis_report_20260627_142918.txt,1,4,11,487,497,True,10,,10,13,False,TM Chall Won Pct Chall Won Chall Won Pen? NoP? Pass Fumb Spot BY TYPE OF REQUEST,INCONSISTENT_COLS;WRAPPED
2023_week_01_game_analysis_report_20260627_142918.txt,1,4,12,503,530,True,10,,10,17,False,TM GP Yards Pass Rush Tm Ls Game Rank Plys Per Pl Rank Pass SA Rush TLs* % Rs%Ps+ OthTM GP Yards Pass Rush Tm Ls Game Rank Plys Per Pl Rank Pass SA Rush TLs % Rs%Ps+ Oth,INCONSISTENT_COLS;WRAPPED
2023_week_01_game_analysis_report_20260627_142918.txt,1,4,13,535,560,True,10,,10,17,False,TM GP Yards Pass Rush Tm L Game Rank Plys Per Pl Rank Pass SA Rush TLs % Rs%Ps+ Oth,INCONSISTENT_COLS;WRAPPED
2023_week_01_game_analysis_report_20260627_142918.txt,1,4,14,564,591,True,10,,10,16,False,TM Plays Avg Yd Rk Plays Avg Yd Rank Rush Pass+ Total Rush Pass Pen Total Rush Pass Pen,INCONSISTENT_COLS;WRAPPED
2023_week_01_game_analysis_report_20260627_142918.txt,1,4,15,596,605,True,10,,10,19,False,TM Atts Yards Avg TD 10+ 20+ PerG Atts Yds Avg Atts Yds Esc 3 Atts Yards Avg TD 10+ 20+,INCONSISTENT_COLS
2023_week_01_game_analysis_report_20260627_142918.txt,1,4,16,612,621,True,10,,10,20,False,TM Att Com % Yards Int TD LG 30+ 2D1 Effic IC% Avg YAC TDI PerG Depth SA % Runs Backs,INCONSISTENT_COLS
2023_week_01_game_analysis_report_20260627_142918.txt,1,4,17,627,636,True,10,,10,21,False,TM Att Com % Yds2 Int TD Effic Att Com % Yds2 Int TD Effic Att Com % Yds2 Int TD Effic,INCONSISTENT_COLS
2023_week_01_game_analysis_report_20260627_142918.txt,1,4,18,641,650,True,10,,10,20,False,TM Att Com % Yards Int TD LG 30+ 2D1 Effic IC% Avg YAC TDI Yards GP Backs SA%4 SA Runs,INCONSISTENT_COLS
2023_week_01_game_analysis_report_20260627_142918.txt,1,4,19,653,662,True,10,,10,21,False,TM Att Com % Yds 2 Int TD Effic Att Com % Yds 2 Int TD Effic Att Com % Yds 2 Int TD Effic,INCONSISTENT_COLS
2023_week_01_game_analysis_report_20260627_142918.txt,1,4,20,668,693,True,10,,10,16,False,TM Att / Md % Rk Att / Md % Att / Md % Att / Md % Yards Avg RkTM Att / Md % Rk Att / Md % Att / Md % Att / Md % Yards Avg Rk,INCONSISTENT_COLS;WRAPPED
2023_week_01_game_analysis_report_20260627_142918.txt,1,4,21,696,724,True,10,,10,16,False,TM Att / Md % Rk Att / Md % Att / Md % Att / Md % Yards Avg Rk,INCONSISTENT_COLS;WRAPPED
2023_week_01_game_analysis_report_20260627_142918.txt,1,4,22,742,745,False,4,"MTL,OTT,SSK,TOR,WPG,CFL",4,8,True,TM Att / Md Fail Att / Md Fail YEAR PerG,FEW_TEAMS
2023_week_01_game_analysis_report_20260627_142918.txt,1,4,23,752,754,False,3,"BC,CGY,EDM,HAM,TOR,WPG,CFL",3,8,False,85.7%,FEW_TEAMS;INCONSISTENT_COLS
2023_week_01_game_analysis_report_20260627_142918.txt,1,4,24,756,757,False,2,"BC,CGY,EDM,HAM,MTL,OTT,SSK,TOR",2,8,True,TOR 0 / 0 0 0 / 0 0 1. Includes 3rd down short yardage plays of up 2 yards to go,FEW_TEAMS
2023_week_01_game_analysis_report_20260627_142918.txt,1,4,25,819,825,True,7,"TOR,WPG,CFL",7,13,True,TM GP ALL Avg Acc Decl YDS Off Def SpTm Punt K/Os Pt R KOR,"MISSING:TOR,WPG,CFL"
2023_week_01_game_analysis_report_20260627_142918.txt,1,4,26,827,830,False,4,"BC,CGY,EDM,HAM,MTL,OTT",4,13,False,TEAMS,FEW_TEAMS;INCONSISTENT_COLS
2023_week_01_game_analysis_report_20260627_142918.txt,1,4,27,845,854,True,10,,10,17,False,TM FGA / Md % LG S FGA Md % FGA Md % FGA Md Yards Avg Yards Avg Averages,INCONSISTENT_COLS
2023_week_01_game_analysis_report_20260627_142918.txt,1,4,28,859,868,True,10,,10,7,False,TM FG Ms Att Yd Avg Sgl Missed From - Yards Out: No Yards LG TD All FG Missg g,INCONSISTENT_COLS
2023_week_01_game_analysis_report_20260627_142918.txt,1,4,29,873,882,True,10,,10,9,False,TM Att / C-1 % Miss Atts / C-2 % Md Rsh Pass Def,INCONSISTENT_COLS
2023_week_01_game_analysis_report_20260627_142918.txt,1,4,30,897,924,True,10,,10,25,False,TM No Yds Avg LG TD 30+ 10+ Rk No Yds Avg LG TD 40+ Rk No Yds LG TD 30 BP* PR KOR FGM Tot,INCONSISTENT_COLS;WRAPPED
2023_week_01_game_analysis_report_20260627_142918.txt,1,4,31,928,955,True,10,,10,25,False,TM No Yds Avg LG TD 30+ 10+ Rk No Yds Avg LG TD 40+ Rk No Yds LG TD 30 BP* PR KOR FGM Tot,INCONSISTENT_COLS;WRAPPED
2023_week_01_game_analysis_report_20260627_142918.txt,1,4,32,960,962,False,3,"HAM,MTL,OTT,SSK,TOR,WPG,CFL",3,8,False,TM PR KOR Tot PerG Rk NOTES & LEGEND: Wk PR Yds Avg TD 30+ 10+,FEW_TEAMS;INCONSISTENT_COLS
2023_week_01_game_analysis_report_20260627_142918.txt,1,4,33,964,969,True,6,"BC,CGY,EDM,HAM",6,5,False,"HAM 2 1 3 3.00 4. ""BP*"" = 'Big play' long gain kick returns (total) 4","MISSING:BC,CGY,EDM,HAM;INCONSISTENT_COLS"
2023_week_01_game_analysis_report_20260627_142918.txt,1,4,34,988,1005,True,10,,10,20,False,TM No Yards Avg LG S I10 No Yards Avg LG TD 30+ Avg NetYd* Rnk Sgl* Cover Retn FP Yds Avg,INCONSISTENT_COLS;WRAPPED
2023_week_01_game_analysis_report_20260627_142918.txt,1,4,35,1012,1039,True,10,,10,20,False,Rk,INCONSISTENT_COLS;WRAPPED
2023_week_01_game_analysis_report_20260627_142918.txt,1,4,36,1046,1055,True,10,,10,5,True,TM Punt K/O Total Rk Pnt K/O,
2023_week_02_game_analysis_report_20260628_161942.txt,2,8,0,4,4,False,1,"BC,CGY,EDM,HAM,MTL,OTT,SSK,TOR,WPG",1,1,True,WHEN LEADING AFTER HOME & AWAY / LAST 3:00: GAMES DECIDED BY ...,FEW_TEAMS
2023_week_02_game_analysis_report_20260628_161942.txt,2,8,1,6,6,False,1,"CGY,EDM,HAM,MTL,OTT,SSK,TOR,WPG,CFL",1,21,True,TEAM GP W L Pct PF PA Diff W L W L W L W L W L W L W L,FEW_TEAMS
2023_week_02_game_analysis_report_20260628_161942.txt,2,8,2,296,305,True,10,,10,17,False,TM GP PF Avg PA Avg Diff Hm Aw Team Avg Oppt Avg Per Pts % Year PpgTM GP PF Avg PA Avg Diff Hm Aw Team Avg Oppt Avg Per Pts % Year Ppg,INCONSISTENT_COLS
2023_week_02_game_analysis_report_20260628_161942.txt,2,8,3,309,318,True,10,,10,19,False,TM TD C1 C2 FG Sgl S/T Rush Pass Int FR PR KOR FGM Tm Q1 Q2 Q3 Q4 OT,INCONSISTENT_COLS
2023_week_02_game_analysis_report_20260628_161942.txt,2,8,4,321,330,True,10,,10,19,True,TM TD C1 C2 FG Sgl S/T Rush Pass Int FR PR KOR FGM Opp Q1 Q2 Q3 Q4 OT,
2023_week_02_game_analysis_report_20260628_161942.txt,2,8,5,335,354,True,10,,10,19,False,R2,INCONSISTENT_COLS;WRAPPED
2023_week_02_game_analysis_report_20260628_161942.txt,2,8,6,365,374,True,10,,10,21,False,TM Poss TD FG FGM T/O Punt Oth Drv TD Drv TD Drv TD Drv TD Drv TD Drv TD 2&O %TM Poss TD FG FGM T/O Punt Oth Drv TD Drv TD Drv TD Drv TD Drv TD Drv TD 2&O %,INCONSISTENT_COLS
2023_week_02_game_analysis_report_20260628_161942.txt,2,8,7,387,396,True,10,,10,21,False,TM Poss TD FG FGM T/O Punt Oth Drv TD Drv TD Drv TD Drv TD Drv TD Drv TD 2&O %,INCONSISTENT_COLS
2023_week_02_game_analysis_report_20260628_161942.txt,2,8,8,402,423,True,10,,10,15,False,Rk No TD Gap 2 Poss FP Yds YdL 1 Year Drv FP Yds Avg,INCONSISTENT_COLS;WRAPPED
2023_week_02_game_analysis_report_20260628_161942.txt,2,8,9,439,457,True,10,,10,20,False,Team Total Rnk Rush Pass Rets Rets Rets Tot Rush Pass Rets Rets Ret Diff YEAR BPs Total OFF Off Rets,INCONSISTENT_COLS;WRAPPED
2023_week_02_game_analysis_report_20260628_161942.txt,2,8,10,461,488,True,10,,10,18,True,TEAM Att 1 TD % Rnk FG T/O Oth Pts % OPPT Att 1 TD % Rnk FG T/O Oth Pts %TEAM Att 1 TD % Rnk FG T/O Oth Pts % OPPT Att 1 TD % Rnk FG T/O Oth Pts %,WRAPPED
2023_week_02_game_analysis_report_20260628_161942.txt,2,8,11,501,511,True,10,,10,13,False,TM Chall Won Pct Chall Won Chall Won Pen? NoP? Pass Fumb Spot BY TYPE OF REQUEST,INCONSISTENT_COLS;WRAPPED
2023_week_02_game_analysis_report_20260628_161942.txt,2,8,12,518,536,True,10,,10,20,False,Team Total Rnk Rush Pass Rets Rets Rets Tot Rush Pass Rets Rets Ret Diff YEAR BPs Total OFF Off Rets,INCONSISTENT_COLS;WRAPPED
2023_week_02_game_analysis_report_20260628_161942.txt,2,8,13,540,567,True,10,,10,18,True,TEAM Att 1 TD % Rnk FG T/O Oth Pts % OPPT Att 1 TD % Rnk FG T/O Oth Pts %TEAM Att 1 TD % Rnk FG T/O Oth Pts % OPPT Att 1 TD % Rnk FG T/O Oth Pts %,WRAPPED
2023_week_02_game_analysis_report_20260628_161942.txt,2,8,14,580,590,True,10,,10,13,False,TM Chall Won Pct Chall Won Chall Won Pen? NoP? Pass Fumb Spot BY TYPE OF REQUEST,INCONSISTENT_COLS;WRAPPED
2023_week_02_game_analysis_report_20260628_161942.txt,2,8,15,598,627,True,10,,10,17,False,TM GP Yards Pass Rush Tm Ls Game Rank Plys Per Pl Rank Pass SA Rush TLs* % Rs%Ps+ OthTM GP Yards Pass Rush Tm Ls Game Rank Plys Per Pl Rank Pass SA Rush TLs % Rs%Ps+ Oth,INCONSISTENT_COLS;WRAPPED
2023_week_02_game_analysis_report_20260628_161942.txt,2,8,16,632,659,True,10,,10,17,True,TM GP Yards Pass Rush Tm L Game Rank Plys Per Pl Rank Pass SA Rush TLs % Rs%Ps+ Oth,WRAPPED
2023_week_02_game_analysis_report_20260628_161942.txt,2,8,17,663,692,True,10,,10,16,False,TM Plays Avg Yd Rank Plays Avg Yd Rank Rush Pass+ Total Rush Pass Pen Total Rush Pass Pen,INCONSISTENT_COLS;WRAPPED
2023_week_02_game_analysis_report_20260628_161942.txt,2,8,18,697,706,True,10,,10,19,False,TM Atts Yards Avg TD 10+ 20+ PerG Atts Yds Avg Atts Yds Esc 3 Atts Yards Avg TD 10+ 20+,INCONSISTENT_COLS
2023_week_02_game_analysis_report_20260628_161942.txt,2,8,19,713,722,True,10,,10,20,False,TM Att Com % Yards Int TD LG 30+ 2D1 Effic IC% Avg YAC TDI PerG Depth SA % Runs Backs,INCONSISTENT_COLS
2023_week_02_game_analysis_report_20260628_161942.txt,2,8,20,728,737,True,10,,10,21,True,TM Att Com % Yds2 Int TD Effic Att Com % Yds2 Int TD Effic Att Com % Yds2 Int TD Effic,
2023_week_02_game_analysis_report_20260628_161942.txt,2,8,21,742,751,True,10,,10,20,False,TM Att Com % Yards Int TD LG 30+ 2D1 Effic IC% Avg YAC TDI Yards GP Backs SA%4 SA Runs,INCONSISTENT_COLS
2023_week_02_game_analysis_report_20260628_161942.txt,2,8,22,754,763,True,10,,10,21,True,TM Att Com % Yds 2 Int TD Effic Att Com % Yds 2 Int TD Effic Att Com % Yds 2 Int TD Effic,
2023_week_02_game_analysis_report_20260628_161942.txt,2,8,23,770,797,True,10,,10,16,True,TM Att / Md % Rk Att / Md % Att / Md % Att / Md % Yards Avg RkTM Att / Md % Rk Att / Md % Att / Md % Att / Md % Yards Avg Rk,WRAPPED
2023_week_02_game_analysis_report_20260628_161942.txt,2,8,24,800,830,True,10,,10,16,False,TM Att / Md % Rk Att / Md % Att / Md % Att / Md % Yards Avg Rk,INCONSISTENT_COLS;WRAPPED
2023_week_02_game_analysis_report_20260628_161942.txt,2,8,25,848,854,False,4,"MTL,OTT,SSK,TOR,WPG,CFL",4,8,False,TM Att / Md Fail Att / Md Fail YEAR PerG,FEW_TEAMS;INCONSISTENT_COLS;WRAPPED
2023_week_02_game_analysis_report_20260628_161942.txt,2,8,26,858,860,False,3,"BC,CGY,EDM,HAM,TOR,WPG,CFL",3,8,False,81.8%,FEW_TEAMS;INCONSISTENT_COLS
2023_week_02_game_analysis_report_20260628_161942.txt,2,8,27,862,863,False,2,"BC,CGY,EDM,HAM,MTL,OTT,SSK,TOR",2,8,True,TOR 1 / 1 0 3 / 3 0 1. Includes 3rd down short yardage plays of up 2 yards to go,FEW_TEAMS
2023_week_02_game_analysis_report_20260628_161942.txt,2,8,28,925,931,True,7,"TOR,WPG,CFL",7,13,True,TM GP ALL Avg Acc Decl YDS Off Def SpTm Punt K/Os Pt R KOR,"MISSING:TOR,WPG,CFL"
2023_week_02_game_analysis_report_20260628_161942.txt,2,8,29,933,936,False,4,"BC,CGY,EDM,HAM,MTL,OTT",4,13,True,TEAMS,FEW_TEAMS
2023_week_02_game_analysis_report_20260628_161942.txt,2,8,30,951,960,True,10,,10,17,False,TM FGA / Md % LG S FGA Md % FGA Md % FGA Md Yards Avg Yards Avg Averages,INCONSISTENT_COLS
2023_week_02_game_analysis_report_20260628_161942.txt,2,8,31,965,974,True,10,,10,7,False,TM FG Ms Att Yd Avg Sgl Missed From - Yards Out: No Yards LG TD All FG Missg g,INCONSISTENT_COLS
2023_week_02_game_analysis_report_20260628_161942.txt,2,8,32,979,988,True,10,,10,9,False,TM Att / C-1 % Miss Atts / C-2 % Md Rsh Pass Def,INCONSISTENT_COLS
2023_week_02_game_analysis_report_20260628_161942.txt,2,8,33,1000,1029,True,10,,10,24,False,TM No Yds Avg LG TD 30+ Rk No Yds Avg LG TD 40+ Rk No Yds LG TD 30 BP* PR KOR FGM Tot,INCONSISTENT_COLS;WRAPPED
2023_week_02_game_analysis_report_20260628_161942.txt,2,8,34,1033,1062,True,10,,10,24,False,TM No Yds Avg LG TD 30+ Rk No Yds Avg LG TD 40+ Rk No Yds LG TD 30 BP* PR KOR FGM Tot,INCONSISTENT_COLS;WRAPPED
2023_week_02_game_analysis_report_20260628_161942.txt,2,8,35,1067,1085,True,10,,10,6,False,TM PR KOR Tot PerG Rk NOTES & LEGEND: Wk PR Yds Avg TD 30+ 10+,INCONSISTENT_COLS;WRAPPED
2023_week_02_game_analysis_report_20260628_161942.txt,2,8,36,1104,1122,True,10,,10,20,True,TM No Yards Avg LG S I10 No Yards Avg LG TD 30+ Avg NetYd* Rnk Sgl* Cover Retn FP Yds Avg,WRAPPED
2023_week_02_game_analysis_report_20260628_161942.txt,2,8,37,1129,1158,True,10,,10,20,False,Rk,INCONSISTENT_COLS;WRAPPED
2023_week_02_game_analysis_report_20260628_161942.txt,2,8,38,1165,1183,True,10,,10,6,True,TM Punt K/O Total Rk Pnt K/O,WRAPPED
2023_week_03_game_analysis_report_20260628_162053.txt,3,12,0,4,4,False,1,"BC,CGY,EDM,HAM,MTL,OTT,SSK,TOR,WPG",1,4,True,W-L RECORD & SCORING IN 2023: LAST 3:00 / TURNOVERS: WHEN LEADING AFTER,FEW_TEAMS
2023_week_03_game_analysis_report_20260628_162053.txt,3,12,1,6,6,False,1,"CGY,EDM,HAM,MTL,OTT,SSK,TOR,WPG,CFL",1,24,True,TEAM GP W L W L W L PF PA Diff W L W L W L W L W L W L W L,FEW_TEAMS
2023_week_03_game_analysis_report_20260628_162053.txt,3,12,2,400,409,True,10,,10,17,False,TM GP PF Avg PA Avg Diff Hm Aw Team Avg Oppt Avg Per Pts % Year PpgTM GP PF Avg PA Avg Diff Hm Aw Team Avg Oppt Avg Per Pts % Year Ppg,INCONSISTENT_COLS
2023_week_03_game_analysis_report_20260628_162053.txt,3,12,3,413,422,True,10,,10,19,False,TM TD C1 C2 FG Sgl S/T Rush Pass Int FR PR KOR FGM Tm Q1 Q2 Q3 Q4 OT,INCONSISTENT_COLS
2023_week_03_game_analysis_report_20260628_162053.txt,3,12,4,425,434,True,10,,10,19,True,TM TD C1 C2 FG Sgl S/T Rush Pass Int FR PR KOR FGM Opp Q1 Q2 Q3 Q4 OT,
2023_week_03_game_analysis_report_20260628_162053.txt,3,12,5,438,457,True,10,,10,18,False,Team Ratio RK Fum Int Dns T/Os Pts OFF1 Ret2 Fum Int Dns T/O Pts YEAR GP T/Os PerG,INCONSISTENT_COLS;WRAPPED
2023_week_03_game_analysis_report_20260628_162053.txt,3,12,6,468,477,True,10,,10,21,False,TM Poss TD FG FGM T/O Punt Oth Drv TD Drv TD Drv TD Drv TD Drv TD Drv TD 2&O %TM Poss TD FG FGM T/O Punt Oth Drv TD Drv TD Drv TD Drv TD Drv TD Drv TD 2&O %,INCONSISTENT_COLS
2023_week_03_game_analysis_report_20260628_162053.txt,3,12,7,490,499,True,10,,10,21,False,TM Poss TD FG FGM T/O Punt Oth Drv TD Drv TD Drv TD Drv TD Drv TD Drv TD 2&O %,INCONSISTENT_COLS
2023_week_03_game_analysis_report_20260628_162053.txt,3,12,8,505,517,True,5,"OTT,SSK,TOR,WPG,CFL",5,15,False,Rk No TD Gap 2 Poss FP Yds YdL 1 Year Drv FP Yds Avg,"MISSING:OTT,SSK,TOR,WPG,CFL;INCONSISTENT_COLS;WRAPPED"
2023_week_03_game_analysis_report_20260628_162053.txt,3,12,9,519,527,True,5,"BC,CGY,EDM,HAM,MTL",5,18,False,",","MISSING:BC,CGY,EDM,HAM,MTL;INCONSISTENT_COLS;WRAPPED"
2023_week_03_game_analysis_report_20260628_162053.txt,3,12,10,543,561,True,10,,10,20,False,Team Total Rnk Rush Pass Rets Rets Rets Tot Rush Pass Rets Rets Ret Diff YEAR BPs Total OFF Off Rets,INCONSISTENT_COLS;WRAPPED
2023_week_03_game_analysis_report_20260628_162053.txt,3,12,11,565,592,True,10,,10,18,True,TEAM Att 1 TD % Rnk FG T/O Oth Pts % OPPT Att 1 TD % Rnk FG T/O Oth Pts %TEAM Att 1 TD % Rnk FG T/O Oth Pts % OPPT Att 1 TD % Rnk FG T/O Oth Pts %,WRAPPED
2023_week_03_game_analysis_report_20260628_162053.txt,3,12,12,605,615,True,10,,10,13,False,TM Chall Won Pct Chall Won Chall Won Pen? NoP? Pass Fumb Spot BY TYPE OF REQUEST,INCONSISTENT_COLS;WRAPPED
2023_week_03_game_analysis_report_20260628_162053.txt,3,12,13,623,652,True,10,,10,17,False,TM GP Yards Pass Rush Tm Ls Game Rank Plys Per Pl Rank Pass SA Rush TLs* % Rs%Ps+ OthTM GP Yards Pass Rush Tm Ls Game Rank Plys Per Pl Rank Pass SA Rush TLs % Rs%Ps+ Oth,INCONSISTENT_COLS;WRAPPED
2023_week_03_game_analysis_report_20260628_162053.txt,3,12,14,657,684,True,10,,10,17,True,TM GP Yards Pass Rush Tm L Game Rank Plys Per Pl Rank Pass SA Rush TLs % Rs%Ps+ Oth,WRAPPED
2023_week_03_game_analysis_report_20260628_162053.txt,3,12,15,688,717,True,10,,10,16,False,TM Plays Avg Yd Rank Plays Avg Yd Rank Rush Pass+ Total Rush Pass Pen Total Rush Pass Pen,INCONSISTENT_COLS;WRAPPED
2023_week_03_game_analysis_report_20260628_162053.txt,3,12,16,722,731,True,10,,10,19,False,TM Atts Yards Avg TD 10+ 20+ PerG Atts Yds Avg Atts Yds Esc 3 Atts Yards Avg TD 10+ 20+,INCONSISTENT_COLS
2023_week_03_game_analysis_report_20260628_162053.txt,3,12,17,738,747,True,10,,10,20,False,TM Att Com % Yards Int TD LG 30+ 2D1 Effic IC% Avg YAC TDI PerG Depth SA % Runs Backs,INCONSISTENT_COLS
2023_week_03_game_analysis_report_20260628_162053.txt,3,12,18,753,762,True,10,,10,21,True,TM Att Com % Yds2 Int TD Effic Att Com % Yds2 Int TD Effic Att Com % Yds2 Int TD Effic,
2023_week_03_game_analysis_report_20260628_162053.txt,3,12,19,767,776,True,10,,10,20,False,TM Att Com % Yards Int TD LG 30+ 2D1 Effic IC% Avg YAC TDI Yards GP Backs SA%4 SA Runs,INCONSISTENT_COLS
2023_week_03_game_analysis_report_20260628_162053.txt,3,12,20,779,788,True,10,,10,21,True,TM Att Com % Yds 2 Int TD Effic Att Com % Yds 2 Int TD Effic Att Com % Yds 2 Int TD Effic,
2023_week_03_game_analysis_report_20260628_162053.txt,3,12,21,795,822,True,10,,10,16,True,TM Att / Md % Rk Att / Md % Att / Md % Att / Md % Yards Avg RkTM Att / Md % Rk Att / Md % Att / Md % Att / Md % Yards Avg Rk,WRAPPED
2023_week_03_game_analysis_report_20260628_162053.txt,3,12,22,825,855,True,10,,10,16,False,TM Att / Md % Rk Att / Md % Att / Md % Att / Md % Yards Avg Rk,INCONSISTENT_COLS;WRAPPED
2023_week_03_game_analysis_report_20260628_162053.txt,3,12,23,873,879,False,4,"MTL,OTT,SSK,TOR,WPG,CFL",4,8,False,TM Att / Md Fail Att / Md Fail YEAR PerG,FEW_TEAMS;INCONSISTENT_COLS;WRAPPED
2023_week_03_game_analysis_report_20260628_162053.txt,3,12,24,883,885,False,3,"BC,CGY,EDM,HAM,TOR,WPG,CFL",3,8,False,76.5%,FEW_TEAMS;INCONSISTENT_COLS
2023_week_03_game_analysis_report_20260628_162053.txt,3,12,25,887,888,False,2,"BC,CGY,EDM,HAM,MTL,OTT,SSK,TOR",2,8,True,TOR 2 / 1 1 6 / 5 1 1. Includes 3rd down short yardage plays of up 2 yards to go,FEW_TEAMS
2023_week_03_game_analysis_report_20260628_162053.txt,3,12,26,950,956,True,7,"TOR,WPG,CFL",7,13,True,TM GP ALL Avg Acc Decl YDS Off Def SpTm Punt K/Os Pt R KOR,"MISSING:TOR,WPG,CFL"
2023_week_03_game_analysis_report_20260628_162053.txt,3,12,27,958,961,False,4,"BC,CGY,EDM,HAM,MTL,OTT",4,13,True,TEAMS,FEW_TEAMS
2023_week_03_game_analysis_report_20260628_162053.txt,3,12,28,976,985,True,10,,10,17,False,TM FGA / Md % LG S FGA Md % FGA Md % FGA Md Yards Avg Yards Avg Averages,INCONSISTENT_COLS
2023_week_03_game_analysis_report_20260628_162053.txt,3,12,29,990,999,True,10,,10,7,False,TM FG Ms Att Yd Avg Sgl Missed From - Yards Out: No Yards LG TD All FG Missg g,INCONSISTENT_COLS
2023_week_03_game_analysis_report_20260628_162053.txt,3,12,30,1004,1013,True,10,,10,10,False,TM Att / C-1 % Miss Atts / C-2 % Md Rsh Pass Def,INCONSISTENT_COLS
2023_week_03_game_analysis_report_20260628_162053.txt,3,12,31,1025,1054,True,10,,10,24,False,TM No Yds Avg LG TD 30+ Rk No Yds Avg LG TD 40+ Rk No Yds LG TD 30 BP* PR KOR FGM Tot,INCONSISTENT_COLS;WRAPPED
2023_week_03_game_analysis_report_20260628_162053.txt,3,12,32,1058,1087,True,10,,10,24,False,TM No Yds Avg LG TD 30+ Rk No Yds Avg LG TD 40+ Rk No Yds LG TD 30 BP* PR KOR FGM Tot,INCONSISTENT_COLS;WRAPPED
2023_week_03_game_analysis_report_20260628_162053.txt,3,12,33,1092,1110,True,10,,10,6,False,TM PR KOR Tot PerG Rk NOTES & LEGEND: Wk PR Yds Avg TD 30+ 10+,INCONSISTENT_COLS;WRAPPED
2023_week_03_game_analysis_report_20260628_162053.txt,3,12,34,1129,1147,True,10,,10,20,True,TM No Yards Avg LG S I10 No Yards Avg LG TD 30+ Avg NetYd* Rnk Sgl* Cover Retn FP Yds Avg,WRAPPED
2023_week_03_game_analysis_report_20260628_162053.txt,3,12,35,1154,1183,True,10,,10,20,False,Rk,INCONSISTENT_COLS;WRAPPED
2023_week_03_game_analysis_report_20260628_162053.txt,3,12,36,1190,1208,True,10,,10,6,True,TM Punt K/O Total Rk Pnt K/O,WRAPPED
2023_week_04_game_analysis_report_20260628_162125.txt,4,15,0,4,4,False,1,"BC,CGY,EDM,HAM,MTL,OTT,SSK,TOR,WPG",1,4,True,W-L RECORD & SCORING IN 2023: LAST 3:00 / TURNOVERS: WHEN LEADING AFTER,FEW_TEAMS
2023_week_04_game_analysis_report_20260628_162125.txt,4,15,1,6,6,False,1,"CGY,EDM,HAM,MTL,OTT,SSK,TOR,WPG,CFL",1,24,True,TEAM GP W L W L W L PF PA Diff W L W L W L W L W L W L W L,FEW_TEAMS
2023_week_04_game_analysis_report_20260628_162125.txt,4,15,2,316,325,True,10,,10,17,False,TM GP PF Avg PA Avg Diff Hm Aw Team Avg Oppt Avg Per Pts % Year PpgTM GP PF Avg PA Avg Diff Hm Aw Team Avg Oppt Avg Per Pts % Year Ppg,INCONSISTENT_COLS
2023_week_04_game_analysis_report_20260628_162125.txt,4,15,3,329,338,True,10,,10,19,False,TM TD C1 C2 FG Sgl S/T Rush Pass Int FR PR KOR FGM Tm Q1 Q2 Q3 Q4 OT,INCONSISTENT_COLS
2023_week_04_game_analysis_report_20260628_162125.txt,4,15,4,341,350,True,10,,10,19,True,TM TD C1 C2 FG Sgl S/T Rush Pass Int FR PR KOR FGM Opp Q1 Q2 Q3 Q4 OT,
2023_week_04_game_analysis_report_20260628_162125.txt,4,15,5,354,373,True,10,,10,18,False,Team Ratio RK Fum Int Dns T/Os Pts OFF1 Ret2 Fum Int Dns T/O Pts YEAR GP T/Os PerG,INCONSISTENT_COLS;WRAPPED
2023_week_04_game_analysis_report_20260628_162125.txt,4,15,6,384,393,True,10,,10,21,False,TM Poss TD FG FGM T/O Punt Oth Drv TD Drv TD Drv TD Drv TD Drv TD Drv TD 2&O %TM Poss TD FG FGM T/O Punt Oth Drv TD Drv TD Drv TD Drv TD Drv TD Drv TD 2&O %,INCONSISTENT_COLS
2023_week_04_game_analysis_report_20260628_162125.txt,4,15,7,406,415,True,10,,10,21,False,TM Poss TD FG FGM T/O Punt Oth Drv TD Drv TD Drv TD Drv TD Drv TD Drv TD 2&O %,INCONSISTENT_COLS
2023_week_04_game_analysis_report_20260628_162125.txt,4,15,8,421,433,True,5,"OTT,SSK,TOR,WPG,CFL",5,15,False,Rk No TD Gap 2 Poss FP Yds YdL 1 Year Drv FP Yds Avg,"MISSING:OTT,SSK,TOR,WPG,CFL;INCONSISTENT_COLS;WRAPPED"
2023_week_04_game_analysis_report_20260628_162125.txt,4,15,9,435,443,True,5,"BC,CGY,EDM,HAM,MTL",5,18,False,", ,","MISSING:BC,CGY,EDM,HAM,MTL;INCONSISTENT_COLS;WRAPPED"
2023_week_04_game_analysis_report_20260628_162125.txt,4,15,10,459,477,True,10,,10,20,False,Team Total Rnk Rush Pass Rets Rets Rets Tot Rush Pass Rets Rets Ret Diff YEAR BPs Total OFF Off Rets,INCONSISTENT_COLS;WRAPPED
2023_week_04_game_analysis_report_20260628_162125.txt,4,15,11,481,508,True,10,,10,18,True,TEAM Att 1 TD % Rnk FG T/O Oth Pts % OPPT Att 1 TD % Rnk FG T/O Oth Pts %TEAM Att 1 TD % Rnk FG T/O Oth Pts % OPPT Att 1 TD % Rnk FG T/O Oth Pts %,WRAPPED
2023_week_04_game_analysis_report_20260628_162125.txt,4,15,12,521,531,True,10,,10,13,False,TM Chall Won Pct Chall Won Chall Won Pen? NoP? Pass Comp Spot BY TYPE OF REQUEST,INCONSISTENT_COLS;WRAPPED
2023_week_04_game_analysis_report_20260628_162125.txt,4,15,13,539,568,True,10,,10,17,False,TM GP Yards Pass Rush Tm Ls Game Rank Plys Per Pl Rank Pass SA Rush TLs* % Rs%Ps+ OthTM GP Yards Pass Rush Tm Ls Game Rank Plys Per Pl Rank Pass SA Rush TLs % Rs%Ps+ Oth,INCONSISTENT_COLS;WRAPPED
2023_week_04_game_analysis_report_20260628_162125.txt,4,15,14,573,600,True,10,,10,17,True,TM GP Yards Pass Rush Tm L Game Rank Plys Per Pl Rank Pass SA Rush TLs % Rs%Ps+ Oth,WRAPPED
2023_week_04_game_analysis_report_20260628_162125.txt,4,15,15,604,633,True,10,,10,16,False,TM Plays Avg Yd Rank Plays Avg Yd Rank Rush Pass+ Total Rush Pass Pen Total Rush Pass Pen,INCONSISTENT_COLS;WRAPPED
2023_week_04_game_analysis_report_20260628_162125.txt,4,15,16,638,647,True,10,,10,19,False,TM Atts Yards Avg TD 10+ 20+ PerG Atts Yds Avg Atts Yds Esc 3 Atts Yards Avg TD 10+ 20+,INCONSISTENT_COLS
2023_week_04_game_analysis_report_20260628_162125.txt,4,15,17,654,663,True,10,,10,20,False,TM Att Com % Yards Int TD LG 30+ 2D1 Effic IC% Avg YAC TDI PerG Depth SA % Runs Backs,INCONSISTENT_COLS
2023_week_04_game_analysis_report_20260628_162125.txt,4,15,18,669,678,True,10,,10,21,True,TM Att Com % Yds2 Int TD Effic Att Com % Yds2 Int TD Effic Att Com % Yds2 Int TD Effic,
2023_week_04_game_analysis_report_20260628_162125.txt,4,15,19,683,692,True,10,,10,20,False,TM Att Com % Yards Int TD LG 30+ 2D1 Effic IC% Avg YAC TDI Yards GP Backs SA%4 SA Runs,INCONSISTENT_COLS
2023_week_04_game_analysis_report_20260628_162125.txt,4,15,20,695,704,True,10,,10,21,True,TM Att Com % Yds 2 Int TD Effic Att Com % Yds 2 Int TD Effic Att Com % Yds 2 Int TD Effic,
2023_week_04_game_analysis_report_20260628_162125.txt,4,15,21,711,738,True,10,,10,16,True,TM Att / Md % Rk Att / Md % Att / Md % Att / Md % Yards Avg RkTM Att / Md % Rk Att / Md % Att / Md % Att / Md % Yards Avg Rk,WRAPPED
2023_week_04_game_analysis_report_20260628_162125.txt,4,15,22,741,771,True,10,,10,16,False,TM Att / Md % Rk Att / Md % Att / Md % Att / Md % Yards Avg Rk,INCONSISTENT_COLS;WRAPPED
2023_week_04_game_analysis_report_20260628_162125.txt,4,15,23,789,795,False,4,"MTL,OTT,SSK,TOR,WPG,CFL",4,8,False,TM Att / Md Fail Att / Md Fail YEAR PerG,FEW_TEAMS;INCONSISTENT_COLS;WRAPPED
2023_week_04_game_analysis_report_20260628_162125.txt,4,15,24,799,801,False,3,"BC,CGY,EDM,HAM,TOR,WPG,CFL",3,8,False,75.0%,FEW_TEAMS;INCONSISTENT_COLS
2023_week_04_game_analysis_report_20260628_162125.txt,4,15,25,803,804,False,2,"BC,CGY,EDM,HAM,MTL,OTT,SSK,TOR",2,8,True,TOR 5 / 2 3 7 / 6 1 1. Includes 3rd down short yardage plays of up 2 yards to go,FEW_TEAMS
2023_week_04_game_analysis_report_20260628_162125.txt,4,15,26,866,872,True,7,"TOR,WPG,CFL",7,13,True,TM GP ALL Avg Acc Decl Yards Off Def SpTm Punt K/Os Pt R KOR,"MISSING:TOR,WPG,CFL"
2023_week_04_game_analysis_report_20260628_162125.txt,4,15,27,874,877,False,4,"BC,CGY,EDM,HAM,MTL,OTT",4,13,True,TEAMS,FEW_TEAMS
2023_week_04_game_analysis_report_20260628_162125.txt,4,15,28,892,901,True,10,,10,18,False,TM FGA / Md % LG S FGA Md % FGA Md % FGA Md Yards Avg Yards Avg Averages,INCONSISTENT_COLS
2023_week_04_game_analysis_report_20260628_162125.txt,4,15,29,906,916,True,10,,10,7,False,TM FG Ms Att Yd Avg Sgl Missed From - Yards Out: No Yards LG TD All FG Missg g,INCONSISTENT_COLS;WRAPPED
2023_week_04_game_analysis_report_20260628_162125.txt,4,15,30,921,930,True,10,,10,10,False,TM Att / C-1 % Miss Atts / C-2 % Md Rsh Pass Def,INCONSISTENT_COLS
2023_week_04_game_analysis_report_20260628_162125.txt,4,15,31,942,971,True,10,,10,24,False,TM No Yds Avg LG TD 30+ Rk No Yds Avg LG TD 40+ Rk No Yds LG TD 30 BP* PR KOR FGM Tot,INCONSISTENT_COLS;WRAPPED
2023_week_04_game_analysis_report_20260628_162125.txt,4,15,32,975,1004,True,10,,10,24,False,TM No Yds Avg LG TD 30+ Rk No Yds Avg LG TD 40+ Rk No Yds LG TD 30 BP* PR KOR FGM Tot,INCONSISTENT_COLS;WRAPPED
2023_week_04_game_analysis_report_20260628_162125.txt,4,15,33,1009,1027,True,10,,10,6,False,TM PR KOR Tot PerG Rk NOTES & LEGEND: Wk PR Yds Avg TD 30+ 10+,INCONSISTENT_COLS;WRAPPED
2023_week_04_game_analysis_report_20260628_162125.txt,4,15,34,1046,1064,True,10,,10,20,True,TM No Yards Avg LG S I10 No Yards Avg LG TD 30+ Avg NetYd* Rnk Sgl* Cover Retn FP Yds Avg,WRAPPED
2023_week_04_game_analysis_report_20260628_162125.txt,4,15,35,1071,1100,True,10,,10,20,False,Rk,INCONSISTENT_COLS;WRAPPED
2023_week_04_game_analysis_report_20260628_162125.txt,4,15,36,1107,1125,True,10,,10,6,True,TM Punt K/O Total Rk Pnt K/O,WRAPPED
2023_week_05_game_analysis_report_20260628_235253.txt,5,19,0,4,4,False,1,"BC,CGY,EDM,HAM,MTL,OTT,SSK,TOR,WPG",1,4,True,W-L RECORD & SCORING IN 2023: LAST 3:00 / TURNOVERS: WHEN LEADING AFTER,FEW_TEAMS
2023_week_05_game_analysis_report_20260628_235253.txt,5,19,1,6,6,False,1,"CGY,EDM,HAM,MTL,OTT,SSK,TOR,WPG,CFL",1,24,True,TEAM GP W L W L W L PF PA Diff W L W L W L W L W L W L W L,FEW_TEAMS
2023_week_05_game_analysis_report_20260628_235253.txt,5,19,2,311,320,True,10,,10,17,False,TM GP PF Avg PA Avg Diff Hm Aw Team Avg Oppt Avg PER GAME Per Pts % Year PpgTM GP PF Avg PA Avg Diff Hm Aw Team Avg Oppt Avg PER GAME Per Pts % Year Ppg,INCONSISTENT_COLS
2023_week_05_game_analysis_report_20260628_235253.txt,5,19,3,324,333,True,10,,10,19,False,TM TD C1 C2 FG Sgl S/T Rush Pass Int FR PR KOR FGM Tm Q1 Q2 Q3 Q4 OT,INCONSISTENT_COLS
2023_week_05_game_analysis_report_20260628_235253.txt,5,19,4,336,345,True,10,,10,19,False,TM TD C1 C2 FG Sgl S/T Rush Pass Int FR PR KOR FGM Opp Q1 Q2 Q3 Q4 OT,INCONSISTENT_COLS
2023_week_05_game_analysis_report_20260628_235253.txt,5,19,5,349,369,True,10,,10,18,False,Team Ratio RK Fum Int Dns T/Os Pts OFF1 Ret2 Fum Int Dns T/O Pts YEAR GP T/Os PerG,INCONSISTENT_COLS;WRAPPED
2023_week_05_game_analysis_report_20260628_235253.txt,5,19,6,380,389,True,10,,10,21,False,TM Poss TD FG FGM T/O Punt Oth Drv TD Drv TD Drv TD Drv TD Drv TD Drv TD 2&O %TM Poss TD FG FGM T/O Punt Oth Drv TD Drv TD Drv TD Drv TD Drv TD Drv TD 2&O %,INCONSISTENT_COLS
2023_week_05_game_analysis_report_20260628_235253.txt,5,19,7,402,411,True,10,,10,21,False,TM Poss TD FG FGM T/O Punt Oth Drv TD Drv TD Drv TD Drv TD Drv TD Drv TD 2&O %,INCONSISTENT_COLS
2023_week_05_game_analysis_report_20260628_235253.txt,5,19,8,417,429,True,5,"OTT,SSK,TOR,WPG,CFL",5,15,False,Rk No TD Gap 2 Poss FP Yds YdL 1 Year Drv FP Yds Avg,"MISSING:OTT,SSK,TOR,WPG,CFL;INCONSISTENT_COLS;WRAPPED"
2023_week_05_game_analysis_report_20260628_235253.txt,5,19,9,431,439,True,5,"BC,CGY,EDM,HAM,MTL",5,18,False,", ,","MISSING:BC,CGY,EDM,HAM,MTL;INCONSISTENT_COLS;WRAPPED"
2023_week_05_game_analysis_report_20260628_235253.txt,5,19,10,455,473,True,10,,10,20,False,Team Total Rnk Rush Pass Rets Rets Rets Tot Rush Pass Rets Rets Ret Diff YEAR BPs Total OFF Off Rets,INCONSISTENT_COLS;WRAPPED
2023_week_05_game_analysis_report_20260628_235253.txt,5,19,11,477,504,True,10,,10,18,True,TEAM Att 1 TD % Rnk FG T/O Oth Pts % OPPT Att 1 TD % Rnk FG T/O Oth Pts %TEAM Att 1 TD % Rnk FG T/O Oth Pts % OPPT Att 1 TD % Rnk FG T/O Oth Pts %,WRAPPED
2023_week_05_game_analysis_report_20260628_235253.txt,5,19,12,517,527,True,10,,10,13,False,TM Chall Won Pct Chall Won Chall Won Pen? NoP? Pass Comp Spot BY TYPE OF REQUEST,INCONSISTENT_COLS;WRAPPED
2023_week_05_game_analysis_report_20260628_235253.txt,5,19,13,535,564,True,10,,10,17,False,TM GP Yards Pass Rush Tm Ls Game Rank Plys Per Pl Rank Pass SA Rush TLs* % Rs %Ps+ OthTM GP Yards Pass Rush Tm Ls Game Rank Plys Per Pl Rank Pass SA Rush TLs % Rs %Ps+ Oth,INCONSISTENT_COLS;WRAPPED
2023_week_05_game_analysis_report_20260628_235253.txt,5,19,14,569,596,True,10,,10,17,True,TM GP Yards Pass Rush Tm L Game Rank Plys Per Pl Rank Pass SA Rush TLs % Rs%Ps+ Oth,WRAPPED
2023_week_05_game_analysis_report_20260628_235253.txt,5,19,15,600,629,True,10,,10,16,False,TM Plays Avg Yd Rank Plays Avg Yd Rank Rush Pass+ Total Rush Pass Pen Total Rush Pass Pen,INCONSISTENT_COLS;WRAPPED
2023_week_05_game_analysis_report_20260628_235253.txt,5,19,16,634,643,True,10,,10,19,False,TM Atts Yards Avg TD 10+ 20+ PerG Atts Yds Avg Atts Yds Esc 3 Atts Yards Avg TD 10+ 20+,INCONSISTENT_COLS
2023_week_05_game_analysis_report_20260628_235253.txt,5,19,17,650,659,True,10,,10,19,True,TM Att Com % Yards Int TD LG 30+ 2D1 Effic IC% Avg YAC TDI PerG Depth SA Runs Backs,
2023_week_05_game_analysis_report_20260628_235253.txt,5,19,18,667,676,True,10,,10,21,False,TM Att Com % Yds2 Int TD Effic Att Com % Yds2 Int TD Effic Att Com % Yds2 Int TD EfficTM Att Com % Yds Int TD Effic Att Com % Yds Int TD Effic Att Com % Yds Int TD Effic,INCONSISTENT_COLS
2023_week_05_game_analysis_report_20260628_235253.txt,5,19,19,681,690,True,10,,10,19,False,TM Att Com % Yards Int TD LG 30+ 2D1 Effic IC% Avg YAC TDI Yards GP Backs SA RunsTM Att Com % Yards Int TD LG 30+ 2D Effic IC% Avg YAC TDI Yards GP Backs SA Runs,INCONSISTENT_COLS
2023_week_05_game_analysis_report_20260628_235253.txt,5,19,20,693,702,True,10,,10,21,True,TM Att Com % Yds 2 Int TD Effic Att Com % Yds 2 Int TD Effic Att Com % Yds 2 Int TD Effic,
2023_week_05_game_analysis_report_20260628_235253.txt,5,19,21,709,736,True,10,,10,16,True,TM Att / Md % Rk Att / Md % Att / Md % Att / Md % Yards Avg RkTM Att / Md % Rk Att / Md % Att / Md % Att / Md % Yards Avg Rk,WRAPPED
2023_week_05_game_analysis_report_20260628_235253.txt,5,19,22,739,769,True,10,,10,16,False,TM Att / Md % Rk Att / Md % Att / Md % Att / Md % Yards Avg Rk,INCONSISTENT_COLS;WRAPPED
2023_week_05_game_analysis_report_20260628_235253.txt,5,19,23,787,793,False,4,"MTL,OTT,SSK,TOR,WPG,CFL",4,8,False,TM Att / Md Fail Att / Md Fail YEAR PerG,FEW_TEAMS;INCONSISTENT_COLS;WRAPPED
2023_week_05_game_analysis_report_20260628_235253.txt,5,19,24,797,799,False,3,"BC,CGY,EDM,HAM,TOR,WPG,CFL",3,8,False,76.0%,FEW_TEAMS;INCONSISTENT_COLS
2023_week_05_game_analysis_report_20260628_235253.txt,5,19,25,801,802,False,2,"BC,CGY,EDM,HAM,MTL,OTT,SSK,TOR",2,8,True,TOR 5 / 2 3 7 / 6 1 1. Includes 3rd down short yardage plays of up 2 yards to go,FEW_TEAMS
2023_week_05_game_analysis_report_20260628_235253.txt,5,19,26,864,870,True,7,"TOR,WPG,CFL",7,13,True,TM GP ALL Avg Acc Decl Yards Off Def SpTm Punt K/Os Pt R KOR,"MISSING:TOR,WPG,CFL"
2023_week_05_game_analysis_report_20260628_235253.txt,5,19,27,872,875,False,4,"BC,CGY,EDM,HAM,MTL,OTT",4,13,True,TEAMS,FEW_TEAMS
2023_week_05_game_analysis_report_20260628_235253.txt,5,19,28,890,899,True,10,,10,18,False,TM FGA / Md % LG S FGA Md % FGA Md % FGA Md Yards Avg Yards Avg Averages,INCONSISTENT_COLS
2023_week_05_game_analysis_report_20260628_235253.txt,5,19,29,904,913,True,10,,10,7,False,TM FG Ms Att Yd Avg Sgl Missed From - Yards Out: No Yards LG TD All FG Missg g,INCONSISTENT_COLS
2023_week_05_game_analysis_report_20260628_235253.txt,5,19,30,918,927,True,10,,10,10,False,TM Att / C-1 % Miss Atts / C-2 % Md Rsh Pass Def,INCONSISTENT_COLS
2023_week_05_game_analysis_report_20260628_235253.txt,5,19,31,939,968,True,10,,10,24,False,TM No Yds Avg LG TD 30+ Rk No Yds Avg LG TD 40+ Rk No Yds LG TD 30 BP* PR KOR FGM Tot,INCONSISTENT_COLS;WRAPPED
2023_week_05_game_analysis_report_20260628_235253.txt,5,19,32,972,1001,True,10,,10,24,False,TM No Yds Avg LG TD 30+ Rk No Yds Avg LG TD 40+ Rk No Yds LG TD 30 BP* PR KOR FGM Tot,INCONSISTENT_COLS;WRAPPED
2023_week_05_game_analysis_report_20260628_235253.txt,5,19,33,1006,1024,True,10,,10,6,False,TM PR KOR Tot PerG Rk NOTES & LEGEND: Wk PR Yds Avg TD 30+ 10+,INCONSISTENT_COLS;WRAPPED
2023_week_05_game_analysis_report_20260628_235253.txt,5,19,34,1043,1061,True,10,,10,20,True,TM No Yards Avg LG S I10 No Yards Avg LG TD 30+ Avg NetYd* Rnk Sgl* Cover Retn FP Yds Avg,WRAPPED
2023_week_05_game_analysis_report_20260628_235253.txt,5,19,35,1068,1097,True,10,,10,20,False,Rk,INCONSISTENT_COLS;WRAPPED
2023_week_05_game_analysis_report_20260628_235253.txt,5,19,36,1104,1122,True,10,,10,6,True,TM Punt K/O Total Rk Pnt K/O,WRAPPED
2023_week_06_game_analysis_report_20260628_213541.txt,6,23,0,4,4,False,1,"BC,CGY,EDM,HAM,MTL,OTT,SSK,TOR,WPG",1,4,True,W-L RECORD & SCORING IN 2023: LAST 3:00 / TURNOVERS: WHEN LEADING AFTER,FEW_TEAMS
2023_week_06_game_analysis_report_20260628_213541.txt,6,23,1,6,6,False,1,"CGY,EDM,HAM,MTL,OTT,SSK,TOR,WPG,CFL",1,24,True,TEAM GP W L W L W L PF PA Diff W L W L W L W L W L W L W L W,FEW_TEAMS
2023_week_06_game_analysis_report_20260628_213541.txt,6,23,2,322,331,True,10,,10,17,False,TM GP PF Avg PA Avg Diff Hm Aw Team Avg Oppt Avg PER GAME Per Pts % Year PpgTM GP PF Avg PA Avg Diff Hm Aw Team Avg Oppt Avg PER GAME Per Pts % Year Ppg,INCONSISTENT_COLS
2023_week_06_game_analysis_report_20260628_213541.txt,6,23,3,335,344,True,10,,10,19,False,TM TD C1 C2 FG Sgl S/T Rush Pass Int FR PR KOR FGM Tm Q1 Q2 Q3 Q4 OT,INCONSISTENT_COLS
2023_week_06_game_analysis_report_20260628_213541.txt,6,23,4,347,356,True,10,,10,19,False,TM TD C1 C2 FG Sgl S/T Rush Pass Int FR PR KOR FGM Opp Q1 Q2 Q3 Q4 OT,INCONSISTENT_COLS
2023_week_06_game_analysis_report_20260628_213541.txt,6,23,5,360,380,True,10,,10,18,False,Team Ratio RK Fum Int Dns T/Os Pts OFF1 Ret2 Fum Int Dns T/O Pts YEAR GP T/Os PerG,INCONSISTENT_COLS;WRAPPED
2023_week_06_game_analysis_report_20260628_213541.txt,6,23,6,391,400,True,10,,10,21,False,TM Poss TD FG FGM T/O Punt Oth Drv TD Drv TD Drv TD Drv TD Drv TD Drv TD 2&O %TM Poss TD FG FGM T/O Punt Oth Drv TD Drv TD Drv TD Drv TD Drv TD Drv TD 2&O %,INCONSISTENT_COLS
2023_week_06_game_analysis_report_20260628_213541.txt,6,23,7,413,422,True,10,,10,21,True,TM Poss TD FG FGM T/O Punt Oth Drv TD Drv TD Drv TD Drv TD Drv TD Drv TD 2&O %,
2023_week_06_game_analysis_report_20260628_213541.txt,6,23,8,428,447,True,10,,10,18,False,Rk No TD Gap 2 Poss FP Yds YdL 1 RESULTS Drv TD % Drv TD %,INCONSISTENT_COLS;WRAPPED
2023_week_06_game_analysis_report_20260628_213541.txt,6,23,9,458,476,True,10,,10,20,False,Team Total Rnk Rush Pass Rets Rets Rets Tot Rush Pass Rets Rets Ret Diff YEAR BPs Total OFF Off Rets,INCONSISTENT_COLS;WRAPPED
2023_week_06_game_analysis_report_20260628_213541.txt,6,23,10,480,507,True,10,,10,18,True,TEAM Att 1 TD % Rnk FG T/O Oth Pts % OPPT Att 1 TD % Rnk FG T/O Oth Pts %TEAM Att 1 TD % Rnk FG T/O Oth Pts % OPPT Att 1 TD % Rnk FG T/O Oth Pts %,WRAPPED
2023_week_06_game_analysis_report_20260628_213541.txt,6,23,11,520,530,True,10,,10,13,False,TM Chall Won Pct Chall Won Chall Won Pen? NoP? Pass Comp Spot BY TYPE OF REQUEST,INCONSISTENT_COLS;WRAPPED
2023_week_06_game_analysis_report_20260628_213541.txt,6,23,12,538,567,True,10,,10,17,False,TM GP Yards Pass Rush Tm Ls Per G Rank Plays Per Pl Rank Pass SA Rush TLs* % Rs %Ps+ OthTM GP Yards Pass Rush Tm Ls Per G Rank Plays Per Pl Rank Pass SA Rush TLs % Rs %Ps+ Oth,INCONSISTENT_COLS;WRAPPED
2023_week_06_game_analysis_report_20260628_213541.txt,6,23,13,572,599,True,10,,10,17,True,TM GP Yards Pass Rush Tm L Per G Rank Plays Per Pl Rank Pass SA Rush TLs % Rs%Ps+ Oth,WRAPPED
2023_week_06_game_analysis_report_20260628_213541.txt,6,23,14,603,633,True,10,,10,8,False,TM Plays Avg Yd Rank Rush Pass+ Plays Av Yd Rank,INCONSISTENT_COLS;WRAPPED
2023_week_06_game_analysis_report_20260628_213541.txt,6,23,15,637,646,True,10,,10,19,False,TM Att Yards Avg TD 10+ 20+ PerG Att Yds Avg Att Yds Esc 3 Atts Yards Avg TD 10+ 20+,INCONSISTENT_COLS
2023_week_06_game_analysis_report_20260628_213541.txt,6,23,16,653,662,True,10,,10,20,True,TM Att Com % Yards Int TD LG 30+ 2D1 Effic IC% Avg YAC TDI PerG Depth Yds SA Runs Backs,
2023_week_06_game_analysis_report_20260628_213541.txt,6,23,17,673,682,True,10,,10,21,False,TM Att Com % Yds Int TD Effic Att Com % Yds Int TD Effic Att Com % Yds Int TD Effic,INCONSISTENT_COLS
2023_week_06_game_analysis_report_20260628_213541.txt,6,23,18,687,696,True,10,,10,20,False,TM Att Com % Yards Int TD LG 30+ 2D1 Effic IC% Avg YAC TDI PerG Depth Yds SA Runs BacksTM Att Com % Yards Int TD LG 30+ 2D Effic IC% Avg YAC TDI PerG Depth Yds SA Runs Backs,INCONSISTENT_COLS
2023_week_06_game_analysis_report_20260628_213541.txt,6,23,19,699,708,True,10,,10,21,True,TM Att Com % Yds 2 Int TD Effic Att Com % Yds 2 Int TD Effic Att Com % Yds 2 Int TD Effic,
2023_week_06_game_analysis_report_20260628_213541.txt,6,23,20,715,742,True,10,,10,16,True,TM Att / Md % Rk Att / Md % Att / Md % Att / Md % Yards Avg RkTM Att / Md % Rk Att / Md % Att / Md % Att / Md % Yards Avg Rk,WRAPPED
2023_week_06_game_analysis_report_20260628_213541.txt,6,23,21,745,775,True,10,,10,16,False,TM Att / Md % Rk Att / Md % Att / Md % Att / Md % Yards Avg Rk,INCONSISTENT_COLS;WRAPPED
2023_week_06_game_analysis_report_20260628_213541.txt,6,23,22,793,802,True,10,,10,14,True,TM Tot Rush Pass Pen Opp FD Rush Pass Pen TM Att / Md Fail Att / Md Fail,
2023_week_06_game_analysis_report_20260628_213541.txt,6,23,23,868,874,True,7,"TOR,WPG,CFL",7,13,True,TM GP ALL Avg Acc Decl Yards Off Def SpTm Punt K/Os Pt R KOR,"MISSING:TOR,WPG,CFL"
2023_week_06_game_analysis_report_20260628_213541.txt,6,23,24,876,879,False,4,"BC,CGY,EDM,HAM,MTL,OTT",4,13,True,TEAMS,FEW_TEAMS
2023_week_06_game_analysis_report_20260628_213541.txt,6,23,25,894,903,True,10,,10,18,False,TM FGA / Md % LG S FGA Md % FGA Md % FGA Md Yards Avg Yards Avg Averages,INCONSISTENT_COLS
2023_week_06_game_analysis_report_20260628_213541.txt,6,23,26,908,917,True,10,,10,7,False,TM FG Ms Att Yd Avg Sgl Missed From - Yards Out: No Yards LG TD All FG Missg g,INCONSISTENT_COLS
2023_week_06_game_analysis_report_20260628_213541.txt,6,23,27,922,931,True,10,,10,10,False,TM Att / C-1 % Miss Atts / C-2 % Md Rsh Pass Def,INCONSISTENT_COLS
2023_week_06_game_analysis_report_20260628_213541.txt,6,23,28,943,961,True,10,,10,20,True,TM No Yards Avg LG S I10 No Yards Avg LG TD 30+ Avg NetYd* Rnk Sgl* Cover Retn FP Yds Avg,WRAPPED
2023_week_06_game_analysis_report_20260628_213541.txt,6,23,29,968,997,True,10,,10,20,False,Rk,INCONSISTENT_COLS;WRAPPED
2023_week_06_game_analysis_report_20260628_213541.txt,6,23,30,1006,1025,True,10,,10,6,False,TM Punt K/O Total Rk Pnt K/O,INCONSISTENT_COLS;WRAPPED
2023_week_06_game_analysis_report_20260628_213541.txt,6,23,31,1033,1062,True,10,,10,24,False,TM No Yds Avg LG TD 30+ Rk No Yds Avg LG TD 40+ Rk No Yds LG TD 30 BP* PR KOR FGM Tot,INCONSISTENT_COLS;WRAPPED
2023_week_06_game_analysis_report_20260628_213541.txt,6,23,32,1066,1095,True,10,,10,24,False,TM No Yds Avg LG TD 30+ Rk No Yds Avg LG TD 40+ Rk No Yds LG TD 30 BP* PR KOR FGM Tot,INCONSISTENT_COLS;WRAPPED
2023_week_06_game_analysis_report_20260628_213541.txt,6,23,33,1100,1118,True,10,,10,6,False,TM PR KOR Tot PerG Rk NOTES & LEGEND: Wk PR Yds Avg TD 30+ 10+,INCONSISTENT_COLS;WRAPPED
2023_week_07_game_analysis_report_20260628_213607.txt,7,27,0,4,4,False,1,"BC,CGY,EDM,HAM,MTL,OTT,SSK,TOR,WPG",1,4,True,W-L RECORD & SCORING IN 2023: LAST 3:00 / TURNOVERS: WHEN LEADING AFTER,FEW_TEAMS
2023_week_07_game_analysis_report_20260628_213607.txt,7,27,1,6,6,False,1,"CGY,EDM,HAM,MTL,OTT,SSK,TOR,WPG,CFL",1,24,True,TEAM GP W L W L W L PF PA Diff W L W L W L W L W L W L W L,FEW_TEAMS
2023_week_07_game_analysis_report_20260628_213607.txt,7,27,2,321,330,True,10,,10,17,False,TM GP PF Avg PA Avg Diff Hm Aw Team Avg Oppt Avg PER GAME Per Pts % Year PpgTM GP PF Avg PA Avg Diff Hm Aw Team Avg Oppt Avg PER GAME Per Pts % Year Ppg,INCONSISTENT_COLS
2023_week_07_game_analysis_report_20260628_213607.txt,7,27,3,334,343,True,10,,10,19,False,TM TD C1 C2 FG Sgl S/T Rush Pass Int FR PR KOR FGM Tm Q1 Q2 Q3 Q4 OT,INCONSISTENT_COLS
2023_week_07_game_analysis_report_20260628_213607.txt,7,27,4,346,355,True,10,,10,19,False,TM TD C1 C2 FG Sgl S/T Rush Pass Int FR PR KOR FGM Opp Q1 Q2 Q3 Q4 OT,INCONSISTENT_COLS
2023_week_07_game_analysis_report_20260628_213607.txt,7,27,5,359,379,True,10,,10,18,False,Team Ratio RK Fum Int Dns T/Os Pts OFF1 Ret2 Fum Int Dns T/O Pts YEAR GP T/Os PerG,INCONSISTENT_COLS;WRAPPED
2023_week_07_game_analysis_report_20260628_213607.txt,7,27,6,390,399,True,10,,10,21,False,TM Poss TD FG FGM T/O Punt Oth Drv TD Drv TD Drv TD Drv TD Drv TD Drv TD 2&O %TM Poss TD FG FGM T/O Punt Oth Drv TD Drv TD Drv TD Drv TD Drv TD Drv TD 2&O %,INCONSISTENT_COLS
2023_week_07_game_analysis_report_20260628_213607.txt,7,27,7,412,421,True,10,,10,21,True,TM Poss TD FG FGM T/O Punt Oth Drv TD Drv TD Drv TD Drv TD Drv TD Drv TD 2&O %,
2023_week_07_game_analysis_report_20260628_213607.txt,7,27,8,427,446,True,10,,10,18,False,Rk No TD Gap 2 Poss FP Yds YdL 1 RESULTS Drv TD % Drv TD %,INCONSISTENT_COLS;WRAPPED
2023_week_07_game_analysis_report_20260628_213607.txt,7,27,9,457,475,True,10,,10,20,False,Team Total Rnk Rush Pass Rets Rets Rets Tot Rush Pass Rets Rets Ret Diff YEAR BPs Total OFF Off Rets,INCONSISTENT_COLS;WRAPPED
2023_week_07_game_analysis_report_20260628_213607.txt,7,27,10,479,506,True,10,,10,18,True,TEAM Att 1 TD % Rnk FG T/O Oth Pts % OPPT Att 1 TD % Rnk FG T/O Oth Pts %TEAM Att 1 TD % Rnk FG T/O Oth Pts % OPPT Att 1 TD % Rnk FG T/O Oth Pts %,WRAPPED
2023_week_07_game_analysis_report_20260628_213607.txt,7,27,11,519,529,True,10,,10,13,False,TM Chall Won Pct Chall Won Chall Won Pen? NoP? Pass Comp Spot BY TYPE OF REQUEST,INCONSISTENT_COLS;WRAPPED
2023_week_07_game_analysis_report_20260628_213607.txt,7,27,12,537,566,True,10,,10,17,False,TM GP Yards Pass Rush Tm Ls Per G Rank Plays Per Pl Rank Pass SA Rush TLs* % Rs %Ps+ OthTM GP Yards Pass Rush Tm Ls Per G Rank Plays Per Pl Rank Pass SA Rush TLs % Rs %Ps+ Oth,INCONSISTENT_COLS;WRAPPED
2023_week_07_game_analysis_report_20260628_213607.txt,7,27,13,571,598,True,10,,10,17,True,TM GP Yards Pass Rush Tm L Per G Rank Plays Per Pl Rank Pass SA Rush TLs % Rs%Ps+ Oth,WRAPPED
2023_week_07_game_analysis_report_20260628_213607.txt,7,27,14,602,632,True,10,,10,8,False,TM Plays Avg Yd Rank Rush Pass+ Plays Av Yd Rank,INCONSISTENT_COLS;WRAPPED
2023_week_07_game_analysis_report_20260628_213607.txt,7,27,15,636,645,True,10,,10,19,False,TM Att Yards Avg TD 10+ 20+ PerG Att Yds Avg Att Yds Esc 3 Atts Yards Avg TD 10+ 20+,INCONSISTENT_COLS
2023_week_07_game_analysis_report_20260628_213607.txt,7,27,16,652,661,True,10,,10,20,True,TM Att Com % Yards Int TD LG 30+ 2D1 Effic IC% Avg YAC TDI PerG Depth Yds SA Runs Backs,
2023_week_07_game_analysis_report_20260628_213607.txt,7,27,17,672,681,True,10,,10,21,False,TM Att Com % Yds Int TD Effic Att Com % Yds Int TD Effic Att Com % Yds Int TD Effic,INCONSISTENT_COLS
2023_week_07_game_analysis_report_20260628_213607.txt,7,27,18,686,695,True,10,,10,20,False,TM Att Com % Yards Int TD LG 30+ 2D1 Effic IC% Avg YAC TDI PerG Depth Yds SA Runs BacksTM Att Com % Yards Int TD LG 30+ 2D Effic IC% Avg YAC TDI PerG Depth Yds SA Runs Backs,INCONSISTENT_COLS
2023_week_07_game_analysis_report_20260628_213607.txt,7,27,19,698,707,True,10,,10,21,True,TM Att Com % Yds 2 Int TD Effic Att Com % Yds 2 Int TD Effic Att Com % Yds 2 Int TD Effic,
2023_week_07_game_analysis_report_20260628_213607.txt,7,27,20,714,741,True,10,,10,16,True,TM Att / Md % Rk Att / Md % Att / Md % Att / Md % Yards Avg RkTM Att / Md % Rk Att / Md % Att / Md % Att / Md % Yards Avg Rk,WRAPPED
2023_week_07_game_analysis_report_20260628_213607.txt,7,27,21,744,774,True,10,,10,16,False,TM Att / Md % Rk Att / Md % Att / Md % Att / Md % Yards Avg Rk,INCONSISTENT_COLS;WRAPPED
2023_week_07_game_analysis_report_20260628_213607.txt,7,27,22,792,801,True,10,,10,14,True,TM Tot Rush Pass Pen Opp FD Rush Pass Pen TM Att / Md Fail Att / Md Fail,
2023_week_07_game_analysis_report_20260628_213607.txt,7,27,23,868,874,True,7,"TOR,WPG,CFL",7,13,False,TM GP ALL Avg Acc Decl Yards Off Def SpTm Punt K/Os Pt R KOR,"MISSING:TOR,WPG,CFL;INCONSISTENT_COLS"
2023_week_07_game_analysis_report_20260628_213607.txt,7,27,24,876,879,False,4,"BC,CGY,EDM,HAM,MTL,OTT",4,13,True,TEAMS,FEW_TEAMS
2023_week_07_game_analysis_report_20260628_213607.txt,7,27,25,894,903,True,10,,10,18,False,TM FGA / Md % LG S FGA Md % FGA Md % FGA Md Yards Avg Yards Avg Averages,INCONSISTENT_COLS
2023_week_07_game_analysis_report_20260628_213607.txt,7,27,26,908,917,True,10,,10,10,False,TM FG Ms Att Yd Avg Sgl Missed From - Yards Out: No Yards LG TD All FG Missg g,INCONSISTENT_COLS
2023_week_07_game_analysis_report_20260628_213607.txt,7,27,27,922,931,True,10,,10,10,False,TM Att / C-1 % Miss Atts / C-2 % Md Rsh Pass Def,INCONSISTENT_COLS
2023_week_07_game_analysis_report_20260628_213607.txt,7,27,28,943,961,True,10,,10,20,True,TM No Yards Avg LG S I10 No Yards Avg LG TD 30+ Avg NetYd* Rnk Sgl* Cover Retn FP Yds Avg,WRAPPED
2023_week_07_game_analysis_report_20260628_213607.txt,7,27,29,968,997,True,10,,10,20,False,Rk,INCONSISTENT_COLS;WRAPPED
2023_week_07_game_analysis_report_20260628_213607.txt,7,27,30,1006,1025,True,10,,10,6,False,TM Punt K/O Total Rk Punt K/O,INCONSISTENT_COLS;WRAPPED
2023_week_07_game_analysis_report_20260628_213607.txt,7,27,31,1033,1062,True,10,,10,24,False,TM No Yds Avg LG TD 30+ Rk No Yds Avg LG TD 40+ Rk No Yds LG TD 30 BP* PR KOR FGM Tot,INCONSISTENT_COLS;WRAPPED
2023_week_07_game_analysis_report_20260628_213607.txt,7,27,32,1066,1095,True,10,,10,24,False,TM No Yds Avg LG TD 30+ Rk No Yds Avg LG TD 40+ Rk No Yds LG TD 30 BP* PR KOR FGM Tot,INCONSISTENT_COLS;WRAPPED
2023_week_07_game_analysis_report_20260628_213607.txt,7,27,33,1100,1118,True,10,,10,12,False,TM PR KOR Tot PerG Rk NOTES & LEGEND: Wk PR Yds Avg TD 30+ 10+,INCONSISTENT_COLS;WRAPPED
2023_week_08_game_analysis_report_20260628_213628.txt,8,31,0,4,4,False,1,"BC,CGY,EDM,HAM,MTL,OTT,SSK,TOR,WPG",1,4,True,W-L RECORD & SCORING IN 2023: LAST 3:00 / TURNOVERS: WHEN LEADING AFTER,FEW_TEAMS
2023_week_08_game_analysis_report_20260628_213628.txt,8,31,1,6,6,False,1,"CGY,EDM,HAM,MTL,OTT,SSK,TOR,WPG,CFL",1,24,True,TEAM GP W L W L W L PF PA Diff W L W L W L W L W L W L W L,FEW_TEAMS
2023_week_08_game_analysis_report_20260628_213628.txt,8,31,2,322,331,True,10,,10,17,False,TM GP PF Avg PA Avg Diff Hm Aw Team Avg Oppt Avg PER GAME Per Pts % Year PpgTM GP PF Avg PA Avg Diff Hm Aw Team Avg Oppt Avg PER GAME Per Pts % Year Ppg,INCONSISTENT_COLS
2023_week_08_game_analysis_report_20260628_213628.txt,8,31,3,335,344,True,10,,10,19,False,TM TD C1 C2 FG Sgl S/T Rush Pass Int FR PR KOR FGM Tm Q1 Q2 Q3 Q4 OT,INCONSISTENT_COLS
2023_week_08_game_analysis_report_20260628_213628.txt,8,31,4,347,356,True,10,,10,19,False,TM TD C1 C2 FG Sgl S/T Rush Pass Int FR PR KOR FGM Opp Q1 Q2 Q3 Q4 OT,INCONSISTENT_COLS
2023_week_08_game_analysis_report_20260628_213628.txt,8,31,5,360,379,True,10,,10,18,False,Team Ratio RK Fum Int Dns T/Os Pts OFF1 Ret2 Fum Int Dns T/O Pts YEAR GP T/Os PerGTeam Ratio RK Fum Int Dns T/Os Pts O et Fum Int Dns T/O Pts YEAR GP T/Os PerG,INCONSISTENT_COLS;WRAPPED
2023_week_08_game_analysis_report_20260628_213628.txt,8,31,6,390,399,True,10,,10,22,False,TM Poss TD FG FGM T/O Punt Oth TD% Drv TD Drv TD Drv TD Drv TD Drv TD Drv TD 2&O %TM Poss TD FG FGM T/O Punt Oth TD% Drv TD Drv TD Drv TD Drv TD Drv TD Drv TD 2&O %,INCONSISTENT_COLS
2023_week_08_game_analysis_report_20260628_213628.txt,8,31,7,412,421,True,10,,10,22,True,TM Poss TD FG FGM T/O Punt Oth TD% Drv TD Drv TD Drv TD Drv TD Drv TD Drv TD 2&O %,
2023_week_08_game_analysis_report_20260628_213628.txt,8,31,8,427,446,True,10,,10,18,False,Rk No TD Gap 2 Poss FP Yds YdL 1 RESULTS Drv TD % Drv TD %,INCONSISTENT_COLS;WRAPPED
2023_week_08_game_analysis_report_20260628_213628.txt,8,31,9,457,475,True,10,,10,20,False,Team Total Rnk Rush Pass Rets Rets Rets Tot Rush Pass Rets Rets Ret Diff YEAR BPs Total OFF Off Rets,INCONSISTENT_COLS;WRAPPED
2023_week_08_game_analysis_report_20260628_213628.txt,8,31,10,479,506,True,10,,10,18,True,TEAM Att 1 TD % Rnk FG T/O Oth Pts % OPPT Att 1 TD % Rnk FG T/O Oth Pts %TEAM Att 1 TD % Rnk FG T/O Oth Pts % OPPT Att 1 TD % Rnk FG T/O Oth Pts %,WRAPPED
2023_week_08_game_analysis_report_20260628_213628.txt,8,31,11,519,529,True,10,,10,13,False,TM Chall Won Pct Chall Won Chall Won Pen? NoP? Pass Comp Spot BY TYPE OF REQUEST,INCONSISTENT_COLS;WRAPPED
2023_week_08_game_analysis_report_20260628_213628.txt,8,31,12,537,566,True,10,,10,17,False,TM GP Yards Pass Rush Tm Ls Per G Rank Plays Per Pl Rank Pass SA Rush TLs* % Rs %Ps+ OthTM GP Yards Pass Rush Tm Ls Per G Rank Plays Per Pl Rank Pass SA Rush TLs % Rs %Ps+ Oth,INCONSISTENT_COLS;WRAPPED
2023_week_08_game_analysis_report_20260628_213628.txt,8,31,13,571,598,True,10,,10,17,True,TM GP Yards Pass Rush Tm L Per G Rank Plays Per Pl Rank Pass SA Rush TLs % Rs%Ps+ Oth,WRAPPED
2023_week_08_game_analysis_report_20260628_213628.txt,8,31,14,602,632,True,10,,10,8,False,TM Plays Avg Yd Rank Rush Pass+ Plays Av Yd Rank,INCONSISTENT_COLS;WRAPPED
2023_week_08_game_analysis_report_20260628_213628.txt,8,31,15,636,645,True,10,,10,19,False,TM Att Yards Avg TD 10+ 20+ PerG Att Yds Avg Att Yds Esc 3 Atts Yards Avg TD 10+ 20+,INCONSISTENT_COLS
2023_week_08_game_analysis_report_20260628_213628.txt,8,31,16,652,661,True,10,,10,20,True,TM Att Com % Yards Int TD LG 30+ 2D1 Effic IC% Avg YAC TDI PerG Depth Yds SA Runs Backs,
2023_week_08_game_analysis_report_20260628_213628.txt,8,31,17,672,681,True,10,,10,21,False,TM Att Com % Yds Int TD Effic Att Com % Yds Int TD Effic Att Com % Yds Int TD Effic,INCONSISTENT_COLS
2023_week_08_game_analysis_report_20260628_213628.txt,8,31,18,686,695,True,10,,10,20,False,TM Att Com % Yards Int TD LG 30+ 2D1 Effic IC% Avg YAC TDI PerG Depth Yds SA Runs BacksTM Att Com % Yards Int TD LG 30+ 2D Effic IC% Avg YAC TDI PerG Depth Yds SA Runs Backs,INCONSISTENT_COLS
2023_week_08_game_analysis_report_20260628_213628.txt,8,31,19,698,707,True,10,,10,21,True,TM Att Com % Yds 2 Int TD Effic Att Com % Yds 2 Int TD Effic Att Com % Yds 2 Int TD Effic,
2023_week_08_game_analysis_report_20260628_213628.txt,8,31,20,714,741,True,10,,10,16,True,TM Att / Md % Rk Att / Md % Att / Md % Att / Md % Yards Avg RkTM Att / Md % Rk Att / Md % Att / Md % Att / Md % Yards Avg Rk,WRAPPED
2023_week_08_game_analysis_report_20260628_213628.txt,8,31,21,744,774,True,10,,10,16,False,TM Att / Md % Rk Att / Md % Att / Md % Att / Md % Yards Avg Rk,INCONSISTENT_COLS;WRAPPED
2023_week_08_game_analysis_report_20260628_213628.txt,8,31,22,792,801,True,10,,10,14,True,TM Tot Rush Pass Pen Opp FD Rush Pass Pen TM Att / Md Fail Att / Md Fail,
2023_week_08_game_analysis_report_20260628_213628.txt,8,31,23,868,874,True,7,"TOR,WPG,CFL",7,13,False,TM GP ALL Avg Acc Decl Yards Off Def SpTm Punt K/Os Pt R KOR,"MISSING:TOR,WPG,CFL;INCONSISTENT_COLS"
2023_week_08_game_analysis_report_20260628_213628.txt,8,31,24,876,879,False,4,"BC,CGY,EDM,HAM,MTL,OTT",4,13,True,TEAMS,FEW_TEAMS
2023_week_08_game_analysis_report_20260628_213628.txt,8,31,25,894,903,True,10,,10,18,False,TM FGA / Md % LG S FGA Md % FGA Md % FGA Md Yards Avg Yards Avg Averages,INCONSISTENT_COLS
2023_week_08_game_analysis_report_20260628_213628.txt,8,31,26,908,917,True,10,,10,11,False,TM FG Ms Att Yd Avg Sgl Missed From - Yards Out: No Yards LG TD All FG Missg g,INCONSISTENT_COLS
2023_week_08_game_analysis_report_20260628_213628.txt,8,31,27,922,931,True,10,,10,10,False,TM Att / C-1 % Miss Atts / C-2 % Md Rsh Pass Def,INCONSISTENT_COLS
2023_week_08_game_analysis_report_20260628_213628.txt,8,31,28,943,961,True,10,,10,20,True,TM No Yards Avg LG S I10 No Yards Avg LG TD 30+ Avg NetYd* Rnk Sgl* Cover Retn FP Yds Avg,WRAPPED
2023_week_08_game_analysis_report_20260628_213628.txt,8,31,29,968,997,True,10,,10,20,False,Rk,INCONSISTENT_COLS;WRAPPED
2023_week_08_game_analysis_report_20260628_213628.txt,8,31,30,1006,1025,True,10,,10,6,False,TM Punt K/O Total Rk Punt K/O,INCONSISTENT_COLS;WRAPPED
2023_week_08_game_analysis_report_20260628_213628.txt,8,31,31,1033,1062,True,10,,10,24,False,TM No Yds Avg LG TD 30+ Rk No Yds Avg LG TD 40+ Rk No Yds LG TD 30 BP* PR KOR FGM Tot,INCONSISTENT_COLS;WRAPPED
2023_week_08_game_analysis_report_20260628_213628.txt,8,31,32,1066,1095,True,10,,10,24,False,TM No Yds Avg LG TD 30+ Rk No Yds Avg LG TD 40+ Rk No Yds LG TD 30 BP* PR KOR FGM Tot,INCONSISTENT_COLS;WRAPPED
2023_week_08_game_analysis_report_20260628_213628.txt,8,31,33,1100,1118,True,10,,10,12,False,TM PR KOR Tot PerG Rk NOTES & LEGEND: Wk PR Yds Avg TD 30+ 10+,INCONSISTENT_COLS;WRAPPED
2023_week_09_game_analysis_report_20260628_213649.txt,9,35,0,4,4,False,1,"BC,CGY,EDM,HAM,MTL,OTT,SSK,TOR,WPG",1,7,True,W-L RECORD & SCORING IN 2023: LAST 3:00 WHEN LEADING AFTER WHEN TRAILING AFTER,FEW_TEAMS
2023_week_09_game_analysis_report_20260628_213649.txt,9,35,1,6,6,False,1,"CGY,EDM,HAM,MTL,OTT,SSK,TOR,WPG,CFL",1,24,True,TEAM GP W L W L W L PF PA Diff W L W L W L W L W L W L W L,FEW_TEAMS
2023_week_09_game_analysis_report_20260628_213649.txt,9,35,2,324,333,True,10,,10,17,False,TM GP PF Avg PA Avg Diff Hm Aw Team Avg Oppt Avg PER GAME Per Pts % Year PpgTM GP PF Avg PA Avg Diff Hm Aw Team Avg Oppt Avg PER GAME Per Pts % Year Ppg,INCONSISTENT_COLS
2023_week_09_game_analysis_report_20260628_213649.txt,9,35,3,337,346,True,10,,10,19,False,TM TD C1 C2 FG Sgl S/T Rush Pass Int FR PR KOR FGM Tm Q1 Q2 Q3 Q4 OT,INCONSISTENT_COLS
2023_week_09_game_analysis_report_20260628_213649.txt,9,35,4,349,358,True,10,,10,19,False,TM TD C1 C2 FG Sgl S/T Rush Pass Int FR PR KOR FGM Opp Q1 Q2 Q3 Q4 OT,INCONSISTENT_COLS
2023_week_09_game_analysis_report_20260628_213649.txt,9,35,5,362,381,True,10,,10,18,False,Team Ratio RK Fum Int Dns T/Os Pts OFF1 Ret2 Fum Int Dns T/O Pts YEAR GP T/Os PerGTeam Ratio RK Fum Int Dns T/Os Pts O et Fum Int Dns T/O Pts YEAR GP T/Os PerG,INCONSISTENT_COLS;WRAPPED
2023_week_09_game_analysis_report_20260628_213649.txt,9,35,6,392,401,True,10,,10,22,False,TM Poss TD FG FGM T/O Punt Oth TD% Drv TD Drv TD Drv TD Drv TD Drv TD Drv TD 2&O %TM Poss TD FG FGM T/O Punt Oth TD% Drv TD Drv TD Drv TD Drv TD Drv TD Drv TD 2&O %,INCONSISTENT_COLS
2023_week_09_game_analysis_report_20260628_213649.txt,9,35,7,414,423,True,10,,10,22,True,TM Poss TD FG FGM T/O Punt Oth TD% Drv TD Drv TD Drv TD Drv TD Drv TD Drv TD 2&O %,
2023_week_09_game_analysis_report_20260628_213649.txt,9,35,8,429,448,True,10,,10,18,False,Rk No TD Gap 2 Poss FP Yds YdL 1 RESULTS Drv TD % Drv TD %,INCONSISTENT_COLS;WRAPPED
2023_week_09_game_analysis_report_20260628_213649.txt,9,35,9,459,477,True,10,,10,20,False,Team Total Rnk Rush Pass Rets Rets Rets Tot Rush Pass Rets Rets Ret Diff YEAR BPs Total OFF Off Rets,INCONSISTENT_COLS;WRAPPED
2023_week_09_game_analysis_report_20260628_213649.txt,9,35,10,481,508,True,10,,10,18,True,TEAM Att 1 TD % Rnk FG T/O Oth Pts % OPPT Att 1 TD % Rnk FG T/O Oth Pts %TEAM Att 1 TD % Rnk FG T/O Oth Pts % OPPT Att 1 TD % Rnk FG T/O Oth Pts %,WRAPPED
2023_week_09_game_analysis_report_20260628_213649.txt,9,35,11,521,531,True,10,,10,13,False,TM Chall Won Pct Chall Won Chall Won Pen? NoP? Pass Comp Spot BY TYPE OF REQUEST,INCONSISTENT_COLS;WRAPPED
2023_week_09_game_analysis_report_20260628_213649.txt,9,35,12,539,568,True,10,,10,17,False,TM GP Yards Pass Rush Tm Ls Per G Rank Plays Per Pl Rank Pass SA Rush TLs* % Rs %Ps+ OthTM GP Yards Pass Rush Tm Ls Per G Rank Plays Per Pl Rank Pass SA Rush TLs % Rs %Ps+ Oth,INCONSISTENT_COLS;WRAPPED
2023_week_09_game_analysis_report_20260628_213649.txt,9,35,13,573,600,True,10,,10,17,True,TM GP Yards Pass Rush Tm L Per G Rank Plays Per Pl Rank Pass SA Rush TLs % Rs%Ps+ Oth,WRAPPED
2023_week_09_game_analysis_report_20260628_213649.txt,9,35,14,604,634,True,10,,10,8,False,TM Plays Avg Yd Rank Rush Pass+ Plays Av Yd Rank,INCONSISTENT_COLS;WRAPPED
2023_week_09_game_analysis_report_20260628_213649.txt,9,35,15,638,647,True,10,,10,19,False,TM Att Yards Avg TD 10+ 20+ PerG Att Yds Avg Att Yds Esc 3 Atts Yards Avg TD 10+ 20+,INCONSISTENT_COLS
2023_week_09_game_analysis_report_20260628_213649.txt,9,35,16,654,663,True,10,,10,20,True,TM Att Com % Yards Int TD LG 30+ 2D1 Effic IC% Avg YAC TDI PerG Depth Yds SA Runs Backs,
2023_week_09_game_analysis_report_20260628_213649.txt,9,35,17,674,683,True,10,,10,21,False,TM Att Com % Yds Int TD Effic Att Com % Yds Int TD Effic Att Com % Yds Int TD Effic,INCONSISTENT_COLS
2023_week_09_game_analysis_report_20260628_213649.txt,9,35,18,688,697,True,10,,10,20,False,TM Att Com % Yards Int TD LG 30+ 2D1 Effic IC% Avg YAC TDI PerG Depth Yds SA Runs BacksTM Att Com % Yards Int TD LG 30+ 2D Effic IC% Avg YAC TDI PerG Depth Yds SA Runs Backs,INCONSISTENT_COLS
2023_week_09_game_analysis_report_20260628_213649.txt,9,35,19,700,709,True,10,,10,21,True,TM Att Com % Yds 2 Int TD Effic Att Com % Yds 2 Int TD Effic Att Com % Yds 2 Int TD Effic,
2023_week_09_game_analysis_report_20260628_213649.txt,9,35,20,716,743,True,10,,10,16,True,TM Att / Md % Rk Att / Md % Att / Md % Att / Md % Yards Avg RkTM Att / Md % Rk Att / Md % Att / Md % Att / Md % Yards Avg Rk,WRAPPED
2023_week_09_game_analysis_report_20260628_213649.txt,9,35,21,746,776,True,10,,10,16,False,TM Att / Md % Rk Att / Md % Att / Md % Att / Md % Yards Avg Rk,INCONSISTENT_COLS;WRAPPED
2023_week_09_game_analysis_report_20260628_213649.txt,9,35,22,794,803,True,10,,10,14,True,TM Tot Rush Pass Pen Opp FD Rush Pass Pen TM Att / Md Fail Att / Md Fail,
2023_week_09_game_analysis_report_20260628_213649.txt,9,35,23,870,876,True,7,"TOR,WPG,CFL",7,13,False,TM GP ALL Avg Acc Decl Yards Off Def SpTm Punt K/Os Pt R KOR,"MISSING:TOR,WPG,CFL;INCONSISTENT_COLS"
2023_week_09_game_analysis_report_20260628_213649.txt,9,35,24,878,881,False,4,"BC,CGY,EDM,HAM,MTL,OTT",4,13,True,TEAMS,FEW_TEAMS
2023_week_09_game_analysis_report_20260628_213649.txt,9,35,25,896,905,True,10,,10,18,False,TM FGA / Md % LG S FGA Md % FGA Md % FGA Md Yards Avg Yards Avg Averages,INCONSISTENT_COLS
2023_week_09_game_analysis_report_20260628_213649.txt,9,35,26,910,919,True,10,,10,9,False,TM FG Ms Att Yd Avg Sgl Missed From - Yards Out: No Yards LG TD All FG Missg g,INCONSISTENT_COLS
2023_week_09_game_analysis_report_20260628_213649.txt,9,35,27,924,933,True,10,,10,10,False,TM Att / C-1 % Miss Atts / C-2 % Md Rsh Pass Def,INCONSISTENT_COLS
2023_week_09_game_analysis_report_20260628_213649.txt,9,35,28,945,963,True,10,,10,20,True,TM No Yards Avg LG S I10 No Yards Avg LG TD 30+ Avg NetYd* Rnk Sgl* Cover Retn FP Yds Avg,WRAPPED
2023_week_09_game_analysis_report_20260628_213649.txt,9,35,29,970,999,True,10,,10,20,False,Rk,INCONSISTENT_COLS;WRAPPED
2023_week_09_game_analysis_report_20260628_213649.txt,9,35,30,1008,1027,True,10,,10,6,False,TM Punt K/O Total Rk Punt K/O,INCONSISTENT_COLS;WRAPPED
2023_week_09_game_analysis_report_20260628_213649.txt,9,35,31,1035,1064,True,10,,10,24,False,TM No Yds Avg LG TD 30+ Rk No Yds Avg LG TD 40+ Rk No Yds LG TD 30 BP* PR KOR FGM Tot,INCONSISTENT_COLS;WRAPPED
2023_week_09_game_analysis_report_20260628_213649.txt,9,35,32,1068,1097,True,10,,10,24,False,TM No Yds Avg LG TD 30+ Rk No Yds Avg LG TD 40+ Rk No Yds LG TD 30 BP* PR KOR FGM Tot,INCONSISTENT_COLS;WRAPPED
2023_week_09_game_analysis_report_20260628_213649.txt,9,35,33,1102,1120,True,10,,10,12,False,TM PR KOR Tot PerG Rk NOTES & LEGEND: Wk PR Yds Avg TD 30+ 10+,INCONSISTENT_COLS;WRAPPED
2023_week_10_game_analysis_report_20260628_213716.txt,10,39,0,4,4,False,1,"BC,CGY,EDM,HAM,MTL,OTT,SSK,TOR,WPG",1,7,True,W-L RECORD & SCORING IN 2023: LAST 3:00 WHEN LEADING AFTER WHEN TRAILING AFTER,FEW_TEAMS
2023_week_10_game_analysis_report_20260628_213716.txt,10,39,1,6,6,False,1,"CGY,EDM,HAM,MTL,OTT,SSK,TOR,WPG,CFL",1,24,True,TEAM GP W L W L W L PF PA Diff W L W L W L W L W L W L W L,FEW_TEAMS
2023_week_10_game_analysis_report_20260628_213716.txt,10,39,2,325,334,True,10,,10,17,False,TM GP PF Avg PA Avg Diff Hm Aw Team Avg Oppt Avg PER GAME Per Pts % Year PpgTM GP PF Avg PA Avg Diff Hm Aw Team Avg Oppt Avg PER GAME Per Pts % Year Ppg,INCONSISTENT_COLS
2023_week_10_game_analysis_report_20260628_213716.txt,10,39,3,338,347,True,10,,10,19,False,TM TD C1 C2 FG Sgl S/T Rush Pass Int FR PR KOR FGM Tm Q1 Q2 Q3 Q4 OT,INCONSISTENT_COLS
2023_week_10_game_analysis_report_20260628_213716.txt,10,39,4,350,359,True,10,,10,19,False,TM TD C1 C2 FG Sgl S/T Rush Pass Int FR PR KOR FGM Opp Q1 Q2 Q3 Q4 OT,INCONSISTENT_COLS
2023_week_10_game_analysis_report_20260628_213716.txt,10,39,5,363,382,True,10,,10,18,False,Team Ratio RK Fum Int Dns T/Os Pts OFF1 Ret2 Fum Int Dns T/O Pts YEAR GP T/Os PerGTeam Ratio RK Fum Int Dns T/Os Pts O et Fum Int Dns T/O Pts YEAR GP T/Os PerG,INCONSISTENT_COLS;WRAPPED
2023_week_10_game_analysis_report_20260628_213716.txt,10,39,6,393,402,True,10,,10,22,False,TM Poss TD FG FGM T/O Punt Oth TD% Drv TD Drv TD Drv TD Drv TD Drv TD Drv TD 2&O %TM Poss TD FG FGM T/O Punt Oth TD% Drv TD Drv TD Drv TD Drv TD Drv TD Drv TD 2&O %,INCONSISTENT_COLS
2023_week_10_game_analysis_report_20260628_213716.txt,10,39,7,415,424,True,10,,10,22,True,TM Poss TD FG FGM T/O Punt Oth TD% Drv TD Drv TD Drv TD Drv TD Drv TD Drv TD 2&O %,
2023_week_10_game_analysis_report_20260628_213716.txt,10,39,8,430,449,True,10,,10,18,False,Rk No TD Gap 2 Poss FP Yds YdL 1 RESULTS Drv TD % Drv TD %,INCONSISTENT_COLS;WRAPPED
2023_week_10_game_analysis_report_20260628_213716.txt,10,39,9,460,487,True,10,,10,21,False,Team Total Rnk Rush Pass Rets Rets Rets Tot Rush Pass Rets Rets Ret Diff Rnk YEAR BPs Total OFF Off Rets,INCONSISTENT_COLS;WRAPPED
2023_week_10_game_analysis_report_20260628_213716.txt,10,39,10,491,518,True,10,,10,18,True,TEAM Att 1 TD % Rnk FG T/O Oth Pts % OPPT Att 1 TD % Rnk FG T/O Oth Pts %TEAM Att 1 TD % Rnk FG T/O Oth Pts % OPPT Att 1 TD % Rnk FG T/O Oth Pts %,WRAPPED
2023_week_10_game_analysis_report_20260628_213716.txt,10,39,11,531,541,True,10,,10,13,False,TM Chall Won Pct Chall Won Chall Won Pen? NoP? Pass Comp Spot BY TYPE OF REQUEST,INCONSISTENT_COLS;WRAPPED
2023_week_10_game_analysis_report_20260628_213716.txt,10,39,12,549,578,True,10,,10,17,False,TM GP Yards Pass Rush Tm Ls Per G Rank Plays Per Pl Rank Pass SA Rush TLs* % Rs %Ps+ OthTM GP Yards Pass Rush Tm Ls Per G Rank Plays Per Pl Rank Pass SA Rush TLs % Rs %Ps+ Oth,INCONSISTENT_COLS;WRAPPED
2023_week_10_game_analysis_report_20260628_213716.txt,10,39,13,583,610,True,10,,10,17,True,TM GP Yards Pass Rush Tm L Per G Rank Plays Per Pl Rank Pass SA Rush TLs % Rs%Ps+ Oth,WRAPPED
2023_week_10_game_analysis_report_20260628_213716.txt,10,39,14,614,628,True,5,"OTT,SSK,TOR,WPG,CFL",5,10,True,TM Plays Avg Yd Rank Rush Pass+ Plays Av Yd Rank Team Oppt,"MISSING:OTT,SSK,TOR,WPG,CFL;WRAPPED"
2023_week_10_game_analysis_report_20260628_213716.txt,10,39,15,631,647,True,6,"BC,CGY,EDM,HAM",6,10,True,"15,467","MISSING:BC,CGY,EDM,HAM;WRAPPED"
2023_week_10_game_analysis_report_20260628_213716.txt,10,39,16,651,660,True,10,,10,19,False,TM Att Yards Avg TD 10+ 20+ PerG Att Yds Avg Att Yds Esc 3 Atts Yards Avg TD 10+ 20+,INCONSISTENT_COLS
2023_week_10_game_analysis_report_20260628_213716.txt,10,39,17,667,676,True,10,,10,20,True,TM Att Com % Yards Int TD LG 30+ 2D1 Effic IC% Avg YAC TDI PerG Depth Yds SA Runs Backs,
2023_week_10_game_analysis_report_20260628_213716.txt,10,39,18,687,696,True,10,,10,21,False,TM Att Com % Yds Int TD Effic Att Com % Yds Int TD Effic Att Com % Yds Int TD Effic,INCONSISTENT_COLS
2023_week_10_game_analysis_report_20260628_213716.txt,10,39,19,701,710,True,10,,10,20,False,TM Att Com % Yards Int TD LG 30+ 2D1 Effic IC% Avg YAC TDI PerG Depth Yds SA Runs BacksTM Att Com % Yards Int TD LG 30+ 2D Effic IC% Avg YAC TDI PerG Depth Yds SA Runs Backs,INCONSISTENT_COLS
2023_week_10_game_analysis_report_20260628_213716.txt,10,39,20,713,722,True,10,,10,21,True,TM Att Com % Yds 2 Int TD Effic Att Com % Yds 2 Int TD Effic Att Com % Yds 2 Int TD Effic,
2023_week_10_game_analysis_report_20260628_213716.txt,10,39,21,729,756,True,10,,10,16,True,TM Att / Md % Rk Att / Md % Att / Md % Att / Md % Yards Avg RkTM Att / Md % Rk Att / Md % Att / Md % Att / Md % Yards Avg Rk,WRAPPED
2023_week_10_game_analysis_report_20260628_213716.txt,10,39,22,759,789,True,10,,10,16,False,TM Att / Md % Rk Att / Md % Att / Md % Att / Md % Yards Avg Rk,INCONSISTENT_COLS;WRAPPED
2023_week_10_game_analysis_report_20260628_213716.txt,10,39,23,807,816,True,10,,10,14,True,TM Tot Rush Pass Pen Opp FD Rush Pass Pen TM Att / Md Fail Att / Md Fail,
2023_week_10_game_analysis_report_20260628_213716.txt,10,39,24,879,879,False,1,"BC,CGY,EDM,HAM,MTL,OTT,SSK,TOR,WPG",1,11,True,Rough Play DQ 0 1 0.03 3 0.04 7 0.11 7 0.09 11 82 16.8,FEW_TEAMS
2023_week_10_game_analysis_report_20260628_213716.txt,10,39,25,889,898,True,10,,10,18,False,TM FGA / Md % LG S FGA Md % FGA Md % FGA Md Yards Avg Yards Avg Averages,INCONSISTENT_COLS
2023_week_10_game_analysis_report_20260628_213716.txt,10,39,26,903,912,True,10,,10,9,False,TM FG Ms Att Yd Avg Sgl Missed From - Yards Out: No Yards LG TD All FG Missg g,INCONSISTENT_COLS
2023_week_10_game_analysis_report_20260628_213716.txt,10,39,27,917,926,True,10,,10,10,False,TM Att / C-1 % Miss Atts / C-2 % Md Rsh Pass Def,INCONSISTENT_COLS
2023_week_10_game_analysis_report_20260628_213716.txt,10,39,28,938,956,True,10,,10,20,True,TM No Yards Avg LG S I10 No Yards Avg LG TD 30+ Avg NetYd* Rnk Sgl* Cover Retn FP Yds Avg,WRAPPED
2023_week_10_game_analysis_report_20260628_213716.txt,10,39,29,963,992,True,10,,10,20,False,Rk,INCONSISTENT_COLS;WRAPPED
2023_week_10_game_analysis_report_20260628_213716.txt,10,39,30,1001,1020,True,10,,10,6,False,TM Punt K/O Total Rk Punt K/O,INCONSISTENT_COLS;WRAPPED
2023_week_10_game_analysis_report_20260628_213716.txt,10,39,31,1028,1057,True,10,,10,24,False,TM No Yds Avg LG TD 30+ Rk No Yds Avg LG TD 40+ Rk No Yds LG TD 30 BP* PR KOR FGM Tot,INCONSISTENT_COLS;WRAPPED
2023_week_10_game_analysis_report_20260628_213716.txt,10,39,32,1061,1090,True,10,,10,24,False,TM No Yds Avg LG TD 30+ Rk No Yds Avg LG TD 40+ Rk No Yds LG TD 30 BP* PR KOR FGM Tot,INCONSISTENT_COLS;WRAPPED
2023_week_10_game_analysis_report_20260628_213716.txt,10,39,33,1095,1113,True,10,,10,12,False,TM PR KOR Tot PerG Rk NOTES & LEGEND: Wk PR Yds Avg TD 30+ 10+,INCONSISTENT_COLS;WRAPPED
2023_week_11_game_analysis_report_20260628_213736.txt,11,43,0,4,4,False,1,"BC,CGY,EDM,HAM,MTL,OTT,SSK,TOR,WPG",1,7,True,W-L RECORD & SCORING IN 2023: LAST 3:00 WHEN LEADING AFTER WHEN TRAILING AFTER,FEW_TEAMS
2023_week_11_game_analysis_report_20260628_213736.txt,11,43,1,6,6,False,1,"CGY,EDM,HAM,MTL,OTT,SSK,TOR,WPG,CFL",1,24,True,TEAM GP W L W L W L PF PA Diff W L W L W L W L W L W L W L,FEW_TEAMS
2023_week_11_game_analysis_report_20260628_213736.txt,11,43,2,315,324,True,10,,10,17,False,TM GP PF Avg PA Avg Diff Hm Aw Team Avg Oppt Avg PER GAME Per Pts % Year PpgTM GP PF Avg PA Avg Diff Hm Aw Team Avg Oppt Avg PER GAME Per Pts % Year Ppg,INCONSISTENT_COLS
2023_week_11_game_analysis_report_20260628_213736.txt,11,43,3,328,337,True,10,,10,19,False,TM TD C1 C2 FG Sgl S/T Rush Pass Int FR PR KOR FGM Tm Q1 Q2 Q3 Q4 OT,INCONSISTENT_COLS
2023_week_11_game_analysis_report_20260628_213736.txt,11,43,4,340,349,True,10,,10,19,False,TM TD C1 C2 FG Sgl S/T Rush Pass Int FR PR KOR FGM Opp Q1 Q2 Q3 Q4 OT,INCONSISTENT_COLS
2023_week_11_game_analysis_report_20260628_213736.txt,11,43,5,353,372,True,10,,10,18,False,Team Ratio RK Fum Int Dns T/Os Pts OFF1 Ret2 Fum Int Dns T/O Pts YEAR GP T/Os PerGTeam Ratio RK Fum Int Dns T/Os Pts O et Fum Int Dns T/O Pts YEAR GP T/Os PerG,INCONSISTENT_COLS;WRAPPED
2023_week_11_game_analysis_report_20260628_213736.txt,11,43,6,383,392,True,10,,10,22,False,TM Poss TD FG FGM T/O Punt Oth TD% Drv TD Drv TD Drv TD Drv TD Drv TD Drv TD 2&O %TM Poss TD FG FGM T/O Punt Oth TD% Drv TD Drv TD Drv TD Drv TD Drv TD Drv TD 2&O %,INCONSISTENT_COLS
2023_week_11_game_analysis_report_20260628_213736.txt,11,43,7,405,414,True,10,,10,22,True,TM Poss TD FG FGM T/O Punt Oth TD% Drv TD Drv TD Drv TD Drv TD Drv TD Drv TD 2&O %,
2023_week_11_game_analysis_report_20260628_213736.txt,11,43,8,420,439,True,10,,10,18,False,Rk No TD Gap 2 Poss FP Yds YdL 1 RESULTS Drv TD % Drv TD %,INCONSISTENT_COLS;WRAPPED
2023_week_11_game_analysis_report_20260628_213736.txt,11,43,9,449,476,True,10,,10,16,True,TM Att / Md % Rk Att / Md % Att / Md % Att / Md % Yards Avg RkTM Att / Md % Rk Att / Md % Att / Md % Att / Md % Yards Avg Rk,WRAPPED
2023_week_11_game_analysis_report_20260628_213736.txt,11,43,10,479,509,True,10,,10,16,False,TM Att / Md % Rk Att / Md % Att / Md % Att / Md % Yards Avg Rk,INCONSISTENT_COLS;WRAPPED
2023_week_11_game_analysis_report_20260628_213736.txt,11,43,11,525,535,True,10,,10,14,False,TM Att / Md Fail % Att / Md % YEAR Att Md % TEAM Att / Md %,INCONSISTENT_COLS;WRAPPED
2023_week_11_game_analysis_report_20260628_213736.txt,11,43,12,546,573,True,10,,10,21,False,Team Total Rnk Rush Pass Rets Rets Rets Tot Rush Pass Rets Rets Ret Diff Rnk YEAR BPs Total OFF Off Rets,INCONSISTENT_COLS;WRAPPED
2023_week_11_game_analysis_report_20260628_213736.txt,11,43,13,577,604,True,10,,10,18,True,TEAM Att 1 TD % Rnk FG T/O Oth Pts % OPPT Att 1 TD % Rnk FG T/O Oth Pts %TEAM Att 1 TD % Rnk FG T/O Oth Pts % OPPT Att 1 TD % Rnk FG T/O Oth Pts %,WRAPPED
2023_week_11_game_analysis_report_20260628_213736.txt,11,43,14,617,627,True,10,,10,13,False,TM Chall Won Pct Chall Won Chall Won Pen? NoP? Pass Comp Spot BY TYPE OF REQUEST,INCONSISTENT_COLS;WRAPPED
2023_week_11_game_analysis_report_20260628_213736.txt,11,43,15,635,664,True,10,,10,17,False,TM GP Yards Pass Rush Tm Ls Per G Rank Plays Per Pl Rank Pass SA Rush TLs* % Rs %Ps+ OthTM GP Yards Pass Rush Tm Ls Per G Rank Plays Per Pl Rank Pass SA Rush TLs % Rs %Ps+ Oth,INCONSISTENT_COLS;WRAPPED
2023_week_11_game_analysis_report_20260628_213736.txt,11,43,16,669,696,True,10,,10,17,True,TM GP Yards Pass Rush Tm L Per G Rank Plays Per Pl Rank Pass SA Rush TLs % Rs%Ps+ Oth,WRAPPED
2023_week_11_game_analysis_report_20260628_213736.txt,11,43,17,700,714,True,5,"OTT,SSK,TOR,WPG,CFL",5,10,True,TM Plays Avg Yd Rank Rush Pass+ Plays Av Yd Rank Team Oppt,"MISSING:OTT,SSK,TOR,WPG,CFL;WRAPPED"
2023_week_11_game_analysis_report_20260628_213736.txt,11,43,18,717,733,True,6,"BC,CGY,EDM,HAM",6,10,True,"17,009","MISSING:BC,CGY,EDM,HAM;WRAPPED"
2023_week_11_game_analysis_report_20260628_213736.txt,11,43,19,737,746,True,10,,10,19,False,TM Att Yards Avg TD 10+ 20+ PerG Att Yds Avg Att Yds Esc 3 Atts Yards Avg TD 10+ 20+,INCONSISTENT_COLS
2023_week_11_game_analysis_report_20260628_213736.txt,11,43,20,753,762,True,10,,10,20,True,TM Att Com % Yards Int TD LG 30+ 2D1 Effic IC% Avg YAC TDI PerG Depth Yds SA Runs Backs,
2023_week_11_game_analysis_report_20260628_213736.txt,11,43,21,773,782,True,10,,10,21,False,TM Att Com % Yds Int TD Effic Att Com % Yds Int TD Effic Att Com % Yds Int TD Effic,INCONSISTENT_COLS
2023_week_11_game_analysis_report_20260628_213736.txt,11,43,22,787,796,True,10,,10,20,False,TM Att Com % Yards Int TD LG 30+ 2D1 Effic IC% Avg YAC TDI PerG Depth Yds SA Runs BacksTM Att Com % Yards Int TD LG 30+ 2D Effic IC% Avg YAC TDI PerG Depth Yds SA Runs Backs,INCONSISTENT_COLS
2023_week_11_game_analysis_report_20260628_213736.txt,11,43,23,799,808,True,10,,10,21,True,TM Att Com % Yds 2 Int TD Effic Att Com % Yds 2 Int TD Effic Att Com % Yds 2 Int TD Effic,
2023_week_11_game_analysis_report_20260628_213736.txt,11,43,24,874,883,True,10,,10,17,False,TM FGA / Md % LG S FGA Md % FGA Md % FGA Md Yards Avg Yards Avg FG AttsTM FGA / Md % LG S FGA Md % FGA Md % FGA Md Yards Avg Yards Avg FG Atts,INCONSISTENT_COLS
2023_week_11_game_analysis_report_20260628_213736.txt,11,43,25,888,897,True,10,,10,9,False,TM FG Ms Att Yd Avg Sgl Missed From - Yards Out: No Yds LG TD,INCONSISTENT_COLS
2023_week_11_game_analysis_report_20260628_213736.txt,11,43,26,911,920,True,10,,10,16,False,TM Att / C-1 % Miss Year Att Md % TM Atts / C-2 % Md Rsh Pass Def Rsh Pass,INCONSISTENT_COLS
2023_week_11_game_analysis_report_20260628_213736.txt,11,43,27,928,946,True,10,,10,20,True,TM No Yards Avg LG S I10 No Yards Avg LG TD 30+ Avg NetYd* Rnk Sgl* Cover Retn FP Yds Avg,WRAPPED
2023_week_11_game_analysis_report_20260628_213736.txt,11,43,28,953,982,True,10,,10,20,False,Rk,INCONSISTENT_COLS;WRAPPED
2023_week_11_game_analysis_report_20260628_213736.txt,11,43,29,991,1010,True,10,,10,6,False,TM Punt K/O Total Rk Punt K/O,INCONSISTENT_COLS;WRAPPED
2023_week_11_game_analysis_report_20260628_213736.txt,11,43,30,1018,1047,True,10,,10,24,False,TM No Yds Avg LG TD 30+ 10+ Rk No Yds Avg LG TD 40+ Rk No Yds LG TD 30 BP* PR KOR FGM Tot,INCONSISTENT_COLS;WRAPPED
2023_week_11_game_analysis_report_20260628_213736.txt,11,43,31,1051,1080,True,10,,10,24,False,TM No Yds Avg LG TD 30+ 10+ Rk No Yds Avg LG TD 40+ Rk No Yds LG TD 30 BP* PR KOR FGM Tot,INCONSISTENT_COLS;WRAPPED
2023_week_11_game_analysis_report_20260628_213736.txt,11,43,32,1085,1103,True,10,,10,12,False,TM PR KOR Tot PerG Rk NOTES & LEGEND: Wk PR Yds Avg TD 30+ 10+,INCONSISTENT_COLS;WRAPPED
2023_week_12_game_analysis_report_20260628_213757.txt,12,47,0,4,4,False,1,"BC,CGY,EDM,HAM,MTL,OTT,SSK,TOR,WPG",1,7,True,W-L RECORD & SCORING IN 2023: LAST 3:00 WHEN LEADING AFTER WHEN TRAILING AFTER,FEW_TEAMS
2023_week_12_game_analysis_report_20260628_213757.txt,12,47,1,6,6,False,1,"CGY,EDM,HAM,MTL,OTT,SSK,TOR,WPG,CFL",1,24,True,TEAM GP W L W L W L PF PA Diff W L W L W L W L W L W L W L,FEW_TEAMS
2023_week_12_game_analysis_report_20260628_213757.txt,12,47,2,312,321,True,10,,10,17,False,TM GP PF Avg PA Avg Diff Hm Aw Team Avg Oppt Avg PER GAME Per Pts % Year PpgTM GP PF Avg PA Avg Diff Hm Aw Team Avg Oppt Avg PER GAME Per Pts % Year Ppg,INCONSISTENT_COLS
2023_week_12_game_analysis_report_20260628_213757.txt,12,47,3,325,334,True,10,,10,19,False,TM TD C1 C2 FG Sgl S/T Rush Pass Int FR PR KOR FGM Tm Q1 Q2 Q3 Q4 OT,INCONSISTENT_COLS
2023_week_12_game_analysis_report_20260628_213757.txt,12,47,4,337,346,True,10,,10,19,False,TM TD C1 C2 FG Sgl S/T Rush Pass Int FR PR KOR FGM Opp Q1 Q2 Q3 Q4 OT,INCONSISTENT_COLS
2023_week_12_game_analysis_report_20260628_213757.txt,12,47,5,350,369,True,10,,10,18,False,Team Ratio RK Fum Int Dns T/Os Pts OFF1 Ret2 Fum Int Dns T/O Pts YEAR GP T/Os PerGTeam Ratio RK Fum Int Dns T/Os Pts O et Fum Int Dns T/O Pts YEAR GP T/Os PerG,INCONSISTENT_COLS;WRAPPED
2023_week_12_game_analysis_report_20260628_213757.txt,12,47,6,380,389,True,10,,10,22,False,TM Poss TD FG FGM T/O Punt Oth TD% Drv TD Drv TD Drv TD Drv TD Drv TD Drv TD 2&O %TM Poss TD FG FGM T/O Punt Oth TD% Drv TD Drv TD Drv TD Drv TD Drv TD Drv TD 2&O %,INCONSISTENT_COLS
2023_week_12_game_analysis_report_20260628_213757.txt,12,47,7,402,411,True,10,,10,22,True,TM Poss TD FG FGM T/O Punt Oth TD% Drv TD Drv TD Drv TD Drv TD Drv TD Drv TD 2&O %,
2023_week_12_game_analysis_report_20260628_213757.txt,12,47,8,417,422,False,3,"HAM,MTL,OTT,SSK,TOR,WPG,CFL",3,17,False,Rk No TD Poss YdL 1 GP + - Gap RESULTS Drv TD %,FEW_TEAMS;INCONSISTENT_COLS;WRAPPED
2023_week_12_game_analysis_report_20260628_213757.txt,12,47,9,425,439,True,8,"BC,CGY",8,17,False,OPPONENTS - GAMES,"MISSING:BC,CGY;INCONSISTENT_COLS;WRAPPED"
2023_week_12_game_analysis_report_20260628_213757.txt,12,47,10,451,478,True,10,,10,16,True,TM Att / Md % Rk Att / Md % Att / Md % Att / Md % Yards Avg RkTM Att / Md % Rk Att / Md % Att / Md % Att / Md % Yards Avg Rk,WRAPPED
2023_week_12_game_analysis_report_20260628_213757.txt,12,47,11,481,511,True,10,,10,16,False,TM Att / Md % Rk Att / Md % Att / Md % Att / Md % Yards Avg Rk,INCONSISTENT_COLS;WRAPPED
2023_week_12_game_analysis_report_20260628_213757.txt,12,47,12,527,537,True,10,,10,14,False,TM Att / Md Fail % Att / Md % YEAR Att Md % TEAM Att / Md %,INCONSISTENT_COLS;WRAPPED
2023_week_12_game_analysis_report_20260628_213757.txt,12,47,13,548,571,True,10,,10,21,False,Team Total Game Rush Pass Rets Rets Rets Tot Rush Pass Rets Rets Ret Diff Rnk YEAR BPs Total OFF Off Rets,INCONSISTENT_COLS;WRAPPED
2023_week_12_game_analysis_report_20260628_213757.txt,12,47,14,575,602,True,10,,10,18,True,TEAM Att 1 TD % Rnk FG T/O Oth Pts % OPPT Att 1 TD % Rnk FG T/O Oth Pts %,WRAPPED
2023_week_12_game_analysis_report_20260628_213757.txt,12,47,15,615,625,True,10,,10,13,False,TM Chall Won Pct Chall Won Chall Won Pen? NoP? Pass Comp Spot BY TYPE OF REQUEST,INCONSISTENT_COLS;WRAPPED
2023_week_12_game_analysis_report_20260628_213757.txt,12,47,16,633,662,True,10,,10,17,False,TM GP Yards Pass Rush Tm Ls Per G Rank Plays Per Pl Rank Pass SA Rush TLs* % Rs %Ps+ OthTM GP Yards Pass Rush Tm Ls Per G Rank Plays Per Pl Rank Pass SA Rush TLs % Rs %Ps+ Oth,INCONSISTENT_COLS;WRAPPED
2023_week_12_game_analysis_report_20260628_213757.txt,12,47,17,667,694,True,10,,10,17,True,TM GP Yards Pass Rush Tm L Per G Rank Plays Per Pl Rank Pass SA Rush TLs % Rs%Ps+ Oth,WRAPPED
2023_week_12_game_analysis_report_20260628_213757.txt,12,47,18,698,728,True,10,,10,17,False,TM Plays Avg Yd Rank Rush Pass+ Plays Av Yd Rank Team Oppt TM Tot Rush Pass Pen Opp F Rush Pass,INCONSISTENT_COLS;WRAPPED
2023_week_12_game_analysis_report_20260628_213757.txt,12,47,19,734,743,True,10,,10,19,False,TM Att Yards Avg TD 10+ 20+ PerG Att Yds Avg Att Yds Esc 3 Atts Yards Avg TD 10+ 20+,INCONSISTENT_COLS
2023_week_12_game_analysis_report_20260628_213757.txt,12,47,20,751,760,True,10,,10,20,True,TM Att Com % Yards Int TD LG 30+ 2D1 Effic IC% Avg YAC TDI PerG Depth Yds SA Runs Backs,
2023_week_12_game_analysis_report_20260628_213757.txt,12,47,21,771,780,True,10,,10,21,False,TM Att Com % Yds Int TD Effic Att Com % Yds Int TD Effic Att Com % Yds Int TD Effic,INCONSISTENT_COLS
2023_week_12_game_analysis_report_20260628_213757.txt,12,47,22,785,794,True,10,,10,20,False,TM Att Com % Yards Int TD LG 30+ 2D1 Effic IC% Avg YAC TDI PerG Depth Yds SA Runs BacksTM Att Com % Yards Int TD LG 30+ 2D Effic IC% Avg YAC TDI PerG Depth Yds SA Runs Backs,INCONSISTENT_COLS
2023_week_12_game_analysis_report_20260628_213757.txt,12,47,23,797,806,True,10,,10,21,True,TM Att Com % Yds 2 Int TD Effic Att Com % Yds 2 Int TD Effic Att Com % Yds 2 Int TD Effic,
2023_week_12_game_analysis_report_20260628_213757.txt,12,47,24,875,884,True,10,,10,17,False,TM FGA / Md % LG S FGA Md % FGA Md % FGA Md Yards Avg Yards Avg FG AttsTM FGA / Md % LG S FGA Md % FGA Md % FGA Md Yards Avg Yards Avg FG Atts,INCONSISTENT_COLS
2023_week_12_game_analysis_report_20260628_213757.txt,12,47,25,889,898,True,10,,10,10,False,TM FG Ms Att Yd Avg Sgl Missed From - Yards Out: No Yds LG TD,INCONSISTENT_COLS
2023_week_12_game_analysis_report_20260628_213757.txt,12,47,26,912,921,True,10,,10,16,False,TM Att / C-1 % Miss Year Att Md % TM Atts / C-2 % Md Rsh Pass Def Rsh Pass,INCONSISTENT_COLS
2023_week_12_game_analysis_report_20260628_213757.txt,12,47,27,929,947,True,10,,10,20,True,TM No Yards Avg LG S I10 No Yards Avg LG TD 30+ Avg NetYd* Rnk Sgl* Cover Retn FP Yds Avg,WRAPPED
2023_week_12_game_analysis_report_20260628_213757.txt,12,47,28,954,973,True,10,,10,19,False,Rk,INCONSISTENT_COLS;WRAPPED
2023_week_12_game_analysis_report_20260628_213757.txt,12,47,29,982,1001,True,10,,10,6,False,TM Punt K/O Total Rk Punt K/O,INCONSISTENT_COLS;WRAPPED
2023_week_12_game_analysis_report_20260628_213757.txt,12,47,30,1009,1038,True,10,,10,24,False,TM No Yds Avg LG TD 30+ 10+ Rk No Yds Avg LG TD 40+ Rk No Yds LG TD 30 BP* PR KOR FGM Tot,INCONSISTENT_COLS;WRAPPED
2023_week_12_game_analysis_report_20260628_213757.txt,12,47,31,1042,1071,True,10,,10,24,False,TM No Yds Avg LG TD 30+ 10+ Rk No Yds Avg LG TD 40+ Rk No Yds LG TD 30 BP* PR KOR FGM Tot,INCONSISTENT_COLS;WRAPPED
2023_week_12_game_analysis_report_20260628_213757.txt,12,47,32,1076,1094,True,10,,10,12,False,TM PR KOR Tot PerG Rk NOTES & LEGEND: Wk PR Yds Avg TD 30+ 10+,INCONSISTENT_COLS;WRAPPED
2023_week_13_game_analysis_report_20260628_213817.txt,13,51,0,4,4,False,1,"BC,CGY,EDM,HAM,MTL,OTT,SSK,TOR,WPG",1,7,True,W-L RECORD & SCORING IN 2023: LAST 3:00 WHEN LEADING AFTER WHEN TRAILING AFTER,FEW_TEAMS
2023_week_13_game_analysis_report_20260628_213817.txt,13,51,1,6,6,False,1,"CGY,EDM,HAM,MTL,OTT,SSK,TOR,WPG,CFL",1,24,True,TEAM GP W L W L W L PF PA Diff W L W L W L W L W L W L W L,FEW_TEAMS
2023_week_13_game_analysis_report_20260628_213817.txt,13,51,2,313,322,True,10,,10,17,False,TM GP PF Avg PA Avg Diff Hm Aw Team Avg Oppt Avg PER GAME Per Pts % Year PpgTM GP PF Avg PA Avg Diff Hm Aw Team Avg Oppt Avg PER GAME Per Pts % Year Ppg,INCONSISTENT_COLS
2023_week_13_game_analysis_report_20260628_213817.txt,13,51,3,326,335,True,10,,10,19,False,TM TD C1 C2 FG Sgl S/T Rush Pass Int FR PR KOR FGM Tm Q1 Q2 Q3 Q4 OT,INCONSISTENT_COLS
2023_week_13_game_analysis_report_20260628_213817.txt,13,51,4,338,347,True,10,,10,19,False,TM TD C1 C2 FG Sgl S/T Rush Pass Int FR PR KOR FGM Opp Q1 Q2 Q3 Q4 OT,INCONSISTENT_COLS
2023_week_13_game_analysis_report_20260628_213817.txt,13,51,5,351,370,True,10,,10,18,False,Team Ratio RK Fum Int Dns T/Os Pts OFF1 Ret2 Fum Int Dns T/O Pts YEAR GP T/Os PerGTeam Ratio RK Fum Int Dns T/Os Pts O et Fum Int Dns T/O Pts YEAR GP T/Os PerG,INCONSISTENT_COLS;WRAPPED
2023_week_13_game_analysis_report_20260628_213817.txt,13,51,6,381,390,True,10,,10,22,False,TM Poss TD FG FGM T/O Punt Oth TD% Drv TD Drv TD Drv TD Drv TD Drv TD Drv TD 2&O %TM Poss TD FG FGM T/O Punt Oth TD% Drv TD Drv TD Drv TD Drv TD Drv TD Drv TD 2&O %,INCONSISTENT_COLS
2023_week_13_game_analysis_report_20260628_213817.txt,13,51,7,403,412,True,10,,10,22,True,TM Poss TD FG FGM T/O Punt Oth TD% Drv TD Drv TD Drv TD Drv TD Drv TD Drv TD 2&O %,
2023_week_13_game_analysis_report_20260628_213817.txt,13,51,8,418,423,False,3,"HAM,MTL,OTT,SSK,TOR,WPG,CFL",3,17,False,Rk No TD Poss YdL 1 GP + - Gap RESULTS Drv TD %,FEW_TEAMS;INCONSISTENT_COLS;WRAPPED
2023_week_13_game_analysis_report_20260628_213817.txt,13,51,9,426,440,True,8,"BC,CGY",8,17,False,OPPONENTS - GAMES,"MISSING:BC,CGY;INCONSISTENT_COLS;WRAPPED"
2023_week_13_game_analysis_report_20260628_213817.txt,13,51,10,452,470,True,10,,10,15,True,TM Att / Md % Rk Att / Md % Att / Md % Att / Md % Yards Avg RkTM Att / Md % Rk Att / Md % Att / Md % Att / Md % Yards Avg Rk,WRAPPED
2023_week_13_game_analysis_report_20260628_213817.txt,13,51,11,473,493,True,10,,10,15,False,TM Att / Md % Rk Att / Md % Att / Md % Att / Md % Yards Avg Rk,INCONSISTENT_COLS;WRAPPED
2023_week_13_game_analysis_report_20260628_213817.txt,13,51,12,509,519,True,10,,10,14,False,TM Att / Md Fail % Att / Md % YEAR Att Md % TEAM Att / Md %,INCONSISTENT_COLS;WRAPPED
2023_week_13_game_analysis_report_20260628_213817.txt,13,51,13,530,553,True,10,,10,21,False,Team Total Game Rush Pass Rets Rets Rets Tot Rush Pass Rets Rets Ret Diff Rnk YEAR BPs Total OFF Off Rets,INCONSISTENT_COLS;WRAPPED
2023_week_13_game_analysis_report_20260628_213817.txt,13,51,14,557,584,True,10,,10,18,True,TEAM Att 1 TD % Rnk FG T/O Oth Pts % OPPT Att 1 TD % Rnk FG T/O Oth Pts %,WRAPPED
2023_week_13_game_analysis_report_20260628_213817.txt,13,51,15,597,607,True,10,,10,13,False,TM Chall Won Pct Chall Won Chall Won Pen? NoP? Pass Comp Spot BY TYPE OF REQUEST,INCONSISTENT_COLS;WRAPPED
2023_week_13_game_analysis_report_20260628_213817.txt,13,51,16,615,644,True,10,,10,17,False,TM GP Yards Pass Rush Tm Ls Per G Rank Plays Per Pl Rank Pass SA Rush TLs* % Rs %Ps+ OthTM GP Yards Pass Rush Tm Ls Per G Rank Plays Per Pl Rank Pass SA Rush TLs % Rs %Ps+ Oth,INCONSISTENT_COLS;WRAPPED
2023_week_13_game_analysis_report_20260628_213817.txt,13,51,17,649,676,True,10,,10,17,True,TM GP Yards Pass Rush Tm L Per G Rank Plays Per Pl Rank Pass SA Rush TLs % Rs%Ps+ Oth,WRAPPED
2023_week_13_game_analysis_report_20260628_213817.txt,13,51,18,680,710,True,10,,10,17,False,TM Plays Avg Yd Rank Rush Pass+ Plays Av Yd Rank Team Oppt TM Tot Rush Pass Pen Opp F Rush Pass,INCONSISTENT_COLS;WRAPPED
2023_week_13_game_analysis_report_20260628_213817.txt,13,51,19,716,725,True,10,,10,19,False,TM Att Yards Avg TD 10+ 20+ PerG Att Yds Avg Att Yds Esc 3 Atts Yards Avg TD 10+ 20+,INCONSISTENT_COLS
2023_week_13_game_analysis_report_20260628_213817.txt,13,51,20,733,742,True,10,,10,21,True,TM Att Com % Yards Int TD LG 30+ 2D1 Effic IC% Avg YAC TDI PerG YAC Depth Yds SA Runs Backs,
2023_week_13_game_analysis_report_20260628_213817.txt,13,51,21,753,762,True,10,,10,21,False,TM Att Com % Yds Int TD Effic Att Com % Yds Int TD Effic Att Com % Yds Int TD Effic,INCONSISTENT_COLS
2023_week_13_game_analysis_report_20260628_213817.txt,13,51,22,767,776,True,10,,10,21,False,TM Att Com % Yards Int TD LG 30+ 2D1 Effic IC% Avg YAC TDI PerG YAC Depth Yds SA Runs BacksTM Att Com % Yards Int TD LG 30+ 2D Effic IC% Avg YAC TDI PerG YAC Depth Yds SA Runs Backs,INCONSISTENT_COLS
2023_week_13_game_analysis_report_20260628_213817.txt,13,51,23,779,788,True,10,,10,21,True,TM Att Com % Yds 2 Int TD Effic Att Com % Yds 2 Int TD Effic Att Com % Yds 2 Int TD Effic,
2023_week_13_game_analysis_report_20260628_213817.txt,13,51,24,857,866,True,10,,10,17,False,TM FGA / Md % LG S FGA Md % FGA Md % FGA Md Yards Avg Yards Avg FG AttsTM FGA / Md % LG S FGA Md % FGA Md % FGA Md Yards Avg Yards Avg FG Atts,INCONSISTENT_COLS
2023_week_13_game_analysis_report_20260628_213817.txt,13,51,25,871,880,True,10,,10,10,False,TM FG Ms Att Yd Avg Sgl Missed From - Yards Out: No Yds LG TD,INCONSISTENT_COLS
2023_week_13_game_analysis_report_20260628_213817.txt,13,51,26,894,903,True,10,,10,16,False,TM Att / C-1 % Miss Year Att Md % TM Atts / C-2 % Md Rsh Pass Def Rsh Pass,INCONSISTENT_COLS
2023_week_13_game_analysis_report_20260628_213817.txt,13,51,27,911,929,True,10,,10,20,True,TM No Yards Avg LG S I10 No Yards Avg LG TD 30+ Avg NetYd* Rnk Sgl* Cover Retn FP Yds Avg,WRAPPED
2023_week_13_game_analysis_report_20260628_213817.txt,13,51,28,936,965,True,10,,10,20,False,Rk,INCONSISTENT_COLS;WRAPPED
2023_week_13_game_analysis_report_20260628_213817.txt,13,51,29,974,993,True,10,,10,6,False,TM Punt K/O Total Rk Punt K/O,INCONSISTENT_COLS;WRAPPED
2023_week_13_game_analysis_report_20260628_213817.txt,13,51,30,1001,1030,True,10,,10,24,False,TM No Yds Avg LG TD 30+ 10+ Rk No Yds Avg LG TD 40+ Rk No Yds LG TD 30 BP* PR KOR FGM Tot,INCONSISTENT_COLS;WRAPPED
2023_week_13_game_analysis_report_20260628_213817.txt,13,51,31,1034,1063,True,10,,10,24,False,TM No Yds Avg LG TD 30+ 10+ Rk No Yds Avg LG TD 40+ Rk No Yds LG TD 30 BP* PR KOR FGM Tot,INCONSISTENT_COLS;WRAPPED
2023_week_13_game_analysis_report_20260628_213817.txt,13,51,32,1068,1086,True,10,,10,12,False,TM PR KOR Tot PerG Rk NOTES & LEGEND: Wk PR Yds Avg TD 30+ 10+,INCONSISTENT_COLS;WRAPPED
2023_week_14_game_analysis_report_20260628_213837.txt,14,55,0,4,4,False,1,"BC,CGY,EDM,HAM,MTL,OTT,SSK,TOR,WPG",1,7,True,W-L RECORD & SCORING IN 2023: WHEN LEADING AFTER WHEN TRAILING AFTER,FEW_TEAMS
2023_week_14_game_analysis_report_20260628_213837.txt,14,55,1,6,6,False,1,"CGY,EDM,HAM,MTL,OTT,SSK,TOR,WPG,CFL",1,25,True,TEAM GP W L Pct W L W L PF PA Diff W L W L W L W L W L W L W L,FEW_TEAMS
2023_week_14_game_analysis_report_20260628_213837.txt,14,55,2,20,20,False,1,"CGY,EDM,HAM,MTL,OTT,SSK,TOR,WPG,CFL",1,20,True,DECIDED BY W L W L W L W L OT W L W L ON TURNOVERS W L W L W L,FEW_TEAMS
2023_week_14_game_analysis_report_20260628_213837.txt,14,55,3,29,29,False,1,"BC,CGY,EDM,HAM,MTL,OTT,SSK,TOR,WPG",1,9,True,Winnipeg 1 2 1 0 6 0 3 1 0-2 7 2 3 1 Winnipeg 6 1 3 0 1 2,FEW_TEAMS
2023_week_14_game_analysis_report_20260628_213837.txt,14,55,4,501,510,True,10,,10,17,False,TM GP PF Avg PA Avg Diff Hm Aw Team Avg Oppt Avg PER GAME Per Pts % Year PpgTM GP PF Avg PA Avg Diff Hm Aw Team Avg Oppt Avg PER GAME Per Pts % Year Ppg,INCONSISTENT_COLS
2023_week_14_game_analysis_report_20260628_213837.txt,14,55,5,514,523,True,10,,10,19,False,TM TD C1 C2 FG Sgl S/T Rush Pass Int FR PR KOR FGM Tm Q1 Q2 Q3 Q4 OT,INCONSISTENT_COLS
2023_week_14_game_analysis_report_20260628_213837.txt,14,55,6,526,535,True,10,,10,19,False,TM TD C1 C2 FG Sgl S/T Rush Pass Int FR PR KOR FGM Opp Q1 Q2 Q3 Q4 OT,INCONSISTENT_COLS
2023_week_14_game_analysis_report_20260628_213837.txt,14,55,7,539,558,True,10,,10,18,False,Team Ratio RK Fum Int Dns T/Os Pts OFF1 Ret2 Fum Int Dns T/O Pts YEAR GP T/Os PerGTeam Ratio RK Fum Int Dns T/Os Pts O et Fum Int Dns T/O Pts YEAR GP T/Os PerG,INCONSISTENT_COLS;WRAPPED
2023_week_14_game_analysis_report_20260628_213837.txt,14,55,8,569,578,True,10,,10,22,False,TM Poss TD FG FGM T/O Punt Oth TD% Drv TD Drv TD Drv TD Drv TD Drv TD Drv TD 2&O %TM Poss TD FG FGM T/O Punt Oth TD% Drv TD Drv TD Drv TD Drv TD Drv TD Drv TD 2&O %,INCONSISTENT_COLS
2023_week_14_game_analysis_report_20260628_213837.txt,14,55,9,591,600,True,10,,10,22,True,TM Poss TD FG FGM T/O Punt Oth TD% Drv TD Drv TD Drv TD Drv TD Drv TD Drv TD 2&O %,
2023_week_14_game_analysis_report_20260628_213837.txt,14,55,10,606,611,False,3,"HAM,MTL,OTT,SSK,TOR,WPG,CFL",3,17,False,Rk No TD Poss YdL 1 GP + - Gap RESULTS Drv TD %,FEW_TEAMS;INCONSISTENT_COLS;WRAPPED
2023_week_14_game_analysis_report_20260628_213837.txt,14,55,11,614,628,True,8,"BC,CGY",8,17,False,OPPONENTS - GAMES,"MISSING:BC,CGY;INCONSISTENT_COLS;WRAPPED"
2023_week_14_game_analysis_report_20260628_213837.txt,14,55,12,640,667,True,10,,10,16,True,TM Att / Md % Rk Att / Md % Att / Md % Att / Md % Yards Avg RkTM Att / Md % Rk Att / Md % Att / Md % Att / Md % Yards Avg Rk,WRAPPED
2023_week_14_game_analysis_report_20260628_213837.txt,14,55,13,670,700,True,10,,10,16,False,TM Att / Md % Rk Att / Md % Att / Md % Att / Md % Yards Avg Rk,INCONSISTENT_COLS;WRAPPED
2023_week_14_game_analysis_report_20260628_213837.txt,14,55,14,716,726,True,10,,10,14,False,TM Att / Md Fail % Att / Md % YEAR Att Md % TEAM Att / Md %,INCONSISTENT_COLS;WRAPPED
2023_week_14_game_analysis_report_20260628_213837.txt,14,55,15,737,760,True,10,,10,21,False,Team Total Game Rush Pass Rets Rets Rets Tot Rush Pass Rets Rets Ret Diff Rnk YEAR BPs Total OFF Off Rets,INCONSISTENT_COLS;WRAPPED
2023_week_14_game_analysis_report_20260628_213837.txt,14,55,16,764,791,True,10,,10,18,True,TEAM Att 1 TD % Rnk FG T/O Oth Pts % OPPT Att 1 TD % Rnk FG T/O Oth Pts %,WRAPPED
2023_week_14_game_analysis_report_20260628_213837.txt,14,55,17,804,814,True,10,,10,13,False,TM Chall Won Pct Chall Won Chall Won Pen? NoP? Pass Comp Spot BY TYPE OF REQUEST,INCONSISTENT_COLS;WRAPPED
2023_week_14_game_analysis_report_20260628_213837.txt,14,55,18,822,851,True,10,,10,17,False,TM GP Yards Pass Rush Tm Ls Per G Rank Plays Per Pl Rank Pass SA Rush TLs* % Rs %Ps+ OthTM GP Yards Pass Rush Tm Ls Per G Rank Plays Per Pl Rank Pass SA Rush TLs % Rs %Ps+ Oth,INCONSISTENT_COLS;WRAPPED
2023_week_14_game_analysis_report_20260628_213837.txt,14,55,19,856,883,True,10,,10,17,True,TM GP Yards Pass Rush Tm L Per G Rank Plays Per Pl Rank Pass SA Rush TLs % Rs%Ps+ Oth,WRAPPED
2023_week_14_game_analysis_report_20260628_213837.txt,14,55,20,887,917,True,10,,10,17,False,TM Plays Avg Yd Rank Rush Pass+ Plays Av Yd Rank Team Oppt TM Tot Rush Pass Pen Opp F Rush Pass,INCONSISTENT_COLS;WRAPPED
2023_week_14_game_analysis_report_20260628_213837.txt,14,55,21,923,932,True,10,,10,19,False,TM Att Yards Avg TD 10+ 20+ PerG Att Yds Avg Att Yds Esc 3 Atts Yards Avg TD 10+ 20+,INCONSISTENT_COLS
2023_week_14_game_analysis_report_20260628_213837.txt,14,55,22,940,949,True,10,,10,21,True,TM Att Com % Yards Int TD LG 30+ 2D1 Effic IC% Avg YAC TDI PerG YAC Depth Yds SA Runs Backs,
2023_week_14_game_analysis_report_20260628_213837.txt,14,55,23,960,969,True,10,,10,21,False,TM Att Com % Yds Int TD Effic Att Com % Yds Int TD Effic Att Com % Yds Int TD Effic,INCONSISTENT_COLS
2023_week_14_game_analysis_report_20260628_213837.txt,14,55,24,974,983,True,10,,10,21,False,TM Att Com % Yards Int TD LG 30+ 2D1 Effic IC% Avg YAC TDI PerG YAC Depth Yds SA Runs Backs,INCONSISTENT_COLS
2023_week_14_game_analysis_report_20260628_213837.txt,14,55,25,986,995,True,10,,10,21,False,TM Att Com % Yds 2 Int TD Effic Att Com % Yds 2 Int TD Effic Att Com % Yds 2 Int TD Effic,INCONSISTENT_COLS
2023_week_14_game_analysis_report_20260628_213837.txt,14,55,26,1064,1073,True,10,,10,17,False,TM FGA / Md % LG S FGA Md % FGA Md % FGA Md Yards Avg Yards Avg FG AttsTM FGA / Md % LG S FGA Md % FGA Md % FGA Md Yards Avg Yards Avg FG Atts,INCONSISTENT_COLS
2023_week_14_game_analysis_report_20260628_213837.txt,14,55,27,1078,1087,True,10,,10,10,False,TM FG Ms Att Yd Avg Sgl Missed From - Yards Out: No Yds LG TD,INCONSISTENT_COLS
2023_week_14_game_analysis_report_20260628_213837.txt,14,55,28,1101,1110,True,10,,10,16,False,TM Att / C-1 % Miss Year Att Md % TM Atts / C-2 % Md Rsh Pass Def Rsh Pass,INCONSISTENT_COLS
2023_week_14_game_analysis_report_20260628_213837.txt,14,55,29,1118,1136,True,10,,10,20,True,TM No Yards Avg LG S I10 No Yards Avg LG TD 30+ Avg NetYd* Rnk Sgl* Cover Retn FP Yds Avg,WRAPPED
2023_week_14_game_analysis_report_20260628_213837.txt,14,55,30,1143,1162,True,10,,10,19,False,Rk,INCONSISTENT_COLS;WRAPPED
2023_week_14_game_analysis_report_20260628_213837.txt,14,55,31,1171,1190,True,10,,10,6,False,TM Punt K/O Total Rk Punt K/O,INCONSISTENT_COLS;WRAPPED
2023_week_14_game_analysis_report_20260628_213837.txt,14,55,32,1198,1227,True,10,,10,24,False,TM No Yds Avg LG TD 30+ 10+ Rk No Yds Avg LG TD 40+ Rk No Yds LG TD 30 BP* PR KOR FGM Tot,INCONSISTENT_COLS;WRAPPED
2023_week_14_game_analysis_report_20260628_213837.txt,14,55,33,1231,1260,True,10,,10,24,False,TM No Yds Avg LG TD 30+ 10+ Rk No Yds Avg LG TD 40+ Rk No Yds LG TD 30 BP* PR KOR FGM Tot,INCONSISTENT_COLS;WRAPPED
2023_week_14_game_analysis_report_20260628_213837.txt,14,55,34,1265,1283,True,10,,10,12,False,TM PR KOR Tot PerG Rk NOTES & LEGEND: Wk PR Yds Avg TD 30+ 10+,INCONSISTENT_COLS;WRAPPED
2023_week_15_game_analysis_report_20260628_213858.txt,15,59,0,4,4,False,1,"BC,CGY,EDM,HAM,MTL,OTT,SSK,TOR,WPG",1,7,True,W-L RECORD & SCORING IN 2023: WHEN LEADING AFTER WHEN TRAILING AFTER,FEW_TEAMS
2023_week_15_game_analysis_report_20260628_213858.txt,15,59,1,6,6,False,1,"CGY,EDM,HAM,MTL,OTT,SSK,TOR,WPG,CFL",1,25,True,TEAM GP W L Pct W L W L PF PA Diff W L W L W L W L W L W L W L,FEW_TEAMS
2023_week_15_game_analysis_report_20260628_213858.txt,15,59,2,20,20,False,1,"CGY,EDM,HAM,MTL,OTT,SSK,TOR,WPG,CFL",1,20,True,DECIDED BY W L W L W L W L OT W L W L ON TURNOVERS W L W L W L,FEW_TEAMS
2023_week_15_game_analysis_report_20260628_213858.txt,15,59,3,29,29,False,1,"BC,CGY,EDM,HAM,MTL,OTT,SSK,TOR,WPG",1,9,True,Winnipeg 1 2 1 1 6 0 3 1 0-2 7 2 3 2 Winnipeg 6 1 3 0 1 3,FEW_TEAMS
2023_week_15_game_analysis_report_20260628_213858.txt,15,59,4,511,520,True,10,,10,17,False,TM GP PF Avg PA Avg Diff Hm Aw Team Avg Oppt Avg PER GAME Per Pts % Year PpgTM GP PF Avg PA Avg Diff Hm Aw Team Avg Oppt Avg PER GAME Per Pts % Year Ppg,INCONSISTENT_COLS
2023_week_15_game_analysis_report_20260628_213858.txt,15,59,5,524,533,True,10,,10,19,False,TM TD C1 C2 FG Sgl S/T Rush Pass Int FR PR KOR FGM Tm Q1 Q2 Q3 Q4 OT,INCONSISTENT_COLS
2023_week_15_game_analysis_report_20260628_213858.txt,15,59,6,536,545,True,10,,10,19,False,TM TD C1 C2 FG Sgl S/T Rush Pass Int FR PR KOR FGM Opp Q1 Q2 Q3 Q4 OT,INCONSISTENT_COLS
2023_week_15_game_analysis_report_20260628_213858.txt,15,59,7,549,568,True,10,,10,18,False,Team Ratio RK Fum Int Dns T/Os Pts OFF1 Ret2 Fum Int Dns T/O Pts YEAR GP T/Os PerGTeam Ratio RK Fum Int Dns T/Os Pts O et Fum Int Dns T/O Pts YEAR GP T/Os PerG,INCONSISTENT_COLS;WRAPPED
2023_week_15_game_analysis_report_20260628_213858.txt,15,59,8,579,588,True,10,,10,22,False,TM Poss TD FG FGM T/O Punt Oth TD% Drv TD Drv TD Drv TD Drv TD Drv TD Drv TD 2&O %TM Poss TD FG FGM T/O Punt Oth TD% Drv TD Drv TD Drv TD Drv TD Drv TD Drv TD 2&O %,INCONSISTENT_COLS
2023_week_15_game_analysis_report_20260628_213858.txt,15,59,9,601,610,True,10,,10,22,True,TM Poss TD FG FGM T/O Punt Oth TD% Drv TD Drv TD Drv TD Drv TD Drv TD Drv TD 2&O %,
2023_week_15_game_analysis_report_20260628_213858.txt,15,59,10,616,621,False,3,"HAM,MTL,OTT,SSK,TOR,WPG,CFL",3,17,False,Rk No TD Poss YdL 1 GP + - Gap RESULTS Drv TD %,FEW_TEAMS;INCONSISTENT_COLS;WRAPPED
2023_week_15_game_analysis_report_20260628_213858.txt,15,59,11,624,638,True,8,"BC,CGY",8,17,False,OPPONENTS - GAMES,"MISSING:BC,CGY;INCONSISTENT_COLS;WRAPPED"
2023_week_15_game_analysis_report_20260628_213858.txt,15,59,12,650,677,True,10,,10,16,True,TM Att / Md % Rk Att / Md % Att / Md % Att / Md % Yards Avg RkTM Att / Md % Rk Att / Md % Att / Md % Att / Md % Yards Avg Rk,WRAPPED
2023_week_15_game_analysis_report_20260628_213858.txt,15,59,13,680,710,True,10,,10,16,False,TM Att / Md % Rk Att / Md % Att / Md % Att / Md % Yards Avg Rk,INCONSISTENT_COLS;WRAPPED
2023_week_15_game_analysis_report_20260628_213858.txt,15,59,14,726,736,True,10,,10,14,False,TM Att / Md Fail % Att / Md % YEAR Att Md % TEAM Att / Md %,INCONSISTENT_COLS;WRAPPED
2023_week_15_game_analysis_report_20260628_213858.txt,15,59,15,747,770,True,10,,10,21,False,Team Total Game Rush Pass Rets Rets Rets Tot Rush Pass Rets Rets Ret Diff Rnk YEAR BPs Total OFF Off Rets,INCONSISTENT_COLS;WRAPPED
2023_week_15_game_analysis_report_20260628_213858.txt,15,59,16,774,801,True,10,,10,18,True,TEAM Att 1 TD % Rnk FG T/O Oth Pts % OPPT Att 1 TD % Rnk FG T/O Oth Pts %,WRAPPED
2023_week_15_game_analysis_report_20260628_213858.txt,15,59,17,814,824,True,10,,10,13,False,TM Chall Won Pct Chall Won Chall Won Pen? NoP? Pass Comp Spot BY TYPE OF REQUEST,INCONSISTENT_COLS;WRAPPED
2023_week_15_game_analysis_report_20260628_213858.txt,15,59,18,832,861,True,10,,10,17,False,TM GP Yards Pass Rush Tm Ls Per G Rank Plays Per Pl Rank Pass SA Rush TLs* % Rs %Ps+ OthTM GP Yards Pass Rush Tm Ls Per G Rank Plays Per Pl Rank Pass SA Rush TLs % Rs %Ps+ Oth,INCONSISTENT_COLS;WRAPPED
2023_week_15_game_analysis_report_20260628_213858.txt,15,59,19,866,893,True,10,,10,17,True,TM GP Yards Pass Rush Tm L Per G Rank Plays Per Pl Rank Pass SA Rush TLs % Rs%Ps+ Oth,WRAPPED
2023_week_15_game_analysis_report_20260628_213858.txt,15,59,20,897,927,True,10,,10,17,False,TM Plays Avg Yd Rank Rush Pass+ Plays Av Yd Rank Team Oppt TM Tot Rush Pass Pen Opp F Rush Pass,INCONSISTENT_COLS;WRAPPED
2023_week_15_game_analysis_report_20260628_213858.txt,15,59,21,933,942,True,10,,10,19,False,TM Att Yards Avg TD 10+ 20+ PerG Att Yds Avg Att Yds Esc 3 Atts Yards Avg TD 10+ 20+,INCONSISTENT_COLS
2023_week_15_game_analysis_report_20260628_213858.txt,15,59,22,950,959,True,10,,10,21,True,TM Att Com % Yards Int TD LG 30+ 2D1 Effic IC% Avg YAC TDI PerG YAC Depth Yds SA Runs Backs,
2023_week_15_game_analysis_report_20260628_213858.txt,15,59,23,970,979,True,10,,10,21,False,TM Att Com % Yds Int TD Effic Att Com % Yds Int TD Effic Att Com % Yds Int TD Effic,INCONSISTENT_COLS
2023_week_15_game_analysis_report_20260628_213858.txt,15,59,24,984,993,True,10,,10,21,False,TM Att Com % Yards Int TD LG 30+ 2D1 Effic IC% Avg YAC TDI PerG YAC Depth Yds SA Runs Backs,INCONSISTENT_COLS
2023_week_15_game_analysis_report_20260628_213858.txt,15,59,25,996,1005,True,10,,10,21,False,TM Att Com % Yds 2 Int TD Effic Att Com % Yds 2 Int TD Effic Att Com % Yds 2 Int TD Effic,INCONSISTENT_COLS
2023_week_15_game_analysis_report_20260628_213858.txt,15,59,26,1074,1083,True,10,,10,17,False,TM FGA / Md % LG S FGA Md % FGA Md % FGA Md Yards Avg Yards Avg FG AttsTM FGA / Md % LG S FGA Md % FGA Md % FGA Md Yards Avg Yards Avg FG Atts,INCONSISTENT_COLS
2023_week_15_game_analysis_report_20260628_213858.txt,15,59,27,1088,1097,True,10,,10,11,False,TM FG Ms Att Yd Avg Sgl Missed From - Yards Out: No Yds LG TD,INCONSISTENT_COLS
2023_week_15_game_analysis_report_20260628_213858.txt,15,59,28,1111,1120,True,10,,10,16,False,TM Att / C-1 % Miss Year Att Md % TM Atts / C-2 % Md Rsh Pass Def Rsh Pass,INCONSISTENT_COLS
2023_week_15_game_analysis_report_20260628_213858.txt,15,59,29,1128,1146,True,10,,10,20,True,TM No Yards Avg LG S I10 No Yards Avg LG TD 30+ Avg NetYd* Rnk Sgl* Cover Retn FP Yds Avg,WRAPPED
2023_week_15_game_analysis_report_20260628_213858.txt,15,59,30,1153,1182,True,10,,10,20,False,Rk,INCONSISTENT_COLS;WRAPPED
2023_week_15_game_analysis_report_20260628_213858.txt,15,59,31,1191,1210,True,10,,10,6,False,TM Punt K/O Total Rk Punt K/O,INCONSISTENT_COLS;WRAPPED
2023_week_15_game_analysis_report_20260628_213858.txt,15,59,32,1218,1247,True,10,,10,24,False,TM No Yds Avg LG TD 30+ 10+ Rk No Yds Avg LG TD 40+ Rk No Yds LG TD 30 BP* PR KOR FGM Tot,INCONSISTENT_COLS;WRAPPED
2023_week_15_game_analysis_report_20260628_213858.txt,15,59,33,1251,1280,True,10,,10,24,False,TM No Yds Avg LG TD 30+ 10+ Rk No Yds Avg LG TD 40+ Rk No Yds LG TD 30 BP* PR KOR FGM Tot,INCONSISTENT_COLS;WRAPPED
2023_week_15_game_analysis_report_20260628_213858.txt,15,59,34,1285,1303,True,10,,10,12,False,TM PR KOR Tot PerG Rk NOTES & LEGEND: Wk PR Yds Avg TD 30+ 10+,INCONSISTENT_COLS;WRAPPED
2023_week_16_game_analysis_report_20260628_213916.txt,16,63,0,4,4,False,1,"BC,CGY,EDM,HAM,MTL,OTT,SSK,TOR,WPG",1,7,True,W-L RECORD & SCORING IN 2023: WHEN LEADING AFTER WHEN TRAILING AFTER,FEW_TEAMS
2023_week_16_game_analysis_report_20260628_213916.txt,16,63,1,6,6,False,1,"CGY,EDM,HAM,MTL,OTT,SSK,TOR,WPG,CFL",1,25,True,TEAM GP W L Pct W L W L PF PA Diff W L W L W L W L W L W L W L,FEW_TEAMS
2023_week_16_game_analysis_report_20260628_213916.txt,16,63,2,20,20,False,1,"CGY,EDM,HAM,MTL,OTT,SSK,TOR,WPG,CFL",1,20,True,DECIDED BY W L W L W L W L OT W L W L ON TURNOVERS W L W L W L,FEW_TEAMS
2023_week_16_game_analysis_report_20260628_213916.txt,16,63,3,29,29,False,1,"BC,CGY,EDM,HAM,MTL,OTT,SSK,TOR,WPG",1,9,True,Winnipeg 1 2 1 1 6 0 3 1 0-2 7 2 3 2 Winnipeg 6 1 3 0 1 3,FEW_TEAMS
2023_week_16_game_analysis_report_20260628_213916.txt,16,63,4,512,521,True,10,,10,17,False,TM GP PF Avg PA Avg Diff Hm Aw Team Avg Oppt Avg PER GAME Per Pts % Year PpgTM GP PF Avg PA Avg Diff Hm Aw Team Avg Oppt Avg PER GAME Per Pts % Year Ppg,INCONSISTENT_COLS
2023_week_16_game_analysis_report_20260628_213916.txt,16,63,5,525,534,True,10,,10,19,False,TM TD C1 C2 FG Sgl S/T Rush Pass Int FR PR KOR FGM Tm Q1 Q2 Q3 Q4 OT,INCONSISTENT_COLS
2023_week_16_game_analysis_report_20260628_213916.txt,16,63,6,537,546,True,10,,10,19,False,TM TD C1 C2 FG Sgl S/T Rush Pass Int FR PR KOR FGM Opp Q1 Q2 Q3 Q4 OT,INCONSISTENT_COLS
2023_week_16_game_analysis_report_20260628_213916.txt,16,63,7,550,569,True,10,,10,18,False,Team Ratio RK Fum Int Dns T/Os Pts OFF1 Ret2 Fum Int Dns T/O Pts YEAR GP T/Os PerGTeam Ratio RK Fum Int Dns T/Os Pts O et Fum Int Dns T/O Pts YEAR GP T/Os PerG,INCONSISTENT_COLS;WRAPPED
2023_week_16_game_analysis_report_20260628_213916.txt,16,63,8,580,589,True,10,,10,22,False,TM Poss TD FG FGM T/O Punt Oth TD% Drv TD Drv TD Drv TD Drv TD Drv TD Drv TD 2&O %TM Poss TD FG FGM T/O Punt Oth TD% Drv TD Drv TD Drv TD Drv TD Drv TD Drv TD 2&O %,INCONSISTENT_COLS
2023_week_16_game_analysis_report_20260628_213916.txt,16,63,9,602,611,True,10,,10,22,True,TM Poss TD FG FGM T/O Punt Oth TD% Drv TD Drv TD Drv TD Drv TD Drv TD Drv TD 2&O %,
2023_week_16_game_analysis_report_20260628_213916.txt,16,63,10,617,622,False,3,"HAM,MTL,OTT,SSK,TOR,WPG,CFL",3,17,False,Rk No TD Poss YdL 1 GP + - Gap RESULTS Drv TD %,FEW_TEAMS;INCONSISTENT_COLS;WRAPPED
2023_week_16_game_analysis_report_20260628_213916.txt,16,63,11,625,639,True,8,"BC,CGY",8,17,False,OPPONENTS - GAMES,"MISSING:BC,CGY;INCONSISTENT_COLS;WRAPPED"
2023_week_16_game_analysis_report_20260628_213916.txt,16,63,12,651,678,True,10,,10,16,True,TM Att / Md % Rk Att / Md % Att / Md % Att / Md % Yards Avg RkTM Att / Md % Rk Att / Md % Att / Md % Att / Md % Yards Avg Rk,WRAPPED
2023_week_16_game_analysis_report_20260628_213916.txt,16,63,13,681,711,True,10,,10,16,False,TM Att / Md % Rk Att / Md % Att / Md % Att / Md % Yards Avg Rk,INCONSISTENT_COLS;WRAPPED
2023_week_16_game_analysis_report_20260628_213916.txt,16,63,14,727,737,True,10,,10,14,False,TM Att / Md Fail % Att / Md % YEAR Att Md % TEAM Att / Md %,INCONSISTENT_COLS;WRAPPED
2023_week_16_game_analysis_report_20260628_213916.txt,16,63,15,748,771,True,10,,10,21,False,Team Total Game Rush Pass Rets Rets Rets Tot Rush Pass Rets Rets Ret Diff Rnk YEAR BPs Total OFF Off Rets,INCONSISTENT_COLS;WRAPPED
2023_week_16_game_analysis_report_20260628_213916.txt,16,63,16,775,802,True,10,,10,18,True,TEAM Att 1 TD % Rnk FG T/O Oth Pts % OPPT Att 1 TD % Rnk FG T/O Oth Pts %,WRAPPED
2023_week_16_game_analysis_report_20260628_213916.txt,16,63,17,815,825,True,10,,10,13,False,TM Chall Won Pct Chall Won Chall Won Pen? NoP? Pass Comp Spot BY TYPE OF REQUEST,INCONSISTENT_COLS;WRAPPED
2023_week_16_game_analysis_report_20260628_213916.txt,16,63,18,833,862,True,10,,10,17,False,TM GP Yards Pass Rush Tm Ls Per G Rank Plays Per Pl Rank Pass SA Rush TLs* % Rs %Ps+ OthTM GP Yards Pass Rush Tm Ls Per G Rank Plays Per Pl Rank Pass SA Rush TLs % Rs %Ps+ Oth,INCONSISTENT_COLS;WRAPPED
2023_week_16_game_analysis_report_20260628_213916.txt,16,63,19,867,894,True,10,,10,17,True,TM GP Yards Pass Rush Tm L Per G Rank Plays Per Pl Rank Pass SA Rush TLs % Rs%Ps+ Oth,WRAPPED
2023_week_16_game_analysis_report_20260628_213916.txt,16,63,20,898,916,True,10,,10,16,False,TM Plays Avg Yd Rank Rush Pass+ Plays Av Yd Rank Team Oppt TM Tot Rush Pass Pen Opp F Rush Pass,INCONSISTENT_COLS;WRAPPED
2023_week_16_game_analysis_report_20260628_213916.txt,16,63,21,922,931,True,10,,10,19,False,TM Att Yards Avg TD 10+ 20+ PerG Att Yds Avg Att Yds Esc 3 Atts Yards Avg TD 10+ 20+,INCONSISTENT_COLS
2023_week_16_game_analysis_report_20260628_213916.txt,16,63,22,940,969,True,10,,10,17,False,TM GP Yards Pass Rush Tm Ls Per G Rank Plays Per Pl Rank Pass SA Rush TLs* % Rs %Ps+ OthTM GP Yards Pass Rush Tm Ls Per G Rank Plays Per Pl Rank Pass SA Rush TLs % Rs %Ps+ Oth,INCONSISTENT_COLS;WRAPPED
2023_week_16_game_analysis_report_20260628_213916.txt,16,63,23,974,1001,True,10,,10,17,True,TM GP Yards Pass Rush Tm L Per G Rank Plays Per Pl Rank Pass SA Rush TLs % Rs%Ps+ Oth,WRAPPED
2023_week_16_game_analysis_report_20260628_213916.txt,16,63,24,1005,1035,True,10,,10,17,False,TM Plays Avg Yd Rank Rush Pass+ Plays Av Yd Rank Team Oppt TM Tot Rush Pass Pen Opp F Rush Pass,INCONSISTENT_COLS;WRAPPED
2023_week_16_game_analysis_report_20260628_213916.txt,16,63,25,1041,1050,True,10,,10,19,False,TM Att Yards Avg TD 10+ 20+ PerG Att Yds Avg Att Yds Esc 3 Atts Yards Avg TD 10+ 20+,INCONSISTENT_COLS
2023_week_16_game_analysis_report_20260628_213916.txt,16,63,26,1058,1067,True,10,,10,21,True,TM Att Com % Yards Int TD LG 30+ 2D1 Effic IC% Avg YAC TDI PerG YAC Depth Yds SA Runs Backs,
2023_week_16_game_analysis_report_20260628_213916.txt,16,63,27,1078,1087,True,10,,10,21,False,TM Att Com % Yds Int TD Effic Att Com % Yds Int TD Effic Att Com % Yds Int TD Effic,INCONSISTENT_COLS
2023_week_16_game_analysis_report_20260628_213916.txt,16,63,28,1092,1101,True,10,,10,21,False,TM Att Com % Yards Int TD LG 30+ 2D1 Effic IC% Avg YAC TDI PerG YAC Depth Yds SA Runs Backs,INCONSISTENT_COLS
2023_week_16_game_analysis_report_20260628_213916.txt,16,63,29,1104,1113,True,10,,10,21,False,TM Att Com % Yds 2 Int TD Effic Att Com % Yds 2 Int TD Effic Att Com % Yds 2 Int TD Effic,INCONSISTENT_COLS
2023_week_16_game_analysis_report_20260628_213916.txt,16,63,30,1182,1191,True,10,,10,17,False,TM FGA / Md % LG S FGA Md % FGA Md % FGA Md Yards Avg Yards Avg FG AttsTM FGA / Md % LG S FGA Md % FGA Md % FGA Md Yards Avg Yards Avg FG Atts,INCONSISTENT_COLS
2023_week_16_game_analysis_report_20260628_213916.txt,16,63,31,1196,1205,True,10,,10,11,False,TM FG Ms Att Yd Avg Sgl Missed From - Yards Out: No Yds LG TD,INCONSISTENT_COLS
2023_week_16_game_analysis_report_20260628_213916.txt,16,63,32,1219,1228,True,10,,10,16,False,TM Att / C-1 % Miss Year Att Md % TM Atts / C-2 % Md Rsh Pass Def Rsh Pass,INCONSISTENT_COLS
2023_week_16_game_analysis_report_20260628_213916.txt,16,63,33,1236,1254,True,10,,10,20,True,TM No Yards Avg LG S I10 No Yards Avg LG TD 30+ Avg NetYd* Rnk Sgl* Cover Retn FP Yds Avg,WRAPPED
2023_week_16_game_analysis_report_20260628_213916.txt,16,63,34,1261,1290,True,10,,10,20,False,Rk,INCONSISTENT_COLS;WRAPPED
2023_week_16_game_analysis_report_20260628_213916.txt,16,63,35,1299,1318,True,10,,10,6,False,TM Punt K/O Total Rk Punt K/O,INCONSISTENT_COLS;WRAPPED
2023_week_16_game_analysis_report_20260628_213916.txt,16,63,36,1326,1355,True,10,,10,24,False,TM No Yds Avg LG TD 30+ 10+ Rk No Yds Avg LG TD 40+ Rk No Yds LG TD 30 BP* PR KOR FGM Tot,INCONSISTENT_COLS;WRAPPED
2023_week_16_game_analysis_report_20260628_213916.txt,16,63,37,1359,1388,True,10,,10,24,False,TM No Yds Avg LG TD 30+ 10+ Rk No Yds Avg LG TD 40+ Rk No Yds LG TD 30 BP* PR KOR FGM Tot,INCONSISTENT_COLS;WRAPPED
2023_week_16_game_analysis_report_20260628_213916.txt,16,63,38,1393,1411,True,10,,10,12,False,TM PR KOR Tot PerG Rk NOTES & LEGEND: Wk PR Yds Avg TD 30+ 10+,INCONSISTENT_COLS;WRAPPED
2023_week_17_game_analysis_report_20260628_213936.txt,17,67,0,4,4,False,1,"BC,CGY,EDM,HAM,MTL,OTT,SSK,TOR,WPG",1,7,True,W-L RECORD & SCORING IN 2023: WHEN LEADING AFTER WHEN TRAILING AFTER,FEW_TEAMS
2023_week_17_game_analysis_report_20260628_213936.txt,17,67,1,6,6,False,1,"CGY,EDM,HAM,MTL,OTT,SSK,TOR,WPG,CFL",1,25,True,TEAM GP W L Pct W L W L PF PA Diff W L W L W L W L W L W L W L,FEW_TEAMS
2023_week_17_game_analysis_report_20260628_213936.txt,17,67,2,20,20,False,1,"CGY,EDM,HAM,MTL,OTT,SSK,TOR,WPG,CFL",1,20,True,DECIDED BY W L W L W L W L OT W L W L ON TURNOVERS W L W L W L,FEW_TEAMS
2023_week_17_game_analysis_report_20260628_213936.txt,17,67,3,29,29,False,1,"BC,CGY,EDM,HAM,MTL,OTT,SSK,TOR,WPG",1,9,True,Winnipeg 1 2 2 1 6 0 3 1 0-2 7 2 4 2 Winnipeg 6 1 4 0 1 3,FEW_TEAMS
2023_week_17_game_analysis_report_20260628_213936.txt,17,67,4,482,491,True,10,,10,17,False,TM GP PF Avg PA Avg Diff Hm Aw Team Avg Oppt Avg PER GAME Per Pts % Year PpgTM GP PF Avg PA Avg Diff Hm Aw Team Avg Oppt Avg PER GAME Per Pts % Year Ppg,INCONSISTENT_COLS
2023_week_17_game_analysis_report_20260628_213936.txt,17,67,5,495,504,True,10,,10,19,False,TM TD C1 C2 FG Sgl S/T Rush Pass Int FR PR KOR FGM Tm Q1 Q2 Q3 Q4 OT,INCONSISTENT_COLS
2023_week_17_game_analysis_report_20260628_213936.txt,17,67,6,507,516,True,10,,10,19,False,TM TD C1 C2 FG Sgl S/T Rush Pass Int FR PR KOR FGM Opp Q1 Q2 Q3 Q4 OT,INCONSISTENT_COLS
2023_week_17_game_analysis_report_20260628_213936.txt,17,67,7,520,539,True,10,,10,18,False,Team Ratio RK Fum Int Dns T/Os Pts OFF1 Ret2 Fum Int Dns T/O Pts YEAR GP T/Os PerGTeam Ratio RK Fum Int Dns T/Os Pts O et Fum Int Dns T/O Pts YEAR GP T/Os PerG,INCONSISTENT_COLS;WRAPPED
2023_week_17_game_analysis_report_20260628_213936.txt,17,67,8,550,559,True,10,,10,22,False,TM Poss TD FG FGM T/O Punt Oth TD% Drv TD Drv TD Drv TD Drv TD Drv TD Drv TD 2&O %TM Poss TD FG FGM T/O Punt Oth TD% Drv TD Drv TD Drv TD Drv TD Drv TD Drv TD 2&O %,INCONSISTENT_COLS
2023_week_17_game_analysis_report_20260628_213936.txt,17,67,9,572,581,True,10,,10,22,True,TM Poss TD FG FGM T/O Punt Oth TD% Drv TD Drv TD Drv TD Drv TD Drv TD Drv TD 2&O %,
2023_week_17_game_analysis_report_20260628_213936.txt,17,67,10,587,592,False,3,"HAM,MTL,OTT,SSK,TOR,WPG,CFL",3,17,False,Rk No TD Poss YdL 1 GP + - Gap RESULTS Drv TD %,FEW_TEAMS;INCONSISTENT_COLS;WRAPPED
2023_week_17_game_analysis_report_20260628_213936.txt,17,67,11,595,609,True,8,"BC,CGY",8,17,False,OPPONENTS - GAMES,"MISSING:BC,CGY;INCONSISTENT_COLS;WRAPPED"
2023_week_17_game_analysis_report_20260628_213936.txt,17,67,12,621,648,True,10,,10,16,True,TM Att / Md % Rk Att / Md % Att / Md % Att / Md % Yards Avg RkTM Att / Md % Rk Att / Md % Att / Md % Att / Md % Yards Avg Rk,WRAPPED
2023_week_17_game_analysis_report_20260628_213936.txt,17,67,13,651,681,True,10,,10,16,False,TM Att / Md % Rk Att / Md % Att / Md % Att / Md % Yards Avg Rk,INCONSISTENT_COLS;WRAPPED
2023_week_17_game_analysis_report_20260628_213936.txt,17,67,14,697,707,True,10,,10,14,False,TM Att / Md Fail % Att / Md % YEAR Att Md % TEAM Att / Md %,INCONSISTENT_COLS;WRAPPED
2023_week_17_game_analysis_report_20260628_213936.txt,17,67,15,718,741,True,10,,10,21,False,Team Total Game Rush Pass Rets Rets Rets Tot Rush Pass Rets Rets Ret Diff Rnk YEAR BPs Total OFF Off Rets,INCONSISTENT_COLS;WRAPPED
2023_week_17_game_analysis_report_20260628_213936.txt,17,67,16,745,772,True,10,,10,18,True,TEAM Att 1 TD % Rnk FG T/O Oth Pts % OPPT Att 1 TD % Rnk FG T/O Oth Pts %,WRAPPED
2023_week_17_game_analysis_report_20260628_213936.txt,17,67,17,785,795,True,10,,10,13,False,TM Chall Won Pct Chall Won Chall Won Pen? NoP? Pass Comp Spot BY TYPE OF REQUEST,INCONSISTENT_COLS;WRAPPED
2023_week_17_game_analysis_report_20260628_213936.txt,17,67,18,803,832,True,10,,10,17,False,TM GP Yards Pass Rush Tm Ls Per G Rank Plays Per Pl Rank Pass SA Rush TLs* % Rs %Ps+ OthTM GP Yards Pass Rush Tm Ls Per G Rank Plays Per Pl Rank Pass SA Rush TLs % Rs %Ps+ Oth,INCONSISTENT_COLS;WRAPPED
2023_week_17_game_analysis_report_20260628_213936.txt,17,67,19,837,864,True,10,,10,17,True,TM GP Yards Pass Rush Tm L Per G Rank Plays Per Pl Rank Pass SA Rush TLs % Rs%Ps+ Oth,WRAPPED
2023_week_17_game_analysis_report_20260628_213936.txt,17,67,20,868,898,True,10,,10,17,False,TM Plays Avg Yd Rank Rush Pass+ Plays Av Yd Rank Team Oppt TM Tot Rush Pass Pen Opp F Rush Pass,INCONSISTENT_COLS;WRAPPED
2023_week_17_game_analysis_report_20260628_213936.txt,17,67,21,904,913,True,10,,10,19,False,TM Att Yards Avg TD 10+ 20+ PerG Att Yds Avg Att Yds Esc 3 Atts Yards Avg TD 10+ 20+,INCONSISTENT_COLS
2023_week_17_game_analysis_report_20260628_213936.txt,17,67,22,921,930,True,10,,10,21,True,TM Att Com % Yards Int TD LG 30+ 2D1 Effic IC% Avg YAC TDI PerG YAC Depth Yds SA Runs Backs,
2023_week_17_game_analysis_report_20260628_213936.txt,17,67,23,941,950,True,10,,10,21,False,TM Att Com % Yds Int TD Effic Att Com % Yds Int TD Effic Att Com % Yds Int TD Effic,INCONSISTENT_COLS
2023_week_17_game_analysis_report_20260628_213936.txt,17,67,24,955,964,True,10,,10,21,False,TM Att Com % Yards Int TD LG 30+ 2D1 Effic IC% Avg YAC TDI PerG YAC Depth Yds SA Runs Backs,INCONSISTENT_COLS
2023_week_17_game_analysis_report_20260628_213936.txt,17,67,25,967,976,True,10,,10,21,False,TM Att Com % Yds 2 Int TD Effic Att Com % Yds 2 Int TD Effic Att Com % Yds 2 Int TD Effic,INCONSISTENT_COLS
2023_week_17_game_analysis_report_20260628_213936.txt,17,67,26,1045,1054,True,10,,10,17,False,TM FGA / Md % LG S FGA Md % FGA Md % FGA Md Yards Avg Yards Avg FG AttsTM FGA / Md % LG S FGA Md % FGA Md % FGA Md Yards Avg Yards Avg FG Atts,INCONSISTENT_COLS
2023_week_17_game_analysis_report_20260628_213936.txt,17,67,27,1059,1068,True,10,,10,15,False,TM FG Ms Att Yd Avg Sgl Missed From - Yards Out: No Yds LG TD,INCONSISTENT_COLS
2023_week_17_game_analysis_report_20260628_213936.txt,17,67,28,1082,1091,True,10,,10,16,False,TM Att / C-1 % Miss Year Att Md % TM Atts / C-2 % Md Rsh Pass Def Rsh Pass,INCONSISTENT_COLS
2023_week_17_game_analysis_report_20260628_213936.txt,17,67,29,1099,1117,True,10,,10,20,True,TM No Yards Avg LG S I10 No Yards Avg LG TD 30+ Avg NetYd* Rnk Sgl* Cover Retn FP Yds Avg,WRAPPED
2023_week_17_game_analysis_report_20260628_213936.txt,17,67,30,1124,1153,True,10,,10,20,False,Rk,INCONSISTENT_COLS;WRAPPED
2023_week_17_game_analysis_report_20260628_213936.txt,17,67,31,1162,1181,True,10,,10,6,False,TM Punt K/O Total Rk Punt K/O,INCONSISTENT_COLS;WRAPPED
2023_week_17_game_analysis_report_20260628_213936.txt,17,67,32,1189,1218,True,10,,10,24,False,TM No Yds Avg LG TD 30+ 10+ Rk No Yds Avg LG TD 40+ Rk No Yds LG TD 30 BP* PR KOR FGM Tot,INCONSISTENT_COLS;WRAPPED
2023_week_17_game_analysis_report_20260628_213936.txt,17,67,33,1222,1251,True,10,,10,24,False,TM No Yds Avg LG TD 30+ 10+ Rk No Yds Avg LG TD 40+ Rk No Yds LG TD 30 BP* PR KOR FGM Tot,INCONSISTENT_COLS;WRAPPED
2023_week_17_game_analysis_report_20260628_213936.txt,17,67,34,1256,1274,True,10,,10,12,False,TM PR KOR Tot PerG Rk NOTES & LEGEND: Wk PR Yds Avg TD 30+ 10+,INCONSISTENT_COLS;WRAPPED
2023_week_18_game_analysis_report_20260628_213955.txt,18,71,0,4,4,False,1,"BC,CGY,EDM,HAM,MTL,OTT,SSK,TOR,WPG",1,7,True,W-L RECORD & SCORING IN 2023: WHEN LEADING AFTER WHEN TRAILING AFTER,FEW_TEAMS
2023_week_18_game_analysis_report_20260628_213955.txt,18,71,1,6,6,False,1,"CGY,EDM,HAM,MTL,OTT,SSK,TOR,WPG,CFL",1,25,True,TEAM GP W L Pct W L W L PF PA Diff W L W L W L W L W L W L W L,FEW_TEAMS
2023_week_18_game_analysis_report_20260628_213955.txt,18,71,2,20,20,False,1,"CGY,EDM,HAM,MTL,OTT,SSK,TOR,WPG,CFL",1,20,True,DECIDED BY W L W L W L W L OT W L W L ON TURNOVERS W L W L W L,FEW_TEAMS
2023_week_18_game_analysis_report_20260628_213955.txt,18,71,3,29,29,False,1,"BC,CGY,EDM,HAM,MTL,OTT,SSK,TOR,WPG",1,9,True,Winnipeg 1 2 3 1 6 0 3 1 1-2 7 2 5 2 Winnipeg 6 1 4 0 2 3,FEW_TEAMS
2023_week_18_game_analysis_report_20260628_213955.txt,18,71,4,483,492,True,10,,10,17,False,TM GP PF Avg PA Avg Diff Hm Aw Team Avg Oppt Avg PER GAME Per Pts % Year PpgTM GP PF Avg PA Avg Diff Hm Aw Team Avg Oppt Avg PER GAME Per Pts % Year Ppg,INCONSISTENT_COLS
2023_week_18_game_analysis_report_20260628_213955.txt,18,71,5,496,505,True,10,,10,19,False,TM TD C1 C2 FG Sgl S/T Rush Pass Int FR PR KOR FGM Tm Q1 Q2 Q3 Q4 OT,INCONSISTENT_COLS
2023_week_18_game_analysis_report_20260628_213955.txt,18,71,6,508,517,True,10,,10,19,False,TM TD C1 C2 FG Sgl S/T Rush Pass Int FR PR KOR FGM Opp Q1 Q2 Q3 Q4 OT,INCONSISTENT_COLS
2023_week_18_game_analysis_report_20260628_213955.txt,18,71,7,521,540,True,10,,10,18,False,Team Ratio RK Fum Int Dns T/Os Pts OFF1 Ret2 Fum Int Dns T/O Pts YEAR GP T/Os PerGTeam Ratio RK Fum Int Dns T/Os Pts O et Fum Int Dns T/O Pts YEAR GP T/Os PerG,INCONSISTENT_COLS;WRAPPED
2023_week_18_game_analysis_report_20260628_213955.txt,18,71,8,551,560,True,10,,10,22,False,TM Poss TD FG FGM T/O Punt Oth TD% Drv TD Drv TD Drv TD Drv TD Drv TD Drv TD 2&O %TM Poss TD FG FGM T/O Punt Oth TD% Drv TD Drv TD Drv TD Drv TD Drv TD Drv TD 2&O %,INCONSISTENT_COLS
2023_week_18_game_analysis_report_20260628_213955.txt,18,71,9,573,582,True,10,,10,22,True,TM Poss TD FG FGM T/O Punt Oth TD% Drv TD Drv TD Drv TD Drv TD Drv TD Drv TD 2&O %,
2023_week_18_game_analysis_report_20260628_213955.txt,18,71,10,588,593,False,3,"HAM,MTL,OTT,SSK,TOR,WPG,CFL",3,17,False,Rk No TD Poss YdL 1 GP + - Gap RESULTS Drv TD %,FEW_TEAMS;INCONSISTENT_COLS;WRAPPED
2023_week_18_game_analysis_report_20260628_213955.txt,18,71,11,596,610,True,8,"BC,CGY",8,17,False,OPPONENTS - GAMES,"MISSING:BC,CGY;INCONSISTENT_COLS;WRAPPED"
2023_week_18_game_analysis_report_20260628_213955.txt,18,71,12,622,649,True,10,,10,16,True,TM Att / Md % Rk Att / Md % Att / Md % Att / Md % Yards Avg RkTM Att / Md % Rk Att / Md % Att / Md % Att / Md % Yards Avg Rk,WRAPPED
2023_week_18_game_analysis_report_20260628_213955.txt,18,71,13,652,682,True,10,,10,16,False,TM Att / Md % Rk Att / Md % Att / Md % Att / Md % Yards Avg Rk,INCONSISTENT_COLS;WRAPPED
2023_week_18_game_analysis_report_20260628_213955.txt,18,71,14,698,708,True,10,,10,14,False,TM Att / Md Fail % Att / Md % YEAR Att Md % TEAM Att / Md %,INCONSISTENT_COLS;WRAPPED
2023_week_18_game_analysis_report_20260628_213955.txt,18,71,15,719,742,True,10,,10,21,False,Team Total Game Rush Pass Rets Rets Rets Tot Rush Pass Rets Rets Ret Diff Rnk YEAR BPs Total OFF Off Rets,INCONSISTENT_COLS;WRAPPED
2023_week_18_game_analysis_report_20260628_213955.txt,18,71,16,746,773,True,10,,10,18,True,TEAM Att 1 TD % Rnk FG T/O Oth Pts % OPPT Att 1 TD % Rnk FG T/O Oth Pts %,WRAPPED
2023_week_18_game_analysis_report_20260628_213955.txt,18,71,17,786,796,True,10,,10,13,False,TM Chall Won Pct Chall Won Chall Won Pen? NoP? Pass Comp Spot BY TYPE OF REQUEST,INCONSISTENT_COLS;WRAPPED
2023_week_18_game_analysis_report_20260628_213955.txt,18,71,18,804,833,True,10,,10,17,False,TM GP Yards Pass Rush Tm Ls Per G Rank Plays Per Pl Rank Pass SA Rush TLs* % Rs %Ps+ OthTM GP Yards Pass Rush Tm Ls Per G Rank Plays Per Pl Rank Pass SA Rush TLs % Rs %Ps+ Oth,INCONSISTENT_COLS;WRAPPED
2023_week_18_game_analysis_report_20260628_213955.txt,18,71,19,838,865,True,10,,10,17,True,TM GP Yards Pass Rush Tm L Per G Rank Plays Per Pl Rank Pass SA Rush TLs % Rs%Ps+ Oth,WRAPPED
2023_week_18_game_analysis_report_20260628_213955.txt,18,71,20,869,899,True,10,,10,17,False,TM Plays Avg Yd Rank Rush Pass+ Plays Av Yd Rank Team Oppt TM Tot Rush Pass Pen Opp F Rush Pass,INCONSISTENT_COLS;WRAPPED
2023_week_18_game_analysis_report_20260628_213955.txt,18,71,21,905,914,True,10,,10,19,False,TM Att Yards Avg TD 10+ 20+ PerG Att Yds Avg Att Yds Esc 3 Atts Yards Avg TD 10+ 20+,INCONSISTENT_COLS
2023_week_18_game_analysis_report_20260628_213955.txt,18,71,22,922,931,True,10,,10,21,True,TM Att Com % Yards Int TD LG 30+ 2D1 Effic IC% Avg YAC TDI PerG YAC Depth Yds SA Runs Backs,
2023_week_18_game_analysis_report_20260628_213955.txt,18,71,23,942,951,True,10,,10,21,False,TM Att Com % Yds Int TD Effic Att Com % Yds Int TD Effic Att Com % Yds Int TD Effic,INCONSISTENT_COLS
2023_week_18_game_analysis_report_20260628_213955.txt,18,71,24,956,965,True,10,,10,21,False,TM Att Com % Yards Int TD LG 30+ 2D1 Effic IC% Avg YAC TDI PerG YAC Depth Yds SA Runs Backs,INCONSISTENT_COLS
2023_week_18_game_analysis_report_20260628_213955.txt,18,71,25,968,977,True,10,,10,21,False,TM Att Com % Yds 2 Int TD Effic Att Com % Yds 2 Int TD Effic Att Com % Yds 2 Int TD Effic,INCONSISTENT_COLS
2023_week_18_game_analysis_report_20260628_213955.txt,18,71,26,1046,1046,False,1,"BC,CGY,EDM,HAM,MTL,OTT,SSK,TOR,WPG",1,12,True,"Rough Play DQ 0 2 0.03 3 0.04 7 0.11 7 0.09 18 53 13.3 1,115 15.7 72 16.2",FEW_TEAMS
2023_week_18_game_analysis_report_20260628_213955.txt,18,71,27,1055,1064,True,10,,10,17,False,TM FGA / Md % LG S FGA Md % FGA Md % FGA Md Yards Avg Yards Avg FG AttsTM FGA / Md % LG S FGA Md % FGA Md % FGA Md Yards Avg Yards Avg FG Atts,INCONSISTENT_COLS
2023_week_18_game_analysis_report_20260628_213955.txt,18,71,28,1069,1078,True,10,,10,15,False,TM FG Ms Att Yd Avg Sgl Missed From - Yards Out: No Yds LG TD,INCONSISTENT_COLS
2023_week_18_game_analysis_report_20260628_213955.txt,18,71,29,1092,1101,True,10,,10,16,False,TM Att / C-1 % Miss Year Att Md % TM Atts / C-2 % Md Rsh Pass Def Rsh Pass,INCONSISTENT_COLS
2023_week_18_game_analysis_report_20260628_213955.txt,18,71,30,1109,1127,True,10,,10,20,True,TM No Yards Avg LG S I10 No Yards Avg LG TD 30+ Avg NetYd* Rnk Sgl* Cover Retn FP Yds Avg,WRAPPED
2023_week_18_game_analysis_report_20260628_213955.txt,18,71,31,1134,1153,True,10,,10,19,False,Rk,INCONSISTENT_COLS;WRAPPED
2023_week_18_game_analysis_report_20260628_213955.txt,18,71,32,1162,1181,True,10,,10,6,False,TM Punt K/O Total Rk Punt K/O,INCONSISTENT_COLS;WRAPPED
2023_week_18_game_analysis_report_20260628_213955.txt,18,71,33,1189,1218,True,10,,10,24,False,TM No Yds Avg LG TD 30+ 10+ Rk No Yds Avg LG TD 40+ Rk No Yds LG TD 30 BP* PR KOR FGM Tot,INCONSISTENT_COLS;WRAPPED
2023_week_18_game_analysis_report_20260628_213955.txt,18,71,34,1222,1251,True,10,,10,24,False,TM No Yds Avg LG TD 30+ 10+ Rk No Yds Avg LG TD 40+ Rk No Yds LG TD 30 BP* PR KOR FGM Tot,INCONSISTENT_COLS;WRAPPED
2023_week_18_game_analysis_report_20260628_213955.txt,18,71,35,1256,1274,True,10,,10,12,False,TM PR KOR Tot PerG Rk NOTES & LEGEND: Wk PR Yds Avg TD 30+ 10+,INCONSISTENT_COLS;WRAPPED
2023_week_19_game_analysis_report_20260628_214017.txt,19,75,0,4,4,False,1,"BC,CGY,EDM,HAM,MTL,OTT,SSK,TOR,WPG",1,7,True,W-L RECORD & SCORING IN 2023: WHEN LEADING AFTER WHEN TRAILING AFTER,FEW_TEAMS
2023_week_19_game_analysis_report_20260628_214017.txt,19,75,1,6,6,False,1,"CGY,EDM,HAM,MTL,OTT,SSK,TOR,WPG,CFL",1,25,True,TEAM GP W L Pct W L W L PF PA Diff W L W L W L W L W L W L W L,FEW_TEAMS
2023_week_19_game_analysis_report_20260628_214017.txt,19,75,2,20,20,False,1,"CGY,EDM,HAM,MTL,OTT,SSK,TOR,WPG,CFL",1,20,True,DECIDED BY W L W L W L W L OT W L W L ON TURNOVERS W L W L W L,FEW_TEAMS
2023_week_19_game_analysis_report_20260628_214017.txt,19,75,3,29,29,False,1,"BC,CGY,EDM,HAM,MTL,OTT,SSK,TOR,WPG",1,9,True,Winnipeg 1 2 3 1 6 0 3 1 1-2 7 2 5 2 Winnipeg 6 1 4 0 2 3,FEW_TEAMS
2023_week_19_game_analysis_report_20260628_214017.txt,19,75,4,484,493,True,10,,10,17,False,TM GP PF Avg PA Avg Diff Hm Aw Team Avg Oppt Avg PER GAME Per Pts % Year PpgTM GP PF Avg PA Avg Diff Hm Aw Team Avg Oppt Avg PER GAME Per Pts % Year Ppg,INCONSISTENT_COLS
2023_week_19_game_analysis_report_20260628_214017.txt,19,75,5,497,506,True,10,,10,19,False,TM TD C1 C2 FG Sgl S/T Rush Pass Int FR PR KOR FGM Tm Q1 Q2 Q3 Q4 OT,INCONSISTENT_COLS
2023_week_19_game_analysis_report_20260628_214017.txt,19,75,6,509,518,True,10,,10,19,False,TM TD C1 C2 FG Sgl S/T Rush Pass Int FR PR KOR FGM Opp Q1 Q2 Q3 Q4 OT,INCONSISTENT_COLS
2023_week_19_game_analysis_report_20260628_214017.txt,19,75,7,522,541,True,10,,10,18,False,Team Ratio RK Fum Int Dns T/Os Pts OFF1 Ret2 Fum Int Dns T/O Pts YEAR GP T/Os PerGTeam Ratio RK Fum Int Dns T/Os Pts O et Fum Int Dns T/O Pts YEAR GP T/Os PerG,INCONSISTENT_COLS;WRAPPED
2023_week_19_game_analysis_report_20260628_214017.txt,19,75,8,552,561,True,10,,10,22,False,TM Poss TD FG FGM T/O Punt Oth TD% Drv TD Drv TD Drv TD Drv TD Drv TD Drv TD 2&O %TM Poss TD FG FGM T/O Punt Oth TD% Drv TD Drv TD Drv TD Drv TD Drv TD Drv TD 2&O %,INCONSISTENT_COLS
2023_week_19_game_analysis_report_20260628_214017.txt,19,75,9,574,583,True,10,,10,22,True,TM Poss TD FG FGM T/O Punt Oth TD% Drv TD Drv TD Drv TD Drv TD Drv TD Drv TD 2&O %,
2023_week_19_game_analysis_report_20260628_214017.txt,19,75,10,589,594,False,3,"HAM,MTL,OTT,SSK,TOR,WPG,CFL",3,17,False,Rk No TD Poss YdL 1 GP + - Gap RESULTS Drv TD %,FEW_TEAMS;INCONSISTENT_COLS;WRAPPED
2023_week_19_game_analysis_report_20260628_214017.txt,19,75,11,597,611,True,8,"BC,CGY",8,17,False,OPPONENTS - GAMES,"MISSING:BC,CGY;INCONSISTENT_COLS;WRAPPED"
2023_week_19_game_analysis_report_20260628_214017.txt,19,75,12,623,650,True,10,,10,16,True,TM Att / Md % Rk Att / Md % Att / Md % Att / Md % Yards Avg RkTM Att / Md % Rk Att / Md % Att / Md % Att / Md % Yards Avg Rk,WRAPPED
2023_week_19_game_analysis_report_20260628_214017.txt,19,75,13,653,683,True,10,,10,16,False,TM Att / Md % Rk Att / Md % Att / Md % Att / Md % Yards Avg Rk,INCONSISTENT_COLS;WRAPPED
2023_week_19_game_analysis_report_20260628_214017.txt,19,75,14,699,709,True,10,,10,14,False,TM Att / Md Fail % Att / Md % YEAR Att Md % TEAM Att / Md %,INCONSISTENT_COLS;WRAPPED
2023_week_19_game_analysis_report_20260628_214017.txt,19,75,15,720,743,True,10,,10,21,False,Team Total Game Rush Pass Rets Rets Rets Tot Rush Pass Rets Rets Ret Diff Rnk YEAR BPs Total OFF Off Rets,INCONSISTENT_COLS;WRAPPED
2023_week_19_game_analysis_report_20260628_214017.txt,19,75,16,747,774,True,10,,10,18,True,TEAM Att 1 TD % Rnk FG T/O Oth Pts % OPPT Att 1 TD % Rnk FG T/O Oth Pts %,WRAPPED
2023_week_19_game_analysis_report_20260628_214017.txt,19,75,17,787,797,True,10,,10,13,False,TM Chall Won Pct Chall Won Chall Won Pen? NoP? Pass Comp Oth BY TYPE OF REQUEST,INCONSISTENT_COLS;WRAPPED
2023_week_19_game_analysis_report_20260628_214017.txt,19,75,18,805,834,True,10,,10,17,False,TM GP Yards Pass Rush Tm Ls Per G Rank Plays Per Pl Rank Pass SA Rush TLs* % Rs %Ps+ OthTM GP Yards Pass Rush Tm Ls Per G Rank Plays Per Pl Rank Pass SA Rush TLs % Rs %Ps+ Oth,INCONSISTENT_COLS;WRAPPED
2023_week_19_game_analysis_report_20260628_214017.txt,19,75,19,839,866,True,10,,10,17,True,TM GP Yards Pass Rush Tm L Per G Rank Plays Per Pl Rank Pass SA Rush TLs % Rs%Ps+ Oth,WRAPPED
2023_week_19_game_analysis_report_20260628_214017.txt,19,75,20,870,900,True,10,,10,17,False,TM Plays Avg Yd Rank Rush Pass+ Plays Av Yd Rank Team Oppt TM Tot Rush Pass Pen Opp F Rush Pass,INCONSISTENT_COLS;WRAPPED
2023_week_19_game_analysis_report_20260628_214017.txt,19,75,21,906,915,True,10,,10,19,False,TM Att Yards Avg TD 10+ 20+ PerG Att Yds Avg Att Yds Esc 3 Atts Yards Avg TD 10+ 20+,INCONSISTENT_COLS
2023_week_19_game_analysis_report_20260628_214017.txt,19,75,22,923,932,True,10,,10,21,True,TM Att Com % Yards Int TD LG 30+ 2D1 Effic IC% Avg YAC TDI PerG YAC Depth Yds SA Runs Backs,
2023_week_19_game_analysis_report_20260628_214017.txt,19,75,23,943,952,True,10,,10,21,False,TM Att Com % Yds Int TD Effic Att Com % Yds Int TD Effic Att Com % Yds Int TD Effic,INCONSISTENT_COLS
2023_week_19_game_analysis_report_20260628_214017.txt,19,75,24,957,966,True,10,,10,21,False,TM Att Com % Yards Int TD LG 30+ 2D1 Effic IC% Avg YAC TDI PerG YAC Depth Yds SA Runs Backs,INCONSISTENT_COLS
2023_week_19_game_analysis_report_20260628_214017.txt,19,75,25,969,978,True,10,,10,21,False,TM Att Com % Yds 2 Int TD Effic Att Com % Yds 2 Int TD Effic Att Com % Yds 2 Int TD Effic,INCONSISTENT_COLS
2023_week_19_game_analysis_report_20260628_214017.txt,19,75,26,985,994,True,10,,10,17,False,TM FGA / Md % LG S FGA Md % FGA Md % FGA Md Yards Avg Yards Avg FG AttsTM FGA / Md % LG S FGA Md % FGA Md % FGA Md Yards Avg Yards Avg FG Atts,INCONSISTENT_COLS
2023_week_19_game_analysis_report_20260628_214017.txt,19,75,27,999,1008,True,10,,10,14,False,TM FG Ms Att Yd Avg Sgl Missed From - Yards Out: No Yds LG TD,INCONSISTENT_COLS
2023_week_19_game_analysis_report_20260628_214017.txt,19,75,28,1022,1031,True,10,,10,16,False,TM Att / C-1 % Miss Year Att Md % TM Atts / C-2 % Md Rsh Pass Def Rsh Pass,INCONSISTENT_COLS
2023_week_19_game_analysis_report_20260628_214017.txt,19,75,29,1039,1057,True,10,,10,20,True,TM No Yards Avg LG S I10 No Yards Avg LG TD 30+ Avg NetYd* Rnk Sgl* Cover Retn FP Yds Avg,WRAPPED
2023_week_19_game_analysis_report_20260628_214017.txt,19,75,30,1064,1093,True,10,,10,20,False,Rk,INCONSISTENT_COLS;WRAPPED
2023_week_19_game_analysis_report_20260628_214017.txt,19,75,31,1102,1121,True,10,,10,6,False,TM Punt K/O Total Rk Punt K/O,INCONSISTENT_COLS;WRAPPED
2023_week_19_game_analysis_report_20260628_214017.txt,19,75,32,1129,1158,True,10,,10,24,False,TM No Yds Avg LG TD 30+ 10+ Rk No Yds Avg LG TD 40+ Rk No Yds LG TD 30 BP* PR KOR FGM Tot,INCONSISTENT_COLS;WRAPPED
2023_week_19_game_analysis_report_20260628_214017.txt,19,75,33,1162,1191,True,10,,10,24,False,TM No Yds Avg LG TD 30+ 10+ Rk No Yds Avg LG TD 40+ Rk No Yds LG TD 30 BP* PR KOR FGM Tot,INCONSISTENT_COLS;WRAPPED
2023_week_19_game_analysis_report_20260628_214017.txt,19,75,34,1196,1214,True,10,,10,12,False,TM PR KOR Tot PerG Rk NOTES & LEGEND: Wk PR Yds Avg TD 30+ 10+,INCONSISTENT_COLS;WRAPPED
2023_week_20_game_analysis_report_20260628_214037.txt,20,78,0,4,4,False,1,"BC,CGY,EDM,HAM,MTL,OTT,SSK,TOR,WPG",1,7,True,W-L RECORD & SCORING IN 2023: WHEN LEADING AFTER WHEN TRAILING AFTER,FEW_TEAMS
2023_week_20_game_analysis_report_20260628_214037.txt,20,78,1,6,6,False,1,"CGY,EDM,HAM,MTL,OTT,SSK,TOR,WPG,CFL",1,25,True,TEAM GP W L Pct W L W L PF PA Diff W L W L W L W L W L W L W L,FEW_TEAMS
2023_week_20_game_analysis_report_20260628_214037.txt,20,78,2,20,20,False,1,"CGY,EDM,HAM,MTL,OTT,SSK,TOR,WPG,CFL",1,20,True,DECIDED BY W L W L W L W L OT W L W L ON TURNOVERS W L W L W L,FEW_TEAMS
2023_week_20_game_analysis_report_20260628_214037.txt,20,78,3,29,29,False,1,"BC,CGY,EDM,HAM,MTL,OTT,SSK,TOR,WPG",1,9,True,Winnipeg 1 2 3 1 6 0 4 1 1-2 7 2 6 2 Winnipeg 7 1 4 0 2 3,FEW_TEAMS
2023_week_20_game_analysis_report_20260628_214037.txt,20,78,4,509,518,True,10,,10,17,False,TM GP PF Avg PA Avg Diff Hm Aw Team Avg Oppt Avg PER GAME Per Pts % Year PpgTM GP PF Avg PA Avg Diff Hm Aw Team Avg Oppt Avg PER GAME Per Pts % Year Ppg,INCONSISTENT_COLS
2023_week_20_game_analysis_report_20260628_214037.txt,20,78,5,522,531,True,10,,10,19,False,TM TD C1 C2 FG Sgl S/T Rush Pass Int FR PR KOR FGM Tm Q1 Q2 Q3 Q4 OT,INCONSISTENT_COLS
2023_week_20_game_analysis_report_20260628_214037.txt,20,78,6,534,543,True,10,,10,19,False,TM TD C1 C2 FG Sgl S/T Rush Pass Int FR PR KOR FGM Opp Q1 Q2 Q3 Q4 OT,INCONSISTENT_COLS
2023_week_20_game_analysis_report_20260628_214037.txt,20,78,7,547,566,True,10,,10,18,False,Team Ratio RK Fum Int Dns T/Os Pts OFF1 Ret2 Fum Int Dns T/O Pts YEAR GP T/Os PerGTeam Ratio RK Fum Int Dns T/Os Pts O et Fum Int Dns T/O Pts YEAR GP T/Os PerG,INCONSISTENT_COLS;WRAPPED
2023_week_20_game_analysis_report_20260628_214037.txt,20,78,8,577,586,True,10,,10,17,False,TM GP PF Avg PA Avg Diff Hm Aw Team Avg Oppt Avg PER GAME Per Pts % Year PpgTM GP PF Avg PA Avg Diff Hm Aw Team Avg Oppt Avg PER GAME Per Pts % Year Ppg,INCONSISTENT_COLS
2023_week_20_game_analysis_report_20260628_214037.txt,20,78,9,590,599,True,10,,10,19,False,TM TD C1 C2 FG Sgl S/T Rush Pass Int FR PR KOR FGM Tm Q1 Q2 Q3 Q4 OT,INCONSISTENT_COLS
2023_week_20_game_analysis_report_20260628_214037.txt,20,78,10,602,611,True,10,,10,19,False,TM TD C1 C2 FG Sgl S/T Rush Pass Int FR PR KOR FGM Opp Q1 Q2 Q3 Q4 OT,INCONSISTENT_COLS
2023_week_20_game_analysis_report_20260628_214037.txt,20,78,11,615,634,True,10,,10,18,False,Team Ratio RK Fum Int Dns T/Os Pts OFF1 Ret2 Fum Int Dns T/O Pts YEAR GP T/Os PerGTeam Ratio RK Fum Int Dns T/Os Pts O et Fum Int Dns T/O Pts YEAR GP T/Os PerG,INCONSISTENT_COLS;WRAPPED
2023_week_20_game_analysis_report_20260628_214037.txt,20,78,12,645,654,True,10,,10,22,False,TM Poss TD FG FGM T/O Punt Oth TD% Drv TD Drv TD Drv TD Drv TD Drv TD Drv TD 2&O %TM Poss TD FG FGM T/O Punt Oth TD% Drv TD Drv TD Drv TD Drv TD Drv TD Drv TD 2&O %,INCONSISTENT_COLS
2023_week_20_game_analysis_report_20260628_214037.txt,20,78,13,667,676,True,10,,10,22,True,TM Poss TD FG FGM T/O Punt Oth TD% Drv TD Drv TD Drv TD Drv TD Drv TD Drv TD 2&O %,
2023_week_20_game_analysis_report_20260628_214037.txt,20,78,14,682,687,False,3,"HAM,MTL,OTT,SSK,TOR,WPG,CFL",3,10,False,Rk No TD Poss YdL 1 RESULTS Drv TD %,FEW_TEAMS;INCONSISTENT_COLS;WRAPPED
2023_week_20_game_analysis_report_20260628_214037.txt,20,78,15,695,709,True,8,"BC,CGY",8,13,False,Yds Diff,"MISSING:BC,CGY;INCONSISTENT_COLS;WRAPPED"
2023_week_20_game_analysis_report_20260628_214037.txt,20,78,16,729,756,True,10,,10,16,True,TM Att / Md % Rk Att / Md % Att / Md % Att / Md % Yards Avg RkTM Att / Md % Rk Att / Md % Att / Md % Att / Md % Yards Avg Rk,WRAPPED
2023_week_20_game_analysis_report_20260628_214037.txt,20,78,17,759,789,True,10,,10,16,False,TM Att / Md % Rk Att / Md % Att / Md % Att / Md % Yards Avg Rk,INCONSISTENT_COLS;WRAPPED
2023_week_20_game_analysis_report_20260628_214037.txt,20,78,18,805,815,True,10,,10,14,False,TM Att / Md Fail % Att / Md % YEAR Att Md % TEAM Att / Md %,INCONSISTENT_COLS;WRAPPED
2023_week_20_game_analysis_report_20260628_214037.txt,20,78,19,826,849,True,10,,10,21,False,Team Total Game Rush Pass Rets Rets Rets Tot Rush Pass Rets Rets Ret Diff Rnk YEAR BPs Total OFF Off Rets,INCONSISTENT_COLS;WRAPPED
2023_week_20_game_analysis_report_20260628_214037.txt,20,78,20,853,880,True,10,,10,18,True,TEAM Att 1 TD % Rnk FG T/O Oth Pts % OPPT Att 1 TD % Rnk FG T/O Oth Pts %,WRAPPED
2023_week_20_game_analysis_report_20260628_214037.txt,20,78,21,893,903,True,10,,10,13,False,TM Chall Won Pct Chall Won Chall Won Pen? NoP? Pass Comp Oth BY TYPE OF REQUEST,INCONSISTENT_COLS;WRAPPED
2023_week_20_game_analysis_report_20260628_214037.txt,20,78,22,911,940,True,10,,10,17,False,TM GP Yards Pass Rush Tm Ls Per G Rank Plays Per Pl Rank Pass SA Rush TLs* % Rs %Ps+ OthTM GP Yards Pass Rush Tm Ls Per G Rank Plays Per Pl Rank Pass SA Rush TLs % Rs %Ps+ Oth,INCONSISTENT_COLS;WRAPPED
2023_week_20_game_analysis_report_20260628_214037.txt,20,78,23,945,972,True,10,,10,17,True,TM GP Yards Pass Rush Tm L Per G Rank Plays Per Pl Rank Pass SA Rush TLs % Rs%Ps+ Oth,WRAPPED
2023_week_20_game_analysis_report_20260628_214037.txt,20,78,24,976,1006,True,10,,10,17,False,TM Plays Avg Yd Rank Rush Pass+ Plays Av Yd Rank Team Oppt TM Tot Rush Pass Pen Opp F Rush Pass,INCONSISTENT_COLS;WRAPPED
2023_week_20_game_analysis_report_20260628_214037.txt,20,78,25,1012,1021,True,10,,10,19,False,TM Att Yards Avg TD 10+ 20+ PerG Att Yds Avg Att Yds Esc 3 Atts Yards Avg TD 10+ 20+,INCONSISTENT_COLS
2023_week_20_game_analysis_report_20260628_214037.txt,20,78,26,1029,1038,True,10,,10,21,False,TM Att Com % Yards Int TD LG 30+ 2D1 Effic IC% YAC YAC% TDI Avg PerG Backs Atts Runs SA SA%,INCONSISTENT_COLS
2023_week_20_game_analysis_report_20260628_214037.txt,20,78,27,1049,1058,True,10,,10,21,False,TM Att Com % Yds2 Int TD Effic Att Com % Yds2 Int TD Effic Att Com % Yds2 Int TD Effic,INCONSISTENT_COLS
2023_week_20_game_analysis_report_20260628_214037.txt,20,78,28,1062,1073,True,6,"SSK,TOR,WPG,CFL",6,8,False,TM Att Av Yd Year Com% Effic Int% Ratio Depth,"MISSING:SSK,TOR,WPG,CFL;INCONSISTENT_COLS;WRAPPED"
2023_week_20_game_analysis_report_20260628_214037.txt,20,78,29,1081,1084,False,4,"BC,CGY,EDM,HAM,MTL,OTT",4,2,True,66%,FEW_TEAMS
2023_week_20_game_analysis_report_20260628_214037.txt,20,78,30,1101,1110,True,10,,10,21,False,TM Att Com % Yards Int TD LG 30+ 2D1 Effic IC% Avg YAC TDI PerG YAC Depth Yds SA Runs BacksTM Att Com % Yards Int TD LG 30+ 2D Effic IC% Avg YAC TDI PerG YAC Depth Yds SA Runs Backs,INCONSISTENT_COLS
2023_week_20_game_analysis_report_20260628_214037.txt,20,78,31,1113,1122,True,10,,10,21,True,TM Att Com % Yds 2 Int TD Effic Att Com % Yds 2 Int TD Effic Att Com % Yds 2 Int TD Effic,
2023_week_20_game_analysis_report_20260628_214037.txt,20,78,32,1191,1191,False,1,"BC,CGY,EDM,HAM,MTL,OTT,SSK,TOR,WPG",1,16,True,"Rough Play DQ 0 3 0.04 3 0.04 7 0.11 7 0.09 18 53 13.3 1,115 15.7 72 16.2",FEW_TEAMS
2023_week_20_game_analysis_report_20260628_214037.txt,20,78,33,1200,1209,True,10,,10,17,False,TM FGA / Md % LG S FGA Md % FGA Md % FGA Md Yards Avg Yards AvgTM FGA / Md % LG S FGA Md % FGA Md % FGA Md Yards Avg Yards Avg,INCONSISTENT_COLS
2023_week_20_game_analysis_report_20260628_214037.txt,20,78,34,1214,1223,True,10,,10,11,False,TM FG Ms Att Yd Avg Sgl Missed From - Yards Out: No Yds LG TD,INCONSISTENT_COLS
2023_week_20_game_analysis_report_20260628_214037.txt,20,78,35,1237,1246,True,10,,10,16,False,TM Att / C-1 % Miss Year Att Md % TM Atts / C-2 % Md Rsh Pass Def Rsh Pass,INCONSISTENT_COLS
2023_week_20_game_analysis_report_20260628_214037.txt,20,78,36,1254,1272,True,10,,10,20,True,TM No Yards Avg LG S I10 No Yards Avg LG TD 30+ Avg NetYd* Rnk Sgl* Cover Retn FP Yds Avg,WRAPPED
2023_week_20_game_analysis_report_20260628_214037.txt,20,78,37,1279,1308,True,10,,10,20,False,Rk,INCONSISTENT_COLS;WRAPPED
2023_week_20_game_analysis_report_20260628_214037.txt,20,78,38,1317,1336,True,10,,10,6,False,TM Punt K/O Total Rk Punt K/O,INCONSISTENT_COLS;WRAPPED
2023_week_20_game_analysis_report_20260628_214037.txt,20,78,39,1344,1373,True,10,,10,24,False,TM No Yds Avg LG TD 30+ 10+ Rk No Yds Avg LG TD 40+ Rk No Yds LG TD 30 BP* PR KOR FGM Tot,INCONSISTENT_COLS;WRAPPED
2023_week_20_game_analysis_report_20260628_214037.txt,20,78,40,1377,1406,True,10,,10,24,False,TM No Yds Avg LG TD 30+ 10+ Rk No Yds Avg LG TD 40+ Rk No Yds LG TD 30 BP* PR KOR FGM Tot,INCONSISTENT_COLS;WRAPPED
2023_week_20_game_analysis_report_20260628_214037.txt,20,78,41,1411,1429,True,10,,10,12,False,TM PR KOR Tot PerG Rk NOTES & LEGEND: Wk PR Yds Avg TD 30+ 10+,INCONSISTENT_COLS;WRAPPED
2023_week_21_game_analysis_report_20260628_214100.txt,21,81,0,4,4,False,1,"BC,CGY,EDM,HAM,MTL,OTT,SSK,TOR,WPG",1,7,True,W-L RECORD & SCORING IN 2023: WHEN LEADING AFTER WHEN TRAILING AFTER,FEW_TEAMS
2023_week_21_game_analysis_report_20260628_214100.txt,21,81,1,6,6,False,1,"CGY,EDM,HAM,MTL,OTT,SSK,TOR,WPG,CFL",1,25,True,TEAM GP W L Pct W L W L PF PA Diff W L W L W L W L W L W L W L,FEW_TEAMS
2023_week_21_game_analysis_report_20260628_214100.txt,21,81,2,20,20,False,1,"CGY,EDM,HAM,MTL,OTT,SSK,TOR,WPG,CFL",1,20,True,DECIDED BY W L W L W L W L OT W L W L ON TURNOVERS W L W L W L,FEW_TEAMS
2023_week_21_game_analysis_report_20260628_214100.txt,21,81,3,29,29,False,1,"BC,CGY,EDM,HAM,MTL,OTT,SSK,TOR,WPG",1,9,True,Winnipeg 1 2 3 1 6 0 5 1 1-2 7 2 7 2 Winnipeg 8 1 4 0 2 3,FEW_TEAMS
2023_week_21_game_analysis_report_20260628_214100.txt,21,81,4,511,520,True,10,,10,17,False,TM GP PF Avg PA Avg Diff Hm Aw Team Avg Oppt Avg PER GAME Per Pts % Year PpgTM GP PF Avg PA Avg Diff Hm Aw Team Avg Oppt Avg PER GAME Per Pts % Year Ppg,INCONSISTENT_COLS
2023_week_21_game_analysis_report_20260628_214100.txt,21,81,5,524,533,True,10,,10,19,False,TM TD C1 C2 FG Sgl S/T Rush Pass Int FR PR KOR FGM Tm Q1 Q2 Q3 Q4 OT,INCONSISTENT_COLS
2023_week_21_game_analysis_report_20260628_214100.txt,21,81,6,536,545,True,10,,10,19,False,TM TD C1 C2 FG Sgl S/T Rush Pass Int FR PR KOR FGM Opp Q1 Q2 Q3 Q4 OT,INCONSISTENT_COLS
2023_week_21_game_analysis_report_20260628_214100.txt,21,81,7,549,568,True,10,,10,18,False,Team Ratio RK Fum Int Dns T/Os Pts OFF1 Ret2 Fum Int Dns T/O Pts YEAR GP T/Os PerGTeam Ratio RK Fum Int Dns T/Os Pts O et Fum Int Dns T/O Pts YEAR GP T/Os PerG,INCONSISTENT_COLS;WRAPPED
2023_week_21_game_analysis_report_20260628_214100.txt,21,81,8,579,588,True,10,,10,22,False,TM Poss TD FG FGM T/O Punt Oth TD% Drv TD Drv TD Drv TD Drv TD Drv TD Drv TD 2&O %TM Poss TD FG FGM T/O Punt Oth TD% Drv TD Drv TD Drv TD Drv TD Drv TD Drv TD 2&O %,INCONSISTENT_COLS
2023_week_21_game_analysis_report_20260628_214100.txt,21,81,9,601,610,True,10,,10,22,True,TM Poss TD FG FGM T/O Punt Oth TD% Drv TD Drv TD Drv TD Drv TD Drv TD Drv TD 2&O %,
2023_week_21_game_analysis_report_20260628_214100.txt,21,81,10,616,621,False,3,"HAM,MTL,OTT,SSK,TOR,WPG,CFL",3,10,False,Rk No TD Poss YdL 1 RESULTS Drv TD %,FEW_TEAMS;INCONSISTENT_COLS;WRAPPED
2023_week_21_game_analysis_report_20260628_214100.txt,21,81,11,630,642,True,7,"BC,CGY,EDM",7,13,False,"T5 18 3 237 36.3 Min. 1 First Down 1,503 366 24%","MISSING:BC,CGY,EDM;INCONSISTENT_COLS;WRAPPED"
2023_week_21_game_analysis_report_20260628_214100.txt,21,81,12,662,689,True,10,,10,16,True,TM Att / Md % Rk Att / Md % Att / Md % Att / Md % Yards Avg RkTM Att / Md % Rk Att / Md % Att / Md % Att / Md % Yards Avg Rk,WRAPPED
2023_week_21_game_analysis_report_20260628_214100.txt,21,81,13,692,722,True,10,,10,16,False,TM Att / Md % Rk Att / Md % Att / Md % Att / Md % Yards Avg Rk,INCONSISTENT_COLS;WRAPPED
2023_week_21_game_analysis_report_20260628_214100.txt,21,81,14,738,748,True,10,,10,14,False,TM Att / Md Fail % Att / Md % YEAR Att Md % TEAM Att / Md %,INCONSISTENT_COLS;WRAPPED
2023_week_21_game_analysis_report_20260628_214100.txt,21,81,15,759,782,True,10,,10,21,False,Team Total Game Rush Pass Rets Rets Rets Tot Rush Pass Rets Rets Ret Diff Rnk YEAR BPs Total OFF Off Rets,INCONSISTENT_COLS;WRAPPED
2023_week_21_game_analysis_report_20260628_214100.txt,21,81,16,786,813,True,10,,10,18,True,TEAM Att 1 TD % Rnk FG T/O Oth Pts % OPPT Att 1 TD % Rnk FG T/O Oth Pts %,WRAPPED
2023_week_21_game_analysis_report_20260628_214100.txt,21,81,17,826,836,True,10,,10,12,True,TM Chall Won Pct Chall Won Chall Won Pen? NoP? Pass Comp Oth,WRAPPED
2023_week_21_game_analysis_report_20260628_214100.txt,21,81,18,844,873,True,10,,10,17,False,TM GP Yards Pass Rush Tm Ls Per G Rank Plays Per Pl Rank Pass SA Rush TLs* % Rs %Ps+ OthTM GP Yards Pass Rush Tm Ls Per G Rank Plays Per Pl Rank Pass SA Rush TLs % Rs %Ps+ Oth,INCONSISTENT_COLS;WRAPPED
2023_week_21_game_analysis_report_20260628_214100.txt,21,81,19,878,905,True,10,,10,17,True,TM GP Yards Pass Rush Tm L Per G Rank Plays Per Pl Rank Pass SA Rush TLs % Rs%Ps+ Oth,WRAPPED
2023_week_21_game_analysis_report_20260628_214100.txt,21,81,20,909,939,True,10,,10,17,False,TM Plays Avg Yd Rank Rush Pass+ Plays Av Yd Rank Team Oppt TM Tot Rush Pass Pen Opp F Rush Pass,INCONSISTENT_COLS;WRAPPED
2023_week_21_game_analysis_report_20260628_214100.txt,21,81,21,945,954,True,10,,10,19,False,TM Att Yards Avg TD 10+ 20+ PerG Att Yds Avg Att Yds Esc 3 Atts Yards Avg TD 10+ 20+,INCONSISTENT_COLS
2023_week_21_game_analysis_report_20260628_214100.txt,21,81,22,961,970,True,10,,10,21,False,TM Att Com % Yards Int TD LG 30+ 2D1 Effic IC% YAC YAC% TDI Avg PerG Backs Atts Runs SA SA%,INCONSISTENT_COLS
2023_week_21_game_analysis_report_20260628_214100.txt,21,81,23,981,990,True,10,,10,21,False,TM Att Com % Yds2 Int TD Effic Att Com % Yds2 Int TD Effic Att Com % Yds2 Int TD Effic,INCONSISTENT_COLS
2023_week_21_game_analysis_report_20260628_214100.txt,21,81,24,994,1011,True,6,"SSK,TOR,WPG,CFL",6,8,False,TM Att Avg Yd Year Com% Effic Int% Ratio Depth,"MISSING:SSK,TOR,WPG,CFL;INCONSISTENT_COLS;WRAPPED"
2023_week_21_game_analysis_report_20260628_214100.txt,21,81,25,1013,1016,False,4,"BC,CGY,EDM,HAM,MTL,OTT",4,2,True,Depth Yds % 0-9 Yd,FEW_TEAMS
2023_week_21_game_analysis_report_20260628_214100.txt,21,81,26,1099,1108,True,10,,10,17,False,TM FGA / Md % LG S FGA Md % FGA Md % FGA Md Yards Avg Yards AvgTM FGA / Md % LG S FGA Md % FGA Md % FGA Md Yards Avg Yards Avg,INCONSISTENT_COLS
2023_week_21_game_analysis_report_20260628_214100.txt,21,81,27,1113,1122,True,10,,10,7,False,TM FG Ms Att Yd Avg Sgl Missed From - Yards Out:,INCONSISTENT_COLS
2023_week_21_game_analysis_report_20260628_214100.txt,21,81,28,1136,1145,True,10,,10,16,False,TM Att / C-1 % Miss Year Att Md % TM Atts / C-2 % Md Rsh Pass Def Rsh Pass,INCONSISTENT_COLS
2023_week_21_game_analysis_report_20260628_214100.txt,21,81,29,1153,1171,True,10,,10,20,True,TM No Yards Avg LG S I10 No Yards Avg LG TD 30+ Avg NetYd* Rnk Sgl* Cover Retn FP Yds Avg,WRAPPED
2023_week_21_game_analysis_report_20260628_214100.txt,21,81,30,1178,1207,True,10,,10,20,False,Rk,INCONSISTENT_COLS;WRAPPED
2023_week_21_game_analysis_report_20260628_214100.txt,21,81,31,1216,1235,True,10,,10,6,False,TM Punt K/O Total Rk Punt K/O,INCONSISTENT_COLS;WRAPPED
2023_week_21_game_analysis_report_20260628_214100.txt,21,81,32,1243,1272,True,10,,10,24,False,TM No Yds Avg LG TD 30+ 10+ Rk No Yds Avg LG TD 40+ Rk No Yds LG TD 30 BP* PR KOR FGM Tot,INCONSISTENT_COLS;WRAPPED
2023_week_21_game_analysis_report_20260628_214100.txt,21,81,33,1276,1305,True,10,,10,24,False,TM No Yds Avg LG TD 30+ 10+ Rk No Yds Avg LG TD 40+ Rk No Yds LG TD 30 BP* PR KOR FGM Tot,INCONSISTENT_COLS;WRAPPED
2023_week_21_game_analysis_report_20260628_214100.txt,21,81,34,1310,1328,True,10,,10,12,False,TM PR KOR Tot PerG Rk NOTES & LEGEND: Wk PR Yds Avg TD 30+ 10+,INCONSISTENT_COLS;WRAPPED
