bucket,bets,wins,win_pct
"(-30.001, -15.0]",2,0,0.0
"(-15.0, -10.0]",6,2,0.3333333333333333
"(-10.0, -7.0]",3,3,1.0
"(-7.0, -5.0]",7,4,0.5714285714285714
"(-5.0, -3.0]",2,1,0.5
"(-3.0, -1.0]",5,3,0.6
"(3.0, 5.0]",1,1,1.0
"(5.0, 7.0]",1,1,1.0
"(7.0, 10.0]",1,1,1.0
