side,bets,wins,profit,roi
away,62613,29262,-273096.51803125674,-0.043616584100946564
home,62613,32620,1299282.4696012265,0.2075100170254143
