total_band,bets,wins,profit,losses,win_pct,roi_pct
"(170.0, 180.0]",926,876,74636.36363636363,50,0.9460043196544277,0.8060082466129982
"(110.0, 120.0]",4317,4018,335372.72727272724,299,0.9307389390780635,0.7768652473308484
"(130.0, 140.0]",6958,6472,539763.6363636364,486,0.9301523426271917,0.7757453813791841
"(-0.001, 110.0]",2796,2600,216763.63636363635,196,0.9298998569384835,0.7752633632461958
"(140.0, 150.0]",5887,5447,451181.8181818182,440,0.9252590453541703,0.7664036320397795
"(120.0, 130.0]",6110,5648,467254.5454545454,462,0.9243862520458265,0.7647373902693051
"(150.0, 160.0]",3855,3544,291081.8181818182,311,0.919325551232166,0.7550760523523169
"(180.0, 300.0]",585,537,44018.181818181816,48,0.9179487179487179,0.7524475524475525
"(160.0, 170.0]",2051,1870,151900.0,181,0.9117503656752803,0.7406143344709898
