abs_spread_band,bets,wins,profit,losses,win_pct,roi_pct
"(25.0, 100.0]",267,267,24272.727272727272,0,1.0,0.9090909090909091
,16370,16370,1488181.8181818181,0,1.0,0.9090909090909091
"(15.0, 25.0]",1874,1873,170172.72727272726,1,0.9994663820704376,0.9080721839526535
"(10.0, 15.0]",3116,3079,276209.0909090909,37,0.9881258023106547,0.8864219862294316
"(7.0, 10.0]",2977,2814,239518.18181818182,163,0.9452468928451461,0.8045622499770971
"(5.0, 7.0]",2507,2205,170254.54545454544,302,0.8795372955723972,0.6791166551836675
"(3.0, 5.0]",2878,2242,140218.18181818182,636,0.7790132036136206,0.48720702508054836
"(1.0, 3.0]",2910,1851,62372.727272727265,1059,0.6360824742268041,0.21433926897844421
"(-0.001, 1.0]",586,311,772.727272727272,275,0.5307167235494881,0.013186472230840818
