total_band,bets,wins,profit,losses,win_pct,roi_pct
"(160.0, 170.0]",2118,1059,-4250.578614811499,1059,0.5,-0.020068831986834276
"(130.0, 140.0]",7162,3581,-57930.92362665852,3581,0.5,-0.08088651721119593
"(150.0, 160.0]",3990,1995,-32554.883482540412,1995,0.5,-0.08159118667303361
"(120.0, 130.0]",6336,3168,-57666.22681207193,3168,0.5,-0.09101361554935596
"(170.0, 180.0]",958,479,-8896.719818904921,479,0.5,-0.09286763902823508
"(-0.001, 110.0]",2918,1459,-28007.381706403125,1459,0.5,-0.09598143148184758
"(180.0, 300.0]",594,297,-6086.057623364721,297,0.5,-0.10245888254822762
"(140.0, 150.0]",6062,3031,-62619.61735256705,3031,0.5,-0.10329860995144681
"(110.0, 120.0]",4494,2247,-53593.826331615724,2247,0.5,-0.11925640038187744
