team_side,bets,wins,profit,losses,win_pct,roi_pct
HOME,17316,11202,-81567.82061021184,6114,0.646916146916147,-0.047105463507860844
AWAY,17316,6114,-230038.39475872606,11202,0.3530838530838531,-0.13284730582047014
