team_side,bets,wins,profit,losses,win_pct,roi_pct
HOME,16921,15322,1233009.0909090908,1599,0.9055020388865906,0.728685710601673
