team_side,bets,wins,profit,losses,win_pct,roi_pct
HOME,17316,11202,-81567.82061021184,6114,0.646916146916147,-0.047105463507860844
