team_side,bets,wins,profit,losses,win_pct,roi_pct
AWAY,17316,6114,-230038.39475872606,11202,0.3530838530838531,-0.13284730582047014
