spread_band,bets,wins,profit,losses,win_pct,roi_pct
"(15.0, 20.0]",1255,1215,1155.232261280715,40,0.9681274900398407,0.009205037938491752
"(20.0, 100.0]",710,703,369.0222432324018,7,0.9901408450704225,0.005197496383554955
"(3.0, 5.0]",2906,1910,-202.00407772745368,996,0.6572608396421198,-0.0006951275902527655
"(7.0, 10.0]",2982,2404,-1456.7245131610632,578,0.8061703554661301,-0.00488505872958103
"(5.0, 7.0]",2526,1830,-2518.658048076873,696,0.7244655581947743,-0.009970934473780177
"(10.0, 15.0]",3113,2778,-3887.476663475176,335,0.8923867651782846,-0.01248787877762665
"(1.0, 3.0]",2960,1698,-4410.212232903851,1262,0.5736486486486486,-0.0148993656517022
"(-1.0, 1.0]",600,309,-2891.510251033996,291,0.515,-0.04819183751723327
,17580,4469,-297763.8840870726,13111,0.25420932878270763,-0.16937649834304472
