team_side,bets,wins,profit,losses,win_pct,roi_pct
AWAY,16564,15690,1338963.6363636362,874,0.9472349673991789,0.8083576650347961
