band,fav_ud,venue,bets,wins,pushes,profit,decisions,win_pct,roi
1 to 1.5,favorite,away,7684,3215,0,-1546.2727272727275,7684,0.4184,-0.2012
1 to 1.5,favorite,home,2338,944,0,-535.8181818181819,2338,0.4038,-0.2292
1 to 1.5,underdog,away,10499,5460,0,-75.36363636363652,10499,0.52,-0.0072
1 to 1.5,underdog,home,15845,8701,0,765.9999999999998,15845,0.5491,0.0483
