band,fav_ud,venue,bets,wins,pushes,profit,decisions,win_pct,roi
0 to 0.5,favorite,away,1,0,0,-1.0,1,0.0,-1.0
0 to 0.5,favorite,home,1,0,0,-1.0,1,0.0,-1.0
0 to 0.5,underdog,away,7400,3405,787,-112.54545454545463,6613,0.5149,-0.017
0 to 0.5,underdog,home,7400,3208,787,-488.63636363636374,6613,0.4851,-0.0739
1 to 1.5,favorite,away,7685,3216,0,-1545.3636363636365,7685,0.4185,-0.2011
1 to 1.5,favorite,home,2338,944,0,-535.8181818181819,2338,0.4038,-0.2292
1 to 1.5,underdog,away,10499,5460,0,-75.36363636363652,10499,0.52,-0.0072
1 to 1.5,underdog,home,15846,8701,0,764.9999999999998,15846,0.5491,0.0483
