band,fav_ud,venue,bets,wins,pushes,profit,decisions,win_pct,roi
1 to 1.5,favorite,away,3131,1042,0,-1141.7272727272727,3131,0.3328,-0.3647
1 to 1.5,favorite,home,7092,2539,0,-2244.818181818182,7092,0.358,-0.3165
1 to 1.5,underdog,away,7097,4558,0,1604.6363636363635,7097,0.6422,0.2261
1 to 1.5,underdog,home,3129,2089,0,859.090909090909,3129,0.6676,0.2746
