bucket,bets,wins,win_pct
"(-30.001, -15.0]",6,3,0.5
"(-15.0, -10.0]",14,8,0.5714285714285714
"(-10.0, -7.0]",5,2,0.4
"(-5.0, -3.0]",2,0,0.0
"(-3.0, -1.0]",11,9,0.8181818181818182
"(1.0, 3.0]",11,3,0.2727272727272727
"(3.0, 5.0]",3,2,0.6666666666666666
"(5.0, 7.0]",4,2,0.5
"(7.0, 10.0]",1,0,0.0
"(10.0, 15.0]",1,1,1.0
