bucket,bets,wins,win_pct
"(119.999, 130.0]",1,0,0.0
"(130.0, 135.0]",6,2,0.3333333333333333
"(135.0, 140.0]",10,3,0.3
"(140.0, 145.0]",22,15,0.6818181818181818
"(145.0, 150.0]",17,11,0.6470588235294118
"(150.0, 155.0]",10,5,0.5
"(155.0, 160.0]",10,4,0.4
"(160.0, 165.0]",6,1,0.16666666666666666
"(165.0, 170.0]",1,0,0.0
"(170.0, 200.0]",2,0,0.0
