bucket,bets,wins,win_pct
"(-300.0, -200.0]",3,0,0.0
"(-200.0, -150.0]",14,6,0.42857142857142855
"(-150.0, -110.0]",3,2,0.6666666666666666
