sport,league,game_id,game_date,game_time,home_team,away_team,home_prob,away_prob,away_projected_points,home_projected_points,total_projected_points,total,home_dk_moneyline_american,away_dk_moneyline_american,home_dk_moneyline_decimal,away_dk_moneyline_decimal,away_decimal,home_decimal,away_implied_prob,home_implied_prob,away_market_prob,home_market_prob,home_model_prob,away_model_prob,away_fair,home_fair,away_acceptable_decimal_moneyline,home_acceptable_decimal_moneyline,away_acceptable_american_moneyline,home_acceptable_american_moneyline,home_ml_ev,away_ml_ev,home_ml_edge_vs_market,away_ml_edge_vs_market,home_ml_kelly,away_ml_kelly,home_ml_ev_pct,away_ml_ev_pct,home_ml_edge_vs_market_pct,away_ml_edge_vs_market_pct,bet_side,bet_line,bet_odds_american,bet_ev,bet_kelly,bet_model_prob,bet_edge_vs_market,bet_stake_pct,market_type,league_lower,home_spread,away_spread,home_dk_spread_american,away_dk_spread_american,home_dk_spread_decimal,away_dk_spread_decimal,home_spread_model_prob,away_spread_model_prob,fair_home_spread_decimal,fair_away_spread_decimal,home_acceptable_spread_decimal,away_acceptable_spread_decimal,home_acceptable_spread_american,away_acceptable_spread_american,home_spread_implied_prob,away_spread_implied_prob,home_spread_market_prob,away_spread_market_prob,home_spread_ev,away_spread_ev,home_spread_edge_vs_market,away_spread_edge_vs_market,home_spread_kelly,away_spread_kelly,home_spread_ev_pct,away_spread_ev_pct,home_spread_edge_vs_market_pct,away_spread_edge_vs_market_pct,dk_total_over_american,dk_total_under_american,dk_total_over_decimal,dk_total_under_decimal,over_model_prob,under_model_prob,fair_over,fair_under,acceptable_over,acceptable_under,over_implied_prob,under_implied_prob,over_market_prob,under_market_prob,over_ev,under_ev,over_edge_vs_market,under_edge_vs_market,over_kelly,under_kelly,over_ev_pct,under_ev_pct,over_edge_vs_market_pct,under_edge_vs_market_pct,home_score,away_score,bet_result,profit_unit,profit_kelly
basketball,WNBA,WNBA_2025_05_16_Golden_State_Valkyries_Los_Angeles_Sparks,2025_05_16,10:00 PM,Golden State Valkyries,Los Angeles Sparks,0.298,0.702,80.85,74.45,155.3,163.0,,,,,,,,,,,,,,,,,,,,,,,,,,,,,under,163.0,-105.0,0.3236316445069793,0.3398064306037163,0.6779510574200878,18.136750276985435,0.05,total,wnba,,,,,,,,,,,,,,,,,,,,,,,,,,,,,-108.0,-105.0,1.9259,1.9524,0.3220489425799122,0.6779510574200878,3.105118097855152,1.475032731426742,3.1982716407908063,1.5192837133695445,0.5192377589698323,0.5121901249743905,0.5034164453497666,0.4965835546502334,-0.3797659414853471,0.3236316445069793,-0.1813675027698544,0.1813675027698543,0.0,0.3398064306037163,-37.97659414853472,32.36316445069794,-18.13675027698544,18.136750276985435,67.0,84.0,Win,0.9523809523809523,0.047619047619047616
basketball,WNBA,WNBA_2025_05_17_Indiana_Fever_Chicago_Sky,2025_05_17,03:30 PM,Indiana Fever,Chicago Sky,0.636,0.364,81.55,85.35,166.9,169.0,,,,,,,,,,,,,,,,,,,,,,,,,,,,,away,7.0,-110.0,0.1395583603997023,0.1535126613130595,0.5969086796918456,9.690867969184556,0.0383781653282648,spread,wnba,-7.0,7.0,-110.0,-110.0,1.9091,1.9091,0.4030913203081544,0.5969086796918456,2.480827419542356,1.6752981385967625,2.604868790519474,1.7590630455266008,160.0,-131.0,0.5238070294903358,0.5238070294903358,0.5,0.5,-0.2304583603997023,0.1395583603997023,-0.0969086796918455,0.0969086796918455,0.0,0.1535126613130595,-23.04583603997024,13.955836039970237,-9.690867969184556,9.690867969184556,,,,,,,,,,,,,,,,,,,,,,,,,93.0,58.0,Loss,-1.0,-0.0383781653282648
basketball,WNBA,WNBA_2025_05_17_Indiana_Fever_Chicago_Sky,2025_05_17,03:30 PM,Indiana Fever,Chicago Sky,0.636,0.364,81.55,85.35,166.9,169.0,,,,,,,,,,,,,,,,,,,,,,,,,,,,,under,169.0,-105.0,0.0740768272308487,0.0777791130101309,0.5501315443714653,6.096356948920478,0.0194447782525327,total,wnba,,,,,,,,,,,,,,,,,,,,,,,,,,,,,-115.0,-105.0,1.8696,1.9524,0.4498684556285347,0.5501315443714653,2.222872014004289,1.817747064736157,2.289558174424417,1.8722794766782416,0.5348737697903295,0.5121901249743905,0.5108320251177394,0.4891679748822605,-0.1589259353568914,0.0740768272308487,-0.0609635694892046,0.0609635694892047,0.0,0.0777791130101309,-15.892593535689148,7.407682723084874,-6.096356948920468,6.096356948920478,93.0,58.0,Win,0.9523809523809523,0.018518836430983523
basketball,WNBA,WNBA_2025_05_18_Los_Angeles_Sparks_Minnesota_Lynx,2025_05_18,06:00 PM,Los Angeles Sparks,Minnesota Lynx,0.338,0.662,80.25,74.65,154.9,161.5,,,,,,,,,,,,,,,,,,,,,,,,,,,,,under,161.5,-110.0,0.2484372030958344,0.2732781906235116,0.653940182858852,15.394018285885204,0.05,total,wnba,,,,,,,,,,,,,,,,,,,,,,,,,,,,,-110.0,-110.0,1.9091,1.9091,0.346059817141148,0.653940182858852,2.889673838069817,1.5291918530350388,2.976364053211912,1.57506760862609,0.5238070294903358,0.5238070294903358,0.5,0.5,-0.3393372030958343,0.2484372030958344,-0.153940182858852,0.153940182858852,0.0,0.2732781906235116,-33.933720309583435,24.84372030958344,-15.394018285885204,15.394018285885204,75.0,89.0,Loss,-1.0,-0.05
basketball,WNBA,WNBA_2025_05_19_Dallas_Wings_Seattle_Storm,2025_05_19,08:00 PM,Dallas Wings,Seattle Storm,0.351,0.649,89.75,84.45,174.2,166.0,130.0,-150.0,2.3,1.6667,1.6666666666666663,2.3,0.6000000000000001,0.4347826086956522,0.5798319327731092,0.4201680672268907,0.351,0.649,1.5408320493066254,2.8490028490028494,1.5485362095531583,2.863247863247864,-182.0,186.0,-0.1927000000000001,0.0816883000000001,-0.0691680672268907,0.0691680672268908,0.0,0.1225263236838159,-19.27000000000001,8.168830000000016,-6.916806722689072,6.916806722689084,away,-150.0,-150.0,0.0816883000000001,0.1225263236838159,0.649,6.916806722689084,0.0306315809209539,moneyline,wnba,,,,,,,,,,,,,,,,,,,,,,,,,,,,,,,,,,,,,,,,,,,,,,,,,,,,,71.0,79.0,Win,0.6666666666666665,0.020421053947302596
basketball,WNBA,WNBA_2025_05_20_Connecticut_Sun_Las_Vegas_Aces,2025_05_20,07:00 PM,Connecticut Sun,Las Vegas Aces,0.188,0.812,83.75,73.95,157.7,166.0,,,,,,,,,,,,,,,,,,,,,,,,,,,,,home,12.0,-110.0,0.0824140052485897,0.0906544992284565,0.5669760647680006,6.697606476800056,0.0226636248071141,spread,wnba,12.0,-12.0,-110.0,-110.0,1.9091,1.9091,0.5669760647680006,0.4330239352319994,1.763742884647498,2.309341167167201,1.851930028879873,2.424808225525561,-117.0,142.0,0.5238070294903358,0.5238070294903358,0.5,0.5,0.0824140052485897,-0.1733140052485899,0.0669760647680005,-0.0669760647680006,0.0906544992284565,0.0,8.241400524858978,-17.331400524859,6.697606476800056,-6.697606476800061,,,,,,,,,,,,,,,,,,,,,,,,,62.0,87.0,Loss,-1.0,-0.0226636248071141
basketball,WNBA,WNBA_2025_05_20_Connecticut_Sun_Las_Vegas_Aces,2025_05_20,07:00 PM,Connecticut Sun,Las Vegas Aces,0.188,0.812,83.75,73.95,157.7,166.0,,,,,,,,,,,,,,,,,,,,,,,,,,,,,under,166.0,-108.0,0.3303138921992712,0.3567489925470044,0.6907492041119847,19.29395561328452,0.05,total,wnba,,,,,,,,,,,,,,,,,,,,,,,,,,,,,-110.0,-108.0,1.9091,1.9259,0.3092507958880153,0.6907492041119847,3.2336214273224253,1.4477034414908705,3.330630070142098,1.4911345447355966,0.5238070294903358,0.5192377589698323,0.5021903520208606,0.4978096479791395,-0.40960930557019,0.3303138921992712,-0.1929395561328453,0.1929395561328452,0.0,0.3567489925470044,-40.960930557019005,33.03138921992712,-19.29395561328453,19.29395561328452,62.0,87.0,Win,0.925925925925926,0.04629629629629631
basketball,WNBA,WNBA_2025_05_20_Indiana_Fever_Atlanta_Dream,2025_05_20,07:00 PM,Indiana Fever,Atlanta Dream,0.673,0.327,80.25,85.15,165.4,171.0,,,,,,,,,,,,,,,,,,,,,,,,,,,,,under,171.0,105.0,0.2946943769937065,0.2806613114225776,0.6315582326798569,14.93526809130412,0.05,total,wnba,,,,,,,,,,,,,,,,,,,,,,,,,,,,,-110.0,105.0,1.9091,2.05,0.3684417673201431,0.6315582326798569,2.714133110568566,1.5833852656100358,2.795557103885624,1.630886823578337,0.5238070294903358,0.4878048780487805,0.5177944482331842,0.4822055517668157,-0.2966078220091147,0.2946943769937065,-0.1493526809130411,0.1493526809130412,0.0,0.2806613114225776,-29.66078220091148,29.469437699370648,-14.93526809130411,14.93526809130412,90.0,91.0,Loss,-1.0,-0.05
basketball,WNBA,WNBA_2025_05_21_Golden_State_Valkyries_Washington_Mystics,2025_05_21,10:00 PM,Golden State Valkyries,Washington Mystics,0.34,0.66,79.65,74.15,153.8,162.0,,,,,,,,,,,,,,,,,,,,,,,,,,,,,under,162.0,-110.0,0.3146666512667642,0.3461298550948897,0.688631633370051,18.86316333700509,0.05,total,wnba,,,,,,,,,,,,,,,,,,,,,,,,,,,,,-110.0,-110.0,1.9091,1.9091,0.311368366629949,0.688631633370051,3.2116300407242937,1.4521551894242253,3.3079789419460224,1.495719845106952,0.5238070294903358,0.5238070294903358,0.5,0.5,-0.4055666512667644,0.3146666512667642,-0.188631633370051,0.1886316333700509,0.0,0.3461298550948897,-40.55666512667644,31.466665126676418,-18.8631633370051,18.86316333700509,76.0,74.0,Win,0.9090909090909092,0.04545454545454546
basketball,WNBA,WNBA_2025_05_21_Phoenix_Mercury_Los_Angeles_Sparks,2025_05_21,10:00 PM,Phoenix Mercury,Los Angeles Sparks,0.585,0.415,80.75,83.35,164.1,159.5,,,,,,,,,,,,,,,,,,,,,,,,,,,,,over,159.5,-110.0,0.1621086262889974,0.1783177057408397,0.6087206674815344,10.872066748153442,0.0445794264352099,total,wnba,,,,,,,,,,,,,,,,,,,,,,,,,,,,,-110.0,-110.0,1.9091,1.9091,0.6087206674815344,0.3912793325184655,1.6427896298269438,2.555718937577178,1.692073318721752,2.6323905057044934,0.5238070294903358,0.5238070294903358,0.5,0.5,0.1621086262889974,-0.2530086262889975,0.1087206674815344,-0.1087206674815345,0.1783177057408397,0.0,16.210862628899747,-25.30086262889976,10.872066748153442,-10.872066748153452,89.0,86.0,Win,0.9090909090909092,0.04052675130473628
basketball,WNBA,WNBA_2025_05_22_Atlanta_Dream_Indiana_Fever,2025_05_22,07:30 PM,Atlanta Dream,Indiana Fever,0.336,0.664,85.55,79.85,165.4,172.5,,,,,,,,,,,,,,,,,,,,,,,,,,,,,away,-3.0,-110.0,0.1110995472030695,0.1222082798405782,0.582001753288497,8.200175328849701,0.0305520699601445,spread,wnba,3.0,-3.0,-110.0,-110.0,1.9091,1.9091,0.417998246711503,0.582001753288497,2.3923545322671824,1.718207882278152,2.511972258880541,1.80411827639206,151.0,-124.0,0.5238070294903358,0.5238070294903358,0.5,0.5,-0.2019995472030696,0.1110995472030695,-0.082001753288497,0.082001753288497,0.0,0.1222082798405782,-20.19995472030697,11.10995472030696,-8.200175328849701,8.200175328849701,,,,,,,,,,,,,,,,,,,,,,,,,76.0,81.0,Win,0.9090909090909092,0.02777460905467682
basketball,WNBA,WNBA_2025_05_22_Chicago_Sky_New_York_Liberty,2025_05_22,08:00 PM,Chicago Sky,New York Liberty,0.229,0.771,83.25,74.55,157.8,164.5,,,,,,,,,,,,,,,,,,,,,,,,,,,,,home,11.0,-105.0,0.1128478669452788,0.118487890534732,0.5699896880481863,8.082171316592579,0.029621972633683,spread,wnba,11.0,-11.0,-105.0,-115.0,1.9524,1.8696,0.5699896880481863,0.4300103119518137,1.7544177043347864,2.325525626260001,1.8421385895515257,2.441801907573001,-118.0,144.0,0.5121901249743905,0.5348737697903295,0.4891679748822605,0.5108320251177394,0.1128478669452788,-0.1960527207748891,0.0808217131659257,-0.0808217131659256,0.118487890534732,0.0,11.28478669452788,-19.605272077488912,8.082171316592579,-8.082171316592568,,,,,,,,,,,,,,,,,,,,,,,,,74.0,99.0,Loss,-1.0,-0.029621972633683
basketball,WNBA,WNBA_2025_05_22_Atlanta_Dream_Indiana_Fever,2025_05_22,07:30 PM,Atlanta Dream,Indiana Fever,0.336,0.664,85.55,79.85,165.4,172.5,,,,,,,,,,,,,,,,,,,,,,,,,,,,,under,172.5,-110.0,0.269433740934943,0.2963741512869244,0.6649383169739369,16.49383169739369,0.05,total,wnba,,,,,,,,,,,,,,,,,,,,,,,,,,,,,-110.0,-110.0,1.9091,1.9091,0.3350616830260631,0.6649383169739369,2.984525090928449,1.503898894789058,3.0740608436563024,1.5490158616327296,0.5238070294903358,0.5238070294903358,0.5,0.5,-0.3603337409349429,0.269433740934943,-0.1649383169739369,0.1649383169739369,0.0,0.2963741512869244,-36.033374093494295,26.9433740934943,-16.49383169739369,16.49383169739369,76.0,81.0,Win,0.9090909090909092,0.04545454545454546
basketball,WNBA,WNBA_2025_05_22_Chicago_Sky_New_York_Liberty,2025_05_22,08:00 PM,Chicago Sky,New York Liberty,0.229,0.771,83.25,74.55,157.8,164.5,,,,,,,,,,,,,,,,,,,,,,,,,,,,,under,164.5,-110.0,0.2526570931004412,0.2779200232102531,0.6561505909069411,14.818667338116786,0.05,total,wnba,,,,,,,,,,,,,,,,,,,,,,,,,,,,,-103.0,-110.0,1.9709,1.9091,0.3438494090930589,0.6561505909069411,2.908249872051871,1.524040386243934,2.995497368213427,1.569761597831252,0.5073824141255264,0.5238070294903358,0.4920360824742268,0.5079639175257732,-0.3223071996184902,0.2526570931004412,-0.1481866733811679,0.1481866733811678,0.0,0.2779200232102531,-32.23071996184902,25.265709310044127,-14.818667338116793,14.818667338116786,74.0,99.0,Loss,-1.0,-0.05
basketball,WNBA,WNBA_2025_05_23_Minnesota_Lynx_Connecticut_Sun,2025_05_23,07:30 PM,Minnesota Lynx,Connecticut Sun,0.764,0.236,69.25,76.85,146.1,157.5,,,,,,,,,,,,,,,,,,,,,,,,,,,,,under,157.5,-110.0,0.437555391855154,0.4813061179794896,0.7530016195354639,25.081126751460324,0.05,total,wnba,,,,,,,,,,,,,,,,,,,,,,,,,,,,,-108.0,-110.0,1.9259,1.9091,0.2469983804645361,0.7530016195354639,4.048609541970577,1.328018392067885,4.170067828229694,1.3678589438299216,0.5192377589698323,0.5238070294903358,0.4978096479791395,0.5021903520208606,-0.5243058190633499,0.437555391855154,-0.2508112675146034,0.2508112675146032,0.0,0.4813061179794896,-52.43058190633499,43.7555391855154,-25.081126751460346,25.081126751460324,76.0,70.0,Win,0.9090909090909092,0.04545454545454546
basketball,WNBA,WNBA_2025_05_23_Los_Angeles_Sparks_Golden_State_Valkyries,2025_05_23,10:00 PM,Los Angeles Sparks,Golden State Valkyries,0.732,0.268,75.35,82.05,157.4,160.0,,,,,,,,,,,,,,,,,,,,,,,,,,,,,under,160.0,-110.0,0.0728768110892734,0.080163690561295,0.5619804154257364,6.19804154257364,0.0200409226403237,total,wnba,,,,,,,,,,,,,,,,,,,,,,,,,,,,,-110.0,-110.0,1.9091,1.9091,0.4380195845742636,0.5619804154257364,2.283002941459701,1.7794214398778212,2.351493029703492,1.832804083074156,0.5238070294903358,0.5238070294903358,0.5,0.5,-0.1637768110892733,0.0728768110892734,-0.0619804154257364,0.0619804154257364,0.0,0.080163690561295,-16.377681108927334,7.287681108927346,-6.19804154257364,6.19804154257364,73.0,82.0,Win,0.9090909090909092,0.018219020582112454
basketball,WNBA,WNBA_2025_05_24_Indiana_Fever_New_York_Liberty,2025_05_24,01:00 PM,Indiana Fever,New York Liberty,0.355,0.645,87.75,82.55,170.3,172.0,,,,,,,,,,,,,,,,,,,,,,,,,,,,,away,-4.0,-110.0,0.0245261546992341,0.0269785003841537,0.536654001728162,3.665400172816202,0.0067446250960384,spread,wnba,4.0,-4.0,-110.0,-110.0,1.9091,1.9091,0.463345998271838,0.536654001728162,2.158214387800357,1.8633980120892537,2.2661251071903745,1.9565679126937163,126.0,-104.0,0.5238070294903358,0.5238070294903358,0.5,0.5,-0.1154261546992341,0.0245261546992341,-0.036654001728162,0.036654001728162,0.0,0.0269785003841537,-11.542615469923412,2.4526154699234137,-3.665400172816202,3.665400172816202,,,,,,,,,,,,,,,,,,,,,,,,,88.0,90.0,Loss,-1.0,-0.0067446250960384
basketball,WNBA,WNBA_2025_05_25_Phoenix_Mercury_Washington_Mystics,2025_05_25,06:00 PM,Phoenix Mercury,Washington Mystics,0.642,0.358,78.75,82.85,161.6,162.0,,,,,,,,,,,,,,,,,,,,,,,,,,,,,away,7.0,-110.0,0.122512525174375,0.1347624300675117,0.5879799513772851,8.79799513772851,0.0336906075168779,spread,wnba,-7.0,7.0,-110.0,-110.0,1.9091,1.9091,0.4120200486227149,0.5879799513772851,2.4270663608306497,1.7007382609859376,2.5484196788721825,1.7857751740352346,154.0,-127.0,0.5238070294903358,0.5238070294903358,0.5,0.5,-0.2134125251743749,0.122512525174375,-0.087979951377285,0.087979951377285,0.0,0.1347624300675117,-21.341252517437493,12.251252517437504,-8.79799513772851,8.79799513772851,,,,,,,,,,,,,,,,,,,,,,,,,68.0,62.0,Win,0.9090909090909092,0.030627825015343547
basketball,WNBA,WNBA_2025_05_25_Atlanta_Dream_Connecticut_Sun,2025_05_25,03:00 PM,Atlanta Dream,Connecticut Sun,0.622,0.378,73.35,76.75,150.1,158.0,,,,,,,,,,,,,,,,,,,,,,,,,,,,,under,158.0,-110.0,0.3024674318617872,0.3327108479394867,0.6822415964914291,18.005124447056854,0.05,total,wnba,,,,,,,,,,,,,,,,,,,,,,,,,,,,,-108.0,-110.0,1.9259,1.9091,0.3177584035085709,0.6822415964914291,3.1470450158308,1.4657564199291135,3.241456366305724,1.509729112526987,0.5192377589698323,0.5238070294903358,0.4978096479791395,0.5021903520208606,-0.3880290906828434,0.3024674318617872,-0.1800512444705686,0.1800512444705685,0.0,0.3327108479394867,-38.80290906828434,30.24674318617873,-18.005124447056865,18.005124447056854,79.0,55.0,Win,0.9090909090909092,0.04545454545454546
basketball,WNBA,WNBA_2025_05_27_Minnesota_Lynx_Seattle_Storm,2025_05_27,08:00 PM,Minnesota Lynx,Seattle Storm,0.591,0.409,76.55,79.25,155.8,156.0,,,,,,,,,,,,,,,,,,,,,,,,,,,,,away,6.0,-110.0,0.1452194056410143,0.1597397488076276,0.5998739749835076,9.98739749835076,0.0399349372019069,spread,wnba,-6.0,6.0,-110.0,-110.0,1.9091,1.9091,0.4001260250164924,0.5998739749835076,2.499212591729773,1.6670168097015596,2.624173221316262,1.7503676501866376,162.0,-133.0,0.5238070294903358,0.5238070294903358,0.5,0.5,-0.2361194056410143,0.1452194056410143,-0.0998739749835075,0.0998739749835075,0.0,0.1597397488076276,-23.61194056410143,14.521940564101431,-9.98739749835076,9.98739749835076,,,,,,,,,,,,,,,,,,,,,,,,,82.0,77.0,Win,0.9090909090909092,0.03630448836536991
basketball,WNBA,WNBA_2025_05_27_Phoenix_Mercury_Chicago_Sky,2025_05_27,10:00 PM,Phoenix Mercury,Chicago Sky,0.651,0.349,77.45,81.75,159.2,155.5,,,,,,,,,,,,,,,,,,,,,,,,,,,,,away,7.5,-110.0,0.1395583603997023,0.1535126613130595,0.5969086796918456,9.690867969184556,0.0383781653282648,spread,wnba,-7.5,7.5,-110.0,-110.0,1.9091,1.9091,0.4030913203081544,0.5969086796918456,2.480827419542356,1.6752981385967625,2.604868790519474,1.7590630455266008,160.0,-131.0,0.5238070294903358,0.5238070294903358,0.5,0.5,-0.2304583603997023,0.1395583603997023,-0.0969086796918455,0.0969086796918455,0.0,0.1535126613130595,-23.04583603997024,13.955836039970237,-9.690867969184556,9.690867969184556,,,,,,,,,,,,,,,,,,,,,,,,,94.0,89.0,Win,0.9090909090909092,0.03488924120751346
basketball,WNBA,WNBA_2025_05_27_Connecticut_Sun_Dallas_Wings,2025_05_27,07:00 PM,Connecticut Sun,Dallas Wings,0.366,0.634,85.45,80.65,166.1,160.0,,,,,,,,,,,,,,,,,,,,,,,,,,,,,over,160.0,-110.0,0.227189783002585,0.2499062622402213,0.6428106348554739,14.281063485547383,0.05,total,wnba,,,,,,,,,,,,,,,,,,,,,,,,,,,,,-110.0,-110.0,1.9091,1.9091,0.6428106348554739,0.3571893651445261,1.555668101578367,2.7996354247427817,1.602338144625718,2.8836244874850654,0.5238070294903358,0.5238070294903358,0.5,0.5,0.227189783002585,-0.3180897830025853,0.1428106348554738,-0.1428106348554739,0.2499062622402213,0.0,22.718978300258502,-31.808978300258527,14.281063485547383,-14.28106348554739,87.0,109.0,Win,0.9090909090909092,0.04545454545454546
basketball,WNBA,WNBA_2025_05_27_New_York_Liberty_Golden_State_Valkyries,2025_05_27,07:00 PM,New York Liberty,Golden State Valkyries,0.885,0.115,70.65,82.05,152.7,162.0,,,,,,,,,,,,,,,,,,,,,,,,,,,,,under,162.0,-105.0,0.3892659147444128,0.4087210360609123,0.7115682824956018,22.24003076133413,0.05,total,wnba,,,,,,,,,,,,,,,,,,,,,,,,,,,,,-115.0,-105.0,1.8696,1.9524,0.2884317175043982,0.7115682824956018,3.4670250853557785,1.4053465065823547,3.571035837916452,1.4475069017798254,0.5348737697903295,0.5121901249743905,0.5108320251177394,0.4891679748822605,-0.460748060953777,0.3892659147444128,-0.2224003076133411,0.2224003076133412,0.0,0.4087210360609123,-46.07480609537771,38.92659147444129,-22.24003076133412,22.24003076133413,95.0,67.0,Push,0.0,0.0
basketball,WNBA,WNBA_2025_05_27_Phoenix_Mercury_Chicago_Sky,2025_05_27,10:00 PM,Phoenix Mercury,Chicago Sky,0.651,0.349,77.45,81.75,159.2,155.5,,,,,,,,,,,,,,,,,,,,,,,,,,,,,over,155.5,-110.0,0.1222429348558498,0.1344658836825979,0.5878387380733591,8.783873807335906,0.0336164709206494,total,wnba,,,,,,,,,,,,,,,,,,,,,,,,,,,,,-110.0,-110.0,1.9091,1.9091,0.5878387380733591,0.4121612619266409,1.7011468200913384,2.426234807525377,1.7521812246940789,2.499021851751138,0.5238070294903358,0.5238070294903358,0.5,0.5,0.1222429348558498,-0.2131429348558499,0.087838738073359,-0.0878387380733591,0.1344658836825979,0.0,12.22429348558498,-21.31429348558499,8.783873807335906,-8.783873807335912,94.0,89.0,Win,0.9090909090909092,0.030560428109681275
basketball,WNBA,WNBA_2025_05_28_Washington_Mystics_Indiana_Fever,2025_05_28,07:30 PM,Washington Mystics,Indiana Fever,0.37,0.63,87.75,82.95,170.7,159.0,,,,,,,,,,,,,,,,,,,,,,,,,,,,,over,159.0,-110.0,0.4483377106813324,0.4931665500839648,0.758649473930822,25.864947393082204,0.05,total,wnba,,,,,,,,,,,,,,,,,,,,,,,,,,,,,-110.0,-110.0,1.9091,1.9091,0.758649473930822,0.2413505260691779,1.318131804426962,4.1433512339367,1.357675758559771,4.267651770954801,0.5238070294903358,0.5238070294903358,0.5,0.5,0.4483377106813324,-0.5392377106813324,0.258649473930822,-0.2586494739308221,0.4931665500839648,0.0,44.833771068133245,-53.92377106813324,25.864947393082204,-25.86494739308221,83.0,77.0,Win,0.9090909090909092,0.04545454545454546
basketball,WNBA,WNBA_2025_05_29_Chicago_Sky_Dallas_Wings,2025_05_29,08:00 PM,Chicago Sky,Dallas Wings,0.453,0.547,86.35,83.95,170.3,169.5,125.0,-145.0,2.25,1.6897,1.6896551724137931,2.25,0.5918367346938775,0.4444444444444444,0.5711159737417943,0.4288840262582056,0.453,0.547,1.828153564899452,2.2075055187637966,1.8372943327239484,2.2185430463576155,-119.0,121.0,0.0192499999999999,-0.0757340999999999,0.0241159737417944,-0.0241159737417943,0.0154,0.0,1.924999999999999,-7.573409999999992,2.4115973741794416,-2.4115973741794305,home,125.0,125.0,0.0192499999999999,0.0154,0.453,2.4115973741794416,0.00385,moneyline,wnba,,,,,,,,,,,,,,,,,,,,,,,,,,,,,,,,,,,,,,,,,,,,,,,,,,,,,97.0,92.0,Win,1.25,0.0048125
basketball,WNBA,WNBA_2025_05_29_New_York_Liberty_Golden_State_Valkyries,2025_05_29,07:00 PM,New York Liberty,Golden State Valkyries,0.859,0.141,69.75,80.25,150.0,163.0,,,,,,,,,,,,,,,,,,,,,,,,,,,,,under,163.0,-110.0,0.4934757284158293,0.5428178730786815,0.782293084917411,28.2293084917411,0.05,total,wnba,,,,,,,,,,,,,,,,,,,,,,,,,,,,,-110.0,-110.0,1.9091,1.9091,0.217706915082589,0.782293084917411,4.593331358448772,1.278293288385098,4.731131299202235,1.3166420870366509,0.5238070294903358,0.5238070294903358,0.5,0.5,-0.5843757284158293,0.4934757284158293,-0.282293084917411,0.282293084917411,0.0,0.5428178730786815,-58.43757284158293,49.34757284158293,-28.2293084917411,28.2293084917411,82.0,77.0,Win,0.9090909090909092,0.04545454545454546
basketball,WNBA,WNBA_2025_05_30_Indiana_Fever_Connecticut_Sun,2025_05_30,07:30 PM,Indiana Fever,Connecticut Sun,0.737,0.263,78.85,85.85,164.7,158.0,,,,,,,,,,,,,,,,,,,,,,,,,,,,,over,158.0,-110.0,0.2526570931004412,0.2779200232102531,0.6561505909069411,15.615059090694103,0.05,total,wnba,,,,,,,,,,,,,,,,,,,,,,,,,,,,,-110.0,-110.0,1.9091,1.9091,0.6561505909069411,0.3438494090930589,1.524040386243934,2.908249872051871,1.569761597831252,2.995497368213427,0.5238070294903358,0.5238070294903358,0.5,0.5,0.2526570931004412,-0.3435570931004412,0.156150590906941,-0.1561505909069411,0.2779200232102531,0.0,25.265709310044127,-34.355709310044126,15.615059090694103,-15.61505909069411,83.0,85.0,Win,0.9090909090909092,0.04545454545454546
basketball,WNBA,WNBA_2025_05_30_Washington_Mystics_New_York_Liberty,2025_05_30,07:30 PM,Washington Mystics,New York Liberty,0.256,0.744,82.85,74.75,157.6,163.5,,,,,,,,,,,,,,,,,,,,,,,,,,,,,under,163.5,-115.0,0.1934104125801941,0.2224130779441054,0.6383239262838009,12.749190116606146,0.05,total,wnba,,,,,,,,,,,,,,,,,,,,,,,,,,,,,-105.0,-115.0,1.9524,1.8696,0.3616760737161991,0.6383239262838009,2.7649050425842723,1.5666027213202045,2.8478521938618004,1.6136008029598108,0.5121901249743905,0.5348737697903295,0.4891679748822605,0.5108320251177394,-0.2938636336764929,0.1934104125801941,-0.1274919011660614,0.1274919011660614,0.0,0.2224130779441054,-29.38636336764929,19.34104125801941,-12.74919011660614,12.749190116606146,63.0,85.0,Win,0.8695652173913042,0.043478260869565216
basketball,WNBA,WNBA_2025_05_30_Seattle_Storm_Atlanta_Dream,2025_05_30,10:00 PM,Seattle Storm,Atlanta Dream,0.602,0.398,77.05,79.95,157.0,156.0,,,,,,,,,,,,,,,,,,,,,,,,,,,,,over,156.0,-105.0,0.0229033370478111,0.0240480229397428,0.5239209880392395,3.4753013156978985,0.0060120057349357,total,wnba,,,,,,,,,,,,,,,,,,,,,,,,,,,,,-105.0,-115.0,1.9524,1.8696,0.5239209880392395,0.4760790119607605,1.9086847498560304,2.1004916723411915,1.9659452923517111,2.163506422511427,0.5121901249743905,0.5348737697903295,0.4891679748822605,0.5108320251177394,0.0229033370478111,-0.1099226792381621,0.0347530131569789,-0.0347530131569788,0.0240480229397428,0.0,2.290333704781111,-10.992267923816213,3.4753013156978985,-3.475301315697888,87.0,94.0,Win,0.9523809523809523,0.005725719747557809
basketball,WNBA,WNBA_2025_06_01_Los_Angeles_Sparks_Phoenix_Mercury,2025_06_01,06:00 PM,Los Angeles Sparks,Phoenix Mercury,0.512,0.488,79.95,80.15,160.1,164.5,,,,,,,,,,,,,,,,,,,,,,,,,,,,,away,2.5,-105.0,0.1128478669452788,0.118487890534732,0.5699896880481863,8.082171316592579,0.029621972633683,spread,wnba,-2.5,2.5,-115.0,-105.0,1.8696,1.9524,0.4300103119518137,0.5699896880481863,2.325525626260001,1.7544177043347864,2.441801907573001,1.8421385895515257,144.0,-118.0,0.5348737697903295,0.5121901249743905,0.5108320251177394,0.4891679748822605,-0.1960527207748891,0.1128478669452788,-0.0808217131659256,0.0808217131659257,0.0,0.118487890534732,-19.605272077488912,11.28478669452788,-8.082171316592568,8.082171316592579,,,,,,,,,,,,,,,,,,,,,,,,,80.0,85.0,Win,0.9523809523809523,0.02821140250826952
basketball,WNBA,WNBA_2025_06_03_Indiana_Fever_Washington_Mystics,2025_06_03,07:00 PM,Indiana Fever,Washington Mystics,0.66,0.34,80.65,85.35,166.0,161.0,-190.0,165.0,1.5263,2.65,2.65,1.526315789473684,0.3773584905660377,0.6551724137931035,0.3654694391934467,0.6345305608065532,0.66,0.34,2.941176470588235,1.5151515151515151,2.955882352941176,1.5227272727272725,195.0,-191.0,0.0073579999999999,-0.0989999999999999,0.0254694391934467,-0.0254694391934466,0.0139806194185826,0.0,0.7357999999999976,-9.9,2.54694391934468,-2.546943919344669,home,-190.0,-190.0,0.0073579999999999,0.0139806194185826,0.66,2.54694391934468,0.0034951548546456,moneyline,wnba,,,,,,,,,,,,,,,,,,,,,,,,,,,,,,,,,,,,,,,,,,,,,,,,,,,,,85.0,76.0,Win,0.5263157894736841,0.0018395551866555785
basketball,WNBA,WNBA_2025_06_03_Seattle_Storm_Dallas_Wings,2025_06_03,09:30 PM,Seattle Storm,Dallas Wings,0.715,0.285,78.65,84.65,163.3,166.0,,,,,,,,,,,,,,,,,,,,,,,,,,,,,away,8.5,-110.0,0.0996502815933388,0.1096142136105365,0.576004547479618,7.6004547479618045,0.0274035534026341,spread,wnba,-8.5,8.5,-110.0,-110.0,1.9091,1.9091,0.4239954525203819,0.576004547479618,2.3585158615632293,1.7360974047438142,2.4764416546413908,1.822902274981005,147.0,-121.0,0.5238070294903358,0.5238070294903358,0.5,0.5,-0.1905502815933388,0.0996502815933388,-0.0760045474796181,0.076004547479618,0.0,0.1096142136105365,-19.055028159333887,9.965028159333889,-7.60045474796181,7.6004547479618045,,,,,,,,,,,,,,,,,,,,,,,,,83.0,77.0,Win,0.9090909090909092,0.024912321275121913
basketball,WNBA,WNBA_2025_06_03_Indiana_Fever_Washington_Mystics,2025_06_03,07:00 PM,Indiana Fever,Washington Mystics,0.66,0.34,80.65,85.35,166.0,161.0,,,,,,,,,,,,,,,,,,,,,,,,,,,,,over,161.0,-110.0,0.1796437750102344,0.1976061764494935,0.6179057016448769,11.79057016448769,0.0494015441123733,total,wnba,,,,,,,,,,,,,,,,,,,,,,,,,,,,,-110.0,-110.0,1.9091,1.9091,0.6179057016448769,0.3820942983551231,1.6183699184810574,2.6171549910713083,1.666921016035489,2.695669640803448,0.5238070294903358,0.5238070294903358,0.5,0.5,0.1796437750102344,-0.2705437750102345,0.1179057016448769,-0.1179057016448769,0.1976061764494935,0.0,17.964377501023442,-27.054377501023453,11.79057016448769,-11.79057016448769,85.0,76.0,Push,0.0,0.0
basketball,WNBA,WNBA_2025_06_03_Minnesota_Lynx_Phoenix_Mercury,2025_06_03,08:00 PM,Minnesota Lynx,Phoenix Mercury,0.746,0.254,74.85,81.95,156.8,159.0,,,,,,,,,,,,,,,,,,,,,,,,,,,,,under,159.0,-108.0,0.0640698495643137,0.0691973750559602,0.5525052440751408,5.250524407514079,0.01729934376399,total,wnba,,,,,,,,,,,,,,,,,,,,,,,,,,,,,-108.0,-108.0,1.9259,1.9259,0.4474947559248592,0.5525052440751408,2.2346630586390925,1.8099375720386823,2.3017029503982656,1.864235699199843,0.5192377589698323,0.5192377589698323,0.5,0.5,-0.1381698495643136,0.0640698495643137,-0.0525052440751407,0.0525052440751407,0.0,0.0691973750559602,-13.816984956431366,6.406984956431372,-5.250524407514079,5.250524407514079,88.0,65.0,Win,0.925925925925926,0.016017910892583337
basketball,WNBA,WNBA_2025_06_05_Phoenix_Mercury_Golden_State_Valkyries,2025_06_05,10:00 PM,Phoenix Mercury,Golden State Valkyries,0.763,0.237,75.35,82.85,158.2,157.0,-300.0,245.0,1.3333,3.45,3.45,1.3333333333333333,0.2898550724637681,0.75,0.2787456445993032,0.7212543554006969,0.763,0.237,4.219409282700422,1.310615989515072,4.240506329113924,1.3171690694626472,324.0,-315.0,0.0173079,-0.18235,0.041745644599303,-0.0417456445993031,0.0519288928892889,0.0,1.7307900000000045,-18.235,4.174564459930307,-4.174564459930319,home,-300.0,-300.0,0.0173079,0.0519288928892889,0.763,4.174564459930307,0.0129822232223222,moneyline,wnba,,,,,,,,,,,,,,,,,,,,,,,,,,,,,,,,,,,,,,,,,,,,,,,,,,,,,86.0,77.0,Win,0.33333333333333326,0.0043274077407740655
basketball,WNBA,WNBA_2025_06_05_Washington_Mystics_New_York_Liberty,2025_06_05,07:30 PM,Washington Mystics,New York Liberty,0.228,0.772,86.65,77.75,164.4,160.0,,,,,,,,,,,,,,,,,,,,,,,,,,,,,home,12.5,-110.0,0.1621354724310024,0.1783472362017408,0.6087347296794314,10.873472967943144,0.0445868090504352,spread,wnba,12.5,-12.5,-110.0,-110.0,1.9091,1.9091,0.6087347296794314,0.3912652703205685,1.642751680237818,2.555810790926288,1.7248892642497091,2.6836013304726016,-137.0,168.0,0.5238070294903358,0.5238070294903358,0.5,0.5,0.1621354724310024,-0.2530354724310026,0.1087347296794314,-0.1087347296794314,0.1783472362017408,0.0,16.213547243100244,-25.303547243100265,10.873472967943144,-10.87347296794315,,,,,,,,,,,,,,,,,,,,,,,,,78.0,86.0,Win,0.9090909090909092,0.04053346277312291
basketball,WNBA,WNBA_2025_06_05_Washington_Mystics_New_York_Liberty,2025_06_05,07:30 PM,Washington Mystics,New York Liberty,0.228,0.772,86.65,77.75,164.4,160.0,,,,,,,,,,,,,,,,,,,,,,,,,,,,,over,160.0,-110.0,0.1532967699378518,0.1686247606840301,0.6041049551819453,10.41049551819453,0.0421561901710075,total,wnba,,,,,,,,,,,,,,,,,,,,,,,,,,,,,-110.0,-110.0,1.9091,1.9091,0.6041049551819453,0.3958950448180546,1.655341495583029,2.5259219914196698,1.70500174045052,2.60169965116226,0.5238070294903358,0.5238070294903358,0.5,0.5,0.1532967699378518,-0.244196769937852,0.1041049551819452,-0.1041049551819454,0.1686247606840301,0.0,15.32967699378518,-24.4196769937852,10.41049551819453,-10.41049551819454,78.0,86.0,Win,0.9090909090909092,0.03832380924637046
basketball,WNBA,WNBA_2025_06_05_Phoenix_Mercury_Golden_State_Valkyries,2025_06_05,10:00 PM,Phoenix Mercury,Golden State Valkyries,0.763,0.237,75.35,82.85,158.2,157.0,,,,,,,,,,,,,,,,,,,,,,,,,,,,,over,157.0,-110.0,0.0093366142586308,0.010270172982764,0.5286976136706463,2.869761367064627,0.002567543245691,total,wnba,,,,,,,,,,,,,,,,,,,,,,,,,,,,,-110.0,-110.0,1.9091,1.9091,0.5286976136706463,0.4713023863293537,1.8914403510490456,2.121780048236768,1.9481835615805168,2.185433449683871,0.5238070294903358,0.5238070294903358,0.5,0.5,0.0093366142586308,-0.1002366142586308,0.0286976136706462,-0.0286976136706463,0.010270172982764,0.0,0.933661425863086,-10.023661425863084,2.869761367064627,-2.8697613670646325,86.0,77.0,Win,0.9090909090909092,0.0023341302233554546
basketball,WNBA,WNBA_2025_06_06_Dallas_Wings_Los_Angeles_Sparks,2025_06_06,09:30 PM,Dallas Wings,Los Angeles Sparks,0.503,0.497,84.55,84.25,168.8,173.5,110.0,-130.0,2.1,1.7692,1.7692307692307692,2.1,0.5652173913043479,0.4761904761904761,0.5427435387673957,0.4572564612326044,0.503,0.497,2.0120724346076457,1.9880715705765408,2.022132796780684,1.9980119284294235,102.0,-100.0,0.0563,-0.1207075999999999,0.0457435387673956,-0.0457435387673956,0.0511818181818181,0.0,5.630000000000002,-12.070759999999993,4.574353876739562,-4.574353876739568,home,110.0,110.0,0.0563,0.0511818181818181,0.503,4.574353876739562,0.0127954545454545,moneyline,wnba,,,,,,,,,,,,,,,,,,,,,,,,,,,,,,,,,,,,,,,,,,,,,,,,,,,,,79.0,93.0,Loss,-1.0,-0.0127954545454545
basketball,WNBA,WNBA_2025_06_06_Connecticut_Sun_Atlanta_Dream,2025_06_06,07:30 PM,Connecticut Sun,Atlanta Dream,0.319,0.681,83.65,77.55,161.2,159.0,,,,,,,,,,,,,,,,,,,,,,,,,,,,,home,9.5,-110.0,0.1508694792255274,0.1659547676004042,0.6028335232442132,10.283352324421324,0.041488691900101,spread,wnba,9.5,-9.5,-110.0,-110.0,1.9091,1.9091,0.6028335232442132,0.3971664767557867,1.6588327646717336,2.517835866129479,1.7417744029053204,2.643727659435953,-134.0,164.0,0.5238070294903358,0.5238070294903358,0.5,0.5,0.1508694792255274,-0.2417694792255276,0.1028335232442132,-0.1028335232442133,0.1659547676004042,0.0,15.08694792255274,-24.17694792255276,10.283352324421324,-10.28335232442133,,,,,,,,,,,,,,,,,,,,,,,,,84.0,76.0,Win,0.9090909090909092,0.03771699263645546
basketball,WNBA,WNBA_2025_06_06_Connecticut_Sun_Atlanta_Dream,2025_06_06,07:30 PM,Connecticut Sun,Atlanta Dream,0.319,0.681,83.65,77.55,161.2,159.0,,,,,,,,,,,,,,,,,,,,,,,,,,,,,over,159.0,-115.0,0.0329638043228832,0.0379068586969678,0.5525052440751408,4.167321895740139,0.0094767146742419,total,wnba,,,,,,,,,,,,,,,,,,,,,,,,,,,,,-115.0,-105.0,1.8696,1.9524,0.5525052440751408,0.4474947559248592,1.8099375720386823,2.2346630586390925,1.864235699199843,2.3017029503982656,0.5348737697903295,0.5121901249743905,0.5108320251177394,0.4891679748822605,0.0329638043228832,-0.1263112385323049,0.0416732189574013,-0.0416732189574012,0.0379068586969678,0.0,3.296380432288326,-12.631123853230497,4.167321895740139,-4.167321895740129,84.0,76.0,Win,0.8695652173913042,0.008240621455862521
basketball,WNBA,WNBA_2025_06_06_Dallas_Wings_Los_Angeles_Sparks,2025_06_06,09:30 PM,Dallas Wings,Los Angeles Sparks,0.503,0.497,84.55,84.25,168.8,173.5,,,,,,,,,,,,,,,,,,,,,,,,,,,,,under,173.5,-105.0,0.1929609914476502,0.2026049889202543,0.6110228392991448,12.18548644168843,0.05,total,wnba,,,,,,,,,,,,,,,,,,,,,,,,,,,,,-115.0,-105.0,1.8696,1.9524,0.3889771607008552,0.6110228392991448,2.570845029045433,1.636600034700863,2.647970379916796,1.6856980357418887,0.5348737697903295,0.5121901249743905,0.5108320251177394,0.4891679748822605,-0.2727683003536811,0.1929609914476502,-0.1218548644168842,0.1218548644168843,0.0,0.2026049889202543,-27.27683003536812,19.296099144765023,-12.18548644168842,12.18548644168843,79.0,93.0,Win,0.9523809523809523,0.047619047619047616
basketball,WNBA,WNBA_2025_06_08_Washington_Mystics_Connecticut_Sun,2025_06_08,03:00 PM,Washington Mystics,Connecticut Sun,0.658,0.342,77.45,81.95,159.4,156.0,,,,,,,,,,,,,,,,,,,,,,,,,,,,,away,6.0,-110.0,0.0419509020977593,0.0461455308522268,0.545781206902603,4.578120690260301,0.0115363827130567,spread,wnba,-6.0,6.0,-110.0,-110.0,1.9091,1.9091,0.454218793097397,0.545781206902603,2.201582178449346,1.832236045053956,2.311661287371813,1.9238478473066536,131.0,-108.0,0.5238070294903358,0.5238070294903358,0.5,0.5,-0.1328509020977594,0.0419509020977593,-0.045781206902603,0.045781206902603,0.0,0.0461455308522268,-13.28509020977594,4.195090209775931,-4.578120690260301,4.578120690260301,,,,,,,,,,,,,,,,,,,,,,,,,104.0,67.0,Loss,-1.0,-0.0115363827130567
basketball,WNBA,WNBA_2025_06_08_Washington_Mystics_Connecticut_Sun,2025_06_08,03:00 PM,Washington Mystics,Connecticut Sun,0.658,0.342,77.45,81.95,159.4,156.0,,,,,,,,,,,,,,,,,,,,,,,,,,,,,over,156.0,-108.0,0.1185998230914358,0.1280913954978246,0.580819265326048,8.300961734690848,0.0320228488744561,total,wnba,,,,,,,,,,,,,,,,,,,,,,,,,,,,,-108.0,-110.0,1.9259,1.9091,0.580819265326048,0.419180734673952,1.7217059758488575,2.385605819355753,1.7733571551243232,2.457173993936426,0.5192377589698323,0.5238070294903358,0.4978096479791395,0.5021903520208606,0.1185998230914358,-0.1997420594339581,0.0830096173469084,-0.0830096173469085,0.1280913954978246,0.0,11.85998230914358,-19.974205943395816,8.300961734690848,-8.300961734690858,104.0,67.0,Win,0.925925925925926,0.02965078599486676
basketball,WNBA,WNBA_2025_06_10_Atlanta_Dream_Indiana_Fever,2025_06_10,07:30 PM,Atlanta Dream,Indiana Fever,0.645,0.355,81.65,85.85,167.5,161.0,,,,,,,,,,,,,,,,,,,,,,,,,,,,,over,161.0,-110.0,0.244207275746805,0.2686253170683148,0.651724517179197,14.611788763109402,0.05,total,wnba,,,,,,,,,,,,,,,,,,,,,,,,,,,,,-110.0,-105.0,1.9091,1.9524,0.651724517179197,0.348275482820803,1.5343906415063433,2.8712902553480246,1.5804223607515338,2.9574289630084656,0.5238070294903358,0.5121901249743905,0.505606629548103,0.4943933704518969,0.244207275746805,-0.3200269473406643,0.146117887631094,-0.1461178876310939,0.2686253170683148,0.0,24.4207275746805,-32.00269473406643,14.611788763109402,-14.61178876310939,77.0,58.0,Loss,-1.0,-0.05
basketball,WNBA,WNBA_2025_06_13_Atlanta_Dream_Chicago_Sky,2025_06_13,07:30 PM,Atlanta Dream,Chicago Sky,0.796,0.204,79.65,87.95,167.6,158.0,,,,,,,,,,,,,,,,,,,,,,,,,,,,,away,9.5,-110.0,0.0245261546992341,0.0269785003841537,0.536654001728162,3.665400172816202,0.0067446250960384,spread,wnba,-9.5,9.5,-110.0,-110.0,1.9091,1.9091,0.463345998271838,0.536654001728162,2.158214387800357,1.8633980120892537,2.2661251071903745,1.9565679126937163,126.0,-104.0,0.5238070294903358,0.5238070294903358,0.5,0.5,-0.1154261546992341,0.0245261546992341,-0.036654001728162,0.036654001728162,0.0,0.0269785003841537,-11.542615469923412,2.4526154699234137,-3.665400172816202,3.665400172816202,,,,,,,,,,,,,,,,,,,,,,,,,88.0,70.0,Loss,-1.0,-0.0067446250960384
basketball,WNBA,WNBA_2025_06_13_Atlanta_Dream_Chicago_Sky,2025_06_13,07:30 PM,Atlanta Dream,Chicago Sky,0.796,0.204,79.65,87.95,167.6,158.0,,,,,,,,,,,,,,,,,,,,,,,,,,,,,over,158.0,-108.0,0.3821850663818598,0.4127714292924287,0.7176826763496857,21.987302837054624,0.05,total,wnba,,,,,,,,,,,,,,,,,,,,,,,,,,,,,-108.0,-110.0,1.9259,1.9091,0.7176826763496857,0.2823173236503142,1.3933734684613694,3.542113488007653,1.4351746725152106,3.648376892647882,0.5192377589698323,0.5238070294903358,0.4978096479791395,0.5021903520208606,0.3821850663818598,-0.4610279974191852,0.2198730283705462,-0.2198730283705464,0.4127714292924287,0.0,38.21850663818598,-46.10279974191853,21.987302837054624,-21.98730283705464,88.0,70.0,Push,0.0,0.0
basketball,WNBA,WNBA_2025_06_14_Minnesota_Lynx_Los_Angeles_Sparks,2025_06_14,01:00 PM,Minnesota Lynx,Los Angeles Sparks,0.887,0.113,75.65,87.25,162.9,163.5,-590.0,440.0,1.1695,5.4,5.4,1.1694915254237288,0.1851851851851851,0.855072463768116,0.1780185758513932,0.8219814241486069,0.887,0.113,8.849557522123893,1.1273957158962795,8.893805309734512,1.1330326944757607,789.0,-751.0,0.0373464999999999,-0.3897999999999999,0.0650185758513931,-0.0650185758513931,0.2203333333333333,0.0,3.734649999999995,-38.97999999999999,6.501857585139314,-6.501857585139319,home,-590.0,-590.0,0.0373464999999999,0.2203333333333333,0.887,6.501857585139314,0.05,moneyline,wnba,,,,,,,,,,,,,,,,,,,,,,,,,,,,,,,,,,,,,,,,,,,,,,,,,,,,,101.0,78.0,Win,0.1694915254237288,0.00847457627118644
basketball,WNBA,WNBA_2025_06_15_Connecticut_Sun_Chicago_Sky,2025_06_15,12:00 PM,Connecticut Sun,Chicago Sky,0.485,0.515,82.65,81.55,164.2,156.5,,,,,,,,,,,,,,,,,,,,,,,,,,,,,away,2.0,-110.0,0.1338866556296545,0.1472738484541354,0.5939378008641006,9.393780086410064,0.0368184621135338,spread,wnba,-2.0,2.0,-110.0,-110.0,1.9091,1.9091,0.4060621991358993,0.5939378008641006,2.4626769054790145,1.6836779853801742,2.585810750752965,1.767861884649183,158.0,-130.0,0.5238070294903358,0.5238070294903358,0.5,0.5,-0.2247866556296546,0.1338866556296545,-0.0939378008641007,0.0939378008641006,0.0,0.1472738484541354,-22.47866556296546,13.388665562965452,-9.39378008641007,9.393780086410064,,,,,,,,,,,,,,,,,,,,,,,,,66.0,78.0,Win,0.9090909090909092,0.033471329194121636
basketball,WNBA,WNBA_2025_06_15_Washington_Mystics_Atlanta_Dream,2025_06_15,02:00 PM,Washington Mystics,Atlanta Dream,0.396,0.604,82.95,78.85,161.8,157.5,,,,,,,,,,,,,,,,,,,,,,,,,,,,,over,157.5,-115.0,0.1251095169068783,0.1438701896353245,0.6017915687349584,9.095954361721905,0.0359675474088311,total,wnba,,,,,,,,,,,,,,,,,,,,,,,,,,,,,-115.0,-105.0,1.8696,1.9524,0.6017915687349584,0.3982084312650416,1.661704902416838,2.511247682082389,1.7115560494893431,2.5865851125448605,0.5348737697903295,0.5121901249743905,0.5108320251177394,0.4891679748822605,0.1251095169068783,-0.2225378587981328,0.090959543617219,-0.0909595436172189,0.1438701896353245,0.0,12.510951690687833,-22.25378587981328,9.095954361721905,-9.095954361721892,56.0,89.0,Loss,-1.0,-0.0359675474088311
basketball,WNBA,WNBA_2025_06_15_Connecticut_Sun_Chicago_Sky,2025_06_15,12:00 PM,Connecticut Sun,Chicago Sky,0.485,0.515,82.65,81.55,164.2,156.5,,,,,,,,,,,,,,,,,,,,,,,,,,,,,over,156.5,-120.0,0.2428876735682468,0.2914768673565904,0.6779510574200878,15.620739008385009,0.05,total,wnba,,,,,,,,,,,,,,,,,,,,,,,,,,,,,-120.0,100.0,1.8333,2.0,0.6779510574200878,0.3220489425799123,1.475032731426742,3.105118097855151,1.5192837133695445,3.198271640790806,0.5454644629902362,0.5,0.5217436673362377,0.4782563326637622,0.2428876735682468,-0.3559021148401754,0.1562073900838501,-0.1562073900838499,0.2914768673565904,0.0,24.28876735682468,-35.590211484017544,15.620739008385009,-15.620739008384993,66.0,78.0,Loss,-1.0,-0.05
basketball,WNBA,WNBA_2025_06_17_Los_Angeles_Sparks_Seattle_Storm,2025_06_17,10:00 PM,Los Angeles Sparks,Seattle Storm,0.309,0.691,83.95,77.65,161.6,163.5,,,,,,,,,,,,,,,,,,,,,,,,,,,,,away,-3.5,-110.0,0.1168107327475036,0.1284905211170428,0.5849933124233951,8.499331242339514,0.0321226302792607,spread,wnba,3.5,-3.5,-110.0,-110.0,1.9091,1.9091,0.4150066875766048,0.5849933124233951,2.4095997243789307,1.7094212510864386,2.530079710597877,1.7948923136407606,153.0,-125.0,0.5238070294903358,0.5238070294903358,0.5,0.5,-0.2077107327475037,0.1168107327475036,-0.0849933124233952,0.0849933124233951,0.0,0.1284905211170428,-20.77107327475037,11.681073274750364,-8.499331242339519,8.499331242339514,,,,,,,,,,,,,,,,,,,,,,,,,67.0,98.0,Win,0.9090909090909092,0.02920239116296427
basketball,WNBA,WNBA_2025_06_17_Chicago_Sky_Washington_Mystics,2025_06_17,08:00 PM,Chicago Sky,Washington Mystics,0.452,0.548,83.75,81.25,165.0,155.0,,,,,,,,,,,,,,,,,,,,,,,,,,,,,over,155.0,-115.0,0.3568376819191932,0.410346920330259,0.7257368859216908,21.490486080395144,0.05,total,wnba,,,,,,,,,,,,,,,,,,,,,,,,,,,,,-115.0,-105.0,1.8696,1.9524,0.7257368859216908,0.2742631140783091,1.3779098450122087,3.646133762320202,1.419247140362575,3.755517775189808,0.5348737697903295,0.5121901249743905,0.5108320251177394,0.4891679748822605,0.3568376819191932,-0.4645286960735093,0.2149048608039514,-0.2149048608039513,0.410346920330259,0.0,35.68376819191932,-46.45286960735093,21.490486080395144,-21.490486080395137,72.0,79.0,Loss,-1.0,-0.05
basketball,WNBA,WNBA_2025_06_18_Connecticut_Sun_Phoenix_Mercury,2025_06_18,07:00 PM,Connecticut Sun,Phoenix Mercury,0.143,0.857,85.15,73.55,158.7,157.0,,,,,,,,,,,,,,,,,,,,,,,,,,,,,over,157.0,-108.0,0.0411793618047784,0.0444749560479301,0.5406196385091534,4.280999053001389,0.0111187390119825,total,wnba,,,,,,,,,,,,,,,,,,,,,,,,,,,,,-108.0,-110.0,1.9259,1.9091,0.5406196385091534,0.4593803614908466,1.8497293268103665,2.176845341743947,1.9052212066146776,2.2421507019962656,0.5192377589698323,0.5238070294903358,0.4978096479791395,0.5021903520208606,0.0411793618047784,-0.1229969518778247,0.0428099905300138,-0.042809990530014,0.0444749560479301,0.0,4.117936180477844,-12.299695187782476,4.280999053001389,-4.2809990530014,75.0,83.0,Win,0.925925925925926,0.010295128714798613
basketball,WNBA,WNBA_2025_06_19_Golden_State_Valkyries_Indiana_Fever,2025_06_19,10:00 PM,Golden State Valkyries,Indiana Fever,0.254,0.746,86.35,78.25,164.6,164.5,,,,,,,,,,,,,,,,,,,,,,,,,,,,,home,11.0,-110.0,0.122512525174375,0.1347624300675117,0.5879799513772851,8.79799513772851,0.0336906075168779,spread,wnba,11.0,-11.0,-110.0,-110.0,1.9091,1.9091,0.5879799513772851,0.4120200486227149,1.7007382609859376,2.4270663608306497,1.7857751740352346,2.5484196788721825,-127.0,154.0,0.5238070294903358,0.5238070294903358,0.5,0.5,0.122512525174375,-0.2134125251743749,0.087979951377285,-0.087979951377285,0.1347624300675117,0.0,12.251252517437504,-21.341252517437493,8.79799513772851,-8.79799513772851,,,,,,,,,,,,,,,,,,,,,,,,,88.0,77.0,Win,0.9090909090909092,0.030627825015343547
basketball,WNBA,WNBA_2025_06_20_Atlanta_Dream_Washington_Mystics,2025_06_20,07:30 PM,Atlanta Dream,Washington Mystics,0.717,0.283,76.75,82.75,159.5,157.0,,,,,,,,,,,,,,,,,,,,,,,,,,,,,away,7.5,-110.0,0.0419509020977593,0.0461455308522268,0.545781206902603,4.578120690260301,0.0115363827130567,spread,wnba,-7.5,7.5,-110.0,-110.0,1.9091,1.9091,0.454218793097397,0.545781206902603,2.201582178449346,1.832236045053956,2.311661287371813,1.9238478473066536,131.0,-108.0,0.5238070294903358,0.5238070294903358,0.5,0.5,-0.1328509020977594,0.0419509020977593,-0.045781206902603,0.045781206902603,0.0,0.0461455308522268,-13.28509020977594,4.195090209775931,-4.578120690260301,4.578120690260301,,,,,,,,,,,,,,,,,,,,,,,,,92.0,91.0,Win,0.9090909090909092,0.010487620648233364
basketball,WNBA,WNBA_2025_06_20_Connecticut_Sun_Dallas_Wings,2025_06_20,07:30 PM,Connecticut Sun,Dallas Wings,0.463,0.537,83.85,81.85,165.7,164.0,,,,,,,,,,,,,,,,,,,,,,,,,,,,,home,4.0,-105.0,0.09517396594656,0.0999306656305754,0.5609372904868675,7.176931560460698,0.0249826664076438,spread,wnba,4.0,-4.0,-105.0,-115.0,1.9524,1.8696,0.5609372904868675,0.4390627095131325,1.7827304708732177,2.277578984352552,1.8718669944168784,2.39145793357018,-114.0,139.0,0.5121901249743905,0.5348737697903295,0.4891679748822605,0.5108320251177394,0.09517396594656,-0.1791283582942475,0.0717693156046069,-0.0717693156046069,0.0999306656305754,0.0,9.517396594656002,-17.912835829424758,7.176931560460698,-7.176931560460692,,,,,,,,,,,,,,,,,,,,,,,,,83.0,86.0,Win,0.9523809523809523,0.023793015626327428
basketball,WNBA,WNBA_2025_06_20_Connecticut_Sun_Dallas_Wings,2025_06_20,07:30 PM,Connecticut Sun,Dallas Wings,0.463,0.537,83.85,81.85,165.7,164.0,,,,,,,,,,,,,,,,,,,,,,,,,,,,,over,164.0,-108.0,0.0411793618047784,0.0444749560479301,0.5406196385091534,4.06196385091534,0.0111187390119825,total,wnba,,,,,,,,,,,,,,,,,,,,,,,,,,,,,-108.0,-108.0,1.9259,1.9259,0.5406196385091534,0.4593803614908466,1.8497293268103665,2.176845341743947,1.9052212066146776,2.2421507019962656,0.5192377589698323,0.5192377589698323,0.5,0.5,0.0411793618047784,-0.1152793618047786,0.0406196385091534,-0.0406196385091534,0.0444749560479301,0.0,4.117936180477844,-11.52793618047786,4.06196385091534,-4.06196385091534,83.0,86.0,Win,0.925925925925926,0.010295128714798613
basketball,WNBA,WNBA_2025_06_21_Minnesota_Lynx_Los_Angeles_Sparks,2025_06_21,08:00 PM,Minnesota Lynx,Los Angeles Sparks,0.834,0.166,75.35,85.05,160.4,162.5,-470.0,364.0,1.2128,4.64,4.640000000000001,1.2127659574468086,0.2155172413793103,0.8245614035087718,0.2072124472880616,0.7927875527119383,0.834,0.166,6.024096385542168,1.1990407673860912,6.054216867469878,1.2050359712230216,505.0,-487.0,0.0114752,-0.2297599999999999,0.0412124472880616,-0.0412124472880615,0.0539248120300753,0.0,1.147520000000002,-22.976,4.121244728806161,-4.121244728806158,home,-470.0,-470.0,0.0114752,0.0539248120300753,0.834,4.121244728806161,0.0134812030075188,moneyline,wnba,,,,,,,,,,,,,,,,,,,,,,,,,,,,,,,,,,,,,,,,,,,,,,,,,,,,,82.0,66.0,Win,0.2127659574468086,0.0028683410654295333
basketball,WNBA,WNBA_2025_06_21_Chicago_Sky_Phoenix_Mercury,2025_06_21,01:00 PM,Chicago Sky,Phoenix Mercury,0.208,0.792,86.15,76.75,162.9,158.0,,,,,,,,,,,,,,,,,,,,,,,,,,,,,away,-8.0,-110.0,0.0361473188034815,0.0397616530672989,0.5427412491768275,4.274124917682753,0.0099404132668247,spread,wnba,8.0,-8.0,-110.0,-110.0,1.9091,1.9091,0.4572587508231724,0.5427412491768275,2.1869455711886685,1.84249861516274,2.296292849748102,1.9346235459208765,129.0,-106.0,0.5238070294903358,0.5238070294903358,0.5,0.5,-0.1270473188034815,0.0361473188034815,-0.0427412491768275,0.0427412491768275,0.0,0.0397616530672989,-12.704731880348152,3.6147318803481534,-4.274124917682759,4.274124917682753,,,,,,,,,,,,,,,,,,,,,,,,,86.0,107.0,Win,0.9090909090909092,0.009036739333477001
basketball,WNBA,WNBA_2025_06_21_Chicago_Sky_Phoenix_Mercury,2025_06_21,01:00 PM,Chicago Sky,Phoenix Mercury,0.208,0.792,86.15,76.75,162.9,158.0,,,,,,,,,,,,,,,,,,,,,,,,,,,,,over,158.0,-110.0,0.1752714215794955,0.1927966357710873,0.6156154321824396,11.561543218243964,0.0481991589427718,total,wnba,,,,,,,,,,,,,,,,,,,,,,,,,,,,,-110.0,-110.0,1.9091,1.9091,0.6156154321824396,0.3843845678175604,1.6243907279173708,2.60156125850148,1.673122449754892,2.6796080962565245,0.5238070294903358,0.5238070294903358,0.5,0.5,0.1752714215794955,-0.2661714215794953,0.1156154321824396,-0.1156154321824395,0.1927966357710873,0.0,17.527142157949548,-26.617142157949537,11.561543218243964,-11.561543218243958,86.0,107.0,Win,0.9090909090909092,0.043817417220701635
basketball,WNBA,WNBA_2025_06_21_Minnesota_Lynx_Los_Angeles_Sparks,2025_06_21,08:00 PM,Minnesota Lynx,Los Angeles Sparks,0.834,0.166,75.35,85.05,160.4,162.5,,,,,,,,,,,,,,,,,,,,,,,,,,,,,under,162.5,-108.0,0.0594983413050049,0.0642600078896262,0.5501315443714653,4.671509902169868,0.0160650019724065,total,wnba,,,,,,,,,,,,,,,,,,,,,,,,,,,,,-105.0,-108.0,1.9524,1.9259,0.4498684556285347,0.5501315443714653,2.222872014004289,1.817747064736157,2.289558174424417,1.8722794766782416,0.5121901249743905,0.5192377589698323,0.4965835546502334,0.5034164453497666,-0.1216768272308488,0.0594983413050049,-0.0467150990216986,0.0467150990216986,0.0,0.0642600078896262,-12.167682723084884,5.949834130500498,-4.671509902169868,4.671509902169868,82.0,66.0,Win,0.925925925925926,0.014875001826302319
basketball,WNBA,WNBA_2025_06_22_Seattle_Storm_New_York_Liberty,2025_06_22,07:00 PM,Seattle Storm,New York Liberty,0.579,0.421,77.25,79.65,156.9,160.0,,,,,,,,,,,,,,,,,,,,,,,,,,,,,home,5.0,-110.0,0.3645713452939234,0.4010244695786198,0.7147720629060412,21.477206290604123,0.05,spread,wnba,5.0,-5.0,-110.0,-110.0,1.9091,1.9091,0.7147720629060412,0.2852279370939587,1.3990474053145143,3.5059679293286883,1.4689997755802404,3.681266325795123,-213.0,268.0,0.5238070294903358,0.5238070294903358,0.5,0.5,0.3645713452939234,-0.4554713452939234,0.2147720629060412,-0.2147720629060412,0.4010244695786198,0.0,36.45713452939234,-45.54713452939234,21.477206290604123,-21.47720629060413,,,,,,,,,,,,,,,,,,,,,,,,,89.0,79.0,Win,0.9090909090909092,0.04545454545454546
basketball,WNBA,WNBA_2025_06_22_Atlanta_Dream_Chicago_Sky,2025_06_22,03:00 PM,Atlanta Dream,Chicago Sky,0.858,0.142,76.25,86.65,162.9,159.0,,,,,,,,,,,,,,,,,,,,,,,,,,,,,over,159.0,-110.0,0.131147418731395,0.1442607179973546,0.592502969321353,9.250296932135305,0.0360651794993386,total,wnba,,,,,,,,,,,,,,,,,,,,,,,,,,,,,-110.0,-110.0,1.9091,1.9091,0.592502969321353,0.4074970306786469,1.6877552548730514,2.4540056116104614,1.738387912519243,2.527625779958776,0.5238070294903358,0.5238070294903358,0.5,0.5,0.131147418731395,-0.2220474187313952,0.092502969321353,-0.0925029693213531,0.1442607179973546,0.0,13.1147418731395,-22.20474187313952,9.250296932135305,-9.25029693213531,93.0,80.0,Win,0.9090909090909092,0.03278652681758055
basketball,WNBA,WNBA_2025_06_24_Chicago_Sky_Los_Angeles_Sparks,2025_06_24,08:00 PM,Chicago Sky,Los Angeles Sparks,0.349,0.651,85.25,79.95,165.2,166.5,,,,,,,,,,,,,,,,,,,,,,,,,,,,,away,-4.0,-110.0,0.0303389570726058,0.0333725190546757,0.5396987884723722,3.969878847237218,0.0083431297636689,spread,wnba,4.0,-4.0,-110.0,-110.0,1.9091,1.9091,0.4603012115276278,0.5396987884723722,2.172490480051624,1.852885389701391,2.2811150040542048,1.9455296591864608,128.0,-105.0,0.5238070294903358,0.5238070294903358,0.5,0.5,-0.1212389570726056,0.0303389570726058,-0.0396987884723721,0.0396987884723721,0.0,0.0333725190546757,-12.123895707260568,3.033895707260581,-3.969878847237218,3.969878847237218,,,,,,,,,,,,,,,,,,,,,,,,,97.0,86.0,Loss,-1.0,-0.0083431297636689
basketball,WNBA,WNBA_2025_06_24_Seattle_Storm_Indiana_Fever,2025_06_24,10:00 PM,Seattle Storm,Indiana Fever,0.565,0.435,80.15,82.15,162.3,168.0,,,,,,,,,,,,,,,,,,,,,,,,,,,,,under,168.0,-110.0,0.2100221724678672,0.2310220794938591,0.6338181197778363,13.38181197778363,0.05,total,wnba,,,,,,,,,,,,,,,,,,,,,,,,,,,,,-110.0,-110.0,1.9091,1.9091,0.3661818802221637,0.6338181197778363,2.730883350627008,1.5777396839814497,2.812809851145818,1.625071874500893,0.5238070294903358,0.5238070294903358,0.5,0.5,-0.3009221724678673,0.2100221724678672,-0.1338181197778363,0.1338181197778363,0.0,0.2310220794938591,-30.09221724678673,21.002217246786724,-13.38181197778363,13.38181197778363,86.0,94.0,Loss,-1.0,-0.05
basketball,WNBA,WNBA_2025_06_27_Atlanta_Dream_Minnesota_Lynx,2025_06_27,07:30 PM,Atlanta Dream,Minnesota Lynx,0.424,0.576,80.75,77.45,158.2,156.0,-113.0,-107.0,1.885,1.9346,1.9345794392523368,1.8849557522123888,0.5169082125603864,0.5305164319248826,0.4935039625828245,0.5064960374171755,0.424,0.576,1.7361111111111112,2.358490566037736,1.7447916666666663,2.3702830188679243,-134.0,137.0,-0.20076,0.1143296,-0.0824960374171755,0.0824960374171754,0.0,0.1223299807404236,-20.076000000000004,11.432960000000003,-8.249603741717554,8.249603741717548,away,-107.0,-107.0,0.1143296,0.1223299807404236,0.576,8.249603741717548,0.0305824951851059,moneyline,wnba,,,,,,,,,,,,,,,,,,,,,,,,,,,,,,,,,,,,,,,,,,,,,,,,,,,,,92.0,96.0,Win,0.9345794392523366,0.028581771201033557
basketball,WNBA,WNBA_2025_06_27_Phoenix_Mercury_New_York_Liberty,2025_06_27,10:00 PM,Phoenix Mercury,New York Liberty,0.563,0.437,79.05,81.05,160.1,166.5,100.0,-120.0,2.0,1.8333,1.8333333333333333,2.0,0.5454545454545454,0.5,0.5217391304347826,0.4782608695652174,0.563,0.437,2.288329519450801,1.7761989342806397,2.2997711670480547,1.7850799289520427,129.0,-127.0,0.1259999999999999,-0.1988479,0.0847391304347825,-0.0847391304347826,0.1259999999999999,0.0,12.599999999999987,-19.88479000000001,8.473913043478253,-8.473913043478259,home,100.0,100.0,0.1259999999999999,0.1259999999999999,0.563,8.473913043478253,0.0314999999999999,moneyline,wnba,,,,,,,,,,,,,,,,,,,,,,,,,,,,,,,,,,,,,,,,,,,,,,,,,,,,,106.0,91.0,Win,1.0,0.0314999999999999
basketball,WNBA,WNBA_2025_06_27_Golden_State_Valkyries_Chicago_Sky,2025_06_27,10:00 PM,Golden State Valkyries,Chicago Sky,0.695,0.305,77.85,83.25,161.1,157.0,,,,,,,,,,,,,,,,,,,,,,,,,,,,,away,8.5,-110.0,0.1338866556296536,0.1472738484541345,0.5939378008641002,9.39378008641002,0.0368184621135336,spread,wnba,-8.5,8.5,-110.0,-110.0,1.9091,1.9091,0.4060621991358998,0.5939378008641002,2.462676905479012,1.683677985380175,2.5858107507529624,1.7678618846491845,158.0,-130.0,0.5238070294903358,0.5238070294903358,0.5,0.5,-0.2247866556296537,0.1338866556296536,-0.0939378008641002,0.0939378008641002,0.0,0.1472738484541345,-22.47866556296537,13.388665562965365,-9.39378008641002,9.39378008641002,,,,,,,,,,,,,,,,,,,,,,,,,83.0,78.0,Win,0.9090909090909092,0.03347132919412146
basketball,WNBA,WNBA_2025_06_27_Golden_State_Valkyries_Chicago_Sky,2025_06_27,10:00 PM,Golden State Valkyries,Chicago Sky,0.695,0.305,77.85,83.25,161.1,157.0,,,,,,,,,,,,,,,,,,,,,,,,,,,,,over,157.0,-110.0,0.1400269366810274,0.1540280900682293,0.597154123241856,8.552740609468657,0.0385070225170573,total,wnba,,,,,,,,,,,,,,,,,,,,,,,,,,,,,-110.0,100.0,1.9091,2.0,0.597154123241856,0.402845876758144,1.6746095540145598,2.482338923380289,1.7248478406349967,2.556809091081698,0.5238070294903358,0.5,0.5116267171471695,0.4883732828528306,0.1400269366810274,-0.194308246483712,0.0855274060946865,-0.0855274060946866,0.1540280900682293,0.0,14.00269366810274,-19.430824648371203,8.552740609468657,-8.552740609468662,83.0,78.0,Win,0.9090909090909092,0.03500638410641573
basketball,WNBA,WNBA_2025_06_27_Phoenix_Mercury_New_York_Liberty,2025_06_27,10:00 PM,Phoenix Mercury,New York Liberty,0.563,0.437,79.05,81.05,160.1,166.5,,,,,,,,,,,,,,,,,,,,,,,,,,,,,under,166.5,-110.0,0.2399674397998503,0.2639615441643937,0.6495036613062963,14.950366130629632,0.05,total,wnba,,,,,,,,,,,,,,,,,,,,,,,,,,,,,-110.0,-110.0,1.9091,1.9091,0.3504963386937036,0.6495036613062963,2.853096850389336,1.539637202335053,2.938689755901016,1.585826318405105,0.5238070294903358,0.5238070294903358,0.5,0.5,-0.3308674397998504,0.2399674397998503,-0.1495036613062964,0.1495036613062963,0.0,0.2639615441643937,-33.086743979985044,23.99674397998504,-14.95036613062964,14.950366130629632,106.0,91.0,Loss,-1.0,-0.05
basketball,WNBA,WNBA_2025_06_28_Dallas_Wings_Washington_Mystics,2025_06_28,08:00 PM,Dallas Wings,Washington Mystics,0.421,0.579,84.25,80.95,165.2,159.5,,,,,,,,,,,,,,,,,,,,,,,,,,,,,over,159.5,-110.0,0.2100221724678672,0.2310220794938591,0.6338181197778363,13.38181197778363,0.05,total,wnba,,,,,,,,,,,,,,,,,,,,,,,,,,,,,-110.0,-110.0,1.9091,1.9091,0.6338181197778363,0.3661818802221636,1.5777396839814497,2.7308833506270083,1.625071874500893,2.8128098511458184,0.5238070294903358,0.5238070294903358,0.5,0.5,0.2100221724678672,-0.3009221724678674,0.1338181197778363,-0.1338181197778364,0.2310220794938591,0.0,21.002217246786724,-30.092217246786745,13.38181197778363,-13.381811977783642,79.0,71.0,Loss,-1.0,-0.05
basketball,WNBA,WNBA_2025_07_01_Minnesota_Lynx_Indiana_Fever,2025_07_01,08:00 PM,Minnesota Lynx,Indiana Fever,0.698,0.302,79.95,85.35,165.3,159.5,,,,,,,,,,,,,,,,,,,,,,,,,,,,,over,159.5,-110.0,0.2143276798664195,0.2357580902721587,0.6360733748187206,13.046674527061764,0.05,total,wnba,,,,,,,,,,,,,,,,,,,,,,,,,,,,,-110.0,-105.0,1.9091,1.9524,0.6360733748187206,0.3639266251812793,1.5721456668187024,2.747806647842486,1.6193100368232636,2.8302408472777607,0.5238070294903358,0.5121901249743905,0.505606629548103,0.4943933704518969,0.2143276798664195,-0.2894696569960704,0.1304667452706176,-0.1304667452706176,0.2357580902721587,0.0,21.43276798664196,-28.94696569960704,13.046674527061764,-13.046674527061764,59.0,74.0,Loss,-1.0,-0.05
basketball,WNBA,WNBA_2025_07_03_Atlanta_Dream_Seattle_Storm,2025_07_03,07:30 PM,Atlanta Dream,Seattle Storm,0.518,0.482,78.85,79.05,157.9,158.0,105.0,-125.0,2.05,1.8,1.8,2.05,0.5555555555555556,0.4878048780487805,0.5324675324675325,0.4675324675324676,0.518,0.482,2.074688796680498,1.9305019305019304,2.085062240663901,1.94015444015444,108.0,-106.0,0.0618999999999998,-0.1323999999999999,0.0504675324675324,-0.0504675324675325,0.0589523809523809,0.0,6.189999999999984,-13.239999999999997,5.046753246753244,-5.046753246753255,home,105.0,105.0,0.0618999999999998,0.0589523809523809,0.518,5.046753246753244,0.0147380952380952,moneyline,wnba,,,,,,,,,,,,,,,,,,,,,,,,,,,,,,,,,,,,,,,,,,,,,,,,,,,,,79.0,80.0,Loss,-1.0,-0.0147380952380952
basketball,WNBA,WNBA_2025_07_03_New_York_Liberty_Los_Angeles_Sparks,2025_07_03,07:00 PM,New York Liberty,Los Angeles Sparks,0.705,0.295,79.15,84.55,163.7,170.5,,,,,,,,,,,,,,,,,,,,,,,,,,,,,under,170.5,-105.0,0.2853736187439051,0.2996363069549612,0.6583556744232253,16.39623039713284,0.05,total,wnba,,,,,,,,,,,,,,,,,,,,,,,,,,,,,-110.0,-105.0,1.9091,1.9524,0.3416443255767747,0.6583556744232253,2.92702066194651,1.5189357954210447,3.014831281804905,1.564503869283676,0.5238070294903358,0.5121901249743905,0.505606629548103,0.4943933704518969,-0.3477668180413794,0.2853736187439051,-0.1639623039713282,0.1639623039713283,0.0,0.2996363069549612,-34.776681804137944,28.53736187439051,-16.396230397132825,16.39623039713284,89.0,79.0,Win,0.9523809523809523,0.047619047619047616
basketball,WNBA,WNBA_2025_07_03_Minnesota_Lynx_Washington_Mystics,2025_07_03,08:00 PM,Minnesota Lynx,Washington Mystics,0.786,0.214,75.35,83.35,158.7,155.5,,,,,,,,,,,,,,,,,,,,,,,,,,,,,over,155.5,-108.0,0.1095594024484563,0.1183274678134315,0.5761251375712427,7.831548959210322,0.0295818669533578,total,wnba,,,,,,,,,,,,,,,,,,,,,,,,,,,,,-108.0,-110.0,1.9259,1.9091,0.5761251375712427,0.4238748624287572,1.7357340181608405,2.3591868464907493,1.7878060387056656,2.429962451885472,0.5192377589698323,0.5238070294903358,0.4978096479791395,0.5021903520208606,0.1095594024484563,-0.1907805001372595,0.0783154895921032,-0.0783154895921033,0.1183274678134315,0.0,10.95594024484563,-19.07805001372596,7.831548959210322,-7.831548959210338,92.0,75.0,Win,0.925925925925926,0.027390617549405374
basketball,WNBA,WNBA_2025_07_05_Minnesota_Lynx_Golden_State_Valkyries,2025_07_05,08:00 PM,Minnesota Lynx,Golden State Valkyries,0.722,0.278,76.35,82.65,159.0,155.5,,,,,,,,,,,,,,,,,,,,,,,,,,,,,away,9.5,-110.0,0.1395583603997015,0.1535126613130586,0.5969086796918451,9.690867969184511,0.0383781653282646,spread,wnba,-9.5,9.5,-110.0,-110.0,1.9091,1.9091,0.4030913203081548,0.5969086796918451,2.4808274195423534,1.6752981385967638,2.6048687905194714,1.759063045526602,160.0,-131.0,0.5238070294903358,0.5238070294903358,0.5,0.5,-0.2304583603997017,0.1395583603997015,-0.0969086796918451,0.0969086796918451,0.0,0.1535126613130586,-23.04583603997017,13.955836039970148,-9.690867969184518,9.690867969184511,,,,,,,,,,,,,,,,,,,,,,,,,82.0,71.0,Loss,-1.0,-0.0383781653282646
basketball,WNBA,WNBA_2025_07_05_Indiana_Fever_Los_Angeles_Sparks,2025_07_05,07:00 PM,Indiana Fever,Los Angeles Sparks,0.624,0.376,82.95,86.45,169.4,163.0,,,,,,,,,,,,,,,,,,,,,,,,,,,,,over,163.0,-110.0,0.2399674397998503,0.2639615441643937,0.6495036613062963,14.505200653666616,0.05,total,wnba,,,,,,,,,,,,,,,,,,,,,,,,,,,,,-110.0,-106.0,1.9091,1.9434,0.6495036613062963,0.3504963386937036,1.539637202335053,2.853096850389336,1.585826318405105,2.938689755901016,0.5238070294903358,0.5145621076463929,0.5044516547696302,0.4955483452303699,0.2399674397998503,-0.3188454153826564,0.1450520065366661,-0.1450520065366662,0.2639615441643937,0.0,23.99674397998504,-31.884541538265644,14.505200653666616,-14.505200653666629,87.0,89.0,Win,0.9090909090909092,0.04545454545454546
basketball,WNBA,WNBA_2025_07_05_Minnesota_Lynx_Golden_State_Valkyries,2025_07_05,08:00 PM,Minnesota Lynx,Golden State Valkyries,0.722,0.278,76.35,82.65,159.0,155.5,,,,,,,,,,,,,,,,,,,,,,,,,,,,,over,155.5,-108.0,0.123111823184953,0.1329644920455264,0.5831620661430775,8.535241816393802,0.0332411230113816,total,wnba,,,,,,,,,,,,,,,,,,,,,,,,,,,,,-108.0,-110.0,1.9259,1.9091,0.5831620661430775,0.4168379338569224,1.7147891779275166,2.399013906309316,1.7662328532653422,2.4709843234985955,0.5192377589698323,0.5238070294903358,0.4978096479791395,0.5021903520208606,0.123111823184953,-0.2042147004737494,0.085352418163938,-0.0853524181639381,0.1329644920455264,0.0,12.311182318495304,-20.421470047374942,8.535241816393802,-8.535241816393818,82.0,71.0,Loss,-1.0,-0.0332411230113816
basketball,WNBA,WNBA_2025_07_06_New_York_Liberty_Seattle_Storm,2025_07_06,01:00 PM,New York Liberty,Seattle Storm,0.627,0.373,77.35,80.95,158.3,167.0,,,,,,,,,,,,,,,,,,,,,,,,,,,,,under,167.0,-105.0,0.3650316841879031,0.3832756028852406,0.6991557489182049,20.99877740359444,0.05,total,wnba,,,,,,,,,,,,,,,,,,,,,,,,,,,,,-115.0,-105.0,1.8696,1.9524,0.3008442510817951,0.6991557489182049,3.323979090190807,1.430296470489283,3.4236984628965312,1.4732053646039618,0.5348737697903295,0.5121901249743905,0.5108320251177394,0.4891679748822605,-0.4375415881774759,0.3650316841879031,-0.2099877740359443,0.2099877740359443,0.0,0.3832756028852406,-43.75415881774759,36.50316841879031,-20.99877740359443,20.99877740359444,70.0,79.0,Win,0.9523809523809523,0.047619047619047616
basketball,WNBA,WNBA_2025_07_07_Phoenix_Mercury_Dallas_Wings,2025_07_07,10:00 PM,Phoenix Mercury,Dallas Wings,0.736,0.264,80.05,86.95,167.0,163.0,,,,,,,,,,,,,,,,,,,,,,,,,,,,,away,9.5,-110.0,0.1053792893547524,0.1159160591296363,0.5790054420170512,7.900544201705117,0.028979014782409,spread,wnba,-9.5,9.5,-110.0,-110.0,1.9091,1.9091,0.4209945579829488,0.5790054420170512,2.375327616563875,1.7270994837567537,2.494093997392069,1.813454457944592,149.0,-122.0,0.5238070294903358,0.5238070294903358,0.5,0.5,-0.1962792893547523,0.1053792893547524,-0.0790054420170511,0.0790054420170511,0.0,0.1159160591296363,-19.62792893547524,10.53792893547525,-7.900544201705117,7.900544201705117,,,,,,,,,,,,,,,,,,,,,,,,,102.0,72.0,Loss,-1.0,-0.028979014782409
basketball,WNBA,WNBA_2025_07_07_Phoenix_Mercury_Dallas_Wings,2025_07_07,10:00 PM,Phoenix Mercury,Dallas Wings,0.736,0.264,80.05,86.95,167.0,163.0,,,,,,,,,,,,,,,,,,,,,,,,,,,,,over,163.0,-108.0,0.1455835217077021,0.1572346060132866,0.5948302205242755,9.483022052427549,0.0393086515033216,total,wnba,,,,,,,,,,,,,,,,,,,,,,,,,,,,,-108.0,-108.0,1.9259,1.9259,0.5948302205242755,0.4051697794757245,1.6811519749595325,2.4681011532843464,1.7315865342083183,2.5421441878828768,0.5192377589698323,0.5192377589698323,0.5,0.5,0.1455835217077021,-0.2196835217077021,0.0948302205242754,-0.0948302205242754,0.1572346060132866,0.0,14.558352170770217,-21.96835217077021,9.483022052427549,-9.483022052427549,102.0,72.0,Win,0.925925925925926,0.0363968995401126
basketball,WNBA,WNBA_2025_07_09_Phoenix_Mercury_Minnesota_Lynx,2025_07_09,03:30 PM,Phoenix Mercury,Minnesota Lynx,0.345,0.655,81.95,76.45,158.4,160.5,,,,,,,,,,,,,,,,,,,,,,,,,,,,,home,8.0,-110.0,0.0996502815933388,0.1096142136105365,0.576004547479618,7.6004547479618045,0.0274035534026341,spread,wnba,8.0,-8.0,-110.0,-110.0,1.9091,1.9091,0.576004547479618,0.4239954525203819,1.7360974047438142,2.3585158615632293,1.822902274981005,2.4764416546413908,-121.0,147.0,0.5238070294903358,0.5238070294903358,0.5,0.5,0.0996502815933388,-0.1905502815933388,0.076004547479618,-0.0760045474796181,0.1096142136105365,0.0,9.965028159333889,-19.055028159333887,7.6004547479618045,-7.60045474796181,,,,,,,,,,,,,,,,,,,,,,,,,79.0,71.0,Win,0.9090909090909092,0.024912321275121913
basketball,WNBA,WNBA_2025_07_09_Connecticut_Sun_Seattle_Storm,2025_07_09,11:00 AM,Connecticut Sun,Seattle Storm,0.158,0.842,84.45,73.45,157.9,156.5,,,,,,,,,,,,,,,,,,,,,,,,,,,,,home,17.5,-110.0,0.3189780189942028,0.3508723121705014,0.6908899580924011,19.088995809240107,0.05,spread,wnba,17.5,-17.5,-110.0,-110.0,1.9091,1.9091,0.6908899580924011,0.3091100419075989,1.4474085030285793,3.23509386440097,1.5197789281800085,3.3968485576210186,-192.0,239.0,0.5238070294903358,0.5238070294903358,0.5,0.5,0.3189780189942028,-0.4098780189942029,0.190889958092401,-0.1908899580924011,0.3508723121705014,0.0,31.897801899420287,-40.9878018994203,19.088995809240107,-19.08899580924011,,,,,,,,,,,,,,,,,,,,,,,,,93.0,83.0,Win,0.9090909090909092,0.04545454545454546
basketball,WNBA,WNBA_2025_07_09_Indiana_Fever_Golden_State_Valkyries,2025_07_09,12:00 PM,Indiana Fever,Golden State Valkyries,0.702,0.298,79.85,85.15,165.0,164.5,,,,,,,,,,,,,,,,,,,,,,,,,,,,,away,8.5,-110.0,0.1395583603997015,0.1535126613130586,0.5969086796918451,9.690867969184511,0.0383781653282646,spread,wnba,-8.5,8.5,-110.0,-110.0,1.9091,1.9091,0.4030913203081548,0.5969086796918451,2.4808274195423534,1.6752981385967638,2.6048687905194714,1.759063045526602,160.0,-131.0,0.5238070294903358,0.5238070294903358,0.5,0.5,-0.2304583603997017,0.1395583603997015,-0.0969086796918451,0.0969086796918451,0.0,0.1535126613130586,-23.04583603997017,13.955836039970148,-9.690867969184518,9.690867969184511,,,,,,,,,,,,,,,,,,,,,,,,,61.0,80.0,Win,0.9090909090909092,0.03488924120751328
basketball,WNBA,WNBA_2025_07_09_Phoenix_Mercury_Minnesota_Lynx,2025_07_09,03:30 PM,Phoenix Mercury,Minnesota Lynx,0.345,0.655,81.95,76.45,158.4,160.5,,,,,,,,,,,,,,,,,,,,,,,,,,,,,under,160.5,-108.0,0.0594983413050049,0.0642600078896262,0.5501315443714653,5.013154437146527,0.0160650019724065,total,wnba,,,,,,,,,,,,,,,,,,,,,,,,,,,,,-108.0,-108.0,1.9259,1.9259,0.4498684556285347,0.5501315443714653,2.222872014004289,1.817747064736157,2.289558174424417,1.8722794766782416,0.5192377589698323,0.5192377589698323,0.5,0.5,-0.133598341305005,0.0594983413050049,-0.0501315443714652,0.0501315443714652,0.0,0.0642600078896262,-13.359834130500502,5.949834130500498,-5.013154437146527,5.013154437146527,79.0,71.0,Win,0.925925925925926,0.014875001826302319
basketball,WNBA,WNBA_2025_07_09_Connecticut_Sun_Seattle_Storm,2025_07_09,11:00 AM,Connecticut Sun,Seattle Storm,0.158,0.842,84.45,73.45,157.9,156.5,,,,,,,,,,,,,,,,,,,,,,,,,,,,,over,156.5,-110.0,0.0184477956714548,0.0202923723148771,0.5334701145416452,3.347011454164517,0.0050730930787192,total,wnba,,,,,,,,,,,,,,,,,,,,,,,,,,,,,-110.0,-110.0,1.9091,1.9091,0.5334701145416452,0.4665298854583549,1.874519251859488,2.1434854039790463,1.9307548294152723,2.2077899660984177,0.5238070294903358,0.5238070294903358,0.5,0.5,0.0184477956714548,-0.1093477956714547,0.0334701145416451,-0.0334701145416451,0.0202923723148771,0.0,1.8447795671454823,-10.934779567145467,3.347011454164517,-3.3470114541645115,93.0,83.0,Win,0.9090909090909092,0.004611902798835637
basketball,WNBA,WNBA_2025_07_11_Indiana_Fever_Atlanta_Dream,2025_07_11,07:30 PM,Indiana Fever,Atlanta Dream,0.571,0.429,81.85,84.05,165.9,166.5,-133.0,113.0,1.7519,2.13,2.13,1.7518796992481205,0.4694835680751174,0.5708154506437768,0.4512967518255245,0.5487032481744757,0.571,0.429,2.331002331002331,1.7513134851138354,2.3426573426573425,1.7600700525394044,134.0,-131.0,0.0003348999999999,-0.08623,0.0222967518255242,-0.0222967518255244,0.0004454049740655,0.0,0.0334899999999915,-8.623000000000003,2.2296751825524264,-2.229675182552449,home,-133.0,-133.0,0.0003348999999999,0.0004454049740655,0.571,2.2296751825524264,0.0001113512435163,moneyline,wnba,,,,,,,,,,,,,,,,,,,,,,,,,,,,,,,,,,,,,,,,,,,,,,,,,,,,,99.0,82.0,Win,0.7518796992481203,8.372273948593984e-05
basketball,WNBA,WNBA_2025_07_13_Indiana_Fever_Dallas_Wings,2025_07_13,01:00 PM,Indiana Fever,Dallas Wings,0.757,0.243,83.45,90.85,174.3,174.5,,,,,,,,,,,,,,,,,,,,,,,,,,,,,away,10.5,-110.0,0.1338866556296545,0.1472738484541354,0.5939378008641006,9.393780086410064,0.0368184621135338,spread,wnba,-10.5,10.5,-110.0,-110.0,1.9091,1.9091,0.4060621991358993,0.5939378008641006,2.4626769054790145,1.6836779853801742,2.585810750752965,1.767861884649183,158.0,-130.0,0.5238070294903358,0.5238070294903358,0.5,0.5,-0.2247866556296546,0.1338866556296545,-0.0939378008641007,0.0939378008641006,0.0,0.1472738484541354,-22.47866556296546,13.388665562965452,-9.39378008641007,9.393780086410064,,,,,,,,,,,,,,,,,,,,,,,,,102.0,83.0,Loss,-1.0,-0.0368184621135338
basketball,WNBA,WNBA_2025_07_14_Golden_State_Valkyries_Phoenix_Mercury,2025_07_14,10:00 PM,Golden State Valkyries,Phoenix Mercury,0.479,0.521,79.95,78.45,158.4,158.5,,,,,,,,,,,,,,,,,,,,,,,,,,,,,away,1.0,-105.0,0.1245912784992062,0.1308182260596453,0.576004547479618,8.683657259735755,0.0327045565149113,spread,wnba,-1.0,1.0,-115.0,-105.0,1.8696,1.9524,0.4239954525203819,0.576004547479618,2.3585158615632293,1.7360974047438142,2.4764416546413908,1.822902274981005,147.0,-121.0,0.5348737697903295,0.5121901249743905,0.5108320251177394,0.4891679748822605,-0.207298101967894,0.1245912784992062,-0.0868365725973575,0.0868365725973575,0.0,0.1308182260596453,-20.7298101967894,12.459127849920629,-8.68365725973575,8.683657259735755,,,,,,,,,,,,,,,,,,,,,,,,,77.0,78.0,Win,0.9523809523809523,0.0311471966808679
basketball,WNBA,WNBA_2025_07_15_Los_Angeles_Sparks_Washington_Mystics,2025_07_15,10:00 PM,Los Angeles Sparks,Washington Mystics,0.508,0.492,81.05,80.85,161.9,165.0,115.0,-135.0,2.15,1.7407,1.7407407407407407,2.15,0.574468085106383,0.4651162790697674,0.552594002855783,0.447405997144217,0.508,0.492,2.032520325203252,1.968503937007874,2.042682926829268,1.9783464566929128,104.0,-102.0,0.0922,-0.1435756,0.0605940028557829,-0.0605940028557829,0.0801739130434782,0.0,9.220000000000006,-14.357560000000005,6.059400285578298,-6.059400285578298,home,115.0,115.0,0.0922,0.0801739130434782,0.508,6.059400285578298,0.0200434782608695,moneyline,wnba,,,,,,,,,,,,,,,,,,,,,,,,,,,,,,,,,,,,,,,,,,,,,,,,,,,,,99.0,80.0,Win,1.15,0.02304999999999992
basketball,WNBA,WNBA_2025_07_15_Connecticut_Sun_Indiana_Fever,2025_07_15,08:00 PM,Connecticut Sun,Indiana Fever,0.181,0.819,88.25,78.15,166.4,165.0,,,,,,,,,,,,,,,,,,,,,,,,,,,,,home,16.5,-110.0,0.3138106131143454,0.3451882225435544,0.688183234568302,18.8183234568302,0.05,spread,wnba,16.5,-16.5,-110.0,-110.0,1.9091,1.9091,0.688183234568302,0.311816765431698,1.4531013686017809,3.2070116519089007,1.52575643703187,3.3673622345043457,-190.0,236.0,0.5238070294903358,0.5238070294903358,0.5,0.5,0.3138106131143454,-0.4047106131143453,0.188183234568302,-0.188183234568302,0.3451882225435544,0.0,31.381061311434543,-40.47106131143453,18.8183234568302,-18.8183234568302,,,,,,,,,,,,,,,,,,,,,,,,,77.0,85.0,Win,0.9090909090909092,0.04545454545454546
basketball,WNBA,WNBA_2025_07_16_New_York_Liberty_Indiana_Fever,2025_07_16,07:30 PM,New York Liberty,Indiana Fever,0.719,0.281,81.35,87.55,168.9,162.5,,,,,,,,,,,,,,,,,,,,,,,,,,,,,away,9.5,-110.0,0.1452194056410143,0.1597397488076276,0.5998739749835076,9.98739749835076,0.0399349372019069,spread,wnba,-9.5,9.5,-110.0,-110.0,1.9091,1.9091,0.4001260250164924,0.5998739749835076,2.499212591729773,1.6670168097015596,2.624173221316262,1.7503676501866376,162.0,-133.0,0.5238070294903358,0.5238070294903358,0.5,0.5,-0.2361194056410143,0.1452194056410143,-0.0998739749835075,0.0998739749835075,0.0,0.1597397488076276,-23.61194056410143,14.521940564101431,-9.98739749835076,9.98739749835076,,,,,,,,,,,,,,,,,,,,,,,,,98.0,77.0,Loss,-1.0,-0.0399349372019069
basketball,WNBA,WNBA_2025_07_16_Seattle_Storm_Golden_State_Valkyries,2025_07_16,03:00 PM,Seattle Storm,Golden State Valkyries,0.629,0.371,76.45,80.05,156.5,155.5,,,,,,,,,,,,,,,,,,,,,,,,,,,,,over,155.5,-110.0,0.000217558265712,0.0002393116991662,0.5239209880392395,2.392098803923948,5.982792479155e-05,total,wnba,,,,,,,,,,,,,,,,,,,,,,,,,,,,,-110.0,-110.0,1.9091,1.9091,0.5239209880392395,0.4760790119607605,1.9086847498560304,2.1004916723411915,1.9659452923517111,2.163506422511427,0.5238070294903358,0.5238070294903358,0.5,0.5,0.000217558265712,-0.0911175582657121,0.0239209880392394,-0.0239209880392394,0.0002393116991662,0.0,0.0217558265712014,-9.11175582657121,2.392098803923948,-2.392098803923948,67.0,58.0,Loss,-1.0,-5.982792479155e-05
basketball,WNBA,WNBA_2025_07_16_New_York_Liberty_Indiana_Fever,2025_07_16,07:30 PM,New York Liberty,Indiana Fever,0.719,0.281,81.35,87.55,168.9,162.5,,,,,,,,,,,,,,,,,,,,,,,,,,,,,over,162.5,-108.0,0.2508791013097959,0.2709570162110337,0.6495036613062963,14.950366130629632,0.05,total,wnba,,,,,,,,,,,,,,,,,,,,,,,,,,,,,-108.0,-108.0,1.9259,1.9259,0.6495036613062963,0.3504963386937036,1.539637202335053,2.853096850389336,1.585826318405105,2.938689755901016,0.5192377589698323,0.5192377589698323,0.5,0.5,0.2508791013097959,-0.3249791013097962,0.1495036613062963,-0.1495036613062964,0.2709570162110337,0.0,25.0879101309796,-32.497910130979626,14.950366130629632,-14.95036613062964,98.0,77.0,Win,0.925925925925926,0.04629629629629631
basketball,WNBA,WNBA_2025_07_16_Chicago_Sky_Atlanta_Dream,2025_07_16,12:00 PM,Chicago Sky,Atlanta Dream,0.276,0.724,85.65,78.25,163.9,158.5,,,,,,,,,,,,,,,,,,,,,,,,,,,,,over,158.5,-110.0,0.1970531426320161,0.2167562893323245,0.6270248507841476,12.141822123604465,0.05,total,wnba,,,,,,,,,,,,,,,,,,,,,,,,,,,,,-110.0,-105.0,1.9091,1.9524,0.6270248507841476,0.3729751492158524,1.5948331214455302,2.6811437762071075,1.6426781150888965,2.761578089493321,0.5238070294903358,0.5121901249743905,0.505606629548103,0.4943933704518969,0.1970531426320161,-0.2718033186709698,0.1214182212360446,-0.1214182212360445,0.2167562893323245,0.0,19.70531426320161,-27.180331867096985,12.141822123604465,-12.14182212360445,49.0,86.0,Loss,-1.0,-0.05
basketball,WNBA,WNBA_2025_07_22_New_York_Liberty_Indiana_Fever,2025_07_22,08:00 PM,New York Liberty,Indiana Fever,0.76,0.24,80.55,88.15,168.7,165.5,,,,,,,,,,,,,,,,,,,,,,,,,,,,,away,9.0,-110.0,0.0361473188034806,0.0397616530672979,0.5427412491768271,4.274124917682709,0.0099404132668244,spread,wnba,-9.0,9.0,-110.0,-110.0,1.9091,1.9091,0.4572587508231729,0.5427412491768271,2.1869455711886663,1.842498615162741,2.2962928497481,1.934623545920878,129.0,-106.0,0.5238070294903358,0.5238070294903358,0.5,0.5,-0.1270473188034806,0.0361473188034806,-0.042741249176827,0.042741249176827,0.0,0.0397616530672979,-12.704731880348064,3.6147318803480655,-4.274124917682709,4.274124917682709,,,,,,,,,,,,,,,,,,,,,,,,,98.0,84.0,Loss,-1.0,-0.0099404132668244
basketball,WNBA,WNBA_2025_07_22_Minnesota_Lynx_Chicago_Sky,2025_07_22,08:00 PM,Minnesota Lynx,Chicago Sky,0.886,0.114,74.75,86.15,160.9,163.5,,,,,,,,,,,,,,,,,,,,,,,,,,,,,under,163.5,-110.0,0.0728768110892734,0.080163690561295,0.5619804154257364,6.19804154257364,0.0200409226403237,total,wnba,,,,,,,,,,,,,,,,,,,,,,,,,,,,,-110.0,-110.0,1.9091,1.9091,0.4380195845742636,0.5619804154257364,2.283002941459701,1.7794214398778212,2.351493029703492,1.832804083074156,0.5238070294903358,0.5238070294903358,0.5,0.5,-0.1637768110892733,0.0728768110892734,-0.0619804154257364,0.0619804154257364,0.0,0.080163690561295,-16.377681108927334,7.287681108927346,-6.19804154257364,6.19804154257364,91.0,68.0,Win,0.9090909090909092,0.018219020582112454
basketball,WNBA,WNBA_2025_07_22_Seattle_Storm_Dallas_Wings,2025_07_22,10:00 PM,Seattle Storm,Dallas Wings,0.743,0.257,79.35,86.45,165.8,161.5,,,,,,,,,,,,,,,,,,,,,,,,,,,,,over,161.5,-110.0,0.1488802838719092,0.163766674592354,0.6017915687349584,10.179156873495842,0.0409416686480885,total,wnba,,,,,,,,,,,,,,,,,,,,,,,,,,,,,-110.0,-110.0,1.9091,1.9091,0.6017915687349584,0.3982084312650416,1.661704902416838,2.511247682082389,1.7115560494893431,2.5865851125448605,0.5238070294903358,0.5238070294903358,0.5,0.5,0.1488802838719092,-0.239780283871909,0.1017915687349584,-0.1017915687349584,0.163766674592354,0.0,14.88802838719092,-23.978028387190907,10.179156873495842,-10.179156873495842,63.0,87.0,Loss,-1.0,-0.0409416686480885
basketball,WNBA,WNBA_2025_07_23_Phoenix_Mercury_Atlanta_Dream,2025_07_23,10:00 PM,Phoenix Mercury,Atlanta Dream,0.638,0.362,77.65,81.65,159.3,163.5,,,,,,,,,,,,,,,,,,,,,,,,,,,,,away,6.5,-110.0,0.0996502815933388,0.1096142136105365,0.576004547479618,7.6004547479618045,0.0274035534026341,spread,wnba,-6.5,6.5,-110.0,-110.0,1.9091,1.9091,0.4239954525203819,0.576004547479618,2.3585158615632293,1.7360974047438142,2.4764416546413908,1.822902274981005,147.0,-121.0,0.5238070294903358,0.5238070294903358,0.5,0.5,-0.1905502815933388,0.0996502815933388,-0.0760045474796181,0.076004547479618,0.0,0.1096142136105365,-19.055028159333887,9.965028159333889,-7.60045474796181,7.6004547479618045,,,,,,,,,,,,,,,,,,,,,,,,,79.0,90.0,Win,0.9090909090909092,0.024912321275121913
basketball,WNBA,WNBA_2025_07_24_Connecticut_Sun_Los_Angeles_Sparks,2025_07_24,07:00 PM,Connecticut Sun,Los Angeles Sparks,0.29,0.71,85.65,78.85,164.5,166.5,,,,,,,,,,,,,,,,,,,,,,,,,,,,,away,-5.5,-110.0,0.0303389570726066,0.0333725190546767,0.5396987884723726,3.969878847237263,0.0083431297636691,spread,wnba,5.5,-5.5,-110.0,-110.0,1.9091,1.9091,0.4603012115276274,0.5396987884723726,2.1724904800516254,1.8528853897013893,2.2811150040542065,1.94552965918646,128.0,-105.0,0.5238070294903358,0.5238070294903358,0.5,0.5,-0.1212389570726065,0.0303389570726066,-0.0396987884723726,0.0396987884723726,0.0,0.0333725190546767,-12.123895707260656,3.03389570726067,-3.969878847237263,3.969878847237263,,,,,,,,,,,,,,,,,,,,,,,,,86.0,101.0,Win,0.9090909090909092,0.007584663421517364
basketball,WNBA,WNBA_2025_07_24_Chicago_Sky_Seattle_Storm,2025_07_24,08:30 PM,Chicago Sky,Seattle Storm,0.23,0.77,84.45,75.75,160.2,154.0,,,,,,,,,,,,,,,,,,,,,,,,,,,,,away,-6.0,-110.0,0.1110995472030695,0.1222082798405782,0.582001753288497,8.200175328849701,0.0305520699601445,spread,wnba,6.0,-6.0,-110.0,-110.0,1.9091,1.9091,0.417998246711503,0.582001753288497,2.3923545322671824,1.718207882278152,2.511972258880541,1.80411827639206,151.0,-124.0,0.5238070294903358,0.5238070294903358,0.5,0.5,-0.2019995472030696,0.1110995472030695,-0.082001753288497,0.082001753288497,0.0,0.1222082798405782,-20.19995472030697,11.10995472030696,-8.200175328849701,8.200175328849701,,,,,,,,,,,,,,,,,,,,,,,,,57.0,95.0,Win,0.9090909090909092,0.02777460905467682
basketball,WNBA,WNBA_2025_07_25_Golden_State_Valkyries_Dallas_Wings,2025_07_25,10:00 PM,Golden State Valkyries,Dallas Wings,0.651,0.349,80.55,84.95,165.5,163.0,-170.0,149.0,1.5882,2.49,2.49,1.5882352941176472,0.4016064257028112,0.6296296296296295,0.3894418000865426,0.6105581999134574,0.651,0.349,2.865329512893983,1.5360983102918586,2.8796561604584525,1.5437788018433178,187.0,-183.0,0.0339182,-0.1309899999999999,0.0404418000865426,-0.0404418000865426,0.0576643998639919,0.0,3.391820000000001,-13.098999999999991,4.044180008654264,-4.044180008654264,home,-170.0,-170.0,0.0339182,0.0576643998639919,0.651,4.044180008654264,0.0144160999659979,moneyline,wnba,,,,,,,,,,,,,,,,,,,,,,,,,,,,,,,,,,,,,,,,,,,,,,,,,,,,,86.0,76.0,Win,0.5882352941176472,0.008480058803528178
basketball,WNBA,WNBA_2025_07_25_New_York_Liberty_Phoenix_Mercury,2025_07_25,07:30 PM,New York Liberty,Phoenix Mercury,0.682,0.318,78.85,83.95,162.8,170.5,,,,,,,,,,,,,,,,,,,,,,,,,,,,,under,170.5,100.0,0.3559021148401755,0.3559021148401755,0.6779510574200878,18.957777456725715,0.05,total,wnba,,,,,,,,,,,,,,,,,,,,,,,,,,,,,-110.0,100.0,1.9091,2.0,0.3220489425799122,0.6779510574200878,3.105118097855152,1.475032731426742,3.1982716407908063,1.5192837133695445,0.5238070294903358,0.5,0.5116267171471695,0.4883732828528306,-0.3851763637206896,0.3559021148401755,-0.1895777745672572,0.1895777745672571,0.0,0.3559021148401755,-38.51763637206896,35.59021148401755,-18.95777745672573,18.957777456725715,89.0,76.0,Win,1.0,0.05
basketball,WNBA,WNBA_2025_07_27_Chicago_Sky_Indiana_Fever,2025_07_27,03:00 PM,Chicago Sky,Indiana Fever,0.262,0.738,88.35,80.55,168.9,156.0,,,,,,,,,,,,,,,,,,,,,,,,,,,,,over,156.0,-108.0,0.5032095575905757,0.543481539680933,0.7805231619453636,27.710671659559704,0.05,total,wnba,,,,,,,,,,,,,,,,,,,,,,,,,,,,,-108.0,-105.0,1.9259,1.9524,0.7805231619453636,0.2194768380546364,1.281191960412316,4.55628944203698,1.3196277192246857,4.692978125298089,0.5192377589698323,0.5121901249743905,0.5034164453497666,0.4965835546502334,0.5032095575905757,-0.5714934213821279,0.277106716595597,-0.277106716595597,0.543481539680933,0.0,50.320955759057576,-57.14934213821279,27.710671659559704,-27.710671659559704,78.0,93.0,Win,0.925925925925926,0.04629629629629631
basketball,WNBA,WNBA_2025_07_29_Atlanta_Dream_Golden_State_Valkyries,2025_07_29,07:30 PM,Atlanta Dream,Golden State Valkyries,0.696,0.304,76.15,81.45,157.6,155.5,,,,,,,,,,,,,,,,,,,,,,,,,,,,,away,8.0,-110.0,0.1110995472030695,0.1222082798405782,0.582001753288497,8.200175328849701,0.0305520699601445,spread,wnba,-8.0,8.0,-110.0,-110.0,1.9091,1.9091,0.417998246711503,0.582001753288497,2.3923545322671824,1.718207882278152,2.511972258880541,1.80411827639206,151.0,-124.0,0.5238070294903358,0.5238070294903358,0.5,0.5,-0.2019995472030696,0.1110995472030695,-0.082001753288497,0.082001753288497,0.0,0.1222082798405782,-20.19995472030697,11.10995472030696,-8.200175328849701,8.200175328849701,,,,,,,,,,,,,,,,,,,,,,,,,75.0,77.0,Win,0.9090909090909092,0.02777460905467682
basketball,WNBA,WNBA_2025_07_29_Washington_Mystics_Chicago_Sky,2025_07_29,07:30 PM,Washington Mystics,Chicago Sky,0.727,0.273,77.15,83.65,160.8,157.5,,,,,,,,,,,,,,,,,,,,,,,,,,,,,over,157.5,-110.0,0.1043639410942862,0.1147991872118427,0.5784735954608382,7.847359546083821,0.0286997968029606,total,wnba,,,,,,,,,,,,,,,,,,,,,,,,,,,,,-110.0,-110.0,1.9091,1.9091,0.5784735954608382,0.4215264045391618,1.7286873728494985,2.372330628002439,1.7805479940349835,2.4435005468425124,0.5238070294903358,0.5238070294903358,0.5,0.5,0.1043639410942862,-0.1952639410942862,0.0784735954608382,-0.0784735954608382,0.1147991872118427,0.0,10.436394109428626,-19.526394109428622,7.847359546083821,-7.847359546083821,103.0,86.0,Win,0.9090909090909092,0.02609072436632782
basketball,WNBA,WNBA_2025_07_30_Dallas_Wings_Atlanta_Dream,2025_07_30,08:00 PM,Dallas Wings,Atlanta Dream,0.428,0.572,84.35,81.15,165.5,165.0,,,,,,,,,,,,,,,,,,,,,,,,,,,,,home,5.5,-105.0,0.1128478669452797,0.118487890534733,0.5699896880481867,8.082171316592623,0.0296219726336832,spread,wnba,5.5,-5.5,-105.0,-115.0,1.9524,1.8696,0.5699896880481867,0.4300103119518133,1.754417704334785,2.325525626260004,1.8421385895515243,2.441801907573004,-118.0,144.0,0.5121901249743905,0.5348737697903295,0.4891679748822605,0.5108320251177394,0.1128478669452797,-0.1960527207748899,0.0808217131659262,-0.0808217131659261,0.118487890534733,0.0,11.28478669452797,-19.60527207748899,8.082171316592623,-8.082171316592612,,,,,,,,,,,,,,,,,,,,,,,,,85.0,88.0,Win,0.9523809523809523,0.02821140250826971
basketball,WNBA,WNBA_2025_07_30_Minnesota_Lynx_New_York_Liberty,2025_07_30,08:00 PM,Minnesota Lynx,New York Liberty,0.744,0.256,76.75,83.85,160.6,167.0,,,,,,,,,,,,,,,,,,,,,,,,,,,,,away,8.5,-110.0,0.0361473188034815,0.0397616530672989,0.5427412491768275,4.274124917682753,0.0099404132668247,spread,wnba,-8.5,8.5,-110.0,-110.0,1.9091,1.9091,0.4572587508231724,0.5427412491768275,2.1869455711886685,1.84249861516274,2.296292849748102,1.9346235459208765,129.0,-106.0,0.5238070294903358,0.5238070294903358,0.5,0.5,-0.1270473188034815,0.0361473188034815,-0.0427412491768275,0.0427412491768275,0.0,0.0397616530672989,-12.704731880348152,3.6147318803481534,-4.274124917682759,4.274124917682753,,,,,,,,,,,,,,,,,,,,,,,,,100.0,93.0,Win,0.9090909090909092,0.009036739333477001
basketball,WNBA,WNBA_2025_07_30_Minnesota_Lynx_New_York_Liberty,2025_07_30,08:00 PM,Minnesota Lynx,New York Liberty,0.744,0.256,76.75,83.85,160.6,167.0,,,,,,,,,,,,,,,,,,,,,,,,,,,,,under,167.0,-105.0,0.2680909483344129,0.2814898659538145,0.6495036613062963,15.292010665606291,0.05,total,wnba,,,,,,,,,,,,,,,,,,,,,,,,,,,,,-108.0,-105.0,1.9259,1.9524,0.3504963386937036,0.6495036613062963,2.853096850389336,1.539637202335053,2.938689755901016,1.585826318405105,0.5192377589698323,0.5121901249743905,0.5034164453497666,0.4965835546502334,-0.3249791013097962,0.2680909483344129,-0.1529201066560629,0.1529201066560629,0.0,0.2814898659538145,-32.497910130979626,26.809094833441293,-15.292010665606298,15.292010665606291,100.0,93.0,Loss,-1.0,-0.05
basketball,WNBA,WNBA_2025_07_31_Washington_Mystics_Golden_State_Valkyries,2025_07_31,07:30 PM,Washington Mystics,Golden State Valkyries,0.586,0.414,77.15,79.75,156.9,153.0,-170.0,145.0,1.5882,2.45,2.45,1.5882352941176472,0.4081632653061224,0.6296296296296295,0.3932993445010925,0.6067006554989075,0.586,0.414,2.415458937198068,1.706484641638225,2.4275362318840576,1.7150170648464165,142.0,-139.0,-0.0693148,0.0142999999999999,-0.0207006554989075,0.0207006554989074,0.0,0.0098620689655172,-6.9314800000000005,1.429999999999998,-2.070065549890754,2.0700655498907485,away,145.0,145.0,0.0142999999999999,0.0098620689655172,0.414,2.0700655498907485,0.0024655172413793,moneyline,wnba,,,,,,,,,,,,,,,,,,,,,,,,,,,,,,,,,,,,,,,,,,,,,,,,,,,,,67.0,68.0,Win,1.4500000000000002,0.0035749999999999857
basketball,WNBA,WNBA_2025_08_01_Chicago_Sky_Golden_State_Valkyries,2025_08_01,07:30 PM,Chicago Sky,Golden State Valkyries,0.408,0.592,81.35,77.55,158.9,152.0,,,,,,,,,,,,,,,,,,,,,,,,,,,,,home,6.0,-110.0,0.0824140052485897,0.0906544992284565,0.5669760647680006,6.697606476800056,0.0226636248071141,spread,wnba,6.0,-6.0,-110.0,-110.0,1.9091,1.9091,0.5669760647680006,0.4330239352319994,1.763742884647498,2.309341167167201,1.851930028879873,2.424808225525561,-117.0,142.0,0.5238070294903358,0.5238070294903358,0.5,0.5,0.0824140052485897,-0.1733140052485899,0.0669760647680005,-0.0669760647680006,0.0906544992284565,0.0,8.241400524858978,-17.331400524859,6.697606476800056,-6.697606476800061,,,,,,,,,,,,,,,,,,,,,,,,,66.0,73.0,Loss,-1.0,-0.0226636248071141
basketball,WNBA,WNBA_2025_08_01_Connecticut_Sun_New_York_Liberty,2025_08_01,07:30 PM,Connecticut Sun,New York Liberty,0.256,0.744,84.35,76.25,160.6,172.0,,,,,,,,,,,,,,,,,,,,,,,,,,,,,home,11.0,-110.0,0.122512525174375,0.1347624300675117,0.5879799513772851,8.79799513772851,0.0336906075168779,spread,wnba,11.0,-11.0,-110.0,-110.0,1.9091,1.9091,0.5879799513772851,0.4120200486227149,1.7007382609859376,2.4270663608306497,1.7857751740352346,2.5484196788721825,-127.0,154.0,0.5238070294903358,0.5238070294903358,0.5,0.5,0.122512525174375,-0.2134125251743749,0.087979951377285,-0.087979951377285,0.1347624300675117,0.0,12.251252517437504,-21.341252517437493,8.79799513772851,-8.79799513772851,,,,,,,,,,,,,,,,,,,,,,,,,78.0,62.0,Win,0.9090909090909092,0.030627825015343547
basketball,WNBA,WNBA_2025_08_01_Atlanta_Dream_Phoenix_Mercury,2025_08_01,07:30 PM,Atlanta Dream,Phoenix Mercury,0.431,0.569,82.15,79.05,161.2,166.5,,,,,,,,,,,,,,,,,,,,,,,,,,,,,under,166.5,-110.0,0.192713091322825,0.2119822806323011,0.6247515014000445,12.475150140004454,0.05,total,wnba,,,,,,,,,,,,,,,,,,,,,,,,,,,,,-110.0,-110.0,1.9091,1.9091,0.3752484985999554,0.6247515014000445,2.664900735728404,1.600636409450858,2.7448477578002555,1.6486555017343838,0.5238070294903358,0.5238070294903358,0.5,0.5,-0.2836130913228251,0.192713091322825,-0.1247515014000446,0.1247515014000445,0.0,0.2119822806323011,-28.361309132282507,19.2713091322825,-12.47515014000446,12.475150140004454,95.0,72.0,Loss,-1.0,-0.05
basketball,WNBA,WNBA_2025_08_01_Connecticut_Sun_New_York_Liberty,2025_08_01,07:30 PM,Connecticut Sun,New York Liberty,0.256,0.744,84.35,76.25,160.6,172.0,,,,,,,,,,,,,,,,,,,,,,,,,,,,,under,172.0,-110.0,0.437555391855154,0.4813061179794896,0.7530016195354639,25.081126751460324,0.05,total,wnba,,,,,,,,,,,,,,,,,,,,,,,,,,,,,-108.0,-110.0,1.9259,1.9091,0.2469983804645361,0.7530016195354639,4.048609541970577,1.328018392067885,4.170067828229694,1.3678589438299216,0.5192377589698323,0.5238070294903358,0.4978096479791395,0.5021903520208606,-0.5243058190633499,0.437555391855154,-0.2508112675146034,0.2508112675146032,0.0,0.4813061179794896,-52.43058190633499,43.7555391855154,-25.081126751460346,25.081126751460324,78.0,62.0,Win,0.9090909090909092,0.04545454545454546
basketball,WNBA,WNBA_2025_08_01_Seattle_Storm_Los_Angeles_Sparks,2025_08_01,10:00 PM,Seattle Storm,Los Angeles Sparks,0.687,0.313,78.55,83.65,162.2,169.0,,,,,,,,,,,,,,,,,,,,,,,,,,,,,under,169.0,-109.0,0.2623311701390922,0.2859506977753348,0.6583556744232253,15.835567442322528,0.05,total,wnba,,,,,,,,,,,,,,,,,,,,,,,,,,,,,-109.0,-109.0,1.9174,1.9174,0.3416443255767747,0.6583556744232253,2.92702066194651,1.5189357954210447,3.014831281804905,1.564503869283676,0.5215395848544905,0.5215395848544905,0.5,0.5,-0.3449311701390921,0.2623311701390922,-0.1583556744232253,0.1583556744232253,0.0,0.2859506977753348,-34.49311701390921,26.233117013909222,-15.835567442322528,15.835567442322528,106.0,108.0,Loss,-1.0,-0.05
basketball,WNBA,WNBA_2025_08_03_Seattle_Storm_Indiana_Fever,2025_08_03,03:00 PM,Seattle Storm,Indiana Fever,0.591,0.409,79.65,82.25,161.9,159.5,-135.0,115.0,1.7407,2.15,2.15,1.7407407407407407,0.4651162790697674,0.574468085106383,0.447405997144217,0.552594002855783,0.591,0.409,2.444987775061125,1.6920473773265652,2.45721271393643,1.7005076142131978,145.0,-142.0,0.0287536999999999,-0.1206500000000001,0.038405997144217,-0.038405997144217,0.0388196300796542,0.0,2.87537,-12.065000000000015,3.8405997144217,-3.840599714421705,home,-135.0,-135.0,0.0287536999999999,0.0388196300796542,0.591,3.8405997144217,0.0097049075199135,moneyline,wnba,,,,,,,,,,,,,,,,,,,,,,,,,,,,,,,,,,,,,,,,,,,,,,,,,,,,,74.0,78.0,Loss,-1.0,-0.0097049075199135
basketball,WNBA,WNBA_2025_08_03_Connecticut_Sun_New_York_Liberty,2025_08_03,01:00 PM,Connecticut Sun,New York Liberty,0.235,0.765,84.55,76.05,160.6,170.5,,,,,,,,,,,,,,,,,,,,,,,,,,,,,home,11.0,-110.0,0.0996502815933388,0.1096142136105365,0.576004547479618,7.6004547479618045,0.0274035534026341,spread,wnba,11.0,-11.0,-110.0,-110.0,1.9091,1.9091,0.576004547479618,0.4239954525203819,1.7360974047438142,2.3585158615632293,1.822902274981005,2.4764416546413908,-121.0,147.0,0.5238070294903358,0.5238070294903358,0.5,0.5,0.0996502815933388,-0.1905502815933388,0.076004547479618,-0.0760045474796181,0.1096142136105365,0.0,9.965028159333889,-19.055028159333887,7.6004547479618045,-7.60045474796181,,,,,,,,,,,,,,,,,,,,,,,,,78.0,87.0,Win,0.9090909090909092,0.024912321275121913
basketball,WNBA,WNBA_2025_08_03_Atlanta_Dream_Washington_Mystics,2025_08_03,03:00 PM,Atlanta Dream,Washington Mystics,0.654,0.346,77.35,81.75,159.1,159.5,,,,,,,,,,,,,,,,,,,,,,,,,,,,,away,7.0,-110.0,0.1053792893547524,0.1159160591296363,0.5790054420170512,7.900544201705117,0.028979014782409,spread,wnba,-7.0,7.0,-110.0,-110.0,1.9091,1.9091,0.4209945579829488,0.5790054420170512,2.375327616563875,1.7270994837567537,2.494093997392069,1.813454457944592,149.0,-122.0,0.5238070294903358,0.5238070294903358,0.5,0.5,-0.1962792893547523,0.1053792893547524,-0.0790054420170511,0.0790054420170511,0.0,0.1159160591296363,-19.62792893547524,10.53792893547525,-7.900544201705117,7.900544201705117,,,,,,,,,,,,,,,,,,,,,,,,,99.0,83.0,Loss,-1.0,-0.028979014782409
basketball,WNBA,WNBA_2025_08_03_Connecticut_Sun_New_York_Liberty,2025_08_03,01:00 PM,Connecticut Sun,New York Liberty,0.235,0.765,84.55,76.05,160.6,170.5,,,,,,,,,,,,,,,,,,,,,,,,,,,,,under,170.5,-110.0,0.3816806016168126,0.4198444633338606,0.7237340116373226,22.373401163732265,0.05,total,wnba,,,,,,,,,,,,,,,,,,,,,,,,,,,,,-110.0,-110.0,1.9091,1.9091,0.2762659883626773,0.7237340116373226,3.619700006962916,1.3817230970500798,3.728291007171804,1.4231747899615823,0.5238070294903358,0.5238070294903358,0.5,0.5,-0.4725806016168128,0.3816806016168126,-0.2237340116373227,0.2237340116373226,0.0,0.4198444633338606,-47.25806016168128,38.16806016168126,-22.37340116373227,22.373401163732265,78.0,87.0,Win,0.9090909090909092,0.04545454545454546
basketball,WNBA,WNBA_2025_08_05_Seattle_Storm_Minnesota_Lynx,2025_08_05,10:00 PM,Seattle Storm,Minnesota Lynx,0.424,0.576,79.15,75.75,154.9,156.5,-130.0,110.0,1.7692,2.1,2.1,1.7692307692307692,0.4761904761904761,0.5652173913043479,0.4572564612326044,0.5427435387673957,0.424,0.576,1.7361111111111112,2.358490566037736,1.7447916666666663,2.3702830188679243,-134.0,137.0,-0.2498591999999999,0.2096,-0.1187435387673956,0.1187435387673955,0.0,0.1905454545454545,-24.98592,20.96,-11.874353876739567,11.874353876739557,away,110.0,110.0,0.2096,0.1905454545454545,0.576,11.874353876739557,0.0476363636363636,moneyline,wnba,,,,,,,,,,,,,,,,,,,,,,,,,,,,,,,,,,,,,,,,,,,,,,,,,,,,,87.0,91.0,Win,1.1,0.05239999999999997
basketball,WNBA,WNBA_2025_08_05_Phoenix_Mercury_Connecticut_Sun,2025_08_05,10:00 PM,Phoenix Mercury,Connecticut Sun,0.886,0.114,73.75,85.15,158.9,166.0,,,,,,,,,,,,,,,,,,,,,,,,,,,,,away,14.5,-110.0,0.1338866556296536,0.1472738484541345,0.5939378008641002,9.39378008641002,0.0368184621135336,spread,wnba,-14.5,14.5,-110.0,-110.0,1.9091,1.9091,0.4060621991358998,0.5939378008641002,2.462676905479012,1.683677985380175,2.5858107507529624,1.7678618846491845,158.0,-130.0,0.5238070294903358,0.5238070294903358,0.5,0.5,-0.2247866556296537,0.1338866556296536,-0.0939378008641002,0.0939378008641002,0.0,0.1472738484541345,-22.47866556296537,13.388665562965365,-9.39378008641002,9.39378008641002,,,,,,,,,,,,,,,,,,,,,,,,,82.0,66.0,Loss,-1.0,-0.0368184621135336
basketball,WNBA,WNBA_2025_08_05_Phoenix_Mercury_Connecticut_Sun,2025_08_05,10:00 PM,Phoenix Mercury,Connecticut Sun,0.886,0.114,73.75,85.15,158.9,166.0,,,,,,,,,,,,,,,,,,,,,,,,,,,,,under,166.0,-110.0,0.269433740934943,0.2963741512869244,0.6649383169739369,16.49383169739369,0.05,total,wnba,,,,,,,,,,,,,,,,,,,,,,,,,,,,,-110.0,-110.0,1.9091,1.9091,0.3350616830260631,0.6649383169739369,2.984525090928449,1.503898894789058,3.0740608436563024,1.5490158616327296,0.5238070294903358,0.5238070294903358,0.5,0.5,-0.3603337409349429,0.269433740934943,-0.1649383169739369,0.1649383169739369,0.0,0.2963741512869244,-36.033374093494295,26.9433740934943,-16.49383169739369,16.49383169739369,82.0,66.0,Win,0.9090909090909092,0.04545454545454546
basketball,WNBA,WNBA_2025_08_05_Seattle_Storm_Minnesota_Lynx,2025_08_05,10:00 PM,Seattle Storm,Minnesota Lynx,0.424,0.576,79.15,75.75,154.9,156.5,,,,,,,,,,,,,,,,,,,,,,,,,,,,,under,156.5,-105.0,0.0508554957412572,0.0533972025842684,0.5382378076937396,4.0527491254326256,0.0133493006460671,total,wnba,,,,,,,,,,,,,,,,,,,,,,,,,,,,,-107.0,-105.0,1.9346,1.9524,0.4617621923062603,0.5382378076937396,2.1656168838889203,1.8579148207459364,2.230585390405588,1.9136522653683143,0.5169027189083014,0.5121901249743905,0.5022896835605865,0.4977103164394134,-0.1066748627643087,0.0508554957412572,-0.0405274912543261,0.0405274912543262,0.0,0.0533972025842684,-10.667486276430871,5.085549574125725,-4.052749125432614,4.0527491254326256,87.0,91.0,Loss,-1.0,-0.0133493006460671
basketball,WNBA,WNBA_2025_08_07_Phoenix_Mercury_Indiana_Fever,2025_08_07,10:00 PM,Phoenix Mercury,Indiana Fever,0.661,0.339,80.25,84.95,165.2,172.0,-180.0,157.0,1.5556,2.57,2.5700000000000003,1.5555555555555556,0.3891050583657587,0.6428571428571428,0.3770535954753568,0.6229464045246431,0.661,0.339,2.949852507374631,1.51285930408472,2.964601769911504,1.5204236006051437,196.0,-192.0,0.0282516000000001,-0.1287699999999999,0.0380535954753569,-0.0380535954753567,0.0508488120950325,0.0,2.8251600000000154,-12.876999999999994,3.805359547535692,-3.8053595475356734,home,-180.0,-180.0,0.0282516000000001,0.0508488120950325,0.661,3.805359547535692,0.0127122030237581,moneyline,wnba,,,,,,,,,,,,,,,,,,,,,,,,,,,,,,,,,,,,,,,,,,,,,,,,,,,,,95.0,60.0,Win,0.5555555555555556,0.007062335013198945
basketball,WNBA,WNBA_2025_08_07_Los_Angeles_Sparks_Connecticut_Sun,2025_08_07,10:00 PM,Los Angeles Sparks,Connecticut Sun,0.806,0.194,78.35,87.15,165.5,173.0,,,,,,,,,,,,,,,,,,,,,,,,,,,,,away,11.5,-110.0,0.1110995472030689,0.1222082798405772,0.5820017532884966,8.200175328849657,0.0305520699601443,spread,wnba,-11.5,11.5,-110.0,-110.0,1.9091,1.9091,0.4179982467115034,0.5820017532884966,2.39235453226718,1.7182078822781537,2.511972258880539,1.804118276392061,151.0,-124.0,0.5238070294903358,0.5238070294903358,0.5,0.5,-0.2019995472030689,0.1110995472030689,-0.0820017532884966,0.0820017532884965,0.0,0.1222082798405772,-20.19995472030689,11.109954720306892,-8.200175328849662,8.200175328849657,,,,,,,,,,,,,,,,,,,,,,,,,102.0,91.0,Win,0.9090909090909092,0.027774609054676637
basketball,WNBA,WNBA_2025_08_07_Chicago_Sky_Atlanta_Dream,2025_08_07,08:00 PM,Chicago Sky,Atlanta Dream,0.258,0.742,84.95,76.75,161.7,160.0,,,,,,,,,,,,,,,,,,,,,,,,,,,,,over,160.0,-110.0,0.0320969518778246,0.0353062940026671,0.5406196385091534,3.501300896105042,0.0088265735006667,total,wnba,,,,,,,,,,,,,,,,,,,,,,,,,,,,,-110.0,-105.0,1.9091,1.9524,0.5406196385091534,0.4593803614908466,1.8497293268103665,2.176845341743947,1.9052212066146776,2.2421507019962656,0.5238070294903358,0.5121901249743905,0.505606629548103,0.4943933704518969,0.0320969518778246,-0.1031057822252711,0.0350130089610504,-0.0350130089610503,0.0353062940026671,0.0,3.2096951877824687,-10.310578222527113,3.501300896105042,-3.5013008961050307,65.0,86.0,Loss,-1.0,-0.0088265735006667
basketball,WNBA,WNBA_2025_08_07_Los_Angeles_Sparks_Connecticut_Sun,2025_08_07,10:00 PM,Los Angeles Sparks,Connecticut Sun,0.806,0.194,78.35,87.15,165.5,173.0,,,,,,,,,,,,,,,,,,,,,,,,,,,,,under,173.0,-110.0,0.2860397632986788,0.3146405932226145,0.6736366682199355,17.36366682199355,0.05,total,wnba,,,,,,,,,,,,,,,,,,,,,,,,,,,,,-110.0,-110.0,1.9091,1.9091,0.3263633317800645,0.6736366682199355,3.06406971195495,1.4844797606437752,3.1559918033135985,1.5290141534630886,0.5238070294903358,0.5238070294903358,0.5,0.5,-0.3769397632986788,0.2860397632986788,-0.1736366682199355,0.1736366682199355,0.0,0.3146405932226145,-37.69397632986789,28.603976329867887,-17.36366682199355,17.36366682199355,102.0,91.0,Loss,-1.0,-0.05
basketball,WNBA,WNBA_2025_08_07_Phoenix_Mercury_Indiana_Fever,2025_08_07,10:00 PM,Phoenix Mercury,Indiana Fever,0.661,0.339,80.25,84.95,165.2,172.0,,,,,,,,,,,,,,,,,,,,,,,,,,,,,under,172.0,-110.0,0.2568668180413793,0.282550674338774,0.6583556744232253,15.835567442322528,0.05,total,wnba,,,,,,,,,,,,,,,,,,,,,,,,,,,,,-110.0,-110.0,1.9091,1.9091,0.3416443255767747,0.6583556744232253,2.92702066194651,1.5189357954210447,3.014831281804905,1.564503869283676,0.5238070294903358,0.5238070294903358,0.5,0.5,-0.3477668180413794,0.2568668180413793,-0.1583556744232253,0.1583556744232253,0.0,0.282550674338774,-34.776681804137944,25.686681804137933,-15.835567442322528,15.835567442322528,95.0,60.0,Win,0.9090909090909092,0.04545454545454546
basketball,WNBA,WNBA_2025_08_08_Dallas_Wings_New_York_Liberty,2025_08_08,07:30 PM,Dallas Wings,New York Liberty,0.295,0.705,86.55,79.95,166.5,169.0,,,,,,,,,,,,,,,,,,,,,,,,,,,,,under,169.0,-109.0,0.0730052908211207,0.079578472663092,0.5596147339215191,6.177538133005167,0.019894618165773,total,wnba,,,,,,,,,,,,,,,,,,,,,,,,,,,,,-111.0,-109.0,1.9009,1.9174,0.4403852660784809,0.5596147339215191,2.2707390029297443,1.786943658528192,2.3388611730176367,1.8405519682840377,0.526066600031564,0.5215395848544905,0.5021606474085326,0.4978393525914674,-0.1628716477114157,0.0730052908211207,-0.0617753813300517,0.0617753813300516,0.0,0.079578472663092,-16.287164771141573,7.300529082112073,-6.177538133005172,6.177538133005167,77.0,88.0,Win,0.9174311926605505,0.018251943271351375
basketball,WNBA,WNBA_2025_08_09_Golden_State_Valkyries_Los_Angeles_Sparks,2025_08_09,08:30 PM,Golden State Valkyries,Los Angeles Sparks,0.491,0.509,81.55,80.55,162.1,165.0,110.0,-130.0,2.1,1.7692,1.7692307692307692,2.1,0.5652173913043479,0.4761904761904761,0.5427435387673957,0.4572564612326044,0.491,0.509,1.9646365422396856,2.0366598778004072,1.974459724950884,2.046843177189409,-102.0,104.0,0.0311000000000001,-0.0994771999999999,0.0337435387673956,-0.0337435387673956,0.0282727272727272,0.0,3.1100000000000128,-9.947719999999991,3.374353876739561,-3.3743538767395664,home,110.0,110.0,0.0311000000000001,0.0282727272727272,0.491,3.374353876739561,0.0070681818181818,moneyline,wnba,,,,,,,,,,,,,,,,,,,,,,,,,,,,,,,,,,,,,,,,,,,,,,,,,,,,,72.0,59.0,Win,1.1,0.007774999999999981
basketball,WNBA,WNBA_2025_08_09_Indiana_Fever_Chicago_Sky,2025_08_09,08:00 PM,Indiana Fever,Chicago Sky,0.813,0.187,78.75,87.65,166.4,164.0,,,,,,,,,,,,,,,,,,,,,,,,,,,,,away,12.0,-110.0,0.1338866556296536,0.1472738484541345,0.5939378008641002,9.39378008641002,0.0368184621135336,spread,wnba,-12.0,12.0,-110.0,-110.0,1.9091,1.9091,0.4060621991358998,0.5939378008641002,2.462676905479012,1.683677985380175,2.5858107507529624,1.7678618846491845,158.0,-130.0,0.5238070294903358,0.5238070294903358,0.5,0.5,-0.2247866556296537,0.1338866556296536,-0.0939378008641002,0.0939378008641002,0.0,0.1472738484541345,-22.47866556296537,13.388665562965365,-9.39378008641002,9.39378008641002,,,,,,,,,,,,,,,,,,,,,,,,,92.0,70.0,Loss,-1.0,-0.0368184621135336
basketball,WNBA,WNBA_2025_08_10_Phoenix_Mercury_Atlanta_Dream,2025_08_10,06:00 PM,Phoenix Mercury,Atlanta Dream,0.625,0.375,78.85,82.45,161.3,164.5,-157.0,137.0,1.6369,2.37,2.37,1.6369426751592355,0.4219409282700421,0.6108949416342413,0.4085266019170547,0.5914733980829453,0.625,0.375,2.6666666666666665,1.6,2.68,1.608,167.0,-164.0,0.0230624999999999,-0.1112499999999999,0.0335266019170547,-0.0335266019170547,0.0362105511069241,0.0,2.3062499999999986,-11.124999999999996,3.35266019170547,-3.35266019170547,home,-157.0,-157.0,0.0230624999999999,0.0362105511069241,0.625,3.35266019170547,0.009052637776731,moneyline,wnba,,,,,,,,,,,,,,,,,,,,,,,,,,,,,,,,,,,,,,,,,,,,,,,,,,,,,66.0,74.0,Loss,-1.0,-0.009052637776731
basketball,WNBA,WNBA_2025_08_10_Dallas_Wings_Washington_Mystics,2025_08_10,04:00 PM,Dallas Wings,Washington Mystics,0.504,0.496,82.15,81.75,163.9,163.0,,,,,,,,,,,,,,,,,,,,,,,,,,,,,away,2.5,-110.0,0.122512525174375,0.1347624300675117,0.5879799513772851,8.79799513772851,0.0336906075168779,spread,wnba,-2.5,2.5,-110.0,-110.0,1.9091,1.9091,0.4120200486227149,0.5879799513772851,2.4270663608306497,1.7007382609859376,2.5484196788721825,1.7857751740352346,154.0,-127.0,0.5238070294903358,0.5238070294903358,0.5,0.5,-0.2134125251743749,0.122512525174375,-0.087979951377285,0.087979951377285,0.0,0.1347624300675117,-21.341252517437493,12.251252517437504,-8.79799513772851,8.79799513772851,,,,,,,,,,,,,,,,,,,,,,,,,78.0,91.0,Win,0.9090909090909092,0.030627825015343547
basketball,WNBA,WNBA_2025_08_10_Dallas_Wings_Washington_Mystics,2025_08_10,04:00 PM,Dallas Wings,Washington Mystics,0.504,0.496,82.15,81.75,163.9,163.0,,,,,,,,,,,,,,,,,,,,,,,,,,,,,over,163.0,-108.0,0.0044172122458514,0.004770722805758,0.5215313423572623,2.372169437812277,0.0011926807014395,total,wnba,,,,,,,,,,,,,,,,,,,,,,,,,,,,,-108.0,-110.0,1.9259,1.9091,0.5215313423572623,0.4784686576427376,1.9174303033833284,2.090001056551292,1.9749532124848284,2.1527010882478304,0.5192377589698323,0.5238070294903358,0.4978096479791395,0.5021903520208606,0.0044172122458514,-0.0865554856942496,0.0237216943781227,-0.0237216943781229,0.004770722805758,0.0,0.4417212245851454,-8.655548569424965,2.372169437812277,-2.3721694378123,78.0,91.0,Win,0.925925925925926,0.001104333982814352
basketball,WNBA,WNBA_2025_08_10_Los_Angeles_Sparks_Seattle_Storm,2025_08_10,08:00 PM,Los Angeles Sparks,Seattle Storm,0.389,0.611,83.15,79.05,162.2,172.0,,,,,,,,,,,,,,,,,,,,,,,,,,,,,under,172.0,-110.0,0.3778432637942492,0.4156234339393347,0.7217239871113348,21.61173575632318,0.05,total,wnba,,,,,,,,,,,,,,,,,,,,,,,,,,,,,-105.0,-110.0,1.9524,1.9091,0.2782760128886652,0.7217239871113348,3.593554434029093,1.3855712403330966,3.701361067049966,1.4271383775430897,0.5121901249743905,0.5238070294903358,0.4943933704518969,0.505606629548103,-0.4566939124361701,0.3778432637942492,-0.2161173575632317,0.2161173575632318,0.0,0.4156234339393347,-45.66939124361701,37.784326379424925,-21.61173575632317,21.61173575632318,94.0,91.0,Loss,-1.0,-0.05
basketball,WNBA,WNBA_2025_08_10_New_York_Liberty_Minnesota_Lynx,2025_08_10,12:30 PM,New York Liberty,Minnesota Lynx,0.364,0.636,80.95,76.15,157.1,168.0,,,,,,,,,,,,,,,,,,,,,,,,,,,,,under,168.0,-106.0,0.4447887881189951,0.4714742295092169,0.743433563918388,24.56949548676553,0.05,total,wnba,,,,,,,,,,,,,,,,,,,,,,,,,,,,,-108.0,-106.0,1.9259,1.9434,0.256566436081612,0.743433563918388,3.897625953232273,1.345110106045437,4.014554731829241,1.3854634092268,0.5192377589698323,0.5145621076463929,0.5022613909492674,0.4977386090507327,-0.5058787007504235,0.4447887881189951,-0.2456949548676553,0.2456949548676553,0.0,0.4714742295092169,-50.58787007504235,44.47887881189951,-24.569495486765536,24.56949548676553,71.0,83.0,Win,0.9433962264150944,0.04716981132075472
basketball,WNBA,WNBA_2025_08_11_Golden_State_Valkyries_Connecticut_Sun,2025_08_11,10:00 PM,Golden State Valkyries,Connecticut Sun,0.817,0.183,73.85,82.95,156.8,154.0,-420.0,330.0,1.2381,4.3,4.3,1.238095238095238,0.2325581395348837,0.8076923076923077,0.2235597592433362,0.7764402407566638,0.817,0.183,5.46448087431694,1.2239902080783354,5.491803278688524,1.230110159118727,449.0,-434.0,0.0115276999999998,-0.2131,0.0405597592433361,-0.0405597592433362,0.0484153716925658,0.0,1.1527699999999808,-21.31000000000001,4.055975924333611,-4.055975924333621,home,-420.0,-420.0,0.0115276999999998,0.0484153716925658,0.817,4.055975924333611,0.0121038429231414,moneyline,wnba,,,,,,,,,,,,,,,,,,,,,,,,,,,,,,,,,,,,,,,,,,,,,,,,,,,,,74.0,57.0,Win,0.23809523809523814,0.002881867362652715
basketball,WNBA,WNBA_2025_08_13_Connecticut_Sun_Chicago_Sky,2025_08_13,07:00 PM,Connecticut Sun,Chicago Sky,0.515,0.485,80.05,80.15,160.2,159.0,,,,,,,,,,,,,,,,,,,,,,,,,,,,,away,1.5,-110.0,0.0361473188034806,0.0397616530672979,0.5427412491768271,4.274124917682709,0.0099404132668244,spread,wnba,-1.5,1.5,-110.0,-110.0,1.9091,1.9091,0.4572587508231729,0.5427412491768271,2.1869455711886663,1.842498615162741,2.2962928497481,1.934623545920878,129.0,-106.0,0.5238070294903358,0.5238070294903358,0.5,0.5,-0.1270473188034806,0.0361473188034806,-0.042741249176827,0.042741249176827,0.0,0.0397616530672979,-12.704731880348064,3.6147318803480655,-4.274124917682709,4.274124917682709,,,,,,,,,,,,,,,,,,,,,,,,,71.0,62.0,Loss,-1.0,-0.0099404132668244
basketball,WNBA,WNBA_2025_08_13_Connecticut_Sun_Chicago_Sky,2025_08_13,07:00 PM,Connecticut Sun,Chicago Sky,0.515,0.485,80.05,80.15,160.2,159.0,,,,,,,,,,,,,,,,,,,,,,,,,,,,,over,159.0,-108.0,0.0182187341682975,0.0196767838517092,0.5286976136706463,2.757081662363159,0.0049191959629273,total,wnba,,,,,,,,,,,,,,,,,,,,,,,,,,,,,-108.0,-107.0,1.9259,1.9346,0.5286976136706463,0.4713023863293537,1.8914403510490456,2.121780048236768,1.9481835615805168,2.185433449683871,0.5192377589698323,0.5169027189083014,0.5011267970470147,0.4988732029529854,0.0182187341682975,-0.0882184034072323,0.0275708166236315,-0.0275708166236317,0.0196767838517092,0.0,1.821873416829756,-8.82184034072323,2.757081662363159,-2.75708166236317,71.0,62.0,Loss,-1.0,-0.0049191959629273
basketball,WNBA,WNBA_2025_08_13_Washington_Mystics_Golden_State_Valkyries,2025_08_13,07:30 PM,Washington Mystics,Golden State Valkyries,0.539,0.461,77.95,79.15,157.1,150.0,,,,,,,,,,,,,,,,,,,,,,,,,,,,,over,150.0,-110.0,0.269433740934943,0.2963741512869244,0.6649383169739369,16.49383169739369,0.05,total,wnba,,,,,,,,,,,,,,,,,,,,,,,,,,,,,-110.0,-110.0,1.9091,1.9091,0.6649383169739369,0.3350616830260631,1.503898894789058,2.984525090928448,1.5490158616327296,3.074060843656301,0.5238070294903358,0.5238070294903358,0.5,0.5,0.269433740934943,-0.3603337409349429,0.1649383169739369,-0.1649383169739369,0.2963741512869244,0.0,26.9433740934943,-36.033374093494295,16.49383169739369,-16.49383169739369,83.0,88.0,Win,0.9090909090909092,0.04545454545454546
basketball,WNBA,WNBA_2025_08_15_Atlanta_Dream_Seattle_Storm,2025_08_15,10:00 PM,Atlanta Dream,Seattle Storm,0.523,0.477,79.35,79.75,159.1,158.5,-130.0,110.0,1.7692,2.1,2.1,1.7692307692307692,0.4761904761904761,0.5652173913043479,0.4572564612326044,0.5427435387673957,0.523,0.477,2.0964360587002098,1.9120458891013383,2.1069182389937104,1.9216061185468447,110.0,-108.0,-0.0747083999999999,0.0017,-0.0197435387673956,0.0197435387673955,0.0,0.0015454545454545,-7.47083999999999,0.1700000000000034,-1.9743538767395648,1.97435387673956,away,110.0,110.0,0.0017,0.0015454545454545,0.477,1.97435387673956,0.0003863636363636,moneyline,wnba,,,,,,,,,,,,,,,,,,,,,,,,,,,,,,,,,,,,,,,,,,,,,,,,,,,,,78.0,80.0,Win,1.1,0.0004249999999999601
basketball,WNBA,WNBA_2025_08_15_Chicago_Sky_Golden_State_Valkyries,2025_08_15,07:30 PM,Chicago Sky,Golden State Valkyries,0.306,0.694,81.05,74.65,155.7,147.5,,,,,,,,,,,,,,,,,,,,,,,,,,,,,away,-4.0,-110.0,0.0939128478322754,0.1033030995845073,0.5729992393443379,7.299923934433794,0.0258257748961268,spread,wnba,4.0,-4.0,-110.0,-110.0,1.9091,1.9091,0.427000760655662,0.5729992393443379,2.341916202829462,1.7452030148316835,2.4590120129709354,1.832463165573268,145.0,-120.0,0.5238070294903358,0.5238070294903358,0.5,0.5,-0.1848128478322757,0.0939128478322754,-0.072999239344338,0.0729992393443379,0.0,0.1033030995845073,-18.48128478322757,9.39128478322755,-7.299923934433799,7.299923934433794,,,,,,,,,,,,,,,,,,,,,,,,,59.0,90.0,Win,0.9090909090909092,0.023477977178297093
basketball,WNBA,WNBA_2025_08_15_Chicago_Sky_Golden_State_Valkyries,2025_08_15,07:30 PM,Chicago Sky,Golden State Valkyries,0.306,0.694,81.05,74.65,155.7,147.5,,,,,,,,,,,,,,,,,,,,,,,,,,,,,over,147.5,-130.0,0.2183270857582941,0.2838365649483803,0.688631633370051,14.58837785163344,0.05,total,wnba,,,,,,,,,,,,,,,,,,,,,,,,,,,,,-130.0,110.0,1.7692,2.1,0.688631633370051,0.311368366629949,1.4521551894242253,3.2116300407242937,1.495719845106952,3.3079789419460224,0.5652272213429799,0.4761904761904761,0.5427478548537166,0.4572521451462835,0.2183270857582941,-0.3461264300771071,0.1458837785163343,-0.1458837785163345,0.2838365649483803,0.0,21.83270857582941,-34.61264300771071,14.58837785163344,-14.58837785163345,59.0,90.0,Win,0.7692307692307692,0.038461538461538464
basketball,WNBA,WNBA_2025_08_15_Indiana_Fever_Washington_Mystics,2025_08_15,07:30 PM,Indiana Fever,Washington Mystics,0.708,0.292,78.85,84.45,163.3,162.0,,,,,,,,,,,,,,,,,,,,,,,,,,,,,over,162.0,-110.0,0.0138932708634591,0.0152824451253537,0.5310844224312289,3.1084422431228886,0.0038206112813384,total,wnba,,,,,,,,,,,,,,,,,,,,,,,,,,,,,-110.0,-110.0,1.9091,1.9091,0.5310844224312289,0.4689155775687711,1.882939807238447,2.132580037508649,1.9394280014556005,2.196557438633909,0.5238070294903358,0.5238070294903358,0.5,0.5,0.0138932708634591,-0.104793270863459,0.0310844224312288,-0.0310844224312288,0.0152824451253537,0.0,1.389327086345915,-10.479327086345902,3.1084422431228886,-3.1084422431228886,84.0,88.0,Win,0.9090909090909092,0.0034732829830349094
basketball,WNBA,WNBA_2025_08_16_Minnesota_Lynx_New_York_Liberty,2025_08_16,02:00 PM,Minnesota Lynx,New York Liberty,0.645,0.355,78.65,82.95,161.6,165.5,-125.0,105.0,1.8,2.05,2.05,1.8,0.4878048780487805,0.5555555555555556,0.4675324675324676,0.5324675324675325,0.645,0.355,2.8169014084507045,1.550387596899225,2.830985915492957,1.5581395348837206,183.0,-179.0,0.161,-0.2722500000000001,0.1125324675324674,-0.1125324675324676,0.20125,0.0,16.1,-27.22500000000001,11.25324675324675,-11.25324675324676,home,-125.0,-125.0,0.161,0.20125,0.645,11.25324675324675,0.05,moneyline,wnba,,,,,,,,,,,,,,,,,,,,,,,,,,,,,,,,,,,,,,,,,,,,,,,,,,,,,86.0,80.0,Win,0.8,0.04000000000000001
basketball,WNBA,WNBA_2025_08_17_Washington_Mystics_Los_Angeles_Sparks,2025_08_17,03:00 PM,Washington Mystics,Los Angeles Sparks,0.46,0.54,83.75,81.55,165.3,171.5,,,,,,,,,,,,,,,,,,,,,,,,,,,,,home,6.0,-110.0,0.173353881777136,0.1906873630812188,0.6146110113546362,11.461101135463624,0.0476718407703047,spread,wnba,6.0,-6.0,-110.0,-110.0,1.9091,1.9091,0.6146110113546362,0.3853889886453637,1.627045369388917,2.594780934232149,1.708397637858363,2.724519980943757,-141.0,172.0,0.5238070294903358,0.5238070294903358,0.5,0.5,0.173353881777136,-0.2642538817771361,0.1146110113546362,-0.1146110113546363,0.1906873630812188,0.0,17.335388177713607,-26.42538817771361,11.461101135463624,-11.46110113546363,,,,,,,,,,,,,,,,,,,,,,,,,95.0,86.0,Win,0.9090909090909092,0.04333803706391337
basketball,WNBA,WNBA_2025_08_17_Golden_State_Valkyries_Atlanta_Dream,2025_08_17,08:30 PM,Golden State Valkyries,Atlanta Dream,0.426,0.574,79.65,76.35,156.0,151.5,,,,,,,,,,,,,,,,,,,,,,,,,,,,,home,5.0,-105.0,0.0774376173678799,0.0813078720788324,0.551852907891764,6.26849330095035,0.0203269680197081,spread,wnba,5.0,-5.0,-105.0,-115.0,1.9524,1.8696,0.551852907891764,0.448147092108236,1.8120770692688493,2.2314102168903087,1.902680922732292,2.342980727734824,-110.0,134.0,0.5121901249743905,0.5348737697903295,0.4891679748822605,0.5108320251177394,0.0774376173678799,-0.162144196594442,0.0626849330095035,-0.0626849330095034,0.0813078720788324,0.0,7.743761736787991,-16.2144196594442,6.26849330095035,-6.26849330095034,,,,,,,,,,,,,,,,,,,,,,,,,63.0,79.0,Loss,-1.0,-0.0203269680197081
basketball,WNBA,WNBA_2025_08_17_Washington_Mystics_Los_Angeles_Sparks,2025_08_17,03:00 PM,Washington Mystics,Los Angeles Sparks,0.46,0.54,83.75,81.55,165.3,171.5,,,,,,,,,,,,,,,,,,,,,,,,,,,,,under,171.5,-110.0,0.2314585621652716,0.2546018723630751,0.6450466513882309,14.504665138823093,0.05,total,wnba,,,,,,,,,,,,,,,,,,,,,,,,,,,,,-110.0,-110.0,1.9091,1.9091,0.3549533486117691,0.6450466513882309,2.817271632768147,1.5502754689879557,2.901789781751192,1.5967837330575945,0.5238070294903358,0.5238070294903358,0.5,0.5,-0.3223585621652716,0.2314585621652716,-0.1450466513882309,0.1450466513882309,0.0,0.2546018723630751,-32.23585621652716,23.14585621652716,-14.504665138823093,14.504665138823093,95.0,86.0,Loss,-1.0,-0.05
basketball,WNBA,WNBA_2025_08_19_New_York_Liberty_Minnesota_Lynx,2025_08_19,07:00 PM,New York Liberty,Minnesota Lynx,0.502,0.498,81.25,80.35,161.6,166.0,100.0,-120.0,2.0,1.8333,1.8333333333333333,2.0,0.5454545454545454,0.5,0.5217391304347826,0.4782608695652174,0.502,0.498,2.0080321285140563,1.99203187250996,2.0180722891566263,2.00199203187251,101.0,100.0,0.004,-0.0870166,0.0237391304347825,-0.0237391304347825,0.004,0.0,0.4000000000000003,-8.70166,2.37391304347826,-2.37391304347826,home,100.0,100.0,0.004,0.004,0.502,2.37391304347826,0.001,moneyline,wnba,,,,,,,,,,,,,,,,,,,,,,,,,,,,,,,,,,,,,,,,,,,,,,,,,,,,,85.0,75.0,Win,1.0,0.001
basketball,WNBA,WNBA_2025_08_19_Washington_Mystics_Connecticut_Sun,2025_08_19,07:30 PM,Washington Mystics,Connecticut Sun,0.747,0.253,76.35,83.45,159.8,158.5,-275.0,226.0,1.3636,3.26,3.26,1.3636363636363638,0.3067484662576687,0.7333333333333333,0.294927251278018,0.7050727487219818,0.747,0.253,3.952569169960474,1.3386880856760377,3.972332015810276,1.3453815261044175,297.0,-289.0,0.0186091999999999,-0.17522,0.0419272512780182,-0.0419272512780179,0.051180418041804,0.0,1.8609199999999992,-17.522000000000006,4.192725127801822,-4.1927251278018,home,-275.0,-275.0,0.0186091999999999,0.051180418041804,0.747,4.192725127801822,0.012795104510451,moneyline,wnba,,,,,,,,,,,,,,,,,,,,,,,,,,,,,,,,,,,,,,,,,,,,,,,,,,,,,69.0,80.0,Loss,-1.0,-0.012795104510451
basketball,WNBA,WNBA_2025_08_19_Chicago_Sky_Seattle_Storm,2025_08_19,08:00 PM,Chicago Sky,Seattle Storm,0.225,0.775,83.75,74.95,158.7,158.0,,,,,,,,,,,,,,,,,,,,,,,,,,,,,home,11.5,-110.0,0.1110995472030695,0.1222082798405782,0.582001753288497,8.200175328849701,0.0305520699601445,spread,wnba,11.5,-11.5,-110.0,-110.0,1.9091,1.9091,0.582001753288497,0.417998246711503,1.718207882278152,2.3923545322671824,1.80411827639206,2.511972258880541,-124.0,151.0,0.5238070294903358,0.5238070294903358,0.5,0.5,0.1110995472030695,-0.2019995472030696,0.082001753288497,-0.082001753288497,0.1222082798405782,0.0,11.10995472030696,-20.19995472030697,8.200175328849701,-8.200175328849701,,,,,,,,,,,,,,,,,,,,,,,,,88.0,94.0,Win,0.9090909090909092,0.02777460905467682
basketball,WNBA,WNBA_2025_08_19_Washington_Mystics_Connecticut_Sun,2025_08_19,07:30 PM,Washington Mystics,Connecticut Sun,0.747,0.253,76.35,83.45,159.8,158.5,,,,,,,,,,,,,,,,,,,,,,,,,,,,,over,158.5,-110.0,0.0138932708634591,0.0152824451253537,0.5310844224312289,3.1084422431228886,0.0038206112813384,total,wnba,,,,,,,,,,,,,,,,,,,,,,,,,,,,,-110.0,-110.0,1.9091,1.9091,0.5310844224312289,0.4689155775687711,1.882939807238447,2.132580037508649,1.9394280014556005,2.196557438633909,0.5238070294903358,0.5238070294903358,0.5,0.5,0.0138932708634591,-0.104793270863459,0.0310844224312288,-0.0310844224312288,0.0152824451253537,0.0,1.389327086345915,-10.479327086345902,3.1084422431228886,-3.1084422431228886,69.0,80.0,Loss,-1.0,-0.0038206112813384
basketball,WNBA,WNBA_2025_08_21_New_York_Liberty_Chicago_Sky,2025_08_21,07:00 PM,New York Liberty,Chicago Sky,0.858,0.142,77.15,87.65,164.8,165.5,,,,,,,,,,,,,,,,,,,,,,,,,,,,,away,13.0,-105.0,0.1245912784992062,0.1308182260596453,0.576004547479618,8.683657259735755,0.0327045565149113,spread,wnba,-13.0,13.0,-115.0,-105.0,1.8696,1.9524,0.4239954525203819,0.576004547479618,2.3585158615632293,1.7360974047438142,2.4764416546413908,1.822902274981005,147.0,-121.0,0.5348737697903295,0.5121901249743905,0.5108320251177394,0.4891679748822605,-0.207298101967894,0.1245912784992062,-0.0868365725973575,0.0868365725973575,0.0,0.1308182260596453,-20.7298101967894,12.459127849920629,-8.68365725973575,8.683657259735755,,,,,,,,,,,,,,,,,,,,,,,,,85.0,91.0,Win,0.9523809523809523,0.0311471966808679
basketball,WNBA,WNBA_2025_08_21_Atlanta_Dream_Minnesota_Lynx,2025_08_21,07:30 PM,Atlanta Dream,Minnesota Lynx,0.463,0.537,79.45,77.35,156.8,159.0,,,,,,,,,,,,,,,,,,,,,,,,,,,,,under,159.0,-110.0,0.0547877614638512,0.0602659349508869,0.5525052440751408,5.031489205428019,0.0150664837377217,total,wnba,,,,,,,,,,,,,,,,,,,,,,,,,,,,,-108.0,-110.0,1.9259,1.9091,0.4474947559248592,0.5525052440751408,2.2346630586390925,1.8099375720386823,2.3017029503982656,1.864235699199843,0.5192377589698323,0.5238070294903358,0.4978096479791395,0.5021903520208606,-0.1381698495643136,0.0547877614638512,-0.0503148920542803,0.0503148920542801,0.0,0.0602659349508869,-13.816984956431366,5.478776146385123,-5.031489205428031,5.031489205428019,75.0,73.0,Win,0.9090909090909092,0.013696803397928819
basketball,WNBA,WNBA_2025_08_22_Dallas_Wings_Seattle_Storm,2025_08_22,07:30 PM,Dallas Wings,Seattle Storm,0.261,0.739,87.45,79.45,166.9,169.0,,,,,,,,,,,,,,,,,,,,,,,,,,,,,away,-6.5,-110.0,0.0419509020977593,0.0461455308522268,0.545781206902603,4.578120690260301,0.0115363827130567,spread,wnba,6.5,-6.5,-110.0,-110.0,1.9091,1.9091,0.454218793097397,0.545781206902603,2.201582178449346,1.832236045053956,2.311661287371813,1.9238478473066536,131.0,-108.0,0.5238070294903358,0.5238070294903358,0.5,0.5,-0.1328509020977594,0.0419509020977593,-0.045781206902603,0.045781206902603,0.0,0.0461455308522268,-13.28509020977594,4.195090209775931,-4.578120690260301,4.578120690260301,,,,,,,,,,,,,,,,,,,,,,,,,60.0,95.0,Win,0.9090909090909092,0.010487620648233364
basketball,WNBA,WNBA_2025_08_22_Indiana_Fever_Minnesota_Lynx,2025_08_22,07:30 PM,Indiana Fever,Minnesota Lynx,0.468,0.532,82.35,80.45,162.8,164.0,,,,,,,,,,,,,,,,,,,,,,,,,,,,,home,5.0,-110.0,0.1338866556296545,0.1472738484541354,0.5939378008641006,9.393780086410064,0.0368184621135338,spread,wnba,5.0,-5.0,-110.0,-110.0,1.9091,1.9091,0.5939378008641006,0.4060621991358993,1.6836779853801742,2.4626769054790145,1.767861884649183,2.585810750752965,-130.0,158.0,0.5238070294903358,0.5238070294903358,0.5,0.5,0.1338866556296545,-0.2247866556296546,0.0939378008641006,-0.0939378008641007,0.1472738484541354,0.0,13.388665562965452,-22.47866556296546,9.393780086410064,-9.39378008641007,,,,,,,,,,,,,,,,,,,,,,,,,90.0,95.0,Push,0.0,0.0
basketball,WNBA,WNBA_2025_08_22_Dallas_Wings_Seattle_Storm,2025_08_22,07:30 PM,Dallas Wings,Seattle Storm,0.261,0.739,87.45,79.45,166.9,169.0,,,,,,,,,,,,,,,,,,,,,,,,,,,,,under,169.0,-110.0,0.0502561313595644,0.055281191683604,0.5501315443714653,5.013154437146527,0.013820297920901,total,wnba,,,,,,,,,,,,,,,,,,,,,,,,,,,,,-110.0,-110.0,1.9091,1.9091,0.4498684556285347,0.5501315443714653,2.222872014004289,1.817747064736157,2.289558174424417,1.8722794766782416,0.5238070294903358,0.5238070294903358,0.5,0.5,-0.1411561313595644,0.0502561313595644,-0.0501315443714652,0.0501315443714652,0.0,0.055281191683604,-14.11561313595644,5.0256131359564415,-5.013154437146527,5.013154437146527,60.0,95.0,Win,0.9090909090909092,0.012563907200819091
basketball,WNBA,WNBA_2025_08_23_Chicago_Sky_Connecticut_Sun,2025_08_23,04:00 PM,Chicago Sky,Connecticut Sun,0.538,0.462,80.05,81.25,161.3,157.5,,,,,,,,,,,,,,,,,,,,,,,,,,,,,away,2.5,-110.0,0.0303389570726058,0.0333725190546757,0.5396987884723722,3.969878847237218,0.0083431297636689,spread,wnba,-2.5,2.5,-110.0,-110.0,1.9091,1.9091,0.4603012115276278,0.5396987884723722,2.172490480051624,1.852885389701391,2.2811150040542048,1.9455296591864608,128.0,-105.0,0.5238070294903358,0.5238070294903358,0.5,0.5,-0.1212389570726056,0.0303389570726058,-0.0396987884723721,0.0396987884723721,0.0,0.0333725190546757,-12.123895707260568,3.033895707260581,-3.969878847237218,3.969878847237218,,,,,,,,,,,,,,,,,,,,,,,,,84.0,94.0,Win,0.9090909090909092,0.0075846634215171824
basketball,WNBA,WNBA_2025_08_23_Atlanta_Dream_New_York_Liberty,2025_08_23,02:00 PM,Atlanta Dream,New York Liberty,0.597,0.403,80.75,83.55,164.3,159.5,,,,,,,,,,,,,,,,,,,,,,,,,,,,,over,159.5,-108.0,0.1811951441145529,0.195696235138301,0.6133211195360886,11.33211195360886,0.0489240587845752,total,wnba,,,,,,,,,,,,,,,,,,,,,,,,,,,,,-108.0,-108.0,1.9259,1.9259,0.6133211195360886,0.3866788804639113,1.6304672514072112,2.5861252075631005,1.6793812689494276,2.6637089637899938,0.5192377589698323,0.5192377589698323,0.5,0.5,0.1811951441145529,-0.2552951441145532,0.1133211195360885,-0.1133211195360887,0.195696235138301,0.0,18.11951441145529,-25.529514411455324,11.33211195360886,-11.33211195360887,78.0,62.0,Loss,-1.0,-0.0489240587845752
basketball,WNBA,WNBA_2025_08_23_Chicago_Sky_Connecticut_Sun,2025_08_23,04:00 PM,Chicago Sky,Connecticut Sun,0.538,0.462,80.05,81.25,161.3,157.5,,,,,,,,,,,,,,,,,,,,,,,,,,,,,over,157.5,-113.0,0.1124750657993214,0.1270904698297417,0.5901724486999053,8.022834366935793,0.0317726174574354,total,wnba,,,,,,,,,,,,,,,,,,,,,,,,,,,,,-113.0,-104.0,1.885,1.9615,0.5901724486999053,0.4098275513000947,1.6944199991085769,2.440050691632866,1.745252599081834,2.513252212381852,0.5305039787798409,0.5098139179199592,0.5099441050305473,0.4900558949694527,0.1124750657993214,-0.1961232581248643,0.0802283436693579,-0.080228343669358,0.1270904698297417,0.0,11.247506579932145,-19.612325812486432,8.022834366935793,-8.022834366935799,84.0,94.0,Win,0.8849557522123894,0.02811736058180124
basketball,WNBA,WNBA_2025_08_24_Washington_Mystics_Seattle_Storm,2025_08_24,03:00 PM,Washington Mystics,Seattle Storm,0.247,0.753,82.45,74.15,156.6,156.5,,,,,,,,,,,,,,,,,,,,,,,,,,,,,away,-7.0,-110.0,0.0303389570726058,0.0333725190546757,0.5396987884723722,3.969878847237218,0.0083431297636689,spread,wnba,7.0,-7.0,-110.0,-110.0,1.9091,1.9091,0.4603012115276278,0.5396987884723722,2.172490480051624,1.852885389701391,2.2811150040542048,1.9455296591864608,128.0,-105.0,0.5238070294903358,0.5238070294903358,0.5,0.5,-0.1212389570726056,0.0303389570726058,-0.0396987884723721,0.0396987884723721,0.0,0.0333725190546757,-12.123895707260568,3.033895707260581,-3.969878847237218,3.969878847237218,,,,,,,,,,,,,,,,,,,,,,,,,82.0,84.0,Loss,-1.0,-0.0083431297636689
basketball,WNBA,WNBA_2025_08_24_Minnesota_Lynx_Indiana_Fever,2025_08_24,07:00 PM,Minnesota Lynx,Indiana Fever,0.775,0.225,77.65,85.45,163.1,167.5,,,,,,,,,,,,,,,,,,,,,,,,,,,,,away,11.0,-110.0,0.1395583603997023,0.1535126613130595,0.5969086796918456,9.690867969184556,0.0383781653282648,spread,wnba,-11.0,11.0,-110.0,-110.0,1.9091,1.9091,0.4030913203081544,0.5969086796918456,2.480827419542356,1.6752981385967625,2.604868790519474,1.7590630455266008,160.0,-131.0,0.5238070294903358,0.5238070294903358,0.5,0.5,-0.2304583603997023,0.1395583603997023,-0.0969086796918455,0.0969086796918455,0.0,0.1535126613130595,-23.04583603997024,13.955836039970237,-9.690867969184556,9.690867969184556,,,,,,,,,,,,,,,,,,,,,,,,,97.0,84.0,Loss,-1.0,-0.0383781653282648
basketball,WNBA,WNBA_2025_08_24_Dallas_Wings_Golden_State_Valkyries,2025_08_24,04:00 PM,Dallas Wings,Golden State Valkyries,0.387,0.613,84.05,79.85,163.9,157.5,,,,,,,,,,,,,,,,,,,,,,,,,,,,,over,157.5,-108.0,0.2508791013097959,0.2709570162110337,0.6495036613062963,14.950366130629632,0.05,total,wnba,,,,,,,,,,,,,,,,,,,,,,,,,,,,,-108.0,-108.0,1.9259,1.9259,0.6495036613062963,0.3504963386937036,1.539637202335053,2.853096850389336,1.585826318405105,2.938689755901016,0.5192377589698323,0.5192377589698323,0.5,0.5,0.2508791013097959,-0.3249791013097962,0.1495036613062963,-0.1495036613062964,0.2709570162110337,0.0,25.0879101309796,-32.497910130979626,14.950366130629632,-14.95036613062964,81.0,90.0,Win,0.925925925925926,0.04629629629629631
basketball,WNBA,WNBA_2025_08_25_New_York_Liberty_Connecticut_Sun,2025_08_25,07:00 PM,New York Liberty,Connecticut Sun,0.88,0.12,76.95,88.15,165.1,167.0,,,,,,,,,,,,,,,,,,,,,,,,,,,,,away,14.0,-110.0,0.1168107327475036,0.1284905211170428,0.5849933124233951,8.499331242339514,0.0321226302792607,spread,wnba,-14.0,14.0,-110.0,-110.0,1.9091,1.9091,0.4150066875766048,0.5849933124233951,2.4095997243789307,1.7094212510864386,2.530079710597877,1.7948923136407606,153.0,-125.0,0.5238070294903358,0.5238070294903358,0.5,0.5,-0.2077107327475037,0.1168107327475036,-0.0849933124233952,0.0849933124233951,0.0,0.1284905211170428,-20.77107327475037,11.681073274750364,-8.499331242339519,8.499331242339514,,,,,,,,,,,,,,,,,,,,,,,,,81.0,79.0,Win,0.9090909090909092,0.02920239116296427
basketball,WNBA,WNBA_2025_08_25_New_York_Liberty_Connecticut_Sun,2025_08_25,07:00 PM,New York Liberty,Connecticut Sun,0.88,0.12,76.95,88.15,165.1,167.0,,,,,,,,,,,,,,,,,,,,,,,,,,,,,under,167.0,-108.0,0.0503451159432768,0.0543742476976745,0.5453788441472958,4.537884414729576,0.0135935619244186,total,wnba,,,,,,,,,,,,,,,,,,,,,,,,,,,,,-108.0,-108.0,1.9259,1.9259,0.4546211558527042,0.5453788441472958,2.199633666683116,1.8335878091558688,2.265622676683609,1.8885954434305448,0.5192377589698323,0.5192377589698323,0.5,0.5,-0.124445115943277,0.0503451159432768,-0.0453788441472958,0.0453788441472957,0.0,0.0543742476976745,-12.4445115943277,5.034511594327684,-4.537884414729581,4.537884414729576,81.0,79.0,Win,0.925925925925926,0.012586631411498704
basketball,WNBA,WNBA_2025_08_27_Dallas_Wings_Connecticut_Sun,2025_08_27,08:00 PM,Dallas Wings,Connecticut Sun,0.53,0.47,83.55,84.35,167.9,164.5,,,,,,,,,,,,,,,,,,,,,,,,,,,,,over,164.5,-108.0,0.1185998230914358,0.1280913954978246,0.580819265326048,8.51399943508726,0.0320228488744561,total,wnba,,,,,,,,,,,,,,,,,,,,,,,,,,,,,-108.0,-112.0,1.9259,1.8929,0.580819265326048,0.419180734673952,1.7217059758488575,2.385605819355753,1.7733571551243232,2.457173993936426,0.5192377589698323,0.5282899255111205,0.4956792709751754,0.5043207290248245,0.1185998230914358,-0.2065327873356762,0.0851399943508726,-0.0851399943508725,0.1280913954978246,0.0,11.85998230914358,-20.653278733567625,8.51399943508726,-8.51399943508725,95.0,101.0,Win,0.925925925925926,0.02965078599486676
basketball,WNBA,WNBA_2025_08_28_Minnesota_Lynx_Seattle_Storm,2025_08_28,08:00 PM,Minnesota Lynx,Seattle Storm,0.72,0.28,76.05,82.35,158.4,164.0,,,,,,,,,,,,,,,,,,,,,,,,,,,,,away,7.5,-110.0,0.0245261546992341,0.0269785003841537,0.536654001728162,3.665400172816202,0.0067446250960384,spread,wnba,-7.5,7.5,-110.0,-110.0,1.9091,1.9091,0.463345998271838,0.536654001728162,2.158214387800357,1.8633980120892537,2.2661251071903745,1.9565679126937163,126.0,-104.0,0.5238070294903358,0.5238070294903358,0.5,0.5,-0.1154261546992341,0.0245261546992341,-0.036654001728162,0.036654001728162,0.0,0.0269785003841537,-11.542615469923412,2.4526154699234137,-3.665400172816202,3.665400172816202,,,,,,,,,,,,,,,,,,,,,,,,,79.0,93.0,Win,0.9090909090909092,0.00613147736003491
basketball,WNBA,WNBA_2025_08_28_Phoenix_Mercury_Chicago_Sky,2025_08_28,10:00 PM,Phoenix Mercury,Chicago Sky,0.883,0.117,75.55,86.75,162.3,163.0,,,,,,,,,,,,,,,,,,,,,,,,,,,,,away,12.5,-110.0,0.0303389570726058,0.0333725190546757,0.5396987884723722,3.969878847237218,0.0083431297636689,spread,wnba,-12.5,12.5,-110.0,-110.0,1.9091,1.9091,0.4603012115276278,0.5396987884723722,2.172490480051624,1.852885389701391,2.2811150040542048,1.9455296591864608,128.0,-105.0,0.5238070294903358,0.5238070294903358,0.5,0.5,-0.1212389570726056,0.0303389570726058,-0.0396987884723721,0.0396987884723721,0.0,0.0333725190546757,-12.123895707260568,3.033895707260581,-3.969878847237218,3.969878847237218,,,,,,,,,,,,,,,,,,,,,,,,,83.0,79.0,Win,0.9090909090909092,0.0075846634215171824
basketball,WNBA,WNBA_2025_08_28_New_York_Liberty_Washington_Mystics,2025_08_28,07:00 PM,New York Liberty,Washington Mystics,0.793,0.207,77.05,85.25,162.3,158.0,,,,,,,,,,,,,,,,,,,,,,,,,,,,,over,158.0,-110.0,0.1488802838719092,0.163766674592354,0.6017915687349584,10.179156873495842,0.0409416686480885,total,wnba,,,,,,,,,,,,,,,,,,,,,,,,,,,,,-110.0,-110.0,1.9091,1.9091,0.6017915687349584,0.3982084312650416,1.661704902416838,2.511247682082389,1.7115560494893431,2.5865851125448605,0.5238070294903358,0.5238070294903358,0.5,0.5,0.1488802838719092,-0.239780283871909,0.1017915687349584,-0.1017915687349584,0.163766674592354,0.0,14.88802838719092,-23.978028387190907,10.179156873495842,-10.179156873495842,89.0,63.0,Loss,-1.0,-0.0409416686480885
basketball,WNBA,WNBA_2025_08_28_Minnesota_Lynx_Seattle_Storm,2025_08_28,08:00 PM,Minnesota Lynx,Seattle Storm,0.72,0.28,76.05,82.35,158.4,164.0,,,,,,,,,,,,,,,,,,,,,,,,,,,,,under,164.0,-110.0,0.2057078220091148,0.2262763414466117,0.6315582326798569,13.155823267985689,0.05,total,wnba,,,,,,,,,,,,,,,,,,,,,,,,,,,,,-110.0,-110.0,1.9091,1.9091,0.3684417673201431,0.6315582326798569,2.714133110568566,1.5833852656100358,2.795557103885624,1.630886823578337,0.5238070294903358,0.5238070294903358,0.5,0.5,-0.2966078220091147,0.2057078220091148,-0.1315582326798569,0.1315582326798569,0.0,0.2262763414466117,-29.66078220091148,20.570782200911488,-13.155823267985689,13.155823267985689,79.0,93.0,Loss,-1.0,-0.05
basketball,WNBA,WNBA_2025_08_29_Los_Angeles_Sparks_Indiana_Fever,2025_08_29,10:00 PM,Los Angeles Sparks,Indiana Fever,0.503,0.497,88.95,88.45,177.4,178.0,-125.0,105.0,1.8,2.05,2.05,1.8,0.4878048780487805,0.5555555555555556,0.4675324675324676,0.5324675324675325,0.503,0.497,2.0120724346076457,1.9880715705765408,2.022132796780684,1.9980119284294235,102.0,-100.0,-0.0946,0.0188499999999998,-0.0294675324675325,0.0294675324675324,0.0,0.0179523809523808,-9.46,1.8849999999999807,-2.946753246753253,2.946753246753242,away,105.0,105.0,0.0188499999999998,0.0179523809523808,0.497,2.946753246753242,0.0044880952380952,moneyline,wnba,,,,,,,,,,,,,,,,,,,,,,,,,,,,,,,,,,,,,,,,,,,,,,,,,,,,,75.0,76.0,Win,1.0499999999999998,0.004712499999999959
basketball,WNBA,WNBA_2025_08_29_Atlanta_Dream_Dallas_Wings,2025_08_29,07:30 PM,Atlanta Dream,Dallas Wings,0.834,0.166,79.05,88.85,167.9,164.5,,,,,,,,,,,,,,,,,,,,,,,,,,,,,over,164.5,-109.0,0.1136628593361643,0.1238967291652107,0.580819265326048,8.19038073357174,0.0309741822913026,total,wnba,,,,,,,,,,,,,,,,,,,,,,,,,,,,,-109.0,-110.0,1.9174,1.9091,0.580819265326048,0.419180734673952,1.7217059758488575,2.385605819355753,1.7733571551243232,2.457173993936426,0.5215395848544905,0.5238070294903358,0.4989154579903306,0.5010845420096693,0.1136628593361643,-0.1997420594339581,0.0819038073357174,-0.0819038073357173,0.1238967291652107,0.0,11.36628593361644,-19.974205943395816,8.19038073357174,-8.190380733571734,100.0,78.0,Win,0.9174311926605505,0.028416681001195047
basketball,WNBA,WNBA_2025_08_30_Phoenix_Mercury_New_York_Liberty,2025_08_30,10:00 PM,Phoenix Mercury,New York Liberty,0.558,0.442,82.35,84.15,166.5,166.0,-120.0,100.0,1.8333,2.0,2.0,1.8333333333333333,0.5,0.5454545454545454,0.4782608695652174,0.5217391304347826,0.558,0.442,2.262443438914027,1.7921146953405016,2.273755656108597,1.801075268817204,127.0,-124.0,0.0229814000000001,-0.1159999999999999,0.0362608695652174,-0.0362608695652174,0.0275787831513261,0.0,2.298140000000015,-11.6,3.6260869565217457,-3.62608695652174,home,-120.0,-120.0,0.0229814000000001,0.0275787831513261,0.558,3.6260869565217457,0.0068946957878315,moneyline,wnba,,,,,,,,,,,,,,,,,,,,,,,,,,,,,,,,,,,,,,,,,,,,,,,,,,,,,80.0,63.0,Win,0.8333333333333335,0.005745579823192917
basketball,WNBA,WNBA_2025_08_30_Connecticut_Sun_Minnesota_Lynx,2025_08_30,07:00 PM,Connecticut Sun,Minnesota Lynx,0.135,0.865,87.55,75.95,163.5,163.5,,,,,,,,,,,,,,,,,,,,,,,,,,,,,home,14.0,-110.0,0.0939128478322763,0.1033030995845081,0.5729992393443384,7.2999239344338385,0.025825774896127,spread,wnba,14.0,-14.0,-110.0,-110.0,1.9091,1.9091,0.5729992393443384,0.4270007606556616,1.7452030148316822,2.341916202829464,1.8324631655732664,2.4590120129709376,-120.0,145.0,0.5238070294903358,0.5238070294903358,0.5,0.5,0.0939128478322763,-0.1848128478322763,0.0729992393443383,-0.0729992393443383,0.1033030995845081,0.0,9.391284783227638,-18.48128478322764,7.2999239344338385,-7.2999239344338385,,,,,,,,,,,,,,,,,,,,,,,,,70.0,94.0,Loss,-1.0,-0.025825774896127
basketball,WNBA,WNBA_2025_08_30_Golden_State_Valkyries_Washington_Mystics,2025_08_30,08:30 PM,Golden State Valkyries,Washington Mystics,0.662,0.338,74.25,78.95,153.2,148.0,,,,,,,,,,,,,,,,,,,,,,,,,,,,,away,6.0,-110.0,0.0303389570726058,0.0333725190546757,0.5396987884723722,3.969878847237218,0.0083431297636689,spread,wnba,-6.0,6.0,-110.0,-110.0,1.9091,1.9091,0.4603012115276278,0.5396987884723722,2.172490480051624,1.852885389701391,2.2811150040542048,1.9455296591864608,128.0,-105.0,0.5238070294903358,0.5238070294903358,0.5,0.5,-0.1212389570726056,0.0303389570726058,-0.0396987884723721,0.0396987884723721,0.0,0.0333725190546757,-12.123895707260568,3.033895707260581,-3.969878847237218,3.969878847237218,,,,,,,,,,,,,,,,,,,,,,,,,99.0,62.0,Loss,-1.0,-0.0083431297636689
basketball,WNBA,WNBA_2025_08_30_Seattle_Storm_Chicago_Sky,2025_08_30,09:00 PM,Seattle Storm,Chicago Sky,0.858,0.142,74.35,84.85,159.2,161.5,,,,,,,,,,,,,,,,,,,,,,,,,,,,,away,12.0,-110.0,0.0419509020977593,0.0461455308522268,0.545781206902603,4.578120690260301,0.0115363827130567,spread,wnba,-12.0,12.0,-110.0,-110.0,1.9091,1.9091,0.454218793097397,0.545781206902603,2.201582178449346,1.832236045053956,2.311661287371813,1.9238478473066536,131.0,-108.0,0.5238070294903358,0.5238070294903358,0.5,0.5,-0.1328509020977594,0.0419509020977593,-0.045781206902603,0.045781206902603,0.0,0.0461455308522268,-13.28509020977594,4.195090209775931,-4.578120690260301,4.578120690260301,,,,,,,,,,,,,,,,,,,,,,,,,79.0,69.0,Win,0.9090909090909092,0.010487620648233364
basketball,WNBA,WNBA_2025_08_30_Golden_State_Valkyries_Washington_Mystics,2025_08_30,08:30 PM,Golden State Valkyries,Washington Mystics,0.662,0.338,74.25,78.95,153.2,148.0,,,,,,,,,,,,,,,,,,,,,,,,,,,,,over,148.0,-105.0,0.2153178681517318,0.2260792399745189,0.6224738107722454,13.33058358899849,0.05,total,wnba,,,,,,,,,,,,,,,,,,,,,,,,,,,,,-105.0,-115.0,1.9524,1.8696,0.6224738107722454,0.3775261892277546,1.6064932896685131,2.648822859271144,1.6546880883585686,2.7282875450492785,0.5121901249743905,0.5348737697903295,0.4891679748822605,0.5108320251177394,0.2153178681517318,-0.29417703661979,0.1333058358899849,-0.1333058358899848,0.2260792399745189,0.0,21.53178681517318,-29.417703661979,13.33058358899849,-13.33058358899848,99.0,62.0,Win,0.9523809523809523,0.047619047619047616
basketball,WNBA,WNBA_2025_08_30_Seattle_Storm_Chicago_Sky,2025_08_30,09:00 PM,Seattle Storm,Chicago Sky,0.858,0.142,74.35,84.85,159.2,161.5,,,,,,,,,,,,,,,,,,,,,,,,,,,,,under,161.5,-109.0,0.0639212839447318,0.0696765685030866,0.5548770647463919,5.7037712154924485,0.0174191421257716,total,wnba,,,,,,,,,,,,,,,,,,,,,,,,,,,,,-111.0,-109.0,1.9009,1.9174,0.4451229352536081,0.5548770647463919,2.24657037595749,1.8022009982644585,2.313967487236215,1.8562670282123923,0.526066600031564,0.5215395848544905,0.5021606474085326,0.4978393525914674,-0.1538658123764164,0.0639212839447318,-0.0570377121549245,0.0570377121549244,0.0,0.0696765685030866,-15.38658123764164,6.392128394473184,-5.703771215492454,5.7037712154924485,79.0,69.0,Win,0.9174311926605505,0.015980864335570277
basketball,WNBA,WNBA_2025_08_31_Golden_State_Valkyries_Indiana_Fever,2025_08_31,08:30 PM,Golden State Valkyries,Indiana Fever,0.406,0.594,82.05,78.35,160.4,158.5,,,,,,,,,,,,,,,,,,,,,,,,,,,,,over,158.5,-110.0,0.0411827513616023,0.0453005734920276,0.5453788441472958,4.537884414729576,0.0113251433730069,total,wnba,,,,,,,,,,,,,,,,,,,,,,,,,,,,,-110.0,-110.0,1.9091,1.9091,0.5453788441472958,0.4546211558527042,1.8335878091558688,2.199633666683116,1.8885954434305448,2.265622676683609,0.5238070294903358,0.5238070294903358,0.5,0.5,0.0411827513616023,-0.1320827513616024,0.0453788441472957,-0.0453788441472958,0.0453005734920276,0.0,4.118275136160232,-13.20827513616024,4.537884414729576,-4.537884414729581,75.0,63.0,Loss,-1.0,-0.0113251433730069
basketball,WNBA,WNBA_2025_09_01_Connecticut_Sun_Atlanta_Dream,2025_09_01,01:00 PM,Connecticut Sun,Atlanta Dream,0.24,0.76,85.65,77.15,162.8,158.0,,,,,,,,,,,,,,,,,,,,,,,,,,,,,over,158.0,-113.0,0.156110310325527,0.1763958308763017,0.6133211195360886,10.682829306211229,0.0440989577190754,total,wnba,,,,,,,,,,,,,,,,,,,,,,,,,,,,,-113.0,-107.0,1.885,1.9346,0.6133211195360886,0.3866788804639113,1.6304672514072112,2.5861252075631005,1.6793812689494276,2.6637089637899938,0.5305039787798409,0.5169027189083014,0.5064928264739763,0.4935071735260236,0.156110310325527,-0.2519310378545172,0.1068282930621122,-0.1068282930621122,0.1763958308763017,0.0,15.611031032552702,-25.19310378545172,10.682829306211229,-10.682829306211229,76.0,93.0,Win,0.8849557522123894,0.03902562630006672
basketball,WNBA,WNBA_2025_09_01_Minnesota_Lynx_Dallas_Wings,2025_09_01,08:00 PM,Minnesota Lynx,Dallas Wings,0.913,0.087,76.85,89.95,166.8,168.5,,,,,,,,,,,,,,,,,,,,,,,,,,,,,under,168.5,-105.0,0.0555057822252711,0.0582799057384198,0.5406196385091534,4.622626805725649,0.0145699764346049,total,wnba,,,,,,,,,,,,,,,,,,,,,,,,,,,,,-110.0,-105.0,1.9091,1.9524,0.4593803614908466,0.5406196385091534,2.176845341743947,1.8497293268103665,2.2421507019962656,1.9052212066146776,0.5238070294903358,0.5121901249743905,0.505606629548103,0.4943933704518969,-0.1229969518778247,0.0555057822252711,-0.0462262680572563,0.0462262680572564,0.0,0.0582799057384198,-12.299695187782476,5.550578222527114,-4.622626805725638,4.622626805725649,96.0,71.0,Win,0.9523809523809523,0.013876168032957048
basketball,WNBA,WNBA_2025_09_02_Phoenix_Mercury_Indiana_Fever,2025_09_02,10:00 PM,Phoenix Mercury,Indiana Fever,0.681,0.319,81.75,86.75,168.5,165.5,,,,,,,,,,,,,,,,,,,,,,,,,,,,,away,6.5,-110.0,0.0419509020977593,0.0461455308522268,0.545781206902603,4.578120690260301,0.0115363827130567,spread,wnba,-6.5,6.5,-110.0,-110.0,1.9091,1.9091,0.454218793097397,0.545781206902603,2.201582178449346,1.832236045053956,2.311661287371813,1.9238478473066536,131.0,-108.0,0.5238070294903358,0.5238070294903358,0.5,0.5,-0.1328509020977594,0.0419509020977593,-0.045781206902603,0.045781206902603,0.0,0.0461455308522268,-13.28509020977594,4.195090209775931,-4.578120690260301,4.578120690260301,,,,,,,,,,,,,,,,,,,,,,,,,85.0,79.0,Win,0.9090909090909092,0.010487620648233364
basketball,WNBA,WNBA_2025_09_02_Golden_State_Valkyries_New_York_Liberty,2025_09_02,10:00 PM,Golden State Valkyries,New York Liberty,0.359,0.641,82.15,77.05,159.2,155.0,,,,,,,,,,,,,,,,,,,,,,,,,,,,,over,155.0,-108.0,0.1545281297555996,0.1668950531975371,0.5994745987619293,10.16649507827898,0.0417237632993842,total,wnba,,,,,,,,,,,,,,,,,,,,,,,,,,,,,-108.0,-110.0,1.9259,1.9091,0.5994745987619293,0.4005254012380707,1.6681273936631504,2.496720549830007,1.718171215473045,2.571622166324908,0.5192377589698323,0.5238070294903358,0.4978096479791395,0.5021903520208606,0.1545281297555996,-0.2353569564963993,0.1016649507827898,-0.1016649507827899,0.1668950531975371,0.0,15.45281297555996,-23.535695649639933,10.16649507827898,-10.166495078278992,66.0,58.0,Loss,-1.0,-0.0417237632993842
basketball,WNBA,WNBA_2025_09_03_Atlanta_Dream_Los_Angeles_Sparks,2025_09_03,07:30 PM,Atlanta Dream,Los Angeles Sparks,0.657,0.343,79.45,83.95,163.4,168.0,,,,,,,,,,,,,,,,,,,,,,,,,,,,,away,7.0,-110.0,0.0996502815933388,0.1096142136105365,0.576004547479618,7.6004547479618045,0.0274035534026341,spread,wnba,-7.0,7.0,-110.0,-110.0,1.9091,1.9091,0.4239954525203819,0.576004547479618,2.3585158615632293,1.7360974047438142,2.4764416546413908,1.822902274981005,147.0,-121.0,0.5238070294903358,0.5238070294903358,0.5,0.5,-0.1905502815933388,0.0996502815933388,-0.0760045474796181,0.076004547479618,0.0,0.1096142136105365,-19.055028159333887,9.965028159333889,-7.60045474796181,7.6004547479618045,,,,,,,,,,,,,,,,,,,,,,,,,86.0,75.0,Loss,-1.0,-0.0274035534026341
basketball,WNBA,WNBA_2025_09_05_Seattle_Storm_New_York_Liberty,2025_09_05,10:00 PM,Seattle Storm,New York Liberty,0.51,0.49,82.15,82.15,164.3,160.5,-125.0,105.0,1.8,2.05,2.05,1.8,0.4878048780487805,0.5555555555555556,0.4675324675324676,0.5324675324675325,0.51,0.49,2.0408163265306123,1.96078431372549,2.0510204081632653,1.9705882352941173,105.0,-103.0,-0.0819999999999999,0.0044999999999999,-0.0224675324675325,0.0224675324675324,0.0,0.0042857142857142,-8.199999999999996,0.4499999999999948,-2.2467532467532525,2.2467532467532414,away,105.0,105.0,0.0044999999999999,0.0042857142857142,0.49,2.2467532467532414,0.0010714285714285,moneyline,wnba,,,,,,,,,,,,,,,,,,,,,,,,,,,,,,,,,,,,,,,,,,,,,,,,,,,,,76.0,84.0,Win,1.0499999999999998,0.0011249999999999247
basketball,WNBA,WNBA_2025_09_05_Indiana_Fever_Chicago_Sky,2025_09_05,07:30 PM,Indiana Fever,Chicago Sky,0.818,0.182,78.45,87.55,166.0,161.0,,,,,,,,,,,,,,,,,,,,,,,,,,,,,over,161.0,-105.0,0.2063990918914575,0.2167147121917867,0.6179057016448769,12.351233119298,0.05,total,wnba,,,,,,,,,,,,,,,,,,,,,,,,,,,,,-105.0,-110.0,1.9524,1.9091,0.6179057016448769,0.3820942983551231,1.6183699184810574,2.6171549910713083,1.666921016035489,2.695669640803448,0.5121901249743905,0.5238070294903358,0.4943933704518969,0.505606629548103,0.2063990918914575,-0.2705437750102345,0.12351233119298,-0.1235123311929798,0.2167147121917867,0.0,20.639909189145754,-27.054377501023453,12.351233119298,-12.351233119297987,97.0,77.0,Win,0.9523809523809523,0.047619047619047616
basketball,WNBA,WNBA_2025_09_05_Seattle_Storm_New_York_Liberty,2025_09_05,10:00 PM,Seattle Storm,New York Liberty,0.51,0.49,82.15,82.15,164.3,160.5,,,,,,,,,,,,,,,,,,,,,,,,,,,,,over,160.5,-106.0,0.1469411368033959,0.1557569819836717,0.5901724486999053,8.901735860287774,0.0389392454959179,total,wnba,,,,,,,,,,,,,,,,,,,,,,,,,,,,,-106.0,-105.0,1.9434,1.9524,0.5901724486999053,0.4098275513000947,1.6944199991085769,2.440050691632866,1.745252599081834,2.513252212381852,0.5145621076463929,0.5121901249743905,0.5011550900970275,0.4988449099029725,0.1469411368033959,-0.1998526888416951,0.0890173586028777,-0.0890173586028778,0.1557569819836717,0.0,14.694113680339594,-19.98526888416952,8.901735860287774,-8.90173586028778,76.0,84.0,Loss,-1.0,-0.0389392454959179
basketball,WNBA,WNBA_2025_09_06_Connecticut_Sun_Phoenix_Mercury,2025_09_06,01:00 PM,Connecticut Sun,Phoenix Mercury,0.177,0.823,88.15,77.85,166.0,161.0,,,,,,,,,,,,,,,,,,,,,,,,,,,,,over,161.0,-108.0,0.1900245907978683,0.2052323045662257,0.6179057016448769,12.00960536657374,0.05,total,wnba,,,,,,,,,,,,,,,,,,,,,,,,,,,,,-108.0,-110.0,1.9259,1.9091,0.6179057016448769,0.3820942983551231,1.6183699184810574,2.6171549910713083,1.666921016035489,2.695669640803448,0.5192377589698323,0.5238070294903358,0.4978096479791395,0.5021903520208606,0.1900245907978683,-0.2705437750102345,0.1200960536657373,-0.1200960536657375,0.2052323045662257,0.0,19.00245907978684,-27.054377501023453,12.00960536657374,-12.00960536657375,87.0,84.0,Win,0.925925925925926,0.04629629629629631
basketball,WNBA,WNBA_2025_09_07_Los_Angeles_Sparks_Dallas_Wings,2025_09_07,06:00 PM,Los Angeles Sparks,Dallas Wings,0.742,0.258,87.85,94.95,182.8,180.5,,,,,,,,,,,,,,,,,,,,,,,,,,,,,away,9.5,-110.0,0.0939128478322754,0.1033030995845073,0.5729992393443379,7.299923934433794,0.0258257748961268,spread,wnba,-9.5,9.5,-110.0,-110.0,1.9091,1.9091,0.427000760655662,0.5729992393443379,2.341916202829462,1.7452030148316835,2.4590120129709354,1.832463165573268,145.0,-120.0,0.5238070294903358,0.5238070294903358,0.5,0.5,-0.1848128478322757,0.0939128478322754,-0.072999239344338,0.0729992393443379,0.0,0.1033030995845073,-18.48128478322757,9.39128478322755,-7.299923934433799,7.299923934433794,,,,,,,,,,,,,,,,,,,,,,,,,91.0,77.0,Loss,-1.0,-0.0258257748961268
basketball,WNBA,WNBA_2025_09_09_Indiana_Fever_Minnesota_Lynx,2025_09_09,07:30 PM,Indiana Fever,Minnesota Lynx,0.404,0.596,83.45,79.65,163.1,164.0,,,,,,,,,,,,,,,,,,,,,,,,,,,,,home,6.0,-110.0,0.0824140052485897,0.0906544992284565,0.5669760647680006,6.697606476800056,0.0226636248071141,spread,wnba,6.0,-6.0,-110.0,-110.0,1.9091,1.9091,0.5669760647680006,0.4330239352319994,1.763742884647498,2.309341167167201,1.851930028879873,2.424808225525561,-117.0,142.0,0.5238070294903358,0.5238070294903358,0.5,0.5,0.0824140052485897,-0.1733140052485899,0.0669760647680005,-0.0669760647680006,0.0906544992284565,0.0,8.241400524858978,-17.331400524859,6.697606476800056,-6.697606476800061,,,,,,,,,,,,,,,,,,,,,,,,,83.0,72.0,Win,0.9090909090909092,0.02060329527919464
basketball,WNBA,WNBA_2025_09_09_Seattle_Storm_Golden_State_Valkyries,2025_09_09,10:00 PM,Seattle Storm,Golden State Valkyries,0.668,0.332,75.15,79.85,155.0,152.0,,,,,,,,,,,,,,,,,,,,,,,,,,,,,away,6.0,-110.0,0.0303389570726066,0.0333725190546767,0.5396987884723726,3.969878847237263,0.0083431297636691,spread,wnba,-6.0,6.0,-110.0,-110.0,1.9091,1.9091,0.4603012115276274,0.5396987884723726,2.1724904800516254,1.8528853897013893,2.2811150040542065,1.94552965918646,128.0,-105.0,0.5238070294903358,0.5238070294903358,0.5,0.5,-0.1212389570726065,0.0303389570726066,-0.0396987884723726,0.0396987884723726,0.0,0.0333725190546767,-12.123895707260656,3.03389570726067,-3.969878847237263,3.969878847237263,,,,,,,,,,,,,,,,,,,,,,,,,74.0,73.0,Win,0.9090909090909092,0.007584663421517364
basketball,WNBA,WNBA_2025_09_09_New_York_Liberty_Washington_Mystics,2025_09_09,07:00 PM,New York Liberty,Washington Mystics,0.86,0.14,76.05,86.65,162.7,157.0,,,,,,,,,,,,,,,,,,,,,,,,,,,,,over,157.0,-108.0,0.2206703168801349,0.2383306154877794,0.6338181197778363,13.38181197778363,0.05,total,wnba,,,,,,,,,,,,,,,,,,,,,,,,,,,,,-108.0,-108.0,1.9259,1.9259,0.6338181197778363,0.3661818802221636,1.5777396839814497,2.7308833506270083,1.625071874500893,2.8128098511458184,0.5192377589698323,0.5192377589698323,0.5,0.5,0.2206703168801349,-0.2947703168801352,0.1338181197778363,-0.1338181197778364,0.2383306154877794,0.0,22.067031688013493,-29.47703168801352,13.38181197778363,-13.381811977783642,75.0,66.0,Loss,-1.0,-0.05
basketball,WNBA,WNBA_2025_09_10_Connecticut_Sun_Atlanta_Dream,2025_09_10,07:00 PM,Connecticut Sun,Atlanta Dream,0.212,0.788,84.55,75.35,159.9,158.0,,,,,,,,,,,,,,,,,,,,,,,,,,,,,home,14.0,-110.0,0.2286485085723371,0.2515108443211276,0.6435747255630072,14.35747255630072,0.05,spread,wnba,14.0,-14.0,-110.0,-110.0,1.9091,1.9091,0.6435747255630072,0.3564252744369928,1.553821118635738,2.8056371748035938,1.631512174567525,2.945919033543773,-158.0,194.0,0.5238070294903358,0.5238070294903358,0.5,0.5,0.2286485085723371,-0.3195485085723371,0.1435747255630072,-0.1435747255630072,0.2515108443211276,0.0,22.86485085723371,-31.95485085723371,14.35747255630072,-14.35747255630072,,,,,,,,,,,,,,,,,,,,,,,,,72.0,88.0,Loss,-1.0,-0.05
basketball,WNBA,WNBA_2025_09_10_Connecticut_Sun_Atlanta_Dream,2025_09_10,07:00 PM,Connecticut Sun,Atlanta Dream,0.212,0.788,84.55,75.35,159.9,158.0,,,,,,,,,,,,,,,,,,,,,,,,,,,,,over,158.0,-110.0,0.0411827513616023,0.0453005734920276,0.5453788441472958,4.20617278270834,0.0113251433730069,total,wnba,,,,,,,,,,,,,,,,,,,,,,,,,,,,,-110.0,-107.0,1.9091,1.9346,0.5453788441472958,0.4546211558527042,1.8335878091558688,2.199633666683116,1.8885954434305448,2.265622676683609,0.5238070294903358,0.5169027189083014,0.5033171163202124,0.4966828836797877,0.0411827513616023,-0.1204899118873584,0.0420617278270833,-0.0420617278270835,0.0453005734920276,0.0,4.118275136160232,-12.048991188735847,4.20617278270834,-4.20617278270835,72.0,88.0,Win,0.9090909090909092,0.010295584884551729
basketball,WNBA,WNBA_2025_09_11_Minnesota_Lynx_Golden_State_Valkyries,2025_09_11,08:00 PM,Minnesota Lynx,Golden State Valkyries,0.787,0.213,71.55,79.75,151.3,152.0,-285.0,234.0,1.3509,3.34,3.34,1.350877192982456,0.2994011976047904,0.7402597402597403,0.2879796544244147,0.7120203455755852,0.787,0.213,4.694835680751174,1.2706480304955527,4.718309859154929,1.2770012706480305,371.0,-361.0,0.0631583,-0.28858,0.0749796544244147,-0.0749796544244147,0.1799894556853806,0.0,6.31583,-28.858000000000004,7.497965442441479,-7.497965442441471,home,-285.0,-285.0,0.0631583,0.1799894556853806,0.787,7.497965442441479,0.0449973639213451,moneyline,wnba,,,,,,,,,,,,,,,,,,,,,,,,,,,,,,,,,,,,,,,,,,,,,,,,,,,,,72.0,53.0,Win,0.3508771929824561,0.015788548744331613
basketball,WNBA,WNBA_2025_09_11_Chicago_Sky_New_York_Liberty,2025_09_11,08:00 PM,Chicago Sky,New York Liberty,0.116,0.884,89.65,77.35,167.0,156.0,,,,,,,,,,,,,,,,,,,,,,,,,,,,,away,-9.0,-110.0,0.145219405641015,0.1597397488076284,0.5998739749835079,9.987397498350791,0.0399349372019071,spread,wnba,9.0,-9.0,-110.0,-110.0,1.9091,1.9091,0.4001260250164921,0.5998739749835079,2.499212591729775,1.6670168097015587,2.624173221316264,1.7503676501866368,162.0,-133.0,0.5238070294903358,0.5238070294903358,0.5,0.5,-0.2361194056410149,0.145219405641015,-0.0998739749835079,0.0998739749835079,0.0,0.1597397488076284,-23.61194056410149,14.5219405641015,-9.987397498350791,9.987397498350791,,,,,,,,,,,,,,,,,,,,,,,,,86.0,91.0,Loss,-1.0,-0.0399349372019071
basketball,WNBA,WNBA_2025_09_11_Chicago_Sky_New_York_Liberty,2025_09_11,08:00 PM,Chicago Sky,New York Liberty,0.116,0.884,89.65,77.35,167.0,156.0,,,,,,,,,,,,,,,,,,,,,,,,,,,,,over,156.0,-111.0,0.4168595709982734,0.46271458652267,0.745362497237242,24.32018498287094,0.05,total,wnba,,,,,,,,,,,,,,,,,,,,,,,,,,,,,-111.0,-109.0,1.9009,1.9174,0.745362497237242,0.254637502762758,1.3416290780748916,3.927151299986182,1.3818779504171383,4.044965838985768,0.526066600031564,0.5215395848544905,0.5021606474085326,0.4978393525914674,0.4168595709982734,-0.5117580522026879,0.2432018498287094,-0.2432018498287094,0.46271458652267,0.0,41.68595709982734,-51.17580522026879,24.32018498287094,-24.32018498287094,86.0,91.0,Win,0.900900900900901,0.04504504504504506
basketball,WNBA,WNBA_2025_09_11_Dallas_Wings_Phoenix_Mercury,2025_09_11,08:00 PM,Dallas Wings,Phoenix Mercury,0.167,0.833,91.25,80.65,171.9,163.5,,,,,,,,,,,,,,,,,,,,,,,,,,,,,over,163.5,-110.0,0.3227398996916688,0.35501033955744,0.6928604576458377,19.28604576458377,0.05,total,wnba,,,,,,,,,,,,,,,,,,,,,,,,,,,,,-110.0,-110.0,1.9091,1.9091,0.6928604576458377,0.3071395423541623,1.4432920640293772,3.255849091703409,1.4865908259502585,3.353524564454512,0.5238070294903358,0.5238070294903358,0.5,0.5,0.3227398996916688,-0.4136398996916687,0.1928604576458377,-0.1928604576458377,0.35501033955744,0.0,32.273989969166884,-41.36398996916687,19.28604576458377,-19.28604576458377,97.0,76.0,Win,0.9090909090909092,0.04545454545454546
basketball,WNBA,WNBA_2025_09_14_Atlanta_Dream_Indiana_Fever,2025_09_14,03:00 PM,Atlanta Dream,Indiana Fever,0.67,0.33,77.05,81.95,159.0,159.5,,,,,,,,,,,,,,,,,,,,,,,,,,,,,away,7.0,-105.0,0.1010726562123633,0.1061241665396507,0.5639585413912945,7.479056650903404,0.0265310416349126,spread,wnba,-7.0,7.0,-115.0,-105.0,1.8696,1.9524,0.4360414586087054,0.5639585413912945,2.2933599093782027,1.7731799886087094,2.408027904847113,1.861838988039145,140.0,-116.0,0.5348737697903295,0.5121901249743905,0.5108320251177394,0.4891679748822605,-0.1847768889851644,0.1010726562123633,-0.0747905665090339,0.074790566509034,0.0,0.1061241665396507,-18.47768889851644,10.10726562123634,-7.479056650903399,7.479056650903404,,,,,,,,,,,,,,,,,,,,,,,,,80.0,68.0,Loss,-1.0,-0.0265310416349126
basketball,WNBA,WNBA_2025_09_14_Phoenix_Mercury_New_York_Liberty,2025_09_14,05:00 PM,Phoenix Mercury,New York Liberty,0.42,0.58,81.95,78.65,160.6,163.0,,,,,,,,,,,,,,,,,,,,,,,,,,,,,away,-2.0,-110.0,0.0303389570726058,0.0333725190546757,0.5396987884723722,3.969878847237218,0.0083431297636689,spread,wnba,2.0,-2.0,-110.0,-110.0,1.9091,1.9091,0.4603012115276278,0.5396987884723722,2.172490480051624,1.852885389701391,2.2811150040542048,1.9455296591864608,128.0,-105.0,0.5238070294903358,0.5238070294903358,0.5,0.5,-0.1212389570726056,0.0303389570726058,-0.0396987884723721,0.0396987884723721,0.0,0.0333725190546757,-12.123895707260568,3.033895707260581,-3.969878847237218,3.969878847237218,,,,,,,,,,,,,,,,,,,,,,,,,69.0,76.0,Win,0.9090909090909092,0.0075846634215171824
basketball,WNBA,WNBA_2025_09_14_Minnesota_Lynx_Golden_State_Valkyries,2025_09_14,01:00 PM,Minnesota Lynx,Golden State Valkyries,0.807,0.193,70.15,78.95,149.1,148.0,,,,,,,,,,,,,,,,,,,,,,,,,,,,,over,148.0,-110.0,0.0047779889557233,0.0052557352939426,0.5263097736921708,2.63097736921708,0.0013139338234856,total,wnba,,,,,,,,,,,,,,,,,,,,,,,,,,,,,-110.0,-110.0,1.9091,1.9091,0.5263097736921708,0.4736902263078292,1.9000217172194909,2.111084300375973,1.957022368736076,2.174416829387252,0.5238070294903358,0.5238070294903358,0.5,0.5,0.0047779889557233,-0.0956779889557232,0.0263097736921708,-0.0263097736921708,0.0052557352939426,0.0,0.4777988955723344,-9.567798895572322,2.63097736921708,-2.63097736921708,101.0,72.0,Win,0.9090909090909092,0.0011944852940778182
basketball,WNBA,WNBA_2025_09_14_Phoenix_Mercury_New_York_Liberty,2025_09_14,05:00 PM,Phoenix Mercury,New York Liberty,0.42,0.58,81.95,78.65,160.6,163.0,,,,,,,,,,,,,,,,,,,,,,,,,,,,,under,163.0,-109.0,0.0684652493262043,0.0746296591739746,0.5572469225650383,5.940756997357088,0.0186574147934936,total,wnba,,,,,,,,,,,,,,,,,,,,,,,,,,,,,-111.0,-109.0,1.9009,1.9174,0.4427530774349617,0.5572469225650383,2.2585952553811333,1.7945366039832844,2.3263531130425674,1.848372702102783,0.526066600031564,0.5215395848544905,0.5021606474085326,0.4978393525914674,-0.1583706751038813,0.0684652493262043,-0.0594075699735709,0.0594075699735708,0.0,0.0746296591739746,-15.837067510388136,6.846524932620435,-5.940756997357094,5.940756997357088,69.0,76.0,Win,0.9174311926605505,0.017116894305957434
basketball,WNBA,WNBA_2025_09_16_Indiana_Fever_Atlanta_Dream,2025_09_16,07:30 PM,Indiana Fever,Atlanta Dream,0.412,0.588,81.35,77.65,159.0,158.0,,,,,,,,,,,,,,,,,,,,,,,,,,,,,over,158.0,-110.0,0.000217558265712,0.0002393116991662,0.5239209880392395,2.392098803923948,5.982792479155e-05,total,wnba,,,,,,,,,,,,,,,,,,,,,,,,,,,,,-110.0,-110.0,1.9091,1.9091,0.5239209880392395,0.4760790119607605,1.9086847498560304,2.1004916723411915,1.9659452923517111,2.163506422511427,0.5238070294903358,0.5238070294903358,0.5,0.5,0.000217558265712,-0.0911175582657121,0.0239209880392394,-0.0239209880392394,0.0002393116991662,0.0,0.0217558265712014,-9.11175582657121,2.392098803923948,-2.392098803923948,77.0,60.0,Loss,-1.0,-5.982792479155e-05
basketball,WNBA,WNBA_2025_09_17_New_York_Liberty_Phoenix_Mercury,2025_09_17,08:00 PM,New York Liberty,Phoenix Mercury,0.66,0.34,76.25,80.85,157.1,160.5,-130.0,110.0,1.7692,2.1,2.1,1.7692307692307692,0.4761904761904761,0.5652173913043479,0.4572564612326044,0.5427435387673957,0.66,0.34,2.941176470588235,1.5151515151515151,2.955882352941176,1.5227272727272725,195.0,-191.0,0.167672,-0.2859999999999999,0.1172564612326043,-0.1172564612326043,0.2179823192927718,0.0,16.767200000000003,-28.59999999999999,11.725646123260436,-11.725646123260436,home,-130.0,-130.0,0.167672,0.2179823192927718,0.66,11.725646123260436,0.05,moneyline,wnba,,,,,,,,,,,,,,,,,,,,,,,,,,,,,,,,,,,,,,,,,,,,,,,,,,,,,60.0,86.0,Loss,-1.0,-0.05
basketball,WNBA,WNBA_2025_09_18_Las_Vegas_Aces_Seattle_Storm,2025_09_18,09:30 PM,Las Vegas Aces,Seattle Storm,0.748,0.252,74.85,82.05,156.9,159.0,,,,,,,,,,,,,,,,,,,,,,,,,,,,,under,159.0,-105.0,0.0740768272308487,0.0777791130101309,0.5501315443714653,5.354798972123187,0.0194447782525327,total,wnba,,,,,,,,,,,,,,,,,,,,,,,,,,,,,-108.0,-105.0,1.9259,1.9524,0.4498684556285347,0.5501315443714653,2.222872014004289,1.817747064736157,2.289558174424417,1.8722794766782416,0.5192377589698323,0.5121901249743905,0.5034164453497666,0.4965835546502334,-0.133598341305005,0.0740768272308487,-0.0535479897212318,0.0535479897212318,0.0,0.0777791130101309,-13.359834130500502,7.407682723084874,-5.354798972123187,5.354798972123187,74.0,73.0,Win,0.9523809523809523,0.018518836430983523
basketball,WNBA,WNBA_2025_09_19_Phoenix_Mercury_New_York_Liberty,2025_09_19,09:00 PM,Phoenix Mercury,New York Liberty,0.517,0.483,79.35,79.55,158.9,155.0,,,,,,,,,,,,,,,,,,,,,,,,,,,,,away,2.5,-105.0,0.1128478669452788,0.118487890534732,0.5699896880481863,8.082171316592579,0.029621972633683,spread,wnba,-2.5,2.5,-115.0,-105.0,1.8696,1.9524,0.4300103119518137,0.5699896880481863,2.325525626260001,1.7544177043347864,2.441801907573001,1.8421385895515257,144.0,-118.0,0.5348737697903295,0.5121901249743905,0.5108320251177394,0.4891679748822605,-0.1960527207748891,0.1128478669452788,-0.0808217131659256,0.0808217131659257,0.0,0.118487890534732,-19.605272077488912,11.28478669452788,-8.082171316592568,8.082171316592579,,,,,,,,,,,,,,,,,,,,,,,,,79.0,73.0,Loss,-1.0,-0.029621972633683
basketball,WNBA,WNBA_2025_09_19_Phoenix_Mercury_New_York_Liberty,2025_09_19,09:00 PM,Phoenix Mercury,New York Liberty,0.517,0.483,79.35,79.55,158.9,155.0,,,,,,,,,,,,,,,,,,,,,,,,,,,,,over,155.0,-108.0,0.1411014686159937,0.152393853133161,0.592502969321353,9.250296932135305,0.0380984632832902,total,wnba,,,,,,,,,,,,,,,,,,,,,,,,,,,,,-108.0,-108.0,1.9259,1.9259,0.592502969321353,0.4074970306786469,1.6877552548730514,2.4540056116104614,1.738387912519243,2.527625779958776,0.5192377589698323,0.5192377589698323,0.5,0.5,0.1411014686159937,-0.2152014686159939,0.092502969321353,-0.0925029693213531,0.152393853133161,0.0,14.110146861599372,-21.5201468615994,9.250296932135305,-9.25029693213531,79.0,73.0,Loss,-1.0,-0.0380984632832902
basketball,WNBA,WNBA_2025_09_21_Las_Vegas_Aces_Indiana_Fever,2025_09_21,03:00 PM,Las Vegas Aces,Indiana Fever,0.771,0.229,77.05,84.85,161.9,165.0,,,,,,,,,,,,,,,,,,,,,,,,,,,,,away,9.0,-110.0,0.0245261546992341,0.0269785003841537,0.536654001728162,3.665400172816202,0.0067446250960384,spread,wnba,-9.0,9.0,-110.0,-110.0,1.9091,1.9091,0.463345998271838,0.536654001728162,2.158214387800357,1.8633980120892537,2.2661251071903745,1.9565679126937163,126.0,-104.0,0.5238070294903358,0.5238070294903358,0.5,0.5,-0.1154261546992341,0.0245261546992341,-0.036654001728162,0.036654001728162,0.0,0.0269785003841537,-11.542615469923412,2.4526154699234137,-3.665400172816202,3.665400172816202,,,,,,,,,,,,,,,,,,,,,,,,,73.0,89.0,Win,0.9090909090909092,0.00613147736003491
basketball,WNBA,WNBA_2025_09_23_Las_Vegas_Aces_Indiana_Fever,2025_09_23,09:30 PM,Las Vegas Aces,Indiana Fever,0.766,0.234,77.15,84.75,161.9,165.5,,,,,,,,,,,,,,,,,,,,,,,,,,,,,away,9.0,-110.0,0.0361473188034815,0.0397616530672989,0.5427412491768275,4.274124917682753,0.0099404132668247,spread,wnba,-9.0,9.0,-110.0,-110.0,1.9091,1.9091,0.4572587508231724,0.5427412491768275,2.1869455711886685,1.84249861516274,2.296292849748102,1.9346235459208765,129.0,-106.0,0.5238070294903358,0.5238070294903358,0.5,0.5,-0.1270473188034815,0.0361473188034815,-0.0427412491768275,0.0427412491768275,0.0,0.0397616530672989,-12.704731880348152,3.6147318803481534,-4.274124917682759,4.274124917682753,,,,,,,,,,,,,,,,,,,,,,,,,90.0,68.0,Loss,-1.0,-0.0099404132668247
basketball,WNBA,WNBA_2025_09_23_Minnesota_Lynx_Phoenix_Mercury,2025_09_23,07:30 PM,Minnesota Lynx,Phoenix Mercury,0.728,0.272,76.35,82.85,159.2,158.0,,,,,,,,,,,,,,,,,,,,,,,,,,,,,over,158.0,-110.0,0.0093366142586308,0.010270172982764,0.5286976136706463,2.869761367064627,0.002567543245691,total,wnba,,,,,,,,,,,,,,,,,,,,,,,,,,,,,-110.0,-110.0,1.9091,1.9091,0.5286976136706463,0.4713023863293537,1.8914403510490456,2.121780048236768,1.9481835615805168,2.185433449683871,0.5238070294903358,0.5238070294903358,0.5,0.5,0.0093366142586308,-0.1002366142586308,0.0286976136706462,-0.0286976136706463,0.010270172982764,0.0,0.933661425863086,-10.023661425863084,2.869761367064627,-2.8697613670646325,83.0,89.0,Win,0.9090909090909092,0.0023341302233554546
basketball,WNBA,WNBA_2025_09_26_Indiana_Fever_Las_Vegas_Aces,2025_09_26,07:30 PM,Indiana Fever,Las Vegas Aces,0.333,0.667,83.85,78.05,161.9,162.5,,,,,,,,,,,,,,,,,,,,,,,,,,,,,away,-4.5,-110.0,0.0303389570726058,0.0333725190546757,0.5396987884723722,3.969878847237218,0.0083431297636689,spread,wnba,4.5,-4.5,-110.0,-110.0,1.9091,1.9091,0.4603012115276278,0.5396987884723722,2.172490480051624,1.852885389701391,2.2811150040542048,1.9455296591864608,128.0,-105.0,0.5238070294903358,0.5238070294903358,0.5,0.5,-0.1212389570726056,0.0303389570726058,-0.0396987884723721,0.0396987884723721,0.0,0.0333725190546757,-12.123895707260568,3.033895707260581,-3.969878847237218,3.969878847237218,,,,,,,,,,,,,,,,,,,,,,,,,72.0,84.0,Win,0.9090909090909092,0.0075846634215171824
basketball,WNBA,WNBA_2025_09_28_Indiana_Fever_Las_Vegas_Aces,2025_09_28,03:00 PM,Indiana Fever,Las Vegas Aces,0.328,0.672,83.95,77.95,161.9,158.0,,,,,,,,,,,,,,,,,,,,,,,,,,,,,away,-4.5,-110.0,0.0419509020977593,0.0461455308522268,0.545781206902603,4.578120690260301,0.0115363827130567,spread,wnba,4.5,-4.5,-110.0,-110.0,1.9091,1.9091,0.454218793097397,0.545781206902603,2.201582178449346,1.832236045053956,2.311661287371813,1.9238478473066536,131.0,-108.0,0.5238070294903358,0.5238070294903358,0.5,0.5,-0.1328509020977594,0.0419509020977593,-0.045781206902603,0.045781206902603,0.0,0.0461455308522268,-13.28509020977594,4.195090209775931,-4.578120690260301,4.578120690260301,,,,,,,,,,,,,,,,,,,,,,,,,90.0,83.0,Loss,-1.0,-0.0115363827130567
basketball,WNBA,WNBA_2025_09_28_Indiana_Fever_Las_Vegas_Aces,2025_09_28,03:00 PM,Indiana Fever,Las Vegas Aces,0.328,0.672,83.95,77.95,161.9,158.0,,,,,,,,,,,,,,,,,,,,,,,,,,,,,over,158.0,-110.0,0.131147418731395,0.1442607179973546,0.592502969321353,9.250296932135305,0.0360651794993386,total,wnba,,,,,,,,,,,,,,,,,,,,,,,,,,,,,-110.0,-110.0,1.9091,1.9091,0.592502969321353,0.4074970306786469,1.6877552548730514,2.4540056116104614,1.738387912519243,2.527625779958776,0.5238070294903358,0.5238070294903358,0.5,0.5,0.131147418731395,-0.2220474187313952,0.092502969321353,-0.0925029693213531,0.1442607179973546,0.0,13.1147418731395,-22.20474187313952,9.250296932135305,-9.25029693213531,90.0,83.0,Win,0.9090909090909092,0.03278652681758055
basketball,WNBA,WNBA_2025_09_30_Las_Vegas_Aces_Indiana_Fever,2025_09_30,09:30 PM,Las Vegas Aces,Indiana Fever,0.775,0.225,77.05,84.85,161.9,158.0,,,,,,,,,,,,,,,,,,,,,,,,,,,,,over,158.0,-108.0,0.1411014686159937,0.152393853133161,0.592502969321353,9.469332134221354,0.0380984632832902,total,wnba,,,,,,,,,,,,,,,,,,,,,,,,,,,,,-108.0,-110.0,1.9259,1.9091,0.592502969321353,0.4074970306786469,1.6877552548730514,2.4540056116104614,1.738387912519243,2.527625779958776,0.5192377589698323,0.5238070294903358,0.4978096479791395,0.5021903520208606,0.1411014686159937,-0.2220474187313952,0.0946933213422135,-0.0946933213422137,0.152393853133161,0.0,14.110146861599372,-22.20474187313952,9.469332134221354,-9.46933213422137,107.0,98.0,Win,0.925925925925926,0.035276354891935376
basketball,WNBA,WNBA_2025_10_08_Phoenix_Mercury_Las_Vegas_Aces,2025_10_08,08:00 PM,Phoenix Mercury,Las Vegas Aces,0.534,0.466,79.15,80.05,159.2,163.0,,,,,,,,,,,,,,,,,,,,,,,,,,,,,away,2.0,-105.0,0.0418144362284504,0.043904279954274,0.5336070662919743,4.44390914097138,0.0109760699885685,spread,wnba,-2.0,2.0,-115.0,-105.0,1.8696,1.9524,0.4663929337080257,0.5336070662919743,2.144114817627204,1.8740381512354805,2.251320558508564,1.9677400587972549,125.0,-103.0,0.5348737697903295,0.5121901249743905,0.5108320251177394,0.4891679748822605,-0.1280317711394751,0.0418144362284504,-0.0444390914097136,0.0444390914097138,0.0,0.043904279954274,-12.803177113947516,4.181443622845049,-4.443909140971369,4.44390914097138,,,,,,,,,,,,,,,,,,,,,,,,,88.0,90.0,Win,0.9523809523809523,0.010453399989112856
